freq_hz,t_s,enc_deg,roll,pitch,yaw,target_deg,inc_deg,valid,imu_age_us,gx,gy,gz
0.5,72.229739,166.29,1.5,1.39,-9.64,0.0,-0.75,1,2158,-1.0,67.2,-1.3
0.5,72.239739,164.79,1.53,1.22,-9.66,0.63,-0.0,1,2065,9.2,11.2,-0.4
0.5,72.249739,164.53,1.59,1.79,-9.61,1.26,0.25,1,2927,-4.8,112.7,2.3
0.5,72.259739,164.36,1.43,3.41,-9.57,1.88,1.0,1,2800,-1.6,60.5,-1.5
0.5,72.269739,163.3,1.57,3.16,-9.63,2.51,1.75,1,2681,10.7,27.5,-1.6
0.5,72.279739,162.51,1.68,3.57,-9.6,3.13,2.75,1,2545,-1.4,74.5,1.8
0.5,72.289739,161.98,1.53,4.78,-9.55,3.75,3.0,1,2417,-2.8,74.0,-1.7
0.5,72.299739,161.46,1.57,5.5,-9.58,4.36,3.25,1,2299,5.0,71.8,-0.6
0.5,72.309739,161.19,1.64,5.98,-9.57,4.97,4.25,1,2163,-0.5,50.8,-1.3
0.5,72.319739,159.96,1.68,6.2,-9.57,5.58,5.0,1,2061,9.3,42.2,-0.4
0.5,72.329739,159.43,1.74,6.96,-9.54,6.18,5.25,1,2932,-4.6,84.7,0.0
0.5,72.339739,159.26,1.6,8.2,-9.52,6.77,5.75,1,2804,-0.5,81.5,-1.1
0.5,72.349739,158.29,1.73,8.5,-9.53,7.36,7.0,1,2686,9.5,33.6,-0.5
0.5,72.359739,156.71,1.83,8.57,-9.51,7.94,8.25,1,2550,-0.4,54.8,0.8
0.5,72.369739,156.18,1.74,10.25,-9.46,8.52,8.25,1,2422,-0.1,146.8,-1.2
0.5,72.379739,156.45,1.75,12.01,-9.44,9.08,8.25,1,2294,0.1,84.4,-0.5
0.5,72.389739,156.45,1.79,11.37,-9.45,9.64,8.25,1,2159,4.6,-1.8,-0.1
0.5,72.399739,156.36,1.84,10.45,-9.49,10.18,9.25,1,2066,1.2,-5.7,-0.7
0.5,72.409739,155.13,1.82,10.42,-9.5,10.72,9.75,1,2928,1.3,0.5,0.2
0.5,72.419739,154.51,1.82,11.48,-9.44,11.24,10.5,1,2800,-1.1,100.0,1.2
0.5,72.429739,153.98,1.82,13.22,-9.4,11.76,11.25,1,2681,0.8,74.8,-1.8
0.5,72.439739,153.11,1.94,13.56,-9.39,12.26,12.25,1,2546,9.9,59.0,2.5
0.5,72.449739,152.49,1.98,14.12,-9.34,12.75,12.75,1,2418,-5.7,72.1,-0.9
0.5,72.459739,152.05,1.86,14.86,-9.36,13.23,13.25,1,2290,3.5,60.8,-0.7
0.5,72.469739,151.61,1.99,15.34,-9.34,13.69,13.75,1,2163,3.3,60.0,0.6
0.5,72.479740,151.26,1.99,15.8,-9.31,14.14,14.0,1,3051,0.0,46.2,-0.4
0.5,72.489739,151.08,1.96,16.0,-9.32,14.58,14.25,1,2924,0.1,34.0,0.2
0.5,72.499739,150.64,1.97,16.1,-9.31,15.0,14.75,1,2805,0.9,22.3,0.3
0.5,72.509739,149.77,2.01,16.34,-9.3,15.41,15.5,1,2677,2.2,36.0,-0.4
0.5,72.519739,149.15,2.07,17.25,-9.27,15.8,16.25,1,2550,3.7,76.8,1.0
0.5,72.529739,148.54,2.05,18.34,-9.23,16.18,16.5,1,2423,-3.7,68.8,-1.4
0.5,72.539739,148.27,2.01,18.78,-9.24,16.54,16.25,1,2295,3.1,52.1,0.4
0.5,72.549739,148.18,2.1,18.99,-9.22,16.89,16.5,1,2159,1.4,37.3,-0.6
0.5,72.559739,147.92,2.15,19.01,-9.22,17.21,17.0,1,3055,7.0,17.2,0.8
0.5,72.569739,147.39,2.21,19.06,-9.2,17.53,17.5,1,2928,-0.2,24.8,1.0
0.5,72.579739,146.87,2.08,19.55,-9.2,17.82,17.75,1,2801,-5.3,41.8,-2.0
0.5,72.589739,146.51,2.08,20.16,-9.21,18.1,18.25,1,2682,4.8,44.2,0.5
0.5,72.599739,146.25,2.23,20.68,-9.16,18.36,18.25,1,2546,3.3,49.8,0.3
0.5,72.609739,146.16,2.21,20.98,-9.15,18.6,18.25,1,2419,-0.8,24.1,-0.2
0.5,72.619739,146.25,2.17,20.82,-9.16,18.82,18.75,1,2282,-0.1,10.1,0.3
0.5,72.629739,145.81,2.18,20.74,-9.17,19.02,19.5,1,2163,0.6,5.9,-0.4
0.5,72.639740,145.11,2.21,20.83,-9.17,19.21,19.75,1,3051,2.5,13.3,0.7
0.5,72.649740,145.02,2.18,21.67,-9.14,19.37,19.5,1,2924,-5.6,76.4,-2.0
0.5,72.659740,145.11,2.14,22.52,-9.14,19.52,19.25,1,2806,4.0,22.0,-0.0
0.5,72.669740,145.28,2.29,21.87,-9.13,19.65,19.25,1,2678,4.9,-10.5,2.2
0.5,72.679740,145.28,2.29,21.42,-9.13,19.75,19.5,1,2542,-1.3,-12.2,-0.5
0.5,72.689740,145.11,2.21,21.42,-9.16,19.84,20.25,1,2423,-0.4,1.1,-0.2
0.5,72.699740,144.32,2.24,21.61,-9.13,19.91,20.25,1,2287,0.7,5.5,2.0
0.5,72.709740,144.23,2.2,22.3,-9.11,19.96,20.25,1,2159,-5.5,64.7,-2.3
0.5,72.719740,144.49,2.18,23.14,-9.13,19.99,20.25,1,3056,4.0,24.6,-0.3
0.5,72.729740,144.58,2.33,22.65,-9.11,20.0,20.0,1,2930,5.1,-8.8,2.0
0.5,72.739740,144.67,2.33,22.18,-9.11,19.99,19.75,1,2801,-1.1,-13.4,-0.4
0.5,72.749740,144.58,2.26,22.06,-9.14,19.96,19.75,1,2683,0.3,-7.0,0.1
0.5,72.759740,144.58,2.28,22.09,-9.13,19.91,19.75,1,2546,-0.0,-3.8,0.4
0.5,72.769740,144.67,2.27,22.11,-9.13,19.84,19.75,1,2419,-0.4,-1.1,0.2
0.5,72.779740,144.67,2.27,22.13,-9.13,19.75,19.75,1,2291,0.2,-0.2,0.3
0.5,72.789740,144.67,2.28,22.14,-9.13,19.65,19.75,1,2164,-0.1,0.1,0.3
0.5,72.799740,144.58,2.27,22.15,-9.12,19.52,19.75,1,3052,-0.2,0.1,0.3
0.5,72.809740,144.67,2.27,22.15,-9.12,19.37,19.75,1,2925,-0.0,0.1,0.2
0.5,72.819740,144.84,2.27,22.15,-9.12,19.21,19.5,1,2806,-0.1,0.1,0.3
0.5,72.829739,145.55,2.26,22.0,-9.12,19.02,18.75,1,2678,-1.0,-15.2,0.8
0.5,72.839739,145.99,2.21,21.24,-9.16,18.82,18.25,1,2542,-3.3,-60.3,-1.0
0.5,72.849739,146.25,2.19,20.26,-9.2,18.6,18.25,1,2423,1.5,-53.0,2.2
0.5,72.859739,146.16,2.22,20.0,-9.18,18.36,18.25,1,2287,-2.2,-32.6,0.3
0.5,72.869739,145.99,2.18,20.27,-9.18,18.1,18.5,1,2160,-0.4,6.0,1.3
0.5,72.879739,146.07,2.18,20.8,-9.15,17.82,18.25,1,3056,-3.0,14.3,-0.2
0.5,72.889739,146.43,2.15,20.96,-9.15,17.53,17.75,1,2929,0.1,8.2,0.9
0.5,72.899739,146.87,2.19,20.44,-9.17,17.21,17.5,1,2802,1.2,-45.8,-1.1
0.5,72.909739,147.3,2.2,19.5,-9.22,16.89,17.25,1,2683,2.2,-40.0,1.2
0.5,72.919739,147.3,2.21,19.22,-9.21,16.54,17.0,1,2546,-1.2,-33.9,0.6
0.5,72.929739,147.48,2.16,19.07,-9.22,16.18,16.75,1,2419,-1.3,-20.8,0.1
0.5,72.939739,147.74,2.15,19.11,-9.22,15.8,16.5,1,2283,-0.3,-10.0,0.4
0.5,72.949739,148.62,2.15,19.04,-9.22,15.41,15.75,1,2164,-1.4,-17.0,0.4
0.5,72.959739,149.5,2.09,18.18,-9.26,15.0,14.75,1,3052,-3.6,-79.1,-0.3
0.5,72.969739,149.77,2.06,16.63,-9.33,14.58,14.5,1,2925,1.1,-92.9,0.1
0.5,72.979739,150.03,2.12,16.15,-9.32,14.14,14.25,1,2798,1.3,-35.0,2.2
0.5,72.989739,150.12,2.04,16.45,-9.3,13.69,14.0,1,2679,-8.8,-27.1,-1.3
0.5,72.999739,150.56,1.95,16.36,-9.34,13.23,13.75,1,2542,1.9,-17.1,0.4
0.5,73.009739,151.61,2.07,16.17,-9.32,12.75,12.5,1,2424,0.9,-28.9,1.2
0.5,73.019739,153.11,1.98,15.14,-9.36,12.26,11.25,1,2288,-7.4,-91.0,-0.5
0.5,73.029739,153.63,1.89,13.23,-9.43,11.76,10.5,1,2160,1.2,-129.7,1.3
0.5,73.039739,153.72,1.99,11.89,-9.44,11.24,10.5,1,3057,1.4,-95.3,2.4
0.5,73.049739,153.54,1.99,12.03,-9.41,10.72,10.75,1,2929,-0.9,-20.0,1.4
0.5,73.059739,153.72,1.92,13.01,-9.37,10.18,10.5,1,2802,-5.4,22.8,1.7
0.5,73.069739,154.34,1.83,13.23,-9.39,9.64,10.0,1,2683,-4.6,-21.2,-2.3
0.5,73.079739,155.04,1.88,12.46,-9.45,9.08,9.25,1,2547,6.0,-32.4,0.8
0.5,73.089739,155.74,1.95,11.57,-9.45,8.52,8.5,1,2420,-4.2,-77.6,-0.1
0.5,73.099739,156.18,1.87,10.45,-9.49,7.94,8.0,1,2283,3.6,-67.4,0.7
0.5,73.109739,156.62,1.91,9.98,-9.49,7.36,7.5,1,2165,-3.6,-57.2,1.2
0.5,73.119739,157.06,1.78,9.58,-9.5,6.77,7.25,1,3053,-6.2,-49.7,0.5
0.5,73.129739,157.59,1.76,9.3,-9.51,6.18,6.75,1,2925,0.6,-35.4,0.5
0.5,73.139739,158.82,1.81,9.0,-9.51,5.58,5.5,1,2798,-1.1,-44.9,1.4
0.5,73.149739,160.22,1.75,7.91,-9.52,4.97,4.0,1,2679,-4.9,-99.3,1.4
0.5,73.159739,161.02,1.68,5.99,-9.58,4.36,3.25,1,2543,-2.8,-137.7,0.2
0.5,73.169739,160.93,1.73,4.58,-9.62,3.75,3.25,1,2415,3.6,-102.2,1.1
0.5,73.179739,160.66,1.79,4.78,-9.6,3.13,3.5,1,2288,-0.1,-16.1,1.0
0.5,73.189739,161.19,1.7,5.87,-9.55,2.51,3.0,1,2160,-6.2,23.3,2.3
0.5,73.199739,162.51,1.55,5.94,-9.54,1.88,1.75,1,3048,-8.6,-32.6,-0.5
0.5,73.209739,163.83,1.56,4.43,-9.61,1.26,0.25,1,2930,3.6,-94.5,0.4
0.5,73.219739,164.79,1.67,2.39,-9.65,0.63,-0.5,1,2802,-0.7,-142.4,1.1
0.5,73.229740,164.71,1.6,0.78,-9.68,0.0,-0.5,1,2683,-2.7,-112.9,1.3
0.5,73.239739,164.44,1.6,0.86,-9.67,-0.63,-0.25,1,2547,1.3,-21.9,0.5
0.5,73.249739,164.97,1.59,1.99,-9.63,-1.26,-0.75,1,2420,-4.6,22.5,2.2
0.5,73.259739,166.29,1.46,2.05,-9.61,-1.88,-2.25,1,2284,-7.2,-38.5,0.3
0.5,73.269739,167.43,1.47,0.44,-9.67,-2.51,-3.25,1,2156,3.5,-100.4,0.4
0.5,73.279739,167.7,1.54,-1.47,-9.73,-3.13,-3.5,1,3053,-3.5,-128.3,-0.7
0.5,73.289739,167.61,1.52,-2.12,-9.76,-3.75,-3.25,1,2925,4.4,-37.4,0.1
0.5,73.299739,168.13,1.54,-1.16,-9.7,-4.36,-4.25,1,2798,-5.7,4.8,2.5
0.5,73.309739,169.1,1.4,-1.26,-9.67,-4.97,-5.0,1,2679,-4.0,-51.9,1.0
0.5,73.319739,170.07,1.43,-2.71,-9.74,-5.58,-5.75,1,2543,1.8,-88.0,-1.0
0.5,73.329739,170.77,1.49,-3.97,-9.78,-6.18,-6.5,1,2416,-0.9,-89.8,1.1
0.5,73.339739,170.95,1.43,-4.73,-9.76,-6.77,-6.75,1,2289,-2.9,-74.1,2.0
0.5,73.349739,170.68,1.41,-4.96,-9.77,-7.36,-6.5,1,2161,0.2,-38.9,-0.8
0.5,73.359739,170.77,1.43,-4.46,-9.77,-7.94,-6.5,1,3049,-1.2,14.3,2.2
0.5,73.369739,171.39,1.39,-3.83,-9.7,-8.52,-7.5,1,2930,-2.8,9.9,2.5
0.5,73.379739,172.35,1.37,-4.49,-9.72,-9.08,-8.25,1,2802,-0.5,-60.9,-0.7
0.5,73.389739,172.62,1.38,-6.1,-9.8,-9.64,-8.5,1,2675,-1.5,-90.9,-1.2
0.5,73.399739,173.06,1.4,-6.67,-9.83,-10.18,-9.0,1,2548,2.9,-26.4,-0.1
0.5,73.409739,174.02,1.41,-6.39,-9.78,-10.72,-10.0,1,2420,-2.8,-36.8,3.5
0.5,73.419739,175.17,1.34,-7.43,-9.76,-11.24,-11.0,1,2285,-1.7,-93.5,0.6
0.5,73.429739,175.43,1.33,-9.15,-9.84,-11.76,-11.25,1,2157,-2.6,-115.1,-0.3
0.5,73.439739,176.04,1.35,-9.81,-9.86,-12.26,-12.0,1,3055,2.6,-44.8,0.5
0.5,73.449739,176.84,1.38,-9.59,-9.82,-12.75,-12.75,1,2926,-2.0,-48.3,3.2
0.5,73.459739,177.54,1.3,-10.42,-9.81,-13.23,-13.5,1,2798,-2.9,-79.1,0.1
0.5,73.469739,178.07,1.3,-11.46,-9.86,-13.69,-14.0,1,2680,-0.6,-72.8,1.0
0.5,73.479740,178.51,1.3,-12.02,-9.85,-14.14,-14.5,1,2544,-1.6,-63.1,1.3
0.5,73.489740,178.95,1.29,-12.41,-9.85,-14.58,-14.75,1,2416,-0.4,-48.7,0.9
0.5,73.499740,179.12,1.3,-12.68,-9.86,-15.0,-15.25,1,2289,-0.2,-41.0,0.6
0.5,73.509740,179.3,1.29,-12.9,-9.86,-15.41,-15.25,1,2162,-1.0,-30.0,0.5
0.5,73.519740,179.47,1.28,-13.01,-9.86,-15.8,-15.5,1,3050,-0.4,-21.1,0.5
0.5,73.529740,179.74,1.29,-13.04,-9.86,-16.18,-15.75,1,2923,-0.0,-11.8,0.4
0.5,73.539740,180.62,1.3,-13.13,-9.86,-16.54,-16.75,1,2803,0.8,-19.0,1.1
0.5,73.549740,181.93,1.28,-14.01,-9.85,-16.89,-18.0,1,2676,-3.2,-80.2,1.8
0.5,73.559740,182.64,1.23,-15.84,-9.88,-17.21,-18.75,1,2548,-1.2,-121.8,0.5
0.5,73.569740,182.46,1.24,-17.18,-9.93,-17.53,-18.5,1,2421,-1.9,-92.5,0.3
0.5,73.579740,182.11,1.22,-16.94,-9.91,-17.82,-18.25,1,2285,-1.2,-5.6,1.3
0.5,73.589740,182.37,1.19,-15.74,-9.83,-18.1,-18.5,1,2157,-2.0,33.0,4.8
0.5,73.599740,183.16,1.16,-15.39,-9.78,-18.36,-19.25,1,3055,-1.1,-2.8,0.3
0.5,73.609740,183.34,1.21,-16.43,-9.89,-18.6,-19.5,1,2926,1.5,-69.0,-3.3
0.5,73.619740,183.16,1.23,-17.53,-9.94,-18.82,-19.0,1,2799,-1.9,-43.6,1.2
0.5,73.629740,182.72,1.17,-17.19,-9.88,-19.02,-18.25,1,2680,-1.0,8.8,1.1
0.5,73.639740,182.37,1.15,-16.39,-9.84,-19.21,-17.75,1,2544,-1.2,27.5,2.8
0.5,73.649740,182.37,1.1,-15.59,-9.75,-19.37,-18.0,1,2417,-3.0,61.8,5.8
0.5,73.659740,183.16,1.06,-15.21,-9.71,-19.52,-19.25,1,2281,-0.8,3.8,-0.5
0.5,73.669740,184.39,1.12,-16.21,-9.81,-19.65,-20.5,1,2162,0.9,-41.6,-1.0
0.5,73.679740,185.19,1.21,-17.89,-9.91,-19.75,-21.25,1,3051,4.5,-123.2,-5.4
0.5,73.689740,185.1,1.26,-19.66,-10.01,-19.84,-21.0,1,2923,-1.5,-95.6,-0.3
0.5,73.699740,184.66,1.16,-19.52,-9.93,-19.91,-20.5,1,2804,-1.6,-13.5,1.7
0.5,73.709740,184.39,1.11,-18.41,-9.85,-19.96,-20.25,1,2685,-2.5,28.7,3.4
0.5,73.719740,184.83,1.07,-17.64,-9.78,-19.99,-20.75,1,2540,-1.5,35.1,4.4
0.5,73.729740,185.45,1.06,-17.65,-9.77,-20.0,-21.5,1,2421,-1.2,-7.3,-0.5
0.5,73.739740,185.45,1.14,-18.83,-9.91,-19.99,-21.25,1,2285,3.1,-75.8,-5.7
0.5,73.749740,185.01,1.21,-19.6,-9.98,-19.96,-20.75,1,2158,0.7,-8.3,0.5
0.5,73.759740,184.92,1.13,-18.67,-9.86,-19.91,-20.5,1,3054,-2.5,25.4,3.3
0.5,73.769740,184.83,1.06,-18.1,-9.79,-19.84,-20.75,1,2927,-0.8,23.5,3.3
0.5,73.779740,184.92,1.06,-18.06,-9.8,-19.75,-20.75,1,2808,-2.5,5.9,-0.7
0.5,73.789740,184.66,1.06,-18.26,-9.85,-19.65,-20.0,1,2681,-0.4,-2.0,-0.7
0.5,73.799740,183.96,1.08,-18.33,-9.85,-19.52,-19.25,1,2545,0.4,0.7,0.3
0.5,73.809740,183.78,1.08,-17.47,-9.76,-19.37,-18.75,1,2417,1.5,84.1,6.5
0.5,73.819740,183.78,1.03,-16.27,-9.66,-19.21,-19.0,1,2281,-3.1,36.3,1.2
0.5,73.829740,183.69,1.02,-16.67,-9.73,-19.02,-19.5,1,2162,2.0,8.1,-0.5
0.5,73.839740,184.04,1.06,-16.91,-9.77,-18.82,-19.75,1,3050,-2.2,3.9,-0.7
0.5,73.849740,183.96,1.05,-17.18,-9.81,-18.6,-19.0,1,2923,2.1,-22.7,-2.9
0.5,73.859740,183.34,1.11,-17.47,-9.83,-18.36,-18.25,1,2813,0.4,-2.2,0.4
0.5,73.869740,183.25,1.08,-16.65,-9.75,-18.1,-18.25,1,2685,1.2,61.5,3.8
0.5,73.879740,183.25,1.05,-15.88,-9.7,-17.82,-18.25,1,2541,-2.6,12.9,-0.1
0.5,73.889740,182.81,1.04,-16.32,-9.76,-17.53,-18.0,1,2422,1.1,4.7,-1.2
0.5,73.899740,182.37,1.07,-16.25,-9.78,-17.21,-17.25,1,2285,-1.0,15.2,-0.3
0.5,73.909740,181.76,1.07,-15.56,-9.76,-16.89,-16.75,1,2167,2.4,59.0,0.3
0.5,73.919740,181.41,1.09,-14.56,-9.71,-16.54,-16.25,1,3054,0.4,56.3,2.1
0.5,73.929740,181.32,1.08,-14.08,-9.71,-16.18,-16.25,1,2927,0.7,50.9,-1.9
0.5,73.939740,181.23,1.11,-13.95,-9.73,-15.8,-16.75,1,2809,1.6,17.9,1.6
0.5,73.949740,181.32,1.09,-14.25,-9.72,-15.41,-16.75,1,2681,-1.9,3.0,-1.1
0.5,73.959740,180.97,1.07,-14.4,-9.76,-15.0,-15.75,1,2545,0.5,0.3,-0.9
0.5,73.969740,180.26,1.11,-14.4,-9.77,-14.58,-15.0,1,2418,1.5,2.4,-0.8
0.5,73.979739,180.26,1.13,-13.46,-9.71,-14.14,-15.25,1,2281,1.8,92.6,4.2
0.5,73.989739,180.18,1.11,-12.39,-9.63,-13.69,-15.25,1,2162,-0.3,16.9,0.2
0.5,73.999739,179.91,1.1,-13.07,-9.72,-13.23,-14.75,1,3052,-1.3,7.1,-3.1
0.5,74.009739,178.59,1.15,-13.14,-9.78,-12.75,-13.25,1,2923,4.6,3.0,-1.5
0.5,74.019739,177.28,1.17,-12.08,-9.75,-12.26,-12.25,1,2805,-2.6,109.7,-0.6
0.5,74.029739,176.66,1.15,-9.59,-9.68,-11.76,-11.75,1,2686,6.3,142.7,0.9
0.5,74.039739,176.22,1.22,-8.67,-9.64,-11.24,-11.25,1,2541,-1.9,59.2,0.5
0.5,74.049739,175.87,1.19,-8.84,-9.67,-10.72,-10.75,1,2413,5.6,65.9,-1.9
0.5,74.059739,175.69,1.25,-8.46,-9.68,-10.18,-10.5,1,2286,-1.9,31.8,1.0
0.5,74.069739,175.17,1.19,-8.58,-9.67,-9.64,-10.0,1,2167,1.0,22.2,-0.9
0.5,74.079739,174.38,1.24,-8.3,-9.69,-9.08,-9.25,1,3055,2.2,37.6,-1.1
0.5,74.089739,173.58,1.3,-7.29,-9.67,-8.52,-8.5,1,2928,4.5,85.9,0.1
0.5,74.099739,173.14,1.29,-6.08,-9.63,-7.94,-7.75,1,2809,-2.2,72.0,0.6
0.5,74.109739,172.53,1.26,-5.59,-9.62,-7.36,-7.25,1,2682,3.0,63.0,-0.5
0.5,74.119739,172.09,1.33,-5.18,-9.63,-6.77,-7.0,1,2545,2.2,50.7,-0.3
0.5,74.129739,171.83,1.34,-4.87,-9.63,-6.18,-6.75,1,2418,2.0,43.5,-0.9
0.5,74.139739,171.39,1.35,-4.61,-9.64,-5.58,-6.25,1,2281,1.1,32.7,-1.0
0.5,74.149739,170.24,1.35,-4.36,-9.66,-4.97,-4.75,1,2189,0.3,35.7,-1.7
0.5,74.159739,168.75,1.4,-3.34,-9.64,-4.36,-3.5,1,3051,5.7,99.3,0.7
0.5,74.169739,167.43,1.47,-1.26,-9.57,-3.75,-2.75,1,2924,2.3,144.9,-0.6
0.5,74.179739,167.17,1.44,0.53,-9.55,-3.13,-2.75,1,2805,0.7,133.2,-0.9
0.5,74.189739,167.26,1.44,1.16,-9.54,-2.51,-2.75,1,2668,1.2,75.0,-0.4
0.5,74.199739,167.17,1.51,0.4,-9.59,-1.88,-2.5,1,2541,6.8,-18.8,-2.9
0.5,74.209739,167.08,1.61,-0.38,-9.62,-1.26,-1.75,1,2414,4.0,16.2,1.0
0.5,74.219739,166.29,1.53,-0.0,-9.58,-0.63,-0.75,1,2286,-5.5,2.7,-0.1
0.5,74.229740,165.41,1.47,0.56,-9.58,0.0,-0.25,1,2185,3.5,69.5,0.1
0.5,74.239739,164.71,1.54,1.96,-9.53,0.63,0.5,1,3047,-2.2,74.1,0.8
0.5,74.249739,164.18,1.51,2.7,-9.52,1.26,1.0,1,2919,2.9,69.6,-0.9
0.5,74.259739,163.74,1.6,3.23,-9.53,1.88,1.5,1,2809,3.7,56.7,-0.5
0.5,74.269739,163.12,1.6,3.57,-9.52,2.51,2.25,1,2673,-0.5,47.1,-0.2
0.5,74.279739,162.16,1.58,3.97,-9.51,3.13,3.25,1,2545,1.9,50.1,-0.5
0.5,74.289739,161.19,1.67,5.03,-9.48,3.75,4.0,1,2418,6.1,102.5,0.2
0.5,74.299739,160.58,1.68,6.4,-9.44,4.36,4.75,1,2282,-2.8,85.3,-0.3
0.5,74.309739,159.96,1.63,6.96,-9.44,4.97,4.75,1,2181,3.6,72.8,-0.7
0.5,74.319739,159.79,1.71,7.45,-9.43,5.58,4.75,1,3051,1.5,61.8,0.6
0.5,74.329739,159.79,1.68,7.69,-9.42,6.18,4.75,1,2924,-1.7,35.2,-1.0
0.5,74.339739,159.7,1.74,7.45,-9.44,6.77,5.75,1,2805,9.8,2.0,0.1
0.5,74.349739,158.29,1.85,7.26,-9.44,7.36,6.75,1,2669,-0.4,14.8,0.4
0.5,74.359739,157.85,1.71,8.44,-9.4,7.94,6.75,1,2541,-4.3,104.6,0.1
0.5,74.369739,157.76,1.65,10.12,-9.37,8.52,6.75,1,2414,-2.7,78.7,-1.3
0.5,74.379739,157.59,1.77,9.84,-9.4,9.08,7.5,1,2287,10.1,-2.0,-1.2
0.5,74.389739,156.62,1.94,9.27,-9.41,9.64,8.75,1,2185,4.4,23.1,1.2
0.5,74.399739,155.92,1.84,10.22,-9.37,10.18,9.25,1,3047,-4.1,70.5,-1.0
0.5,74.409739,155.48,1.74,11.47,-9.35,10.72,9.75,1,2928,-2.2,77.8,0.0
0.5,74.419739,154.51,1.78,11.85,-9.34,11.24,10.75,1,2809,1.6,30.2,-0.6
0.5,74.429739,153.28,1.95,12.34,-9.31,11.76,11.75,1,2674,12.1,97.0,1.4
0.5,74.439739,152.49,2.03,14.32,-9.23,12.26,12.25,1,2546,-3.9,130.8,-0.5
0.5,74.449739,151.96,1.85,15.51,-9.25,12.75,12.5,1,2419,-2.0,85.5,-2.7
0.5,74.459739,151.79,1.97,15.56,-9.25,13.23,12.75,1,2282,9.9,50.8,1.8
0.5,74.469739,151.79,2.1,15.57,-9.2,13.69,13.25,1,2181,0.3,35.5,0.1
0.5,74.479740,151.0,1.98,15.57,-9.23,14.14,14.25,1,3052,-1.4,15.6,-0.7
0.5,74.489739,150.29,2.0,15.78,-9.23,14.58,15.0,1,2924,3.5,40.6,0.5
0.5,74.499739,149.41,2.02,16.81,-9.2,15.0,15.25,1,2805,-3.6,78.3,-1.7
0.5,74.509739,149.41,2.0,17.89,-9.18,15.41,15.25,1,2669,4.0,70.0,0.0
0.5,74.519739,149.5,2.07,18.21,-9.16,15.8,15.0,1,2542,-1.1,40.9,-0.4
0.5,74.529739,149.41,2.08,17.81,-9.17,16.18,15.25,1,2414,6.2,-11.0,0.9
0.5,74.539739,149.06,2.14,17.32,-9.19,16.54,16.25,1,2278,-0.8,2.7,-0.7
0.5,74.549739,147.66,2.09,17.54,-9.19,16.89,17.25,1,2185,2.0,7.9,0.5
0.5,74.559739,147.39,2.12,18.89,-9.14,17.21,17.25,1,3047,-1.3,130.4,-0.6
0.5,74.569739,147.66,2.08,20.81,-9.09,17.53,16.75,1,2920,-2.6,69.8,-1.6
0.5,74.579739,147.74,2.12,19.91,-9.13,17.82,16.75,1,2801,7.0,-29.4,0.8
0.5,74.589739,147.66,2.24,18.8,-9.15,18.1,17.5,1,2674,3.0,-12.4,0.8
0.5,74.599739,146.69,2.21,18.98,-9.13,18.36,18.25,1,2546,0.0,1.3,0.6
0.5,74.609739,146.07,2.16,19.92,-9.11,18.6,18.5,1,2419,-2.3,80.2,-0.5
0.5,74.619739,145.9,2.13,21.45,-9.08,18.82,18.75,1,2283,-2.0,74.1,-1.8
0.5,74.629739,145.9,2.21,21.64,-9.06,19.02,18.75,1,2181,6.8,24.9,2.7
0.5,74.639740,145.9,2.3,21.2,-9.03,19.21,18.75,1,3052,-0.9,5.6,0.2
0.5,74.649740,145.81,2.2,21.01,-9.07,19.37,19.25,1,2924,-0.8,0.6,-0.3
0.5,74.659740,145.46,2.2,21.01,-9.08,19.52,19.75,1,2806,0.4,4.8,0.1
0.5,74.669740,144.76,2.24,21.21,-9.05,19.65,20.25,1,2670,1.5,16.3,1.2
0.5,74.679740,144.32,2.21,22.06,-9.03,19.75,20.75,1,2542,-4.3,73.0,-1.9
0.5,74.689740,144.4,2.21,23.15,-9.01,19.84,20.25,1,2415,4.6,52.7,0.8
0.5,74.699740,144.93,2.31,23.06,-8.99,19.91,19.5,1,2279,-0.2,11.3,-0.1
0.5,74.709740,144.76,2.28,22.06,-9.05,19.96,19.75,1,2186,4.1,-58.3,-0.5
0.5,74.719740,144.67,2.32,21.38,-9.07,19.99,20.75,1,3048,1.2,0.7,1.6
0.5,74.729740,143.88,2.29,22.12,-9.02,20.0,20.75,1,2920,-2.9,15.3,0.1
0.5,74.739740,143.7,2.22,22.87,-9.01,19.99,20.75,1,2810,-3.0,60.2,-0.9
0.5,74.749740,143.79,2.25,23.64,-9.0,19.96,20.75,1,2674,2.9,32.4,-0.3
0.5,74.759740,144.14,2.37,23.31,-8.98,19.91,20.25,1,2547,5.4,-5.1,2.0
0.5,74.769740,144.49,2.37,22.69,-9.0,19.84,19.75,1,2419,-2.2,-24.4,-0.5
0.5,74.779740,144.49,2.23,21.99,-9.08,19.75,20.0,1,2283,-3.0,-51.3,-2.2
0.5,74.789740,144.49,2.26,21.79,-9.07,19.65,20.0,1,2182,3.2,7.2,3.5
0.5,74.799740,144.4,2.31,22.38,-9.0,19.52,20.0,1,3053,-3.5,0.9,-1.3
0.5,74.809740,144.84,2.23,22.33,-9.05,19.37,19.75,1,2925,0.2,1.0,0.5
0.5,74.819740,145.37,2.29,22.17,-9.03,19.21,19.0,1,2806,1.9,-15.2,1.1
0.5,74.829739,145.81,2.25,21.4,-9.07,19.02,18.5,1,2670,-4.4,-60.9,-1.0
0.5,74.839739,145.99,2.2,20.43,-9.11,18.82,18.25,1,2543,2.9,-51.2,2.2
0.5,74.849739,145.99,2.26,20.22,-9.09,18.6,18.5,1,2415,-2.2,-30.8,0.3
0.5,74.859739,145.72,2.21,20.5,-9.08,18.36,18.75,1,2279,-0.7,7.3,1.3
0.5,74.869739,145.81,2.2,21.04,-9.05,18.1,18.75,1,2186,-3.4,15.9,-0.0
0.5,74.879739,146.51,2.17,21.25,-9.05,17.82,17.75,1,3048,-0.2,12.2,1.0
0.5,74.889739,147.48,2.19,20.62,-9.07,17.53,16.75,1,2921,-0.7,-58.7,-0.5
0.5,74.899739,148.01,2.18,18.94,-9.16,17.21,16.25,1,2802,2.4,-97.4,0.5
0.5,74.909739,147.83,2.2,17.9,-9.17,16.89,16.75,1,2675,-0.4,-65.0,2.0
0.5,74.919739,147.39,2.17,18.27,-9.13,16.54,17.25,1,2538,-1.5,4.2,1.0
0.5,74.929739,146.87,2.14,19.23,-9.1,16.18,17.75,1,2420,-2.9,27.0,0.5
0.5,74.939739,147.39,2.1,19.97,-9.09,15.8,17.0,1,2284,-3.1,51.9,-1.4
0.5,74.949739,148.1,2.11,20.14,-9.12,15.41,16.25,1,2182,2.2,-8.9,-0.6
0.5,74.959739,148.89,2.19,18.77,-9.15,15.0,15.25,1,3053,3.8,-75.9,1.1
0.5,74.969739,149.5,2.2,17.32,-9.17,14.58,14.75,1,2925,0.1,-77.9,2.1
0.5,74.979739,149.94,2.12,16.63,-9.2,14.14,14.25,1,2807,-3.9,-66.9,-0.4
0.5,74.989739,150.38,2.05,16.22,-9.23,13.69,13.75,1,2671,-2.0,-51.6,0.6
0.5,74.999739,150.73,2.06,15.93,-9.23,13.23,13.5,1,2543,-1.4,-44.8,0.7
0.5,75.009739,151.0,2.06,15.65,-9.24,12.75,13.25,1,2415,-0.0,-34.8,0.2
0.5,75.019739,151.61,2.06,15.48,-9.25,12.26,12.75,1,2280,-1.0,-26.7,0.3
0.5,75.029739,152.31,2.02,15.23,-9.26,11.76,12.0,1,2187,-3.1,-33.0,0.4
0.5,75.039739,152.93,1.95,14.33,-9.29,11.24,11.25,1,3049,-3.6,-83.6,-0.4
0.5,75.049739,153.54,1.97,13.18,-9.33,10.72,10.75,1,2921,3.4,-65.2,1.8
0.5,75.059739,153.98,2.02,12.73,-9.31,10.18,10.25,1,2802,-3.3,-62.7,1.3
0.5,75.069739,154.34,1.92,12.32,-9.33,9.64,10.0,1,2675,-2.3,-44.1,0.1
0.5,75.079739,154.86,1.92,12.12,-9.35,9.08,9.25,1,2539,-0.4,-38.6,0.5
0.5,75.089739,155.83,1.91,11.71,-9.35,8.52,8.5,1,2420,-3.6,-46.0,0.9
0.5,75.099739,156.62,1.83,10.72,-9.38,7.94,7.75,1,2284,-4.2,-91.7,0.0
0.5,75.109739,157.24,1.85,9.5,-9.42,7.36,7.25,1,2183,3.5,-76.2,1.4
0.5,75.119739,157.76,1.87,8.97,-9.41,6.77,6.5,1,3045,-5.8,-68.7,1.3
0.5,75.129739,158.12,1.77,8.49,-9.42,6.18,6.25,1,2926,-1.1,-55.3,0.9
0.5,75.139739,158.38,1.83,8.21,-9.43,5.58,5.75,1,2807,2.1,-41.4,1.0
0.5,75.149739,158.64,1.85,8.03,-9.42,4.97,5.5,1,2671,-1.1,-31.9,1.3
0.5,75.159739,159.08,1.82,7.87,-9.42,4.36,5.25,1,2544,-0.5,-25.9,0.6
0.5,75.169739,160.31,1.79,7.59,-9.43,3.75,4.0,1,2416,-3.6,-34.0,0.6
0.5,75.179739,161.54,1.67,6.55,-9.47,3.13,2.75,1,2280,-8.6,-95.2,-0.0
0.5,75.189739,162.33,1.6,4.66,-9.52,2.51,1.75,1,3168,-0.9,-127.7,0.8
0.5,75.199739,162.42,1.71,3.32,-9.55,1.88,1.75,1,3049,3.4,-101.4,1.1
0.5,75.209739,162.16,1.74,3.32,-9.54,1.26,2.25,1,2922,-2.0,-26.4,1.2
0.5,75.219739,161.81,1.66,4.22,-9.49,0.63,2.25,1,2803,-2.5,15.2,1.9
0.5,75.229740,162.51,1.6,5.06,-9.45,0.0,1.75,1,2667,-5.8,42.5,0.9
0.5,75.239739,163.74,1.58,4.9,-9.47,-0.63,0.5,1,2539,1.0,-44.2,-0.3
0.5,75.249739,164.97,1.64,2.98,-9.54,-1.26,-0.75,1,2412,0.3,-104.8,-0.1
0.5,75.259739,165.15,1.6,0.99,-9.6,-1.88,-1.0,1,2284,-3.1,-138.1,0.4
0.5,75.269739,165.23,1.62,0.21,-9.62,-2.51,-1.0,1,3172,4.6,-45.4,-0.4
0.5,75.279739,165.85,1.63,1.16,-9.57,-3.13,-1.75,1,3045,-6.3,2.3,2.9
0.5,75.289739,166.99,1.43,1.08,-9.54,-3.75,-2.75,1,2926,-9.3,-55.2,0.1
0.5,75.299739,167.87,1.43,-0.43,-9.62,-4.36,-3.75,1,2808,2.9,-93.4,-1.1
0.5,75.309739,168.22,1.58,-1.72,-9.66,-4.97,-4.0,1,2671,3.5,-90.7,0.9
0.5,75.319739,168.49,1.55,-2.32,-9.66,-5.58,-4.25,1,2544,-4.0,-62.6,0.6
0.5,75.329739,169.28,1.49,-2.2,-9.64,-6.18,-5.25,1,2407,1.5,-16.8,1.6
0.5,75.339739,170.24,1.45,-2.49,-9.63,-6.77,-6.25,1,2280,-9.8,-74.5,1.6
0.5,75.349739,170.24,1.35,-4.06,-9.68,-7.36,-6.25,1,3177,1.2,-99.3,-1.9
0.5,75.359739,170.24,1.5,-4.53,-9.74,-7.94,-6.0,1,3049,3.8,-22.5,-0.0
0.5,75.369739,170.68,1.48,-3.62,-9.66,-8.52,-6.5,1,2922,-4.6,14.5,4.1
0.5,75.379739,171.91,1.35,-3.68,-9.61,-9.08,-7.75,1,2803,-3.8,-42.4,1.3
0.5,75.389739,173.14,1.35,-5.24,-9.68,-9.64,-9.0,1,2667,-1.4,-99.7,-0.6
0.5,75.399739,173.23,1.36,-7.1,-9.74,-10.18,-9.25,1,2540,-1.9,-128.6,0.7
0.5,75.409739,173.32,1.42,-7.82,-9.76,-10.72,-9.25,1,2412,5.5,-43.0,-1.5
0.5,75.419739,173.94,1.43,-6.94,-9.73,-11.24,-9.75,1,2285,-5.7,2.8,4.0
0.5,75.429739,175.17,1.3,-7.0,-9.66,-11.76,-11.25,1,3172,-1.2,-52.2,1.4
0.5,75.439739,176.4,1.32,-8.64,-9.72,-12.26,-12.25,1,3047,-3.0,-108.9,0.5
0.5,75.449739,177.01,1.3,-10.54,-9.77,-12.75,-12.75,1,2928,-1.4,-133.1,0.3
0.5,75.459739,177.45,1.35,-11.48,-9.8,-13.23,-13.25,1,2808,3.4,-70.2,-0.2
0.5,75.469739,177.71,1.34,-11.35,-9.77,-13.69,-13.75,1,2671,-5.3,-49.5,3.5
0.5,75.479740,177.98,1.24,-11.45,-9.74,-14.14,-14.0,1,2544,-0.9,-30.9,-0.4
0.5,75.489740,178.15,1.29,-11.58,-9.77,-14.58,-14.25,1,2408,-0.6,-31.2,1.5
0.5,75.499740,178.59,1.28,-11.8,-9.76,-15.0,-14.5,1,2280,-0.4,-21.6,0.0
0.5,75.509740,179.74,1.3,-12.0,-9.77,-15.41,-15.75,1,3170,1.2,-29.9,1.7
0.5,75.519740,180.7,1.29,-13.01,-9.77,-15.8,-16.75,1,3042,-2.0,-92.8,1.0
0.5,75.529740,180.79,1.24,-14.81,-9.81,-16.18,-16.75,1,2924,-3.4,-116.2,0.3
0.5,75.539740,180.62,1.24,-15.33,-9.83,-16.54,-16.5,1,2804,1.1,-28.8,0.3
0.5,75.549740,180.88,1.25,-14.27,-9.76,-16.89,-16.75,1,2667,-2.4,18.5,4.5
0.5,75.559740,181.14,1.19,-14.01,-9.72,-17.21,-17.0,1,2540,-1.5,-21.0,-0.8
0.5,75.569740,181.14,1.23,-14.6,-9.81,-17.53,-17.25,1,2404,1.9,-20.1,-1.3
0.5,75.579740,181.23,1.26,-14.76,-9.81,-17.82,-17.25,1,2285,-1.2,-16.5,1.2
0.5,75.589740,181.49,1.23,-14.78,-9.79,-18.1,-17.5,1,3174,0.4,-5.9,-0.2
0.5,75.599740,182.11,1.25,-14.83,-9.79,-18.36,-18.0,1,3047,0.9,-15.1,1.4
0.5,75.609740,182.64,1.23,-15.47,-9.79,-18.6,-18.5,1,2918,-2.8,-54.7,-0.2
0.5,75.619740,182.99,1.21,-16.38,-9.83,-18.82,-18.75,1,2808,0.4,-51.2,0.2
0.5,75.629740,183.16,1.22,-16.76,-9.82,-19.02,-19.25,1,2672,-1.5,-41.8,1.2
0.5,75.639740,183.34,1.19,-16.94,-9.81,-19.21,-19.25,1,2544,-0.8,-27.6,0.8
0.5,75.649740,183.25,1.19,-16.94,-9.81,-19.37,-19.25,1,2409,-0.7,-14.2,0.7
0.5,75.659740,183.25,1.19,-16.86,-9.81,-19.52,-19.25,1,2281,-0.5,-5.5,0.3
0.5,75.669740,183.34,1.19,-16.78,-9.81,-19.65,-19.25,1,3170,-0.0,-0.4,0.6
0.5,75.679740,183.52,1.19,-16.73,-9.8,-19.75,-19.75,1,3051,-0.2,0.0,0.2
0.5,75.689740,184.13,1.2,-16.87,-9.81,-19.84,-20.25,1,2923,1.4,-14.3,0.8
0.5,75.699740,184.22,1.22,-17.56,-9.83,-19.91,-20.25,1,2804,-0.9,-54.9,-1.1
0.5,75.709740,183.96,1.2,-18.29,-9.87,-19.96,-20.0,1,2668,-0.5,-32.2,-0.0
0.5,75.719740,183.78,1.18,-17.88,-9.82,-19.99,-19.75,1,2540,-1.1,18.1,3.0
0.5,75.729740,183.69,1.13,-17.14,-9.75,-20.0,-19.75,1,2406,-2.9,23.6,2.1
0.5,75.739740,183.6,1.1,-16.97,-9.75,-19.99,-19.75,1,2277,-0.8,11.8,1.2
0.5,75.749740,183.6,1.11,-17.03,-9.75,-19.96,-19.5,1,3175,-0.8,6.0,0.6
0.5,75.759740,183.69,1.12,-17.09,-9.76,-19.91,-19.75,1,3046,0.2,-0.1,0.2
0.5,75.769740,184.31,1.14,-17.16,-9.76,-19.84,-20.5,1,2927,1.3,-1.1,0.9
0.5,75.779740,184.39,1.19,-17.67,-9.81,-19.75,-20.5,1,2809,1.8,-49.9,-3.8
0.5,75.789740,184.04,1.23,-18.45,-9.9,-19.65,-19.75,1,2673,1.0,-29.2,-2.0
0.5,75.799740,183.6,1.18,-17.98,-9.84,-19.52,-19.0,1,2545,-2.5,26.2,3.0
0.5,75.809740,183.16,1.1,-17.1,-9.74,-19.37,-18.5,1,2409,-1.8,32.5,3.0
0.5,75.819740,183.25,1.08,-16.38,-9.67,-19.21,-18.75,1,2282,-0.6,66.7,5.7
0.5,75.829740,183.25,1.07,-15.97,-9.64,-19.02,-19.25,1,3171,-1.2,6.4,-0.3
0.5,75.839740,183.25,1.06,-16.53,-9.73,-18.82,-19.25,1,3043,-2.6,3.9,-1.8
0.5,75.849740,183.25,1.09,-16.63,-9.76,-18.6,-18.75,1,2923,3.7,-6.8,-0.8
0.5,75.859740,182.72,1.14,-16.71,-9.75,-18.36,-17.75,1,2805,-2.0,2.7,-0.1
0.5,75.869740,182.55,1.09,-16.26,-9.74,-18.1,-17.75,1,2669,1.9,34.6,-0.2
0.5,75.879740,182.46,1.12,-15.48,-9.68,-17.82,-17.75,1,2541,0.0,46.6,5.0
0.5,75.889740,182.64,1.07,-15.31,-9.64,-17.53,-17.75,1,2405,-2.0,5.3,-2.0
0.5,75.899740,182.37,1.08,-15.73,-9.73,-17.21,-18.0,1,2286,1.3,-0.6,0.2
0.5,75.909740,182.55,1.11,-15.78,-9.71,-16.89,-17.75,1,3176,-0.6,0.7,-0.1
0.5,75.919740,181.76,1.09,-15.76,-9.72,-16.54,-16.75,1,3048,-0.6,1.1,-0.4
0.5,75.929740,180.62,1.1,-15.35,-9.72,-16.18,-15.75,1,2919,1.1,40.0,-0.3
0.5,75.939740,179.91,1.13,-13.79,-9.67,-15.8,-14.75,1,2800,2.3,117.2,1.4
0.5,75.949740,179.91,1.15,-12.09,-9.61,-15.41,-15.0,1,2673,2.7,92.9,1.0
0.5,75.959740,179.82,1.16,-12.16,-9.62,-15.0,-15.25,1,2537,0.2,17.6,-0.3
0.5,75.969740,179.91,1.13,-12.84,-9.68,-14.58,-15.25,1,2409,-1.5,7.6,-2.8
0.5,75.979739,179.74,1.18,-12.95,-9.72,-14.14,-14.75,1,2282,5.1,-0.8,-0.7
0.5,75.989739,178.86,1.2,-13.0,-9.7,-13.69,-13.75,1,3172,-3.8,3.3,0.3
0.5,75.999739,178.24,1.13,-12.28,-9.69,-13.23,-13.25,1,3043,1.7,67.6,-1.1
0.5,76.009739,177.63,1.17,-10.97,-9.64,-12.75,-12.75,1,2924,0.0,66.7,3.5
0.5,76.019739,177.19,1.18,-10.31,-9.61,-12.26,-12.25,1,2805,2.8,66.5,-2.2
0.5,76.029739,176.84,1.23,-9.87,-9.66,-11.76,-11.75,1,2669,1.1,44.1,0.2
0.5,76.039739,176.48,1.21,-9.68,-9.64,-11.24,-11.5,1,2542,0.6,41.8,-0.7
0.5,76.049739,176.4,1.22,-9.42,-9.65,-10.72,-11.25,1,2405,1.0,28.8,-0.4
0.5,76.059739,175.87,1.23,-9.32,-9.65,-10.18,-10.75,1,2278,0.8,22.5,-0.1
0.5,76.069739,175.08,1.22,-9.03,-9.64,-9.64,-9.75,1,3176,-0.5,35.5,-0.4
0.5,76.079739,174.2,1.26,-8.09,-9.63,-9.08,-9.25,1,3047,4.7,80.8,0.4
0.5,76.089739,173.67,1.29,-6.87,-9.59,-8.52,-8.5,1,2920,-1.4,76.7,0.2
0.5,76.099739,173.23,1.26,-6.29,-9.6,-7.94,-8.0,1,2801,3.4,62.9,-1.2
0.5,76.109739,172.79,1.32,-5.91,-9.6,-7.36,-7.75,1,2665,0.2,51.8,0.6
0.5,76.119739,172.27,1.3,-5.64,-9.58,-6.77,-7.25,1,2538,2.1,37.6,-0.6
0.5,76.129739,171.39,1.35,-5.27,-9.6,-6.18,-6.25,1,2410,2.7,51.4,-1.7
0.5,76.139739,170.42,1.41,-4.23,-9.6,-5.58,-5.25,1,2283,4.8,89.9,-1.0
0.5,76.149739,169.89,1.39,-3.04,-9.56,-4.97,-5.0,1,3170,-3.3,80.6,1.0
0.5,76.159739,169.8,1.34,-2.5,-9.53,-4.36,-5.25,1,3043,3.6,63.4,0.1
0.5,76.169739,169.63,1.4,-2.32,-9.54,-3.75,-4.75,1,2925,-1.2,35.1,-0.4
0.5,76.179739,169.1,1.41,-2.53,-9.57,-3.13,-3.75,1,2806,5.6,8.0,-1.7
0.5,76.189739,167.87,1.51,-2.56,-9.59,-2.51,-3.0,1,2669,3.0,23.8,-0.9
0.5,76.199739,167.26,1.47,-1.15,-9.54,-1.88,-2.75,1,2542,-1.4,124.9,0.9
0.5,76.209739,166.99,1.41,0.65,-9.49,-1.26,-2.0,1,2406,-1.2,79.2,-0.5
0.5,76.219739,166.38,1.51,0.71,-9.51,-0.63,-1.25,1,2279,9.1,52.3,-1.3
0.5,76.229739,165.5,1.64,0.8,-9.51,0.0,-0.25,1,3166,2.6,35.3,0.8
0.5,76.239739,164.79,1.51,1.41,-9.48,0.63,0.25,1,3048,-6.7,78.2,-0.3
0.5,76.249739,164.0,1.48,2.61,-9.47,1.26,1.25,1,2921,6.8,76.8,-0.8
0.5,76.259739,162.86,1.66,3.36,-9.47,1.88,2.5,1,2802,4.3,76.3,-1.4
0.5,76.269739,161.63,1.67,4.54,-9.44,2.51,3.25,1,2665,3.6,119.4,0.7
0.5,76.279739,161.54,1.65,6.09,-9.39,3.13,3.0,1,2538,-1.7,112.2,-1.2
0.5,76.289739,162.07,1.61,6.58,-9.4,3.75,2.5,1,2411,0.7,55.9,-0.5
0.5,76.299739,162.16,1.69,5.54,-9.45,4.36,2.25,1,2283,5.9,-48.1,-2.4
0.5,76.309739,162.16,1.75,4.21,-9.52,4.97,2.75,1,3171,2.0,-29.4,-1.1
0.5,76.319739,161.37,1.71,4.44,-9.5,5.58,4.0,1,3044,-0.5,5.1,0.7
0.5,76.329739,160.14,1.67,5.16,-9.46,6.18,5.0,1,2925,-1.4,37.1,-0.1
0.5,76.339739,158.99,1.67,6.81,-9.41,6.77,5.5,1,2806,-0.2,133.1,1.3
0.5,76.349739,158.64,1.68,8.84,-9.35,7.36,6.25,1,2670,-1.2,107.0,-1.0
0.5,76.359739,157.85,1.78,9.26,-9.35,7.94,7.25,1,2542,10.9,68.8,1.0
0.5,76.369739,156.8,1.92,9.34,-9.31,8.52,7.75,1,2407,1.8,45.5,1.5
0.5,76.379739,156.53,1.76,10.13,-9.31,9.08,8.25,1,2279,-7.1,102.9,-2.0
0.5,76.389739,156.09,1.73,11.24,-9.33,9.64,9.25,1,3167,6.5,53.5,-1.8
0.5,76.399739,154.6,1.93,11.03,-9.32,10.18,10.25,1,3048,6.0,28.7,1.4
0.5,76.409739,154.07,1.89,12.0,-9.26,10.72,10.5,1,2929,-5.0,121.6,-0.0
0.5,76.419739,153.81,1.81,13.89,-9.24,11.24,10.75,1,2802,2.6,96.4,-2.0
0.5,76.429739,153.54,1.99,14.06,-9.23,11.76,11.25,1,2666,10.1,42.0,2.2
0.5,76.439739,152.93,2.05,13.7,-9.19,12.26,12.25,1,2538,-1.9,18.2,0.4
0.5,76.449739,152.23,1.95,13.82,-9.21,12.75,13.0,1,2411,2.3,35.7,-0.1
0.5,76.459739,151.52,1.96,14.79,-9.2,13.23,13.75,1,2284,-3.9,79.9,-1.4
0.5,76.469739,151.08,1.95,15.91,-9.18,13.69,13.75,1,3172,4.6,67.3,-0.0
0.5,76.479740,150.91,2.04,16.27,-9.15,14.14,13.75,1,3044,-0.6,48.9,0.6
0.5,76.489739,150.91,1.97,16.4,-9.15,14.58,13.75,1,2934,-1.8,32.0,-1.0
0.5,76.499739,150.56,2.04,16.31,-9.16,15.0,14.75,1,2806,8.4,7.9,1.4
0.5,76.509739,149.41,2.16,16.12,-9.13,15.41,15.75,1,2671,1.7,4.5,0.6
0.5,76.519739,148.62,2.06,17.21,-9.12,15.8,16.5,1,2543,-3.5,113.3,-2.0
0.5,76.529739,148.27,2.03,19.16,-9.09,16.18,16.25,1,2407,0.3,86.2,-0.7
0.5,76.539739,148.62,2.1,19.59,-9.07,16.54,15.75,1,2288,2.5,69.7,-0.5
0.5,76.549739,148.62,2.18,19.01,-9.09,16.89,15.75,1,3168,7.3,-41.5,-0.2
0.5,76.559739,148.54,2.23,17.66,-9.15,17.21,16.5,1,3041,1.7,-23.8,-0.2
0.5,76.569739,147.83,2.17,17.94,-9.13,17.53,17.0,1,2930,-1.1,10.6,0.7
0.5,76.579739,147.39,2.12,18.76,-9.09,17.82,17.25,1,2802,-3.4,47.5,-0.1
0.5,76.589739,147.48,2.06,19.74,-9.08,18.1,17.25,1,2667,-4.3,61.1,-1.3
0.5,76.599739,147.3,2.15,19.96,-9.05,18.36,17.5,1,2539,8.9,8.2,2.8
0.5,76.609739,146.95,2.28,19.48,-9.04,18.6,18.25,1,2403,-0.3,5.8,-0.3
0.5,76.619739,146.25,2.19,19.56,-9.06,18.82,18.5,1,2284,0.7,10.4,1.1
0.5,76.629739,146.07,2.17,20.4,-9.03,19.02,18.25,1,3172,-4.3,79.4,-2.0
0.5,76.639740,146.16,2.15,21.37,-9.04,19.21,18.25,1,3045,3.1,27.9,-0.5
0.5,76.649740,146.07,2.27,20.87,-9.03,19.37,19.25,1,2926,4.0,0.6,1.3
0.5,76.659740,144.84,2.28,20.65,-9.01,19.52,20.25,1,2807,-0.3,5.7,0.7
0.5,76.669740,143.88,2.25,21.71,-8.98,19.65,21.0,1,2671,0.1,100.9,-0.6
0.5,76.679740,143.7,2.26,23.61,-8.93,19.75,20.75,1,2544,-0.9,95.7,-1.3
0.5,76.689740,144.23,2.28,24.03,-8.93,19.84,20.25,1,2407,2.4,46.8,-0.2
0.5,76.699740,144.49,2.35,23.09,-8.96,19.91,19.75,1,2289,5.4,-45.0,0.2
0.5,76.709740,144.4,2.37,21.8,-9.0,19.96,20.25,1,3168,0.5,-37.0,1.0
0.5,76.719740,144.49,2.33,21.96,-8.97,19.99,20.0,1,3042,-0.8,7.4,1.3
0.5,76.729740,144.93,2.27,22.47,-8.95,20.0,19.5,1,2931,-4.6,6.6,-0.5
0.5,76.739740,145.11,2.23,22.01,-9.0,19.99,19.25,1,2803,0.9,-44.4,-0.7
0.5,76.749740,145.02,2.29,21.27,-9.03,19.96,20.25,1,2667,2.0,-23.2,1.0
0.5,76.759740,143.96,2.32,21.51,-8.99,19.91,20.75,1,2540,0.0,3.0,0.8
0.5,76.769740,143.79,2.27,22.45,-8.96,19.84,20.75,1,2403,-3.5,67.7,-0.4
0.5,76.779740,144.58,2.22,23.66,-8.94,19.75,19.75,1,2285,-2.8,56.1,-1.2
0.5,76.789740,145.63,2.29,23.03,-8.97,19.65,18.75,1,3173,7.3,-51.7,1.3
0.5,76.799740,146.16,2.33,20.9,-9.02,19.52,18.25,1,3045,-3.9,-104.8,1.4
0.5,76.809740,146.25,2.2,19.55,-9.06,19.37,18.25,1,2927,-0.4,-81.5,1.3
0.5,76.819740,145.9,2.24,19.72,-9.05,19.21,18.75,1,2808,-0.3,-6.6,0.8
0.5,76.829739,145.28,2.22,20.67,-9.01,19.02,19.0,1,2671,-3.1,20.0,1.1
0.5,76.839739,145.55,2.17,21.45,-8.99,18.82,18.75,1,2544,-3.3,51.7,-1.1
0.5,76.849739,145.81,2.18,21.66,-9.01,18.6,18.5,1,2408,1.8,-11.0,-0.7
0.5,76.859739,145.9,2.27,20.87,-9.03,18.36,18.5,1,2307,5.0,-15.8,1.6
0.5,76.869739,145.99,2.3,20.67,-9.01,18.1,18.25,1,3169,-1.3,-15.0,-0.3
0.5,76.879739,146.07,2.22,20.61,-9.04,17.82,18.25,1,3042,-0.6,-7.2,0.2
0.5,76.889739,146.25,2.23,20.65,-9.03,17.53,18.0,1,2931,0.1,-3.5,0.4
0.5,76.899739,146.87,2.23,20.54,-9.03,17.21,17.5,1,2795,-1.2,-15.4,0.6
0.5,76.909739,147.3,2.19,19.86,-9.07,16.89,17.0,1,2667,-1.4,-56.1,-0.9
0.5,76.919739,147.66,2.19,19.0,-9.1,16.54,16.75,1,2540,2.0,-45.3,2.2
0.5,76.929739,147.92,2.22,18.75,-9.07,16.18,16.5,1,2404,-1.9,-35.8,0.4
0.5,76.939739,147.92,2.16,18.6,-9.1,15.8,16.25,1,2303,-1.1,-24.0,0.1
0.5,76.949739,148.36,2.17,18.59,-9.1,15.41,16.0,1,3173,0.1,-13.3,0.5
0.5,76.959739,149.33,2.16,18.46,-9.1,15.0,15.0,1,3046,-2.1,-23.4,0.6
0.5,76.969739,150.56,2.09,17.57,-9.13,14.58,13.75,1,2927,-4.2,-79.1,-0.0
0.5,76.979739,151.26,2.03,15.76,-9.2,14.14,12.75,1,2791,-1.9,-124.9,1.2
0.5,76.989739,151.26,2.06,14.35,-9.23,13.69,13.25,1,2672,1.9,-95.3,1.2
0.5,76.999739,150.82,2.1,14.52,-9.21,13.23,13.25,1,2545,-0.4,-12.2,1.0
0.5,77.009739,151.08,2.04,15.63,-9.16,12.75,13.25,1,2409,-5.0,27.6,1.5
0.5,77.019739,151.52,1.93,15.95,-9.17,12.26,12.75,1,2299,-6.6,-7.5,-2.4
0.5,77.029739,152.31,1.97,15.36,-9.22,11.76,12.0,1,3169,7.3,-24.0,1.4
0.5,77.039739,153.02,2.09,14.38,-9.22,11.24,11.25,1,3042,-1.5,-81.2,-0.0
0.5,77.049739,153.37,2.01,13.14,-9.27,10.72,10.75,1,2931,1.1,-66.9,1.6
0.5,77.059739,153.9,2.0,12.69,-9.26,10.18,10.25,1,2796,-3.1,-59.5,1.3
0.5,77.069739,154.25,1.94,12.33,-9.27,9.64,10.0,1,2668,-2.3,-43.6,0.1
0.5,77.079739,154.86,1.94,12.1,-9.29,9.08,9.25,1,2540,-0.3,-38.7,0.4
0.5,77.089739,155.74,1.93,11.7,-9.3,8.52,8.5,1,2404,-3.1,-44.6,0.8
0.5,77.099739,156.62,1.84,10.73,-9.33,7.94,7.75,1,2303,-4.9,-91.1,0.0
0.5,77.109739,157.24,1.86,9.51,-9.36,7.36,7.25,1,3174,3.9,-75.8,1.4
0.5,77.119739,157.68,1.89,8.98,-9.36,6.77,6.5,1,3046,-6.0,-68.2,1.3
0.5,77.129739,158.03,1.77,8.5,-9.37,6.18,6.25,1,2927,-1.5,-55.2,0.9
0.5,77.139739,158.38,1.84,8.23,-9.37,5.58,5.75,1,2791,2.1,-40.8,0.9
0.5,77.149739,158.55,1.87,8.06,-9.37,4.97,5.75,1,2673,-0.8,-31.3,1.3
0.5,77.159739,159.08,1.83,7.89,-9.36,4.36,5.25,1,2545,-0.6,-25.7,0.7
0.5,77.169739,160.22,1.8,7.61,-9.37,3.75,4.0,1,2409,-3.3,-34.0,0.7
0.5,77.179739,161.54,1.68,6.56,-9.41,3.13,2.75,1,2307,-9.2,-96.9,-0.2
0.5,77.189739,162.42,1.61,4.63,-9.47,2.51,1.75,1,3169,-0.8,-130.3,0.8
0.5,77.199739,162.42,1.72,3.25,-9.49,1.88,1.75,1,3043,3.5,-104.3,1.1
0.5,77.209739,162.16,1.75,3.23,-9.48,1.26,2.25,1,2923,-2.0,-28.1,1.2
0.5,77.219739,161.81,1.67,4.15,-9.44,0.63,2.25,1,2796,-2.7,16.2,2.0
0.5,77.229740,162.42,1.61,5.02,-9.4,-0.0,1.75,1,2669,-5.7,42.9,0.9
0.5,77.239739,163.74,1.58,4.85,-9.42,-0.63,0.25,1,2541,0.6,-43.8,-0.3
0.5,77.249739,165.06,1.64,2.93,-9.49,-1.26,-0.75,1,2405,0.3,-104.9,-0.2
0.5,77.259739,165.23,1.61,0.93,-9.54,-1.88,-1.0,1,2303,-2.9,-139.8,0.5
0.5,77.269739,165.23,1.63,0.13,-9.56,-2.51,-1.0,1,3174,4.8,-45.1,-0.5
0.5,77.279739,165.85,1.64,1.08,-9.52,-3.13,-1.75,1,3047,-6.5,0.6,2.8
0.5,77.289739,166.99,1.44,0.98,-9.49,-3.75,-2.75,1,2928,-9.3,-55.5,0.6
0.5,77.299739,167.87,1.43,-0.51,-9.56,-4.36,-3.75,1,2792,2.4,-93.0,-1.2
0.5,77.309739,168.22,1.59,-1.79,-9.61,-4.97,-4.25,1,2673,3.9,-90.6,0.8
0.5,77.319739,168.49,1.56,-2.4,-9.61,-5.58,-4.25,1,2546,-3.9,-63.6,0.5
0.5,77.329739,169.28,1.5,-2.29,-9.59,-6.18,-5.25,1,2401,1.4,-15.2,1.7
0.5,77.339739,170.24,1.45,-2.54,-9.57,-6.77,-6.25,1,2308,-9.9,-73.5,1.9
0.5,77.349739,170.33,1.36,-4.13,-9.63,-7.36,-6.25,1,3170,1.4,-101.3,-2.1
0.5,77.359739,170.16,1.52,-4.66,-9.69,-7.94,-6.0,1,3043,3.9,-24.8,-0.1
0.5,77.369739,170.77,1.49,-3.73,-9.6,-8.52,-6.75,1,2933,-4.9,17.1,4.1
0.5,77.379739,171.91,1.36,-3.73,-9.55,-9.08,-8.0,1,2796,-3.6,-42.6,1.3
0.5,77.389739,173.32,1.36,-5.31,-9.62,-9.64,-9.0,1,2669,-1.7,-98.4,-0.6
0.5,77.399739,173.32,1.37,-7.17,-9.69,-10.18,-9.25,1,2542,-1.8,-130.1,0.7
0.5,77.409739,173.32,1.43,-7.93,-9.71,-10.72,-9.25,1,2406,5.6,-43.8,-1.7
0.5,77.419739,173.94,1.44,-7.04,-9.68,-11.24,-10.0,1,2304,-5.6,2.1,4.0
0.5,77.429739,174.99,1.31,-7.08,-9.61,-11.76,-10.75,1,3166,-1.3,-49.2,1.6
0.5,77.439739,175.78,1.33,-8.52,-9.67,-12.26,-11.75,1,3048,-3.0,-92.8,-0.6
0.5,77.449739,176.13,1.33,-9.81,-9.72,-12.75,-12.25,1,2930,0.7,-85.6,0.9
0.5,77.459739,176.04,1.35,-10.26,-9.72,-13.23,-12.0,1,2792,-1.1,-52.3,0.1
0.5,77.469739,176.31,1.34,-9.93,-9.71,-13.69,-12.25,1,2673,0.7,-0.2,1.3
0.5,77.479740,177.19,1.33,-9.48,-9.66,-14.14,-13.25,1,2546,-1.9,-7.0,2.4
0.5,77.489740,178.24,1.29,-10.33,-9.66,-14.58,-14.25,1,2401,-2.3,-78.5,0.7
0.5,77.499740,178.24,1.27,-12.08,-9.73,-15.0,-14.25,1,2309,-1.9,-103.5,-0.1
0.5,77.509740,177.98,1.31,-12.62,-9.76,-15.41,-14.0,1,3172,2.2,-28.4,-0.6
0.5,77.519740,178.59,1.32,-11.75,-9.7,-15.8,-14.75,1,3044,-1.5,12.0,4.1
0.5,77.529740,179.56,1.26,-11.66,-9.65,-16.18,-15.5,1,2933,-1.6,-31.3,0.5
0.5,77.539740,180.09,1.26,-12.97,-9.73,-16.54,-16.0,1,2797,-1.3,-88.3,-1.5
0.5,77.549740,180.18,1.27,-14.24,-9.78,-16.89,-16.0,1,2669,-0.8,-69.8,0.9
0.5,77.559740,180.35,1.27,-14.15,-9.74,-17.21,-16.25,1,2542,0.7,-9.5,1.4
0.5,77.569740,181.32,1.27,-13.72,-9.7,-17.53,-17.25,1,2406,-1.0,-16.8,2.2
0.5,77.579740,182.64,1.24,-14.54,-9.71,-17.82,-18.5,1,2305,-1.1,-75.0,0.1
0.5,77.589740,183.34,1.23,-16.35,-9.77,-18.1,-19.25,1,3168,-2.9,-123.1,0.8
0.5,77.599740,183.16,1.2,-17.81,-9.79,-18.36,-19.25,1,3040,-2.4,-97.8,0.3
0.5,77.609740,182.9,1.2,-17.66,-9.78,-18.6,-18.5,1,2930,-0.1,-10.2,1.5
0.5,77.619740,182.72,1.18,-16.6,-9.72,-18.82,-18.0,1,2793,-1.8,18.9,2.5
0.5,77.629740,182.64,1.13,-16.04,-9.68,-19.02,-17.75,1,2665,-2.9,26.5,2.6
0.5,77.639740,182.55,1.11,-15.72,-9.64,-19.21,-18.5,1,2538,0.6,24.6,2.7
0.5,77.649740,183.25,1.14,-15.73,-9.65,-19.37,-19.25,1,2402,-0.6,0.9,-0.3
0.5,77.659740,183.34,1.17,-16.53,-9.74,-19.52,-19.25,1,2309,1.2,-56.0,-4.4
0.5,77.669740,183.34,1.22,-17.18,-9.8,-19.65,-19.25,1,3172,1.8,-8.3,0.3
0.5,77.679740,183.43,1.19,-16.71,-9.73,-19.75,-19.5,1,3044,-1.6,-0.9,1.3
0.5,77.689740,184.04,1.17,-16.74,-9.72,-19.84,-20.0,1,2925,1.4,-9.8,0.1
0.5,77.699740,184.48,1.21,-17.37,-9.77,-19.91,-20.5,1,2797,0.2,-54.2,-1.6
0.5,77.709740,184.48,1.23,-18.31,-9.81,-19.96,-20.5,1,2670,1.4,-49.3,-0.2
0.5,77.719740,184.39,1.21,-18.49,-9.79,-19.99,-20.25,1,2543,-2.9,-23.6,0.8
0.5,77.729740,184.04,1.15,-18.13,-9.75,-20.0,-19.75,1,2406,0.2,11.2,2.3
0.5,77.739740,183.96,1.12,-17.41,-9.69,-19.99,-19.75,1,2305,-4.1,37.2,3.5
0.5,77.749740,183.96,1.07,-17.1,-9.67,-19.96,-19.5,1,3168,-0.4,4.6,0.4
0.5,77.759740,183.96,1.12,-17.4,-9.71,-19.91,-19.5,1,3048,-0.1,2.3,0.3
0.5,77.769740,184.04,1.13,-17.44,-9.7,-19.84,-20.25,1,2929,1.5,-1.0,1.0
0.5,77.779740,184.13,1.13,-17.44,-9.7,-19.75,-20.25,1,2793,-2.0,2.9,-0.6
0.5,77.789740,184.04,1.12,-17.64,-9.75,-19.65,-19.5,1,2666,1.3,-24.1,-2.5
0.5,77.799740,183.43,1.15,-17.78,-9.76,-19.52,-18.5,1,2539,-1.0,13.5,1.3
0.5,77.809740,182.99,1.09,-16.87,-9.67,-19.37,-18.25,1,2402,-0.9,53.4,4.0
0.5,77.819740,182.99,1.08,-15.82,-9.59,-19.21,-18.5,1,2309,1.2,65.6,2.9
0.5,77.829740,182.99,1.11,-15.64,-9.61,-19.02,-18.75,1,3173,-0.1,5.9,-0.5
0.5,77.839740,182.99,1.09,-16.17,-9.67,-18.82,-18.75,1,3046,-2.7,5.9,-1.9
0.5,77.849740,182.99,1.1,-16.21,-9.7,-18.6,-18.5,1,2925,3.5,-3.9,-0.6
0.5,77.859740,182.9,1.16,-16.32,-9.68,-18.36,-18.5,1,2798,-0.3,-0.5,0.6
0.5,77.869740,182.99,1.11,-16.27,-9.68,-18.1,-18.5,1,2670,-0.3,1.1,-0.4
0.5,77.879740,182.99,1.12,-16.26,-9.68,-17.82,-18.25,1,2543,-0.1,0.1,0.5
0.5,77.889740,182.46,1.1,-16.23,-9.68,-17.53,-17.5,1,2407,-1.6,3.3,-0.5
0.5,77.899740,181.93,1.1,-15.84,-9.66,-17.21,-16.75,1,3296,1.5,36.1,2.3
0.5,77.909740,181.85,1.11,-14.96,-9.61,-16.89,-16.75,1,3169,-0.5,55.5,1.3
0.5,77.919740,181.67,1.12,-14.43,-9.61,-16.54,-17.25,1,3040,2.7,33.6,0.1
0.5,77.929740,181.67,1.13,-14.61,-9.63,-16.18,-17.0,1,2930,-2.3,3.7,-0.8
0.5,77.939740,181.23,1.09,-14.88,-9.67,-15.8,-16.25,1,2794,0.2,3.4,-1.4
0.5,77.949740,180.53,1.14,-14.69,-9.68,-15.41,-15.25,1,2666,1.6,18.7,-0.7
0.5,77.959740,180.09,1.15,-13.61,-9.61,-15.0,-15.25,1,2539,2.0,92.7,4.2
0.5,77.969740,179.74,1.13,-12.44,-9.54,-14.58,-14.75,1,2403,-1.8,42.9,-0.2
0.5,77.979739,179.65,1.13,-12.69,-9.62,-14.14,-14.75,1,3292,2.4,25.7,-2.3
0.5,77.989739,179.38,1.17,-12.71,-9.63,-13.69,-14.25,1,3173,-0.6,15.3,0.7
0.5,77.999739,178.68,1.15,-12.56,-9.62,-13.23,-13.5,1,3046,1.1,24.7,-2.3
0.5,78.009739,177.89,1.19,-11.77,-9.64,-12.75,-12.75,1,2926,1.7,69.9,-0.1
0.5,78.019739,177.45,1.18,-10.59,-9.57,-12.26,-12.25,1,2790,0.4,72.9,2.3
0.5,78.029739,176.92,1.2,-9.99,-9.56,-11.76,-11.75,1,2671,3.3,57.2,-1.8
0.5,78.039739,176.66,1.24,-9.67,-9.59,-11.24,-11.5,1,2535,0.2,47.2,-0.0
0.5,78.049739,176.4,1.22,-9.41,-9.58,-10.72,-11.25,1,2408,1.3,36.5,-1.0
0.5,78.059739,175.87,1.25,-9.25,-9.6,-10.18,-10.75,1,3297,1.6,26.4,-0.4
0.5,78.069739,174.9,1.24,-8.95,-9.59,-9.64,-9.75,1,3169,-0.5,39.8,-0.7
0.5,78.079739,174.11,1.27,-7.96,-9.57,-9.08,-9.0,1,3041,4.9,85.8,0.4
0.5,78.089739,173.5,1.3,-6.7,-9.54,-8.52,-8.25,1,2930,-1.7,80.8,-0.4
0.5,78.099739,173.14,1.27,-6.09,-9.55,-7.94,-7.75,1,2794,3.4,65.4,-1.3
0.5,78.109739,172.62,1.34,-5.7,-9.55,-7.36,-7.5,1,2667,1.4,54.2,0.1
0.5,78.119739,172.18,1.33,-5.38,-9.54,-6.77,-7.25,1,2531,1.9,43.3,-0.6
0.5,78.129739,171.74,1.36,-5.12,-9.55,-6.18,-6.5,1,2403,1.9,37.1,-0.5
0.5,78.139739,170.95,1.37,-4.74,-9.56,-5.58,-5.75,1,3292,1.1,44.0,-1.6
0.5,78.149739,170.16,1.41,-3.81,-9.55,-4.97,-4.75,1,3173,4.4,86.3,0.2
0.5,78.159739,169.37,1.41,-2.61,-9.49,-4.36,-4.25,1,3045,-3.3,77.7,0.9
0.5,78.169739,168.84,1.37,-1.95,-9.48,-3.75,-3.75,1,2926,4.8,74.5,-1.2
0.5,78.179739,168.49,1.48,-1.41,-9.49,-3.13,-3.25,1,2790,2.3,57.8,-0.2
0.5,78.189739,168.13,1.46,-1.11,-9.48,-2.51,-2.75,1,2672,0.8,46.8,0.1
0.5,78.199739,167.78,1.47,-0.88,-9.47,-1.88,-2.75,1,2535,2.2,34.1,-0.2
0.5,78.209739,167.34,1.49,-0.7,-9.47,-1.26,-2.0,1,2408,0.2,31.0,0.1
0.5,78.219739,166.46,1.5,-0.32,-9.47,-0.63,-1.25,1,3296,2.8,40.9,-1.1
0.5,78.229740,165.59,1.58,0.66,-9.46,-0.0,-0.25,1,3169,6.1,87.7,0.3
0.5,78.239739,164.97,1.57,1.88,-9.41,0.63,0.25,1,3042,-5.1,75.7,0.5
0.5,78.249739,164.18,1.49,2.44,-9.4,1.26,1.25,1,2922,3.7,67.8,-0.7
0.5,78.259739,163.12,1.63,3.08,-9.41,1.88,2.25,1,2795,4.9,71.9,-1.5
0.5,78.269739,161.89,1.68,4.26,-9.38,2.51,3.0,1,2667,4.0,114.1,0.6
0.5,78.279739,161.63,1.65,5.7,-9.33,3.13,2.75,1,2531,-2.6,101.4,-1.1
0.5,78.289739,161.98,1.58,6.28,-9.35,3.75,2.5,1,2404,-0.9,71.2,-0.8
0.5,78.299739,161.98,1.65,5.65,-9.39,4.36,3.0,1,3292,5.7,-33.4,-3.0
0.5,78.309739,161.1,1.74,4.65,-9.45,4.97,4.25,1,3164,3.4,4.7,-0.2
0.5,78.319739,159.79,1.72,5.42,-9.4,5.58,5.25,1,3046,-0.2,39.6,-0.1
0.5,78.329739,158.91,1.7,7.07,-9.34,6.18,5.5,1,2927,0.8,129.5,1.1
0.5,78.339739,159.08,1.69,9.02,-9.28,6.77,5.5,1,2791,-3.1,105.4,-0.7
0.5,78.349739,159.08,1.71,8.84,-9.32,7.36,6.25,1,2663,7.1,5.9,-1.1
0.5,78.359739,157.94,1.88,8.01,-9.33,7.94,7.5,1,2536,6.1,16.9,1.8
0.5,78.369739,157.06,1.82,8.81,-9.28,8.52,8.0,1,2408,-5.1,68.9,0.2
0.5,78.379739,156.53,1.71,10.22,-9.26,9.08,8.25,1,3296,-0.4,89.3,-0.8
0.5,78.389739,156.36,1.79,11.08,-9.26,9.64,8.5,1,3169,3.1,65.1,-1.0
0.5,78.399739,155.83,1.88,11.05,-9.26,10.18,9.5,1,3042,5.1,22.0,0.4
0.5,78.409739,154.69,1.92,10.84,-9.25,10.72,10.25,1,2923,2.0,21.9,-0.0
0.5,78.419739,154.07,1.87,12.1,-9.22,11.24,10.75,1,2795,-1.9,126.4,0.1
0.5,78.429739,153.63,1.84,13.85,-9.17,11.76,11.25,1,2668,-0.0,70.6,-1.2
0.5,78.439739,153.11,1.95,13.76,-9.17,12.26,11.5,1,2532,8.2,46.4,1.9
0.5,78.449739,153.02,2.03,14.05,-9.13,12.75,12.0,1,2404,-1.0,53.9,0.1
0.5,78.459739,152.49,1.95,14.41,-9.15,13.23,12.75,1,3293,1.3,28.2,-0.8
0.5,78.469739,151.7,2.01,14.48,-9.15,13.69,13.5,1,3165,3.8,32.1,0.4
0.5,78.479740,151.26,1.99,15.21,-9.13,14.14,14.25,1,3046,-4.9,70.0,-1.3
0.5,78.489739,150.73,1.94,16.19,-9.11,14.58,14.5,1,2927,3.5,59.6,0.0
0.5,78.499739,150.38,2.06,16.63,-9.08,15.0,15.0,1,2791,2.5,54.1,0.8
0.5,78.509739,149.94,2.06,16.95,-9.06,15.41,15.25,1,2664,0.9,37.7,-0.4
0.5,78.519739,149.77,2.07,17.1,-9.07,15.8,15.5,1,2536,2.1,31.8,0.0
0.5,78.529739,149.33,2.08,17.33,-9.06,16.18,16.0,1,2400,-0.1,28.4,-0.1
0.5,78.539739,148.54,2.07,17.58,-9.06,16.54,16.75,1,3298,0.9,28.7,-0.8
0.5,78.549739,147.83,2.14,18.36,-9.03,16.89,17.5,1,3169,4.7,77.5,1.3
0.5,78.559739,146.95,2.18,19.6,-8.98,17.21,17.75,1,3043,-1.1,75.9,-1.6
0.5,78.569739,147.13,2.14,20.31,-8.99,17.53,17.5,1,2923,2.5,72.7,-0.2
0.5,78.579739,147.3,2.19,20.43,-8.98,17.82,17.25,1,2796,0.4,15.4,-1.1
0.5,78.589739,147.22,2.21,19.74,-9.0,18.1,17.5,1,2668,4.9,-12.6,1.6
0.5,78.599739,147.22,2.25,19.44,-8.99,18.36,18.25,1,2532,-0.2,-1.5,-0.3
0.5,78.609739,146.51,2.2,19.62,-8.99,18.6,18.75,1,2405,0.1,7.2,1.3
0.5,78.619739,145.9,2.17,20.16,-8.97,18.82,19.25,1,3292,-4.3,45.4,-1.3
0.5,78.629739,145.37,2.17,21.23,-8.96,19.02,19.25,1,3165,3.6,68.1,0.0
0.5,78.639740,145.9,2.27,22.01,-8.91,19.21,18.75,1,3046,0.8,56.2,0.4
0.5,78.649740,145.9,2.23,21.65,-8.94,19.37,18.75,1,2928,-0.5,-24.6,-1.6
0.5,78.659740,145.72,2.24,20.71,-8.99,19.52,19.5,1,2792,4.3,-13.5,1.5
0.5,78.669740,144.58,2.31,20.85,-8.94,19.65,20.75,1,2664,0.7,3.2,1.3
0.5,78.679740,143.53,2.27,21.96,-8.9,19.75,21.25,1,2537,-2.4,94.4,-0.9
0.5,78.689740,143.61,2.25,23.84,-8.87,19.84,21.0,1,2400,-0.0,96.9,-1.4
0.5,78.699740,144.14,2.31,24.3,-8.85,19.91,20.25,1,3298,3.2,43.9,-0.2
0.5,78.709740,144.32,2.38,23.22,-8.89,19.96,20.0,1,3170,4.5,-54.8,0.6
0.5,78.719740,144.23,2.37,21.84,-8.93,19.99,20.25,1,3043,0.2,-40.0,1.0
0.5,78.729740,144.14,2.33,22.06,-8.9,20.0,20.25,1,2924,-1.0,8.0,1.3
0.5,78.739740,144.05,2.29,22.66,-8.88,19.99,20.25,1,2796,-3.4,11.4,-0.7
0.5,78.749740,144.05,2.27,22.79,-8.9,19.96,20.25,1,2669,0.2,9.4,0.6
0.5,78.759740,143.96,2.31,22.8,-8.88,19.91,20.5,1,2533,0.2,3.3,0.4
0.5,78.769740,144.23,2.31,22.74,-8.88,19.84,20.25,1,2405,0.0,0.7,0.2
0.5,78.779740,144.84,2.32,22.61,-8.89,19.75,19.5,1,3293,1.3,-10.7,0.8
0.5,78.789740,145.28,2.31,21.93,-8.93,19.65,19.0,1,3165,-1.2,-56.8,-1.1
0.5,78.799740,145.46,2.27,20.99,-8.97,19.52,19.0,1,3039,0.5,-48.2,1.9
0.5,78.809740,145.28,2.28,20.79,-8.95,19.37,19.25,1,2928,-1.7,-27.9,-0.2
0.5,78.819740,145.02,2.25,21.09,-8.95,19.21,19.75,1,2792,-0.7,9.1,1.3
0.5,78.829739,144.93,2.23,21.77,-8.91,19.02,19.5,1,2665,-4.8,31.3,-0.4
0.5,78.839739,145.37,2.2,22.27,-8.9,18.82,19.25,1,2529,1.5,27.5,0.7
0.5,78.849739,145.63,2.28,21.8,-8.92,18.6,18.75,1,2401,1.7,-42.6,-1.0
0.5,78.859739,145.99,2.29,20.73,-8.97,18.36,18.25,1,3299,3.3,-37.4,1.4
0.5,78.869739,146.16,2.28,20.45,-8.96,18.1,18.25,1,3170,-2.8,-32.9,0.0
0.5,78.879739,146.43,2.2,20.25,-8.99,17.82,18.0,1,3043,-1.9,-24.4,0.3
0.5,78.889739,146.43,2.21,20.18,-8.98,17.53,17.75,1,2924,-0.0,-15.8,0.6
0.5,78.899739,146.43,2.23,20.17,-8.98,17.21,17.75,1,2788,-0.1,-9.7,0.4
0.5,78.909739,146.69,2.23,20.21,-8.98,16.89,17.75,1,2669,0.1,-2.0,0.3
0.5,78.919739,147.74,2.22,20.15,-8.97,16.54,16.75,1,2533,-0.6,-13.8,0.8
0.5,78.929739,148.71,2.16,19.26,-9.02,16.18,15.5,1,2406,-4.3,-76.4,-0.7
0.5,78.939739,149.33,2.11,17.49,-9.09,15.8,14.75,1,3295,0.8,-114.5,1.1
0.5,78.949739,149.33,2.17,16.3,-9.11,15.41,15.0,1,3166,2.2,-81.7,1.2
0.5,78.959739,148.89,2.19,16.56,-9.09,15.0,15.25,1,3039,-0.8,-6.2,1.0
0.5,78.969739,149.06,2.12,17.61,-9.04,14.58,15.25,1,2929,-5.2,29.6,1.5
0.5,78.979739,149.59,2.02,17.94,-9.04,14.14,14.75,1,2793,-5.5,-2.4,-2.0
0.5,78.989739,150.29,2.07,17.4,-9.09,13.69,14.0,1,2665,6.2,-22.8,1.6
0.5,78.999739,150.56,2.14,16.47,-9.09,13.23,13.75,1,2537,-4.4,-71.7,-0.5
0.5,79.009739,150.82,2.04,15.47,-9.15,12.75,13.5,1,2402,2.5,-51.7,0.4
0.5,79.019739,151.61,2.12,15.62,-9.12,12.26,12.75,1,3300,0.4,-5.3,1.3
0.5,79.029739,152.58,1.97,15.4,-9.15,11.76,11.5,1,3171,-12.7,-67.6,-2.0
0.5,79.039739,153.54,1.88,13.72,-9.23,11.24,10.5,1,3044,6.3,-106.1,1.1
0.5,79.049739,154.07,2.08,12.33,-9.22,10.72,10.25,1,2924,1.3,-100.5,3.6
0.5,79.059739,154.16,1.99,11.66,-9.22,10.18,10.25,1,2789,-4.8,-72.9,-0.4
0.5,79.069739,154.07,1.92,11.85,-9.25,9.64,10.25,1,2670,0.4,-7.9,1.1
0.5,79.079739,154.42,1.94,12.48,-9.21,9.08,9.75,1,2533,-3.9,-2.0,-0.2
0.5,79.089739,155.39,1.9,12.39,-9.22,8.52,8.75,1,2406,0.4,-15.1,0.8
0.5,79.099739,156.62,1.91,11.5,-9.24,7.94,7.75,1,3294,-3.5,-76.2,0.3
0.5,79.109739,157.59,1.83,9.68,-9.3,7.36,6.5,1,3167,-2.7,-120.6,0.9
0.5,79.119739,158.29,1.84,8.17,-9.33,6.77,6.0,1,3048,0.5,-106.3,1.9
0.5,79.129739,158.29,1.86,7.54,-9.33,6.18,6.0,1,2929,-1.6,-78.0,1.2
0.5,79.139739,158.29,1.85,7.72,-9.32,5.58,6.0,1,2793,1.3,-9.5,0.8
0.5,79.149739,158.55,1.84,8.38,-9.3,4.97,5.75,1,2666,-4.6,-3.1,0.7
0.5,79.159739,159.52,1.79,8.3,-9.3,4.36,4.75,1,2529,0.9,-13.6,1.1
0.5,79.169739,160.4,1.77,7.41,-9.33,3.75,3.75,1,2402,-7.1,-78.8,-0.0
0.5,79.179739,160.75,1.68,5.72,-9.4,3.13,3.5,1,3290,-0.1,-104.6,-0.7
0.5,79.189739,161.19,1.81,5.11,-9.42,2.51,3.0,1,3171,6.0,-34.3,1.0
0.5,79.199739,162.33,1.75,5.38,-9.38,1.88,1.75,1,3052,-12.5,-43.4,1.1
0.5,79.209739,163.83,1.51,4.3,-9.4,1.26,0.25,1,2925,-5.5,-99.3,1.0
0.5,79.219739,164.71,1.6,2.43,-9.46,0.63,-0.5,1,2789,3.1,-131.3,0.3
0.5,79.229740,164.71,1.69,1.01,-9.49,0.0,-0.25,1,2670,0.6,-109.4,1.7
0.5,79.239739,164.44,1.66,0.97,-9.47,-0.63,0.25,1,2534,-0.8,-26.5,1.3
0.5,79.249739,164.0,1.62,1.97,-9.43,-1.26,0.25,1,2415,-2.8,17.9,1.9
0.5,79.259739,164.62,1.55,2.92,-9.39,-1.88,-0.25,1,3294,-5.9,50.7,0.8
0.5,79.269739,165.85,1.51,2.89,-9.41,-2.51,-1.75,1,3167,-0.0,-36.2,-0.5
0.5,79.279739,167.08,1.59,0.93,-9.47,-3.13,-2.75,1,3048,2.2,-109.3,0.8
0.5,79.289739,167.34,1.57,-1.14,-9.52,-3.75,-3.25,1,2921,-4.8,-133.5,-0.7
0.5,79.299739,167.26,1.52,-1.85,-9.56,-4.36,-3.25,1,2793,2.6,-46.8,-0.4
0.5,79.309739,167.87,1.55,-0.96,-9.51,-4.97,-3.75,1,2666,-4.9,2.4,2.9
0.5,79.319739,169.28,1.42,-1.03,-9.48,-5.58,-5.25,1,2530,-5.5,-56.3,0.5
0.5,79.329739,170.6,1.43,-2.7,-9.54,-6.18,-6.5,1,2411,1.3,-108.5,-0.0
0.5,79.339739,170.95,1.49,-4.63,-9.6,-6.77,-6.75,1,3292,-0.9,-141.2,0.9
0.5,79.349739,170.51,1.52,-5.49,-9.61,-7.36,-6.5,1,3164,4.7,-52.8,-0.3
0.5,79.359739,170.68,1.52,-4.45,-9.57,-7.94,-6.5,1,3053,-4.8,15.9,3.3
0.5,79.369739,171.39,1.36,-3.73,-9.5,-8.52,-7.25,1,2926,-6.5,3.5,1.8
0.5,79.379739,172.62,1.33,-4.47,-9.53,-9.08,-8.5,1,2789,-1.5,-61.7,-0.1
0.5,79.389739,173.14,1.38,-6.2,-9.6,-9.64,-9.25,1,2670,-0.7,-108.5,-0.2
0.5,79.399739,173.32,1.43,-7.46,-9.65,-10.18,-9.25,1,2535,4.0,-78.8,-1.0
0.5,79.409739,173.5,1.48,-7.31,-9.64,-10.72,-9.5,1,2416,0.6,-14.5,1.4
0.5,79.419739,174.29,1.38,-6.85,-9.58,-11.24,-10.25,1,3296,-6.1,-17.8,2.5
0.5,79.429739,175.52,1.29,-7.54,-9.58,-11.76,-11.5,1,3169,-2.3,-66.6,0.7
0.5,79.439739,176.48,1.32,-9.14,-9.64,-12.26,-12.5,1,3050,-1.8,-110.5,0.6
0.5,79.449739,177.36,1.34,-10.59,-9.67,-12.75,-13.25,1,2922,0.5,-101.1,0.5
0.5,79.459739,177.71,1.33,-11.43,-9.67,-13.23,-13.5,1,2794,-3.0,-94.0,1.9
0.5,79.469739,177.54,1.28,-11.87,-9.67,-13.69,-13.5,1,2666,-1.8,-50.5,0.2
0.5,79.479740,177.45,1.29,-11.41,-9.66,-14.14,-13.5,1,2531,0.3,2.4,1.9
0.5,79.489740,177.8,1.28,-10.83,-9.62,-14.58,-13.75,1,2412,-2.1,5.0,1.3
0.5,79.499740,178.68,1.28,-10.92,-9.62,-15.0,-14.75,1,3292,1.9,-11.7,0.6
0.5,79.509740,179.91,1.31,-11.84,-9.64,-15.41,-15.75,1,3165,-1.0,-75.3,0.9
0.5,79.519740,180.7,1.28,-13.66,-9.69,-15.8,-16.5,1,3054,-1.8,-118.1,-0.6
0.5,79.529740,180.62,1.26,-15.05,-9.72,-16.18,-16.25,1,2927,-1.3,-96.3,1.4
0.5,79.539740,180.09,1.25,-14.94,-9.7,-16.54,-15.75,1,2790,-0.8,-10.5,0.8
0.5,79.549740,180.09,1.22,-13.78,-9.64,-16.89,-15.5,1,2662,-2.8,29.9,3.4
0.5,79.559740,180.18,1.17,-13.1,-9.57,-17.21,-16.25,1,2535,-1.5,27.7,3.4
0.5,79.569740,180.7,1.17,-13.11,-9.57,-17.53,-16.75,1,2434,-0.8,1.6,-0.2
0.5,79.579740,180.88,1.23,-13.98,-9.67,-17.82,-16.75,1,3297,2.1,-61.0,-4.1
0.5,79.589740,180.88,1.29,-14.67,-9.73,-18.1,-16.75,1,3169,2.4,-7.0,0.0
0.5,79.599740,182.02,1.27,-14.29,-9.66,-18.36,-17.75,1,3049,-1.0,-15.5,2.6
0.5,79.609740,182.72,1.22,-15.11,-9.66,-18.6,-18.75,1,2913,-1.5,-73.6,-0.8
0.5,79.619740,183.08,1.21,-16.73,-9.73,-18.82,-19.0,1,2795,-2.9,-103.6,-0.2
0.5,79.629740,183.16,1.21,-17.4,-9.74,-19.02,-19.25,1,2667,1.5,-37.0,0.6
0.5,79.639740,183.16,1.22,-16.91,-9.7,-19.21,-19.25,1,2531,-2.4,-17.8,2.5
0.5,79.649740,183.16,1.17,-16.76,-9.68,-19.37,-19.25,1,2429,0.0,-4.3,-0.3
0.5,79.659740,183.16,1.2,-16.63,-9.7,-19.52,-19.25,1,3292,-0.5,-0.4,0.9
0.5,79.669740,183.16,1.19,-16.59,-9.69,-19.65,-19.25,1,3165,-0.5,0.5,0.0
0.5,79.679740,183.43,1.19,-16.58,-9.7,-19.75,-19.5,1,3054,0.5,-0.7,0.4
0.5,79.689740,183.96,1.22,-16.71,-9.69,-19.84,-20.0,1,2918,1.5,-11.0,0.6
0.5,79.699740,184.48,1.22,-17.35,-9.72,-19.91,-20.5,1,2790,-1.2,-54.3,-1.1
0.5,79.709740,184.48,1.22,-18.29,-9.76,-19.96,-20.5,1,2663,1.1,-50.5,0.3
0.5,79.719740,184.31,1.21,-18.49,-9.74,-19.99,-20.25,1,2535,-3.0,-23.2,0.6
0.5,79.729740,184.04,1.15,-18.08,-9.7,-20.0,-19.75,1,2426,-0.0,13.6,2.5
0.5,79.739740,183.96,1.13,-17.4,-9.64,-19.99,-19.75,1,3297,-3.3,31.4,3.0
0.5,79.749740,183.96,1.1,-17.19,-9.63,-19.96,-19.5,1,3169,-0.2,2.9,0.4
0.5,79.759740,184.04,1.13,-17.44,-9.66,-19.91,-19.5,1,3050,-0.3,3.1,0.4
0.5,79.769740,184.04,1.14,-17.45,-9.65,-19.84,-20.25,1,2914,1.5,-0.8,1.0
0.5,79.779740,184.22,1.14,-17.45,-9.66,-19.75,-20.25,1,2795,-1.9,3.6,-0.5
0.5,79.789740,183.96,1.13,-17.64,-9.7,-19.65,-19.5,1,2668,1.0,-23.0,-2.4
0.5,79.799740,183.43,1.16,-17.77,-9.72,-19.52,-18.5,1,2531,-1.1,13.9,1.3
0.5,79.809740,182.99,1.1,-16.88,-9.62,-19.37,-18.25,1,2430,-0.6,52.2,3.8
0.5,79.819740,182.9,1.09,-15.84,-9.54,-19.21,-18.5,1,3293,0.8,65.9,3.2
0.5,79.829740,182.81,1.11,-15.64,-9.55,-19.02,-18.75,1,3165,-0.1,6.3,-0.5
0.5,79.839740,182.99,1.09,-16.17,-9.62,-18.82,-18.75,1,3056,-2.8,6.0,-1.8
0.5,79.849740,182.99,1.11,-16.21,-9.65,-18.6,-18.5,1,2918,3.5,-3.7,-0.7
0.5,79.859740,182.9,1.16,-16.31,-9.63,-18.36,-18.5,1,2791,-0.2,-0.6,0.6
0.5,79.869740,182.99,1.12,-16.27,-9.63,-18.1,-18.5,1,2663,-0.3,1.2,-0.4
0.5,79.879740,182.9,1.12,-16.25,-9.63,-17.82,-18.25,1,2536,-0.0,-0.0,0.6
0.5,79.889740,182.37,1.11,-16.23,-9.63,-17.53,-17.5,1,2435,-1.7,3.3,-0.6
0.5,79.899740,181.93,1.1,-15.84,-9.62,-17.21,-16.75,1,3298,1.6,36.0,2.1
0.5,79.909740,181.76,1.11,-14.96,-9.56,-16.89,-16.75,1,3170,-0.6,55.4,1.6
0.5,79.919740,181.67,1.12,-14.43,-9.55,-16.54,-17.25,1,3051,2.7,34.1,-0.0
0.5,79.929740,181.67,1.14,-14.6,-9.58,-16.18,-17.0,1,2914,-2.3,3.7,-0.7
0.5,79.939740,181.14,1.1,-14.87,-9.61,-15.8,-16.25,1,2795,0.3,3.5,-1.4
0.5,79.949740,180.44,1.14,-14.7,-9.63,-15.41,-15.25,1,2668,1.6,17.0,-0.8
0.5,79.959740,180.18,1.16,-13.64,-9.56,-15.0,-15.25,1,2532,1.9,93.4,4.1
0.5,79.969740,179.91,1.13,-12.45,-9.49,-14.58,-14.75,1,2431,-1.7,42.8,-0.1
0.5,79.979739,179.82,1.13,-12.7,-9.56,-14.14,-14.75,1,3294,2.1,25.5,-2.3
0.5,79.989739,179.38,1.17,-12.73,-9.58,-13.69,-14.25,1,3166,-0.4,14.3,0.6
0.5,79.999739,178.51,1.16,-12.59,-9.58,-13.23,-13.5,1,3047,1.0,25.2,-2.2
0.5,80.009739,177.89,1.19,-11.78,-9.59,-12.75,-12.75,1,2919,1.8,69.7,-0.1
0.5,80.019739,177.45,1.19,-10.61,-9.52,-12.26,-12.25,1,2791,0.3,72.7,2.5
0.5,80.029739,177.01,1.2,-10.01,-9.5,-11.76,-11.75,1,2664,3.4,57.2,-1.8
0.5,80.039739,176.57,1.24,-9.69,-9.54,-11.24,-11.5,1,2527,-0.0,47.1,0.0
0.5,80.049739,176.31,1.22,-9.43,-9.53,-10.72,-11.25,1,2435,1.3,36.5,-1.0
0.5,80.059739,175.87,1.25,-9.27,-9.55,-10.18,-10.75,1,3298,1.6,26.2,-0.5
0.5,80.069739,174.99,1.25,-8.98,-9.54,-9.64,-9.75,1,3171,-0.3,39.5,-0.7
0.5,80.079739,174.11,1.27,-7.99,-9.52,-9.08,-9.0,1,3051,4.7,85.5,0.4
0.5,80.089739,173.58,1.3,-6.73,-9.49,-8.52,-8.5,1,2914,-1.8,80.3,-0.3
0.5,80.099739,173.06,1.27,-6.12,-9.5,-7.94,-7.75,1,2796,3.3,65.9,-1.4
0.5,80.109739,172.79,1.34,-5.72,-9.5,-7.36,-7.5,1,2668,1.5,54.9,0.0
0.5,80.119739,172.35,1.34,-5.4,-9.49,-6.77,-7.25,1,2532,2.0,42.8,-0.6
0.5,80.129739,171.74,1.36,-5.15,-9.5,-6.18,-6.5,1,2431,1.7,37.0,-0.5
0.5,80.139739,170.77,1.38,-4.77,-9.5,-5.58,-5.75,1,3294,1.4,43.8,-1.6
0.5,80.149739,170.16,1.42,-3.84,-9.49,-4.97,-4.75,1,3165,4.4,86.1,0.0
0.5,80.159739,169.45,1.41,-2.65,-9.44,-4.36,-4.25,1,3047,-3.4,77.5,1.0
0.5,80.169739,168.84,1.38,-1.98,-9.43,-3.75,-3.75,1,2919,4.8,75.4,-1.2
0.5,80.179739,168.49,1.48,-1.43,-9.44,-3.13,-3.25,1,2791,2.2,57.5,-0.1
0.5,80.189739,168.13,1.46,-1.13,-9.42,-2.51,-2.75,1,2664,0.7,47.1,0.1
0.5,80.199739,167.87,1.47,-0.9,-9.42,-1.88,-2.75,1,2528,2.3,33.8,-0.2
0.5,80.209739,167.34,1.49,-0.72,-9.42,-1.26,-2.25,1,2435,0.3,31.2,0.1
0.5,80.219739,166.03,1.5,-0.35,-9.42,-0.63,-0.75,1,3289,2.5,40.2,-1.1
0.5,80.229740,164.62,1.59,0.79,-9.41,0.0,0.75,1,3170,7.1,104.3,-0.5
0.5,80.239739,163.48,1.64,2.85,-9.34,0.63,1.5,1,3051,-0.2,142.1,0.6
0.5,80.249739,162.95,1.56,4.4,-9.31,1.26,1.5,1,2915,-0.7,117.8,-1.6
0.5,80.259739,163.39,1.57,5.03,-9.32,1.88,1.25,1,2796,1.4,86.5,-0.5
0.5,80.269739,163.48,1.64,4.47,-9.34,2.51,1.0,1,2669,5.1,-24.0,-1.4
0.5,80.279739,163.48,1.71,3.19,-9.4,3.13,1.75,1,2533,3.5,-18.2,-0.9
0.5,80.289739,162.16,1.7,3.28,-9.38,3.75,3.0,1,2431,0.5,4.1,1.1
0.5,80.299739,160.93,1.66,4.36,-9.33,4.36,3.5,1,3293,-1.5,85.2,0.3
0.5,80.309739,160.84,1.62,6.37,-9.29,4.97,4.0,1,3166,-1.6,119.6,-0.5
0.5,80.319739,160.31,1.66,7.17,-9.29,5.58,5.0,1,3047,3.6,45.7,-1.4
0.5,80.329739,158.99,1.79,6.69,-9.3,6.18,6.0,1,2920,7.5,26.5,1.4
0.5,80.339739,158.47,1.8,7.78,-9.24,6.77,6.25,1,2792,-2.9,127.8,-0.2
0.5,80.349739,158.2,1.68,9.53,-9.22,7.36,6.75,1,2665,-2.7,74.5,-1.5
0.5,80.359739,157.06,1.78,9.32,-9.23,7.94,8.25,1,2529,10.8,32.0,1.1
0.5,80.369739,156.01,1.95,9.74,-9.2,8.52,9.25,1,2436,2.7,84.1,-0.6
0.5,80.379739,155.3,1.86,11.51,-9.17,9.08,9.5,1,3298,-2.0,125.0,-0.5
0.5,80.389739,155.04,1.77,12.58,-9.15,9.64,9.5,1,3170,-4.5,66.9,-1.0
0.5,80.399739,154.6,1.83,12.35,-9.16,10.18,10.0,1,3051,8.7,34.6,0.3
0.5,80.409739,154.34,2.05,12.47,-9.12,10.72,10.25,1,2916,8.0,44.8,1.9
0.5,80.419739,154.25,1.98,12.91,-9.11,11.24,11.0,1,2788,-7.2,33.3,-1.5
0.5,80.429739,153.19,1.83,12.92,-9.15,11.76,12.0,1,2669,1.9,13.3,-0.1
0.5,80.439739,152.23,1.99,13.55,-9.1,12.26,12.75,1,2533,5.4,82.4,1.7
0.5,80.449739,151.79,2.0,15.12,-9.05,12.75,13.25,1,2432,-3.4,87.9,-2.5
0.5,80.459739,151.52,1.93,15.79,-9.07,13.23,13.0,1,3295,2.4,61.5,-0.0
0.5,80.469739,151.61,2.0,15.87,-9.05,13.69,12.75,1,3166,0.0,34.9,-0.7
0.5,80.479740,151.61,2.02,15.57,-9.07,14.14,13.25,1,3047,5.4,-3.5,0.5
0.5,80.489739,151.52,2.07,15.18,-9.08,14.58,13.75,1,2920,-0.5,-0.2,-0.3
0.5,80.499739,150.91,2.03,15.23,-9.08,15.0,14.25,1,2793,1.4,1.7,1.0
0.5,80.509739,150.38,2.0,15.77,-9.05,15.41,14.75,1,2665,-5.6,52.2,-0.4
0.5,80.519739,149.94,1.98,16.79,-9.03,15.8,15.25,1,2529,4.9,50.9,0.2
0.5,80.529739,149.68,2.12,17.26,-9.0,16.18,15.5,1,2437,2.9,48.6,0.3
0.5,80.539739,149.33,2.09,17.66,-8.99,16.54,16.0,1,3290,-1.3,42.4,-0.4
0.5,80.549739,148.36,2.07,17.75,-9.0,16.89,16.75,1,3171,1.9,15.0,-0.2
0.5,80.559739,147.57,2.16,18.3,-8.97,17.21,17.5,1,3052,4.8,82.8,0.8
0.5,80.569739,146.95,2.19,19.78,-8.92,17.53,18.25,1,2916,-1.7,79.8,-1.7
0.5,80.579739,146.25,2.16,20.48,-8.93,17.82,18.25,1,2789,3.7,73.7,-0.0
0.5,80.589739,146.25,2.25,21.27,-8.88,18.1,18.25,1,2661,2.5,84.6,-0.1
0.5,80.599739,146.16,2.24,21.31,-8.9,18.36,18.75,1,2534,0.3,-6.2,-1.5
0.5,80.609739,145.9,2.25,20.53,-8.92,18.6,18.75,1,3423,4.3,12.2,2.3
0.5,80.619739,146.25,2.24,20.96,-8.88,18.82,18.25,1,3294,-6.2,25.1,-1.6
0.5,80.629739,146.34,2.13,20.91,-8.94,19.02,18.25,1,3167,0.8,-18.2,-0.7
0.5,80.639740,146.25,2.25,20.36,-8.94,19.21,19.0,1,3048,4.9,-12.0,1.3
0.5,80.649740,145.2,2.3,20.45,-8.91,19.37,20.0,1,2912,0.0,3.6,0.8
0.5,80.659740,144.49,2.24,21.33,-8.88,19.52,20.5,1,2793,-1.5,71.5,-0.4
0.5,80.669740,144.23,2.23,22.83,-8.84,19.65,20.25,1,2666,-1.5,82.5,-0.9
0.5,80.679740,144.58,2.24,23.48,-8.83,19.75,20.0,1,2530,0.9,54.1,-0.2
0.5,80.689740,144.4,2.33,22.82,-8.85,19.84,20.25,1,3419,6.7,-37.0,0.1
0.5,80.699740,144.67,2.4,21.96,-8.86,19.91,19.75,1,3291,2.1,4.7,2.4
0.5,80.709740,145.11,2.31,22.32,-8.84,19.96,19.25,1,3162,-5.8,-5.1,-1.5
0.5,80.719740,145.28,2.19,21.72,-8.91,19.99,19.25,1,3053,-0.6,-51.1,-0.3
0.5,80.729740,145.2,2.27,21.0,-8.92,20.0,19.5,1,2917,3.2,-25.7,1.3
0.5,80.739740,144.93,2.33,21.32,-8.88,19.99,19.75,1,2789,-0.3,7.1,1.4
0.5,80.749740,144.84,2.25,21.88,-8.86,19.96,20.0,1,2662,-5.1,22.6,-0.9
0.5,80.759740,144.67,2.21,22.18,-8.87,19.91,20.0,1,2534,1.5,14.6,1.0
0.5,80.769740,144.58,2.28,22.23,-8.84,19.84,20.25,1,3423,-0.2,13.5,0.4
0.5,80.779740,144.67,2.27,22.31,-8.85,19.75,19.75,1,3296,0.5,8.8,0.2
0.5,80.789740,145.37,2.28,22.27,-8.84,19.65,19.25,1,3167,0.5,1.0,0.8
0.5,80.799740,145.55,2.27,21.64,-8.88,19.52,18.75,1,3049,-0.3,-55.9,-0.9
0.5,80.809740,145.46,2.27,20.72,-8.93,19.37,19.5,1,2912,3.0,-34.3,1.0
0.5,80.819740,144.58,2.31,21.04,-8.89,19.21,20.5,1,2785,-0.8,9.8,0.9
0.5,80.829739,143.61,2.26,21.92,-8.86,19.02,21.0,1,2657,-2.3,44.0,-0.2
0.5,80.839739,143.79,2.25,23.33,-8.82,18.82,20.75,1,2530,-1.1,107.7,-1.3
0.5,80.849739,144.93,2.3,24.13,-8.81,18.6,19.75,1,3419,2.9,15.5,-0.3
0.5,80.859739,145.63,2.35,22.46,-8.85,18.36,18.75,1,3292,2.6,-74.0,1.4
0.5,80.869739,145.72,2.29,20.5,-8.92,18.1,18.75,1,3163,-2.8,-106.6,0.5
0.5,80.879739,145.63,2.25,19.93,-8.94,17.82,18.75,1,3053,1.8,-25.2,1.7
0.5,80.889739,146.25,2.27,20.89,-8.88,17.53,18.25,1,2917,-4.3,15.0,0.6
0.5,80.899739,146.95,2.13,20.89,-8.91,17.21,17.25,1,2789,-6.5,-40.4,-2.0
0.5,80.909739,147.66,2.15,19.58,-8.98,16.89,16.75,1,2662,5.8,-75.7,2.0
0.5,80.919739,148.27,2.3,18.52,-8.95,16.54,16.0,1,2534,1.5,-70.4,2.7
0.5,80.929739,148.36,2.19,17.95,-8.98,16.18,15.75,1,3424,-5.6,-62.1,-0.9
0.5,80.939739,148.1,2.1,17.72,-9.03,15.8,16.25,1,3296,0.0,-31.6,0.1
0.5,80.949739,148.18,2.17,18.17,-8.99,15.41,16.25,1,3168,0.1,14.4,1.5
0.5,80.959739,148.97,2.13,18.76,-8.95,15.0,15.25,1,3049,-5.0,13.4,-0.1
0.5,80.969739,150.03,2.1,18.19,-8.99,14.58,14.25,1,2912,2.6,-56.4,-0.0
0.5,80.979739,150.73,2.14,16.46,-9.05,14.14,13.5,1,2785,-1.0,-102.8,0.9
0.5,80.989739,150.64,2.1,15.16,-9.08,13.69,13.75,1,2658,-0.2,-84.1,1.3
0.5,80.999739,150.21,2.11,15.29,-9.07,13.23,14.5,1,2530,-0.3,-5.0,0.7
0.5,81.009739,149.5,2.08,16.34,-9.02,12.75,14.75,1,3419,-3.9,25.8,1.5
0.5,81.019739,150.03,2.01,17.26,-8.99,12.26,14.25,1,3292,-4.6,60.7,-0.8
0.5,81.029739,151.08,2.02,17.46,-9.01,11.76,13.25,1,3164,2.2,-14.2,-0.2
0.5,81.039739,152.4,2.1,15.85,-9.06,11.24,11.75,1,3053,2.9,-87.0,0.8
0.5,81.049739,153.28,2.06,13.72,-9.13,10.72,10.75,1,2917,-3.5,-139.6,0.4
0.5,81.059739,153.54,1.98,12.14,-9.18,10.18,10.75,1,2790,0.0,-105.5,1.3
0.5,81.069739,153.98,2.03,12.2,-9.15,9.64,10.25,1,2654,0.6,-27.6,1.9
0.5,81.079739,154.78,1.94,12.65,-9.14,9.08,9.5,1,2535,-9.3,-33.1,-0.8
0.5,81.089739,155.3,1.8,11.87,-9.2,8.52,9.0,1,3424,-2.9,-73.3,-0.6
0.5,81.099739,155.83,1.93,10.91,-9.24,7.94,8.5,1,3297,6.6,-55.7,-0.3
0.5,81.109739,156.18,2.0,10.54,-9.23,7.36,8.25,1,3168,-2.4,-54.4,1.6
0.5,81.119739,156.88,1.88,10.14,-9.22,6.77,7.5,1,3049,-3.4,-41.0,0.8
0.5,81.129739,157.68,1.83,9.8,-9.23,6.18,6.5,1,2913,-3.6,-47.6,1.4
0.5,81.139739,158.12,1.77,8.83,-9.25,5.58,6.25,1,2786,-5.9,-90.3,0.9
0.5,81.149739,158.47,1.8,7.79,-9.28,4.97,5.75,1,2659,6.4,-61.4,0.3
0.5,81.159739,159.35,1.94,7.88,-9.27,4.36,4.75,1,2531,1.5,-19.9,1.9
0.5,81.169739,160.22,1.74,7.47,-9.27,3.75,4.0,1,3419,-15.7,-82.8,-0.1
0.5,81.179739,160.58,1.59,5.84,-9.35,3.13,3.75,1,3293,3.5,-100.3,-0.4
0.5,81.189739,160.93,1.87,5.3,-9.36,2.51,3.25,1,3164,8.5,-36.4,1.7
0.5,81.199739,162.16,1.78,5.49,-9.32,1.88,1.75,1,3054,-13.7,-44.0,1.0
0.5,81.209739,163.56,1.5,4.39,-9.35,1.26,0.5,1,2918,-6.2,-103.0,1.0
0.5,81.219739,164.62,1.61,2.51,-9.4,0.63,-0.25,1,2790,3.7,-129.2,0.5
0.5,81.229740,164.62,1.72,1.15,-9.44,-0.0,-0.25,1,2654,1.8,-109.4,1.5
0.5,81.239739,164.27,1.69,1.05,-9.41,-0.63,0.25,1,2527,-2.0,-30.2,1.6
0.5,81.249739,163.92,1.61,1.99,-9.37,-1.26,0.25,1,3425,-3.5,15.1,1.5
0.5,81.259739,164.53,1.55,2.91,-9.34,-1.88,-0.25,1,3296,-4.8,47.0,1.0
0.5,81.269739,165.94,1.52,2.87,-9.35,-2.51,-1.75,1,3168,-1.6,-36.2,-0.3
0.5,81.279739,166.99,1.58,0.93,-9.41,-3.13,-2.75,1,3050,2.5,-110.2,0.9
0.5,81.289739,167.26,1.58,-1.15,-9.47,-3.75,-3.25,1,2914,-3.8,-134.1,-0.6
0.5,81.299739,167.34,1.54,-1.88,-9.5,-4.36,-3.25,1,2786,2.2,-49.5,-0.3
0.5,81.309739,167.96,1.56,-1.02,-9.46,-4.97,-3.75,1,2659,-4.2,1.9,2.7
0.5,81.319739,169.37,1.44,-1.07,-9.42,-5.58,-5.25,1,2532,-5.9,-56.4,0.6
0.5,81.329739,170.6,1.43,-2.73,-9.49,-6.18,-6.5,1,3421,1.3,-108.3,-0.1
0.5,81.339739,170.95,1.49,-4.67,-9.54,-6.77,-6.75,1,3293,-1.5,-141.5,0.9
0.5,81.349739,170.51,1.52,-5.54,-9.56,-7.36,-6.5,1,3166,5.4,-54.1,-0.3
0.5,81.359739,170.6,1.54,-4.5,-9.51,-7.94,-6.5,1,3045,-5.2,16.4,3.3
0.5,81.369739,171.47,1.36,-3.76,-9.44,-8.52,-7.25,1,2918,-6.7,4.2,1.8
0.5,81.379739,172.62,1.34,-4.49,-9.48,-9.08,-8.5,1,2791,-0.9,-61.0,-0.1
0.5,81.389739,173.14,1.39,-6.21,-9.55,-9.64,-9.25,1,2655,-1.2,-107.3,-0.4
0.5,81.399739,173.41,1.43,-7.47,-9.59,-10.18,-9.25,1,2536,4.0,-80.0,-0.7
0.5,81.409739,173.41,1.49,-7.35,-9.58,-10.72,-9.5,1,3425,0.8,-14.5,1.2
0.5,81.419739,174.38,1.39,-6.87,-9.53,-11.24,-10.25,1,3298,-6.5,-17.4,2.5
0.5,81.429739,175.52,1.3,-7.56,-9.53,-11.76,-11.5,1,3170,-1.8,-66.2,0.7
0.5,81.439739,176.48,1.33,-9.14,-9.58,-12.26,-12.5,1,3051,-2.2,-109.9,0.5
0.5,81.449739,177.28,1.34,-10.59,-9.61,-12.75,-13.25,1,2914,0.4,-101.4,0.7
0.5,81.459739,177.63,1.34,-11.45,-9.62,-13.23,-13.75,1,2787,-2.8,-94.1,1.7
0.5,81.469739,177.54,1.28,-11.89,-9.61,-13.69,-13.5,1,2659,-2.0,-51.3,0.2
0.5,81.479740,177.45,1.3,-11.44,-9.6,-14.14,-13.5,1,2532,0.5,2.4,1.8
0.5,81.489740,177.8,1.29,-10.85,-9.56,-14.58,-13.75,1,3421,-2.3,4.9,1.5
0.5,81.499740,178.68,1.28,-10.95,-9.57,-15.0,-14.75,1,3293,1.9,-11.9,0.5
0.5,81.509740,179.91,1.32,-11.87,-9.59,-15.41,-15.75,1,3166,-0.9,-75.0,0.9
0.5,81.519740,180.7,1.28,-13.69,-9.63,-15.8,-16.75,1,3047,-2.1,-118.9,-0.5
0.5,81.529740,180.53,1.26,-15.1,-9.67,-16.18,-16.5,1,2911,-1.2,-97.4,1.3
0.5,81.539740,180.18,1.26,-14.99,-9.64,-16.54,-16.25,1,2791,-0.8,-10.6,0.8
0.5,81.549740,180.62,1.23,-13.82,-9.58,-16.89,-16.5,1,2655,-1.7,30.2,4.3
0.5,81.559740,181.32,1.2,-13.49,-9.53,-17.21,-17.25,1,2528,-0.9,-7.3,0.9
0.5,81.569740,182.02,1.23,-14.57,-9.62,-17.53,-18.0,1,3426,0.2,-70.3,-2.5
0.5,81.579740,182.29,1.26,-15.93,-9.67,-17.82,-18.25,1,3298,-0.3,-73.3,1.1
0.5,81.589740,182.11,1.23,-16.36,-9.66,-18.1,-18.0,1,3171,-1.7,-40.0,-0.7
0.5,81.599740,181.85,1.22,-15.98,-9.65,-18.36,-17.75,1,3052,0.6,4.8,2.1
0.5,81.609740,181.85,1.18,-15.24,-9.58,-18.6,-17.75,1,2915,-4.3,29.5,2.8
0.5,81.619740,182.72,1.13,-14.98,-9.55,-18.82,-18.75,1,2787,0.8,0.8,1.1
0.5,81.629740,183.78,1.21,-15.84,-9.61,-19.02,-19.75,1,2660,1.4,-57.2,-1.7
0.5,81.639740,184.39,1.23,-17.47,-9.68,-19.21,-20.5,1,2532,-0.9,-105.3,-0.3
0.5,81.649740,184.31,1.22,-18.79,-9.71,-19.37,-20.25,1,3422,0.0,-83.1,-0.8
0.5,81.659740,183.78,1.22,-18.58,-9.7,-19.52,-19.75,1,3294,-0.9,-1.6,1.1
0.5,81.669740,183.87,1.16,-17.43,-9.61,-19.65,-19.75,1,3166,-1.7,34.1,4.8
0.5,81.679740,183.87,1.1,-16.89,-9.55,-19.75,-19.75,1,3048,-3.7,17.7,1.2
0.5,81.689740,183.78,1.1,-17.08,-9.59,-19.84,-19.75,1,2919,1.0,-2.5,-0.3
0.5,81.699740,183.87,1.16,-17.29,-9.61,-19.91,-19.75,1,2792,0.0,-0.4,0.5
0.5,81.709740,183.87,1.15,-17.27,-9.6,-19.96,-19.75,1,2655,0.4,-0.3,0.1
0.5,81.719740,183.87,1.15,-17.26,-9.61,-19.99,-19.75,1,2537,-0.3,0.4,0.3
0.5,81.729740,183.87,1.14,-17.25,-9.6,-20.0,-19.75,1,3426,-0.3,0.3,0.3
0.5,81.739740,183.87,1.14,-17.25,-9.61,-19.99,-19.75,1,3299,-0.0,0.2,0.1
0.5,81.749740,183.78,1.14,-17.26,-9.61,-19.96,-19.75,1,3171,0.2,-0.3,0.3
0.5,81.759740,183.78,1.15,-17.26,-9.61,-19.91,-19.75,1,3051,0.2,-0.1,0.3
0.5,81.769740,183.87,1.15,-17.26,-9.61,-19.84,-19.75,1,2915,-0.1,0.2,0.2
0.5,81.779740,183.96,1.14,-17.26,-9.61,-19.75,-19.75,1,2788,-0.1,0.1,0.3
0.5,81.789740,183.87,1.14,-17.26,-9.6,-19.65,-19.75,1,2660,-0.0,0.2,0.3
0.5,81.799740,183.69,1.14,-17.26,-9.6,-19.52,-19.75,1,2533,0.0,-0.2,0.3
0.5,81.809740,183.78,1.15,-17.26,-9.6,-19.37,-19.75,1,3422,0.2,-0.1,0.3
0.5,81.819740,183.69,1.14,-17.26,-9.6,-19.21,-19.5,1,3295,-0.6,0.6,0.2
0.5,81.829740,183.69,1.13,-17.22,-9.61,-19.02,-18.75,1,3176,-0.8,3.3,-0.0
0.5,81.839740,183.16,1.14,-17.17,-9.6,-18.82,-18.25,1,3048,1.1,2.4,0.8
0.5,81.849740,183.08,1.13,-16.66,-9.55,-18.6,-18.25,1,2911,-1.1,51.8,3.9
0.5,81.859740,182.99,1.11,-15.84,-9.5,-18.36,-18.5,1,2792,1.5,33.0,0.0
0.5,81.869740,182.99,1.12,-15.99,-9.55,-18.1,-18.75,1,2656,-2.2,3.4,-0.4
0.5,81.879740,182.81,1.1,-16.28,-9.57,-17.82,-18.5,1,2528,1.0,0.9,-0.7
0.5,81.889740,182.81,1.13,-16.27,-9.58,-17.53,-18.0,1,3418,-1.4,2.6,-0.4
0.5,81.899740,182.37,1.12,-16.27,-9.58,-17.21,-17.5,1,3299,2.4,-1.4,0.2
0.5,81.909740,182.02,1.14,-15.83,-9.53,-16.89,-17.25,1,3172,-1.0,48.7,3.2
0.5,81.919740,181.76,1.1,-14.93,-9.49,-16.54,-16.75,1,3053,0.0,39.5,-1.0
0.5,81.929740,181.58,1.12,-14.7,-9.52,-16.18,-16.5,1,2915,0.5,31.8,1.1
0.5,81.939740,181.41,1.12,-14.51,-9.51,-15.8,-16.5,1,2788,0.3,27.2,-0.6
0.5,81.949740,180.97,1.13,-14.39,-9.52,-15.41,-16.0,1,2661,0.7,16.7,0.1
0.5,81.959740,180.35,1.13,-14.27,-9.53,-15.0,-15.25,1,2542,-1.1,22.8,-0.9
0.5,81.969740,179.65,1.13,-13.51,-9.51,-14.58,-14.75,1,3422,2.9,69.7,1.1
0.5,81.979739,179.21,1.17,-12.39,-9.47,-14.14,-14.25,1,3295,1.0,64.9,-0.1
0.5,81.989739,178.86,1.17,-11.88,-9.49,-13.69,-13.75,1,3176,0.7,55.8,-1.8
0.5,81.999739,178.59,1.18,-11.59,-9.5,-13.23,-13.5,1,3049,0.9,38.2,0.9
0.5,82.009739,178.33,1.18,-11.44,-9.48,-12.75,-13.25,1,2911,0.4,32.9,-0.7
0.5,82.019739,177.71,1.18,-11.25,-9.49,-12.26,-12.75,1,2784,0.7,24.0,0.3
0.5,82.029739,177.01,1.2,-10.97,-9.49,-11.76,-11.75,1,2657,1.5,36.7,-1.2
0.5,82.039739,176.31,1.26,-10.08,-9.49,-11.24,-11.25,1,2538,5.2,76.5,-0.2
0.5,82.049739,175.78,1.27,-8.98,-9.45,-10.72,-10.5,1,3418,-2.5,70.3,0.3
0.5,82.059739,175.25,1.21,-8.38,-9.45,-10.18,-10.25,1,3291,2.4,66.8,-1.2
0.5,82.069739,174.9,1.28,-7.91,-9.46,-9.64,-9.75,1,3172,1.1,50.0,-0.1
0.5,82.079739,174.55,1.28,-7.65,-9.46,-9.08,-9.5,1,3052,1.5,43.1,-1.1
0.5,82.089739,174.11,1.3,-7.42,-9.47,-8.52,-9.0,1,2916,1.7,30.1,-0.4
0.5,82.099739,173.23,1.31,-7.19,-9.47,-7.94,-8.0,1,2788,0.5,36.0,-0.9
0.5,82.109739,172.53,1.34,-6.3,-9.46,-7.36,-7.25,1,2653,4.5,82.5,-0.0
0.5,82.119739,171.91,1.35,-5.1,-9.42,-6.77,-6.75,1,2534,-2.2,73.5,-0.0
0.5,82.129739,171.21,1.34,-4.49,-9.42,-6.18,-6.25,1,3423,5.3,70.9,-1.6
0.5,82.139739,170.95,1.42,-3.9,-9.43,-5.58,-5.75,1,3295,0.8,61.0,-0.3
0.5,82.149739,170.68,1.38,-3.56,-9.41,-4.97,-5.5,1,3175,-0.0,44.4,0.6
0.5,82.159739,170.33,1.39,-3.55,-9.4,-4.36,-5.0,1,3048,1.8,17.8,0.1
0.5,82.169739,169.19,1.42,-3.49,-9.41,-3.75,-3.75,1,2912,1.5,32.4,-0.1
0.5,82.179739,167.7,1.48,-2.32,-9.39,-3.13,-2.25,1,2784,6.2,102.2,-0.7
0.5,82.189739,166.38,1.55,-0.18,-9.34,-2.51,-1.5,1,2657,2.2,144.5,-0.2
0.5,82.199739,165.94,1.5,1.54,-9.31,-1.88,-1.5,1,2538,-0.3,129.6,-1.1
0.5,82.209739,166.11,1.49,2.28,-9.3,-1.26,-1.5,1,3419,0.6,89.3,-0.1
0.5,82.219739,166.03,1.55,1.73,-9.33,-0.63,-1.25,1,3290,5.8,-15.6,-2.4
1.0,84.259739,163.65,1.55,2.89,-9.21,2.51,1.75,1,2781,2.2,84.2,-0.6
1.0,84.269739,161.89,1.68,3.59,-9.2,3.75,3.25,1,2654,12.9,129.3,-0.9
1.0,84.279739,160.31,1.79,5.74,-9.15,4.97,4.75,1,3543,-0.0,170.6,-1.1
1.0,84.289739,159.17,1.65,7.59,-9.12,6.18,6.25,1,3415,-1.3,143.0,-1.8
1.0,84.299739,157.85,1.73,8.78,-9.1,7.36,7.25,1,3296,8.7,147.2,-0.4
1.0,84.309739,156.97,1.86,10.01,-9.05,8.52,8.25,1,3177,2.2,119.2,0.0
1.0,84.319739,156.27,1.82,10.78,-9.04,9.64,8.75,1,3041,2.4,104.4,-1.3
1.0,84.329739,155.39,1.86,11.44,-9.04,10.72,9.75,1,2913,3.4,80.6,-0.9
1.0,84.339739,153.63,1.88,11.92,-9.03,11.76,11.5,1,2777,1.1,71.9,-0.8
1.0,84.349739,151.79,1.97,13.33,-8.98,12.75,13.5,1,2650,10.1,149.6,0.2
1.0,84.359739,150.38,2.1,16.01,-8.89,13.69,14.75,1,3548,1.5,190.7,-1.6
1.0,84.369739,149.5,2.02,17.95,-8.86,14.58,15.0,1,3420,-0.8,153.1,-1.5
1.0,84.379739,149.41,2.03,18.79,-8.84,15.41,15.25,1,3292,3.2,121.3,-1.2
1.0,84.389739,149.24,2.14,18.55,-8.85,16.18,15.75,1,3173,6.9,8.7,0.2
1.0,84.399739,148.71,2.22,17.59,-8.85,16.89,16.5,1,3035,4.2,16.2,2.1
1.0,84.409739,147.66,2.14,17.89,-8.83,17.53,17.5,1,2909,-4.8,22.6,-1.7
1.0,84.419739,146.43,2.12,19.11,-8.83,18.1,18.5,1,2782,6.3,115.1,0.4
1.0,84.429739,145.72,2.25,21.11,-8.74,18.6,18.75,1,2654,-0.6,108.3,-1.8
1.0,84.439739,145.63,2.22,22.14,-8.73,19.02,18.75,1,3544,2.6,109.6,-0.2
1.0,84.449740,145.63,2.25,22.22,-8.72,19.37,18.75,1,3416,0.1,6.7,-0.8
1.0,84.459740,145.55,2.25,21.21,-8.76,19.65,19.25,1,3296,3.9,1.6,1.4
1.0,84.469740,145.37,2.29,21.19,-8.74,19.84,19.75,1,3178,-0.7,3.4,-0.3
1.0,84.479740,144.67,2.26,21.26,-8.75,19.96,20.5,1,3033,1.9,5.3,1.1
1.0,84.489740,144.14,2.25,21.94,-8.72,20.0,20.75,1,2915,-4.6,66.3,-1.5
1.0,84.499740,144.49,2.24,23.08,-8.7,19.96,20.25,1,2777,4.1,53.1,0.7
1.0,84.509740,144.76,2.32,23.14,-8.68,19.84,19.75,1,2650,-0.9,19.3,-0.3
1.0,84.519740,144.93,2.31,22.19,-8.74,19.65,19.75,1,3548,5.8,-61.5,-0.4
1.0,84.529740,144.84,2.39,21.33,-8.75,19.37,19.75,1,3421,2.0,-4.7,2.1
1.0,84.539739,145.2,2.29,21.84,-8.73,19.02,19.25,1,3301,-6.4,-6.0,-2.2
1.0,84.549739,145.72,2.21,21.71,-8.77,18.6,18.75,1,3173,1.6,-11.8,1.4
1.0,84.559740,146.34,2.28,21.07,-8.76,18.1,18.25,1,3038,-1.5,-58.0,-0.2
1.0,84.569739,146.69,2.25,20.07,-8.81,17.53,17.75,1,2910,1.5,-53.6,1.7
1.0,84.579739,147.04,2.25,19.65,-8.8,16.89,17.25,1,2773,-3.2,-47.2,0.9
1.0,84.589739,147.57,2.2,19.35,-8.82,16.18,16.75,1,2655,0.2,-35.5,0.2
1.0,84.599739,148.71,2.22,19.08,-8.83,15.41,15.75,1,3544,-0.9,-38.7,0.9
1.0,84.609739,150.03,2.12,18.09,-8.87,14.58,14.25,1,3417,-7.7,-96.1,-0.3
1.0,84.619739,151.0,2.04,16.18,-8.95,13.69,13.25,1,3298,1.3,-133.5,0.9
1.0,84.629739,150.91,2.13,14.72,-8.97,12.75,13.25,1,3178,-0.1,-109.1,2.3
1.0,84.639739,150.73,2.11,14.71,-8.95,11.76,13.5,1,3033,-0.6,-24.8,0.6
1.0,84.649739,151.26,2.07,15.81,-8.91,10.72,13.0,1,2914,-4.5,25.0,1.6
1.0,84.659739,152.49,1.94,15.9,-8.93,9.64,11.75,1,2778,-9.0,-40.0,-2.4
1.0,84.669739,154.51,1.92,14.23,-9.02,8.52,9.75,1,2659,5.4,-102.9,1.3
1.0,84.679739,156.01,2.04,11.99,-9.04,7.36,8.25,1,3548,-2.2,-160.8,2.7
1.0,84.689739,157.06,1.9,9.5,-9.11,6.18,7.25,1,3421,-5.5,-190.7,0.3
1.0,84.699739,158.29,1.87,8.1,-9.15,4.97,6.0,1,3301,0.5,-110.0,2.7
1.0,84.709739,159.61,1.82,7.84,-9.13,3.75,4.75,1,3174,-11.1,-107.0,1.1
1.0,84.719739,160.75,1.63,6.49,-9.18,2.51,3.5,1,3038,-6.5,-138.2,0.1
1.0,84.729739,162.07,1.74,5.01,-9.23,1.26,2.25,1,2910,6.9,-117.2,1.4
1.0,84.739740,163.83,1.79,4.07,-9.23,0.0,0.25,1,2774,-8.9,-114.8,2.2
1.0,84.749739,165.85,1.52,2.39,-9.25,-1.26,-1.75,1,2655,-11.0,-170.2,1.3
1.0,84.759739,167.17,1.48,-0.18,-9.31,-2.51,-3.0,1,3544,-1.4,-201.5,2.0
1.0,84.769739,167.78,1.61,-2.04,-9.36,-3.75,-3.75,1,3417,2.9,-154.6,0.5
1.0,84.779739,168.4,1.61,-2.45,-9.37,-4.97,-4.25,1,3298,-3.7,-88.2,2.2
1.0,84.789739,169.1,1.46,-2.43,-9.34,-6.18,-5.0,1,3178,-9.2,-63.9,0.7
1.0,84.799739,170.51,1.41,-2.78,-9.36,-7.36,-6.5,1,3033,0.6,-59.7,0.7
1.0,84.809739,172.27,1.44,-3.99,-9.37,-8.52,-8.0,1,2914,-6.1,-125.2,2.0
1.0,84.819739,173.32,1.33,-6.2,-9.42,-9.64,-9.25,1,2779,-5.2,-155.8,-0.1
1.0,84.829739,173.76,1.38,-7.76,-9.47,-10.72,-9.5,1,2660,3.5,-125.6,0.8
1.0,84.839739,174.2,1.48,-8.02,-9.46,-11.76,-10.25,1,3549,1.7,-55.4,1.6
1.0,84.849739,175.34,1.35,-7.81,-9.42,-12.75,-11.25,1,3421,-10.6,-49.5,2.7
1.0,84.859739,177.36,1.21,-8.79,-9.42,-13.69,-13.25,1,3303,-2.0,-103.4,1.2
1.0,84.869740,178.86,1.27,-10.89,-9.47,-14.58,-14.75,1,3175,-3.3,-156.7,1.3
1.0,84.879740,179.74,1.23,-13.3,-9.51,-15.41,-15.75,1,3039,-3.9,-187.1,1.1
1.0,84.889740,180.35,1.27,-14.65,-9.56,-16.18,-16.25,1,2912,3.3,-105.1,-0.7
1.0,84.899740,180.26,1.28,-14.56,-9.54,-16.89,-16.25,1,2774,-5.9,-73.3,3.9
1.0,84.909740,180.53,1.18,-14.28,-9.49,-17.53,-16.5,1,2656,0.4,-3.7,-0.0
1.0,84.919740,181.49,1.24,-13.73,-9.49,-18.1,-17.5,1,3545,-0.1,-14.4,2.8
1.0,84.929740,182.46,1.21,-14.59,-9.47,-18.6,-18.25,1,3417,-1.6,-75.2,0.5
1.0,84.939740,182.9,1.19,-16.3,-9.54,-19.02,-18.75,1,3299,-2.4,-109.9,-0.2
1.0,84.949740,183.08,1.2,-17.14,-9.57,-19.37,-19.0,1,3171,1.1,-49.7,0.2
1.0,84.959740,183.16,1.2,-16.85,-9.53,-19.65,-19.0,1,3035,-3.1,-30.6,3.0
1.0,84.969740,183.34,1.15,-16.79,-9.51,-19.84,-19.5,1,2906,-0.2,-13.4,-0.8
1.0,84.979740,183.78,1.19,-16.8,-9.53,-19.96,-19.75,1,2779,0.9,-18.3,1.6
1.0,84.989740,183.78,1.18,-17.31,-9.53,-20.0,-19.75,1,2677,-2.8,-46.3,-1.2
1.0,84.999740,183.6,1.16,-17.55,-9.56,-19.96,-19.5,1,3540,1.9,4.7,1.5
1.0,85.009740,183.78,1.17,-16.94,-9.49,-19.84,-19.75,1,3413,-2.3,10.3,2.2
1.0,85.019740,184.31,1.13,-16.91,-9.48,-19.65,-20.25,1,3303,0.7,-2.9,0.5
1.0,85.029740,184.39,1.16,-17.54,-9.53,-19.37,-20.25,1,3167,-1.2,-50.0,-0.8
1.0,85.039740,184.22,1.16,-18.28,-9.58,-19.02,-19.75,1,3039,0.5,-27.4,-1.7
1.0,85.049740,183.6,1.17,-17.92,-9.56,-18.6,-18.75,1,2911,-0.7,13.9,1.8
1.0,85.059740,182.81,1.12,-17.06,-9.47,-18.1,-17.75,1,2775,-1.1,45.0,3.2
1.0,85.069740,182.55,1.09,-15.9,-9.4,-17.53,-17.5,1,2673,-0.8,84.9,3.4
1.0,85.079740,182.37,1.1,-14.92,-9.38,-16.89,-17.75,1,3545,1.4,58.4,0.2
1.0,85.089740,182.46,1.12,-15.13,-9.42,-16.18,-17.5,1,3418,-1.6,4.8,-0.0
1.0,85.099740,181.58,1.09,-15.63,-9.45,-15.41,-16.75,1,3299,-0.3,3.6,-1.5
1.0,85.109740,180.0,1.12,-15.12,-9.46,-14.58,-15.25,1,3163,1.3,52.9,0.0
1.0,85.119739,178.68,1.15,-13.31,-9.42,-13.69,-13.75,1,3034,2.5,131.4,-1.2
1.0,85.129739,177.89,1.21,-10.96,-9.38,-12.75,-12.75,1,2907,5.2,156.4,0.3
1.0,85.139739,177.45,1.2,-9.84,-9.33,-11.76,-12.25,1,2779,-1.8,87.0,2.0
1.0,85.149739,176.57,1.2,-9.84,-9.34,-10.72,-11.5,1,2669,6.6,69.8,-3.2
1.0,85.159739,175.17,1.29,-9.34,-9.4,-9.64,-10.0,1,3541,-0.5,66.5,-1.2
1.0,85.169739,173.41,1.28,-8.16,-9.37,-8.52,-8.75,1,3422,6.6,121.7,-1.9
1.0,85.179739,172.62,1.37,-5.96,-9.33,-7.36,-8.0,1,3303,2.2,164.8,-0.0
1.0,85.189739,172.0,1.28,-4.47,-9.26,-6.18,-7.0,1,3166,-3.9,106.5,2.0
1.0,85.199739,170.68,1.34,-4.28,-9.28,-4.97,-5.5,1,3039,12.2,77.2,-3.9
1.0,85.209739,168.93,1.54,-3.65,-9.33,-3.75,-3.75,1,2911,3.3,92.5,-1.1
1.0,85.219739,167.43,1.45,-1.76,-9.26,-2.51,-2.25,1,2775,0.0,173.7,-0.3
1.0,85.229739,166.03,1.45,0.62,-9.21,-1.26,-1.0,1,2674,3.7,156.6,-1.1
1.0,85.239740,164.88,1.55,1.9,-9.2,0.0,0.25,1,3546,5.3,144.8,-1.3
1.0,85.249739,164.18,1.6,3.01,-9.17,1.26,1.0,1,3417,3.5,123.1,0.2
1.0,85.259739,163.39,1.61,3.69,-9.15,2.51,1.75,1,3298,3.0,89.4,-1.2
1.0,85.269739,162.42,1.63,4.12,-9.16,3.75,2.75,1,3162,1.9,77.2,-0.4
1.0,85.279739,161.02,1.65,4.83,-9.14,4.97,4.5,1,3035,3.8,83.2,-0.9
1.0,85.289739,158.99,1.75,6.28,-9.13,6.18,5.75,1,2907,7.3,139.1,-2.1
1.0,85.299739,157.85,1.81,8.6,-9.07,7.36,6.75,1,2771,2.1,176.4,-0.2
1.0,85.309739,157.24,1.73,10.44,-9.02,8.52,7.75,1,2678,-3.3,146.0,-1.8
1.0,85.319739,156.01,1.82,10.84,-9.02,9.64,9.25,1,3541,13.8,71.0,0.3
1.0,85.329739,154.34,2.03,10.97,-9.0,10.72,10.75,1,3413,3.9,88.4,-0.6
1.0,85.339739,153.46,1.89,12.86,-8.96,11.76,11.5,1,3304,-4.6,171.0,-1.5
1.0,85.349739,152.67,1.84,14.82,-8.93,12.75,12.25,1,3168,1.9,113.6,-1.4
1.0,85.359739,151.61,2.02,15.09,-8.9,13.69,13.25,1,3040,10.6,84.6,1.8
1.0,85.369739,150.73,2.11,15.74,-8.85,14.58,14.5,1,2912,-0.2,93.8,-1.1
1.0,85.379739,149.68,2.05,16.55,-8.86,15.41,15.5,1,2776,4.1,72.3,0.1
1.0,85.389739,148.8,2.08,17.46,-8.83,16.18,16.25,1,2674,-1.8,112.8,-1.9
1.0,85.399739,147.92,2.08,18.83,-8.8,16.89,17.25,1,3546,4.9,95.9,-0.2
1.0,85.409739,147.13,2.2,19.52,-8.76,17.53,17.25,1,3418,4.0,86.1,-0.1
1.0,85.419739,147.3,2.2,20.33,-8.74,18.1,17.25,1,3300,0.7,90.6,-0.9
1.0,85.429739,147.3,2.16,20.43,-8.76,18.6,17.25,1,3162,-0.2,5.5,-1.3
1.0,85.439739,146.95,2.21,19.58,-8.78,19.02,18.25,1,3035,6.2,0.3,2.1
1.0,85.449740,145.46,2.3,19.66,-8.73,19.37,19.25,1,2908,1.6,13.4,1.0
1.0,85.459740,145.02,2.24,20.97,-8.71,19.65,19.5,1,2772,-2.8,117.7,-2.2
1.0,85.469740,144.76,2.18,22.79,-8.7,19.84,19.75,1,2679,-2.1,78.2,-2.1
1.0,85.479740,144.58,2.27,22.65,-8.68,19.96,19.75,1,3542,8.0,25.7,2.5
1.0,85.489740,144.49,2.38,22.41,-8.64,20.0,20.0,1,3414,-1.1,28.4,-0.1
1.0,85.499740,144.58,2.27,22.49,-8.67,19.96,20.0,1,3305,-0.3,4.7,-0.2
1.0,85.509740,144.49,2.28,22.27,-8.68,19.84,20.0,1,3167,0.1,2.1,0.3
1.0,85.519740,144.32,2.28,22.28,-8.67,19.65,20.0,1,3040,-0.6,3.4,0.3
1.0,85.529740,144.76,2.28,22.31,-8.67,19.37,19.75,1,2912,0.5,1.6,0.2
1.0,85.539739,145.28,2.3,22.17,-8.68,19.02,19.25,1,2776,1.8,-12.3,0.6
1.0,85.549739,145.99,2.28,21.43,-8.72,18.6,18.5,1,2675,-2.5,-59.3,-1.1
1.0,85.559739,146.25,2.26,20.46,-8.76,18.1,18.25,1,3547,3.8,-50.7,1.5
1.0,85.569739,146.69,2.29,20.08,-8.75,17.53,17.75,1,3419,-3.7,-46.7,0.3
1.0,85.579739,146.87,2.19,19.76,-8.78,16.89,17.5,1,3300,-1.3,-36.0,0.1
1.0,85.589739,147.3,2.23,19.61,-8.78,16.18,17.0,1,3163,1.4,-25.2,0.6
1.0,85.599739,148.36,2.24,19.4,-8.78,15.41,16.0,1,3035,-1.5,-31.9,0.7
1.0,85.609739,149.68,2.11,18.45,-8.83,14.58,14.5,1,2908,-8.6,-88.7,-0.6
1.0,85.619739,150.82,2.04,16.59,-8.9,13.69,13.5,1,2772,2.5,-128.8,1.1
1.0,85.629739,151.88,2.14,15.01,-8.92,12.75,12.5,1,2679,-1.2,-117.6,3.2
1.0,85.639739,152.67,2.03,14.04,-8.93,11.76,11.5,1,3543,-6.7,-108.9,-0.0
1.0,85.649739,153.46,1.96,13.27,-8.99,10.72,10.75,1,3415,0.0,-85.0,0.6
1.0,85.659739,153.9,2.01,12.74,-8.99,9.64,10.25,1,3305,-1.8,-77.3,1.6
1.0,85.669739,154.69,1.97,12.24,-8.99,8.52,9.5,1,3167,-2.2,-58.0,0.8
1.0,85.679739,156.01,1.92,11.76,-9.01,7.36,8.25,1,3041,-4.0,-66.7,0.4
1.0,85.689739,157.76,1.82,10.47,-9.06,6.18,6.5,1,2913,-7.8,-121.0,0.7
1.0,85.699739,158.64,1.75,8.38,-9.11,4.97,5.5,1,2776,-1.9,-153.9,1.4
1.0,85.709739,159.43,1.86,6.84,-9.13,3.75,4.75,1,2675,5.1,-121.0,2.0
1.0,85.719739,160.75,1.89,6.43,-9.13,2.51,3.5,1,3538,-3.4,-74.1,1.5
1.0,85.729739,162.69,1.62,5.63,-9.16,1.26,1.5,1,3418,-18.3,-127.0,0.2
1.0,85.739740,164.71,1.48,3.5,-9.21,0.0,-0.5,1,3301,0.6,-160.6,1.4
1.0,85.749739,166.11,1.65,1.14,-9.26,-1.26,-1.75,1,3163,-1.3,-202.2,2.3
1.0,85.759739,166.9,1.62,-1.0,-9.29,-2.51,-2.75,1,3035,-1.0,-171.8,1.7
1.0,85.769739,167.43,1.59,-1.6,-9.3,-3.75,-3.25,1,2909,-3.7,-91.3,1.3
1.0,85.779739,168.4,1.48,-1.54,-9.29,-4.97,-4.25,1,2772,-8.4,-74.3,1.2
1.0,85.789739,169.72,1.44,-2.02,-9.31,-6.18,-5.75,1,2679,1.0,-64.3,0.3
1.0,85.799739,171.04,1.45,-3.15,-9.33,-7.36,-7.0,1,3543,-8.2,-123.6,1.7
1.0,85.809739,171.74,1.35,-5.25,-9.37,-8.52,-7.5,1,3415,-1.1,-150.4,0.2
1.0,85.819739,172.44,1.5,-6.21,-9.42,-9.64,-8.25,1,3297,6.6,-69.5,-0.7
1.0,85.829739,173.85,1.43,-6.18,-9.39,-10.72,-9.75,1,3168,-13.6,-77.2,3.7
1.0,85.839739,175.17,1.21,-7.47,-9.37,-11.76,-11.25,1,3032,-1.6,-122.0,1.1
1.0,85.849739,175.52,1.32,-9.36,-9.45,-12.75,-11.5,1,2913,-2.3,-144.5,-0.6
1.0,85.859739,175.61,1.37,-10.2,-9.49,-13.69,-11.5,1,2777,4.8,-60.7,0.1
1.0,85.869740,176.31,1.37,-9.43,-9.43,-14.58,-12.25,1,2675,-6.1,-7.6,3.6
1.0,85.879740,177.71,1.23,-9.5,-9.37,-15.41,-13.75,1,3539,-1.9,-59.3,2.3
1.0,85.889740,179.12,1.25,-11.2,-9.43,-16.18,-15.0,1,3420,-3.4,-118.7,-0.0
1.0,85.899740,179.47,1.22,-13.27,-9.49,-16.89,-15.25,1,3301,-3.1,-147.7,0.4
1.0,85.909740,179.65,1.28,-14.18,-9.53,-17.53,-15.5,1,3165,5.0,-61.4,-1.3
1.0,85.919740,180.35,1.31,-13.41,-9.48,-18.1,-16.25,1,3037,-4.2,-9.8,4.6
1.0,85.929740,181.76,1.18,-13.49,-9.4,-18.6,-17.75,1,2909,-2.2,-59.1,2.3
1.0,85.939740,183.16,1.18,-15.16,-9.46,-19.02,-19.0,1,2773,-2.5,-117.7,0.1
1.0,85.949740,183.69,1.15,-17.27,-9.52,-19.37,-19.5,1,2680,-5.0,-152.5,1.2
1.0,85.959740,184.04,1.18,-18.29,-9.54,-19.65,-20.0,1,3543,4.5,-67.2,-0.9
1.0,85.969740,184.22,1.22,-17.97,-9.53,-19.84,-20.0,1,3416,-4.2,-53.5,3.6
1.0,85.979740,183.69,1.12,-18.05,-9.5,-19.96,-19.75,1,3297,-0.9,-21.6,-1.6
1.0,85.989740,183.6,1.14,-17.49,-9.51,-20.0,-19.25,1,3171,-0.9,24.1,3.4
1.0,85.999740,183.69,1.09,-16.76,-9.42,-19.96,-19.5,1,3033,-2.5,28.0,2.6
1.0,86.009740,183.69,1.11,-16.74,-9.42,-19.84,-19.5,1,2905,2.7,-2.0,0.8
1.0,86.019740,183.6,1.14,-17.04,-9.46,-19.65,-19.25,1,2777,-3.4,-0.4,-1.7
1.0,86.029740,183.52,1.1,-17.03,-9.49,-19.37,-19.0,1,3666,2.0,-0.3,0.3
1.0,86.039740,183.52,1.14,-16.9,-9.44,-19.02,-18.75,1,3539,-0.9,12.4,2.3
1.0,86.049740,183.52,1.1,-16.76,-9.43,-18.6,-18.75,1,3420,-0.4,2.1,-0.4
1.0,86.059740,183.6,1.11,-16.83,-9.45,-18.1,-18.75,1,3301,0.1,2.5,0.8
1.0,86.069740,183.34,1.11,-16.8,-9.44,-17.53,-18.25,1,3164,-0.1,3.5,0.4
1.0,86.079740,182.2,1.1,-16.65,-9.44,-16.89,-17.25,1,3038,-1.5,13.7,-0.1
1.0,86.089740,181.49,1.1,-15.74,-9.44,-16.18,-16.25,1,2909,1.6,80.1,-0.7
1.0,86.099740,180.88,1.15,-14.01,-9.38,-15.41,-16.0,1,2773,3.6,107.5,3.1
1.0,86.109740,180.53,1.13,-13.29,-9.31,-14.58,-15.5,1,3671,-2.3,45.0,1.7
1.0,86.119739,179.3,1.09,-13.46,-9.36,-13.69,-14.25,1,3543,0.9,45.2,-2.7
1.0,86.129739,178.07,1.17,-12.49,-9.4,-12.75,-13.25,1,3416,3.8,96.7,-1.5
1.0,86.139739,177.54,1.23,-10.57,-9.36,-11.76,-12.5,1,3297,3.6,140.7,-0.7
1.0,86.149739,176.84,1.21,-9.53,-9.31,-10.72,-11.75,1,3161,-1.1,59.9,2.1
1.0,86.159739,175.52,1.22,-9.68,-9.32,-9.64,-10.25,1,3032,5.6,66.0,-3.7
1.0,86.169739,173.94,1.33,-8.47,-9.36,-8.52,-9.0,1,2897,3.7,114.8,-0.5
1.0,86.179739,173.41,1.33,-6.46,-9.29,-7.36,-8.25,1,2778,2.9,152.2,-0.4
1.0,86.189739,172.71,1.28,-5.21,-9.25,-6.18,-7.5,1,3667,-4.1,87.3,1.6
1.0,86.199739,171.12,1.31,-5.17,-9.26,-4.97,-5.75,1,3539,9.8,68.7,-3.2
1.0,86.209739,169.37,1.49,-4.06,-9.3,-3.75,-4.5,1,3420,4.0,129.6,-1.7
1.0,86.219739,168.66,1.44,-1.82,-9.22,-2.51,-3.75,1,3302,1.6,163.9,0.9
1.0,86.229739,167.96,1.39,-0.43,-9.18,-1.26,-2.75,1,3165,-2.8,104.8,-1.5
1.0,86.239739,166.55,1.47,-0.26,-9.22,0.0,-1.25,1,3038,12.1,75.7,-1.6
1.0,86.249739,164.71,1.68,0.67,-9.2,1.26,0.5,1,2901,6.2,121.8,-0.6
1.0,86.259739,163.3,1.61,2.79,-9.14,2.51,1.75,1,2774,-1.1,166.9,-0.3
1.0,86.269739,162.25,1.55,4.75,-9.11,3.75,2.25,1,3663,1.6,150.3,-1.7
1.0,86.279739,161.63,1.61,5.72,-9.1,4.97,3.25,1,3544,2.6,113.4,-0.9
1.0,86.289739,160.93,1.71,6.24,-9.1,6.18,4.5,1,3415,9.0,89.7,-1.5
1.0,86.299739,158.82,1.81,6.53,-9.09,7.36,6.5,1,3296,3.6,52.5,0.1
1.0,86.309739,156.71,1.77,7.86,-9.05,8.52,8.25,1,3161,1.1,169.9,-1.3
1.0,86.319739,155.04,1.83,11.18,-8.97,9.64,9.5,1,3033,6.7,215.1,-0.3
1.0,86.329739,154.16,1.87,13.42,-8.91,10.72,10.5,1,2905,-3.0,179.2,-2.1
1.0,86.339739,153.63,1.9,14.18,-8.9,11.76,11.25,1,2769,12.3,111.8,0.5
1.0,86.349739,152.84,2.06,14.21,-8.86,12.75,12.25,1,3667,0.3,70.1,0.5
1.0,86.359739,151.52,1.94,14.2,-8.88,13.69,13.5,1,3540,0.5,41.4,-0.9
1.0,86.369739,150.47,2.02,15.24,-8.86,14.58,14.75,1,3412,6.6,132.7,0.1
1.0,86.379739,149.33,2.08,17.26,-8.79,15.41,15.75,1,3302,-1.9,110.6,-1.6
1.0,86.389739,148.36,2.04,18.18,-8.79,16.18,16.0,1,3166,5.1,113.8,-0.9
1.0,86.399739,148.54,2.16,19.28,-8.74,16.89,16.0,1,3038,3.1,107.5,-0.2
1.0,86.409739,148.27,2.13,19.42,-8.75,17.53,16.25,1,2901,-0.4,19.8,-1.5
1.0,86.419739,147.92,2.16,18.66,-8.78,18.1,17.25,1,2774,7.0,11.9,1.4
1.0,86.429739,146.51,2.26,18.84,-8.73,18.6,18.25,1,3663,1.1,25.6,0.8
1.0,86.439739,146.16,2.19,20.04,-8.71,19.02,18.25,1,3535,-1.7,107.1,-1.9
1.0,86.449740,146.16,2.14,21.67,-8.7,19.37,18.25,1,3417,-2.9,81.4,-1.8
1.0,86.459740,146.07,2.2,21.38,-8.7,19.65,18.75,1,3298,7.7,-3.2,1.2
1.0,86.469740,145.28,2.35,20.67,-8.68,19.84,19.75,1,3161,3.2,13.7,2.0
1.0,86.479740,144.4,2.27,21.32,-8.67,19.96,20.75,1,3033,-3.9,48.2,-2.1
1.0,86.489740,143.53,2.18,22.46,-8.68,20.0,21.0,1,2897,-1.3,78.5,-0.8
1.0,86.499740,143.88,2.29,23.63,-8.6,19.96,20.5,1,2778,5.4,87.4,0.9
1.0,86.509740,144.23,2.37,23.93,-8.59,19.84,20.25,1,3668,0.6,20.7,-1.2
1.0,86.519740,144.23,2.34,22.73,-8.67,19.65,20.25,1,3540,4.4,-53.3,-0.2
1.0,86.529740,144.67,2.4,21.93,-8.67,19.37,19.75,1,3413,2.3,-5.8,2.4
1.0,86.539739,145.28,2.31,22.22,-8.65,19.02,19.25,1,3302,-7.1,-18.4,-2.2
1.0,86.549739,145.63,2.16,21.48,-8.74,18.6,18.75,1,3167,-2.9,-61.3,-0.1
1.0,86.559739,146.07,2.25,20.58,-8.73,18.1,18.25,1,3038,5.3,-47.5,2.2
1.0,86.569739,146.51,2.31,20.25,-8.72,17.53,17.75,1,2902,-2.8,-46.0,0.7
1.0,86.579739,146.69,2.19,19.9,-8.75,16.89,17.75,1,2774,-3.0,-36.9,0.4
1.0,86.589739,147.3,2.2,19.74,-8.75,16.18,17.25,1,3664,1.1,-24.8,0.7
1.0,86.599739,148.36,2.24,19.54,-8.75,15.41,16.0,1,3536,-0.5,-32.2,1.0
1.0,86.609739,149.24,2.12,18.56,-8.79,14.58,15.0,1,3417,-8.4,-91.1,-0.6
1.0,86.619739,149.68,2.05,16.83,-8.87,13.69,14.75,1,3298,3.1,-113.4,0.4
1.0,86.629739,150.21,2.21,16.13,-8.87,12.75,14.0,1,3161,3.9,-48.0,2.9
1.0,86.639739,151.44,2.1,16.29,-8.85,11.76,12.75,1,3034,-12.0,-49.4,-0.9
1.0,86.649739,152.84,1.87,15.24,-8.92,10.72,11.25,1,2897,-5.2,-104.0,0.2
1.0,86.659739,153.72,1.97,13.33,-8.96,9.64,10.5,1,2770,4.6,-136.0,2.1
1.0,86.669739,154.51,2.08,11.89,-8.97,8.52,9.75,1,3668,1.2,-112.0,2.7
1.0,86.679739,155.74,2.0,11.49,-8.97,7.36,8.5,1,3541,-5.1,-64.3,1.4
1.0,86.689739,157.24,1.77,10.82,-9.01,6.18,7.25,1,3413,-15.3,-114.1,-0.6
1.0,86.699739,158.47,1.68,8.89,-9.07,4.97,5.75,1,3303,1.7,-143.7,1.3
1.0,86.709739,159.52,1.9,7.32,-9.1,3.75,4.75,1,3166,5.4,-127.4,1.7
1.0,86.719739,160.75,1.85,6.29,-9.12,2.51,3.5,1,3039,-8.6,-119.0,1.4
1.0,86.729739,162.51,1.66,5.23,-9.13,1.26,1.75,1,2902,-4.2,-114.3,1.6
1.0,86.739740,164.18,1.6,3.72,-9.16,-0.0,0.25,1,2775,-10.3,-155.6,1.9
1.0,86.749739,165.15,1.54,1.57,-9.21,-1.26,-0.75,1,3664,-0.1,-173.9,0.3
1.0,86.759739,166.11,1.68,0.32,-9.25,-2.51,-2.0,1,3537,4.6,-107.0,2.6
1.0,86.769739,167.43,1.6,-0.05,-9.22,-3.75,-3.25,1,3418,-13.4,-103.2,1.7
1.0,86.779739,168.75,1.34,-1.38,-9.25,-4.97,-4.5,1,3299,-7.6,-137.0,0.7
1.0,86.789739,169.63,1.48,-2.82,-9.3,-6.18,-5.25,1,3163,7.6,-110.7,-0.1
1.0,86.799739,170.51,1.58,-3.57,-9.32,-7.36,-6.5,1,3034,-5.1,-101.5,1.8
1.0,86.809739,171.91,1.39,-4.53,-9.3,-8.52,-7.75,1,2898,-5.9,-105.2,2.2
1.0,86.819739,173.06,1.3,-5.88,-9.33,-9.64,-9.0,1,2771,-8.5,-131.3,0.1
1.0,86.829739,174.11,1.32,-7.27,-9.38,-10.72,-10.0,1,3668,4.1,-112.9,0.6
1.0,86.839739,175.17,1.42,-8.16,-9.39,-11.76,-11.25,1,3541,-2.6,-106.5,2.1
1.0,86.849739,176.57,1.29,-9.18,-9.37,-12.75,-12.5,1,3414,-6.8,-108.6,2.4
1.0,86.859739,177.8,1.21,-10.57,-9.39,-13.69,-13.75,1,3295,-3.6,-136.8,1.0
1.0,86.869740,178.95,1.26,-12.09,-9.44,-14.58,-14.75,1,3167,0.7,-123.9,0.3
1.0,86.879740,179.82,1.25,-13.08,-9.44,-15.41,-15.75,1,3039,-5.7,-112.2,2.6
1.0,86.889740,180.18,1.18,-13.91,-9.43,-16.18,-16.0,1,2904,0.2,-94.5,0.6
1.0,86.899740,180.09,1.24,-14.36,-9.46,-16.89,-16.0,1,2775,-0.7,-62.9,1.0
1.0,86.909740,180.44,1.23,-14.08,-9.44,-17.53,-16.25,1,3664,0.5,-3.7,1.3
1.0,86.919740,181.41,1.21,-13.63,-9.4,-18.1,-17.25,1,3537,-2.6,-13.6,2.7
1.0,86.929740,182.29,1.17,-14.46,-9.4,-18.6,-18.25,1,3418,-1.5,-73.4,0.5
1.0,86.939740,182.55,1.17,-16.15,-9.47,-19.02,-18.25,1,3300,-2.9,-109.6,-0.7
1.0,86.949740,182.2,1.18,-16.83,-9.5,-19.37,-18.25,1,3163,1.4,-31.8,-0.8
1.0,86.959740,182.81,1.19,-15.93,-9.44,-19.65,-18.75,1,3035,-0.6,12.7,4.4
1.0,86.969740,183.69,1.14,-15.78,-9.38,-19.84,-19.75,1,2898,-1.5,-29.7,0.6
1.0,86.979740,184.48,1.14,-17.03,-9.46,-19.96,-20.5,1,2771,-1.7,-82.7,-1.0
1.0,86.989740,184.66,1.14,-18.4,-9.5,-20.0,-20.75,1,3669,-0.5,-83.9,0.7
1.0,86.999740,184.75,1.13,-18.91,-9.49,-19.96,-20.25,1,3542,-2.5,-49.3,0.7
1.0,87.009740,184.39,1.11,-18.56,-9.48,-19.84,-19.5,1,3414,0.2,0.5,0.4
1.0,87.019740,184.31,1.13,-17.84,-9.43,-19.65,-19.75,1,3295,0.8,21.5,4.0
1.0,87.029740,184.39,1.09,-17.42,-9.36,-19.37,-20.25,1,3159,-2.3,21.8,2.2
1.0,87.039740,184.57,1.06,-17.4,-9.39,-19.02,-20.5,1,3040,-0.8,2.0,-0.3
1.0,87.049740,184.57,1.09,-17.85,-9.45,-18.6,-19.75,1,2903,-0.4,-26.0,-2.8
1.0,87.059740,183.78,1.11,-18.11,-9.49,-18.1,-18.75,1,2775,0.4,2.2,0.3
1.0,87.069740,183.25,1.09,-17.23,-9.39,-17.53,-18.25,1,3665,-0.2,60.2,4.6
1.0,87.079740,182.9,1.07,-15.94,-9.29,-16.89,-18.0,1,3537,1.4,71.3,3.1
1.0,87.089740,181.93,1.06,-15.57,-9.32,-16.18,-17.0,1,3419,-2.6,25.2,-2.0
1.0,87.099740,180.7,1.08,-15.31,-9.4,-15.41,-15.75,1,3300,3.5,72.7,-3.0
1.0,87.109740,180.09,1.16,-13.66,-9.36,-14.58,-15.0,1,3163,2.4,117.2,2.2
1.0,87.119739,179.91,1.15,-12.2,-9.27,-13.69,-14.75,1,3036,2.5,101.7,0.6
1.0,87.129739,179.38,1.14,-12.07,-9.29,-12.75,-14.25,1,2899,-1.1,28.5,-0.3
1.0,87.139739,178.24,1.15,-12.48,-9.35,-11.76,-13.25,1,2771,2.9,31.9,-3.8
1.0,87.149739,176.57,1.21,-11.55,-9.38,-10.72,-11.5,1,3661,1.6,89.4,-1.4
1.0,87.159739,174.64,1.24,-9.48,-9.32,-9.64,-9.75,1,3542,5.0,150.2,-0.4
1.0,87.169739,173.5,1.32,-7.02,-9.26,-8.52,-9.0,1,3415,5.6,185.5,-0.9
1.0,87.179739,172.71,1.29,-5.28,-9.21,-7.36,-7.75,1,3296,-3.5,138.2,2.0
1.0,87.189739,171.56,1.32,-4.68,-9.21,-6.18,-6.5,1,3158,12.1,107.4,-3.8
1.0,87.199739,170.42,1.52,-3.93,-9.26,-4.97,-5.25,1,3040,4.5,105.5,-1.3
1.0,87.209739,169.45,1.39,-2.92,-9.22,-3.75,-4.25,1,2904,-4.9,103.4,0.0
1.0,87.219739,168.31,1.35,-1.88,-9.19,-2.51,-3.25,1,2776,5.1,105.7,-0.7
1.0,87.229739,166.73,1.5,-0.79,-9.18,-1.26,-1.25,1,3665,5.4,106.8,-1.4
1.0,87.239740,164.79,1.6,0.74,-9.17,-0.0,0.5,1,3538,8.9,152.3,-1.3
1.0,87.249739,163.21,1.65,3.09,-9.1,1.26,1.75,1,3419,2.0,189.7,-0.1
1.0,87.259739,161.98,1.58,5.06,-9.06,2.51,2.5,1,3299,-0.5,159.9,-1.8
1.0,87.269739,161.28,1.59,6.02,-9.06,3.75,3.25,1,3163,3.0,125.3,-1.3
1.0,87.279739,160.93,1.72,6.63,-9.05,4.97,3.75,1,3035,9.3,95.7,-1.1
1.0,87.289739,160.05,1.78,6.8,-9.04,6.18,5.25,1,2899,-0.7,46.9,0.2
1.0,87.299739,158.38,1.72,6.82,-9.04,7.36,7.0,1,2772,4.9,50.6,-0.8
1.0,87.309739,156.71,1.8,8.56,-9.0,8.52,8.25,1,3661,0.9,170.3,-0.2
1.0,87.319739,155.83,1.78,11.29,-8.93,9.64,8.75,1,3542,1.3,153.6,-1.4
1.0,87.329739,155.57,1.82,12.34,-8.92,10.72,9.5,1,3423,2.9,122.0,-1.0
1.0,87.339739,154.34,1.92,12.4,-8.9,11.76,10.75,1,3296,7.9,37.7,1.3
1.0,87.349739,152.67,2.0,12.38,-8.89,12.75,12.5,1,3159,3.5,82.2,-1.0
1.0,87.359739,151.17,1.98,14.44,-8.85,13.69,14.0,1,3041,1.7,161.9,-0.9
1.0,87.369739,149.68,2.01,16.78,-8.79,14.58,15.0,1,2904,2.2,153.6,-1.9
1.0,87.379739,149.5,2.06,18.09,-8.76,15.41,15.0,1,2777,3.9,140.0,-0.1
1.0,87.389739,149.59,2.09,18.75,-8.73,16.18,14.75,1,3665,0.5,79.3,-1.3
1.0,87.399739,149.59,2.08,17.96,-8.78,16.89,15.5,1,3538,3.5,-18.0,-0.8
1.0,87.409739,148.36,2.17,17.1,-8.78,17.53,17.0,1,3428,6.2,11.4,2.6
1.0,87.419739,146.51,2.17,18.14,-8.72,18.1,18.25,1,3299,-3.9,74.9,-1.4
1.0,87.429739,145.63,2.13,20.4,-8.69,18.6,18.75,1,3163,4.9,162.5,-0.8
1.0,87.439739,145.02,2.23,22.55,-8.62,19.02,19.5,1,3035,-1.5,127.4,-2.1
1.0,87.449740,144.93,2.27,22.84,-8.6,19.37,19.75,1,2900,9.3,63.6,2.7
1.0,87.459740,145.11,2.38,22.54,-8.56,19.65,19.25,1,2772,-1.4,34.3,-0.9
1.0,87.469740,145.2,2.21,21.99,-8.66,19.84,19.25,1,3661,-2.0,-26.2,-2.4
1.0,87.479740,144.93,2.24,21.31,-8.68,19.96,20.25,1,3534,4.6,-7.6,1.9
1.0,87.489740,143.44,2.35,21.64,-8.61,20.0,21.0,1,3424,1.0,15.4,1.5
1.0,87.499740,143.53,2.3,22.86,-8.58,19.96,21.0,1,3295,-2.6,98.5,-1.9
1.0,87.509740,144.23,2.24,24.27,-8.59,19.84,20.25,1,3159,-2.1,57.9,-2.0
1.0,87.519740,145.02,2.31,23.36,-8.61,19.65,19.25,1,3032,7.5,-50.5,1.7
1.0,87.529740,145.02,2.37,21.36,-8.65,19.37,19.5,1,2896,-1.8,-91.3,0.7
1.0,87.539739,144.84,2.28,20.78,-8.67,19.02,20.25,1,2777,1.2,-16.9,1.7
1.0,87.549739,144.32,2.31,21.66,-8.62,18.6,20.25,1,3666,-2.7,13.1,0.5
1.0,87.559739,144.76,2.22,22.35,-8.62,18.1,19.75,1,3538,-5.4,39.6,-0.8
1.0,87.569739,145.9,2.21,22.66,-8.62,17.53,18.5,1,3419,1.9,4.1,-0.1
1.0,87.579739,146.95,2.28,21.39,-8.65,16.89,17.25,1,3300,1.4,-91.3,1.5
1.0,87.589739,147.13,2.23,19.15,-8.73,16.18,17.25,1,3164,-2.4,-128.3,0.2
1.0,87.599739,147.22,2.22,18.36,-8.75,15.41,17.25,1,3035,3.8,-42.5,2.3
1.0,87.609739,147.92,2.26,19.16,-8.7,14.58,16.5,1,2900,-3.5,-5.9,-0.1
1.0,87.619739,149.06,2.05,19.1,-8.76,13.69,15.25,1,2781,-12.6,-42.3,-2.4
1.0,87.629739,150.64,2.01,17.7,-8.82,12.75,13.5,1,3662,7.3,-103.9,1.8
1.0,87.639739,151.7,2.17,15.59,-8.84,11.76,12.5,1,3534,-3.1,-149.7,2.2
1.0,87.649739,152.14,2.03,13.81,-8.89,10.72,12.25,1,3424,-2.1,-132.2,1.0
1.0,87.659739,152.75,2.03,13.42,-8.9,9.64,11.5,1,3297,-1.3,-56.5,1.8
1.0,87.669739,154.07,1.97,13.68,-8.89,8.52,10.25,1,3160,-7.4,-49.2,-0.1
1.0,87.679739,156.01,1.84,12.63,-8.94,7.36,8.25,1,3032,-5.6,-112.9,0.5
1.0,87.689739,157.59,1.85,10.34,-8.99,6.18,6.75,1,2896,0.7,-164.5,1.8
1.0,87.699739,158.2,1.86,7.96,-9.05,4.97,6.0,1,2803,-4.9,-187.3,1.4
1.0,87.709739,158.73,1.85,6.8,-9.07,3.75,5.5,1,3667,5.0,-92.6,1.7
1.0,87.719739,159.79,1.88,7.37,-9.04,2.51,4.5,1,3538,-7.2,-38.3,2.3
1.0,87.729739,161.37,1.62,6.95,-9.05,1.26,2.75,1,3419,-14.1,-96.2,-0.4
1.0,87.739740,163.3,1.54,4.93,-9.12,0.0,0.75,1,3301,0.6,-143.2,1.4
1.0,87.749739,164.71,1.68,2.63,-9.15,-1.26,-0.5,1,3164,-0.9,-183.3,2.3
1.0,87.759739,165.32,1.64,0.69,-9.18,-2.51,-1.0,1,3038,-2.5,-154.1,1.5
1.0,87.769739,166.11,1.63,0.15,-9.19,-3.75,-1.75,1,2900,0.3,-83.5,1.6
1.0,87.779739,167.52,1.56,0.16,-9.18,-4.97,-3.25,1,2799,-9.7,-69.6,1.5
1.0,87.789739,169.1,1.37,-0.98,-9.2,-6.18,-5.0,1,3662,-8.7,-127.7,1.2
1.0,87.799739,170.33,1.4,-3.21,-9.25,-7.36,-6.25,1,3535,1.2,-164.6,0.4
1.0,87.809739,170.86,1.53,-4.9,-9.31,-8.52,-6.75,1,3425,2.7,-132.2,-0.0
1.0,87.819739,171.47,1.53,-5.24,-9.3,-9.64,-7.5,1,3288,-1.1,-66.4,2.6
1.0,87.829739,172.71,1.38,-5.21,-9.26,-10.72,-8.75,1,3160,-11.4,-62.5,1.3
1.0,87.839739,174.73,1.22,-6.32,-9.28,-11.76,-10.75,1,3033,-5.9,-114.8,1.9
1.0,87.849739,176.48,1.28,-8.47,-9.33,-12.75,-12.5,1,2896,0.2,-163.2,0.1
1.0,87.859739,177.63,1.3,-10.93,-9.4,-13.69,-13.5,1,2795,-4.8,-197.8,1.0
1.0,87.869740,178.42,1.28,-12.49,-9.42,-14.58,-14.25,1,3667,2.2,-120.9,1.1
1.0,87.879740,179.47,1.25,-12.69,-9.39,-15.41,-15.5,1,3539,-9.3,-97.7,3.4
1.0,87.889740,180.88,1.15,-13.38,-9.38,-16.18,-16.75,1,3421,1.1,-91.6,0.2
1.0,87.899740,181.67,1.21,-14.64,-9.42,-16.89,-17.5,1,3284,-5.2,-132.7,2.3
1.0,87.909740,182.02,1.16,-16.08,-9.43,-17.53,-17.75,1,3157,0.7,-102.8,-0.3
1.0,87.919740,182.02,1.21,-16.15,-9.45,-18.1,-17.75,1,3038,-0.9,-36.3,1.5
1.0,87.929740,182.46,1.16,-15.69,-9.4,-18.6,-18.25,1,2901,-1.9,-20.6,1.9
1.0,87.939740,183.16,1.15,-15.74,-9.4,-19.02,-19.0,1,2800,0.1,-20.5,0.1
1.0,87.949740,183.78,1.15,-16.5,-9.42,-19.37,-19.75,1,3663,-3.0,-75.8,2.0
1.0,87.959740,183.96,1.13,-17.62,-9.44,-19.65,-19.75,1,3535,0.9,-56.9,-1.4
1.0,87.969740,183.87,1.15,-17.82,-9.46,-19.84,-19.5,1,3425,-2.5,-39.1,1.5
1.0,87.979740,183.69,1.11,-17.55,-9.42,-19.96,-19.5,1,3289,0.4,9.5,1.4
1.0,87.989740,184.31,1.12,-16.89,-9.37,-20.0,-20.25,1,3161,-0.3,17.3,2.9
1.0,87.999740,185.45,1.12,-17.2,-9.38,-19.96,-21.25,1,3033,-0.1,-38.9,-1.3
1.0,88.009740,186.06,1.11,-18.73,-9.45,-19.84,-21.75,1,2898,-2.9,-97.0,0.7
1.0,88.019740,185.89,1.09,-20.1,-9.47,-19.65,-21.75,1,2804,-0.2,-78.3,-0.9
1.0,88.029740,185.54,1.11,-20.03,-9.48,-19.37,-20.75,1,3667,-0.7,-12.5,0.7
1.0,88.039740,184.83,1.08,-19.27,-9.44,-19.02,-19.75,1,3540,-1.1,10.7,1.4
1.0,88.049740,184.75,1.06,-18.09,-9.34,-18.6,-19.75,1,3421,1.1,94.7,6.5
1.0,88.059740,184.75,1.04,-17.01,-9.25,-18.1,-20.0,1,3285,-1.6,24.3,2.1
1.0,88.069740,184.31,1.01,-17.64,-9.33,-17.53,-19.25,1,3166,-2.8,7.1,-2.5
1.0,88.079740,183.34,1.05,-17.68,-9.4,-16.89,-18.25,1,3038,2.9,13.5,-1.7
1.0,88.089740,182.55,1.1,-16.7,-9.35,-16.18,-17.5,1,2901,1.5,91.7,2.8
1.0,88.099740,181.58,1.09,-15.01,-9.28,-15.41,-16.5,1,2800,1.7,91.0,-0.9
1.0,88.109740,180.26,1.1,-14.16,-9.33,-14.58,-15.25,1,3663,-0.3,85.9,-2.3
1.0,88.119739,179.47,1.12,-12.92,-9.32,-13.69,-14.25,1,3536,3.8,128.4,-0.2
1.0,88.129739,179.3,1.18,-11.5,-9.25,-12.75,-14.25,1,3417,3.7,100.4,2.3
1.0,88.139739,178.86,1.16,-11.43,-9.25,-11.76,-13.75,1,3289,-1.3,34.4,-2.2
1.0,88.149739,177.71,1.15,-11.81,-9.33,-10.72,-12.75,1,3162,1.8,28.6,-2.6
1.0,88.159739,176.04,1.23,-10.98,-9.33,-9.64,-10.75,1,3034,5.0,88.9,-0.7
1.0,88.169739,173.94,1.3,-8.86,-9.28,-8.52,-9.25,1,2897,4.5,151.3,-1.7
1.0,88.179739,172.88,1.33,-6.32,-9.24,-7.36,-8.75,1,2796,4.4,192.0,-0.4
1.0,88.189739,172.88,1.3,-4.45,-9.16,-6.18,-8.25,1,3667,-1.9,146.4,2.7
1.0,88.199739,172.35,1.3,-4.56,-9.18,-4.97,-7.25,1,3540,5.4,34.5,-4.2
1.0,88.209739,170.77,1.45,-5.37,-9.27,-3.75,-5.5,1,3422,7.4,30.7,-1.0
1.0,88.219739,168.75,1.45,-4.15,-9.22,-2.51,-3.75,1,3285,-2.0,125.5,-0.2
1.0,88.229739,166.9,1.4,-1.29,-9.16,-1.26,-2.25,1,3166,5.4,191.6,-1.3
1.0,88.239740,166.11,1.51,1.15,-9.12,0.0,-1.75,1,3038,2.6,178.4,-1.0
1.0,88.249739,165.67,1.49,2.33,-9.1,1.26,-0.75,1,2893,0.7,130.8,-1.3
1.0,88.259739,164.53,1.57,2.45,-9.1,2.51,0.75,1,2800,10.3,59.5,-0.3
1.0,88.269739,162.77,1.72,2.46,-9.11,3.75,2.5,1,3663,5.0,72.7,-1.4
1.0,88.279739,161.1,1.65,4.22,-9.08,4.97,3.75,1,3535,-1.6,163.2,-0.9
1.0,88.289739,160.14,1.61,6.71,-9.02,6.18,4.5,1,3417,2.5,158.3,-0.8
1.0,88.299739,159.08,1.69,7.96,-8.99,7.36,6.0,1,3289,3.7,130.1,-0.9
1.0,88.309739,157.59,1.83,8.82,-8.96,8.52,7.75,1,3161,11.7,113.9,0.6
1.0,88.319739,156.09,1.9,9.8,-8.93,9.64,8.75,1,3034,-1.8,114.4,-1.6
1.0,88.329739,155.57,1.74,11.31,-8.93,10.72,9.75,1,2897,-1.8,150.2,-1.6
1.0,88.339739,153.98,1.81,12.56,-8.89,11.76,11.25,1,2796,5.7,89.4,-0.4
1.0,88.349739,152.14,2.03,13.29,-8.83,12.75,12.75,1,3659,13.4,134.7,1.8
1.0,88.359739,151.08,2.1,15.39,-8.76,13.69,13.5,1,3541,-2.2,164.1,-2.6
1.0,88.369739,150.38,1.91,17.05,-8.79,14.58,14.25,1,3422,-2.7,137.2,-2.9
1.0,88.379739,149.77,2.03,17.53,-8.75,15.41,15.25,1,3285,11.0,74.8,2.4
1.0,88.389739,149.06,2.21,17.63,-8.69,16.18,16.25,1,3157,2.3,72.4,-0.3
1.0,88.399739,147.92,2.13,18.24,-8.7,16.89,17.25,1,3039,0.9,63.0,-0.1
1.0,88.409739,147.04,2.1,19.13,-8.69,17.53,17.75,1,2893,-1.4,98.8,-2.1
1.0,88.419739,146.69,2.14,20.42,-8.67,18.1,17.75,1,2800,4.7,93.1,-0.1
1.0,88.429739,146.6,2.2,20.97,-8.63,18.6,18.25,1,3664,-0.3,60.6,-0.9
1.0,88.439739,146.16,2.24,20.78,-8.63,19.02,18.75,1,3536,8.7,14.0,2.2
1.0,88.449740,145.99,2.35,20.59,-8.6,19.37,19.25,1,3418,0.5,27.6,0.3
1.0,88.459740,145.37,2.2,21.05,-8.63,19.65,19.75,1,3289,-5.7,32.4,-2.5
1.0,88.469740,144.93,2.15,21.53,-8.64,19.84,20.25,1,3161,2.1,42.8,0.6
1.0,88.479740,144.58,2.27,22.14,-8.57,19.96,20.25,1,3034,1.5,51.1,0.7
1.0,88.489740,144.76,2.27,22.66,-8.56,20.0,19.75,1,2899,0.0,43.8,-0.5
1.0,88.499740,145.2,2.26,22.45,-8.59,19.96,19.25,1,2796,1.2,-13.8,-1.0
1.0,88.509740,145.2,2.31,21.56,-8.63,19.84,19.25,1,3660,5.0,-31.7,1.3
1.0,88.519740,145.2,2.33,21.23,-8.62,19.65,19.75,1,3532,-1.6,-15.3,-0.3
1.0,88.529740,144.76,2.26,21.47,-8.62,19.37,20.25,1,3422,-0.2,7.9,1.3
1.0,88.539739,144.4,2.24,21.95,-8.59,19.02,20.25,1,3285,-4.8,24.9,-0.5
1.0,88.549739,145.02,2.21,22.44,-8.58,18.6,19.5,1,3157,1.1,32.0,0.5
1.0,88.559739,145.99,2.28,22.35,-8.58,18.1,18.5,1,3030,0.9,-16.3,-0.1
1.0,88.569739,146.43,2.27,20.94,-8.64,17.53,17.75,1,2894,1.7,-92.1,0.7
1.0,88.579739,146.6,2.27,19.46,-8.68,16.89,17.75,1,2801,0.1,-72.8,1.6
1.0,88.589739,146.87,2.25,19.51,-8.66,16.18,17.5,1,3664,-0.5,-13.7,0.8
1.0,88.599739,147.74,2.2,19.94,-8.67,15.41,16.5,1,3537,-4.4,-16.1,-1.5
1.0,88.609739,148.97,2.09,19.16,-8.73,14.58,15.25,1,3418,-4.4,-76.3,-0.1
1.0,88.619739,149.68,2.11,17.41,-8.77,13.69,14.75,1,3291,2.6,-114.6,1.5
1.0,88.629739,150.12,2.18,16.14,-8.79,12.75,14.25,1,3162,1.2,-88.6,1.5
1.0,88.639739,151.17,2.13,15.99,-8.79,11.76,13.25,1,3034,-3.9,-40.9,1.6
1.0,88.649739,152.84,1.94,15.55,-8.82,10.72,11.5,1,2899,-13.7,-92.0,-1.8
1.0,88.659739,154.34,1.85,13.63,-8.9,9.64,10.0,1,2797,3.4,-141.3,2.0
1.0,88.669739,154.86,2.02,11.52,-8.93,8.52,9.5,1,3660,0.2,-161.5,2.0
1.0,88.679739,155.13,1.99,10.45,-8.95,7.36,9.25,1,3541,0.4,-86.8,1.9
1.0,88.689739,156.09,1.93,10.92,-8.92,6.18,8.25,1,3421,-6.3,-26.7,1.4
1.0,88.699739,157.76,1.74,10.71,-8.94,4.97,6.5,1,3285,-12.6,-82.2,-1.0
1.0,88.709739,159.08,1.68,8.86,-9.01,3.75,5.25,1,3158,2.3,-129.6,1.4
1.0,88.719739,160.31,1.85,6.82,-9.04,2.51,4.0,1,3030,1.6,-155.8,1.9
1.0,88.729739,161.81,1.84,5.53,-9.07,1.26,2.5,1,2894,0.7,-103.1,0.9
1.0,88.739740,163.56,1.62,4.55,-9.1,-0.0,0.75,1,3792,-20.9,-150.4,0.9
1.0,88.749739,164.88,1.41,2.26,-9.14,-1.26,-0.75,1,3664,0.6,-182.4,1.0
1.0,88.759739,165.5,1.68,0.55,-9.18,-2.51,-1.25,1,3537,5.2,-139.0,1.9
1.0,88.769739,166.11,1.71,0.15,-9.17,-3.75,-2.0,1,3418,-1.8,-83.0,2.2
1.0,88.779739,167.52,1.52,0.03,-9.16,-4.97,-3.25,1,3291,-12.2,-67.6,1.3
1.0,88.789739,169.54,1.35,-1.0,-9.18,-6.18,-5.25,1,3162,-6.6,-119.2,1.1
1.0,88.799739,171.39,1.41,-3.24,-9.23,-7.36,-7.25,1,3035,0.9,-171.7,1.1
1.0,88.809739,172.35,1.47,-5.71,-9.29,-8.52,-8.25,1,2899,-2.4,-195.0,1.2
1.0,88.819739,173.06,1.44,-7.11,-9.32,-9.64,-9.0,1,3788,0.4,-116.7,0.3
1.0,88.829739,174.11,1.36,-7.28,-9.31,-10.72,-10.0,1,3660,-10.8,-95.0,3.0
1.0,88.839739,175.69,1.24,-7.98,-9.29,-11.76,-11.75,1,3533,-0.7,-91.5,0.6
1.0,88.849739,177.45,1.28,-9.32,-9.32,-12.75,-13.5,1,3423,-6.8,-137.7,2.2
1.0,88.859739,178.77,1.18,-11.6,-9.34,-13.69,-14.75,1,3287,-4.0,-181.7,1.3
1.0,88.869740,178.86,1.25,-13.47,-9.4,-14.58,-14.75,1,3159,2.7,-143.5,0.1
1.0,88.879740,178.59,1.3,-13.63,-9.41,-15.41,-14.5,1,3031,-2.2,-53.9,0.6
1.0,88.889740,178.68,1.21,-12.59,-9.36,-16.18,-14.5,1,2895,-2.7,14.5,2.9
1.0,88.899740,179.47,1.18,-11.73,-9.28,-16.89,-15.25,1,3793,-1.0,18.1,3.2
1.0,88.909740,180.88,1.19,-12.26,-9.31,-17.53,-16.75,1,3665,-0.5,-56.7,-1.0
1.0,88.919740,182.37,1.19,-14.26,-9.38,-18.1,-18.25,1,3537,-2.5,-126.0,1.7
1.0,88.929740,183.08,1.14,-16.46,-9.4,-18.6,-18.75,1,3418,-4.0,-150.8,-0.3
1.0,88.939740,183.43,1.17,-17.56,-9.45,-19.02,-19.5,1,3291,3.2,-84.6,-0.2
1.0,88.949740,183.6,1.19,-17.52,-9.42,-19.37,-19.5,1,3164,-3.7,-62.3,3.1
1.0,88.959740,183.34,1.1,-17.58,-9.4,-19.65,-19.25,1,3027,-2.5,-27.8,-1.7
1.0,88.969740,183.34,1.12,-17.04,-9.41,-19.84,-19.25,1,2901,1.1,19.0,3.4
1.0,88.979740,184.04,1.12,-16.42,-9.32,-19.96,-20.0,1,3788,-1.1,15.1,2.3
1.0,88.989740,185.01,1.12,-16.9,-9.36,-20.0,-21.0,1,3661,1.5,-44.1,-1.0
1.0,88.999740,185.62,1.14,-18.42,-9.43,-19.96,-21.5,1,3533,-3.3,-92.3,-0.3
1.0,89.009740,185.54,1.08,-19.71,-9.45,-19.84,-21.25,1,3423,-1.6,-81.5,0.1
1.0,89.019740,185.36,1.1,-19.66,-9.44,-19.65,-20.5,1,3287,-0.2,-5.6,0.3
1.0,89.029740,185.19,1.09,-18.73,-9.39,-19.37,-20.25,1,3160,-0.4,17.5,2.9
1.0,89.039740,184.92,1.06,-18.21,-9.32,-19.02,-20.25,1,3023,-0.2,28.5,3.6
1.0,89.049740,184.39,1.03,-18.0,-9.32,-18.6,-19.25,1,2895,-3.6,10.7,-0.6
1.0,89.059740,183.78,1.02,-17.8,-9.37,-18.1,-18.75,1,3784,1.4,37.6,-0.5
1.0,89.069740,183.52,1.09,-16.63,-9.29,-17.53,-18.5,1,3665,3.7,89.6,4.7
1.0,89.079740,183.16,1.07,-15.85,-9.22,-16.89,-18.25,1,3538,-2.0,26.4,0.2
1.0,89.089740,182.11,1.05,-16.22,-9.32,-16.18,-17.0,1,3419,0.4,26.2,-3.5
1.0,89.099740,181.14,1.09,-15.38,-9.36,-15.41,-16.0,1,3283,1.0,84.2,-1.3
1.0,89.109740,180.7,1.14,-13.62,-9.28,-14.58,-15.75,1,3164,5.6,118.2,1.5
1.0,89.119739,180.09,1.15,-12.78,-9.22,-13.69,-15.0,1,3028,-2.0,50.0,1.7
1.0,89.129739,178.68,1.1,-12.92,-9.26,-12.75,-13.75,1,2899,2.5,54.6,-3.1
1.0,89.139739,177.1,1.19,-11.78,-9.31,-11.76,-12.0,1,3789,3.0,109.1,-1.9
1.0,89.149739,175.78,1.23,-9.68,-9.25,-10.72,-10.75,1,3661,4.8,155.7,-0.2
1.0,89.159739,174.46,1.25,-7.84,-9.21,-9.64,-9.5,1,3533,0.8,137.0,-1.0
1.0,89.169739,173.41,1.26,-6.73,-9.21,-8.52,-8.5,1,3415,5.0,130.6,-1.6
1.0,89.179739,172.35,1.33,-5.54,-9.2,-7.36,-7.75,1,3287,2.9,124.5,-0.6
1.0,89.189739,171.83,1.35,-4.59,-9.17,-6.18,-6.75,1,3159,3.8,102.0,-0.6
1.0,89.199739,170.33,1.39,-4.04,-9.18,-4.97,-5.0,1,3023,2.9,76.9,-2.0
1.0,89.209739,168.4,1.45,-3.16,-9.19,-3.75,-3.25,1,2895,6.9,113.1,-0.9
1.0,89.219739,166.73,1.51,-0.99,-9.13,-2.51,-1.75,1,3785,2.5,181.3,-0.6
1.0,89.229739,166.03,1.48,1.35,-9.08,-1.26,-1.75,1,3666,1.0,165.3,-1.0
2.0,91.249739,166.99,1.41,-2.09,-9.09,0.0,-2.0,1,3412,7.9,267.3,-3.1
2.0,91.259739,164.27,1.56,1.46,-9.03,2.51,0.5,1,3284,10.0,302.6,-1.8
2.0,91.269739,161.89,1.63,4.69,-8.95,4.97,3.25,1,3156,4.2,288.0,-1.7
2.0,91.279739,159.43,1.68,7.01,-8.91,7.36,5.75,1,3019,10.6,246.6,-2.3
2.0,91.289739,156.8,1.85,8.86,-8.87,9.64,8.25,1,2927,10.7,227.1,-2.0
2.0,91.299739,154.16,1.86,11.15,-8.82,11.76,11.0,1,3790,-0.9,248.0,-2.3
2.0,91.309739,151.52,1.89,14.15,-8.75,13.69,13.0,1,3663,13.4,279.8,-1.1
2.0,91.319739,150.29,2.09,17.05,-8.64,15.41,14.25,1,3544,3.5,258.5,-2.4
2.0,91.329739,149.24,2.03,18.7,-8.62,16.89,15.75,1,3408,2.7,185.8,-1.3
2.0,91.339739,147.39,2.14,19.1,-8.59,18.1,17.75,1,3281,10.3,112.8,0.7
2.0,91.349739,145.37,2.3,19.8,-8.55,19.02,19.75,1,3160,7.8,143.8,-1.4
2.0,91.359740,143.96,2.3,22.12,-8.51,19.65,20.25,1,3024,0.9,201.0,-3.1
2.0,91.369740,143.7,2.22,24.42,-8.47,19.96,20.75,1,2923,-2.8,173.0,-2.7
2.0,91.379740,143.88,2.29,24.6,-8.44,19.96,20.5,1,3786,8.9,46.0,1.8
2.0,91.389740,144.32,2.47,23.46,-8.42,19.65,20.25,1,3659,5.4,13.3,2.1
2.0,91.399739,144.58,2.35,22.72,-8.48,19.02,19.75,1,3540,-5.4,-42.1,-2.8
2.0,91.409739,145.28,2.25,21.78,-8.57,18.1,19.25,1,3412,4.1,-38.2,0.9
2.0,91.419739,146.51,2.34,21.37,-8.54,16.89,17.75,1,3285,-2.3,-44.6,0.9
2.0,91.429739,147.92,2.15,20.23,-8.6,15.41,16.25,1,3156,-9.8,-107.7,-0.8
2.0,91.439739,149.15,2.07,18.19,-8.68,13.69,15.25,1,3021,2.2,-141.2,1.8
2.0,91.449739,150.47,2.21,16.63,-8.68,11.76,13.75,1,3918,1.6,-122.2,3.8
2.0,91.459739,152.49,2.12,15.54,-8.7,9.64,11.75,1,3782,-8.3,-128.2,0.2
2.0,91.469739,154.95,1.86,13.69,-8.8,7.36,9.25,1,3663,-12.8,-179.2,0.2
2.0,91.479739,157.41,1.8,10.98,-8.86,4.97,6.75,1,3544,-0.2,-219.9,2.9
2.0,91.489739,160.05,1.87,8.01,-8.92,2.51,4.25,1,3408,-5.1,-257.1,2.5
2.0,91.499740,162.86,1.77,5.23,-8.97,-0.0,1.25,1,3279,-4.6,-240.0,3.6
2.0,91.509739,165.67,1.6,2.61,-9.02,-2.51,-1.25,1,3161,-17.3,-279.2,1.7
2.0,91.519739,167.61,1.42,-0.64,-9.11,-4.97,-3.5,1,3025,-4.6,-286.3,1.4
2.0,91.529739,170.16,1.6,-2.85,-9.15,-7.36,-6.0,1,3914,4.7,-213.7,2.9
2.0,91.539739,172.79,1.46,-4.64,-9.17,-9.64,-8.75,1,3786,-23.3,-251.5,2.7
2.0,91.549739,174.9,1.12,-7.7,-9.21,-11.76,-10.75,1,3659,-6.6,-268.4,0.9
2.0,91.559739,176.31,1.37,-10.02,-9.29,-13.69,-12.25,1,3540,7.7,-215.3,0.3
2.0,91.569740,178.51,1.43,-11.15,-9.3,-15.41,-14.25,1,3413,-8.5,-166.5,4.1
2.0,91.579740,180.7,1.17,-12.62,-9.24,-16.89,-16.5,1,3285,-9.1,-195.4,4.8
2.0,91.589740,182.29,1.14,-15.11,-9.29,-18.1,-18.25,1,3149,-3.8,-220.2,-0.8
2.0,91.599740,183.34,1.19,-17.29,-9.38,-19.02,-19.25,1,3021,-2.4,-193.4,2.0
2.0,91.609740,183.96,1.14,-18.16,-9.35,-19.65,-19.75,1,3919,-6.1,-113.9,2.6
2.0,91.619740,184.57,1.08,-18.16,-9.33,-19.96,-20.5,1,3782,-1.6,-79.4,1.5
2.0,91.629740,184.83,1.13,-18.47,-9.35,-19.96,-20.75,1,3663,0.1,-65.4,0.2
2.0,91.639740,184.66,1.12,-18.69,-9.36,-19.65,-20.0,1,3545,-3.1,-35.9,0.9
2.0,91.649740,184.22,1.07,-18.29,-9.33,-19.02,-19.25,1,3409,-0.5,10.6,0.9
2.0,91.659740,184.13,1.1,-17.53,-9.28,-18.1,-19.25,1,3281,2.0,29.2,4.3
2.0,91.669740,183.78,1.07,-17.07,-9.2,-16.89,-18.75,1,3154,-3.3,27.6,2.9
2.0,91.679740,182.55,1.02,-16.85,-9.23,-15.41,-17.75,1,3026,-1.1,24.1,-1.3
2.0,91.689739,180.88,1.08,-16.01,-9.27,-13.69,-15.75,1,3915,2.6,86.9,-0.8
2.0,91.699739,178.95,1.14,-13.84,-9.24,-11.76,-13.75,1,3787,3.4,154.5,-1.9
2.0,91.709739,176.92,1.19,-11.15,-9.21,-9.64,-11.75,1,3659,5.2,201.7,-0.7
2.0,91.719739,174.38,1.22,-8.81,-9.15,-7.36,-9.25,1,3541,2.2,186.8,-0.7
2.0,91.729739,171.83,1.32,-6.66,-9.14,-4.97,-6.75,1,3405,12.6,230.2,-2.7
2.0,91.739739,169.37,1.46,-3.63,-9.09,-2.51,-4.25,1,3286,4.6,259.6,-1.4
2.0,91.749740,166.55,1.41,-0.93,-9.05,-0.0,-1.25,1,3148,3.1,240.6,-2.6
2.0,91.759739,163.3,1.56,1.76,-9.02,2.51,1.5,1,3021,16.4,288.1,-2.7
2.0,91.769739,161.02,1.76,5.36,-8.93,4.97,3.25,1,3919,5.5,312.3,-1.7
2.0,91.779739,159.7,1.63,8.2,-8.87,7.36,5.25,1,3792,-2.3,260.2,-2.7
2.0,91.789739,157.32,1.72,9.31,-8.87,9.64,7.75,1,3655,16.7,162.8,-0.7
2.0,91.799739,154.86,2.0,10.1,-8.81,11.76,10.25,1,3545,7.5,176.7,-0.1
2.0,91.809739,152.4,1.91,12.85,-8.75,13.69,12.75,1,3409,-0.8,261.1,-3.1
2.0,91.819739,150.29,1.9,16.08,-8.7,15.41,14.25,1,3282,6.3,239.5,-2.2
2.0,91.829739,149.24,2.09,18.11,-8.62,16.89,15.75,1,3153,9.1,224.2,-0.6
2.0,91.839739,147.74,2.16,19.47,-8.57,18.1,17.5,1,3026,2.6,151.6,-1.6
2.0,91.849739,145.81,2.23,19.86,-8.56,19.02,19.25,1,3915,13.7,112.0,0.7
2.0,91.859740,144.49,2.37,21.48,-8.48,19.65,20.25,1,3788,0.4,201.8,-2.2
2.0,91.869740,143.61,2.21,23.98,-8.46,19.96,20.75,1,3660,-4.1,159.9,-3.7
2.0,91.879740,143.79,2.29,24.55,-8.43,19.96,20.75,1,3541,10.8,99.1,2.3
2.0,91.889740,144.32,2.45,24.03,-8.39,19.65,20.0,1,3361,-0.1,9.2,-0.7
2.0,91.899739,144.49,2.3,22.63,-8.5,19.02,19.75,1,3277,0.4,-50.3,-0.7
2.0,91.909739,144.67,2.33,21.68,-8.54,18.1,19.75,1,3149,3.3,-35.9,0.6
2.0,91.919739,145.28,2.36,21.85,-8.5,16.89,19.0,1,3022,-0.3,3.0,1.3
2.0,91.929739,146.69,2.2,21.66,-8.53,15.41,17.5,1,3911,-11.6,-58.2,-2.5
2.0,91.939739,148.8,2.07,19.92,-8.62,13.69,15.5,1,3792,1.6,-112.9,2.5
2.0,91.949739,150.82,2.19,17.7,-8.63,11.76,13.5,1,3656,-1.5,-167.1,2.6
2.0,91.959739,153.02,2.06,15.02,-8.73,9.64,11.25,1,3546,-7.2,-214.0,1.1
2.0,91.969739,155.65,1.94,12.47,-8.8,7.36,8.75,1,3410,-4.0,-207.9,2.8
2.0,91.979739,158.29,1.84,10.04,-8.86,4.97,6.0,1,3282,-12.1,-249.4,1.5
2.0,91.989739,160.75,1.69,6.93,-8.94,2.51,3.75,1,3154,-6.2,-270.1,2.4
2.0,91.999740,162.95,1.75,4.35,-8.99,0.0,1.25,1,3026,1.1,-237.2,2.8
2.0,92.009739,165.59,1.7,2.39,-9.02,-2.51,-1.5,1,3915,-12.1,-229.1,3.3
2.0,92.019739,168.49,1.42,-0.17,-9.05,-4.97,-4.25,1,3788,-15.0,-263.6,2.1
2.0,92.029739,170.95,1.37,-3.33,-9.13,-7.36,-6.75,1,3661,-2.9,-282.4,1.3
2.0,92.039739,173.06,1.49,-6.06,-9.2,-9.64,-8.75,1,3542,-0.4,-253.5,2.3
2.0,92.049739,175.17,1.38,-8.02,-9.22,-11.76,-11.0,1,3406,-13.1,-225.0,2.7
2.0,92.059739,177.36,1.22,-9.77,-9.22,-13.69,-13.25,1,3278,-4.2,-203.8,2.4
2.0,92.069740,179.03,1.21,-11.86,-9.25,-15.41,-14.75,1,3151,-10.3,-229.7,2.2
2.0,92.079740,180.26,1.17,-14.06,-9.29,-16.89,-16.25,1,3023,1.2,-194.1,0.7
2.0,92.089740,181.58,1.28,-14.94,-9.32,-18.1,-17.5,1,3911,-1.0,-124.3,1.8
2.0,92.099740,183.08,1.18,-15.75,-9.29,-19.02,-18.75,1,3792,-7.3,-150.2,3.9
2.0,92.109740,184.04,1.11,-17.27,-9.31,-19.65,-19.75,1,3656,-1.7,-126.4,-1.2
2.0,92.119740,184.92,1.14,-18.18,-9.35,-19.96,-20.75,1,3547,-3.8,-114.6,3.0
2.0,92.129740,185.36,1.09,-19.0,-9.32,-19.96,-21.25,1,3410,-1.5,-94.0,1.2
2.0,92.139740,185.1,1.09,-19.44,-9.34,-19.65,-20.75,1,3283,-3.1,-64.3,0.8
2.0,92.149740,184.83,1.06,-19.09,-9.33,-19.02,-19.75,1,3146,-0.4,4.7,1.0
2.0,92.159740,184.31,1.09,-18.2,-9.28,-18.1,-19.25,1,3027,0.9,20.7,2.5
2.0,92.169740,184.04,1.07,-17.38,-9.19,-16.89,-19.0,1,3916,-0.6,65.6,6.0
2.0,92.179740,183.16,1.02,-16.74,-9.16,-15.41,-18.25,1,3788,-2.3,19.6,-1.5
2.0,92.189739,181.41,1.05,-16.49,-9.26,-13.69,-16.5,1,3661,1.9,70.6,-2.6
2.0,92.199739,179.38,1.12,-14.62,-9.24,-11.76,-14.25,1,3542,3.0,136.1,0.1
2.0,92.209739,176.66,1.18,-11.91,-9.19,-9.64,-11.75,1,3406,6.4,206.1,-2.9
2.0,92.219739,173.85,1.28,-8.74,-9.17,-7.36,-8.75,1,3279,7.1,246.9,-2.5
2.0,92.229739,171.12,1.36,-5.58,-9.12,-4.97,-6.75,1,3150,7.9,274.6,-2.2
2.0,92.239739,169.8,1.38,-2.69,-9.06,-2.51,-5.25,1,3023,1.7,261.6,-1.2
2.0,92.249740,168.22,1.38,-0.89,-9.03,0.0,-3.0,1,3912,6.3,192.8,-1.2
2.0,92.259739,165.59,1.57,-0.19,-9.04,2.51,-0.25,1,3784,13.9,138.9,-2.6
2.0,92.269739,162.51,1.66,1.76,-9.01,4.97,2.75,1,3657,1.7,248.8,-1.3
2.0,92.279739,159.35,1.64,5.68,-8.92,7.36,5.75,1,3538,9.3,282.8,-2.6
2.0,92.289739,156.09,1.81,9.26,-8.84,9.64,8.25,1,3410,8.9,324.4,-2.4
2.0,92.299739,154.95,1.86,12.73,-8.75,11.76,9.75,1,3282,3.5,305.0,-2.1
2.0,92.309739,153.63,1.87,14.47,-8.72,13.69,11.75,1,3146,5.2,194.0,-1.5
2.0,92.319739,151.35,1.99,14.64,-8.69,15.41,13.75,1,3027,10.1,127.6,0.9
2.0,92.329739,148.8,2.13,15.92,-8.63,16.89,16.25,1,3916,6.7,195.2,-1.1
2.0,92.339739,146.78,2.15,19.0,-8.57,18.1,18.0,1,3789,3.6,240.4,-3.1
2.0,92.349739,145.55,2.17,21.58,-8.52,19.02,19.25,1,3661,3.3,212.7,-2.4
2.0,92.359740,144.76,2.24,23.09,-8.46,19.65,20.0,1,3543,4.8,179.1,-0.8
2.0,92.369740,144.14,2.36,23.64,-8.4,19.96,20.25,1,3406,8.8,88.3,1.9
2.0,92.379740,144.14,2.38,23.35,-8.4,19.96,20.25,1,3278,-2.3,62.1,-2.0
2.0,92.389740,144.05,2.22,23.23,-8.47,19.65,20.25,1,3150,-1.7,13.9,-1.6
2.0,92.399739,144.32,2.31,22.81,-8.46,19.02,20.25,1,3023,7.3,6.2,2.7
2.0,92.409739,145.37,2.42,22.61,-8.43,18.1,19.25,1,3912,0.7,-11.8,0.0
2.0,92.419739,146.51,2.24,21.7,-8.51,16.89,17.75,1,3785,-7.5,-73.5,-1.6
2.0,92.429739,147.48,2.13,19.93,-8.59,15.41,16.75,1,3657,-0.3,-115.6,1.2
2.0,92.439739,148.8,2.24,18.46,-8.6,13.69,15.75,1,3539,3.9,-105.0,2.9
2.0,92.449739,150.38,2.2,17.52,-8.62,11.76,13.75,1,3411,-7.6,-104.1,0.5
2.0,92.459739,152.67,1.96,15.97,-8.7,9.64,11.75,1,3284,-9.9,-156.6,-0.1
2.0,92.469739,155.39,1.89,13.43,-8.77,7.36,8.75,1,3148,-3.4,-201.0,2.2
2.0,92.479739,157.85,1.9,10.47,-8.83,4.97,6.5,1,3019,-4.1,-252.0,2.5
2.0,92.489739,159.7,1.79,7.23,-8.92,2.51,4.5,1,3917,-8.6,-273.0,1.9
2.0,92.499740,162.07,1.79,5.15,-8.95,-0.0,2.0,1,3789,4.3,-187.5,3.8
2.0,92.509739,165.15,1.7,3.67,-8.98,-2.51,-0.75,1,3662,-22.0,-232.8,0.7
2.0,92.519739,168.05,1.35,0.48,-9.06,-4.97,-3.75,1,3543,-7.9,-273.8,2.6
2.0,92.529739,170.24,1.46,-2.86,-9.11,-7.36,-6.0,1,3407,-3.3,-293.0,2.2
2.0,92.539739,171.91,1.49,-5.64,-9.18,-9.64,-7.75,1,3279,-2.0,-259.8,2.0
2.0,92.549739,174.2,1.45,-7.09,-9.18,-11.76,-10.25,1,3152,-5.1,-177.5,3.5
2.0,92.559739,176.66,1.27,-8.39,-9.17,-13.69,-12.5,1,3024,-14.8,-212.8,3.2
2.0,92.569740,178.77,1.15,-11.16,-9.23,-15.41,-14.75,1,3913,-3.8,-241.3,-0.0
2.0,92.579740,180.35,1.29,-13.61,-9.3,-16.89,-16.25,1,3785,1.3,-216.8,2.0
2.0,92.589740,181.23,1.25,-15.25,-9.29,-18.1,-17.0,1,3658,-8.9,-188.6,3.1
2.0,92.599740,182.2,1.16,-15.97,-9.29,-19.02,-18.0,1,3539,1.4,-100.2,0.5
2.0,92.609740,183.34,1.2,-15.97,-9.29,-19.65,-19.25,1,3403,-6.7,-87.7,3.3
2.0,92.619740,184.04,1.07,-17.07,-9.26,-19.96,-19.75,1,3284,-4.2,-123.2,1.7
2.0,92.629740,184.13,1.12,-18.33,-9.33,-19.96,-20.0,1,3148,1.0,-90.7,-1.5
2.0,92.639740,184.22,1.16,-18.29,-9.34,-19.65,-20.0,1,3020,-1.5,-27.8,2.2
2.0,92.649740,184.04,1.11,-17.76,-9.28,-19.02,-19.75,1,3917,-0.9,-9.7,1.2
2.0,92.659740,183.78,1.1,-17.52,-9.29,-18.1,-18.75,1,3790,-1.7,5.2,0.0
2.0,92.669740,182.64,1.07,-17.18,-9.28,-16.89,-17.5,1,3662,-1.5,19.9,1.9
2.0,92.679740,181.49,1.08,-15.98,-9.21,-15.41,-16.5,1,3544,2.5,104.9,2.9
2.0,92.689739,180.26,1.13,-14.02,-9.15,-13.69,-15.25,1,3408,1.8,111.8,0.9
2.0,92.699739,178.33,1.13,-12.83,-9.18,-11.76,-13.5,1,3280,0.7,111.9,-2.6
2.0,92.709739,176.22,1.18,-11.21,-9.21,-9.64,-11.25,1,3152,5.1,162.1,-2.7
2.0,92.719739,173.41,1.28,-8.54,-9.16,-7.36,-8.25,1,3025,6.2,216.2,-0.9
2.0,92.729739,170.33,1.36,-5.43,-9.1,-4.97,-5.75,1,3913,8.4,257.7,-2.5
2.0,92.739739,168.31,1.45,-2.05,-9.05,-2.51,-4.0,1,3786,6.6,296.6,-2.2
2.0,92.749740,166.9,1.42,0.75,-8.99,-0.0,-2.25,1,3667,-0.9,240.3,-0.4
2.0,92.759739,165.06,1.5,1.8,-8.98,2.51,0.25,1,3539,15.8,162.0,-2.5
2.0,92.769739,162.07,1.75,2.7,-8.96,4.97,3.0,1,3404,7.7,167.8,0.1
2.0,92.779739,159.26,1.68,5.26,-8.9,7.36,6.0,1,3283,1.0,250.8,-3.5
2.0,92.789739,156.45,1.73,9.01,-8.86,9.64,8.25,1,3147,10.1,292.3,-2.3
2.0,92.799739,154.86,1.88,12.19,-8.75,11.76,10.0,1,3029,4.2,276.2,-1.5
2.0,92.809739,152.84,1.88,14.25,-8.7,13.69,12.25,1,3918,5.0,222.9,-1.2
2.0,92.819739,150.38,2.06,15.29,-8.64,15.41,14.75,1,3790,15.5,157.3,1.4
2.0,92.829739,148.45,2.19,17.12,-8.57,16.89,16.5,1,3672,1.2,248.3,-3.2
2.0,92.839739,146.95,2.06,20.06,-8.56,18.1,17.75,1,3544,0.3,202.9,-3.7
2.0,92.849739,145.99,2.13,21.3,-8.53,19.02,18.5,1,3408,6.8,170.2,-0.9
2.0,92.859740,145.46,2.33,22.27,-8.43,19.65,19.75,1,3281,10.0,129.8,1.9
2.0,92.869740,143.96,2.36,22.49,-8.41,19.96,21.25,1,3152,-1.3,62.7,-1.1
2.0,92.879740,142.73,2.29,22.86,-8.44,19.96,21.75,1,3033,5.2,103.5,-0.9
2.0,92.889740,142.73,2.37,24.6,-8.38,19.65,21.75,1,3913,0.1,133.9,-2.0
2.0,92.899739,143.26,2.34,25.52,-8.36,19.02,21.25,1,3786,1.3,61.5,-0.7
2.0,92.909739,144.76,2.38,24.37,-8.4,18.1,19.75,1,3668,4.5,-42.4,0.2
2.0,92.919739,145.81,2.36,22.16,-8.48,16.89,18.25,1,3540,-2.7,-117.7,0.8
2.0,92.929739,146.6,2.22,19.94,-8.57,15.41,17.75,1,3404,-3.9,-146.6,0.5
2.0,92.939739,147.57,2.23,18.92,-8.57,13.69,16.75,1,3285,2.6,-72.6,3.7
2.0,92.949739,148.89,2.23,18.87,-8.56,11.76,15.25,1,3148,-6.6,-79.1,-1.0
2.0,92.959739,151.0,2.03,17.53,-8.65,9.64,13.25,1,3029,-8.4,-128.0,0.5
2.0,92.969739,153.54,1.99,15.31,-8.7,7.36,10.75,1,3918,-0.8,-172.7,2.3
2.0,92.979739,156.53,2.0,12.51,-8.77,4.97,7.75,1,3791,-5.5,-236.2,2.4
2.0,92.989739,159.43,1.84,9.04,-8.86,2.51,4.75,1,3672,-8.9,-283.3,2.2
2.0,92.999740,162.07,1.72,5.55,-8.94,-0.0,2.25,1,3545,-7.9,-301.7,3.4
2.0,93.009739,164.62,1.71,2.66,-8.99,-2.51,-0.5,1,3408,-1.8,-270.7,2.9
2.0,93.019739,167.26,1.63,0.48,-9.04,-4.97,-3.25,1,3281,-13.5,-249.7,2.6
2.0,93.029739,169.54,1.38,-2.13,-9.08,-7.36,-5.5,1,3154,-13.9,-282.2,2.1
2.0,93.039739,171.91,1.39,-4.83,-9.13,-9.64,-7.75,1,3034,1.4,-237.2,1.8
2.0,93.049739,174.55,1.48,-6.61,-9.16,-11.76,-10.5,1,3914,-6.5,-223.0,3.3
2.0,93.059739,177.19,1.25,-9.1,-9.17,-13.69,-13.0,1,3787,-15.3,-262.8,3.2
2.0,93.069740,178.68,1.13,-12.18,-9.23,-15.41,-14.25,1,3668,-4.5,-268.3,-0.0
2.0,93.079740,179.56,1.33,-13.95,-9.31,-16.89,-15.25,1,3541,7.4,-171.8,0.9
2.0,93.089740,181.14,1.3,-14.08,-9.26,-18.1,-17.0,1,3404,-13.7,-110.0,4.9
2.0,93.099740,182.64,1.05,-14.93,-9.19,-19.02,-18.5,1,3277,-2.1,-146.3,3.3
2.0,93.109740,183.25,1.14,-16.91,-9.27,-19.65,-19.0,1,3150,-4.6,-162.1,-1.3
2.0,93.119740,183.43,1.15,-17.96,-9.34,-19.96,-19.25,1,3048,1.9,-89.1,0.5
2.0,93.129740,184.13,1.17,-17.41,-9.28,-19.96,-20.0,1,3910,-3.0,-18.0,3.4
2.0,93.139740,185.36,1.1,-17.3,-9.23,-19.65,-21.25,1,3783,-1.0,-59.8,1.5
2.0,93.149740,185.98,1.09,-18.78,-9.28,-19.02,-21.75,1,3664,-4.5,-106.3,0.1
2.0,93.159740,186.06,1.05,-20.17,-9.32,-18.1,-21.75,1,3545,-1.5,-92.3,0.4
2.0,93.169740,185.8,1.08,-20.21,-9.32,-16.89,-20.75,1,3409,-0.8,-17.8,0.1
2.0,93.179740,184.13,1.07,-19.36,-9.29,-15.41,-19.25,1,3281,-0.2,10.5,1.9
2.0,93.189739,181.93,1.06,-17.88,-9.22,-13.69,-17.0,1,3146,-0.0,119.6,2.4
2.0,93.199739,179.65,1.09,-14.85,-9.17,-11.76,-14.75,1,3053,4.3,194.5,-0.8
2.0,93.209739,177.28,1.17,-11.71,-9.15,-9.64,-12.25,1,3915,4.4,238.9,-1.5
2.0,93.219739,174.81,1.2,-9.09,-9.12,-7.36,-9.75,1,3787,3.4,217.6,-0.7
2.0,93.229739,172.44,1.31,-6.8,-9.09,-4.97,-7.5,1,3668,12.3,250.0,-3.3
2.0,93.239739,169.63,1.4,-4.16,-9.06,-2.51,-4.5,1,3533,0.6,231.9,-1.2
2.0,93.249739,166.55,1.41,-1.63,-9.03,0.0,-1.75,1,3405,12.3,271.3,-3.4
2.0,93.259739,163.83,1.63,1.84,-8.97,2.51,1.0,1,3277,10.1,308.1,-2.2
2.0,93.269739,161.37,1.63,5.03,-8.9,4.97,3.25,1,3149,2.5,281.9,-2.1
2.0,93.279739,159.17,1.67,7.33,-8.86,7.36,5.5,1,3048,10.8,256.9,-2.3
2.0,93.289739,156.97,1.83,9.42,-8.81,9.64,8.25,1,3911,7.5,233.3,-1.7
2.0,93.299739,154.16,1.9,11.15,-8.75,11.76,11.0,1,3792,8.8,196.9,-0.4
2.0,93.309739,151.79,1.96,13.55,-8.68,13.69,13.0,1,3664,3.6,277.2,-2.2
2.0,93.319740,150.03,1.97,16.77,-8.62,15.41,14.5,1,3537,3.8,241.6,-3.0
2.0,93.329740,148.71,2.04,18.52,-8.59,16.89,15.75,1,3410,5.8,210.5,-1.7
2.0,93.339740,147.22,2.19,19.7,-8.52,18.1,18.0,1,3282,11.5,149.7,1.0
2.0,93.349740,144.93,2.32,20.34,-8.46,19.02,20.25,1,3145,5.4,124.5,-0.4
2.0,93.359740,143.09,2.28,22.22,-8.44,19.65,21.75,1,3043,1.4,212.9,-3.3
2.0,93.369740,142.29,2.3,25.05,-8.38,19.96,22.25,1,3915,2.6,195.3,-2.4
2.0,93.379740,142.38,2.37,26.37,-8.32,19.96,22.0,1,3788,4.1,149.5,-0.8
2.0,93.389740,143.09,2.44,25.92,-8.32,19.65,21.25,1,3669,4.9,0.9,0.6
2.0,93.399740,143.53,2.41,23.86,-8.4,19.02,20.75,1,3533,0.1,-57.3,-0.1
2.0,93.409740,144.32,2.37,22.71,-8.45,18.1,20.0,1,3405,1.9,-57.2,1.1
2.0,93.419740,145.72,2.35,22.12,-8.46,16.89,18.75,1,3278,-3.0,-58.6,1.0
2.0,93.429740,147.57,2.2,20.95,-8.52,15.41,16.75,1,3149,-8.3,-116.1,-0.6
2.0,93.439739,149.15,2.1,18.74,-8.6,13.69,15.0,1,3049,-1.9,-163.4,2.4
2.0,93.449739,150.56,2.15,16.4,-8.65,11.76,13.75,1,3911,0.1,-187.0,1.7
2.0,93.459739,152.31,2.15,14.94,-8.68,9.64,11.75,1,3793,-0.9,-121.7,3.3
2.0,93.469739,154.69,1.94,13.87,-8.72,7.36,9.5,1,3665,-19.2,-173.1,-1.9
2.0,93.479739,157.5,1.71,11.19,-8.83,4.97,6.75,1,3537,-1.8,-216.6,2.4
2.0,93.489739,160.22,1.86,8.19,-8.86,2.51,3.75,1,3410,-1.9,-256.6,3.4
2.0,93.499740,162.51,1.76,4.91,-8.93,0.0,1.75,1,3281,-9.8,-288.1,2.7
2.0,93.509739,164.09,1.63,2.12,-9.0,-2.51,-0.0,1,3145,-4.4,-247.8,2.2
2.0,93.519739,166.38,1.66,0.9,-9.02,-4.97,-2.25,1,3052,-2.9,-162.1,2.8
2.0,93.529739,169.01,1.49,-0.47,-9.02,-7.36,-5.0,1,3916,-18.5,-222.2,2.5
2.0,93.539739,172.0,1.29,-3.59,-9.08,-9.64,-7.75,1,3788,-3.7,-252.2,1.7
2.0,93.549739,174.38,1.44,-6.66,-9.16,-11.76,-10.25,1,3661,-0.6,-277.2,2.1
2.0,93.559739,176.4,1.42,-9.45,-9.2,-13.69,-12.25,1,3533,-5.6,-254.3,2.4
2.0,93.569740,178.59,1.26,-11.51,-9.22,-15.41,-14.5,1,3406,-11.4,-228.8,2.9
2.0,93.579740,180.53,1.15,-13.31,-9.22,-16.89,-16.5,1,3278,-6.1,-205.6,2.6
2.0,93.589740,181.58,1.15,-15.29,-9.26,-18.1,-17.25,1,3142,-6.1,-220.6,1.1
2.0,93.599740,182.11,1.22,-16.66,-9.32,-19.02,-17.75,1,3050,5.3,-122.3,-1.1
2.0,93.609740,183.16,1.25,-16.29,-9.29,-19.65,-19.25,1,3911,-7.0,-61.8,5.5
2.0,93.619740,184.31,1.09,-16.65,-9.2,-19.96,-20.25,1,3784,-2.0,-96.1,2.1
2.0,93.629740,184.48,1.11,-18.22,-9.28,-19.96,-20.25,1,3665,-4.8,-122.8,-1.0
2.0,93.639740,184.22,1.12,-18.95,-9.33,-19.65,-20.0,1,3529,1.5,-45.7,-0.2
2.0,93.649740,184.13,1.15,-18.05,-9.28,-19.02,-19.75,1,3410,-1.1,12.4,3.3
2.0,93.659740,184.04,1.09,-17.3,-9.21,-18.1,-19.25,1,3283,-1.5,17.4,1.9
2.0,93.669740,182.9,1.06,-17.13,-9.22,-16.89,-18.0,1,3147,-2.3,12.3,0.4
2.0,93.679740,181.41,1.05,-16.55,-9.21,-15.41,-16.5,1,3054,-0.3,62.8,1.1
2.0,93.689739,180.26,1.1,-14.64,-9.17,-13.69,-15.25,1,3916,4.2,140.8,0.4
2.0,93.699739,178.86,1.16,-12.53,-9.12,-11.76,-13.75,1,3789,2.8,133.3,0.8
2.0,93.709739,176.92,1.18,-11.29,-9.14,-9.64,-11.75,1,3670,2.7,131.2,-4.1
2.0,93.719739,174.38,1.28,-9.47,-9.16,-7.36,-9.25,1,3534,8.9,184.0,-1.5
2.0,93.729739,171.74,1.37,-6.68,-9.1,-4.97,-6.75,1,3406,4.1,225.8,-2.2
2.0,93.739739,169.19,1.39,-3.66,-9.05,-2.51,-4.25,1,3279,7.2,260.8,-1.8
2.0,93.749740,166.29,1.45,-0.88,-9.0,0.0,-1.25,1,3141,3.4,243.0,-1.7
2.0,93.759739,163.12,1.56,1.81,-8.96,2.51,1.5,1,3049,14.8,287.4,-2.8
2.0,93.769739,160.84,1.74,5.38,-8.88,4.97,3.5,1,3912,5.8,312.3,-1.4
2.0,93.779739,159.43,1.64,8.28,-8.82,7.36,5.5,1,3785,-1.4,265.1,-3.3
2.0,93.789739,157.24,1.73,9.49,-8.82,9.64,7.75,1,3666,16.1,168.2,-0.6
2.0,93.799739,154.42,1.99,10.19,-8.75,11.76,10.75,1,3529,7.1,167.5,0.1
2.0,93.809739,151.44,1.91,12.88,-8.7,13.69,13.5,1,3402,0.4,269.5,-3.5
2.0,93.819740,149.24,1.98,16.95,-8.62,15.41,15.25,1,3283,11.0,304.9,-1.4
2.0,93.829740,147.74,2.13,19.85,-8.51,16.89,16.75,1,3147,1.6,254.9,-3.3
2.0,93.839740,146.43,2.19,21.06,-8.48,18.1,18.25,1,3053,13.6,171.1,0.9
2.0,93.849740,145.37,2.35,21.58,-8.42,19.02,19.25,1,3916,2.6,135.9,-1.2
2.0,93.859740,144.58,2.25,22.41,-8.44,19.65,20.25,1,3789,0.7,118.3,-1.8
2.0,93.869740,143.7,2.26,23.05,-8.41,19.96,20.75,1,3670,2.8,81.6,0.3
2.0,93.879740,143.96,2.31,23.44,-8.38,19.96,20.75,1,3534,1.7,76.5,-0.6
2.0,93.889740,144.4,2.31,23.77,-8.39,19.65,20.0,1,3407,1.0,37.9,-1.2
2.0,93.899740,144.58,2.34,22.88,-8.44,19.02,19.75,1,3279,5.5,-50.3,0.2
2.0,93.909740,144.76,2.38,21.58,-8.48,18.1,19.75,1,3142,1.4,-42.4,0.8
2.0,93.919740,145.37,2.34,21.66,-8.46,16.89,18.75,1,3049,-0.8,0.2,1.0
2.0,93.929740,146.87,2.19,21.5,-8.49,15.41,17.25,1,3912,-11.9,-58.4,-2.6
2.0,93.939739,148.89,2.07,19.78,-8.57,13.69,15.5,1,3785,1.7,-113.9,2.5
2.0,93.949739,151.17,2.18,17.55,-8.59,11.76,13.0,1,3666,-1.9,-166.8,2.8
2.0,93.959739,153.46,2.03,14.78,-8.68,9.64,10.75,1,3530,-8.5,-224.7,1.2
2.0,93.969739,154.86,1.9,11.73,-8.79,7.36,9.25,1,3402,-4.0,-247.2,1.5
2.0,93.979739,156.45,1.97,9.93,-8.81,4.97,7.75,1,3284,3.0,-157.6,3.8
2.0,93.989739,158.55,1.91,9.31,-8.81,2.51,5.75,1,3147,-13.7,-151.3,0.2
2.0,93.999740,161.1,1.61,7.44,-8.88,-0.0,3.25,1,3054,-12.1,-193.4,1.6
2.0,94.009739,164.09,1.62,4.72,-8.93,-2.51,0.25,1,3917,-0.0,-230.0,2.4
2.0,94.019739,167.08,1.67,1.55,-8.99,-4.97,-3.0,1,3789,-6.8,-280.5,3.6
2.0,94.029739,169.45,1.49,-2.1,-9.05,-7.36,-5.25,1,3671,-11.4,-314.8,2.6
2.0,94.039739,171.3,1.44,-5.04,-9.12,-9.64,-7.25,1,3535,-1.3,-260.1,1.0
2.0,94.049739,173.5,1.51,-6.32,-9.15,-11.76,-9.5,1,3407,-2.5,-181.8,2.8
2.0,94.059739,176.31,1.32,-7.79,-9.13,-13.69,-12.25,1,3280,-17.8,-225.5,4.2
2.0,94.069740,178.77,1.12,-10.78,-9.16,-15.41,-14.75,1,3144,-6.0,-256.0,0.9
2.0,94.079740,180.26,1.22,-13.83,-9.26,-16.89,-16.25,1,3051,-2.9,-274.1,1.7
2.0,94.089740,180.88,1.27,-15.78,-9.29,-18.1,-16.75,1,3913,0.9,-177.1,0.5
2.0,94.099740,181.93,1.24,-15.78,-9.27,-19.02,-17.75,1,3785,-6.6,-96.9,4.0
2.0,94.109740,183.43,1.12,-15.77,-9.2,-19.65,-19.25,1,3667,-2.6,-78.8,2.7
2.0,94.119740,184.75,1.12,-16.86,-9.23,-19.96,-20.75,1,3531,-4.6,-127.3,1.6
2.0,94.129740,185.1,1.08,-18.91,-9.28,-19.96,-21.0,1,3403,-3.8,-156.8,0.2
2.0,94.139740,185.01,1.11,-19.87,-9.32,-19.65,-20.25,1,3284,0.9,-66.1,-0.5
2.0,94.149740,184.66,1.13,-18.96,-9.28,-19.02,-19.75,1,3149,-1.7,-0.3,2.6
2.0,94.159740,184.31,1.08,-18.07,-9.21,-18.1,-19.25,1,3047,0.7,24.3,3.0
2.0,94.169740,183.08,1.03,-17.46,-9.15,-16.89,-18.25,1,3909,-5.8,35.9,3.8
2.0,94.179740,181.49,1.0,-16.46,-9.16,-15.41,-16.5,1,3790,3.3,88.5,-2.7
2.0,94.189739,179.47,1.13,-14.49,-9.18,-13.69,-14.5,1,3671,2.9,144.0,0.8
2.0,94.199739,177.89,1.18,-11.95,-9.12,-11.76,-12.75,1,3535,6.4,199.4,-2.5
2.0,94.209739,176.13,1.22,-9.72,-9.09,-9.64,-11.25,1,3408,1.7,167.1,1.2
2.0,94.219739,173.94,1.23,-8.37,-9.07,-7.36,-8.75,1,3280,5.9,167.9,-3.5
2.0,94.229739,171.39,1.38,-6.25,-9.09,-4.97,-6.5,1,3143,10.3,211.0,-2.1
2.0,94.239739,169.01,1.45,-3.4,-9.01,-2.51,-4.0,1,4040,3.7,241.4,-1.1
2.0,94.249740,166.38,1.42,-0.87,-8.97,-0.0,-1.25,1,3914,3.3,223.1,-2.0
2.0,94.259739,163.21,1.56,1.7,-8.94,2.51,1.75,1,3786,14.9,275.5,-2.6
2.0,94.269739,160.31,1.75,5.28,-8.86,4.97,4.0,1,3667,6.5,305.4,-1.9
2.0,94.279739,158.82,1.68,8.35,-8.79,7.36,5.75,1,3531,1.1,277.3,-2.8
2.0,94.289739,156.97,1.72,10.15,-8.77,9.64,8.25,1,3403,8.6,208.6,-1.6
2.0,94.299739,154.51,1.95,11.05,-8.71,11.76,10.75,1,3275,14.4,159.2,1.5
2.0,94.309739,152.31,2.01,13.0,-8.63,13.69,12.75,1,3147,-1.7,243.7,-2.7
2.0,94.319740,150.29,1.88,15.97,-8.63,15.41,14.75,1,4036,3.2,212.5,-3.6
2.0,94.329740,148.27,2.05,17.84,-8.57,16.89,16.25,1,3909,10.0,219.3,-0.1
2.0,94.339740,147.3,2.22,19.95,-8.46,18.1,17.5,1,3791,6.4,204.0,-1.1
2.0,94.349740,146.34,2.21,21.31,-8.43,19.02,18.75,1,3672,2.2,151.5,-1.4
2.0,94.359740,145.11,2.22,21.38,-8.44,19.65,19.75,1,3535,5.3,59.7,-0.2
2.0,94.369740,144.23,2.27,21.76,-8.42,19.96,20.5,1,3408,1.6,129.7,-1.1
2.0,94.379740,143.53,2.3,23.5,-8.37,19.96,20.75,1,3272,3.7,103.6,-0.3
2.0,94.389740,143.79,2.35,24.1,-8.34,19.65,20.5,1,3143,2.3,86.6,-0.4
2.0,94.399740,144.93,2.33,23.87,-8.36,19.02,19.5,1,4041,0.1,-6.1,-1.0
2.0,94.409740,145.72,2.3,22.19,-8.43,18.1,18.5,1,3914,2.6,-75.6,0.9
2.0,94.419740,146.25,2.28,20.37,-8.49,16.89,18.25,1,3787,-3.1,-112.0,0.3
2.0,94.429740,146.78,2.25,19.52,-8.51,15.41,17.5,1,3668,3.9,-48.5,2.3
2.0,94.439739,148.18,2.24,19.66,-8.5,13.69,16.25,1,3531,-9.0,-50.3,-1.1
2.0,94.449739,149.94,2.03,18.56,-8.58,11.76,14.25,1,3404,-5.9,-107.5,0.0
2.0,94.459739,152.4,2.06,16.45,-8.62,9.64,11.75,1,3277,1.4,-153.7,2.4
2.0,94.469739,154.86,2.05,13.81,-8.68,7.36,9.25,1,3148,-6.6,-217.9,2.3
2.0,94.479739,157.06,1.87,10.62,-8.77,4.97,7.25,1,4037,-8.3,-255.2,1.9
2.0,94.489740,159.26,1.83,8.03,-8.84,2.51,5.0,1,3910,-1.6,-222.1,2.7
2.0,94.499740,161.72,1.81,6.27,-8.86,0.0,2.5,1,3791,-7.9,-209.0,3.1
2.0,94.509740,164.79,1.59,3.82,-8.91,-2.51,-0.75,1,3672,-15.1,-257.7,1.7
2.0,94.519739,167.52,1.46,0.57,-8.98,-4.97,-3.25,1,3536,-5.6,-276.9,2.7
2.0,94.529739,169.72,1.51,-2.66,-9.05,-7.36,-5.5,1,3409,-4.8,-304.3,1.8
2.0,94.539739,172.35,1.52,-5.13,-9.11,-9.64,-8.25,1,3273,0.2,-219.0,2.1
2.0,94.549739,175.17,1.33,-6.86,-9.11,-11.76,-11.0,1,3144,-24.4,-258.8,3.6
2.0,94.559739,177.28,1.08,-9.97,-9.14,-13.69,-13.0,1,4042,-1.6,-270.9,0.9
2.0,94.569740,178.51,1.35,-12.41,-9.23,-15.41,-14.25,1,3914,2.9,-231.6,1.3
2.0,94.579740,180.0,1.34,-13.57,-9.22,-16.89,-15.75,1,3787,-5.0,-155.1,3.5
2.0,94.589740,181.85,1.17,-14.21,-9.17,-18.1,-17.75,1,3668,-8.3,-140.5,3.6
2.0,94.599740,183.6,1.1,-15.8,-9.19,-19.02,-19.5,1,3532,-4.6,-173.6,1.3
2.0,94.609740,184.48,1.09,-18.14,-9.26,-19.65,-20.25,1,3405,-5.9,-201.4,1.2
2.0,94.619740,184.39,1.12,-19.45,-9.3,-19.96,-20.0,1,3268,3.1,-103.2,-1.3
2.0,94.629740,184.22,1.17,-18.66,-9.28,-19.96,-19.5,1,3150,-4.0,-19.5,3.2
2.0,94.639740,183.96,1.07,-17.72,-9.2,-19.65,-19.25,1,4038,-0.3,11.1,1.6
2.0,94.649740,183.87,1.1,-17.18,-9.17,-19.02,-19.5,1,3910,-0.1,22.8,3.7
2.0,94.659740,183.87,1.06,-16.84,-9.13,-18.1,-19.25,1,3791,-3.0,22.5,1.4
2.0,94.669740,183.43,1.04,-16.81,-9.17,-16.89,-18.25,1,3673,-0.3,3.2,-1.4
2.0,94.679740,181.76,1.08,-16.96,-9.21,-15.41,-16.75,1,3528,0.9,4.6,-0.3
2.0,94.689739,179.65,1.11,-15.59,-9.18,-13.69,-14.75,1,3409,2.0,135.4,-0.7
2.0,94.699739,177.36,1.16,-12.39,-9.13,-11.76,-12.5,1,3273,5.0,189.9,-1.5
2.0,94.709739,175.25,1.22,-9.52,-9.1,-9.64,-10.5,1,3145,4.3,232.8,-2.0
2.0,94.719739,173.41,1.25,-6.96,-9.06,-7.36,-8.5,1,4042,3.8,212.9,-0.2
2.0,94.729739,171.04,1.32,-5.26,-9.03,-4.97,-6.0,1,3915,7.9,190.1,-2.7
2.0,94.739740,168.31,1.47,-3.22,-9.03,-2.51,-3.25,1,3787,10.6,226.8,-2.1
2.0,94.749740,166.11,1.53,-0.21,-8.96,-0.0,-1.25,1,3668,3.9,263.8,-1.5
2.0,94.759740,163.92,1.5,2.43,-8.91,2.51,1.25,1,3532,3.6,227.1,-2.0
2.0,94.769739,161.28,1.6,4.27,-8.88,4.97,4.0,1,3404,10.0,221.3,-1.4
2.0,94.779739,158.38,1.8,6.8,-8.81,7.36,6.75,1,3276,12.8,258.5,-1.6
2.0,94.789739,155.83,1.87,9.95,-8.74,9.64,8.75,1,3149,3.1,278.8,-2.7
2.0,94.799739,153.98,1.8,12.71,-8.7,11.76,10.75,1,4038,2.1,255.5,-2.6
2.0,94.809739,152.31,1.89,14.73,-8.65,13.69,13.0,1,3910,8.7,225.8,-1.1
2.0,94.819740,149.68,2.13,16.17,-8.56,15.41,15.25,1,3783,15.3,173.6,1.9
2.0,94.829740,147.74,2.2,17.9,-8.49,16.89,17.5,1,3673,-1.4,225.6,-3.7
2.0,94.839740,145.63,2.05,20.49,-8.5,18.1,18.75,1,3528,1.5,206.3,-3.2
2.0,94.849740,144.84,2.23,22.34,-8.42,19.02,19.75,1,3410,11.7,205.2,0.1
2.0,94.859740,144.58,2.36,23.66,-8.34,19.65,20.0,1,3274,0.3,132.5,-1.5
2.0,94.869740,144.49,2.28,23.55,-8.36,19.96,20.25,1,3145,4.1,62.7,0.6
2.0,94.879740,144.14,2.3,22.92,-8.38,19.96,20.75,1,4043,-1.5,5.9,-1.8
2.0,94.889740,143.61,2.33,22.54,-8.39,19.65,20.75,1,3915,8.9,19.5,3.5
2.0,94.899740,144.23,2.4,23.04,-8.33,19.02,20.25,1,3788,-5.1,36.1,-2.0
2.0,94.909740,145.37,2.22,23.12,-8.41,18.1,19.0,1,3669,-1.3,-8.5,-1.5
2.0,94.919740,146.78,2.28,21.79,-8.44,16.89,17.5,1,3533,3.8,-88.5,1.8
2.0,94.929740,148.01,2.26,19.55,-8.5,15.41,16.25,1,3405,-5.8,-144.1,0.8
2.0,94.939739,149.33,2.14,17.7,-8.57,13.69,14.75,1,3270,-0.1,-129.4,1.7
2.0,94.949739,151.26,2.16,16.65,-8.58,11.76,13.0,1,3151,-3.0,-119.4,2.1
2.0,94.959739,153.63,2.0,15.03,-8.64,9.64,10.5,1,4038,-11.6,-172.7,-0.2
2.0,94.969739,155.74,1.86,12.3,-8.73,7.36,8.25,1,3911,-3.3,-219.4,2.5
2.0,94.979739,157.68,1.91,9.41,-8.8,4.97,6.75,1,3783,-2.6,-242.4,1.2
2.0,94.989740,159.79,1.88,7.51,-8.84,2.51,4.5,1,3674,-2.3,-167.1,4.0
2.0,94.999740,162.42,1.69,6.16,-8.85,0.0,1.75,1,3529,-20.1,-210.4,0.5
2.0,95.009740,165.15,1.46,3.2,-8.93,-2.51,-1.0,1,3410,-4.3,-253.0,2.1
2.0,95.019739,167.7,1.58,0.05,-8.99,-4.97,-3.5,1,3274,-3.4,-272.5,2.9
2.0,95.029739,169.98,1.55,-2.71,-9.03,-7.36,-5.75,1,3145,-3.9,-255.9,2.8
2.0,95.039739,172.79,1.44,-4.89,-9.07,-9.64,-8.75,1,4043,-11.5,-235.1,2.4
2.0,95.049739,175.34,1.21,-7.38,-9.1,-11.76,-11.25,1,3916,-15.2,-269.3,2.6
2.0,95.059739,176.84,1.18,-10.43,-9.16,-13.69,-12.75,1,3788,-0.5,-271.4,0.3
2.0,95.069740,177.8,1.4,-12.22,-9.23,-15.41,-13.75,1,3669,5.9,-177.1,0.6
2.0,95.079740,179.47,1.34,-12.45,-9.19,-16.89,-15.25,1,3533,-11.8,-117.3,4.6
2.0,95.089740,181.67,1.11,-13.28,-9.14,-18.1,-17.5,1,3406,-3.5,-142.5,2.6
2.0,95.099740,183.6,1.16,-15.49,-9.2,-19.02,-19.5,1,3270,-5.1,-195.8,1.4
2.0,95.109740,184.57,1.09,-18.28,-9.24,-19.65,-20.25,1,3143,-6.9,-225.5,2.3
2.0,95.119740,184.48,1.12,-19.76,-9.29,-19.96,-20.25,1,4039,3.5,-118.5,-2.1
2.0,95.129740,184.39,1.17,-18.97,-9.28,-19.96,-20.0,1,3912,-5.3,-28.3,3.8
2.0,95.139740,184.48,1.07,-17.98,-9.18,-19.65,-20.25,1,3784,2.0,9.5,2.4
2.0,95.149740,184.48,1.1,-17.53,-9.17,-19.02,-20.25,1,3665,-3.9,6.7,1.6
2.0,95.159740,184.22,1.05,-17.61,-9.2,-18.1,-19.25,1,3529,0.3,-5.1,-2.2
2.0,95.169740,183.16,1.09,-17.59,-9.23,-16.89,-18.25,1,3402,-0.9,14.2,2.1
2.0,95.179740,181.76,1.07,-16.57,-9.13,-15.41,-16.75,1,3274,1.1,82.7,2.7
2.0,95.189739,179.82,1.09,-14.73,-9.09,-13.69,-14.75,1,3147,1.2,115.5,0.2
2.0,95.199739,177.71,1.15,-12.7,-9.11,-11.76,-12.75,1,4034,5.7,170.3,-3.2
2.0,95.209739,175.87,1.22,-10.06,-9.11,-9.64,-11.25,1,3916,2.0,209.2,-1.3
2.0,95.219739,174.2,1.21,-7.84,-9.04,-7.36,-9.25,1,3789,4.3,183.6,0.0
2.0,95.229739,171.83,1.32,-6.32,-9.03,-4.97,-6.75,1,3670,8.9,177.0,-3.2
2.0,95.239740,169.01,1.47,-4.17,-9.03,-2.51,-4.0,1,3534,10.0,221.4,-2.1
3.0,97.269739,164.79,1.49,-0.03,-8.9,3.75,0.25,1,4159,11.2,342.7,-2.6
3.0,97.279739,160.66,1.66,4.19,-8.82,7.36,4.5,1,4032,12.4,380.6,-3.6
3.0,97.289739,156.53,1.81,8.59,-8.73,10.72,8.5,1,3913,12.4,402.9,-3.4
3.0,97.299739,152.75,1.92,12.98,-8.62,13.69,11.75,1,3794,8.9,417.2,-2.9
3.0,97.309740,150.12,1.98,16.98,-8.51,16.18,14.25,1,3659,7.4,385.5,-3.3
3.0,97.319740,148.1,2.08,19.84,-8.44,18.1,16.5,1,3531,8.8,317.7,-2.1
3.0,97.329740,145.99,2.25,21.29,-8.36,19.37,19.25,1,3395,12.6,213.7,0.2
3.0,97.339740,143.7,2.38,22.36,-8.3,19.96,21.25,1,3267,7.5,210.7,-1.6
3.0,97.349740,141.68,2.33,24.48,-8.28,19.84,22.75,1,4164,-0.8,215.1,-4.2
3.0,97.359740,141.15,2.37,26.63,-8.23,19.02,23.25,1,4037,9.7,210.6,-0.7
3.0,97.369740,141.33,2.53,27.89,-8.13,17.53,22.75,1,3909,1.4,130.7,-0.8
3.0,97.379740,142.47,2.44,27.04,-8.18,15.41,21.75,1,3790,1.8,-4.6,0.2
3.0,97.389739,144.32,2.41,24.86,-8.27,12.75,20.0,1,3663,0.3,-82.3,0.3
3.0,97.399739,146.51,2.33,22.59,-8.35,9.64,17.75,1,3536,-2.7,-149.7,1.6
3.0,97.409739,149.33,2.2,19.84,-8.44,6.18,14.75,1,3400,-7.7,-207.5,1.4
3.0,97.419740,152.67,2.04,16.72,-8.55,2.51,11.5,1,3272,-7.5,-254.9,1.9
3.0,97.429739,156.18,1.95,13.19,-8.64,-1.26,7.75,1,4160,-6.6,-306.1,2.9
3.0,97.439739,160.22,1.83,9.19,-8.74,-4.97,4.0,1,4032,-10.6,-348.7,3.1
3.0,97.449739,164.36,1.69,4.96,-8.83,-8.52,-0.25,1,3914,-9.5,-380.2,4.4
3.0,97.459739,168.93,1.56,0.56,-8.91,-11.76,-4.75,1,3795,-13.2,-408.7,3.7
3.0,97.469740,173.58,1.38,-4.16,-8.99,-14.58,-9.5,1,3659,-14.7,-444.0,3.9
3.0,97.479740,177.8,1.25,-9.13,-9.07,-16.89,-13.75,1,3531,-12.4,-461.1,4.1
3.0,97.489740,180.7,1.18,-13.85,-9.15,-18.6,-16.5,1,3396,-10.7,-455.7,2.8
3.0,97.499740,182.37,1.21,-17.11,-9.22,-19.65,-18.0,1,3268,-0.4,-331.1,1.7
3.0,97.509740,183.25,1.21,-18.03,-9.21,-20.0,-19.0,1,4166,-10.8,-217.0,4.9
3.0,97.519740,183.6,1.05,-18.07,-9.15,-19.65,-19.5,1,4037,-3.9,-117.3,2.2
3.0,97.529740,183.52,1.09,-17.7,-9.17,-18.6,-19.25,1,3909,-2.8,-62.9,0.2
3.0,97.539740,183.34,1.12,-17.19,-9.17,-16.89,-19.0,1,3791,1.4,-3.0,0.9
3.0,97.549740,182.72,1.13,-16.47,-9.13,-14.58,-17.75,1,3664,-2.6,12.4,2.0
3.0,97.559739,180.97,1.08,-16.1,-9.13,-11.76,-16.0,1,3536,0.1,21.1,-0.8
3.0,97.569739,178.59,1.13,-14.47,-9.1,-8.52,-13.75,1,3400,2.4,154.0,2.5
3.0,97.579740,175.78,1.19,-10.92,-9.02,-4.97,-10.75,1,3273,5.9,223.1,-2.9
3.0,97.589739,172.44,1.3,-7.49,-9.02,-1.26,-7.25,1,4161,7.1,274.0,-1.6
3.0,97.599739,168.57,1.38,-3.89,-8.95,2.51,-3.75,1,4033,7.6,308.8,-2.4
3.0,97.609739,164.79,1.5,-0.0,-8.89,6.18,0.25,1,3914,11.0,354.4,-2.7
3.0,97.619739,160.4,1.66,4.36,-8.81,9.64,4.75,1,3795,12.6,390.7,-3.6
3.0,97.629739,156.09,1.82,8.85,-8.72,12.75,8.75,1,3660,13.0,413.2,-3.6
3.0,97.639740,152.31,1.93,13.35,-8.6,15.41,12.5,1,3532,9.1,427.3,-2.9
3.0,97.649740,148.89,2.0,17.45,-8.49,17.53,15.25,1,3396,8.0,396.4,-3.4
3.0,97.659740,147.13,2.15,20.7,-8.4,19.02,17.5,1,3269,12.2,356.3,-2.1
3.0,97.669740,145.55,2.26,22.76,-8.32,19.84,18.75,1,4165,5.0,246.4,-2.5
3.0,97.679740,144.76,2.3,23.55,-8.3,19.96,19.75,1,4037,9.9,189.3,-0.0
3.0,97.689740,144.05,2.34,23.93,-8.27,19.37,20.25,1,3910,-2.2,95.5,-2.1
3.0,97.699740,143.88,2.27,23.69,-8.3,18.1,20.5,1,3791,6.8,70.0,1.0
3.0,97.709740,144.32,2.4,23.9,-8.25,16.18,19.75,1,3655,1.7,45.9,0.5
3.0,97.719739,145.63,2.32,23.38,-8.3,13.69,18.75,1,3537,-1.3,-28.0,-1.5
3.0,97.729739,147.39,2.25,21.7,-8.39,10.72,16.75,1,3400,-0.0,-94.3,1.3
3.0,97.739740,149.94,2.19,19.44,-8.44,7.36,14.25,1,3273,-5.7,-159.5,1.2
3.0,97.749739,152.75,2.08,16.61,-8.53,3.75,11.5,1,4161,-2.9,-218.0,2.1
3.0,97.759740,156.09,1.99,13.32,-8.62,-0.0,8.25,1,4033,-8.8,-269.9,2.3
3.0,97.769739,159.7,1.81,9.62,-8.72,-3.75,4.5,1,3915,-10.8,-318.5,2.4
3.0,97.779739,163.74,1.69,5.61,-8.81,-7.36,0.25,1,3796,-9.0,-352.7,4.0
3.0,97.789739,168.05,1.58,1.43,-8.88,-10.72,-3.75,1,3660,-11.8,-383.2,3.3
3.0,97.799739,172.44,1.44,-3.14,-8.97,-13.69,-8.5,1,3533,-11.5,-426.9,4.3
3.0,97.809740,176.75,1.31,-7.98,-9.04,-16.18,-12.5,1,3396,-13.6,-441.0,3.8
3.0,97.819740,179.38,1.18,-12.51,-9.12,-18.1,-15.25,1,3269,-12.6,-438.9,2.8
3.0,97.829740,181.14,1.24,-15.72,-9.18,-19.37,-16.75,1,4157,3.4,-322.9,1.9
3.0,97.839740,182.2,1.29,-16.69,-9.19,-19.96,-18.0,1,4037,-10.6,-213.4,4.5
3.0,97.849740,183.25,1.07,-16.82,-9.13,-19.84,-19.0,1,3911,-6.8,-121.8,2.2
3.0,97.859740,183.43,1.07,-17.18,-9.14,-19.02,-19.25,1,3792,-4.8,-127.4,1.9
3.0,97.869740,182.99,1.12,-17.59,-9.18,-17.53,-18.75,1,3656,2.5,-35.5,-2.9
3.0,97.879740,182.81,1.18,-16.5,-9.17,-15.41,-18.0,1,3537,-1.2,16.7,4.4
3.0,97.889739,181.49,1.08,-15.7,-9.06,-12.75,-16.5,1,3401,-3.1,28.2,1.7
3.0,97.899740,179.47,1.08,-14.78,-9.08,-9.64,-14.5,1,3273,0.8,80.9,-0.9
3.0,97.909739,176.84,1.15,-12.46,-9.06,-6.18,-12.0,1,4161,3.6,179.2,0.9
3.0,97.919739,173.94,1.26,-9.11,-9.0,-2.51,-8.75,1,4033,9.4,237.1,-3.4
3.0,97.929740,170.42,1.4,-5.66,-8.99,1.26,-5.25,1,3915,8.2,286.5,-2.5
3.0,97.939739,166.73,1.46,-1.87,-8.92,4.97,-1.75,1,3797,8.1,330.5,-2.9
3.0,97.949739,162.6,1.57,2.25,-8.85,8.52,2.5,1,3660,11.0,368.0,-2.7
3.0,97.959739,158.12,1.73,6.62,-8.75,11.76,7.0,1,3533,12.1,399.6,-2.9
3.0,97.969740,153.63,1.87,11.1,-8.64,14.58,10.75,1,3397,11.9,417.4,-3.6
3.0,97.979740,150.73,2.0,15.79,-8.53,16.89,13.75,1,3269,9.6,451.2,-3.4
3.0,97.989740,148.1,2.06,19.89,-8.42,18.6,16.5,1,4157,4.9,376.2,-3.6
3.0,97.999740,146.07,2.2,21.76,-8.35,19.65,18.25,1,4038,16.4,262.3,0.2
3.0,98.009740,145.11,2.39,23.13,-8.26,20.0,19.25,1,3911,5.0,251.3,-2.6
3.0,98.019740,145.11,2.27,24.2,-8.29,19.65,19.25,1,3792,-0.4,118.1,-2.8
3.0,98.029740,145.9,2.23,23.22,-8.32,18.6,18.25,1,3656,3.0,35.1,1.1
3.0,98.039740,146.95,2.28,21.88,-8.34,16.89,17.25,1,3537,2.7,-50.1,0.1
3.0,98.049740,148.1,2.24,20.01,-8.43,14.58,16.0,1,3401,-1.4,-102.0,0.5
3.0,98.059740,150.03,2.21,18.46,-8.46,11.76,14.25,1,3274,2.3,-103.0,2.5
3.0,98.069740,152.4,2.13,16.83,-8.51,8.52,11.75,1,4162,-10.1,-162.2,0.1
3.0,98.079740,155.21,1.9,14.08,-8.61,4.97,9.0,1,4034,-7.8,-216.2,1.7
3.0,98.089740,158.38,1.87,10.92,-8.67,1.26,5.75,1,3916,-4.0,-262.2,3.1
3.0,98.099740,161.89,1.78,7.38,-8.75,-2.51,2.25,1,3797,-11.7,-308.2,2.7
3.0,98.109740,165.85,1.59,3.48,-8.84,-6.18,-1.75,1,3661,-10.5,-344.0,3.0
3.0,98.119740,169.89,1.5,-0.57,-8.92,-9.64,-5.75,1,3533,-10.3,-368.9,3.6
3.0,98.129740,174.2,1.41,-4.89,-8.99,-12.75,-10.25,1,3397,-9.2,-406.9,3.5
3.0,98.139740,178.33,1.28,-9.52,-9.06,-15.41,-14.0,1,3269,-15.3,-425.4,3.9
3.0,98.149740,180.88,1.13,-14.02,-9.13,-17.53,-16.75,1,4157,-10.2,-431.4,2.4
3.0,98.159740,182.37,1.22,-17.15,-9.2,-19.02,-18.0,1,4039,2.5,-307.0,1.7
3.0,98.169740,183.34,1.23,-17.83,-9.19,-19.84,-19.25,1,3920,-11.5,-193.1,4.7
3.0,98.179740,184.31,1.05,-17.76,-9.11,-19.96,-20.25,1,3793,-2.8,-105.9,3.1
3.0,98.189740,184.48,1.08,-18.06,-9.13,-19.37,-20.25,1,3656,-5.6,-117.9,1.2
3.0,98.199740,184.13,1.11,-18.57,-9.19,-18.1,-19.5,1,3529,3.7,-38.8,-2.4
3.0,98.209740,182.99,1.16,-17.62,-9.17,-16.18,-18.0,1,3393,-4.1,16.6,3.7
3.0,98.219740,180.97,1.06,-16.4,-9.08,-13.69,-16.0,1,3274,1.3,66.9,0.7
3.0,98.229739,178.42,1.13,-14.13,-9.06,-10.72,-13.5,1,4162,1.5,176.4,0.0
3.0,98.239739,175.43,1.18,-10.63,-9.02,-7.36,-10.5,1,4034,5.4,240.4,-1.9
3.0,98.249739,172.0,1.3,-7.14,-8.98,-3.75,-7.0,1,3925,8.6,285.4,-1.9
3.0,98.259740,168.31,1.41,-3.52,-8.92,0.0,-3.25,1,3797,8.3,317.1,-2.4
3.0,98.269739,164.27,1.52,0.39,-8.86,3.75,0.75,1,3661,11.5,359.6,-3.0
3.0,98.279739,160.05,1.67,4.75,-8.78,7.36,5.0,1,3533,12.0,393.7,-3.6
3.0,98.289739,155.74,1.82,9.22,-8.69,10.72,9.25,1,3398,12.8,413.7,-3.7
3.0,98.299740,151.96,1.95,13.66,-8.58,13.69,12.5,1,3279,9.9,424.1,-2.9
3.0,98.309740,149.41,2.02,17.76,-8.46,16.18,15.0,1,4158,6.7,400.5,-3.3
3.0,98.319740,147.39,2.11,20.65,-8.38,18.1,17.5,1,4030,9.5,312.5,-1.7
3.0,98.329740,144.84,2.3,21.96,-8.31,19.37,19.75,1,3920,13.9,219.6,-0.1
3.0,98.339740,143.44,2.42,23.34,-8.24,19.96,20.75,1,3793,5.7,230.5,-2.1
3.0,98.349740,143.17,2.29,25.36,-8.24,19.84,21.25,1,3657,-5.4,191.8,-4.7
3.0,98.359740,143.79,2.28,25.63,-8.24,19.02,20.5,1,3529,10.1,65.6,1.9
3.0,98.369740,144.93,2.47,24.1,-8.23,17.53,19.25,1,3394,3.7,-26.8,0.2
3.0,98.379740,146.87,2.33,22.17,-8.34,15.41,17.25,1,3275,-3.5,-100.6,-0.2
3.0,98.389740,148.97,2.17,19.86,-8.43,12.75,15.0,1,4163,-5.4,-157.6,1.4
3.0,98.399740,151.88,2.07,17.23,-8.5,9.64,12.25,1,4035,-6.3,-205.4,2.0
3.0,98.409740,155.21,1.98,14.2,-8.58,6.18,9.25,1,3916,-6.1,-255.4,2.4
3.0,98.419740,158.55,1.88,10.63,-8.67,2.51,5.5,1,3798,-8.6,-306.8,3.2
3.0,98.429740,162.33,1.72,6.73,-8.76,-1.26,1.75,1,3662,-11.9,-338.6,2.9
3.0,98.439740,166.55,1.59,2.68,-8.85,-4.97,-2.25,1,3534,-9.4,-373.9,3.4
3.0,98.449740,170.77,1.49,-1.6,-8.93,-8.52,-6.75,1,3398,-12.0,-392.3,3.8
3.0,98.459740,174.64,1.37,-6.03,-8.99,-11.76,-10.5,1,3279,-10.1,-425.1,3.8
3.0,98.469740,177.45,1.3,-10.55,-9.08,-14.58,-13.25,1,4159,-10.1,-419.0,2.7
3.0,98.479740,179.38,1.32,-13.49,-9.15,-16.89,-15.25,1,4031,0.6,-300.3,1.2
3.0,98.489740,181.85,1.28,-14.51,-9.14,-18.6,-17.75,1,3921,-14.0,-220.8,5.5
3.0,98.499740,184.13,1.06,-16.15,-9.07,-19.65,-20.0,1,3793,-6.9,-243.2,4.9
3.0,98.509740,185.36,1.08,-18.85,-9.14,-20.0,-21.25,1,3658,-7.3,-246.9,-0.5
3.0,98.519740,185.54,1.1,-20.41,-9.23,-19.65,-21.25,1,3530,0.1,-153.1,0.8
3.0,98.529740,185.45,1.12,-20.07,-9.18,-18.6,-20.5,1,3394,-4.0,-59.9,2.9
3.0,98.539740,184.22,1.05,-19.08,-9.14,-16.89,-19.25,1,3275,-1.2,6.2,0.2
3.0,98.549740,182.29,1.06,-17.67,-9.1,-14.58,-17.25,1,4163,-1.0,75.4,3.7
3.0,98.559739,179.56,1.07,-15.24,-9.02,-11.76,-14.75,1,4035,3.1,173.6,-0.2
3.0,98.569739,176.66,1.16,-11.95,-9.03,-8.52,-11.75,1,3917,4.7,231.7,-2.7
3.0,98.579739,173.41,1.25,-8.59,-9.01,-4.97,-8.25,1,3798,8.3,277.6,-2.4
3.0,98.589740,169.72,1.39,-4.91,-8.95,-1.26,-4.75,1,3662,10.5,322.7,-3.4
3.0,98.599739,165.67,1.49,-0.9,-8.89,2.51,-0.75,1,3535,8.5,355.3,-2.9
3.0,98.609739,161.54,1.59,3.27,-8.81,6.18,3.5,1,3398,11.5,385.5,-2.6
3.0,98.619740,157.32,1.76,7.7,-8.7,9.64,7.75,1,3296,12.9,412.8,-3.2
3.0,98.629739,153.54,1.9,12.21,-8.6,12.75,11.25,1,4159,11.3,424.6,-3.3
3.0,98.639740,151.08,1.97,16.28,-8.5,15.41,13.5,1,4031,5.4,394.7,-3.4
3.0,98.649740,148.8,2.02,19.1,-8.43,17.53,16.0,1,3922,9.2,312.8,-1.9
3.0,98.659740,146.51,2.23,20.4,-8.35,19.02,18.5,1,3785,14.7,212.6,0.4
3.0,98.669740,144.14,2.36,21.62,-8.29,19.84,20.25,1,3658,5.5,221.7,-2.2
3.0,98.679740,143.17,2.27,24.06,-8.27,19.96,21.25,1,3530,-0.7,235.5,-4.7
3.0,98.689740,143.26,2.29,25.88,-8.23,19.37,21.25,1,3394,6.0,167.8,-0.2
3.0,98.699740,144.14,2.43,25.5,-8.19,18.1,20.25,1,3302,5.0,30.9,0.9
3.0,98.709740,145.63,2.38,23.52,-8.27,16.18,18.75,1,4164,0.1,-61.3,-0.1
3.0,98.719739,147.57,2.27,21.36,-8.37,13.69,16.5,1,4036,-2.6,-124.5,0.6
3.0,98.729739,150.21,2.15,18.91,-8.45,10.72,14.0,1,3917,-6.1,-181.1,1.6
3.0,98.739739,153.28,2.06,16.06,-8.52,7.36,11.0,1,3781,-3.6,-228.8,2.5
3.0,98.749740,156.62,1.96,12.75,-8.61,3.75,7.75,1,3662,-10.5,-283.6,2.4
3.0,98.759740,160.31,1.78,8.95,-8.71,0.0,3.75,1,3535,-9.3,-325.7,2.7
3.0,98.769740,164.27,1.7,4.98,-8.79,-3.75,-0.25,1,3399,-7.8,-354.8,4.2
3.0,98.779740,168.49,1.58,0.85,-8.87,-7.36,-4.25,1,3298,-13.6,-383.9,3.4
3.0,98.789739,172.88,1.39,-3.62,-8.95,-10.72,-8.75,1,4159,-13.0,-417.5,3.8
3.0,98.799739,176.84,1.29,-8.31,-9.02,-13.69,-12.75,1,4032,-11.4,-435.7,4.0
3.0,98.809740,179.65,1.2,-12.84,-9.1,-16.18,-15.5,1,3922,-12.0,-434.6,2.6
3.0,98.819740,181.49,1.24,-15.96,-9.16,-18.1,-17.25,1,3786,2.6,-313.6,1.8
3.0,98.829740,183.34,1.27,-16.92,-9.16,-19.37,-19.25,1,3658,-11.7,-217.2,5.3
3.0,98.839740,185.27,1.06,-17.76,-9.09,-19.96,-21.25,1,3531,-4.9,-179.6,3.3
3.0,98.849740,186.77,1.06,-19.42,-9.14,-19.84,-22.5,1,3395,-7.6,-203.9,1.4
3.0,98.859740,187.12,1.03,-21.4,-9.19,-19.02,-23.0,1,3294,-2.1,-173.7,0.7
3.0,98.869740,187.03,1.07,-21.85,-9.2,-17.53,-22.25,1,4155,-2.1,-75.1,1.3
3.0,98.879740,185.89,1.05,-20.84,-9.16,-15.41,-21.0,1,4036,-0.6,2.8,1.5
3.0,98.889739,183.96,1.05,-19.47,-9.11,-12.75,-19.0,1,3918,-0.2,59.7,1.8
3.0,98.899739,181.41,1.04,-17.22,-9.05,-9.64,-16.5,1,3781,1.2,168.4,1.7
3.0,98.909739,178.42,1.11,-13.77,-9.01,-6.18,-13.25,1,3654,5.9,236.3,-2.9
3.0,98.919740,174.99,1.23,-10.26,-9.01,-2.51,-10.0,1,3535,6.6,283.4,-2.2
3.0,98.929740,171.3,1.31,-6.49,-8.95,1.26,-6.25,1,3399,8.7,330.0,-2.5
3.0,98.939740,167.17,1.43,-2.42,-8.89,4.97,-2.0,1,3298,10.9,360.1,-3.1
3.0,98.949739,162.77,1.57,1.87,-8.82,8.52,2.25,1,4160,11.3,399.6,-3.8
3.0,98.959739,158.2,1.72,6.5,-8.73,11.76,7.0,1,4032,14.1,423.9,-3.5
3.0,98.969740,153.46,1.89,11.17,-8.62,14.58,11.25,1,3914,12.2,443.1,-4.0
3.0,98.979740,150.38,2.0,16.07,-8.5,16.89,13.75,1,3786,10.2,470.9,-3.5
3.0,98.989740,148.27,2.06,20.19,-8.38,18.6,16.25,1,3659,4.6,384.9,-3.3
3.0,98.999740,145.9,2.16,21.8,-8.33,19.65,18.25,1,3531,13.6,246.7,-0.9
3.0,99.009740,144.84,2.42,22.73,-8.25,20.0,19.5,1,3395,14.0,231.8,-0.4
3.0,99.019740,144.76,2.34,24.09,-8.25,19.65,19.5,1,3294,-7.9,151.3,-5.7
3.0,99.029740,145.11,2.14,23.77,-8.33,18.6,19.25,1,4164,4.7,48.1,0.8
3.0,99.039740,145.72,2.32,22.51,-8.31,16.89,18.5,1,4036,4.4,-22.5,0.1
3.0,99.049740,147.13,2.33,21.37,-8.36,14.58,17.25,1,3910,2.9,-43.1,1.1
3.0,99.059739,148.8,2.21,20.14,-8.41,11.76,15.25,1,3782,-8.3,-102.2,-0.5
3.0,99.069739,151.17,2.05,17.97,-8.49,8.52,13.0,1,3663,-2.2,-158.4,2.0
3.0,99.079739,153.98,2.06,15.28,-8.54,4.97,10.25,1,3536,-4.3,-212.5,2.4
3.0,99.089740,157.32,1.94,12.04,-8.63,1.26,6.75,1,3391,-7.7,-269.7,2.2
3.0,99.099740,160.93,1.8,8.33,-8.73,-2.51,3.25,1,3298,-7.9,-314.7,2.6
3.0,99.109739,164.79,1.68,4.43,-8.81,-6.18,-0.75,1,4160,-11.7,-344.4,3.7
3.0,99.119739,169.19,1.51,0.32,-8.87,-9.64,-5.0,1,4032,-12.7,-381.2,4.2
3.0,99.129739,173.23,1.37,-4.14,-8.95,-12.75,-9.0,1,3914,-13.4,-409.8,3.1
3.0,99.139740,176.75,1.28,-8.65,-9.04,-15.41,-12.75,1,3787,-9.4,-422.5,3.2
3.0,99.149740,179.65,1.27,-12.58,-9.1,-17.53,-15.5,1,3659,-6.1,-380.6,3.3
3.0,99.159740,181.32,1.21,-15.44,-9.14,-19.02,-17.25,1,3532,-9.7,-328.0,3.4
3.0,99.169740,182.2,1.18,-16.97,-9.15,-19.84,-18.0,1,3396,-0.3,-205.4,2.1
3.0,99.179740,183.34,1.2,-16.88,-9.14,-19.96,-19.25,1,3295,-6.8,-113.1,2.2
3.0,99.189740,184.22,1.1,-16.91,-9.1,-19.37,-20.25,1,4165,-2.4,-95.9,3.6
3.0,99.199740,184.31,1.1,-17.89,-9.12,-18.1,-20.25,1,4037,-5.0,-114.2,-0.7
3.0,99.209740,184.04,1.12,-18.46,-9.19,-16.18,-19.25,1,3918,2.6,-38.8,-1.3
3.0,99.219739,182.72,1.15,-17.49,-9.14,-13.69,-17.75,1,3783,-3.7,21.8,3.5
3.0,99.229739,180.79,1.07,-16.18,-9.06,-10.72,-15.75,1,3655,0.4,70.3,0.7
3.0,99.239739,178.07,1.13,-13.85,-9.04,-7.36,-13.25,1,3536,2.3,184.6,0.1
3.0,99.249740,174.99,1.18,-10.27,-9.0,-3.75,-10.0,1,3391,4.8,244.3,-2.0
3.0,99.259740,171.56,1.29,-6.74,-8.96,0.0,-6.5,1,3299,8.6,293.2,-1.9
3.0,99.269740,167.78,1.42,-2.99,-8.9,3.75,-2.75,1,4161,10.0,326.7,-2.5
3.0,99.279739,163.74,1.54,1.02,-8.84,7.36,1.5,1,4033,10.9,367.5,-3.4
3.0,99.289739,159.35,1.69,5.42,-8.76,10.72,5.75,1,3914,12.9,399.3,-3.3
3.0,99.299739,154.95,1.83,9.94,-8.66,13.69,10.25,1,3787,11.3,420.8,-3.9
3.0,99.309740,150.91,1.96,14.56,-8.55,16.18,13.5,1,3660,11.7,441.1,-3.2
3.0,99.319740,148.71,2.07,18.83,-8.42,18.1,15.75,1,3532,7.0,407.1,-3.5
3.0,99.329740,147.39,2.13,21.61,-8.34,19.37,17.0,1,3396,8.3,312.2,-1.9
3.0,99.339740,146.43,2.24,22.27,-8.31,19.96,18.5,1,3294,8.1,161.1,-0.8
3.0,99.349740,144.67,2.3,21.85,-8.31,19.84,19.75,1,4156,6.8,108.8,0.1
3.0,99.359740,143.79,2.34,22.73,-8.28,19.02,20.75,1,4038,4.0,141.1,-1.3
3.0,99.369740,143.35,2.26,24.47,-8.26,17.53,21.0,1,3919,-5.9,141.4,-3.8
3.0,99.379740,143.79,2.3,24.96,-8.25,15.41,20.5,1,3783,12.6,48.8,2.9
3.0,99.389740,145.02,2.47,23.92,-8.23,12.75,19.25,1,3655,-1.6,-10.6,-1.3
3.0,99.399740,147.04,2.27,22.36,-8.34,9.64,17.25,1,3528,-1.8,-97.0,0.3
3.0,99.409740,149.41,2.19,19.89,-8.42,6.18,14.75,1,3392,-5.4,-161.1,1.5
3.0,99.419740,152.4,2.06,17.04,-8.5,2.51,11.75,1,3299,-6.5,-220.5,2.0
3.0,99.429740,155.83,1.96,13.71,-8.59,-1.26,8.25,1,4161,-6.8,-273.4,2.4
3.0,99.439740,159.7,1.84,9.95,-8.69,-4.97,4.5,1,4033,-9.4,-323.6,2.8
3.0,99.449740,163.65,1.7,5.83,-8.78,-8.52,0.5,1,3915,-10.4,-362.2,3.8
3.0,99.459740,167.96,1.57,1.51,-8.86,-11.76,-3.75,1,3787,-11.3,-393.4,3.5
3.0,99.469740,172.44,1.45,-3.12,-8.94,-14.58,-8.5,1,3660,-11.5,-431.3,4.4
3.0,99.479740,176.75,1.31,-7.96,-9.02,-16.89,-12.5,1,3532,-13.7,-446.4,3.8
3.0,99.489740,179.47,1.18,-12.54,-9.09,-18.6,-15.25,1,3397,-12.6,-443.1,2.9
3.0,99.499740,181.14,1.24,-15.77,-9.16,-19.65,-16.75,1,3296,3.3,-326.4,1.9
3.0,99.509740,182.02,1.29,-16.78,-9.16,-20.0,-17.75,1,4158,-10.6,-217.1,4.4
3.0,99.519740,182.64,1.1,-16.78,-9.11,-19.65,-18.5,1,4038,-4.7,-109.4,1.6
3.0,99.529740,182.9,1.12,-16.46,-9.12,-18.6,-18.75,1,3919,-3.2,-75.3,1.8
3.0,99.539740,182.72,1.12,-16.64,-9.12,-16.89,-18.5,1,3783,-2.2,-52.8,0.1
3.0,99.549740,182.64,1.13,-16.3,-9.11,-14.58,-17.75,1,3656,0.1,12.0,1.8
3.0,99.559739,181.49,1.11,-15.48,-9.06,-11.76,-16.5,1,3528,-2.1,17.5,2.2
3.0,99.569739,179.65,1.1,-14.83,-9.06,-8.52,-14.5,1,3401,0.5,59.5,-1.1
3.0,99.579740,177.01,1.15,-12.7,-9.03,-4.97,-12.0,1,3300,2.9,171.6,1.7
3.0,99.589740,174.02,1.24,-9.28,-8.97,-1.26,-9.0,1,4162,7.9,229.7,-3.4
3.0,99.599740,170.68,1.37,-5.9,-8.97,2.51,-5.75,1,4034,7.6,279.6,-2.2
3.0,99.609739,166.9,1.44,-2.15,-8.89,6.18,-1.75,1,3915,8.8,325.7,-3.0
3.0,99.619739,162.86,1.56,1.95,-8.83,9.64,2.25,1,3788,10.6,364.3,-2.8
3.0,99.629739,158.47,1.71,6.31,-8.73,12.75,6.75,1,3661,12.3,397.9,-2.9
3.0,99.639740,153.98,1.85,10.82,-8.63,15.41,11.0,1,3533,11.2,418.0,-3.8
3.0,99.649740,149.94,1.98,15.56,-8.51,17.53,14.25,1,3397,11.0,454.1,-3.4
3.0,99.659740,147.74,2.11,20.0,-8.39,19.02,16.5,1,4285,9.0,408.3,-3.7
3.0,99.669740,146.6,2.19,22.66,-8.31,19.84,17.75,1,4157,7.2,312.1,-2.3
3.0,99.679740,146.07,2.26,23.2,-8.28,19.96,18.25,1,4038,7.3,150.1,-0.2
3.0,99.689740,145.81,2.28,22.27,-8.31,19.37,18.5,1,3920,3.1,69.2,-1.2
3.0,99.699740,145.99,2.26,21.87,-8.32,18.1,18.5,1,3784,3.3,41.0,1.4
3.0,99.709740,146.69,2.27,21.72,-8.3,16.18,17.75,1,3657,-0.2,13.3,0.2
3.0,99.719740,147.92,2.2,20.96,-8.36,13.69,16.25,1,3529,-1.8,-47.7,-1.0
3.0,99.729740,149.85,2.17,19.26,-8.43,10.72,14.25,1,3401,1.8,-108.8,0.9
3.0,99.739740,152.49,2.16,16.99,-8.49,7.36,11.75,1,4289,-3.2,-166.0,2.0
3.0,99.749740,155.39,1.98,14.1,-8.57,3.75,8.75,1,4162,-10.4,-232.4,1.3
3.0,99.759740,158.73,1.82,10.64,-8.66,0.0,5.5,1,4034,-7.1,-278.8,2.8
3.0,99.769740,162.42,1.73,6.98,-8.74,-3.75,1.75,1,3916,-11.3,-320.4,3.2
3.0,99.779740,166.38,1.59,2.98,-8.82,-7.36,-2.25,1,3788,-9.1,-358.7,3.0
3.0,99.789740,170.6,1.49,-1.22,-8.91,-10.72,-6.5,1,3661,-11.7,-381.9,3.7
3.0,99.799740,174.81,1.38,-5.63,-8.97,-13.69,-10.75,1,3534,-9.6,-416.9,3.7
3.0,99.809740,178.07,1.29,-10.2,-9.05,-16.18,-14.0,1,3397,-11.5,-422.5,3.5
3.0,99.819740,180.26,1.22,-13.96,-9.11,-18.1,-16.0,1,4285,-6.8,-370.4,2.5
3.0,99.829740,181.85,1.22,-16.01,-9.15,-19.37,-17.75,1,4158,-5.0,-257.6,2.8
3.0,99.839740,183.6,1.17,-16.58,-9.11,-19.96,-19.5,1,4030,-5.9,-169.5,4.7
3.0,99.849740,184.83,1.09,-17.57,-9.07,-19.84,-20.75,1,3920,-6.8,-186.4,3.5
3.0,99.859740,184.92,1.1,-19.19,-9.15,-19.02,-20.75,1,3784,0.3,-144.8,-2.4
3.0,99.869740,184.83,1.14,-19.34,-9.19,-17.53,-20.25,1,3657,-4.3,-57.1,2.9
3.0,99.879740,183.6,1.05,-18.37,-9.09,-15.41,-18.75,1,3520,-1.8,9.7,1.5
3.0,99.889740,181.67,1.07,-17.03,-9.06,-12.75,-16.75,1,3402,0.1,67.2,2.4
3.0,99.899740,179.03,1.1,-14.65,-9.01,-9.64,-14.25,1,4290,2.5,180.7,-0.4
3.0,99.909739,176.04,1.17,-11.19,-8.99,-6.18,-11.25,1,4162,4.9,232.9,-1.5
3.0,99.919740,172.71,1.27,-7.83,-8.95,-2.51,-7.75,1,4034,8.7,284.3,-2.5
3.0,99.929740,168.93,1.4,-4.1,-8.91,1.26,-4.0,1,3916,9.3,321.1,-3.4
3.0,99.939739,164.97,1.49,-0.19,-8.85,4.97,0.25,1,3780,8.7,355.2,-2.8
3.0,99.949739,160.66,1.62,4.1,-8.77,8.52,4.25,1,3661,12.9,394.8,-3.5
3.0,99.959739,156.18,1.8,8.68,-8.67,11.76,8.75,1,3525,13.2,418.6,-3.6
3.0,99.969740,151.7,1.93,13.31,-8.56,14.58,13.0,1,3397,10.3,440.2,-3.6
3.0,99.979740,148.71,2.07,18.07,-8.42,16.89,15.75,1,4285,13.0,454.7,-2.7
3.0,99.989740,146.6,2.16,22.18,-8.3,18.6,17.75,1,4158,2.7,396.7,-4.4
3.0,99.999740,144.93,2.21,23.85,-8.26,19.65,19.25,1,3987,13.3,225.8,-0.3
3.0,100.009740,143.7,2.41,23.93,-8.2,20.0,20.5,1,3921,7.6,179.1,0.1
3.0,100.019740,143.61,2.37,24.82,-8.19,19.65,20.75,1,3784,0.5,135.5,-2.4
3.0,100.029740,144.23,2.27,24.89,-8.23,18.6,20.25,1,3657,-1.3,51.0,-1.1
3.0,100.039740,145.46,2.3,23.83,-8.26,16.89,18.75,1,3521,6.2,-21.0,0.7
3.0,100.049740,147.3,2.35,22.14,-8.31,14.58,17.0,1,3393,-0.6,-97.0,0.6
3.0,100.059740,149.41,2.18,19.81,-8.4,11.76,14.75,1,4290,-7.4,-157.5,0.8
3.0,100.069740,152.4,2.05,17.09,-8.47,8.52,11.75,1,4163,-3.2,-211.4,2.7
3.0,100.079740,155.57,2.01,13.96,-8.55,4.97,8.75,1,4035,-6.8,-259.3,2.3
3.0,100.089740,159.08,1.85,10.43,-8.65,1.26,5.0,1,3917,-10.0,-305.4,2.5
3.0,100.099740,163.04,1.69,6.55,-8.74,-2.51,1.25,1,3780,-11.3,-341.6,3.4
3.0,100.109740,166.99,1.58,2.43,-8.82,-6.18,-3.0,1,3661,-9.4,-375.8,3.3
3.0,100.119740,171.21,1.49,-1.92,-8.9,-9.63,-7.0,1,3526,-11.2,-401.0,4.0
3.0,100.129740,174.64,1.35,-6.31,-8.97,-12.75,-10.5,1,3398,-12.5,-413.6,3.1
3.0,100.139740,177.71,1.31,-10.13,-9.04,-15.41,-13.75,1,4286,-3.4,-369.9,3.3
3.0,100.149740,180.26,1.28,-12.97,-9.08,-17.53,-16.0,1,4158,-12.8,-327.3,3.5
3.0,100.159740,181.85,1.11,-15.31,-9.1,-19.02,-17.5,1,4031,-8.3,-276.9,2.1
3.0,100.169740,183.43,1.19,-16.6,-9.12,-19.84,-19.25,1,3921,3.0,-178.4,2.2
3.0,100.179740,184.83,1.21,-17.18,-9.09,-19.96,-20.75,1,3785,-8.7,-157.0,4.9
3.0,100.189740,185.27,1.03,-18.67,-9.08,-19.37,-21.25,1,3657,-6.3,-169.7,0.6
3.0,100.199740,185.01,1.09,-19.58,-9.16,-18.1,-20.75,1,3522,1.4,-78.4,-0.8
3.0,100.209740,184.31,1.12,-18.63,-9.12,-16.18,-19.25,1,3394,-3.5,3.5,4.1
3.0,100.219740,182.46,1.04,-17.56,-9.04,-13.69,-17.5,1,4282,-0.8,25.5,0.5
3.0,100.229739,180.09,1.08,-15.73,-9.02,-10.72,-15.25,1,4163,2.2,161.5,2.5
3.0,100.239739,177.19,1.15,-12.12,-8.96,-7.36,-12.25,1,4035,4.7,224.6,-3.1
3.0,100.249740,173.76,1.22,-8.83,-8.97,-3.75,-8.75,1,3917,4.4,266.0,-2.0
3.0,100.259740,170.42,1.32,-5.28,-8.91,0.0,-5.25,1,3781,10.9,313.6,-3.0
3.0,100.269740,166.38,1.49,-1.29,-8.85,3.75,-1.25,1,3662,11.0,352.3,-3.2
3.0,100.279739,162.07,1.6,2.93,-8.78,7.36,3.0,1,3526,10.3,383.4,-3.1
3.0,100.289740,157.59,1.73,7.35,-8.68,10.72,7.5,1,3399,12.9,411.3,-3.1
3.0,100.299740,153.02,1.89,11.94,-8.57,13.69,11.5,1,4287,12.5,431.8,-3.7
3.0,100.309740,150.12,2.02,16.77,-8.45,16.18,14.25,1,4159,10.1,463.1,-3.4
3.0,100.319740,148.01,2.07,20.86,-8.34,18.1,16.25,1,4031,3.8,377.5,-3.8
3.0,100.329740,146.43,2.15,22.2,-8.3,19.37,18.25,1,3913,12.5,220.3,-0.6
3.0,100.339740,144.67,2.35,22.46,-8.24,19.96,20.25,1,3786,9.5,183.7,0.3
3.0,100.349740,143.53,2.4,23.74,-8.2,19.84,20.75,1,3658,5.8,165.0,-1.6
3.0,100.359740,143.53,2.28,25.14,-8.21,19.02,20.75,1,3522,-7.1,158.4,-4.9
3.0,100.369740,144.32,2.25,25.41,-8.22,17.53,19.75,1,3394,9.7,33.6,2.5
3.0,100.379740,145.9,2.46,23.68,-8.21,15.41,18.5,1,4282,4.0,-48.0,0.6
3.0,100.389740,147.74,2.29,21.61,-8.32,12.75,16.25,1,4155,-7.4,-124.9,-0.1
3.0,100.399740,150.38,2.11,19.03,-8.42,9.64,13.75,1,4036,-3.3,-181.5,1.8
3.0,100.409740,153.37,2.1,16.23,-8.48,6.18,10.75,1,3917,-3.3,-223.8,2.5
3.0,100.419740,156.8,1.95,12.96,-8.58,2.51,7.5,1,3781,-12.2,-284.2,2.2
3.0,100.429740,160.49,1.75,9.12,-8.67,-1.26,3.75,1,3663,-9.0,-323.8,2.8
3.0,100.439740,164.44,1.7,5.2,-8.75,-4.97,-0.25,1,3526,-7.4,-352.8,4.3
3.0,100.449740,168.75,1.58,1.06,-8.82,-8.52,-4.5,1,3399,-13.9,-384.8,3.6
3.0,100.459740,172.79,1.38,-3.44,-8.91,-11.76,-8.75,1,4287,-13.8,-418.4,3.6
3.0,100.469740,176.13,1.29,-8.04,-8.98,-14.58,-12.0,1,4159,-9.1,-426.3,3.5
3.0,100.479740,178.51,1.29,-11.8,-9.05,-16.89,-14.25,1,4032,-6.1,-368.2,2.6
3.0,100.489740,180.88,1.25,-13.95,-9.08,-18.6,-16.75,1,3913,-7.6,-272.7,3.6
3.0,100.499740,183.08,1.15,-15.37,-9.05,-19.65,-19.0,1,3786,-8.5,-237.2,4.5
3.0,100.509740,184.13,1.08,-17.41,-9.08,-20.0,-20.0,1,3659,-6.8,-239.2,0.8
3.0,100.519740,184.48,1.15,-18.86,-9.16,-19.65,-20.25,1,3522,3.3,-143.0,-1.2
3.0,100.529740,184.48,1.19,-18.52,-9.13,-18.6,-20.25,1,3395,-5.3,-62.7,4.9
3.0,100.539740,184.39,1.05,-17.9,-9.05,-16.89,-19.5,1,4283,-3.0,-17.6,0.3
3.0,100.549740,182.99,1.07,-17.29,-9.08,-14.58,-18.0,1,4155,-0.9,16.0,1.0
3.0,100.559739,180.88,1.07,-16.15,-9.02,-11.76,-16.0,1,4036,-0.3,80.7,3.4
3.0,100.569739,178.33,1.1,-13.68,-8.97,-8.52,-13.25,1,3918,3.4,182.4,-2.1
3.0,100.579739,175.25,1.19,-10.25,-8.97,-4.97,-10.25,1,3782,5.4,241.2,-1.4
3.0,100.589740,171.83,1.3,-6.74,-8.91,-1.26,-6.75,1,3654,9.2,292.9,-2.7
3.0,100.599740,168.05,1.41,-3.0,-8.86,2.51,-3.0,1,3527,8.0,323.0,-2.4
3.0,100.609740,164.0,1.51,0.92,-8.79,6.18,1.25,1,3400,11.0,362.0,-3.0
3.0,100.619740,159.79,1.67,5.29,-8.72,9.63,5.5,1,4287,12.9,398.0,-3.8
3.0,100.629739,155.3,1.83,9.83,-8.63,12.75,9.75,1,4160,12.3,418.3,-3.9
3.0,100.639740,151.26,1.95,14.38,-8.51,15.41,13.0,1,4032,10.8,435.8,-3.1
3.0,100.649740,148.97,2.04,18.7,-8.38,17.53,15.5,1,3913,6.9,414.2,-3.4
3.0,100.659740,146.78,2.13,21.63,-8.3,19.02,17.75,1,3786,9.6,315.8,-2.0
3.0,100.669740,145.11,2.3,22.94,-8.23,19.84,19.25,1,3659,11.9,229.5,-0.2
3.0,100.679740,144.49,2.36,24.0,-8.19,19.96,19.75,1,3523,2.4,193.1,-2.6
3.0,100.689740,144.49,2.24,24.57,-8.22,19.37,19.75,1,3395,-1.5,93.3,-1.9
3.0,100.699740,144.93,2.24,23.71,-8.24,18.1,19.5,1,4283,4.5,14.0,0.9
3.0,100.709740,145.9,2.36,22.82,-8.23,16.18,18.25,1,4156,6.1,-9.6,1.9
3.0,100.719740,147.57,2.29,21.81,-8.29,13.69,16.75,1,4037,-7.1,-78.0,-1.6
3.0,100.729740,149.59,2.12,19.74,-8.39,10.72,14.5,1,3918,-0.2,-137.8,1.7
3.0,100.739740,152.4,2.15,17.25,-8.43,7.36,11.75,1,3782,-2.7,-189.9,2.6
3.0,100.749740,155.39,2.01,14.23,-8.52,3.75,8.75,1,3655,-8.9,-249.9,1.7
3.0,100.759740,158.99,1.83,10.68,-8.63,0.0,5.25,1,3527,-9.9,-294.7,2.5
3.0,100.769740,162.69,1.7,6.92,-8.71,-3.75,1.5,1,3400,-10.9,-331.1,3.3
3.0,100.779740,166.82,1.59,2.88,-8.78,-7.36,-2.75,1,4288,-8.8,-368.2,3.3
3.0,100.789740,171.12,1.49,-1.43,-8.87,-10.72,-7.0,1,4160,-12.1,-393.2,3.8
3.0,100.799740,175.34,1.35,-5.91,-8.94,-13.69,-11.25,1,4033,-11.4,-423.1,3.7
3.0,100.809740,178.77,1.26,-10.5,-9.01,-16.18,-14.5,1,3914,-10.4,-429.5,3.7
3.0,100.819740,180.88,1.2,-14.36,-9.07,-18.1,-16.75,1,3786,-8.6,-379.4,2.6
3.0,100.829740,182.2,1.21,-16.48,-9.1,-19.37,-18.0,1,3659,-1.8,-262.3,2.9
3.0,100.839740,183.6,1.18,-16.91,-9.08,-19.96,-19.5,1,3523,-9.0,-159.6,3.4
3.0,100.849740,184.83,1.07,-17.23,-9.04,-19.84,-20.75,1,3397,-3.0,-134.6,3.6
3.0,100.859740,185.27,1.08,-18.47,-9.07,-19.02,-21.0,1,4284,-5.4,-148.4,0.1
3.0,100.869740,184.92,1.09,-19.24,-9.13,-17.53,-20.25,1,4156,1.5,-63.1,-0.9
3.0,100.879740,183.96,1.11,-18.27,-9.09,-15.41,-19.0,1,4037,-3.4,11.8,3.6
3.0,100.889739,182.11,1.05,-17.07,-9.01,-12.75,-17.0,1,3919,0.7,44.8,0.4
3.0,100.899739,179.38,1.11,-14.99,-9.0,-9.64,-14.5,1,3782,2.2,175.8,1.0
3.0,100.909739,176.57,1.14,-11.42,-8.93,-6.18,-11.5,1,3655,3.3,226.3,-1.4
3.0,100.919740,173.23,1.24,-8.1,-8.92,-2.51,-8.25,1,3528,8.2,281.5,-2.7
3.0,100.929740,169.54,1.39,-4.34,-8.88,1.26,-4.5,1,3400,10.5,321.0,-3.5
3.0,100.939740,165.5,1.49,-0.41,-8.82,4.97,-0.5,1,4288,8.6,353.7,-2.8
3.0,100.949739,161.28,1.6,3.82,-8.73,8.52,3.75,1,4161,12.0,390.5,-3.1
3.0,100.959739,156.62,1.77,8.35,-8.64,11.76,8.5,1,4041,12.8,416.6,-3.3
3.0,100.969740,152.14,1.92,13.02,-8.53,14.58,12.5,1,3915,11.8,441.1,-3.7
3.0,100.979740,149.06,2.07,17.86,-8.39,16.89,15.25,1,3778,12.8,460.6,-3.0
3.0,100.989740,147.22,2.14,21.93,-8.27,18.6,17.25,1,3660,1.8,388.3,-3.8
3.0,100.999740,145.46,2.18,23.37,-8.24,19.65,18.75,1,3523,14.0,215.8,-0.4
3.0,101.009740,144.4,2.41,23.44,-8.19,20.0,19.75,1,3396,9.0,180.5,-0.5
3.0,101.019740,144.05,2.35,24.46,-8.17,19.65,20.25,1,4284,-1.6,137.8,-2.4
3.0,101.029740,143.88,2.22,24.61,-8.21,18.6,20.5,1,4157,-1.0,57.6,-1.4
3.0,101.039740,144.58,2.32,24.17,-8.19,16.89,19.75,1,4046,8.6,36.8,2.7
3.0,101.049740,145.99,2.41,23.54,-8.19,14.58,18.25,1,3919,-0.8,-42.0,-1.4
3.0,101.059740,147.66,2.22,21.67,-8.31,11.76,16.25,1,3783,-4.8,-109.1,0.6
3.0,101.069740,150.29,2.15,19.3,-8.37,8.52,13.75,1,3656,-1.4,-169.9,2.0
3.0,101.079740,153.28,2.12,16.53,-8.45,4.97,11.0,1,3528,-4.1,-216.1,1.7
3.0,101.089740,156.62,1.94,13.27,-8.55,1.26,7.5,1,3409,-12.3,-279.1,2.0
3.0,101.099740,160.31,1.75,9.43,-8.64,-2.51,3.75,1,4288,-8.7,-321.5,2.8
3.0,101.109740,164.27,1.71,5.46,-8.72,-6.18,-0.25,1,4161,-7.4,-354.3,4.3
3.0,101.119740,168.66,1.58,1.28,-8.8,-9.63,-4.5,1,4042,-13.7,-385.5,3.5
3.0,101.129740,172.88,1.39,-3.27,-8.88,-12.75,-9.0,1,3915,-13.2,-424.1,3.7
3.0,101.139740,177.1,1.28,-8.07,-8.96,-15.41,-13.0,1,3779,-11.5,-440.9,4.0
3.0,101.149740,179.91,1.2,-12.61,-9.03,-17.53,-15.75,1,3660,-11.9,-437.4,2.6
3.0,101.159740,181.32,1.23,-15.75,-9.1,-19.02,-17.25,1,3524,2.1,-317.0,1.8
3.0,101.169740,182.46,1.26,-16.64,-9.09,-19.84,-18.25,1,3406,-10.5,-209.6,4.9
3.0,101.179740,183.78,1.08,-16.72,-9.03,-19.96,-19.75,1,4285,-4.2,-115.3,2.2
3.0,101.189740,184.83,1.1,-17.12,-9.04,-19.37,-20.75,1,4157,-4.2,-133.5,2.7
3.0,101.199740,185.71,1.11,-18.46,-9.08,-18.1,-21.25,1,4038,-0.4,-115.4,-1.1
3.0,101.209740,185.54,1.11,-19.21,-9.11,-16.18,-21.25,1,3919,-5.1,-93.2,2.7
3.0,101.219739,184.92,1.05,-19.09,-9.07,-13.69,-20.0,1,3783,-0.0,-10.4,-0.4
3.0,101.229739,183.25,1.09,-18.05,-9.06,-10.72,-18.25,1,3656,-0.9,21.2,2.7
3.0,101.239739,180.79,1.06,-16.3,-8.98,-7.36,-15.75,1,3520,1.2,144.6,1.6
3.0,101.249740,177.8,1.11,-12.96,-8.94,-3.75,-12.75,1,3410,3.5,210.2,-1.4
4.0,103.269739,174.81,1.14,-10.01,-8.85,0.0,-10.0,1,4162,2.9,180.0,-0.2
4.0,103.279739,171.65,1.29,-6.5,-8.82,3.96,-6.75,1,4044,9.1,244.1,-2.2
4.0,103.289739,168.05,1.43,-2.93,-8.77,7.67,-3.25,1,3907,8.0,293.2,-1.8
4.0,103.299739,164.27,1.52,0.99,-8.7,10.9,0.75,1,3780,9.7,343.5,-2.9
4.0,103.309740,160.05,1.65,5.31,-8.62,13.44,5.25,1,3652,11.2,382.6,-3.0
4.0,103.319740,155.57,1.8,9.8,-8.52,15.14,8.75,1,3525,12.4,410.4,-3.4
4.0,103.329740,152.84,1.93,14.36,-8.41,15.89,11.5,1,4413,9.5,428.9,-2.8
4.0,103.339740,151.26,1.96,18.3,-8.3,15.64,13.0,1,4285,2.1,375.7,-3.3
4.0,103.349740,150.73,2.02,19.74,-8.26,14.4,13.25,1,4158,12.4,197.4,0.2
4.0,103.359740,151.35,2.13,18.85,-8.25,12.27,12.75,1,4039,1.1,89.9,-0.4
4.0,103.369739,152.4,2.01,17.64,-8.32,9.36,11.75,1,3903,0.9,-12.6,-1.0
4.0,103.379739,154.42,2.01,15.74,-8.4,5.86,9.75,1,3784,2.6,-88.0,0.4
4.0,103.389739,156.88,1.98,13.42,-8.45,2.0,7.5,1,3648,-3.2,-156.4,1.4
4.0,103.399741,159.61,1.85,10.52,-8.53,-2.0,4.5,1,3522,-6.4,-220.8,1.5
4.0,103.409740,162.95,1.73,7.23,-8.6,-5.86,1.25,1,4408,-7.7,-265.1,3.1
4.0,103.419740,166.73,1.61,3.64,-8.67,-9.36,-2.5,1,4290,-10.2,-313.8,2.3
4.0,103.429740,170.68,1.47,-0.39,-8.75,-12.27,-6.5,1,4154,-11.1,-354.6,3.6
4.0,103.439740,174.64,1.37,-4.7,-8.81,-14.4,-10.5,1,4044,-9.6,-389.9,3.4
4.0,103.449740,177.71,1.28,-9.08,-8.89,-15.64,-13.75,1,3907,-10.9,-403.1,3.2
4.0,103.459740,179.65,1.24,-12.76,-8.95,-15.89,-15.5,1,3780,-4.5,-354.4,2.0
4.0,103.469740,180.44,1.26,-14.64,-8.99,-15.14,-16.25,1,3644,-5.2,-236.2,2.8
4.0,103.479740,180.44,1.18,-14.72,-8.95,-13.44,-16.25,1,3525,-5.9,-125.7,3.1
4.0,103.489740,180.09,1.16,-13.85,-8.93,-10.9,-15.25,1,4413,-0.8,-23.5,0.0
4.0,103.499740,178.42,1.19,-12.62,-8.92,-7.67,-13.5,1,4286,-2.5,21.7,2.1
4.0,103.509739,176.13,1.14,-11.1,-8.86,-3.96,-11.25,1,4159,-1.9,107.0,0.8
4.0,103.519740,173.41,1.21,-8.25,-8.82,0.0,-8.25,1,4039,6.6,200.1,-0.8
4.0,103.529739,170.24,1.37,-4.73,-8.78,3.96,-5.25,1,3903,8.2,259.2,-2.4
4.0,103.539739,166.38,1.46,-1.08,-8.73,7.67,-1.25,1,3776,7.2,306.2,-2.4
4.0,103.549739,162.33,1.55,2.93,-8.66,10.9,2.75,1,3649,10.8,354.4,-2.6
4.0,103.559740,158.03,1.73,7.32,-8.56,13.44,7.0,1,3521,12.9,391.4,-3.0
4.0,103.569740,153.54,1.88,11.82,-8.46,15.14,10.75,1,4418,11.3,413.3,-3.7
4.0,103.579740,150.73,1.99,16.52,-8.35,15.89,13.5,1,4290,10.1,449.1,-3.4
4.0,103.589740,149.24,2.05,20.51,-8.23,15.64,15.0,1,4163,3.1,363.7,-3.1
4.0,103.599740,148.89,2.11,21.7,-8.19,14.4,15.5,1,4044,11.8,204.9,0.0
4.0,103.609740,149.33,2.21,20.98,-8.19,12.27,15.0,1,3908,0.8,87.7,-0.8
4.0,103.619739,150.38,2.1,19.69,-8.26,9.36,13.75,1,3780,2.5,-11.5,-0.5
4.0,103.629739,152.31,2.11,17.85,-8.32,5.86,11.75,1,3645,2.0,-85.2,0.4
4.0,103.639740,154.78,2.03,15.56,-8.4,2.0,9.5,1,3526,-5.4,-155.2,0.6
4.0,103.649740,157.59,1.88,12.64,-8.48,-2.0,6.5,1,4414,-6.4,-221.2,2.0
4.0,103.659740,160.93,1.78,9.28,-8.55,-5.86,3.25,1,4286,-6.9,-270.0,2.6
4.0,103.669739,164.62,1.67,5.64,-8.62,-9.36,-0.5,1,4159,-9.6,-314.9,3.2
4.0,103.679740,168.75,1.53,1.62,-8.69,-12.27,-4.5,1,4039,-11.3,-357.1,3.7
4.0,103.689740,172.88,1.4,-2.73,-8.77,-14.4,-8.75,1,3904,-11.3,-392.2,3.1
4.0,103.699740,176.84,1.3,-7.29,-8.85,-15.64,-12.75,1,3776,-10.2,-420.7,3.8
4.0,103.709740,179.38,1.21,-11.77,-8.92,-15.89,-15.25,1,3649,-11.5,-420.0,2.6
4.0,103.719740,180.7,1.24,-14.75,-8.99,-15.14,-16.5,1,3523,3.1,-298.7,1.2
4.0,103.729740,181.05,1.29,-15.42,-8.99,-13.44,-16.75,1,4409,-9.6,-187.6,4.4
4.0,103.739740,180.88,1.13,-15.05,-8.93,-10.9,-16.0,1,4291,-2.8,-73.3,0.7
4.0,103.749739,179.56,1.18,-13.8,-8.94,-7.67,-14.5,1,4163,-1.7,10.5,1.0
4.0,103.759739,177.28,1.15,-12.22,-8.88,-3.96,-12.5,1,4044,-3.1,75.0,2.0
4.0,103.769740,174.73,1.16,-9.77,-8.82,-0.0,-9.75,1,3908,3.4,180.8,0.1
4.0,103.779739,171.47,1.3,-6.25,-8.79,3.96,-6.5,1,3781,8.3,246.7,-2.6
4.0,103.789739,167.96,1.44,-2.62,-8.75,7.67,-2.75,1,3645,8.7,297.6,-2.0
4.0,103.799740,164.0,1.53,1.32,-8.68,10.9,1.0,1,3535,9.3,344.1,-2.8
4.0,103.809740,159.79,1.66,5.62,-8.6,13.44,5.25,1,4414,11.3,383.8,-2.9
4.0,103.819740,155.39,1.81,10.14,-8.5,15.14,9.5,1,4286,12.1,412.3,-3.6
4.0,103.829740,151.44,1.95,14.73,-8.38,15.89,12.75,1,4168,10.9,431.3,-3.1
4.0,103.839740,149.33,2.04,18.99,-8.26,15.64,15.0,1,4040,6.5,407.8,-3.5
4.0,103.849740,148.45,2.11,21.78,-8.19,14.4,15.75,1,3904,8.5,303.5,-1.7
4.0,103.859740,148.45,2.19,22.25,-8.15,12.27,15.75,1,3777,5.2,151.8,-0.5
4.0,103.869739,149.15,2.16,21.05,-8.2,9.36,15.0,1,3650,1.3,31.5,-0.5
4.0,103.879740,150.82,2.14,19.4,-8.26,5.86,13.25,1,3531,4.6,-44.1,-0.0
4.0,103.889740,153.02,2.12,17.37,-8.33,2.0,11.25,1,4410,-3.2,-126.8,0.6
4.0,103.899740,155.74,1.95,14.54,-8.42,-2.0,8.5,1,4282,-7.4,-200.0,1.5
4.0,103.909739,158.99,1.82,11.28,-8.5,-5.86,5.25,1,4163,-6.6,-252.8,2.1
4.0,103.919739,162.51,1.73,7.76,-8.57,-9.36,1.5,1,4045,-8.3,-299.3,3.3
4.0,103.929740,166.55,1.62,3.8,-8.65,-12.27,-2.5,1,3909,-8.7,-349.6,3.1
4.0,103.939740,170.77,1.49,-0.49,-8.73,-14.4,-6.75,1,3781,-12.4,-378.6,3.6
4.0,103.949740,174.73,1.36,-4.96,-8.8,-15.64,-10.5,1,3645,-9.8,-417.5,3.9
4.0,103.959740,177.28,1.29,-9.54,-8.89,-15.89,-13.25,1,3527,-10.8,-418.3,2.6
4.0,103.969740,178.59,1.31,-12.53,-8.96,-15.14,-14.5,1,4415,1.3,-298.8,0.8
4.0,103.979740,179.03,1.32,-13.31,-8.96,-13.44,-14.75,1,4287,-10.6,-196.9,4.5
4.0,103.989739,178.86,1.15,-13.05,-8.91,-10.9,-14.0,1,4168,-4.4,-75.5,0.7
4.0,103.999739,177.36,1.2,-11.8,-8.92,-7.67,-12.75,1,4040,-1.2,3.9,0.5
4.0,104.009739,175.34,1.2,-10.25,-8.86,-3.96,-10.5,1,3905,-2.6,76.6,3.1
4.0,104.019740,172.79,1.23,-7.72,-8.79,-0.0,-7.75,1,3777,5.6,180.6,-1.5
4.0,104.029739,169.72,1.38,-4.33,-8.77,3.96,-4.75,1,3650,6.8,235.6,-1.2
4.0,104.039739,166.2,1.45,-0.87,-8.71,7.67,-1.25,1,3531,6.0,291.2,-1.9
4.0,104.049740,162.25,1.56,3.14,-8.64,10.9,2.75,1,4410,12.0,346.3,-2.5
4.0,104.059740,158.03,1.75,7.47,-8.55,13.44,7.25,1,4283,12.1,378.0,-2.9
4.0,104.069740,153.46,1.88,11.84,-8.45,15.14,10.75,1,4173,10.8,406.1,-3.4
4.0,104.079740,150.64,1.99,16.57,-8.33,15.89,13.5,1,4036,9.8,445.3,-3.3
4.0,104.089740,149.24,2.05,20.53,-8.22,15.64,14.75,1,3909,3.4,357.5,-3.2
4.0,104.099740,148.97,2.11,21.65,-8.18,14.4,15.25,1,3782,11.2,200.3,-0.2
4.0,104.109740,149.41,2.2,20.89,-8.18,12.27,14.75,1,3646,0.6,81.7,-0.3
4.0,104.119740,150.56,2.09,19.55,-8.24,9.36,13.5,1,3553,2.6,-14.7,-0.5
4.0,104.129740,152.4,2.11,17.74,-8.31,5.86,11.75,1,4415,1.7,-84.6,0.4
4.0,104.139740,154.86,2.02,15.43,-8.38,2.0,9.25,1,4287,-6.1,-160.8,0.8
4.0,104.149740,157.76,1.87,12.48,-8.46,-2.0,6.25,1,4169,-5.7,-219.1,1.8
4.0,104.159739,161.19,1.78,9.16,-8.54,-5.86,3.0,1,4041,-7.5,-273.2,2.7
4.0,104.169739,164.88,1.66,5.45,-8.61,-9.36,-0.75,1,3905,-9.9,-316.8,3.2
4.0,104.179740,169.01,1.52,1.42,-8.68,-12.27,-4.75,1,3778,-10.4,-358.4,3.8
4.0,104.189740,173.23,1.4,-2.91,-8.76,-14.4,-9.25,1,3650,-12.0,-391.8,2.9
4.0,104.199740,177.1,1.29,-7.46,-8.84,-15.64,-13.0,1,3549,-9.9,-420.9,3.8
4.0,104.209740,179.65,1.21,-11.97,-8.91,-15.89,-15.5,1,4411,-11.0,-421.9,2.8
4.0,104.219740,180.97,1.24,-14.95,-8.97,-15.14,-16.75,1,4283,2.5,-297.1,1.3
4.0,104.229740,181.23,1.27,-15.6,-8.97,-13.44,-17.0,1,4173,-10.6,-189.6,4.7
4.0,104.239739,181.05,1.1,-15.25,-8.91,-10.9,-16.25,1,4028,-2.3,-71.3,0.5
4.0,104.249739,179.74,1.18,-13.98,-8.92,-7.67,-14.75,1,3910,-1.3,8.5,0.9
4.0,104.259739,177.45,1.14,-12.4,-8.86,-3.96,-12.75,1,3782,-3.4,78.9,2.4
4.0,104.269740,174.81,1.14,-9.84,-8.8,0.0,-9.75,1,3646,3.6,186.2,-0.2
4.0,104.279740,171.56,1.3,-6.3,-8.78,3.96,-6.75,1,3553,9.3,246.9,-2.5
4.0,104.289740,167.96,1.44,-2.69,-8.73,7.67,-3.0,1,4415,8.3,300.9,-2.0
4.0,104.299740,164.0,1.53,1.33,-8.66,10.9,1.0,1,4288,9.5,348.6,-2.9
4.0,104.309740,159.79,1.66,5.68,-8.58,13.44,5.25,1,4169,11.5,387.7,-3.0
4.0,104.319740,155.3,1.81,10.21,-8.48,15.14,9.75,1,4033,12.4,414.4,-3.6
4.0,104.329740,151.26,1.96,14.8,-8.36,15.89,13.0,1,3906,10.9,433.4,-3.1
4.0,104.339740,149.15,2.04,19.1,-8.24,15.64,15.0,1,3778,6.5,411.8,-3.5
4.0,104.349740,148.18,2.11,21.95,-8.16,14.4,16.0,1,3642,8.7,306.6,-1.8
4.0,104.359739,148.18,2.2,22.42,-8.13,12.27,16.0,1,3548,5.2,152.7,-0.5
4.0,104.369740,149.15,2.16,21.23,-8.17,9.36,15.25,1,4411,1.5,36.0,-0.5
4.0,104.379740,150.56,2.15,19.62,-8.24,5.86,13.5,1,4284,4.8,-44.0,-0.0
4.0,104.389740,152.84,2.13,17.58,-8.31,2.0,11.25,1,4174,-3.0,-123.7,0.5
4.0,104.399740,155.48,1.95,14.84,-8.39,-2.0,8.75,1,4028,-8.0,-194.8,1.3
4.0,104.409739,158.64,1.83,11.63,-8.47,-5.86,5.5,1,3902,-5.9,-249.5,2.2
4.0,104.419739,162.33,1.75,8.07,-8.55,-9.36,1.75,1,3783,-8.8,-300.5,3.3
4.0,104.429740,166.38,1.62,4.06,-8.62,-12.27,-2.25,1,3646,-8.9,-350.4,3.1
4.0,104.439740,170.77,1.49,-0.23,-8.71,-14.4,-6.5,1,3554,-12.1,-378.7,3.6
4.0,104.449740,174.46,1.37,-4.71,-8.78,-15.64,-10.25,1,4415,-9.3,-419.4,3.9
4.0,104.459740,177.1,1.29,-9.32,-8.86,-15.89,-12.75,1,4288,-11.8,-419.6,2.7
4.0,104.469740,178.51,1.3,-12.32,-8.93,-15.14,-14.25,1,4169,1.5,-300.1,0.9
4.0,104.479740,178.95,1.33,-13.1,-8.94,-13.44,-14.75,1,4033,-10.3,-197.0,4.2
4.0,104.489739,178.68,1.16,-12.86,-8.89,-10.9,-14.0,1,3906,-4.3,-78.5,0.9
4.0,104.499739,177.45,1.2,-11.66,-8.89,-7.67,-12.5,1,3779,-1.3,2.1,0.3
4.0,104.509739,175.52,1.2,-10.17,-8.84,-3.96,-10.5,1,3642,-2.7,68.1,2.7
4.0,104.519740,172.97,1.23,-7.77,-8.78,0.0,-8.0,1,3549,5.2,175.3,-1.0
4.0,104.529740,169.72,1.37,-4.38,-8.75,3.96,-4.75,1,4411,6.8,232.4,-1.1
4.0,104.539740,166.29,1.45,-0.93,-8.69,7.67,-1.25,1,4284,6.1,288.1,-1.9
4.0,104.549739,162.33,1.56,3.04,-8.62,10.9,2.75,1,4165,11.6,341.9,-2.4
4.0,104.559740,158.29,1.74,7.3,-8.53,13.44,6.75,1,4029,12.0,373.0,-2.8
4.0,104.569740,153.9,1.87,11.64,-8.43,15.14,11.0,1,3910,10.6,403.3,-3.3
4.0,104.579740,149.85,1.99,16.32,-8.31,15.89,14.25,1,3783,10.3,438.1,-3.3
4.0,104.589740,147.92,2.1,20.7,-8.19,15.64,16.25,1,3647,8.3,403.7,-3.6
4.0,104.599740,147.13,2.18,23.14,-8.12,14.4,17.25,1,3554,6.5,279.6,-2.2
4.0,104.609740,147.22,2.22,23.32,-8.1,12.27,17.0,1,4416,5.6,142.2,0.1
4.0,104.619740,148.18,2.22,22.22,-8.12,9.36,16.0,1,4288,1.8,28.1,-0.0
4.0,104.629739,149.77,2.17,20.55,-8.2,5.86,14.5,1,4170,1.8,-52.4,-0.2
4.0,104.639740,152.05,2.16,18.46,-8.27,2.0,12.25,1,4034,0.6,-128.2,1.3
4.0,104.649740,154.78,2.05,15.67,-8.35,-2.0,9.25,1,3906,-7.5,-203.4,1.3
4.0,104.659739,158.2,1.85,12.29,-8.44,-5.86,6.0,1,3779,-9.0,-262.1,2.5
4.0,104.669739,161.72,1.73,8.63,-8.52,-9.36,2.25,1,3642,-9.7,-307.0,2.7
4.0,104.679740,165.94,1.61,4.68,-8.61,-12.27,-1.75,1,3551,-10.1,-350.6,3.2
4.0,104.689740,170.07,1.5,0.38,-8.68,-14.4,-6.0,1,4412,-10.6,-386.2,3.8
4.0,104.699740,173.94,1.39,-4.2,-8.76,-15.64,-9.75,1,4284,-10.3,-421.8,3.5
4.0,104.709740,176.57,1.28,-8.76,-8.85,-15.89,-12.5,1,4174,-12.8,-420.8,2.7
4.0,104.719740,178.07,1.28,-11.83,-8.91,-15.14,-13.75,1,4029,2.2,-307.4,1.4
4.0,104.729740,178.42,1.32,-12.65,-8.92,-13.44,-14.25,1,3902,-11.6,-194.7,3.8
4.0,104.739739,178.24,1.16,-12.39,-8.87,-10.9,-13.5,1,3783,-1.7,-86.4,1.3
4.0,104.749739,177.1,1.23,-11.25,-8.87,-7.67,-12.25,1,3647,-2.0,6.0,0.5
4.0,104.759740,175.25,1.21,-9.72,-8.83,-3.96,-10.25,1,3546,-1.8,60.9,1.9
4.0,104.769740,172.79,1.23,-7.59,-8.77,-0.0,-7.75,1,4416,3.4,158.7,-0.2
4.0,104.779740,169.72,1.35,-4.33,-8.73,3.96,-4.75,1,4289,7.0,229.3,-1.4
4.0,104.789739,166.2,1.45,-0.82,-8.68,7.67,-1.25,1,4170,6.5,280.8,-2.0
4.0,104.799739,162.42,1.56,3.07,-8.61,10.9,2.75,1,4034,11.5,337.6,-2.5
4.0,104.809740,158.2,1.74,7.32,-8.52,13.44,6.75,1,3906,11.8,369.5,-2.8
4.0,104.819740,153.9,1.86,11.65,-8.42,15.14,11.0,1,3779,10.2,401.5,-3.3
4.0,104.829740,150.12,1.98,16.31,-8.3,15.89,14.25,1,3643,10.5,434.7,-3.3
4.0,104.839740,148.01,2.1,20.64,-8.18,15.64,16.25,1,3550,8.1,400.5,-3.6
4.0,104.849740,147.13,2.17,23.05,-8.12,14.4,17.0,1,4412,6.6,276.0,-2.2
4.0,104.859740,147.3,2.22,23.19,-8.1,12.27,17.0,1,4285,5.5,138.8,0.1
4.0,104.869739,148.18,2.21,22.08,-8.12,9.36,16.0,1,4166,1.7,26.6,-0.0
4.0,104.879739,149.68,2.17,20.45,-8.19,5.86,14.5,1,4030,2.2,-50.2,-0.1
4.0,104.889740,152.05,2.16,18.42,-8.26,2.0,12.25,1,3902,0.3,-125.8,1.2
4.0,104.899740,154.78,2.04,15.65,-8.34,-2.0,9.25,1,3783,-7.4,-201.4,1.3
4.0,104.909739,158.2,1.85,12.29,-8.43,-5.86,6.25,1,3648,-8.7,-260.5,2.6
4.0,104.919740,161.63,1.73,8.64,-8.51,-9.36,2.5,1,3546,-9.5,-305.4,2.7
4.0,104.929740,165.76,1.61,4.7,-8.6,-12.27,-1.75,1,4417,-10.3,-349.4,3.2
4.0,104.939740,170.07,1.5,0.4,-8.67,-14.4,-6.0,1,4289,-10.6,-385.3,3.8
4.0,104.949740,173.94,1.39,-4.17,-8.75,-15.64,-9.75,1,4170,-10.6,-420.4,3.4
4.0,104.959740,176.48,1.27,-8.72,-8.84,-15.89,-12.25,1,4034,-12.7,-420.2,2.7
4.0,104.969740,177.98,1.28,-11.8,-8.9,-15.14,-13.75,1,3907,2.4,-307.5,1.4
4.0,104.979740,178.33,1.32,-12.6,-8.91,-13.44,-14.0,1,3779,-12.0,-192.8,3.8
4.0,104.989739,178.15,1.15,-12.33,-8.86,-10.9,-13.5,1,3643,-1.4,-87.0,1.2
4.0,104.999740,177.1,1.24,-11.2,-8.86,-7.67,-12.25,1,3550,-2.0,7.2,0.4
4.0,105.009740,175.25,1.21,-9.74,-8.82,-3.96,-10.25,1,4412,-1.4,53.1,1.6
4.0,105.019740,172.71,1.24,-7.72,-8.77,0.0,-7.75,1,4285,3.1,156.7,0.1
4.0,105.029739,169.8,1.35,-4.41,-8.72,3.96,-4.75,1,4166,6.8,227.7,-1.4
4.0,105.039739,166.29,1.45,-0.91,-8.67,7.67,-1.25,1,4030,6.4,279.5,-2.0
4.0,105.049739,162.42,1.56,2.96,-8.6,10.9,2.75,1,3903,11.5,335.9,-2.4
4.0,105.059740,158.29,1.74,7.21,-8.51,13.44,6.75,1,3784,11.8,368.4,-2.7
4.0,105.069740,153.9,1.86,11.54,-8.41,15.14,10.75,1,3648,10.1,401.9,-3.4
4.0,105.079741,150.03,1.98,16.21,-8.3,15.89,14.25,1,3547,10.6,433.8,-3.2
4.0,105.089740,148.01,2.1,20.51,-8.18,15.64,16.25,1,4408,8.4,398.9,-3.5
4.0,105.099740,147.3,2.17,22.93,-8.11,14.4,17.0,1,4289,6.2,277.5,-2.1
4.0,105.109740,147.3,2.21,23.15,-8.09,12.27,17.0,1,4171,5.7,143.8,-0.1
4.0,105.119739,148.1,2.21,22.09,-8.11,9.36,16.0,1,4034,1.3,28.8,-0.1
4.0,105.129739,149.77,2.16,20.44,-8.18,5.86,14.5,1,3907,1.9,-49.9,-0.2
4.0,105.139740,152.05,2.16,18.42,-8.25,2.0,12.25,1,3780,1.9,-123.4,1.5
4.0,105.149740,154.78,2.05,15.66,-8.33,-2.0,9.25,1,3644,-8.5,-201.4,1.1
4.0,105.159740,158.12,1.85,12.29,-8.42,-5.86,6.25,1,3551,-8.0,-259.5,2.6
4.0,105.169740,161.63,1.74,8.65,-8.5,-9.36,2.5,1,4413,-9.9,-304.9,2.5
4.0,105.179740,165.76,1.61,4.71,-8.59,-12.27,-1.5,1,4285,-10.0,-348.6,3.3
4.0,105.189740,170.07,1.5,0.42,-8.66,-14.4,-5.75,1,4166,-10.7,-385.6,3.9
4.0,105.199740,173.85,1.39,-4.15,-8.74,-15.64,-9.75,1,4030,-11.0,-419.4,3.3
4.0,105.209740,176.4,1.27,-8.7,-8.83,-15.89,-12.25,1,3903,-12.4,-421.0,2.7
4.0,105.219740,177.98,1.29,-11.78,-8.89,-15.14,-13.75,1,3784,2.4,-306.7,1.5
4.0,105.229740,178.33,1.31,-12.57,-8.9,-13.44,-14.0,1,3649,-12.3,-192.3,3.7
4.0,105.239740,178.07,1.15,-12.31,-8.85,-10.9,-13.5,1,4536,-1.0,-88.0,1.1
4.0,105.249740,177.1,1.24,-11.19,-8.85,-7.67,-12.25,1,4409,-2.0,8.1,0.5
4.0,105.259740,175.25,1.21,-9.71,-8.81,-3.96,-10.25,1,4290,-1.4,51.9,1.5
4.0,105.269739,172.79,1.24,-7.72,-8.76,0.0,-7.75,1,4171,3.0,155.8,0.1
4.0,105.279739,169.72,1.35,-4.42,-8.71,3.96,-4.75,1,4034,6.7,227.1,-1.4
4.0,105.289739,166.11,1.45,-0.91,-8.66,7.67,-1.25,1,3908,6.5,279.6,-2.1
4.0,105.299739,162.42,1.56,2.97,-8.6,10.9,2.75,1,3772,11.5,336.3,-2.4
4.0,105.309740,158.29,1.74,7.21,-8.5,13.44,6.75,1,3644,11.9,368.4,-2.7
4.0,105.319740,153.9,1.86,11.54,-8.4,15.14,11.0,1,4541,10.0,401.1,-3.4
4.0,105.329740,150.03,1.97,16.19,-8.29,15.89,14.25,1,4413,10.5,433.6,-3.2
4.0,105.339740,148.1,2.1,20.51,-8.17,15.64,16.25,1,4286,8.2,399.6,-3.6
4.0,105.349740,147.22,2.17,22.97,-8.1,14.4,17.0,1,4167,6.4,280.9,-2.1
4.0,105.359740,147.3,2.21,23.21,-8.08,12.27,17.0,1,4030,5.5,143.3,0.0
4.0,105.369739,148.18,2.21,22.09,-8.1,9.36,16.0,1,3904,1.7,25.9,0.0
4.0,105.379739,149.77,2.17,20.41,-8.17,5.86,14.25,1,3768,2.0,-50.2,-0.1
4.0,105.389740,152.05,2.15,18.39,-8.24,2.0,12.25,1,3651,0.4,-125.4,1.2
4.0,105.399740,154.86,2.04,15.62,-8.32,-2.0,9.25,1,4537,-7.4,-200.9,1.2
4.0,105.409740,158.2,1.85,12.27,-8.41,-5.86,6.0,1,4409,-8.5,-260.0,2.5
4.0,105.419740,161.72,1.73,8.62,-8.49,-9.36,2.25,1,4291,-9.4,-305.6,2.7
4.0,105.429740,165.94,1.61,4.67,-8.58,-12.27,-1.75,1,4172,-10.3,-349.3,3.2
4.0,105.439740,170.07,1.49,0.38,-8.65,-14.4,-6.0,1,4035,-10.5,-385.1,3.8
4.0,105.449740,173.94,1.39,-4.19,-8.73,-15.64,-9.75,1,3908,-10.7,-420.4,3.4
4.0,105.459740,176.48,1.27,-8.75,-8.82,-15.89,-12.25,1,3772,-12.7,-420.6,2.8
4.0,105.469740,177.98,1.28,-11.82,-8.88,-15.14,-13.75,1,3645,2.4,-306.6,1.4
4.0,105.479740,178.42,1.31,-12.63,-8.89,-13.44,-14.0,1,4541,-12.1,-194.6,3.7
4.0,105.489740,178.15,1.15,-12.36,-8.84,-10.9,-13.5,1,4414,-0.9,-84.5,1.1
4.0,105.499740,177.19,1.24,-11.2,-8.84,-7.67,-12.25,1,4286,-2.4,6.7,0.4
4.0,105.509739,175.25,1.21,-9.78,-8.8,-3.96,-10.25,1,4168,-0.6,51.3,1.8
4.0,105.519740,172.71,1.24,-7.75,-8.75,-0.0,-7.75,1,4031,2.0,158.7,0.0
4.0,105.529739,169.8,1.34,-4.41,-8.7,3.96,-4.75,1,3904,7.7,226.9,-1.3
4.0,105.539739,166.2,1.46,-0.94,-8.65,7.67,-1.25,1,3777,6.2,279.9,-2.0
4.0,105.549740,162.42,1.55,2.95,-8.59,10.9,2.75,1,3649,10.6,336.0,-2.5
4.0,105.559740,158.29,1.73,7.21,-8.49,13.44,6.75,1,4537,13.2,370.7,-2.5
4.0,105.569740,153.9,1.87,11.55,-8.39,15.14,10.75,1,4410,9.0,399.9,-3.5
4.0,105.579740,150.03,1.97,16.17,-8.28,15.89,14.25,1,4291,11.4,433.4,-3.1
4.0,105.589740,148.01,2.1,20.47,-8.16,15.64,16.25,1,4172,7.4,398.0,-3.6
4.0,105.599740,147.22,2.16,22.96,-8.09,14.4,17.0,1,4027,7.3,284.9,-2.1
4.0,105.609740,147.39,2.22,23.3,-8.06,12.27,17.0,1,3909,5.2,147.1,0.0
4.0,105.619739,148.18,2.21,22.19,-8.09,9.36,16.0,1,3772,1.6,28.0,-0.2
4.0,105.629740,149.77,2.17,20.51,-8.16,5.86,14.5,1,3645,2.8,-48.7,0.1
4.0,105.639740,152.05,2.16,18.5,-8.23,2.0,12.25,1,4542,-0.5,-124.3,1.0
4.0,105.649740,154.78,2.03,15.74,-8.31,-2.0,9.25,1,4414,-6.9,-200.5,1.3
4.0,105.659740,158.03,1.86,12.38,-8.4,-5.86,6.25,1,4287,-9.0,-259.5,2.5
4.0,105.669739,161.72,1.74,8.74,-8.48,-9.36,2.5,1,4168,-8.8,-304.6,2.7
4.0,105.679740,165.76,1.62,4.79,-8.57,-12.27,-1.75,1,4032,-11.0,-349.2,3.2
4.0,105.689740,169.98,1.49,0.5,-8.64,-14.4,-5.75,1,3905,-10.1,-384.9,3.9
4.0,105.699740,174.2,1.39,-4.06,-8.72,-15.64,-10.25,1,3768,-11.1,-419.9,3.3
4.0,105.709740,177.63,1.25,-8.71,-8.8,-15.89,-13.25,1,3650,-13.6,-429.6,3.5
4.0,105.719740,179.65,1.21,-12.62,-8.86,-15.14,-15.25,1,4538,-2.5,-380.4,2.2
4.0,105.729740,180.88,1.28,-14.66,-8.9,-13.44,-16.75,1,4410,-5.6,-252.9,3.0
4.0,105.739740,181.41,1.18,-14.89,-8.86,-10.9,-17.25,1,4283,-6.1,-150.8,3.8
4.0,105.749739,181.41,1.11,-14.86,-8.84,-7.67,-16.75,1,4173,-5.8,-98.4,1.3
4.0,105.759739,180.44,1.14,-14.45,-8.86,-3.96,-15.75,1,4028,1.6,-11.0,-0.7
4.0,105.769740,178.51,1.17,-13.35,-8.84,0.0,-13.75,1,3909,-3.1,23.2,2.3
4.0,105.779739,176.13,1.14,-11.37,-8.77,3.96,-11.0,1,3773,2.5,164.1,0.6
4.0,105.789740,172.79,1.27,-7.55,-8.72,7.67,-7.75,1,3646,8.4,241.9,-1.6
4.0,105.799740,169.28,1.38,-3.86,-8.68,10.9,-4.25,1,4533,5.9,291.9,-2.3
4.0,105.809740,165.23,1.44,0.02,-8.62,13.44,-0.25,1,4415,8.1,338.7,-2.7
4.0,105.819740,160.93,1.6,4.39,-8.54,15.14,4.25,1,4287,13.3,390.5,-3.1
4.0,105.829740,156.45,1.8,9.09,-8.44,15.89,8.25,1,4168,13.5,419.0,-3.3
4.0,105.839740,153.63,1.92,13.7,-8.32,15.64,10.75,1,4032,9.7,433.3,-2.9
4.0,105.849740,152.14,1.92,17.68,-8.23,14.4,12.25,1,3905,1.0,384.7,-3.6
4.0,105.859740,151.61,1.98,19.27,-8.19,12.27,12.5,1,3769,13.8,207.8,0.1
4.0,105.869740,151.61,2.12,18.33,-8.18,9.36,12.5,1,3650,1.1,83.7,-0.9
4.0,105.879739,152.05,1.98,17.12,-8.25,5.86,12.25,1,4538,0.4,3.1,-0.5
4.0,105.889740,153.28,2.03,16.21,-8.27,2.0,11.0,1,4411,6.1,-10.2,0.9
4.0,105.899740,155.13,2.01,15.24,-8.3,-2.0,9.25,1,4283,-6.3,-83.2,-0.9
4.0,105.909739,157.59,1.84,12.89,-8.39,-5.86,6.5,1,4173,-2.9,-161.1,1.3
4.0,105.919739,160.66,1.79,9.88,-8.45,-9.36,3.5,1,4028,-6.5,-223.3,1.9
4.0,105.929740,164.09,1.68,6.45,-8.52,-12.27,-0.0,1,3910,-6.9,-280.3,2.8
4.0,105.939740,168.05,1.57,2.61,-8.59,-14.4,-3.75,1,3774,-10.4,-327.2,3.1
4.0,105.949740,172.09,1.44,-1.62,-8.66,-15.64,-8.0,1,3649,-9.2,-375.3,3.6
4.0,105.959740,175.87,1.33,-6.15,-8.74,-15.89,-11.75,1,4534,-12.6,-404.7,3.4
4.0,105.969740,178.33,1.21,-10.47,-8.81,-15.14,-14.25,1,4415,-9.7,-402.2,2.4
4.0,105.979740,179.47,1.25,-13.4,-8.88,-13.44,-15.25,1,4288,0.3,-295.2,1.4
4.0,105.989739,179.65,1.26,-14.03,-8.88,-10.9,-15.25,1,4169,-9.5,-169.6,3.6
4.0,105.999739,179.38,1.15,-13.33,-8.82,-7.67,-14.5,1,4033,-0.4,-55.4,1.0
4.0,106.009739,177.89,1.22,-12.09,-8.82,-3.96,-13.0,1,3905,-1.9,10.9,0.5
4.0,106.019740,175.69,1.16,-10.55,-8.77,0.0,-10.75,1,3770,-3.5,87.4,2.2
4.0,106.029740,172.79,1.2,-7.85,-8.72,3.96,-7.75,1,3642,7.2,194.1,-1.2
4.0,106.039740,169.63,1.38,-4.22,-8.68,7.67,-4.75,1,4539,7.4,256.8,-1.7
4.0,106.049740,165.85,1.45,-0.51,-8.62,10.9,-0.75,1,4411,7.0,309.5,-2.3
4.0,106.059740,161.89,1.57,3.61,-8.55,13.44,3.25,1,4284,11.5,360.0,-2.6
4.0,106.069740,157.5,1.75,8.04,-8.45,15.14,7.75,1,4174,12.6,392.6,-3.0
4.0,106.079740,152.93,1.89,12.52,-8.35,15.89,11.5,1,4028,11.4,416.3,-3.5
4.0,106.089740,150.29,2.02,17.25,-8.23,15.64,14.0,1,3910,10.5,450.4,-3.3
4.0,106.099740,148.8,2.07,21.16,-8.12,14.4,15.5,1,3774,2.7,357.0,-3.7
4.0,106.109740,148.54,2.11,22.13,-8.1,12.27,15.75,1,3648,11.0,191.9,0.0
4.0,106.119740,149.06,2.21,21.27,-8.09,9.36,15.25,1,4535,1.5,79.0,-0.4
4.0,106.129740,150.38,2.13,19.95,-8.15,5.86,13.75,1,4416,3.3,-18.5,-0.4
4.0,106.139740,152.4,2.13,17.95,-8.23,2.0,11.75,1,4288,0.6,-101.8,0.5
4.0,106.149740,155.13,2.0,15.37,-8.31,-2.0,9.25,1,4170,-7.6,-174.8,0.8
4.0,106.159739,158.29,1.84,12.24,-8.39,-5.86,6.0,1,4033,-6.0,-240.2,2.2
4.0,106.169739,161.72,1.76,8.64,-8.47,-9.36,2.25,1,3906,-8.6,-294.1,3.0
4.0,106.179740,165.76,1.62,4.71,-8.54,-12.27,-1.75,1,3770,-10.3,-338.8,3.2
4.0,106.189740,169.98,1.49,0.5,-8.62,-14.4,-5.75,1,3643,-10.4,-375.8,3.7
4.0,106.199740,174.02,1.39,-4.0,-8.7,-15.64,-10.0,1,4539,-10.6,-412.8,3.4
4.0,106.209740,177.45,1.26,-8.6,-8.78,-15.89,-13.25,1,4412,-13.2,-422.8,3.4
4.0,106.219740,179.38,1.21,-12.46,-8.84,-15.14,-15.25,1,4284,-3.4,-375.5,2.3
4.0,106.229740,180.53,1.28,-14.46,-8.88,-13.44,-16.25,1,4165,-4.0,-246.7,2.9
4.0,106.239739,181.14,1.2,-14.6,-8.84,-10.9,-16.75,1,4029,-6.3,-142.9,3.4
4.0,106.249739,180.97,1.12,-14.55,-8.82,-7.67,-16.5,1,3902,-5.4,-98.4,1.2
4.0,106.259739,180.09,1.14,-14.16,-8.85,-3.96,-15.25,1,3774,0.4,-5.0,-0.8
4.0,106.269740,178.07,1.18,-12.97,-8.82,-0.0,-13.25,1,3647,-1.7,26.4,2.2
4.0,106.279740,175.52,1.15,-10.89,-8.75,3.96,-10.5,1,4535,1.2,177.1,-0.2
4.0,106.289740,172.27,1.26,-7.0,-8.71,7.67,-7.25,1,4416,8.2,238.5,-1.1
4.0,106.299740,168.49,1.39,-3.41,-8.65,10.9,-3.75,1,4289,6.4,298.2,-1.7
4.0,106.309740,164.44,1.47,0.65,-8.59,13.44,0.5,1,4170,10.1,347.0,-2.8
4.0,106.319740,160.14,1.64,5.06,-8.51,15.14,4.75,1,4034,12.9,393.5,-3.4
4.0,106.329740,155.74,1.81,9.75,-8.41,15.89,8.75,1,3907,13.1,422.6,-3.5
4.0,106.339740,152.84,1.94,14.43,-8.29,15.64,11.5,1,3770,9.5,440.2,-3.1
4.0,106.349740,151.26,1.95,18.42,-8.18,14.4,13.0,1,3643,2.4,381.8,-3.1
4.0,106.359740,150.91,2.02,19.87,-8.14,12.27,13.25,1,4539,12.1,203.8,-0.1
4.0,106.369740,151.44,2.13,18.97,-8.14,9.36,12.75,1,4412,1.1,89.2,-0.3
4.0,106.379740,152.67,2.0,17.68,-8.21,5.86,11.5,1,4285,0.6,-14.1,-1.2
4.0,106.389740,154.6,2.01,15.71,-8.28,2.0,9.5,1,4166,4.0,-94.1,0.4
4.0,106.399740,157.15,1.99,13.29,-8.34,-2.0,7.25,1,4029,-4.7,-161.4,1.4
4.0,106.409740,160.14,1.81,10.3,-8.42,-5.86,4.0,1,3903,-7.6,-230.9,1.7
4.0,106.419739,163.56,1.7,6.86,-8.49,-9.36,0.5,1,3775,-7.4,-274.1,3.0
4.0,106.429740,167.43,1.59,3.18,-8.56,-12.27,-3.25,1,3647,-10.4,-324.9,2.7
4.0,106.439740,171.47,1.46,-1.09,-8.64,-14.4,-7.5,1,4535,-10.0,-376.5,4.1
4.0,106.449740,175.34,1.33,-5.6,-8.7,-15.64,-11.25,1,4417,-13.1,-398.6,3.2
4.0,106.459740,177.8,1.23,-9.88,-8.78,-15.89,-13.5,1,4289,-7.9,-405.3,2.6
4.0,106.469740,178.95,1.31,-12.85,-8.86,-15.14,-14.75,1,4171,1.2,-290.0,0.9
4.0,106.479740,179.21,1.29,-13.54,-8.86,-13.44,-15.0,1,4034,-11.1,-184.3,4.4
4.0,106.489739,179.03,1.13,-13.12,-8.8,-10.9,-14.25,1,3907,-2.9,-63.5,0.1
4.0,106.499739,177.54,1.2,-11.85,-8.82,-7.67,-12.75,1,3771,-1.1,7.0,0.4
4.0,106.509740,175.61,1.18,-10.4,-8.76,-3.96,-10.75,1,3643,-2.8,74.7,3.0
4.0,106.519740,172.88,1.22,-7.86,-8.7,-0.0,-8.0,1,4540,6.2,187.3,-1.6
4.0,106.529740,169.63,1.38,-4.33,-8.67,3.96,-4.75,1,4412,7.0,241.3,-1.3
4.0,106.539740,166.11,1.44,-0.83,-8.61,7.67,-1.25,1,4294,5.9,295.9,-1.9
4.0,106.549739,162.25,1.55,3.19,-8.54,10.9,2.75,1,4167,12.1,348.9,-2.5
4.0,106.559740,157.94,1.74,7.5,-8.44,13.44,7.25,1,4030,12.1,378.3,-2.8
4.0,106.569740,153.46,1.87,11.86,-8.34,15.14,11.0,1,3903,10.9,406.9,-3.3
4.0,106.579740,150.73,1.99,16.57,-8.23,15.89,13.5,1,3776,9.9,443.6,-3.3
4.0,106.589740,149.15,2.04,20.54,-8.12,15.64,15.0,1,3657,2.9,360.6,-3.1
4.0,106.599740,148.89,2.1,21.74,-8.08,14.4,15.25,1,4537,11.6,203.8,-0.2
4.0,106.609740,149.33,2.2,21.01,-8.07,12.27,14.75,1,4409,1.0,83.9,-0.6
4.0,106.619740,150.47,2.09,19.66,-8.14,9.36,13.75,1,4298,2.5,-13.9,-0.5
4.0,106.629740,152.49,2.1,17.84,-8.21,5.86,11.75,1,4171,1.7,-84.0,0.4
4.0,106.639740,154.86,2.02,15.56,-8.28,2.0,9.25,1,4035,-5.9,-158.2,0.6
4.0,106.649740,157.76,1.86,12.59,-8.36,-2.0,6.25,1,3907,-6.0,-222.1,2.0
4.0,106.659740,161.28,1.78,9.21,-8.43,-5.86,3.0,1,3772,-7.1,-273.9,2.7
4.0,106.669740,164.88,1.65,5.5,-8.51,-9.36,-0.75,1,3653,-10.2,-319.1,3.3
4.0,106.679740,169.1,1.51,1.44,-8.58,-12.27,-4.75,1,4541,-10.6,-360.2,3.8
4.0,106.689740,173.23,1.39,-2.91,-8.66,-14.4,-9.25,1,4416,-12.0,-394.0,2.9
4.0,106.699740,177.19,1.28,-7.48,-8.74,-15.64,-13.25,1,4294,-10.1,-422.6,3.7
4.0,106.709740,179.74,1.2,-12.02,-8.8,-15.89,-15.75,1,4167,-11.1,-424.8,2.9
4.0,106.719740,181.49,1.23,-15.04,-8.87,-15.14,-17.25,1,4031,2.3,-299.6,1.2
4.0,106.729740,182.37,1.25,-15.84,-8.86,-13.44,-18.25,1,3903,-11.1,-204.7,5.5
4.0,106.739739,182.64,1.05,-16.34,-8.8,-10.9,-18.25,1,3776,-5.4,-144.9,1.8
4.0,106.749740,182.29,1.13,-16.13,-8.86,-7.67,-17.25,1,3657,0.9,-38.5,-1.9
4.0,106.759740,180.79,1.16,-14.91,-8.84,-3.96,-15.75,1,4537,-2.7,16.6,3.6
4.0,106.769740,178.33,1.09,-13.39,-8.74,-0.0,-13.25,1,4409,-0.8,97.5,1.0
4.0,106.779740,175.43,1.15,-10.55,-8.72,3.96,-10.5,1,4299,4.0,203.1,-0.3
4.0,106.789739,172.0,1.27,-6.78,-8.67,7.67,-7.0,1,4171,7.9,272.2,-2.3
4.0,106.799739,168.13,1.39,-2.92,-8.63,10.9,-3.25,1,4035,8.2,317.0,-2.2
4.0,106.809740,164.09,1.5,1.18,-8.56,13.44,1.0,1,3908,11.0,365.9,-3.1
4.0,106.819740,159.7,1.66,5.72,-8.48,15.14,5.5,1,3772,12.6,406.1,-3.6
4.0,106.829740,155.21,1.83,10.44,-8.38,15.89,9.5,1,3656,13.7,432.4,-3.9
4.0,106.839740,152.23,1.97,15.11,-8.25,15.64,12.25,1,4533,10.3,442.0,-3.1
4.0,106.849740,150.56,1.97,19.13,-8.15,14.4,13.75,1,4417,0.7,392.7,-3.4
4.0,106.859740,150.12,2.02,20.81,-8.1,12.27,14.25,1,4295,13.1,217.5,0.2
4.0,106.869739,150.56,2.16,19.91,-8.09,9.36,13.75,1,4167,1.6,86.6,-0.7
4.0,106.879740,151.7,2.05,18.51,-8.16,5.86,12.5,1,4031,2.4,-8.9,-0.6
4.0,106.889740,153.63,2.05,16.72,-8.23,2.0,10.5,1,3904,1.5,-82.9,-0.3
4.0,106.899740,156.18,1.98,14.37,-8.31,-2.0,8.0,1,3776,-5.0,-161.5,1.3
4.0,106.909740,159.17,1.83,11.32,-8.38,-5.86,5.0,1,3675,-6.7,-225.4,1.5
4.0,106.919740,162.6,1.73,7.88,-8.45,-9.36,1.5,1,4537,-7.1,-280.6,3.3
4.0,106.929740,166.46,1.63,4.01,-8.52,-12.27,-2.25,1,4410,-8.9,-330.7,3.0
4.0,106.939740,170.6,1.48,-0.13,-8.6,-14.4,-6.5,1,4300,-12.3,-364.2,3.4
4.0,106.949740,174.38,1.36,-4.52,-8.67,-15.64,-10.25,1,4172,-9.1,-405.0,3.7
4.0,106.959740,176.92,1.28,-9.02,-8.76,-15.89,-12.75,1,4035,-11.9,-409.0,2.5
4.0,106.969740,178.15,1.29,-11.97,-8.83,-15.14,-13.75,1,3909,2.2,-290.6,0.9
4.0,106.979740,178.42,1.33,-12.66,-8.83,-13.44,-14.25,1,3772,-10.6,-187.2,3.8
4.0,106.989740,178.24,1.16,-12.37,-8.78,-10.9,-13.75,1,3673,-3.1,-73.7,1.4
4.0,106.999740,177.19,1.21,-11.16,-8.77,-7.67,-12.25,1,4533,-1.9,7.9,0.4
4.0,107.009740,175.25,1.2,-9.73,-8.73,-3.96,-10.25,1,4414,-1.6,62.3,1.9
4.0,107.019740,172.53,1.23,-7.53,-8.68,-0.0,-7.5,1,4295,3.7,166.3,-0.4
4.0,107.029740,169.54,1.35,-4.14,-8.64,3.96,-4.5,1,4159,7.0,235.3,-1.4
4.0,107.039739,165.94,1.45,-0.58,-8.58,7.67,-0.75,1,4031,7.0,287.0,-2.0
4.0,107.049739,162.07,1.57,3.36,-8.51,10.9,3.0,1,3905,11.7,343.5,-2.5
4.0,107.059740,157.76,1.75,7.65,-8.42,13.44,7.25,1,3768,11.6,373.5,-2.9
4.0,107.069740,153.28,1.87,12.0,-8.32,15.14,11.25,1,3677,11.0,405.3,-3.2
4.0,107.079740,150.64,2.0,16.73,-8.2,15.89,13.75,1,4537,9.9,441.6,-3.2
4.0,107.089740,149.15,2.04,20.7,-8.09,15.64,15.0,1,4413,2.4,361.6,-3.2
4.0,107.099740,148.71,2.1,21.89,-8.05,14.4,15.5,1,4300,11.8,199.3,0.1
4.0,107.109740,149.33,2.21,21.1,-8.05,12.27,14.75,1,4164,1.0,84.2,-0.6
4.0,107.119739,150.47,2.1,19.79,-8.12,9.36,13.75,1,4036,2.6,-15.9,-0.5
4.0,107.129740,152.4,2.11,17.9,-8.19,5.86,11.75,1,3909,1.4,-88.5,0.4
4.0,107.139740,154.95,2.01,15.55,-8.26,2.0,9.25,1,3773,-6.0,-162.0,0.7
4.0,107.149740,157.94,1.86,12.56,-8.34,-2.0,6.25,1,3673,-6.0,-224.7,1.9
4.0,107.159740,161.46,1.77,9.15,-8.41,-5.86,2.75,1,4533,-7.6,-278.0,2.7
4.0,107.169740,165.15,1.65,5.4,-8.49,-9.36,-1.0,1,4417,-10.1,-321.3,3.3
4.0,107.179740,169.19,1.52,1.34,-8.56,-12.27,-5.0,1,4296,-10.3,-362.6,3.7
4.0,107.189740,173.5,1.39,-3.04,-8.64,-14.4,-9.5,1,4160,-12.3,-396.2,2.9
4.0,107.199740,177.36,1.27,-7.61,-8.72,-15.64,-13.25,1,4032,-10.4,-423.9,3.8
4.0,107.209740,180.0,1.2,-12.16,-8.78,-15.89,-15.75,1,3905,-10.2,-426.4,2.9
4.0,107.219740,181.67,1.23,-15.2,-8.85,-15.14,-17.5,1,3769,1.1,-301.6,1.2
4.0,107.229740,182.72,1.23,-16.02,-8.84,-13.44,-18.5,1,3676,-10.5,-206.3,5.5
4.0,107.239740,182.72,1.05,-16.51,-8.78,-10.9,-18.5,1,4538,-5.1,-144.1,1.7
4.0,107.249740,182.37,1.13,-16.29,-8.84,-7.67,-17.5,1,4410,0.5,-39.6,-1.6
4.0,107.259740,180.88,1.15,-15.03,-8.81,-3.96,-15.75,1,4300,-2.8,21.8,3.9
5.0,109.289739,172.62,1.3,-7.53,-8.62,-0.0,-7.75,1,3902,-2.2,-38.9,0.3
5.0,109.299743,170.77,1.37,-6.34,-8.62,3.93,-5.75,1,3778,-1.0,9.7,0.2
5.0,109.309740,168.4,1.36,-4.36,-8.57,7.48,-3.25,1,4663,-1.6,150.2,0.4
5.0,109.319740,165.32,1.43,-0.78,-8.49,10.3,-0.25,1,4536,8.1,218.3,-0.6
5.0,109.329740,161.81,1.61,2.71,-8.42,12.11,3.25,1,4418,8.0,281.5,-1.5
5.0,109.339740,158.03,1.7,6.6,-8.34,12.73,6.75,1,4299,8.3,325.9,-2.1
5.0,109.349740,154.86,1.83,10.68,-8.25,12.11,9.25,1,4162,11.1,364.4,-2.3
5.0,109.359740,153.28,1.92,14.65,-8.15,10.3,10.75,1,4034,4.3,358.2,-3.6
5.0,109.369739,153.02,1.91,16.67,-8.12,7.48,11.25,1,3898,4.1,209.0,-1.6
5.0,109.379739,153.37,1.96,16.13,-8.11,3.93,10.75,1,3771,5.3,95.7,0.7
5.0,109.389740,154.78,1.99,14.88,-8.13,0.0,9.5,1,4667,2.5,-11.5,0.1
5.0,109.399740,156.8,1.94,12.87,-8.22,-3.93,7.5,1,4540,-0.7,-93.5,-0.3
5.0,109.409740,159.35,1.85,10.36,-8.3,-7.48,4.75,1,4424,-4.1,-169.0,1.0
5.0,109.419740,162.33,1.73,7.27,-8.35,-10.3,1.75,1,4294,-7.2,-233.1,2.7
5.0,109.429740,166.03,1.62,3.71,-8.42,-12.11,-1.75,1,4158,-8.0,-291.8,2.5
5.0,109.439740,169.89,1.5,-0.16,-8.5,-12.73,-5.75,1,4038,-11.1,-328.4,2.9
5.0,109.449740,173.41,1.38,-4.27,-8.57,-12.11,-9.25,1,3903,-8.5,-373.9,3.3
5.0,109.459743,175.43,1.31,-8.54,-8.65,-10.3,-11.25,1,3787,-11.1,-382.0,2.5
5.0,109.469740,176.31,1.34,-11.19,-8.7,-7.48,-12.25,1,4663,5.5,-256.4,1.1
5.0,109.479740,176.48,1.4,-11.41,-8.71,-3.93,-12.0,1,4536,-11.2,-147.5,3.3
5.0,109.489740,175.87,1.18,-10.79,-8.65,0.0,-11.0,1,4420,-3.9,-45.9,0.8
5.0,109.499740,174.02,1.25,-9.7,-8.66,3.93,-9.25,1,4298,-0.6,7.1,0.1
5.0,109.509739,171.65,1.28,-7.73,-8.61,7.48,-6.75,1,4162,0.4,144.8,1.0
5.0,109.519740,168.57,1.37,-4.18,-8.53,10.3,-3.75,1,4034,8.8,217.4,-1.1
5.0,109.529740,165.15,1.53,-0.67,-8.48,12.11,-0.25,1,3899,7.6,278.8,-1.4
5.0,109.539742,161.19,1.6,3.28,-8.4,12.73,3.75,1,3783,7.5,334.1,-2.5
5.0,109.549740,157.15,1.72,7.5,-8.32,12.11,7.25,1,4668,11.4,367.6,-2.5
5.0,109.559740,154.69,1.88,11.82,-8.21,10.3,9.5,1,4540,10.6,398.4,-2.6
5.0,109.569740,153.72,1.88,15.36,-8.12,7.48,10.5,1,4421,-0.9,323.6,-3.0
5.0,109.579740,153.63,1.88,16.25,-8.12,3.93,10.5,1,4294,10.9,164.8,-0.5
5.0,109.589740,154.51,2.01,15.13,-8.12,0.0,9.75,1,4158,0.9,46.9,0.6
5.0,109.599739,156.09,1.9,13.45,-8.18,-3.93,8.0,1,4039,1.1,-50.1,-0.9
5.0,109.609739,158.38,1.89,11.22,-8.26,-7.48,5.75,1,3903,0.4,-125.9,0.6
5.0,109.619743,161.19,1.79,8.5,-8.32,-10.3,3.0,1,3788,-8.3,-196.0,1.8
5.0,109.629740,164.44,1.62,5.21,-8.38,-12.11,-0.5,1,4664,-7.4,-258.5,2.1
5.0,109.639740,168.13,1.55,1.48,-8.46,-12.73,-4.25,1,4537,-7.7,-310.3,3.2
5.0,109.649740,171.65,1.45,-2.6,-8.53,-12.11,-7.5,1,4418,-10.3,-355.8,3.0
5.0,109.659740,173.58,1.33,-6.78,-8.61,-10.3,-9.5,1,4299,-9.6,-372.6,2.3
5.0,109.669739,174.46,1.37,-9.43,-8.67,-7.48,-10.25,1,4163,2.6,-248.2,1.2
5.0,109.679739,174.73,1.43,-9.54,-8.67,-3.93,-10.25,1,4035,-6.8,-135.8,2.5
5.0,109.689740,173.94,1.28,-8.92,-8.63,-0.0,-9.0,1,3899,-4.7,-49.6,0.9
5.0,109.699743,172.18,1.3,-7.94,-8.63,3.93,-7.25,1,3800,-0.4,11.8,-0.1
5.0,109.709740,169.63,1.34,-5.86,-8.58,7.48,-4.75,1,4659,0.1,147.7,1.1
5.0,109.719740,166.55,1.41,-2.34,-8.49,10.3,-1.75,1,4541,7.2,216.0,-0.8
5.0,109.729740,163.21,1.57,1.21,-8.44,12.11,1.75,1,4425,9.0,287.6,-2.0
5.0,109.739740,159.35,1.68,5.22,-8.36,12.73,5.75,1,4295,9.0,330.0,-2.1
5.0,109.749740,155.39,1.79,9.34,-8.27,12.11,9.25,1,4159,9.6,369.5,-3.1
5.0,109.759740,152.93,1.92,13.58,-8.17,10.3,11.25,1,4040,10.6,385.4,-2.6
5.0,109.769739,151.96,1.95,16.97,-8.08,7.48,12.25,1,3904,-0.9,323.7,-2.8
5.0,109.779742,152.05,1.95,17.96,-8.06,3.93,12.25,1,3805,11.0,160.7,0.1
5.0,109.789740,152.93,2.08,16.67,-8.06,-0.0,11.25,1,4664,1.3,34.7,0.3
5.0,109.799740,154.78,1.97,14.9,-8.14,-3.93,9.5,1,4537,1.4,-51.0,-0.7
5.0,109.809740,156.97,1.94,12.71,-8.22,-7.48,7.25,1,4418,-1.3,-133.2,0.7
5.0,109.819740,159.79,1.84,9.8,-8.29,-10.3,4.25,1,4291,-6.3,-208.6,1.5
5.0,109.829740,163.21,1.7,6.43,-8.36,-12.11,0.75,1,4163,-7.6,-261.9,2.8
5.0,109.839740,166.99,1.59,2.75,-8.43,-12.73,-2.75,1,4037,-9.5,-314.3,2.4
5.0,109.849740,170.51,1.47,-1.39,-8.51,-12.11,-6.25,1,3900,-10.1,-361.7,3.8
5.0,109.859743,172.44,1.38,-5.59,-8.58,-10.3,-8.25,1,3801,-8.8,-372.5,2.1
5.0,109.869740,173.32,1.43,-8.28,-8.65,-7.48,-9.25,1,4660,2.9,-258.3,1.7
5.0,109.879740,173.32,1.45,-8.6,-8.65,-3.93,-9.0,1,4541,-9.6,-145.5,2.8
5.0,109.889740,172.79,1.3,-7.8,-8.6,-0.0,-7.75,1,4423,-1.9,-32.5,0.6
5.0,109.899740,171.04,1.36,-6.58,-8.6,3.93,-6.25,1,4287,-1.5,8.6,0.4
5.0,109.909739,168.66,1.36,-4.75,-8.55,7.48,-3.75,1,4159,-0.4,142.3,0.5
5.0,109.919740,165.59,1.43,-1.28,-8.47,10.3,-0.75,1,4040,6.7,214.3,-0.5
5.0,109.929740,162.16,1.59,2.27,-8.41,12.11,2.75,1,3904,8.5,282.5,-1.8
5.0,109.939743,158.47,1.7,6.2,-8.33,12.73,6.25,1,3798,8.4,326.0,-2.2
5.0,109.949740,155.21,1.81,10.25,-8.24,12.11,9.0,1,4665,10.4,361.3,-2.5
5.0,109.959740,153.72,1.9,14.19,-8.15,10.3,10.5,1,4537,4.7,359.8,-3.4
5.0,109.969740,152.93,1.9,16.27,-8.11,7.48,11.25,1,4418,4.9,209.5,-1.6
5.0,109.979740,152.58,1.95,15.79,-8.1,3.93,11.75,1,4291,4.6,102.8,0.5
5.0,109.989740,153.19,2.02,15.39,-8.09,-0.0,11.0,1,4164,6.5,66.5,0.9
5.0,109.999739,154.78,1.98,14.73,-8.12,-3.93,9.5,1,4036,-4.6,-29.5,-1.6
5.0,110.009739,156.88,1.85,12.66,-8.22,-7.48,7.25,1,3900,0.2,-110.8,0.5
5.0,110.019743,159.7,1.87,9.99,-8.27,-10.3,4.5,1,3802,-2.1,-185.5,1.5
5.0,110.029740,162.95,1.75,6.74,-8.34,-12.11,1.25,1,4661,-8.5,-249.7,2.6
5.0,110.039740,166.55,1.59,3.05,-8.41,-12.73,-2.5,1,4543,-9.7,-305.4,2.4
5.0,110.049740,169.8,1.47,-0.95,-8.49,-12.11,-5.75,1,4423,-10.4,-343.9,3.4
5.0,110.059740,171.91,1.4,-4.96,-8.56,-10.3,-7.75,1,4287,-6.5,-362.2,2.1
5.0,110.069739,172.71,1.48,-7.63,-8.63,-7.48,-8.5,1,4160,3.8,-249.3,2.0
5.0,110.079739,172.88,1.47,-7.9,-8.63,-3.93,-8.25,1,4040,-12.0,-139.4,2.4
5.0,110.089740,172.0,1.28,-7.27,-8.59,-0.0,-7.25,1,3904,-2.1,-46.2,0.6
5.0,110.099741,170.33,1.37,-6.13,-8.59,3.93,-5.25,1,3805,-0.9,21.2,0.1
5.0,110.109740,167.7,1.37,-3.98,-8.53,7.48,-2.75,1,4665,-0.7,147.6,0.8
5.0,110.119740,164.79,1.46,-0.49,-8.46,10.3,0.25,1,4538,8.6,222.5,-1.3
5.0,110.129740,161.46,1.63,2.99,-8.39,12.11,3.5,1,4419,7.5,273.9,-1.3
5.0,110.139740,157.59,1.71,6.71,-8.31,12.73,7.25,1,4291,8.1,321.4,-2.1
5.0,110.149740,153.46,1.84,10.81,-8.22,12.11,10.75,1,4164,11.2,362.9,-2.5
5.0,110.159740,151.26,1.99,15.27,-8.1,10.3,12.75,1,4036,9.5,404.7,-3.2
5.0,110.169739,150.38,2.01,18.68,-8.02,7.48,13.75,1,3900,1.0,300.0,-3.0
5.0,110.179743,150.47,2.02,19.21,-8.01,3.93,13.75,1,3802,8.9,157.5,0.1
5.0,110.189740,151.52,2.11,18.13,-8.01,0.0,12.75,1,4662,0.8,34.6,0.3
5.0,110.199740,153.37,2.02,16.28,-8.09,-3.93,10.75,1,4534,1.9,-61.9,-1.1
5.0,110.209740,155.74,1.99,13.89,-8.18,-7.48,8.25,1,4424,-2.1,-142.6,1.1
5.0,110.219740,158.73,1.86,10.87,-8.25,-10.3,5.25,1,4287,-7.5,-220.7,1.9
5.0,110.229740,162.16,1.71,7.34,-8.32,-12.11,1.75,1,4160,-8.7,-274.6,2.7
5.0,110.239740,166.03,1.62,3.52,-8.4,-12.73,-2.0,1,4032,-6.9,-328.8,2.8
5.0,110.249740,169.54,1.52,-0.63,-8.48,-12.11,-5.25,1,3905,-11.6,-360.8,3.6
5.0,110.259741,171.65,1.39,-4.77,-8.56,-10.3,-7.5,1,3806,-8.1,-381.9,2.2
5.0,110.269740,172.71,1.47,-7.6,-8.63,-7.48,-8.5,1,4665,4.0,-261.9,2.0
5.0,110.279740,172.88,1.47,-7.97,-8.63,-3.93,-8.25,1,4538,-12.3,-156.2,2.4
5.0,110.289740,172.18,1.28,-7.44,-8.59,0.0,-7.25,1,4420,-2.2,-52.5,0.9
5.0,110.299740,170.42,1.37,-6.3,-8.58,3.93,-5.5,1,4292,-1.3,10.4,0.2
5.0,110.309739,168.13,1.36,-4.29,-8.53,7.48,-3.25,1,4164,-1.4,138.3,0.9
5.0,110.319740,165.15,1.44,-0.88,-8.46,10.3,-0.25,1,4037,8.4,213.8,-1.0
5.0,110.329740,161.72,1.62,2.56,-8.39,12.11,3.25,1,3901,7.7,268.9,-1.3
5.0,110.339743,158.12,1.7,6.3,-8.31,12.73,6.75,1,3804,7.8,318.6,-2.0
5.0,110.349740,154.95,1.82,10.37,-8.22,12.11,9.25,1,4662,10.7,358.1,-2.3
5.0,110.359740,153.37,1.91,14.25,-8.13,10.3,10.75,1,4534,4.4,349.4,-3.5
5.0,110.369740,153.11,1.9,16.28,-8.1,7.48,11.25,1,4424,4.0,211.6,-1.6
5.0,110.379740,153.46,1.95,15.83,-8.09,3.93,10.75,1,4288,5.0,92.7,0.8
5.0,110.389740,154.86,1.98,14.52,-8.11,0.0,9.25,1,4160,2.4,-11.6,0.0
5.0,110.399739,156.8,1.92,12.55,-8.19,-3.93,7.25,1,4032,-0.7,-92.3,-0.4
5.0,110.409739,159.43,1.83,10.07,-8.27,-7.48,4.75,1,3906,-4.3,-167.8,1.0
5.0,110.419743,162.33,1.73,7.01,-8.33,-10.3,1.75,1,3807,-6.1,-229.6,2.7
5.0,110.429740,166.11,1.62,3.5,-8.39,-12.11,-1.75,1,4666,-8.8,-289.2,2.4
5.0,110.439740,169.8,1.48,-0.38,-8.47,-12.73,-5.75,1,4540,-10.8,-328.5,2.9
5.0,110.449740,173.32,1.38,-4.51,-8.54,-12.11,-9.25,1,4420,-8.3,-373.4,3.4
5.0,110.459740,175.52,1.3,-8.77,-8.62,-10.3,-11.25,1,4293,-11.3,-381.6,2.5
5.0,110.469739,176.31,1.34,-11.44,-8.67,-7.48,-12.25,1,4165,5.4,-258.2,1.1
5.0,110.479739,176.48,1.39,-11.69,-8.68,-3.93,-12.0,1,4037,-11.6,-149.0,3.4
5.0,110.489740,175.96,1.18,-11.06,-8.62,-0.0,-11.0,1,3901,-2.9,-46.0,0.7
5.0,110.499743,174.11,1.25,-9.96,-8.63,3.93,-9.25,1,3803,-1.6,8.0,-0.0
5.0,110.509740,171.56,1.27,-8.0,-8.58,7.48,-6.75,1,4663,1.3,142.1,1.2
5.0,110.519740,168.57,1.37,-4.49,-8.5,10.3,-3.75,1,4534,8.0,217.3,-1.2
5.0,110.529740,165.23,1.52,-0.96,-8.45,12.11,-0.25,1,4424,7.9,278.1,-1.3
5.0,110.539740,161.19,1.6,3.0,-8.37,12.73,3.75,1,4289,7.9,335.2,-2.6
5.0,110.549740,157.15,1.71,7.23,-8.3,12.11,7.25,1,4161,10.4,365.9,-2.7
5.0,110.559740,154.78,1.87,11.52,-8.19,10.3,9.5,1,4033,11.8,399.2,-2.4
5.0,110.569739,153.72,1.88,15.05,-8.09,7.48,10.5,1,3897,-1.9,320.3,-2.9
5.0,110.579740,153.81,1.87,15.94,-8.09,3.93,10.5,1,3806,11.7,167.5,-0.6
5.0,110.589740,154.51,2.01,14.89,-8.09,0.0,9.75,1,4666,0.4,48.5,0.5
5.0,110.599740,156.18,1.89,13.19,-8.15,-3.93,8.0,1,4539,1.0,-51.1,-1.0
5.0,110.609740,158.47,1.88,10.93,-8.24,-7.48,5.75,1,4420,0.5,-126.6,0.7
5.0,110.619740,161.28,1.79,8.2,-8.29,-10.3,2.75,1,4293,-8.2,-196.8,1.9
5.0,110.629740,164.62,1.62,4.91,-8.36,-12.11,-0.5,1,4166,-7.4,-259.1,2.0
5.0,110.639740,168.31,1.55,1.19,-8.43,-12.73,-4.25,1,4038,-7.4,-310.2,3.3
5.0,110.649740,171.65,1.45,-2.86,-8.5,-12.11,-7.5,1,3902,-10.3,-353.2,3.0
5.0,110.659743,173.76,1.33,-7.0,-8.58,-10.3,-9.5,1,3803,-9.9,-371.2,2.4
5.0,110.669740,174.55,1.37,-9.65,-8.64,-7.48,-10.25,1,4662,3.1,-246.8,1.2
5.0,110.679740,174.64,1.43,-9.76,-8.64,-3.93,-10.25,1,4535,-7.2,-135.8,2.4
5.0,110.689740,174.02,1.27,-9.15,-8.6,-0.0,-9.0,1,4425,-4.6,-49.0,1.0
5.0,110.699740,172.09,1.3,-8.15,-8.6,3.93,-7.25,1,4289,-0.4,13.3,-0.1
5.0,110.709739,169.63,1.33,-6.04,-8.55,7.48,-4.75,1,4161,-0.1,148.6,1.0
5.0,110.719740,166.64,1.4,-2.53,-8.47,10.3,-1.75,1,4034,7.3,216.2,-0.9
5.0,110.729740,163.12,1.57,1.03,-8.41,12.11,1.75,1,3898,9.3,288.9,-1.9
5.0,110.739740,159.26,1.68,5.07,-8.33,12.73,5.75,1,3805,8.7,331.4,-2.2
5.0,110.749740,155.21,1.78,9.18,-8.24,12.11,9.25,1,4667,9.8,368.8,-3.0
5.0,110.759740,152.84,1.92,13.44,-8.14,10.3,11.25,1,4539,10.7,389.5,-2.5
5.0,110.769740,151.88,1.95,16.84,-8.05,7.48,12.25,1,4421,-0.9,318.8,-2.6
5.0,110.779740,151.96,1.95,17.77,-8.03,3.93,12.25,1,4293,11.0,164.3,0.1
5.0,110.789740,152.84,2.07,16.59,-8.03,0.0,11.25,1,4166,1.1,37.0,0.1
5.0,110.799739,154.51,1.97,14.83,-8.11,-3.93,9.75,1,4038,1.7,-49.1,-0.8
5.0,110.809740,156.8,1.95,12.66,-8.19,-7.48,7.25,1,3905,-1.0,-130.3,0.8
5.0,110.819743,159.7,1.85,9.78,-8.25,-10.3,4.5,1,4793,-6.0,-207.3,1.5
5.0,110.829740,163.04,1.71,6.4,-8.32,-12.11,1.0,1,4663,-8.2,-260.8,2.9
5.0,110.839740,166.82,1.59,2.73,-8.39,-12.73,-2.75,1,4536,-9.5,-313.3,2.4
5.0,110.849740,170.16,1.47,-1.37,-8.47,-12.11,-6.0,1,4425,-10.3,-357.2,3.6
5.0,110.859740,172.27,1.39,-5.53,-8.55,-10.3,-8.0,1,4289,-8.2,-372.5,2.2
5.0,110.869739,173.14,1.45,-8.26,-8.61,-7.48,-9.0,1,4162,3.8,-257.1,2.0
5.0,110.879739,173.23,1.46,-8.53,-8.61,-3.93,-8.75,1,4034,-11.0,-143.0,2.6
5.0,110.889740,172.62,1.29,-7.76,-8.57,0.0,-7.75,1,3898,-1.6,-36.7,0.3
5.0,110.899743,170.68,1.37,-6.6,-8.57,3.93,-5.75,1,4789,-1.2,9.9,0.2
5.0,110.909740,168.22,1.35,-4.64,-8.52,7.48,-3.25,1,4667,-2.1,149.2,0.6
5.0,110.919740,165.15,1.43,-1.06,-8.44,10.3,-0.25,1,4540,9.0,219.8,-0.7
5.0,110.929740,161.72,1.62,2.46,-8.37,12.11,3.25,1,4421,7.4,281.3,-1.7
5.0,110.939740,158.03,1.69,6.33,-8.3,12.73,6.75,1,4285,8.5,326.3,-2.0
5.0,110.949740,154.86,1.83,10.44,-8.2,12.11,9.5,1,4166,11.2,365.7,-2.3
5.0,110.959740,153.28,1.92,14.41,-8.11,10.3,10.75,1,4030,4.2,358.4,-3.7
5.0,110.969740,152.84,1.9,16.47,-8.08,7.48,11.25,1,3906,4.2,213.5,-1.6
5.0,110.979743,153.46,1.95,15.95,-8.06,3.93,10.75,1,4794,5.0,92.8,0.7
5.0,110.989740,154.6,1.98,14.61,-8.09,0.0,9.5,1,4663,2.9,-12.9,0.1
5.0,110.999740,156.71,1.94,12.6,-8.17,-3.93,7.5,1,4536,-0.9,-95.3,-0.2
5.0,111.009740,159.35,1.84,10.07,-8.25,-7.48,4.75,1,4426,-4.0,-170.7,1.0
5.0,111.019740,162.33,1.73,6.97,-8.31,-10.3,1.75,1,4289,-7.4,-234.4,2.6
5.0,111.029740,166.11,1.61,3.4,-8.37,-12.11,-1.75,1,4162,-8.1,-293.0,2.5
5.0,111.039740,169.8,1.49,-0.47,-8.45,-12.73,-5.75,1,4027,-10.9,-328.8,2.8
5.0,111.049740,173.41,1.38,-4.58,-8.52,-12.11,-9.25,1,3899,-8.8,-375.1,3.4
5.0,111.059739,175.52,1.3,-8.87,-8.6,-10.3,-11.25,1,4795,-11.0,-383.0,2.5
5.0,111.069740,176.4,1.33,-11.54,-8.66,-7.48,-12.25,1,4668,4.8,-259.1,1.1
5.0,111.079740,176.57,1.39,-11.79,-8.66,-3.93,-12.25,1,4541,-10.6,-148.8,3.4
5.0,111.089740,175.87,1.18,-11.21,-8.61,-0.0,-11.0,1,4422,-4.6,-51.7,0.6
5.0,111.099740,174.02,1.24,-10.16,-8.62,3.93,-9.25,1,4285,-0.1,8.1,-0.1
5.0,111.109739,171.65,1.28,-8.11,-8.57,7.48,-6.75,1,4167,0.7,144.7,1.0
5.0,111.119740,168.66,1.36,-4.58,-8.49,10.3,-3.75,1,4030,8.3,217.0,-1.0
5.0,111.129740,165.32,1.52,-1.09,-8.43,12.11,-0.25,1,3906,7.8,277.5,-1.2
5.0,111.139743,161.28,1.59,2.86,-8.36,12.73,3.75,1,4795,7.6,334.4,-2.6
5.0,111.149740,157.24,1.71,7.1,-8.28,12.11,7.25,1,4664,11.1,367.1,-2.6
5.0,111.159740,154.78,1.87,11.41,-8.17,10.3,9.5,1,4536,10.9,398.9,-2.5
5.0,111.169740,153.72,1.87,14.95,-8.08,7.48,10.5,1,4418,-1.3,322.4,-2.9
5.0,111.179740,153.81,1.87,15.86,-8.07,3.93,10.5,1,4290,11.4,167.7,-0.5
5.0,111.189740,154.6,2.0,14.8,-8.07,0.0,9.75,1,4162,0.7,48.8,0.4
5.0,111.199739,156.18,1.89,13.09,-8.13,-3.93,8.0,1,4026,0.9,-51.2,-0.9
5.0,111.209740,158.47,1.88,10.84,-8.22,-7.48,5.75,1,3899,0.6,-125.7,0.6
5.0,111.219741,161.37,1.78,8.12,-8.28,-10.3,2.75,1,4788,-8.3,-197.1,2.0
5.0,111.229740,164.62,1.62,4.82,-8.34,-12.11,-0.5,1,4668,-7.2,-259.0,2.0
5.0,111.239740,168.4,1.55,1.1,-8.41,-12.73,-4.25,1,4542,-7.5,-310.0,3.3
5.0,111.249740,171.74,1.44,-2.95,-8.48,-12.11,-7.5,1,4422,-10.5,-353.6,2.9
5.0,111.259740,173.76,1.33,-7.09,-8.56,-10.3,-9.5,1,4286,-9.5,-370.7,2.5
5.0,111.269739,174.55,1.37,-9.73,-8.62,-7.48,-10.25,1,4167,2.8,-247.0,1.1
5.0,111.279739,174.73,1.42,-9.87,-8.62,-3.93,-10.25,1,4031,-7.2,-137.3,2.5
5.0,111.289740,174.02,1.27,-9.27,-8.58,-0.0,-9.25,1,3907,-4.6,-49.2,0.9
5.0,111.299743,172.18,1.29,-8.25,-8.58,3.93,-7.25,1,4795,-0.4,13.7,-0.2
5.0,111.309740,169.72,1.33,-6.13,-8.53,7.48,-4.75,1,4666,0.0,148.8,1.1
5.0,111.319740,166.64,1.4,-2.62,-8.45,10.3,-1.75,1,4537,7.1,216.9,-0.9
5.0,111.329740,163.21,1.56,0.92,-8.39,12.11,1.75,1,4418,8.9,285.9,-1.9
5.0,111.339740,159.43,1.68,4.89,-8.31,12.73,5.75,1,4291,9.1,328.2,-2.1
5.0,111.349740,155.48,1.78,8.99,-8.23,12.11,9.25,1,4163,9.5,368.5,-3.1
5.0,111.359740,152.93,1.91,13.25,-8.13,10.3,11.25,1,4026,10.6,385.5,-2.6
5.0,111.369740,152.05,1.94,16.62,-8.03,7.48,12.25,1,3899,-0.9,320.5,-2.6
5.0,111.379741,152.14,1.94,17.6,-8.01,3.93,12.25,1,4788,11.3,163.8,0.1
5.0,111.389740,153.11,2.07,16.38,-8.02,0.0,11.25,1,4669,1.0,34.1,0.1
5.0,111.399740,154.6,1.96,14.56,-8.09,-3.93,9.5,1,4541,1.2,-51.9,-0.6
5.0,111.409740,157.06,1.93,12.37,-8.17,-7.48,7.25,1,4422,-1.6,-133.7,0.6
5.0,111.419740,159.96,1.82,9.47,-8.24,-10.3,4.25,1,4286,-6.5,-208.0,1.5
5.0,111.429740,163.39,1.7,6.11,-8.31,-12.11,0.75,1,4168,-7.1,-261.6,2.8
5.0,111.439740,166.99,1.59,2.43,-8.38,-12.73,-3.0,1,4032,-9.5,-314.4,2.5
5.0,111.449740,170.6,1.47,-1.73,-8.46,-12.11,-6.25,1,3907,-9.9,-363.5,3.9
5.0,111.459742,172.62,1.37,-5.95,-8.53,-10.3,-8.25,1,4795,-9.4,-372.3,2.0
5.0,111.469740,173.41,1.42,-8.6,-8.6,-7.48,-9.25,1,4664,3.0,-256.2,1.5
5.0,111.479740,173.41,1.44,-8.92,-8.6,-3.93,-9.25,1,4537,-9.5,-148.3,2.9
5.0,111.489740,172.79,1.3,-8.17,-8.56,-0.0,-8.0,1,4418,-1.7,-32.5,0.6
5.0,111.499740,171.12,1.36,-6.93,-8.55,3.93,-6.25,1,4291,-1.6,8.4,0.4
5.0,111.509739,168.75,1.35,-5.12,-8.5,7.48,-3.75,1,4164,-0.1,139.4,0.7
5.0,111.519740,165.67,1.43,-1.65,-8.42,10.3,-0.75,1,4027,6.4,216.7,-0.5
5.0,111.529740,162.25,1.58,1.93,-8.36,12.11,2.75,1,3900,8.5,280.4,-1.9
5.0,111.539743,158.47,1.69,5.82,-8.29,12.73,6.25,1,4792,8.5,325.7,-2.2
5.0,111.549740,155.3,1.8,9.84,-8.19,12.11,8.75,1,4660,10.1,357.3,-2.5
5.0,111.559740,153.9,1.89,13.73,-8.1,10.3,10.25,1,4542,4.9,357.8,-3.3
5.0,111.569740,153.11,1.9,15.87,-8.06,7.48,11.25,1,4423,5.2,213.4,-1.6
5.0,111.579740,152.75,1.95,15.49,-8.06,3.93,11.5,1,4287,4.6,106.6,0.4
5.0,111.589740,153.37,2.01,15.05,-8.04,0.0,10.75,1,4159,6.6,64.0,0.9
5.0,111.599740,154.86,1.97,14.32,-8.08,-3.93,9.25,1,4032,-4.9,-31.2,-1.6
5.0,111.609740,157.15,1.84,12.24,-8.17,-7.48,7.25,1,3908,0.3,-112.2,0.7
5.0,111.619741,159.87,1.85,9.58,-8.23,-10.3,4.25,1,4795,-2.9,-185.6,1.3
5.0,111.629740,163.12,1.73,6.35,-8.3,-12.11,1.0,1,4666,-7.9,-249.4,2.5
5.0,111.639740,166.9,1.58,2.63,-8.37,-12.73,-2.75,1,4538,-10.0,-308.2,2.4
5.0,111.649740,170.16,1.46,-1.46,-8.45,-12.11,-6.0,1,4420,-9.3,-350.4,3.7
5.0,111.659740,172.18,1.4,-5.54,-8.52,-10.3,-8.0,1,4283,-8.0,-365.1,2.1
5.0,111.669739,173.14,1.45,-8.23,-8.59,-7.48,-8.75,1,4164,3.6,-254.9,1.9
5.0,111.679740,173.06,1.46,-8.55,-8.58,-3.93,-8.75,1,4027,-10.8,-141.8,2.6
5.0,111.689740,172.35,1.29,-7.78,-8.55,0.0,-7.5,1,3901,-2.0,-36.4,0.4
5.0,111.699743,170.51,1.37,-6.58,-8.54,3.93,-5.75,1,4800,-1.1,15.4,0.2
5.0,111.709740,168.05,1.35,-4.53,-8.49,7.48,-3.25,1,4661,-1.6,153.3,0.6
5.0,111.719740,164.97,1.44,-0.91,-8.41,10.3,-0.0,1,4542,9.1,223.8,-0.9
5.0,111.729740,161.54,1.62,2.58,-8.34,12.11,3.5,1,4423,7.7,279.1,-1.5
5.0,111.739740,157.94,1.7,6.39,-8.27,12.73,6.75,1,4288,8.3,325.6,-2.0
5.0,111.749740,154.6,1.83,10.5,-8.17,12.11,9.75,1,4160,10.9,364.6,-2.3
5.0,111.759740,153.11,1.92,14.4,-8.08,10.3,11.25,1,4032,4.4,351.7,-3.6
5.0,111.769740,152.67,1.91,16.47,-8.05,7.48,11.5,1,3905,4.7,220.3,-1.6
5.0,111.779741,153.28,1.97,16.12,-8.03,3.93,11.0,1,4795,4.8,96.8,0.8
5.0,111.789740,154.6,1.98,14.74,-8.06,-0.0,9.75,1,4666,2.4,-14.2,-0.1
5.0,111.799740,156.62,1.93,12.66,-8.14,-3.93,7.5,1,4538,-0.6,-97.2,-0.2
5.0,111.809740,159.26,1.85,10.09,-8.22,-7.48,4.75,1,4419,-3.6,-174.5,1.3
5.0,111.819740,162.33,1.73,6.95,-8.28,-10.3,1.75,1,4283,-8.6,-236.8,2.5
5.0,111.829740,166.03,1.6,3.38,-8.35,-12.11,-1.75,1,4165,-7.5,-294.4,2.5
5.0,111.839740,169.8,1.5,-0.49,-8.43,-12.73,-5.75,1,4028,-11.0,-330.0,2.9
5.0,111.849740,173.32,1.38,-4.62,-8.49,-12.11,-9.25,1,3902,-9.2,-376.6,3.3
5.0,111.859743,175.43,1.29,-8.94,-8.57,-10.3,-11.25,1,4800,-10.8,-385.6,2.6
5.0,111.869740,176.4,1.34,-11.62,-8.63,-7.48,-12.25,1,4662,4.9,-259.3,1.1
5.0,111.879740,176.57,1.39,-11.9,-8.63,-3.93,-12.25,1,4543,-10.9,-153.9,3.4
5.0,111.889740,175.96,1.18,-11.36,-8.58,-0.0,-11.0,1,4424,-4.4,-51.5,0.6
5.0,111.899740,174.11,1.24,-10.25,-8.59,3.93,-9.25,1,4288,-0.3,8.6,-0.1
5.0,111.909739,171.74,1.28,-8.22,-8.54,7.48,-6.75,1,4161,0.6,143.4,1.1
5.0,111.919740,168.84,1.36,-4.71,-8.46,10.3,-3.75,1,4033,8.6,216.3,-0.9
5.0,111.929740,165.32,1.52,-1.22,-8.4,12.11,-0.25,1,3907,7.5,276.6,-1.2
5.0,111.939741,161.28,1.59,2.72,-8.33,12.73,3.75,1,4795,7.9,333.9,-2.6
5.0,111.949740,157.24,1.71,6.97,-8.25,12.11,7.25,1,4666,10.9,367.1,-2.6
5.0,111.959740,154.86,1.87,11.28,-8.14,10.3,9.25,1,4539,11.0,398.8,-2.6
5.0,111.969740,153.72,1.87,14.81,-8.06,7.48,10.25,1,4420,-1.4,321.8,-2.8
5.0,111.979740,153.72,1.86,15.72,-8.05,3.93,10.5,1,4284,11.3,168.2,-0.4
5.0,111.989740,154.51,2.0,14.69,-8.05,0.0,9.75,1,4165,0.9,50.5,0.2
5.0,111.999740,156.18,1.89,13.02,-8.11,-3.93,8.0,1,4029,0.8,-49.3,-0.9
5.0,112.009740,158.47,1.88,10.79,-8.19,-7.48,5.75,1,3901,0.8,-123.5,0.6
5.0,112.019743,161.19,1.78,8.09,-8.25,-10.3,2.75,1,4801,-8.7,-195.8,1.8
5.0,112.029740,164.62,1.62,4.79,-8.31,-12.11,-0.5,1,4663,-6.4,-257.6,2.1
5.0,112.039740,168.22,1.55,1.09,-8.39,-12.73,-4.25,1,4544,-8.4,-308.8,3.2
5.0,112.049740,171.65,1.44,-2.95,-8.45,-12.11,-7.5,1,4425,-9.5,-353.0,3.1
5.0,112.059740,173.67,1.33,-7.1,-8.53,-10.3,-9.5,1,4288,-10.2,-370.1,2.4
5.0,112.069739,174.55,1.36,-9.76,-8.59,-7.48,-10.25,1,4161,2.7,-248.8,1.4
5.0,112.079740,174.64,1.43,-9.89,-8.6,-3.93,-10.25,1,4033,-6.0,-134.3,2.3
5.0,112.089740,173.94,1.29,-9.23,-8.56,-0.0,-9.0,1,3907,-5.1,-48.6,1.0
5.0,112.099743,172.18,1.29,-8.26,-8.55,3.93,-7.25,1,4797,-0.3,11.0,-0.2
5.0,112.109740,169.63,1.33,-6.19,-8.51,7.48,-4.75,1,4666,-0.4,147.5,1.2
5.0,112.119740,166.55,1.4,-2.67,-8.42,10.3,-1.75,1,4547,7.7,216.1,-0.9
5.0,112.129740,163.12,1.57,0.89,-8.37,12.11,1.75,1,4420,8.7,287.8,-2.0
5.0,112.139740,159.26,1.68,4.93,-8.29,12.73,5.75,1,4284,9.1,332.2,-2.3
5.0,112.149740,155.21,1.79,9.02,-8.2,12.11,9.25,1,4165,9.6,365.5,-3.1
5.0,112.159740,152.84,1.92,13.27,-8.1,10.3,11.25,1,4029,10.7,392.0,-2.4
5.0,112.169740,151.96,1.95,16.73,-8.0,7.48,12.25,1,3902,-1.0,319.6,-2.5
5.0,112.179743,151.96,1.94,17.66,-7.98,3.93,12.25,1,4792,10.8,165.1,-0.1
5.0,112.189740,152.84,2.07,16.49,-7.99,-0.0,11.25,1,4662,1.3,37.8,0.2
5.0,112.199740,154.42,1.97,14.73,-8.06,-3.93,9.75,1,4552,1.5,-48.7,-0.8
5.0,112.209740,156.71,1.95,12.57,-8.14,-7.48,7.25,1,4425,-0.9,-129.8,0.8
5.0,112.219740,159.61,1.85,9.69,-8.21,-10.3,4.5,1,4289,-5.9,-206.1,1.6
5.0,112.229740,163.04,1.71,6.32,-8.28,-12.11,1.25,1,4161,-8.5,-260.7,2.8
5.0,112.239740,166.73,1.58,2.65,-8.35,-12.73,-2.75,1,4034,-9.2,-312.9,2.4
5.0,112.249740,170.16,1.47,-1.43,-8.43,-12.11,-6.0,1,3916,-10.7,-355.9,3.5
5.0,112.259740,172.09,1.38,-5.59,-8.5,-10.3,-8.0,1,4795,-7.7,-373.5,2.2
5.0,112.269740,173.14,1.45,-8.34,-8.57,-7.48,-8.75,1,4667,3.6,-257.6,1.9
5.0,112.279740,173.23,1.46,-8.64,-8.56,-3.93,-8.75,1,4548,-10.7,-145.1,2.7
5.0,112.289740,172.53,1.29,-7.91,-8.53,0.0,-7.5,1,4421,-2.1,-39.5,0.2
5.0,112.299740,170.6,1.37,-6.74,-8.53,3.93,-5.75,1,4284,-1.1,11.3,0.1
5.0,112.309739,168.13,1.36,-4.72,-8.48,7.48,-3.25,1,4166,-1.7,151.0,0.5
5.0,112.319740,165.06,1.43,-1.13,-8.4,10.3,-0.25,1,4029,8.4,219.4,-0.7
5.0,112.329740,161.72,1.61,2.35,-8.33,12.11,3.25,1,3914,7.8,280.3,-1.6
5.0,112.339743,157.94,1.7,6.22,-8.25,12.73,6.75,1,4794,8.3,326.0,-2.0
5.0,112.349740,154.78,1.83,10.31,-8.15,12.11,9.5,1,4662,11.2,363.4,-2.3
5.0,112.359740,153.19,1.92,14.24,-8.06,10.3,11.0,1,4544,4.3,356.3,-3.7
5.0,112.369740,152.84,1.9,16.38,-8.03,7.48,11.25,1,4425,4.5,221.5,-1.7
5.0,112.379740,153.28,1.96,15.99,-8.02,3.93,10.75,1,4289,4.9,95.5,0.7
5.0,112.389740,154.6,1.98,14.62,-8.04,0.0,9.5,1,4161,2.6,-10.8,0.1
5.0,112.399740,156.62,1.94,12.62,-8.12,-3.93,7.5,1,4034,-0.4,-93.6,-0.2
5.0,112.409740,159.26,1.85,10.09,-8.2,-7.48,4.75,1,3916,-3.8,-170.3,1.1
5.0,112.419739,162.16,1.73,6.98,-8.26,-10.3,1.75,1,4795,-8.3,-234.0,2.5
5.0,112.429740,165.94,1.6,3.43,-8.33,-12.11,-1.75,1,4668,-7.3,-291.9,2.5
5.0,112.439740,169.72,1.5,-0.42,-8.41,-12.73,-5.75,1,4549,-10.8,-327.2,2.9
5.0,112.449740,173.23,1.38,-4.53,-8.47,-12.11,-9.0,1,4422,-9.6,-375.0,3.3
5.0,112.459740,175.34,1.29,-8.85,-8.55,-10.3,-11.25,1,4285,-10.5,-385.0,2.6
5.0,112.469739,176.31,1.35,-11.5,-8.61,-7.48,-12.0,1,4166,5.2,-255.2,1.1
5.0,112.479740,176.48,1.39,-11.78,-8.61,-3.93,-12.0,1,4030,-11.3,-156.9,3.5
5.0,112.489740,175.87,1.18,-11.32,-8.56,-0.0,-10.75,1,3932,-4.0,-53.0,0.7
5.0,112.499743,173.94,1.25,-10.18,-8.57,3.93,-9.25,1,4794,-0.6,10.8,-0.2
5.0,112.509740,171.47,1.28,-8.09,-8.52,7.48,-6.75,1,4663,0.7,145.0,0.9
5.0,112.519740,168.49,1.37,-4.58,-8.44,10.3,-3.75,1,4544,8.4,217.0,-0.9
5.0,112.529740,165.06,1.52,-1.09,-8.38,12.11,-0.0,1,4425,7.5,277.0,-1.3
5.0,112.539740,161.19,1.59,2.84,-8.31,12.73,3.75,1,4290,7.8,333.3,-2.5
5.0,112.549740,157.15,1.71,7.07,-8.23,12.11,7.25,1,4162,11.1,366.9,-2.5
5.0,112.559740,154.78,1.87,11.36,-8.12,10.3,9.5,1,4025,10.9,396.3,-2.5
5.0,112.569740,153.81,1.88,14.9,-8.04,7.48,10.5,1,3936,-1.1,324.8,-3.1
5.0,112.579742,153.81,1.87,15.8,-8.03,3.93,10.5,1,4798,11.0,161.8,-0.4
5.0,112.589740,154.69,2.0,14.64,-8.03,0.0,9.5,1,4668,0.6,46.8,0.5
5.0,112.599740,156.27,1.89,12.96,-8.09,-3.93,7.75,1,4549,0.8,-52.7,-0.9
5.0,112.609740,158.47,1.88,10.7,-8.18,-7.48,5.75,1,4413,0.8,-126.8,0.7
5.0,112.619740,161.37,1.78,7.98,-8.23,-10.3,2.75,1,4286,-8.6,-198.2,1.9
5.0,112.629740,164.71,1.61,4.67,-8.3,-12.11,-0.75,1,4167,-7.1,-259.9,2.0
5.0,112.639740,168.4,1.55,0.94,-8.37,-12.73,-4.25,1,4031,-7.5,-311.0,3.4
5.0,112.649740,171.83,1.44,-3.11,-8.44,-12.11,-7.5,1,3933,-10.6,-353.8,2.9
5.0,112.659743,173.67,1.32,-7.22,-8.52,-10.3,-9.5,1,4794,-9.3,-368.8,2.6
5.0,112.669740,174.46,1.37,-9.83,-8.57,-7.48,-10.5,1,4664,3.0,-246.3,1.0
5.0,112.679740,174.73,1.42,-9.99,-8.58,-3.93,-10.25,1,4545,-7.4,-138.6,2.6
5.0,112.689740,174.02,1.27,-9.4,-8.54,0.0,-9.25,1,4417,-4.5,-47.6,1.0
5.0,112.699740,172.18,1.29,-8.34,-8.53,3.93,-7.25,1,4290,-0.5,15.1,-0.2
5.0,112.709739,169.63,1.33,-6.21,-8.49,7.48,-4.75,1,4163,0.1,150.0,1.1
5.0,112.719740,166.55,1.4,-2.68,-8.4,10.3,-1.75,1,4026,7.1,217.9,-0.8
5.0,112.729740,163.21,1.56,0.87,-8.35,12.11,1.75,1,3925,9.0,287.7,-2.0
5.0,112.739741,159.26,1.67,4.86,-8.27,12.73,5.75,1,4797,9.2,329.3,-2.2
5.0,112.749740,155.3,1.78,8.97,-8.18,12.11,9.25,1,4668,9.5,369.2,-3.1
5.0,112.759740,152.84,1.91,13.23,-8.08,10.3,11.25,1,4550,10.7,386.3,-2.6
5.0,112.769740,151.96,1.94,16.62,-7.98,7.48,12.25,1,4413,-1.1,322.7,-2.6
5.0,112.779740,152.05,1.94,17.63,-7.96,3.93,12.25,1,4286,11.3,164.7,0.1
5.0,112.789740,152.84,2.07,16.42,-7.97,-0.0,11.25,1,4167,1.0,37.4,0.1
5.0,112.799740,154.51,1.96,14.66,-8.04,-3.93,9.75,1,4031,1.6,-48.9,-0.8
5.0,112.809740,156.8,1.94,12.49,-8.12,-7.48,7.25,1,3933,-1.0,-130.5,0.7
5.0,112.819743,159.7,1.84,9.6,-8.19,-10.3,4.25,1,4794,-6.1,-207.4,1.6
5.0,112.829740,163.12,1.7,6.22,-8.26,-12.11,1.0,1,4665,-8.1,-261.1,2.8
5.0,112.839740,166.73,1.58,2.55,-8.33,-12.73,-2.75,1,4546,-9.3,-313.4,2.5
5.0,112.849740,170.24,1.47,-1.55,-8.41,-12.11,-6.25,1,4419,-10.5,-358.2,3.7
5.0,112.859740,172.35,1.38,-5.73,-8.48,-10.3,-8.25,1,4290,-8.2,-373.6,2.2
5.0,112.869739,173.23,1.44,-8.47,-8.55,-7.48,-9.0,1,4163,3.5,-258.1,1.8
5.0,112.879740,173.32,1.45,-8.75,-8.55,-3.93,-8.75,1,4027,-10.4,-143.5,2.7
5.0,112.889740,172.53,1.29,-7.97,-8.51,-0.0,-7.75,1,3934,-2.0,-37.3,0.3
5.0,112.899740,170.68,1.36,-6.79,-8.51,3.93,-5.75,1,4797,-1.1,12.4,0.1
5.0,112.909740,168.22,1.35,-4.77,-8.46,7.48,-3.25,1,4669,-1.6,152.5,0.4
5.0,112.919740,165.15,1.43,-1.16,-8.38,10.3,-0.25,1,4550,8.5,220.8,-0.6
5.0,112.929740,161.72,1.61,2.34,-8.31,12.11,3.25,1,4414,7.6,282.2,-1.6
5.0,112.939740,157.94,1.69,6.23,-8.23,12.73,6.75,1,4287,8.6,327.2,-2.0
5.0,112.949740,154.78,1.83,10.33,-8.13,12.11,9.5,1,4167,11.3,365.6,-2.3
5.0,112.959740,153.19,1.92,14.29,-8.04,10.3,11.25,1,4031,4.3,358.0,-3.7
5.0,112.969740,152.67,1.9,16.45,-8.01,7.48,11.5,1,3930,4.7,223.5,-1.7
5.0,112.979743,153.28,1.96,16.06,-7.99,3.93,11.0,1,4795,5.0,96.2,0.8
5.0,112.989740,154.6,1.98,14.67,-8.02,0.0,9.75,1,4665,2.3,-11.8,-0.0
5.0,112.999740,156.71,1.93,12.65,-8.1,-3.93,7.5,1,4546,-0.3,-94.8,-0.2
5.0,113.009740,159.26,1.85,10.09,-8.18,-7.48,4.75,1,4409,-3.8,-172.8,1.3
5.0,113.019740,162.33,1.72,6.95,-8.24,-10.3,1.75,1,4291,-8.6,-235.5,2.5
5.0,113.029740,166.03,1.6,3.4,-8.31,-12.11,-1.75,1,4163,-7.2,-293.2,2.5
5.0,113.039740,169.72,1.5,-0.46,-8.39,-12.73,-5.75,1,4027,-10.8,-328.1,2.9
5.0,113.049740,173.23,1.37,-4.57,-8.45,-12.11,-9.25,1,3935,-9.5,-376.0,3.3
5.0,113.059740,175.43,1.29,-8.91,-8.53,-10.3,-11.25,1,4797,-10.5,-386.0,2.6
5.0,113.069740,176.31,1.34,-11.57,-8.59,-7.48,-12.25,1,4669,5.1,-256.3,1.0
5.0,113.079740,176.57,1.39,-11.86,-8.59,-3.93,-12.0,1,4550,-11.2,-158.4,3.5
5.0,113.089740,175.87,1.17,-11.43,-8.54,-0.0,-11.0,1,4414,-4.3,-55.1,0.7
5.0,113.099740,174.02,1.24,-10.27,-8.55,3.93,-9.25,1,4286,-0.5,12.1,-0.2
5.0,113.109739,171.65,1.28,-8.17,-8.5,7.48,-6.75,1,4168,0.8,143.4,0.9
5.0,113.119740,168.66,1.37,-4.7,-8.43,10.3,-3.75,1,4031,8.3,216.0,-0.9
5.0,113.129740,165.23,1.51,-1.21,-8.37,12.11,-0.25,1,3933,7.5,276.3,-1.2
5.0,113.139742,161.19,1.59,2.72,-8.29,12.73,3.75,1,4795,7.8,333.4,-2.6
5.0,113.149740,157.15,1.71,6.96,-8.21,12.11,7.25,1,4665,11.0,366.8,-2.6
5.0,113.159740,154.69,1.87,11.28,-8.1,10.3,9.5,1,4546,11.0,399.0,-2.6
5.0,113.169740,153.72,1.87,14.84,-8.02,7.48,10.5,1,4410,-1.4,324.1,-2.9
5.0,113.179740,153.72,1.87,15.77,-8.01,3.93,10.5,1,4291,11.4,168.5,-0.5
5.0,113.189740,154.6,2.0,14.71,-8.01,-0.0,9.75,1,4164,0.8,49.5,0.4
5.0,113.199740,156.18,1.89,13.02,-8.07,-3.93,8.0,1,4027,0.7,-50.2,-0.9
5.0,113.209740,158.38,1.88,10.77,-8.16,-7.48,5.75,1,3935,0.6,-125.4,0.7
5.0,113.219740,161.28,1.78,8.06,-8.21,-10.3,2.75,1,4797,-8.2,-196.3,1.8
5.0,113.229740,164.62,1.62,4.76,-8.28,-12.11,-0.5,1,4670,-7.2,-258.6,2.1
5.0,113.239740,168.31,1.55,1.04,-8.35,-12.73,-4.25,1,4551,-7.6,-309.8,3.2
5.0,113.249740,171.74,1.44,-3.0,-8.42,-12.11,-7.5,1,4416,-10.2,-353.5,3.0
5.0,113.259740,173.67,1.32,-7.16,-8.5,-10.3,-9.5,1,4287,-10.1,-371.6,2.4
5.0,113.269739,174.46,1.36,-9.81,-8.56,-7.48,-10.25,1,4160,3.0,-247.7,1.0
6.0,115.289740,173.32,1.39,-8.49,-8.48,-3.91,-9.0,1,4924,4.3,-219.2,0.7
6.0,115.299740,173.23,1.46,-8.56,-8.48,0.0,-8.5,1,4793,-7.1,-129.5,3.0
6.0,115.309740,172.09,1.32,-7.86,-8.43,3.91,-7.25,1,4675,-2.1,-19.7,0.6
6.0,115.319740,170.07,1.36,-6.24,-8.42,7.26,-5.25,1,4547,-1.5,52.7,0.1
6.0,115.329740,167.26,1.37,-3.87,-8.36,9.6,-2.25,1,4411,1.3,163.8,0.6
6.0,115.339740,164.18,1.48,-0.32,-8.29,10.59,0.75,1,4292,8.9,244.2,-1.6
6.0,115.349740,160.84,1.65,3.45,-8.22,10.09,4.0,1,4157,9.0,296.7,-1.7
6.0,115.359741,157.5,1.75,7.26,-8.13,8.18,6.5,1,4057,8.4,328.8,-2.0
6.0,115.369740,156.45,1.79,10.82,-8.06,5.11,7.75,1,4926,3.7,324.0,-2.8
6.0,115.379740,156.27,1.79,12.95,-8.02,1.33,8.0,1,4798,4.2,218.2,-2.0
6.0,115.389740,156.97,1.84,12.58,-8.03,-2.64,7.25,1,4679,4.3,68.6,0.2
6.0,115.399740,158.47,1.84,10.75,-8.07,-6.24,5.75,1,4543,1.1,-32.9,-0.1
6.0,115.409740,160.75,1.79,8.57,-8.13,-8.96,3.25,1,4416,-1.4,-116.9,1.0
6.0,115.419740,163.56,1.71,5.87,-8.19,-10.42,0.5,1,4289,-4.8,-185.7,1.0
6.0,115.429740,166.73,1.58,2.65,-8.26,-10.42,-2.75,1,4153,-8.8,-254.1,2.7
6.0,115.439743,169.72,1.48,-1.07,-8.32,-8.96,-5.5,1,4063,-5.7,-303.6,2.9
6.0,115.449740,171.39,1.45,-4.78,-8.4,-6.24,-7.25,1,4923,-6.7,-321.5,1.7
6.0,115.459740,171.83,1.49,-7.11,-8.46,-2.64,-7.5,1,4794,3.9,-215.1,1.0
6.0,115.469740,171.83,1.49,-7.08,-8.46,1.33,-7.0,1,4675,-10.4,-102.8,2.0
6.0,115.479740,170.6,1.31,-6.12,-8.4,5.11,-5.75,1,4539,-3.3,-16.2,1.4
6.0,115.489740,168.4,1.37,-4.71,-8.38,8.18,-3.5,1,4412,-0.5,53.7,0.0
6.0,115.499740,165.76,1.44,-2.22,-8.33,10.09,-0.75,1,4284,4.4,179.4,0.1
6.0,115.509740,162.6,1.57,1.47,-8.25,10.59,2.5,1,4157,8.2,243.7,-1.2
6.0,115.519743,158.99,1.69,5.11,-8.18,9.6,5.25,1,4059,7.7,299.6,-1.9
6.0,115.529740,157.06,1.78,9.03,-8.09,7.26,7.25,1,4917,7.9,336.3,-2.3
6.0,115.539740,156.18,1.76,12.08,-8.02,3.91,8.0,1,4799,-3.1,269.3,-1.8
6.0,115.549740,155.83,1.77,12.68,-8.02,0.0,8.25,1,4680,11.6,127.1,-1.4
6.0,115.559740,156.27,1.96,12.05,-8.02,-3.91,7.75,1,4544,4.8,79.1,0.9
6.0,115.569740,157.59,1.83,11.4,-8.04,-7.26,6.5,1,4416,-6.3,-16.8,-1.4
6.0,115.579740,159.52,1.73,9.54,-8.12,-9.6,4.5,1,4289,2.6,-90.2,0.4
6.0,115.589740,162.25,1.8,7.17,-8.16,-10.59,1.75,1,4153,-1.1,-163.6,2.0
6.0,115.599743,165.41,1.67,4.04,-8.22,-10.09,-1.25,1,4063,-9.0,-239.9,1.7
6.0,115.609740,168.05,1.49,0.41,-8.3,-8.18,-4.0,1,4925,-9.9,-287.6,2.7
6.0,115.619740,169.72,1.4,-3.18,-8.37,-5.11,-5.5,1,4795,-7.7,-311.2,1.5
6.0,115.629740,170.24,1.5,-5.49,-8.43,-1.33,-6.0,1,4676,7.3,-207.6,1.4
6.0,115.639740,170.24,1.58,-5.47,-8.42,2.64,-5.5,1,4539,-7.5,-100.8,2.1
6.0,115.649740,169.1,1.39,-4.49,-8.37,6.24,-4.25,1,4412,-3.1,-8.9,1.0
6.0,115.659740,166.99,1.43,-3.14,-8.36,8.96,-2.25,1,4285,-0.7,42.6,-0.4
6.0,115.669740,164.36,1.47,-0.9,-8.31,10.42,0.75,1,4157,2.1,173.3,0.3
6.0,115.679743,161.28,1.6,2.78,-8.22,10.42,3.75,1,4060,9.4,236.8,-0.7
6.0,115.689740,157.85,1.74,6.32,-8.14,8.96,6.5,1,4918,6.7,290.8,-2.0
6.0,115.699740,156.01,1.8,10.06,-8.06,6.24,8.25,1,4799,7.3,320.1,-2.0
6.0,115.709740,155.57,1.79,13.08,-7.99,2.64,8.75,1,4680,-3.1,273.5,-2.4
6.0,115.719740,156.01,1.78,13.69,-7.99,-1.33,8.25,1,4544,8.9,107.5,0.2
6.0,115.729740,157.24,1.93,12.05,-8.01,-5.11,7.0,1,4417,3.2,2.0,-0.2
6.0,115.739740,159.26,1.83,10.12,-8.08,-8.18,5.0,1,4289,-2.0,-87.3,-0.2
6.0,115.749740,161.63,1.76,7.63,-8.15,-10.09,2.25,1,4153,-1.7,-160.4,1.6
6.0,115.759743,164.71,1.68,4.56,-8.21,-10.59,-0.75,1,4064,-7.4,-233.6,2.0
6.0,115.769740,167.7,1.53,1.06,-8.28,-9.6,-3.5,1,4923,-8.7,-277.0,2.2
6.0,115.779740,169.1,1.44,-2.59,-8.35,-7.26,-5.25,1,4795,-7.9,-321.4,2.1
6.0,115.789740,169.8,1.51,-5.05,-8.41,-3.91,-5.5,1,4676,5.7,-202.1,0.9
6.0,115.799740,169.89,1.55,-4.92,-8.41,0.0,-5.25,1,4540,-9.2,-106.5,2.2
6.0,115.809740,168.75,1.39,-4.32,-8.36,3.91,-3.75,1,4413,-1.5,-35.0,1.3
6.0,115.819740,166.73,1.44,-3.04,-8.34,7.26,-1.75,1,4285,-2.3,56.3,0.1
6.0,115.829740,164.27,1.47,-0.53,-8.29,9.6,0.75,1,4149,3.4,159.4,0.6
6.0,115.839743,161.1,1.61,2.87,-8.21,10.59,3.75,1,4060,8.3,237.1,-1.5
6.0,115.849740,157.85,1.74,6.46,-8.14,10.09,6.75,1,4918,8.0,281.9,-1.7
6.0,115.859740,156.01,1.82,10.07,-8.05,8.18,8.25,1,4799,7.1,316.5,-2.1
6.0,115.869740,155.21,1.79,13.12,-7.99,5.11,9.25,1,4681,-4.0,270.6,-2.5
6.0,115.879740,154.78,1.78,13.87,-7.98,1.33,9.5,1,4544,10.0,120.3,-0.0
6.0,115.889740,155.39,2.01,13.14,-7.96,-2.64,8.75,1,4417,8.4,78.3,0.7
6.0,115.899740,156.71,1.91,12.46,-8.0,-6.24,7.25,1,4290,-6.8,-26.2,-2.1
6.0,115.909740,158.99,1.75,10.35,-8.1,-8.96,5.25,1,4153,0.5,-107.1,0.7
6.0,115.919743,161.63,1.79,7.74,-8.13,-10.42,2.5,1,4056,-2.5,-180.0,2.3
6.0,115.929740,164.79,1.67,4.5,-8.2,-10.42,-0.75,1,4923,-8.9,-250.7,1.7
6.0,115.939740,167.87,1.52,0.87,-8.28,-8.96,-3.75,1,4795,-7.9,-293.3,2.7
6.0,115.949740,169.54,1.46,-2.87,-8.35,-6.24,-5.25,1,4676,-7.8,-330.7,2.2
6.0,115.959740,170.07,1.51,-5.32,-8.41,-2.64,-5.75,1,4540,4.7,-207.7,1.1
6.0,115.969740,170.24,1.53,-5.24,-8.4,1.33,-5.5,1,4413,-9.8,-115.3,2.2
6.0,115.979740,169.19,1.37,-4.55,-8.36,5.11,-4.25,1,4286,-1.2,-23.7,1.3
6.0,115.989740,167.34,1.45,-3.35,-8.34,8.18,-2.25,1,4149,-0.8,28.7,-0.4
6.0,115.999743,164.71,1.47,-1.17,-8.3,10.09,0.25,1,4060,1.7,165.2,0.4
6.0,116.009740,161.63,1.58,2.43,-8.21,10.59,3.25,1,4918,8.2,224.4,-0.7
6.0,116.019740,158.29,1.72,5.86,-8.14,9.6,6.25,1,4791,6.7,283.5,-2.0
6.0,116.029740,156.36,1.79,9.6,-8.06,7.26,7.75,1,4681,8.0,315.5,-2.2
6.0,116.039740,155.92,1.79,12.66,-7.99,3.91,8.25,1,4545,-3.2,273.6,-2.2
6.0,116.049740,156.36,1.78,13.3,-7.99,0.0,7.75,1,4417,10.3,105.8,-0.2
6.0,116.059740,157.59,1.92,11.61,-8.02,-3.91,6.5,1,4290,1.0,-0.5,-0.1
6.0,116.069740,159.61,1.8,9.68,-8.08,-7.26,4.5,1,4154,-2.1,-86.9,0.3
6.0,116.079743,162.07,1.74,7.26,-8.14,-9.6,2.0,1,4055,-1.7,-155.9,1.2
6.0,116.089740,165.15,1.67,4.26,-8.2,-10.59,-1.0,1,4924,-7.1,-230.8,1.9
6.0,116.099740,168.31,1.51,0.71,-8.27,-10.09,-4.25,1,4795,-9.5,-280.0,2.4
6.0,116.109740,170.68,1.4,-2.97,-8.34,-8.18,-6.5,1,4677,-8.7,-319.4,2.4
6.0,116.119740,171.91,1.41,-6.19,-8.4,-5.11,-7.75,1,4541,-0.8,-282.2,2.1
6.0,116.129740,172.09,1.48,-7.51,-8.43,-1.33,-7.75,1,4413,-1.3,-169.4,1.9
6.0,116.139740,171.56,1.41,-6.99,-8.41,2.64,-6.75,1,4286,-6.6,-61.0,1.2
6.0,116.149739,170.07,1.34,-5.9,-8.38,6.24,-5.0,1,4158,-0.9,0.6,0.3
6.0,116.159743,167.61,1.4,-4.14,-8.34,8.96,-2.75,1,4060,0.2,114.8,1.4
6.0,116.169740,164.79,1.46,-0.95,-8.26,10.42,0.25,1,4922,5.4,204.6,-1.1
6.0,116.179740,161.37,1.6,2.63,-8.21,10.42,3.75,1,4791,8.5,268.3,-1.9
6.0,116.189740,157.85,1.72,6.39,-8.13,8.96,6.75,1,4681,8.9,312.7,-2.1
6.0,116.199740,155.83,1.83,10.24,-8.04,6.24,8.25,1,4536,9.1,340.7,-2.3
6.0,116.209740,155.21,1.81,13.41,-7.97,2.64,9.0,1,4418,-3.6,289.0,-2.5
6.0,116.219740,155.57,1.79,14.13,-7.96,-1.33,8.75,1,4290,10.0,124.3,0.3
6.0,116.229740,156.8,1.95,12.58,-7.97,-5.11,7.25,1,4154,2.6,9.5,-0.2
6.0,116.239743,158.64,1.84,10.6,-8.05,-8.18,5.5,1,4056,-1.7,-83.8,-0.4
6.0,116.249740,161.28,1.76,8.08,-8.12,-10.09,2.75,1,4923,-3.1,-158.5,1.8
6.0,116.259740,164.18,1.67,5.1,-8.17,-10.59,-0.25,1,4797,-6.7,-223.2,1.4
6.0,116.269740,167.17,1.56,1.67,-8.25,-9.6,-3.0,1,4677,-7.2,-278.7,2.6
6.0,116.279740,168.66,1.48,-2.04,-8.31,-7.26,-4.5,1,4541,-6.9,-315.2,2.3
6.0,116.289740,169.1,1.54,-4.41,-8.38,-3.91,-5.0,1,4414,5.1,-200.7,0.1
6.0,116.299739,169.19,1.58,-4.29,-8.39,0.0,-4.5,1,4286,-8.0,-103.2,2.4
6.0,116.309739,167.96,1.42,-3.48,-8.33,3.91,-3.25,1,4150,-3.2,-15.7,0.9
6.0,116.319740,165.94,1.46,-2.1,-8.32,7.26,-1.0,1,4060,-0.9,49.8,-0.2
6.0,116.329740,163.48,1.51,0.25,-8.27,9.6,1.75,1,4919,3.4,170.2,-0.1
6.0,116.339740,160.22,1.63,3.8,-8.18,10.59,4.75,1,4792,7.7,234.3,-0.5
6.0,116.349740,156.8,1.75,7.32,-8.1,10.09,7.75,1,4683,6.8,288.8,-1.8
6.0,116.359740,154.86,1.83,11.14,-8.01,8.18,9.25,1,4537,7.0,327.5,-1.8
6.0,116.369740,154.42,1.84,14.25,-7.93,5.11,9.75,1,4418,-1.0,271.8,-2.2
6.0,116.379740,154.86,1.85,14.82,-7.93,1.33,9.25,1,4291,9.1,113.1,-0.4
6.0,116.389740,156.18,1.97,13.23,-7.97,-2.64,8.0,1,4155,2.3,-0.5,-0.3
6.0,116.399743,158.2,1.88,11.17,-8.04,-6.24,6.0,1,5045,-0.6,-92.4,-0.2
6.0,116.409740,160.75,1.78,8.61,-8.11,-8.96,3.5,1,4924,-5.5,-163.6,1.6
6.0,116.419740,163.83,1.66,5.59,-8.16,-10.42,0.25,1,4797,-7.2,-231.0,2.1
6.0,116.429740,167.26,1.55,2.08,-8.23,-10.42,-3.25,1,4678,-8.5,-283.2,2.7
6.0,116.439740,170.51,1.48,-1.79,-8.29,-8.96,-6.25,1,4542,-6.2,-335.6,3.4
6.0,116.449740,172.27,1.41,-5.76,-8.38,-6.24,-8.25,1,4414,-9.2,-344.6,1.7
6.0,116.459740,173.06,1.43,-8.22,-8.44,-2.64,-8.75,1,4286,4.2,-236.9,1.5
6.0,116.469740,173.06,1.46,-8.41,-8.43,1.33,-8.25,1,4151,-9.9,-126.7,2.7
6.0,116.479743,171.74,1.3,-7.65,-8.39,5.11,-6.75,1,5050,-2.1,-34.6,0.4
6.0,116.489740,169.72,1.35,-6.12,-8.37,8.18,-4.75,1,4923,-2.0,60.9,0.9
6.0,116.499740,166.99,1.38,-3.46,-8.31,10.09,-2.0,1,4792,2.8,171.5,0.0
6.0,116.509740,163.83,1.51,0.1,-8.24,10.59,1.25,1,4682,8.5,244.9,-1.7
6.0,116.519740,160.49,1.66,3.82,-8.17,9.6,4.0,1,4538,8.8,299.3,-1.9
6.0,116.529740,158.47,1.75,7.59,-8.08,7.26,5.75,1,4419,7.9,322.3,-1.8
6.0,116.539740,157.85,1.71,10.71,-8.02,3.91,6.25,1,4282,-4.2,289.7,-2.3
6.0,116.549740,158.2,1.68,11.51,-8.01,0.0,6.0,1,4155,9.3,111.7,0.3
6.0,116.559742,159.35,1.85,9.8,-8.03,-3.91,4.75,1,5045,3.0,7.6,-0.3
6.0,116.569740,161.19,1.78,8.02,-8.1,-7.26,3.0,1,4924,0.6,-74.0,-0.6
6.0,116.579740,163.65,1.7,5.63,-8.16,-9.6,0.5,1,4797,-4.6,-157.3,1.5
6.0,116.589740,166.73,1.57,2.7,-8.21,-10.59,-2.5,1,4679,-7.5,-210.4,1.6
6.0,116.599740,169.54,1.49,-0.64,-8.27,-10.09,-5.25,1,4542,-5.2,-280.8,3.0
6.0,116.609740,171.04,1.45,-4.36,-8.34,-8.18,-6.75,1,4415,-6.6,-301.4,1.7
6.0,116.619741,171.47,1.48,-6.61,-8.41,-5.11,-7.25,1,4279,3.5,-204.4,0.7
6.0,116.629740,171.47,1.5,-6.65,-8.4,-1.33,-6.75,1,4151,-7.9,-101.3,2.4
6.0,116.639743,170.24,1.34,-5.77,-8.35,2.64,-5.25,1,5051,-4.3,-15.4,1.0
6.0,116.649740,168.05,1.37,-4.36,-8.33,6.24,-3.25,1,4922,-0.4,55.2,0.3
6.0,116.659740,165.5,1.45,-1.89,-8.28,8.96,-0.5,1,4793,4.7,176.8,-0.2
6.0,116.669740,162.25,1.57,1.71,-8.21,10.42,2.75,1,4683,7.5,238.2,-1.4
6.0,116.679739,158.82,1.7,5.25,-8.13,10.42,5.75,1,4546,8.9,293.5,-1.6
6.0,116.689740,156.88,1.79,9.15,-8.04,8.96,7.25,1,4410,6.6,334.3,-2.6
6.0,116.699740,156.18,1.76,12.29,-7.98,6.24,8.0,1,4283,-2.3,273.9,-1.5
6.0,116.709740,156.71,1.78,12.94,-7.96,2.64,7.75,1,4156,10.7,125.0,-0.6
6.0,116.719743,157.76,1.91,11.57,-8.0,-1.33,6.5,1,5046,1.2,11.9,-0.6
6.0,116.729740,159.61,1.79,9.68,-8.06,-5.11,4.5,1,4925,-1.2,-76.0,0.3
6.0,116.739740,162.16,1.74,7.31,-8.12,-8.18,2.0,1,4797,-1.8,-149.3,1.0
6.0,116.749740,165.06,1.66,4.36,-8.18,-10.09,-1.0,1,4680,-6.8,-221.2,1.9
6.0,116.759740,168.4,1.52,0.92,-8.24,-10.59,-4.25,1,4543,-9.5,-272.1,2.4
6.0,116.769740,171.56,1.4,-2.83,-8.31,-9.6,-7.5,1,4416,-9.0,-324.1,2.8
6.0,116.779740,173.41,1.34,-6.77,-8.38,-7.26,-9.25,1,4279,-7.5,-343.1,2.5
6.0,116.789740,173.85,1.38,-9.3,-8.44,-3.91,-9.75,1,4152,2.5,-233.5,0.7
6.0,116.799743,174.02,1.44,-9.34,-8.44,-0.0,-9.5,1,5051,-4.3,-113.2,2.7
6.0,116.809740,173.23,1.32,-8.37,-8.38,3.91,-8.25,1,4923,-4.7,-23.9,0.9
6.0,116.819740,171.39,1.31,-7.42,-8.38,7.26,-6.5,1,4793,-0.8,5.5,-0.1
6.0,116.829740,168.84,1.35,-5.6,-8.34,9.6,-3.75,1,4683,1.0,153.3,1.0
6.0,116.839740,165.76,1.44,-1.83,-8.25,10.59,-0.75,1,4547,7.7,228.9,-1.1
6.0,116.849740,162.33,1.59,1.78,-8.2,10.09,2.75,1,4411,7.9,286.1,-1.9
6.0,116.859740,158.47,1.68,5.63,-8.12,8.18,5.75,1,4283,7.7,327.9,-2.4
6.0,116.869740,156.53,1.79,9.61,-8.04,5.11,7.75,1,4156,10.3,356.1,-2.9
6.0,116.879742,156.01,1.81,12.73,-7.96,1.33,8.25,1,5046,-2.3,284.2,-1.5
6.0,116.889740,156.27,1.79,13.37,-7.95,-2.64,8.0,1,4925,11.2,135.7,-0.9
6.0,116.899740,157.32,1.92,12.03,-7.98,-6.24,6.75,1,4798,-0.2,14.2,-0.2
6.0,116.909740,159.35,1.79,10.04,-8.04,-8.96,4.75,1,4679,-0.4,-77.3,0.0
6.0,116.919740,161.81,1.77,7.6,-8.1,-10.42,2.25,1,4544,-1.2,-152.5,1.4
6.0,116.929740,164.71,1.68,4.56,-8.17,-10.42,-0.75,1,4416,-7.2,-228.6,2.1
6.0,116.939740,167.61,1.53,1.08,-8.23,-8.96,-3.5,1,4279,-9.3,-272.3,2.1
6.0,116.949740,169.1,1.44,-2.48,-8.31,-6.24,-4.75,1,4152,-7.2,-312.2,1.9
6.0,116.959743,169.54,1.52,-4.83,-8.37,-2.64,-5.25,1,5051,6.3,-195.9,0.8
6.0,116.969740,169.63,1.57,-4.6,-8.36,1.33,-4.75,1,4923,-8.9,-93.1,2.1
6.0,116.979740,168.05,1.39,-3.78,-8.31,5.11,-3.25,1,4794,-2.6,-19.9,1.2
6.0,116.989740,166.03,1.44,-2.38,-8.29,8.18,-1.25,1,4675,-0.7,66.7,0.5
6.0,116.999741,163.3,1.51,0.3,-8.23,10.09,1.75,1,4549,5.2,181.1,-0.8
6.0,117.009740,160.22,1.65,3.86,-8.16,10.59,4.75,1,4411,7.1,241.7,-0.9
6.0,117.019740,156.62,1.75,7.42,-8.08,9.6,7.75,1,4284,7.3,295.3,-2.0
6.0,117.029740,154.78,1.84,11.27,-7.99,7.26,9.25,1,4156,7.3,331.9,-1.8
6.0,117.039742,154.25,1.84,14.37,-7.91,3.91,9.75,1,5046,-1.1,273.7,-2.1
6.0,117.049740,154.78,1.85,14.93,-7.91,-0.0,9.5,1,4926,9.3,113.7,-0.6
6.0,117.059740,155.92,1.97,13.35,-7.94,-3.91,8.25,1,4798,1.9,2.6,-0.4
6.0,117.069740,157.94,1.88,11.37,-8.01,-7.26,6.25,1,4679,-0.2,-87.0,-0.1
6.0,117.079740,160.58,1.79,8.84,-8.08,-9.6,3.5,1,4544,-5.4,-163.3,1.4
6.0,117.089740,163.56,1.67,5.78,-8.14,-10.59,0.5,1,4417,-6.8,-230.5,2.2
6.0,117.099740,167.08,1.56,2.29,-8.21,-10.09,-3.0,1,4280,-9.1,-281.6,2.5
6.0,117.109740,170.24,1.48,-1.55,-8.27,-8.18,-6.25,1,4152,-5.7,-332.7,3.5
6.0,117.119743,172.09,1.43,-5.5,-8.35,-5.11,-7.75,1,5052,-8.5,-344.2,1.9
6.0,117.129740,172.71,1.45,-7.97,-8.41,-1.33,-8.5,1,4923,4.2,-235.8,1.8
6.0,117.139740,172.79,1.47,-8.07,-8.4,2.64,-8.0,1,4794,-10.4,-117.9,2.2
6.0,117.149740,171.56,1.29,-7.19,-8.36,6.24,-6.5,1,4675,-2.7,-30.3,0.8
6.0,117.159740,169.45,1.37,-5.74,-8.35,8.96,-4.5,1,4548,-0.5,57.6,-0.5
6.0,117.169740,166.73,1.4,-3.15,-8.29,10.42,-1.75,1,4412,2.2,171.0,0.8
6.0,117.179740,163.56,1.51,0.42,-8.21,10.42,1.5,1,4284,8.4,244.1,-1.3
6.0,117.189740,160.05,1.67,4.11,-8.14,8.96,4.25,1,4156,8.5,295.4,-1.6
6.0,117.199743,158.03,1.75,7.87,-8.05,6.24,6.0,1,5047,7.7,325.4,-2.2
6.0,117.209740,157.24,1.73,10.97,-7.99,2.64,7.0,1,4917,-2.9,279.9,-1.9
6.0,117.219740,156.88,1.72,11.75,-7.98,-1.33,7.25,1,4798,10.0,123.7,-0.8
6.0,117.229740,157.41,1.92,11.02,-7.99,-5.11,6.75,1,4680,7.3,83.4,-0.2
6.0,117.239740,158.82,1.81,10.4,-8.02,-8.18,5.25,1,4543,-7.7,-21.7,-1.2
6.0,117.249740,160.93,1.68,8.32,-8.09,-10.09,3.25,1,4417,3.1,-102.7,0.6
6.0,117.259740,163.56,1.75,5.79,-8.14,-10.59,0.5,1,4281,-3.6,-172.3,1.6
6.0,117.269740,166.38,1.59,2.68,-8.19,-9.6,-2.25,1,4156,-8.7,-241.5,2.5
6.0,117.279743,168.57,1.49,-0.89,-8.25,-7.26,-4.25,1,5052,-5.6,-288.2,2.4
6.0,117.289740,169.37,1.5,-3.8,-8.33,-3.91,-5.25,1,4922,-1.9,-244.8,1.0
6.0,117.299740,169.54,1.53,-4.78,-8.36,0.0,-5.25,1,4794,-0.6,-140.8,1.7
6.0,117.309740,168.93,1.48,-4.22,-8.32,3.91,-4.0,1,4676,-6.1,-48.4,1.3
6.0,117.319740,166.99,1.42,-3.24,-8.3,7.26,-2.25,1,4540,-1.1,5.7,0.3
6.0,117.329740,164.71,1.48,-1.21,-8.25,9.6,0.25,1,4412,1.4,148.9,1.0
6.0,117.339740,161.63,1.57,2.36,-8.16,10.59,3.25,1,4285,6.8,213.7,-1.2
6.0,117.349740,158.38,1.71,5.74,-8.11,10.09,6.25,1,4157,7.4,274.1,-1.9
6.0,117.359743,156.45,1.81,9.47,-8.02,8.18,7.75,1,5048,8.3,312.2,-2.2
6.0,117.369740,156.01,1.79,12.56,-7.95,5.11,8.25,1,4926,-4.4,271.3,-2.2
6.0,117.379740,156.45,1.76,13.2,-7.95,1.33,7.75,1,4799,10.0,104.9,-0.3
6.0,117.389740,157.68,1.91,11.54,-7.98,-2.64,6.5,1,4680,1.7,0.5,-0.2
6.0,117.399740,159.52,1.8,9.65,-8.04,-6.24,4.5,1,4544,-1.8,-84.1,0.4
6.0,117.409740,162.07,1.74,7.26,-8.1,-8.96,2.0,1,4416,-2.0,-154.5,1.3
6.0,117.419740,165.23,1.66,4.28,-8.16,-10.42,-1.25,1,4282,-7.2,-228.4,1.9
6.0,117.429740,168.31,1.51,0.75,-8.23,-10.42,-4.25,1,4157,-9.5,-278.5,2.5
6.0,117.439743,170.68,1.4,-2.93,-8.29,-8.96,-6.5,1,5053,-8.6,-318.7,2.4
6.0,117.449740,171.91,1.41,-6.16,-8.36,-6.24,-7.75,1,4923,-0.7,-282.2,2.1
6.0,117.459740,172.18,1.48,-7.48,-8.38,-2.64,-7.75,1,4795,-1.2,-168.8,2.0
6.0,117.469740,171.65,1.41,-7.0,-8.36,1.33,-6.75,1,4676,-6.7,-65.8,1.3
6.0,117.479740,170.07,1.34,-5.99,-8.34,5.11,-5.25,1,4549,-0.9,-1.7,0.3
6.0,117.489740,167.7,1.39,-4.25,-8.3,8.18,-2.75,1,4412,-0.3,109.7,1.4
6.0,117.499740,164.97,1.45,-1.11,-8.22,10.09,0.25,1,4285,5.4,202.6,-1.2
6.0,117.509740,161.54,1.59,2.47,-8.17,10.59,3.5,1,4158,8.6,265.4,-1.9
6.0,117.519743,157.85,1.72,6.19,-8.09,9.6,6.5,1,5049,8.9,309.3,-1.9
6.0,117.529740,155.92,1.83,10.06,-8.0,7.26,8.25,1,4918,9.3,343.5,-2.4
6.0,117.539740,155.21,1.82,13.35,-7.92,3.91,9.0,1,4799,-3.4,295.3,-2.6
6.0,117.549740,155.57,1.79,14.14,-7.91,0.0,8.75,1,4680,10.1,127.5,0.0
6.0,117.559740,156.71,1.94,12.66,-7.93,-3.91,7.5,1,4544,1.9,19.1,-0.1
6.0,117.569740,158.38,1.84,10.83,-8.0,-7.26,5.75,1,4417,-1.0,-74.0,-0.6
6.0,117.579740,160.93,1.77,8.41,-8.07,-9.6,3.25,1,4282,-2.3,-149.5,1.8
6.0,117.589740,163.92,1.68,5.5,-8.12,-10.59,0.25,1,4154,-7.3,-215.2,1.4
6.0,117.599743,167.26,1.55,2.09,-8.19,-10.09,-3.25,1,5044,-7.4,-275.0,2.7
6.0,117.609740,170.33,1.49,-1.77,-8.25,-8.18,-6.25,1,4922,-6.2,-326.3,3.3
6.0,117.619740,172.09,1.41,-5.6,-8.34,-5.11,-8.0,1,4795,-9.5,-332.4,1.6
6.0,117.629740,172.71,1.43,-7.97,-8.39,-1.33,-8.5,1,4676,4.4,-231.0,1.6
6.0,117.639740,172.62,1.47,-8.03,-8.39,2.64,-7.75,1,4540,-9.2,-107.4,2.1
6.0,117.649740,171.39,1.3,-7.02,-8.34,6.24,-6.5,1,4413,-3.0,-22.1,0.8
6.0,117.659740,169.19,1.37,-5.54,-8.33,8.96,-4.25,1,4285,0.0,62.8,-0.7
6.0,117.669740,166.55,1.41,-2.95,-8.28,10.42,-1.5,1,4158,1.5,173.6,0.8
6.0,117.679740,163.39,1.52,0.61,-8.19,10.42,1.75,1,5050,9.6,246.3,-1.3
6.0,117.689740,159.79,1.68,4.3,-8.12,8.96,4.5,1,4918,8.2,296.3,-1.5
6.0,117.699740,157.85,1.75,8.1,-8.03,6.24,6.25,1,4799,7.5,330.3,-2.3
6.0,117.709740,156.97,1.74,11.24,-7.97,2.64,7.25,1,4681,-2.3,280.1,-1.9
6.0,117.719740,156.62,1.74,12.03,-7.96,-1.33,7.75,1,4545,9.9,128.5,-1.2
6.0,117.729740,157.24,1.93,11.33,-7.97,-5.11,7.0,1,4417,7.5,82.0,-0.2
6.0,117.739740,158.55,1.83,10.65,-8.0,-8.18,5.5,1,4281,-7.7,-21.8,-1.0
6.0,117.749740,160.84,1.69,8.57,-8.07,-10.09,3.25,1,4155,2.3,-104.2,0.7
6.0,117.759743,163.39,1.76,6.02,-8.12,-10.59,0.75,1,5045,-2.5,-172.9,1.4
6.0,117.769740,166.64,1.61,2.86,-8.18,-9.6,-2.5,1,4924,-9.7,-247.0,2.7
6.0,117.779740,169.37,1.47,-0.82,-8.23,-7.26,-5.25,1,4804,-6.6,-293.8,2.8
6.0,117.789740,170.95,1.46,-4.4,-8.31,-3.91,-6.75,1,4676,-4.8,-311.1,1.8
6.0,117.799740,171.21,1.5,-6.61,-8.38,-0.0,-7.0,1,4541,2.0,-204.1,0.9
6.0,117.809740,171.21,1.49,-6.46,-8.36,3.91,-6.25,1,4413,-7.7,-91.7,2.4
6.0,117.819740,169.45,1.36,-5.41,-8.31,7.26,-4.5,1,4285,-2.5,-7.9,0.9
6.0,117.829740,167.17,1.4,-3.66,-8.27,9.6,-2.25,1,4158,-1.2,91.3,1.6
6.0,117.839743,164.27,1.46,-0.66,-8.2,10.59,0.75,1,5049,5.2,200.9,-1.3
6.0,117.849740,161.28,1.61,3.01,-8.15,10.09,3.75,1,4919,8.5,258.0,-1.7
6.0,117.859740,158.38,1.73,6.55,-8.07,8.18,5.75,1,4809,8.0,296.7,-1.7
6.0,117.869740,157.32,1.76,9.86,-8.0,5.11,6.75,1,4681,1.8,292.7,-2.6
6.0,117.879740,157.15,1.74,11.76,-7.96,1.33,7.0,1,4545,3.9,194.2,-0.9
6.0,117.889740,158.03,1.81,11.44,-7.96,-2.64,6.25,1,4418,4.8,65.9,-0.5
6.0,117.899740,159.61,1.81,9.73,-8.01,-6.24,4.5,1,4281,0.4,-41.9,-0.1
6.0,117.909740,161.81,1.75,7.5,-8.08,-8.96,2.25,1,4163,-1.0,-115.9,0.4
6.0,117.919743,164.44,1.67,4.84,-8.14,-10.42,-0.5,1,5045,-5.8,-192.0,1.5
6.0,117.929740,167.7,1.54,1.61,-8.2,-10.42,-3.75,1,4924,-8.0,-247.0,2.2
6.0,117.939740,170.68,1.45,-1.94,-8.26,-8.96,-6.5,1,4805,-7.4,-300.0,3.0
6.0,117.949740,172.35,1.37,-5.74,-8.33,-6.24,-8.25,1,4677,-9.2,-327.4,2.0
6.0,117.959740,172.88,1.41,-8.08,-8.38,-2.64,-8.5,1,4541,5.9,-206.8,1.0
6.0,117.969740,172.79,1.48,-8.0,-8.38,1.33,-7.75,1,4414,-8.1,-111.8,2.6
6.0,117.979740,171.39,1.32,-7.3,-8.34,5.11,-6.5,1,4277,-2.2,-24.8,0.6
6.0,117.989740,169.19,1.36,-5.65,-8.31,8.18,-4.25,1,4167,-1.4,77.8,0.7
6.0,117.999740,166.55,1.4,-2.86,-8.24,10.09,-1.75,1,5051,3.6,176.8,0.1
6.0,118.009740,163.39,1.54,0.62,-8.18,10.59,1.75,1,4919,8.7,248.9,-1.8
6.0,118.019740,159.79,1.67,4.32,-8.11,9.6,4.5,1,4809,8.2,297.6,-1.8
6.0,118.029740,157.76,1.76,8.1,-8.03,7.26,6.25,1,4682,8.3,329.8,-2.3
6.0,118.039740,157.24,1.74,11.27,-7.96,3.91,6.75,1,4545,-3.3,284.8,-1.9
6.0,118.049740,157.68,1.72,12.04,-7.95,-0.0,6.5,1,4418,9.8,121.9,-0.7
6.0,118.059740,158.73,1.87,10.54,-7.98,-3.91,5.5,1,4282,2.2,13.0,-0.4
6.0,118.069740,160.49,1.79,8.69,-8.04,-7.26,3.5,1,4163,0.1,-75.8,-0.1
6.0,118.079743,163.04,1.71,6.36,-8.1,-9.6,1.25,1,5045,-4.2,-144.8,0.9
6.0,118.089740,166.03,1.59,3.48,-8.16,-10.59,-1.75,1,4925,-8.2,-218.8,2.1
6.0,118.099740,169.19,1.48,0.01,-8.21,-10.09,-4.75,1,4806,-6.8,-272.9,2.6
6.0,118.109740,171.39,1.42,-3.63,-8.28,-8.18,-7.25,1,4678,-7.0,-310.3,2.1
6.0,118.119740,172.53,1.42,-6.73,-8.35,-5.11,-8.25,1,4541,-0.1,-272.7,2.0
6.0,118.129740,172.71,1.46,-7.96,-8.38,-1.33,-8.25,1,4414,-4.2,-160.5,0.7
6.0,118.139740,172.18,1.37,-7.55,-8.36,2.64,-7.25,1,4281,-4.4,-70.8,2.5
6.0,118.149740,170.51,1.35,-6.66,-8.32,6.24,-5.75,1,4185,-1.1,-1.0,0.3
6.0,118.159743,168.13,1.37,-4.69,-8.29,8.96,-3.25,1,5050,-1.8,127.4,0.7
6.0,118.169740,165.23,1.43,-1.35,-8.21,10.42,-0.25,1,4920,7.9,205.3,-0.7
6.0,118.179740,161.81,1.61,2.13,-8.15,10.42,3.25,1,4801,7.6,270.6,-2.0
6.0,118.189740,158.12,1.69,5.92,-8.08,8.96,6.25,1,4673,8.3,313.6,-2.1
6.0,118.199740,156.09,1.82,9.88,-7.98,6.24,8.0,1,4546,10.3,353.3,-2.4
6.0,118.209740,155.57,1.82,13.13,-7.91,2.64,8.75,1,4418,-3.5,285.9,-2.3
6.0,118.219740,155.83,1.78,13.74,-7.9,-1.33,8.25,1,4282,10.2,128.3,-0.3
6.0,118.229740,156.97,1.92,12.31,-7.93,-5.11,7.25,1,4181,0.2,14.3,-0.1
6.0,118.239740,158.91,1.81,10.42,-7.99,-8.18,5.25,1,5045,0.3,-75.1,-0.3
6.0,118.249740,161.28,1.77,8.03,-8.06,-10.09,2.75,1,4917,-2.4,-149.9,1.6
6.0,118.259740,164.27,1.67,5.1,-8.11,-10.59,-0.25,1,4806,-6.7,-217.6,1.4
6.0,118.269740,167.08,1.56,1.71,-8.19,-9.6,-3.0,1,4670,-7.2,-271.7,2.5
6.0,118.279740,168.66,1.48,-1.95,-8.25,-7.26,-4.5,1,4542,-7.4,-312.2,2.4
6.0,118.289740,169.1,1.53,-4.31,-8.32,-3.91,-4.75,1,4414,4.9,-195.7,0.2
6.0,118.299740,169.01,1.58,-4.16,-8.32,0.0,-4.25,1,4278,-7.3,-101.3,2.4
6.0,118.309740,167.87,1.42,-3.35,-8.27,3.91,-3.0,1,4177,-3.3,-13.2,0.7
6.0,118.319740,165.85,1.45,-1.96,-8.25,7.26,-0.75,1,5050,-0.7,50.9,-0.3
6.0,118.329740,163.21,1.51,0.37,-8.21,9.6,1.75,1,4920,3.2,169.0,0.0
6.0,118.339740,160.14,1.63,3.91,-8.11,10.59,5.0,1,4801,8.1,235.8,-0.7
6.0,118.349740,156.53,1.76,7.46,-8.03,10.09,7.75,1,4674,6.7,288.8,-1.8
6.0,118.359740,154.6,1.83,11.28,-7.94,8.18,9.5,1,4546,7.3,329.0,-1.6
6.0,118.369740,154.16,1.84,14.41,-7.86,5.11,10.0,1,4419,-1.3,272.5,-2.2
6.0,118.379740,154.69,1.86,15.0,-7.86,1.33,9.75,1,4283,10.1,115.9,-0.4
6.0,118.389740,155.83,1.98,13.48,-7.9,-2.64,8.25,1,4181,1.2,4.9,-0.5
6.0,118.399740,157.76,1.87,11.54,-7.97,-6.24,6.25,1,5046,0.2,-83.1,-0.1
6.0,118.409740,160.22,1.8,9.07,-8.03,-8.96,3.75,1,4916,-5.2,-158.9,1.4
6.0,118.419740,163.3,1.68,6.08,-8.09,-10.42,0.75,1,4806,-6.6,-223.2,1.9
6.0,118.429740,166.82,1.57,2.67,-8.16,-10.42,-2.75,1,4671,-8.8,-277.2,2.3
6.0,118.439740,169.89,1.48,-1.18,-8.23,-8.96,-5.75,1,4542,-7.1,-330.9,3.6
6.0,118.449740,171.91,1.43,-5.21,-8.3,-6.24,-7.75,1,4415,-7.3,-349.8,2.1
6.0,118.459740,172.53,1.47,-7.76,-8.37,-2.64,-8.25,1,4280,4.5,-235.7,1.7
6.0,118.469740,172.62,1.47,-7.89,-8.36,1.33,-7.75,1,4186,-11.8,-127.1,2.0
6.0,118.479743,171.47,1.28,-7.15,-8.32,5.11,-6.75,1,5051,-2.4,-34.8,1.3
6.0,118.489740,169.54,1.37,-5.76,-8.31,8.18,-4.75,1,4920,-0.3,46.3,-0.8
6.0,118.499740,166.99,1.41,-3.37,-8.26,10.09,-2.0,1,4801,1.6,158.2,1.0
6.0,118.509740,163.83,1.5,0.07,-8.17,10.59,1.25,1,4674,7.9,232.4,-1.2
6.0,118.519740,160.4,1.65,3.71,-8.11,9.6,4.0,1,4547,8.6,289.6,-1.6
6.0,118.529740,158.55,1.74,7.44,-8.02,7.26,5.75,1,4419,7.6,316.1,-1.9
6.0,118.539740,157.94,1.71,10.54,-7.96,3.91,6.25,1,4283,-4.0,283.7,-2.1
6.0,118.549740,158.47,1.69,11.34,-7.95,0.0,5.75,1,4181,10.0,112.2,0.0
6.0,118.559740,159.52,1.85,9.66,-7.97,-3.91,4.5,1,5046,1.8,4.3,-0.2
6.0,118.569740,161.46,1.75,7.8,-8.05,-7.26,2.75,1,4916,-0.2,-78.7,-0.8
6.0,118.579740,164.0,1.69,5.4,-8.11,-9.6,0.25,1,4798,-3.8,-157.2,1.3
6.0,118.589740,166.82,1.57,2.48,-8.16,-10.59,-2.75,1,4671,-7.7,-213.3,1.8
6.0,118.599740,169.72,1.48,-0.89,-8.22,-10.09,-5.5,1,4543,-5.5,-281.2,3.0
6.0,118.609740,171.39,1.43,-4.57,-8.29,-8.18,-7.25,1,4415,-7.1,-299.6,1.5
6.0,118.619740,171.74,1.47,-6.8,-8.35,-5.11,-7.5,1,4280,5.1,-204.6,0.7
6.0,118.629740,171.74,1.5,-6.84,-8.35,-1.33,-7.0,1,4186,-9.0,-99.4,2.2
6.0,118.639755,170.42,1.32,-5.96,-8.3,2.64,-5.5,1,5064,-3.9,-16.8,1.3
6.0,118.649752,168.4,1.37,-4.66,-8.28,6.24,-3.5,1,4933,-0.1,46.6,-0.2
6.0,118.659753,165.85,1.44,-2.31,-8.23,8.96,-0.75,1,4816,4.0,172.2,0.3
6.0,118.669753,162.69,1.56,1.3,-8.15,10.42,2.25,1,4691,7.7,235.7,-1.1
6.0,118.679752,159.26,1.68,4.88,-8.08,10.42,5.5,1,4560,7.7,294.5,-1.8
6.0,118.689752,156.18,1.77,8.79,-8.0,8.96,8.0,1,4432,7.7,332.1,-2.5
6.0,118.699753,154.86,1.83,12.52,-7.92,6.24,9.25,1,4298,4.6,336.2,-2.7
6.0,118.709753,154.69,1.85,14.55,-7.88,2.64,9.5,1,4197,4.4,199.0,-1.8
6.0,118.719755,155.57,1.89,13.92,-7.88,-1.33,8.75,1,5060,3.7,74.2,0.5
6.0,118.729752,157.15,1.9,12.31,-7.92,-5.11,7.0,1,4930,3.0,-36.1,-0.3
6.0,118.739753,159.35,1.85,10.01,-8.0,-8.18,4.75,1,4820,-2.4,-120.0,0.5
6.0,118.749753,162.07,1.74,7.29,-8.06,-10.09,2.0,1,4687,-5.0,-187.9,1.9
6.0,118.759752,165.41,1.63,4.04,-8.12,-10.59,-1.25,1,4556,-7.9,-257.6,2.2
6.0,118.769752,168.31,1.52,0.41,-8.19,-9.6,-4.25,1,4428,-8.3,-293.3,2.6
6.0,118.779753,170.07,1.41,-3.24,-8.27,-7.26,-5.75,1,4293,-10.4,-329.3,2.0
6.0,118.789753,170.6,1.47,-5.82,-8.32,-3.91,-6.5,1,4201,7.2,-222.0,1.4
6.0,118.799759,170.77,1.58,-5.93,-8.32,-0.0,-6.0,1,5069,-6.4,-118.6,2.5
6.0,118.809752,169.54,1.4,-5.09,-8.28,3.91,-4.75,1,4937,-3.6,-19.4,0.8
6.0,118.819752,167.7,1.42,-3.79,-8.26,7.26,-2.75,1,4815,-1.6,31.4,-0.0
6.0,118.829753,164.97,1.44,-1.63,-8.22,9.6,-0.0,1,4689,0.9,165.3,0.5
6.0,118.839753,161.98,1.55,2.06,-8.13,10.59,3.0,1,4562,8.4,235.2,-1.7
6.0,118.849752,158.64,1.72,5.58,-8.07,10.09,5.75,1,4426,8.5,282.3,-1.6
6.0,118.859752,156.71,1.81,9.25,-7.98,8.18,7.5,1,4297,7.8,320.1,-2.2
6.0,118.869753,156.18,1.78,12.45,-7.91,5.11,8.0,1,4196,-3.5,281.8,-2.2
6.0,118.879756,156.53,1.77,13.17,-7.9,1.33,7.75,1,5061,10.1,110.8,-0.6
6.0,118.889752,157.76,1.91,11.52,-7.94,-2.64,6.5,1,4930,1.4,5.5,-0.1
6.0,118.899752,159.61,1.8,9.66,-7.99,-6.24,4.5,1,4820,-1.1,-80.8,0.3
6.0,118.909753,162.16,1.75,7.26,-8.05,-8.96,2.0,1,4687,-2.3,-153.5,1.2
6.0,118.919753,165.23,1.66,4.27,-8.12,-10.42,-1.25,1,4557,-7.3,-225.8,1.9
6.0,118.929752,168.31,1.51,0.78,-8.18,-10.42,-4.25,1,4429,-9.1,-277.5,2.5
6.0,118.939752,170.51,1.41,-2.91,-8.25,-8.96,-6.5,1,4293,-8.7,-317.3,2.4
6.0,118.949753,171.91,1.41,-6.13,-8.31,-6.24,-7.75,1,4201,-0.9,-282.0,2.1
6.0,118.959756,172.18,1.48,-7.46,-8.34,-2.64,-7.75,1,5066,-0.9,-168.6,1.9
6.0,118.969752,171.74,1.41,-6.95,-8.32,1.33,-6.75,1,4934,-6.7,-62.5,1.2
6.0,118.979755,170.07,1.34,-5.89,-8.3,5.11,-5.25,1,4819,-1.1,0.1,0.3
6.0,118.989753,167.78,1.39,-4.22,-8.25,8.18,-2.75,1,4682,-0.3,104.3,1.6
6.0,118.999753,164.88,1.45,-1.16,-8.18,10.09,0.25,1,4562,5.3,202.7,-1.3
6.0,119.009752,161.54,1.59,2.47,-8.13,10.59,3.5,1,4427,8.8,264.9,-1.9
6.0,119.019752,157.85,1.73,6.19,-8.05,9.6,6.5,1,4297,9.0,309.5,-1.9
6.0,119.029753,155.92,1.83,10.06,-7.95,7.26,8.25,1,4197,9.5,342.9,-2.3
6.0,119.039756,155.21,1.82,13.37,-7.88,3.91,9.0,1,5062,-3.7,297.5,-2.6
6.0,119.049755,155.48,1.79,14.2,-7.87,-0.0,8.75,1,4932,10.1,128.4,0.2
6.0,119.059752,156.62,1.95,12.7,-7.88,-3.91,7.5,1,4820,2.1,19.7,-0.1
6.0,119.069752,158.38,1.85,10.89,-7.96,-7.26,5.75,1,4687,-0.7,-73.2,-0.6
6.0,119.079753,160.93,1.77,8.46,-8.02,-9.6,3.25,1,4558,-3.4,-149.7,1.7
6.0,119.089753,163.92,1.67,5.54,-8.08,-10.59,0.25,1,4433,-6.7,-215.8,1.5
6.0,119.099752,167.26,1.56,2.13,-8.15,-10.09,-3.25,1,4293,-7.6,-274.8,2.8
6.0,119.109752,170.42,1.49,-1.72,-8.21,-8.18,-6.25,1,4192,-6.2,-325.8,3.2
6.0,119.119756,172.09,1.42,-5.56,-8.29,-5.11,-8.0,1,5066,-9.3,-333.6,1.7
6.0,119.129753,172.79,1.43,-7.95,-8.35,-1.33,-8.5,1,4939,4.2,-231.0,1.4
6.0,119.139752,172.79,1.47,-8.05,-8.34,2.64,-7.75,1,4816,-9.4,-112.4,2.3
6.0,119.149752,171.39,1.3,-7.14,-8.3,6.24,-6.5,1,4680,-2.9,-28.3,0.6
6.0,119.159753,169.28,1.36,-5.62,-8.28,8.96,-4.25,1,4554,-0.8,68.1,0.1
6.0,119.169753,166.46,1.41,-2.91,-8.22,10.42,-1.5,1,4435,3.0,175.2,0.4
6.0,119.179752,163.39,1.53,0.63,-8.14,10.42,1.75,1,4289,8.8,246.4,-1.6
6.0,119.189752,159.79,1.68,4.3,-8.08,8.96,4.5,1,4196,8.6,296.1,-1.5
6.0,119.199756,157.85,1.76,8.09,-7.99,6.24,6.25,1,5062,7.4,329.5,-2.4
6.0,119.209753,156.97,1.74,11.22,-7.92,2.64,7.25,1,4932,-2.0,279.7,-1.7
6.0,119.219752,156.62,1.74,12.01,-7.91,-1.33,7.75,1,4821,9.4,129.7,-1.2
6.0,119.229752,157.24,1.93,11.34,-7.93,-5.11,7.0,1,4687,7.8,83.1,-0.3
6.0,119.239753,158.64,1.83,10.67,-7.95,-8.18,5.5,1,4558,-7.7,-21.1,-1.0
6.0,119.249753,160.84,1.69,8.59,-8.02,-10.09,3.25,1,4431,2.1,-103.5,0.6
6.0,119.259755,163.48,1.76,6.05,-8.07,-10.59,0.75,1,4253,-2.1,-171.9,1.4
6.0,119.269752,166.55,1.61,2.9,-8.13,-9.6,-2.5,1,5183,-10.1,-246.8,2.7
6.0,119.279756,169.45,1.47,-0.78,-8.19,-7.26,-5.25,1,5057,-6.3,-293.0,2.7
8.0,121.309739,168.93,1.51,-3.41,-8.2,0.0,-4.75,1,4668,-1.3,-206.7,0.6
8.0,121.319740,168.84,1.55,-4.13,-8.23,3.83,-4.25,1,4550,1.0,-108.7,1.3
8.0,121.329743,167.87,1.53,-3.24,-8.19,6.72,-3.0,1,4417,-4.3,-8.4,1.2
8.0,121.339740,165.85,1.47,-2.03,-8.15,7.94,-0.75,1,4315,-0.7,20.7,0.8
8.0,121.349740,163.21,1.52,0.03,-8.11,7.2,1.75,1,5174,2.3,177.1,-0.6
8.0,121.359739,160.49,1.63,3.92,-8.03,4.68,4.25,1,5046,7.1,232.3,-0.7
8.0,121.369740,158.64,1.76,7.21,-7.94,1.0,5.5,1,4931,7.3,273.7,-1.0
8.0,121.379740,158.55,1.72,9.91,-7.89,-2.93,5.5,1,4792,-5.0,229.0,-2.5
8.0,121.389740,159.52,1.66,10.36,-7.9,-6.13,4.75,1,4673,6.3,90.0,-0.0
8.0,121.399740,161.02,1.81,8.58,-7.93,-7.82,3.0,1,4545,4.3,-38.8,-0.2
8.0,121.409742,163.48,1.72,6.0,-8.01,-7.57,0.75,1,4413,-5.4,-129.7,0.4
8.0,121.419740,165.5,1.58,3.22,-8.07,-5.45,-1.25,1,4317,-4.7,-186.5,1.4
8.0,121.429740,166.46,1.54,0.27,-8.13,-1.98,-2.25,1,5173,-4.5,-238.9,1.5
8.0,121.439740,166.55,1.61,-1.65,-8.18,1.98,-2.5,1,5051,6.7,-139.7,1.1
8.0,121.449740,166.82,1.64,-1.21,-8.16,5.45,-2.25,1,4932,-7.8,-54.9,1.3
8.0,121.459740,166.2,1.41,-0.63,-8.13,7.57,-1.25,1,4798,-8.5,-27.0,1.1
8.0,121.469740,164.36,1.46,-0.29,-8.14,7.82,0.75,1,4669,5.2,6.5,-1.0
8.0,121.479740,162.6,1.63,1.46,-8.09,6.13,2.25,1,4550,3.3,141.4,2.0
8.0,121.489743,161.19,1.66,4.7,-7.98,2.93,3.0,1,4417,4.7,189.7,-0.4
8.0,121.499740,161.02,1.61,6.55,-7.96,-1.0,3.0,1,4316,-6.8,136.6,-1.3
8.0,121.509740,161.46,1.57,6.97,-7.97,-4.68,2.75,1,5175,7.4,95.1,-0.0
8.0,121.519741,162.42,1.79,6.58,-7.97,-7.2,1.75,1,5048,7.5,2.1,-0.2
8.0,121.529740,164.27,1.68,4.86,-8.03,-7.94,-0.25,1,4931,-10.0,-78.7,-0.4
8.0,121.539740,166.73,1.49,2.6,-8.08,-6.72,-2.5,1,4793,-1.4,-145.2,0.7
8.0,121.549740,168.75,1.56,-0.17,-8.13,-3.83,-4.75,1,4674,-1.4,-210.0,2.5
8.0,121.559740,169.72,1.5,-3.24,-8.19,0.0,-5.75,1,4546,-6.5,-242.6,0.9
8.0,121.569743,169.8,1.48,-5.01,-8.24,3.83,-5.5,1,4413,3.1,-145.0,0.7
8.0,121.579740,169.45,1.52,-4.48,-8.22,6.72,-4.5,1,4318,-5.1,-44.3,1.8
8.0,121.589740,167.7,1.42,-3.44,-8.17,7.94,-2.75,1,5171,-2.2,3.1,1.2
8.0,121.599740,165.32,1.46,-1.85,-8.13,7.2,-0.25,1,5044,2.0,112.2,1.1
8.0,121.609740,163.04,1.54,1.3,-8.06,4.68,1.75,1,4935,3.8,205.9,-1.7
8.0,121.619741,161.19,1.65,4.7,-8.01,1.0,2.75,1,4798,8.7,246.1,-1.0
8.0,121.629740,161.19,1.64,6.98,-7.95,-2.93,2.75,1,4670,-6.6,188.1,-1.5
8.0,121.639740,162.07,1.57,7.4,-7.95,-6.13,2.0,1,4542,7.9,100.2,0.0
8.0,121.649743,163.65,1.75,6.11,-7.98,-7.82,0.5,1,4417,4.0,-40.8,-0.9
8.0,121.659740,165.85,1.65,3.47,-8.07,-7.57,-1.75,1,4314,-6.1,-123.3,0.4
8.0,121.669740,167.78,1.51,0.77,-8.11,-5.45,-3.75,1,5175,-3.8,-188.0,1.7
8.0,121.679740,168.75,1.46,-2.21,-8.17,-1.98,-4.75,1,5049,-6.9,-233.4,1.1
8.0,121.689740,168.57,1.52,-3.98,-8.22,1.98,-4.5,1,4929,8.8,-131.7,0.1
8.0,121.699740,168.22,1.62,-3.31,-8.21,5.45,-3.25,1,4793,-5.7,-33.8,1.6
8.0,121.709740,166.38,1.44,-2.16,-8.14,7.57,-1.5,1,4674,-3.0,16.6,2.0
8.0,121.719740,164.0,1.49,-0.5,-8.09,7.82,1.0,1,4547,2.0,116.4,0.5
8.0,121.729742,161.46,1.6,2.67,-8.03,6.13,3.25,1,4412,5.5,217.0,-1.1
8.0,121.739740,159.61,1.72,6.22,-7.96,2.93,4.5,1,4318,8.5,254.9,-1.1
8.0,121.749740,159.7,1.7,8.68,-7.91,-1.0,4.5,1,5171,-6.1,207.8,-2.4
8.0,121.759740,160.31,1.63,9.18,-7.92,-4.68,3.75,1,5044,7.5,96.8,-0.2
8.0,121.769740,161.81,1.81,7.77,-7.94,-7.2,2.25,1,4934,5.1,-29.1,-0.5
8.0,121.779740,163.92,1.71,5.43,-8.02,-7.94,0.25,1,4797,-7.2,-108.2,0.3
8.0,121.789740,166.64,1.54,2.8,-8.07,-6.72,-2.5,1,4670,-4.2,-184.7,1.6
8.0,121.799740,168.93,1.52,-0.4,-8.12,-3.83,-4.75,1,4543,-4.4,-243.5,2.4
8.0,121.809743,170.16,1.46,-3.61,-8.19,-0.0,-6.0,1,4418,-6.0,-262.1,1.0
8.0,121.819740,170.24,1.48,-5.49,-8.25,3.83,-6.0,1,4317,3.1,-169.7,0.7
8.0,121.829740,169.72,1.53,-5.17,-8.23,6.72,-4.75,1,5176,-4.5,-60.0,2.2
8.0,121.839740,168.05,1.43,-4.02,-8.17,7.94,-3.25,1,5049,-1.7,5.3,0.7
8.0,121.849740,165.67,1.44,-2.24,-8.13,7.2,-0.75,1,4932,-2.0,113.2,1.3
8.0,121.859740,163.12,1.51,0.97,-8.07,4.68,1.5,1,4793,7.2,213.3,-1.9
8.0,121.869740,161.19,1.68,4.53,-8.0,1.0,2.75,1,4674,8.0,255.3,-0.6
8.0,121.879740,161.46,1.64,6.94,-7.94,-2.93,2.75,1,4547,-6.1,199.3,-1.6
8.0,121.889743,162.16,1.57,7.34,-7.96,-6.13,2.0,1,4414,7.5,96.6,-0.6
8.0,121.899740,163.65,1.75,5.99,-7.99,-7.82,0.5,1,4310,4.4,-32.7,-0.5
8.0,121.909740,165.67,1.65,3.54,-8.06,-7.57,-1.75,1,5172,-5.9,-115.5,0.4
8.0,121.919740,167.7,1.5,0.91,-8.1,-5.45,-3.75,1,5044,-4.2,-180.2,1.6
8.0,121.929740,168.49,1.46,-2.0,-8.16,-1.98,-4.5,1,4934,-5.8,-227.1,1.1
8.0,121.939740,168.4,1.53,-3.75,-8.21,1.98,-4.25,1,4798,8.4,-127.6,-0.1
8.0,121.949740,167.96,1.62,-3.06,-8.2,5.45,-3.25,1,4670,-5.3,-30.9,1.6
8.0,121.959739,166.29,1.45,-1.93,-8.13,7.57,-1.25,1,4543,-3.1,16.7,2.0
8.0,121.969743,163.74,1.5,-0.28,-8.08,7.82,1.25,1,4411,2.3,117.9,0.2
8.0,121.979740,161.28,1.6,2.84,-8.03,6.13,3.5,1,4317,4.9,210.7,-0.8
8.0,121.989740,159.35,1.71,6.35,-7.95,2.93,4.75,1,5176,8.1,258.2,-1.1
8.0,121.999740,159.43,1.7,8.86,-7.9,-1.0,4.75,1,5049,-5.3,204.1,-2.3
8.0,122.009740,160.14,1.65,9.33,-7.91,-4.68,4.0,1,4931,8.1,100.9,-0.2
8.0,122.019740,161.54,1.82,8.02,-7.93,-7.2,2.5,1,4794,4.0,-28.2,-0.6
8.0,122.029740,163.83,1.71,5.61,-8.01,-7.94,0.25,1,4675,-6.2,-111.4,0.3
8.0,122.039740,166.11,1.55,2.93,-8.06,-6.72,-2.0,1,4548,-5.1,-185.5,1.7
8.0,122.049740,167.7,1.52,-0.15,-8.11,-3.83,-3.75,1,4412,-3.7,-233.7,1.8
8.0,122.059740,168.66,1.52,-2.66,-8.18,-0.0,-4.75,1,5300,-1.8,-202.8,0.7
8.0,122.069740,169.01,1.55,-3.55,-8.2,3.83,-5.0,1,5172,1.2,-120.4,1.4
8.0,122.079740,169.01,1.47,-3.5,-8.18,6.72,-4.25,1,5045,-11.5,-76.7,1.1
8.0,122.089740,167.61,1.37,-3.08,-8.17,7.94,-2.75,1,4934,3.5,-1.7,0.2
8.0,122.099740,165.41,1.51,-1.69,-8.15,7.2,-0.5,1,4799,-0.9,63.5,0.3
8.0,122.109740,163.3,1.51,0.72,-8.09,4.68,1.5,1,4671,3.5,176.0,-0.2
8.0,122.119740,161.46,1.65,4.16,-8.0,1.0,2.5,1,4543,9.3,231.9,-0.3
8.0,122.129740,161.72,1.65,6.54,-7.94,-2.93,2.25,1,4416,-6.6,182.8,-0.9
8.0,122.139743,162.69,1.56,6.84,-7.96,-6.13,1.5,1,5307,7.2,78.5,-0.2
8.0,122.149740,164.27,1.73,5.38,-7.99,-7.82,-0.25,1,5177,3.7,-41.8,-0.6
8.0,122.159740,166.46,1.62,2.88,-8.07,-7.57,-2.5,1,5050,-7.3,-129.0,0.8
8.0,122.169740,168.57,1.47,0.02,-8.11,-5.45,-4.5,1,4931,-3.3,-199.0,2.1
8.0,122.179740,169.45,1.47,-2.96,-8.17,-1.98,-5.25,1,4795,-4.5,-228.3,0.7
8.0,122.189740,169.37,1.52,-4.61,-8.22,1.98,-5.25,1,4676,5.8,-136.2,0.4
8.0,122.199740,169.1,1.55,-4.11,-8.2,5.45,-4.25,1,4540,-6.6,-41.3,1.7
8.0,122.209740,167.26,1.4,-3.1,-8.15,7.57,-2.25,1,4412,-2.7,6.3,1.2
8.0,122.219740,164.71,1.47,-1.36,-8.11,7.82,0.25,1,5300,3.2,126.4,1.0
8.0,122.229740,162.33,1.58,1.95,-8.03,6.13,2.5,1,5173,5.2,210.8,-1.1
8.0,122.239740,160.31,1.67,5.35,-7.97,2.93,3.75,1,5045,6.7,256.2,-1.5
8.0,122.249740,160.4,1.65,7.79,-7.93,-1.0,3.75,1,4935,-4.0,198.2,-1.9
8.0,122.259740,161.28,1.62,8.25,-7.92,-4.68,2.75,1,4799,7.6,104.2,0.3
8.0,122.269740,162.69,1.77,7.03,-7.94,-7.2,1.25,1,4675,3.4,-28.0,-0.7
8.0,122.279741,164.97,1.66,4.5,-8.03,-7.94,-0.75,1,4537,-6.1,-121.4,0.5
8.0,122.289740,167.61,1.52,1.64,-8.08,-6.72,-3.75,1,4408,-4.5,-192.5,1.5
8.0,122.299743,170.07,1.47,-1.56,-8.13,-3.83,-6.0,1,5308,-6.8,-248.5,2.2
8.0,122.309740,171.21,1.38,-4.86,-8.2,0.0,-7.25,1,5177,-7.1,-274.0,1.1
8.0,122.319740,171.21,1.46,-6.79,-8.25,3.83,-7.0,1,5050,8.4,-168.1,0.9
8.0,122.329740,170.6,1.55,-6.23,-8.23,6.72,-5.75,1,4932,-6.3,-49.2,1.7
8.0,122.339740,168.75,1.38,-5.05,-8.18,7.94,-3.75,1,4795,-2.7,-1.2,1.1
8.0,122.349740,166.29,1.42,-3.08,-8.13,7.2,-1.25,1,4676,1.1,148.8,1.0
8.0,122.359740,163.48,1.51,0.66,-8.05,4.68,1.25,1,4540,5.9,224.7,-1.0
8.0,122.369740,161.72,1.65,4.16,-7.99,1.0,2.25,1,4413,8.5,274.2,-1.2
8.0,122.379740,161.72,1.63,6.9,-7.93,-2.93,2.25,1,5300,-4.9,224.7,-2.0
8.0,122.389740,162.51,1.56,7.17,-7.95,-6.13,1.75,1,5173,6.1,76.2,-0.4
8.0,122.399740,164.0,1.71,5.43,-7.98,-7.82,0.25,1,5047,4.1,-25.3,-0.7
8.0,122.409740,166.11,1.64,3.3,-8.05,-7.57,-2.0,1,4927,-4.5,-112.2,0.2
8.0,122.419740,167.96,1.51,0.55,-8.09,-5.45,-4.0,1,4799,-3.7,-187.7,2.1
8.0,122.429740,168.84,1.45,-2.36,-8.15,-1.98,-4.75,1,4672,-7.3,-215.1,0.4
8.0,122.439740,168.75,1.51,-3.94,-8.21,1.98,-4.5,1,4537,9.6,-131.1,0.1
8.0,122.449740,168.22,1.63,-3.39,-8.19,5.45,-3.25,1,4409,-5.3,-28.7,1.7
8.0,122.459740,166.38,1.44,-2.19,-8.12,7.57,-1.25,1,5305,-3.3,17.4,1.9
8.0,122.469740,164.0,1.49,-0.48,-8.07,7.82,1.25,1,5172,2.7,125.0,0.5
8.0,122.479740,161.28,1.61,2.81,-8.01,6.13,3.5,1,5050,5.5,222.1,-1.2
8.0,122.489740,159.35,1.73,6.39,-7.94,2.93,4.75,1,4932,8.4,260.9,-1.1
8.0,122.499740,159.26,1.7,8.89,-7.89,-1.0,4.75,1,4795,-5.7,211.1,-2.4
8.0,122.509740,160.14,1.64,9.4,-7.9,-4.68,4.0,1,4676,7.8,100.6,-0.2
8.0,122.519740,161.46,1.81,8.04,-7.92,-7.2,2.5,1,4541,4.2,-25.7,-0.5
8.0,122.529740,163.74,1.71,5.68,-7.99,-7.94,0.25,1,4413,-5.7,-109.4,0.1
8.0,122.539740,166.03,1.56,3.02,-8.05,-6.72,-2.0,1,5304,-5.2,-182.3,1.7
8.0,122.549740,167.7,1.52,-0.02,-8.1,-3.83,-3.75,1,5174,-4.0,-231.2,1.7
8.0,122.559739,168.57,1.52,-2.54,-8.16,0.0,-4.5,1,5046,-1.3,-203.2,0.8
8.0,122.569740,168.93,1.56,-3.44,-8.19,3.83,-4.75,1,4928,1.2,-118.5,1.3
8.0,122.579740,169.01,1.47,-3.37,-8.17,6.72,-4.25,1,4800,-11.5,-77.0,1.2
8.0,122.589740,167.52,1.38,-2.97,-8.16,7.94,-2.5,1,4672,3.4,-1.4,0.2
8.0,122.599740,165.23,1.52,-1.55,-8.13,7.2,-0.25,1,4536,-1.2,66.0,0.4
8.0,122.609740,162.95,1.5,0.88,-8.07,4.68,1.75,1,4409,3.4,175.6,-0.2
8.0,122.619743,161.37,1.65,4.35,-7.99,1.0,2.75,1,5309,9.8,238.4,-0.8
8.0,122.629740,161.54,1.66,6.86,-7.93,-2.93,2.5,1,5181,-6.5,188.2,-1.0
8.0,122.639740,162.42,1.55,7.08,-7.94,-6.13,1.75,1,5051,6.1,71.7,-0.3
8.0,122.649740,164.09,1.72,5.51,-7.98,-7.82,-0.0,1,4932,4.2,-40.8,-0.3
8.0,122.659740,166.29,1.64,3.11,-8.05,-7.57,-2.25,1,4796,-5.9,-127.5,0.6
8.0,122.669740,168.31,1.49,0.24,-8.09,-5.45,-4.25,1,4677,-4.2,-200.4,2.3
8.0,122.679740,169.19,1.45,-2.73,-8.15,-1.98,-5.25,1,4541,-6.5,-223.9,0.6
8.0,122.689740,169.1,1.51,-4.32,-8.21,1.98,-4.75,1,4414,8.3,-135.8,0.2
8.0,122.699740,168.66,1.59,-3.81,-8.19,5.45,-3.75,1,5305,-6.5,-36.8,1.8
8.0,122.709740,166.82,1.41,-2.7,-8.13,7.57,-1.75,1,5174,-2.9,12.2,1.4
8.0,122.719743,164.36,1.47,-0.99,-8.08,7.82,0.5,1,5050,1.9,122.6,1.1
8.0,122.729740,162.07,1.58,2.28,-8.01,6.13,2.75,1,4928,7.0,216.3,-1.3
8.0,122.739740,160.14,1.71,5.7,-7.95,2.93,4.0,1,4801,6.7,248.0,-1.3
8.0,122.749740,160.14,1.66,8.01,-7.91,-1.0,4.25,1,4673,-4.7,199.8,-2.2
8.0,122.759740,160.84,1.62,8.58,-7.91,-4.68,3.25,1,4538,7.0,105.2,0.1
8.0,122.769740,162.42,1.78,7.32,-7.93,-7.2,1.75,1,4409,4.7,-31.5,-0.7
8.0,122.779740,164.62,1.68,4.79,-8.01,-7.94,-0.5,1,5310,-7.1,-116.1,0.4
8.0,122.789740,166.9,1.52,2.12,-8.06,-6.72,-2.75,1,5179,-3.8,-182.4,0.9
8.0,122.799740,168.57,1.51,-0.95,-8.12,-3.83,-4.5,1,5052,-4.0,-240.3,2.3
8.0,122.809740,169.28,1.51,-3.59,-8.17,-0.0,-5.25,1,4934,-0.4,-207.0,0.7
8.0,122.819741,169.01,1.55,-4.34,-8.2,3.83,-4.5,1,4798,0.7,-107.9,1.4
8.0,122.829740,168.05,1.51,-3.44,-8.16,6.72,-3.25,1,4669,-5.2,-9.6,1.4
8.0,122.839740,166.03,1.45,-2.27,-8.12,7.94,-1.0,1,4542,-0.7,19.8,0.9
8.0,122.849740,163.3,1.52,-0.18,-8.08,7.2,1.75,1,4414,2.9,179.2,-0.5
8.0,122.859740,160.66,1.62,3.75,-7.99,4.68,4.25,1,5305,6.8,234.0,-0.7
8.0,122.869740,158.82,1.75,7.09,-7.91,1.0,5.25,1,5175,7.9,278.8,-1.1
8.0,122.879739,158.64,1.72,9.86,-7.86,-2.93,5.5,1,5047,-5.3,232.4,-2.8
8.0,122.889740,159.52,1.65,10.31,-7.87,-6.13,4.5,1,4928,6.5,91.3,-0.1
8.0,122.899740,161.02,1.8,8.54,-7.9,-7.82,3.0,1,4801,3.8,-35.9,-0.3
8.0,122.909740,163.21,1.72,6.0,-7.98,-7.57,0.75,1,4674,-4.7,-126.9,0.2
8.0,122.919740,165.32,1.58,3.26,-8.04,-5.45,-1.25,1,4537,-4.4,-182.5,1.5
8.0,122.929740,166.38,1.53,0.35,-8.09,-1.98,-2.25,1,4410,-5.3,-235.3,1.4
8.0,122.939743,166.55,1.6,-1.55,-8.14,1.98,-2.5,1,5310,7.2,-137.5,1.1
8.0,122.949740,166.73,1.65,-1.09,-8.13,5.45,-2.25,1,5182,-6.9,-52.0,1.3
8.0,122.959740,166.03,1.42,-0.49,-8.1,7.57,-1.25,1,5052,-9.2,-25.1,0.9
8.0,122.969740,164.36,1.45,-0.16,-8.1,7.82,0.75,1,4933,5.7,6.5,-0.7
8.0,122.979740,162.51,1.63,1.53,-8.05,6.13,2.5,1,4797,3.1,136.9,1.7
8.0,122.989740,161.19,1.65,4.77,-7.95,2.93,3.25,1,4669,3.9,193.7,-0.7
8.0,122.999740,161.37,1.61,6.73,-7.93,-1.0,2.75,1,4542,-5.6,139.2,-1.2
8.0,123.009740,162.42,1.58,6.96,-7.93,-4.68,1.75,1,4415,6.9,77.9,0.6
8.0,123.019740,164.09,1.74,5.71,-7.96,-7.2,-0.25,1,5306,3.1,-63.4,-0.9
8.0,123.029740,166.55,1.63,2.88,-8.05,-7.94,-2.5,1,5175,-6.4,-142.1,0.4
8.0,123.039741,168.75,1.48,-0.06,-8.09,-6.72,-4.75,1,5049,-4.7,-215.1,2.4
8.0,123.049740,169.72,1.45,-3.18,-8.15,-3.83,-5.75,1,4932,-5.4,-238.9,0.8
8.0,123.059740,169.8,1.5,-4.96,-8.21,0.0,-5.75,1,4793,5.2,-154.9,0.6
8.0,123.069740,169.8,1.54,-4.72,-8.19,3.83,-5.0,1,4674,-6.5,-59.8,2.0
8.0,123.079740,168.22,1.39,-3.72,-8.14,6.72,-3.25,1,4538,-2.9,4.9,1.0
8.0,123.089740,166.11,1.44,-2.35,-8.12,7.94,-1.25,1,4411,1.6,72.3,-0.2
8.0,123.099740,163.39,1.53,0.15,-8.07,7.2,1.75,1,5307,4.9,183.2,-0.2
8.0,123.109740,160.49,1.64,3.75,-7.98,4.68,4.25,1,5174,6.9,249.7,-1.0
8.0,123.119740,158.64,1.75,7.27,-7.9,1.0,5.5,1,5052,8.0,285.6,-1.1
8.0,123.129740,158.55,1.72,10.12,-7.85,-2.93,5.75,1,4934,-4.9,248.4,-2.9
8.0,123.139740,159.35,1.66,10.62,-7.86,-6.13,4.75,1,4797,7.0,87.3,0.4
8.0,123.149740,160.75,1.81,8.69,-7.88,-7.82,3.25,1,4670,4.0,-31.6,-0.3
8.0,123.159740,163.12,1.73,6.25,-7.96,-7.57,1.0,1,4542,-4.5,-125.0,0.4
8.0,123.169740,165.23,1.59,3.49,-8.02,-5.45,-1.25,1,4415,-4.7,-183.2,1.4
8.0,123.179740,166.11,1.52,0.58,-8.08,-1.98,-2.0,1,5306,-6.8,-232.2,1.2
8.0,123.189740,166.38,1.58,-1.31,-8.13,1.98,-2.25,1,5176,7.6,-140.3,0.7
8.0,123.199740,166.55,1.66,-0.98,-8.12,5.45,-2.25,1,5048,-5.8,-59.1,1.7
8.0,123.209740,165.94,1.43,-0.43,-8.09,7.57,-1.25,1,4931,-9.4,-25.9,0.7
8.0,123.219740,164.27,1.46,-0.04,-8.09,7.82,0.75,1,4793,5.7,6.1,-0.3
8.0,123.229740,162.42,1.63,1.55,-8.04,6.13,2.25,1,4674,2.6,126.4,1.7
8.0,123.239740,161.19,1.64,4.65,-7.95,2.93,3.0,1,4538,3.6,190.0,-0.8
8.0,123.249740,161.02,1.6,6.66,-7.93,-1.0,3.25,1,4411,-5.4,138.0,-1.2
8.0,123.259740,161.46,1.59,6.99,-7.93,-4.68,2.75,1,5308,7.2,84.6,0.3
8.0,123.269740,162.51,1.78,6.47,-7.93,-7.2,1.5,1,5175,7.0,1.5,-0.4
8.0,123.279740,164.18,1.68,4.84,-7.99,-7.94,-0.25,1,5053,-9.7,-79.8,-0.3
8.0,123.289740,166.64,1.49,2.56,-8.04,-6.72,-2.75,1,4934,-1.8,-147.0,0.8
8.0,123.299740,168.84,1.55,-0.22,-8.09,-3.83,-4.75,1,4798,-1.5,-211.1,2.5
8.0,123.309754,169.8,1.49,-3.32,-8.15,0.0,-5.75,1,4686,-6.6,-245.0,0.9
8.0,123.319752,169.89,1.48,-5.1,-8.2,3.83,-5.75,1,4556,3.3,-144.8,0.8
8.0,123.329753,169.54,1.53,-4.55,-8.18,6.72,-4.75,1,4429,-4.9,-44.7,1.8
8.0,123.339756,167.87,1.42,-3.52,-8.13,7.94,-2.75,1,5320,-2.7,2.9,1.2
8.0,123.349752,165.32,1.45,-1.97,-8.09,7.2,-0.5,1,5189,1.7,107.5,1.2
8.0,123.359754,163.04,1.54,1.14,-8.03,4.68,1.75,1,5072,4.0,205.8,-1.9
8.0,123.369753,161.37,1.65,4.54,-7.97,1.0,2.75,1,4944,8.5,242.0,-0.7
8.0,123.379752,161.37,1.63,6.72,-7.91,-2.93,2.75,1,4807,-6.5,182.3,-1.4
8.0,123.389753,162.16,1.56,7.21,-7.92,-6.13,2.0,1,4689,7.3,108.1,-0.1
8.0,123.399753,163.65,1.74,6.11,-7.94,-7.82,0.25,1,4553,5.1,-35.3,-1.0
8.0,123.409752,165.85,1.65,3.48,-8.03,-7.57,-1.75,1,4424,-6.2,-120.0,0.4
8.0,123.419756,167.78,1.5,0.79,-8.07,-5.45,-3.75,1,5325,-3.7,-184.6,1.7
8.0,123.429753,168.66,1.46,-2.14,-8.13,-1.98,-4.5,1,5186,-6.4,-227.6,1.1
8.0,123.439752,168.57,1.53,-3.86,-8.18,1.98,-4.25,1,5075,8.6,-129.7,0.1
8.0,123.449752,168.13,1.62,-3.2,-8.16,5.45,-3.25,1,4947,-5.6,-31.7,1.5
8.0,123.459753,166.2,1.44,-2.04,-8.1,7.57,-1.25,1,4812,-3.0,18.1,2.1
8.0,123.469752,163.83,1.49,-0.37,-8.05,7.82,1.25,1,4687,2.3,117.1,0.3
8.0,123.479752,161.37,1.6,2.76,-7.99,6.13,3.5,1,4557,5.1,214.1,-0.9
8.0,123.489753,159.35,1.72,6.31,-7.91,2.93,4.5,1,4439,8.3,258.4,-1.2
8.0,123.499755,159.35,1.7,8.84,-7.86,-1.0,4.75,1,5320,-5.7,208.5,-2.3
8.0,123.509752,160.14,1.64,9.35,-7.88,-4.68,4.0,1,5189,8.1,101.3,-0.3
8.0,123.519753,161.63,1.82,8.0,-7.9,-7.2,2.5,1,5072,4.5,-27.7,-0.4
8.0,123.529752,163.83,1.71,5.59,-7.97,-7.94,0.25,1,4943,-6.7,-111.6,0.2
8.0,123.539752,166.2,1.54,2.89,-8.02,-6.72,-2.25,1,4807,-4.9,-186.1,1.7
8.0,123.549753,167.78,1.52,-0.19,-8.08,-3.83,-3.75,1,4689,-3.6,-234.5,1.8
8.0,123.559756,168.75,1.52,-2.72,-8.14,-0.0,-4.75,1,4557,-2.1,-204.0,0.7
8.0,123.569752,169.01,1.55,-3.61,-8.17,3.83,-5.0,1,4434,1.6,-119.4,1.4
8.0,123.579756,169.1,1.47,-3.51,-8.15,6.72,-4.25,1,5326,-11.8,-74.9,1.2
8.0,123.589753,167.7,1.37,-3.1,-8.14,7.94,-2.75,1,5189,3.6,-3.1,0.3
8.0,123.599752,165.41,1.51,-1.74,-8.11,7.2,-0.5,1,5075,-0.9,64.1,0.3
8.0,123.609753,163.3,1.5,0.7,-8.05,4.68,1.5,1,4949,3.6,176.3,-0.3
8.0,123.619753,161.54,1.64,4.13,-7.97,1.0,2.5,1,4813,9.3,231.7,-0.2
8.0,123.629752,161.72,1.64,6.52,-7.91,-2.93,2.25,1,4687,-6.5,183.8,-0.9
8.0,123.639753,162.51,1.56,6.85,-7.92,-6.13,1.5,1,4558,7.1,80.2,-0.2
8.0,123.649753,164.18,1.73,5.42,-7.96,-7.82,-0.25,1,4439,3.9,-39.2,-0.5
8.0,123.659755,166.46,1.62,2.96,-8.03,-7.57,-2.25,1,5321,-7.0,-126.3,0.6
8.0,123.669753,168.4,1.47,0.11,-8.07,-5.45,-4.5,1,5191,-3.7,-198.6,2.3
8.0,123.679752,169.37,1.46,-2.87,-8.13,-1.98,-5.25,1,5071,-5.1,-225.7,0.6
8.0,123.689752,169.28,1.51,-4.5,-8.18,1.98,-5.25,1,4944,6.7,-135.8,0.4
8.0,123.699752,168.84,1.57,-4.01,-8.16,5.45,-4.0,1,4807,-6.4,-40.5,1.7
8.0,123.709753,166.99,1.4,-2.97,-8.11,7.57,-2.25,1,4681,-3.0,8.2,1.2
8.0,123.719752,164.71,1.46,-1.24,-8.06,7.82,0.25,1,4553,2.6,124.4,1.2
8.0,123.729752,162.16,1.58,2.06,-7.99,6.13,2.75,1,4437,5.7,214.1,-1.3
8.0,123.739756,160.31,1.68,5.47,-7.93,2.93,3.75,1,5318,7.0,251.9,-1.4
8.0,123.749752,160.31,1.66,7.81,-7.89,-1.0,3.75,1,5186,-4.4,196.4,-2.0
8.0,123.759752,160.93,1.62,8.34,-7.89,-4.68,3.25,1,5067,7.1,108.8,0.3
8.0,123.769753,162.51,1.77,7.2,-7.9,-7.2,1.5,1,4949,4.4,-26.9,-0.8
8.0,123.779752,164.71,1.67,4.67,-7.99,-7.94,-0.75,1,4812,-6.8,-117.6,0.4
8.0,123.789752,167.17,1.52,1.91,-8.04,-6.72,-3.25,1,4685,-3.8,-184.6,1.1
8.0,123.799753,168.84,1.5,-1.11,-8.1,-3.83,-4.75,1,4550,-4.5,-235.9,2.1
8.0,123.809754,169.37,1.51,-3.71,-8.15,0.0,-5.25,1,4458,0.9,-208.6,0.8
8.0,123.819755,169.19,1.55,-4.54,-8.18,3.83,-4.75,1,5321,-1.0,-109.7,1.2
8.0,123.829753,168.22,1.48,-3.66,-8.14,6.72,-3.25,1,5192,-4.6,-11.0,1.6
8.0,123.839756,166.2,1.43,-2.48,-8.1,7.94,-1.25,1,5076,-1.3,19.7,0.7
8.0,123.849752,163.74,1.5,-0.43,-8.05,7.2,1.25,1,4935,3.2,174.2,-0.2
8.0,123.859756,160.84,1.62,3.44,-7.97,4.68,3.75,1,4811,7.4,232.6,-0.6
8.0,123.869753,159.08,1.75,6.8,-7.89,1.0,5.0,1,4682,7.9,278.1,-1.3
8.0,123.879752,159.08,1.71,9.67,-7.83,-2.93,5.25,1,4553,-5.0,240.9,-2.7
8.0,123.889753,159.87,1.64,10.05,-7.85,-6.13,4.25,1,4454,5.8,75.5,-0.0
8.0,123.899756,161.54,1.77,8.06,-7.88,-7.82,2.75,1,5318,2.3,-33.5,-0.3
8.0,123.909752,163.65,1.69,5.72,-7.96,-7.57,0.25,1,5187,-3.0,-125.0,0.1
8.0,123.919756,165.67,1.59,2.95,-8.02,-5.45,-1.75,1,5072,-5.0,-185.4,1.7
8.0,123.929753,166.55,1.53,0.06,-8.07,-1.98,-2.5,1,4941,-3.6,-229.2,1.3
8.0,123.939752,166.55,1.61,-1.78,-8.12,1.98,-2.25,1,4813,6.5,-140.4,0.8
8.0,123.949752,166.29,1.63,-1.3,-8.11,5.45,-1.25,1,4686,-8.2,-40.8,0.9
8.0,123.959753,164.44,1.46,-0.26,-8.07,7.57,0.5,1,4553,-2.1,4.8,1.4
8.0,123.969752,162.07,1.55,1.36,-8.0,7.82,3.0,1,4449,2.3,116.2,1.5
8.0,123.979755,159.7,1.65,4.56,-7.94,6.13,5.25,1,5321,5.5,209.2,-1.9
8.0,123.989753,158.03,1.77,7.94,-7.88,2.93,6.25,1,5192,8.0,244.9,-1.2
8.0,123.999755,157.85,1.74,10.16,-7.83,-1.0,6.25,1,5075,-5.9,186.5,-2.0
8.0,124.009752,158.73,1.67,10.71,-7.83,-4.68,5.5,1,4936,6.8,113.2,0.4
8.0,124.019755,160.31,1.86,9.65,-7.84,-7.2,3.75,1,4811,6.0,-32.0,-0.8
8.0,124.029752,162.33,1.76,7.0,-7.94,-7.94,1.75,1,4682,-7.3,-120.6,0.2
8.0,124.039752,165.15,1.57,4.26,-7.99,-6.72,-1.25,1,4554,-5.5,-185.4,1.3
8.0,124.049753,167.61,1.54,1.16,-8.05,-3.83,-3.5,1,4454,-4.9,-244.5,2.1
8.0,124.059757,168.93,1.47,-2.19,-8.11,0.0,-4.75,1,5319,-7.4,-276.5,1.9
8.0,124.069752,168.84,1.52,-4.27,-8.17,3.83,-4.75,1,5195,7.1,-176.2,0.5
8.0,124.079753,168.57,1.6,-3.88,-8.16,6.72,-3.75,1,5068,-6.0,-60.8,1.9
8.0,124.089753,166.9,1.45,-2.69,-8.1,7.94,-1.75,1,4942,-2.1,3.9,1.5
8.0,124.099752,164.53,1.48,-1.06,-8.05,7.2,0.5,1,4813,-1.0,98.4,1.0
8.0,124.109753,162.16,1.55,1.93,-7.99,4.68,2.5,1,4687,6.2,204.0,-0.9
8.0,124.119753,160.4,1.69,5.4,-7.92,1.0,3.75,1,4551,6.6,241.4,-1.0
8.0,124.129752,160.58,1.65,7.68,-7.88,-2.93,3.5,1,4457,-5.5,190.8,-2.1
8.0,124.139756,161.63,1.6,8.03,-7.89,-6.13,2.5,1,5323,7.6,86.4,0.1
8.0,124.149753,163.21,1.75,6.56,-7.91,-7.82,0.75,1,5192,2.2,-42.8,-0.2
8.0,124.159755,165.59,1.63,3.91,-7.98,-7.57,-1.5,1,5075,-6.4,-136.1,0.8
8.0,124.169753,167.7,1.5,0.99,-8.04,-5.45,-3.75,1,4938,-4.1,-198.9,1.6
8.0,124.179754,168.66,1.46,-2.09,-8.1,-1.98,-4.5,1,4810,-6.8,-244.7,1.3
8.0,124.189752,168.66,1.52,-3.98,-8.16,1.98,-4.5,1,4685,9.0,-143.8,-0.1
8.0,124.199752,168.22,1.62,-3.4,-8.15,5.45,-3.25,1,4555,-5.6,-43.3,1.5
8.0,124.209753,166.55,1.44,-2.24,-8.08,7.57,-1.75,1,4454,-3.3,16.2,2.0
8.0,124.219755,164.18,1.48,-0.65,-8.03,7.82,0.75,1,5318,1.1,99.6,0.5
8.0,124.229752,161.81,1.58,2.3,-7.98,6.13,3.0,1,5196,5.9,211.8,-1.0
8.0,124.239752,160.05,1.72,5.86,-7.9,2.93,4.25,1,5068,8.1,243.7,-0.8
8.0,124.249752,159.96,1.68,8.09,-7.86,-1.0,4.25,1,4941,-6.7,191.4,-2.2
8.0,124.259752,160.66,1.6,8.61,-7.87,-4.68,3.25,1,4814,6.7,104.6,0.0
8.0,124.269753,162.33,1.78,7.4,-7.89,-7.2,1.75,1,4687,5.4,-34.3,-0.8
8.0,124.279752,164.44,1.69,4.84,-7.97,-7.94,-0.5,1,4550,-7.4,-117.2,0.5
8.0,124.289752,166.9,1.53,2.18,-8.02,-6.72,-2.75,1,4458,-3.0,-183.6,1.0
8.0,124.299756,168.66,1.52,-0.91,-8.08,-3.83,-4.5,1,5324,-5.3,-242.9,2.3
8.0,124.309756,169.19,1.5,-3.59,-8.13,-0.0,-5.25,1,5199,0.3,-208.0,0.7
8.0,124.319755,169.01,1.56,-4.32,-8.16,3.83,-4.5,1,5076,0.1,-108.2,1.1
8.0,124.329753,168.05,1.5,-3.45,-8.12,6.72,-3.25,1,4938,-5.1,-13.0,1.6
8.0,124.339753,166.03,1.45,-2.3,-8.08,7.94,-1.0,1,4811,-0.5,20.3,0.9
8.0,124.349752,163.48,1.51,-0.19,-8.04,7.2,1.75,1,4685,1.9,177.5,-0.6
8.0,124.359753,160.58,1.62,3.7,-7.95,4.68,4.0,1,4556,8.2,232.2,-0.4
8.0,124.369753,158.91,1.76,7.05,-7.86,1.0,5.25,1,4454,7.2,279.8,-1.2
8.0,124.379755,158.73,1.71,9.89,-7.82,-2.93,5.5,1,5318,-4.8,236.5,-2.8
8.0,124.389753,159.52,1.65,10.32,-7.83,-6.13,4.5,1,5189,5.9,87.1,0.3
8.0,124.399755,161.1,1.79,8.48,-7.86,-7.82,3.0,1,5072,3.7,-35.0,-0.4
8.0,124.409752,163.21,1.72,6.0,-7.94,-7.57,0.75,1,4942,-4.0,-126.4,0.2
8.0,124.419753,165.41,1.59,3.27,-8.0,-5.45,-1.25,1,4816,-5.1,-181.5,1.6
8.0,124.429753,166.29,1.52,0.36,-8.05,-1.98,-2.25,1,4688,-5.1,-235.4,1.4
8.0,124.439752,166.55,1.6,-1.56,-8.1,1.98,-2.5,1,4551,7.2,-138.0,1.0
8.0,124.449752,166.73,1.65,-1.1,-8.08,5.45,-2.25,1,4458,-6.5,-52.1,1.3
8.0,124.459756,166.03,1.42,-0.51,-8.05,7.57,-1.25,1,5324,-9.5,-26.1,1.0
8.0,124.469752,164.27,1.45,-0.18,-8.06,7.82,0.75,1,5193,5.6,6.2,-0.7
8.0,124.479755,162.51,1.63,1.5,-8.01,6.13,2.5,1,5077,3.1,136.2,1.7
8.0,124.489753,161.19,1.65,4.72,-7.91,2.93,3.25,1,4939,3.9,192.6,-0.7
8.0,124.499752,161.28,1.61,6.67,-7.89,-1.0,2.75,1,4810,-5.6,138.2,-1.2
8.0,124.509752,162.33,1.58,6.95,-7.89,-4.68,1.75,1,4686,6.6,82.5,0.5
8.0,124.519753,164.09,1.73,5.76,-7.92,-7.2,-0.25,1,4556,3.7,-63.7,-0.9
8.0,124.529752,166.55,1.63,2.89,-8.01,-7.94,-2.5,1,4454,-6.4,-140.7,0.4
8.0,124.539755,168.75,1.48,-0.02,-8.05,-6.72,-4.75,1,5319,-4.8,-214.3,2.5
8.0,124.549753,169.8,1.45,-3.14,-8.11,-3.83,-5.75,1,5189,-5.5,-238.2,0.8
8.0,124.559759,169.8,1.5,-4.92,-8.17,-0.0,-5.75,1,5077,5.4,-154.2,0.6
8.0,124.569752,169.8,1.54,-4.69,-8.15,3.83,-4.75,1,4937,-6.8,-60.5,2.0
8.0,124.579753,168.31,1.38,-3.7,-8.1,6.72,-3.25,1,4816,-3.0,4.6,1.0
8.0,124.589753,166.03,1.44,-2.33,-8.08,7.94,-1.25,1,4688,1.9,72.1,-0.2
8.0,124.599752,163.3,1.54,0.17,-8.03,7.2,1.75,1,4551,4.9,182.8,-0.2
8.0,124.609753,160.4,1.64,3.76,-7.95,4.68,4.25,1,4459,6.6,248.7,-1.0
8.0,124.619756,158.64,1.74,7.27,-7.86,1.0,5.5,1,5324,8.2,285.5,-1.1
8.0,124.629752,158.47,1.72,10.12,-7.81,-2.93,5.75,1,5193,-4.9,247.7,-2.9
8.0,124.639755,159.35,1.66,10.64,-7.82,-6.13,4.75,1,5077,7.0,90.0,0.4
8.0,124.649753,160.84,1.82,8.76,-7.84,-7.82,3.25,1,4939,4.3,-30.2,-0.3
8.0,124.659752,163.04,1.73,6.33,-7.92,-7.57,1.0,1,4811,-4.8,-123.3,0.3
8.0,124.669753,165.15,1.59,3.56,-7.98,-5.45,-1.0,1,4687,-4.7,-183.4,1.6
8.0,124.679753,166.11,1.52,0.66,-8.04,-1.98,-2.0,1,4557,-7.3,-229.9,1.0
8.0,124.689752,166.55,1.57,-1.21,-8.09,1.98,-2.25,1,4454,7.9,-140.5,0.6
8.0,124.699755,166.46,1.67,-0.92,-8.08,5.45,-2.25,1,5319,-5.2,-60.7,1.9
8.0,124.709753,165.94,1.44,-0.39,-8.04,7.57,-1.0,1,5190,-9.8,-26.8,0.5
8.0,124.719755,164.27,1.45,0.01,-8.05,7.82,0.75,1,5073,5.8,6.4,-0.2
8.0,124.729752,162.33,1.63,1.57,-8.0,6.13,2.75,1,4937,2.3,122.7,1.6
8.0,124.739753,160.49,1.64,4.68,-7.91,2.93,4.25,1,4816,3.7,195.2,-1.3
8.0,124.749752,159.7,1.67,7.2,-7.88,-1.0,4.5,1,4688,1.1,179.3,-1.0
8.0,124.759752,160.31,1.66,8.61,-7.85,-4.68,3.75,1,4551,1.3,156.9,-0.9
8.0,124.769753,161.63,1.71,8.3,-7.86,-7.2,2.5,1,4460,4.3,-8.1,-0.4
8.0,124.779755,163.65,1.71,5.75,-7.93,-7.94,0.25,1,5324,-2.1,-90.7,0.2
8.0,124.789752,165.94,1.59,3.19,-7.99,-6.72,-1.75,1,5196,-4.8,-173.6,1.7
8.0,124.799755,167.43,1.53,0.16,-8.04,-3.83,-3.25,1,5077,-3.6,-220.2,1.5
8.0,124.809756,167.96,1.54,-2.27,-8.1,-0.0,-3.75,1,4945,-0.3,-196.4,0.9
8.0,124.819752,167.78,1.57,-3.02,-8.13,3.83,-3.25,1,4811,-0.3,-98.1,0.7
8.0,124.829753,166.9,1.54,-2.11,-8.09,6.72,-2.25,1,4685,-2.8,-7.7,1.2
8.0,124.839756,165.15,1.49,-0.99,-8.05,7.94,-0.0,1,4551,-2.6,22.2,1.2
8.0,124.849752,162.42,1.51,0.83,-8.0,7.2,2.5,1,5444,2.2,151.7,0.5
8.0,124.859756,159.87,1.63,4.42,-7.93,4.68,4.75,1,5321,6.9,229.6,-1.8
8.0,124.869753,157.85,1.77,7.88,-7.86,1.0,6.5,1,5190,8.0,268.9,-1.2
8.0,124.879755,156.88,1.74,10.48,-7.8,-2.93,7.25,1,5074,-5.1,220.0,-2.6
8.0,124.889753,157.06,1.74,11.68,-7.79,-6.13,7.25,1,4938,13.1,169.3,0.4
8.0,124.899753,158.12,1.92,11.46,-7.76,-7.82,6.0,1,4817,-1.2,29.3,-0.2
8.0,124.909752,159.96,1.74,9.37,-7.84,-7.57,4.25,1,4688,-1.6,-69.0,-0.5
8.0,124.919756,162.25,1.74,7.0,-7.91,-5.45,1.75,1,4556,1.2,-139.3,0.7
8.0,124.929753,164.36,1.68,4.25,-7.97,-1.98,-0.25,1,5450,-8.2,-204.3,1.2
8.0,124.939755,165.32,1.51,1.12,-8.04,1.98,-1.25,1,5324,-7.5,-248.1,1.4
8.0,124.949752,165.32,1.59,-0.73,-8.09,5.45,-1.0,1,5194,7.5,-141.8,0.6
8.0,124.959756,164.79,1.71,-0.0,-8.06,7.57,0.25,1,5079,-2.8,-33.4,2.2
8.0,124.969752,162.95,1.57,1.2,-8.0,7.82,2.0,1,4939,-4.2,12.2,1.4
8.0,124.979755,161.1,1.56,2.83,-7.96,6.13,3.75,1,4814,0.1,117.7,0.1
8.0,124.989753,159.96,1.67,5.81,-7.9,2.93,4.25,1,4680,5.9,191.9,-0.5
8.0,124.999755,160.14,1.67,7.97,-7.85,-1.0,4.25,1,4560,-6.5,141.9,-1.2
8.0,125.009752,161.02,1.6,8.23,-7.86,-4.68,3.0,1,5447,5.9,76.5,0.2
8.0,125.019756,162.86,1.77,6.95,-7.89,-7.2,1.25,1,5321,5.0,-62.5,-0.5
8.0,125.029752,165.32,1.67,4.17,-7.97,-7.94,-1.25,1,5190,-8.8,-139.7,0.7
8.0,125.039755,167.43,1.47,1.3,-8.02,-6.72,-3.25,1,5074,-5.5,-209.7,1.9
8.0,125.049753,168.49,1.45,-1.82,-8.08,-3.83,-4.5,1,4939,-5.0,-242.0,1.1
8.0,125.059756,168.66,1.53,-3.71,-8.14,-0.0,-4.5,1,4820,7.2,-156.5,0.0
8.0,125.069752,168.4,1.6,-3.46,-8.13,3.83,-3.5,1,4680,-5.8,-60.2,1.8
8.0,125.079756,166.82,1.44,-2.38,-8.07,6.72,-1.75,1,4557,-2.8,11.4,1.5
8.0,125.089753,164.62,1.47,-0.89,-8.04,7.94,0.5,1,5450,0.0,77.3,0.3
8.0,125.099755,161.89,1.56,1.74,-7.99,7.2,3.25,1,5325,6.0,197.3,-0.5
8.0,125.109753,158.91,1.7,5.42,-7.9,4.68,5.75,1,5198,7.8,248.5,-1.3
8.0,125.119754,157.15,1.8,8.78,-7.83,1.0,7.25,1,5078,6.6,285.1,-1.6
8.0,125.129752,156.88,1.75,11.55,-7.77,-2.93,7.25,1,4940,-4.8,240.5,-2.7
8.0,125.139756,157.85,1.71,12.13,-7.78,-6.13,6.5,1,4816,8.1,102.7,-0.1
8.0,125.149753,159.26,1.86,10.46,-7.8,-7.82,4.75,1,4678,2.7,-29.6,0.2
8.0,125.159755,161.37,1.77,8.0,-7.87,-7.57,2.75,1,4560,-2.5,-114.1,0.4
8.0,125.169753,163.74,1.67,5.23,-7.94,-5.45,0.25,1,5446,-4.1,-192.5,1.6
8.0,125.179756,165.32,1.58,2.17,-8.0,-1.98,-1.25,1,5322,-7.3,-227.0,1.6
8.0,125.189752,166.03,1.55,-0.25,-8.05,1.98,-1.75,1,5190,0.3,-208.2,1.7
8.0,125.199755,166.03,1.65,-1.15,-8.06,5.45,-1.5,1,5074,2.2,-108.6,1.9
8.0,125.209753,165.23,1.61,-0.31,-8.03,7.57,-0.25,1,4937,-5.8,-15.1,1.1
8.0,125.219752,163.12,1.52,0.74,-8.0,7.82,1.75,1,4807,-1.1,11.2,0.7
8.0,125.229752,161.28,1.59,2.55,-7.97,6.13,3.5,1,4680,1.7,154.7,-0.6
8.0,125.239756,159.87,1.7,6.0,-7.88,2.93,4.25,1,4557,7.5,202.2,-0.2
8.0,125.249752,159.96,1.69,7.99,-7.83,-1.0,4.25,1,5441,-7.3,151.3,-1.5
8.0,125.259755,160.84,1.59,8.37,-7.85,-4.68,3.25,1,5325,5.0,88.7,-0.0
8.0,125.269753,162.51,1.77,7.21,-7.87,-7.2,1.5,1,5199,6.0,-53.8,-0.8
8.0,125.279752,164.88,1.69,4.45,-7.96,-7.94,-0.75,1,5076,-8.4,-133.0,0.7
8.0,125.289752,167.34,1.49,1.67,-8.0,-6.72,-3.25,1,4940,-5.3,-199.2,1.4
10.0,127.319740,164.53,1.64,3.94,-7.91,-0.0,-0.5,1,4572,-2.4,-150.5,1.3
10.0,127.329740,165.15,1.56,1.4,-7.97,3.74,-1.0,1,5434,-6.2,-197.8,0.5
10.0,127.339740,164.88,1.59,-0.22,-8.02,6.06,-0.5,1,5306,6.9,-113.8,-0.4
10.0,127.349740,164.09,1.7,0.55,-8.0,6.06,0.75,1,5188,-2.1,-7.3,1.7
10.0,127.359740,162.42,1.57,1.96,-7.92,3.74,2.5,1,5064,-4.4,34.4,2.1
10.0,127.369740,160.93,1.58,3.79,-7.87,0.0,3.5,1,4883,2.7,141.8,0.3
10.0,127.379740,160.49,1.65,6.39,-7.82,-3.74,3.5,1,4797,-0.3,152.6,-0.9
10.0,127.389740,161.54,1.62,7.62,-7.81,-6.06,2.5,1,4674,-0.2,112.4,-0.6
10.0,127.399740,163.04,1.67,6.82,-7.83,-6.06,0.75,1,4569,5.0,-39.8,-0.1
10.0,127.409740,164.79,1.68,4.02,-7.9,-3.74,-0.75,1,5433,-3.8,-128.2,1.1
10.0,127.419740,165.32,1.52,1.3,-7.96,-0.0,-1.25,1,5311,-6.7,-183.7,0.6
10.0,127.429740,165.06,1.57,-0.24,-8.01,3.74,-0.75,1,5192,7.8,-98.5,-0.8
10.0,127.439741,164.44,1.7,0.53,-8.0,6.06,0.5,1,5058,-1.1,-7.9,1.4
10.0,127.449740,162.42,1.57,1.81,-7.92,6.06,2.5,1,4929,-4.8,38.0,1.7
10.0,127.459741,160.22,1.55,3.61,-7.88,3.74,4.5,1,4803,1.8,134.1,-0.6
10.0,127.469743,158.91,1.71,6.71,-7.82,0.0,5.25,1,4668,8.1,213.8,-0.9
10.0,127.479740,159.35,1.73,9.38,-7.76,-3.74,4.75,1,4576,-5.3,187.4,-1.6
10.0,127.489740,160.4,1.64,9.47,-7.77,-6.06,3.75,1,5436,5.5,34.9,0.3
10.0,127.499739,162.25,1.77,7.26,-7.82,-6.06,1.75,1,5307,2.3,-68.1,0.3
10.0,127.509740,164.0,1.67,4.76,-7.88,-3.74,0.25,1,5191,-6.1,-147.6,0.9
10.0,127.519742,164.62,1.55,1.99,-7.95,0.0,-0.5,1,5055,-3.6,-197.4,0.5
10.0,127.529740,164.53,1.63,0.39,-7.99,3.74,-0.25,1,4925,5.6,-109.7,1.3
10.0,127.539740,164.0,1.69,1.03,-7.95,6.06,1.0,1,4797,-2.8,-23.5,1.5
10.0,127.549740,162.07,1.57,2.18,-7.91,6.06,3.0,1,4674,-3.6,28.9,1.3
10.0,127.559740,160.05,1.6,3.94,-7.87,3.74,4.75,1,4568,3.1,123.7,-0.5
10.0,127.569740,158.73,1.73,6.85,-7.81,-0.0,5.25,1,5433,5.8,196.1,-1.1
10.0,127.579740,159.08,1.7,9.19,-7.76,-3.74,5.0,1,5312,-6.1,161.7,-1.5
10.0,127.589740,160.31,1.65,9.4,-7.77,-6.06,3.75,1,5194,6.2,55.9,0.2
10.0,127.599740,162.16,1.78,7.64,-7.81,-6.06,1.75,1,5058,1.8,-70.2,-0.2
10.0,127.609740,163.92,1.66,4.86,-7.89,-3.74,0.25,1,4930,-6.7,-152.8,0.9
10.0,127.619741,164.62,1.54,2.0,-7.95,-0.0,-0.5,1,4803,-3.3,-202.9,0.8
10.0,127.629743,164.44,1.63,0.39,-7.98,3.74,-0.25,1,4669,6.1,-111.0,1.3
10.0,127.639740,164.0,1.69,1.05,-7.95,6.06,1.0,1,4577,-3.7,-26.3,1.4
10.0,127.649740,162.16,1.56,2.16,-7.91,6.06,2.75,1,5435,-3.5,27.2,1.4
10.0,127.659741,160.05,1.6,3.91,-7.87,3.74,4.75,1,5309,3.3,121.1,-0.5
10.0,127.669740,158.91,1.73,6.78,-7.81,0.0,5.25,1,5192,5.6,193.7,-1.0
10.0,127.679741,159.26,1.7,9.1,-7.76,-3.74,5.0,1,5055,-6.1,159.5,-1.4
10.0,127.689740,160.49,1.64,9.28,-7.77,-6.06,3.75,1,4926,5.9,51.4,0.2
10.0,127.699740,162.25,1.78,7.46,-7.81,-6.06,1.75,1,4799,2.3,-74.0,-0.0
10.0,127.709740,164.09,1.66,4.65,-7.88,-3.74,-0.0,1,4670,-7.5,-155.5,1.0
10.0,127.719740,164.79,1.53,1.81,-7.95,-0.0,-0.75,1,5558,-3.4,-202.5,0.5
10.0,127.729740,164.62,1.63,0.16,-7.99,3.74,-0.25,1,5434,6.1,-117.9,1.5
10.0,127.739740,164.09,1.7,0.76,-7.95,6.06,0.75,1,5313,-2.3,-24.3,1.3
10.0,127.749740,162.16,1.58,2.03,-7.91,6.06,2.75,1,5196,-4.0,33.6,1.3
10.0,127.759741,160.22,1.59,3.81,-7.87,3.74,4.5,1,5058,2.5,120.5,-0.8
10.0,127.769740,158.82,1.72,6.65,-7.81,-0.0,5.25,1,4933,5.9,196.4,-0.6
10.0,127.779740,159.35,1.7,9.0,-7.76,-3.74,4.75,1,4794,-5.7,159.6,-1.4
10.0,127.789740,160.49,1.64,9.2,-7.76,-6.06,3.75,1,4667,6.0,56.6,0.2
10.0,127.799740,162.25,1.78,7.47,-7.8,-6.06,1.75,1,5558,2.5,-70.1,-0.0
10.0,127.809740,164.09,1.66,4.69,-7.88,-3.74,-0.0,1,5435,-7.5,-150.8,0.9
10.0,127.819741,164.79,1.53,1.9,-7.94,0.0,-0.75,1,5310,-3.5,-198.7,0.4
10.0,127.829740,164.53,1.62,0.27,-7.98,3.74,-0.25,1,5192,6.0,-114.7,1.4
10.0,127.839742,164.18,1.69,0.88,-7.95,6.06,1.0,1,5055,-2.6,-23.0,1.3
10.0,127.849740,162.16,1.57,2.12,-7.9,6.06,2.75,1,4926,-3.6,32.2,1.3
10.0,127.859740,160.05,1.6,3.9,-7.86,3.74,4.75,1,4789,3.0,122.6,-0.7
10.0,127.869740,158.73,1.73,6.75,-7.81,0.0,5.25,1,4671,6.0,195.4,-0.9
10.0,127.879740,159.35,1.7,9.09,-7.76,-3.74,5.0,1,5558,-6.1,160.9,-1.4
10.0,127.889740,160.49,1.64,9.29,-7.76,-6.06,3.75,1,5435,6.0,54.3,0.3
10.0,127.899740,162.25,1.78,7.5,-7.8,-6.06,1.75,1,5314,2.3,-72.5,-0.1
10.0,127.909740,164.18,1.66,4.66,-7.88,-3.74,-0.0,1,5194,-7.7,-156.7,1.0
10.0,127.919740,164.88,1.52,1.78,-7.94,-0.0,-0.75,1,5058,-3.3,-204.0,0.5
10.0,127.929740,164.71,1.63,0.11,-7.98,3.74,-0.5,1,4931,6.2,-119.7,1.5
10.0,127.939740,164.27,1.7,0.7,-7.95,6.06,0.75,1,4795,-2.3,-25.5,1.3
10.0,127.949740,162.25,1.58,1.98,-7.9,6.06,2.75,1,4666,-4.1,33.5,1.4
10.0,127.959740,160.22,1.58,3.77,-7.86,3.74,4.5,1,5557,2.2,120.0,-0.8
10.0,127.969740,158.91,1.71,6.61,-7.81,0.0,5.25,1,5436,6.1,197.9,-0.6
10.0,127.979740,159.26,1.7,9.02,-7.75,-3.74,4.75,1,5309,-5.6,163.4,-1.5
10.0,127.989740,160.66,1.64,9.19,-7.76,-6.06,3.75,1,5192,5.9,51.4,-0.1
10.0,127.999741,162.33,1.78,7.35,-7.8,-6.06,1.75,1,5055,2.8,-71.2,0.3
10.0,128.009740,164.18,1.67,4.63,-7.87,-3.74,-0.0,1,4926,-7.6,-149.9,1.0
10.0,128.019743,164.79,1.52,1.87,-7.94,0.0,-0.75,1,4802,-3.7,-197.2,0.4
10.0,128.029740,164.71,1.62,0.24,-7.98,3.74,-0.25,1,4662,6.2,-115.7,1.5
10.0,128.039740,164.18,1.7,0.84,-7.94,6.06,0.75,1,5559,-2.5,-22.0,1.3
10.0,128.049740,162.07,1.58,2.11,-7.9,6.06,2.75,1,5434,-3.7,33.2,1.3
10.0,128.059740,160.14,1.59,3.89,-7.85,3.74,4.75,1,5313,2.8,123.3,-0.7
10.0,128.069740,158.82,1.72,6.75,-7.8,-0.0,5.25,1,5194,5.9,196.2,-0.8
10.0,128.079740,159.35,1.7,9.08,-7.75,-3.74,5.0,1,5058,-5.9,159.7,-1.4
10.0,128.089740,160.49,1.65,9.28,-7.75,-6.06,3.75,1,4931,6.0,57.2,0.3
10.0,128.099739,162.25,1.78,7.55,-7.79,-6.06,1.75,1,4795,2.3,-71.3,-0.2
10.0,128.109740,164.09,1.66,4.7,-7.87,-3.74,-0.0,1,4667,-7.8,-156.3,0.9
10.0,128.119740,164.88,1.52,1.81,-7.93,-0.0,-0.75,1,5555,-3.2,-204.1,0.6
10.0,128.129740,164.71,1.63,0.14,-7.97,3.74,-0.25,1,5427,6.1,-118.8,1.5
10.0,128.139741,164.09,1.7,0.74,-7.94,6.06,0.75,1,5311,-2.4,-25.4,1.3
10.0,128.149740,162.25,1.58,2.01,-7.9,6.06,2.75,1,5191,-4.0,33.1,1.4
10.0,128.159743,160.31,1.59,3.79,-7.85,3.74,4.5,1,5057,2.5,119.9,-0.8
10.0,128.169740,158.91,1.71,6.63,-7.8,0.0,5.25,1,4929,5.7,197.9,-0.7
10.0,128.179741,159.43,1.7,9.05,-7.74,-3.74,4.75,1,4793,-5.4,163.2,-1.5
10.0,128.189740,160.49,1.65,9.22,-7.75,-6.06,3.75,1,4673,5.8,51.8,0.1
10.0,128.199740,162.33,1.78,7.39,-7.79,-6.06,1.75,1,5561,2.6,-70.8,0.1
10.0,128.209740,164.09,1.67,4.67,-7.87,-3.74,-0.0,1,5432,-7.3,-150.0,0.9
10.0,128.219740,164.79,1.53,1.9,-7.93,-0.0,-0.75,1,5305,-3.8,-198.0,0.4
10.0,128.229740,164.62,1.62,0.27,-7.97,3.74,-0.25,1,5196,6.1,-114.6,1.4
10.0,128.239740,164.09,1.7,0.88,-7.94,6.06,1.0,1,5059,-2.7,-22.8,1.3
10.0,128.249740,162.07,1.57,2.12,-7.89,6.06,2.75,1,4934,-3.7,32.1,1.4
10.0,128.259739,160.22,1.59,3.9,-7.85,3.74,4.75,1,4795,2.9,123.5,-0.6
10.0,128.269740,158.73,1.73,6.77,-7.79,-0.0,5.25,1,4668,6.0,196.3,-0.9
10.0,128.279740,159.17,1.7,9.11,-7.74,-3.74,5.0,1,5556,-5.9,160.5,-1.5
10.0,128.289740,160.4,1.65,9.31,-7.75,-6.06,3.75,1,5429,6.0,56.0,0.3
10.0,128.299740,162.25,1.78,7.55,-7.78,-6.06,1.75,1,5310,2.3,-71.7,-0.1
10.0,128.309740,164.09,1.66,4.71,-7.87,-3.74,-0.0,1,5191,-7.7,-156.4,0.9
10.0,128.319740,164.79,1.52,1.81,-7.93,0.0,-0.75,1,5056,-3.3,-204.6,0.6
10.0,128.329740,164.62,1.63,0.14,-7.97,3.74,-0.25,1,4930,6.1,-118.7,1.5
10.0,128.339740,164.18,1.7,0.74,-7.94,6.06,0.75,1,4791,-2.5,-25.7,1.3
10.0,128.349740,162.25,1.58,2.01,-7.89,6.06,2.75,1,4672,-3.9,33.2,1.4
10.0,128.359740,160.22,1.59,3.79,-7.85,3.74,4.5,1,5560,2.4,119.9,-0.8
10.0,128.369740,158.99,1.72,6.63,-7.8,0.0,5.25,1,5433,5.9,197.6,-0.7
10.0,128.379740,159.26,1.7,9.03,-7.74,-3.74,4.75,1,5305,-5.6,162.4,-1.5
10.0,128.389740,160.58,1.65,9.21,-7.75,-6.06,3.75,1,5196,5.9,52.5,0.1
10.0,128.399740,162.33,1.78,7.4,-7.79,-6.06,1.75,1,5060,2.6,-70.5,0.2
10.0,128.409740,164.09,1.67,4.67,-7.86,-3.74,-0.0,1,4932,-7.5,-150.1,0.8
10.0,128.419741,164.79,1.52,1.9,-7.93,-0.0,-0.75,1,4797,-3.7,-198.1,0.4
10.0,128.429740,164.62,1.62,0.27,-7.97,3.74,-0.25,1,4668,6.1,-114.9,1.4
10.0,128.439740,164.18,1.7,0.87,-7.93,6.06,1.0,1,5556,-2.6,-22.6,1.3
10.0,128.449740,162.07,1.57,2.12,-7.88,6.06,2.75,1,5428,-3.7,32.4,1.4
10.0,128.459740,160.05,1.59,3.9,-7.84,3.74,4.75,1,5310,2.9,123.3,-0.6
10.0,128.469740,158.91,1.72,6.77,-7.79,0.0,5.25,1,5192,5.8,196.1,-0.9
10.0,128.479739,159.26,1.7,9.1,-7.74,-3.74,5.0,1,5055,-5.8,160.5,-1.4
10.0,128.489740,160.49,1.65,9.31,-7.74,-6.06,3.75,1,4932,6.0,56.1,0.3
10.0,128.499740,162.33,1.78,7.55,-7.78,-6.06,1.75,1,4792,2.3,-71.2,-0.2
10.0,128.509740,164.09,1.66,4.72,-7.86,-3.74,-0.0,1,4673,-7.7,-156.3,0.9
10.0,128.519760,164.88,1.52,1.82,-7.92,-0.0,-0.75,1,5580,-3.3,-204.6,0.6
10.0,128.529752,164.71,1.63,0.15,-7.96,3.74,-0.25,1,5446,6.2,-118.6,1.5
10.0,128.539753,164.27,1.7,0.75,-7.93,6.06,0.75,1,5320,-2.5,-25.8,1.3
10.0,128.549752,162.25,1.58,2.01,-7.88,6.06,2.75,1,5209,-3.9,33.2,1.4
10.0,128.559755,160.22,1.59,3.8,-7.84,3.74,4.5,1,5074,2.3,119.7,-0.8
10.0,128.569756,158.99,1.71,6.63,-7.79,0.0,5.25,1,4949,5.9,197.5,-0.6
10.0,128.579754,159.26,1.7,9.04,-7.73,-3.74,4.75,1,4811,-5.6,162.5,-1.5
10.0,128.589753,160.49,1.65,9.21,-7.74,-6.06,3.75,1,4686,5.9,52.8,0.1
10.0,128.599755,162.25,1.78,7.41,-7.78,-6.06,1.75,1,5572,2.6,-70.4,0.1
10.0,128.609753,164.0,1.67,4.68,-7.85,-3.74,-0.0,1,5443,-7.4,-150.0,0.9
10.0,128.619756,164.71,1.53,1.9,-7.92,-0.0,-0.75,1,5327,-3.7,-198.3,0.5
10.0,128.629752,164.53,1.62,0.27,-7.96,3.74,-0.25,1,5205,6.1,-114.9,1.4
10.0,128.639753,164.09,1.7,0.87,-7.93,6.06,1.0,1,5068,-2.6,-23.3,1.3
10.0,128.649752,162.16,1.57,2.11,-7.88,6.06,2.75,1,4941,-3.7,32.4,1.5
10.0,128.659756,160.14,1.59,3.9,-7.84,3.74,4.75,1,4809,2.8,122.7,-0.7
10.0,128.669756,158.82,1.72,6.76,-7.78,0.0,5.25,1,4683,5.9,196.1,-0.9
10.0,128.679755,159.26,1.7,9.09,-7.73,-3.74,5.0,1,5577,-5.9,160.4,-1.5
10.0,128.689753,160.49,1.65,9.3,-7.74,-6.06,3.75,1,5448,6.0,56.4,0.3
10.0,128.699752,162.33,1.78,7.55,-7.77,-6.06,1.75,1,5319,2.3,-71.4,-0.1
10.0,128.709753,164.18,1.66,4.71,-7.85,-3.74,-0.0,1,5210,-7.7,-156.0,0.9
10.0,128.719756,164.88,1.52,1.82,-7.92,-0.0,-0.75,1,5077,-3.4,-204.5,0.6
10.0,128.729752,164.71,1.63,0.14,-7.96,3.74,-0.25,1,4945,6.1,-119.2,1.5
10.0,128.739754,164.18,1.7,0.73,-7.92,6.06,0.75,1,4811,-2.4,-26.1,1.3
10.0,128.749752,162.25,1.58,2.0,-7.88,6.06,2.75,1,4682,-4.0,33.5,1.5
10.0,128.759756,160.22,1.59,3.79,-7.84,3.74,4.5,1,5574,2.3,119.3,-0.8
10.0,128.769756,158.91,1.71,6.62,-7.78,0.0,5.25,1,5447,6.0,197.6,-0.6
10.0,128.779752,159.35,1.7,9.03,-7.73,-3.74,4.75,1,5324,-5.5,163.0,-1.5
10.0,128.789753,160.49,1.65,9.21,-7.74,-6.06,3.75,1,5206,5.8,52.1,0.1
10.0,128.799752,162.33,1.78,7.39,-7.77,-6.06,1.75,1,5067,2.7,-70.4,0.2
10.0,128.809753,164.09,1.67,4.67,-7.85,-3.74,-0.0,1,4942,-7.5,-149.7,0.8
10.0,128.819756,164.79,1.52,1.9,-7.91,-0.0,-0.75,1,4809,-3.8,-198.0,0.4
10.0,128.829752,164.62,1.62,0.26,-7.95,3.74,-0.25,1,4688,6.2,-115.4,1.4
10.0,128.839756,164.09,1.7,0.86,-7.92,6.06,1.0,1,5578,-2.4,-22.9,1.3
10.0,128.849752,162.16,1.58,2.11,-7.87,6.06,2.75,1,5447,-3.8,32.8,1.5
10.0,128.859753,160.14,1.59,3.89,-7.83,3.74,4.75,1,5321,2.9,122.5,-0.7
10.0,128.869756,158.91,1.73,6.75,-7.78,0.0,5.25,1,5208,5.9,196.4,-0.8
10.0,128.879755,159.26,1.71,9.09,-7.72,-3.74,5.0,1,5076,-5.8,160.3,-1.5
10.0,128.889753,160.49,1.65,9.3,-7.73,-6.06,3.75,1,4938,5.9,56.5,0.3
10.0,128.899752,162.25,1.78,7.55,-7.76,-6.06,1.75,1,4810,2.2,-71.0,-0.1
10.0,128.909753,164.09,1.66,4.72,-7.85,-3.74,-0.0,1,4686,-7.5,-155.9,0.8
10.0,128.919757,164.97,1.53,1.83,-7.91,0.0,-0.75,1,5575,-3.5,-204.3,0.6
10.0,128.929752,164.71,1.63,0.15,-7.95,3.74,-0.25,1,5443,6.2,-119.2,1.5
10.0,128.939753,164.18,1.7,0.74,-7.92,6.06,0.75,1,5325,-2.2,-26.4,1.4
10.0,128.949752,162.16,1.58,2.0,-7.87,6.06,2.75,1,5205,-4.4,33.7,1.3
10.0,128.959754,160.22,1.58,3.79,-7.83,3.74,4.5,1,5071,2.1,118.7,-0.8
10.0,128.969756,158.91,1.72,6.64,-7.78,0.0,5.25,1,4946,6.7,200.1,-0.5
10.0,128.979755,159.35,1.71,9.08,-7.72,-3.74,4.75,1,4809,-6.5,163.0,-1.6
10.0,128.989753,160.49,1.64,9.22,-7.73,-6.06,3.75,1,4679,6.9,51.4,0.1
10.0,128.999755,162.25,1.79,7.39,-7.77,-6.06,1.75,1,5578,1.9,-71.3,0.2
10.0,129.009753,164.0,1.66,4.67,-7.84,-3.74,-0.0,1,5448,-7.0,-149.6,0.8
10.0,129.019759,164.79,1.53,1.9,-7.91,-0.0,-0.75,1,5335,-4.0,-198.5,0.5
10.0,129.029752,164.62,1.62,0.27,-7.95,3.74,-0.25,1,5201,6.1,-114.7,1.4
10.0,129.039753,164.09,1.7,0.87,-7.91,6.06,1.0,1,5075,-2.4,-23.7,1.4
10.0,129.049752,162.16,1.58,2.1,-7.86,6.06,2.75,1,4946,-3.8,32.3,1.5
10.0,129.059753,160.05,1.59,3.88,-7.82,3.74,4.75,1,4811,2.6,122.2,-0.7
10.0,129.069756,158.82,1.72,6.76,-7.77,0.0,5.25,1,4699,6.2,198.0,-0.8
10.0,129.079755,159.26,1.71,9.12,-7.72,-3.74,5.0,1,5574,-6.1,160.3,-1.5
10.0,129.089753,160.49,1.64,9.3,-7.72,-6.06,3.75,1,5444,6.2,55.6,0.3
10.0,129.099752,162.33,1.78,7.54,-7.76,-6.06,1.75,1,5333,2.2,-71.3,-0.1
10.0,129.109753,164.09,1.66,4.71,-7.84,-3.74,-0.0,1,5207,-7.7,-155.9,0.8
10.0,129.119757,164.88,1.53,1.82,-7.9,-0.0,-0.75,1,5075,-3.1,-204.2,0.7
10.0,129.129752,164.71,1.63,0.15,-7.94,3.74,-0.25,1,4942,5.7,-119.4,1.5
10.0,129.139753,164.09,1.7,0.73,-7.91,6.06,0.75,1,4807,-1.9,-26.4,1.4
10.0,129.149752,162.25,1.58,2.0,-7.86,6.06,2.75,1,4689,-4.5,33.9,1.4
10.0,129.159756,160.14,1.58,3.78,-7.82,3.74,4.5,1,5579,2.5,118.3,-0.7
10.0,129.169756,158.91,1.72,6.62,-7.77,0.0,5.25,1,5452,5.9,198.9,-0.6
10.0,129.179751,159.35,1.7,9.07,-7.71,-3.74,4.75,1,5328,-5.5,164.5,-1.5
10.0,129.189753,160.49,1.65,9.23,-7.72,-6.06,3.75,1,5205,5.9,50.5,-0.0
10.0,129.199752,162.25,1.78,7.38,-7.76,-6.06,1.75,1,5074,2.2,-70.6,0.3
10.0,129.209753,164.09,1.66,4.68,-7.83,-3.74,-0.0,1,4948,-6.9,-149.4,0.9
10.0,129.219756,164.79,1.53,1.91,-7.9,-0.0,-0.75,1,4815,-4.3,-198.1,0.5
10.0,129.229752,164.62,1.62,0.27,-7.94,3.74,-0.25,1,4695,6.4,-115.2,1.4
10.0,129.239756,164.09,1.7,0.87,-7.9,6.06,1.0,1,5575,-2.4,-22.7,1.3
10.0,129.249752,162.16,1.57,2.12,-7.86,6.06,2.75,1,5444,-4.0,32.5,1.5
10.0,129.259753,160.14,1.59,3.89,-7.81,3.74,4.75,1,5335,3.3,122.0,-0.6
10.0,129.269756,158.82,1.73,6.75,-7.76,0.0,5.25,1,5210,5.2,196.4,-0.9
10.0,129.279752,159.17,1.7,9.11,-7.71,-3.74,5.0,1,5070,-5.2,161.4,-1.5
10.0,129.289753,160.49,1.65,9.31,-7.71,-6.06,3.75,1,4944,5.5,55.5,0.3
10.0,129.299752,162.25,1.78,7.54,-7.75,-6.06,1.75,1,4807,2.4,-71.1,-0.2
10.0,129.309753,164.09,1.66,4.72,-7.83,-3.74,-0.0,1,4689,-7.3,-155.5,0.9
10.0,129.319759,164.88,1.52,1.83,-7.9,-0.0,-0.75,1,5583,-3.9,-204.8,0.6
10.0,129.329752,164.62,1.63,0.15,-7.93,3.74,-0.25,1,5448,6.7,-119.0,1.5
10.0,129.339754,164.09,1.7,0.75,-7.9,6.06,0.75,1,5332,-2.7,-25.9,1.2
10.0,129.349752,162.16,1.58,2.01,-7.86,6.06,2.75,1,5202,-3.6,33.4,1.6
10.0,129.359753,160.22,1.59,3.79,-7.81,3.74,4.5,1,5067,2.1,118.8,-0.9
10.0,129.369756,158.82,1.71,6.61,-7.76,0.0,5.25,1,4954,5.7,196.9,-0.7
10.0,129.379752,159.35,1.7,9.03,-7.71,-3.74,4.75,1,4811,-5.2,163.4,-1.5
10.0,129.389753,160.49,1.65,9.22,-7.71,-6.06,3.75,1,4714,5.4,52.8,0.0
10.0,129.399755,162.25,1.78,7.41,-7.75,-6.06,1.75,1,5575,3.0,-70.1,0.2
10.0,129.409753,164.0,1.67,4.69,-7.83,-3.74,-0.0,1,5448,-7.7,-149.1,0.8
10.0,129.419756,164.79,1.52,1.92,-7.89,-0.0,-0.75,1,5338,-3.6,-198.1,0.5
10.0,129.429752,164.44,1.62,0.29,-7.93,3.74,-0.25,1,5207,6.1,-114.4,1.4
10.0,129.439754,164.09,1.7,0.89,-7.9,6.06,1.0,1,5073,-2.7,-23.6,1.3
10.0,129.449752,162.07,1.58,2.12,-7.85,6.06,2.75,1,4943,-3.4,32.5,1.6
10.0,129.459753,160.05,1.59,3.9,-7.81,3.74,4.75,1,4811,2.4,122.2,-0.7
10.0,129.469755,158.73,1.72,6.76,-7.75,-0.0,5.25,1,4710,6.4,195.7,-0.8
10.0,129.479755,159.17,1.71,9.11,-7.7,-3.74,5.0,1,5579,-6.1,161.5,-1.5
10.0,129.489753,160.4,1.64,9.32,-7.71,-6.06,3.75,1,5450,5.9,55.4,0.2
10.0,129.499755,162.16,1.78,7.54,-7.74,-6.06,1.75,1,5333,2.5,-71.1,-0.1
10.0,129.509753,164.18,1.66,4.72,-7.83,-3.74,-0.0,1,5195,-7.9,-155.7,0.8
10.0,129.519756,164.79,1.52,1.83,-7.89,-0.0,-0.75,1,5071,-3.0,-204.7,0.7
10.0,129.529752,164.62,1.63,0.15,-7.93,3.74,-0.25,1,4948,5.7,-118.9,1.5
10.0,129.539753,164.18,1.7,0.74,-7.9,6.06,0.75,1,4804,-2.0,-26.8,1.3
10.0,129.549752,162.16,1.58,2.0,-7.85,6.06,2.75,1,4713,-4.1,34.1,1.5
10.0,129.559756,160.22,1.58,3.79,-7.81,3.74,4.5,1,5576,2.1,118.2,-0.9
10.0,129.569756,158.99,1.71,6.61,-7.76,0.0,5.25,1,5451,6.3,197.9,-0.5
10.0,129.579754,159.26,1.7,9.03,-7.7,-3.74,4.75,1,5336,-5.9,162.7,-1.5
10.0,129.589753,160.58,1.64,9.21,-7.71,-6.06,3.75,1,5199,6.1,52.7,0.1
10.0,129.599752,162.33,1.78,7.41,-7.74,-6.06,1.75,1,5071,2.5,-69.7,0.2
10.0,129.609753,164.09,1.67,4.69,-7.82,-3.74,-0.0,1,4945,-7.3,-149.7,0.8
10.0,129.619756,164.79,1.52,1.89,-7.88,-0.0,-0.75,1,4811,-4.0,-200.5,0.6
10.0,129.629752,164.71,1.62,0.21,-7.92,3.74,-0.25,1,4706,6.1,-117.4,1.4
10.0,129.639756,164.09,1.7,0.79,-7.89,6.06,0.75,1,5572,-1.9,-24.6,1.3
10.0,129.649752,162.16,1.58,2.05,-7.84,6.06,2.75,1,5449,-4.4,33.7,1.4
10.0,129.659756,160.22,1.59,3.83,-7.8,3.74,4.5,1,5334,2.9,119.7,-0.8
10.0,129.669756,158.73,1.72,6.67,-7.75,0.0,5.25,1,5198,5.7,197.9,-0.7
10.0,129.679752,159.35,1.7,9.08,-7.69,-3.74,4.75,1,5067,-5.5,162.4,-1.5
10.0,129.689753,160.49,1.65,9.27,-7.7,-6.06,3.75,1,4949,5.9,54.9,0.2
10.0,129.699752,162.33,1.78,7.5,-7.74,-6.06,1.75,1,4803,2.1,-69.0,-0.1
10.0,129.709753,164.09,1.67,4.76,-7.82,-3.74,-0.0,1,4714,-6.9,-150.4,0.8
10.0,129.719758,164.79,1.53,1.93,-7.88,0.0,-0.75,1,5578,-4.1,-202.5,0.6
10.0,129.729752,164.62,1.62,0.24,-7.92,3.74,-0.25,1,5445,6.5,-115.9,1.4
10.0,129.739755,164.09,1.7,0.86,-7.89,6.06,0.75,1,5338,-2.8,-25.4,1.2
10.0,129.749752,162.16,1.58,2.07,-7.84,6.06,2.75,1,5199,-3.4,31.4,1.6
10.0,129.759753,160.22,1.6,3.84,-7.8,3.74,4.5,1,5072,2.5,120.1,-0.7
10.0,129.769756,158.82,1.72,6.67,-7.75,0.0,5.25,1,4948,5.5,194.6,-0.8
10.0,129.779752,159.26,1.7,9.02,-7.69,-3.74,5.0,1,4810,-5.2,160.7,-1.4
10.0,129.789753,160.4,1.65,9.26,-7.7,-6.06,3.75,1,4707,5.5,57.2,0.3
10.0,129.799755,162.16,1.78,7.53,-7.73,-6.06,1.75,1,5571,2.4,-69.5,-0.2
10.0,129.809753,164.44,1.67,4.73,-7.82,-3.74,-0.25,1,5450,-7.2,-153.2,0.8
10.0,129.819758,165.94,1.53,1.82,-7.88,0.0,-1.75,1,5336,-3.9,-206.8,1.1
10.0,129.829752,166.2,1.59,-0.63,-7.93,3.74,-2.25,1,5195,2.9,-191.6,1.6
10.0,129.839753,166.2,1.66,-1.35,-7.94,6.06,-1.5,1,5068,0.5,-87.8,1.1
10.0,129.849752,165.06,1.58,-0.34,-7.9,6.06,-0.25,1,4948,-6.3,-2.2,1.3
10.0,129.859753,163.39,1.5,0.81,-7.86,3.74,1.5,1,4805,-1.2,29.3,0.9
10.0,129.869756,161.98,1.58,2.8,-7.82,0.0,2.75,1,4718,3.7,167.6,-0.7
10.0,129.879755,161.19,1.63,5.58,-7.76,-3.74,2.75,1,5576,-0.4,139.5,-0.2
10.0,129.889753,162.16,1.59,6.28,-7.75,-6.06,2.0,1,5446,-0.6,98.9,-0.7
10.0,129.899754,163.65,1.64,5.96,-7.77,-6.06,0.5,1,5328,5.2,7.8,-0.0
10.0,129.909753,165.41,1.68,3.94,-7.82,-3.74,-1.25,1,5200,-1.2,-110.6,0.0
10.0,129.919756,166.55,1.55,1.04,-7.89,-0.0,-2.5,1,5076,-6.2,-171.3,1.2
10.0,129.929752,166.73,1.52,-1.11,-7.93,3.74,-2.75,1,4944,2.3,-154.6,0.9
10.0,129.939753,166.46,1.61,-1.57,-7.95,6.06,-1.75,1,4810,0.5,-62.6,-0.1
10.0,129.949752,164.88,1.56,-0.54,-7.92,6.06,-0.0,1,4707,-3.8,11.3,1.6
10.0,129.959756,162.86,1.52,0.98,-7.86,3.74,1.5,1,5572,0.2,78.2,0.0
10.0,129.969755,161.89,1.62,3.54,-7.81,-0.0,2.25,1,5452,5.9,189.1,-0.5
10.0,129.979755,162.42,1.62,6.34,-7.74,-3.74,1.75,1,5334,-6.6,169.2,-0.3
10.0,129.989753,163.65,1.55,6.24,-7.75,-6.06,0.5,1,5196,5.6,9.5,0.3
10.0,129.999752,165.5,1.69,3.9,-7.81,-6.06,-1.5,1,5068,2.6,-74.5,-0.3
10.0,130.009753,167.26,1.58,1.5,-7.87,-3.74,-3.25,1,4950,-7.2,-155.2,1.2
10.0,130.019756,167.96,1.42,-1.41,-7.93,-0.0,-3.75,1,4808,-6.3,-210.7,0.7
10.0,130.029752,167.78,1.51,-3.05,-7.99,3.74,-3.75,1,4714,7.6,-108.5,-0.8
10.0,130.039756,167.34,1.63,-2.29,-7.97,6.06,-2.5,1,5577,-2.2,-26.3,1.5
10.0,130.049752,165.41,1.48,-1.14,-7.9,6.06,-0.5,1,5449,-5.1,33.2,1.6
10.0,130.059754,163.48,1.49,0.56,-7.86,3.74,1.25,1,5338,3.9,110.0,-0.3
10.0,130.069756,161.98,1.63,3.27,-7.81,0.0,1.75,1,5207,5.4,194.3,0.3
10.0,130.079752,162.51,1.59,5.75,-7.74,-3.74,1.75,1,5072,-6.1,164.2,-0.9
10.0,130.089753,163.65,1.55,6.03,-7.76,-6.06,0.5,1,4946,7.0,58.5,-0.3
10.0,130.099752,165.32,1.71,4.35,-7.8,-6.06,-1.25,1,4810,4.0,-62.4,-0.3
10.0,130.109753,167.17,1.59,1.67,-7.87,-3.74,-3.0,1,4708,-8.8,-147.1,1.2
10.0,130.119760,167.78,1.41,-1.19,-7.92,-0.0,-3.75,1,5576,-5.5,-201.9,0.7
10.0,130.129752,167.61,1.52,-2.82,-7.98,3.74,-3.25,1,5442,6.9,-107.6,-0.9
10.0,130.139756,167.08,1.62,-2.07,-7.97,6.06,-2.25,1,5336,-1.6,-19.3,1.6
10.0,130.149752,165.15,1.49,-0.88,-7.9,6.06,-0.25,1,5196,-4.8,30.8,1.7
10.0,130.159753,162.86,1.49,0.84,-7.85,3.74,1.75,1,5068,3.6,121.5,0.4
10.0,130.169756,161.54,1.64,3.83,-7.79,0.0,2.25,1,4944,6.3,208.1,-1.2
10.0,130.179752,161.98,1.62,6.44,-7.74,-3.74,2.25,1,4805,-5.7,175.1,-0.9
10.0,130.189753,163.04,1.56,6.61,-7.75,-6.06,1.0,1,4714,6.6,49.6,-0.3
10.0,130.199755,164.79,1.72,4.77,-7.79,-6.06,-0.75,1,5577,3.3,-57.8,0.1
10.0,130.209753,166.46,1.59,2.27,-7.85,-3.74,-2.25,1,5450,-8.8,-143.2,1.3
10.0,130.219758,167.08,1.45,-0.47,-7.9,0.0,-3.0,1,5341,-2.6,-189.0,0.4
10.0,130.229752,166.9,1.58,-2.01,-7.96,3.74,-2.5,1,5200,6.7,-107.9,-0.3
10.0,130.239754,166.11,1.61,-1.39,-7.95,6.06,-1.25,1,5075,-5.6,-19.3,1.3
10.0,130.249752,164.18,1.45,-0.32,-7.89,6.06,0.75,1,4945,-3.8,18.4,1.5
10.0,130.259753,162.16,1.53,1.59,-7.83,3.74,2.5,1,4813,5.9,153.5,1.1
10.0,130.269756,160.75,1.69,4.99,-7.74,0.0,3.25,1,4712,5.9,205.7,-0.9
10.0,130.279755,161.02,1.64,7.24,-7.72,-3.74,3.0,1,5573,-5.8,172.5,-2.0
10.0,130.289753,162.16,1.59,7.53,-7.73,-6.06,1.75,1,5443,7.5,61.9,0.0
10.0,130.299755,164.0,1.74,5.75,-7.76,-6.06,-0.0,1,5335,1.7,-67.2,0.0
10.0,130.309753,165.59,1.62,3.0,-7.84,-3.74,-1.75,1,5197,-5.9,-146.0,0.6
10.0,130.319754,166.38,1.5,0.25,-7.89,0.0,-2.25,1,5070,-4.0,-196.1,1.0
10.0,130.329752,166.2,1.6,-1.35,-7.94,3.74,-2.0,1,4941,8.3,-109.4,0.0
10.0,130.339753,165.59,1.66,-0.71,-7.93,6.06,-0.75,1,4806,-6.5,-23.2,1.1
10.0,130.349752,163.83,1.47,0.38,-7.86,6.06,1.25,1,4714,-4.0,23.1,2.0
10.0,130.359756,161.46,1.54,2.12,-7.81,3.74,3.0,1,5578,3.7,127.3,0.2
10.0,130.369756,160.49,1.69,5.21,-7.75,0.0,3.75,1,5451,6.9,205.5,-0.7
10.0,130.379752,160.84,1.67,7.83,-7.7,-3.74,3.25,1,5328,-5.7,184.1,-1.7
10.0,130.389753,161.98,1.59,7.89,-7.71,-6.06,2.25,1,5201,5.1,27.4,0.1
10.0,130.399752,163.92,1.71,5.65,-7.76,-6.06,0.25,1,5073,1.8,-67.9,0.0
10.0,130.409753,165.67,1.63,3.17,-7.83,-3.74,-1.5,1,4947,-4.6,-152.6,0.9
10.0,130.419756,166.38,1.52,0.34,-7.89,-0.0,-2.25,1,4813,-4.3,-198.6,0.8
10.0,130.429752,166.2,1.6,-1.29,-7.93,3.74,-1.75,1,4708,7.6,-116.5,0.4
10.0,130.439756,165.67,1.66,-0.73,-7.92,6.06,-0.75,1,5574,-6.5,-26.7,1.0
10.0,130.449752,163.92,1.48,0.39,-7.86,6.06,1.25,1,5443,-3.9,23.2,2.0
10.0,130.459756,161.63,1.54,2.05,-7.81,3.74,2.75,1,5337,3.4,116.1,-0.0
10.0,130.469755,160.66,1.68,4.99,-7.76,-0.0,3.5,1,5198,6.2,201.0,-0.8
10.0,130.479753,161.1,1.66,7.68,-7.7,-3.74,3.25,1,5070,-5.0,183.8,-1.5
10.0,130.489753,162.25,1.6,7.72,-7.71,-6.06,1.75,1,4943,4.6,21.6,0.4
10.0,130.499755,164.0,1.7,5.35,-7.76,-6.06,-0.0,1,4808,1.2,-75.1,-0.0
10.0,130.509753,165.94,1.62,2.86,-7.83,-3.74,-1.75,1,5704,-3.6,-151.7,0.6
10.0,130.519759,166.64,1.51,0.05,-7.89,-0.0,-2.5,1,5582,-6.1,-205.3,1.1
10.0,130.529752,166.46,1.58,-1.62,-7.93,3.74,-2.25,1,5447,9.3,-112.9,0.2
10.0,130.539753,165.85,1.66,-0.95,-7.92,6.06,-0.75,1,5329,-7.9,-25.5,0.8
10.0,130.549752,164.0,1.46,0.13,-7.87,6.06,1.0,1,5201,-2.7,21.0,2.2
10.0,130.559753,161.63,1.54,1.92,-7.8,3.74,2.75,1,5074,3.1,132.1,0.4
10.0,130.569756,160.66,1.68,5.06,-7.74,0.0,3.5,1,4950,6.9,203.7,-0.9
10.0,130.579755,160.93,1.66,7.68,-7.7,-3.74,3.25,1,4813,-5.6,189.6,-1.8
10.0,130.589753,162.16,1.59,7.79,-7.71,-6.06,2.0,1,5702,5.2,25.4,0.4
10.0,130.599755,164.09,1.71,5.44,-7.76,-6.06,-0.0,1,5574,1.9,-70.6,0.0
10.0,130.609753,165.85,1.63,2.98,-7.83,-3.74,-1.75,1,5444,-4.8,-150.2,0.6
10.0,130.619759,166.46,1.51,0.19,-7.89,-0.0,-2.25,1,5340,-4.2,-199.8,1.0
10.0,130.629752,166.29,1.6,-1.44,-7.93,3.74,-2.0,1,5197,7.6,-112.5,0.2
10.0,130.639755,165.67,1.65,-0.8,-7.92,6.06,-0.75,1,5072,-6.3,-24.3,1.0
10.0,130.649752,163.92,1.47,0.3,-7.86,6.06,1.25,1,4942,-4.1,22.8,1.9
10.0,130.659756,161.63,1.53,2.04,-7.8,3.74,2.75,1,4810,3.9,126.8,0.2
10.0,130.669755,160.58,1.69,5.11,-7.74,-0.0,3.5,1,5707,7.0,202.9,-0.8
10.0,130.679755,160.93,1.67,7.74,-7.69,-3.74,3.25,1,5578,-5.8,186.7,-1.8
10.0,130.689753,162.07,1.59,7.83,-7.71,-6.06,2.0,1,5449,5.5,26.0,0.4
10.0,130.699752,163.92,1.72,5.53,-7.75,-6.06,0.25,1,5328,1.4,-69.9,0.0
10.0,130.709753,165.67,1.62,3.05,-7.82,-3.74,-1.75,1,5205,-4.6,-151.5,0.7
10.0,130.719757,166.38,1.52,0.24,-7.88,0.0,-2.25,1,5079,-4.3,-199.6,1.0
10.0,130.729752,166.29,1.6,-1.38,-7.92,3.74,-2.0,1,4938,7.7,-114.2,0.3
10.0,130.739756,165.67,1.66,-0.76,-7.91,6.06,-0.75,1,4814,-6.2,-23.9,1.0
10.0,130.749752,163.83,1.48,0.38,-7.85,6.06,1.25,1,5701,-4.2,24.4,2.1
10.0,130.759756,161.54,1.54,2.1,-7.8,3.74,3.0,1,5575,3.9,123.6,0.1
10.0,130.769756,160.58,1.69,5.16,-7.74,0.0,3.75,1,5451,6.7,206.5,-0.8
10.0,130.779755,160.93,1.67,7.83,-7.69,-3.74,3.25,1,5336,-5.7,185.0,-1.7
10.0,130.789753,162.07,1.59,7.89,-7.7,-6.06,2.0,1,5198,5.1,26.8,0.2
10.0,130.799755,163.92,1.71,5.62,-7.75,-6.06,0.25,1,5073,1.7,-68.3,-0.0
10.0,130.809753,165.67,1.63,3.15,-7.81,-3.74,-1.5,1,4935,-4.6,-152.4,0.9
10.0,130.819758,166.38,1.52,0.32,-7.88,0.0,-2.25,1,4811,-4.3,-198.9,0.8
10.0,130.829752,166.29,1.6,-1.31,-7.92,3.74,-1.75,1,5704,7.6,-116.3,0.4
10.0,130.839756,165.59,1.66,-0.75,-7.91,6.06,-0.75,1,5579,-6.2,-26.4,1.0
10.0,130.849752,163.83,1.48,0.38,-7.85,6.06,1.25,1,5448,-4.3,22.9,1.9
10.0,130.859756,161.63,1.53,2.03,-7.8,3.74,2.75,1,5333,3.7,115.8,0.1
10.0,130.869756,160.66,1.68,4.97,-7.74,0.0,3.5,1,5199,6.5,201.8,-0.8
10.0,130.879754,161.02,1.66,7.67,-7.69,-3.74,3.25,1,5076,-5.5,184.1,-1.6
10.0,130.889753,162.16,1.59,7.71,-7.7,-6.06,1.75,1,4939,5.0,21.3,0.4
10.0,130.899755,164.09,1.71,5.34,-7.75,-6.06,-0.0,1,4814,1.4,-73.8,0.0
10.0,130.909753,165.94,1.62,2.87,-7.82,-3.74,-1.75,1,5703,-4.5,-152.5,0.6
10.0,130.919760,166.55,1.51,0.03,-7.88,-0.0,-2.5,1,5579,-4.8,-204.6,1.3
10.0,130.929752,166.55,1.59,-1.62,-7.92,3.74,-2.25,1,5444,7.8,-113.4,0.0
10.0,130.939756,165.85,1.65,-0.97,-7.91,6.06,-0.75,1,5338,-6.6,-25.8,0.9
10.0,130.949752,164.09,1.46,0.12,-7.86,6.06,1.0,1,5198,-4.1,20.8,1.9
10.0,130.959756,161.72,1.53,1.9,-7.8,3.74,2.75,1,5074,4.2,131.8,0.5
10.0,130.969756,160.66,1.69,5.05,-7.73,0.0,3.5,1,4938,6.6,204.0,-0.9
10.0,130.979752,161.02,1.66,7.67,-7.69,-3.74,3.25,1,4810,-5.7,189.8,-1.9
10.0,130.989753,162.16,1.59,7.79,-7.7,-6.06,2.0,1,5696,5.6,26.2,0.4
10.0,130.999755,164.0,1.71,5.45,-7.74,-6.06,-0.0,1,5579,1.5,-70.2,0.0
10.0,131.009753,165.67,1.62,2.98,-7.81,-3.74,-1.75,1,5449,-4.6,-150.2,0.6
10.0,131.019759,166.46,1.51,0.19,-7.87,-0.0,-2.25,1,5336,-4.5,-199.6,1.1
10.0,131.029752,166.29,1.6,-1.43,-7.91,3.74,-2.0,1,5194,7.9,-112.8,0.2
10.0,131.039755,165.76,1.65,-0.81,-7.9,6.06,-0.75,1,5078,-6.5,-23.8,0.9
10.0,131.049752,164.0,1.47,0.31,-7.84,6.06,1.25,1,4939,-3.8,23.0,2.1
10.0,131.059756,161.54,1.54,2.05,-7.79,3.74,2.75,1,4815,3.9,126.5,0.1
10.0,131.069756,160.49,1.69,5.11,-7.73,0.0,3.5,1,5706,6.4,202.9,-1.0
10.0,131.079755,160.93,1.66,7.75,-7.68,-3.74,3.25,1,5575,-5.3,188.3,-1.6
10.0,131.089753,162.07,1.6,7.85,-7.69,-6.06,2.0,1,5445,5.2,24.1,0.4
10.0,131.099755,163.92,1.71,5.51,-7.74,-6.06,0.25,1,5328,1.5,-70.1,0.0
10.0,131.109753,165.67,1.62,3.05,-7.81,-3.74,-1.75,1,5199,-4.6,-151.5,0.7
10.0,131.119759,166.46,1.52,0.24,-7.87,-0.0,-2.25,1,5078,-4.5,-199.9,0.9
10.0,131.129752,166.2,1.6,-1.39,-7.91,3.74,-2.0,1,4935,7.8,-114.4,0.3
10.0,131.139753,165.67,1.66,-0.77,-7.9,6.06,-0.75,1,4811,-6.3,-23.6,1.0
10.0,131.149752,163.83,1.48,0.38,-7.84,6.06,1.25,1,5695,-4.2,24.4,2.1
10.0,131.159756,161.54,1.54,2.1,-7.78,3.74,3.0,1,5580,3.9,123.8,0.1
10.0,131.169755,160.49,1.69,5.15,-7.73,-0.0,3.75,1,5451,6.7,206.4,-0.8
10.0,131.179755,160.93,1.67,7.83,-7.68,-3.74,3.25,1,5333,-5.7,185.5,-1.7
10.0,131.189753,161.89,1.59,7.89,-7.69,-6.06,2.0,1,5198,5.1,27.1,0.1
10.0,131.199753,163.83,1.71,5.63,-7.74,-6.06,0.25,1,5076,1.8,-68.0,0.0
10.0,131.209753,165.59,1.63,3.16,-7.8,-3.74,-1.5,1,4940,-4.7,-152.5,0.9
10.0,131.219758,166.29,1.52,0.32,-7.86,0.0,-2.25,1,4817,-4.5,-198.9,0.7
10.0,131.229752,166.11,1.6,-1.31,-7.91,3.74,-1.75,1,5703,7.6,-116.6,0.4
10.0,131.239756,165.76,1.66,-0.75,-7.9,6.06,-0.75,1,5576,-6.1,-26.7,1.0
10.0,131.249752,164.0,1.48,0.38,-7.84,6.06,1.25,1,5444,-4.1,23.4,2.0
10.0,131.259755,161.63,1.54,2.03,-7.79,3.74,2.75,1,5329,3.5,114.8,0.0
10.0,131.269756,160.49,1.68,4.96,-7.73,0.0,3.5,1,5206,6.5,202.0,-0.9
10.0,131.279755,161.02,1.66,7.67,-7.68,-3.74,3.25,1,5074,-5.5,184.1,-1.6
10.0,131.289753,162.33,1.59,7.71,-7.69,-6.06,1.75,1,4936,4.9,21.9,0.3
10.0,131.299752,164.09,1.71,5.35,-7.74,-6.06,-0.0,1,4811,1.6,-73.7,-0.0
