freq_hz,t_s,enc_deg,roll,pitch,yaw,target_deg,inc_deg,valid,imu_age_us
0.5,2533.399750,163.3,1.92,3.65,-26.67,0.63,0.25,1,1950
0.5,2533.409750,162.86,1.89,2.84,-26.7,1.26,1.0,1,1823
0.5,2533.419750,161.89,1.9,2.85,-26.7,1.88,2.0,1,1686
0.5,2533.429750,160.93,1.95,4.01,-26.65,2.51,2.75,1,1594
0.5,2533.439750,160.22,1.97,5.71,-26.61,3.13,3.75,1,2455
0.5,2533.449750,160.05,1.99,6.35,-26.61,3.75,3.75,1,2328
0.5,2533.459750,160.05,2.0,6.58,-26.59,4.36,3.75,1,2210
0.5,2533.469750,160.05,1.99,6.25,-26.61,4.97,4.0,1,2082
0.5,2533.479750,159.08,1.97,5.9,-26.64,5.58,4.75,1,1954
0.5,2533.489750,157.94,2.0,6.57,-26.6,6.18,6.0,1,1827
0.5,2533.499750,156.97,2.06,8.43,-26.55,6.77,7.0,1,1691
0.5,2533.509750,156.01,2.1,9.99,-26.51,7.36,7.75,1,1590
0.5,2533.519750,155.48,2.12,10.76,-26.49,7.94,8.25,1,2451
0.5,2533.529750,155.57,2.12,11.13,-26.48,8.52,8.25,1,2333
0.5,2533.539750,155.65,2.12,10.84,-26.49,9.08,8.25,1,2214
0.5,2533.549750,155.3,2.09,10.32,-26.52,9.64,8.5,1,2078
0.5,2533.559750,154.16,2.1,10.39,-26.51,10.18,9.5,1,1950
0.5,2533.569750,153.37,2.13,11.38,-26.49,10.72,10.5,1,1823
0.5,2533.579750,152.93,2.19,13.17,-26.42,11.24,10.75,1,1686
0.5,2533.589750,152.31,2.19,13.87,-26.42,11.76,11.5,1,1586
0.5,2533.599750,151.35,2.18,13.77,-26.43,12.26,12.25,1,2456
0.5,2533.609750,150.56,2.23,14.65,-26.39,12.75,13.25,1,2329
0.5,2533.619750,150.29,2.26,15.87,-26.36,13.23,13.5,1,2210
0.5,2533.629750,150.38,2.26,16.26,-26.36,13.69,13.25,1,2073
0.5,2533.639751,150.12,2.25,15.89,-26.37,14.14,13.5,1,1946
0.5,2533.649751,149.24,2.23,15.51,-26.39,14.58,14.5,1,1819
0.5,2533.659751,148.1,2.27,16.24,-26.36,15.0,15.75,1,1691
0.5,2533.669751,147.39,2.33,18.13,-26.3,15.41,16.25,1,1590
0.5,2533.679751,147.39,2.36,19.35,-26.27,15.8,16.25,1,2452
0.5,2533.689751,147.3,2.35,19.11,-26.28,16.18,16.0,1,2324
0.5,2533.699751,147.39,2.32,18.43,-26.31,16.54,16.25,1,2214
0.5,2533.709751,147.22,2.32,18.33,-26.31,16.89,16.25,1,2078
0.5,2533.719751,146.87,2.33,18.25,-26.3,17.21,16.75,1,1950
0.5,2533.729751,146.07,2.32,18.61,-26.3,17.53,17.5,1,1823
0.5,2533.739751,145.55,2.38,19.62,-26.25,17.82,18.25,1,1687
0.5,2533.749751,145.2,2.41,20.73,-26.21,18.1,18.5,1,1586
0.5,2533.759751,145.2,2.42,21.07,-26.21,18.36,18.25,1,2448
0.5,2533.769751,145.2,2.41,20.81,-26.22,18.6,18.25,1,2329
0.5,2533.779751,145.11,2.38,20.44,-26.25,18.82,18.25,1,2210
0.5,2533.789751,144.32,2.39,20.43,-26.24,19.02,19.25,1,2074
0.5,2533.799751,143.26,2.41,21.01,-26.22,19.21,20.5,1,1946
0.5,2533.809751,142.29,2.49,22.76,-26.14,19.37,21.25,1,1819
0.5,2533.819751,142.38,2.54,24.31,-26.1,19.52,21.0,1,1683
0.5,2533.829751,142.47,2.52,24.07,-26.12,19.65,20.25,1,1590
0.5,2533.839751,142.65,2.47,23.24,-26.17,19.75,20.25,1,2452
0.5,2533.849751,142.56,2.43,22.74,-26.22,19.84,20.25,1,2325
0.5,2533.859751,142.56,2.43,22.46,-26.24,19.91,20.75,1,2214
0.5,2533.869751,142.56,2.45,22.81,-26.19,19.96,20.5,1,2078
0.5,2533.879751,142.73,2.45,22.78,-26.2,19.99,19.75,1,1951
0.5,2533.889751,143.09,2.44,22.61,-26.22,20.0,19.5,1,1825
0.5,2533.899751,143.09,2.39,22.06,-26.28,19.99,19.25,1,1687
0.5,2533.909751,143.0,2.38,21.61,-26.31,19.96,20.0,1,1586
0.5,2533.919751,142.47,2.4,22.05,-26.26,19.91,21.0,1,2448
0.5,2533.929751,142.12,2.48,22.91,-26.15,19.84,21.5,1,2329
0.5,2533.939751,142.12,2.55,23.97,-26.07,19.75,21.25,1,2210
0.5,2533.949751,142.29,2.52,24.08,-26.11,19.65,20.5,1,2074
0.5,2533.959751,142.47,2.45,23.25,-26.18,19.52,20.25,1,1947
0.5,2533.969751,142.38,2.4,22.61,-26.25,19.37,20.25,1,1819
0.5,2533.979751,142.56,2.42,22.48,-26.25,19.21,20.25,1,1683
0.5,2533.989751,143.0,2.46,22.96,-26.18,19.02,19.25,1,1590
0.5,2533.999751,143.88,2.4,22.32,-26.26,18.82,18.25,1,2452
0.5,2534.009751,144.49,2.32,20.8,-26.37,18.6,17.75,1,2325
0.5,2534.019751,144.49,2.3,19.7,-26.39,18.36,18.0,1,2206
0.5,2534.029751,144.23,2.32,19.96,-26.34,18.1,18.25,1,2079
0.5,2534.039751,144.23,2.37,20.86,-26.27,17.82,18.0,1,1951
0.5,2534.049751,144.4,2.38,21.14,-26.24,17.53,18.0,1,1815
0.5,2534.059751,144.58,2.34,20.84,-26.3,17.21,17.75,1,1679
0.5,2534.069751,145.02,2.35,20.52,-26.31,16.89,17.0,1,1586
0.5,2534.079751,145.46,2.31,19.88,-26.38,16.54,16.5,1,2448
0.5,2534.089751,145.72,2.27,19.02,-26.43,16.18,16.25,1,2321
0.5,2534.099751,145.99,2.28,18.72,-26.41,15.8,16.0,1,2210
0.5,2534.109751,146.07,2.28,18.67,-26.4,15.41,15.75,1,2074
0.5,2534.119751,146.34,2.28,18.63,-26.4,15.0,15.5,1,1947
0.5,2534.129751,147.3,2.28,18.47,-26.41,14.58,14.5,1,1820
0.5,2534.139750,148.54,2.25,17.58,-26.45,14.14,13.25,1,1683
0.5,2534.149750,149.24,2.2,15.77,-26.5,13.69,12.5,1,1582
0.5,2534.159750,149.24,2.15,14.39,-26.52,13.23,12.75,1,2444
0.5,2534.169750,149.06,2.16,14.68,-26.52,12.75,13.0,1,2325
0.5,2534.179750,149.06,2.22,15.74,-26.43,12.26,12.75,1,2206
0.5,2534.189750,149.41,2.22,16.12,-26.41,11.76,12.25,1,2070
0.5,2534.199750,149.94,2.18,15.69,-26.47,11.24,11.75,1,1943
0.5,2534.209750,150.64,2.17,14.58,-26.53,10.72,11.0,1,1816
0.5,2534.219750,151.17,2.12,13.49,-26.57,10.18,10.5,1,1679
0.5,2534.229750,151.52,2.12,12.98,-26.55,9.64,10.25,1,1586
0.5,2534.239750,152.23,2.11,12.72,-26.56,9.08,9.5,1,2448
0.5,2534.249750,152.84,2.11,12.4,-26.57,8.52,8.75,1,2321
0.5,2534.259750,153.63,2.09,11.43,-26.6,7.94,8.0,1,2202
0.5,2534.269750,154.25,2.05,10.32,-26.63,7.36,7.25,1,2075
0.5,2534.279750,154.69,2.05,9.76,-26.64,6.77,7.0,1,1947
0.5,2534.289750,155.04,2.04,9.44,-26.65,6.18,6.5,1,1820
0.5,2534.299750,155.3,2.03,9.2,-26.65,5.58,6.25,1,1684
0.5,2534.309750,155.65,2.02,9.02,-26.65,4.97,5.75,1,2572
0.5,2534.319750,156.71,2.03,8.73,-26.65,4.36,4.75,1,2444
0.5,2534.329750,157.68,2.0,7.8,-26.67,3.75,3.75,1,2317
0.5,2534.339750,158.12,1.94,6.21,-26.72,3.13,3.5,1,2207
0.5,2534.349750,158.55,1.93,5.52,-26.72,2.51,3.0,1,2071
0.5,2534.359750,159.79,1.96,5.69,-26.7,1.88,1.75,1,1943
0.5,2534.369750,161.19,1.93,4.7,-26.73,1.26,0.25,1,1807
0.5,2534.379750,162.07,1.88,2.71,-26.77,0.63,-0.5,1,1679
0.5,2534.389751,162.16,1.85,1.29,-26.8,0.0,-0.75,1,2567
0.5,2534.399750,162.25,1.85,1.42,-26.8,-0.63,-0.5,1,2448
0.5,2534.409750,162.33,1.88,2.3,-26.75,-1.26,-0.75,1,2321
0.5,2534.419750,162.95,1.88,2.5,-26.74,-1.88,-1.25,1,2203
0.5,2534.429750,164.0,1.84,1.97,-26.79,-2.51,-2.5,1,2066
0.5,2534.439750,165.41,1.85,0.54,-26.82,-3.13,-3.75,1,1948
0.5,2534.449750,166.38,1.79,-1.41,-26.86,-3.75,-4.75,1,1803
0.5,2534.459750,166.38,1.76,-2.88,-26.88,-4.36,-4.75,1,1684
0.5,2534.469750,166.38,1.76,-2.73,-26.87,-4.97,-4.75,1,2572
0.5,2534.479750,166.55,1.79,-1.82,-26.82,-5.58,-4.75,1,2444
0.5,2534.489750,166.99,1.79,-1.63,-26.82,-6.18,-5.25,1,2317
0.5,2534.499750,168.22,1.76,-2.21,-26.87,-6.77,-6.75,1,2207
0.5,2534.509750,169.63,1.77,-3.59,-26.88,-7.36,-8.0,1,2071
0.5,2534.519750,170.42,1.7,-5.6,-26.92,-7.94,-8.75,1,1943
0.5,2534.529750,170.51,1.67,-6.96,-26.94,-8.52,-8.75,1,1808
0.5,2534.539750,170.51,1.68,-6.74,-26.93,-9.08,-8.25,1,1680
0.5,2534.549750,170.42,1.7,-5.76,-26.89,-9.64,-8.25,1,2568
0.5,2534.559750,170.51,1.71,-5.49,-26.87,-10.18,-8.75,1,2440
0.5,2534.569750,171.65,1.71,-5.48,-26.88,-10.72,-10.0,1,2322
0.5,2534.579750,172.79,1.68,-6.5,-26.92,-11.24,-11.25,1,2203
0.5,2534.589750,173.41,1.63,-8.83,-26.99,-11.76,-11.75,1,2067
0.5,2534.599750,173.67,1.61,-9.76,-26.98,-12.26,-12.25,1,1939
0.5,2534.609750,173.94,1.63,-9.45,-26.97,-12.75,-12.25,1,1803
0.5,2534.619750,174.29,1.61,-9.55,-26.98,-13.23,-12.75,1,1676
0.5,2534.629750,175.17,1.62,-9.77,-26.97,-13.69,-13.75,1,2573
0.5,2534.639751,175.87,1.6,-10.64,-27.0,-14.14,-14.25,1,2445
0.5,2534.649751,176.4,1.58,-11.8,-27.02,-14.58,-14.75,1,2318
0.5,2534.659751,176.84,1.58,-12.22,-27.01,-15.0,-15.25,1,2199
0.5,2534.669751,177.1,1.56,-12.58,-27.01,-15.41,-15.75,1,2072
0.5,2534.679751,177.28,1.56,-12.76,-27.01,-15.8,-15.75,1,1944
0.5,2534.689751,177.45,1.55,-12.9,-27.02,-16.18,-15.75,1,1808
0.5,2534.699751,177.63,1.55,-12.93,-27.02,-16.54,-16.25,1,1681
0.5,2534.709751,178.33,1.56,-13.03,-27.02,-16.89,-16.75,1,2568
0.5,2534.719751,178.86,1.54,-13.72,-27.03,-17.21,-17.25,1,2441
0.5,2534.729751,179.21,1.51,-14.68,-27.05,-17.53,-17.75,1,2314
0.5,2534.739751,179.47,1.52,-15.03,-27.03,-17.82,-18.0,1,2203
0.5,2534.749751,179.65,1.51,-15.18,-27.05,-18.1,-18.25,1,2068
0.5,2534.759751,179.82,1.51,-15.25,-27.05,-18.36,-18.25,1,1940
0.5,2534.769751,179.82,1.51,-15.29,-27.04,-18.6,-18.25,1,1804
0.5,2534.779751,180.09,1.51,-15.28,-27.04,-18.82,-18.75,1,1676
0.5,2534.789751,180.7,1.51,-15.38,-27.04,-19.02,-19.25,1,2564
0.5,2534.799751,181.23,1.5,-16.05,-27.06,-19.21,-19.75,1,2446
0.5,2534.809751,181.32,1.47,-16.99,-27.08,-19.37,-19.75,1,2318
0.5,2534.819751,181.23,1.48,-17.06,-27.07,-19.52,-19.25,1,2199
0.5,2534.829751,181.23,1.48,-16.62,-27.05,-19.65,-19.0,1,2063
0.5,2534.839751,181.14,1.49,-16.31,-27.02,-19.75,-19.0,1,1936
0.5,2534.849751,181.32,1.48,-16.33,-27.03,-19.84,-19.75,1,1808
0.5,2534.859751,182.37,1.48,-16.4,-27.02,-19.91,-20.75,1,1681
0.5,2534.869751,182.81,1.45,-17.46,-27.08,-19.96,-21.25,1,2569
0.5,2534.879751,182.9,1.44,-19.17,-27.13,-19.99,-21.0,1,2441
0.5,2534.889751,182.9,1.44,-18.86,-27.09,-20.0,-20.25,1,2315
0.5,2534.899751,182.29,1.46,-18.1,-27.06,-19.99,-19.75,1,2204
0.5,2534.909751,182.11,1.48,-17.35,-27.0,-19.96,-19.25,1,2068
0.5,2534.919751,182.02,1.48,-16.31,-26.95,-19.91,-19.0,1,1940
0.5,2534.929751,182.02,1.48,-16.29,-26.97,-19.84,-19.75,1,1804
0.5,2534.939751,182.55,1.48,-16.58,-26.99,-19.75,-20.75,1,1677
0.5,2534.949751,182.9,1.45,-17.38,-27.07,-19.65,-21.25,1,2565
0.5,2534.959751,182.9,1.42,-18.61,-27.15,-19.52,-20.75,1,2437
0.5,2534.969751,182.72,1.43,-18.49,-27.08,-19.37,-20.0,1,2318
0.5,2534.979751,182.46,1.46,-17.77,-27.04,-19.21,-19.75,1,2200
0.5,2534.989751,182.46,1.48,-17.2,-27.0,-19.02,-19.75,1,2064
0.5,2534.999751,182.46,1.46,-16.69,-26.97,-18.82,-19.5,1,1936
0.5,2535.009751,182.02,1.44,-17.18,-27.03,-18.6,-18.75,1,1800
0.5,2535.019751,181.67,1.47,-16.73,-26.99,-18.36,-18.25,1,1673
0.5,2535.029751,181.32,1.51,-15.75,-26.94,-18.1,-18.0,1,2569
0.5,2535.039751,181.05,1.49,-15.33,-26.94,-17.82,-17.75,1,2442
0.5,2535.049751,180.88,1.49,-15.17,-26.94,-17.53,-17.5,1,2314
0.5,2535.059751,180.79,1.49,-15.04,-26.94,-17.21,-17.25,1,2195
0.5,2535.069751,180.79,1.5,-14.94,-26.94,-16.89,-17.25,1,2068
0.5,2535.079751,180.53,1.5,-14.93,-26.95,-16.54,-16.75,1,1941
0.5,2535.089751,180.09,1.49,-14.77,-26.94,-16.18,-16.25,1,1804
0.5,2535.099751,179.38,1.52,-14.01,-26.91,-15.8,-15.75,1,1677
0.5,2535.109751,179.03,1.55,-12.98,-26.89,-15.41,-15.25,1,2565
0.5,2535.119751,178.68,1.54,-12.53,-26.91,-15.0,-14.75,1,2438
0.5,2535.129751,178.51,1.55,-12.32,-26.9,-14.58,-14.75,1,2310
0.5,2535.139750,178.15,1.55,-12.13,-26.9,-14.14,-14.25,1,2200
0.5,2535.149750,178.24,1.55,-12.06,-26.91,-13.69,-14.25,1,2064
0.5,2535.159750,177.89,1.55,-12.07,-26.91,-13.23,-14.0,1,1937
0.5,2535.169750,177.1,1.55,-11.94,-26.91,-12.75,-13.0,1,1800
0.5,2535.179750,175.78,1.58,-10.96,-26.88,-12.26,-11.75,1,1673
0.5,2535.189750,174.99,1.62,-9.11,-26.84,-11.76,-11.0,1,2561
0.5,2535.199750,174.81,1.64,-7.84,-26.84,-11.24,-11.25,1,2442
0.5,2535.209750,174.99,1.63,-8.02,-26.85,-10.72,-11.75,1,2315
0.5,2535.219750,175.08,1.6,-8.8,-26.88,-10.18,-12.0,1,2196
0.5,2535.229750,175.08,1.58,-9.16,-26.91,-9.64,-11.25,1,2060
0.5,2535.239750,174.38,1.58,-9.44,-26.94,-9.08,-10.25,1,1941
0.5,2535.249750,173.94,1.62,-8.55,-26.85,-8.52,-9.75,1,1796
0.5,2535.259750,173.5,1.67,-7.21,-26.79,-7.94,-9.5,1,1678
0.5,2535.269750,172.62,1.65,-6.89,-26.84,-7.36,-8.5,1,2566
0.5,2535.279750,171.21,1.66,-6.55,-26.84,-6.77,-7.25,1,2438
0.5,2535.289750,170.51,1.72,-4.72,-26.78,-6.18,-6.75,1,2311
0.5,2535.299750,170.07,1.74,-3.38,-26.77,-5.58,-6.25,1,2201
0.5,2535.309750,168.84,1.73,-3.31,-26.79,-4.97,-5.0,1,2064
0.5,2535.319750,167.52,1.74,-2.79,-26.78,-4.36,-3.75,1,1937
0.5,2535.329750,166.73,1.8,-0.93,-26.74,-3.75,-2.75,1,1801
0.5,2535.339750,166.55,1.83,0.53,-26.72,-3.13,-2.75,1,1674
0.5,2535.349750,166.38,1.81,0.35,-26.73,-2.51,-3.0,1,2561
0.5,2535.359750,166.29,1.77,-0.41,-26.76,-1.88,-2.25,1,2434
0.5,2535.369750,165.23,1.79,-0.45,-26.76,-1.26,-1.25,1,2315
0.5,2535.379750,164.44,1.85,0.59,-26.72,-0.63,-0.5,1,2197
0.5,2535.389751,163.74,1.87,2.31,-26.67,0.0,0.25,1,2060
0.5,2535.399750,163.12,1.87,2.89,-26.67,0.63,0.75,1,1933
0.5,2535.409750,162.69,1.88,3.35,-26.67,1.26,1.25,1,1797
0.5,2535.419750,162.25,1.9,3.72,-26.66,1.88,1.5,1,1670
0.5,2535.429750,161.63,1.9,3.94,-26.66,2.51,2.25,1,2566
0.5,2535.439750,160.84,1.91,4.32,-26.65,3.13,3.0,1,2439
0.5,2535.449750,160.14,1.92,5.28,-26.63,3.75,3.75,1,2320
0.5,2535.459750,159.52,1.95,6.36,-26.61,4.36,4.25,1,2192
0.5,2535.469750,158.99,1.97,6.88,-26.6,4.97,4.75,1,2056
0.5,2535.479750,158.73,1.98,7.28,-26.58,5.58,5.25,1,1937
0.5,2535.489750,158.38,1.98,7.55,-26.58,6.18,5.25,1,1801
0.5,2535.499750,157.94,1.99,7.69,-26.58,6.77,6.0,1,1683
0.5,2535.509750,157.06,1.99,8.03,-26.57,7.36,6.75,1,2562
0.5,2535.519750,156.27,2.03,8.96,-26.55,7.94,7.5,1,2435
0.5,2535.529750,155.65,2.06,10.09,-26.51,8.52,8.0,1,2316
0.5,2535.539750,155.21,2.07,10.67,-26.51,9.08,8.5,1,2197
0.5,2535.549750,154.78,2.08,11.02,-26.5,9.64,8.75,1,2061
0.5,2535.559750,154.25,2.09,11.27,-26.5,10.18,9.5,1,1933
0.5,2535.569750,153.28,2.1,11.72,-26.48,10.72,10.25,1,1797
0.5,2535.579750,152.4,2.13,12.73,-26.45,11.24,11.25,1,1678
0.5,2535.589750,151.79,2.17,13.94,-26.42,11.76,11.75,1,2558
0.5,2535.599750,151.26,2.18,14.59,-26.41,12.26,12.25,1,2431
0.5,2535.609750,150.82,2.19,15.0,-26.4,12.75,12.75,1,2320
0.5,2535.619750,150.47,2.2,15.27,-26.39,13.23,13.25,1,2193
0.5,2535.629750,150.29,2.21,15.55,-26.38,13.69,13.25,1,2056
0.5,2535.639751,149.77,2.21,15.65,-26.38,14.14,13.75,1,1929
0.5,2535.649751,148.97,2.22,15.91,-26.37,14.58,14.75,1,1802
0.5,2535.659751,148.27,2.25,16.79,-26.34,15.0,15.25,1,1674
0.5,2535.669751,147.92,2.28,17.81,-26.32,15.41,15.75,1,2562
0.5,2535.679751,147.39,2.28,18.3,-26.32,15.8,16.25,1,2435
0.5,2535.689751,147.3,2.3,18.56,-26.3,16.18,16.25,1,2316
0.5,2535.699751,147.22,2.3,18.67,-26.3,16.54,15.75,1,2197
0.5,2535.709751,147.22,2.29,18.43,-26.31,16.89,15.75,1,2061
0.5,2535.719751,146.87,2.27,18.31,-26.33,17.21,16.75,1,1934
0.5,2535.729751,146.07,2.29,18.41,-26.32,17.53,17.5,1,1798
0.5,2535.739751,145.81,2.34,19.4,-26.27,17.82,17.75,1,1696
0.5,2535.749751,145.81,2.35,20.48,-26.24,18.1,17.75,1,2558
0.5,2535.759751,145.37,2.33,20.04,-26.27,18.36,18.25,1,2431
0.5,2535.769751,144.67,2.34,20.08,-26.25,18.6,18.75,1,2320
0.5,2535.779751,144.14,2.37,20.83,-26.23,18.82,19.25,1,2185
0.5,2535.789751,143.96,2.41,21.88,-26.19,19.02,19.5,1,2057
0.5,2535.799751,143.96,2.41,22.14,-26.19,19.21,19.25,1,1930
0.5,2535.809751,143.79,2.4,21.86,-26.2,19.37,19.0,1,1793
0.5,2535.819751,143.79,2.38,21.57,-26.22,19.52,19.25,1,1701
0.5,2535.829751,143.79,2.39,21.57,-26.21,19.65,19.75,1,2563
0.5,2535.839751,143.44,2.38,21.58,-26.22,19.75,20.25,1,2435
0.5,2535.849751,143.17,2.42,21.98,-26.18,19.84,20.25,1,2316
0.5,2535.859751,143.17,2.44,22.65,-26.16,19.91,19.75,1,2180
0.5,2535.869751,143.35,2.42,22.4,-26.18,19.96,19.75,1,2053
0.5,2535.879751,143.35,2.4,22.24,-26.2,19.99,19.25,1,1934
0.5,2535.889751,143.35,2.4,22.06,-26.21,20.0,19.5,1,1798
0.5,2535.899751,143.35,2.37,21.87,-26.24,19.99,20.0,1,1688
0.5,2535.909751,143.0,2.39,21.98,-26.22,19.96,20.5,1,2558
0.5,2535.919751,142.91,2.43,22.33,-26.17,19.91,20.5,1,2431
0.5,2535.929751,142.91,2.46,22.8,-26.15,19.84,20.25,1,2312
0.5,2535.939751,142.91,2.44,22.69,-26.18,19.75,19.75,1,2185
0.5,2535.949751,143.17,2.41,22.5,-26.2,19.65,19.75,1,2057
0.5,2535.959751,143.26,2.4,22.2,-26.22,19.52,19.25,1,1930
0.5,2535.969751,143.26,2.38,21.87,-26.27,19.37,19.25,1,1794
0.5,2535.979751,143.26,2.38,21.82,-26.26,19.21,19.25,1,1692
0.5,2535.989751,143.26,2.38,21.8,-26.26,19.02,19.25,1,2554
0.5,2535.999751,143.35,2.38,21.82,-26.26,18.82,19.25,1,2435
0.5,2536.009751,143.53,2.39,21.86,-26.25,18.6,19.0,1,2317
0.5,2536.019751,143.96,2.38,21.72,-26.26,18.36,18.25,1,2181
0.5,2536.029751,144.49,2.34,21.01,-26.31,18.1,17.75,1,2053
0.5,2536.039751,144.58,2.3,20.1,-26.36,17.82,17.75,1,1926
0.5,2536.049751,144.4,2.31,19.9,-26.35,17.53,17.75,1,1799
0.5,2536.059751,144.4,2.33,20.33,-26.31,17.21,18.0,1,1697
0.5,2536.069751,144.49,2.36,20.85,-26.25,16.89,17.75,1,2559
0.5,2536.079751,145.11,2.36,20.83,-26.26,16.54,17.0,1,2431
0.5,2536.089751,145.63,2.33,20.21,-26.31,16.18,16.25,1,2313
0.5,2536.099751,145.9,2.25,18.79,-26.43,15.8,16.25,1,2185
0.5,2536.109751,146.07,2.25,18.35,-26.4,15.41,16.0,1,2058
0.5,2536.119751,146.95,2.28,18.84,-26.35,15.0,15.0,1,1930
0.5,2536.129751,148.1,2.24,18.05,-26.41,14.58,13.75,1,1795
0.5,2536.139750,148.8,2.18,16.31,-26.49,14.14,13.0,1,1693
0.5,2536.149750,148.8,2.15,15.03,-26.51,13.69,13.25,1,2555
0.5,2536.159750,148.62,2.16,15.25,-26.48,13.23,13.5,1,2427
0.5,2536.169750,148.71,2.22,16.23,-26.42,12.75,13.5,1,2308
0.5,2536.179750,148.8,2.23,16.56,-26.39,12.26,13.25,1,2181
0.5,2536.189750,149.68,2.19,16.33,-26.43,11.76,12.0,1,2054
0.5,2536.199750,150.91,2.17,15.25,-26.5,11.24,10.75,1,1926
0.5,2536.209750,151.7,2.1,13.34,-26.59,10.72,10.0,1,1790
0.5,2536.219750,151.79,2.06,11.96,-26.58,10.18,10.25,1,1689
0.5,2536.229750,151.61,2.08,12.21,-26.56,9.64,10.75,1,2560
0.5,2536.239750,151.7,2.12,13.25,-26.5,9.08,10.75,1,2432
0.5,2536.249750,151.61,2.14,13.65,-26.46,8.52,10.25,1,2313
0.5,2536.259750,152.75,2.13,13.48,-26.48,7.94,9.0,1,2186
0.5,2536.269750,154.07,2.08,12.27,-26.57,7.36,7.75,1,2059
0.5,2536.279750,154.34,2.01,9.89,-26.68,6.77,7.5,1,1931
0.5,2536.289750,154.42,1.99,9.18,-26.64,6.18,7.25,1,1795
0.5,2536.299750,155.21,2.03,9.87,-26.6,5.58,6.5,1,1693
0.5,2536.309750,156.18,2.03,9.73,-26.62,4.97,5.25,1,2555
0.5,2536.319750,157.24,1.97,8.12,-26.68,4.36,4.5,1,2428
0.5,2536.329750,158.03,1.94,6.66,-26.7,3.75,3.75,1,2309
0.5,2536.339750,158.55,1.93,5.98,-26.72,3.13,3.25,1,2182
0.5,2536.349750,159.08,1.92,5.51,-26.73,2.51,2.75,1,2054
0.5,2536.359750,159.43,1.91,5.17,-26.72,1.88,2.25,1,1927
0.5,2536.369750,159.87,1.9,4.97,-26.73,1.26,1.75,1,1791
0.5,2536.379750,161.1,1.91,4.57,-26.73,0.63,0.5,1,1689
0.5,2536.389751,162.51,1.89,3.52,-26.75,0.0,-0.75,1,2551
0.5,2536.399750,163.39,1.83,1.61,-26.8,-0.63,-1.75,1,2432
0.5,2536.409750,163.48,1.79,0.19,-26.84,-1.26,-1.75,1,2314
0.5,2536.419750,163.39,1.8,0.35,-26.82,-1.88,-1.25,1,2178
0.5,2536.429750,163.65,1.84,1.37,-26.76,-2.51,-2.0,1,2050
0.5,2536.439750,164.44,1.84,1.47,-26.76,-3.13,-2.75,1,1922
0.5,2536.449750,165.23,1.78,0.35,-26.83,-3.75,-3.5,1,1795
0.5,2536.459750,165.85,1.78,-1.14,-26.87,-4.36,-4.25,1,1694
0.5,2536.469750,166.29,1.77,-1.67,-26.87,-4.97,-4.75,1,2556
0.5,2536.479750,166.64,1.76,-2.03,-26.87,-5.58,-5.0,1,2428
0.5,2536.489750,167.17,1.74,-2.31,-26.87,-6.18,-5.75,1,2309
0.5,2536.499750,168.13,1.74,-2.67,-26.87,-6.77,-6.5,1,2182
0.5,2536.509750,168.93,1.72,-3.66,-26.89,-7.36,-7.25,1,2055
0.5,2536.519750,169.45,1.69,-4.89,-26.92,-7.94,-7.75,1,1927
0.5,2536.529750,169.98,1.69,-5.38,-26.91,-8.52,-8.25,1,1791
0.5,2536.539750,170.24,1.68,-5.68,-26.92,-9.08,-8.75,1,1690
0.5,2536.549750,170.6,1.67,-5.93,-26.93,-9.64,-9.0,1,2552
0.5,2536.559750,170.95,1.67,-6.08,-26.93,-10.18,-9.25,1,2424
0.5,2536.569750,172.18,1.68,-6.32,-26.93,-10.72,-10.5,1,2314
0.5,2536.579750,173.41,1.66,-7.39,-26.94,-11.24,-11.75,1,2178
0.5,2536.589750,174.2,1.6,-9.31,-26.98,-11.76,-12.75,1,2051
0.5,2536.599750,174.38,1.58,-10.65,-27.01,-12.26,-12.75,1,1923
0.5,2536.609750,174.29,1.59,-10.47,-27.0,-12.75,-12.25,1,1787
0.5,2536.619750,174.46,1.62,-9.54,-26.95,-13.23,-13.0,1,1694
0.5,2536.629750,175.34,1.61,-9.44,-26.94,-13.69,-13.75,1,2548
0.5,2536.639751,176.13,1.56,-10.59,-27.01,-14.14,-14.5,1,2429
0.5,2536.649751,176.4,1.56,-12.1,-27.03,-14.58,-14.75,1,2310
0.5,2536.659751,176.4,1.55,-12.41,-27.02,-15.0,-14.75,1,2174
0.5,2536.669751,176.48,1.56,-12.01,-26.99,-15.41,-14.5,1,2055
0.5,2536.679751,176.4,1.57,-11.41,-26.96,-15.8,-14.75,1,1928
0.5,2536.689751,177.01,1.56,-11.35,-26.96,-16.18,-15.5,1,1791
0.5,2536.699751,177.89,1.56,-11.97,-26.99,-16.54,-16.25,1,2679
0.5,2536.709751,177.98,1.51,-13.55,-27.07,-16.89,-16.25,1,2552
0.5,2536.719751,177.8,1.51,-14.11,-27.05,-17.21,-16.25,1,2425
0.5,2536.729751,178.24,1.55,-13.27,-27.0,-17.53,-16.75,1,2306
0.5,2536.739751,179.12,1.53,-13.19,-27.0,-17.82,-17.5,1,2178
0.5,2536.749751,179.56,1.49,-14.45,-27.06,-18.1,-18.0,1,2051
0.5,2536.759751,179.38,1.48,-15.57,-27.05,-18.36,-17.75,1,1915
0.5,2536.769751,179.65,1.5,-15.29,-27.04,-18.6,-18.0,1,1787
0.5,2536.779751,180.09,1.51,-14.74,-27.01,-18.82,-18.5,1,2675
0.5,2536.789751,180.26,1.48,-15.28,-27.05,-19.02,-18.75,1,2548
0.5,2536.799751,180.18,1.46,-15.98,-27.07,-19.21,-18.25,1,2429
0.5,2536.809751,180.18,1.48,-15.61,-27.03,-19.37,-18.25,1,2311
0.5,2536.819751,180.62,1.51,-15.2,-26.99,-19.52,-19.0,1,2174
0.5,2536.829751,181.23,1.49,-15.66,-27.04,-19.65,-19.75,1,2047
0.5,2536.839751,181.32,1.45,-16.8,-27.09,-19.75,-19.75,1,1919
0.5,2536.849751,181.32,1.45,-17.4,-27.08,-19.84,-19.75,1,1792
0.5,2536.859751,181.32,1.48,-16.73,-27.05,-19.91,-19.75,1,2680
0.5,2536.869751,181.49,1.47,-16.59,-27.06,-19.96,-19.75,1,2552
0.5,2536.879751,181.49,1.46,-16.6,-27.05,-19.99,-19.75,1,2425
0.5,2536.889751,181.41,1.46,-16.59,-27.06,-20.0,-19.75,1,2307
0.5,2536.899751,181.41,1.46,-16.6,-27.06,-19.99,-19.75,1,2179
0.5,2536.909751,181.41,1.47,-16.6,-27.06,-19.96,-19.75,1,2051
0.5,2536.919751,181.41,1.46,-16.6,-27.06,-19.91,-19.75,1,1915
0.5,2536.929751,181.41,1.46,-16.6,-27.05,-19.84,-19.75,1,1788
0.5,2536.939751,181.32,1.46,-16.6,-27.05,-19.75,-19.75,1,2675
0.5,2536.949751,181.49,1.46,-16.6,-27.06,-19.65,-19.75,1,2548
0.5,2536.959751,181.49,1.46,-16.6,-27.06,-19.52,-19.75,1,2421
0.5,2536.969751,181.41,1.46,-16.6,-27.05,-19.37,-19.75,1,2311
0.5,2536.979751,181.49,1.46,-16.6,-27.05,-19.21,-19.5,1,2174
0.5,2536.989751,181.32,1.45,-16.56,-27.05,-19.02,-18.75,1,2047
0.5,2536.999751,180.88,1.46,-16.43,-27.03,-18.82,-18.25,1,1911
0.5,2537.009751,180.88,1.48,-15.9,-26.98,-18.6,-18.0,1,1783
0.5,2537.019751,180.88,1.48,-15.25,-26.94,-18.36,-18.25,1,2671
0.5,2537.029751,180.97,1.47,-15.46,-26.97,-18.1,-18.75,1,2553
0.5,2537.039751,180.88,1.45,-15.67,-27.0,-17.82,-18.5,1,2426
0.5,2537.049751,180.88,1.46,-15.69,-26.99,-17.53,-18.0,1,2307
0.5,2537.059751,180.7,1.46,-15.68,-27.0,-17.21,-17.5,1,2170
0.5,2537.069751,180.44,1.48,-15.35,-26.96,-16.89,-17.25,1,2043
0.5,2537.079751,180.26,1.49,-14.63,-26.93,-16.54,-16.75,1,1916
0.5,2537.089751,180.26,1.49,-14.43,-26.93,-16.18,-16.75,1,1788
0.5,2537.099751,179.91,1.48,-14.35,-26.94,-15.8,-16.25,1,2676
0.5,2537.109751,179.3,1.49,-14.19,-26.94,-15.41,-15.75,1,2549
0.5,2537.119751,178.77,1.51,-13.4,-26.91,-15.0,-15.25,1,2421
0.5,2537.129751,178.24,1.53,-12.39,-26.89,-14.58,-14.75,1,2303
0.5,2537.139750,178.07,1.53,-12.0,-26.91,-14.14,-14.25,1,2175
0.5,2537.149750,177.8,1.53,-11.77,-26.91,-13.69,-14.25,1,2047
0.5,2537.159750,177.36,1.54,-11.66,-26.9,-13.23,-13.75,1,1912
0.5,2537.169750,176.57,1.54,-11.4,-26.89,-12.75,-12.75,1,1784
0.5,2537.179750,175.96,1.57,-10.58,-26.88,-12.26,-12.25,1,2672
0.5,2537.189750,175.52,1.59,-9.5,-26.87,-11.76,-11.75,1,2545
0.5,2537.199750,174.99,1.59,-9.01,-26.87,-11.24,-11.25,1,2426
0.5,2537.209750,174.81,1.6,-8.75,-26.86,-10.72,-11.0,1,2307
0.5,2537.219750,174.55,1.61,-8.46,-26.86,-10.18,-10.75,1,2171
0.5,2537.229750,174.2,1.6,-8.36,-26.86,-9.64,-10.25,1,2043
0.5,2537.239750,173.5,1.6,-8.15,-26.86,-9.08,-9.5,1,1916
0.5,2537.249750,172.79,1.63,-7.3,-26.84,-8.52,-9.0,1,1789
0.5,2537.259750,172.44,1.66,-6.3,-26.81,-7.94,-8.5,1,2677
0.5,2537.269750,171.91,1.66,-5.85,-26.82,-7.36,-8.0,1,2549
0.5,2537.279750,171.39,1.67,-5.6,-26.81,-6.77,-7.5,1,2422
0.5,2537.289750,169.98,1.67,-5.23,-26.81,-6.18,-6.25,1,2303
0.5,2537.299750,168.66,1.69,-4.04,-26.8,-5.58,-4.75,1,2167
0.5,2537.309750,167.7,1.75,-1.99,-26.77,-4.97,-3.75,1,2048
0.5,2537.319750,167.43,1.78,-0.39,-26.73,-4.36,-3.75,1,1912
0.5,2537.329750,167.26,1.77,-0.46,-26.74,-3.75,-3.75,1,1784
0.5,2537.339750,167.17,1.73,-1.31,-26.78,-3.13,-3.25,1,2672
0.5,2537.349750,166.9,1.75,-1.39,-26.77,-2.51,-3.0,1,2545
0.5,2537.359750,166.38,1.78,-0.95,-26.74,-1.88,-2.5,1,2418
0.5,2537.369750,165.23,1.76,-0.34,-26.75,-1.26,-1.25,1,2299
0.5,2537.379750,163.83,1.8,0.75,-26.72,-0.63,-0.0,1,2171
0.5,2537.389751,162.77,1.86,2.72,-26.68,0.0,1.0,1,2044
0.5,2537.399750,162.77,1.9,4.19,-26.65,0.63,1.0,1,1908
0.5,2537.409750,162.69,1.88,4.07,-26.67,1.26,0.75,1,1789
0.5,2537.419750,162.33,1.83,3.26,-26.7,1.88,1.5,1,2668
0.5,2537.429750,161.37,1.84,3.2,-26.7,2.51,2.5,1,2549
0.5,2537.439750,160.49,1.9,4.29,-26.65,3.13,3.25,1,2422
0.5,2537.449750,159.79,1.93,6.06,-26.62,3.75,4.0,1,2303
0.5,2537.459750,159.17,1.93,6.59,-26.62,4.36,4.5,1,2167
0.5,2537.469750,158.73,1.95,7.04,-26.61,4.97,5.0,1,2039
0.5,2537.479750,158.47,1.96,7.43,-26.6,5.58,5.25,1,1912
0.5,2537.489750,157.94,1.97,7.62,-26.6,6.18,5.75,1,1785
0.5,2537.499750,156.97,1.97,8.01,-26.59,6.77,6.75,1,2673
0.5,2537.509750,156.18,2.0,8.95,-26.56,7.36,7.5,1,2545
0.5,2537.519750,155.57,2.04,10.08,-26.52,7.94,8.0,1,2418
0.5,2537.529750,155.13,2.04,10.68,-26.52,8.52,8.75,1,2299
0.5,2537.539750,154.69,2.05,11.04,-26.52,9.08,9.0,1,2163
0.5,2537.549750,154.34,2.06,11.31,-26.51,9.64,9.25,1,2044
0.5,2537.559750,153.98,2.07,11.57,-26.49,10.18,9.75,1,1908
0.5,2537.569750,153.02,2.08,11.88,-26.49,10.72,10.75,1,1781
0.5,2537.579750,152.14,2.1,12.83,-26.46,11.24,11.25,1,2669
0.5,2537.589750,151.61,2.14,14.02,-26.43,11.76,12.0,1,2541
0.5,2537.599750,151.08,2.15,14.57,-26.42,12.26,12.25,1,2422
0.5,2537.609750,150.82,2.17,14.95,-26.41,12.75,12.75,1,2303
0.5,2537.619750,150.47,2.17,15.19,-26.41,13.23,13.0,1,2168
0.5,2537.629750,150.29,2.18,15.43,-26.4,13.69,13.25,1,2040
0.5,2537.639751,149.85,2.18,15.51,-26.4,14.14,13.75,1,1913
0.5,2537.649751,149.15,2.18,15.71,-26.39,14.58,14.5,1,1785
0.5,2537.659751,148.54,2.22,16.56,-26.36,15.0,15.0,1,2673
0.5,2537.669751,148.01,2.25,17.58,-26.33,15.41,15.5,1,2546
0.5,2537.679751,147.57,2.25,18.05,-26.33,15.8,16.0,1,2418
0.5,2537.689751,147.3,2.26,18.3,-26.32,16.18,16.25,1,2299
0.5,2537.699751,147.13,2.27,18.48,-26.32,16.54,16.25,1,2163
0.5,2537.709751,146.69,2.27,18.66,-26.31,16.89,16.75,1,2045
0.5,2537.719751,145.81,2.28,18.9,-26.31,17.21,17.75,1,1909
0.5,2537.729751,145.46,2.31,19.77,-26.28,17.53,18.0,1,1781
0.5,2537.739751,145.46,2.35,20.69,-26.24,17.82,18.0,1,2669
0.5,2537.749751,145.46,2.32,20.47,-26.27,18.1,17.75,1,2541
0.5,2537.759751,145.46,2.3,20.0,-26.29,18.36,18.0,1,2423
0.5,2537.769751,144.84,2.31,19.97,-26.28,18.6,18.75,1,2295
0.5,2537.779751,144.32,2.33,20.38,-26.26,18.82,19.0,1,2168
0.5,2537.789751,143.96,2.38,21.26,-26.21,19.02,19.25,1,2042
0.5,2537.799751,143.7,2.38,21.79,-26.21,19.21,19.75,1,1905
0.5,2537.809751,143.61,2.38,21.91,-26.21,19.37,19.75,1,1786
0.5,2537.819751,143.61,2.38,21.93,-26.21,19.52,19.25,1,2665
0.5,2537.829751,143.88,2.37,21.74,-26.23,19.65,18.75,1,2537
0.5,2537.839751,144.05,2.33,21.38,-26.27,19.75,18.75,1,2427
0.5,2537.849751,143.96,2.3,20.92,-26.31,19.84,19.5,1,2300
0.5,2537.859751,143.09,2.32,21.16,-26.29,19.91,20.25,1,2164
0.5,2537.869751,143.09,2.4,22.11,-26.19,19.96,20.25,1,2036
0.5,2537.879751,143.0,2.45,23.09,-26.14,19.99,19.75,1,1909
0.5,2537.889751,143.17,2.39,22.5,-26.21,20.0,19.5,1,1790
0.5,2537.899751,143.17,2.37,22.18,-26.23,19.99,19.5,1,2670
0.5,2537.909751,143.26,2.35,21.9,-26.26,19.96,19.75,1,2542
0.5,2537.919751,143.09,2.35,21.93,-26.25,19.91,20.25,1,2423
0.5,2537.929751,143.09,2.38,22.14,-26.22,19.84,20.25,1,2296
0.5,2537.939751,143.09,2.39,22.32,-26.2,19.75,19.75,1,2160
0.5,2537.949751,143.17,2.39,22.39,-26.19,19.65,19.5,1,2042
0.5,2537.959751,143.35,2.36,22.18,-26.23,19.52,19.25,1,1905
0.5,2537.969751,143.53,2.34,21.78,-26.27,19.37,19.0,1,1786
0.5,2537.979751,143.53,2.32,21.47,-26.3,19.21,19.0,1,2666
0.5,2537.989751,143.53,2.33,21.41,-26.3,19.02,18.75,1,2538
0.5,2537.999751,143.61,2.33,21.42,-26.29,18.82,18.75,1,2428
0.5,2538.009751,143.53,2.33,21.48,-26.29,18.6,18.75,1,2300
0.5,2538.019751,143.61,2.34,21.53,-26.28,18.36,18.75,1,2164
0.5,2538.029751,143.79,2.34,21.53,-26.28,18.1,18.75,1,2037
0.5,2538.039751,144.58,2.34,21.4,-26.29,17.82,17.75,1,1901
0.5,2538.049751,145.81,2.3,20.53,-26.34,17.53,16.25,1,1808
0.5,2538.059751,146.34,2.23,18.78,-26.43,17.21,15.75,1,2670
0.5,2538.069751,146.25,2.2,17.59,-26.43,16.89,16.0,1,2543
0.5,2538.079751,146.16,2.21,17.94,-26.4,16.54,16.25,1,2424
0.5,2538.089751,146.34,2.27,18.84,-26.34,16.18,15.75,1,2296
0.5,2538.099751,146.6,2.28,19.05,-26.32,15.8,15.5,1,2160
0.5,2538.109751,146.6,2.22,18.43,-26.4,15.41,15.5,1,2042
0.5,2538.119751,146.69,2.21,17.89,-26.43,15.0,15.5,1,1905
0.5,2538.129751,146.78,2.24,18.38,-26.37,14.58,15.25,1,1804
0.5,2538.139750,147.57,2.22,18.28,-26.39,14.14,14.25,1,2666
0.5,2538.149750,148.8,2.19,17.38,-26.44,13.69,13.0,1,2538
0.5,2538.159750,149.59,2.13,15.6,-26.52,13.23,12.25,1,2420
0.5,2538.169750,149.59,2.1,14.22,-26.53,12.75,12.5,1,2292
0.5,2538.179750,149.5,2.11,14.5,-26.51,12.26,13.25,1,2165
0.5,2538.189750,149.41,2.15,15.5,-26.45,11.76,13.5,1,2037
0.5,2538.199750,149.41,2.18,15.82,-26.42,11.24,13.0,1,1901
0.5,2538.209750,150.21,2.17,15.79,-26.43,10.72,11.75,1,1808
0.5,2538.219750,151.26,2.13,15.08,-26.5,10.18,10.75,1,2670
0.5,2538.229750,151.44,2.06,13.22,-26.59,9.64,10.5,1,2534
0.5,2538.239750,151.44,2.04,12.25,-26.57,9.08,10.75,1,2424
0.5,2538.249750,151.96,2.09,13.22,-26.5,8.52,10.0,1,2288
0.5,2538.259750,152.84,2.1,13.27,-26.51,7.94,9.0,1,2161
0.5,2538.269750,153.46,2.02,11.8,-26.62,7.36,8.5,1,2033
0.5,2538.279750,153.63,2.0,10.57,-26.63,6.77,8.25,1,1905
0.5,2538.289750,154.42,2.02,10.65,-26.6,6.18,7.25,1,1804
0.5,2538.299750,155.39,2.02,10.42,-26.61,5.58,6.25,1,2666
0.5,2538.309750,156.18,1.95,8.9,-26.67,4.97,5.75,1,2539
0.5,2538.319750,156.53,1.93,7.69,-26.68,4.36,5.25,1,2420
0.5,2538.329750,157.5,1.95,7.59,-26.66,3.75,4.25,1,2284
0.5,2538.339750,158.47,1.94,7.16,-26.69,3.13,3.25,1,2157
0.5,2538.349750,158.91,1.87,5.53,-26.75,2.51,2.75,1,2038
0.5,2538.359750,159.08,1.86,4.91,-26.74,1.88,2.75,1,1901
0.5,2538.369750,159.61,1.89,5.36,-26.72,1.26,2.25,1,1809
0.5,2538.379750,160.66,1.89,5.13,-26.74,0.63,1.0,1,2670
0.5,2538.389751,161.54,1.86,4.09,-26.75,-0.0,-0.0,1,2535
0.5,2538.399750,161.98,1.8,2.44,-26.79,-0.63,-0.25,1,2425
0.5,2538.409750,162.51,1.8,1.74,-26.8,-1.26,-0.75,1,2288
0.5,2538.419750,163.74,1.82,1.93,-26.78,-1.88,-2.25,1,2161
0.5,2538.429750,164.97,1.79,0.92,-26.82,-2.51,-3.25,1,2034
0.5,2538.439750,165.06,1.74,-0.95,-26.86,-3.13,-3.25,1,1897
0.5,2538.449750,165.15,1.73,-1.5,-26.87,-3.75,-3.0,1,1805
0.5,2538.459750,165.15,1.77,-0.64,-26.83,-4.36,-3.0,1,2666
0.5,2538.469750,165.5,1.78,-0.17,-26.81,-4.97,-3.75,1,2539
0.5,2538.479750,166.55,1.76,-0.42,-26.83,-5.58,-5.0,1,2420
0.5,2538.489750,167.17,1.72,-1.79,-26.89,-6.18,-5.5,1,2284
0.5,2538.499750,167.43,1.7,-3.33,-26.91,-6.77,-5.75,1,2157
0.5,2538.509750,168.4,1.71,-3.27,-26.88,-7.36,-6.75,1,2038
0.5,2538.519750,169.19,1.72,-3.54,-26.89,-7.94,-7.5,1,1902
0.5,2538.529750,169.37,1.66,-4.95,-26.94,-8.52,-7.75,1,1801
0.5,2538.539750,169.72,1.65,-5.44,-26.91,-9.08,-8.0,1,2662
0.5,2538.549750,170.6,1.68,-5.0,-26.91,-9.64,-9.0,1,2535
0.5,2538.559750,171.56,1.67,-5.81,-26.95,-10.18,-10.0,1,2416
0.5,2538.569750,172.0,1.62,-7.47,-26.98,-10.72,-10.25,1,2289
0.5,2538.579750,172.62,1.6,-8.1,-26.96,-11.24,-11.0,1,2161
0.5,2538.589750,173.41,1.63,-8.02,-26.96,-11.76,-11.75,1,2034
0.5,2538.599750,174.02,1.6,-8.94,-27.0,-12.26,-12.75,1,1898
0.5,2538.609750,174.46,1.57,-10.1,-27.01,-12.75,-12.75,1,1805
0.5,2538.619750,174.46,1.57,-10.48,-27.02,-13.23,-12.75,1,2667
0.5,2538.629750,174.46,1.58,-10.07,-26.99,-13.69,-12.75,1,2539
0.5,2538.639751,175.25,1.6,-9.52,-26.95,-14.14,-13.75,1,2421
0.5,2538.649751,176.04,1.57,-10.23,-27.0,-14.58,-14.5,1,2284
0.5,2538.659751,176.31,1.54,-11.87,-27.06,-15.0,-14.75,1,2157
0.5,2538.669751,176.48,1.53,-12.48,-27.04,-15.41,-15.0,1,2030
0.5,2538.679751,176.92,1.54,-12.07,-27.02,-15.8,-15.25,1,1902
0.5,2538.689751,177.89,1.54,-12.16,-27.03,-16.18,-16.25,1,1801
0.5,2538.699751,179.21,1.52,-13.2,-27.04,-16.54,-17.75,1,2663
0.5,2538.709751,180.09,1.47,-15.07,-27.08,-16.89,-18.5,1,2535
0.5,2538.719751,180.09,1.45,-16.44,-27.08,-17.21,-18.25,1,2417
0.5,2538.729751,180.09,1.46,-16.25,-27.09,-17.53,-18.25,1,2280
0.5,2538.739751,180.09,1.49,-15.31,-27.04,-17.82,-18.25,1,2153
0.5,2538.749751,180.53,1.47,-15.09,-27.03,-18.1,-19.0,1,2034
0.5,2538.759751,180.97,1.45,-15.58,-27.08,-18.36,-19.25,1,1898
0.5,2538.769751,180.97,1.46,-16.49,-27.1,-18.6,-19.25,1,1797
0.5,2538.779751,180.97,1.44,-16.75,-27.1,-18.82,-19.25,1,2667
0.5,2538.789751,180.97,1.46,-16.12,-27.05,-19.02,-19.25,1,2531
0.5,2538.799751,180.88,1.44,-16.01,-27.06,-19.21,-19.25,1,2421
0.5,2538.809751,180.97,1.45,-16.06,-27.06,-19.37,-19.25,1,2285
0.5,2538.819751,180.97,1.44,-16.07,-27.07,-19.52,-19.25,1,2157
0.5,2538.829751,180.97,1.45,-16.09,-27.06,-19.65,-19.25,1,2030
0.5,2538.839751,181.14,1.45,-16.08,-27.07,-19.75,-19.5,1,1903
0.5,2538.849751,181.76,1.45,-16.22,-27.07,-19.84,-20.25,1,1801
0.5,2538.859751,181.93,1.44,-16.92,-27.1,-19.91,-20.25,1,2611
0.5,2538.869751,181.93,1.42,-17.71,-27.12,-19.96,-20.0,1,2536
0.5,2538.879751,181.85,1.44,-17.42,-27.08,-19.99,-19.75,1,2417
0.5,2538.889751,181.93,1.45,-16.91,-27.06,-20.0,-19.75,1,2282
0.5,2538.899751,181.85,1.44,-16.93,-27.08,-19.99,-19.75,1,2153
0.5,2538.909751,181.85,1.44,-16.92,-27.07,-19.96,-19.5,1,2035
0.5,2538.919751,181.93,1.44,-16.93,-27.07,-19.91,-19.75,1,1899
0.5,2538.929751,182.11,1.45,-16.96,-27.07,-19.84,-20.5,1,1797
0.5,2538.939751,182.37,1.44,-17.13,-27.09,-19.75,-20.75,1,2659
0.5,2538.949751,182.2,1.41,-17.63,-27.13,-19.65,-20.0,1,2532
0.5,2538.959751,182.02,1.43,-17.69,-27.1,-19.52,-19.5,1,2413
0.5,2538.969751,182.11,1.45,-17.0,-27.04,-19.37,-19.5,1,2286
0.5,2538.979751,182.11,1.45,-16.82,-27.02,-19.21,-19.5,1,2158
0.5,2538.989751,181.85,1.41,-16.9,-27.05,-19.02,-19.25,1,2031
0.5,2538.999751,181.49,1.43,-16.87,-27.05,-18.82,-18.25,1,1894
0.5,2539.009751,181.23,1.45,-16.12,-27.0,-18.6,-18.25,1,2791
0.5,2539.019751,181.23,1.48,-15.29,-26.94,-18.36,-18.25,1,2664
0.5,2539.029751,181.23,1.44,-15.46,-26.98,-18.1,-18.5,1,2536
0.5,2539.039751,181.32,1.42,-15.82,-27.01,-17.82,-18.25,1,2417
0.5,2539.049751,181.14,1.42,-15.83,-27.0,-17.53,-17.75,1,2281
0.5,2539.059751,180.79,1.43,-15.71,-27.0,-17.21,-17.25,1,2154
0.5,2539.069751,180.62,1.46,-15.2,-26.96,-16.89,-17.0,1,2027
0.5,2539.079751,180.35,1.45,-14.47,-26.94,-16.54,-16.75,1,1899
0.5,2539.089751,180.35,1.46,-14.3,-26.93,-16.18,-16.75,1,2787
0.5,2539.099751,180.0,1.45,-14.24,-26.94,-15.8,-16.25,1,2659
0.5,2539.109751,179.38,1.46,-14.09,-26.94,-15.41,-15.75,1,2532
0.5,2539.119751,178.95,1.48,-13.28,-26.92,-15.0,-15.0,1,2413
0.5,2539.129751,178.42,1.49,-12.28,-26.9,-14.58,-14.5,1,2277
0.5,2539.139750,178.15,1.49,-11.88,-26.91,-14.14,-14.25,1,2149
0.5,2539.149750,177.89,1.49,-11.67,-26.91,-13.69,-14.0,1,2023
0.5,2539.159750,177.54,1.48,-11.55,-26.9,-13.23,-13.5,1,1895
0.5,2539.169750,176.66,1.49,-11.25,-26.89,-12.75,-12.75,1,2783
0.5,2539.179750,175.96,1.5,-10.39,-26.88,-12.26,-12.0,1,2655
0.5,2539.189750,175.43,1.52,-9.29,-26.86,-11.76,-11.5,1,2528
0.5,2539.199750,174.9,1.52,-8.76,-26.86,-11.24,-11.0,1,2418
0.5,2539.209750,174.55,1.52,-8.43,-26.84,-10.72,-10.75,1,2282
0.5,2539.219750,174.29,1.52,-8.18,-26.84,-10.18,-10.5,1,2154
0.5,2539.229750,173.94,1.51,-8.05,-26.85,-9.64,-10.0,1,2018
0.5,2539.239750,173.14,1.5,-7.72,-26.84,-9.08,-9.25,1,1891
0.5,2539.249750,172.53,1.52,-6.92,-26.82,-8.52,-8.5,1,2787
0.5,2539.259750,172.0,1.54,-5.87,-26.79,-7.94,-8.0,1,2660
0.5,2539.269750,171.56,1.52,-5.35,-26.79,-7.36,-7.75,1,2532
0.5,2539.279750,170.86,1.52,-5.06,-26.79,-6.77,-7.0,1,2413
0.5,2539.289750,169.89,1.5,-4.6,-26.79,-6.18,-6.0,1,2278
0.5,2539.299750,169.01,1.51,-3.6,-26.78,-5.58,-5.25,1,2150
0.5,2539.309750,168.66,1.54,-2.3,-26.73,-4.97,-4.75,1,2023
0.5,2539.319750,168.57,1.53,-1.86,-26.73,-4.36,-4.75,1,1895
0.5,2539.329750,168.49,1.51,-2.15,-26.75,-3.75,-4.75,1,2783
0.5,2539.339750,167.61,1.47,-2.6,-26.78,-3.13,-3.75,1,2656
0.5,2539.349750,166.55,1.51,-1.9,-26.77,-2.51,-2.75,1,2528
0.5,2539.359750,166.29,1.55,-0.28,-26.72,-1.88,-2.75,1,2409
0.5,2539.369750,166.11,1.5,0.4,-26.72,-1.26,-2.25,1,2273
0.5,2539.379750,164.88,1.5,0.13,-26.75,-0.63,-0.75,1,2155
0.5,2539.389751,163.39,1.61,1.06,-26.74,-0.0,0.5,1,2019
0.5,2539.399750,162.25,1.63,3.17,-26.67,0.63,1.25,1,1891
0.5,2539.409750,161.72,1.59,4.68,-26.65,1.26,1.5,1,2788
0.5,2539.419750,162.07,1.57,5.31,-26.63,1.88,1.25,1,2660
0.5,2539.429750,162.16,1.66,4.77,-26.67,2.51,1.25,1,2533
0.5,2539.439750,162.07,1.72,3.53,-26.73,3.13,2.0,1,2414
0.5,2539.449750,160.93,1.68,3.64,-26.72,3.75,3.0,1,2278
0.5,2539.459750,159.79,1.65,4.85,-26.66,4.36,3.75,1,2150
0.5,2539.469750,159.52,1.65,6.88,-26.61,4.97,3.75,1,2023
0.5,2539.479750,159.43,1.67,7.34,-26.61,5.58,4.25,1,1896
0.5,2539.489750,158.73,1.75,7.1,-26.63,6.18,5.25,1,2784
0.5,2539.499750,157.68,1.81,6.97,-26.63,6.77,6.25,1,2656
0.5,2539.509750,156.88,1.74,8.34,-26.58,7.36,6.25,1,2528
0.5,2539.519750,156.8,1.69,9.93,-26.54,7.94,6.25,1,2410
0.5,2539.529750,156.62,1.75,9.71,-26.6,8.52,7.25,1,2274
0.5,2539.539750,155.57,1.89,9.43,-26.62,9.08,8.25,1,2146
0.5,2539.549750,154.78,1.82,10.2,-26.56,9.64,9.0,1,2019
0.5,2539.559750,154.34,1.76,11.67,-26.51,10.18,9.0,1,1892
0.5,2539.569750,153.98,1.83,12.21,-26.52,10.72,9.25,1,2780
0.5,2539.579750,153.46,1.92,12.38,-26.51,11.24,10.5,1,2661
0.5,2539.589750,152.4,1.96,12.53,-26.49,11.76,11.25,1,2524
0.5,2539.599750,151.88,1.92,13.51,-26.47,12.26,11.75,1,2414
0.5,2539.609750,151.7,1.87,15.09,-26.43,12.75,12.25,1,2278
0.5,2539.619750,151.52,1.93,14.77,-26.44,13.23,12.25,1,2151
0.5,2539.629750,151.08,1.98,14.71,-26.42,13.69,12.75,1,2015
0.5,2539.639751,150.29,1.93,14.79,-26.43,14.14,13.75,1,1896
0.5,2539.649751,149.5,2.01,15.77,-26.4,14.58,14.25,1,2784
0.5,2539.659751,149.24,2.04,17.01,-26.35,15.0,14.25,1,2657
0.5,2539.669751,149.15,1.97,17.39,-26.37,15.41,14.25,1,2529
0.5,2539.679751,148.54,2.08,17.25,-26.37,15.8,15.25,1,2410
0.5,2539.689751,147.57,2.11,17.09,-26.39,16.18,16.25,1,2274
0.5,2539.699751,146.95,2.08,18.33,-26.35,16.54,16.75,1,2147
0.5,2539.709751,146.51,2.06,19.8,-26.3,16.89,17.0,1,2019
0.5,2539.719751,146.25,2.14,19.99,-26.31,17.21,17.25,1,1892
0.5,2539.729751,146.16,2.2,20.11,-26.3,17.53,17.25,1,2780
0.5,2539.739751,146.25,2.13,19.72,-26.31,17.82,17.25,1,2652
0.5,2539.749751,146.34,2.14,19.72,-26.31,18.1,17.75,1,2525
0.5,2539.759751,145.72,2.13,19.66,-26.32,18.36,18.25,1,2406
0.5,2539.769751,145.11,2.14,20.04,-26.31,18.6,18.75,1,2270
0.5,2539.779751,144.76,2.16,20.9,-26.27,18.82,19.25,1,2151
0.5,2539.789751,144.4,2.18,21.63,-26.24,19.02,19.25,1,2015
0.5,2539.799751,144.4,2.23,21.88,-26.23,19.21,19.0,1,1888
0.5,2539.809751,144.58,2.18,21.87,-26.23,19.37,18.75,1,2784
0.5,2539.819751,144.58,2.2,21.47,-26.25,19.52,18.75,1,2657
0.5,2539.829751,144.32,2.2,20.97,-26.28,19.65,19.75,1,2529
0.5,2539.839751,143.17,2.19,21.21,-26.29,19.75,20.75,1,2411
0.5,2539.849751,142.12,2.24,22.49,-26.23,19.84,21.25,1,2275
0.5,2539.859751,142.21,2.32,24.64,-26.15,19.91,21.25,1,2147
0.5,2539.869751,142.91,2.33,24.85,-26.15,19.96,20.25,1,2020
0.5,2539.879751,143.79,2.27,23.31,-26.21,19.99,19.25,1,1892
0.5,2539.889751,143.7,2.2,21.51,-26.26,20.0,19.25,1,2780
0.5,2539.899751,143.44,2.17,21.15,-26.29,19.99,19.75,1,2653
0.5,2539.909751,143.09,2.24,22.16,-26.25,19.96,20.25,1,2525
0.5,2539.919751,142.91,2.29,22.86,-26.22,19.91,20.25,1,2406
0.5,2539.929751,143.26,2.28,23.22,-26.2,19.84,19.75,1,2271
0.5,2539.939751,143.53,2.27,22.92,-26.21,19.75,19.75,1,2143
0.5,2539.949751,143.7,2.22,22.11,-26.25,19.65,19.25,1,2015
0.5,2539.959751,143.61,2.23,21.86,-26.25,19.52,19.5,1,1888
0.5,2539.969751,143.44,2.22,21.87,-26.25,19.37,20.0,1,2784
0.5,2539.979751,142.91,2.25,22.3,-26.25,19.21,20.25,1,2657
0.5,2539.989751,143.44,2.27,22.88,-26.21,19.02,19.5,1,2530
0.5,2539.999751,143.79,2.24,22.85,-26.21,18.82,19.0,1,2411
0.5,2540.009751,143.96,2.22,21.58,-26.26,18.6,19.0,1,2275
0.5,2540.019751,144.14,2.18,21.15,-26.27,18.36,18.75,1,2148
0.5,2540.029751,144.84,2.23,21.48,-26.25,18.1,18.0,1,2011
0.5,2540.039751,145.37,2.19,20.76,-26.3,17.82,17.5,1,1892
0.5,2540.049751,145.55,2.15,19.87,-26.32,17.53,17.25,1,2780
0.5,2540.059751,145.46,2.14,19.62,-26.31,17.21,17.75,1,2653
0.5,2540.069751,145.28,2.16,19.92,-26.32,16.89,17.75,1,2526
0.5,2540.079751,146.07,2.15,20.46,-26.28,16.54,16.75,1,2407
0.5,2540.089751,146.87,2.11,20.16,-26.29,16.18,15.75,1,2271
0.5,2540.099751,147.3,2.15,18.55,-26.36,15.8,15.25,1,2144
0.5,2540.109751,147.3,2.08,17.45,-26.38,15.41,15.75,1,2016
0.5,2540.119751,146.95,2.09,17.74,-26.36,15.0,16.0,1,1888
0.5,2540.129751,147.22,2.12,18.69,-26.32,14.58,15.5,1,2776
0.5,2540.139750,147.92,2.07,18.84,-26.33,14.14,14.75,1,2649
0.5,2540.149750,148.62,2.09,17.89,-26.38,13.69,14.25,1,2530
0.5,2540.159750,149.06,2.16,16.63,-26.39,13.23,13.75,1,2403
0.5,2540.169750,149.59,2.09,16.08,-26.4,12.75,13.25,1,2267
0.5,2540.179750,149.94,2.03,15.74,-26.42,12.26,12.75,1,2148
0.5,2540.189750,150.12,2.03,15.43,-26.43,11.76,12.75,1,2012
0.5,2540.199750,150.64,2.04,15.3,-26.44,11.24,12.25,1,1893
0.5,2540.209750,151.61,2.03,15.06,-26.44,10.72,11.0,1,2781
0.5,2540.219750,153.02,1.91,13.94,-26.49,10.18,9.75,1,2653
0.5,2540.229750,153.72,1.87,12.05,-26.54,9.64,8.75,1,2535
0.5,2540.239750,153.9,1.98,10.76,-26.56,9.08,9.0,1,2407
0.5,2540.249750,153.37,1.97,10.9,-26.55,8.52,9.75,1,2271
0.5,2540.259750,152.93,1.89,12.01,-26.49,7.94,9.75,1,2144
0.5,2540.269750,153.46,1.85,12.97,-26.45,7.36,9.25,1,2016
0.5,2540.279750,154.78,1.85,12.74,-26.49,6.77,7.75,1,1898
0.5,2540.289750,155.92,1.88,10.78,-26.56,6.18,6.75,1,2776
0.5,2540.299750,156.09,1.83,8.89,-26.61,5.58,6.75,1,2649
0.5,2540.309750,156.01,1.82,8.34,-26.64,4.97,6.75,1,2531
0.5,2540.319750,156.71,1.84,9.31,-26.59,4.36,5.75,1,2403
0.5,2540.329750,157.68,1.72,9.09,-26.58,3.75,4.75,1,2267
0.5,2540.339750,158.64,1.75,7.57,-26.66,3.13,4.0,1,2140
0.5,2540.349750,159.26,1.79,6.36,-26.66,2.51,3.25,1,2012
0.5,2540.359750,159.7,1.73,5.57,-26.68,1.88,2.75,1,1893
0.5,2540.369750,160.49,1.67,5.12,-26.69,1.26,2.0,1,2772
0.5,2540.379750,161.54,1.7,4.74,-26.7,0.63,1.0,1,2645
0.5,2540.389751,161.98,1.68,3.61,-26.73,0.0,0.5,1,2527
0.5,2540.399750,162.25,1.67,2.59,-26.76,-0.63,0.25,1,2408
0.5,2540.409750,163.12,1.71,2.67,-26.73,-1.26,-0.75,1,2271
0.5,2540.419750,163.92,1.68,2.34,-26.74,-1.88,-1.5,1,2144
0.5,2540.429750,164.18,1.65,0.92,-26.8,-2.51,-1.75,1,2008
0.5,2540.439750,164.53,1.68,0.45,-26.79,-3.13,-2.25,1,1915
0.5,2540.449750,165.41,1.69,0.77,-26.76,-3.75,-3.25,1,2777
0.5,2540.459750,166.38,1.66,-0.09,-26.81,-4.36,-4.25,1,2650
0.5,2540.469750,166.82,1.63,-1.68,-26.87,-4.97,-4.5,1,2531
0.5,2540.479750,167.43,1.62,-2.44,-26.86,-5.58,-5.25,1,2404
0.5,2540.489750,168.22,1.64,-2.38,-26.84,-6.18,-6.25,1,2267
0.5,2540.499750,169.1,1.6,-3.28,-26.88,-6.77,-7.0,1,2140
0.5,2540.509750,169.72,1.57,-4.47,-26.9,-7.36,-7.5,1,2004
0.5,2540.519750,170.16,1.57,-5.1,-26.89,-7.94,-8.0,1,1911
0.5,2540.529750,170.51,1.56,-5.48,-26.92,-8.52,-8.5,1,2773
0.5,2540.539750,170.68,1.57,-5.67,-26.92,-9.08,-8.75,1,2646
0.5,2540.549750,171.12,1.56,-5.89,-26.92,-9.64,-9.25,1,2527
0.5,2540.559750,172.09,1.57,-6.14,-26.91,-10.18,-10.0,1,2391
0.5,2540.569750,172.71,1.55,-7.04,-26.92,-10.72,-10.75,1,2263
0.5,2540.579750,173.32,1.53,-8.3,-26.96,-11.24,-11.25,1,2144
0.5,2540.589750,173.76,1.53,-8.83,-26.96,-11.76,-11.75,1,2008
0.5,2540.599750,174.02,1.52,-9.17,-26.97,-12.26,-12.25,1,1907
0.5,2540.609750,174.38,1.52,-9.43,-26.97,-12.75,-12.5,1,2778
0.5,2540.619750,174.46,1.52,-9.58,-26.97,-13.23,-12.75,1,2650
0.5,2540.629750,174.81,1.52,-9.62,-26.97,-13.69,-13.0,1,2531
0.5,2540.639751,175.87,1.52,-9.84,-26.97,-14.14,-14.25,1,2395
0.5,2540.649751,177.28,1.5,-10.92,-26.99,-14.58,-15.5,1,2268
0.5,2540.659751,178.07,1.45,-12.82,-27.03,-15.0,-16.25,1,2140
0.5,2540.669751,178.15,1.42,-14.24,-27.05,-15.41,-16.25,1,2004
0.5,2540.679751,178.15,1.43,-14.14,-27.05,-15.8,-16.0,1,1911
0.5,2540.689751,178.07,1.46,-13.24,-27.0,-16.18,-16.25,1,2773
0.5,2540.699751,178.33,1.45,-12.97,-26.99,-16.54,-16.5,1,2646
0.5,2540.709751,178.33,1.42,-13.27,-27.03,-16.89,-16.5,1,2527
0.5,2540.719751,178.68,1.44,-13.57,-27.02,-17.21,-17.0,1,2391
0.5,2540.729751,179.47,1.44,-13.76,-27.03,-17.53,-17.75,1,2263
0.5,2540.739751,180.09,1.42,-14.56,-27.03,-17.82,-18.25,1,2136
0.5,2540.749751,180.26,1.38,-15.61,-27.05,-18.1,-18.5,1,2009
0.5,2540.759751,180.26,1.38,-15.92,-27.04,-18.36,-18.25,1,1907
0.5,2540.769751,180.26,1.39,-15.52,-27.03,-18.6,-18.0,1,2769
0.5,2540.779751,180.09,1.4,-15.09,-27.0,-18.82,-18.25,1,2650
0.5,2540.789751,180.62,1.38,-15.09,-27.01,-19.02,-18.75,1,2523
0.5,2540.799751,181.14,1.37,-15.42,-27.02,-19.21,-19.25,1,2396
0.5,2540.809751,181.49,1.34,-16.27,-27.07,-19.37,-19.5,1,2268
0.5,2540.819751,181.58,1.34,-16.77,-27.04,-19.52,-19.75,1,2141
0.5,2540.829751,181.58,1.32,-16.81,-27.04,-19.65,-19.75,1,2005
0.5,2540.839751,181.76,1.3,-16.78,-27.02,-19.75,-19.75,1,1912
0.5,2540.849751,181.67,1.29,-16.68,-27.02,-19.84,-19.75,1,2774
0.5,2540.859751,181.76,1.27,-16.62,-27.01,-19.91,-19.75,1,2646
0.5,2540.869751,181.76,1.26,-16.61,-27.01,-19.96,-19.75,1,2527
0.5,2540.879751,181.76,1.25,-16.62,-27.0,-19.99,-19.75,1,2392
0.5,2540.889751,181.93,1.23,-16.62,-27.0,-20.0,-19.75,1,2265
0.5,2540.899751,181.93,1.22,-16.62,-27.0,-19.99,-19.75,1,2137
0.5,2540.909751,181.93,1.22,-16.63,-27.0,-19.96,-19.75,1,2000
0.5,2540.919751,181.76,1.22,-16.63,-26.99,-19.91,-19.75,1,1908
0.5,2540.929751,181.93,1.22,-16.63,-26.99,-19.84,-19.75,1,2770
0.5,2540.939751,181.93,1.22,-16.63,-26.99,-19.75,-19.75,1,2642
0.5,2540.949751,181.93,1.23,-16.63,-26.99,-19.65,-19.75,1,2532
0.5,2540.959751,181.93,1.23,-16.63,-26.99,-19.52,-19.75,1,2387
0.5,2540.969751,182.02,1.24,-16.63,-26.99,-19.37,-19.75,1,2269
0.5,2540.979751,181.93,1.24,-16.62,-26.99,-19.21,-19.5,1,2141
0.5,2540.989751,181.76,1.23,-16.59,-26.99,-19.02,-18.75,1,2005
0.5,2540.999751,181.41,1.24,-16.51,-26.98,-18.82,-18.25,1,1903
0.5,2541.009751,181.23,1.25,-15.91,-26.93,-18.6,-18.0,1,2765
0.5,2541.019751,181.23,1.26,-15.13,-26.9,-18.36,-18.25,1,2647
0.5,2541.029751,181.23,1.27,-15.4,-26.94,-18.1,-18.5,1,2528
0.5,2541.039751,181.14,1.26,-15.62,-26.97,-17.82,-18.5,1,2392
0.5,2541.049751,181.05,1.28,-15.63,-26.97,-17.53,-17.75,1,2264
0.5,2541.059751,180.09,1.29,-15.56,-26.98,-17.21,-16.5,1,2137
0.5,2541.069751,179.47,1.33,-14.48,-26.93,-16.89,-15.75,1,2001
0.5,2541.079751,179.38,1.37,-12.65,-26.87,-16.54,-16.0,1,1908
0.5,2541.089751,179.38,1.36,-12.82,-26.9,-16.18,-16.25,1,2770
0.5,2541.099751,179.38,1.33,-13.44,-26.93,-15.8,-16.25,1,2642
0.5,2541.109751,179.21,1.33,-13.55,-26.93,-15.41,-15.75,1,2524
0.5,2541.119751,178.59,1.35,-13.58,-26.93,-15.0,-14.75,1,2388
0.5,2541.129751,177.98,1.36,-12.79,-26.92,-14.58,-14.25,1,2260
0.5,2541.139750,177.54,1.4,-11.47,-26.87,-14.14,-13.75,1,2133
0.5,2541.149750,177.1,1.4,-10.93,-26.87,-13.69,-13.25,1,2006
0.5,2541.159750,176.66,1.42,-10.58,-26.86,-13.23,-13.0,1,1904
0.5,2541.169750,176.57,1.42,-10.36,-26.87,-12.75,-12.75,1,2766
0.5,2541.179750,176.4,1.42,-10.28,-26.87,-12.26,-12.75,1,2647
0.5,2541.189750,175.96,1.41,-10.16,-26.87,-11.76,-12.25,1,2528
0.5,2541.199750,175.43,1.42,-9.97,-26.87,-11.24,-11.5,1,2384
0.5,2541.209750,174.81,1.44,-9.23,-26.85,-10.72,-10.75,1,2265
0.5,2541.219750,174.38,1.47,-8.21,-26.82,-10.18,-10.5,1,2137
0.5,2541.229750,173.67,1.46,-7.72,-26.82,-9.64,-9.75,1,2001
0.5,2541.239750,172.79,1.47,-7.31,-26.82,-9.08,-8.75,1,1909
0.5,2541.249750,172.27,1.5,-6.31,-26.8,-8.52,-8.25,1,2771
0.5,2541.259750,172.18,1.53,-5.33,-26.77,-7.94,-8.25,1,2643
0.5,2541.269750,171.91,1.51,-5.5,-26.79,-7.36,-8.0,1,2524
0.5,2541.279750,170.95,1.49,-5.88,-26.81,-6.77,-7.0,1,2388
0.5,2541.289750,169.72,1.53,-5.0,-26.79,-6.18,-5.75,1,2261
0.5,2541.299750,168.93,1.58,-3.11,-26.75,-5.58,-5.0,1,2133
0.5,2541.309750,168.84,1.61,-1.75,-26.71,-4.97,-5.0,1,1997
0.5,2541.319750,168.75,1.6,-1.85,-26.73,-4.36,-5.75,1,1904
0.5,2541.329750,168.93,1.56,-2.64,-26.76,-3.75,-5.75,1,2766
0.5,2541.339750,168.93,1.55,-2.85,-26.78,-3.13,-5.0,1,2639
0.5,2541.349750,167.61,1.55,-2.97,-26.78,-2.51,-3.75,1,2529
0.5,2541.359750,166.46,1.58,-1.98,-26.74,-1.88,-2.5,1,2384
0.5,2541.369750,166.03,1.65,0.27,-26.68,-1.26,-2.25,1,2265
0.5,2541.379750,165.94,1.66,1.22,-26.67,-0.63,-2.0,1,2138
0.5,2541.389751,165.23,1.61,0.44,-26.71,0.0,-1.25,1,2002
0.5,2541.399750,164.18,1.62,0.66,-26.73,0.63,-0.25,1,2898
0.5,2541.409750,163.12,1.7,2.22,-26.66,1.26,0.75,1,2771
0.5,2541.419750,162.6,1.71,3.65,-26.63,1.88,1.25,1,2643
0.5,2541.429750,162.51,1.72,4.27,-26.63,2.51,1.5,1,2525
0.5,2541.439750,161.54,1.7,4.12,-26.64,3.13,2.25,1,2389
0.5,2541.449750,160.4,1.71,4.3,-26.65,3.75,3.5,1,2261
0.5,2541.459750,159.43,1.79,6.03,-26.59,4.36,4.5,1,2125
0.5,2541.469750,158.55,1.8,7.43,-26.56,4.97,5.25,1,1998
0.5,2541.479750,157.85,1.82,8.23,-26.54,5.58,6.25,1,2894
0.5,2541.489750,157.5,1.84,8.81,-26.54,6.18,6.25,1,2767
0.5,2541.499750,157.5,1.85,9.09,-26.52,6.77,6.25,1,2639
0.5,2541.509750,157.41,1.84,8.82,-26.53,7.36,6.25,1,2520
0.5,2541.519750,156.62,1.81,8.49,-26.57,7.94,7.25,1,2384
0.5,2541.529750,155.48,1.85,9.15,-26.53,8.52,8.25,1,2257
0.5,2541.539750,155.13,1.92,10.84,-26.48,9.08,8.75,1,2129
0.5,2541.549750,154.86,1.93,11.71,-26.48,9.64,9.0,1,2002
0.5,2541.559750,154.34,1.9,11.25,-26.5,10.18,9.5,1,2890
0.5,2541.569750,153.46,1.93,11.67,-26.48,10.72,10.25,1,2763
0.5,2541.579750,152.75,1.97,12.6,-26.45,11.24,11.25,1,2644
0.5,2541.589750,152.05,2.0,13.79,-26.42,11.76,11.75,1,2525
0.5,2541.599750,151.61,2.0,14.38,-26.41,12.26,12.25,1,2380
0.5,2541.609750,151.08,2.02,14.83,-26.38,12.75,12.75,1,2262
0.5,2541.619750,150.82,2.03,15.06,-26.39,13.23,13.0,1,2125
0.5,2541.629750,150.56,2.03,15.35,-26.39,13.69,13.25,1,1998
0.5,2541.639751,150.29,2.03,15.5,-26.39,14.14,13.75,1,2894
0.5,2541.649751,149.41,2.04,15.71,-26.38,14.58,14.25,1,2767
0.5,2541.659751,148.8,2.09,16.58,-26.35,15.0,15.0,1,2640
0.5,2541.669751,148.18,2.11,17.66,-26.31,15.41,15.75,1,2521
0.5,2541.679751,147.57,2.1,18.13,-26.33,15.8,15.75,1,2385
0.5,2541.689751,147.66,2.14,18.66,-26.29,16.18,15.5,1,2257
0.5,2541.699751,147.92,2.12,18.65,-26.31,16.54,15.5,1,2121
0.5,2541.709751,147.74,2.14,18.06,-26.34,16.89,16.25,1,2002
0.5,2541.719751,146.25,2.2,18.03,-26.31,17.21,17.0,1,2890
0.5,2541.729751,145.99,2.15,19.27,-26.28,17.53,17.0,1,2763
0.5,2541.739751,145.99,2.14,20.74,-26.26,17.82,17.5,1,2635
0.5,2541.749751,145.37,2.22,20.28,-26.25,18.1,18.25,1,2526
0.5,2541.759751,144.84,2.31,20.37,-26.21,18.36,18.75,1,2381
0.5,2541.769751,144.14,2.22,20.99,-26.23,18.6,19.0,1,2262
0.5,2541.779751,144.4,2.2,21.73,-26.23,18.82,18.75,1,2125
0.5,2541.789751,144.49,2.27,22.16,-26.2,19.02,18.75,1,1998
0.5,2541.799751,144.67,2.26,21.43,-26.23,19.21,18.5,1,2886
0.5,2541.809751,144.58,2.3,21.0,-26.23,19.37,18.75,1,2767
0.5,2541.819751,144.32,2.25,21.02,-26.25,19.52,19.25,1,2640
0.5,2541.829751,143.79,2.26,21.28,-26.22,19.65,19.75,1,2521
0.5,2541.839751,143.44,2.25,21.79,-26.2,19.75,20.25,1,2385
0.5,2541.849751,143.17,2.24,22.59,-26.19,19.84,20.25,1,2258
0.5,2541.859751,143.0,2.32,22.93,-26.14,19.91,20.0,1,2121
0.5,2541.869751,143.35,2.28,22.84,-26.17,19.96,19.75,1,1994
0.5,2541.879751,143.53,2.3,22.54,-26.19,19.99,19.5,1,2890
0.5,2541.889751,143.53,2.35,22.17,-26.18,20.0,19.75,1,2764
0.5,2541.899751,143.35,2.27,22.02,-26.21,19.99,20.25,1,2636
0.5,2541.909751,143.0,2.29,22.29,-26.18,19.96,20.75,1,2517
0.5,2541.919751,142.73,2.29,22.67,-26.16,19.91,20.75,1,2381
0.5,2541.929751,143.09,2.25,23.1,-26.17,19.84,20.0,1,2254
0.5,2541.939751,144.14,2.3,23.07,-26.16,19.75,19.0,1,2126
0.5,2541.949751,144.67,2.28,21.85,-26.22,19.65,18.5,1,1999
0.5,2541.959751,144.49,2.3,20.44,-26.26,19.52,18.75,1,2886
0.5,2541.969751,143.88,2.3,20.7,-26.25,19.37,19.25,1,2768
0.5,2541.979751,143.61,2.25,21.57,-26.21,19.21,19.25,1,2640
0.5,2541.989751,143.79,2.18,22.19,-26.21,19.02,19.25,1,2522
0.5,2541.999751,143.61,2.27,22.48,-26.2,18.82,19.25,1,2385
0.5,2542.009751,143.88,2.36,22.18,-26.16,18.6,19.0,1,2258
0.5,2542.019751,144.49,2.25,21.86,-26.21,18.36,18.25,1,2122
0.5,2542.029751,145.2,2.18,21.12,-26.26,18.1,17.75,1,1995
0.5,2542.039751,145.37,2.23,20.21,-26.29,17.82,17.75,1,2891
0.5,2542.049751,144.93,2.31,20.02,-26.28,17.53,17.75,1,2764
0.5,2542.059751,144.84,2.25,20.39,-26.26,17.21,18.0,1,2636
0.5,2542.069751,145.11,2.21,20.97,-26.23,16.89,18.0,1,2517
0.5,2542.079751,145.72,2.19,20.94,-26.25,16.54,17.0,1,2381
0.5,2542.089751,146.6,2.21,20.15,-26.27,16.18,16.25,1,2254
0.5,2542.099751,146.6,2.15,18.68,-26.35,15.8,16.25,1,2117
0.5,2542.109751,146.87,2.2,18.26,-26.33,15.41,15.75,1,1999
0.5,2542.119751,147.57,2.17,18.74,-26.31,15.0,15.25,1,2887
0.5,2542.129751,148.1,2.03,18.02,-26.38,14.58,14.75,1,2760
0.5,2542.139750,148.45,2.12,17.2,-26.39,14.14,14.25,1,2632
0.5,2542.149750,148.71,2.15,16.9,-26.37,13.69,14.0,1,2522
0.5,2542.159750,149.15,2.07,16.55,-26.4,13.23,13.5,1,2377
0.5,2542.169750,149.85,2.07,16.32,-26.4,12.75,12.75,1,2250
0.5,2542.179750,150.64,2.0,15.48,-26.44,12.26,12.0,1,2122
0.5,2542.189750,151.26,2.0,14.37,-26.49,11.76,11.5,1,1995
0.5,2542.199750,151.61,2.05,13.97,-26.47,11.24,11.0,1,2883
0.5,2542.209750,151.88,1.97,13.58,-26.47,10.72,10.75,1,2764
0.5,2542.219750,152.23,1.98,13.35,-26.48,10.18,10.5,1,2637
0.5,2542.229750,152.58,1.97,13.14,-26.49,9.64,10.0,1,2518
0.5,2542.239750,153.37,1.94,12.91,-26.51,9.08,9.25,1,2381
0.5,2542.249750,153.98,1.91,12.11,-26.54,8.52,8.75,1,2254
0.5,2542.259750,154.51,1.91,11.05,-26.57,7.94,8.25,1,2118
0.5,2542.269750,154.86,1.92,10.59,-26.55,7.36,7.75,1,1991
0.5,2542.279750,155.21,1.85,10.22,-26.58,6.77,7.25,1,2887
0.5,2542.289750,155.39,1.86,10.04,-26.58,6.18,7.25,1,2760
0.5,2542.299750,156.01,1.87,9.85,-26.58,5.58,6.75,1,2632
0.5,2542.309750,157.06,1.86,9.54,-26.58,4.97,5.5,1,2514
0.5,2542.319750,158.03,1.83,8.44,-26.62,4.36,4.5,1,2377
0.5,2542.329750,158.55,1.78,6.68,-26.68,3.75,4.0,1,2250
0.5,2542.339750,158.73,1.78,6.07,-26.68,3.13,3.75,1,2123
0.5,2542.349750,159.17,1.79,6.4,-26.65,2.51,3.25,1,1995
0.5,2542.359750,160.31,1.73,6.15,-26.68,1.88,2.25,1,2883
0.5,2542.369750,161.37,1.74,5.24,-26.69,1.26,1.0,1,2756
0.5,2542.379750,161.89,1.7,3.52,-26.74,0.63,0.75,1,2637
0.5,2542.389751,162.16,1.68,2.66,-26.74,-0.0,0.25,1,2518
0.5,2542.399750,162.42,1.69,2.86,-26.74,-0.63,-0.0,1,2382
0.5,2542.409750,162.86,1.65,2.77,-26.75,-1.26,-0.5,1,2255
0.5,2542.419750,164.09,1.66,2.53,-26.75,-1.88,-1.5,1,2118
0.5,2542.429750,165.06,1.66,1.48,-26.77,-2.51,-2.75,1,1991
0.5,2542.439750,165.5,1.6,-0.21,-26.81,-3.13,-3.0,1,2887
0.5,2542.449750,165.85,1.58,-0.98,-26.83,-3.75,-3.25,1,2760
0.5,2542.459750,166.38,1.6,-0.76,-26.81,-4.36,-4.0,1,2641
0.5,2542.469750,167.17,1.6,-1.05,-26.82,-4.97,-4.75,1,2514
0.5,2542.479750,167.87,1.58,-1.94,-26.83,-5.58,-5.5,1,2378
0.5,2542.489750,168.49,1.55,-3.03,-26.86,-6.18,-6.0,1,2250
0.5,2542.499750,168.93,1.55,-3.56,-26.86,-6.77,-6.5,1,2114
0.5,2542.509750,169.28,1.54,-3.96,-26.87,-7.36,-7.0,1,1995
0.5,2542.519750,169.54,1.53,-4.18,-26.87,-7.94,-7.25,1,2883
0.5,2542.529750,169.98,1.53,-4.37,-26.87,-8.52,-7.75,1,2756
0.5,2542.539750,171.04,1.54,-4.64,-26.87,-9.08,-8.75,1,2637
0.5,2542.549750,172.0,1.53,-5.63,-26.89,-9.64,-9.75,1,2518
0.5,2542.559750,172.44,1.47,-7.3,-26.92,-10.18,-10.25,1,2374
0.5,2542.569750,172.79,1.45,-8.03,-26.92,-10.72,-10.5,1,2255
0.5,2542.579750,173.06,1.48,-7.76,-26.91,-11.24,-10.75,1,2119
0.5,2542.589750,173.5,1.47,-7.86,-26.92,-11.76,-11.25,1,2000
0.5,2542.599750,174.29,1.47,-8.17,-26.92,-12.26,-12.0,1,2879
0.5,2542.609750,174.9,1.45,-9.02,-26.93,-12.75,-12.75,1,2760
0.5,2542.619750,175.52,1.42,-10.14,-26.95,-13.23,-13.25,1,2641
0.5,2542.629750,175.96,1.42,-10.7,-26.95,-13.69,-13.75,1,2514
0.5,2542.639751,176.31,1.41,-11.08,-26.96,-14.14,-14.0,1,2378
0.5,2542.649751,176.48,1.4,-11.25,-26.96,-14.58,-14.25,1,2251
0.5,2542.659751,177.01,1.4,-11.34,-26.96,-15.0,-14.75,1,2115
0.5,2542.669751,177.8,1.4,-11.69,-26.96,-15.41,-15.5,1,1996
0.5,2542.679751,178.33,1.39,-12.56,-26.98,-15.8,-16.25,1,2884
0.5,2542.689751,178.68,1.36,-13.63,-27.01,-16.18,-16.5,1,2756
0.5,2542.699751,178.68,1.36,-14.0,-27.0,-16.54,-16.25,1,2637
0.5,2542.709751,178.68,1.34,-13.62,-26.97,-16.89,-16.25,1,2510
0.5,2542.719751,179.47,1.37,-13.1,-26.93,-17.21,-17.25,1,2374
0.5,2542.729751,180.62,1.35,-13.78,-26.97,-17.53,-18.25,1,2247
0.5,2542.739751,181.23,1.33,-15.52,-27.02,-17.82,-19.0,1,2119
0.5,2542.749751,181.14,1.3,-16.77,-27.04,-18.1,-18.75,1,2000
0.5,2542.759751,181.05,1.31,-16.52,-27.03,-18.36,-18.25,1,2879
0.5,2542.769751,180.97,1.32,-15.62,-26.97,-18.6,-18.25,1,2752
0.5,2542.779751,180.97,1.31,-15.4,-26.95,-18.82,-18.75,1,2642
0.5,2542.789751,181.67,1.29,-15.42,-26.97,-19.02,-19.25,1,2515
0.5,2542.799751,182.2,1.31,-16.06,-27.0,-19.21,-20.0,1,2378
0.5,2542.809751,182.29,1.29,-17.21,-27.06,-19.37,-20.0,1,2251
0.5,2542.819751,182.2,1.29,-17.43,-27.03,-19.52,-19.75,1,2115
0.5,2542.829751,182.29,1.28,-17.01,-27.02,-19.65,-19.25,1,2014
0.5,2542.839751,182.11,1.29,-16.56,-26.97,-19.75,-19.5,1,2884
0.5,2542.849751,182.29,1.28,-16.55,-26.98,-19.84,-20.0,1,2756
0.5,2542.859751,182.72,1.28,-16.66,-26.98,-19.91,-20.25,1,2638
0.5,2542.869751,182.72,1.27,-17.13,-27.04,-19.96,-20.25,1,2502
0.5,2542.879751,182.64,1.3,-17.67,-27.05,-19.99,-20.0,1,2374
0.5,2542.889751,182.55,1.27,-17.25,-27.01,-20.0,-19.75,1,2248
0.5,2542.899751,182.55,1.28,-16.94,-26.97,-19.99,-19.25,1,2111
0.5,2542.909751,182.46,1.27,-16.89,-26.99,-19.96,-19.5,1,2018
0.5,2542.919751,182.46,1.28,-16.79,-26.96,-19.91,-20.0,1,2880
0.5,2542.929751,182.72,1.27,-16.78,-26.98,-19.84,-20.25,1,2752
0.5,2542.939751,182.72,1.27,-17.11,-27.02,-19.75,-20.25,1,2634
0.5,2542.949751,182.72,1.29,-17.58,-27.06,-19.65,-19.75,1,2507
0.5,2542.959751,182.02,1.26,-17.3,-27.02,-19.52,-18.75,1,2370
0.5,2542.969751,181.67,1.28,-16.41,-26.94,-19.37,-18.25,1,2251
0.5,2542.979751,181.58,1.29,-15.24,-26.89,-19.21,-18.25,1,2115
0.5,2542.989751,181.67,1.3,-15.08,-26.91,-19.02,-19.0,1,2014
0.5,2542.999751,182.02,1.27,-15.72,-26.95,-18.82,-19.5,1,2885
0.5,2543.009751,182.11,1.27,-16.29,-27.0,-18.6,-19.75,1,2757
0.5,2543.019751,182.11,1.28,-17.03,-27.06,-18.36,-18.75,1,2638
0.5,2543.029751,181.58,1.27,-16.62,-27.02,-18.1,-18.0,1,2502
0.5,2543.039751,181.49,1.28,-15.78,-26.92,-17.82,-17.75,1,2375
0.5,2543.049751,181.41,1.28,-15.06,-26.87,-17.53,-17.75,1,2247
0.5,2543.059751,181.41,1.27,-15.26,-26.93,-17.21,-17.75,1,2111
0.5,2543.069751,180.97,1.28,-15.26,-26.93,-16.89,-17.25,1,2018
0.5,2543.079751,180.44,1.28,-15.09,-26.93,-16.54,-16.75,1,2880
0.5,2543.089751,179.74,1.3,-14.32,-26.91,-16.18,-16.0,1,2753
0.5,2543.099751,179.47,1.32,-13.23,-26.89,-15.8,-15.5,1,2634
0.5,2543.109751,178.95,1.32,-12.73,-26.89,-15.41,-15.0,1,2498
0.5,2543.119751,178.95,1.33,-12.43,-26.89,-15.0,-15.0,1,2370
0.5,2543.129751,178.95,1.35,-12.36,-26.88,-14.58,-15.5,1,2243
0.5,2543.139750,178.77,1.34,-12.58,-26.89,-14.14,-15.75,1,2107
0.5,2543.149750,178.77,1.31,-12.7,-26.92,-13.69,-14.75,1,2014
0.5,2543.159750,177.98,1.32,-12.71,-26.91,-13.23,-14.25,1,2876
0.5,2543.169750,177.8,1.37,-12.04,-26.88,-12.75,-13.75,1,2757
0.5,2543.179750,177.71,1.4,-11.01,-26.86,-12.26,-13.75,1,2630
0.5,2543.189750,177.28,1.35,-11.21,-26.88,-11.76,-13.25,1,2503
0.5,2543.199750,176.22,1.36,-11.08,-26.87,-11.24,-12.25,1,2375
0.5,2543.209750,175.17,1.39,-10.02,-26.86,-10.72,-11.25,1,2247
0.5,2543.219750,174.9,1.45,-8.29,-26.82,-10.18,-11.0,1,2112
0.5,2543.229750,174.9,1.45,-7.65,-26.8,-9.64,-11.0,1,2010
0.5,2543.239750,174.29,1.4,-8.36,-26.84,-9.08,-10.25,1,2872
0.5,2543.249750,173.32,1.4,-8.33,-26.86,-8.52,-9.25,1,2753
0.5,2543.259750,172.79,1.47,-7.06,-26.82,-7.94,-8.75,1,2634
0.5,2543.269750,172.53,1.5,-5.65,-26.79,-7.36,-8.25,1,2499
0.5,2543.279750,171.56,1.48,-5.62,-26.8,-6.77,-7.5,1,2371
0.5,2543.289750,170.16,1.47,-5.33,-26.8,-6.18,-6.25,1,2243
0.5,2543.299750,169.28,1.54,-3.64,-26.76,-5.58,-5.25,1,2107
0.5,2543.309750,168.66,1.57,-2.15,-26.74,-4.97,-4.75,1,2015
0.5,2543.319750,168.49,1.58,-1.47,-26.71,-4.36,-4.75,1,2877
0.5,2543.329750,168.31,1.56,-1.7,-26.73,-3.75,-4.25,1,2749
0.5,2543.339750,167.52,1.54,-2.16,-26.76,-3.13,-3.25,1,2639
0.5,2543.349750,166.29,1.58,-1.42,-26.74,-2.51,-2.25,1,2503
0.5,2543.359750,165.15,1.63,0.37,-26.69,-1.88,-1.25,1,2367
0.5,2543.369750,164.53,1.66,1.93,-26.67,-1.26,-0.75,1,2248
0.5,2543.379750,164.53,1.68,2.52,-26.65,-0.63,-0.5,1,2112
1.0,2545.399751,164.53,1.75,0.2,-26.68,0.0,-0.5,1,2855
1.0,2545.409750,163.21,1.81,2.39,-26.64,1.26,0.75,1,2745
1.0,2545.419750,162.69,1.86,4.14,-26.61,2.51,1.25,1,2609
1.0,2545.429750,161.89,1.85,4.48,-26.62,3.75,2.0,1,2481
1.0,2545.439750,160.66,1.84,4.39,-26.62,4.97,3.25,1,2354
1.0,2545.449750,158.64,1.89,5.49,-26.58,6.18,5.25,1,2218
1.0,2545.459750,156.8,1.96,7.84,-26.53,7.36,7.0,1,2125
1.0,2545.469750,156.01,2.03,10.37,-26.47,8.52,7.75,1,2987
1.0,2545.479750,155.39,2.07,11.58,-26.45,9.64,8.25,1,2859
1.0,2545.489750,154.16,2.03,11.24,-26.49,10.72,9.5,1,2741
1.0,2545.499750,152.75,2.05,11.69,-26.47,11.76,11.0,1,2605
1.0,2545.509750,151.61,2.13,13.65,-26.39,12.75,12.0,1,2486
1.0,2545.519750,151.26,2.18,15.35,-26.35,13.69,12.25,1,2358
1.0,2545.529751,150.64,2.17,15.49,-26.35,14.58,13.0,1,2213
1.0,2545.539751,149.15,2.16,15.3,-26.37,15.41,14.25,1,2121
1.0,2545.549751,147.74,2.2,16.49,-26.32,16.18,15.75,1,2983
1.0,2545.559751,146.6,2.27,18.61,-26.26,16.89,16.75,1,2855
1.0,2545.569751,146.34,2.32,20.21,-26.21,17.53,17.25,1,2737
1.0,2545.579751,146.07,2.31,20.35,-26.22,18.1,17.5,1,2609
1.0,2545.589751,145.55,2.29,19.91,-26.24,18.6,18.0,1,2482
1.0,2545.599751,144.76,2.32,20.13,-26.22,19.02,18.75,1,2354
1.0,2545.609751,143.96,2.35,21.03,-26.18,19.37,19.75,1,2218
1.0,2545.619751,143.7,2.39,22.18,-26.13,19.65,19.75,1,2117
1.0,2545.629751,143.61,2.4,22.6,-26.14,19.84,19.75,1,2979
1.0,2545.639751,143.53,2.39,22.43,-26.14,19.96,19.75,1,2860
1.0,2545.649751,143.61,2.37,21.95,-26.18,20.0,19.5,1,2742
1.0,2545.659751,143.53,2.38,21.93,-26.16,19.96,19.75,1,2605
1.0,2545.669751,143.26,2.38,21.95,-26.17,19.84,20.25,1,2477
1.0,2545.679751,142.91,2.4,22.17,-26.15,19.65,20.5,1,2350
1.0,2545.689751,143.0,2.43,22.64,-26.13,19.37,19.75,1,2214
1.0,2545.699751,143.44,2.42,22.77,-26.14,19.02,19.25,1,2121
1.0,2545.709751,143.53,2.38,22.11,-26.19,18.6,19.25,1,2983
1.0,2545.719751,143.53,2.35,21.67,-26.21,18.1,19.0,1,2856
1.0,2545.729751,144.4,2.37,21.73,-26.19,17.53,18.0,1,2737
1.0,2545.739751,145.37,2.32,20.94,-26.28,16.89,17.0,1,2610
1.0,2545.749751,145.72,2.26,19.44,-26.34,16.18,16.75,1,2482
1.0,2545.759751,146.07,2.27,18.74,-26.32,15.41,16.25,1,2354
1.0,2545.769751,147.13,2.27,18.85,-26.3,14.58,15.25,1,2219
1.0,2545.779750,148.45,2.2,17.95,-26.38,13.69,13.75,1,2117
1.0,2545.789750,149.68,2.15,16.18,-26.43,12.75,12.5,1,2979
1.0,2545.799750,150.64,2.11,14.5,-26.46,11.76,11.5,1,2852
1.0,2545.809750,151.52,2.09,13.54,-26.49,10.72,10.75,1,2741
1.0,2545.819750,152.05,2.07,12.85,-26.51,9.64,10.0,1,2605
1.0,2545.829750,152.93,2.05,12.33,-26.52,8.52,9.25,1,2478
1.0,2545.839750,154.25,2.04,11.72,-26.55,7.36,7.75,1,2350
1.0,2545.849750,155.65,2.01,10.34,-26.6,6.18,6.25,1,2214
1.0,2545.859750,156.27,1.94,8.43,-26.64,4.97,5.75,1,2121
1.0,2545.869750,157.06,1.93,7.53,-26.63,3.75,4.75,1,2983
1.0,2545.879750,158.47,1.94,7.48,-26.63,2.51,3.25,1,2856
1.0,2545.889750,160.05,1.89,6.3,-26.7,1.26,1.75,1,2737
1.0,2545.899751,161.54,1.84,4.13,-26.75,0.0,0.25,1,2601
1.0,2545.909750,162.69,1.81,2.28,-26.78,-1.26,-0.75,1,2482
1.0,2545.919750,163.92,1.8,1.17,-26.8,-2.51,-2.25,1,2355
1.0,2545.929750,165.59,1.78,0.14,-26.81,-3.75,-3.75,1,2219
1.0,2545.939750,166.73,1.74,-1.4,-26.84,-4.97,-5.0,1,2117
1.0,2545.949750,167.96,1.7,-3.09,-26.88,-6.18,-6.25,1,2979
1.0,2545.959750,168.84,1.69,-4.12,-26.89,-7.36,-7.25,1,2852
1.0,2545.969750,169.54,1.68,-4.86,-26.9,-8.52,-8.0,1,2742
1.0,2545.979750,170.42,1.67,-5.48,-26.91,-9.64,-8.75,1,2606
1.0,2545.989750,171.91,1.67,-6.12,-26.93,-10.72,-10.25,1,2478
1.0,2545.999750,173.32,1.65,-7.45,-26.95,-11.76,-11.75,1,2351
1.0,2546.009750,174.02,1.61,-9.45,-26.98,-12.75,-12.25,1,2215
1.0,2546.019750,174.81,1.6,-10.43,-27.01,-13.69,-13.25,1,2113
1.0,2546.029751,175.87,1.61,-10.42,-27.0,-14.58,-14.25,1,2975
1.0,2546.039751,176.84,1.58,-11.37,-27.02,-15.41,-15.25,1,2856
1.0,2546.049751,177.54,1.55,-12.76,-27.04,-16.18,-16.0,1,2737
1.0,2546.059751,178.15,1.55,-13.55,-27.04,-16.89,-16.75,1,2602
1.0,2546.069751,178.68,1.55,-14.06,-27.06,-17.53,-17.25,1,2474
1.0,2546.079751,179.03,1.55,-14.46,-27.06,-18.1,-17.5,1,2355
1.0,2546.089751,179.65,1.53,-14.77,-27.05,-18.6,-18.25,1,2210
1.0,2546.099751,180.53,1.54,-15.1,-27.06,-19.02,-19.0,1,3107
1.0,2546.109751,181.32,1.52,-15.99,-27.08,-19.37,-19.75,1,2980
1.0,2546.119751,181.49,1.5,-17.14,-27.1,-19.65,-20.0,1,2852
1.0,2546.129751,181.41,1.5,-17.51,-27.1,-19.84,-19.75,1,2733
1.0,2546.139751,181.41,1.5,-16.96,-27.07,-19.96,-19.5,1,2606
1.0,2546.149751,181.49,1.51,-16.39,-27.03,-20.0,-19.75,1,2480
1.0,2546.159751,181.85,1.5,-16.42,-27.05,-19.96,-20.25,1,2351
1.0,2546.169751,182.02,1.5,-16.83,-27.08,-19.84,-20.25,1,2215
1.0,2546.179751,181.93,1.48,-17.51,-27.14,-19.65,-19.75,1,3103
1.0,2546.189751,181.49,1.49,-17.3,-27.08,-19.37,-18.75,1,2975
1.0,2546.199751,181.14,1.51,-16.43,-27.01,-19.02,-18.25,1,2848
1.0,2546.209751,181.23,1.54,-15.48,-26.93,-18.6,-18.5,1,2738
1.0,2546.219751,181.41,1.52,-15.15,-26.94,-18.1,-19.25,1,2602
1.0,2546.229751,181.49,1.48,-15.81,-27.0,-17.53,-19.25,1,2474
1.0,2546.239751,181.49,1.47,-16.28,-27.05,-16.89,-18.75,1,2338
1.0,2546.249751,180.7,1.47,-16.61,-27.08,-16.18,-17.25,1,2211
1.0,2546.259751,179.74,1.51,-15.46,-26.96,-15.41,-16.25,1,3108
1.0,2546.269751,179.12,1.57,-13.46,-26.84,-14.58,-15.5,1,2980
1.0,2546.279750,178.42,1.59,-12.12,-26.84,-13.69,-14.75,1,2852
1.0,2546.289750,177.1,1.57,-11.95,-26.87,-12.75,-13.25,1,2734
1.0,2546.299750,175.69,1.62,-10.7,-26.85,-11.76,-11.75,1,2598
1.0,2546.309750,174.81,1.66,-8.62,-26.82,-10.72,-11.0,1,2479
1.0,2546.319750,174.38,1.66,-7.59,-26.82,-9.64,-10.5,1,2343
1.0,2546.329750,173.58,1.65,-7.62,-26.81,-8.52,-9.75,1,2216
1.0,2546.339750,172.09,1.66,-7.16,-26.8,-7.36,-8.25,1,3103
1.0,2546.349750,170.6,1.7,-5.9,-26.79,-6.18,-6.75,1,2976
1.0,2546.359750,169.54,1.75,-3.81,-26.75,-4.97,-5.75,1,2848
1.0,2546.369750,168.75,1.78,-2.15,-26.73,-3.75,-4.75,1,2729
1.0,2546.379750,167.34,1.79,-1.75,-26.72,-2.51,-3.25,1,2602
1.0,2546.389750,165.59,1.8,-0.97,-26.72,-1.26,-1.75,1,2475
1.0,2546.399751,164.18,1.86,1.05,-26.66,0.0,-0.25,1,2339
1.0,2546.409750,162.95,1.9,2.84,-26.64,1.26,0.75,1,2211
1.0,2546.419750,161.63,1.92,3.96,-26.61,2.51,2.0,1,3099
1.0,2546.429750,160.14,1.93,4.98,-26.6,3.75,3.75,1,2971
1.0,2546.439750,158.73,1.98,6.47,-26.56,4.97,5.0,1,2853
1.0,2546.449750,157.59,2.03,8.15,-26.52,6.18,6.0,1,2734
1.0,2546.459750,156.62,2.05,9.16,-26.5,7.36,7.0,1,2598
1.0,2546.469750,155.57,2.06,9.96,-26.48,8.52,8.25,1,2470
1.0,2546.479750,154.07,2.08,10.8,-26.46,9.64,9.5,1,2343
1.0,2546.489750,152.93,2.11,12.12,-26.43,10.72,10.75,1,2207
1.0,2546.499750,152.05,2.15,13.66,-26.38,11.76,11.75,1,3104
1.0,2546.509750,151.17,2.17,14.6,-26.36,12.75,12.25,1,2976
1.0,2546.519750,150.12,2.2,15.26,-26.33,13.69,13.5,1,2848
1.0,2546.529751,148.71,2.21,15.99,-26.33,14.58,14.75,1,2730
1.0,2546.539751,147.57,2.25,17.34,-26.28,15.41,15.75,1,2603
1.0,2546.549751,146.95,2.3,18.8,-26.24,16.18,16.5,1,2475
1.0,2546.559751,146.87,2.32,19.49,-26.23,16.89,16.5,1,2339
1.0,2546.569751,146.6,2.31,19.3,-26.23,17.53,16.75,1,2212
1.0,2546.579751,145.63,2.28,18.82,-26.27,18.1,17.75,1,3100
1.0,2546.589751,144.58,2.33,19.69,-26.21,18.6,18.75,1,2972
1.0,2546.599751,144.23,2.39,21.46,-26.15,19.02,19.25,1,2844
1.0,2546.609751,143.96,2.4,22.27,-26.13,19.37,19.5,1,2734
1.0,2546.619751,143.7,2.39,21.94,-26.15,19.65,19.75,1,2599
1.0,2546.629751,143.53,2.4,21.97,-26.13,19.84,19.75,1,2471
1.0,2546.639751,143.53,2.39,21.99,-26.15,19.96,19.75,1,2343
1.0,2546.649751,143.53,2.39,22.01,-26.14,20.0,19.75,1,2207
1.0,2546.659751,143.53,2.39,21.97,-26.14,19.96,19.75,1,3104
1.0,2546.669751,143.53,2.39,21.92,-26.14,19.84,19.75,1,2977
1.0,2546.679751,143.53,2.39,21.89,-26.14,19.65,19.75,1,2849
1.0,2546.689751,143.53,2.38,21.89,-26.14,19.37,19.75,1,2730
1.0,2546.699751,143.53,2.38,21.9,-26.14,19.02,19.75,1,2603
1.0,2546.709751,143.96,2.38,21.87,-26.14,18.6,18.75,1,2476
1.0,2546.719751,145.11,2.36,21.66,-26.16,18.1,17.5,1,2339
1.0,2546.729751,145.72,2.3,20.39,-26.25,17.53,16.75,1,2212
1.0,2546.739751,145.72,2.26,18.62,-26.33,16.89,17.0,1,3100
1.0,2546.749751,145.55,2.26,18.8,-26.27,16.18,17.75,1,2972
1.0,2546.759751,145.28,2.29,19.62,-26.23,15.41,18.0,1,2845
1.0,2546.769751,145.28,2.33,20.09,-26.21,14.58,17.5,1,2726
1.0,2546.779750,146.07,2.34,20.41,-26.19,13.69,16.25,1,2599
1.0,2546.789750,147.39,2.27,19.46,-26.27,12.75,14.75,1,2471
1.0,2546.799750,148.62,2.19,17.47,-26.36,11.76,13.75,1,2335
1.0,2546.809750,150.03,2.14,15.5,-26.41,10.72,12.25,1,2208
1.0,2546.819750,151.61,2.11,14.38,-26.44,9.64,10.75,1,3096
1.0,2546.829750,152.84,2.04,12.8,-26.51,8.52,9.25,1,2977
1.0,2546.839750,153.72,2.0,11.1,-26.53,7.36,8.5,1,2849
1.0,2546.849750,154.25,1.99,10.16,-26.55,6.18,8.0,1,2730
1.0,2546.859750,155.21,1.99,10.06,-26.56,4.97,6.75,1,2595
1.0,2546.869750,156.88,1.98,9.68,-26.57,3.75,5.25,1,2467
1.0,2546.879750,158.73,1.92,7.77,-26.64,2.51,3.25,1,2339
1.0,2546.889750,159.96,1.86,5.41,-26.67,1.26,2.0,1,2204
1.0,2546.899751,160.49,1.81,3.58,-26.73,0.0,1.25,1,3100
1.0,2546.909750,161.46,1.81,3.2,-26.72,-1.26,0.5,1,2973
1.0,2546.919750,162.86,1.81,3.16,-26.73,-2.51,-1.0,1,2845
1.0,2546.929750,164.62,1.77,1.87,-26.77,-3.75,-2.75,1,2726
1.0,2546.939750,165.76,1.72,-0.41,-26.8,-4.97,-3.75,1,2599
1.0,2546.949750,166.55,1.67,-2.2,-26.83,-6.18,-4.75,1,2472
1.0,2546.959750,167.96,1.69,-2.63,-26.85,-7.36,-6.0,1,2335
1.0,2546.969750,169.72,1.68,-3.22,-26.85,-8.52,-8.0,1,2208
1.0,2546.979750,171.56,1.62,-5.42,-26.88,-9.64,-9.75,1,3096
1.0,2546.989750,172.53,1.57,-7.84,-26.93,-10.72,-10.75,1,2968
1.0,2546.999750,173.41,1.55,-9.06,-26.96,-11.76,-11.75,1,2850
1.0,2547.009750,174.02,1.57,-9.31,-26.95,-12.75,-12.25,1,2731
1.0,2547.019750,174.99,1.55,-9.78,-26.96,-13.69,-13.25,1,2595
1.0,2547.029751,176.13,1.53,-10.36,-26.96,-14.58,-14.25,1,2467
1.0,2547.039751,177.1,1.51,-11.45,-26.98,-15.41,-15.25,1,2340
1.0,2547.049751,177.89,1.49,-12.88,-27.01,-16.18,-16.25,1,2204
1.0,2547.059751,178.59,1.48,-13.71,-27.01,-16.89,-16.75,1,3100
1.0,2547.069751,179.03,1.47,-14.26,-27.03,-17.53,-17.25,1,2973
1.0,2547.079751,179.47,1.46,-14.69,-27.02,-18.1,-17.75,1,2845
1.0,2547.089751,179.82,1.45,-15.02,-27.03,-18.6,-18.0,1,2727
1.0,2547.099751,180.26,1.45,-15.22,-27.04,-19.02,-18.5,1,2591
1.0,2547.109751,181.23,1.45,-15.52,-27.03,-19.37,-19.25,1,2472
1.0,2547.119751,181.76,1.43,-16.36,-27.04,-19.65,-20.0,1,2336
1.0,2547.129751,182.11,1.4,-17.39,-27.06,-19.84,-20.25,1,2209
1.0,2547.139751,182.02,1.4,-17.65,-27.06,-19.96,-20.0,1,3096
1.0,2547.149751,181.85,1.41,-17.23,-27.04,-20.0,-19.75,1,2970
1.0,2547.159751,181.85,1.42,-16.67,-27.0,-19.96,-19.5,1,2850
1.0,2547.169751,181.93,1.41,-16.69,-27.02,-19.84,-19.75,1,2722
1.0,2547.179751,182.11,1.42,-16.7,-27.0,-19.65,-20.25,1,2595
1.0,2547.189751,182.29,1.41,-16.89,-27.03,-19.37,-20.25,1,2468
1.0,2547.199751,182.2,1.39,-17.35,-27.07,-19.02,-19.75,1,2332
1.0,2547.209751,181.93,1.4,-17.38,-27.05,-18.6,-18.75,1,2204
1.0,2547.219751,181.23,1.42,-16.49,-26.97,-18.1,-18.0,1,3092
1.0,2547.229751,180.62,1.45,-15.36,-26.9,-17.53,-17.25,1,2965
1.0,2547.239751,180.26,1.45,-14.32,-26.88,-16.89,-16.75,1,2855
1.0,2547.249751,180.0,1.46,-13.98,-26.9,-16.18,-16.25,1,2727
1.0,2547.259751,179.65,1.47,-13.65,-26.89,-15.41,-16.0,1,2591
1.0,2547.269751,179.21,1.47,-13.42,-26.89,-14.58,-15.25,1,2464
1.0,2547.279750,178.07,1.48,-13.07,-26.89,-13.69,-14.25,1,2336
1.0,2547.289750,176.66,1.5,-11.96,-26.88,-12.75,-12.75,1,2217
1.0,2547.299750,175.34,1.55,-9.9,-26.82,-11.76,-11.5,1,3097
1.0,2547.309750,174.38,1.58,-8.22,-26.79,-10.72,-10.5,1,2969
1.0,2547.319750,173.5,1.59,-7.32,-26.81,-9.64,-9.75,1,2850
1.0,2547.329750,172.79,1.61,-6.52,-26.79,-8.52,-8.75,1,2723
1.0,2547.339750,172.18,1.63,-5.94,-26.78,-7.36,-8.25,1,2595
1.0,2547.349750,171.39,1.63,-5.51,-26.77,-6.18,-7.5,1,2468
1.0,2547.359750,169.89,1.64,-4.94,-26.76,-4.97,-6.0,1,2332
1.0,2547.369750,168.22,1.67,-3.62,-26.75,-3.75,-4.25,1,2213
1.0,2547.379750,167.08,1.73,-1.4,-26.71,-2.51,-3.25,1,3093
1.0,2547.389750,166.11,1.77,0.34,-26.67,-1.26,-2.25,1,2965
1.0,2547.399751,164.79,1.78,0.81,-26.68,0.0,-0.75,1,2855
1.0,2547.409750,163.12,1.78,1.6,-26.67,1.26,0.75,1,2727
1.0,2547.419750,161.63,1.85,3.59,-26.61,2.51,2.25,1,2591
1.0,2547.429750,160.4,1.89,5.46,-26.59,3.75,3.5,1,2464
1.0,2547.439750,159.35,1.91,6.67,-26.56,4.97,4.5,1,2328
1.0,2547.449750,158.12,1.93,7.48,-26.53,6.18,5.75,1,2217
1.0,2547.459750,156.62,1.96,8.35,-26.52,7.36,7.25,1,3097
1.0,2547.469750,155.39,2.0,9.83,-26.49,8.52,8.25,1,2970
1.0,2547.479750,154.16,2.04,11.51,-26.45,9.64,9.25,1,2851
1.0,2547.489750,152.93,2.07,12.46,-26.44,10.72,10.75,1,2723
1.0,2547.499750,151.52,2.1,13.38,-26.4,11.76,12.25,1,2587
1.0,2547.509750,150.56,2.14,14.9,-26.36,12.75,13.0,1,2469
1.0,2547.519750,150.21,2.19,16.37,-26.32,13.69,13.25,1,2332
1.0,2547.529751,149.77,2.19,16.39,-26.34,14.58,13.75,1,2213
1.0,2547.539751,148.45,2.16,16.1,-26.34,15.41,15.0,1,3093
1.0,2547.549751,147.3,2.21,17.08,-26.29,16.18,16.25,1,2965
1.0,2547.559751,146.78,2.27,18.89,-26.25,16.89,16.75,1,2847
1.0,2547.569751,146.43,2.29,19.83,-26.23,17.53,17.25,1,2719
1.0,2547.579751,146.07,2.28,19.65,-26.24,18.1,17.5,1,2592
1.0,2547.589751,145.46,2.29,19.81,-26.21,18.6,18.0,1,2464
1.0,2547.599751,144.67,2.31,20.07,-26.23,19.02,18.75,1,2328
1.0,2547.609751,143.88,2.35,21.05,-26.17,19.37,19.75,1,2235
1.0,2547.619751,143.53,2.39,22.2,-26.13,19.65,19.75,1,3089
1.0,2547.629751,143.53,2.4,22.66,-26.13,19.84,19.75,1,2961
1.0,2547.639751,143.53,2.39,22.47,-26.13,19.96,19.75,1,2851
1.0,2547.649751,143.61,2.36,21.98,-26.17,20.0,19.75,1,2715
1.0,2547.659751,143.53,2.37,21.96,-26.15,19.96,19.75,1,2588
1.0,2547.669751,143.53,2.37,21.94,-26.16,19.84,19.75,1,2469
1.0,2547.679751,143.44,2.37,21.95,-26.16,19.65,19.75,1,2332
1.0,2547.689751,143.53,2.37,21.94,-26.16,19.37,19.75,1,2231
1.0,2547.699751,143.53,2.37,21.94,-26.16,19.02,19.25,1,3093
1.0,2547.709751,143.96,2.38,21.92,-26.15,18.6,18.75,1,2966
1.0,2547.719751,144.4,2.34,21.49,-26.2,18.1,18.25,1,2847
1.0,2547.729751,144.76,2.3,20.59,-26.27,17.53,17.75,1,2711
1.0,2547.739751,145.02,2.3,20.1,-26.26,16.89,17.25,1,2592
1.0,2547.749751,145.55,2.29,19.88,-26.28,16.18,16.75,1,2465
1.0,2547.759751,146.69,2.27,19.56,-26.28,15.41,15.75,1,2328
1.0,2547.769751,148.1,2.22,18.5,-26.33,14.58,14.25,1,2227
1.0,2547.779750,148.97,2.15,16.65,-26.41,13.69,13.25,1,3089
1.0,2547.789750,149.06,2.12,15.17,-26.42,12.75,13.25,1,2961
1.0,2547.799750,149.06,2.13,15.1,-26.41,11.76,13.5,1,2852
1.0,2547.809750,149.41,2.15,15.95,-26.37,10.72,12.75,1,2715
1.0,2547.819750,150.56,2.16,16.05,-26.37,9.64,11.5,1,2588
1.0,2547.829750,152.31,2.09,14.69,-26.47,8.52,9.75,1,2460
1.0,2547.839750,153.98,2.03,12.29,-26.53,7.36,8.25,1,2324
1.0,2547.849750,154.95,1.97,9.93,-26.59,6.18,7.25,1,2232
1.0,2547.859750,156.01,1.93,8.7,-26.6,4.97,6.0,1,3093
1.0,2547.869750,157.32,1.93,8.4,-26.6,3.75,4.75,1,2966
1.0,2547.879750,158.38,1.88,7.19,-26.66,2.51,3.5,1,2847
1.0,2547.889750,159.52,1.86,5.67,-26.68,1.26,2.25,1,2711
1.0,2547.899751,161.37,1.84,4.61,-26.7,-0.0,0.5,1,2592
1.0,2547.909750,163.12,1.8,3.05,-26.75,-1.26,-1.25,1,2465
1.0,2547.919750,164.0,1.74,0.75,-26.79,-2.51,-2.25,1,2328
1.0,2547.929750,164.79,1.71,-0.5,-26.81,-3.75,-3.0,1,2228
1.0,2547.939750,165.76,1.72,-0.7,-26.8,-4.97,-4.0,1,3089
1.0,2547.949750,167.08,1.72,-1.32,-26.84,-6.18,-5.5,1,2962
1.0,2547.959750,169.01,1.69,-2.65,-26.85,-7.36,-7.25,1,2843
1.0,2547.969750,170.42,1.64,-4.83,-26.89,-8.52,-8.75,1,2715
1.0,2547.979750,171.74,1.6,-6.69,-26.92,-9.64,-9.75,1,2588
1.0,2547.989750,172.62,1.58,-7.83,-26.93,-10.72,-11.0,1,2461
1.0,2547.999750,173.58,1.57,-8.72,-26.93,-11.76,-11.75,1,2324
1.0,2548.009750,174.29,1.55,-9.44,-26.96,-12.75,-12.5,1,2232
1.0,2548.019750,174.9,1.54,-10.03,-26.97,-13.69,-13.25,1,3085
1.0,2548.029751,175.61,1.54,-10.55,-26.98,-14.58,-14.0,1,2967
1.0,2548.039751,177.01,1.54,-11.07,-26.98,-15.41,-15.25,1,2848
1.0,2548.049751,178.68,1.51,-12.32,-27.0,-16.18,-16.75,1,2711
1.0,2548.059751,179.65,1.46,-14.4,-27.03,-16.89,-17.75,1,2584
1.0,2548.069751,179.82,1.42,-16.08,-27.06,-17.53,-18.0,1,2457
1.0,2548.079751,179.82,1.43,-16.09,-27.04,-18.1,-17.75,1,2329
1.0,2548.089751,180.35,1.46,-15.04,-27.0,-18.6,-18.5,1,2228
1.0,2548.099751,181.32,1.46,-14.98,-27.0,-19.02,-19.5,1,3090
1.0,2548.109751,181.67,1.42,-16.42,-27.07,-19.37,-19.75,1,2962
1.0,2548.119751,181.67,1.4,-17.54,-27.07,-19.65,-19.75,1,2843
1.0,2548.129751,181.67,1.41,-17.25,-27.04,-19.84,-19.75,1,2707
1.0,2548.139751,181.76,1.43,-16.62,-27.02,-19.96,-19.75,1,2588
1.0,2548.149751,181.67,1.41,-16.52,-27.03,-20.0,-19.75,1,2462
1.0,2548.159751,181.67,1.41,-16.55,-27.02,-19.96,-19.75,1,2325
1.0,2548.169751,181.67,1.41,-16.56,-27.03,-19.84,-19.75,1,2232
1.0,2548.179751,181.67,1.42,-16.58,-27.03,-19.65,-19.75,1,3085
1.0,2548.189751,181.67,1.42,-16.57,-27.03,-19.37,-19.75,1,2967
1.0,2548.199751,181.58,1.41,-16.56,-27.03,-19.02,-19.5,1,2848
1.0,2548.209751,181.23,1.41,-16.52,-27.03,-18.6,-18.25,1,2711
1.0,2548.219751,180.62,1.42,-16.35,-27.02,-18.1,-17.5,1,2584
1.0,2548.229751,180.62,1.47,-15.19,-26.92,-17.53,-17.25,1,2457
1.0,2548.239751,180.62,1.48,-13.94,-26.84,-16.89,-17.75,1,2329
1.0,2548.249751,180.62,1.43,-14.66,-26.93,-16.18,-17.75,1,2228
1.0,2548.259751,180.44,1.42,-14.91,-26.95,-15.41,-17.0,1,3090
1.0,2548.269751,179.21,1.43,-14.92,-26.95,-14.58,-15.75,1,2963
1.0,2548.279750,177.71,1.48,-13.81,-26.9,-13.69,-14.0,1,2844
1.0,2548.289750,176.66,1.54,-11.06,-26.83,-12.75,-13.0,1,2707
1.0,2548.299750,176.22,1.56,-9.27,-26.82,-11.76,-12.5,1,2589
1.0,2548.309750,175.78,1.56,-9.08,-26.82,-10.72,-11.75,1,2461
1.0,2548.319750,174.55,1.55,-9.33,-26.85,-9.64,-10.75,1,2325
1.0,2548.329750,172.62,1.59,-8.3,-26.83,-8.52,-8.75,1,2224
1.0,2548.339750,170.6,1.64,-6.1,-26.78,-7.36,-6.75,1,3086
1.0,2548.349750,169.19,1.68,-3.49,-26.74,-6.18,-5.25,1,2958
1.0,2548.359750,168.66,1.73,-1.5,-26.7,-4.97,-5.0,1,2840
1.0,2548.369750,168.75,1.74,-1.27,-26.71,-3.75,-5.0,1,2712
1.0,2548.379750,168.57,1.7,-2.07,-26.75,-2.51,-4.75,1,2585
1.0,2548.389750,167.7,1.68,-2.72,-26.77,-1.26,-3.75,1,2457
1.0,2548.399751,166.03,1.71,-2.03,-26.74,-0.0,-2.25,1,2321
1.0,2548.409750,163.92,1.77,0.06,-26.69,1.26,-0.25,1,2228
1.0,2548.419750,162.07,1.83,2.64,-26.64,2.51,1.75,1,3082
1.0,2548.429750,161.02,1.9,5.25,-26.57,3.75,2.75,1,2963
1.0,2548.439750,160.4,1.93,6.6,-26.56,4.97,3.25,1,2844
1.0,2548.449750,159.17,1.92,6.3,-26.59,6.18,4.75,1,2708
1.0,2548.459750,157.68,1.91,6.81,-26.57,7.36,6.25,1,2580
1.0,2548.469750,156.27,1.98,8.8,-26.51,8.52,7.5,1,2462
1.0,2548.479750,155.13,2.04,10.68,-26.47,9.64,8.75,1,2325
1.0,2548.489750,154.07,2.06,11.73,-26.44,10.72,9.5,1,3213
1.0,2548.499750,153.02,2.08,12.5,-26.43,11.76,10.75,1,3086
1.0,2548.509750,151.52,2.12,13.34,-26.4,12.75,12.0,1,2959
1.0,2548.519750,150.29,2.16,14.77,-26.36,13.69,13.25,1,2840
1.0,2548.529751,149.59,2.21,16.37,-26.31,14.58,14.0,1,2704
1.0,2548.539751,149.15,2.23,17.08,-26.31,15.41,14.25,1,2585
1.0,2548.549751,147.92,2.22,17.14,-26.31,16.18,15.5,1,2458
1.0,2548.559751,146.87,2.23,17.63,-26.29,16.89,16.75,1,2321
1.0,2548.569751,146.25,2.3,19.36,-26.22,17.53,17.25,1,3209
1.0,2548.579751,145.9,2.31,20.17,-26.24,18.1,17.5,1,3082
1.0,2548.589751,145.46,2.3,20.02,-26.23,18.6,18.0,1,2954
1.0,2548.599751,144.4,2.32,20.3,-26.2,19.02,19.0,1,2844
1.0,2548.609751,143.7,2.36,21.13,-26.18,19.37,19.75,1,2708
1.0,2548.619751,143.35,2.4,22.41,-26.12,19.65,20.0,1,2581
1.0,2548.629751,143.35,2.41,22.85,-26.12,19.84,20.0,1,2444
1.0,2548.639751,143.26,2.4,22.65,-26.12,19.96,20.0,1,2326
1.0,2548.649751,143.35,2.37,22.15,-26.16,20.0,20.0,1,3214
1.0,2548.659751,143.26,2.38,22.12,-26.15,19.96,20.0,1,3086
1.0,2548.669751,143.35,2.38,22.11,-26.15,19.84,20.0,1,2959
1.0,2548.679751,143.26,2.38,22.11,-26.15,19.65,20.0,1,2840
1.0,2548.689751,143.26,2.38,22.11,-26.15,19.37,19.75,1,2704
1.0,2548.699751,143.53,2.38,22.08,-26.15,19.02,19.0,1,2585
1.0,2548.709751,144.05,2.36,21.9,-26.17,18.6,18.75,1,2449
1.0,2548.719751,144.23,2.33,21.29,-26.22,18.1,18.25,1,2321
1.0,2548.729751,144.58,2.31,20.59,-26.25,17.53,18.0,1,3209
1.0,2548.739751,144.93,2.29,20.4,-26.26,16.89,17.5,1,3082
1.0,2548.749751,146.07,2.3,20.17,-26.26,16.18,16.25,1,2955
1.0,2548.759751,147.39,2.24,19.2,-26.31,15.41,15.0,1,2836
1.0,2548.769751,148.18,2.17,17.38,-26.38,14.58,14.25,1,2708
1.0,2548.779750,148.36,2.15,16.03,-26.39,13.69,14.0,1,2581
1.0,2548.789750,148.62,2.16,15.98,-26.38,12.75,13.5,1,2445
1.0,2548.799750,149.68,2.15,16.32,-26.37,11.76,12.5,1,2317
1.0,2548.809750,151.0,2.11,15.49,-26.44,10.72,11.25,1,3214
1.0,2548.819750,152.05,2.06,13.65,-26.5,9.64,10.0,1,3078
1.0,2548.829750,153.11,2.03,12.05,-26.51,8.52,9.0,1,2959
1.0,2548.839750,154.07,2.01,11.14,-26.53,7.36,8.0,1,2841
1.0,2548.849750,155.74,1.97,10.32,-26.57,6.18,6.25,1,2704
1.0,2548.859750,157.5,1.93,8.89,-26.6,4.97,4.5,1,2577
1.0,2548.869750,158.82,1.87,6.65,-26.66,3.75,3.25,1,2449
1.0,2548.879750,159.26,1.83,4.84,-26.69,2.51,2.75,1,2322
1.0,2548.889750,159.79,1.83,4.42,-26.7,1.26,2.25,1,3210
1.0,2548.899751,160.22,1.83,4.8,-26.7,0.0,1.5,1,3082
1.0,2548.909750,161.54,1.82,4.48,-26.72,-1.26,0.25,1,2955
1.0,2548.919750,163.3,1.81,3.38,-26.73,-2.51,-1.5,1,2836
1.0,2548.929750,165.06,1.75,1.17,-26.79,-3.75,-3.25,1,2700
1.0,2548.939750,165.67,1.69,-1.23,-26.82,-4.97,-3.75,1,2581
1.0,2548.949750,166.03,1.67,-2.39,-26.85,-6.18,-4.25,1,2445
1.0,2548.959750,167.08,1.69,-1.8,-26.83,-7.36,-5.25,1,2318
1.0,2548.969750,168.57,1.7,-2.0,-26.83,-8.52,-6.75,1,3205
1.0,2548.979750,170.24,1.65,-3.91,-26.88,-9.64,-8.5,1,3078
1.0,2548.989750,171.56,1.6,-6.23,-26.91,-10.72,-9.75,1,2951
1.0,2548.999750,172.0,1.56,-7.93,-26.94,-11.76,-10.25,1,2841
1.0,2549.009750,172.71,1.57,-8.3,-26.93,-12.75,-11.0,1,2704
1.0,2549.019750,174.11,1.58,-8.12,-26.94,-13.69,-12.25,1,2577
1.0,2549.029751,175.61,1.55,-9.24,-26.95,-14.58,-13.75,1,2450
1.0,2549.039751,176.75,1.5,-11.4,-26.98,-15.41,-14.75,1,2322
1.0,2549.049751,177.01,1.48,-13.05,-27.02,-16.18,-15.25,1,3210
1.0,2549.059751,177.71,1.49,-13.21,-27.01,-16.89,-15.75,1,3083
1.0,2549.069751,178.86,1.49,-12.95,-27.0,-17.53,-17.0,1,2956
1.0,2549.079751,179.91,1.47,-13.91,-27.01,-18.1,-18.0,1,2837
1.0,2549.089751,180.35,1.42,-15.65,-27.04,-18.6,-18.5,1,2700
1.0,2549.099751,180.7,1.42,-16.47,-27.05,-19.02,-19.0,1,2573
1.0,2549.109751,180.97,1.44,-16.21,-27.04,-19.37,-19.25,1,2446
1.0,2549.119751,181.05,1.43,-16.27,-27.05,-19.65,-19.25,1,2318
1.0,2549.129751,181.41,1.42,-16.34,-27.04,-19.84,-19.75,1,3206
1.0,2549.139751,182.02,1.42,-16.43,-27.04,-19.96,-20.25,1,3079
1.0,2549.149751,182.37,1.41,-17.14,-27.05,-20.0,-20.5,1,2952
1.0,2549.159751,182.29,1.39,-17.97,-27.07,-19.96,-20.0,1,2832
1.0,2549.169751,182.02,1.39,-17.68,-27.05,-19.84,-19.25,1,2696
1.0,2549.179751,181.93,1.41,-16.88,-27.0,-19.65,-18.75,1,2577
1.0,2549.189751,181.93,1.43,-16.23,-26.94,-19.37,-19.25,1,2441
1.0,2549.199751,182.11,1.41,-15.85,-26.91,-19.02,-20.0,1,2314
1.0,2549.209751,182.2,1.38,-16.58,-26.99,-18.6,-20.25,1,3210
1.0,2549.219751,182.2,1.37,-17.3,-27.07,-18.1,-19.75,1,3083
1.0,2549.229751,181.85,1.39,-17.47,-27.08,-17.53,-18.75,1,2956
1.0,2549.239751,180.53,1.42,-16.52,-26.98,-16.89,-17.25,1,2837
1.0,2549.249751,179.74,1.46,-14.88,-26.9,-16.18,-16.25,1,2700
1.0,2549.259751,179.47,1.49,-12.73,-26.82,-15.41,-15.75,1,2573
1.0,2549.269751,178.95,1.48,-12.57,-26.87,-14.58,-15.25,1,2446
1.0,2549.279750,177.8,1.46,-12.81,-26.9,-13.69,-14.0,1,2318
1.0,2549.289750,176.75,1.5,-11.77,-26.87,-12.75,-12.75,1,3206
1.0,2549.299750,176.04,1.55,-9.81,-26.82,-11.76,-12.25,1,3079
1.0,2549.309750,175.52,1.57,-8.93,-26.8,-10.72,-11.75,1,2952
1.0,2549.319750,174.11,1.54,-8.98,-26.84,-9.64,-10.25,1,2833
1.0,2549.329750,172.88,1.57,-7.89,-26.81,-8.52,-9.0,1,2696
1.0,2549.339750,172.35,1.63,-5.88,-26.77,-7.36,-8.25,1,2578
1.0,2549.349750,171.3,1.65,-4.89,-26.75,-6.18,-7.5,1,2442
1.0,2549.359750,169.89,1.63,-4.84,-26.76,-4.97,-6.0,1,2314
1.0,2549.369750,168.31,1.67,-3.67,-26.74,-3.75,-4.25,1,3202
1.0,2549.379750,167.17,1.74,-1.5,-26.71,-2.51,-3.25,1,3075
1.0,2549.389750,166.2,1.79,0.25,-26.66,-1.26,-2.25,1,2947
1.0,2549.399751,164.88,1.79,0.72,-26.68,0.0,-1.0,1,2837
1.0,2549.409750,162.77,1.8,1.51,-26.67,1.26,1.0,1,2701
1.0,2549.419750,160.58,1.87,3.68,-26.6,2.51,3.25,1,2574
1.0,2549.429750,159.08,1.93,6.35,-26.56,3.75,4.75,1,2446
1.0,2549.439750,158.47,1.99,8.53,-26.5,4.97,5.25,1,2319
1.0,2549.449750,158.38,1.99,8.95,-26.5,6.18,5.25,1,3206
1.0,2549.459750,158.12,1.95,8.07,-26.53,7.36,5.5,1,3079
1.0,2549.469750,157.24,1.93,7.48,-26.55,8.52,6.5,1,2952
1.0,2549.479750,155.57,1.97,8.32,-26.52,9.64,8.25,1,2833
1.0,2549.489750,153.98,2.03,10.44,-26.45,10.72,9.75,1,2697
1.0,2549.499750,153.46,2.08,12.81,-26.4,11.76,10.25,1,2570
1.0,2549.509750,153.02,2.11,13.79,-26.38,12.75,10.5,1,2442
1.0,2549.519750,152.05,2.09,13.17,-26.42,13.69,11.5,1,2314
1.0,2549.529751,150.29,2.09,13.52,-26.39,14.58,13.25,1,3202
1.0,2549.539751,148.71,2.17,15.55,-26.32,15.41,14.75,1,3075
1.0,2549.549751,148.1,2.23,17.93,-26.28,16.18,15.25,1,2956
1.0,2549.559751,147.83,2.27,18.97,-26.24,16.89,15.75,1,2829
1.0,2549.569751,146.95,2.24,18.37,-26.28,17.53,16.75,1,2693
1.0,2549.579751,145.99,2.24,18.59,-26.26,18.1,17.5,1,2574
1.0,2549.589751,145.55,2.32,20.06,-26.19,18.6,17.75,1,2438
1.0,2549.599751,145.11,2.33,20.76,-26.2,19.02,18.25,1,2310
1.0,2549.609751,144.14,2.32,20.63,-26.19,19.37,19.25,1,3207
1.0,2549.619751,143.44,2.37,21.5,-26.14,19.65,20.0,1,3071
1.0,2549.629751,143.09,2.41,22.7,-26.12,19.84,20.25,1,2961
1.0,2549.639751,142.91,2.41,23.1,-26.11,19.96,20.25,1,2833
1.0,2549.649751,143.0,2.4,22.91,-26.11,20.0,20.25,1,2698
1.0,2549.659751,143.0,2.37,22.45,-26.15,19.96,20.25,1,2570
1.0,2549.669751,143.0,2.38,22.43,-26.13,19.84,20.25,1,2442
1.0,2549.679751,142.91,2.38,22.4,-26.14,19.65,19.75,1,2324
1.0,2549.689751,143.44,2.38,22.41,-26.13,19.37,19.25,1,3203
1.0,2549.699751,143.88,2.36,22.11,-26.16,19.02,18.75,1,3075
1.0,2549.709751,144.14,2.33,21.33,-26.22,18.6,18.25,1,2957
1.0,2549.719751,144.4,2.32,20.74,-26.23,18.1,18.25,1,2829
1.0,2549.729751,144.58,2.29,20.57,-26.25,17.53,18.0,1,2693
1.0,2549.739751,144.84,2.31,20.49,-26.24,16.89,17.5,1,2574
1.0,2549.749751,145.81,2.3,20.32,-26.24,16.18,16.5,1,2438
1.0,2549.759751,146.78,2.26,19.43,-26.3,15.41,15.5,1,2319
1.0,2549.769751,147.22,2.2,17.85,-26.36,14.58,15.25,1,3198
1.0,2549.779750,147.66,2.21,17.18,-26.34,13.69,14.75,1,3071
1.0,2549.789750,148.71,2.2,17.28,-26.33,12.75,13.25,1,2953
1.0,2549.799750,149.94,2.11,16.3,-26.41,11.76,12.25,1,2834
1.0,2549.809750,150.38,2.07,14.57,-26.47,10.72,11.75,1,2697
1.0,2549.819750,150.91,2.08,13.79,-26.45,9.64,11.25,1,2570
1.0,2549.829750,151.96,2.1,13.92,-26.44,8.52,10.0,1,2434
1.0,2549.839750,153.54,2.02,12.91,-26.5,7.36,8.5,1,2324
1.0,2549.849750,155.04,1.97,10.98,-26.56,6.18,7.25,1,3203
1.0,2549.859750,155.92,1.93,9.23,-26.59,4.97,6.25,1,3075
1.0,2549.869750,157.15,1.91,8.18,-26.6,3.75,5.0,1,2957
1.0,2549.879750,158.82,1.89,7.32,-26.62,2.51,3.25,1,2830
1.0,2549.889750,160.22,1.85,5.77,-26.67,1.26,1.5,1,2693
1.0,2549.899751,161.37,1.78,3.54,-26.75,-0.0,0.75,1,2566
1.0,2549.909750,162.33,1.77,2.31,-26.75,-1.26,-0.5,1,2438
1.0,2549.919750,163.65,1.77,1.92,-26.76,-2.51,-1.75,1,2320
1.0,2549.929750,164.88,1.74,0.69,-26.79,-3.75,-3.0,1,3199
1.0,2549.939750,165.85,1.69,-0.84,-26.81,-4.97,-4.0,1,3071
1.0,2549.949750,166.9,1.69,-1.7,-26.83,-6.18,-5.0,1,2953
1.0,2549.959750,168.49,1.68,-2.53,-26.85,-7.36,-6.75,1,2825
1.0,2549.969750,169.98,1.65,-3.99,-26.86,-8.52,-8.25,1,2698
1.0,2549.979750,170.86,1.58,-6.07,-26.9,-9.64,-9.0,1,2570
1.0,2549.989750,171.83,1.56,-7.17,-26.93,-10.72,-10.0,1,2434
1.0,2549.999750,173.32,1.59,-7.36,-26.92,-11.76,-11.5,1,2341
1.0,2550.009750,174.99,1.55,-8.58,-26.93,-12.75,-13.25,1,3203
1.0,2550.019750,176.22,1.5,-10.81,-26.97,-13.69,-14.25,1,3076
1.0,2550.029751,176.84,1.46,-12.53,-27.0,-14.58,-14.75,1,2957
1.0,2550.039751,177.1,1.47,-12.92,-26.99,-15.41,-15.25,1,2821
1.0,2550.049751,177.36,1.49,-12.63,-26.98,-16.18,-15.75,1,2693
1.0,2550.059751,177.89,1.48,-12.7,-27.0,-16.89,-16.25,1,2566
1.0,2550.069751,179.03,1.48,-13.02,-27.0,-17.53,-17.25,1,2439
1.0,2550.079751,180.35,1.46,-13.98,-27.01,-18.1,-18.5,1,2337
1.0,2550.089751,181.23,1.42,-15.86,-27.03,-18.6,-19.25,1,3199
1.0,2550.099751,181.23,1.39,-17.33,-27.05,-19.02,-19.25,1,3072
1.0,2550.109751,181.23,1.39,-17.19,-27.04,-19.37,-18.5,1,2953
1.0,2550.119751,181.14,1.41,-16.19,-27.0,-19.65,-18.25,1,2817
1.0,2550.129751,181.14,1.41,-15.77,-26.96,-19.84,-19.0,1,2689
1.0,2550.139751,181.49,1.4,-15.73,-26.96,-19.96,-19.5,1,2570
1.0,2550.149751,181.49,1.39,-16.22,-27.02,-20.0,-19.25,1,2436
1.0,2550.159751,181.58,1.38,-16.62,-27.05,-19.96,-18.75,1,2333
1.0,2550.169751,181.49,1.4,-16.22,-26.98,-19.84,-19.0,1,3195
1.0,2550.179751,181.58,1.41,-16.15,-26.97,-19.65,-19.5,1,3076
1.0,2550.189751,181.58,1.37,-16.22,-27.01,-19.37,-19.25,1,2957
1.0,2550.199751,181.49,1.37,-16.28,-27.01,-19.02,-19.25,1,2822
1.0,2550.209751,181.49,1.4,-16.18,-26.98,-18.6,-19.25,1,2694
1.0,2550.219751,181.58,1.39,-16.18,-26.99,-18.1,-18.75,1,2566
1.0,2550.229751,181.32,1.39,-16.17,-26.99,-17.53,-18.25,1,2430
1.0,2550.239751,180.62,1.39,-15.93,-26.98,-16.89,-17.25,1,2338
1.0,2550.249751,179.91,1.42,-15.06,-26.9,-16.18,-16.25,1,3200
1.0,2550.259751,179.82,1.43,-13.6,-26.85,-15.41,-16.25,1,3072
1.0,2550.269751,179.3,1.45,-13.02,-26.82,-14.58,-15.75,1,2953
1.0,2550.279750,178.15,1.42,-13.18,-26.86,-13.69,-14.25,1,2817
1.0,2550.289750,177.1,1.47,-12.19,-26.85,-12.75,-13.25,1,2690
1.0,2550.299750,176.57,1.52,-10.28,-26.8,-11.76,-12.75,1,2562
1.0,2550.309750,175.87,1.53,-9.36,-26.78,-10.72,-12.0,1,2435
1.0,2550.319750,174.64,1.5,-9.45,-26.8,-9.64,-10.75,1,2333
1.0,2550.329750,173.06,1.54,-8.33,-26.79,-8.52,-9.0,1,3195
1.0,2550.339750,172.0,1.59,-6.28,-26.74,-7.36,-8.0,1,3077
1.0,2550.349750,171.12,1.63,-4.62,-26.71,-6.18,-7.25,1,2949
1.0,2550.359750,169.8,1.62,-4.15,-26.71,-4.97,-5.75,1,2822
1.0,2550.369750,168.22,1.62,-3.4,-26.72,-3.75,-4.25,1,2694
1.0,2550.379750,166.73,1.69,-1.39,-26.67,-2.51,-2.75,1,2567
1.0,2550.389750,165.41,1.74,0.49,-26.63,-1.26,-1.75,1,2431
2.0,2552.409751,166.2,1.77,-0.02,-26.63,0.0,-2.5,1,3184
2.0,2552.419750,163.83,1.78,0.85,-26.63,2.51,-0.25,1,3065
2.0,2552.429750,161.1,1.82,2.77,-26.61,4.97,2.5,1,2929
2.0,2552.439750,157.94,1.89,5.85,-26.55,7.36,5.75,1,2801
2.0,2552.449750,154.95,1.99,9.3,-26.47,9.64,8.5,1,2674
2.0,2552.459750,153.19,2.09,12.86,-26.36,11.76,10.25,1,2538
2.0,2552.469750,151.79,2.14,14.98,-26.3,13.69,11.75,1,2445
2.0,2552.479751,149.94,2.15,15.25,-26.32,15.41,13.75,1,3307
2.0,2552.489751,147.74,2.17,16.41,-26.29,16.89,15.75,1,3180
2.0,2552.499751,146.25,2.26,18.87,-26.21,18.1,17.25,1,3069
2.0,2552.509751,145.37,2.33,20.95,-26.13,19.02,18.0,1,2924
2.0,2552.519751,144.32,2.35,21.56,-26.12,19.65,19.0,1,2797
2.0,2552.529751,143.35,2.35,21.56,-26.12,19.96,20.0,1,2678
2.0,2552.539751,142.91,2.4,22.69,-26.08,19.96,20.25,1,2542
2.0,2552.549751,142.65,2.4,23.42,-26.08,19.65,20.5,1,2441
2.0,2552.559751,142.82,2.38,23.05,-26.09,19.02,19.75,1,3311
2.0,2552.569751,143.79,2.39,22.94,-26.07,18.1,18.75,1,3184
2.0,2552.579751,144.49,2.35,21.81,-26.16,16.89,18.0,1,3065
2.0,2552.589751,145.46,2.3,20.17,-26.22,15.41,17.0,1,2929
2.0,2552.599750,146.87,2.27,19.38,-26.23,13.69,15.25,1,2801
2.0,2552.609750,148.71,2.21,18.1,-26.32,11.76,13.25,1,2674
2.0,2552.619750,151.26,2.13,15.69,-26.41,9.64,10.75,1,2538
2.0,2552.629750,153.9,2.04,12.76,-26.47,7.36,8.25,1,2445
2.0,2552.639750,156.27,1.96,9.64,-26.56,4.97,6.0,1,3307
2.0,2552.649750,158.47,1.9,7.04,-26.61,2.51,3.75,1,3180
2.0,2552.659751,161.02,1.85,5.12,-26.64,-0.0,1.0,1,3061
2.0,2552.669750,163.92,1.8,2.74,-26.72,-2.51,-1.75,1,2925
2.0,2552.679750,166.2,1.72,-0.33,-26.77,-4.97,-4.25,1,2797
2.0,2552.689750,168.22,1.66,-3.09,-26.82,-7.36,-6.25,1,2670
2.0,2552.699750,170.51,1.64,-5.03,-26.87,-9.64,-8.5,1,2543
2.0,2552.709750,172.97,1.61,-6.69,-26.87,-11.76,-11.0,1,2441
2.0,2552.719750,175.25,1.58,-8.98,-26.9,-13.69,-13.25,1,3303
2.0,2552.729751,176.48,1.5,-11.82,-26.94,-15.41,-14.5,1,3184
2.0,2552.739751,177.36,1.47,-13.42,-26.98,-16.89,-15.25,1,3057
2.0,2552.749751,178.86,1.49,-13.34,-26.97,-18.1,-16.75,1,2930
2.0,2552.759751,180.62,1.49,-13.97,-26.98,-19.02,-18.5,1,2802
2.0,2552.769751,181.67,1.43,-16.12,-27.01,-19.65,-19.75,1,2675
2.0,2552.779751,182.11,1.39,-17.91,-27.03,-19.96,-20.0,1,2538
2.0,2552.789751,182.29,1.4,-18.09,-27.04,-19.96,-20.25,1,2437
2.0,2552.799751,182.37,1.42,-17.53,-27.02,-19.65,-20.25,1,3308
2.0,2552.809751,182.29,1.4,-17.38,-27.02,-19.02,-19.25,1,3180
2.0,2552.819751,181.58,1.4,-16.98,-26.99,-18.1,-18.25,1,3061
2.0,2552.829751,180.79,1.42,-15.92,-26.91,-16.89,-17.25,1,2925
2.0,2552.839751,179.74,1.47,-14.33,-26.84,-15.41,-16.0,1,2798
2.0,2552.849750,178.07,1.5,-13.27,-26.85,-13.69,-14.25,1,2671
2.0,2552.859750,176.31,1.52,-11.74,-26.85,-11.76,-12.5,1,2534
2.0,2552.869750,174.38,1.56,-9.22,-26.8,-9.64,-10.5,1,2441
2.0,2552.879750,172.0,1.61,-7.02,-26.76,-7.36,-8.0,1,3303
2.0,2552.889750,169.37,1.66,-4.82,-26.76,-4.97,-5.5,1,3176
2.0,2552.899750,167.26,1.73,-1.91,-26.7,-2.51,-3.25,1,3066
2.0,2552.909751,164.88,1.79,0.67,-26.65,-0.0,-1.25,1,2930
2.0,2552.919750,162.25,1.82,2.55,-26.62,2.51,1.5,1,2794
2.0,2552.929750,159.52,1.86,4.84,-26.58,4.97,4.25,1,2675
2.0,2552.939750,157.15,1.95,8.01,-26.5,7.36,6.75,1,2539
2.0,2552.949750,154.86,2.03,10.78,-26.43,9.64,8.75,1,2437
2.0,2552.959750,152.67,2.08,12.71,-26.39,11.76,10.75,1,3308
2.0,2552.969750,150.03,2.14,14.38,-26.34,13.69,13.5,1,3180
2.0,2552.979751,147.48,2.2,16.69,-26.28,15.41,16.25,1,3062
2.0,2552.989751,145.37,2.3,19.79,-26.19,16.89,18.0,1,2926
2.0,2552.999751,144.32,2.38,22.24,-26.13,18.1,19.0,1,2798
2.0,2553.009751,143.88,2.4,23.09,-26.1,19.02,19.25,1,2671
2.0,2553.019751,143.79,2.37,22.66,-26.12,19.65,19.5,1,2535
2.0,2553.029751,143.88,2.36,22.22,-26.12,19.96,19.5,1,2442
2.0,2553.039751,143.44,2.34,21.72,-26.14,19.96,19.75,1,3304
2.0,2553.049751,142.91,2.35,21.78,-26.15,19.65,20.75,1,3176
2.0,2553.059751,142.47,2.4,22.63,-26.1,19.02,20.75,1,3058
2.0,2553.069751,142.38,2.44,23.56,-26.06,18.1,20.25,1,2930
2.0,2553.079751,143.53,2.43,23.4,-26.11,16.89,19.0,1,2794
2.0,2553.089751,145.02,2.37,22.26,-26.16,15.41,17.25,1,2667
2.0,2553.099750,146.87,2.28,20.01,-26.26,13.69,15.25,1,2540
2.0,2553.109750,148.54,2.2,17.34,-26.35,11.76,13.75,1,2438
2.0,2553.119750,150.29,2.14,15.35,-26.38,9.64,11.75,1,3300
2.0,2553.129750,152.4,2.09,13.8,-26.42,7.36,9.75,1,3181
2.0,2553.139750,155.21,2.0,11.74,-26.52,4.97,7.0,1,3062
2.0,2553.149750,157.85,1.94,8.76,-26.58,2.51,4.25,1,2926
2.0,2553.159751,160.22,1.86,5.64,-26.64,0.0,1.75,1,2799
2.0,2553.169750,162.69,1.79,2.97,-26.72,-2.51,-0.75,1,2671
2.0,2553.179750,165.32,1.75,0.93,-26.77,-4.97,-3.25,1,2535
2.0,2553.189750,168.49,1.69,-1.58,-26.81,-7.36,-6.5,1,2434
2.0,2553.199750,171.21,1.62,-4.98,-26.86,-9.64,-9.25,1,3305
2.0,2553.209750,172.97,1.56,-8.35,-26.93,-11.76,-11.0,1,3177
2.0,2553.219750,174.2,1.51,-10.31,-26.97,-13.69,-12.25,1,3058
2.0,2553.229751,175.96,1.53,-10.57,-26.95,-15.41,-14.25,1,2922
2.0,2553.239751,178.07,1.52,-11.55,-26.96,-16.89,-16.25,1,2795
2.0,2553.249751,179.47,1.45,-13.92,-27.01,-18.1,-17.5,1,2667
2.0,2553.259751,180.26,1.41,-15.95,-27.03,-19.02,-18.25,1,2531
2.0,2553.269751,181.14,1.42,-16.51,-27.03,-19.65,-19.0,1,3428
2.0,2553.279751,182.2,1.44,-16.39,-27.03,-19.96,-20.25,1,3300
2.0,2553.289751,182.81,1.4,-17.36,-27.04,-19.96,-20.75,1,3173
2.0,2553.299751,182.81,1.37,-18.63,-27.06,-19.65,-20.5,1,3063
2.0,2553.309751,182.64,1.38,-18.45,-27.05,-19.02,-19.75,1,2927
2.0,2553.319751,181.76,1.4,-17.55,-27.03,-18.1,-18.25,1,2799
2.0,2553.329751,180.88,1.43,-16.27,-26.94,-16.89,-17.25,1,2672
2.0,2553.339751,179.82,1.47,-14.15,-26.83,-15.41,-16.25,1,2536
2.0,2553.349750,178.15,1.48,-13.22,-26.87,-13.69,-14.25,1,3424
2.0,2553.359750,176.31,1.51,-11.66,-26.86,-11.76,-12.25,1,3305
2.0,2553.369750,174.64,1.57,-9.13,-26.82,-9.64,-10.75,1,3177
2.0,2553.379750,172.79,1.61,-7.03,-26.77,-7.36,-9.0,1,3059
2.0,2553.389750,170.51,1.63,-5.59,-26.78,-4.97,-6.75,1,2923
2.0,2553.399750,167.61,1.67,-3.58,-26.75,-2.51,-4.0,1,2795
2.0,2553.409751,164.88,1.75,-0.55,-26.69,0.0,-1.25,1,2659
2.0,2553.419750,162.42,1.83,2.72,-26.62,2.51,1.25,1,2532
2.0,2553.429750,160.05,1.88,5.49,-26.58,4.97,3.75,1,3428
2.0,2553.439750,157.15,1.94,7.46,-26.52,7.36,6.5,1,3301
2.0,2553.449750,154.16,2.02,9.99,-26.46,9.64,9.5,1,3173
2.0,2553.459750,151.52,2.11,13.27,-26.38,11.76,12.0,1,3054
2.0,2553.469750,149.33,2.19,16.24,-26.32,13.69,14.25,1,2927
2.0,2553.479751,147.66,2.25,18.25,-26.26,15.41,15.75,1,2791
2.0,2553.489751,146.78,2.3,19.72,-26.21,16.89,16.75,1,2663
2.0,2553.499751,146.07,2.32,20.28,-26.21,18.1,17.25,1,2536
2.0,2553.509751,145.02,2.31,20.13,-26.21,19.02,18.25,1,3424
2.0,2553.519751,143.7,2.33,20.76,-26.17,19.65,19.5,1,3305
2.0,2553.529751,142.73,2.37,22.09,-26.14,19.96,20.75,1,3178
2.0,2553.539751,141.94,2.44,23.63,-26.08,19.96,21.25,1,3059
2.0,2553.549751,141.94,2.46,24.2,-26.07,19.65,20.75,1,2923
2.0,2553.559751,142.56,2.46,24.29,-26.06,19.02,20.0,1,2796
2.0,2553.569751,143.09,2.41,23.18,-26.13,18.1,19.5,1,2659
2.0,2553.579751,143.79,2.37,22.05,-26.17,16.89,18.75,1,2532
2.0,2553.589751,145.02,2.33,21.14,-26.2,15.41,17.25,1,3420
2.0,2553.599750,147.04,2.26,19.88,-26.29,13.69,15.25,1,3301
2.0,2553.609750,149.15,2.2,17.71,-26.36,11.76,13.25,1,3174
2.0,2553.619750,151.17,2.13,15.12,-26.41,9.64,11.0,1,3055
2.0,2553.629750,153.46,2.06,12.63,-26.48,7.36,8.75,1,2919
2.0,2553.639750,155.65,1.99,10.34,-26.55,4.97,6.25,1,2792
2.0,2553.649750,158.03,1.91,7.93,-26.62,2.51,4.0,1,2655
2.0,2553.659751,160.31,1.87,5.69,-26.65,-0.0,1.75,1,2536
2.0,2553.669750,162.95,1.81,3.28,-26.73,-2.51,-1.25,1,3424
2.0,2553.679750,165.59,1.76,0.75,-26.78,-4.97,-3.75,1,3297
2.0,2553.689750,167.52,1.67,-2.38,-26.85,-7.36,-5.75,1,3178
2.0,2553.699750,169.98,1.64,-4.49,-26.88,-9.64,-8.25,1,3060
2.0,2553.709750,172.53,1.63,-6.13,-26.92,-11.76,-10.75,1,2923
2.0,2553.719750,174.73,1.54,-8.92,-26.95,-13.69,-12.75,1,2796
2.0,2553.729751,176.75,1.49,-11.5,-26.98,-15.41,-14.75,1,2660
2.0,2553.739751,178.42,1.48,-13.26,-27.02,-16.89,-16.5,1,2532
2.0,2553.749751,179.91,1.46,-14.69,-27.04,-18.1,-17.75,1,3420
2.0,2553.759751,181.14,1.44,-15.98,-27.05,-19.02,-19.0,1,3301
2.0,2553.769751,182.11,1.41,-16.94,-27.05,-19.65,-20.0,1,3174
2.0,2553.779751,182.64,1.4,-17.79,-27.06,-19.96,-20.5,1,3056
2.0,2553.789751,182.55,1.38,-18.33,-27.07,-19.96,-20.25,1,2919
2.0,2553.799751,182.46,1.38,-17.96,-27.06,-19.65,-19.5,1,2792
2.0,2553.809751,182.11,1.41,-17.18,-27.02,-19.02,-19.0,1,2655
2.0,2553.819751,181.76,1.42,-16.59,-26.97,-18.1,-18.5,1,2528
2.0,2553.829751,181.41,1.43,-15.68,-26.92,-16.89,-17.75,1,3425
2.0,2553.839751,180.26,1.43,-15.21,-26.93,-15.41,-16.5,1,3297
2.0,2553.849750,178.33,1.46,-14.18,-26.91,-13.69,-14.75,1,3170
2.0,2553.859750,176.48,1.51,-12.0,-26.88,-11.76,-12.75,1,3051
2.0,2553.869750,174.64,1.56,-9.28,-26.84,-9.64,-10.75,1,2924
2.0,2553.879750,172.88,1.61,-7.07,-26.79,-7.36,-9.0,1,2788
2.0,2553.889750,170.51,1.64,-5.66,-26.79,-4.97,-6.75,1,2660
2.0,2553.899750,167.87,1.67,-3.59,-26.76,-2.51,-4.0,1,2533
2.0,2553.909751,164.97,1.76,-0.59,-26.7,-0.0,-1.25,1,3420
2.0,2553.919750,162.42,1.83,2.72,-26.64,2.51,1.25,1,3293
2.0,2553.929750,159.96,1.88,5.51,-26.59,4.97,3.75,1,3175
2.0,2553.939750,157.24,1.94,7.5,-26.54,7.36,6.75,1,3056
2.0,2553.949750,154.42,2.02,10.03,-26.47,9.64,9.25,1,2919
2.0,2553.959750,152.58,2.11,13.26,-26.39,11.76,11.0,1,2792
2.0,2553.969750,150.64,2.16,15.41,-26.35,13.69,12.75,1,2656
2.0,2553.979751,148.27,2.19,16.27,-26.33,15.41,15.25,1,2528
2.0,2553.989751,145.81,2.24,18.36,-26.25,16.89,17.75,1,3416
2.0,2553.999751,143.7,2.35,21.15,-26.19,18.1,19.5,1,3298
2.0,2554.009751,142.91,2.44,23.58,-26.1,19.02,20.25,1,3171
2.0,2554.019751,142.82,2.46,24.43,-26.08,19.65,20.5,1,3052
2.0,2554.029751,142.29,2.43,23.73,-26.1,19.96,21.0,1,2915
2.0,2554.039751,141.5,2.4,23.08,-26.13,19.96,21.5,1,2788
2.0,2554.049751,141.42,2.45,23.83,-26.08,19.65,21.25,1,2652
2.0,2554.059751,142.29,2.48,24.48,-26.06,19.02,20.25,1,2533
2.0,2554.069751,143.35,2.42,23.48,-26.14,18.1,19.0,1,3421
2.0,2554.079751,144.4,2.35,21.84,-26.2,16.89,18.0,1,3294
2.0,2554.089751,145.46,2.28,19.96,-26.27,15.41,16.75,1,3175
2.0,2554.099750,147.22,2.27,19.1,-26.28,13.69,15.0,1,3056
2.0,2554.109750,149.24,2.2,17.63,-26.36,11.76,12.75,1,2920
2.0,2554.119750,151.7,2.11,15.14,-26.45,9.64,10.5,1,2792
2.0,2554.129750,153.81,2.04,12.29,-26.51,7.36,8.5,1,2656
2.0,2554.139750,155.65,1.99,9.79,-26.57,4.97,6.5,1,2529
2.0,2554.149750,157.94,1.94,8.05,-26.62,2.51,4.0,1,3417
2.0,2554.159751,160.84,1.86,5.9,-26.68,-0.0,1.0,1,3298
2.0,2554.169750,163.56,1.79,2.91,-26.74,-2.51,-1.5,1,3171
2.0,2554.179750,165.59,1.72,-0.34,-26.81,-4.97,-3.75,1,3052
2.0,2554.189750,168.22,1.68,-2.58,-26.86,-7.36,-6.25,1,2916
2.0,2554.199750,170.68,1.67,-4.31,-26.89,-9.64,-8.75,1,2788
2.0,2554.209750,173.06,1.6,-7.16,-26.94,-11.76,-11.0,1,2652
2.0,2554.219750,174.99,1.53,-9.71,-26.97,-13.69,-13.0,1,2533
2.0,2554.229751,176.66,1.52,-11.54,-26.99,-15.41,-14.75,1,3421
2.0,2554.239751,178.15,1.48,-12.98,-27.02,-16.89,-16.25,1,3294
2.0,2554.249751,179.47,1.46,-14.2,-27.04,-18.1,-17.25,1,3167
2.0,2554.259751,180.7,1.44,-15.33,-27.04,-19.02,-18.75,1,3048
2.0,2554.269751,182.29,1.42,-16.35,-27.04,-19.65,-20.25,1,2920
2.0,2554.279751,183.16,1.4,-17.82,-27.07,-19.96,-21.25,1,2784
2.0,2554.289751,183.34,1.37,-19.28,-27.09,-19.96,-21.25,1,2657
2.0,2554.299751,183.43,1.37,-19.21,-27.08,-19.65,-20.25,1,2529
2.0,2554.309751,182.72,1.38,-18.25,-27.06,-19.02,-19.5,1,3417
2.0,2554.319751,182.55,1.4,-17.16,-26.97,-18.1,-19.25,1,3298
2.0,2554.329751,182.29,1.41,-16.17,-26.89,-16.89,-18.75,1,3171
2.0,2554.339751,181.32,1.4,-16.32,-26.95,-15.41,-17.75,1,3052
2.0,2554.349750,179.65,1.43,-15.48,-26.93,-13.69,-15.75,1,2916
2.0,2554.359750,177.8,1.49,-13.34,-26.88,-11.76,-13.75,1,2789
2.0,2554.369750,175.61,1.54,-10.71,-26.85,-9.64,-11.75,1,2653
2.0,2554.379750,173.32,1.58,-8.3,-26.82,-7.36,-9.25,1,2525
2.0,2554.389750,170.77,1.63,-6.11,-26.78,-4.97,-6.75,1,3422
2.0,2554.399750,168.05,1.69,-3.1,-26.74,-2.51,-4.25,1,3294
2.0,2554.409750,165.15,1.77,-0.37,-26.69,0.0,-1.25,1,3175
2.0,2554.419750,162.51,1.81,2.34,-26.65,2.51,1.25,1,3048
2.0,2554.429750,160.05,1.89,5.54,-26.58,4.97,3.5,1,2912
2.0,2554.439750,157.5,1.95,7.71,-26.52,7.36,6.25,1,2785
2.0,2554.449750,154.69,1.99,9.6,-26.49,9.64,9.0,1,2657
2.0,2554.459750,152.49,2.09,12.67,-26.41,11.76,11.0,1,2530
2.0,2554.469750,151.0,2.16,15.26,-26.35,13.69,12.75,1,3418
2.0,2554.479751,148.71,2.19,16.55,-26.31,15.41,14.75,1,3290
2.0,2554.489751,146.43,2.23,17.85,-26.27,16.89,17.25,1,3180
2.0,2554.499751,144.67,2.33,20.42,-26.19,18.1,18.75,1,3052
2.0,2554.509751,143.7,2.4,22.59,-26.15,19.02,19.25,1,2917
2.0,2554.519751,143.53,2.42,23.41,-26.1,19.65,19.5,1,2789
2.0,2554.529751,143.53,2.4,22.99,-26.12,19.96,19.5,1,2653
2.0,2554.539751,143.53,2.37,22.23,-26.15,19.96,19.75,1,2535
2.0,2554.549751,142.91,2.36,21.93,-26.16,19.65,20.25,1,3413
2.0,2554.559751,142.65,2.38,22.3,-26.14,19.02,20.75,1,3295
2.0,2554.569751,142.65,2.42,23.01,-26.1,18.1,20.0,1,3176
2.0,2554.579751,143.61,2.41,23.02,-26.14,16.89,18.75,1,3048
2.0,2554.589751,145.28,2.35,21.99,-26.18,15.41,17.0,1,2913
2.0,2554.599750,147.3,2.27,19.8,-26.28,13.69,15.0,1,2785
2.0,2554.609750,148.89,2.19,17.12,-26.38,11.76,13.5,1,2649
2.0,2554.619750,150.64,2.14,15.1,-26.41,9.64,11.75,1,2530
2.0,2554.629750,152.84,2.08,13.57,-26.45,7.36,9.25,1,3418
2.0,2554.639750,155.21,1.99,11.51,-26.55,4.97,7.0,1,3291
2.0,2554.649750,157.59,1.93,8.64,-26.61,2.51,4.5,1,3172
2.0,2554.659751,160.31,1.87,6.06,-26.64,0.0,1.75,1,3053
2.0,2554.669750,163.04,1.83,3.51,-26.71,-2.51,-1.25,1,2917
2.0,2554.679750,165.23,1.73,0.33,-26.82,-4.97,-3.25,1,2781
2.0,2554.689750,166.9,1.65,-2.28,-26.83,-7.36,-5.0,1,2654
2.0,2554.699750,169.1,1.66,-3.61,-26.87,-9.64,-7.25,1,2535
2.0,2554.709750,171.74,1.66,-4.9,-26.9,-11.76,-9.75,1,3414
2.0,2554.719750,174.55,1.59,-7.76,-26.94,-13.69,-12.5,1,3286
2.0,2554.729751,176.48,1.51,-10.91,-26.98,-15.41,-14.5,1,3177
2.0,2554.739751,177.89,1.46,-13.46,-27.02,-16.89,-15.75,1,3049
2.0,2554.749751,179.21,1.45,-14.53,-27.03,-18.1,-17.25,1,2913
2.0,2554.759751,180.88,1.45,-15.03,-27.01,-19.02,-18.75,1,2785
2.0,2554.769751,182.29,1.41,-16.44,-27.03,-19.65,-20.25,1,2650
2.0,2554.779751,183.08,1.38,-18.19,-27.07,-19.96,-21.0,1,2548
2.0,2554.789751,183.16,1.37,-19.08,-27.08,-19.96,-20.75,1,3419
2.0,2554.799751,183.08,1.37,-18.83,-27.07,-19.65,-20.25,1,3291
2.0,2554.809751,182.99,1.39,-17.87,-27.03,-19.02,-19.75,1,3172
2.0,2554.819751,182.37,1.39,-17.42,-27.0,-18.1,-19.0,1,3035
2.0,2554.829751,181.23,1.39,-16.7,-26.97,-16.89,-17.75,1,2909
2.0,2554.839751,179.91,1.42,-15.27,-26.92,-15.41,-16.25,1,2781
2.0,2554.849750,178.51,1.48,-13.26,-26.88,-13.69,-14.75,1,2654
2.0,2554.859750,177.1,1.52,-11.46,-26.85,-11.76,-13.25,1,2553
2.0,2554.869750,175.17,1.53,-10.08,-26.86,-9.64,-11.25,1,3415
2.0,2554.879750,172.62,1.56,-8.31,-26.84,-7.36,-8.75,1,3287
2.0,2554.889750,170.07,1.61,-5.56,-26.79,-4.97,-6.25,1,3177
2.0,2554.899750,167.7,1.69,-2.46,-26.74,-2.51,-4.0,1,3041
2.0,2554.909751,165.5,1.75,0.14,-26.69,0.0,-1.75,1,2913
2.0,2554.919750,162.69,1.79,2.01,-26.65,2.51,1.0,1,2786
2.0,2554.929750,159.87,1.85,4.42,-26.62,4.97,3.75,1,2650
2.0,2554.939750,157.5,1.94,7.52,-26.53,7.36,6.25,1,2548
2.0,2554.949750,155.39,2.01,10.25,-26.47,9.64,8.25,1,3410
2.0,2554.959750,153.11,2.06,12.23,-26.42,11.76,10.25,1,3292
2.0,2554.969750,150.56,2.1,14.02,-26.38,13.69,13.0,1,3173
2.0,2554.979751,148.01,2.17,16.31,-26.32,15.41,15.25,1,3035
2.0,2554.989751,146.51,2.28,19.28,-26.23,16.89,17.0,1,2909
2.0,2554.999751,144.93,2.33,21.03,-26.2,18.1,18.25,1,2782
2.0,2555.009751,143.79,2.35,21.82,-26.17,19.02,19.75,1,2646
2.0,2555.019751,143.0,2.38,22.8,-26.11,19.65,20.25,1,2553
2.0,2555.029751,142.91,2.41,23.47,-26.12,19.96,20.5,1,3415
2.0,2555.039751,142.73,2.4,23.37,-26.12,19.96,20.5,1,3287
2.0,2555.049751,142.73,2.37,22.78,-26.15,19.65,20.75,1,3169
2.0,2555.059751,142.82,2.38,22.74,-26.13,19.02,20.25,1,3042
2.0,2555.069751,143.26,2.38,22.6,-26.14,18.1,19.25,1,2914
2.0,2555.079751,144.4,2.36,22.41,-26.15,16.89,18.25,1,2786
2.0,2555.089751,145.63,2.3,21.13,-26.22,15.41,16.75,1,2650
2.0,2555.099750,147.39,2.27,18.99,-26.3,13.69,14.75,1,2549
2.0,2555.109750,149.5,2.19,17.3,-26.36,11.76,12.75,1,3411
2.0,2555.119750,151.26,2.08,14.82,-26.46,9.64,11.0,1,3283
2.0,2555.129750,153.02,2.05,12.68,-26.49,7.36,9.25,1,3164
2.0,2555.139751,155.3,2.0,11.03,-26.53,4.97,6.75,1,3038
2.0,2555.149750,157.94,1.91,8.99,-26.62,2.51,4.25,1,2910
2.0,2555.159751,160.93,1.85,6.04,-26.67,-0.0,1.0,1,2782
2.0,2555.169750,163.83,1.77,2.76,-26.73,-2.51,-1.75,1,2646
2.0,2555.179750,165.85,1.69,-0.68,-26.83,-4.97,-3.75,1,2553
2.0,2555.189750,167.7,1.65,-2.92,-26.86,-7.36,-5.75,1,3415
2.0,2555.199750,170.07,1.65,-4.02,-26.88,-9.64,-8.25,1,3288
2.0,2555.209750,172.62,1.61,-6.06,-26.91,-11.76,-10.75,1,3169
2.0,2555.219750,174.81,1.51,-8.91,-26.94,-13.69,-13.0,1,3033
2.0,2555.229751,176.92,1.48,-11.53,-26.97,-15.41,-14.75,1,2914
2.0,2555.239751,178.51,1.46,-13.26,-27.01,-16.89,-16.5,1,2778
2.0,2555.249751,179.91,1.44,-14.69,-27.04,-18.1,-17.75,1,2650
2.0,2555.259751,181.14,1.42,-15.97,-27.04,-19.02,-19.0,1,2549
2.0,2555.269751,182.11,1.39,-16.93,-27.04,-19.65,-20.0,1,3411
2.0,2555.279751,182.64,1.38,-17.77,-27.06,-19.96,-20.5,1,3284
2.0,2555.289751,182.55,1.36,-18.32,-27.06,-19.96,-20.25,1,3174
2.0,2555.299751,182.46,1.36,-17.94,-27.05,-19.65,-19.5,1,3038
2.0,2555.309751,182.11,1.39,-17.15,-27.01,-19.02,-18.75,1,2910
2.0,2555.319751,181.76,1.4,-16.56,-26.97,-18.1,-18.25,1,2783
2.0,2555.329751,181.58,1.41,-15.62,-26.92,-16.89,-18.0,1,2646
2.0,2555.339751,181.23,1.41,-15.28,-26.93,-15.41,-17.5,1,2545
2.0,2555.349750,180.0,1.41,-15.06,-26.93,-13.69,-16.25,1,3407
2.0,2555.359750,178.15,1.44,-14.07,-26.92,-11.76,-14.25,1,3288
2.0,2555.369750,175.78,1.49,-11.76,-26.87,-9.64,-12.0,1,3170
2.0,2555.379750,173.06,1.55,-8.89,-26.83,-7.36,-9.25,1,3033
2.0,2555.389750,170.24,1.61,-5.72,-26.78,-4.97,-6.25,1,2906
2.0,2555.399750,167.96,1.68,-2.37,-26.74,-2.51,-4.25,1,2778
2.0,2555.409751,166.11,1.76,0.3,-26.68,-0.0,-2.25,1,2642
2.0,2555.419750,163.83,1.78,1.51,-26.66,2.51,-0.25,1,2550
2.0,2555.429750,161.02,1.8,2.93,-26.65,4.97,2.75,1,3411
2.0,2555.439750,158.38,1.87,5.9,-26.58,7.36,5.5,1,3284
2.0,2555.449750,155.74,1.97,9.2,-26.51,9.64,8.0,1,3174
2.0,2555.459750,153.63,2.05,12.16,-26.42,11.76,10.25,1,3039
2.0,2555.469750,151.35,2.1,14.13,-26.38,13.69,12.25,1,2910
2.0,2555.479751,148.62,2.16,15.85,-26.33,15.41,15.0,1,2783
2.0,2555.489751,146.07,2.23,18.18,-26.27,16.89,17.25,1,2647
2.0,2555.499751,144.76,2.33,21.19,-26.17,18.1,18.75,1,2546
2.0,2555.509751,143.88,2.39,22.84,-26.14,19.02,18.75,1,3407
2.0,2555.519751,143.88,2.38,22.74,-26.15,19.65,18.75,1,3280
2.0,2555.529751,143.88,2.35,22.5,-26.15,19.96,18.75,1,3170
2.0,2555.539751,143.61,2.31,21.65,-26.2,19.96,19.75,1,3033
2.0,2555.549751,142.29,2.32,21.52,-26.18,19.65,21.0,1,2906
2.0,2555.559751,141.59,2.38,22.71,-26.13,19.02,21.75,1,2779
2.0,2555.569751,141.42,2.47,24.7,-26.05,18.1,21.5,1,2642
2.0,2555.579751,142.12,2.45,24.83,-26.07,16.89,20.5,1,2550
2.0,2555.589751,143.53,2.4,23.82,-26.11,15.41,19.0,1,3412
2.0,2555.599750,145.37,2.33,22.09,-26.19,13.69,17.0,1,3284
2.0,2555.609750,147.92,2.24,19.16,-26.32,11.76,14.25,1,3166
2.0,2555.619750,150.21,2.15,16.39,-26.4,9.64,12.25,1,3029
2.0,2555.629750,152.14,2.05,13.49,-26.48,7.36,10.25,1,2910
2.0,2555.639750,154.16,2.0,11.55,-26.51,4.97,8.0,1,2775
2.0,2555.649751,156.97,1.98,10.01,-26.56,2.51,5.25,1,2647
2.0,2555.659751,159.96,1.86,7.04,-26.69,0.0,2.0,1,3535
2.0,2555.669751,162.86,1.79,3.68,-26.72,-2.51,-0.75,1,3408
2.0,2555.679750,164.88,1.72,0.27,-26.81,-4.97,-2.75,1,3280
2.0,2555.689750,166.73,1.67,-1.83,-26.83,-7.36,-4.75,1,3170
2.0,2555.699750,169.1,1.68,-3.05,-26.84,-9.64,-7.25,1,3034
2.0,2555.709750,172.09,1.63,-5.17,-26.91,-11.76,-10.25,1,2906
2.0,2555.719750,174.81,1.55,-8.25,-26.94,-13.69,-12.75,1,2779
2.0,2555.729751,176.22,1.49,-11.48,-26.99,-15.41,-14.25,1,2643
2.0,2555.739751,177.28,1.44,-13.36,-27.03,-16.89,-15.25,1,3531
2.0,2555.749751,179.12,1.48,-13.5,-27.01,-18.1,-17.0,1,3403
2.0,2555.759751,180.62,1.46,-14.22,-27.01,-19.02,-18.5,1,3285
2.0,2555.769751,181.14,1.39,-16.33,-27.05,-19.65,-19.0,1,3166
2.0,2555.779751,181.49,1.37,-17.45,-27.06,-19.96,-19.25,1,3030
2.0,2555.789751,182.29,1.42,-16.79,-27.05,-19.96,-20.25,1,2902
2.0,2555.799751,183.08,1.42,-16.81,-27.03,-19.65,-21.0,1,2766
2.0,2555.809751,183.16,1.36,-18.29,-27.07,-19.02,-21.0,1,2639
2.0,2555.819751,183.08,1.34,-18.8,-27.08,-18.1,-20.0,1,3535
2.0,2555.829751,181.85,1.37,-17.86,-27.04,-16.89,-18.5,1,3408
2.0,2555.839751,180.35,1.4,-16.5,-26.96,-15.41,-16.75,1,3281
2.0,2555.849750,178.86,1.45,-13.85,-26.86,-13.69,-15.25,1,3170
2.0,2555.859750,177.28,1.5,-11.71,-26.86,-11.76,-13.75,1,3034
2.0,2555.869750,175.34,1.51,-10.34,-26.86,-9.64,-11.5,1,2907
2.0,2555.879750,172.62,1.55,-8.43,-26.84,-7.36,-8.75,1,2771
2.0,2555.889750,170.33,1.63,-5.5,-26.79,-4.97,-6.5,1,2643
2.0,2555.899751,168.4,1.7,-2.45,-26.73,-2.51,-4.5,1,3531
2.0,2555.909751,165.76,1.74,-0.41,-26.68,-0.0,-2.25,1,3404
2.0,2555.919751,163.04,1.77,1.13,-26.66,2.51,0.75,1,3285
2.0,2555.929750,160.14,1.86,4.16,-26.61,4.97,3.75,1,3166
2.0,2555.939750,157.85,1.93,7.58,-26.53,7.36,6.0,1,3030
2.0,2555.949750,155.92,1.99,10.34,-26.47,9.64,7.75,1,2903
2.0,2555.959750,153.54,2.04,11.65,-26.43,11.76,10.0,1,2767
2.0,2555.969750,150.73,2.07,13.16,-26.41,13.69,12.75,1,2639
2.0,2555.979751,148.1,2.18,16.07,-26.32,15.41,15.25,1,3536
2.0,2555.989751,146.43,2.27,19.33,-26.23,16.89,17.25,1,3408
2.0,2555.999751,144.67,2.33,21.3,-26.17,18.1,18.25,1,3281
2.0,2556.009751,143.96,2.35,22.07,-26.16,19.02,18.75,1,3162
2.0,2556.019751,143.7,2.39,22.96,-26.11,19.65,19.25,1,3026
2.0,2556.029751,143.44,2.37,22.7,-26.14,19.96,20.0,1,2907
2.0,2556.039751,142.38,2.35,22.01,-26.15,19.96,21.0,1,2771
2.0,2556.049751,141.86,2.39,22.78,-26.13,19.65,21.25,1,2644
2.0,2556.059751,141.86,2.46,24.37,-26.05,19.02,21.25,1,3532
2.0,2556.069751,142.47,2.44,24.19,-26.1,18.1,20.0,1,3404
2.0,2556.079751,143.79,2.39,23.23,-26.13,16.89,18.75,1,3277
2.0,2556.089751,145.02,2.33,21.6,-26.2,15.41,17.25,1,3166
2.0,2556.099750,146.95,2.27,19.43,-26.29,13.69,15.25,1,3031
2.0,2556.109750,148.97,2.21,17.74,-26.34,11.76,13.25,1,2903
2.0,2556.119750,151.08,2.1,15.24,-26.45,9.64,11.25,1,2767
2.0,2556.129750,153.54,2.06,12.88,-26.48,7.36,8.5,1,2640
2.0,2556.139750,155.92,1.98,10.44,-26.56,4.97,6.25,1,3528
2.0,2556.149751,157.85,1.88,7.51,-26.66,2.51,4.25,1,3409
2.0,2556.159751,160.05,1.86,5.64,-26.64,0.0,2.0,1,3281
2.0,2556.169751,162.86,1.84,4.12,-26.71,-2.51,-0.75,1,3162
2.0,2556.179750,165.5,1.75,1.18,-26.82,-4.97,-3.75,1,3027
2.0,2556.189750,167.7,1.66,-2.05,-26.83,-7.36,-5.75,1,2899
2.0,2556.199750,169.45,1.62,-4.85,-26.89,-9.64,-7.5,1,2772
2.0,2556.209750,171.56,1.62,-6.02,-26.91,-11.76,-9.75,1,2635
2.0,2556.219750,174.2,1.6,-7.28,-26.94,-13.69,-12.25,1,3532
2.0,2556.229751,176.66,1.53,-10.12,-26.97,-15.41,-14.75,1,3405
2.0,2556.239751,177.8,1.46,-13.14,-27.02,-16.89,-15.75,1,3277
2.0,2556.249751,178.77,1.43,-14.88,-27.05,-18.1,-16.75,1,3167
2.0,2556.259751,180.35,1.46,-14.81,-27.03,-19.02,-18.25,1,3031
2.0,2556.269751,181.76,1.45,-15.36,-27.02,-19.65,-19.5,1,2904
2.0,2556.279751,182.29,1.38,-17.31,-27.06,-19.96,-20.25,1,2768
2.0,2556.289751,182.46,1.37,-18.35,-27.07,-19.96,-20.25,1,2640
2.0,2556.299751,182.46,1.39,-17.92,-27.07,-19.65,-20.0,1,3528
2.0,2556.309751,182.46,1.4,-17.48,-27.05,-19.02,-19.75,1,3400
2.0,2556.319751,182.37,1.4,-16.96,-27.02,-18.1,-19.25,1,3282
2.0,2556.329751,181.49,1.38,-16.89,-27.03,-16.89,-18.25,1,3163
2.0,2556.339751,180.09,1.41,-16.12,-26.98,-15.41,-16.25,1,3027
2.0,2556.349750,178.51,1.46,-13.92,-26.9,-13.69,-14.75,1,2899
2.0,2556.359750,177.36,1.53,-11.46,-26.86,-11.76,-13.5,1,2772
2.0,2556.369750,175.52,1.55,-9.99,-26.82,-9.64,-11.75,1,2636
2.0,2556.379750,173.23,1.55,-8.82,-26.81,-7.36,-9.25,1,3533
2.0,2556.389750,170.6,1.62,-6.29,-26.79,-4.97,-6.75,1,3405
2.0,2556.399751,168.31,1.7,-3.33,-26.74,-2.51,-4.25,1,3277
3.0,2558.429750,165.76,1.69,-2.11,-26.74,3.75,-2.25,1,2878
3.0,2558.439750,161.63,1.79,1.93,-26.67,7.36,2.0,1,2751
3.0,2558.449750,157.32,1.89,6.27,-26.58,10.72,6.25,1,3639
3.0,2558.459750,153.02,2.01,10.81,-26.47,13.69,10.5,1,3511
3.0,2558.469751,149.33,2.15,15.43,-26.35,16.18,14.0,1,3392
3.0,2558.479751,147.22,2.26,19.4,-26.23,18.1,16.0,1,3274
3.0,2558.489751,145.55,2.34,21.31,-26.19,19.37,17.75,1,3138
3.0,2558.499751,143.44,2.32,21.71,-26.18,19.96,19.75,1,3010
3.0,2558.509751,141.86,2.38,23.05,-26.12,19.84,21.5,1,2874
3.0,2558.519751,140.45,2.49,25.18,-26.04,19.02,22.75,1,2755
3.0,2558.529751,139.92,2.49,26.14,-26.03,17.53,22.75,1,3643
3.0,2558.539751,140.45,2.53,26.53,-25.99,15.41,22.0,1,3516
3.0,2558.549750,141.86,2.49,25.7,-26.05,12.75,20.5,1,3388
3.0,2558.559750,143.88,2.41,23.58,-26.14,9.64,18.5,1,3269
3.0,2558.569750,146.25,2.3,20.89,-26.25,6.18,15.75,1,3134
3.0,2558.579750,149.33,2.17,17.9,-26.36,2.51,12.75,1,3015
3.0,2558.589750,152.67,2.08,14.56,-26.45,-1.26,9.25,1,2878
3.0,2558.599750,156.62,1.98,10.77,-26.55,-4.97,5.5,1,2751
3.0,2558.609750,160.58,1.87,6.57,-26.65,-8.52,1.25,1,3639
3.0,2558.619750,165.06,1.77,2.18,-26.76,-11.76,-3.0,1,3512
3.0,2558.629751,169.63,1.67,-2.33,-26.85,-14.58,-7.75,1,3384
3.0,2558.639751,173.76,1.58,-7.07,-26.92,-16.89,-11.75,1,3265
3.0,2558.649751,176.48,1.48,-11.73,-27.0,-18.6,-14.5,1,3138
3.0,2558.659751,178.59,1.42,-14.85,-27.04,-19.65,-16.5,1,3011
3.0,2558.669751,180.0,1.43,-15.93,-27.05,-20.0,-17.75,1,2875
3.0,2558.679751,180.35,1.42,-16.45,-27.04,-19.65,-18.0,1,2747
3.0,2558.689751,180.26,1.39,-16.55,-27.04,-18.6,-17.75,1,3644
3.0,2558.699751,179.91,1.41,-15.53,-27.01,-16.89,-16.5,1,3516
3.0,2558.709751,178.33,1.44,-14.53,-26.98,-14.58,-14.75,1,3389
3.0,2558.719750,176.57,1.48,-12.84,-26.9,-11.76,-12.75,1,3270
3.0,2558.729750,174.55,1.53,-9.68,-26.8,-8.52,-10.75,1,3134
3.0,2558.739750,172.0,1.59,-7.51,-26.8,-4.97,-8.25,1,3015
3.0,2558.749750,169.01,1.62,-5.24,-26.79,-1.26,-5.25,1,2879
3.0,2558.759750,165.5,1.69,-1.94,-26.74,2.51,-2.0,1,2752
3.0,2558.769750,161.89,1.78,1.8,-26.68,6.18,1.75,1,3639
3.0,2558.779750,157.76,1.88,5.87,-26.59,9.64,5.75,1,3512
3.0,2558.789750,153.46,1.99,10.06,-26.49,12.75,10.25,1,3384
3.0,2558.799751,149.33,2.12,14.58,-26.37,15.41,14.0,1,3266
3.0,2558.809751,146.78,2.26,19.16,-26.23,17.53,16.5,1,3130
3.0,2558.819751,145.02,2.38,22.03,-26.16,19.02,18.25,1,3011
3.0,2558.829751,143.35,2.36,22.61,-26.17,19.84,19.75,1,2875
3.0,2558.839751,142.21,2.37,23.4,-26.1,19.96,21.0,1,2748
3.0,2558.849751,141.06,2.44,24.49,-26.06,19.37,21.75,1,3644
3.0,2558.859751,140.89,2.47,25.12,-26.05,18.1,21.75,1,3508
3.0,2558.869751,141.68,2.49,25.57,-26.03,16.18,20.75,1,3389
3.0,2558.879750,143.09,2.44,24.39,-26.1,13.69,19.25,1,3270
3.0,2558.889750,145.28,2.35,21.94,-26.21,10.72,17.0,1,3134
3.0,2558.899750,147.83,2.23,19.34,-26.31,7.36,14.25,1,3007
3.0,2558.909750,150.91,2.15,16.34,-26.39,3.75,11.25,1,2879
3.0,2558.919751,154.25,2.04,12.99,-26.49,-0.0,7.75,1,2753
3.0,2558.929750,158.2,1.92,9.15,-26.6,-3.75,4.0,1,3640
3.0,2558.939750,162.16,1.82,5.07,-26.69,-7.36,-0.25,1,3513
3.0,2558.949750,166.55,1.74,0.84,-26.78,-10.72,-4.5,1,3385
3.0,2558.959750,171.12,1.64,-3.69,-26.88,-13.69,-9.0,1,3266
3.0,2558.969751,175.25,1.56,-8.5,-26.94,-16.18,-13.0,1,3130
3.0,2558.979751,177.98,1.46,-13.07,-27.0,-18.1,-15.75,1,3012
3.0,2558.989751,179.56,1.39,-16.14,-27.05,-19.37,-17.25,1,2875
3.0,2558.999751,180.79,1.4,-17.0,-27.05,-19.96,-18.5,1,2748
3.0,2559.009751,181.85,1.41,-16.96,-27.02,-19.84,-19.5,1,3636
3.0,2559.019751,182.02,1.39,-17.31,-27.05,-19.02,-19.5,1,3508
3.0,2559.029751,182.02,1.36,-17.72,-27.05,-17.53,-18.75,1,3381
3.0,2559.039751,180.7,1.39,-16.73,-27.02,-15.41,-17.25,1,3271
3.0,2559.049750,178.77,1.42,-15.34,-26.93,-12.75,-15.25,1,3134
3.0,2559.059750,176.31,1.47,-12.6,-26.84,-9.64,-12.5,1,3007
3.0,2559.069750,173.23,1.55,-9.35,-26.83,-6.18,-9.5,1,2871
3.0,2559.079750,169.98,1.61,-5.99,-26.79,-2.51,-6.25,1,2752
3.0,2559.089751,165.94,1.68,-2.27,-26.74,1.26,-2.25,1,3640
3.0,2559.099750,161.98,1.78,1.71,-26.67,4.97,1.75,1,3513
3.0,2559.109750,157.76,1.89,5.97,-26.58,8.52,6.0,1,3385
3.0,2559.119750,153.72,2.0,10.38,-26.47,11.76,9.75,1,3267
3.0,2559.129751,150.73,2.13,14.81,-26.36,14.58,12.75,1,3130
3.0,2559.139751,148.18,2.22,18.01,-26.27,16.89,15.25,1,3012
3.0,2559.149751,146.07,2.26,19.55,-26.23,18.6,17.25,1,2875
3.0,2559.159751,143.96,2.32,21.37,-26.16,19.65,19.25,1,2748
3.0,2559.169751,142.29,2.36,22.9,-26.14,20.0,20.5,1,3636
3.0,2559.179751,141.77,2.43,24.38,-26.07,19.65,20.75,1,3509
3.0,2559.189751,142.29,2.47,25.25,-26.04,18.6,20.25,1,3390
3.0,2559.199751,143.35,2.42,24.32,-26.09,16.89,19.0,1,3262
3.0,2559.209751,145.02,2.32,22.05,-26.2,14.58,17.25,1,3126
3.0,2559.219751,147.3,2.25,19.78,-26.29,11.76,14.75,1,3008
3.0,2559.229751,150.03,2.17,17.12,-26.36,8.52,12.0,1,2871
3.0,2559.239751,153.37,2.06,14.06,-26.45,4.97,8.75,1,2744
3.0,2559.249751,156.8,1.95,10.46,-26.56,1.26,5.25,1,3640
3.0,2559.259751,160.49,1.87,6.6,-26.65,-2.51,1.5,1,3505
3.0,2559.269751,164.71,1.76,2.58,-26.74,-6.18,-2.75,1,3394
3.0,2559.279751,168.66,1.67,-1.67,-26.82,-9.64,-6.75,1,3267
3.0,2559.289751,172.27,1.58,-6.0,-26.9,-12.75,-10.25,1,3131
3.0,2559.299751,175.34,1.5,-9.85,-26.96,-15.41,-13.25,1,3004
3.0,2559.309751,178.07,1.46,-12.61,-26.98,-17.53,-15.75,1,2876
3.0,2559.319751,180.35,1.42,-14.96,-27.01,-19.02,-18.25,1,2757
3.0,2559.329751,182.02,1.38,-17.03,-27.03,-19.84,-19.75,1,3636
3.0,2559.339751,182.99,1.35,-18.63,-27.04,-19.96,-20.75,1,3509
3.0,2559.349751,183.34,1.34,-19.18,-27.07,-19.37,-21.0,1,3390
3.0,2559.359751,183.25,1.35,-18.79,-27.06,-18.1,-20.5,1,3263
3.0,2559.369751,182.64,1.35,-18.32,-27.04,-16.18,-19.25,1,3127
3.0,2559.379750,180.88,1.38,-17.35,-27.0,-13.69,-17.25,1,3008
3.0,2559.389750,178.86,1.42,-15.37,-26.93,-10.72,-15.0,1,2872
3.0,2559.399750,175.96,1.46,-12.02,-26.85,-7.36,-12.25,1,2753
3.0,2559.409750,172.79,1.54,-8.85,-26.82,-3.75,-9.0,1,3632
3.0,2559.419751,169.1,1.61,-5.17,-26.77,0.0,-5.25,1,3505
3.0,2559.429750,165.15,1.68,-1.38,-26.72,3.75,-1.5,1,3386
3.0,2559.439750,160.84,1.78,2.8,-26.65,7.36,2.75,1,3267
3.0,2559.449750,156.53,1.9,7.19,-26.55,10.72,7.25,1,3131
3.0,2559.459750,152.23,2.02,11.82,-26.44,13.69,11.25,1,3004
3.0,2559.469751,149.59,2.17,16.41,-26.31,16.18,13.75,1,2867
3.0,2559.479751,147.3,2.27,19.56,-26.22,18.1,16.0,1,2758
3.0,2559.489751,144.76,2.28,20.52,-26.22,19.37,18.25,1,3637
3.0,2559.499751,142.91,2.32,22.14,-26.14,19.96,20.25,1,3509
3.0,2559.509751,142.03,2.44,24.47,-26.07,19.84,20.75,1,3391
3.0,2559.519751,141.86,2.45,25.16,-26.08,19.02,20.5,1,3263
3.0,2559.529751,142.82,2.42,24.64,-26.06,17.53,19.5,1,3127
3.0,2559.539751,144.4,2.38,23.3,-26.13,15.41,18.0,1,3008
3.0,2559.549751,146.43,2.28,20.85,-26.26,12.75,15.75,1,2872
3.0,2559.559751,148.89,2.19,18.28,-26.33,9.64,13.25,1,2771
3.0,2559.569751,152.05,2.1,15.34,-26.41,6.18,10.25,1,3632
3.0,2559.579751,155.3,2.0,12.02,-26.52,2.51,6.75,1,3505
3.0,2559.589751,159.08,1.9,8.23,-26.61,-1.26,3.0,1,3386
3.0,2559.599751,163.04,1.8,4.32,-26.7,-4.97,-1.0,1,3259
3.0,2559.609751,167.17,1.71,0.19,-26.78,-8.52,-5.25,1,3131
3.0,2559.619751,171.3,1.62,-4.28,-26.87,-11.76,-9.25,1,3004
3.0,2559.629751,174.73,1.53,-8.79,-26.95,-14.58,-12.75,1,2868
3.0,2559.639751,176.84,1.46,-12.5,-26.99,-16.89,-14.75,1,2775
3.0,2559.649751,178.51,1.43,-14.38,-27.01,-18.6,-16.25,1,3637
3.0,2559.659751,180.7,1.44,-14.84,-27.02,-19.65,-18.25,1,3501
3.0,2559.669751,182.64,1.42,-16.01,-27.01,-20.0,-20.25,1,3391
3.0,2559.679751,183.78,1.35,-18.45,-27.04,-19.65,-21.5,1,3255
3.0,2559.689751,184.39,1.32,-19.93,-27.07,-18.6,-22.0,1,3127
3.0,2559.699751,184.39,1.34,-19.99,-27.07,-16.89,-21.75,1,3000
3.0,2559.709751,184.13,1.33,-19.73,-27.06,-14.58,-20.75,1,2873
3.0,2559.719750,182.81,1.34,-18.84,-27.04,-11.76,-19.25,1,2762
3.0,2559.729750,180.62,1.37,-17.32,-26.96,-8.52,-17.0,1,3633
3.0,2559.739750,177.8,1.44,-14.05,-26.85,-4.97,-14.25,1,3505
3.0,2559.749751,174.64,1.49,-10.85,-26.86,-1.26,-10.75,1,3387
3.0,2559.759750,170.95,1.58,-7.13,-26.8,2.51,-7.25,1,3251
3.0,2559.769750,166.9,1.67,-3.13,-26.74,6.18,-3.25,1,3123
3.0,2559.779750,162.6,1.75,1.14,-26.68,9.64,1.0,1,3004
3.0,2559.789750,158.03,1.86,5.67,-26.59,12.75,5.75,1,2868
3.0,2559.799751,153.54,1.98,10.31,-26.48,15.41,10.0,1,2767
3.0,2559.809751,149.77,2.11,15.07,-26.36,17.53,13.5,1,3629
3.0,2559.819751,147.48,2.25,19.18,-26.23,19.02,15.75,1,3501
3.0,2559.829751,146.07,2.33,21.32,-26.18,19.84,17.25,1,3391
3.0,2559.839751,144.67,2.32,21.75,-26.17,19.96,18.75,1,3255
3.0,2559.849751,143.44,2.32,21.94,-26.15,19.37,19.25,1,3128
3.0,2559.859751,143.17,2.37,22.9,-26.13,18.1,19.5,1,3000
3.0,2559.869751,143.26,2.39,23.56,-26.12,16.18,19.25,1,2864
3.0,2559.879751,144.14,2.36,22.82,-26.13,13.69,18.25,1,2771
3.0,2559.889751,145.72,2.31,21.54,-26.21,10.72,16.5,1,3633
3.0,2559.899751,147.83,2.23,19.49,-26.33,7.36,14.25,1,3506
3.0,2559.909751,150.47,2.17,16.91,-26.35,3.75,11.75,1,3387
3.0,2559.919751,153.63,2.06,13.73,-26.46,0.0,8.5,1,3251
3.0,2559.929751,157.15,1.94,10.27,-26.57,-3.75,4.75,1,3123
3.0,2559.939751,160.93,1.85,6.4,-26.65,-7.36,1.0,1,3005
3.0,2559.949751,165.23,1.77,2.26,-26.74,-10.72,-3.25,1,2869
3.0,2559.959751,169.54,1.67,-2.09,-26.83,-13.69,-7.5,1,2767
3.0,2559.969751,173.94,1.56,-6.69,-26.9,-16.18,-11.75,1,3629
3.0,2559.979751,177.36,1.48,-11.31,-26.97,-18.1,-15.25,1,3502
3.0,2559.989751,179.56,1.41,-15.24,-27.02,-19.37,-17.25,1,3383
3.0,2559.999751,180.53,1.38,-17.21,-27.05,-19.96,-18.25,1,3256
3.0,2560.009751,180.88,1.38,-17.31,-27.04,-19.84,-18.75,1,3128
3.0,2560.019751,180.97,1.4,-16.65,-27.02,-19.02,-18.75,1,3001
3.0,2560.029751,180.97,1.4,-15.95,-27.01,-17.53,-18.25,1,2865
3.0,2560.039751,180.7,1.4,-15.51,-26.99,-15.41,-17.25,1,2772
3.0,2560.049750,179.56,1.41,-15.17,-26.97,-12.75,-16.0,1,3634
3.0,2560.059750,177.8,1.42,-14.1,-26.93,-9.64,-14.0,1,3506
3.0,2560.069750,175.34,1.49,-11.32,-26.82,-6.18,-11.5,1,3387
3.0,2560.079751,172.27,1.55,-8.4,-26.82,-2.51,-8.5,1,3251
3.0,2560.089751,168.75,1.62,-5.09,-26.76,1.26,-5.25,1,3124
3.0,2560.099750,165.06,1.69,-1.28,-26.72,4.97,-1.25,1,3005
3.0,2560.109750,160.93,1.79,2.74,-26.66,8.52,2.75,1,2869
3.0,2560.119750,156.62,1.9,7.09,-26.56,11.76,7.25,1,2767
3.0,2560.129751,152.4,2.02,11.63,-26.45,14.58,11.0,1,3629
3.0,2560.139751,149.5,2.16,16.16,-26.31,16.89,14.0,1,3502
3.0,2560.149751,146.95,2.27,19.37,-26.23,18.6,16.5,1,3383
3.0,2560.159751,144.76,2.29,20.96,-26.2,19.65,18.25,1,3247
3.0,2560.169751,143.7,2.36,22.76,-26.12,20.0,19.25,1,3119
3.0,2560.179751,143.44,2.4,23.61,-26.12,19.65,19.25,1,3001
3.0,2560.189751,144.14,2.37,23.43,-26.12,18.6,18.25,1,2865
3.0,2560.199751,145.2,2.31,22.17,-26.17,16.89,17.25,1,2763
3.0,2560.209751,146.43,2.26,19.96,-26.29,14.58,15.75,1,3634
3.0,2560.219751,148.18,2.24,18.28,-26.32,11.76,14.0,1,3498
3.0,2560.229751,150.56,2.15,16.61,-26.36,8.52,11.5,1,3388
3.0,2560.239751,153.37,2.02,13.92,-26.49,4.97,8.75,1,3252
3.0,2560.249751,156.53,1.96,10.7,-26.54,1.26,5.5,1,3124
3.0,2560.259751,160.05,1.88,7.14,-26.63,-2.51,2.0,1,2997
3.0,2560.269751,164.0,1.77,3.3,-26.74,-6.18,-2.0,1,2870
3.0,2560.279751,168.05,1.68,-0.68,-26.81,-9.64,-6.0,1,2768
3.0,2560.289751,172.44,1.61,-5.0,-26.88,-12.75,-10.25,1,3630
3.0,2560.299751,176.48,1.52,-9.59,-26.95,-15.41,-14.25,1,3502
3.0,2560.309751,179.03,1.42,-13.98,-27.0,-17.53,-16.75,1,3383
3.0,2560.319751,180.35,1.37,-17.01,-27.06,-19.02,-18.25,1,3248
3.0,2560.329751,181.23,1.37,-17.68,-27.06,-19.84,-19.0,1,3120
3.0,2560.339751,182.11,1.38,-17.3,-27.02,-19.96,-19.75,1,3001
3.0,2560.349751,183.25,1.38,-17.13,-27.02,-19.37,-21.0,1,2865
3.0,2560.359751,183.96,1.36,-18.24,-27.04,-18.1,-21.75,1,2764
3.0,2560.369751,183.96,1.32,-19.42,-27.07,-16.18,-21.25,1,3626
3.0,2560.379750,183.52,1.33,-19.24,-27.06,-13.69,-20.25,1,3498
3.0,2560.389750,181.85,1.36,-18.26,-27.03,-10.72,-18.25,1,3379
3.0,2560.399750,179.56,1.39,-16.46,-26.94,-7.36,-16.0,1,3252
3.0,2560.409751,176.66,1.43,-12.97,-26.84,-3.75,-13.0,1,3125
3.0,2560.419751,173.41,1.5,-9.67,-26.85,0.0,-9.75,1,2997
3.0,2560.429751,169.72,1.59,-5.94,-26.79,3.75,-6.0,1,2861
3.0,2560.439750,165.76,1.69,-1.96,-26.72,7.36,-2.0,1,2768
3.0,2560.449750,161.28,1.77,2.36,-26.66,10.72,2.25,1,3630
3.0,2560.459750,156.71,1.88,6.89,-26.56,13.69,6.75,1,3503
3.0,2560.469751,152.14,2.0,11.59,-26.45,16.18,11.25,1,3384
3.0,2560.479751,148.54,2.15,16.37,-26.31,18.1,14.75,1,3248
3.0,2560.489751,146.25,2.28,20.48,-26.19,19.37,17.25,1,3120
3.0,2560.499751,144.32,2.35,22.53,-26.15,19.96,18.25,1,3002
3.0,2560.509751,143.7,2.36,23.05,-26.13,19.84,18.75,1,2866
3.0,2560.519751,143.53,2.35,23.3,-26.12,19.02,19.0,1,3754
3.0,2560.529751,143.79,2.34,22.82,-26.13,17.53,18.75,1,3626
3.0,2560.539751,144.4,2.32,21.91,-26.17,15.41,18.0,1,3498
3.0,2560.549751,145.55,2.3,20.96,-26.24,12.75,16.75,1,3380
3.0,2560.559751,147.3,2.28,19.85,-26.26,9.64,15.0,1,3244
3.0,2560.569751,149.77,2.15,17.68,-26.37,6.18,12.5,1,3125
3.0,2560.579751,152.49,2.09,14.93,-26.43,2.51,9.75,1,2997
3.0,2560.589751,155.74,1.99,11.67,-26.52,-1.26,6.25,1,2862
3.0,2560.599751,159.35,1.88,7.96,-26.61,-4.97,2.75,1,3750
3.0,2560.609751,163.3,1.79,4.08,-26.71,-8.52,-1.25,1,3631
3.0,2560.619751,167.61,1.69,-0.01,-26.79,-11.76,-5.5,1,3503
3.0,2560.629751,171.91,1.61,-4.48,-26.87,-14.58,-10.0,1,3384
3.0,2560.639751,176.13,1.52,-9.24,-26.95,-16.89,-13.75,1,3248
3.0,2560.649751,178.68,1.43,-13.76,-27.0,-18.6,-16.5,1,3121
3.0,2560.659751,180.35,1.36,-16.79,-27.05,-19.65,-18.0,1,2985
3.0,2560.669751,181.05,1.37,-17.57,-27.06,-20.0,-18.75,1,2867
3.0,2560.679751,181.76,1.39,-17.28,-27.03,-19.65,-19.5,1,3754
3.0,2560.689751,182.11,1.39,-17.01,-27.03,-18.6,-20.0,1,3626
3.0,2560.699751,182.2,1.37,-17.28,-27.03,-16.89,-20.0,1,3499
3.0,2560.709751,182.11,1.36,-17.3,-27.04,-14.58,-19.25,1,3380
3.0,2560.719750,181.14,1.36,-16.93,-27.03,-11.76,-17.75,1,3244
3.0,2560.729750,179.12,1.38,-15.66,-26.94,-8.52,-15.25,1,3117
3.0,2560.739750,176.48,1.44,-13.06,-26.84,-4.97,-12.75,1,2989
3.0,2560.749751,173.41,1.52,-9.73,-26.83,-1.26,-9.75,1,2862
3.0,2560.759751,169.8,1.58,-6.12,-26.8,2.51,-6.25,1,3750
3.0,2560.769750,165.94,1.67,-2.25,-26.73,6.18,-2.25,1,3622
3.0,2560.779750,161.81,1.76,1.91,-26.67,9.64,2.0,1,3495
3.0,2560.789750,157.15,1.87,6.36,-26.57,12.75,6.25,1,3376
3.0,2560.799751,152.4,1.99,10.97,-26.46,15.41,11.0,1,3249
3.0,2560.809751,148.01,2.13,15.76,-26.34,17.53,15.25,1,3121
3.0,2560.819751,145.37,2.28,20.66,-26.18,19.02,18.0,1,2985
3.0,2560.829751,143.09,2.41,23.8,-26.09,19.84,19.75,1,2858
3.0,2560.839751,142.21,2.42,24.63,-26.08,19.96,20.5,1,3754
3.0,2560.849751,141.59,2.42,25.27,-26.05,19.37,21.0,1,3627
3.0,2560.859751,141.77,2.43,25.23,-26.04,18.1,20.75,1,3499
3.0,2560.869751,142.91,2.41,24.46,-26.07,16.18,19.5,1,3380
3.0,2560.879751,144.58,2.35,22.66,-26.18,13.69,17.75,1,3245
3.0,2560.889751,146.87,2.28,20.49,-26.25,10.72,15.5,1,3117
3.0,2560.899751,149.5,2.15,17.81,-26.34,7.36,12.75,1,2981
3.0,2560.909751,152.58,2.09,14.78,-26.43,3.75,9.5,1,2862
3.0,2560.919751,156.09,1.99,11.33,-26.53,0.0,6.0,1,3750
3.0,2560.929751,159.79,1.86,7.42,-26.62,-3.75,2.25,1,3623
3.0,2560.939751,164.0,1.77,3.34,-26.72,-7.36,-2.0,1,3495
3.0,2560.949751,168.4,1.68,-0.86,-26.81,-10.72,-6.25,1,3376
3.0,2560.959751,172.53,1.59,-5.4,-26.89,-13.69,-10.5,1,3240
3.0,2560.969751,176.04,1.5,-10.05,-26.96,-16.18,-13.75,1,3122
3.0,2560.979751,178.07,1.42,-13.78,-27.0,-18.1,-16.0,1,2985
3.0,2560.989751,179.56,1.4,-15.65,-27.03,-19.37,-17.25,1,2858
3.0,2560.999751,180.97,1.4,-16.11,-27.02,-19.96,-18.75,1,3754
3.0,2561.009751,182.29,1.39,-16.49,-27.0,-19.84,-20.0,1,3627
3.0,2561.019751,182.9,1.36,-17.75,-27.05,-19.02,-20.75,1,3500
3.0,2561.029751,183.08,1.33,-18.64,-27.06,-17.53,-20.75,1,3381
3.0,2561.039751,183.16,1.35,-18.27,-27.05,-15.41,-20.0,1,3245
3.0,2561.049750,182.11,1.35,-17.83,-27.03,-12.75,-18.75,1,3117
3.0,2561.059750,180.26,1.37,-16.65,-26.96,-9.64,-16.75,1,2981
3.0,2561.069750,177.71,1.43,-14.24,-26.87,-6.18,-14.0,1,2862
3.0,2561.079751,174.81,1.51,-10.93,-26.84,-2.51,-11.0,1,3750
3.0,2561.089751,171.3,1.57,-7.46,-26.81,1.26,-7.5,1,3623
3.0,2561.099750,167.34,1.65,-3.61,-26.74,4.97,-3.75,1,3495
3.0,2561.109750,163.12,1.74,0.45,-26.68,8.52,0.5,1,3377
3.0,2561.119750,158.73,1.84,4.89,-26.61,11.76,4.75,1,3241
3.0,2561.129751,154.07,1.95,9.51,-26.5,14.58,9.5,1,3113
3.0,2561.139751,149.77,2.08,14.29,-26.38,16.89,13.5,1,2986
3.0,2561.149751,146.95,2.25,19.1,-26.23,18.6,16.25,1,2858
3.0,2561.159751,144.84,2.36,22.27,-26.14,19.65,18.0,1,3746
3.0,2561.169751,143.96,2.37,23.08,-26.13,20.0,18.75,1,3619
3.0,2561.179751,143.88,2.36,23.55,-26.11,19.65,18.75,1,3491
3.0,2561.189751,143.88,2.35,23.0,-26.13,18.6,18.75,1,3381
3.0,2561.199751,143.88,2.3,21.79,-26.18,16.89,18.75,1,3245
3.0,2561.209751,144.14,2.31,21.6,-26.18,14.58,18.25,1,3118
3.0,2561.219751,144.93,2.32,21.44,-26.19,11.76,17.25,1,2982
3.0,2561.229751,146.6,2.27,20.58,-26.25,8.52,15.5,1,2863
3.0,2561.239751,148.71,2.19,18.57,-26.34,4.97,13.25,1,3751
3.0,2561.249751,151.61,2.12,15.91,-26.4,1.26,10.5,1,3623
3.0,2561.259751,154.86,2.02,12.69,-26.5,-2.51,7.25,1,3496
3.0,2561.269751,158.47,1.91,9.07,-26.59,-6.18,3.75,1,3377
3.0,2561.279751,162.25,1.82,5.17,-26.68,-9.63,-0.25,1,3241
3.0,2561.289751,166.46,1.72,1.02,-26.76,-12.75,-4.5,1,3114
3.0,2561.299751,170.95,1.62,-3.44,-26.86,-15.41,-9.0,1,2977
3.0,2561.309751,175.08,1.54,-8.19,-26.93,-17.53,-13.0,1,2859
3.0,2561.319751,177.71,1.45,-12.74,-26.99,-19.02,-15.75,1,3747
3.0,2561.329751,179.38,1.37,-15.76,-27.04,-19.84,-17.0,1,3619
3.0,2561.339751,180.18,1.38,-16.56,-27.04,-19.96,-17.75,1,3492
3.0,2561.349751,180.7,1.39,-16.3,-27.01,-19.37,-18.5,1,3373
3.0,2561.359751,180.88,1.4,-15.99,-27.02,-18.1,-18.75,1,3237
3.0,2561.369751,180.88,1.39,-16.12,-27.03,-16.18,-18.0,1,3118
3.0,2561.379750,180.18,1.39,-15.7,-27.01,-13.69,-16.75,1,2982
3.0,2561.389750,178.33,1.42,-14.67,-26.95,-10.72,-14.75,1,2855
3.0,2561.399750,175.96,1.47,-12.48,-26.86,-7.36,-12.25,1,3751
3.0,2561.409751,173.06,1.53,-9.09,-26.8,-3.75,-9.25,1,3624
3.0,2561.419751,169.63,1.6,-5.8,-26.78,0.0,-5.75,1,3496
3.0,2561.429751,165.67,1.67,-2.06,-26.73,3.75,-2.25,1,3377
3.0,2561.439750,161.63,1.78,1.99,-26.67,7.36,2.0,1,3241
3.0,2561.449750,157.41,1.89,6.25,-26.57,10.72,6.25,1,3114
3.0,2561.459750,153.11,2.0,10.71,-26.47,13.69,10.25,1,2978
3.0,2561.469751,149.5,2.13,15.29,-26.35,16.18,13.75,1,2859
3.0,2561.479751,147.39,2.25,19.28,-26.23,18.1,15.75,1,3747
3.0,2561.489751,145.81,2.32,21.15,-26.19,19.37,17.75,1,3620
3.0,2561.499751,143.35,2.31,21.52,-26.18,19.96,19.25,1,3492
3.0,2561.509751,143.0,2.35,22.85,-26.12,19.84,19.75,1,3373
3.0,2561.519751,142.91,2.44,24.37,-26.07,19.02,19.75,1,3237
3.0,2561.529751,143.09,2.38,23.49,-26.14,17.53,19.25,1,3110
3.0,2561.539751,143.96,2.34,22.59,-26.14,15.41,18.25,1,2982
3.0,2561.549751,145.55,2.33,21.72,-26.2,12.75,16.75,1,2855
3.0,2561.559751,147.66,2.23,19.62,-26.33,9.64,14.5,1,3743
3.0,2561.569751,150.38,2.17,17.08,-26.35,6.18,11.75,1,3624
3.0,2561.579751,153.46,2.06,13.96,-26.45,2.51,8.75,1,3497
3.0,2561.589751,156.97,1.95,10.45,-26.57,-1.26,5.25,1,3378
3.0,2561.599751,160.66,1.86,6.59,-26.64,-4.97,1.25,1,3242
3.0,2561.609751,164.79,1.76,2.49,-26.74,-8.52,-2.75,1,3114
3.0,2561.619751,169.1,1.67,-1.81,-26.83,-11.76,-7.25,1,2978
3.0,2561.629751,173.14,1.58,-6.32,-26.9,-14.58,-11.0,1,2859
3.0,2561.639751,176.22,1.49,-10.82,-26.98,-16.89,-14.0,1,3747
3.0,2561.649751,178.77,1.43,-13.97,-27.01,-18.6,-16.75,1,3620
3.0,2561.659751,180.7,1.42,-15.66,-27.04,-19.65,-18.25,1,3501
3.0,2561.669751,181.85,1.38,-17.36,-27.05,-20.0,-19.5,1,3375
3.0,2561.679751,182.37,1.36,-18.17,-27.05,-19.65,-20.25,1,3237
3.0,2561.689751,182.29,1.37,-18.13,-27.05,-18.6,-19.75,1,3110
3.0,2561.699751,182.02,1.36,-17.65,-27.05,-16.89,-18.75,1,2982
3.0,2561.709751,180.62,1.39,-16.77,-27.01,-14.58,-17.0,1,2864
3.0,2561.719750,178.42,1.42,-15.16,-26.93,-11.76,-14.75,1,3743
3.0,2561.729750,175.69,1.49,-11.78,-26.81,-8.52,-12.0,1,3616
3.0,2561.739750,172.53,1.54,-8.59,-26.83,-4.97,-8.75,1,3505
3.0,2561.749751,168.75,1.62,-5.04,-26.77,-1.26,-5.25,1,3369
3.0,2561.759751,165.06,1.71,-1.26,-26.73,2.51,-1.25,1,3233
3.0,2561.769750,160.75,1.8,2.87,-26.66,6.18,2.75,1,3115
3.0,2561.779750,156.45,1.92,7.2,-26.56,9.63,7.25,1,2978
3.0,2561.789750,152.4,2.03,11.73,-26.44,12.75,11.25,1,2859
3.0,2561.799751,149.68,2.17,16.25,-26.32,15.41,13.75,1,3747
3.0,2561.809751,147.39,2.29,19.35,-26.23,17.53,16.0,1,3620
3.0,2561.819751,144.93,2.29,20.28,-26.22,19.02,18.25,1,3501
3.0,2561.829751,143.35,2.33,21.84,-26.15,19.84,19.75,1,3374
3.0,2561.839751,142.29,2.43,23.97,-26.09,19.96,20.75,1,3238
3.0,2561.849751,141.33,2.43,24.53,-26.11,19.37,21.25,1,3111
3.0,2561.859751,141.33,2.43,24.77,-26.05,18.1,21.0,1,2974
3.0,2561.869751,142.38,2.46,24.97,-26.06,16.18,19.75,1,2864
3.0,2561.879751,144.05,2.38,23.46,-26.17,13.69,18.25,1,3743
3.0,2561.889751,146.07,2.3,21.01,-26.24,10.72,16.0,1,3616
3.0,2561.899751,148.8,2.18,18.36,-26.34,7.36,13.25,1,3497
3.0,2561.909751,152.05,2.1,15.35,-26.42,3.75,10.0,1,3370
3.0,2561.919751,155.48,2.01,11.86,-26.52,0.0,6.5,1,3234
3.0,2561.929751,159.35,1.9,7.92,-26.62,-3.75,2.75,1,3106
3.0,2561.939751,163.48,1.8,3.87,-26.71,-7.36,-1.25,1,2979
3.0,2561.949751,167.7,1.71,-0.34,-26.8,-10.72,-5.75,1,2877
3.0,2561.959751,171.91,1.62,-4.89,-26.89,-13.69,-10.0,1,3739
3.0,2561.969751,175.43,1.52,-9.56,-26.97,-16.18,-13.25,1,3612
3.0,2561.979751,177.89,1.45,-13.35,-27.01,-18.1,-15.75,1,3502
3.0,2561.989751,180.18,1.42,-15.47,-27.03,-19.37,-18.0,1,3374
3.0,2561.999751,181.67,1.4,-16.76,-27.03,-19.96,-19.25,1,3238
3.0,2562.009751,182.11,1.36,-18.05,-27.05,-19.84,-19.75,1,3111
3.0,2562.019751,182.11,1.35,-18.34,-27.07,-19.02,-19.75,1,2974
3.0,2562.029751,182.11,1.39,-17.35,-27.03,-17.53,-19.25,1,2882
3.0,2562.039751,181.49,1.39,-16.52,-27.01,-15.41,-18.25,1,3743
3.0,2562.049750,180.0,1.4,-16.11,-27.0,-12.75,-16.25,1,3616
3.0,2562.059750,177.71,1.45,-14.3,-26.9,-9.64,-14.0,1,3498
3.0,2562.069750,174.9,1.5,-10.97,-26.81,-6.18,-11.0,1,3361
3.0,2562.079751,171.56,1.58,-7.81,-26.82,-2.51,-7.75,1,3234
3.0,2562.089751,167.96,1.64,-4.15,-26.76,1.26,-4.25,1,3107
3.0,2562.099750,164.0,1.73,-0.27,-26.7,4.97,-0.25,1,2979
3.0,2562.109750,159.79,1.83,3.95,-26.63,8.52,4.0,1,2878
3.0,2562.119750,155.13,1.93,8.36,-26.53,11.76,8.25,1,3739
3.0,2562.129751,151.0,2.07,12.89,-26.41,14.58,12.25,1,3612
3.0,2562.139751,148.27,2.21,17.51,-26.28,16.89,15.0,1,3502
3.0,2562.149751,146.43,2.31,20.66,-26.2,18.6,17.0,1,3357
3.0,2562.159751,144.67,2.32,21.54,-26.18,19.65,18.5,1,3230
3.0,2562.169751,143.35,2.32,22.31,-26.14,20.0,19.75,1,3111
3.0,2562.179751,142.65,2.39,23.34,-26.11,19.65,20.0,1,2975
3.0,2562.189751,142.47,2.4,23.88,-26.11,18.6,20.0,1,2874
3.0,2562.199751,142.91,2.4,23.76,-26.09,16.89,19.25,1,3744
3.0,2562.209751,144.23,2.37,22.95,-26.14,14.58,18.0,1,3617
3.0,2562.219751,145.99,2.29,21.14,-26.26,11.76,16.25,1,3498
3.0,2562.229751,148.54,2.21,18.85,-26.31,8.52,13.75,1,3362
3.0,2562.239751,151.26,2.12,16.05,-26.4,4.97,10.75,1,3234
3.0,2562.249751,154.69,2.03,12.83,-26.5,1.26,7.5,1,3107
3.0,2562.259751,158.2,1.93,9.08,-26.59,-2.51,3.75,1,2971
3.0,2562.269751,162.25,1.84,5.11,-26.68,-6.18,-0.25,1,2878
3.0,2562.279751,166.46,1.72,1.0,-26.77,-9.63,-4.5,1,3740
3.0,2562.289751,170.95,1.62,-3.46,-26.86,-12.75,-9.0,1,3613
3.0,2562.299751,175.08,1.54,-8.21,-26.93,-15.41,-12.75,1,3494
3.0,2562.309751,177.71,1.44,-12.76,-26.99,-17.53,-15.5,1,3357
3.0,2562.319751,179.3,1.37,-15.82,-27.04,-19.02,-17.0,1,3230
3.0,2562.329751,180.53,1.37,-16.68,-27.04,-19.84,-18.25,1,3111
3.0,2562.339751,181.93,1.39,-16.63,-27.01,-19.96,-19.75,1,2975
3.0,2562.349751,183.08,1.38,-17.16,-27.03,-19.37,-20.75,1,2874
3.0,2562.359751,183.69,1.34,-18.59,-27.05,-18.1,-21.25,1,3744
3.0,2562.369751,183.6,1.33,-19.27,-27.07,-16.18,-21.0,1,3617
3.0,2562.379750,183.16,1.34,-18.98,-27.06,-13.69,-19.75,1,3490
3.0,2562.389750,181.58,1.38,-17.99,-27.03,-10.72,-17.75,1,3362
3.0,2562.399750,179.21,1.42,-16.1,-26.94,-7.36,-15.5,1,3234
3.0,2562.409751,176.4,1.48,-12.58,-26.84,-3.75,-12.5,1,3107
4.0,2564.439750,168.75,1.57,-5.23,-26.75,3.96,-5.25,1,3723
4.0,2564.449750,165.23,1.64,-1.75,-26.72,7.67,-1.75,1,3604
4.0,2564.459750,161.19,1.72,2.08,-26.66,10.9,2.25,1,3476
4.0,2564.469751,157.06,1.81,6.36,-26.58,13.44,6.5,1,3349
4.0,2564.479751,152.67,1.94,10.77,-26.48,15.14,10.25,1,3213
4.0,2564.489751,150.29,2.1,15.41,-26.35,15.89,12.75,1,3085
4.0,2564.499751,148.45,2.2,18.77,-26.25,15.64,14.0,1,2984
4.0,2564.509751,148.01,2.22,19.54,-26.23,14.4,14.5,1,3846
4.0,2564.519751,148.18,2.19,19.43,-26.23,12.27,14.25,1,3727
4.0,2564.529750,148.54,2.16,18.28,-26.29,9.36,14.0,1,3608
4.0,2564.539750,149.5,2.14,17.15,-26.33,5.86,12.75,1,3472
4.0,2564.549750,151.08,2.12,16.14,-26.38,2.0,11.0,1,3345
4.0,2564.559750,153.63,2.01,13.99,-26.47,-2.0,8.75,1,3217
4.0,2564.569750,156.53,1.94,11.13,-26.53,-5.86,5.75,1,3081
4.0,2564.579750,159.87,1.85,7.77,-26.62,-9.36,2.25,1,2980
4.0,2564.589751,163.65,1.77,4.03,-26.7,-12.27,-1.25,1,3850
4.0,2564.599751,167.7,1.68,0.09,-26.77,-14.4,-5.5,1,3723
4.0,2564.609751,171.3,1.59,-4.24,-26.86,-15.64,-9.25,1,3604
4.0,2564.619751,173.85,1.49,-8.55,-26.94,-15.89,-11.5,1,3468
4.0,2564.629751,174.9,1.43,-11.32,-26.96,-15.14,-12.75,1,3341
4.0,2564.639751,175.17,1.45,-11.87,-26.96,-13.44,-12.75,1,3213
4.0,2564.649750,175.17,1.46,-11.26,-26.95,-10.9,-12.25,1,3086
4.0,2564.659750,174.2,1.47,-10.03,-26.92,-7.67,-10.75,1,2984
4.0,2564.669750,172.35,1.49,-8.85,-26.86,-3.96,-8.75,1,3846
4.0,2564.679751,169.89,1.53,-6.66,-26.79,0.0,-6.25,1,3728
4.0,2564.689750,166.82,1.58,-3.12,-26.73,3.96,-3.25,1,3609
4.0,2564.699750,163.3,1.66,0.23,-26.69,7.67,0.25,1,3472
4.0,2564.709750,159.52,1.76,4.0,-26.61,10.9,4.25,1,3345
4.0,2564.719751,155.13,1.88,8.23,-26.53,13.44,8.25,1,3218
4.0,2564.729751,151.26,2.01,12.59,-26.43,15.14,12.0,1,3082
4.0,2564.739751,148.8,2.16,16.95,-26.29,15.89,14.25,1,2980
4.0,2564.749751,146.87,2.26,20.02,-26.21,15.64,15.75,1,3842
4.0,2564.759751,146.34,2.26,20.88,-26.2,14.4,16.25,1,3723
4.0,2564.769751,146.07,2.23,21.0,-26.19,12.27,16.5,1,3605
4.0,2564.779750,146.51,2.22,20.4,-26.21,9.36,15.75,1,3468
4.0,2564.789750,147.74,2.2,19.42,-26.26,5.86,14.5,1,3341
4.0,2564.799750,149.85,2.16,17.96,-26.34,2.0,12.25,1,3213
4.0,2564.809750,152.4,2.08,15.28,-26.4,-2.0,9.75,1,3078
4.0,2564.819750,155.57,1.95,12.17,-26.5,-5.86,6.75,1,2985
4.0,2564.829750,158.99,1.87,8.59,-26.58,-9.36,3.25,1,3847
4.0,2564.839751,162.95,1.77,4.72,-26.68,-12.27,-0.75,1,3719
4.0,2564.849751,167.17,1.69,0.65,-26.76,-14.4,-5.0,1,3600
4.0,2564.859751,171.3,1.6,-3.84,-26.85,-15.64,-9.25,1,3473
4.0,2564.869751,174.55,1.51,-8.4,-26.93,-15.89,-12.25,1,3345
4.0,2564.879751,176.48,1.43,-12.15,-26.97,-15.14,-14.25,1,3218
4.0,2564.889751,177.45,1.4,-14.06,-26.99,-13.44,-15.25,1,3082
4.0,2564.899750,177.36,1.42,-14.1,-27.0,-10.9,-15.0,1,2981
4.0,2564.909750,177.1,1.43,-13.05,-26.97,-7.67,-13.75,1,3842
4.0,2564.919750,175.52,1.45,-11.93,-26.94,-3.96,-12.25,1,3724
4.0,2564.929751,173.23,1.47,-10.25,-26.85,-0.0,-9.75,1,3605
4.0,2564.939750,170.42,1.54,-6.85,-26.75,3.96,-6.75,1,3469
4.0,2564.949750,166.99,1.6,-3.45,-26.75,7.67,-3.25,1,3341
4.0,2564.959750,163.21,1.7,0.19,-26.68,10.9,0.25,1,3214
4.0,2564.969751,159.08,1.8,4.37,-26.6,13.44,4.5,1,3078
4.0,2564.979751,154.95,1.91,8.75,-26.52,15.14,8.5,1,2985
4.0,2564.989751,151.61,2.04,13.2,-26.41,15.89,11.75,1,3847
4.0,2564.999751,149.41,2.17,16.95,-26.28,15.64,13.75,1,3719
4.0,2565.009751,148.01,2.22,19.01,-26.24,14.4,14.5,1,3601
4.0,2565.019751,147.83,2.22,19.6,-26.23,12.27,14.75,1,3464
4.0,2565.029750,147.92,2.2,19.21,-26.24,9.36,14.5,1,3346
4.0,2565.039750,148.71,2.17,18.25,-26.27,5.86,13.5,1,3209
4.0,2565.049751,150.38,2.14,17.14,-26.33,2.0,11.75,1,3082
4.0,2565.059751,152.58,2.05,14.97,-26.45,-2.0,9.75,1,2981
4.0,2565.069750,155.39,1.97,12.22,-26.49,-5.86,6.75,1,3843
4.0,2565.079750,158.73,1.89,8.9,-26.58,-9.36,3.5,1,3724
4.0,2565.089751,162.33,1.81,5.33,-26.67,-12.27,-0.25,1,3605
4.0,2565.099751,166.2,1.73,1.44,-26.75,-14.4,-4.25,1,3469
4.0,2565.109751,170.51,1.65,-2.88,-26.83,-15.64,-8.5,1,3342
4.0,2565.119751,174.38,1.56,-7.42,-26.9,-15.89,-12.25,1,3214
4.0,2565.129751,176.92,1.46,-11.82,-26.96,-15.14,-14.75,1,3078
4.0,2565.139751,178.15,1.4,-14.74,-27.01,-13.44,-15.75,1,2977
4.0,2565.149750,178.33,1.42,-15.27,-27.02,-10.9,-16.0,1,3839
4.0,2565.159750,178.33,1.42,-14.49,-26.99,-7.67,-15.25,1,3720
4.0,2565.169750,177.19,1.43,-13.21,-26.96,-3.96,-13.75,1,3601
4.0,2565.179751,175.08,1.46,-11.81,-26.9,-0.0,-11.5,1,3465
4.0,2565.189750,172.44,1.52,-9.2,-26.81,3.96,-8.75,1,3338
4.0,2565.199750,169.1,1.6,-5.62,-26.77,7.67,-5.5,1,3210
4.0,2565.209750,165.32,1.65,-1.97,-26.73,10.9,-1.75,1,3074
4.0,2565.219751,161.28,1.74,2.14,-26.66,13.44,2.25,1,2981
4.0,2565.229751,156.8,1.85,6.48,-26.57,15.14,6.75,1,3843
4.0,2565.239751,152.67,1.98,11.02,-26.47,15.89,10.5,1,3715
4.0,2565.249751,150.12,2.13,15.73,-26.33,15.64,13.0,1,3606
4.0,2565.259751,148.45,2.23,18.98,-26.24,14.4,14.5,1,3469
4.0,2565.269751,147.57,2.24,19.42,-26.23,12.27,15.25,1,3342
4.0,2565.279750,147.22,2.21,19.49,-26.22,9.36,15.5,1,3214
4.0,2565.289750,147.66,2.22,19.31,-26.23,5.86,14.75,1,3078
4.0,2565.299751,148.89,2.2,18.62,-26.26,2.0,13.25,1,2977
4.0,2565.309751,151.08,2.12,16.84,-26.36,-2.0,11.25,1,3839
4.0,2565.319750,153.81,2.03,13.94,-26.46,-5.86,8.25,1,3720
4.0,2565.329750,156.97,1.93,10.71,-26.56,-9.36,5.25,1,3601
4.0,2565.339751,160.58,1.85,7.04,-26.63,-12.27,1.5,1,3465
4.0,2565.349751,164.62,1.77,3.03,-26.71,-14.4,-2.5,1,3338
4.0,2565.359751,168.93,1.67,-1.19,-26.8,-15.64,-6.75,1,3210
4.0,2565.369751,172.71,1.58,-5.68,-26.88,-15.89,-10.5,1,3074
4.0,2565.379751,175.17,1.47,-10.13,-26.95,-15.14,-13.0,1,3971
4.0,2565.389751,176.57,1.4,-12.99,-26.98,-13.44,-14.25,1,3843
4.0,2565.399750,176.75,1.42,-13.56,-26.99,-10.9,-14.5,1,3716
4.0,2565.409750,176.66,1.44,-12.91,-26.97,-7.67,-13.75,1,3597
4.0,2565.419750,175.78,1.45,-11.71,-26.94,-3.96,-12.25,1,3469
4.0,2565.429751,173.76,1.48,-10.42,-26.88,0.0,-10.25,1,3342
4.0,2565.439750,171.12,1.53,-8.09,-26.8,3.96,-7.75,1,3206
4.0,2565.449750,167.96,1.61,-4.49,-26.75,7.67,-4.25,1,3078
4.0,2565.459750,164.36,1.68,-0.93,-26.7,10.9,-0.75,1,3967
4.0,2565.469751,160.31,1.76,3.13,-26.64,13.44,3.25,1,3839
4.0,2565.479751,155.92,1.86,7.43,-26.56,15.14,7.5,1,3721
4.0,2565.489751,151.96,1.98,11.93,-26.45,15.89,11.25,1,3602
4.0,2565.499751,149.41,2.13,16.55,-26.31,15.64,13.75,1,3465
4.0,2565.509751,147.57,2.24,19.59,-26.22,14.4,15.25,1,3338
4.0,2565.519751,147.13,2.23,20.23,-26.22,12.27,15.5,1,3202
4.0,2565.529750,147.39,2.22,20.35,-26.2,9.36,14.75,1,3074
4.0,2565.539750,148.8,2.2,19.27,-26.25,5.86,13.5,1,3963
4.0,2565.549751,150.82,2.1,16.82,-26.36,2.0,11.25,1,3844
4.0,2565.559751,153.46,2.03,14.27,-26.45,-2.0,8.75,1,3716
4.0,2565.569750,156.53,1.94,11.25,-26.53,-5.86,5.75,1,3597
4.0,2565.579750,159.96,1.85,7.68,-26.61,-9.36,2.25,1,3461
4.0,2565.589751,163.92,1.76,3.83,-26.7,-12.27,-1.75,1,3342
4.0,2565.599751,168.05,1.68,-0.24,-26.78,-14.4,-5.75,1,3206
4.0,2565.609751,172.09,1.58,-4.67,-26.86,-15.64,-10.0,1,3070
4.0,2565.619751,175.34,1.48,-9.19,-26.93,-15.89,-13.25,1,3967
4.0,2565.629751,177.36,1.41,-12.85,-26.97,-15.14,-15.0,1,3840
4.0,2565.639751,178.42,1.38,-14.69,-27.0,-13.44,-16.25,1,3712
4.0,2565.649750,179.12,1.39,-14.82,-27.0,-10.9,-16.75,1,3602
4.0,2565.659750,179.03,1.4,-14.71,-26.98,-7.67,-16.25,1,3465
4.0,2565.669750,178.51,1.39,-14.25,-26.96,-3.96,-15.25,1,3338
4.0,2565.679751,176.75,1.43,-13.21,-26.94,0.0,-13.25,1,3202
4.0,2565.689750,174.2,1.48,-11.33,-26.87,3.96,-10.75,1,3075
4.0,2565.699750,171.12,1.51,-7.57,-26.78,7.67,-7.5,1,3963
4.0,2565.709750,167.43,1.58,-4.04,-26.76,10.9,-3.75,1,3835
4.0,2565.719751,163.48,1.68,-0.08,-26.68,13.44,0.25,1,3717
4.0,2565.729751,159.17,1.77,4.35,-26.61,15.14,4.25,1,3598
4.0,2565.739751,154.86,1.89,8.9,-26.53,15.89,8.75,1,3461
4.0,2565.749751,151.35,2.04,13.43,-26.4,15.64,11.75,1,3334
4.0,2565.759751,148.97,2.17,17.34,-26.28,14.4,14.0,1,3198
4.0,2565.769751,147.57,2.24,19.57,-26.23,12.27,14.75,1,3071
4.0,2565.779750,147.66,2.25,20.32,-26.21,9.36,14.75,1,3967
4.0,2565.789750,148.54,2.22,19.68,-26.23,5.86,13.75,1,3840
4.0,2565.799751,150.12,2.15,17.64,-26.32,2.0,12.25,1,3712
4.0,2565.809751,152.4,2.06,15.28,-26.42,-2.0,9.75,1,3594
4.0,2565.819750,155.21,1.98,12.52,-26.49,-5.86,7.0,1,3466
4.0,2565.829750,158.47,1.9,9.21,-26.57,-9.36,3.75,1,3339
4.0,2565.839751,162.16,1.81,5.53,-26.66,-12.27,-0.0,1,3202
4.0,2565.849751,166.29,1.73,1.59,-26.74,-14.4,-4.25,1,3075
4.0,2565.859751,170.24,1.63,-2.79,-26.83,-15.64,-8.0,1,3963
4.0,2565.869751,173.41,1.54,-7.25,-26.9,-15.89,-11.25,1,3836
4.0,2565.879751,175.34,1.45,-10.82,-26.95,-15.14,-13.0,1,3717
4.0,2565.889751,176.04,1.43,-12.56,-26.97,-13.44,-13.75,1,3598
4.0,2565.899750,175.87,1.44,-12.6,-26.97,-10.9,-13.5,1,3462
4.0,2565.909750,175.69,1.46,-11.51,-26.95,-7.67,-12.25,1,3335
4.0,2565.919750,174.02,1.48,-10.35,-26.91,-3.96,-10.75,1,3198
4.0,2565.929751,171.74,1.52,-8.71,-26.83,-0.0,-8.25,1,3071
4.0,2565.939750,168.84,1.6,-5.31,-26.72,3.96,-5.25,1,3959
4.0,2565.949750,165.5,1.66,-1.92,-26.72,7.67,-1.75,1,3840
4.0,2565.959750,161.63,1.74,1.84,-26.66,10.9,1.75,1,3713
4.0,2565.969751,157.5,1.83,5.98,-26.58,13.44,6.0,1,3594
4.0,2565.979751,153.46,1.95,10.27,-26.48,15.14,10.0,1,3458
4.0,2565.989751,149.85,2.09,14.76,-26.36,15.89,13.25,1,3339
4.0,2565.999751,147.57,2.21,18.72,-26.25,15.64,15.0,1,3194
4.0,2566.009751,146.6,2.29,20.8,-26.19,14.4,15.75,1,3075
4.0,2566.019751,146.69,2.28,21.35,-26.17,12.27,15.75,1,3963
4.0,2566.029750,147.39,2.24,20.48,-26.2,9.36,15.0,1,3836
4.0,2566.039750,148.97,2.17,18.6,-26.29,5.86,13.25,1,3709
4.0,2566.049751,151.08,2.1,16.5,-26.37,2.0,11.25,1,3598
4.0,2566.059751,153.81,2.02,13.86,-26.46,-2.0,8.25,1,3462
4.0,2566.069750,157.06,1.92,10.71,-26.54,-5.86,5.25,1,3335
4.0,2566.079750,160.66,1.83,7.09,-26.62,-9.36,1.5,1,3199
4.0,2566.089751,164.62,1.76,3.15,-26.7,-12.27,-2.25,1,3071
4.0,2566.099751,168.75,1.66,-0.98,-26.79,-14.4,-6.75,1,3959
4.0,2566.109751,172.53,1.58,-5.39,-26.87,-15.64,-10.25,1,3832
4.0,2566.119751,175.08,1.48,-9.83,-26.94,-15.89,-12.75,1,3713
4.0,2566.129751,176.31,1.42,-12.71,-26.98,-15.14,-14.25,1,3594
4.0,2566.139751,176.66,1.44,-13.33,-26.98,-13.44,-14.25,1,3458
4.0,2566.149750,176.66,1.45,-12.77,-26.97,-10.9,-13.75,1,3331
4.0,2566.159750,175.96,1.45,-11.56,-26.93,-7.67,-12.5,1,3195
4.0,2566.169750,174.02,1.48,-10.46,-26.89,-3.96,-10.75,1,3067
4.0,2566.179751,171.56,1.53,-8.46,-26.82,0.0,-8.0,1,3965
4.0,2566.189750,168.57,1.6,-4.95,-26.74,3.96,-5.0,1,3836
4.0,2566.199750,165.06,1.66,-1.55,-26.71,7.67,-1.5,1,3709
4.0,2566.209750,161.1,1.74,2.29,-26.65,10.9,2.25,1,3599
4.0,2566.219751,156.97,1.83,6.5,-26.57,13.44,6.5,1,3463
4.0,2566.229751,152.84,1.95,10.88,-26.47,15.14,10.25,1,3292
4.0,2566.239751,150.29,2.11,15.46,-26.34,15.89,12.75,1,3199
4.0,2566.249751,148.54,2.2,18.78,-26.24,15.64,14.25,1,3072
4.0,2566.259751,148.01,2.21,19.44,-26.23,14.4,14.5,1,3960
4.0,2566.269751,148.18,2.19,19.43,-26.23,12.27,14.25,1,3832
4.0,2566.279750,148.45,2.16,18.45,-26.28,9.36,14.0,1,3705
4.0,2566.289750,149.59,2.14,17.19,-26.33,5.86,12.75,1,3595
4.0,2566.299751,151.17,2.12,16.17,-26.37,2.0,11.0,1,3459
4.0,2566.309751,153.63,2.0,13.99,-26.46,-2.0,8.5,1,3331
4.0,2566.319750,156.53,1.94,11.12,-26.52,-5.86,5.75,1,3195
4.0,2566.329750,159.96,1.86,7.76,-26.61,-9.36,2.25,1,3067
4.0,2566.339751,163.74,1.79,4.01,-26.69,-12.27,-1.75,1,3964
4.0,2566.349751,167.7,1.69,0.02,-26.76,-14.4,-5.75,1,3837
4.0,2566.359751,171.83,1.6,-4.36,-26.85,-15.64,-9.75,1,3709
4.0,2566.369751,174.99,1.49,-8.83,-26.92,-15.89,-12.75,1,3591
4.0,2566.379751,177.01,1.43,-12.46,-26.96,-15.14,-14.75,1,3454
4.0,2566.389751,177.71,1.4,-14.27,-26.99,-13.44,-15.25,1,3336
4.0,2566.399750,177.71,1.41,-14.23,-26.99,-10.9,-15.25,1,3200
4.0,2566.409750,177.19,1.42,-13.2,-26.97,-7.67,-14.0,1,3072
4.0,2566.419750,175.52,1.45,-12.02,-26.94,-3.96,-12.25,1,3961
4.0,2566.429750,173.23,1.48,-10.25,-26.86,0.0,-9.75,1,3832
4.0,2566.439750,170.24,1.55,-6.67,-26.75,3.96,-6.75,1,3714
4.0,2566.449750,166.82,1.61,-3.3,-26.75,7.67,-3.25,1,3595
4.0,2566.459750,163.04,1.7,0.44,-26.68,10.9,0.5,1,3459
4.0,2566.469751,158.91,1.8,4.62,-26.59,13.44,4.75,1,3332
4.0,2566.479751,154.69,1.9,9.0,-26.52,15.14,8.75,1,3196
4.0,2566.489751,151.35,2.03,13.47,-26.4,15.89,11.75,1,3068
4.0,2566.499751,149.06,2.16,17.22,-26.28,15.64,13.75,1,3956
4.0,2566.509751,147.92,2.22,19.39,-26.23,14.4,14.75,1,3828
4.0,2566.519751,147.83,2.22,20.25,-26.21,12.27,14.75,1,3719
4.0,2566.529750,148.71,2.19,19.59,-26.23,9.36,13.75,1,3591
4.0,2566.539750,150.12,2.13,17.43,-26.32,5.86,12.0,1,3455
4.0,2566.549751,152.31,2.05,15.28,-26.41,2.0,9.75,1,3327
4.0,2566.559751,155.13,1.97,12.63,-26.48,-2.0,7.25,1,3192
4.0,2566.569750,158.2,1.89,9.47,-26.56,-5.86,4.0,1,3073
4.0,2566.579750,161.81,1.81,5.94,-26.64,-9.36,0.25,1,3961
4.0,2566.589751,165.67,1.73,2.15,-26.72,-12.27,-3.5,1,3833
4.0,2566.599751,169.98,1.64,-2.07,-26.81,-14.4,-7.75,1,3714
4.0,2566.609751,173.76,1.56,-6.6,-26.88,-15.64,-11.5,1,3596
4.0,2566.619751,176.31,1.46,-10.89,-26.95,-15.89,-14.0,1,3460
4.0,2566.629751,177.63,1.39,-13.82,-26.99,-15.14,-15.25,1,3332
4.0,2566.639751,178.15,1.41,-14.5,-27.0,-13.44,-15.75,1,3196
4.0,2566.649750,178.33,1.43,-14.05,-26.98,-10.9,-16.0,1,3077
4.0,2566.659750,178.24,1.41,-13.38,-26.97,-7.67,-15.25,1,3958
4.0,2566.669750,177.1,1.41,-12.87,-26.94,-3.96,-13.75,1,3829
4.0,2566.679751,174.99,1.44,-11.57,-26.88,-0.0,-11.25,1,3719
4.0,2566.689750,172.18,1.51,-8.85,-26.8,3.96,-8.5,1,3591
4.0,2566.699750,168.93,1.58,-5.22,-26.77,7.67,-5.25,1,3456
4.0,2566.709750,165.06,1.64,-1.6,-26.71,10.9,-1.5,1,3328
4.0,2566.719751,160.93,1.73,2.45,-26.65,13.44,2.5,1,3192
4.0,2566.729751,156.62,1.85,6.86,-26.56,15.14,6.75,1,3073
4.0,2566.739751,152.31,1.97,11.43,-26.46,15.89,10.75,1,3961
4.0,2566.749751,149.59,2.12,16.18,-26.32,15.64,13.5,1,3834
4.0,2566.759751,147.66,2.23,19.6,-26.22,14.4,14.75,1,3715
4.0,2566.769751,147.3,2.24,20.38,-26.21,12.27,15.25,1,3587
4.0,2566.779750,147.66,2.23,20.29,-26.2,9.36,14.75,1,3451
4.0,2566.789750,148.97,2.19,19.03,-26.26,5.86,13.25,1,3333
4.0,2566.799751,150.91,2.1,16.87,-26.35,2.0,11.25,1,3196
4.0,2566.809751,153.46,2.02,14.3,-26.44,-2.0,8.75,1,3095
4.0,2566.819750,156.45,1.93,11.35,-26.52,-5.86,5.75,1,3957
4.0,2566.829750,159.87,1.85,7.87,-26.6,-9.36,2.25,1,3829
4.0,2566.839751,163.74,1.77,4.05,-26.68,-12.27,-1.5,1,3711
4.0,2566.849751,167.87,1.69,0.03,-26.76,-14.4,-5.75,1,3592
4.0,2566.859751,171.56,1.6,-4.37,-26.85,-15.64,-9.25,1,3456
4.0,2566.869751,174.02,1.5,-8.72,-26.93,-15.89,-11.75,1,3329
4.0,2566.879751,175.34,1.44,-11.54,-26.96,-15.14,-13.0,1,3192
4.0,2566.889751,175.52,1.45,-12.12,-26.96,-13.44,-13.25,1,3091
4.0,2566.899750,175.43,1.46,-11.5,-26.94,-10.9,-12.75,1,3954
4.0,2566.909750,175.43,1.47,-10.36,-26.91,-7.67,-12.25,1,3825
4.0,2566.919750,174.29,1.48,-9.56,-26.87,-3.96,-10.75,1,3715
4.0,2566.929751,172.35,1.48,-8.77,-26.84,0.0,-8.75,1,3579
4.0,2566.939750,169.72,1.55,-6.3,-26.75,3.96,-6.25,1,3452
4.0,2566.949750,166.46,1.62,-2.89,-26.74,7.67,-3.0,1,3324
4.0,2566.959750,162.86,1.69,0.63,-26.68,10.9,0.75,1,3188
4.0,2566.969751,158.91,1.79,4.57,-26.59,13.44,4.75,1,3096
4.0,2566.979751,154.51,1.89,8.92,-26.51,15.14,8.75,1,3957
4.0,2566.989751,150.56,2.01,13.41,-26.41,15.89,12.75,1,3830
4.0,2566.999751,147.92,2.17,17.87,-26.26,15.64,15.25,1,3711
4.0,2567.009751,146.07,2.28,21.04,-26.18,14.4,16.5,1,3584
4.0,2567.019751,145.99,2.29,21.94,-26.16,12.27,16.75,1,3456
4.0,2567.029750,146.34,2.26,21.58,-26.17,9.36,16.0,1,3329
4.0,2567.039750,147.66,2.23,20.19,-26.23,5.86,14.75,1,3192
4.0,2567.049751,149.68,2.16,18.26,-26.29,2.0,12.5,1,3091
4.0,2567.059751,152.23,2.08,15.6,-26.39,-2.0,10.0,1,3953
4.0,2567.069750,155.39,1.99,12.5,-26.49,-5.86,6.75,1,3826
4.0,2567.079750,158.91,1.89,8.88,-26.57,-9.36,3.25,1,3716
4.0,2567.089751,162.77,1.78,5.01,-26.67,-12.27,-0.75,1,3579
4.0,2567.099751,167.08,1.7,0.9,-26.75,-14.4,-4.75,1,3452
4.0,2567.109751,171.21,1.61,-3.61,-26.84,-15.64,-9.0,1,3325
4.0,2567.119751,174.46,1.51,-8.18,-26.92,-15.89,-12.25,1,3188
4.0,2567.129751,176.48,1.44,-11.95,-26.95,-15.14,-14.25,1,3096
4.0,2567.139751,177.45,1.41,-13.87,-26.98,-13.44,-15.0,1,3958
4.0,2567.149750,177.45,1.42,-13.95,-26.99,-10.9,-14.75,1,3830
4.0,2567.159750,177.1,1.43,-12.9,-26.96,-7.67,-13.75,1,3712
4.0,2567.169750,175.52,1.44,-11.77,-26.93,-3.96,-12.0,1,3575
4.0,2567.179751,173.14,1.48,-10.12,-26.85,0.0,-9.75,1,3456
4.0,2567.189750,170.24,1.54,-6.73,-26.75,3.96,-6.75,1,3329
4.0,2567.199750,166.99,1.6,-3.31,-26.74,7.67,-3.25,1,3184
4.0,2567.209750,163.12,1.69,0.38,-26.68,10.9,0.5,1,3092
4.0,2567.219751,158.99,1.79,4.59,-26.6,13.44,4.5,1,3953
4.0,2567.229751,154.42,1.89,8.98,-26.52,15.14,9.0,1,3826
4.0,2567.239751,150.38,2.02,13.56,-26.41,15.89,12.75,1,3708
4.0,2567.249751,147.57,2.17,18.14,-26.26,15.64,15.25,1,3580
4.0,2567.259751,145.9,2.29,21.5,-26.17,14.4,16.75,1,3452
4.0,2567.269751,145.46,2.31,22.64,-26.14,12.27,17.25,1,3325
4.0,2567.279750,146.07,2.27,22.14,-26.14,9.36,16.5,1,3189
4.0,2567.289750,147.39,2.23,20.5,-26.22,5.86,15.0,1,3088
4.0,2567.299751,149.33,2.16,18.72,-26.28,2.0,13.0,1,3949
4.0,2567.309751,152.05,2.1,15.99,-26.37,-2.0,10.25,1,3831
4.0,2567.319750,155.13,1.98,12.82,-26.47,-5.86,7.25,1,3712
4.0,2567.329750,158.64,1.87,9.24,-26.56,-9.36,3.5,1,3576
4.0,2567.339751,162.6,1.79,5.38,-26.65,-12.27,-0.25,1,3448
4.0,2567.349751,166.82,1.69,1.21,-26.74,-14.4,-4.75,1,3329
4.0,2567.359751,170.68,1.6,-3.29,-26.84,-15.64,-8.25,1,3185
4.0,2567.369751,173.14,1.51,-7.76,-26.91,-15.89,-10.75,1,3092
4.0,2567.379751,174.55,1.43,-10.68,-26.94,-15.14,-12.25,1,3955
4.0,2567.389751,174.81,1.43,-11.32,-26.94,-13.44,-12.5,1,3827
4.0,2567.399750,174.73,1.45,-10.85,-26.93,-10.9,-12.0,1,3708
4.0,2567.409750,174.11,1.46,-9.65,-26.9,-7.67,-10.75,1,3581
4.0,2567.419750,172.18,1.49,-8.61,-26.86,-3.96,-8.75,1,3453
4.0,2567.429751,169.8,1.54,-6.68,-26.79,-0.0,-6.25,1,3325
4.0,2567.439750,166.9,1.6,-2.98,-26.72,3.96,-3.25,1,3189
4.0,2567.449750,163.48,1.67,0.34,-26.68,7.67,0.25,1,3088
4.0,2567.459750,159.52,1.76,3.99,-26.6,10.9,4.0,1,3950
4.0,2567.469751,155.21,1.85,8.15,-26.53,13.44,8.25,1,3823
4.0,2567.479751,151.35,1.97,12.51,-26.44,15.14,11.75,1,3712
4.0,2567.489751,148.62,2.11,17.01,-26.3,15.89,14.25,1,3576
4.0,2567.499751,146.95,2.24,20.28,-26.21,15.64,15.75,1,3449
4.0,2567.509751,146.34,2.24,21.39,-26.19,14.4,16.25,1,3321
4.0,2567.519751,146.16,2.21,21.32,-26.18,12.27,16.5,1,3185
4.0,2567.529750,146.69,2.2,20.12,-26.22,9.36,15.75,1,3092
4.0,2567.539751,148.01,2.19,19.5,-26.25,5.86,14.25,1,3954
4.0,2567.549751,149.94,2.15,18.02,-26.31,2.0,12.25,1,3827
4.0,2567.559751,152.58,2.07,15.38,-26.39,-2.0,9.75,1,3708
4.0,2567.569751,155.65,1.92,12.25,-26.48,-5.86,6.75,1,3581
4.0,2567.579750,159.26,1.85,8.69,-26.57,-9.36,3.0,1,3453
4.0,2567.589751,163.12,1.75,4.83,-26.66,-12.27,-0.75,1,3326
4.0,2567.599751,167.34,1.66,0.74,-26.75,-14.4,-5.0,1,3190
4.0,2567.609751,171.47,1.58,-3.71,-26.84,-15.64,-9.25,1,3088
4.0,2567.619751,174.64,1.49,-8.23,-26.92,-15.89,-12.25,1,3950
4.0,2567.629751,176.57,1.41,-11.99,-26.95,-15.14,-14.25,1,3823
4.0,2567.639751,177.45,1.38,-13.9,-26.98,-13.44,-15.25,1,3713
4.0,2567.649750,177.45,1.39,-13.94,-26.98,-10.9,-14.75,1,3577
4.0,2567.659750,177.1,1.39,-12.87,-26.96,-7.67,-13.75,1,3449
4.0,2567.669751,175.43,1.4,-11.71,-26.92,-3.96,-12.0,1,3322
4.0,2567.679751,173.14,1.44,-10.01,-26.83,-0.0,-9.75,1,3186
4.0,2567.689751,170.16,1.51,-6.63,-26.75,3.96,-6.75,1,3084
4.0,2567.699750,166.82,1.57,-3.15,-26.74,7.67,-3.25,1,3946
4.0,2567.709750,162.95,1.67,0.59,-26.67,10.9,0.75,1,3827
4.0,2567.719751,158.82,1.76,4.78,-26.59,13.44,4.75,1,3708
4.0,2567.729751,154.25,1.87,9.19,-26.51,15.14,9.25,1,3573
4.0,2567.739751,150.03,1.99,13.8,-26.4,15.89,13.0,1,3445
4.0,2567.749751,146.95,2.14,18.43,-26.26,15.64,15.75,1,3326
4.0,2567.759751,145.72,2.27,22.09,-26.16,14.4,17.25,1,3190
4.0,2567.769751,144.23,2.3,23.26,-26.12,12.27,18.5,1,4078
4.0,2567.779750,143.79,2.29,22.78,-26.11,9.36,18.75,1,3951
4.0,2567.789751,144.67,2.3,22.92,-26.14,5.86,17.75,1,3823
4.0,2567.799751,146.16,2.25,22.34,-26.19,2.0,16.25,1,3704
4.0,2567.809751,148.27,2.24,19.73,-26.25,-2.0,14.0,1,3577
4.0,2567.819751,151.17,2.12,16.97,-26.34,-5.86,11.25,1,3450
4.0,2567.829750,154.42,1.96,13.69,-26.44,-9.36,7.75,1,3322
4.0,2567.839751,158.2,1.84,9.96,-26.53,-12.27,4.25,1,3186
4.0,2567.849751,162.25,1.75,5.84,-26.63,-14.4,-0.0,1,4074
4.0,2567.859751,166.64,1.65,1.48,-26.72,-15.64,-4.25,1,3946
4.0,2567.869751,170.51,1.57,-3.15,-26.82,-15.89,-8.25,1,3828
4.0,2567.879751,173.23,1.47,-7.8,-26.9,-15.14,-10.75,1,3709
4.0,2567.889751,174.64,1.4,-10.79,-26.94,-13.44,-12.25,1,3573
4.0,2567.899750,174.99,1.42,-11.5,-26.94,-10.9,-12.5,1,3446
4.0,2567.909750,174.81,1.43,-10.98,-26.93,-7.67,-12.0,1,3318
4.0,2567.919751,174.02,1.44,-9.72,-26.9,-3.96,-10.75,1,3191
4.0,2567.929751,172.0,1.47,-8.58,-26.86,-0.0,-8.5,1,4080
4.0,2567.939751,169.45,1.51,-6.47,-26.79,3.96,-6.0,1,3951
4.0,2567.949750,166.38,1.57,-2.66,-26.71,7.67,-2.75,1,3824
4.0,2567.959750,162.77,1.65,0.87,-26.67,10.9,0.75,1,3705
4.0,2567.969751,158.91,1.75,4.72,-26.58,13.44,4.75,1,3577
4.0,2567.979751,154.51,1.85,8.97,-26.51,15.14,8.75,1,3450
4.0,2567.989751,150.47,1.99,13.42,-26.41,15.89,12.75,1,3314
4.0,2567.999751,147.66,2.16,17.88,-26.27,15.64,15.25,1,3187
4.0,2568.009751,146.16,2.27,21.2,-26.17,14.4,16.25,1,4075
4.0,2568.019751,145.9,2.26,22.42,-26.15,12.27,16.75,1,3947
4.0,2568.029750,146.69,2.2,21.68,-26.16,9.36,15.75,1,3819
4.0,2568.039751,148.01,2.17,19.72,-26.25,5.86,14.25,1,3701
4.0,2568.049751,150.03,2.16,18.12,-26.3,2.0,12.25,1,3573
4.0,2568.059751,152.67,2.07,15.36,-26.39,-2.0,9.75,1,3446
4.0,2568.069751,156.01,1.89,12.18,-26.48,-5.86,6.5,1,3310
4.0,2568.079750,159.61,1.8,8.55,-26.56,-9.36,3.0,1,3183
4.0,2568.089751,163.3,1.72,4.66,-26.65,-12.27,-1.0,1,4071
4.0,2568.099751,167.52,1.66,0.53,-26.75,-14.4,-5.25,1,3943
4.0,2568.109751,171.74,1.57,-3.98,-26.84,-15.64,-9.5,1,3824
4.0,2568.119751,175.08,1.47,-8.56,-26.92,-15.89,-12.75,1,3705
4.0,2568.129751,177.1,1.39,-12.37,-26.96,-15.14,-14.75,1,3569
4.0,2568.139751,177.89,1.35,-14.29,-26.98,-13.44,-15.5,1,3451
4.0,2568.149750,177.8,1.36,-14.31,-26.98,-10.9,-15.25,1,3314
4.0,2568.159750,177.45,1.37,-13.28,-26.96,-7.67,-14.25,1,3187
4.0,2568.169751,175.87,1.39,-12.05,-26.93,-3.96,-12.25,1,4076
4.0,2568.179751,173.41,1.41,-10.26,-26.84,-0.0,-9.75,1,3949
4.0,2568.189751,170.42,1.49,-6.81,-26.75,3.96,-6.75,1,3820
4.0,2568.199750,166.99,1.56,-3.37,-26.75,7.67,-3.5,1,3701
4.0,2568.209750,163.21,1.64,0.35,-26.67,10.9,0.25,1,3574
4.0,2568.219751,159.17,1.73,4.49,-26.6,13.44,4.5,1,3447
4.0,2568.229751,154.86,1.84,8.9,-26.52,15.14,8.5,1,3310
4.0,2568.239751,151.52,1.98,13.42,-26.4,15.89,11.75,1,3183
4.0,2568.249751,148.97,2.11,17.23,-26.29,15.64,13.75,1,4071
4.0,2568.259751,147.92,2.18,19.41,-26.24,14.4,14.5,1,3943
4.0,2568.269751,147.66,2.19,20.26,-26.21,12.27,14.75,1,3825
4.0,2568.279750,147.74,2.16,19.6,-26.23,9.36,14.75,1,3706
4.0,2568.289751,148.8,2.13,18.45,-26.27,5.86,13.75,1,3570
4.0,2568.299751,150.38,2.12,17.39,-26.31,2.0,12.0,1,3442
4.0,2568.309751,152.67,2.02,15.22,-26.41,-2.0,9.75,1,3315
4.0,2568.319751,155.57,1.94,12.47,-26.46,-5.86,6.75,1,3187
4.0,2568.329750,158.73,1.85,9.13,-26.55,-9.36,3.5,1,4075
4.0,2568.339751,162.42,1.76,5.52,-26.65,-12.27,-0.25,1,3948
4.0,2568.349751,166.55,1.68,1.61,-26.73,-14.4,-4.25,1,3820
4.0,2568.359751,170.77,1.59,-2.74,-26.82,-15.64,-8.5,1,3702
4.0,2568.369751,174.64,1.5,-7.31,-26.89,-15.89,-12.25,1,3574
4.0,2568.379751,177.1,1.4,-11.71,-26.95,-15.14,-14.75,1,3447
4.0,2568.389751,178.33,1.35,-14.7,-26.99,-13.44,-16.0,1,3311
4.0,2568.399750,178.59,1.37,-15.27,-27.01,-10.9,-16.25,1,3183
4.0,2568.409750,178.51,1.37,-14.5,-26.97,-7.67,-15.25,1,4073
4.0,2568.419751,177.45,1.38,-13.17,-26.93,-3.96,-13.75,1,3945
5.0,2570.449750,170.07,1.5,-6.5,-26.85,3.93,-6.5,1,3553
5.0,2570.459750,167.52,1.54,-4.76,-26.77,7.48,-4.0,1,3426
5.0,2570.469751,164.53,1.63,-1.19,-26.65,10.3,-1.0,1,3299
5.0,2570.479751,161.19,1.7,2.32,-26.62,12.11,2.25,1,4188
5.0,2570.489751,157.24,1.77,6.14,-26.58,12.73,6.25,1,4060
5.0,2570.499751,153.46,1.88,10.11,-26.48,12.11,9.5,1,3931
5.0,2570.509751,151.08,2.03,14.38,-26.36,10.3,11.75,1,3813
5.0,2570.519751,149.94,2.14,17.61,-26.27,7.48,12.5,1,3677
5.0,2570.529751,150.03,2.14,18.27,-26.24,3.93,12.5,1,3549
5.0,2570.539751,151.0,2.08,17.28,-26.28,0.0,11.25,1,3422
5.0,2570.549751,152.67,2.04,15.28,-26.37,-3.93,9.75,1,3297
5.0,2570.559751,155.04,1.96,12.87,-26.46,-7.48,7.25,1,4182
5.0,2570.569751,158.03,1.87,9.92,-26.53,-10.3,4.25,1,4055
5.0,2570.579751,161.37,1.78,6.58,-26.61,-12.11,1.0,1,3927
5.0,2570.589751,165.15,1.71,2.86,-26.68,-12.73,-2.75,1,3817
5.0,2570.599751,168.49,1.63,-1.22,-26.78,-12.11,-6.25,1,3681
5.0,2570.609751,170.51,1.53,-5.33,-26.85,-10.3,-8.25,1,3554
5.0,2570.619750,171.47,1.46,-7.98,-26.9,-7.48,-9.25,1,3418
5.0,2570.629751,171.47,1.49,-8.2,-26.89,-3.93,-9.0,1,3290
5.0,2570.639751,171.12,1.51,-7.13,-26.86,0.0,-7.75,1,4188
5.0,2570.649750,169.45,1.52,-5.92,-26.83,3.93,-6.0,1,4059
5.0,2570.659750,166.9,1.56,-4.27,-26.75,7.48,-3.5,1,3932
5.0,2570.669751,164.0,1.63,-0.75,-26.65,10.3,-0.5,1,3813
5.0,2570.679751,160.49,1.7,2.88,-26.62,12.11,3.0,1,3677
5.0,2570.689751,157.15,1.79,6.64,-26.56,12.73,6.25,1,3549
5.0,2570.699751,154.16,1.91,10.53,-26.46,12.11,9.0,1,3422
5.0,2570.709751,152.31,2.02,13.98,-26.37,10.3,10.5,1,3295
5.0,2570.719751,151.26,2.07,15.79,-26.33,7.48,11.25,1,4184
5.0,2570.729751,151.0,2.05,16.07,-26.31,3.93,11.5,1,4055
5.0,2570.739751,151.61,2.04,15.86,-26.31,0.0,10.75,1,3928
5.0,2570.749751,153.02,2.03,14.91,-26.37,-3.93,9.25,1,3809
5.0,2570.759751,155.21,1.95,12.83,-26.47,-7.48,7.25,1,3673
5.0,2570.769751,157.94,1.87,10.03,-26.53,-10.3,4.25,1,3554
5.0,2570.779751,161.1,1.79,6.72,-26.6,-12.11,1.0,1,3418
5.0,2570.789751,164.79,1.71,3.15,-26.68,-12.73,-2.5,1,3292
5.0,2570.799751,168.13,1.63,-0.83,-26.77,-12.11,-5.75,1,4189
5.0,2570.809751,170.24,1.53,-4.8,-26.85,-10.3,-7.75,1,4061
5.0,2570.819750,170.95,1.47,-7.41,-26.89,-7.48,-8.75,1,3932
5.0,2570.829750,170.95,1.5,-7.64,-26.88,-3.93,-8.5,1,3813
5.0,2570.839751,170.77,1.52,-6.67,-26.86,-0.0,-7.25,1,3678
5.0,2570.849750,169.1,1.52,-5.48,-26.82,3.93,-5.75,1,3550
5.0,2570.859750,166.73,1.56,-3.89,-26.74,7.48,-3.25,1,3422
5.0,2570.869751,163.74,1.64,-0.58,-26.65,10.3,-0.25,1,3298
5.0,2570.879751,160.31,1.71,3.01,-26.62,12.11,3.25,1,4184
5.0,2570.889751,156.88,1.79,6.78,-26.55,12.73,6.5,1,4056
5.0,2570.899751,153.9,1.9,10.69,-26.46,12.11,9.25,1,3928
5.0,2570.909751,152.31,2.01,14.09,-26.37,10.3,10.75,1,3809
5.0,2570.919751,151.61,2.06,15.86,-26.33,7.48,11.0,1,3673
5.0,2570.929751,152.05,2.05,16.09,-26.31,3.93,10.25,1,3546
5.0,2570.939751,153.37,2.0,15.02,-26.35,-0.0,9.0,1,3418
5.0,2570.949751,155.39,1.93,12.49,-26.47,-3.93,7.0,1,3291
5.0,2570.959751,158.03,1.87,9.93,-26.55,-7.48,4.25,1,4179
5.0,2570.969751,161.02,1.8,6.9,-26.6,-10.3,1.25,1,4060
5.0,2570.979751,164.53,1.73,3.41,-26.68,-12.11,-2.25,1,3924
5.0,2570.989751,168.4,1.64,-0.44,-26.76,-12.73,-6.0,1,3815
5.0,2570.999751,171.83,1.56,-4.57,-26.84,-12.11,-9.5,1,3678
5.0,2571.009751,174.02,1.47,-8.67,-26.91,-10.3,-11.5,1,3551
5.0,2571.019750,174.73,1.41,-11.22,-26.94,-7.48,-12.25,1,3414
5.0,2571.029751,174.81,1.43,-11.48,-26.94,-3.93,-12.25,1,3299
5.0,2571.039751,174.38,1.45,-10.48,-26.9,-0.0,-11.25,1,4185
5.0,2571.049750,172.79,1.46,-9.19,-26.87,3.93,-9.25,1,4057
5.0,2571.059750,170.33,1.5,-7.48,-26.79,7.48,-6.75,1,3928
5.0,2571.069751,167.17,1.58,-4.07,-26.7,10.3,-3.75,1,3810
5.0,2571.079751,163.74,1.65,-0.42,-26.67,12.11,-0.25,1,3674
5.0,2571.089751,159.79,1.72,3.57,-26.61,12.73,3.75,1,3546
5.0,2571.099751,156.18,1.82,7.77,-26.54,12.11,7.25,1,3419
5.0,2571.109751,153.9,1.96,11.9,-26.43,10.3,9.25,1,3292
5.0,2571.119751,152.67,2.05,14.8,-26.35,7.48,10.25,1,4179
5.0,2571.129751,152.23,2.05,15.26,-26.34,3.93,10.25,1,4052
5.0,2571.139751,152.84,2.03,14.91,-26.34,-0.0,9.5,1,3924
5.0,2571.149751,154.42,1.99,13.88,-26.39,-3.93,7.75,1,3806
5.0,2571.159751,156.71,1.89,11.31,-26.51,-7.48,5.75,1,3678
5.0,2571.169751,159.61,1.83,8.42,-26.58,-10.3,2.75,1,3551
5.0,2571.179751,162.77,1.76,5.21,-26.64,-12.11,-0.5,1,3415
5.0,2571.189751,166.46,1.68,1.55,-26.72,-12.73,-4.25,1,3299
5.0,2571.199751,169.63,1.59,-2.41,-26.8,-12.11,-7.25,1,4185
5.0,2571.209751,171.65,1.5,-6.42,-26.87,-10.3,-9.25,1,4058
5.0,2571.219750,172.44,1.45,-8.94,-26.91,-7.48,-10.0,1,3929
5.0,2571.229750,172.53,1.48,-9.11,-26.91,-3.93,-10.0,1,3810
5.0,2571.239751,172.44,1.5,-8.09,-26.88,-0.0,-9.0,1,3674
5.0,2571.249750,170.6,1.51,-6.95,-26.85,3.93,-7.25,1,3547
5.0,2571.259750,168.22,1.54,-5.49,-26.77,7.48,-4.75,1,3419
5.0,2571.269751,165.15,1.61,-2.24,-26.66,10.3,-1.75,1,3292
5.0,2571.279751,161.72,1.67,1.51,-26.64,12.11,1.75,1,4181
5.0,2571.289751,158.03,1.76,5.36,-26.58,12.73,5.5,1,4053
5.0,2571.299751,154.16,1.86,9.49,-26.49,12.11,8.75,1,3934
5.0,2571.309751,152.23,2.0,13.59,-26.39,10.3,11.0,1,3806
5.0,2571.319751,150.82,2.1,16.47,-26.3,7.48,12.0,1,3670
5.0,2571.329751,150.47,2.09,16.9,-26.29,3.93,12.0,1,3551
5.0,2571.339751,151.35,2.06,16.52,-26.31,0.0,11.0,1,3415
5.0,2571.349751,153.02,2.04,15.35,-26.37,-3.93,9.25,1,3298
5.0,2571.359751,155.3,1.95,12.68,-26.46,-7.48,7.0,1,4184
5.0,2571.369751,158.2,1.85,9.8,-26.55,-10.3,4.25,1,4057
5.0,2571.379751,161.37,1.78,6.49,-26.61,-12.11,0.75,1,3938
5.0,2571.389751,165.06,1.7,2.88,-26.68,-12.73,-2.75,1,3811
5.0,2571.399751,168.4,1.62,-1.15,-26.78,-12.11,-6.25,1,3674
5.0,2571.409751,170.51,1.52,-5.21,-26.85,-10.3,-8.25,1,3547
5.0,2571.419750,171.21,1.46,-7.82,-26.9,-7.48,-9.0,1,3420
5.0,2571.429751,171.3,1.48,-8.03,-26.88,-3.93,-8.75,1,3292
5.0,2571.439751,170.86,1.51,-6.96,-26.86,0.0,-7.75,1,4181
5.0,2571.449750,169.37,1.52,-5.74,-26.83,3.93,-5.75,1,4053
5.0,2571.459750,166.73,1.56,-4.12,-26.75,7.48,-3.25,1,3934
5.0,2571.469751,163.83,1.64,-0.61,-26.65,10.3,-0.25,1,3807
5.0,2571.479751,160.31,1.7,3.03,-26.62,12.11,3.25,1,3670
5.0,2571.489751,156.88,1.8,6.83,-26.55,12.73,6.75,1,3543
5.0,2571.499751,153.9,1.91,10.77,-26.46,12.11,9.25,1,3415
5.0,2571.509751,152.4,2.02,14.2,-26.37,10.3,10.75,1,3297
5.0,2571.519751,151.35,2.07,15.86,-26.32,7.48,11.25,1,4177
5.0,2571.529751,151.88,2.06,15.9,-26.31,3.93,10.75,1,4049
5.0,2571.539751,153.02,2.02,15.17,-26.36,0.0,9.25,1,3930
5.0,2571.549751,155.21,1.94,13.14,-26.46,-3.93,7.25,1,3802
5.0,2571.559751,157.5,1.86,10.25,-26.53,-7.48,4.75,1,3675
5.0,2571.569751,160.66,1.79,7.16,-26.59,-10.3,1.75,1,3548
5.0,2571.579751,164.27,1.72,3.7,-26.66,-12.11,-2.0,1,3411
5.0,2571.589751,167.78,1.63,-0.14,-26.76,-12.73,-5.25,1,3296
5.0,2571.599751,170.51,1.54,-4.09,-26.84,-12.11,-8.25,1,4182
5.0,2571.609751,172.09,1.48,-7.54,-26.89,-10.3,-9.75,1,4055
5.0,2571.619750,172.35,1.45,-8.99,-26.89,-7.48,-10.0,1,3934
5.0,2571.629750,172.35,1.46,-8.63,-26.89,-3.93,-9.25,1,3807
5.0,2571.639751,171.47,1.48,-7.42,-26.86,-0.0,-8.0,1,3671
5.0,2571.649750,169.54,1.51,-6.23,-26.82,3.93,-6.0,1,3544
5.0,2571.659750,166.82,1.56,-4.09,-26.74,7.48,-3.25,1,3416
5.0,2571.669751,163.65,1.61,-0.33,-26.66,10.3,-0.25,1,3314
5.0,2571.679751,159.96,1.71,3.29,-26.61,12.11,3.25,1,4178
5.0,2571.689751,156.45,1.8,7.19,-26.54,12.73,7.0,1,4050
5.0,2571.699751,153.63,1.91,11.21,-26.45,12.11,9.75,1,3930
5.0,2571.709751,151.88,2.02,14.69,-26.36,10.3,11.25,1,3794
5.0,2571.719751,150.73,2.08,16.35,-26.31,7.48,11.75,1,3667
5.0,2571.729751,151.26,2.07,16.52,-26.3,3.93,11.25,1,3548
5.0,2571.739751,152.4,2.05,15.86,-26.33,0.0,10.0,1,3412
5.0,2571.749751,154.34,1.97,13.7,-26.43,-3.93,8.0,1,3310
5.0,2571.759751,156.88,1.9,10.96,-26.51,-7.48,5.25,1,4181
5.0,2571.769751,159.96,1.82,7.94,-26.59,-10.3,2.25,1,4053
5.0,2571.779751,163.48,1.74,4.41,-26.65,-12.11,-1.25,1,3935
5.0,2571.789751,167.34,1.66,0.56,-26.74,-12.73,-5.0,1,3799
5.0,2571.799751,170.77,1.58,-3.56,-26.83,-12.11,-8.5,1,3671
5.0,2571.809751,172.88,1.48,-7.71,-26.89,-10.3,-10.5,1,3544
5.0,2571.819750,174.38,1.42,-10.29,-26.92,-7.48,-12.0,1,3416
5.0,2571.829751,174.99,1.44,-10.75,-26.92,-3.93,-12.75,1,3306
5.0,2571.839751,174.9,1.45,-10.79,-26.91,-0.0,-12.25,1,4178
5.0,2571.849750,174.46,1.42,-10.31,-26.91,3.93,-11.25,1,4051
5.0,2571.859750,172.71,1.45,-9.27,-26.87,7.48,-9.25,1,3930
5.0,2571.869751,170.07,1.49,-7.4,-26.8,10.3,-6.5,1,3794
5.0,2571.879751,166.73,1.58,-3.57,-26.7,12.11,-3.25,1,3667
5.0,2571.889751,163.04,1.64,0.16,-26.66,12.73,0.25,1,3540
5.0,2571.899751,159.7,1.72,4.2,-26.59,12.11,3.75,1,3412
5.0,2571.909751,157.76,1.85,8.25,-26.51,10.3,5.75,1,3311
5.0,2571.919751,156.45,1.94,10.81,-26.44,7.48,6.75,1,4172
5.0,2571.929751,156.01,1.93,11.28,-26.43,3.93,6.75,1,4054
5.0,2571.939751,156.8,1.92,11.3,-26.43,0.0,5.75,1,3926
5.0,2571.949751,158.29,1.87,10.03,-26.5,-3.93,4.0,1,3799
5.0,2571.959751,160.58,1.79,7.23,-26.61,-7.48,1.75,1,3671
5.0,2571.969751,163.3,1.75,4.51,-26.67,-10.3,-1.25,1,3544
5.0,2571.979751,166.64,1.68,1.33,-26.73,-12.11,-4.25,1,3408
5.0,2571.989751,170.24,1.6,-2.39,-26.8,-12.73,-8.0,1,3316
5.0,2571.999751,173.5,1.53,-6.38,-26.87,-12.11,-11.25,1,4178
5.0,2572.009751,175.34,1.44,-10.16,-26.91,-10.3,-13.0,1,4051
5.0,2572.019750,176.13,1.39,-12.56,-26.95,-7.48,-13.75,1,3924
5.0,2572.029750,176.04,1.41,-12.73,-26.95,-3.93,-13.25,1,3795
5.0,2572.039751,175.43,1.44,-11.59,-26.92,0.0,-12.0,1,3667
5.0,2572.049750,173.58,1.46,-10.29,-26.89,3.93,-10.0,1,3540
5.0,2572.059750,170.95,1.5,-8.25,-26.81,7.48,-7.25,1,3413
5.0,2572.069751,167.78,1.56,-4.38,-26.71,10.3,-4.25,1,3311
5.0,2572.079751,164.09,1.65,-0.81,-26.68,12.11,-0.75,1,4174
5.0,2572.089751,160.14,1.73,3.21,-26.62,12.73,3.25,1,4045
5.0,2572.099751,156.45,1.83,7.44,-26.55,12.11,7.0,1,3927
5.0,2572.109751,154.16,1.97,11.61,-26.44,10.3,9.25,1,3791
5.0,2572.119751,152.75,2.06,14.47,-26.35,7.48,10.25,1,3663
5.0,2572.129751,152.23,2.06,15.08,-26.34,3.93,10.25,1,3544
5.0,2572.139751,152.84,2.05,14.98,-26.33,0.0,9.5,1,3408
5.0,2572.149751,154.25,2.0,13.85,-26.39,-3.93,8.0,1,3316
5.0,2572.159751,156.62,1.91,11.5,-26.5,-7.48,5.75,1,4178
5.0,2572.169751,159.35,1.85,8.59,-26.57,-10.3,3.0,1,4050
5.0,2572.179751,162.6,1.78,5.37,-26.64,-12.11,-0.25,1,3931
5.0,2572.189751,166.2,1.7,1.76,-26.72,-12.73,-4.0,1,3796
5.0,2572.199751,169.45,1.61,-2.21,-26.79,-12.11,-7.25,1,3668
5.0,2572.209751,171.39,1.52,-6.24,-26.87,-10.3,-9.25,1,3540
5.0,2572.219750,172.18,1.45,-8.74,-26.91,-7.48,-9.75,1,3404
5.0,2572.229751,172.18,1.48,-8.9,-26.9,-3.93,-9.75,1,3311
5.0,2572.239751,171.74,1.51,-7.86,-26.86,-0.0,-8.5,1,4174
5.0,2572.249750,169.98,1.51,-6.68,-26.85,3.93,-6.5,1,4046
5.0,2572.259750,167.43,1.56,-4.86,-26.77,7.48,-4.0,1,3927
5.0,2572.269751,164.36,1.65,-1.11,-26.65,10.3,-0.75,1,3791
5.0,2572.279751,160.75,1.72,2.44,-26.62,12.11,2.75,1,3663
5.0,2572.289751,157.06,1.79,6.3,-26.58,12.73,6.5,1,3537
5.0,2572.299751,153.11,1.9,10.3,-26.48,12.11,9.75,1,3409
5.0,2572.309751,150.91,2.04,14.68,-26.36,10.3,12.0,1,3307
5.0,2572.319751,149.59,2.16,17.88,-26.26,7.48,13.0,1,4170
5.0,2572.329751,149.68,2.16,18.47,-26.24,3.93,12.75,1,4050
5.0,2572.339751,150.56,2.1,17.75,-26.27,0.0,11.75,1,3923
5.0,2572.349751,152.23,2.06,15.76,-26.36,-3.93,10.0,1,3796
5.0,2572.359751,154.6,1.97,13.31,-26.46,-7.48,7.75,1,3668
5.0,2572.369751,157.59,1.89,10.34,-26.52,-10.3,4.75,1,3540
5.0,2572.379751,161.02,1.8,6.96,-26.61,-12.11,1.25,1,3405
5.0,2572.389751,164.71,1.72,3.13,-26.68,-12.73,-2.5,1,3313
5.0,2572.399751,168.31,1.64,-0.94,-26.77,-12.11,-5.75,1,4175
5.0,2572.409751,170.33,1.53,-4.96,-26.85,-10.3,-8.0,1,4047
5.0,2572.419750,171.21,1.46,-7.66,-26.9,-7.48,-8.75,1,3927
5.0,2572.429750,171.21,1.49,-7.96,-26.88,-3.93,-8.75,1,3792
5.0,2572.439751,170.86,1.52,-6.97,-26.86,-0.0,-7.75,1,3664
5.0,2572.449750,169.28,1.53,-5.73,-26.83,3.93,-5.75,1,3536
5.0,2572.459750,166.73,1.58,-4.14,-26.75,7.48,-3.25,1,3400
5.0,2572.469751,163.83,1.65,-0.71,-26.65,10.3,-0.25,1,3308
5.0,2572.479751,160.31,1.71,2.97,-26.62,12.11,3.25,1,4171
5.0,2572.489751,156.97,1.8,6.76,-26.56,12.73,6.75,1,4043
5.0,2572.499751,153.98,1.91,10.68,-26.47,12.11,9.25,1,3923
5.0,2572.509751,152.49,2.02,14.09,-26.37,10.3,10.75,1,3787
5.0,2572.519751,151.52,2.06,15.76,-26.33,7.48,11.25,1,3660
5.0,2572.529751,151.79,2.05,15.73,-26.32,3.93,10.75,1,3541
5.0,2572.539751,153.11,2.01,15.05,-26.35,0.0,9.25,1,3405
5.0,2572.549751,155.13,1.94,13.16,-26.45,-3.93,7.25,1,3312
5.0,2572.559751,157.59,1.86,10.22,-26.54,-7.48,4.75,1,4174
5.0,2572.569751,160.75,1.8,7.19,-26.59,-10.3,1.75,1,4047
5.0,2572.579751,164.18,1.73,3.75,-26.66,-12.11,-1.75,1,3928
5.0,2572.589751,168.05,1.65,-0.07,-26.76,-12.73,-5.75,1,3793
5.0,2572.599751,171.47,1.56,-4.14,-26.84,-12.11,-9.0,1,3664
5.0,2572.609751,173.58,1.48,-8.3,-26.91,-10.3,-11.25,1,3537
5.0,2572.619751,174.38,1.43,-10.85,-26.94,-7.48,-12.0,1,3401
5.0,2572.629751,174.38,1.45,-11.11,-26.93,-3.93,-11.75,1,4299
5.0,2572.639751,174.02,1.46,-10.17,-26.9,-0.0,-10.75,1,4171
5.0,2572.649751,172.35,1.48,-8.91,-26.87,3.93,-8.75,1,4044
5.0,2572.659750,169.8,1.52,-7.11,-26.8,7.48,-6.25,1,3924
5.0,2572.669751,166.73,1.59,-3.49,-26.7,10.3,-3.25,1,3788
5.0,2572.679751,163.12,1.65,0.17,-26.68,12.11,0.25,1,3660
5.0,2572.689751,159.26,1.74,4.06,-26.6,12.73,4.25,1,3534
5.0,2572.699751,155.39,1.84,8.29,-26.52,12.11,7.75,1,3406
5.0,2572.709751,153.28,1.97,12.55,-26.42,10.3,10.0,1,4295
5.0,2572.719751,151.96,2.08,15.46,-26.32,7.48,11.0,1,4167
5.0,2572.729751,151.52,2.07,15.91,-26.31,3.93,11.0,1,4047
5.0,2572.739751,152.31,2.05,15.66,-26.32,0.0,10.0,1,3919
5.0,2572.749751,154.07,2.02,14.55,-26.38,-3.93,8.25,1,3792
5.0,2572.759751,156.27,1.9,11.65,-26.52,-7.48,6.0,1,3665
5.0,2572.769751,159.26,1.84,8.76,-26.59,-10.3,3.25,1,3529
5.0,2572.779751,162.42,1.75,5.44,-26.63,-12.11,-0.25,1,3402
5.0,2572.789751,166.2,1.68,1.77,-26.71,-12.73,-4.0,1,4300
5.0,2572.799751,169.54,1.59,-2.27,-26.79,-12.11,-7.25,1,4172
5.0,2572.809751,171.65,1.49,-6.34,-26.87,-10.3,-9.25,1,4044
5.0,2572.819750,172.35,1.43,-8.87,-26.91,-7.48,-10.0,1,3924
5.0,2572.829751,172.35,1.46,-9.07,-26.9,-3.93,-9.75,1,3788
5.0,2572.839751,172.18,1.48,-8.05,-26.87,0.0,-8.75,1,3661
5.0,2572.849751,170.51,1.48,-6.88,-26.85,3.93,-7.0,1,3533
5.0,2572.859751,168.13,1.52,-5.35,-26.77,7.48,-4.75,1,3409
5.0,2572.869751,165.06,1.6,-2.02,-26.66,10.3,-1.75,1,4295
5.0,2572.879751,161.54,1.67,1.68,-26.64,12.11,1.75,1,4167
5.0,2572.889751,157.76,1.76,5.57,-26.58,12.73,5.75,1,4049
5.0,2572.899751,153.98,1.86,9.7,-26.49,12.11,9.25,1,3929
5.0,2572.909751,151.96,2.0,13.84,-26.38,10.3,11.25,1,3784
5.0,2572.919751,150.47,2.11,16.79,-26.29,7.48,12.25,1,3665
5.0,2572.929751,150.47,2.1,17.23,-26.27,3.93,12.25,1,3529
5.0,2572.939751,151.08,2.06,16.8,-26.3,-0.0,11.25,1,3402
5.0,2572.949751,152.84,2.04,15.47,-26.36,-3.93,9.75,1,4299
5.0,2572.959751,155.13,1.94,12.83,-26.45,-7.48,7.25,1,4171
5.0,2572.969751,157.94,1.85,10.01,-26.53,-10.3,4.25,1,4043
5.0,2572.979751,161.19,1.77,6.72,-26.6,-12.11,1.0,1,3925
5.0,2572.989751,164.97,1.7,3.04,-26.68,-12.73,-2.75,1,3788
5.0,2572.999751,168.31,1.62,-0.98,-26.77,-12.11,-6.0,1,3661
5.0,2573.009751,170.33,1.52,-4.99,-26.85,-10.3,-8.0,1,3525
5.0,2573.019751,171.12,1.46,-7.63,-26.89,-7.48,-8.75,1,3406
5.0,2573.029751,171.12,1.48,-7.87,-26.87,-3.93,-8.5,1,4295
5.0,2573.039751,170.86,1.51,-6.86,-26.86,-0.0,-7.5,1,4168
5.0,2573.049751,169.28,1.51,-5.67,-26.83,3.93,-5.75,1,4039
5.0,2573.059750,166.73,1.56,-4.06,-26.75,7.48,-3.25,1,3929
5.0,2573.069751,163.83,1.65,-0.64,-26.65,10.3,-0.25,1,3784
5.0,2573.079751,160.22,1.71,2.99,-26.62,12.11,3.25,1,3657
5.0,2573.089751,156.8,1.79,6.77,-26.55,12.73,6.75,1,3530
5.0,2573.099751,153.9,1.9,10.69,-26.46,12.11,9.25,1,3403
5.0,2573.109751,152.4,2.01,14.12,-26.37,10.3,10.75,1,4291
5.0,2573.119751,151.52,2.06,15.85,-26.32,7.48,11.25,1,4173
5.0,2573.129751,151.88,2.05,15.87,-26.32,3.93,10.75,1,4044
5.0,2573.139751,153.11,2.01,15.11,-26.36,0.0,9.25,1,3925
5.0,2573.149751,155.13,1.93,13.03,-26.46,-3.93,7.25,1,3789
5.0,2573.159751,157.68,1.87,10.18,-26.54,-7.48,4.75,1,3662
5.0,2573.169751,160.75,1.81,7.11,-26.59,-10.3,1.5,1,3525
5.0,2573.179751,164.36,1.73,3.64,-26.66,-12.11,-2.0,1,3401
5.0,2573.189751,168.13,1.64,-0.21,-26.76,-12.73,-5.75,1,4297
5.0,2573.199751,171.56,1.54,-4.29,-26.83,-12.11,-9.25,1,4168
5.0,2573.209751,173.85,1.46,-8.46,-26.9,-10.3,-11.25,1,4041
5.0,2573.219750,174.55,1.4,-11.02,-26.93,-7.48,-12.25,1,3921
5.0,2573.229751,174.64,1.42,-11.28,-26.92,-3.93,-12.0,1,3785
5.0,2573.239751,174.2,1.44,-10.31,-26.9,-0.0,-10.75,1,3657
5.0,2573.249751,172.44,1.45,-9.04,-26.87,3.93,-9.0,1,3530
5.0,2573.259751,169.89,1.49,-7.21,-26.79,7.48,-6.25,1,3402
5.0,2573.269751,166.73,1.58,-3.61,-26.7,10.3,-3.25,1,4292
5.0,2573.279751,163.21,1.65,0.03,-26.67,12.11,0.25,1,4164
5.0,2573.289751,159.35,1.72,3.96,-26.59,12.73,4.25,1,4044
5.0,2573.299751,155.39,1.83,8.19,-26.52,12.11,7.75,1,3925
5.0,2573.309751,153.28,1.96,12.46,-26.42,10.3,9.75,1,3789
5.0,2573.319751,151.88,2.06,15.49,-26.32,7.48,11.0,1,3662
5.0,2573.329751,151.61,2.06,16.04,-26.31,3.93,11.0,1,3525
5.0,2573.339751,152.4,2.03,15.61,-26.33,-0.0,10.0,1,3398
5.0,2573.349751,154.07,2.0,14.35,-26.38,-3.93,8.25,1,4296
5.0,2573.359751,156.36,1.91,11.54,-26.51,-7.48,6.0,1,4167
5.0,2573.369751,159.35,1.84,8.7,-26.58,-10.3,3.0,1,4040
5.0,2573.379751,162.6,1.76,5.37,-26.63,-12.11,-0.25,1,3921
5.0,2573.389751,166.29,1.68,1.72,-26.71,-12.73,-4.0,1,3786
5.0,2573.399751,169.54,1.6,-2.3,-26.79,-12.11,-7.25,1,3658
5.0,2573.409751,171.65,1.51,-6.35,-26.87,-10.3,-9.25,1,3521
5.0,2573.419751,172.35,1.45,-8.9,-26.91,-7.48,-10.0,1,3402
5.0,2573.429751,172.44,1.48,-9.11,-26.9,-3.93,-10.0,1,4292
5.0,2573.439751,172.35,1.51,-8.1,-26.87,0.0,-9.0,1,4165
5.0,2573.449751,170.6,1.51,-6.93,-26.85,3.93,-7.25,1,4036
5.0,2573.459750,168.13,1.55,-5.46,-26.77,7.48,-4.75,1,3926
5.0,2573.469751,165.15,1.62,-2.22,-26.66,10.3,-1.75,1,3781
5.0,2573.479751,161.72,1.69,1.52,-26.64,12.11,1.75,1,3662
5.0,2573.489751,157.94,1.78,5.37,-26.58,12.73,5.5,1,3526
5.0,2573.499751,154.25,1.88,9.49,-26.49,12.11,9.0,1,3401
5.0,2573.509751,152.31,2.02,13.59,-26.38,10.3,11.25,1,4296
5.0,2573.519751,150.73,2.13,16.37,-26.29,7.48,12.0,1,4169
5.0,2573.529751,150.47,2.13,16.8,-26.28,3.93,12.0,1,4040
5.0,2573.539751,151.08,2.11,16.73,-26.29,0.0,11.25,1,3922
5.0,2573.549751,152.75,2.07,15.55,-26.35,-3.93,9.5,1,3785
5.0,2573.559751,155.04,1.97,12.8,-26.49,-7.48,7.25,1,3658
5.0,2573.569751,157.94,1.9,9.97,-26.57,-10.3,4.25,1,3522
5.0,2573.579751,161.19,1.82,6.62,-26.6,-12.11,1.0,1,3395
5.0,2573.589751,164.97,1.75,2.97,-26.68,-12.73,-2.75,1,4293
5.0,2573.599751,168.22,1.66,-1.04,-26.78,-12.11,-6.0,1,4165
5.0,2573.609751,170.24,1.57,-5.11,-26.86,-10.3,-8.0,1,4037
5.0,2573.619750,171.21,1.5,-7.75,-26.9,-7.48,-8.75,1,3918
5.0,2573.629751,171.12,1.53,-7.97,-26.89,-3.93,-8.75,1,3781
5.0,2573.639751,170.86,1.55,-6.94,-26.87,-0.0,-7.75,1,3654
5.0,2573.649751,169.28,1.56,-5.74,-26.84,3.93,-5.75,1,3526
5.0,2573.659751,166.82,1.6,-4.12,-26.75,7.48,-3.25,1,3399
5.0,2573.669751,163.74,1.69,-0.61,-26.63,10.3,-0.25,1,4288
5.0,2573.679751,160.14,1.75,3.04,-26.63,12.11,3.25,1,4161
5.0,2573.689751,156.8,1.83,6.84,-26.56,12.73,6.75,1,4040
5.0,2573.699751,153.98,1.94,10.8,-26.47,12.11,9.25,1,3922
5.0,2573.709751,152.4,2.05,14.17,-26.37,10.3,10.75,1,3786
5.0,2573.719751,151.7,2.1,15.67,-26.32,7.48,11.25,1,3658
5.0,2573.729751,151.61,2.09,15.6,-26.32,3.93,10.75,1,3522
5.0,2573.739751,152.75,2.07,15.14,-26.33,0.0,9.25,1,3395
5.0,2573.749751,154.86,2.0,13.47,-26.43,-3.93,7.25,1,4292
5.0,2573.759751,157.32,1.9,10.44,-26.57,-7.48,4.75,1,4164
5.0,2573.769751,160.49,1.84,7.29,-26.6,-10.3,1.75,1,4045
5.0,2573.779751,164.0,1.77,3.84,-26.66,-12.11,-1.75,1,3918
5.0,2573.789751,167.87,1.68,0.0,-26.76,-12.73,-5.75,1,3782
5.0,2573.799751,171.3,1.59,-4.08,-26.84,-12.11,-9.0,1,3654
5.0,2573.809751,173.58,1.5,-8.27,-26.91,-10.3,-11.25,1,3527
5.0,2573.819751,174.38,1.45,-10.84,-26.93,-7.48,-12.0,1,3399
5.0,2573.829751,174.46,1.47,-11.12,-26.93,-3.93,-11.75,1,4288
5.0,2573.839751,174.02,1.48,-10.19,-26.9,0.0,-10.75,1,4161
5.0,2573.849751,172.35,1.5,-8.95,-26.88,3.93,-8.75,1,4051
5.0,2573.859750,169.98,1.54,-7.18,-26.8,7.48,-6.25,1,3922
5.0,2573.869751,166.82,1.63,-3.6,-26.7,10.3,-3.25,1,3777
5.0,2573.879751,163.21,1.69,0.05,-26.68,12.11,0.25,1,3658
5.0,2573.889751,159.43,1.76,3.93,-26.61,12.73,4.25,1,3524
5.0,2573.899751,155.57,1.86,8.11,-26.53,12.11,7.75,1,3408
5.0,2573.909751,153.46,1.99,12.4,-26.42,10.3,9.75,1,4293
5.0,2573.919751,152.31,2.09,15.19,-26.33,7.48,10.75,1,4164
5.0,2573.929751,151.88,2.08,15.53,-26.31,3.93,10.75,1,4045
5.0,2573.939751,152.4,2.07,15.32,-26.32,-0.0,10.0,1,3918
5.0,2573.949751,154.07,2.03,14.16,-26.39,-3.93,8.25,1,3782
5.0,2573.959751,156.36,1.93,11.74,-26.51,-7.48,5.75,1,3654
5.0,2573.969751,159.43,1.86,8.63,-26.59,-10.3,3.0,1,3518
5.0,2573.979751,162.51,1.79,5.3,-26.63,-12.11,-0.25,1,3401
5.0,2573.989751,166.38,1.72,1.65,-26.72,-12.73,-4.25,1,4290
5.0,2573.999751,169.63,1.63,-2.38,-26.8,-12.11,-7.25,1,4161
5.0,2574.009751,171.74,1.54,-6.49,-26.88,-10.3,-9.25,1,4042
5.0,2574.019750,172.44,1.48,-9.1,-26.92,-7.48,-10.25,1,3914
5.0,2574.029751,172.62,1.51,-9.31,-26.91,-3.93,-10.25,1,3778
5.0,2574.039751,172.44,1.53,-8.3,-26.88,-0.0,-9.25,1,3650
5.0,2574.049751,170.95,1.53,-7.19,-26.86,3.93,-7.5,1,3523
5.0,2574.059751,168.66,1.56,-5.79,-26.77,7.48,-5.25,1,3421
5.0,2574.069751,165.59,1.64,-2.65,-26.66,10.3,-2.25,1,4284
5.0,2574.079751,162.07,1.72,1.12,-26.66,12.11,1.25,1,4157
5.0,2574.089751,158.47,1.8,4.92,-26.59,12.73,5.25,1,4047
5.0,2574.099751,154.86,1.9,8.95,-26.5,12.11,8.5,1,3918
5.0,2574.109751,152.84,2.03,13.0,-26.4,10.3,10.75,1,3782
5.0,2574.119751,151.44,2.14,15.65,-26.31,7.48,11.5,1,3655
5.0,2574.129751,151.08,2.13,16.16,-26.31,3.93,11.25,1,3519
5.0,2574.139751,151.96,2.11,15.97,-26.31,0.0,10.25,1,3417
5.0,2574.149751,153.63,2.06,14.67,-26.38,-3.93,8.75,1,4289
5.0,2574.159751,155.92,1.95,11.97,-26.52,-7.48,6.25,1,4160
5.0,2574.169751,158.91,1.89,8.96,-26.6,-10.3,3.25,1,4042
5.0,2574.179751,162.16,1.81,5.68,-26.63,-12.11,-0.0,1,3906
5.0,2574.189751,165.94,1.75,1.98,-26.72,-12.73,-3.75,1,3778
5.0,2574.199751,169.19,1.68,-2.14,-26.8,-12.11,-7.25,1,3651
5.0,2574.209751,171.39,1.59,-6.23,-26.88,-10.3,-9.25,1,3515
5.0,2574.219751,172.18,1.52,-8.81,-26.93,-7.48,-10.0,1,3413
5.0,2574.229751,172.18,1.55,-9.05,-26.92,-3.93,-9.75,1,4285
5.0,2574.239751,172.0,1.59,-8.05,-26.89,-0.0,-8.75,1,4158
5.0,2574.249751,170.51,1.59,-6.88,-26.87,3.93,-7.0,1,4046
5.0,2574.259750,167.96,1.64,-5.36,-26.77,7.48,-4.75,1,3910
5.0,2574.269751,164.97,1.74,-2.04,-26.65,10.3,-1.5,1,3774
5.0,2574.279751,161.54,1.8,1.62,-26.66,12.11,2.0,1,3655
5.0,2574.289751,157.85,1.9,5.46,-26.58,12.73,5.75,1,3520
5.0,2574.299751,154.42,2.0,9.54,-26.49,12.11,9.25,1,3419
5.0,2574.309751,152.05,2.14,13.62,-26.38,10.3,11.25,1,4289
5.0,2574.319751,151.0,2.24,16.43,-26.3,7.48,12.25,1,4162
5.0,2574.329751,151.0,2.25,16.77,-26.3,3.93,12.25,1,4043
5.0,2574.339751,151.08,2.22,16.01,-26.31,-0.0,11.25,1,3862
5.0,2574.349751,152.4,2.2,14.9,-26.36,-3.93,9.5,1,3779
5.0,2574.359751,154.6,2.12,13.34,-26.47,-7.48,7.25,1,3651
5.0,2574.369751,157.5,2.0,10.17,-26.65,-10.3,4.25,1,3515
5.0,2574.379751,160.75,1.94,6.77,-26.69,-12.11,1.0,1,3423
5.0,2574.389751,164.62,1.88,3.1,-26.74,-12.73,-2.75,1,4286
5.0,2574.399751,167.78,1.8,-0.94,-26.82,-12.11,-6.0,1,4158
5.0,2574.409751,169.89,1.7,-5.03,-26.89,-10.3,-8.0,1,4039
5.0,2574.419750,170.68,1.64,-7.64,-26.96,-7.48,-8.75,1,3910
5.0,2574.429751,170.68,1.66,-7.87,-26.97,-3.93,-8.75,1,3774
6.0,2576.469751,163.83,2.02,-1.3,-26.88,7.26,-1.25,1,4264
6.0,2576.479751,161.46,2.06,0.44,-26.78,9.6,1.5,1,4152
6.0,2576.489751,158.47,2.13,4.09,-26.67,10.59,4.5,1,4025
6.0,2576.499751,155.74,2.19,7.54,-26.65,10.09,7.25,1,3889
6.0,2576.509751,154.07,2.29,10.97,-26.55,8.18,8.75,1,3761
6.0,2576.519751,153.63,2.33,13.24,-26.48,5.11,9.25,1,3626
6.0,2576.529754,153.72,2.31,13.24,-26.48,1.33,8.5,1,3536
6.0,2576.539751,154.6,2.28,12.07,-26.53,-2.64,7.25,1,4396
6.0,2576.549751,156.53,2.24,10.85,-26.6,-6.24,5.0,1,4268
6.0,2576.559751,159.17,2.18,8.68,-26.69,-8.96,2.5,1,4148
6.0,2576.569751,162.25,2.1,5.05,-26.78,-10.42,-0.75,1,4021
6.0,2576.579751,165.85,2.03,1.57,-26.84,-10.42,-4.25,1,3894
6.0,2576.589751,168.93,1.96,-2.29,-26.91,-8.96,-7.25,1,3766
6.0,2576.599750,170.6,1.87,-6.17,-26.99,-6.24,-9.0,1,3630
6.0,2576.609751,171.3,1.81,-8.55,-27.05,-2.64,-9.75,1,3528
6.0,2576.619751,171.12,1.82,-8.51,-27.05,1.33,-9.25,1,4391
6.0,2576.629751,170.6,1.86,-7.31,-27.0,5.11,-7.75,1,4264
6.0,2576.639751,168.49,1.88,-6.05,-26.96,8.18,-5.5,1,4153
6.0,2576.649751,165.76,1.93,-3.94,-26.85,10.09,-2.75,1,4017
6.0,2576.659751,162.6,1.99,0.08,-26.74,10.59,0.25,1,3889
6.0,2576.669751,159.7,2.05,3.71,-26.71,9.6,3.25,1,3762
6.0,2576.679751,157.94,2.12,7.33,-26.63,7.26,5.0,1,3626
6.0,2576.689754,157.32,2.16,9.67,-26.57,3.91,5.75,1,3527
6.0,2576.699751,157.32,2.14,9.81,-26.55,0.0,5.25,1,4396
6.0,2576.709751,157.85,2.1,8.77,-26.59,-3.91,4.0,1,4267
6.0,2576.719751,159.61,2.07,7.79,-26.62,-7.26,2.25,1,4149
6.0,2576.729751,162.07,2.03,6.07,-26.72,-9.6,-0.25,1,4013
6.0,2576.739751,164.97,1.96,2.45,-26.87,-10.59,-3.25,1,3885
6.0,2576.749751,167.78,1.88,-0.93,-26.87,-10.09,-6.0,1,3766
6.0,2576.759751,169.19,1.81,-4.48,-26.95,-8.18,-7.5,1,3622
6.0,2576.769751,169.54,1.74,-6.65,-27.0,-5.11,-7.75,1,3529
6.0,2576.779751,169.45,1.76,-6.51,-26.99,-1.33,-7.25,1,4392
6.0,2576.789751,168.75,1.78,-5.33,-26.95,2.64,-5.75,1,4265
6.0,2576.799750,166.64,1.8,-4.15,-26.9,6.24,-3.75,1,4153
6.0,2576.809751,163.92,1.84,-2.01,-26.82,8.96,-1.0,1,4017
6.0,2576.819751,160.75,1.9,1.93,-26.73,10.42,2.25,1,3890
6.0,2576.829751,157.59,1.98,5.43,-26.69,10.42,5.5,1,3762
6.0,2576.839751,155.04,2.06,9.16,-26.6,8.96,7.75,1,3626
6.0,2576.849751,153.72,2.14,12.34,-26.51,6.24,9.25,1,3525
6.0,2576.859751,153.54,2.17,13.7,-26.47,2.64,9.25,1,4391
6.0,2576.869750,153.46,2.15,13.24,-26.49,-1.33,8.75,1,4268
6.0,2576.879751,154.78,2.12,12.18,-26.52,-5.11,7.25,1,4149
6.0,2576.889751,156.88,2.08,10.83,-26.6,-8.18,5.0,1,4013
6.0,2576.899751,159.61,2.02,8.29,-26.71,-10.09,2.25,1,3886
6.0,2576.909751,162.77,1.94,4.69,-26.76,-10.59,-1.0,1,3758
6.0,2576.919751,165.67,1.87,1.11,-26.84,-9.6,-4.0,1,3622
6.0,2576.929751,167.34,1.79,-2.55,-26.9,-7.26,-5.75,1,3529
6.0,2576.939751,167.96,1.73,-5.0,-26.97,-3.91,-6.25,1,4392
6.0,2576.949751,167.78,1.75,-5.04,-26.97,0.0,-5.75,1,4265
6.0,2576.959750,167.43,1.77,-3.89,-26.93,3.91,-4.75,1,4145
6.0,2576.969750,165.5,1.77,-2.74,-26.88,7.26,-2.75,1,4018
6.0,2576.979751,162.95,1.8,-1.05,-26.8,9.6,-0.0,1,3890
6.0,2576.989751,159.96,1.88,2.57,-26.7,10.59,3.0,1,3763
6.0,2576.999751,157.24,1.96,6.17,-26.67,10.09,5.75,1,3627
6.0,2577.009751,155.48,2.05,9.62,-26.59,8.18,7.25,1,3525
6.0,2577.019751,154.78,2.11,11.92,-26.52,5.11,7.75,1,4388
6.0,2577.029751,154.69,2.11,12.07,-26.52,1.33,7.5,1,4259
6.0,2577.039751,155.65,2.08,11.4,-26.56,-2.64,6.25,1,4149
6.0,2577.049751,157.41,2.05,10.1,-26.61,-6.24,4.25,1,4014
6.0,2577.059751,159.87,1.99,7.97,-26.7,-8.96,2.0,1,3886
6.0,2577.069751,162.86,1.93,4.62,-26.78,-10.42,-1.0,1,3758
6.0,2577.079751,166.2,1.86,1.21,-26.83,-10.42,-4.5,1,3623
6.0,2577.089751,169.37,1.79,-2.49,-26.9,-8.96,-7.5,1,3533
6.0,2577.099751,170.86,1.7,-6.35,-26.98,-6.24,-9.25,1,4393
6.0,2577.109750,171.39,1.64,-8.64,-27.02,-2.64,-9.75,1,4265
6.0,2577.119751,171.39,1.67,-8.55,-27.02,1.33,-9.25,1,4146
6.0,2577.129750,170.6,1.69,-7.3,-26.97,5.11,-7.75,1,4018
6.0,2577.139751,168.57,1.71,-6.01,-26.92,8.18,-5.5,1,3891
6.0,2577.149751,165.76,1.76,-3.86,-26.83,10.09,-2.75,1,3763
6.0,2577.159751,162.51,1.82,0.2,-26.73,10.59,0.5,1,3627
6.0,2577.169751,159.61,1.9,3.87,-26.71,9.6,3.5,1,3526
6.0,2577.179751,157.68,1.98,7.54,-26.62,7.26,5.25,1,4388
6.0,2577.189751,156.88,2.06,9.91,-26.56,3.91,5.75,1,4260
6.0,2577.199751,156.88,2.05,10.17,-26.56,0.0,5.5,1,4150
6.0,2577.209751,157.5,2.02,9.38,-26.58,-3.91,4.25,1,4014
6.0,2577.219751,159.26,1.98,8.25,-26.62,-7.26,2.5,1,3886
6.0,2577.229751,161.63,1.94,6.28,-26.71,-9.6,0.25,1,3759
6.0,2577.239751,164.62,1.89,2.88,-26.83,-10.59,-2.75,1,3623
6.0,2577.249751,167.17,1.81,-0.38,-26.86,-10.09,-5.5,1,3523
6.0,2577.259751,168.75,1.75,-3.97,-26.93,-8.18,-7.0,1,4384
6.0,2577.269750,169.1,1.71,-6.09,-26.99,-5.11,-7.25,1,4264
6.0,2577.279751,169.1,1.72,-6.02,-26.97,-1.33,-6.75,1,4147
6.0,2577.289750,168.05,1.73,-4.82,-26.92,2.64,-5.25,1,4010
6.0,2577.299750,166.03,1.76,-3.5,-26.87,6.24,-3.0,1,3882
6.0,2577.309751,163.3,1.81,-1.28,-26.79,8.96,-0.25,1,3763
6.0,2577.319751,160.22,1.89,2.58,-26.72,10.42,2.75,1,3619
6.0,2577.329751,156.97,1.98,6.0,-26.67,10.42,6.0,1,3527
6.0,2577.339751,154.42,2.05,9.76,-26.58,8.96,8.5,1,4389
6.0,2577.349751,153.11,2.14,12.96,-26.51,6.24,9.75,1,4260
6.0,2577.359751,152.75,2.18,14.33,-26.47,2.64,10.0,1,4150
6.0,2577.369751,152.84,2.15,13.86,-26.48,-1.33,9.25,1,4014
6.0,2577.379751,154.25,2.12,12.87,-26.51,-5.11,7.75,1,3887
6.0,2577.389751,156.53,2.08,11.35,-26.59,-8.18,5.25,1,3759
6.0,2577.399751,159.08,2.01,8.61,-26.71,-10.09,2.75,1,3623
6.0,2577.409751,162.33,1.94,5.13,-26.76,-10.59,-0.75,1,3523
6.0,2577.419751,165.23,1.87,1.54,-26.83,-9.6,-3.5,1,4385
6.0,2577.429753,166.9,1.79,-2.15,-26.9,-7.26,-5.25,1,4260
6.0,2577.439750,167.34,1.74,-4.53,-26.96,-3.91,-5.75,1,4147
6.0,2577.449751,167.26,1.76,-4.53,-26.98,0.0,-5.25,1,4010
6.0,2577.459750,166.73,1.78,-3.37,-26.93,3.91,-3.75,1,3883
6.0,2577.469750,164.79,1.79,-2.15,-26.87,7.26,-1.75,1,3755
6.0,2577.479751,162.16,1.83,-0.21,-26.8,9.6,0.75,1,3619
6.0,2577.489751,159.08,1.92,3.6,-26.7,10.59,4.0,1,4518
6.0,2577.499751,156.18,2.01,7.05,-26.65,10.09,6.75,1,4389
6.0,2577.509754,154.42,2.1,10.7,-26.58,8.18,8.25,1,4264
6.0,2577.519751,153.54,2.19,12.94,-26.53,5.11,9.25,1,4142
6.0,2577.529751,153.19,2.18,12.97,-26.52,1.33,9.75,1,4006
6.0,2577.539751,153.11,2.16,12.78,-26.51,-2.64,9.0,1,3887
6.0,2577.549751,154.16,2.16,12.5,-26.53,-6.24,7.75,1,3751
6.0,2577.559751,156.09,2.11,11.34,-26.6,-8.96,5.5,1,3623
6.0,2577.569751,158.73,2.04,9.1,-26.69,-10.42,3.0,1,4514
6.0,2577.579751,161.81,1.98,5.49,-26.78,-10.42,-0.25,1,4386
6.0,2577.589752,164.71,1.91,2.0,-26.83,-8.96,-3.0,1,4258
6.0,2577.599750,166.11,1.83,-1.59,-26.9,-6.24,-4.5,1,4146
6.0,2577.609750,166.64,1.78,-3.9,-26.96,-2.64,-5.0,1,4010
6.0,2577.619751,166.64,1.8,-3.79,-26.98,1.33,-4.5,1,3883
6.0,2577.629750,165.94,1.82,-2.64,-26.92,5.11,-3.25,1,3746
6.0,2577.639751,163.92,1.84,-1.42,-26.87,8.18,-1.0,1,3619
6.0,2577.649751,161.19,1.9,0.6,-26.78,10.09,1.75,1,4511
6.0,2577.659751,158.03,1.98,4.46,-26.7,10.59,4.75,1,4382
6.0,2577.669753,155.3,2.06,7.97,-26.65,9.6,7.75,1,4264
6.0,2577.679751,153.54,2.17,11.55,-26.56,7.26,9.25,1,4142
6.0,2577.689751,152.93,2.23,13.84,-26.5,3.91,9.75,1,4006
6.0,2577.699751,152.93,2.22,13.94,-26.49,0.0,9.25,1,3879
6.0,2577.709751,153.81,2.18,12.99,-26.53,-3.91,8.0,1,3751
6.0,2577.719751,155.65,2.14,11.74,-26.58,-7.26,6.0,1,3615
6.0,2577.729751,158.29,2.08,9.65,-26.66,-9.6,3.5,1,4516
6.0,2577.739751,161.19,2.02,6.09,-26.76,-10.59,0.25,1,4386
6.0,2577.749754,164.44,1.95,2.71,-26.82,-10.09,-2.75,1,4261
6.0,2577.759751,166.64,1.89,-1.0,-26.89,-8.18,-5.0,1,4139
6.0,2577.769750,167.78,1.82,-4.06,-26.96,-5.11,-6.25,1,4011
6.0,2577.779751,167.96,1.81,-5.27,-27.0,-1.33,-6.25,1,3883
6.0,2577.789750,167.78,1.82,-4.67,-26.98,2.64,-5.5,1,3747
6.0,2577.799751,166.73,1.84,-3.48,-26.94,6.24,-3.75,1,3620
6.0,2577.809751,164.44,1.86,-2.19,-26.86,8.96,-1.75,1,4512
6.0,2577.819751,161.72,1.91,0.35,-26.77,10.42,1.25,1,4382
6.0,2577.829753,158.47,2.0,4.17,-26.72,10.42,4.5,1,4264
6.0,2577.839751,155.48,2.09,7.69,-26.64,8.96,7.25,1,4143
6.0,2577.849751,153.81,2.16,11.32,-26.56,6.24,9.0,1,4006
6.0,2577.859751,153.37,2.24,13.68,-26.49,2.64,9.5,1,3879
6.0,2577.869751,153.28,2.24,13.71,-26.5,-1.33,9.0,1,3751
6.0,2577.879751,154.07,2.2,12.61,-26.53,-5.11,7.75,1,3616
6.0,2577.889751,156.01,2.15,11.44,-26.58,-8.18,5.75,1,4513
6.0,2577.899751,158.55,2.09,9.48,-26.66,-10.09,3.25,1,4387
6.0,2577.909754,161.54,2.03,5.76,-26.78,-10.59,-0.0,1,4261
6.0,2577.919751,164.27,1.95,2.3,-26.83,-9.6,-2.75,1,4139
6.0,2577.929750,165.94,1.87,-1.29,-26.89,-7.26,-4.25,1,4002
6.0,2577.939751,166.38,1.82,-3.63,-26.97,-3.91,-4.75,1,3883
6.0,2577.949751,166.38,1.85,-3.57,-26.98,-0.0,-4.25,1,3747
6.0,2577.959751,165.85,1.86,-2.47,-26.93,3.91,-3.25,1,3620
6.0,2577.969751,164.0,1.88,-1.37,-26.88,7.26,-1.25,1,4512
6.0,2577.979751,161.46,1.93,0.41,-26.79,9.6,1.5,1,4383
6.0,2577.989754,158.47,2.01,4.08,-26.69,10.59,4.5,1,4256
6.0,2577.999751,155.65,2.07,7.56,-26.67,10.09,7.25,1,4143
6.0,2578.009751,154.16,2.17,11.01,-26.57,8.18,8.75,1,4007
6.0,2578.019751,153.63,2.22,13.3,-26.51,5.11,9.25,1,3879
6.0,2578.029751,153.54,2.22,13.32,-26.52,1.33,8.75,1,3743
6.0,2578.039751,154.51,2.18,12.23,-26.54,-2.64,7.25,1,3616
6.0,2578.049751,156.45,2.13,10.96,-26.61,-6.24,5.25,1,4505
6.0,2578.059751,158.99,2.06,8.79,-26.7,-8.96,2.5,1,4386
6.0,2578.069754,162.16,1.99,5.21,-26.79,-10.42,-0.5,1,4261
6.0,2578.079751,165.59,1.92,1.72,-26.86,-10.42,-4.0,1,4140
6.0,2578.089751,168.75,1.84,-2.15,-26.91,-8.96,-7.25,1,4003
6.0,2578.099750,170.6,1.75,-5.99,-26.99,-6.24,-8.75,1,3884
6.0,2578.109751,171.04,1.7,-8.33,-27.06,-2.64,-9.25,1,3748
6.0,2578.119751,171.04,1.72,-8.32,-27.06,1.33,-8.75,1,3620
6.0,2578.129751,170.42,1.74,-7.15,-27.01,5.11,-7.5,1,4512
6.0,2578.139751,168.13,1.75,-5.84,-26.97,8.18,-5.25,1,4382
6.0,2578.149754,165.41,1.79,-3.66,-26.87,10.09,-2.5,1,4257
6.0,2578.159751,162.25,1.85,0.44,-26.77,10.59,0.75,1,4135
6.0,2578.169751,159.35,1.93,4.04,-26.73,9.6,3.75,1,4007
6.0,2578.179751,157.41,2.01,7.71,-26.65,7.26,5.5,1,3880
6.0,2578.189751,156.88,2.08,10.11,-26.6,3.91,6.0,1,3743
6.0,2578.199751,156.71,2.06,10.26,-26.59,-0.0,5.75,1,3616
6.0,2578.209751,157.24,2.02,9.35,-26.62,-3.91,4.75,1,4505
6.0,2578.219751,158.99,1.98,8.43,-26.65,-7.26,2.75,1,4378
6.0,2578.229754,161.46,1.92,6.63,-26.73,-9.6,0.25,1,4261
6.0,2578.239751,164.36,1.83,3.08,-26.85,-10.59,-2.75,1,4139
6.0,2578.249751,167.08,1.75,-0.21,-26.88,-10.09,-5.25,1,4003
6.0,2578.259751,168.49,1.66,-3.79,-26.95,-8.18,-6.75,1,3876
6.0,2578.269750,168.93,1.6,-5.97,-27.0,-5.11,-7.25,1,3748
6.0,2578.279751,169.01,1.59,-5.86,-26.99,-1.33,-6.5,1,3612
6.0,2578.289751,167.96,1.57,-4.74,-26.96,2.64,-5.0,1,4510
6.0,2578.299751,165.94,1.55,-3.48,-26.9,6.24,-3.0,1,4382
6.0,2578.309754,163.21,1.54,-1.19,-26.83,8.96,-0.25,1,4258
6.0,2578.319751,160.31,1.6,2.61,-26.77,10.42,2.75,1,4135
6.0,2578.329751,157.06,1.72,6.03,-26.72,10.42,6.25,1,4007
6.0,2578.339751,153.9,1.84,9.9,-26.64,8.96,8.5,1,3880
6.0,2578.349751,152.84,1.93,13.58,-26.55,6.24,9.75,1,3744
6.0,2578.359751,152.67,1.88,15.49,-26.52,2.64,9.75,1,3616
6.0,2578.369751,153.46,1.9,14.69,-26.52,-1.33,9.25,1,4506
6.0,2578.379751,154.95,1.93,13.07,-26.56,-5.11,7.75,1,4378
6.0,2578.389754,157.15,1.76,10.82,-26.61,-8.18,5.25,1,4253
6.0,2578.399751,159.87,1.68,8.15,-26.62,-10.09,2.75,1,4140
6.0,2578.409751,163.12,1.67,4.97,-26.71,-10.59,-0.75,1,4003
6.0,2578.419751,165.85,1.56,1.36,-26.79,-9.6,-3.5,1,3876
6.0,2578.429750,167.52,1.46,-2.35,-26.87,-7.26,-5.25,1,3739
6.0,2578.439751,168.4,1.42,-4.67,-26.9,-3.91,-5.75,1,3612
6.0,2578.449751,168.4,1.46,-4.68,-26.86,0.0,-5.25,1,4513
6.0,2578.459751,167.17,1.44,-4.12,-26.89,3.91,-4.0,1,4383
6.0,2578.469753,165.41,1.46,-2.75,-26.87,7.26,-2.0,1,4258
6.0,2578.479751,162.77,1.48,0.06,-26.84,9.6,0.75,1,4135
6.0,2578.489751,159.7,1.53,3.37,-26.8,10.59,3.75,1,3999
6.0,2578.499751,156.53,1.63,6.86,-26.74,10.09,6.75,1,3880
6.0,2578.509751,154.42,1.76,10.56,-26.66,8.18,8.25,1,3744
6.0,2578.519751,153.54,1.84,13.59,-26.57,5.11,9.25,1,3616
6.0,2578.529751,153.19,1.82,14.4,-26.54,1.33,9.5,1,4506
6.0,2578.539751,153.63,1.88,13.49,-26.57,-2.64,9.0,1,4379
6.0,2578.549751,155.04,1.84,12.78,-26.61,-6.24,7.5,1,4260
6.0,2578.559751,157.15,1.79,10.95,-26.63,-8.96,5.5,1,4131
6.0,2578.569751,159.87,1.72,8.41,-26.64,-10.42,2.75,1,4003
6.0,2578.579751,162.86,1.62,5.22,-26.71,-10.42,-0.25,1,3876
6.0,2578.589751,165.59,1.58,1.71,-26.78,-8.96,-3.25,1,3740
6.0,2578.599751,167.17,1.49,-1.88,-26.86,-6.24,-4.75,1,3621
6.0,2578.609751,167.78,1.46,-4.14,-26.91,-2.64,-5.25,1,4502
6.0,2578.619751,167.87,1.49,-4.07,-26.87,1.33,-4.75,1,4374
6.0,2578.629753,166.55,1.45,-3.29,-26.89,5.11,-3.25,1,4267
6.0,2578.639751,164.53,1.46,-1.81,-26.86,8.18,-1.25,1,4136
6.0,2578.649751,161.98,1.5,0.9,-26.82,10.09,1.75,1,3999
6.0,2578.659751,158.82,1.56,4.33,-26.77,10.59,4.75,1,3872
6.0,2578.669751,155.48,1.64,7.89,-26.7,9.6,7.75,1,3745
6.0,2578.679751,153.46,1.77,11.57,-26.63,7.26,9.25,1,3617
6.0,2578.689751,153.02,1.9,14.68,-26.52,3.91,9.75,1,4506
6.0,2578.699751,153.37,1.89,15.19,-26.5,0.0,9.25,1,4380
6.0,2578.709751,154.69,1.87,13.44,-26.57,-3.91,8.0,1,4262
6.0,2578.719751,156.53,1.82,11.44,-26.6,-7.26,6.0,1,4131
6.0,2578.729751,159.08,1.76,8.98,-26.64,-9.6,3.5,1,4004
6.0,2578.739751,162.16,1.63,5.94,-26.71,-10.59,0.25,1,3876
6.0,2578.749751,165.23,1.54,2.56,-26.78,-10.09,-2.75,1,3740
6.0,2578.759751,167.61,1.5,-1.11,-26.86,-8.18,-5.0,1,3621
6.0,2578.769751,168.75,1.47,-4.22,-26.91,-5.11,-6.25,1,4502
6.0,2578.779751,168.93,1.44,-5.41,-26.9,-1.33,-6.25,1,4375
6.0,2578.789751,168.93,1.43,-4.96,-26.91,2.64,-5.5,1,4259
6.0,2578.799750,167.34,1.44,-3.86,-26.89,6.24,-4.0,1,4136
6.0,2578.809751,165.23,1.44,-2.32,-26.86,8.96,-1.75,1,4000
6.0,2578.819751,162.6,1.47,0.28,-26.82,10.42,1.0,1,3872
6.0,2578.829751,159.26,1.55,3.86,-26.76,10.42,4.25,1,3736
6.0,2578.839751,156.01,1.64,7.51,-26.7,8.96,7.25,1,3626
6.0,2578.849751,153.9,1.8,11.37,-26.61,6.24,8.75,1,4506
6.0,2578.859751,153.37,1.82,14.34,-26.55,2.64,9.25,1,4379
6.0,2578.869751,153.81,1.84,14.84,-26.52,-1.33,8.75,1,4262
6.0,2578.879751,155.13,1.89,13.17,-26.55,-5.11,7.5,1,4132
6.0,2578.889751,157.15,1.79,11.03,-26.62,-8.18,5.5,1,3996
6.0,2578.899751,159.79,1.72,8.46,-26.67,-10.09,2.75,1,3877
6.0,2578.909751,162.77,1.63,5.37,-26.72,-10.59,-0.25,1,3741
6.0,2578.919751,165.59,1.55,1.84,-26.78,-9.6,-3.0,1,3640
6.0,2578.929751,167.26,1.49,-1.75,-26.88,-7.26,-4.75,1,4502
6.0,2578.939751,167.96,1.47,-4.06,-26.91,-3.91,-5.25,1,4375
6.0,2578.949751,168.05,1.49,-4.12,-26.87,-0.0,-4.75,1,4256
6.0,2578.959751,166.82,1.43,-3.57,-26.9,3.91,-3.25,1,4120
6.0,2578.969750,164.79,1.45,-2.09,-26.87,7.26,-1.25,1,4000
6.0,2578.979751,162.16,1.49,0.89,-26.8,9.6,1.25,1,3873
6.0,2578.989751,159.26,1.53,4.04,-26.77,10.59,4.5,1,3736
6.0,2578.999751,155.74,1.64,7.54,-26.71,10.09,7.25,1,3645
6.0,2579.009751,153.98,1.81,11.31,-26.61,8.18,8.75,1,4498
6.0,2579.019751,153.37,1.84,14.36,-26.54,5.11,9.25,1,4371
6.0,2579.029751,153.9,1.82,14.69,-26.53,1.33,8.75,1,4260
6.0,2579.039751,155.21,1.88,13.12,-26.56,-2.64,7.5,1,4123
6.0,2579.049751,157.15,1.78,11.03,-26.61,-6.24,5.5,1,3996
6.0,2579.059751,159.7,1.68,8.47,-26.65,-8.96,3.0,1,3868
6.0,2579.069751,162.69,1.6,5.45,-26.69,-10.42,-0.25,1,3741
6.0,2579.079751,166.38,1.56,1.97,-26.77,-10.42,-3.75,1,3632
6.0,2579.089751,169.37,1.49,-1.87,-26.86,-8.96,-6.75,1,4503
6.0,2579.099751,171.04,1.35,-5.86,-26.97,-6.24,-8.5,1,4375
6.0,2579.109751,172.09,1.32,-8.16,-26.98,-2.64,-9.0,1,4257
6.0,2579.119751,171.91,1.39,-8.19,-26.94,1.33,-8.5,1,4120
6.0,2579.129750,170.68,1.32,-7.88,-26.95,5.11,-7.25,1,4000
6.0,2579.139751,168.57,1.35,-6.13,-26.93,8.18,-5.25,1,3873
6.0,2579.149751,165.94,1.42,-2.75,-26.86,10.09,-2.25,1,3737
6.0,2579.159751,162.69,1.52,0.48,-26.81,10.59,0.75,1,3636
6.0,2579.169751,159.35,1.59,4.09,-26.75,9.6,3.75,1,4500
6.0,2579.179751,157.32,1.68,7.85,-26.67,7.26,5.5,1,4370
6.0,2579.189751,156.71,1.72,10.98,-26.59,3.91,6.0,1,4260
6.0,2579.199751,156.97,1.72,11.69,-26.6,-0.0,5.75,1,4124
6.0,2579.209751,158.12,1.8,10.07,-26.63,-3.91,4.75,1,3996
6.0,2579.219751,159.96,1.7,8.22,-26.68,-7.26,2.75,1,3869
6.0,2579.229751,162.33,1.62,5.86,-26.72,-9.6,0.25,1,3732
6.0,2579.239751,165.32,1.56,2.92,-26.77,-10.59,-2.75,1,3641
6.0,2579.249751,167.96,1.51,-0.36,-26.85,-10.09,-5.25,1,4504
6.0,2579.259751,169.37,1.41,-3.94,-26.92,-8.18,-6.75,1,4376
6.0,2579.269750,169.89,1.39,-6.1,-26.94,-5.11,-7.25,1,4251
6.0,2579.279751,169.8,1.42,-6.01,-26.92,-1.33,-6.75,1,4120
6.0,2579.289751,168.57,1.4,-5.03,-26.89,2.64,-5.25,1,4001
6.0,2579.299750,166.55,1.41,-3.55,-26.88,6.24,-3.0,1,3873
6.0,2579.309751,163.83,1.44,-1.12,-26.85,8.96,-0.25,1,3737
6.0,2579.319751,160.84,1.55,2.46,-26.78,10.42,2.75,1,3636
6.0,2579.329751,157.59,1.67,6.0,-26.71,10.42,6.0,1,4500
6.0,2579.339751,154.34,1.74,9.76,-26.63,8.96,8.5,1,4372
6.0,2579.349751,153.11,1.82,13.23,-26.56,6.24,9.75,1,4251
6.0,2579.359751,152.84,1.88,15.34,-26.51,2.64,10.0,1,4115
6.0,2579.369751,153.54,1.91,15.07,-26.5,-1.33,9.25,1,3996
6.0,2579.379751,155.04,1.85,13.15,-26.56,-5.11,7.75,1,3869
6.0,2579.389751,157.32,1.8,10.96,-26.6,-8.18,5.25,1,3733
6.0,2579.399752,160.14,1.68,8.24,-26.63,-10.09,2.75,1,3642
6.0,2579.409751,163.21,1.56,4.97,-26.7,-10.59,-0.75,1,4496
6.0,2579.419751,166.03,1.56,1.38,-26.78,-9.6,-3.5,1,4377
6.0,2579.429750,167.78,1.49,-2.31,-26.89,-7.26,-5.25,1,4260
6.0,2579.439751,168.75,1.42,-4.7,-26.92,-3.91,-5.75,1,4121
6.0,2579.449751,168.75,1.45,-4.79,-26.88,0.0,-5.25,1,3992
6.0,2579.459751,167.43,1.43,-4.29,-26.9,3.91,-4.0,1,3865
6.0,2579.469750,165.5,1.45,-2.68,-26.87,7.26,-1.75,1,3738
6.0,2579.479751,162.86,1.47,0.21,-26.81,9.6,0.75,1,3637
6.0,2579.489751,159.7,1.58,3.47,-26.75,10.59,3.75,1,4500
6.0,2579.499751,156.53,1.68,6.97,-26.69,10.09,6.75,1,4373
6.0,2579.509751,154.51,1.78,10.7,-26.61,8.18,8.25,1,4252
6.0,2579.519751,153.46,1.8,13.66,-26.54,5.11,9.25,1,4115
6.0,2579.529751,153.19,1.82,14.36,-26.51,1.33,9.5,1,3997
6.0,2579.539751,153.63,1.93,13.66,-26.53,-2.64,9.0,1,3869
6.0,2579.549751,155.04,1.83,12.9,-26.58,-6.24,7.75,1,3733
6.0,2579.559751,157.24,1.77,11.03,-26.62,-8.96,5.5,1,3633
6.0,2579.569751,159.87,1.74,8.53,-26.66,-10.42,2.75,1,4496
6.0,2579.579751,162.86,1.62,5.32,-26.73,-10.42,-0.25,1,4369
6.0,2579.589751,165.67,1.55,1.81,-26.79,-8.96,-3.0,1,4260
6.0,2579.599750,167.17,1.48,-1.73,-26.87,-6.24,-4.75,1,4120
6.0,2579.609751,167.78,1.46,-4.01,-26.9,-2.64,-5.0,1,3992
6.0,2579.619751,167.96,1.48,-3.97,-26.86,1.33,-4.5,1,3865
6.0,2579.629750,166.64,1.42,-3.21,-26.88,5.11,-3.25,1,3729
6.0,2579.639751,164.62,1.44,-1.72,-26.85,8.18,-1.0,1,3636
6.0,2579.649751,162.07,1.47,0.96,-26.8,10.09,1.75,1,4500
6.0,2579.659751,158.91,1.52,4.3,-26.76,10.59,4.75,1,4373
6.0,2579.669751,155.57,1.66,7.88,-26.69,9.6,7.75,1,4252
6.0,2579.679751,153.63,1.81,11.62,-26.6,7.26,9.25,1,4116
6.0,2579.689751,153.11,1.83,14.7,-26.53,3.91,9.75,1,3988
6.0,2579.699751,153.54,1.84,15.18,-26.5,0.0,9.25,1,3869
6.0,2579.709751,154.78,1.9,13.48,-26.54,-3.91,8.0,1,3734
6.0,2579.719751,156.8,1.81,11.45,-26.59,-7.26,6.0,1,3633
6.0,2579.729751,159.26,1.72,8.98,-26.64,-9.6,3.5,1,4496
6.0,2579.739751,162.33,1.6,5.93,-26.71,-10.59,0.25,1,4369
6.0,2579.749751,165.32,1.54,2.53,-26.78,-10.09,-2.75,1,4252
6.0,2579.759751,167.78,1.5,-1.13,-26.86,-8.18,-5.0,1,4122
6.0,2579.769750,169.01,1.46,-4.28,-26.9,-5.11,-6.25,1,3993
6.0,2579.779751,169.01,1.44,-5.57,-26.9,-1.33,-6.25,1,3865
6.0,2579.789763,169.01,1.43,-5.07,-26.92,2.64,-5.75,1,3742
6.0,2579.799765,167.52,1.43,-3.78,-26.89,6.24,-4.0,1,3652
6.0,2579.809764,165.41,1.43,-2.38,-26.86,8.96,-1.75,1,4505
6.0,2579.819764,162.6,1.45,0.25,-26.82,10.42,1.0,1,4386
6.0,2579.829763,159.35,1.55,3.83,-26.75,10.42,4.25,1,4265
6.0,2579.839763,155.92,1.68,7.54,-26.68,8.96,7.25,1,4129
6.0,2579.849764,154.07,1.81,11.41,-26.6,6.24,8.75,1,4003
6.0,2579.859764,153.46,1.82,14.37,-26.53,2.64,9.25,1,3884
6.0,2579.869763,153.98,1.85,14.85,-26.49,-1.33,8.75,1,3747
6.0,2579.879764,155.21,1.92,13.19,-26.54,-5.11,7.5,1,4637
6.0,2579.889764,157.24,1.79,11.07,-26.61,-8.18,5.5,1,4509
6.0,2579.899764,159.96,1.68,8.46,-26.66,-10.09,2.75,1,4382
6.0,2579.909763,162.95,1.61,5.36,-26.71,-10.59,-0.25,1,4266
6.0,2579.919763,165.76,1.57,1.84,-26.79,-9.6,-3.25,1,4126
6.0,2579.929764,167.34,1.48,-1.77,-26.88,-7.26,-4.75,1,4007
6.0,2579.939764,168.22,1.46,-4.12,-26.9,-3.91,-5.25,1,3880
6.0,2579.949767,168.22,1.48,-4.18,-26.86,-0.0,-4.75,1,3749
6.0,2579.959765,166.99,1.42,-3.73,-26.89,3.91,-3.25,1,4643
6.0,2579.969763,164.88,1.45,-2.18,-26.85,7.26,-1.25,1,4504
6.0,2579.979764,162.25,1.48,0.99,-26.79,9.6,1.25,1,4387
6.0,2579.989764,159.17,1.55,4.03,-26.75,10.59,4.5,1,4266
6.0,2579.999763,155.83,1.68,7.57,-26.68,10.09,7.25,1,4130
6.0,2580.009763,154.07,1.83,11.34,-26.59,8.18,8.75,1,4002
6.0,2580.019764,153.46,1.84,14.35,-26.53,5.11,9.25,1,3867
6.0,2580.029764,153.9,1.82,14.71,-26.5,1.33,8.75,1,3748
6.0,2580.039763,155.3,1.89,13.12,-26.54,-2.64,7.5,1,4636
6.0,2580.049763,157.24,1.79,11.05,-26.6,-6.24,5.5,1,4512
6.0,2580.059764,159.96,1.68,8.48,-26.65,-8.96,3.0,1,4383
6.0,2580.069764,162.86,1.59,5.45,-26.7,-10.42,-0.25,1,4262
6.0,2580.079763,166.38,1.56,1.96,-26.78,-10.42,-3.75,1,4126
6.0,2580.089763,169.63,1.48,-1.89,-26.87,-8.96,-6.75,1,4007
6.0,2580.099764,171.21,1.33,-5.9,-26.95,-6.24,-8.5,1,3872
6.0,2580.109764,172.27,1.32,-8.22,-26.98,-2.64,-9.0,1,3744
6.0,2580.119766,172.18,1.39,-8.24,-26.95,1.33,-8.75,1,4635
6.0,2580.129763,170.86,1.31,-7.89,-26.94,5.11,-7.25,1,4505
6.0,2580.139764,168.66,1.34,-6.18,-26.92,8.18,-5.25,1,4379
6.0,2580.149764,165.94,1.41,-2.81,-26.85,10.09,-2.25,1,4268
6.0,2580.159763,162.69,1.52,0.45,-26.8,10.59,0.75,1,4131
6.0,2580.169763,159.43,1.59,4.09,-26.74,9.6,3.75,1,4002
6.0,2580.179764,157.32,1.7,7.91,-26.65,7.26,5.5,1,3867
6.0,2580.189764,156.71,1.73,11.01,-26.58,3.91,6.25,1,3740
6.0,2580.199769,156.97,1.7,11.62,-26.58,-0.0,5.75,1,4642
6.0,2580.209763,158.12,1.79,10.15,-26.62,-3.91,4.75,1,4504
6.0,2580.219763,160.05,1.7,8.25,-26.67,-7.26,2.75,1,4382
6.0,2580.229764,162.51,1.63,5.85,-26.71,-9.6,0.25,1,4263
6.0,2580.239764,165.5,1.57,2.9,-26.77,-10.59,-2.75,1,4127
6.0,2580.249763,168.05,1.5,-0.41,-26.84,-10.09,-5.25,1,4007
6.0,2580.259763,169.54,1.41,-4.01,-26.92,-8.18,-6.75,1,3871
6.0,2580.269764,170.24,1.39,-6.17,-26.95,-5.11,-7.25,1,3745
6.0,2580.279765,170.24,1.43,-6.14,-26.94,-1.33,-6.75,1,4634
6.0,2580.289763,168.84,1.38,-5.41,-26.91,2.64,-5.25,1,4505
6.0,2580.299763,166.9,1.4,-3.81,-26.87,6.24,-3.25,1,4378
6.0,2580.309764,164.09,1.43,-1.0,-26.82,8.96,-0.25,1,4262
6.0,2580.319764,160.84,1.51,2.42,-26.79,10.42,2.75,1,4122
6.0,2580.329763,157.59,1.62,5.97,-26.71,10.42,6.0,1,4003
6.0,2580.339763,154.42,1.77,9.78,-26.62,8.96,8.5,1,3867
6.0,2580.349764,153.19,1.84,13.29,-26.54,6.24,9.75,1,3740
6.0,2580.359767,152.93,1.87,15.38,-26.5,2.64,9.75,1,4641
6.0,2580.369763,153.63,1.9,15.0,-26.49,-1.33,9.25,1,4504
6.0,2580.379763,155.21,1.87,13.14,-26.54,-5.11,7.75,1,4382
6.0,2580.389764,157.32,1.79,10.96,-26.59,-8.18,5.5,1,4265
6.0,2580.399764,160.05,1.67,8.28,-26.64,-10.09,2.75,1,4127
6.0,2580.409763,163.39,1.59,5.02,-26.71,-10.59,-0.75,1,3998
6.0,2580.419763,166.2,1.56,1.43,-26.78,-9.6,-3.5,1,3871
6.0,2580.429764,167.87,1.44,-2.34,-26.86,-7.26,-5.25,1,3745
6.0,2580.439765,168.84,1.43,-4.76,-26.91,-3.91,-5.75,1,4635
8.0,2582.459753,166.03,1.51,-1.24,-26.85,0.0,-3.25,1,4368
8.0,2582.469750,165.76,1.52,-2.01,-26.84,3.83,-2.75,1,4229
8.0,2582.479751,165.06,1.51,-1.04,-26.8,6.72,-1.25,1,4101
8.0,2582.489751,162.95,1.51,0.21,-26.78,7.94,0.75,1,3965
8.0,2582.499751,160.4,1.55,2.21,-26.76,7.2,3.25,1,3837
8.0,2582.509751,158.03,1.62,5.97,-26.69,4.68,5.75,1,4735
8.0,2582.519751,156.27,1.7,9.19,-26.62,1.0,6.75,1,4610
8.0,2582.529751,156.18,1.72,11.63,-26.57,-2.93,6.75,1,4480
8.0,2582.539754,157.24,1.75,11.92,-26.57,-6.13,5.75,1,4364
8.0,2582.549751,158.64,1.8,10.14,-26.59,-7.82,4.25,1,4228
8.0,2582.559751,160.93,1.68,7.51,-26.66,-7.57,2.0,1,4096
8.0,2582.569750,162.95,1.62,4.7,-26.73,-5.45,-0.25,1,3969
8.0,2582.579751,163.92,1.56,1.69,-26.8,-1.98,-1.25,1,3844
8.0,2582.589751,164.0,1.52,0.02,-26.83,1.98,-1.25,1,4731
8.0,2582.599754,163.74,1.59,0.47,-26.8,5.45,-0.0,1,4606
8.0,2582.609751,162.07,1.55,1.57,-26.76,7.57,1.75,1,4487
8.0,2582.619751,159.79,1.59,3.27,-26.73,7.82,4.0,1,4359
8.0,2582.629751,157.5,1.64,6.15,-26.68,6.13,6.25,1,4220
8.0,2582.639750,156.01,1.69,9.54,-26.61,2.93,7.75,1,4101
8.0,2582.649751,154.6,1.74,11.78,-26.57,-1.0,8.25,1,3965
8.0,2582.659751,154.86,1.81,12.7,-26.53,-4.68,8.25,1,3837
8.0,2582.669751,155.83,1.89,12.71,-26.51,-7.2,7.0,1,4735
8.0,2582.679751,157.76,1.74,10.77,-26.6,-7.94,5.25,1,4609
8.0,2582.689751,160.22,1.72,8.27,-26.65,-6.72,2.75,1,4483
8.0,2582.699751,162.33,1.64,5.37,-26.71,-3.83,0.5,1,4365
8.0,2582.709751,163.3,1.55,2.23,-26.78,0.0,-0.75,1,4224
8.0,2582.719750,163.48,1.57,0.43,-26.82,3.83,-0.75,1,4097
8.0,2582.729751,163.3,1.6,0.96,-26.8,6.72,0.25,1,3961
8.0,2582.739751,161.63,1.58,2.05,-26.76,7.94,2.0,1,3845
8.0,2582.749751,159.7,1.58,3.55,-26.73,7.2,4.25,1,4731
8.0,2582.759751,157.32,1.63,6.25,-26.68,4.68,6.25,1,4604
8.0,2582.769751,155.83,1.72,9.6,-26.61,1.0,7.25,1,4476
8.0,2582.779751,156.01,1.74,11.8,-26.56,-2.93,7.0,1,4359
8.0,2582.789751,157.15,1.76,11.87,-26.56,-6.13,5.75,1,4222
8.0,2582.799751,158.82,1.79,10.0,-26.6,-7.82,4.0,1,4093
8.0,2582.809751,161.28,1.68,7.21,-26.67,-7.57,1.5,1,3965
8.0,2582.819751,163.39,1.6,4.27,-26.74,-5.45,-0.75,1,3838
8.0,2582.829751,164.36,1.55,1.19,-26.82,-1.98,-1.75,1,4735
8.0,2582.839751,164.88,1.52,-0.64,-26.84,1.98,-2.0,1,4611
8.0,2582.849751,164.97,1.56,-0.24,-26.79,5.45,-1.75,1,4481
8.0,2582.859754,164.53,1.46,0.44,-26.8,7.57,-0.75,1,4365
8.0,2582.869751,162.86,1.48,0.82,-26.82,7.82,1.0,1,4226
8.0,2582.879751,160.93,1.59,2.41,-26.76,6.13,3.0,1,4097
8.0,2582.889750,159.17,1.61,5.5,-26.69,2.93,4.25,1,3961
8.0,2582.899751,158.47,1.66,7.93,-26.65,-1.0,4.75,1,3844
8.0,2582.909751,159.08,1.67,9.31,-26.62,-4.68,4.0,1,4731
8.0,2582.919751,160.49,1.69,8.83,-26.63,-7.2,2.5,1,4604
8.0,2582.929751,162.51,1.66,5.97,-26.7,-7.94,0.25,1,4480
8.0,2582.939751,164.88,1.56,3.27,-26.76,-6.72,-2.0,1,4361
8.0,2582.949750,166.38,1.51,0.37,-26.82,-3.83,-3.75,1,4222
8.0,2582.959751,167.43,1.49,-2.17,-26.87,-0.0,-4.5,1,4093
8.0,2582.969750,167.96,1.49,-2.98,-26.86,3.83,-4.75,1,3966
8.0,2582.979751,167.87,1.4,-2.95,-26.85,6.72,-4.25,1,3838
8.0,2582.989751,166.46,1.36,-2.73,-26.88,7.94,-2.75,1,4727
8.0,2582.999751,164.27,1.48,-1.25,-26.84,7.2,-0.5,1,4603
8.0,2583.009751,162.16,1.49,1.38,-26.77,4.68,1.25,1,4482
8.0,2583.019754,160.93,1.59,4.84,-26.72,1.0,2.25,1,4364
8.0,2583.029751,160.84,1.6,7.27,-26.65,-2.93,2.25,1,4227
8.0,2583.039751,161.72,1.59,7.22,-26.66,-6.13,1.25,1,4098
8.0,2583.049751,163.48,1.67,5.13,-26.7,-7.82,-0.5,1,3962
8.0,2583.059751,165.67,1.55,2.9,-26.76,-7.57,-2.75,1,3844
8.0,2583.069751,167.61,1.45,0.02,-26.82,-5.45,-4.75,1,4732
8.0,2583.079751,168.4,1.41,-2.94,-26.88,-1.98,-5.75,1,4605
8.0,2583.089751,168.49,1.44,-4.44,-26.92,1.98,-5.5,1,4480
8.0,2583.099751,168.13,1.48,-3.85,-26.9,5.45,-4.25,1,4359
8.0,2583.109751,166.2,1.44,-2.68,-26.85,7.57,-2.5,1,4222
8.0,2583.119751,163.83,1.44,-0.92,-26.8,7.82,-0.0,1,4094
8.0,2583.129751,161.54,1.51,2.28,-26.75,6.13,2.25,1,3957
8.0,2583.139751,159.79,1.62,5.68,-26.7,2.93,3.25,1,3839
8.0,2583.149751,159.52,1.65,7.87,-26.63,-1.0,3.25,1,4728
8.0,2583.159751,160.31,1.62,8.27,-26.64,-4.68,2.5,1,4601
8.0,2583.169751,161.89,1.72,6.98,-26.66,-7.2,1.0,1,4482
8.0,2583.179751,164.27,1.6,4.44,-26.73,-7.94,-1.25,1,4355
8.0,2583.189751,166.55,1.5,1.66,-26.79,-6.72,-3.75,1,4221
8.0,2583.199750,168.13,1.44,-1.38,-26.85,-3.83,-5.25,1,4098
8.0,2583.209751,168.57,1.42,-3.9,-26.9,-0.0,-5.75,1,3962
8.0,2583.219751,168.49,1.46,-4.6,-26.91,3.83,-5.25,1,3836
8.0,2583.229751,167.52,1.45,-3.6,-26.87,6.72,-3.75,1,4732
8.0,2583.239751,165.59,1.45,-2.36,-26.84,7.94,-1.75,1,4605
8.0,2583.249751,163.04,1.47,-0.32,-26.8,7.2,0.75,1,4481
8.0,2583.259754,160.31,1.52,3.55,-26.73,4.68,3.25,1,4362
8.0,2583.269751,158.55,1.64,6.86,-26.66,1.0,4.5,1,4225
8.0,2583.279751,158.38,1.69,9.57,-26.6,-2.93,4.75,1,4094
8.0,2583.289751,159.26,1.67,9.93,-26.61,-6.13,3.75,1,3958
8.0,2583.299751,160.84,1.7,8.01,-26.65,-7.82,2.25,1,3843
8.0,2583.309751,163.04,1.63,5.52,-26.71,-7.57,-0.0,1,4728
8.0,2583.319751,164.97,1.56,2.76,-26.77,-5.45,-2.25,1,4601
8.0,2583.329751,165.76,1.48,-0.15,-26.83,-1.98,-3.0,1,4474
8.0,2583.339751,165.76,1.51,-1.82,-26.87,1.98,-2.75,1,4355
8.0,2583.349750,165.41,1.57,-1.19,-26.82,5.45,-1.75,1,4218
8.0,2583.359751,163.56,1.52,0.04,-26.79,7.57,0.25,1,4090
8.0,2583.369751,161.28,1.52,1.75,-26.75,7.82,2.75,1,3963
8.0,2583.379751,158.91,1.56,4.82,-26.7,6.13,4.75,1,3835
8.0,2583.389751,157.24,1.68,8.25,-26.64,2.93,6.0,1,4724
8.0,2583.399751,157.06,1.72,10.45,-26.58,-1.0,6.0,1,4605
8.0,2583.409751,157.76,1.72,10.84,-26.58,-4.68,5.25,1,4480
8.0,2583.419754,159.43,1.79,9.58,-26.6,-7.2,3.75,1,4362
8.0,2583.429751,161.37,1.67,6.98,-26.68,-7.94,1.25,1,4225
8.0,2583.439751,163.83,1.58,4.32,-26.73,-6.72,-1.0,1,4094
8.0,2583.449750,165.41,1.53,1.34,-26.8,-3.83,-2.75,1,3959
8.0,2583.459751,166.03,1.5,-1.25,-26.85,0.0,-3.25,1,3843
8.0,2583.469751,165.94,1.52,-2.03,-26.83,3.83,-2.75,1,4729
8.0,2583.479754,165.06,1.51,-1.05,-26.79,6.72,-1.25,1,4604
8.0,2583.489751,163.12,1.51,0.17,-26.78,7.94,0.75,1,4482
8.0,2583.499751,160.58,1.55,2.17,-26.75,7.2,3.25,1,4354
8.0,2583.509750,158.03,1.64,5.93,-26.68,4.68,5.75,1,4218
8.0,2583.519751,156.27,1.73,9.16,-26.6,1.0,6.75,1,4090
8.0,2583.529751,156.18,1.71,11.59,-26.56,-2.93,6.75,1,3963
8.0,2583.539751,157.15,1.73,11.87,-26.56,-6.13,5.75,1,3844
8.0,2583.549751,158.73,1.81,10.14,-26.58,-7.82,4.25,1,4726
8.0,2583.559754,161.02,1.69,7.5,-26.65,-7.57,2.0,1,4601
8.0,2583.569751,163.04,1.62,4.71,-26.72,-5.45,-0.25,1,4487
8.0,2583.579754,164.0,1.56,1.71,-26.79,-1.98,-1.25,1,4354
8.0,2583.589751,164.0,1.51,0.04,-26.82,1.98,-1.0,1,4224
8.0,2583.599750,163.83,1.58,0.48,-26.78,5.45,-0.0,1,4095
8.0,2583.609751,162.07,1.54,1.59,-26.75,7.57,1.75,1,3959
8.0,2583.619751,159.79,1.58,3.26,-26.71,7.82,4.0,1,3843
8.0,2583.629751,157.5,1.65,6.12,-26.67,6.13,6.25,1,4729
8.0,2583.639754,155.92,1.71,9.55,-26.6,2.93,7.75,1,4605
8.0,2583.649751,154.6,1.74,11.78,-26.56,-1.0,8.25,1,4483
8.0,2583.659751,154.86,1.78,12.64,-26.53,-4.68,8.25,1,4358
8.0,2583.669751,156.01,1.84,12.68,-26.51,-7.2,7.0,1,4220
8.0,2583.679751,157.76,1.73,10.88,-26.59,-7.94,5.25,1,4091
8.0,2583.689751,160.31,1.74,8.33,-26.64,-6.72,2.75,1,3955
8.0,2583.699751,162.25,1.64,5.41,-26.7,-3.83,0.5,1,3836
8.0,2583.709751,163.3,1.56,2.29,-26.77,0.0,-0.5,1,4725
8.0,2583.719751,163.39,1.57,0.48,-26.81,3.83,-0.75,1,4598
8.0,2583.729751,163.3,1.59,1.0,-26.78,6.72,0.25,1,4479
8.0,2583.739751,161.72,1.56,2.12,-26.74,7.94,2.0,1,4350
8.0,2583.749751,159.52,1.59,3.61,-26.72,7.2,4.25,1,4217
8.0,2583.759750,157.41,1.66,6.23,-26.68,4.68,6.25,1,4096
8.0,2583.769751,155.83,1.73,9.6,-26.59,1.0,7.25,1,3959
8.0,2583.779751,156.01,1.72,11.76,-26.55,-2.93,7.0,1,3843
8.0,2583.789751,157.06,1.73,11.83,-26.56,-6.13,5.75,1,4730
8.0,2583.799754,158.82,1.8,10.09,-26.58,-7.82,4.0,1,4605
8.0,2583.809751,161.28,1.68,7.26,-26.66,-7.57,1.75,1,4487
8.0,2583.819751,163.3,1.6,4.31,-26.73,-5.45,-0.75,1,4359
8.0,2583.829751,164.44,1.55,1.23,-26.81,-1.98,-1.75,1,4220
8.0,2583.839751,164.88,1.5,-0.61,-26.82,1.98,-2.0,1,4091
8.0,2583.849750,164.79,1.55,-0.25,-26.78,5.45,-1.75,1,3955
8.0,2583.859751,164.44,1.46,0.48,-26.78,7.57,-0.75,1,3862
8.0,2583.869751,162.69,1.48,0.91,-26.8,7.82,1.0,1,4726
8.0,2583.879751,160.93,1.59,2.47,-26.75,6.13,3.0,1,4601
8.0,2583.889751,159.08,1.64,5.56,-26.67,2.93,4.5,1,4479
8.0,2583.899751,158.29,1.65,8.05,-26.63,-1.0,4.75,1,4342
8.0,2583.909750,158.91,1.65,9.36,-26.61,-4.68,4.0,1,4215
8.0,2583.919751,160.4,1.7,8.91,-26.62,-7.2,2.5,1,4087
8.0,2583.929751,162.51,1.67,6.1,-26.69,-7.94,0.25,1,3960
8.0,2583.939751,164.88,1.57,3.36,-26.75,-6.72,-2.0,1,3858
8.0,2583.949751,166.38,1.51,0.46,-26.81,-3.83,-3.5,1,4722
8.0,2583.959751,166.9,1.47,-2.1,-26.85,-0.0,-4.0,1,4606
8.0,2583.969751,166.73,1.46,-2.83,-26.84,3.83,-3.75,1,4484
8.0,2583.979751,165.94,1.46,-1.91,-26.82,6.72,-2.25,1,4348
8.0,2583.989751,164.09,1.46,-0.71,-26.79,7.94,-0.25,1,4220
8.0,2583.999751,161.46,1.52,1.29,-26.76,7.2,2.25,1,4092
8.0,2584.009750,159.17,1.65,4.98,-26.69,4.68,4.75,1,3955
8.0,2584.019751,157.24,1.73,8.15,-26.62,1.0,6.25,1,3854
8.0,2584.029751,156.01,1.66,10.47,-26.58,-2.93,7.25,1,4726
8.0,2584.039751,156.27,1.71,11.64,-26.57,-6.13,6.75,1,4602
8.0,2584.049751,157.32,1.85,11.76,-26.54,-7.82,5.75,1,4481
8.0,2584.059751,159.08,1.7,9.51,-26.61,-7.57,3.75,1,4343
8.0,2584.069750,161.1,1.69,7.0,-26.68,-5.45,1.75,1,4215
8.0,2584.079751,162.42,1.61,4.23,-26.73,-1.98,0.25,1,4088
8.0,2584.089751,162.77,1.53,1.95,-26.76,1.98,-0.0,1,3951
8.0,2584.099751,162.6,1.58,1.44,-26.76,5.45,0.75,1,3859
8.0,2584.109751,161.46,1.6,2.56,-26.74,7.57,2.25,1,4722
8.0,2584.119754,159.26,1.6,3.81,-26.71,7.82,4.5,1,4599
8.0,2584.129751,157.32,1.65,6.03,-26.68,6.13,6.5,1,4484
8.0,2584.139751,155.92,1.73,9.74,-26.59,2.93,7.25,1,4341
8.0,2584.149751,155.83,1.76,11.66,-26.54,-1.0,7.25,1,4219
8.0,2584.159750,156.88,1.73,11.84,-26.54,-4.68,6.25,1,4092
8.0,2584.169751,158.55,1.85,10.5,-26.56,-7.2,4.25,1,3956
8.0,2584.179751,160.93,1.7,7.68,-26.66,-7.94,2.0,1,3856
8.0,2584.189751,163.83,1.57,4.66,-26.72,-6.72,-1.0,1,4726
8.0,2584.199751,166.2,1.5,1.35,-26.77,-3.83,-3.5,1,4602
8.0,2584.209751,167.52,1.41,-2.0,-26.84,0.0,-4.75,1,4480
8.0,2584.219751,167.96,1.46,-4.01,-26.89,3.83,-4.75,1,4344
8.0,2584.229751,167.78,1.5,-3.56,-26.86,6.72,-4.25,1,4217
8.0,2584.239751,166.2,1.41,-2.73,-26.84,7.94,-2.5,1,4088
8.0,2584.249751,164.09,1.45,-1.06,-26.79,7.2,-0.25,1,3952
8.0,2584.259751,161.81,1.52,1.94,-26.74,4.68,1.75,1,3859
8.0,2584.269751,160.31,1.62,5.34,-26.69,1.0,2.75,1,4722
8.0,2584.279751,160.31,1.61,7.4,-26.63,-2.93,2.75,1,4595
8.0,2584.289751,161.28,1.57,7.57,-26.64,-6.13,1.75,1,4476
8.0,2584.299751,163.04,1.68,6.0,-26.67,-7.82,-0.0,1,4341
8.0,2584.309751,165.23,1.55,3.25,-26.73,-7.57,-2.25,1,4211
8.0,2584.319750,167.26,1.45,0.42,-26.8,-5.45,-4.25,1,4092
8.0,2584.329751,168.22,1.43,-2.54,-26.86,-1.98,-5.25,1,3957
8.0,2584.339751,168.22,1.46,-4.21,-26.89,1.98,-5.25,1,3855
8.0,2584.349751,167.78,1.47,-3.61,-26.87,5.45,-4.0,1,4727
8.0,2584.359751,165.94,1.42,-2.48,-26.83,7.57,-2.25,1,4599
8.0,2584.369751,163.48,1.46,-0.7,-26.78,7.82,0.25,1,4481
8.0,2584.379751,161.1,1.54,2.68,-26.72,6.13,2.75,1,4345
8.0,2584.389751,159.43,1.65,6.1,-26.68,2.93,3.75,1,4216
8.0,2584.399751,159.08,1.64,8.28,-26.61,-1.0,4.0,1,4088
8.0,2584.409750,159.87,1.61,8.74,-26.61,-4.68,3.25,1,3952
8.0,2584.419751,161.28,1.74,7.62,-26.63,-7.2,1.75,1,3860
8.0,2584.429751,163.39,1.61,5.15,-26.7,-7.94,-0.5,1,4724
8.0,2584.439751,165.76,1.5,2.51,-26.76,-6.72,-2.75,1,4595
8.0,2584.449751,167.17,1.48,-0.55,-26.82,-3.83,-4.25,1,4476
8.0,2584.459768,167.78,1.46,-3.04,-26.86,0.0,-4.75,1,4358
8.0,2584.469763,167.87,1.5,-3.66,-26.88,3.83,-4.25,1,4229
8.0,2584.479764,166.82,1.45,-2.81,-26.86,6.72,-3.25,1,4098
8.0,2584.489764,164.79,1.44,-1.6,-26.82,7.94,-1.0,1,3971
8.0,2584.499763,162.33,1.52,0.51,-26.78,7.2,1.5,1,3870
8.0,2584.509764,159.7,1.6,4.22,-26.69,4.68,4.0,1,4732
8.0,2584.519767,158.03,1.72,7.57,-26.63,1.0,5.0,1,4608
8.0,2584.529763,157.76,1.69,10.16,-26.57,-2.93,5.25,1,4497
8.0,2584.539767,158.73,1.64,10.45,-26.59,-6.13,4.25,1,4362
8.0,2584.549764,160.4,1.73,8.36,-26.62,-7.82,2.5,1,4231
8.0,2584.559763,162.6,1.63,5.86,-26.68,-7.57,0.25,1,4102
8.0,2584.569764,164.71,1.56,3.1,-26.74,-5.45,-1.75,1,3967
8.0,2584.579764,165.5,1.53,0.27,-26.81,-1.98,-2.75,1,3865
8.0,2584.589763,165.59,1.52,-1.57,-26.85,1.98,-2.75,1,4736
8.0,2584.599766,165.41,1.55,-1.07,-26.8,5.45,-1.75,1,4611
8.0,2584.609764,163.48,1.52,0.07,-26.78,7.57,0.25,1,4491
8.0,2584.619766,161.37,1.52,1.7,-26.74,7.82,2.5,1,4356
8.0,2584.629763,159.17,1.59,4.63,-26.69,6.13,4.75,1,4227
8.0,2584.639764,157.68,1.74,8.0,-26.62,2.93,5.75,1,4098
8.0,2584.649763,157.32,1.7,10.1,-26.58,-1.0,5.75,1,3962
8.0,2584.659763,158.2,1.64,10.4,-26.59,-4.68,4.75,1,3870
8.0,2584.669764,159.79,1.77,9.2,-26.61,-7.2,3.25,1,4733
8.0,2584.679766,161.98,1.67,6.59,-26.68,-7.94,1.0,1,4607
8.0,2584.689763,164.79,1.56,3.75,-26.73,-6.72,-1.75,1,4497
8.0,2584.699767,167.08,1.51,0.6,-26.79,-3.83,-4.25,1,4363
8.0,2584.709767,168.22,1.42,-2.65,-26.87,-0.0,-5.25,1,4226
8.0,2584.719763,168.4,1.44,-4.58,-26.9,3.83,-5.25,1,4102
8.0,2584.729764,168.13,1.48,-4.11,-26.88,6.72,-4.25,1,3967
8.0,2584.739764,166.29,1.43,-2.9,-26.85,7.94,-2.75,1,3866
8.0,2584.749763,164.0,1.45,-1.15,-26.8,7.2,-0.25,1,4737
8.0,2584.759767,161.63,1.53,2.07,-26.73,4.68,2.0,1,4613
8.0,2584.769764,159.96,1.66,5.55,-26.68,1.0,3.0,1,4491
8.0,2584.779766,160.05,1.63,7.84,-26.62,-2.93,3.0,1,4356
8.0,2584.789764,160.93,1.56,7.99,-26.64,-6.13,2.0,1,4230
8.0,2584.799764,162.6,1.7,6.28,-26.67,-7.82,0.25,1,4099
8.0,2584.809763,164.97,1.58,3.72,-26.73,-7.57,-2.0,1,3962
8.0,2584.819764,166.82,1.48,0.86,-26.79,-5.45,-4.0,1,4861
8.0,2584.829763,167.78,1.46,-2.05,-26.86,-1.98,-4.75,1,4732
8.0,2584.839766,167.96,1.47,-3.79,-26.89,1.98,-4.75,1,4608
8.0,2584.849763,167.52,1.47,-3.22,-26.87,5.45,-3.75,1,4489
8.0,2584.859767,165.76,1.4,-2.17,-26.83,7.57,-2.0,1,4363
8.0,2584.869763,163.39,1.48,-0.48,-26.79,7.82,0.5,1,4223
8.0,2584.879763,161.02,1.57,2.72,-26.72,6.13,2.75,1,4094
8.0,2584.889764,159.35,1.65,6.04,-26.67,2.93,3.75,1,3968
8.0,2584.899763,159.08,1.64,8.3,-26.61,-1.0,3.75,1,4859
8.0,2584.909763,159.96,1.61,8.68,-26.62,-4.68,3.0,1,4728
8.0,2584.919767,161.46,1.74,7.5,-26.63,-7.2,1.5,1,4614
8.0,2584.929763,163.74,1.61,5.01,-26.71,-7.94,-0.75,1,4491
8.0,2584.939766,165.94,1.5,2.35,-26.76,-6.72,-3.0,1,4358
8.0,2584.949764,167.52,1.47,-0.72,-26.83,-3.83,-4.75,1,4228
8.0,2584.959765,168.13,1.45,-3.26,-26.87,0.0,-5.25,1,4092
8.0,2584.969765,168.05,1.48,-3.89,-26.88,3.83,-4.75,1,3963
8.0,2584.979764,167.08,1.44,-3.07,-26.86,6.72,-3.25,1,4853
8.0,2584.989764,164.88,1.45,-1.75,-26.83,7.94,-1.25,1,4734
8.0,2584.999766,162.25,1.51,0.52,-26.78,7.2,1.5,1,4608
8.0,2585.009764,159.79,1.59,4.17,-26.69,4.68,3.75,1,4488
8.0,2585.019767,158.12,1.73,7.51,-26.63,1.0,5.0,1,4353
8.0,2585.029763,157.85,1.69,10.08,-26.57,-2.93,5.25,1,4225
8.0,2585.039764,158.82,1.63,10.42,-26.59,-6.13,4.25,1,4095
8.0,2585.049764,160.4,1.73,8.44,-26.62,-7.82,2.5,1,3968
8.0,2585.059763,162.69,1.64,5.89,-26.68,-7.57,0.25,1,4859
8.0,2585.069764,164.71,1.57,3.14,-26.74,-5.45,-1.75,1,4730
8.0,2585.079767,165.59,1.53,0.32,-26.81,-1.98,-2.75,1,4614
8.0,2585.089763,165.59,1.52,-1.52,-26.85,1.98,-2.75,1,4491
8.0,2585.099766,165.41,1.55,-1.02,-26.8,5.45,-1.75,1,4358
8.0,2585.109764,163.65,1.52,0.13,-26.77,7.57,0.25,1,4229
8.0,2585.119763,161.28,1.52,1.75,-26.74,7.82,2.5,1,4090
8.0,2585.129766,159.08,1.59,4.62,-26.69,6.13,4.75,1,3966
8.0,2585.139764,157.68,1.74,8.0,-26.62,2.93,5.75,1,4855
8.0,2585.149763,157.41,1.71,10.13,-26.58,-1.0,5.75,1,4733
8.0,2585.159766,158.2,1.64,10.43,-26.58,-4.68,4.75,1,4609
8.0,2585.169764,159.79,1.78,9.2,-26.61,-7.2,3.25,1,4488
8.0,2585.179766,162.07,1.67,6.62,-26.68,-7.94,1.0,1,4354
8.0,2585.189763,164.88,1.55,3.77,-26.73,-6.72,-1.75,1,4222
8.0,2585.199764,167.08,1.51,0.62,-26.79,-3.83,-4.25,1,4087
8.0,2585.209765,168.4,1.42,-2.61,-26.86,0.0,-5.25,1,3961
8.0,2585.219763,168.4,1.44,-4.55,-26.9,3.83,-5.25,1,4859
8.0,2585.229764,168.13,1.48,-4.09,-26.88,6.72,-4.25,1,4730
8.0,2585.239767,166.38,1.43,-2.88,-26.84,7.94,-2.5,1,4606
8.0,2585.249763,164.0,1.45,-1.14,-26.8,7.2,-0.25,1,4483
8.0,2585.259764,161.63,1.52,2.08,-26.73,4.68,2.0,1,4359
8.0,2585.269764,160.05,1.66,5.54,-26.68,1.0,3.0,1,4219
8.0,2585.279763,160.05,1.64,7.81,-26.62,-2.93,3.0,1,4091
8.0,2585.289765,161.02,1.56,7.98,-26.64,-6.13,2.0,1,3965
8.0,2585.299764,162.6,1.7,6.31,-26.67,-7.82,0.25,1,4853
8.0,2585.309763,164.79,1.59,3.77,-26.73,-7.57,-2.0,1,4734
8.0,2585.319767,166.9,1.48,0.89,-26.79,-5.45,-4.0,1,4611
8.0,2585.329764,167.78,1.45,-2.03,-26.86,-1.98,-4.75,1,4489
8.0,2585.339766,167.87,1.47,-3.75,-26.89,1.98,-4.75,1,4354
8.0,2585.349763,167.52,1.48,-3.2,-26.87,5.45,-3.75,1,4224
8.0,2585.359764,165.67,1.4,-2.17,-26.83,7.57,-2.0,1,4088
8.0,2585.369763,163.39,1.48,-0.47,-26.78,7.82,0.5,1,3959
8.0,2585.379763,161.1,1.58,2.73,-26.72,6.13,2.75,1,4860
8.0,2585.389764,159.52,1.66,6.03,-26.66,2.93,3.75,1,4731
8.0,2585.399766,159.17,1.64,8.27,-26.61,-1.0,3.75,1,4605
8.0,2585.409763,159.96,1.6,8.67,-26.62,-4.68,3.0,1,4484
8.0,2585.419764,161.37,1.73,7.52,-26.63,-7.2,1.5,1,4351
8.0,2585.429763,163.65,1.62,5.02,-26.71,-7.94,-0.75,1,4219
8.0,2585.439763,165.85,1.5,2.36,-26.76,-6.72,-3.0,1,4091
8.0,2585.449764,167.52,1.47,-0.71,-26.83,-3.83,-4.75,1,3965
8.0,2585.459767,168.05,1.45,-3.25,-26.87,-0.0,-5.25,1,4860
8.0,2585.469763,168.05,1.5,-3.87,-26.88,3.83,-4.75,1,4726
8.0,2585.479767,167.08,1.44,-3.05,-26.87,6.72,-3.25,1,4611
8.0,2585.489764,164.97,1.44,-1.74,-26.83,7.94,-1.25,1,4489
8.0,2585.499763,162.33,1.51,0.5,-26.78,7.2,1.5,1,4355
8.0,2585.509764,159.79,1.59,4.17,-26.69,4.68,3.75,1,4224
8.0,2585.519764,158.12,1.73,7.5,-26.63,1.0,5.0,1,4088
8.0,2585.529766,157.94,1.69,10.06,-26.57,-2.93,5.25,1,3962
8.0,2585.539764,158.91,1.63,10.42,-26.59,-6.13,4.25,1,4850
8.0,2585.549764,160.4,1.73,8.46,-26.62,-7.82,2.5,1,4731
8.0,2585.559763,162.51,1.64,5.9,-26.68,-7.57,0.25,1,4606
8.0,2585.569764,164.53,1.57,3.16,-26.75,-5.45,-1.75,1,4485
8.0,2585.579764,165.5,1.53,0.34,-26.81,-1.98,-2.75,1,4351
8.0,2585.589763,165.5,1.52,-1.5,-26.85,1.98,-2.75,1,4220
8.0,2585.599763,165.41,1.55,-1.0,-26.8,5.45,-1.5,1,4083
8.0,2585.609765,163.56,1.52,0.14,-26.78,7.57,0.25,1,3965
8.0,2585.619763,161.19,1.52,1.75,-26.74,7.82,2.5,1,4853
8.0,2585.629763,159.08,1.59,4.62,-26.69,6.13,4.75,1,4726
8.0,2585.639767,157.41,1.74,8.03,-26.62,2.93,5.75,1,4603
8.0,2585.649763,157.32,1.71,10.22,-26.58,-1.0,5.75,1,4488
8.0,2585.659766,158.03,1.64,10.53,-26.58,-4.68,5.0,1,4355
8.0,2585.669764,159.7,1.78,9.31,-26.6,-7.2,3.25,1,4226
8.0,2585.679763,161.89,1.68,6.74,-26.68,-7.94,1.0,1,4088
8.0,2585.689766,164.71,1.56,3.94,-26.73,-6.72,-1.75,1,3963
8.0,2585.699764,166.99,1.5,0.82,-26.79,-3.83,-4.0,1,4852
8.0,2585.709767,168.49,1.43,-2.42,-26.86,-0.0,-5.75,1,4734
8.0,2585.719766,169.45,1.45,-4.49,-26.9,3.83,-6.5,1,4606
8.0,2585.729764,169.54,1.42,-5.01,-26.9,6.72,-6.25,1,4485
8.0,2585.739764,168.75,1.34,-4.85,-26.91,7.94,-5.0,1,4352
8.0,2585.749763,166.9,1.46,-3.65,-26.89,7.2,-3.0,1,4220
8.0,2585.759764,164.71,1.44,-1.62,-26.83,4.68,-1.25,1,4085
8.0,2585.769764,163.39,1.5,2.13,-26.74,1.0,-0.25,1,3965
8.0,2585.779763,163.56,1.53,4.25,-26.68,-2.93,-0.5,1,4854
8.0,2585.789764,164.62,1.44,4.24,-26.71,-6.13,-1.5,1,4727
8.0,2585.799764,166.29,1.57,2.57,-26.75,-7.82,-3.25,1,4603
8.0,2585.809763,168.57,1.49,0.03,-26.8,-7.57,-5.5,1,4480
8.0,2585.819764,170.6,1.37,-2.81,-26.86,-5.45,-7.75,1,4354
8.0,2585.829764,171.39,1.33,-5.7,-26.92,-1.98,-8.5,1,4217
8.0,2585.839763,171.39,1.37,-7.31,-26.97,1.98,-8.25,1,4088
8.0,2585.849766,170.86,1.39,-6.57,-26.94,5.45,-7.25,1,3964
8.0,2585.859764,169.1,1.31,-5.55,-26.89,7.57,-5.25,1,4852
8.0,2585.869763,166.55,1.37,-3.74,-26.86,7.82,-2.75,1,4731
8.0,2585.879763,163.92,1.48,-0.28,-26.79,6.13,-0.0,1,4606
8.0,2585.889764,161.63,1.59,3.27,-26.72,2.93,2.0,1,4485
8.0,2585.899763,160.4,1.61,6.06,-26.66,-1.0,2.75,1,4348
8.0,2585.909763,160.66,1.58,7.68,-26.63,-4.68,2.5,1,4220
8.0,2585.919764,161.72,1.63,7.71,-26.64,-7.2,1.25,1,4085
8.0,2585.929763,163.56,1.64,5.22,-26.69,-7.94,-0.5,1,3955
8.0,2585.939763,165.94,1.53,2.74,-26.75,-6.72,-2.75,1,4854
8.0,2585.949764,167.87,1.46,-0.1,-26.82,-3.83,-4.75,1,4728
8.0,2585.959770,168.75,1.4,-3.12,-26.87,-0.0,-5.75,1,4615
8.0,2585.969763,168.66,1.42,-4.63,-26.92,3.83,-5.75,1,4480
8.0,2585.979764,168.31,1.49,-3.99,-26.9,6.72,-4.25,1,4345
8.0,2585.989764,166.29,1.44,-2.81,-26.84,7.94,-2.5,1,4218
8.0,2585.999763,163.83,1.43,-1.02,-26.79,7.2,-0.0,1,4088
8.0,2586.009767,161.54,1.53,2.29,-26.73,4.68,2.25,1,3965
8.0,2586.019764,159.87,1.67,5.76,-26.67,1.0,3.25,1,4851
8.0,2586.029763,159.79,1.64,7.91,-26.62,-2.93,3.25,1,4722
8.0,2586.039767,160.66,1.57,8.21,-26.63,-6.13,2.25,1,4617
8.0,2586.049764,162.25,1.71,6.83,-26.66,-7.82,0.75,1,4486
8.0,2586.059763,164.53,1.6,4.26,-26.72,-7.57,-1.5,1,4352
8.0,2586.069764,166.46,1.49,1.37,-26.78,-5.45,-3.5,1,4222
8.0,2586.079764,167.43,1.45,-1.6,-26.85,-1.98,-4.5,1,4085
8.0,2586.089766,167.52,1.47,-3.23,-26.88,1.98,-4.25,1,3968
8.0,2586.099763,167.34,1.51,-2.77,-26.86,5.45,-3.25,1,4846
8.0,2586.109764,165.41,1.42,-1.8,-26.83,7.57,-1.75,1,4728
8.0,2586.119763,163.21,1.46,-0.19,-26.78,7.82,0.75,1,4611
8.0,2586.129763,161.02,1.58,2.77,-26.72,6.13,2.75,1,4481
8.0,2586.139764,159.35,1.65,6.13,-26.67,2.93,3.75,1,4345
8.0,2586.149763,159.08,1.64,8.39,-26.61,-1.0,4.0,1,4216
8.0,2586.159763,159.79,1.62,8.78,-26.61,-4.68,3.25,1,4080
8.0,2586.169767,161.28,1.74,7.67,-26.63,-7.2,1.75,1,3965
8.0,2586.179763,163.39,1.62,5.19,-26.71,-7.94,-0.5,1,4851
8.0,2586.189763,165.76,1.5,2.52,-26.76,-6.72,-2.75,1,4723
8.0,2586.199767,167.34,1.47,-0.56,-26.82,-3.83,-4.5,1,4608
8.0,2586.209767,167.96,1.45,-3.06,-26.86,-0.0,-5.0,1,4489
8.0,2586.219763,167.87,1.48,-3.71,-26.87,3.83,-4.5,1,4349
8.0,2586.229764,166.9,1.44,-2.88,-26.86,6.72,-3.25,1,4214
8.0,2586.239764,164.88,1.45,-1.65,-26.82,7.94,-1.0,1,4085
8.0,2586.249766,162.33,1.51,0.48,-26.78,7.2,1.75,1,3986
8.0,2586.259764,159.7,1.6,4.23,-26.69,4.68,4.0,1,4847
8.0,2586.269764,158.03,1.73,7.59,-26.62,1.0,5.25,1,4720
8.0,2586.279763,157.94,1.69,10.2,-26.57,-2.93,5.25,1,4609
8.0,2586.289764,158.73,1.63,10.52,-26.59,-6.13,4.25,1,4482
8.0,2586.299764,160.31,1.74,8.5,-26.62,-7.82,2.75,1,4346
8.0,2586.309763,162.6,1.65,6.02,-26.68,-7.57,0.25,1,4217
8.0,2586.319764,164.62,1.57,3.27,-26.74,-5.45,-1.75,1,4081
8.0,2586.329767,165.5,1.53,0.46,-26.81,-1.98,-2.5,1,3983
8.0,2586.339763,165.59,1.51,-1.38,-26.84,1.98,-2.5,1,4851
8.0,2586.349763,165.32,1.55,-0.92,-26.8,5.45,-1.5,1,4724
8.0,2586.359764,163.65,1.52,0.19,-26.77,7.57,0.25,1,4609
8.0,2586.369763,161.37,1.52,1.73,-26.75,7.82,2.5,1,4468
8.0,2586.379763,159.17,1.59,4.52,-26.69,6.13,4.75,1,4348
8.0,2586.389764,157.59,1.74,7.93,-26.62,2.93,5.75,1,4214
8.0,2586.399763,157.41,1.71,10.08,-26.58,-1.0,5.75,1,4085
8.0,2586.409766,158.29,1.63,10.39,-26.58,-4.68,4.75,1,3987
8.0,2586.419764,159.96,1.77,9.17,-26.6,-7.2,3.25,1,4848
8.0,2586.429763,162.16,1.66,6.57,-26.68,-7.94,0.75,1,4719
8.0,2586.439763,164.53,1.55,3.73,-26.73,-6.72,-1.5,1,4609
8.0,2586.449764,166.2,1.52,0.68,-26.79,-3.83,-3.25,1,4474
10.0,2588.479751,165.32,1.51,-1.07,-26.82,3.74,-2.25,1,4060
10.0,2588.489751,164.97,1.59,-0.38,-26.78,6.06,-1.0,1,4949
10.0,2588.499751,163.04,1.51,0.77,-26.74,6.06,0.75,1,4824
10.0,2588.509751,161.1,1.54,2.47,-26.71,3.74,2.75,1,4703
10.0,2588.519751,159.87,1.64,5.31,-26.65,0.0,3.25,1,4585
10.0,2588.529750,160.14,1.62,7.89,-26.6,-3.74,3.0,1,4447
10.0,2588.539751,161.19,1.56,7.84,-26.62,-6.06,1.75,1,4323
10.0,2588.549751,163.04,1.66,5.66,-26.66,-6.06,-0.25,1,4183
10.0,2588.559751,164.79,1.58,3.17,-26.72,-3.74,-1.75,1,4065
10.0,2588.569751,165.41,1.46,0.37,-26.79,-0.0,-2.5,1,4947
10.0,2588.579751,165.32,1.51,-1.03,-26.82,3.74,-2.25,1,4818
10.0,2588.589751,164.88,1.59,-0.34,-26.78,6.06,-1.0,1,4708
10.0,2588.599751,162.95,1.51,0.81,-26.74,6.06,0.75,1,4584
10.0,2588.609753,161.02,1.54,2.5,-26.71,3.74,2.75,1,4447
10.0,2588.619751,159.87,1.64,5.33,-26.65,0.0,3.25,1,4315
10.0,2588.629751,160.05,1.62,7.9,-26.59,-3.74,3.0,1,4188
10.0,2588.639751,161.19,1.56,7.87,-26.62,-6.06,1.75,1,4061
10.0,2588.649751,163.21,1.66,5.72,-26.66,-6.06,-0.0,1,4951
10.0,2588.659751,164.79,1.58,3.21,-26.72,-3.74,-1.75,1,4825
10.0,2588.669754,165.32,1.46,0.41,-26.79,0.0,-2.25,1,4706
10.0,2588.679751,165.23,1.51,-1.01,-26.82,3.74,-2.25,1,4576
10.0,2588.689752,164.79,1.59,-0.34,-26.78,6.06,-1.0,1,4451
10.0,2588.699751,163.12,1.51,0.82,-26.74,6.06,0.75,1,4324
10.0,2588.709751,160.93,1.54,2.52,-26.71,3.74,2.75,1,4184
10.0,2588.719751,159.87,1.65,5.37,-26.65,-0.0,3.25,1,4082
10.0,2588.729751,159.96,1.62,7.91,-26.59,-3.74,3.0,1,4945
10.0,2588.739751,161.1,1.56,7.89,-26.62,-6.06,1.75,1,4819
10.0,2588.749754,163.04,1.67,5.78,-26.66,-6.06,-0.0,1,4702
10.0,2588.759751,164.79,1.58,3.27,-26.72,-3.74,-1.75,1,4580
10.0,2588.769754,165.32,1.46,0.46,-26.78,-0.0,-2.25,1,4448
10.0,2588.779751,165.23,1.52,-0.95,-26.82,3.74,-2.25,1,4317
10.0,2588.789751,164.79,1.58,-0.29,-26.78,6.06,-1.0,1,4180
10.0,2588.799751,163.04,1.5,0.84,-26.74,6.06,1.0,1,4079
10.0,2588.809751,161.02,1.54,2.53,-26.71,3.74,2.75,1,4941
10.0,2588.819751,159.96,1.65,5.38,-26.65,0.0,3.25,1,4822
10.0,2588.829751,159.96,1.62,7.89,-26.59,-3.74,3.0,1,4707
10.0,2588.839751,161.37,1.56,7.84,-26.62,-6.06,1.75,1,4569
10.0,2588.849752,163.21,1.67,5.7,-26.66,-6.06,-0.25,1,4441
10.0,2588.859751,164.88,1.58,3.18,-26.72,-3.74,-1.75,1,4324
10.0,2588.869751,165.32,1.45,0.37,-26.79,-0.0,-2.5,1,4184
10.0,2588.879751,165.32,1.51,-1.04,-26.82,3.74,-2.25,1,4083
10.0,2588.889751,164.88,1.59,-0.36,-26.78,6.06,-1.0,1,4948
10.0,2588.899751,162.95,1.51,0.78,-26.74,6.06,0.75,1,4819
10.0,2588.909754,161.1,1.54,2.48,-26.71,3.74,2.75,1,4702
10.0,2588.919751,159.96,1.64,5.31,-26.65,-0.0,3.25,1,4575
10.0,2588.929753,160.14,1.62,7.89,-26.59,-3.74,3.0,1,4448
10.0,2588.939751,161.28,1.56,7.85,-26.62,-6.06,1.75,1,4321
10.0,2588.949751,163.12,1.66,5.69,-26.66,-6.06,-0.25,1,4180
10.0,2588.959751,164.79,1.58,3.2,-26.72,-3.74,-1.75,1,4079
10.0,2588.969751,165.32,1.46,0.4,-26.78,0.0,-2.25,1,4942
10.0,2588.979751,165.23,1.51,-1.01,-26.82,3.74,-2.25,1,4817
10.0,2588.989751,164.79,1.59,-0.32,-26.78,6.06,-1.0,1,4708
10.0,2588.999751,163.04,1.51,0.82,-26.74,6.06,0.75,1,4569
10.0,2589.009754,161.02,1.54,2.51,-26.71,3.74,2.75,1,4444
10.0,2589.019751,159.87,1.64,5.34,-26.65,0.0,3.25,1,4314
10.0,2589.029751,160.14,1.62,7.89,-26.59,-3.74,3.0,1,4184
10.0,2589.039751,161.28,1.56,7.86,-26.62,-6.06,1.75,1,4084
10.0,2589.049751,163.04,1.67,5.75,-26.66,-6.06,-0.0,1,4947
10.0,2589.059751,164.79,1.59,3.23,-26.71,-3.74,-1.75,1,4819
10.0,2589.069751,165.32,1.46,0.43,-26.78,-0.0,-2.25,1,4700
10.0,2589.079751,165.15,1.51,-0.99,-26.82,3.74,-2.25,1,4567
10.0,2589.089754,164.88,1.59,-0.33,-26.78,6.06,-1.0,1,4449
10.0,2589.099751,162.95,1.51,0.83,-26.74,6.06,0.75,1,4319
10.0,2589.109751,161.02,1.54,2.53,-26.71,3.74,2.75,1,4180
10.0,2589.119751,159.87,1.65,5.36,-26.65,0.0,3.25,1,4079
10.0,2589.129751,160.05,1.62,7.9,-26.59,-3.74,3.0,1,4942
10.0,2589.139751,161.1,1.56,7.89,-26.61,-6.06,1.75,1,4815
10.0,2589.149751,163.12,1.67,5.8,-26.65,-6.06,-0.0,1,4700
10.0,2589.159751,164.79,1.59,3.29,-26.71,-3.74,-1.75,1,4568
10.0,2589.169754,165.41,1.46,0.47,-26.78,0.0,-2.25,1,4444
10.0,2589.179751,165.32,1.52,-0.95,-26.82,3.74,-2.25,1,4313
10.0,2589.189751,164.88,1.58,-0.29,-26.78,6.06,-1.0,1,4176
10.0,2589.199751,162.95,1.51,0.85,-26.74,6.06,1.0,1,4084
10.0,2589.209751,160.93,1.54,2.54,-26.71,3.74,2.75,1,4948
10.0,2589.219751,159.96,1.65,5.37,-26.64,-0.0,3.25,1,4820
10.0,2589.229751,160.05,1.62,7.89,-26.59,-3.74,3.0,1,4700
10.0,2589.239751,161.28,1.56,7.84,-26.61,-6.06,1.75,1,4567
10.0,2589.249753,163.21,1.67,5.69,-26.66,-6.06,-0.25,1,4447
10.0,2589.259751,164.79,1.58,3.18,-26.72,-3.74,-1.75,1,4318
10.0,2589.269751,165.41,1.45,0.35,-26.78,-0.0,-2.5,1,4180
10.0,2589.279751,165.32,1.51,-1.09,-26.82,3.74,-2.25,1,4079
10.0,2589.289751,164.97,1.59,-0.45,-26.78,6.06,-1.25,1,4947
10.0,2589.299751,163.12,1.51,0.71,-26.74,6.06,0.75,1,4816
10.0,2589.309751,161.02,1.54,2.4,-26.71,3.74,2.5,1,4699
10.0,2589.319751,160.05,1.64,5.24,-26.65,0.0,3.25,1,4568
10.0,2589.329754,160.22,1.62,7.91,-26.59,-3.74,2.75,1,4444
10.0,2589.339751,161.37,1.56,7.81,-26.61,-6.06,1.75,1,4315
10.0,2589.349751,163.21,1.66,5.52,-26.66,-6.06,-0.25,1,4176
10.0,2589.359751,164.97,1.58,3.06,-26.72,-3.74,-2.0,1,4075
10.0,2589.369751,165.41,1.45,0.27,-26.79,-0.0,-2.5,1,4938
10.0,2589.379751,165.32,1.5,-1.18,-26.82,3.74,-2.25,1,4820
10.0,2589.389751,164.88,1.6,-0.47,-26.78,6.06,-1.25,1,4702
10.0,2589.399751,163.04,1.52,0.73,-26.74,6.06,0.75,1,4565
10.0,2589.409754,161.02,1.53,2.46,-26.71,3.74,2.75,1,4440
10.0,2589.419751,159.87,1.64,5.33,-26.65,-0.0,3.25,1,4320
10.0,2589.429751,160.05,1.62,8.0,-26.59,-3.74,3.0,1,4181
10.0,2589.439751,161.19,1.56,7.93,-26.61,-6.06,1.75,1,4080
10.0,2589.449751,163.04,1.67,5.69,-26.65,-6.06,-0.0,1,4944
10.0,2589.459751,164.71,1.58,3.26,-26.71,-3.74,-1.75,1,4815
10.0,2589.469751,165.32,1.46,0.46,-26.78,0.0,-2.25,1,4700
10.0,2589.479751,165.32,1.51,-0.96,-26.81,3.74,-2.25,1,4560
10.0,2589.489754,164.79,1.59,-0.3,-26.77,6.06,-1.0,1,4446
10.0,2589.499751,162.86,1.51,0.84,-26.73,6.06,1.0,1,4315
10.0,2589.509751,160.93,1.54,2.53,-26.7,3.74,2.75,1,4177
10.0,2589.519751,159.96,1.65,5.37,-26.64,0.0,3.25,1,4075
10.0,2589.529751,160.14,1.62,7.89,-26.59,-3.74,3.0,1,4939
10.0,2589.539751,161.28,1.56,7.85,-26.61,-6.06,1.75,1,4821
10.0,2589.549751,163.12,1.67,5.72,-26.65,-6.06,-0.0,1,4702
10.0,2589.559751,164.88,1.58,3.2,-26.71,-3.74,-1.75,1,4565
10.0,2589.569754,165.41,1.45,0.38,-26.78,-0.0,-2.5,1,4441
10.0,2589.579751,165.32,1.51,-1.05,-26.81,3.74,-2.25,1,4310
10.0,2589.589751,164.88,1.59,-0.39,-26.77,6.06,-1.0,1,4173
10.0,2589.599751,162.95,1.51,0.78,-26.74,6.06,0.75,1,4081
10.0,2589.609751,161.1,1.53,2.48,-26.71,3.74,2.75,1,4946
10.0,2589.619751,159.96,1.64,5.31,-26.64,0.0,3.25,1,4817
10.0,2589.629751,160.22,1.62,7.9,-26.59,-3.74,3.0,1,4697
10.0,2589.639751,161.19,1.56,7.86,-26.61,-6.06,1.75,1,4565
10.0,2589.649754,163.12,1.67,5.69,-26.65,-6.06,-0.0,1,4446
10.0,2589.659751,164.88,1.59,3.22,-26.71,-3.74,-1.75,1,4315
10.0,2589.669767,165.41,1.45,0.41,-26.78,-0.0,-2.5,1,4194
10.0,2589.679763,165.32,1.51,-1.02,-26.81,3.74,-2.25,1,4089
10.0,2589.689764,164.88,1.59,-0.36,-26.77,6.06,-1.0,1,4953
10.0,2589.699763,163.04,1.51,0.81,-26.73,6.06,0.75,1,4825
10.0,2589.709767,161.02,1.53,2.5,-26.7,3.74,2.75,1,4718
10.0,2589.719767,159.96,1.64,5.33,-26.64,0.0,3.25,1,4582
10.0,2589.729766,160.05,1.62,7.9,-26.58,-3.74,3.0,1,4454
10.0,2589.739764,161.28,1.56,7.89,-26.61,-6.06,1.75,1,4325
10.0,2589.749763,163.12,1.67,5.77,-26.65,-6.06,-0.0,1,4189
10.0,2589.759764,164.79,1.59,3.28,-26.71,-3.74,-1.75,1,5076
10.0,2589.769767,165.32,1.46,0.48,-26.77,-0.0,-2.25,1,4963
10.0,2589.779763,165.23,1.51,-0.95,-26.81,3.74,-2.25,1,4831
10.0,2589.789767,164.79,1.59,-0.3,-26.77,6.06,-1.0,1,4714
10.0,2589.799763,162.95,1.51,0.85,-26.73,6.06,1.0,1,4574
10.0,2589.809767,161.1,1.53,2.53,-26.7,3.74,2.75,1,4459
10.0,2589.819767,159.87,1.65,5.36,-26.64,0.0,3.25,1,4330
10.0,2589.829763,160.05,1.62,7.89,-26.58,-3.74,3.0,1,4192
10.0,2589.839764,161.19,1.56,7.84,-26.61,-6.06,1.75,1,5081
10.0,2589.849763,163.12,1.67,5.7,-26.65,-6.06,-0.25,1,4952
10.0,2589.859764,164.88,1.58,3.19,-26.71,-3.74,-1.75,1,4827
10.0,2589.869771,165.5,1.45,0.37,-26.78,-0.0,-2.5,1,4713
10.0,2589.879763,165.32,1.51,-1.07,-26.81,3.74,-2.25,1,4579
10.0,2589.889767,164.88,1.59,-0.44,-26.77,6.06,-1.25,1,4455
10.0,2589.899763,163.12,1.51,0.72,-26.73,6.06,0.75,1,4315
10.0,2589.909764,161.1,1.53,2.41,-26.7,3.74,2.5,1,4188
10.0,2589.919767,160.05,1.64,5.23,-26.65,0.0,3.25,1,5088
10.0,2589.929763,160.22,1.62,7.9,-26.58,-3.74,2.75,1,4951
10.0,2589.939764,161.37,1.56,7.82,-26.61,-6.06,1.75,1,4830
10.0,2589.949766,163.21,1.67,5.55,-26.65,-6.06,-0.25,1,4714
10.0,2589.959764,164.97,1.58,3.09,-26.71,-3.74,-2.0,1,4575
10.0,2589.969770,165.5,1.45,0.31,-26.78,-0.0,-2.5,1,4454
10.0,2589.979763,165.32,1.5,-1.15,-26.81,3.74,-2.25,1,4320
10.0,2589.989764,164.79,1.6,-0.46,-26.78,6.06,-1.0,1,4192
10.0,2589.999763,162.95,1.51,0.74,-26.73,6.06,0.75,1,5080
10.0,2590.009764,160.93,1.53,2.47,-26.7,3.74,2.75,1,4953
10.0,2590.019767,159.96,1.64,5.29,-26.64,0.0,3.25,1,4829
10.0,2590.029766,160.14,1.62,7.93,-26.58,-3.74,3.0,1,4710
10.0,2590.039764,161.28,1.56,7.89,-26.61,-6.06,1.75,1,4571
10.0,2590.049766,163.04,1.66,5.71,-26.65,-6.06,-0.0,1,4455
10.0,2590.059764,164.79,1.58,3.26,-26.71,-3.74,-1.75,1,4317
10.0,2590.069765,165.32,1.46,0.46,-26.77,0.0,-2.25,1,4191
10.0,2590.079763,165.23,1.51,-0.97,-26.81,3.74,-2.25,1,5076
10.0,2590.089764,164.79,1.59,-0.31,-26.77,6.06,-1.0,1,4950
10.0,2590.099763,162.95,1.51,0.84,-26.73,6.06,1.0,1,4822
10.0,2590.109767,161.02,1.53,2.53,-26.7,3.74,2.75,1,4715
10.0,2590.119767,159.87,1.65,5.35,-26.64,0.0,3.25,1,4579
10.0,2590.129763,160.05,1.62,7.89,-26.58,-3.74,3.0,1,4450
10.0,2590.139764,161.28,1.55,7.85,-26.61,-6.06,1.75,1,4313
10.0,2590.149763,163.12,1.67,5.73,-26.65,-6.06,-0.0,1,4191
10.0,2590.159764,164.79,1.58,3.21,-26.71,-3.74,-1.75,1,5082
10.0,2590.169767,165.41,1.45,0.39,-26.77,-0.0,-2.5,1,4960
10.0,2590.179763,165.32,1.51,-1.05,-26.81,3.74,-2.25,1,4828
10.0,2590.189767,164.88,1.59,-0.4,-26.77,6.06,-1.0,1,4711
10.0,2590.199763,162.95,1.51,0.78,-26.73,6.06,0.75,1,4571
10.0,2590.209767,161.02,1.53,2.48,-26.7,3.74,2.75,1,4456
10.0,2590.219767,159.96,1.64,5.3,-26.64,0.0,3.25,1,4319
10.0,2590.229763,160.14,1.62,7.9,-26.58,-3.74,3.0,1,4190
10.0,2590.239764,161.28,1.56,7.87,-26.61,-6.06,1.75,1,5077
10.0,2590.249763,163.12,1.66,5.72,-26.65,-6.06,-0.0,1,4949
10.0,2590.259764,164.88,1.59,3.24,-26.71,-3.74,-1.75,1,4825
10.0,2590.269771,165.32,1.46,0.44,-26.77,-0.0,-2.25,1,4711
10.0,2590.279763,165.32,1.51,-1.0,-26.81,3.74,-2.25,1,4576
10.0,2590.289767,164.88,1.59,-0.34,-26.77,6.06,-1.0,1,4452
10.0,2590.299763,163.04,1.51,0.82,-26.73,6.06,0.75,1,4315
10.0,2590.309764,161.1,1.53,2.51,-26.7,3.74,2.75,1,4184
10.0,2590.319767,159.87,1.64,5.33,-26.64,0.0,3.25,1,5085
10.0,2590.329763,160.05,1.62,7.88,-26.58,-3.74,3.0,1,4945
10.0,2590.339764,161.28,1.56,7.88,-26.6,-6.06,1.75,1,4827
10.0,2590.349766,163.04,1.67,5.81,-26.64,-6.06,-0.0,1,4710
10.0,2590.359764,164.79,1.58,3.29,-26.7,-3.74,-1.75,1,4575
10.0,2590.369771,165.41,1.46,0.49,-26.77,-0.0,-2.25,1,4452
10.0,2590.379763,165.23,1.52,-0.94,-26.81,3.74,-2.25,1,4316
10.0,2590.389764,164.79,1.59,-0.3,-26.76,6.06,-1.0,1,4191
10.0,2590.399763,162.95,1.51,0.84,-26.73,6.06,1.0,1,5077
10.0,2590.409764,160.93,1.53,2.52,-26.7,3.74,2.75,1,4951
10.0,2590.419767,159.87,1.65,5.35,-26.63,0.0,3.25,1,4827
10.0,2590.429763,160.05,1.62,7.86,-26.58,-3.74,3.0,1,4703
10.0,2590.439764,161.37,1.56,7.84,-26.6,-6.06,1.75,1,4570
10.0,2590.449763,163.12,1.67,5.74,-26.65,-6.06,-0.25,1,4451
10.0,2590.459764,164.88,1.58,3.21,-26.71,-3.74,-1.75,1,4316
10.0,2590.469767,165.41,1.45,0.38,-26.77,-0.0,-2.5,1,4188
10.0,2590.479763,165.32,1.51,-1.07,-26.81,3.74,-2.25,1,5081
10.0,2590.489764,164.88,1.59,-0.44,-26.77,6.06,-1.25,1,4949
10.0,2590.499763,163.12,1.51,0.73,-26.73,6.06,0.75,1,4827
10.0,2590.509767,161.1,1.53,2.41,-26.7,3.74,2.5,1,4712
10.0,2590.519767,160.05,1.64,5.23,-26.64,0.0,3.25,1,4576
10.0,2590.529766,160.22,1.62,7.9,-26.58,-3.74,2.75,1,4447
10.0,2590.539764,161.37,1.56,7.82,-26.6,-6.06,1.75,1,4317
10.0,2590.549765,163.21,1.66,5.57,-26.65,-6.06,-0.25,1,4190
10.0,2590.559764,164.97,1.58,3.11,-26.71,-3.74,-1.75,1,5026
10.0,2590.569767,165.5,1.45,0.31,-26.77,-0.0,-2.5,1,4954
10.0,2590.579763,165.41,1.5,-1.15,-26.81,3.74,-2.25,1,4825
10.0,2590.589764,165.06,1.6,-0.48,-26.77,6.06,-1.25,1,4707
10.0,2590.599763,163.12,1.51,0.7,-26.73,6.06,0.75,1,4568
10.0,2590.609767,161.1,1.53,2.4,-26.7,3.74,2.5,1,4453
10.0,2590.619766,160.05,1.63,5.22,-26.64,-0.0,3.25,1,4314
10.0,2590.629763,160.22,1.62,7.93,-26.58,-3.74,2.75,1,4184
10.0,2590.639764,161.37,1.56,7.85,-26.6,-6.06,1.75,1,5074
10.0,2590.649763,163.21,1.66,5.56,-26.65,-6.06,-0.25,1,4948
10.0,2590.659764,164.88,1.58,3.12,-26.71,-3.74,-1.75,1,4819
10.0,2590.669770,165.59,1.45,0.33,-26.77,-0.0,-2.5,1,4715
10.0,2590.679763,165.32,1.5,-1.12,-26.81,3.74,-2.25,1,4575
10.0,2590.689767,164.88,1.6,-0.46,-26.77,6.06,-1.25,1,4449
10.0,2590.699763,163.12,1.51,0.72,-26.73,6.06,0.75,1,4308
10.0,2590.709764,161.1,1.53,2.42,-26.7,3.74,2.5,1,4190
10.0,2590.719767,160.05,1.64,5.23,-26.64,0.0,3.25,1,5082
10.0,2590.729763,160.22,1.62,7.93,-26.58,-3.74,3.0,1,4951
10.0,2590.739764,161.28,1.56,7.85,-26.6,-6.06,1.75,1,4827
10.0,2590.749763,163.21,1.66,5.6,-26.65,-6.06,-0.25,1,4704
10.0,2590.759764,164.88,1.58,3.15,-26.71,-3.74,-1.75,1,4571
10.0,2590.769770,165.41,1.45,0.36,-26.77,-0.0,-2.5,1,4456
10.0,2590.779763,165.32,1.5,-1.09,-26.81,3.74,-2.25,1,4316
10.0,2590.789764,164.97,1.59,-0.44,-26.77,6.06,-1.25,1,4185
10.0,2590.799763,163.12,1.51,0.72,-26.73,6.06,0.75,1,5074
10.0,2590.809764,161.02,1.53,2.42,-26.7,3.74,2.5,1,4950
10.0,2590.819767,160.05,1.64,5.23,-26.64,0.0,3.25,1,4834
10.0,2590.829763,160.14,1.62,7.91,-26.58,-3.74,2.75,1,4700
10.0,2590.839764,161.28,1.56,7.84,-26.6,-6.06,1.75,1,4567
10.0,2590.849763,163.12,1.66,5.59,-26.65,-6.06,-0.25,1,4448
10.0,2590.859764,164.97,1.58,3.14,-26.71,-3.74,-1.75,1,4313
10.0,2590.869765,165.59,1.45,0.34,-26.77,0.0,-2.5,1,4182
10.0,2590.879764,165.32,1.5,-1.11,-26.81,3.74,-2.25,1,5079
10.0,2590.889767,164.97,1.6,-0.46,-26.77,6.06,-1.25,1,4946
10.0,2590.899763,163.12,1.51,0.72,-26.73,6.06,0.75,1,4835
10.0,2590.909764,161.1,1.53,2.41,-26.7,3.74,2.5,1,4708
10.0,2590.919767,160.05,1.64,5.22,-26.64,0.0,3.25,1,4575
10.0,2590.929766,160.22,1.62,7.91,-26.58,-3.74,2.75,1,4444
10.0,2590.939764,161.46,1.56,7.84,-26.6,-6.06,1.75,1,4314
10.0,2590.949763,163.12,1.66,5.58,-26.64,-6.06,-0.25,1,4193
10.0,2590.959764,164.88,1.58,3.12,-26.7,-3.74,-1.75,1,5075
10.0,2590.969765,165.5,1.45,0.33,-26.77,0.0,-2.5,1,4952
10.0,2590.979763,165.32,1.5,-1.12,-26.8,3.74,-2.25,1,4828
10.0,2590.989764,164.97,1.6,-0.47,-26.77,6.06,-1.25,1,4701
10.0,2590.999763,163.12,1.51,0.72,-26.72,6.06,0.75,1,4567
10.0,2591.009767,161.02,1.53,2.42,-26.7,3.74,2.5,1,4449
10.0,2591.019767,160.14,1.64,5.22,-26.64,0.0,3.25,1,4312
10.0,2591.029763,160.14,1.62,7.92,-26.57,-3.74,3.0,1,4189
10.0,2591.039766,161.37,1.55,7.85,-26.6,-6.06,1.75,1,5073
10.0,2591.049763,163.3,1.66,5.61,-26.64,-6.06,-0.25,1,4945
10.0,2591.059764,164.88,1.58,3.16,-26.7,-3.74,-1.75,1,4836
10.0,2591.069767,165.41,1.45,0.37,-26.77,-0.0,-2.5,1,4712
10.0,2591.079763,165.32,1.5,-1.08,-26.8,3.74,-2.25,1,4568
10.0,2591.089767,164.88,1.6,-0.43,-26.77,6.06,-1.25,1,4445
10.0,2591.099763,163.12,1.51,0.73,-26.72,6.06,0.75,1,4314
10.0,2591.109764,161.1,1.53,2.42,-26.69,3.74,2.5,1,4198
10.0,2591.119766,159.96,1.64,5.23,-26.64,-0.0,3.25,1,5076
10.0,2591.129763,160.22,1.62,7.9,-26.57,-3.74,3.0,1,4950
10.0,2591.139764,161.37,1.56,7.84,-26.6,-6.06,1.75,1,4829
10.0,2591.149763,163.12,1.67,5.62,-26.64,-6.06,-0.25,1,4701
10.0,2591.159764,165.06,1.58,3.16,-26.7,-3.74,-1.75,1,4567
10.0,2591.169770,165.5,1.45,0.37,-26.77,-0.0,-2.5,1,4453
10.0,2591.179763,165.32,1.5,-1.08,-26.8,3.74,-2.25,1,4312
10.0,2591.189764,164.97,1.6,-0.44,-26.77,6.06,-1.25,1,4209
10.0,2591.199764,163.12,1.51,0.72,-26.72,6.06,0.75,1,5070
10.0,2591.209764,161.02,1.53,2.41,-26.69,3.74,2.5,1,4944
10.0,2591.219767,160.05,1.64,5.21,-26.64,0.0,3.25,1,4828
10.0,2591.229763,160.22,1.62,7.88,-26.57,-3.74,2.75,1,4699
10.0,2591.239764,161.37,1.56,7.82,-26.6,-6.06,1.75,1,4573
10.0,2591.249763,163.3,1.66,5.6,-26.64,-6.06,-0.25,1,4442
10.0,2591.259764,164.88,1.58,3.14,-26.7,-3.74,-1.75,1,4306
10.0,2591.269767,165.32,1.45,0.35,-26.77,-0.0,-2.5,1,4218
10.0,2591.279765,165.32,1.5,-1.1,-26.8,3.74,-2.25,1,5075
10.0,2591.289764,164.97,1.6,-0.46,-26.77,6.06,-1.25,1,4943
10.0,2591.299763,163.04,1.51,0.72,-26.72,6.06,0.75,1,4828
10.0,2591.309764,161.1,1.53,2.41,-26.69,3.74,2.5,1,4693
10.0,2591.319767,159.96,1.64,5.21,-26.64,0.0,3.25,1,4569
10.0,2591.329766,160.31,1.62,7.9,-26.57,-3.74,2.75,1,4449
10.0,2591.339764,161.28,1.56,7.84,-26.6,-6.06,1.75,1,4314
10.0,2591.349763,163.21,1.66,5.61,-26.64,-6.06,-0.25,1,4207
10.0,2591.359765,164.88,1.58,3.15,-26.7,-3.74,-1.75,1,5072
10.0,2591.369765,165.5,1.45,0.37,-26.77,0.0,-2.5,1,4945
10.0,2591.379763,165.32,1.5,-1.09,-26.8,3.74,-2.25,1,4824
10.0,2591.389764,164.97,1.6,-0.44,-26.77,6.06,-1.25,1,4690
10.0,2591.399763,163.12,1.51,0.73,-26.72,6.06,0.75,1,4561
10.0,2591.409764,161.1,1.53,2.42,-26.69,3.74,2.5,1,4443
10.0,2591.419767,159.96,1.64,5.21,-26.64,0.0,3.25,1,4309
10.0,2591.429763,160.31,1.62,7.89,-26.57,-3.74,3.0,1,4206
10.0,2591.439766,161.37,1.55,7.83,-26.6,-6.06,1.75,1,5078
10.0,2591.449763,163.21,1.66,5.61,-26.64,-6.06,-0.25,1,4942
10.0,2591.459764,164.88,1.58,3.15,-26.7,-3.74,-1.75,1,4830
10.0,2591.469765,165.41,1.45,0.36,-26.77,0.0,-2.5,1,4698
10.0,2591.479763,165.32,1.5,-1.09,-26.8,3.74,-2.25,1,4565
10.0,2591.489767,164.88,1.6,-0.45,-26.77,6.06,-1.25,1,4442
10.0,2591.499763,163.12,1.51,0.73,-26.72,6.06,0.75,1,4313
10.0,2591.509764,161.02,1.53,2.42,-26.69,3.74,2.5,1,4209
10.0,2591.519767,160.05,1.64,5.22,-26.64,0.0,3.25,1,5074
10.0,2591.529763,160.14,1.62,7.9,-26.57,-3.74,3.0,1,4943
10.0,2591.539764,161.28,1.55,7.84,-26.6,-6.06,1.75,1,4826
10.0,2591.549763,163.3,1.66,5.62,-26.64,-6.06,-0.25,1,4688
10.0,2591.559764,164.97,1.58,3.16,-26.7,-3.74,-1.75,1,4565
10.0,2591.569770,165.41,1.45,0.37,-26.76,-0.0,-2.5,1,4449
10.0,2591.579763,165.32,1.5,-1.09,-26.8,3.74,-2.25,1,4306
10.0,2591.589764,164.88,1.6,-0.45,-26.76,6.06,-1.25,1,4204
10.0,2591.599764,163.12,1.51,0.72,-26.72,6.06,0.75,1,5067
10.0,2591.609764,161.1,1.53,2.41,-26.69,3.74,2.5,1,4940
10.0,2591.619766,160.05,1.64,5.21,-26.64,-0.0,3.25,1,4823
10.0,2591.629763,160.14,1.62,7.89,-26.57,-3.74,2.75,1,4693
10.0,2591.639764,161.37,1.55,7.83,-26.59,-6.06,1.75,1,4566
10.0,2591.649763,163.21,1.66,5.61,-26.64,-6.06,-0.25,1,4438
10.0,2591.659764,164.88,1.58,3.15,-26.7,-3.74,-1.75,1,4305
10.0,2591.669767,165.5,1.45,0.36,-26.76,-0.0,-2.5,1,4216
10.0,2591.679763,165.5,1.5,-1.11,-26.8,3.74,-2.25,1,5071
10.0,2591.689764,164.88,1.6,-0.46,-26.76,6.06,-1.25,1,4945
10.0,2591.699763,163.12,1.51,0.71,-26.72,6.06,0.75,1,4825
10.0,2591.709764,161.02,1.53,2.4,-26.69,3.74,2.5,1,4691
10.0,2591.719767,159.96,1.64,5.21,-26.63,0.0,3.25,1,4568
10.0,2591.729763,160.22,1.61,7.9,-26.57,-3.74,3.0,1,4445
10.0,2591.739764,161.37,1.55,7.84,-26.59,-6.06,1.75,1,4308
10.0,2591.749763,163.3,1.66,5.62,-26.64,-6.06,-0.25,1,4204
10.0,2591.759765,164.88,1.58,3.16,-26.7,-3.74,-1.75,1,5069
10.0,2591.769767,165.5,1.45,0.37,-26.76,-0.0,-2.5,1,4944
10.0,2591.779763,165.41,1.5,-1.09,-26.8,3.74,-2.25,1,4821
10.0,2591.789764,164.88,1.6,-0.45,-26.76,6.06,-1.25,1,4689
10.0,2591.799763,163.12,1.51,0.72,-26.72,6.06,0.75,1,4566
10.0,2591.809764,161.1,1.53,2.41,-26.69,3.74,2.5,1,4439
10.0,2591.819766,159.96,1.64,5.21,-26.63,-0.0,3.25,1,4304
10.0,2591.829763,160.22,1.62,7.89,-26.57,-3.74,2.75,1,4208
10.0,2591.839764,161.28,1.55,7.83,-26.59,-6.06,1.75,1,5072
10.0,2591.849763,163.21,1.66,5.61,-26.64,-6.06,-0.25,1,4944
10.0,2591.859764,164.97,1.58,3.15,-26.7,-3.74,-1.75,1,4826
10.0,2591.869765,165.5,1.45,0.36,-26.76,0.0,-2.5,1,4691
10.0,2591.879763,165.32,1.5,-1.1,-26.8,3.74,-2.25,1,4561
10.0,2591.889764,164.97,1.6,-0.46,-26.76,6.06,-1.25,1,4438
10.0,2591.899763,163.12,1.51,0.72,-26.72,6.06,0.75,1,4307
10.0,2591.909764,161.1,1.53,2.4,-26.69,3.74,2.5,1,4205
10.0,2591.919768,159.96,1.64,5.2,-26.63,0.0,3.25,1,5071
10.0,2591.929763,160.22,1.62,7.89,-26.57,-3.74,2.75,1,4940
10.0,2591.939764,161.37,1.56,7.84,-26.59,-6.06,1.75,1,4822
10.0,2591.949763,163.21,1.66,5.61,-26.64,-6.06,-0.25,1,4687
10.0,2591.959764,164.97,1.58,3.15,-26.7,-3.74,-1.75,1,4558
10.0,2591.969765,165.5,1.45,0.37,-26.76,0.0,-2.5,1,4441
10.0,2591.979763,165.41,1.5,-1.1,-26.8,3.74,-2.25,1,4305
10.0,2591.989764,164.97,1.6,-0.46,-26.76,6.06,-1.25,1,4211
10.0,2591.999766,163.04,1.51,0.72,-26.72,6.06,0.75,1,5075
10.0,2592.009764,161.1,1.53,2.41,-26.69,3.74,2.5,1,4937
10.0,2592.019767,160.05,1.64,5.21,-26.63,0.0,3.25,1,4829
10.0,2592.029763,160.22,1.62,7.9,-26.57,-3.74,3.0,1,4691
10.0,2592.039764,161.37,1.56,7.84,-26.59,-6.06,1.75,1,4563
10.0,2592.049763,163.12,1.66,5.62,-26.64,-6.06,-0.25,1,4436
10.0,2592.059764,164.97,1.58,3.16,-26.7,-3.74,-1.75,1,4300
10.0,2592.069767,165.41,1.45,0.37,-26.76,-0.0,-2.5,1,4207
10.0,2592.079763,165.32,1.5,-1.09,-26.8,3.74,-2.25,1,5068
10.0,2592.089764,164.88,1.6,-0.45,-26.76,6.06,-1.25,1,4941
10.0,2592.099763,163.04,1.51,0.73,-26.72,6.06,0.75,1,4821
10.0,2592.109764,161.1,1.53,2.41,-26.69,3.74,2.5,1,4687
10.0,2592.119767,160.05,1.64,5.21,-26.63,0.0,3.25,1,4562
10.0,2592.129763,160.22,1.62,7.9,-26.57,-3.74,3.0,1,4430
10.0,2592.139764,161.37,1.56,7.85,-26.59,-6.06,1.75,1,4304
10.0,2592.149763,163.21,1.66,5.64,-26.63,-6.06,-0.25,1,4200
10.0,2592.159767,164.97,1.58,3.18,-26.69,-3.74,-1.75,1,5067
10.0,2592.169767,165.5,1.45,0.38,-26.76,-0.0,-2.5,1,4940
10.0,2592.179763,165.32,1.5,-1.08,-26.8,3.74,-2.25,1,4817
10.0,2592.189764,164.88,1.6,-0.44,-26.76,6.06,-1.25,1,4691
10.0,2592.199763,163.12,1.51,0.73,-26.72,6.06,0.75,1,4562
10.0,2592.209764,161.1,1.53,2.41,-26.69,3.74,2.5,1,4436
10.0,2592.219770,159.96,1.64,5.21,-26.63,0.0,3.25,1,4305
10.0,2592.229763,160.31,1.62,7.89,-26.57,-3.74,3.0,1,5196
10.0,2592.239764,161.37,1.55,7.84,-26.59,-6.06,1.75,1,5068
10.0,2592.249763,163.21,1.66,5.63,-26.63,-6.06,-0.25,1,4940
10.0,2592.259764,164.88,1.58,3.16,-26.69,-3.74,-1.75,1,4823
10.0,2592.269767,165.41,1.45,0.37,-26.76,-0.0,-2.5,1,4690
10.0,2592.279764,165.32,1.5,-1.09,-26.8,3.74,-2.25,1,4559
10.0,2592.289764,164.88,1.6,-0.46,-26.76,6.06,-1.25,1,4423
10.0,2592.299766,163.12,1.51,0.72,-26.72,6.06,0.75,1,4307
10.0,2592.309764,161.1,1.53,2.41,-26.69,3.74,2.5,1,5193
10.0,2592.319769,159.96,1.64,5.2,-26.63,-0.0,3.25,1,5069
10.0,2592.329763,160.31,1.62,7.89,-26.57,-3.74,2.75,1,4936
10.0,2592.339765,161.37,1.56,7.84,-26.59,-6.06,1.75,1,4819
10.0,2592.349763,163.21,1.67,5.62,-26.63,-6.06,-0.25,1,4682
10.0,2592.359764,164.88,1.58,3.16,-26.69,-3.74,-1.75,1,4564
10.0,2592.369765,165.5,1.45,0.37,-26.76,0.0,-2.5,1,4429
10.0,2592.379766,165.32,1.5,-1.09,-26.79,3.74,-2.25,1,4302
10.0,2592.389764,164.88,1.6,-0.46,-26.76,6.06,-1.25,1,5197
10.0,2592.399766,163.12,1.52,0.72,-26.71,6.06,0.75,1,5072
10.0,2592.409764,161.02,1.53,2.4,-26.69,3.74,2.5,1,4933
10.0,2592.419767,160.05,1.64,5.19,-26.63,0.0,3.25,1,4826
10.0,2592.429763,160.22,1.62,7.88,-26.57,-3.74,2.75,1,4687
10.0,2592.439764,161.28,1.56,7.83,-26.59,-6.06,1.75,1,4560
10.0,2592.449763,163.12,1.66,5.62,-26.63,-6.06,-0.25,1,4423
10.0,2592.459767,164.88,1.58,3.16,-26.69,-3.74,-1.75,1,4308
