freq_hz,t_s,enc_deg,roll,pitch,yaw,target_deg,inc_deg,valid,imu_age_us
0.5,274.569750,169.54,0.81,-1.98,25.72,0.63,1.0,1,6489
0.5,274.579753,168.57,0.77,-1.17,25.73,1.26,1.25,1,6365
0.5,274.589750,169.1,0.83,-0.61,25.75,1.88,1.0,1,6226
0.5,274.599754,168.93,0.77,-0.34,25.76,2.51,1.25,1,6101
0.5,274.609750,168.57,0.8,-0.43,25.75,3.13,2.25,1,5962
0.5,274.619750,167.17,0.87,-0.68,25.75,3.75,3.0,1,5844
0.5,274.629750,166.82,0.79,-0.1,25.76,4.36,3.25,1,6723
0.5,274.639754,166.46,0.78,1.35,25.79,4.97,4.0,1,6607
0.5,274.649750,165.32,0.79,1.63,25.79,5.58,5.0,1,6485
0.5,274.659753,164.62,0.88,1.99,25.79,6.18,5.5,1,6361
0.5,274.669750,164.44,0.79,3.44,25.82,6.77,5.75,1,6225
0.5,274.679752,164.0,0.78,4.06,25.83,7.36,6.75,1,6096
0.5,274.689750,161.98,0.88,3.98,25.83,7.94,7.75,1,5966
0.5,274.699750,162.33,0.87,4.83,25.85,8.52,8.0,1,5850
0.5,274.709750,161.63,0.76,6.58,25.87,9.08,8.75,1,6727
0.5,274.719750,161.02,0.84,6.49,25.88,9.64,9.5,1,6599
0.5,274.729750,160.31,0.92,6.5,25.89,10.18,10.25,1,6490
0.5,274.739754,159.52,0.81,7.68,25.89,10.72,10.75,1,6365
0.5,274.749750,158.99,0.84,8.6,25.91,11.24,11.25,1,6228
0.5,274.759753,157.94,0.89,9.07,25.93,11.76,11.75,1,6102
0.5,274.769750,158.29,0.84,9.39,25.93,12.26,12.0,1,5962
0.5,274.779750,158.12,0.88,9.6,25.94,12.75,12.25,1,5845
0.5,274.789750,157.5,0.86,9.85,25.94,13.23,12.75,1,6732
0.5,274.799753,156.8,0.87,9.99,25.94,13.69,13.75,1,6607
0.5,274.809751,155.83,0.89,10.64,25.96,14.14,14.25,1,6485
0.5,274.819752,155.39,0.89,11.87,25.98,14.58,14.75,1,6359
0.5,274.829751,154.78,0.86,12.66,26.0,15.0,15.25,1,6231
0.5,274.839752,154.42,0.91,13.1,26.02,15.41,15.75,1,6105
0.5,274.849751,153.72,0.89,13.39,26.02,15.8,16.0,1,5967
0.5,274.859751,153.63,0.9,13.61,26.02,16.18,16.25,1,5850
0.5,274.869751,153.63,0.91,13.79,26.03,16.54,16.25,1,6728
0.5,274.879750,153.46,0.9,13.82,26.03,16.89,16.75,1,6608
0.5,274.889751,152.67,0.9,13.88,26.03,17.21,17.5,1,6490
0.5,274.899753,151.79,0.93,14.49,26.04,17.53,18.0,1,6365
0.5,274.909751,151.35,0.92,15.62,26.07,17.82,18.25,1,6227
0.5,274.919754,151.79,0.9,16.23,26.07,18.1,18.0,1,6102
0.5,274.929751,151.7,0.93,16.42,26.09,18.36,17.75,1,5963
0.5,274.939751,151.79,0.91,16.17,26.08,18.6,17.75,1,5844
0.5,274.949751,151.35,0.96,15.8,26.07,18.82,18.75,1,6732
0.5,274.959751,150.12,0.92,15.65,26.05,19.02,20.0,1,6605
0.5,274.969751,149.06,0.96,16.54,26.09,19.21,20.75,1,6495
0.5,274.979752,148.8,0.92,18.38,26.11,19.37,20.5,1,6369
0.5,274.989751,148.89,0.93,19.39,26.14,19.52,19.75,1,6231
0.5,274.999754,149.94,0.94,18.95,26.14,19.65,19.5,1,6107
0.5,275.009751,150.29,0.96,17.73,26.11,19.75,19.25,1,5967
0.5,275.019751,150.56,0.94,16.83,26.07,19.84,19.25,1,5852
0.5,275.029751,149.77,0.92,16.75,26.06,19.91,20.0,1,6728
0.5,275.039750,148.8,0.97,16.91,26.08,19.96,21.25,1,6608
0.5,275.049751,147.66,0.96,17.85,26.11,19.99,21.75,1,6490
0.5,275.059753,147.3,0.94,19.62,26.14,20.0,21.75,1,6366
0.5,275.069751,148.71,0.94,20.68,26.17,19.99,20.75,1,6227
0.5,275.079751,149.5,0.96,20.11,26.16,19.96,19.75,1,6099
0.5,275.089751,149.77,0.95,18.09,26.1,19.91,19.75,1,5974
0.5,275.099751,149.94,0.95,16.69,26.07,19.84,19.5,1,5871
0.5,275.109751,149.77,0.97,17.02,26.09,19.75,19.75,1,6733
0.5,275.119751,149.06,0.89,17.36,26.07,19.65,20.5,1,6605
0.5,275.129751,148.62,0.99,17.64,26.11,19.52,20.75,1,6495
0.5,275.139751,148.97,0.94,18.28,26.12,19.37,20.25,1,6367
0.5,275.149751,149.59,0.88,19.06,26.12,19.21,19.25,1,6232
0.5,275.159751,150.29,0.97,18.47,26.13,19.02,18.75,1,6105
0.5,275.169751,150.64,0.94,16.61,26.07,18.82,18.25,1,5967
0.5,275.179751,151.44,0.92,15.92,26.05,18.6,18.0,1,5869
0.5,275.189751,150.73,0.92,15.58,26.05,18.36,18.5,1,6737
0.5,275.199752,150.73,0.94,15.74,26.06,18.1,18.75,1,6611
0.5,275.209751,150.56,0.93,16.26,26.08,17.82,18.75,1,6491
0.5,275.219751,151.61,0.89,16.53,26.07,17.53,17.75,1,6363
0.5,275.229751,152.75,0.94,16.7,26.1,17.21,16.75,1,6236
0.5,275.239750,153.46,0.89,15.6,26.06,16.89,16.0,1,6109
0.5,275.249751,153.11,0.92,13.62,26.01,16.54,16.25,1,5972
0.5,275.259751,153.02,0.93,13.21,26.01,16.18,16.75,1,5871
0.5,275.269751,152.84,0.92,13.89,26.02,15.8,16.25,1,6733
0.5,275.279751,153.72,0.86,14.26,26.03,15.41,15.5,1,6614
0.5,275.289751,154.07,0.87,14.27,26.04,15.0,15.0,1,6495
0.5,275.299751,154.69,0.96,13.55,26.04,14.58,14.5,1,6359
0.5,275.309751,155.04,0.88,12.28,25.98,14.14,14.0,1,6232
0.5,275.319751,155.21,0.87,11.95,25.97,13.69,13.75,1,6105
0.5,275.329754,155.65,0.91,11.71,25.98,13.23,13.5,1,5971
0.5,275.339751,155.83,0.87,11.45,25.97,12.75,13.25,1,5878
0.5,275.349751,156.18,0.88,11.4,25.97,12.26,13.0,1,6737
0.5,275.359751,156.97,0.88,11.37,25.97,11.76,12.0,1,6610
0.5,275.369751,158.47,0.86,10.86,25.96,11.24,10.75,1,6500
0.5,275.379751,159.08,0.84,9.25,25.93,10.72,10.0,1,6363
0.5,275.389751,159.26,0.87,7.5,25.9,10.18,10.25,1,6236
0.5,275.399751,158.91,0.88,7.1,25.89,9.64,10.75,1,6109
0.5,275.409754,158.03,0.87,7.99,25.91,9.08,11.0,1,5975
0.5,275.419751,158.64,0.85,8.96,25.94,8.52,10.5,1,5871
0.5,275.429751,160.05,0.84,9.57,25.96,7.94,9.25,1,6736
0.5,275.439751,161.19,0.85,8.6,25.93,7.36,8.0,1,6614
0.5,275.449751,161.1,0.83,6.25,25.87,6.77,8.0,1,6496
0.5,275.459751,161.02,0.86,4.94,25.85,6.18,8.0,1,6360
0.5,275.469751,162.33,0.9,5.43,25.87,5.58,7.25,1,6232
0.5,275.479751,163.39,0.77,5.97,25.88,4.97,5.75,1,6105
0.5,275.489754,165.32,0.79,4.91,25.86,4.36,4.5,1,5980
0.5,275.499751,165.76,0.86,2.67,25.82,3.75,3.75,1,5876
0.5,275.509751,166.2,0.8,1.18,25.79,3.13,3.25,1,6737
0.5,275.519751,166.9,0.86,1.0,25.79,2.51,2.75,1,6610
0.5,275.529751,166.55,0.77,0.82,25.78,1.88,2.5,1,6500
0.5,275.539751,167.52,0.83,0.53,25.78,1.26,2.0,1,6364
0.5,275.549751,168.66,0.81,0.34,25.78,0.63,0.75,1,6236
0.5,275.559751,170.68,0.77,-0.44,25.77,0.0,-0.75,1,6109
0.5,275.569752,170.95,0.79,-2.38,25.73,-0.63,-1.75,1,5975
0.5,275.579754,171.21,0.81,-4.25,25.69,-1.26,-1.75,1,5883
0.5,275.589751,171.04,0.83,-4.84,25.68,-1.88,-1.75,1,6745
0.5,275.599751,171.39,0.81,-4.08,25.7,-2.51,-2.0,1,6615
0.5,275.609751,171.74,0.75,-3.4,25.73,-3.13,-2.5,1,6496
0.5,275.619751,173.41,0.78,-3.71,25.72,-3.75,-3.75,1,6368
0.5,275.629751,174.64,0.83,-4.83,25.69,-4.36,-5.25,1,6241
0.5,275.639751,175.78,0.72,-6.72,25.66,-4.97,-6.0,1,6113
0.5,275.649754,176.13,0.83,-8.57,25.61,-5.58,-6.0,1,5980
0.5,275.659751,175.69,0.82,-9.03,25.6,-6.18,-5.75,1,5879
0.5,275.669751,175.69,0.79,-8.2,25.62,-6.77,-6.25,1,6738
0.5,275.679751,177.19,0.75,-7.43,25.66,-7.36,-7.5,1,6619
0.5,275.689751,178.77,0.73,-8.14,25.66,-7.94,-9.0,1,6500
0.5,275.699751,179.91,0.82,-10.52,25.59,-8.52,-10.0,1,6364
0.5,275.709751,179.91,0.77,-12.52,25.55,-9.08,-10.0,1,6237
0.5,275.719750,179.91,0.83,-13.09,25.53,-9.64,-9.75,1,6108
0.5,275.729754,179.91,0.81,-12.4,25.56,-10.18,-10.0,1,5976
0.5,275.739751,180.44,0.72,-11.68,25.59,-10.72,-10.25,1,5883
0.5,275.749751,180.62,0.77,-11.65,25.58,-11.24,-10.75,1,6742
0.5,275.759751,181.76,0.84,-12.16,25.56,-11.76,-11.5,1,6615
0.5,275.769751,182.11,0.71,-12.87,25.56,-12.26,-12.25,1,6496
0.5,275.779751,182.72,0.79,-14.03,25.52,-12.75,-12.75,1,6369
0.5,275.789751,183.43,0.82,-14.82,25.5,-13.23,-13.25,1,6241
0.5,275.799751,183.69,0.74,-15.21,25.51,-13.69,-13.5,1,6114
0.5,275.809754,183.43,0.8,-15.48,25.5,-14.14,-13.75,1,5982
0.5,275.819754,183.87,0.78,-15.68,25.5,-14.58,-14.25,1,5879
0.5,275.829751,185.36,0.78,-15.91,25.5,-15.0,-15.25,1,6747
0.5,275.839751,185.89,0.76,-16.59,25.49,-15.41,-16.0,1,6619
0.5,275.849751,186.42,0.78,-17.85,25.46,-15.8,-16.25,1,6500
0.5,275.859751,186.68,0.82,-18.6,25.43,-16.18,-16.0,1,6364
0.5,275.869751,185.8,0.78,-18.5,25.45,-16.54,-15.75,1,6246
0.5,275.879751,185.98,0.8,-17.87,25.47,-16.89,-15.75,1,6110
0.5,275.889752,186.77,0.75,-17.54,25.49,-17.21,-16.75,1,5983
0.5,275.899754,187.73,0.79,-17.53,25.48,-17.53,-17.5,1,5883
0.5,275.909751,188.0,0.74,-18.98,25.45,-17.82,-17.75,1,6744
0.5,275.919751,187.91,0.84,-20.37,25.4,-18.1,-18.0,1,6615
0.5,275.929751,187.82,0.82,-20.13,25.42,-18.36,-18.0,1,6505
0.5,275.939751,188.53,0.73,-19.93,25.44,-18.6,-18.5,1,6369
0.5,275.949751,189.14,0.84,-19.94,25.42,-18.82,-19.25,1,6241
0.5,275.959751,190.02,0.74,-20.52,25.43,-19.02,-19.5,1,6114
0.5,275.969751,189.23,0.78,-21.65,25.39,-19.21,-19.25,1,5978
0.5,275.979754,189.4,0.88,-21.84,25.37,-19.37,-19.25,1,5888
0.5,275.989751,189.4,0.76,-21.37,25.42,-19.52,-19.25,1,6749
0.5,275.999751,189.58,0.77,-21.23,25.41,-19.65,-19.25,1,6619
0.5,276.009751,189.93,0.82,-21.08,25.41,-19.75,-19.5,1,6501
0.5,276.019751,190.63,0.77,-20.88,25.43,-19.84,-20.25,1,6374
0.5,276.029751,190.63,0.78,-21.4,25.41,-19.91,-20.25,1,6249
0.5,276.039751,190.72,0.79,-22.51,25.37,-19.96,-20.0,1,6118
0.5,276.049752,190.55,0.86,-22.54,25.36,-19.99,-19.75,1,5983
0.5,276.059754,190.55,0.78,-22.06,25.4,-20.0,-19.75,1,5885
0.5,276.069751,190.02,0.75,-21.96,25.41,-19.99,-19.5,1,6743
0.5,276.079751,190.02,0.83,-21.58,25.4,-19.96,-19.75,1,6624
0.5,276.089751,190.81,0.77,-21.03,25.43,-19.91,-20.25,1,6505
0.5,276.099751,190.81,0.78,-21.2,25.42,-19.84,-20.25,1,6369
0.5,276.109751,190.28,0.79,-22.33,25.37,-19.75,-20.0,1,6242
0.5,276.119751,190.37,0.85,-22.49,25.37,-19.65,-19.75,1,6114
0.5,276.129751,190.37,0.79,-22.02,25.41,-19.52,-19.5,1,5978
0.5,276.139753,190.02,0.76,-21.99,25.41,-19.37,-19.25,1,5887
0.5,276.149751,189.58,0.83,-21.62,25.4,-19.21,-19.25,1,6747
0.5,276.159751,189.4,0.77,-20.95,25.43,-19.02,-19.25,1,6620
0.5,276.169751,189.58,0.8,-20.63,25.43,-18.82,-19.25,1,6510
0.5,276.179751,189.93,0.8,-20.77,25.43,-18.6,-19.0,1,6374
0.5,276.189751,189.49,0.79,-20.97,25.42,-18.36,-18.5,1,6249
0.5,276.199751,188.35,0.82,-20.94,25.42,-18.1,-18.0,1,6119
0.5,276.209754,188.53,0.79,-20.55,25.44,-17.82,-17.5,1,5985
0.5,276.219752,188.0,0.76,-19.69,25.46,-17.53,-17.5,1,5883
0.5,276.229751,188.35,0.81,-19.16,25.46,-17.21,-18.0,1,6752
0.5,276.239751,188.17,0.75,-18.9,25.48,-16.89,-18.0,1,6624
0.5,276.249751,188.35,0.79,-19.21,25.46,-16.54,-17.25,1,6505
0.5,276.259751,186.59,0.86,-19.87,25.41,-16.18,-16.25,1,6378
0.5,276.269751,186.15,0.79,-19.06,25.45,-15.8,-16.25,1,6251
0.5,276.279751,186.24,0.74,-17.72,25.49,-15.41,-15.75,1,6123
0.5,276.289751,185.62,0.76,-17.03,25.52,-15.0,-15.25,1,5978
0.5,276.299753,184.83,0.87,-17.27,25.48,-14.58,-14.25,1,5888
0.5,276.309750,184.48,0.76,-16.63,25.52,-14.14,-14.25,1,6748
0.5,276.319750,184.83,0.75,-15.75,25.54,-13.69,-14.5,1,6620
0.5,276.329750,184.75,0.81,-15.84,25.52,-13.23,-14.25,1,6510
0.5,276.339750,184.22,0.75,-16.09,25.53,-12.75,-13.5,1,6374
0.5,276.349750,183.25,0.87,-15.79,25.51,-12.26,-12.25,1,6249
0.5,276.359750,181.93,0.79,-15.1,25.53,-11.76,-11.25,1,6119
0.5,276.369750,180.88,0.75,-13.63,25.56,-11.24,-10.75,1,5982
0.5,276.379750,180.44,0.79,-12.1,25.61,-10.72,-10.75,1,5890
0.5,276.389750,180.62,0.76,-11.41,25.62,-10.18,-10.75,1,6752
0.5,276.399750,180.44,0.78,-11.46,25.6,-9.64,-10.25,1,6625
0.5,276.409750,179.91,0.82,-12.12,25.58,-9.08,-9.75,1,6518
0.5,276.419750,179.3,0.78,-12.2,25.6,-8.52,-8.75,1,6378
0.5,276.429750,178.15,0.81,-11.73,25.6,-7.94,-7.5,1,6251
0.5,276.439750,177.01,0.77,-10.28,25.63,-7.36,-7.0,1,6124
0.5,276.449750,176.84,0.82,-8.54,25.66,-6.77,-6.75,1,5986
0.5,276.459754,176.66,0.72,-7.45,25.69,-6.18,-6.75,1,5889
0.5,276.469750,176.48,0.81,-7.33,25.68,-5.58,-6.25,1,6748
0.5,276.479750,175.61,0.83,-8.18,25.66,-4.97,-5.25,1,6629
0.5,276.489750,174.55,0.77,-8.24,25.67,-4.36,-4.0,1,6510
0.5,276.499750,173.41,0.85,-7.18,25.68,-3.75,-3.25,1,6374
0.5,276.509750,172.88,0.76,-5.03,25.73,-3.13,-3.25,1,6247
0.5,276.519750,173.14,0.77,-4.04,25.75,-2.51,-3.75,1,6128
0.5,276.529750,173.5,0.8,-4.16,25.74,-1.88,-3.75,1,5983
0.5,276.539750,173.32,0.81,-5.18,25.71,-1.26,-2.75,1,5891
0.5,276.549750,171.91,0.83,-5.68,25.69,-0.63,-1.75,1,6753
0.5,276.559751,171.3,0.82,-4.96,25.71,0.0,-0.75,1,6625
0.5,276.569750,170.6,0.79,-3.63,25.74,0.63,-0.25,1,6518
0.5,276.579750,170.16,0.79,-2.07,25.79,1.26,-0.25,1,6379
0.5,276.589750,169.98,0.81,-1.42,25.8,1.88,0.75,1,6251
0.5,276.599750,167.78,0.82,-1.12,25.8,2.51,2.25,1,6124
0.5,276.609750,167.17,0.9,-0.72,25.8,3.13,3.25,1,5987
0.5,276.619750,166.2,0.76,0.53,25.81,3.75,4.25,1,5886
0.5,276.629750,165.23,0.82,2.17,25.86,4.36,4.75,1,6757
0.5,276.639750,164.97,0.87,2.91,25.88,4.97,4.75,1,6630
0.5,276.649750,165.06,0.78,3.33,25.88,5.58,4.75,1,6511
0.5,276.659750,164.79,0.85,3.52,25.89,6.18,4.75,1,6375
0.5,276.669750,164.79,0.87,3.3,25.89,6.77,5.75,1,6259
0.5,276.679750,162.95,0.83,2.88,25.87,7.36,6.75,1,6129
0.5,276.689750,163.12,0.88,3.72,25.9,7.94,7.0,1,5992
0.5,276.699751,163.3,0.8,5.23,25.92,8.52,7.0,1,6881
0.5,276.709750,162.77,0.8,5.35,25.92,9.08,7.75,1,6753
0.5,276.719750,161.63,0.92,5.08,25.92,9.64,8.75,1,6625
0.5,276.729750,160.58,0.88,5.75,25.93,10.18,9.5,1,6515
0.5,276.739750,160.22,0.82,7.14,25.94,10.72,9.75,1,6336
0.5,276.749750,159.87,0.85,8.18,25.98,11.24,10.0,1,6252
0.5,276.759750,159.26,0.87,8.23,25.98,11.76,11.0,1,6124
0.5,276.769750,158.2,0.92,8.38,25.99,12.26,12.0,1,5988
0.5,276.779750,157.76,0.89,9.33,26.0,12.75,12.25,1,6884
0.5,276.789750,157.41,0.84,10.64,26.02,13.23,13.0,1,6757
0.5,276.799750,156.01,0.88,10.71,26.03,13.69,14.0,1,6630
0.5,276.809751,155.21,0.95,10.95,26.04,14.14,14.25,1,6520
0.5,276.819751,155.04,0.87,12.42,26.06,14.58,14.25,1,6383
0.5,276.829751,155.21,0.86,12.94,26.07,15.0,14.75,1,6259
0.5,276.839751,154.86,0.93,12.74,26.08,15.41,15.25,1,6129
0.5,276.849751,153.81,0.94,12.51,26.08,15.8,15.75,1,5992
0.5,276.859751,153.63,0.88,12.91,26.07,16.18,16.25,1,6880
0.5,276.869751,153.46,0.89,13.84,26.09,16.54,16.5,1,6753
0.5,276.879751,153.54,0.95,14.16,26.11,16.89,16.75,1,6634
0.5,276.889751,153.28,0.9,14.29,26.11,17.21,16.75,1,6518
0.5,276.899751,152.84,0.92,14.46,26.11,17.53,17.25,1,6379
0.5,276.909751,151.61,0.92,14.47,26.11,17.82,18.0,1,6252
0.5,276.919751,151.61,0.94,14.97,26.13,18.1,18.75,1,6125
0.5,276.929751,150.91,0.95,16.1,26.15,18.36,18.75,1,5997
0.5,276.939751,150.38,0.91,16.76,26.15,18.6,18.5,1,6885
0.5,276.949751,151.35,0.95,16.8,26.17,18.82,18.25,1,6757
0.5,276.959751,151.17,0.93,16.55,26.16,19.02,18.5,1,6630
0.5,276.969751,150.64,0.97,16.36,26.16,19.21,19.0,1,6520
0.5,276.979751,150.47,0.94,16.33,26.15,19.37,19.25,1,6384
0.5,276.989751,150.38,0.95,16.48,26.15,19.52,19.75,1,6257
0.5,276.999751,150.21,0.92,17.02,26.15,19.65,20.0,1,6120
0.5,277.009751,149.68,0.98,17.49,26.19,19.75,19.75,1,5992
0.5,277.019751,150.03,0.94,17.55,26.18,19.84,19.25,1,6880
0.5,277.029751,150.47,0.93,17.54,26.18,19.91,19.0,1,6762
0.5,277.039751,149.94,0.95,17.23,26.17,19.96,19.75,1,6635
0.5,277.049751,149.24,1.0,16.89,26.17,19.99,20.75,1,6518
0.5,277.059751,148.45,0.95,17.35,26.16,20.0,21.25,1,6380
0.5,277.069751,148.54,0.95,18.56,26.18,19.99,21.0,1,6261
0.5,277.079751,148.97,0.95,19.63,26.22,19.96,20.25,1,6125
0.5,277.089751,149.24,0.96,19.17,26.22,19.91,20.0,1,5997
0.5,277.099751,149.24,0.99,18.18,26.2,19.84,20.25,1,6885
0.5,277.109751,149.41,0.97,17.59,26.17,19.75,20.25,1,6758
0.5,277.119751,150.12,0.95,18.03,26.18,19.65,19.5,1,6631
0.5,277.129751,150.91,0.91,18.06,26.17,19.52,18.5,1,6520
0.5,277.139751,151.35,0.96,17.29,26.16,19.37,18.0,1,6384
0.5,277.149751,151.35,0.95,15.56,26.12,19.21,18.25,1,6259
0.5,277.159751,151.08,0.94,15.2,26.12,19.02,18.75,1,6129
0.5,277.169751,151.35,0.97,15.94,26.14,18.82,18.75,1,5993
0.5,277.179751,150.82,0.88,16.12,26.12,18.6,18.75,1,6890
0.5,277.189751,150.21,0.92,16.32,26.14,18.36,18.75,1,6762
0.5,277.199751,150.82,1.01,16.91,26.18,18.1,18.5,1,6635
0.5,277.209751,151.26,0.9,17.18,26.16,17.82,17.75,1,6524
0.5,277.219751,151.7,0.94,16.41,26.14,17.53,17.25,1,6389
0.5,277.229751,152.31,0.93,15.27,26.11,17.21,16.75,1,6261
0.5,277.239751,152.75,0.94,14.7,26.11,16.89,16.75,1,6125
0.5,277.249751,152.05,0.9,14.43,26.09,16.54,17.0,1,5997
0.5,277.259751,152.23,0.95,14.61,26.11,16.18,17.0,1,6885
0.5,277.269751,153.19,0.94,15.1,26.13,15.8,16.25,1,6761
0.5,277.279751,153.54,0.87,15.15,26.11,15.41,15.75,1,6639
0.5,277.289751,153.63,0.92,14.13,26.1,15.0,15.75,1,6520
0.5,277.299751,153.81,0.94,13.0,26.07,14.58,15.25,1,6384
0.5,277.309751,154.42,0.93,13.45,26.09,14.14,14.75,1,6260
0.5,277.319751,154.78,0.85,13.18,26.06,13.69,14.0,1,6130
0.5,277.329751,155.57,0.92,12.13,26.05,13.23,13.75,1,6002
0.5,277.339751,155.13,0.92,11.57,26.05,12.75,14.0,1,6890
0.5,277.349751,156.18,0.88,11.67,26.05,12.26,13.25,1,6762
0.5,277.359751,156.97,0.91,12.05,26.07,11.76,12.25,1,6638
0.5,277.369751,157.85,0.82,10.97,26.02,11.24,11.75,1,6528
0.5,277.379751,157.59,0.93,9.36,26.01,10.72,11.75,1,6389
0.5,277.389751,157.59,0.89,9.02,26.0,10.18,11.25,1,6261
0.5,277.399751,158.73,0.86,9.66,26.01,9.64,10.5,1,6126
0.5,277.409751,160.22,0.85,9.36,26.0,9.08,9.25,1,5998
0.5,277.419751,161.28,0.86,7.75,25.97,8.52,8.25,1,6895
0.5,277.429751,161.89,0.87,6.06,25.94,7.94,7.25,1,6767
0.5,277.439751,162.51,0.85,5.05,25.92,7.36,7.0,1,6639
0.5,277.449754,162.42,0.84,4.46,25.91,6.77,6.75,1,6524
0.5,277.459751,163.04,0.88,4.52,25.92,6.18,6.25,1,6397
0.5,277.469751,163.48,0.82,4.73,25.92,5.58,5.75,1,6269
0.5,277.479751,163.48,0.8,4.05,25.9,4.97,5.5,1,6130
0.5,277.489751,164.09,0.9,3.65,25.9,4.36,5.0,1,6002
0.5,277.499751,165.41,0.81,3.44,25.89,3.75,3.75,1,6890
0.5,277.509751,166.9,0.82,2.73,25.89,3.13,2.25,1,6763
0.5,277.519751,168.05,0.81,1.02,25.85,2.51,1.75,1,6647
0.5,277.529751,168.49,0.83,-0.91,25.82,1.88,1.25,1,6528
0.5,277.539751,168.13,0.86,-1.5,25.81,1.26,1.25,1,6389
0.5,277.549754,168.4,0.81,-0.9,25.82,0.63,1.25,1,6265
0.5,277.559751,168.22,0.8,-0.53,25.83,0.0,1.0,1,6134
0.5,277.569751,169.54,0.84,-0.45,25.83,-0.63,-0.0,1,5998
0.5,277.579751,170.33,0.79,-0.93,25.83,-1.26,-0.75,1,6895
0.5,277.589751,170.68,0.79,-2.46,25.79,-1.88,-1.0,1,6769
0.5,277.599751,170.95,0.86,-3.57,25.77,-2.51,-1.5,1,6640
0.5,277.609754,172.27,0.82,-3.3,25.78,-3.13,-2.75,1,6524
0.5,277.619751,173.5,0.75,-3.68,25.78,-3.75,-3.75,1,6397
0.5,277.629751,173.5,0.81,-5.36,25.74,-4.36,-4.0,1,6266
0.5,277.639751,174.38,0.83,-6.64,25.72,-4.97,-4.75,1,6130
0.5,277.649751,175.61,0.82,-6.66,25.72,-5.58,-5.75,1,6002
0.5,277.659751,176.31,0.74,-7.18,25.72,-6.18,-6.5,1,6891
0.5,277.669751,176.48,0.81,-8.39,25.69,-6.77,-6.75,1,6764
0.5,277.679751,176.48,0.83,-9.21,25.67,-7.36,-6.75,1,6644
0.5,277.689751,176.57,0.79,-9.23,25.68,-7.94,-6.75,1,6528
0.5,277.699751,177.19,0.83,-8.55,25.7,-8.52,-7.75,1,6390
0.5,277.709754,178.33,0.74,-8.68,25.7,-9.08,-8.5,1,6274
0.5,277.719751,178.51,0.79,-10.03,25.66,-9.64,-8.75,1,6137
0.5,277.729751,178.68,0.84,-11.16,25.63,-10.18,-9.0,1,6006
0.5,277.739751,179.91,0.81,-10.78,25.65,-10.72,-10.0,1,6895
0.5,277.749751,181.41,0.73,-11.14,25.66,-11.24,-11.0,1,6770
0.5,277.759751,181.23,0.79,-12.73,25.61,-11.76,-11.25,1,6641
0.5,277.769754,181.93,0.83,-13.85,25.58,-12.26,-12.0,1,6533
0.5,277.779751,182.72,0.81,-13.73,25.6,-12.75,-12.75,1,6397
0.5,277.789751,183.69,0.73,-14.36,25.6,-13.23,-13.75,1,6270
0.5,277.799751,184.39,0.82,-15.59,25.56,-13.69,-14.0,1,6130
0.5,277.809751,183.87,0.82,-16.39,25.54,-14.14,-13.75,1,6005
0.5,277.819751,183.87,0.79,-16.38,25.55,-14.58,-14.0,1,6899
0.5,277.829751,185.01,0.82,-15.71,25.57,-15.0,-15.0,1,6772
0.5,277.839751,186.15,0.73,-15.89,25.58,-15.41,-16.25,1,6647
0.5,277.849754,187.21,0.79,-17.31,25.54,-15.8,-16.75,1,6529
0.5,277.859751,186.86,0.82,-19.19,25.49,-16.18,-16.5,1,6398
0.5,277.869751,187.03,0.83,-19.49,25.48,-16.54,-16.25,1,6274
0.5,277.879751,186.59,0.83,-18.68,25.51,-16.89,-16.5,1,6135
0.5,277.889751,187.65,0.74,-18.41,25.54,-17.21,-17.25,1,6007
0.5,277.899751,188.26,0.75,-18.53,25.54,-17.53,-18.0,1,6895
0.5,277.909751,188.7,0.86,-19.42,25.5,-17.82,-18.25,1,6770
0.5,277.919751,188.44,0.8,-20.62,25.47,-18.1,-18.0,1,6643
0.5,277.929754,188.26,0.82,-20.52,25.47,-18.36,-17.75,1,6533
0.5,277.939751,188.26,0.83,-20.06,25.49,-18.6,-18.0,1,6397
0.5,277.949754,188.96,0.74,-19.94,25.51,-18.82,-18.5,1,6270
0.5,277.959751,189.05,0.81,-19.72,25.51,-19.02,-18.75,1,6139
0.5,277.969751,188.7,0.78,-20.14,25.51,-19.21,-18.25,1,6006
0.5,277.979751,188.7,0.87,-20.77,25.45,-19.37,-18.25,1,6900
0.5,277.989751,189.4,0.79,-20.25,25.5,-19.52,-19.25,1,6773
0.5,277.999751,190.37,0.74,-20.26,25.51,-19.65,-20.25,1,6648
0.5,278.009754,191.25,0.81,-21.23,25.47,-19.75,-20.75,1,6529
0.5,278.019751,190.81,0.81,-23.15,25.42,-19.84,-20.5,1,6399
0.5,278.029754,190.9,0.85,-23.44,25.41,-19.91,-20.25,1,6274
0.5,278.039751,190.63,0.84,-22.77,25.43,-19.96,-20.5,1,6137
0.5,278.049751,191.43,0.75,-22.43,25.48,-19.99,-21.0,1,6007
0.5,278.059751,191.43,0.75,-22.4,25.47,-20.0,-20.75,1,6897
0.5,278.069751,190.72,0.89,-22.76,25.42,-19.99,-20.0,1,6780
0.5,278.079751,190.2,0.85,-22.78,25.43,-19.96,-19.5,1,6649
0.5,278.089751,190.11,0.75,-21.99,25.48,-19.91,-19.25,1,6534
0.5,278.099751,189.67,0.81,-21.05,25.49,-19.84,-19.75,1,6394
0.5,278.109754,191.25,0.79,-20.57,25.5,-19.75,-20.75,1,6279
0.5,278.119751,191.69,0.76,-21.38,25.48,-19.65,-21.0,1,6141
0.5,278.129751,191.51,0.85,-23.18,25.4,-19.52,-20.75,1,6012
0.5,278.139751,190.81,0.84,-23.51,25.42,-19.37,-19.75,1,6900
0.5,278.149751,190.28,0.83,-22.86,25.44,-19.21,-19.5,1,6773
0.5,278.159751,190.2,0.79,-21.9,25.47,-19.02,-19.75,1,6645
0.5,278.169754,189.93,0.75,-20.63,25.51,-18.82,-19.25,1,6538
0.5,278.179751,189.67,0.81,-20.73,25.48,-18.6,-19.25,1,6399
0.5,278.189754,189.49,0.86,-20.96,25.46,-18.36,-19.0,1,6275
0.5,278.199751,189.49,0.75,-20.78,25.51,-18.1,-18.75,1,6137
0.5,278.209751,188.7,0.8,-20.65,25.5,-17.82,-18.25,1,6007
0.5,278.219751,188.35,0.89,-20.72,25.47,-17.53,-18.0,1,6904
0.5,278.229751,188.26,0.72,-20.17,25.52,-17.21,-17.75,1,6780
0.5,278.239751,187.47,0.83,-18.95,25.52,-16.89,-17.75,1,6650
0.5,278.249750,187.73,0.8,-18.76,25.53,-16.54,-17.25,1,6530
0.5,278.259751,187.56,0.78,-19.17,25.53,-16.18,-16.75,1,6403
0.5,278.269753,187.12,0.85,-19.14,25.52,-15.8,-16.25,1,6278
0.5,278.279751,186.33,0.79,-18.64,25.54,-15.41,-15.75,1,6140
0.5,278.289751,185.8,0.77,-17.81,25.56,-15.0,-15.25,1,6014
0.5,278.299751,185.19,0.83,-17.37,25.56,-14.58,-15.25,1,6900
0.5,278.309753,185.36,0.78,-16.93,25.57,-14.14,-14.75,1,6776
0.5,278.319750,184.57,0.79,-16.32,25.58,-13.69,-13.75,1,6654
0.5,278.329753,183.87,0.83,-15.92,25.59,-13.23,-13.25,1,6539
0.5,278.339750,183.25,0.8,-15.62,25.6,-12.75,-12.75,1,6401
0.5,278.349752,182.72,0.76,-14.74,25.62,-12.26,-12.25,1,6273
0.5,278.359750,182.11,0.82,-14.07,25.62,-11.76,-11.75,1,6144
0.5,278.369750,181.58,0.78,-13.63,25.64,-11.24,-11.5,1,6017
0.5,278.379750,181.41,0.8,-13.15,25.64,-10.72,-11.25,1,6905
0.5,278.389750,181.41,0.8,-12.7,25.65,-10.18,-10.75,1,6780
0.5,278.399750,180.88,0.79,-12.5,25.66,-9.64,-10.25,1,6650
0.5,278.409750,180.09,0.82,-12.45,25.65,-9.08,-9.25,1,6530
0.5,278.419750,179.12,0.8,-11.99,25.67,-8.52,-8.75,1,6404
0.5,278.429753,178.95,0.76,-11.04,25.69,-7.94,-8.5,1,6278
0.5,278.439750,178.33,0.83,-10.39,25.69,-7.36,-7.75,1,6140
0.5,278.449750,177.45,0.78,-10.09,25.7,-6.77,-6.75,1,6023
0.5,278.459750,176.22,0.82,-9.29,25.71,-6.18,-5.75,1,6900
0.5,278.469753,175.69,0.82,-7.94,25.74,-5.58,-5.5,1,6785
0.5,278.479750,175.17,0.76,-7.06,25.76,-4.97,-5.5,1,6655
0.5,278.489753,175.25,0.82,-6.46,25.77,-4.36,-5.25,1,6539
0.5,278.499750,174.99,0.79,-6.43,25.76,-3.75,-4.25,1,6399
0.5,278.509750,173.94,0.87,-6.82,25.75,-3.13,-3.5,1,6280
0.5,278.519750,173.32,0.81,-6.22,25.77,-2.51,-3.25,1,6145
0.5,278.529750,172.79,0.76,-4.87,25.79,-1.88,-2.75,1,6017
0.5,278.539750,172.0,0.8,-4.24,25.82,-1.26,-1.25,1,6905
0.5,278.549753,170.24,0.88,-4.29,25.8,-0.63,-0.0,1,6781
0.5,278.559751,169.19,0.81,-2.92,25.83,0.0,1.0,1,6659
0.5,278.569753,168.75,0.81,-0.69,25.87,0.63,1.0,1,6542
0.5,278.579750,169.28,0.81,0.1,25.89,1.26,1.0,1,6404
0.5,278.589750,168.31,0.8,-0.04,25.89,1.88,1.25,1,6276
0.5,278.599750,168.57,0.88,-0.34,25.88,2.51,1.75,1,6149
0.5,278.609750,167.61,0.85,-0.49,25.88,3.13,3.25,1,6024
0.5,278.619750,165.94,0.79,-0.25,25.86,3.75,4.75,1,6909
0.5,278.629750,164.71,0.91,1.48,25.9,4.36,5.75,1,6782
0.5,278.639750,163.56,0.8,3.94,25.96,4.97,5.75,1,6663
0.5,278.649750,164.44,0.82,5.02,25.98,5.58,5.75,1,6536
0.5,278.659750,163.74,0.86,4.95,25.97,6.18,6.0,1,6408
0.5,278.669750,163.92,0.88,4.08,25.95,6.77,6.25,1,6281
0.5,278.679750,163.83,0.88,3.97,25.96,7.36,6.75,1,6145
0.5,278.689750,162.42,0.8,3.96,25.95,7.94,8.0,1,6017
0.5,278.699750,160.66,0.92,4.45,25.97,8.52,9.25,1,6905
0.5,278.709750,159.61,0.88,6.28,26.01,9.08,10.25,1,6778
0.5,278.719750,159.35,0.85,8.49,26.04,9.64,10.25,1,6668
0.5,278.729751,159.43,0.87,9.69,26.07,10.18,10.0,1,6541
0.5,278.739750,159.35,0.87,9.4,26.06,10.72,10.25,1,6404
0.5,278.749750,159.08,0.93,8.28,26.03,11.24,11.0,1,6277
0.5,278.759750,158.47,0.88,8.42,26.05,11.76,11.75,1,6153
0.5,278.769750,157.59,0.86,8.68,26.04,12.26,12.5,1,6033
0.5,278.779750,157.24,0.93,9.7,26.07,12.75,13.25,1,6910
0.5,278.789753,156.53,0.86,10.83,26.09,13.23,13.25,1,6785
0.5,278.799750,156.71,0.92,11.34,26.12,13.69,13.0,1,6663
0.5,278.809751,156.8,0.88,11.61,26.11,14.14,13.25,1,6536
0.5,278.819751,156.01,0.9,11.44,26.11,14.58,14.0,1,6409
0.5,278.829751,154.95,0.97,11.19,26.12,15.0,15.0,1,6281
0.5,278.839751,154.78,0.9,11.84,26.12,15.41,15.25,1,6145
0.5,278.849751,154.34,0.88,13.4,26.15,15.8,15.5,1,6027
0.5,278.859751,153.9,0.92,13.8,26.16,16.18,16.0,1,6908
0.5,278.869751,153.46,0.96,13.5,26.17,16.54,17.0,1,6787
0.5,278.879751,152.4,0.92,13.96,26.16,16.89,17.25,1,6668
0.5,278.889751,152.23,0.96,15.11,26.2,17.21,17.25,1,6542
0.5,278.899751,152.23,0.88,15.7,26.19,17.53,17.25,1,6404
0.5,278.909751,152.67,0.96,15.25,26.2,17.82,17.25,1,6286
0.5,278.919751,152.4,0.97,15.13,26.2,18.1,17.75,1,6153
0.5,278.929751,151.61,0.9,15.12,26.18,18.36,18.25,1,6033
0.5,278.939751,151.08,0.98,15.26,26.2,18.6,19.0,1,6910
0.5,278.949750,150.73,0.95,16.08,26.21,18.82,19.0,1,6781
0.5,278.959751,150.38,0.92,17.06,26.23,19.02,18.75,1,6664
0.5,278.969751,150.82,0.97,17.22,26.25,19.21,18.75,1,6545
0.5,278.979751,150.38,0.94,17.04,26.24,19.37,18.75,1,6409
0.5,278.989751,150.03,0.99,16.88,26.24,19.52,19.75,1,6281
0.5,278.999751,148.97,0.95,16.81,26.23,19.65,21.0,1,6154
0.5,279.009751,148.01,1.0,17.58,26.26,19.75,21.75,1,6038
0.5,279.019751,147.48,0.96,19.49,26.29,19.84,21.75,1,6918
0.5,279.029751,148.45,0.96,20.55,26.3,19.91,20.75,1,6788
0.5,279.039751,149.41,0.99,20.09,26.31,19.96,19.75,1,6668
0.5,279.049751,149.85,0.97,18.35,26.26,19.99,19.75,1,6541
0.5,279.059751,149.59,0.98,16.81,26.21,20.0,19.75,1,6415
0.5,279.069751,149.77,0.99,17.16,26.22,19.99,19.75,1,6286
0.5,279.079751,149.33,0.92,17.53,26.21,19.96,19.75,1,6153
0.5,279.089751,149.24,0.99,17.64,26.24,19.91,19.75,1,6034
0.5,279.099751,149.5,0.96,17.68,26.24,19.84,19.75,1,6910
0.5,279.109751,149.85,0.95,17.68,26.23,19.75,19.75,1,6783
0.5,279.119751,149.59,0.98,17.68,26.24,19.65,19.75,1,6673
0.5,279.129751,149.77,0.96,17.67,26.23,19.52,19.75,1,6545
0.5,279.139751,150.21,0.97,17.68,26.24,19.37,19.75,1,6412
0.5,279.149751,149.68,0.96,17.68,26.24,19.21,19.25,1,6291
0.5,279.159753,150.64,0.97,17.66,26.24,19.02,18.75,1,6157
0.5,279.169754,150.91,0.94,17.2,26.22,18.82,18.25,1,6056
0.5,279.179751,151.08,0.94,16.2,26.2,18.6,18.0,1,6918
0.5,279.189751,151.44,0.98,15.63,26.2,18.36,18.25,1,6787
0.5,279.199751,150.82,0.94,15.79,26.19,18.1,18.75,1,6668
0.5,279.209751,151.08,0.97,16.23,26.22,17.82,18.75,1,6541
0.5,279.219751,151.35,0.91,16.4,26.21,17.53,17.75,1,6414
0.5,279.229751,152.49,0.96,16.66,26.23,17.21,16.75,1,6286
0.5,279.239752,153.37,0.92,15.78,26.21,16.89,16.0,1,6152
0.5,279.249754,152.93,0.94,13.58,26.15,16.54,16.25,1,6061
0.5,279.259751,152.75,0.95,13.17,26.15,16.18,16.75,1,6922
0.5,279.269751,153.19,0.94,13.85,26.16,15.8,16.25,1,6792
0.5,279.279751,153.81,0.89,14.21,26.16,15.41,15.5,1,6673
0.5,279.289751,154.25,0.88,14.27,26.17,15.0,15.0,1,6537
0.5,279.299751,154.69,0.98,13.64,26.18,14.58,14.5,1,6421
0.5,279.309751,154.86,0.9,12.29,26.12,14.14,14.0,1,6291
0.5,279.319753,155.39,0.88,11.96,26.11,13.69,13.75,1,6157
0.5,279.329754,156.09,0.93,11.73,26.12,13.23,13.5,1,6056
0.5,279.339751,155.74,0.89,11.47,26.11,12.75,13.25,1,6918
0.5,279.349751,156.18,0.91,11.42,26.11,12.26,13.0,1,6788
0.5,279.359751,156.88,0.9,11.4,26.11,11.76,12.0,1,6678
0.5,279.369751,158.73,0.88,10.91,26.1,11.24,10.75,1,6541
0.5,279.379751,159.26,0.86,9.32,26.07,10.72,10.0,1,6414
0.5,279.389751,159.35,0.89,7.56,26.04,10.18,10.25,1,6287
0.5,279.399751,158.73,0.9,7.11,26.03,9.64,10.75,1,6151
0.5,279.409753,158.29,0.89,7.98,26.05,9.08,11.0,1,6061
0.5,279.419751,158.82,0.87,8.93,26.08,8.52,10.5,1,6920
0.5,279.429751,159.7,0.85,9.58,26.09,7.94,9.25,1,6792
0.5,279.439751,161.02,0.88,8.72,26.08,7.36,8.0,1,6673
0.5,279.449751,161.28,0.86,6.33,26.01,6.77,8.0,1,6537
0.5,279.459751,161.02,0.88,5.0,25.98,6.18,8.0,1,6413
0.5,279.469751,162.16,0.93,5.45,26.01,5.58,7.25,1,6291
0.5,279.479754,163.39,0.79,6.02,26.01,4.97,5.75,1,6158
0.5,279.489751,164.79,0.82,5.01,26.0,4.36,4.5,1,6057
0.5,279.499751,165.59,0.88,2.77,25.96,3.75,3.75,1,6916
0.5,279.509751,166.11,0.83,1.26,25.93,3.13,3.25,1,6788
0.5,279.519751,166.82,0.88,1.07,25.92,2.51,2.75,1,6678
0.5,279.529751,166.64,0.79,0.88,25.91,1.88,2.5,1,6542
0.5,279.539751,167.34,0.86,0.6,25.91,1.26,2.0,1,6414
0.5,279.549751,168.4,0.83,0.42,25.91,0.63,0.75,1,6296
0.5,279.559751,170.42,0.79,-0.34,25.9,-0.0,-0.75,1,6160
0.5,279.569753,171.21,0.81,-2.26,25.86,-0.63,-1.75,1,6061
0.5,279.579751,171.56,0.82,-4.14,25.82,-1.26,-1.75,1,6920
0.5,279.589751,171.12,0.85,-4.75,25.81,-1.88,-1.5,1,6792
0.5,279.599751,171.91,0.83,-4.0,25.84,-2.51,-2.25,1,6674
0.5,279.609751,173.14,0.78,-3.34,25.87,-3.13,-3.25,1,6546
0.5,279.619751,173.58,0.77,-4.18,25.85,-3.75,-4.0,1,6422
0.5,279.629751,174.46,0.86,-5.91,25.79,-4.36,-4.75,1,6291
0.5,279.639751,174.64,0.81,-6.88,25.78,-4.97,-5.0,1,6155
0.5,279.649752,174.2,0.79,-7.31,25.78,-5.58,-4.75,1,6063
0.5,279.659751,174.38,0.84,-7.09,25.78,-6.18,-4.75,1,6924
0.5,279.669751,175.17,0.81,-6.29,25.81,-6.77,-5.75,1,6797
0.5,279.679751,176.13,0.75,-6.39,25.81,-7.36,-6.25,1,6678
0.5,279.689751,176.84,0.8,-7.91,25.77,-7.94,-6.75,1,6542
0.5,279.699751,177.98,0.84,-9.04,25.74,-8.52,-8.0,1,6418
0.5,279.709751,178.59,0.8,-9.29,25.75,-9.08,-9.0,1,6296
0.5,279.719751,179.3,0.72,-10.77,25.72,-9.64,-9.25,1,6160
0.5,279.729753,179.65,0.89,-12.01,25.68,-10.18,-10.0,1,6061
0.5,279.739751,181.14,0.81,-11.8,25.7,-10.72,-11.0,1,6922
0.5,279.749751,181.41,0.71,-12.38,25.7,-11.24,-11.75,1,6793
0.5,279.759751,182.11,0.84,-13.68,25.65,-11.76,-12.25,1,6683
0.5,279.769751,181.93,0.81,-14.4,25.65,-12.26,-12.0,1,6546
0.5,279.779751,181.76,0.8,-14.43,25.65,-12.75,-11.75,1,6422
0.5,279.789751,181.76,0.83,-13.78,25.67,-13.23,-12.0,1,6292
0.5,279.799751,182.55,0.75,-13.4,25.69,-13.69,-13.0,1,6164
0.5,279.809752,183.96,0.81,-13.63,25.68,-14.14,-13.75,1,6065
0.5,279.819751,184.22,0.76,-15.28,25.64,-14.58,-13.75,1,6924
0.5,279.829751,183.34,0.85,-16.59,25.59,-15.0,-13.75,1,6797
0.5,279.839751,183.87,0.86,-16.13,25.61,-15.41,-14.25,1,6679
0.5,279.849751,185.54,0.72,-15.54,25.66,-15.8,-15.25,1,6542
0.5,279.859751,185.89,0.76,-16.21,25.63,-16.18,-15.75,1,6415
0.5,279.869751,185.19,0.85,-17.77,25.58,-16.54,-15.75,1,6296
0.5,279.879751,185.62,0.81,-18.18,25.58,-16.89,-16.0,1,6160
0.5,279.889753,187.12,0.81,-17.54,25.6,-17.21,-16.75,1,6070
0.5,279.899751,187.56,0.75,-17.84,25.61,-17.53,-17.75,1,6920
0.5,279.909751,188.26,0.79,-19.39,25.57,-17.82,-18.0,1,6802
0.5,279.919751,188.26,0.85,-20.55,25.53,-18.1,-18.25,1,6683
0.5,279.929751,188.35,0.83,-20.32,25.54,-18.36,-18.25,1,6547
0.5,279.939751,188.44,0.76,-20.16,25.56,-18.6,-18.25,1,6419
0.5,279.949751,188.88,0.84,-20.18,25.54,-18.82,-18.75,1,6300
0.5,279.959751,189.84,0.79,-20.15,25.56,-19.02,-19.25,1,6164
0.5,279.969752,190.11,0.78,-20.66,25.55,-19.21,-20.0,1,6064
0.5,279.979751,190.46,0.81,-21.78,25.51,-19.37,-20.0,1,6925
0.5,279.989751,190.37,0.84,-22.38,25.5,-19.52,-19.75,1,6798
0.5,279.999751,190.63,0.82,-22.3,25.51,-19.65,-19.5,1,6682
0.5,280.009751,189.76,0.82,-21.83,25.52,-19.75,-19.25,1,6551
0.5,280.019751,189.67,0.77,-21.52,25.55,-19.84,-19.25,1,6423
0.5,280.029751,190.81,0.83,-20.72,25.55,-19.91,-20.25,1,6296
0.5,280.039751,191.43,0.77,-20.66,25.56,-19.96,-21.0,1,6160
0.5,280.049751,191.25,0.78,-22.38,25.51,-19.99,-20.75,1,6067
0.5,280.059751,191.16,0.88,-23.57,25.46,-20.0,-20.25,1,6930
0.5,280.069751,190.81,0.86,-23.1,25.48,-19.99,-19.75,1,6802
0.5,280.079751,189.93,0.76,-22.36,25.53,-19.96,-19.5,1,6683
0.5,280.089751,189.49,0.8,-21.49,25.54,-19.91,-19.5,1,6547
0.5,280.099751,190.11,0.83,-20.51,25.56,-19.84,-19.75,1,6419
0.5,280.109751,190.46,0.76,-20.56,25.56,-19.75,-20.25,1,6301
0.5,280.119751,190.72,0.82,-21.69,25.51,-19.65,-20.0,1,6165
0.5,280.129751,190.37,0.84,-22.22,25.5,-19.52,-19.5,1,6064
0.5,280.139751,189.67,0.81,-22.11,25.52,-19.37,-19.25,1,6925
0.5,280.149751,189.32,0.83,-21.62,25.52,-19.21,-18.75,1,6798
0.5,280.159751,189.23,0.76,-20.83,25.56,-19.02,-18.75,1,6687
0.5,280.169751,188.96,0.83,-19.82,25.58,-18.82,-19.25,1,6551
0.5,280.179751,189.67,0.77,-19.94,25.58,-18.6,-19.25,1,6426
0.5,280.189751,189.76,0.79,-21.11,25.53,-18.36,-18.75,1,6297
0.5,280.199751,188.7,0.88,-21.28,25.51,-18.1,-17.75,1,6169
0.5,280.209751,187.21,0.81,-20.65,25.54,-17.82,-17.25,1,6067
0.5,280.219751,187.47,0.79,-19.36,25.58,-17.53,-17.5,1,6929
0.5,280.229751,188.35,0.76,-17.88,25.64,-17.21,-18.25,1,6802
0.5,280.239751,188.7,0.79,-18.53,25.6,-16.89,-18.25,1,6683
0.5,280.249751,188.53,0.83,-20.4,25.54,-16.54,-17.75,1,6547
0.5,280.259751,187.56,0.84,-20.57,25.54,-16.18,-16.75,1,6420
0.5,280.269751,186.59,0.84,-19.85,25.55,-15.8,-16.25,1,6301
0.5,280.279751,186.68,0.78,-18.6,25.6,-15.41,-16.25,1,6165
0.5,280.289751,186.59,0.75,-17.06,25.65,-15.0,-16.0,1,6072
0.5,280.299751,186.06,0.82,-17.14,25.62,-14.58,-15.0,1,6934
0.5,280.309750,184.66,0.86,-17.66,25.6,-14.14,-14.0,1,6806
0.5,280.319750,184.22,0.8,-16.7,25.63,-13.69,-13.75,1,6691
0.5,280.329750,183.87,0.76,-15.45,25.67,-13.23,-13.5,1,6552
0.5,280.339753,183.52,0.78,-15.1,25.68,-12.75,-13.25,1,6427
0.5,280.349750,183.6,0.85,-15.09,25.66,-12.26,-12.75,1,6305
0.5,280.359750,182.9,0.76,-14.37,25.69,-11.76,-12.25,1,6169
0.5,280.369750,182.29,0.84,-14.24,25.68,-11.24,-11.5,1,6068
0.5,280.379750,181.76,0.81,-14.11,25.69,-10.72,-11.0,1,6930
0.5,280.389750,180.97,0.75,-13.11,25.72,-10.18,-10.75,1,6802
0.5,280.399750,180.79,0.84,-12.6,25.71,-9.64,-10.0,1,6687
0.5,280.409750,179.12,0.78,-12.17,25.73,-9.08,-9.0,1,6556
0.5,280.419750,178.33,0.83,-11.4,25.73,-8.52,-8.0,1,6429
0.5,280.429750,177.8,0.82,-10.25,25.76,-7.94,-7.75,1,6301
0.5,280.439750,177.8,0.75,-9.24,25.79,-7.36,-7.75,1,6165
0.5,280.449750,177.63,0.82,-8.65,25.79,-6.77,-7.5,1,6072
0.5,280.459750,177.63,0.78,-8.64,25.79,-6.18,-6.5,1,6934
0.5,280.469750,175.69,0.87,-8.99,25.77,-5.58,-5.75,1,6807
0.5,280.479750,175.17,0.81,-8.38,25.79,-4.97,-5.25,1,6691
0.5,280.489750,174.99,0.76,-6.94,25.82,-4.36,-5.25,1,6552
0.5,280.499753,174.64,0.8,-6.12,25.85,-3.75,-4.75,1,6427
0.5,280.509750,174.29,0.85,-6.21,25.84,-3.13,-3.5,1,6305
0.5,280.519750,172.79,0.8,-5.93,25.84,-2.51,-2.25,1,6170
0.5,280.529750,172.18,0.86,-5.08,25.85,-1.88,-1.75,1,6068
0.5,280.539750,172.18,0.77,-3.59,25.88,-1.26,-1.5,1,6939
0.5,280.549750,171.3,0.79,-3.09,25.91,-0.63,-1.25,1,6803
0.5,280.559751,171.3,0.89,-3.4,25.89,-0.0,-0.75,1,6692
0.5,280.569750,170.07,0.77,-3.03,25.9,0.63,0.5,1,6557
0.5,280.579750,168.49,0.87,-2.45,25.9,1.26,2.0,1,6429
0.5,280.589750,167.26,0.86,-0.99,25.93,1.88,3.0,1,6301
0.5,280.599750,166.38,0.8,1.21,25.98,2.51,3.0,1,6165
0.5,280.609750,166.64,0.82,2.13,25.99,3.13,3.0,1,6073
0.5,280.619750,166.73,0.82,2.14,26.0,3.75,3.25,1,6935
0.5,280.629750,166.38,0.89,1.8,26.0,4.36,4.0,1,6807
0.5,280.639750,165.15,0.86,1.42,25.98,4.97,5.25,1,6691
0.5,280.649750,164.62,0.81,1.89,25.98,5.58,6.0,1,6552
0.5,280.659753,163.39,0.9,3.31,26.02,6.18,6.25,1,6437
0.5,280.669750,163.39,0.81,4.57,26.04,6.77,6.25,1,6306
0.5,280.679750,163.56,0.86,5.08,26.05,7.36,6.5,1,6170
0.5,280.689750,162.6,0.86,5.13,26.04,7.94,7.25,1,6077
0.5,280.699750,161.54,0.91,4.7,26.04,8.52,8.75,1,6942
0.5,280.709750,160.58,0.87,5.25,26.05,9.08,9.75,1,6811
0.5,280.719750,159.7,0.85,6.95,26.08,9.64,10.25,1,6693
0.5,280.729750,159.17,0.88,8.4,26.12,10.18,10.25,1,6557
0.5,280.739750,158.91,0.87,9.13,26.13,10.72,10.25,1,6432
0.5,280.749750,159.26,0.88,9.13,26.12,11.24,10.25,1,6302
0.5,280.759750,158.82,0.93,8.44,26.11,11.76,11.25,1,6175
0.5,280.769750,157.85,0.86,8.31,26.11,12.26,12.25,1,7062
0.5,280.779750,157.5,0.93,9.18,26.14,12.75,12.75,1,6935
0.5,280.789750,157.32,0.85,10.76,26.16,13.23,12.75,1,6807
0.5,280.799750,156.8,0.88,10.87,26.16,13.69,13.25,1,6688
0.5,280.809751,156.09,0.96,10.62,26.17,14.14,14.25,1,6561
0.5,280.819751,155.21,0.88,11.32,26.17,14.58,14.75,1,6437
0.5,280.829751,154.25,0.94,12.5,26.2,15.0,15.5,1,6306
0.5,280.839751,154.16,0.89,13.23,26.21,15.41,15.75,1,6170
0.5,280.849751,154.07,0.94,13.68,26.23,15.8,15.25,1,7067
0.5,280.859751,153.81,0.9,13.98,26.23,16.18,15.25,1,6942
0.5,280.869751,153.46,0.92,13.7,26.22,16.54,16.25,1,6812
0.5,280.879751,153.02,1.0,13.33,26.23,16.89,17.0,1,6693
0.5,280.889751,152.84,0.92,13.95,26.22,17.21,17.25,1,6557
0.5,280.899754,152.05,0.9,15.16,26.25,17.53,17.5,1,6432
0.5,280.909751,152.05,0.93,15.48,26.27,17.82,17.75,1,6311
0.5,280.919751,152.05,0.98,15.3,26.28,18.1,17.75,1,6175
0.5,280.929751,151.88,0.91,15.49,26.26,18.36,18.25,1,7063
0.5,280.939751,151.08,0.96,15.45,26.27,18.6,19.0,1,6944
0.5,280.949751,150.47,0.97,15.85,26.28,18.82,19.25,1,6807
0.5,280.959751,150.64,0.96,17.06,26.31,19.02,19.25,1,6698
0.5,280.969751,150.38,0.92,17.46,26.3,19.21,19.0,1,6561
0.5,280.979754,149.85,0.98,17.26,26.31,19.37,19.0,1,6437
0.5,280.989751,150.56,0.99,17.23,26.32,19.52,19.25,1,6309
0.5,280.999751,149.85,0.93,17.26,26.3,19.65,20.0,1,6179
0.5,281.009751,149.68,1.01,17.14,26.32,19.75,20.25,1,7067
0.5,281.019751,149.85,0.96,17.52,26.32,19.84,19.75,1,6943
0.5,281.029751,150.21,0.91,18.19,26.32,19.91,18.75,1,6812
0.5,281.039751,150.82,0.98,17.75,26.33,19.96,18.25,1,6695
0.5,281.049751,151.08,0.96,16.37,26.28,19.99,18.75,1,6557
0.5,281.059751,150.47,0.98,15.77,26.26,20.0,19.25,1,6440
0.5,281.069751,150.64,0.98,16.35,26.28,19.99,19.0,1,6302
0.5,281.079751,150.73,0.9,16.67,26.27,19.96,18.75,1,6178
0.5,281.089751,150.29,0.92,16.91,26.28,19.91,19.25,1,7071
0.5,281.099751,149.68,1.04,16.92,26.31,19.84,19.75,1,6944
0.5,281.109751,150.03,0.99,17.17,26.31,19.75,19.5,1,6817
0.5,281.119751,149.94,0.89,17.51,26.29,19.65,19.5,1,6698
0.5,281.129751,149.85,0.97,17.62,26.32,19.52,19.5,1,6562
0.5,281.139754,149.77,1.02,17.56,26.33,19.37,19.5,1,6437
0.5,281.149751,149.59,0.92,17.51,26.3,19.21,19.5,1,6310
0.5,281.159751,150.21,0.98,17.55,26.33,19.02,19.25,1,6179
0.5,281.169751,150.64,0.98,17.57,26.33,18.82,18.75,1,7067
0.5,281.179751,151.0,0.93,17.17,26.29,18.6,18.0,1,6943
0.5,281.189751,151.08,0.96,16.25,26.27,18.36,18.0,1,6812
0.5,281.199754,151.0,0.98,15.56,26.26,18.1,18.25,1,6696
0.5,281.209751,150.64,0.94,15.72,26.26,17.82,18.75,1,6569
0.5,281.219751,150.73,0.98,16.11,26.28,17.53,18.5,1,6442
0.5,281.229751,151.35,0.91,16.22,26.27,17.21,17.75,1,6302
0.5,281.239751,152.67,0.96,16.45,26.29,16.89,16.75,1,6178
0.5,281.249751,152.31,0.92,15.75,26.26,16.54,16.5,1,7071
0.5,281.259751,152.84,0.98,14.13,26.24,16.18,16.25,1,6947
0.5,281.269751,153.28,0.95,14.14,26.24,15.8,16.25,1,6817
0.5,281.279751,153.54,0.88,14.14,26.22,15.41,15.75,1,6698
0.5,281.289751,154.25,0.97,14.09,26.24,15.0,15.0,1,6562
0.5,281.299754,155.04,0.89,13.55,26.21,14.58,14.25,1,6438
0.5,281.309751,154.86,0.9,12.39,26.19,14.14,14.0,1,6310
0.5,281.319751,155.13,0.95,11.67,26.19,13.69,14.25,1,6179
0.5,281.329751,154.78,0.89,11.73,26.18,13.23,14.25,1,7067
0.5,281.339751,155.92,0.94,12.3,26.21,12.75,13.25,1,6943
0.5,281.349751,156.36,0.86,12.37,26.2,12.26,12.75,1,6814
0.5,281.359754,156.88,0.9,11.23,26.18,11.76,12.25,1,6706
0.5,281.369751,157.06,0.94,9.79,26.14,11.24,12.0,1,6569
0.5,281.379754,157.76,0.89,9.86,26.15,10.72,11.75,1,6442
0.5,281.389751,158.82,0.87,10.02,26.14,10.18,10.5,1,6311
0.5,281.399751,159.7,0.9,9.4,26.14,9.64,9.5,1,6187
0.5,281.409751,160.14,0.84,7.68,26.1,9.08,9.25,1,7072
0.5,281.419751,160.31,0.91,6.46,26.08,8.52,8.75,1,6945
0.5,281.429751,160.84,0.89,6.64,26.09,7.94,8.75,1,6817
0.5,281.439751,160.75,0.82,6.73,26.08,7.36,8.25,1,6701
0.5,281.449751,161.98,0.91,6.65,26.09,6.77,7.0,1,6562
0.5,281.459751,163.48,0.83,6.06,26.08,6.18,5.75,1,6446
0.5,281.469751,164.44,0.82,4.35,26.04,5.58,5.0,1,6310
0.5,281.479751,164.62,0.88,2.55,26.01,4.97,5.0,1,6183
0.5,281.489751,164.44,0.86,2.1,26.0,4.36,5.25,1,7076
0.5,281.499751,164.0,0.87,2.78,26.01,3.75,5.25,1,6949
0.5,281.509751,164.79,0.83,3.52,26.04,3.13,4.75,1,6825
0.5,281.519754,165.85,0.82,3.75,26.05,2.51,3.25,1,6706
0.5,281.529751,167.96,0.84,2.67,26.02,1.88,2.0,1,6569
0.5,281.539754,167.78,0.83,0.29,25.96,1.26,1.25,1,6442
0.5,281.549751,168.4,0.85,-1.27,25.94,0.63,1.0,1,6312
0.5,281.559751,169.72,0.86,-1.36,25.94,0.0,0.25,1,6187
0.5,281.569751,170.24,0.78,-1.42,25.94,-0.63,-0.75,1,7072
0.5,281.579751,171.21,0.83,-2.19,25.93,-1.26,-1.75,1,6945
0.5,281.589751,171.56,0.8,-3.51,25.9,-1.88,-2.0,1,6817
0.5,281.599754,171.39,0.84,-4.39,25.88,-2.51,-1.75,1,6702
0.5,281.609751,171.65,0.83,-4.37,25.89,-3.13,-2.0,1,6571
0.5,281.619754,172.71,0.83,-3.65,25.91,-3.75,-3.0,1,6447
0.5,281.629751,173.76,0.77,-3.83,25.91,-4.36,-3.75,1,6310
0.5,281.639751,173.85,0.8,-5.39,25.87,-4.97,-4.25,1,6180
0.5,281.649751,174.11,0.85,-6.67,25.84,-5.58,-4.75,1,7077
0.5,281.659751,175.52,0.83,-6.46,25.85,-6.18,-5.75,1,6949
0.5,281.669751,176.48,0.75,-6.84,25.86,-6.77,-6.75,1,6823
0.5,281.679751,176.84,0.8,-8.43,25.82,-7.36,-7.25,1,6706
0.5,281.689751,176.84,0.85,-9.74,25.79,-7.94,-7.75,1,6570
0.5,281.699754,177.45,0.82,-9.72,25.8,-8.52,-7.75,1,6443
0.5,281.709751,177.98,0.77,-9.68,25.8,-9.08,-8.25,1,6315
0.5,281.719751,179.65,0.84,-9.89,25.79,-9.64,-9.5,1,6184
0.5,281.729751,181.14,0.77,-10.55,25.8,-10.18,-11.0,1,7072
0.5,281.739751,181.93,0.77,-12.33,25.76,-10.72,-11.75,1,6953
0.5,281.749751,181.93,0.85,-14.24,25.71,-11.24,-11.75,1,6818
0.5,281.759754,181.41,0.82,-14.88,25.69,-11.76,-11.75,1,6711
0.5,281.769751,181.76,0.83,-14.22,25.7,-12.26,-11.75,1,6571
0.5,281.779754,182.11,0.76,-13.46,25.75,-12.75,-12.25,1,6447
0.5,281.789751,182.9,0.78,-13.32,25.75,-13.23,-13.0,1,6308
0.5,281.799751,183.78,0.84,-14.12,25.71,-13.69,-13.75,1,6189
0.5,281.809751,184.22,0.75,-15.59,25.7,-14.14,-14.25,1,7077
0.5,281.819751,184.75,0.86,-16.35,25.66,-14.58,-14.75,1,6949
0.5,281.829751,185.19,0.79,-16.8,25.67,-15.0,-15.25,1,6823
0.5,281.839754,185.54,0.8,-17.07,25.67,-15.41,-15.25,1,6707
0.5,281.849751,185.89,0.82,-17.29,25.66,-15.8,-15.75,1,6567
0.5,281.859754,185.54,0.79,-17.43,25.66,-16.18,-15.75,1,6451
0.5,281.869751,185.98,0.82,-17.47,25.65,-16.54,-16.0,1,6312
0.5,281.879751,186.94,0.81,-17.51,25.66,-16.89,-17.0,1,6185
0.5,281.889751,188.53,0.78,-18.04,25.66,-17.21,-18.25,1,7081
0.5,281.899751,189.32,0.77,-19.7,25.63,-17.53,-19.0,1,6957
0.5,281.909751,189.58,0.85,-21.41,25.57,-17.82,-19.0,1,6827
0.5,281.919754,188.96,0.85,-21.91,25.56,-18.1,-18.5,1,6711
0.5,281.929751,189.4,0.83,-21.24,25.58,-18.36,-18.5,1,6574
0.5,281.939750,189.05,0.79,-20.74,25.61,-18.6,-18.75,1,6443
0.5,281.949751,189.4,0.77,-20.51,25.62,-18.82,-19.25,1,6317
0.5,281.959751,188.96,0.81,-20.34,25.61,-19.02,-19.25,1,6189
0.5,281.969751,189.76,0.84,-20.86,25.58,-19.21,-18.75,1,7077
0.5,281.979754,189.14,0.8,-20.99,25.6,-19.37,-18.75,1,6953
0.5,281.989751,189.93,0.84,-20.75,25.6,-19.52,-19.25,1,6832
0.5,281.999751,190.46,0.75,-20.74,25.63,-19.65,-20.25,1,6704
0.5,282.009751,191.25,0.8,-21.28,25.6,-19.75,-20.75,1,6576
0.5,282.019754,191.25,0.85,-22.78,25.54,-19.84,-20.25,1,6451
0.5,282.029751,190.46,0.84,-23.3,25.54,-19.91,-20.0,1,6313
0.5,282.039751,190.37,0.86,-22.63,25.56,-19.96,-20.0,1,6194
0.5,282.049751,190.37,0.75,-22.09,25.61,-19.99,-20.0,1,7082
0.5,282.059754,189.93,0.79,-21.48,25.61,-20.0,-20.0,1,6958
0.5,282.069751,190.46,0.88,-21.42,25.58,-19.99,-20.0,1,6827
0.5,282.079754,190.2,0.76,-21.54,25.61,-19.96,-20.0,1,6711
0.5,282.089751,190.11,0.83,-21.69,25.59,-19.91,-20.0,1,6572
0.5,282.099752,190.55,0.83,-21.68,25.59,-19.84,-20.0,1,6454
0.5,282.109751,190.72,0.79,-21.68,25.6,-19.75,-20.0,1,6317
0.5,282.119751,190.37,0.83,-21.67,25.59,-19.65,-20.0,1,6189
0.5,282.129751,190.37,0.8,-21.68,25.6,-19.52,-20.0,1,7086
0.5,282.139754,190.28,0.82,-21.68,25.59,-19.37,-19.75,1,6962
0.5,282.149751,190.28,0.81,-21.67,25.59,-19.21,-19.0,1,6831
0.5,282.159751,189.14,0.84,-21.61,25.59,-19.02,-18.5,1,6712
0.5,282.169751,189.14,0.82,-21.04,25.62,-18.82,-18.25,1,6576
0.5,282.179754,188.79,0.77,-20.01,25.65,-18.6,-18.75,1,6452
0.5,282.189751,188.96,0.82,-19.53,25.64,-18.36,-18.75,1,6313
0.5,282.199751,189.14,0.78,-19.87,25.64,-18.1,-18.75,1,6194
0.5,282.209751,188.53,0.86,-20.68,25.59,-17.82,-17.75,1,7082
0.5,282.219754,187.29,0.8,-20.62,25.61,-17.53,-16.5,1,6957
0.5,282.229751,186.15,0.85,-19.65,25.63,-17.21,-15.75,1,6827
0.5,282.239754,186.33,0.79,-17.79,25.69,-16.89,-16.25,1,6711
0.5,282.249751,186.42,0.76,-16.32,25.72,-16.54,-16.25,1,6572
0.5,282.259752,186.59,0.79,-16.88,25.69,-16.18,-15.75,1,6454
0.5,282.269751,185.8,0.85,-18.39,25.64,-15.8,-15.25,1,6317
0.5,282.279754,185.8,0.86,-17.9,25.66,-15.41,-15.25,1,6193
0.5,282.289751,186.24,0.74,-17.28,25.71,-15.0,-16.0,1,7090
0.5,282.299754,186.24,0.76,-16.8,25.71,-14.58,-16.0,1,6962
0.5,282.309750,186.06,0.86,-17.62,25.65,-14.14,-15.25,1,6831
0.5,282.319753,185.01,0.82,-18.07,25.66,-13.69,-14.25,1,6716
0.5,282.329750,184.22,0.83,-17.26,25.68,-13.23,-13.75,1,6577
0.5,282.339751,183.87,0.79,-16.03,25.71,-12.75,-13.75,1,6449
0.5,282.349750,183.78,0.75,-14.82,25.75,-12.26,-13.5,1,6322
0.5,282.359750,182.72,0.82,-14.96,25.73,-11.76,-12.5,1,6194
0.5,282.369750,181.93,0.85,-14.57,25.73,-11.24,-11.75,1,7082
0.5,282.379751,181.58,0.82,-13.91,25.75,-10.72,-11.25,1,6955
0.5,282.389750,181.32,0.76,-13.08,25.78,-10.18,-11.25,1,6836
0.5,282.399750,180.62,0.78,-12.26,25.79,-9.64,-10.75,1,6717
0.5,282.409750,180.09,0.86,-12.19,25.78,-9.08,-9.5,1,6581
0.5,282.419751,178.33,0.79,-11.63,25.8,-8.52,-8.25,1,6454
0.5,282.429750,177.98,0.86,-10.81,25.8,-7.94,-8.0,1,6318
0.5,282.439754,177.8,0.75,-9.51,25.84,-7.36,-7.5,1,6202
0.5,282.449750,176.84,0.77,-8.57,25.86,-6.77,-7.25,1,7090
0.5,282.459754,176.92,0.88,-8.44,25.85,-6.18,-6.75,1,6962
0.5,282.469750,176.31,0.76,-8.25,25.86,-5.58,-5.75,1,6832
0.5,282.479750,174.64,0.84,-8.28,25.85,-4.97,-4.25,1,6712
0.5,282.489750,173.58,0.85,-7.31,25.88,-4.36,-3.25,1,6577
0.5,282.499750,172.79,0.77,-5.19,25.92,-3.75,-3.25,1,6449
0.5,282.509750,172.79,0.8,-3.95,25.94,-3.13,-3.25,1,6322
0.5,282.519750,172.71,0.8,-4.15,25.94,-2.51,-3.25,1,6195
0.5,282.529750,172.71,0.86,-4.67,25.92,-1.88,-2.75,1,7083
0.5,282.539753,172.09,0.83,-4.73,25.92,-1.26,-1.25,1,6966
0.5,282.549750,169.98,0.79,-4.65,25.92,-0.63,0.25,1,6836
0.5,282.559752,168.93,0.9,-3.23,25.94,0.0,1.0,1,6718
0.5,282.569750,168.31,0.78,-0.59,26.01,0.63,1.0,1,6581
0.5,282.579751,168.93,0.8,0.32,26.03,1.26,1.0,1,6455
0.5,282.589750,168.57,0.83,0.29,26.02,1.88,1.25,1,6318
0.5,282.599753,168.13,0.87,-0.28,26.01,2.51,2.0,1,6202
0.5,282.609750,167.87,0.86,-0.4,26.0,3.13,3.0,1,7090
0.5,282.619750,166.73,0.81,-0.17,26.0,3.75,3.75,1,6959
0.5,282.629750,166.2,0.88,0.86,26.02,4.36,4.5,1,6841
0.5,282.639750,165.59,0.8,2.33,26.06,4.97,5.0,1,6712
0.5,282.649750,164.79,0.87,2.86,26.07,5.58,5.5,1,6577
0.5,282.659750,164.09,0.85,3.3,26.08,6.18,5.75,1,6458
0.5,282.669750,164.0,0.84,3.72,26.08,6.77,6.25,1,6322
0.5,282.679754,162.51,0.87,3.85,26.09,7.36,7.75,1,6198
0.5,282.689750,161.02,0.87,4.35,26.1,7.94,8.75,1,7092
0.5,282.699750,160.75,0.9,6.26,26.14,8.52,9.0,1,6964
0.5,282.709750,160.58,0.83,7.86,26.16,9.08,9.25,1,6845
0.5,282.719750,160.14,0.83,7.95,26.16,9.64,9.75,1,6717
0.5,282.729750,159.96,0.96,8.06,26.18,10.18,10.0,1,6582
0.5,282.739750,160.22,0.89,8.05,26.17,10.72,10.25,1,6454
0.5,282.749750,159.61,0.83,7.77,26.15,11.24,10.75,1,6327
0.5,282.759750,158.2,0.92,7.79,26.17,11.76,11.75,1,6211
0.5,282.769750,157.76,0.89,8.68,26.18,12.26,12.25,1,7090
0.5,282.779750,157.06,0.9,10.03,26.21,12.75,13.0,1,6960
0.5,282.789750,156.88,0.89,10.72,26.22,13.23,13.25,1,6850
0.5,282.799750,156.18,0.92,11.2,26.24,13.69,13.75,1,6722
0.5,282.809751,155.92,0.91,11.55,26.24,14.14,14.25,1,6586
0.5,282.819751,155.74,0.91,11.8,26.25,14.58,14.25,1,6458
0.5,282.829751,154.95,0.92,11.95,26.25,15.0,14.75,1,6326
0.5,282.839754,154.34,0.91,12.12,26.25,15.41,15.75,1,6207
0.5,282.849751,153.63,0.94,12.69,26.27,15.8,16.0,1,7093
0.5,282.859751,153.9,0.94,13.82,26.3,16.18,15.75,1,6964
0.5,282.869751,153.54,0.88,14.22,26.29,16.54,16.0,1,6845
0.5,282.879751,153.11,0.96,13.92,26.3,16.89,16.75,1,6718
0.5,282.889751,151.96,0.98,13.74,26.3,17.21,18.0,1,6582
0.5,282.899751,150.73,0.93,14.7,26.31,17.53,18.75,1,6454
0.5,282.909751,150.73,0.94,16.8,26.35,17.82,18.75,1,6327
0.5,282.919754,151.26,0.96,17.48,26.37,18.1,18.0,1,6211
0.5,282.929751,151.79,0.94,17.17,26.36,18.36,17.75,1,7088
0.5,282.939751,152.23,0.98,16.3,26.35,18.6,17.75,1,6968
0.5,282.949751,151.61,0.95,15.21,26.3,18.82,18.25,1,6850
0.5,282.959751,150.38,0.95,15.24,26.3,19.02,19.5,1,6722
0.5,282.969751,149.33,1.0,16.13,26.33,19.21,20.0,1,6586
0.5,282.979751,149.33,0.93,17.62,26.35,19.37,19.75,1,6459
0.5,282.989751,149.94,0.95,18.87,26.4,19.52,19.25,1,6323
0.5,282.999754,149.85,0.97,18.36,26.38,19.65,19.5,1,6215
0.5,283.009751,149.85,1.01,17.19,26.36,19.75,19.5,1,7095
0.5,283.019751,149.77,0.97,17.33,26.36,19.84,19.5,1,6964
0.5,283.029751,149.77,0.92,17.42,26.34,19.91,19.5,1,6854
0.5,283.039751,149.77,1.01,17.5,26.37,19.96,19.5,1,6718
0.5,283.049751,149.77,0.95,17.55,26.36,19.99,19.5,1,6591
0.5,283.059751,150.12,0.96,17.51,26.36,20.0,19.5,1,6464
0.5,283.069751,149.5,0.98,17.5,26.37,19.99,19.5,1,6327
0.5,283.079751,150.03,0.96,17.5,26.36,19.96,19.5,1,6209
0.5,283.089751,149.77,0.98,17.51,26.37,19.91,19.5,1,7096
0.5,283.099751,149.94,0.96,17.5,26.36,19.84,19.5,1,6968
0.5,283.109751,149.85,0.97,17.51,26.37,19.75,19.5,1,6850
0.5,283.119751,150.03,0.97,17.51,26.37,19.65,19.5,1,6723
0.5,283.129751,149.77,0.97,17.51,26.37,19.52,19.5,1,6587
0.5,283.139751,150.12,0.97,17.51,26.37,19.37,19.5,1,6459
0.5,283.149751,149.77,0.97,17.5,26.37,19.21,19.5,1,6331
0.5,283.159754,149.85,0.97,17.51,26.37,19.02,19.25,1,6216
0.5,283.169751,150.56,0.97,17.5,26.37,18.82,18.75,1,7092
0.5,283.179751,151.08,0.95,17.21,26.36,18.6,18.0,1,6964
0.5,283.189751,151.08,0.95,16.32,26.33,18.36,18.0,1,6855
0.5,283.199751,150.73,0.98,15.59,26.32,18.1,18.25,1,6718
0.5,283.209751,151.17,0.94,15.76,26.32,17.82,18.75,1,6594
0.5,283.219751,150.91,0.97,16.2,26.35,17.53,18.5,1,6464
0.5,283.229751,151.52,0.92,16.38,26.34,17.21,17.75,1,6328
0.5,283.239754,152.23,0.96,16.63,26.36,16.89,17.0,1,6238
0.5,283.249751,152.23,0.92,15.8,26.33,16.54,16.75,1,7096
0.5,283.259751,153.11,0.98,14.11,26.3,16.18,16.25,1,6969
0.5,283.269751,153.28,0.95,14.2,26.29,15.8,16.25,1,6851
0.5,283.279751,153.46,0.89,14.19,26.28,15.41,15.75,1,6723
0.5,283.289751,154.07,0.98,14.16,26.3,15.0,15.0,1,6590
0.5,283.299751,154.69,0.88,13.64,26.27,14.58,14.25,1,6468
0.5,283.309751,155.04,0.91,12.47,26.25,14.14,14.25,1,6332
0.5,283.319751,155.04,0.95,11.75,26.25,13.69,14.25,1,6239
0.5,283.329751,155.04,0.9,11.84,26.24,13.23,14.25,1,7101
0.5,283.339751,156.01,0.94,12.42,26.27,12.75,13.5,1,6973
0.5,283.349751,156.97,0.87,12.48,26.26,12.26,12.25,1,6855
0.5,283.359751,157.59,0.9,11.31,26.24,11.76,11.25,1,6719
0.5,283.369751,158.73,0.91,9.39,26.19,11.24,11.0,1,6594
0.5,283.379751,158.73,0.88,8.35,26.17,10.72,11.0,1,6464
0.5,283.389751,158.29,0.91,8.28,26.18,10.18,11.0,1,6328
0.5,283.399750,158.38,0.9,8.96,26.19,9.64,10.75,1,6235
0.5,283.409751,159.52,0.86,9.23,26.2,9.08,9.75,1,7097
0.5,283.419751,160.4,0.9,8.72,26.19,8.52,8.75,1,6969
0.5,283.429751,160.93,0.84,7.19,26.15,7.94,8.5,1,6859
0.5,283.439751,161.28,0.91,6.02,26.14,7.36,8.0,1,6715
0.5,283.449751,162.16,0.89,6.08,26.14,6.77,6.75,1,6587
0.5,283.459751,164.36,0.8,5.58,26.12,6.18,5.25,1,6468
0.5,283.469751,164.88,0.86,3.75,26.09,5.58,4.25,1,6333
0.5,283.479751,165.32,0.85,1.89,26.05,4.97,4.25,1,6231
0.5,283.489751,164.79,0.87,1.34,26.04,4.36,4.5,1,7102
0.5,283.499751,165.15,0.88,2.0,26.07,3.75,4.25,1,6974
0.5,283.509751,165.76,0.8,2.77,26.09,3.13,3.75,1,6855
0.5,283.519751,166.9,0.83,2.63,26.08,2.51,2.5,1,6719
0.5,283.529751,168.31,0.88,1.57,26.06,1.88,1.25,1,6595
0.5,283.539751,169.19,0.76,-0.24,26.02,1.26,0.25,1,6464
0.5,283.549751,169.72,0.88,-2.2,25.99,0.63,0.25,1,6337
0.5,283.559754,168.84,0.86,-2.83,25.98,-0.0,0.25,1,6238
0.5,283.569751,169.28,0.84,-2.04,25.99,-0.63,0.25,1,7097
0.5,283.579751,169.54,0.81,-1.2,26.02,-1.26,-0.25,1,6979
0.5,283.589751,170.95,0.8,-1.35,26.01,-1.88,-1.5,1,6860
0.5,283.599751,172.27,0.87,-2.41,25.99,-2.51,-2.5,1,6724
0.5,283.609751,172.53,0.76,-4.27,25.95,-3.13,-3.0,1,6599
0.5,283.619751,172.71,0.88,-5.56,25.92,-3.75,-3.25,1,6469
0.5,283.629751,173.06,0.84,-5.42,25.93,-4.36,-3.75,1,6333
0.5,283.639751,174.64,0.75,-5.42,25.94,-4.97,-5.0,1,6231
0.5,283.649751,176.31,0.84,-6.04,25.92,-5.58,-6.5,1,7102
0.5,283.659751,176.92,0.77,-7.77,25.9,-6.18,-7.25,1,6974
0.5,283.669751,177.45,0.83,-9.67,25.85,-6.77,-7.25,1,6856
0.5,283.679751,176.84,0.86,-10.28,25.83,-7.36,-7.25,1,6720
0.5,283.689751,177.1,0.82,-9.65,25.86,-7.94,-7.75,1,6592
0.5,283.699751,177.63,0.78,-9.05,25.88,-8.52,-8.0,1,6473
0.5,283.709751,178.24,0.78,-9.28,25.88,-9.08,-8.25,1,6337
0.5,283.719751,179.3,0.87,-9.9,25.85,-9.64,-9.75,1,6236
0.5,283.729751,180.62,0.74,-10.6,25.86,-10.18,-11.0,1,7107
0.5,283.739751,182.11,0.79,-12.36,25.82,-10.72,-11.75,1,6979
0.5,283.749751,181.93,0.85,-14.25,25.77,-11.24,-11.75,1,6863
0.5,283.759751,181.41,0.82,-14.83,25.76,-11.76,-11.75,1,6724
0.5,283.769751,181.76,0.85,-14.04,25.77,-12.26,-11.75,1,6597
0.5,283.779751,181.76,0.75,-13.24,25.82,-12.75,-12.25,1,6469
0.5,283.789751,182.9,0.78,-13.26,25.81,-13.23,-13.0,1,6333
0.5,283.799751,183.6,0.85,-14.27,25.77,-13.69,-13.75,1,6240
0.5,283.809751,184.66,0.76,-15.57,25.76,-14.14,-14.25,1,7102
0.5,283.819751,184.92,0.86,-16.33,25.73,-14.58,-14.75,1,6975
0.5,283.829751,185.19,0.79,-16.78,25.74,-15.0,-15.25,1,6865
0.5,283.839751,185.36,0.8,-17.04,25.73,-15.41,-15.25,1,6720
0.5,283.849751,185.71,0.82,-17.26,25.72,-15.8,-15.5,1,6601
0.5,283.859751,185.98,0.79,-17.41,25.72,-16.18,-16.0,1,6474
0.5,283.869751,186.68,0.82,-17.48,25.72,-16.54,-16.75,1,6338
0.5,283.879751,187.82,0.78,-18.08,25.72,-16.89,-17.25,1,6236
0.5,283.889751,187.73,0.81,-19.22,25.69,-17.21,-17.5,1,7107
0.5,283.899751,188.0,0.85,-19.81,25.67,-17.53,-17.25,1,6979
0.5,283.909751,187.29,0.81,-19.75,25.68,-17.82,-17.25,1,6861
0.5,283.919751,187.21,0.83,-19.19,25.69,-18.1,-17.25,1,6724
0.5,283.929751,188.44,0.78,-18.9,25.71,-18.36,-18.0,1,6597
0.5,283.939751,189.23,0.82,-18.87,25.71,-18.6,-18.75,1,6470
0.5,283.949751,189.4,0.77,-20.19,25.69,-18.82,-19.25,1,6334
0.5,283.959751,189.14,0.87,-21.55,25.62,-19.02,-19.0,1,6241
0.5,283.969751,189.4,0.85,-21.32,25.64,-19.21,-18.5,1,7103
0.5,283.979751,188.96,0.78,-20.96,25.67,-19.37,-18.5,1,6983
0.5,283.989751,189.4,0.87,-20.7,25.66,-19.52,-19.25,1,6865
0.5,283.999751,190.37,0.74,-20.28,25.7,-19.65,-20.25,1,6729
0.5,284.009751,190.81,0.8,-20.72,25.67,-19.75,-20.75,1,6602
0.5,284.019751,190.63,0.87,-22.79,25.6,-19.84,-20.25,1,6474
0.5,284.029751,190.2,0.84,-23.17,25.61,-19.91,-19.75,1,6338
0.5,284.039751,190.11,0.87,-22.47,25.62,-19.96,-19.75,1,6245
0.5,284.049751,189.67,0.76,-21.75,25.67,-19.99,-19.75,1,7107
0.5,284.059751,190.11,0.78,-20.88,25.68,-20.0,-19.75,1,6980
0.5,284.069751,189.93,0.89,-20.91,25.65,-19.99,-19.75,1,6861
0.5,284.079751,189.67,0.77,-21.32,25.68,-19.96,-19.75,1,6733
0.5,284.089754,190.11,0.84,-21.34,25.66,-19.91,-19.75,1,6601
0.5,284.099751,189.93,0.82,-21.34,25.66,-19.84,-19.75,1,6479
0.5,284.109751,189.93,0.8,-21.34,25.67,-19.75,-19.75,1,6342
0.5,284.119751,190.2,0.83,-21.33,25.66,-19.65,-19.75,1,6241
0.5,284.129751,189.84,0.81,-21.34,25.67,-19.52,-19.75,1,7114
0.5,284.139751,190.28,0.82,-21.33,25.66,-19.37,-19.75,1,6984
0.5,284.149751,189.93,0.81,-21.34,25.66,-19.21,-19.25,1,6866
0.5,284.159751,190.02,0.82,-21.32,25.66,-19.02,-18.75,1,6729
0.5,284.169751,188.44,0.84,-21.25,25.66,-18.82,-18.25,1,6602
0.5,284.179751,188.44,0.82,-20.79,25.68,-18.6,-18.0,1,6475
0.5,284.189751,188.35,0.78,-19.89,25.71,-18.36,-18.5,1,6338
0.5,284.199751,188.53,0.82,-19.31,25.71,-18.1,-18.75,1,6246
0.5,284.209751,189.14,0.79,-19.71,25.7,-17.82,-18.75,1,7107
0.5,284.219751,188.96,0.86,-20.61,25.65,-17.53,-17.75,1,6979
0.5,284.229751,187.12,0.81,-20.52,25.67,-17.21,-16.5,1,6870
0.5,284.239751,185.98,0.85,-19.58,25.69,-16.89,-15.75,1,6734
0.5,284.249754,185.98,0.79,-17.81,25.75,-16.54,-16.0,1,6609
0.5,284.259751,186.77,0.76,-16.31,25.79,-16.18,-16.25,1,6479
0.5,284.269751,186.33,0.8,-16.88,25.75,-15.8,-16.25,1,6343
0.5,284.279751,186.42,0.86,-18.39,25.7,-15.41,-15.75,1,6242
0.5,284.289751,185.71,0.83,-17.91,25.73,-15.0,-14.75,1,7115
0.5,284.299751,184.66,0.78,-17.66,25.74,-14.58,-14.25,1,6984
0.5,284.309750,184.04,0.86,-16.85,25.74,-14.14,-13.75,1,6866
0.5,284.319750,183.08,0.75,-15.39,25.8,-13.69,-13.25,1,6730
0.5,284.329750,182.9,0.83,-14.59,25.8,-13.23,-12.75,1,6602
0.5,284.339750,182.72,0.81,-13.7,25.82,-12.75,-12.25,1,6475
0.5,284.349750,182.55,0.8,-13.69,25.83,-12.26,-12.25,1,6347
0.5,284.359750,182.72,0.82,-14.2,25.81,-11.76,-12.25,1,6246
0.5,284.369750,182.11,0.8,-14.16,25.81,-11.24,-11.75,1,7108
0.5,284.379750,181.58,0.81,-14.08,25.81,-10.72,-10.75,1,6989
0.5,284.389750,180.97,0.82,-13.61,25.82,-10.18,-10.25,1,6870
0.5,284.399750,180.26,0.82,-12.49,25.84,-9.64,-9.75,1,6734
0.5,284.409754,179.3,0.77,-11.58,25.87,-9.08,-9.25,1,6610
0.5,284.419750,178.77,0.83,-11.05,25.87,-8.52,-9.0,1,6479
0.5,284.429750,178.77,0.8,-10.51,25.89,-7.94,-8.25,1,6343
0.5,284.439750,177.8,0.81,-9.95,25.89,-7.36,-7.25,1,6250
0.5,284.449750,176.84,0.84,-9.7,25.89,-6.77,-6.75,1,7115
0.5,284.459750,175.87,0.81,-9.08,25.91,-6.18,-6.0,1,6985
0.5,284.469750,175.17,0.78,-7.8,25.94,-5.58,-5.25,1,6866
0.5,284.479750,174.9,0.84,-6.97,25.95,-4.97,-5.25,1,6739
0.5,284.489754,175.34,0.8,-6.36,25.96,-4.36,-5.5,1,6605
0.5,284.499750,175.34,0.8,-6.18,25.96,-3.75,-5.5,1,6484
0.5,284.509750,175.17,0.81,-7.01,25.93,-3.13,-4.75,1,6348
0.5,284.519750,173.94,0.86,-7.35,25.92,-2.51,-3.25,1,6246
0.5,284.529750,172.27,0.83,-6.56,25.94,-1.88,-1.75,1,7117
0.5,284.539750,171.21,0.83,-4.69,25.97,-1.26,-1.25,1,6989
0.5,284.549750,170.07,0.8,-2.35,26.05,-0.63,-0.5,1,6871
1.0,286.589754,167.52,0.85,-1.06,26.12,2.51,2.75,1,6382
1.0,286.599750,166.46,0.85,0.55,26.15,3.75,3.75,1,7266
1.0,286.609750,165.67,0.81,1.9,26.18,4.97,4.75,1,7139
1.0,286.619750,164.97,0.88,2.75,26.2,6.18,5.5,1,7021
1.0,286.629750,163.65,0.85,3.5,26.21,7.36,6.5,1,6901
1.0,286.639750,162.33,0.86,4.08,26.22,8.52,8.25,1,6768
1.0,286.649750,160.4,0.89,5.1,26.24,9.64,10.0,1,6638
1.0,286.659750,158.55,0.9,7.25,26.28,10.72,11.25,1,6502
1.0,286.669750,157.59,0.88,9.61,26.32,11.76,11.75,1,6374
1.0,286.679750,158.38,0.88,10.88,26.36,12.75,11.5,1,7271
1.0,286.689750,157.94,0.9,11.0,26.36,13.69,11.75,1,7143
1.0,286.699751,157.24,0.92,10.19,26.34,14.58,12.75,1,7024
1.0,286.709751,156.01,0.93,9.5,26.31,15.41,14.25,1,6906
1.0,286.719751,153.9,0.92,10.42,26.34,16.18,15.75,1,6770
1.0,286.729751,152.84,0.93,12.97,26.39,16.89,16.25,1,6642
1.0,286.739751,153.19,0.92,15.52,26.44,17.53,16.5,1,6509
1.0,286.749754,152.49,0.9,15.94,26.45,18.1,17.5,1,6382
1.0,286.759751,151.44,1.02,15.38,26.47,18.6,18.25,1,7267
1.0,286.769751,151.44,0.99,15.46,26.45,19.02,18.75,1,7139
1.0,286.779751,151.17,0.88,16.5,26.44,19.37,18.75,1,7031
1.0,286.789751,150.64,0.97,16.89,26.49,19.65,19.25,1,6902
1.0,286.799751,150.03,1.0,16.43,26.48,19.84,20.25,1,6765
1.0,286.809751,148.89,0.94,17.19,26.48,19.96,20.5,1,6638
1.0,286.819751,149.24,1.01,18.36,26.53,20.0,20.0,1,6503
1.0,286.829750,149.85,0.93,18.72,26.51,19.96,19.25,1,6383
1.0,286.839751,150.21,0.97,18.26,26.51,19.84,19.0,1,7271
1.0,286.849751,150.38,1.0,17.26,26.49,19.65,19.5,1,7144
1.0,286.859751,149.24,0.97,16.5,26.46,19.37,20.5,1,7024
1.0,286.869751,148.97,0.99,17.06,26.48,19.02,20.75,1,6906
1.0,286.879751,148.8,0.95,18.01,26.49,18.6,20.5,1,6770
1.0,286.889751,149.85,0.95,19.26,26.52,18.1,19.25,1,6643
1.0,286.899751,151.08,0.99,18.79,26.53,17.53,18.5,1,6506
1.0,286.909754,151.17,0.95,17.07,26.48,16.89,18.0,1,6390
1.0,286.919751,151.96,0.97,15.31,26.42,16.18,17.25,1,7267
1.0,286.929751,152.67,0.98,15.34,26.44,15.41,16.5,1,7140
1.0,286.939751,153.98,0.88,14.9,26.4,14.58,15.25,1,7030
1.0,286.949751,155.04,0.95,13.55,26.4,13.69,14.25,1,6902
1.0,286.959751,155.65,0.92,12.24,26.36,12.75,13.75,1,6766
1.0,286.969751,155.39,0.88,11.03,26.33,11.76,13.0,1,6647
1.0,286.979754,157.59,0.98,11.02,26.36,10.72,11.75,1,6514
1.0,286.989752,159.26,0.82,10.48,26.32,9.64,10.25,1,6394
1.0,286.999751,160.22,0.87,8.71,26.3,8.52,9.25,1,7271
1.0,287.009751,160.58,0.91,6.75,26.26,7.36,8.75,1,7144
1.0,287.019751,161.63,0.87,6.01,26.24,6.18,7.25,1,7033
1.0,287.029751,163.04,0.87,5.92,26.25,4.97,5.75,1,6907
1.0,287.039751,164.71,0.8,4.42,26.21,3.75,4.5,1,6773
1.0,287.049751,165.76,0.89,2.43,26.18,2.51,3.25,1,6643
1.0,287.059751,166.82,0.84,1.19,26.16,1.26,2.5,1,6507
1.0,287.069751,168.31,0.82,0.29,26.14,0.0,1.25,1,6388
1.0,287.079751,169.72,0.86,-0.42,26.13,-1.26,-0.25,1,7276
1.0,287.089751,171.56,0.79,-1.62,26.11,-2.51,-2.25,1,7148
1.0,287.099751,173.67,0.8,-3.89,26.07,-3.75,-4.0,1,7030
1.0,287.109751,174.99,0.84,-6.22,26.02,-4.97,-5.25,1,6902
1.0,287.119751,176.31,0.81,-7.77,26.0,-6.18,-6.5,1,6775
1.0,287.129751,177.19,0.8,-8.89,25.98,-7.36,-7.5,1,6647
1.0,287.139754,178.33,0.81,-9.75,25.96,-8.52,-8.25,1,6514
1.0,287.149752,179.12,0.8,-10.51,25.94,-9.64,-9.25,1,6394
1.0,287.159751,179.65,0.8,-11.16,25.94,-10.72,-10.0,1,7271
1.0,287.169751,181.14,0.81,-11.73,25.93,-11.76,-11.5,1,7144
1.0,287.179751,183.25,0.78,-12.7,25.91,-12.75,-13.25,1,7034
1.0,287.189751,183.96,0.77,-14.67,25.87,-13.69,-14.25,1,6907
1.0,287.199751,185.01,0.83,-16.84,25.82,-14.58,-14.75,1,6770
1.0,287.209751,185.19,0.84,-17.74,25.81,-15.41,-15.0,1,6643
1.0,287.219751,185.54,0.8,-17.37,25.82,-16.18,-15.75,1,6507
1.0,287.229751,186.33,0.78,-17.29,25.83,-16.89,-16.5,1,6388
1.0,287.239751,187.03,0.8,-17.88,25.82,-17.53,-17.25,1,7276
1.0,287.249751,187.82,0.79,-19.03,25.8,-18.1,-17.75,1,7149
1.0,287.259751,188.35,0.85,-19.78,25.77,-18.6,-18.25,1,7033
1.0,287.269751,188.7,0.79,-20.13,25.78,-19.02,-18.5,1,6911
1.0,287.279751,189.05,0.82,-20.4,25.77,-19.37,-19.0,1,6775
1.0,287.289751,190.11,0.82,-20.61,25.77,-19.65,-20.0,1,6647
1.0,287.299751,190.55,0.78,-21.29,25.76,-19.84,-20.25,1,6512
1.0,287.309752,190.11,0.82,-22.49,25.72,-19.96,-20.25,1,6412
1.0,287.319751,190.37,0.88,-22.74,25.71,-20.0,-20.0,1,7273
1.0,287.329751,190.37,0.8,-22.03,25.75,-19.96,-20.0,1,7145
1.0,287.339751,189.93,0.78,-21.8,25.77,-19.84,-19.75,1,7034
1.0,287.349751,190.11,0.85,-21.49,25.76,-19.65,-19.75,1,6907
1.0,287.359751,189.84,0.79,-21.3,25.77,-19.37,-19.75,1,6774
1.0,287.369751,190.02,0.82,-21.48,25.76,-19.02,-19.5,1,6652
1.0,287.379751,189.32,0.82,-21.52,25.76,-18.6,-18.5,1,6516
1.0,287.389751,187.82,0.83,-21.42,25.76,-18.1,-17.25,1,6415
1.0,287.399751,186.59,0.85,-20.4,25.78,-17.53,-16.5,1,7277
1.0,287.409751,186.77,0.77,-18.22,25.84,-16.89,-16.75,1,7149
1.0,287.419751,187.03,0.77,-16.81,25.87,-16.18,-17.25,1,7030
1.0,287.429751,187.65,0.79,-17.43,25.86,-15.41,-17.25,1,6903
1.0,287.439751,187.65,0.83,-19.24,25.79,-14.58,-16.75,1,6776
1.0,287.449750,186.24,0.85,-19.44,25.78,-13.69,-15.25,1,6648
1.0,287.459750,184.48,0.83,-18.65,25.8,-12.75,-14.0,1,6512
1.0,287.469750,183.43,0.81,-16.81,25.84,-11.76,-13.25,1,6410
1.0,287.479750,183.08,0.76,-14.24,25.93,-10.72,-12.5,1,7281
1.0,287.489750,181.76,0.77,-13.42,25.93,-9.64,-11.25,1,7154
1.0,287.499750,179.91,0.89,-13.1,25.91,-8.52,-9.25,1,7035
1.0,287.509750,178.33,0.8,-12.1,25.93,-7.36,-8.25,1,6907
1.0,287.519754,177.45,0.78,-10.08,25.98,-6.18,-7.25,1,6783
1.0,287.529750,176.31,0.78,-8.63,26.02,-4.97,-6.0,1,6653
1.0,287.539750,174.38,0.82,-7.96,26.02,-3.75,-4.25,1,6517
1.0,287.549750,173.32,0.88,-6.4,26.05,-2.51,-3.25,1,6415
1.0,287.559750,172.62,0.77,-4.53,26.09,-1.26,-2.25,1,7277
1.0,287.569751,171.12,0.78,-3.57,26.11,0.0,-0.75,1,7149
1.0,287.579750,169.28,0.87,-3.18,26.11,1.26,1.0,1,7042
1.0,287.589750,167.78,0.87,-1.89,26.14,2.51,2.25,1,6903
1.0,287.599750,166.82,0.79,0.49,26.18,3.75,3.75,1,6776
1.0,287.609750,165.5,0.85,1.94,26.2,4.97,4.75,1,6648
1.0,287.619750,165.15,0.87,2.89,26.23,6.18,5.75,1,6512
1.0,287.629750,163.65,0.84,3.69,26.24,7.36,6.75,1,6420
1.0,287.639750,162.07,0.87,4.36,26.25,8.52,8.5,1,7282
1.0,287.649750,159.7,0.88,5.45,26.27,9.64,10.25,1,7154
1.0,287.659750,158.2,0.91,7.64,26.31,10.72,11.75,1,7035
1.0,287.669750,157.24,0.87,10.01,26.36,11.76,12.0,1,6908
1.0,287.679753,157.76,0.87,11.35,26.39,12.75,11.75,1,6783
1.0,287.689750,157.59,0.9,11.47,26.4,13.69,12.0,1,6653
1.0,287.699751,157.24,0.91,10.56,26.37,14.58,13.0,1,6517
1.0,287.709751,155.57,0.94,9.89,26.35,15.41,14.75,1,6415
1.0,287.719751,153.46,0.92,10.81,26.37,16.18,16.0,1,7280
1.0,287.729751,152.58,0.93,13.32,26.43,16.89,16.75,1,7159
1.0,287.739751,151.7,0.92,15.64,26.48,17.53,17.5,1,7039
1.0,287.749751,151.26,0.92,16.23,26.49,18.1,18.0,1,6903
1.0,287.759754,151.44,1.02,16.81,26.52,18.6,18.5,1,6779
1.0,287.769751,150.91,0.94,17.09,26.51,19.02,18.75,1,6658
1.0,287.779751,151.17,0.96,16.55,26.51,19.37,19.0,1,6521
1.0,287.789751,150.82,0.96,16.19,26.5,19.65,19.0,1,6420
1.0,287.799751,150.29,0.94,16.37,26.5,19.84,19.5,1,7282
1.0,287.809751,149.41,0.97,16.73,26.51,19.96,20.0,1,7154
1.0,287.819751,149.5,0.98,17.31,26.53,20.0,20.0,1,7036
1.0,287.829751,149.68,0.96,18.26,26.54,19.96,20.0,1,6908
1.0,287.839754,149.24,0.94,18.33,26.54,19.84,20.0,1,6784
1.0,287.849751,149.33,1.05,18.08,26.56,19.65,20.0,1,6653
1.0,287.859751,149.68,0.93,17.94,26.52,19.37,19.75,1,6517
1.0,287.869751,150.21,0.98,17.87,26.54,19.02,19.0,1,6424
1.0,287.879751,151.08,0.96,17.48,26.52,18.6,18.25,1,7286
1.0,287.889751,151.44,0.93,16.52,26.48,18.1,18.25,1,7159
1.0,287.899751,151.08,1.0,15.88,26.48,17.53,18.75,1,7040
1.0,287.909751,150.73,0.93,15.87,26.47,16.89,18.5,1,6913
1.0,287.919754,151.17,0.97,16.32,26.49,16.18,17.75,1,6788
1.0,287.929751,152.67,0.9,16.38,26.48,15.41,16.25,1,6658
1.0,287.939751,154.34,0.94,15.59,26.47,14.58,15.0,1,6521
1.0,287.949751,154.6,0.93,13.31,26.42,13.69,14.75,1,6420
1.0,287.959751,154.34,0.91,11.6,26.38,12.75,14.75,1,7282
1.0,287.969751,155.13,0.98,11.92,26.41,11.76,13.75,1,7155
1.0,287.979751,156.88,0.85,12.42,26.39,10.72,12.25,1,7035
1.0,287.989751,158.55,0.87,11.4,26.38,9.64,10.75,1,6908
1.0,287.999754,159.87,0.92,9.07,26.34,8.52,9.25,1,6784
1.0,288.009751,160.93,0.84,6.92,26.29,7.36,8.25,1,6657
1.0,288.019751,161.98,0.89,5.53,26.27,6.18,7.75,1,6526
1.0,288.029751,163.04,0.87,5.04,26.26,4.97,6.25,1,6425
1.0,288.039751,164.18,0.85,4.86,26.25,3.75,4.75,1,7289
1.0,288.049751,165.76,0.8,3.46,26.22,2.51,3.5,1,7159
1.0,288.059754,167.34,0.87,1.4,26.19,1.26,2.0,1,7043
1.0,288.069751,169.37,0.84,0.1,26.18,0.0,0.25,1,6916
1.0,288.079754,170.42,0.78,-1.39,26.15,-1.26,-1.0,1,6788
1.0,288.089751,171.91,0.83,-3.24,26.11,-2.51,-2.25,1,6658
1.0,288.099751,173.32,0.84,-4.53,26.08,-3.75,-3.25,1,6522
1.0,288.109751,174.2,0.79,-5.5,26.07,-4.97,-4.5,1,6421
1.0,288.119751,175.61,0.82,-6.31,26.06,-6.18,-6.0,1,7282
1.0,288.129751,176.66,0.79,-7.52,26.04,-7.36,-7.25,1,7164
1.0,288.139751,177.8,0.79,-9.16,26.0,-8.52,-8.25,1,7045
1.0,288.149751,178.95,0.84,-10.33,25.98,-9.64,-9.0,1,6912
1.0,288.159753,179.65,0.77,-11.24,25.97,-10.72,-10.25,1,6793
1.0,288.169751,181.58,0.82,-11.95,25.95,-11.76,-11.5,1,6662
1.0,288.179751,182.46,0.78,-13.02,25.94,-12.75,-12.75,1,6526
1.0,288.189751,183.43,0.78,-14.6,25.9,-13.69,-13.5,1,6425
1.0,288.199751,184.57,0.85,-15.71,25.87,-14.58,-14.25,1,7290
1.0,288.209751,185.45,0.77,-16.52,25.88,-15.41,-15.25,1,7160
1.0,288.219754,187.03,0.82,-17.13,25.86,-16.18,-16.5,1,7043
1.0,288.229751,187.38,0.78,-18.12,25.85,-16.89,-17.25,1,6916
1.0,288.239754,187.73,0.79,-19.61,25.81,-17.53,-17.25,1,6789
1.0,288.249751,187.65,0.88,-20.09,25.79,-18.1,-17.25,1,6658
1.0,288.259751,187.73,0.78,-19.47,25.83,-18.6,-17.75,1,6522
1.0,288.269751,188.44,0.78,-19.17,25.84,-19.02,-18.25,1,6429
1.0,288.279751,189.32,0.82,-19.56,25.82,-19.37,-18.75,1,7291
1.0,288.289751,189.4,0.78,-20.6,25.81,-19.65,-19.25,1,7164
1.0,288.299754,190.63,0.86,-21.28,25.77,-19.84,-19.75,1,7048
1.0,288.309751,190.2,0.79,-21.63,25.79,-19.96,-20.0,1,6919
1.0,288.319751,190.55,0.82,-21.86,25.77,-20.0,-20.25,1,6791
1.0,288.329751,190.46,0.82,-22.03,25.77,-19.96,-20.25,1,6666
1.0,288.339751,190.55,0.8,-22.08,25.78,-19.84,-20.25,1,6527
1.0,288.349751,190.37,0.83,-22.07,25.77,-19.65,-20.0,1,6425
1.0,288.359751,190.2,0.8,-22.01,25.78,-19.37,-19.25,1,7290
1.0,288.369751,189.58,0.84,-21.84,25.77,-19.02,-18.75,1,7162
1.0,288.379754,188.53,0.81,-21.23,25.81,-18.6,-18.25,1,7052
1.0,288.389751,188.09,0.77,-20.08,25.84,-18.1,-17.75,1,6917
1.0,288.399754,187.29,0.84,-19.11,25.84,-17.53,-17.5,1,6789
1.0,288.409751,187.65,0.79,-18.6,25.86,-16.89,-17.25,1,6659
1.0,288.419751,187.56,0.81,-18.57,25.86,-16.18,-17.0,1,6531
1.0,288.429751,186.42,0.81,-18.63,25.85,-15.41,-15.75,1,6430
1.0,288.439751,184.66,0.82,-18.51,25.85,-14.58,-14.75,1,7294
1.0,288.449750,184.48,0.84,-17.42,25.87,-13.69,-14.25,1,7164
1.0,288.459754,183.78,0.74,-15.32,25.94,-12.75,-13.5,1,7048
1.0,288.469750,182.9,0.78,-14.38,25.94,-11.76,-12.25,1,6919
1.0,288.479750,181.23,0.88,-14.53,25.91,-10.72,-10.5,1,6791
1.0,288.489750,179.3,0.79,-13.35,25.95,-9.64,-9.25,1,6666
1.0,288.499750,177.98,0.79,-11.1,26.0,-8.52,-8.25,1,6527
1.0,288.509750,178.15,0.8,-9.5,26.04,-7.36,-8.0,1,6425
1.0,288.519750,177.63,0.78,-8.43,26.06,-6.18,-7.5,1,7296
1.0,288.529750,177.45,0.79,-8.24,26.05,-4.97,-6.25,1,7171
1.0,288.539754,175.17,0.87,-8.87,26.03,-3.75,-4.5,1,7053
1.0,288.549750,173.06,0.81,-7.79,26.05,-2.51,-2.75,1,6914
1.0,288.559750,172.18,0.82,-5.43,26.09,-1.26,-1.75,1,6795
1.0,288.569751,170.33,0.8,-2.95,26.17,0.0,-0.75,1,6668
1.0,288.579750,169.28,0.78,-2.04,26.17,1.26,1.0,1,6532
1.0,288.589750,167.17,0.91,-0.76,26.19,2.51,3.0,1,6430
1.0,288.599750,165.76,0.84,0.65,26.22,3.75,4.25,1,7292
1.0,288.609750,165.15,0.82,2.21,26.25,4.97,5.0,1,7164
1.0,288.619754,164.18,0.82,3.99,26.28,6.18,5.5,1,7058
1.0,288.629750,163.65,0.86,4.47,26.29,7.36,6.25,1,6918
1.0,288.639750,162.42,0.89,4.93,26.3,8.52,7.75,1,6790
1.0,288.649750,160.75,0.86,5.09,26.3,9.64,9.25,1,6666
1.0,288.659750,159.52,0.9,5.94,26.33,10.72,10.5,1,6528
1.0,288.669750,158.29,0.85,8.43,26.36,11.76,11.0,1,6435
1.0,288.679750,158.47,0.87,9.98,26.39,12.75,11.75,1,7297
1.0,288.689750,157.24,0.9,10.36,26.41,13.69,13.25,1,7172
1.0,288.699754,155.57,0.94,10.56,26.42,14.58,14.25,1,7053
1.0,288.709751,154.95,0.92,11.49,26.43,15.41,15.0,1,6923
1.0,288.719751,154.07,0.88,13.27,26.45,16.18,15.75,1,6796
1.0,288.729751,153.72,0.92,13.75,26.48,16.89,16.0,1,6670
1.0,288.739751,153.46,0.96,13.7,26.49,17.53,16.75,1,6532
1.0,288.749751,152.05,0.9,14.07,26.48,18.1,17.75,1,6431
1.0,288.759754,151.26,0.97,14.77,26.51,18.6,18.25,1,7296
1.0,288.769751,151.35,0.96,16.13,26.53,19.02,18.25,1,7174
1.0,288.779754,151.35,0.89,16.66,26.52,19.37,18.25,1,7058
1.0,288.789751,150.56,0.98,16.49,26.55,19.65,19.25,1,6919
1.0,288.799750,149.06,1.0,16.42,26.55,19.84,20.25,1,6791
1.0,288.809751,149.06,0.96,17.3,26.56,19.96,20.25,1,6664
1.0,288.819751,148.97,0.95,18.9,26.58,20.0,19.75,1,6537
1.0,288.829751,149.5,0.95,19.02,26.58,19.96,19.5,1,6435
1.0,288.839751,149.94,1.01,18.03,26.57,19.84,19.75,1,7300
1.0,288.849751,149.77,0.97,17.25,26.53,19.65,20.25,1,7170
1.0,288.859750,149.59,0.96,17.3,26.53,19.37,20.25,1,7051
1.0,288.869751,149.24,0.99,17.58,26.56,19.02,19.5,1,6923
1.0,288.879751,150.21,0.9,17.67,26.53,18.6,19.0,1,6796
1.0,288.889751,150.03,0.96,17.46,26.56,18.1,18.75,1,6668
1.0,288.899751,150.73,1.0,16.76,26.56,17.53,18.5,1,6535
1.0,288.909751,151.52,0.96,16.68,26.52,16.89,17.5,1,7420
1.0,288.919754,152.67,0.9,16.37,26.5,16.18,16.75,1,7296
1.0,288.929751,152.84,0.93,14.87,26.48,15.41,16.25,1,7174
1.0,288.939754,153.02,0.96,13.63,26.47,14.58,15.5,1,7058
1.0,288.949751,154.86,0.94,13.55,26.47,13.69,14.25,1,6919
1.0,288.959751,155.92,0.86,12.99,26.43,12.75,13.0,1,6800
1.0,288.969751,156.97,0.9,11.17,26.41,11.76,12.5,1,6673
1.0,288.979751,157.5,0.93,9.76,26.39,10.72,11.75,1,6538
1.0,288.989751,158.82,0.9,9.73,26.38,9.64,10.25,1,7424
1.0,288.999751,160.14,0.83,9.02,26.36,8.52,9.0,1,7297
1.0,289.009751,160.93,0.87,7.2,26.33,7.36,8.25,1,7170
1.0,289.019750,161.54,0.9,5.72,26.3,6.18,7.5,1,7060
1.0,289.029751,163.39,0.87,5.59,26.31,4.97,6.25,1,6923
1.0,289.039751,165.32,0.8,4.94,26.29,3.75,4.25,1,6796
1.0,289.049751,166.99,0.85,2.99,26.25,2.51,2.25,1,6669
1.0,289.059751,168.4,0.82,0.38,26.21,1.26,1.25,1,6541
1.0,289.069751,169.1,0.84,-1.66,26.17,-0.0,0.25,1,7430
1.0,289.079754,170.16,0.87,-2.13,26.16,-1.26,-0.5,1,7305
1.0,289.089751,170.77,0.77,-2.58,26.16,-2.51,-1.25,1,7174
1.0,289.099751,172.71,0.85,-3.19,26.15,-3.75,-3.0,1,7056
1.0,289.109751,174.11,0.79,-4.2,26.13,-4.97,-4.25,1,6928
1.0,289.119751,174.64,0.77,-6.19,26.09,-6.18,-5.0,1,6801
1.0,289.129751,175.52,0.87,-7.8,26.05,-7.36,-6.0,1,6665
1.0,289.139751,177.1,0.82,-7.93,26.06,-8.52,-7.5,1,6537
1.0,289.149751,178.51,0.74,-8.51,26.06,-9.64,-9.0,1,7425
1.0,289.159754,180.26,0.8,-10.5,26.02,-10.72,-10.25,1,7301
1.0,289.169751,180.79,0.81,-12.7,25.98,-11.76,-10.75,1,7179
1.0,289.179750,180.97,0.83,-13.52,25.94,-12.75,-11.25,1,7059
1.0,289.189751,182.29,0.81,-13.25,25.96,-13.69,-12.75,1,6924
1.0,289.199751,183.87,0.74,-13.66,25.97,-14.58,-13.75,1,6796
1.0,289.209751,184.57,0.79,-15.49,25.92,-15.41,-14.25,1,6669
1.0,289.219751,185.01,0.84,-17.03,25.88,-16.18,-15.25,1,6542
1.0,289.229751,186.06,0.83,-17.18,25.89,-16.89,-16.25,1,7429
1.0,289.239751,187.12,0.74,-17.76,25.9,-17.53,-17.25,1,7305
1.0,289.249751,187.82,0.82,-19.12,25.85,-18.1,-17.75,1,7175
1.0,289.259751,188.17,0.83,-19.94,25.84,-18.6,-18.25,1,7056
1.0,289.269751,188.88,0.77,-20.39,25.85,-19.02,-18.75,1,6928
1.0,289.279751,189.32,0.83,-20.81,25.82,-19.37,-19.25,1,6802
1.0,289.289751,189.93,0.81,-21.17,25.83,-19.65,-19.5,1,6665
1.0,289.299751,189.67,0.8,-21.38,25.82,-19.84,-19.75,1,6537
1.0,289.309751,189.84,0.81,-21.54,25.82,-19.96,-19.75,1,7428
1.0,289.319754,190.37,0.81,-21.74,25.81,-20.0,-20.0,1,7310
1.0,289.329751,190.11,0.81,-21.74,25.81,-19.96,-20.0,1,7179
1.0,289.339750,190.28,0.81,-21.7,25.82,-19.84,-20.0,1,7060
1.0,289.349751,190.37,0.82,-21.62,25.82,-19.65,-20.0,1,6924
1.0,289.359751,190.11,0.8,-21.58,25.82,-19.37,-19.75,1,6805
1.0,289.369751,189.84,0.81,-21.56,25.82,-19.02,-19.0,1,6669
1.0,289.379751,188.96,0.83,-21.38,25.82,-18.6,-18.25,1,6545
1.0,289.389751,188.61,0.82,-20.88,25.84,-18.1,-18.25,1,7430
1.0,289.399754,188.61,0.77,-20.14,25.87,-17.53,-18.5,1,7305
1.0,289.409751,188.88,0.81,-19.34,25.88,-16.89,-18.5,1,7175
1.0,289.419751,188.17,0.79,-19.62,25.87,-16.18,-17.5,1,7065
1.0,289.429751,186.94,0.87,-20.29,25.83,-15.41,-16.25,1,6929
1.0,289.439751,185.98,0.82,-19.4,25.87,-14.58,-15.75,1,6801
1.0,289.449750,185.45,0.77,-17.95,25.91,-13.69,-15.25,1,6674
1.0,289.459750,184.57,0.77,-16.28,25.94,-12.75,-14.25,1,6550
1.0,289.469750,183.25,0.82,-15.81,25.94,-11.76,-12.75,1,7437
1.0,289.479754,181.41,0.87,-15.16,25.94,-10.72,-11.0,1,7310
1.0,289.489750,180.44,0.77,-13.55,25.99,-9.64,-10.25,1,7179
1.0,289.499750,179.65,0.77,-11.28,26.04,-8.52,-9.25,1,7059
1.0,289.509750,178.15,0.78,-10.31,26.05,-7.36,-7.5,1,6925
1.0,289.519750,175.69,0.86,-9.6,26.05,-6.18,-5.5,1,6806
1.0,289.529750,174.64,0.82,-8.03,26.09,-4.97,-4.25,1,6670
1.0,289.539750,173.58,0.78,-6.04,26.13,-3.75,-4.0,1,6542
1.0,289.549750,174.29,0.79,-4.31,26.16,-2.51,-4.25,1,7430
1.0,289.559750,174.02,0.79,-4.32,26.15,-1.26,-4.25,1,7302
1.0,289.569751,173.76,0.83,-5.57,26.11,-0.0,-3.25,1,7184
1.0,289.579750,171.74,0.85,-5.95,26.11,1.26,-1.5,1,7065
1.0,289.589750,170.07,0.83,-4.99,26.14,2.51,0.25,1,6929
1.0,289.599750,168.4,0.83,-2.7,26.17,3.75,2.0,1,6801
1.0,289.609750,166.82,0.82,0.19,26.24,4.97,3.25,1,6674
1.0,289.619754,165.15,0.83,1.75,26.27,6.18,5.0,1,6550
1.0,289.629750,163.92,0.86,3.24,26.3,7.36,6.25,1,7438
1.0,289.639753,163.04,0.87,4.52,26.32,8.52,7.0,1,7310
1.0,289.649750,162.77,0.84,5.52,26.34,9.64,8.0,1,7179
1.0,289.659750,160.66,0.82,5.91,26.34,10.72,9.75,1,7061
1.0,289.669750,159.17,0.96,6.47,26.37,11.76,11.0,1,6934
1.0,289.679750,158.55,0.87,8.48,26.39,12.75,11.75,1,6806
1.0,289.689750,157.68,0.85,10.57,26.43,13.69,12.75,1,6670
1.0,289.699754,155.48,0.9,10.95,26.45,14.58,14.25,1,6546
1.0,289.709751,154.86,0.95,11.38,26.46,15.41,15.0,1,7439
1.0,289.719754,153.98,0.9,13.07,26.48,16.18,15.25,1,7315
1.0,289.729751,154.07,0.89,13.98,26.5,16.89,15.75,1,7184
1.0,289.739751,152.84,0.95,13.99,26.52,17.53,17.0,1,7065
1.0,289.749751,151.79,0.96,13.88,26.52,18.1,18.25,1,6930
1.0,289.759751,151.44,0.94,15.13,26.53,18.6,18.75,1,6811
1.0,289.769751,151.08,0.92,17.09,26.57,19.02,19.0,1,6674
1.0,289.779754,150.38,0.95,17.08,26.58,19.37,19.25,1,6550
1.0,289.789751,150.38,1.0,16.93,26.59,19.65,19.5,1,7435
1.0,289.799754,150.38,0.93,17.2,26.57,19.84,19.75,1,7311
1.0,289.809751,150.38,0.97,17.25,26.59,19.96,19.75,1,7180
1.0,289.819751,150.12,0.96,17.26,26.59,20.0,19.75,1,7071
1.0,289.829751,150.12,0.95,17.18,26.58,19.96,19.75,1,6934
1.0,289.839751,150.38,0.97,17.12,26.58,19.84,19.75,1,6807
1.0,289.849751,150.82,0.95,17.1,26.58,19.65,19.75,1,6682
1.0,289.859754,150.03,0.97,17.1,26.58,19.37,19.75,1,6554
1.0,289.869751,150.38,0.95,17.1,26.58,19.02,19.5,1,7439
1.0,289.879750,150.64,0.97,17.09,26.58,18.6,18.5,1,7311
1.0,289.889751,152.05,0.93,17.08,26.58,18.1,17.25,1,7184
1.0,289.899751,152.93,0.93,16.22,26.55,17.53,16.5,1,7066
1.0,289.909751,153.02,0.96,14.24,26.5,16.89,16.5,1,6933
1.0,289.919751,152.67,0.93,13.47,26.48,16.18,16.75,1,6811
1.0,289.929751,153.11,0.95,14.08,26.51,15.41,16.25,1,6675
1.0,289.939750,154.42,0.89,14.54,26.51,14.58,15.0,1,6547
1.0,289.949751,155.21,0.89,14.12,26.5,13.69,13.75,1,7447
1.0,289.959751,156.01,0.94,12.4,26.47,12.75,13.25,1,7308
1.0,289.969751,156.18,0.89,10.6,26.42,11.76,12.75,1,7189
1.0,289.979751,158.2,0.93,10.62,26.43,10.72,11.25,1,7070
1.0,289.989751,159.26,0.84,10.13,26.41,9.64,10.25,1,6934
1.0,289.999751,160.22,0.87,8.33,26.38,8.52,9.25,1,6807
1.0,290.009751,161.37,0.91,6.9,26.36,7.36,7.75,1,6679
1.0,290.019754,163.39,0.85,6.23,26.35,6.18,6.5,1,6555
1.0,290.029751,163.65,0.79,4.54,26.3,4.97,5.75,1,7443
1.0,290.039752,164.44,0.92,2.98,26.28,3.75,4.75,1,7314
1.0,290.049751,165.85,0.86,2.81,26.28,2.51,3.25,1,7185
1.0,290.059751,167.43,0.76,2.18,26.27,1.26,1.75,1,7066
1.0,290.069751,169.37,0.85,0.2,26.24,0.0,0.25,1,6941
1.0,290.079751,170.68,0.82,-1.99,26.2,-1.26,-1.25,1,6811
1.0,290.089751,171.56,0.83,-3.43,26.16,-2.51,-2.25,1,6675
1.0,290.099750,172.27,0.81,-4.41,26.15,-3.75,-3.0,1,6556
1.0,290.109751,173.76,0.81,-5.2,26.14,-4.97,-4.25,1,7444
1.0,290.119751,174.99,0.81,-5.91,26.13,-6.18,-5.5,1,7317
1.0,290.129751,176.31,0.78,-7.02,26.11,-7.36,-6.5,1,7190
1.0,290.139751,177.36,0.8,-8.54,26.08,-8.52,-7.75,1,7071
1.0,290.149751,179.12,0.83,-9.65,26.06,-9.64,-9.25,1,6934
1.0,290.159751,180.26,0.76,-10.91,26.04,-10.72,-10.25,1,6816
1.0,290.169751,180.44,0.8,-12.58,26.0,-11.76,-10.5,1,6683
1.0,290.179753,180.79,0.86,-13.24,25.98,-12.75,-11.0,1,6555
1.0,290.189751,181.93,0.78,-12.91,26.01,-13.69,-12.25,1,7440
1.0,290.199751,183.43,0.75,-13.18,26.01,-14.58,-13.75,1,7314
1.0,290.209751,184.92,0.79,-14.88,25.97,-15.41,-14.5,1,7186
1.0,290.219751,185.19,0.81,-16.93,25.92,-16.18,-15.0,1,7075
1.0,290.229751,185.98,0.85,-17.62,25.9,-16.89,-16.25,1,6942
1.0,290.239751,187.73,0.78,-17.69,25.93,-17.53,-17.25,1,6812
1.0,290.249751,187.65,0.74,-19.12,25.91,-18.1,-17.75,1,6686
1.0,290.259754,188.09,0.89,-20.4,25.84,-18.6,-18.25,1,6560
1.0,290.269751,188.53,0.82,-20.29,25.87,-19.02,-18.25,1,7444
1.0,290.279751,188.79,0.75,-20.28,25.88,-19.37,-19.0,1,7317
1.0,290.289751,190.02,0.86,-20.42,25.86,-19.65,-19.5,1,7190
1.0,290.299751,189.93,0.76,-21.06,25.87,-19.84,-19.5,1,7071
1.0,290.309751,190.02,0.82,-21.76,25.83,-19.96,-19.75,1,6935
1.0,290.319751,190.99,0.88,-21.43,25.83,-20.0,-20.25,1,6817
1.0,290.329751,191.43,0.71,-21.68,25.88,-19.96,-20.75,1,6683
1.0,290.339751,191.43,0.84,-22.64,25.81,-19.84,-21.0,1,6552
1.0,290.349751,191.43,0.86,-23.2,25.8,-19.65,-20.25,1,7449
1.0,290.359751,189.58,0.79,-23.15,25.82,-19.37,-19.75,1,7313
1.0,290.369751,189.93,0.88,-22.25,25.81,-19.02,-19.5,1,7195
1.0,290.379751,189.49,0.74,-20.83,25.89,-18.6,-19.0,1,7075
1.0,290.389751,188.7,0.76,-20.06,25.91,-18.1,-18.25,1,6942
1.0,290.399751,188.0,0.92,-20.66,25.84,-17.53,-17.75,1,6812
1.0,290.409751,187.47,0.76,-19.98,25.9,-16.89,-17.25,1,6685
1.0,290.419750,187.03,0.77,-18.83,25.92,-16.18,-16.5,1,6556
1.0,290.429751,185.89,0.84,-18.28,25.92,-15.41,-15.5,1,7445
1.0,290.439751,184.66,0.8,-17.76,25.94,-14.58,-14.75,1,7317
1.0,290.449750,183.87,0.82,-16.56,25.95,-13.69,-14.0,1,7193
1.0,290.459750,183.43,0.76,-15.1,25.99,-12.75,-13.0,1,7071
1.0,290.469750,182.55,0.82,-14.27,26.0,-11.76,-11.75,1,6944
1.0,290.479750,180.97,0.81,-13.91,26.01,-10.72,-10.75,1,6816
1.0,290.489750,180.26,0.8,-13.09,26.02,-9.64,-10.0,1,6680
1.0,290.499751,179.56,0.77,-11.74,26.05,-8.52,-8.75,1,6563
1.0,290.509750,177.98,0.82,-10.7,26.07,-7.36,-7.75,1,7449
1.0,290.519750,176.66,0.81,-9.95,26.08,-6.18,-6.25,1,7322
1.0,290.529750,174.99,0.8,-8.48,26.1,-4.97,-4.5,1,7197
1.0,290.539750,172.97,0.8,-6.62,26.14,-3.75,-3.25,1,7076
1.0,290.549750,172.88,0.84,-5.0,26.17,-2.51,-3.0,1,6939
1.0,290.559750,172.27,0.75,-3.51,26.21,-1.26,-2.25,1,6821
1.0,290.569751,170.86,0.83,-3.15,26.2,0.0,-0.75,1,6685
1.0,290.579752,169.28,0.88,-3.41,26.2,1.26,0.75,1,6559
1.0,290.589750,168.13,0.81,-2.43,26.22,2.51,2.25,1,7445
1.0,290.599750,166.82,0.82,-0.07,26.27,3.75,3.25,1,7317
1.0,290.609750,165.5,0.83,1.55,26.29,4.97,4.75,1,7199
1.0,290.619750,164.0,0.84,2.51,26.31,6.18,6.25,1,7080
1.0,290.629750,162.69,0.87,3.84,26.34,7.36,7.75,1,6944
1.0,290.639750,161.63,0.86,5.54,26.37,8.52,8.5,1,6816
1.0,290.649750,161.02,0.84,6.86,26.39,9.64,8.75,1,6689
1.0,290.659750,160.84,0.87,7.56,26.41,10.72,9.25,1,6562
1.0,290.669750,159.87,0.86,7.66,26.41,11.76,10.25,1,7450
1.0,290.679750,157.94,0.93,7.74,26.42,12.75,12.25,1,7322
1.0,290.689750,156.18,0.89,8.55,26.43,13.69,13.75,1,7203
1.0,290.699751,155.3,0.9,11.05,26.47,14.58,14.75,1,7076
1.0,290.709751,154.07,0.9,13.33,26.52,15.41,15.5,1,6940
1.0,290.719751,153.02,0.88,13.85,26.53,16.18,16.25,1,6821
1.0,290.729751,152.75,0.98,14.64,26.57,16.89,16.75,1,6685
1.0,290.739751,152.84,0.91,15.36,26.57,17.53,17.25,1,6558
1.0,290.749751,152.4,0.94,15.29,26.57,18.1,17.5,1,7454
1.0,290.759751,151.88,0.95,14.91,26.56,18.6,18.25,1,7327
1.0,290.769751,150.91,0.92,15.03,26.55,19.02,19.0,1,7208
1.0,290.779751,150.12,0.98,16.09,26.59,19.37,19.75,1,7080
1.0,290.789751,149.06,0.96,17.44,26.61,19.65,20.25,1,6947
1.0,290.799751,149.33,0.94,18.26,26.63,19.84,19.75,1,6817
1.0,290.809751,150.56,0.98,18.68,26.64,19.96,18.75,1,6689
1.0,290.819751,150.73,0.94,18.07,26.61,20.0,18.5,1,6563
1.0,290.829751,151.0,0.99,16.34,26.58,19.96,18.75,1,7450
1.0,290.839751,150.21,0.96,15.86,26.56,19.84,19.75,1,7322
1.0,290.849751,149.77,0.96,16.37,26.58,19.65,20.25,1,7204
1.0,290.859751,149.06,0.93,17.21,26.59,19.37,20.5,1,7076
1.0,290.869751,149.24,0.95,18.51,26.63,19.02,20.0,1,6949
1.0,290.879751,150.03,0.99,19.16,26.65,18.6,19.25,1,6821
1.0,290.889754,150.82,0.94,18.52,26.62,18.1,18.5,1,6688
1.0,290.899751,151.35,0.99,16.47,26.58,17.53,17.75,1,6567
1.0,290.909751,151.79,0.93,15.65,26.56,16.89,17.25,1,7455
1.0,290.919751,152.05,0.93,15.2,26.54,16.18,16.75,1,7327
1.0,290.929751,153.46,0.95,14.93,26.55,15.41,15.5,1,7208
1.0,290.939751,155.3,0.9,14.17,26.53,14.58,14.0,1,7081
1.0,290.949754,156.09,0.89,12.44,26.49,13.69,13.0,1,6948
1.0,290.959751,156.8,0.91,10.41,26.45,12.75,12.75,1,6826
1.0,290.969754,156.62,0.92,9.73,26.44,11.76,13.25,1,6693
1.0,290.979751,156.09,0.91,10.45,26.45,10.72,13.25,1,6571
1.0,290.989751,156.8,0.88,11.05,26.47,9.64,12.75,1,7459
1.0,290.999751,158.03,0.87,11.44,26.48,8.52,11.25,1,7323
1.0,291.009751,159.61,0.89,10.82,26.47,7.36,9.75,1,7216
1.0,291.019751,160.93,0.88,8.11,26.41,6.18,8.25,1,7085
1.0,291.029751,162.42,0.85,6.01,26.37,4.97,7.0,1,6949
1.0,291.039751,163.65,0.88,4.65,26.35,3.75,5.75,1,6822
1.0,291.049754,165.67,0.83,3.7,26.33,2.51,3.75,1,6697
1.0,291.059751,167.61,0.83,2.47,26.31,1.26,2.25,1,6575
1.0,291.069751,168.22,0.8,0.3,26.26,-0.0,1.25,1,7455
1.0,291.079751,169.01,0.86,-1.65,26.22,-1.26,-0.0,1,7328
1.0,291.089751,171.21,0.85,-2.19,26.23,-2.51,-1.75,1,7209
1.0,291.099751,172.79,0.75,-3.07,26.21,-3.75,-3.25,1,7081
1.0,291.109754,173.94,0.81,-5.2,26.17,-4.97,-4.25,1,6948
1.0,291.119751,174.9,0.84,-6.93,26.13,-6.18,-5.25,1,6826
1.0,291.129754,176.48,0.82,-7.37,26.12,-7.36,-7.0,1,6693
1.0,291.139751,178.33,0.75,-8.22,26.12,-8.52,-8.5,1,6571
1.0,291.149751,178.95,0.79,-10.21,26.08,-9.64,-9.25,1,7459
1.0,291.159751,180.26,0.84,-11.92,26.03,-10.72,-10.25,1,7323
1.0,291.169751,181.41,0.82,-12.26,26.04,-11.76,-11.5,1,7216
1.0,291.179751,181.93,0.74,-13.01,26.04,-12.75,-12.5,1,7086
1.0,291.189751,183.69,0.81,-14.51,25.99,-13.69,-13.5,1,6950
1.0,291.199751,184.39,0.83,-15.57,25.97,-14.58,-14.25,1,6822
1.0,291.209751,185.01,0.77,-16.35,25.97,-15.41,-15.25,1,6694
1.0,291.219751,186.42,0.82,-16.9,25.95,-16.18,-16.25,1,6576
1.0,291.229751,187.03,0.77,-17.91,25.95,-16.89,-17.25,1,7455
1.0,291.239751,188.0,0.79,-19.45,25.91,-17.53,-17.75,1,7328
1.0,291.249751,188.35,0.85,-20.43,25.88,-18.1,-17.75,1,7209
1.0,291.259751,188.53,0.8,-20.53,25.89,-18.6,-18.25,1,7081
1.0,291.269751,189.32,0.83,-19.93,25.9,-19.02,-18.75,1,6957
1.0,291.279751,189.49,0.75,-19.97,25.93,-19.37,-19.25,1,6827
1.0,291.289750,189.84,0.81,-21.02,25.88,-19.65,-19.75,1,6690
1.0,291.299751,190.46,0.85,-21.82,25.85,-19.84,-20.25,1,6580
1.0,291.309751,190.46,0.77,-22.15,25.87,-19.96,-20.25,1,7459
1.0,291.319751,189.76,0.83,-22.37,25.85,-20.0,-19.75,1,7333
1.0,291.329751,190.02,0.83,-22.17,25.86,-19.96,-19.25,1,7216
1.0,291.339751,189.4,0.81,-21.46,25.89,-19.84,-19.25,1,7086
1.0,291.349754,189.93,0.78,-20.57,25.92,-19.65,-19.5,1,6953
1.0,291.359751,189.93,0.8,-20.31,25.91,-19.37,-19.75,1,6831
1.0,291.369751,190.02,0.79,-21.3,25.88,-19.02,-19.75,1,6695
1.0,291.379751,189.58,0.84,-21.93,25.86,-18.6,-19.0,1,6593
1.0,291.389751,188.53,0.81,-21.74,25.88,-18.1,-18.25,1,7455
1.0,291.399751,187.82,0.84,-20.8,25.9,-17.53,-17.75,1,7328
1.0,291.409754,187.65,0.74,-19.21,25.95,-16.89,-17.75,1,7221
1.0,291.419751,187.82,0.77,-18.42,25.96,-16.18,-17.25,1,7091
1.0,291.429754,187.21,0.86,-18.96,25.92,-15.41,-16.25,1,6957
1.0,291.439751,185.45,0.78,-18.99,25.94,-14.58,-15.0,1,6830
1.0,291.449750,184.83,0.85,-17.98,25.95,-13.69,-14.25,1,6700
1.0,291.459750,184.13,0.78,-16.13,26.0,-12.75,-13.75,1,6598
1.0,291.469750,182.9,0.74,-14.79,26.04,-11.76,-12.25,1,7463
1.0,291.479750,180.88,0.84,-14.1,26.02,-10.72,-11.25,1,7332
1.0,291.489750,180.62,0.85,-12.77,26.05,-9.64,-10.75,1,7214
1.0,291.499750,179.91,0.72,-11.45,26.1,-8.52,-10.0,1,7077
1.0,291.509754,179.12,0.78,-11.05,26.1,-7.36,-8.5,1,6953
1.0,291.519750,177.01,0.89,-11.29,26.07,-6.18,-6.75,1,6831
1.0,291.529750,175.61,0.78,-9.97,26.11,-4.97,-5.75,1,6695
1.0,291.539750,174.81,0.79,-7.37,26.16,-3.75,-5.0,1,6602
1.0,291.549750,173.5,0.78,-5.94,26.19,-2.51,-3.5,1,7467
1.0,291.559750,172.27,0.82,-5.18,26.2,-1.26,-1.75,1,7337
2.0,293.589750,169.72,0.77,-5.52,26.26,2.51,0.75,1,6980
2.0,293.599750,166.29,0.84,-1.87,26.32,4.97,3.75,1,6855
2.0,293.609754,164.18,0.85,2.12,26.4,7.36,5.25,1,6728
2.0,293.619750,163.3,0.81,5.58,26.47,9.64,6.75,1,7613
2.0,293.629750,161.63,0.83,7.1,26.49,11.76,8.75,1,7486
2.0,293.639750,158.82,0.93,6.91,26.49,13.69,11.25,1,7369
2.0,293.649751,155.92,0.9,8.15,26.51,15.41,14.0,1,7248
2.0,293.659751,153.54,0.88,11.15,26.55,16.89,16.0,1,7106
2.0,293.669751,152.31,0.94,14.64,26.65,18.1,16.75,1,6984
2.0,293.679751,152.14,0.9,16.77,26.69,19.02,17.5,1,6848
2.0,293.689750,151.44,0.94,17.28,26.7,19.65,18.75,1,6721
2.0,293.699751,149.41,1.0,16.42,26.7,19.96,20.0,1,7617
2.0,293.709751,148.97,0.98,16.91,26.7,19.96,20.5,1,7490
2.0,293.719751,148.71,0.91,18.64,26.71,19.65,20.75,1,7363
2.0,293.729751,149.41,0.97,19.14,26.75,19.02,20.0,1,7244
2.0,293.739751,150.12,1.0,19.26,26.76,18.1,19.25,1,7108
2.0,293.749751,150.82,0.92,18.48,26.71,16.89,18.0,1,6981
2.0,293.759751,152.58,0.99,16.34,26.68,15.41,16.25,1,6853
2.0,293.769751,154.69,0.91,15.04,26.63,13.69,14.5,1,6725
2.0,293.779751,156.18,0.87,12.87,26.58,11.76,13.0,1,7622
2.0,293.789751,157.5,0.93,10.57,26.56,9.64,11.25,1,7494
2.0,293.799751,160.31,0.88,9.03,26.52,7.36,9.0,1,7368
2.0,293.809751,162.95,0.84,7.38,26.49,4.97,6.25,1,7249
2.0,293.819751,165.5,0.84,4.9,26.43,2.51,3.75,1,7115
2.0,293.829751,168.75,0.83,1.72,26.38,-0.0,1.0,1,6985
2.0,293.839751,171.21,0.82,-1.31,26.32,-2.51,-1.75,1,6848
2.0,293.849750,173.32,0.81,-3.91,26.27,-4.97,-4.25,1,6721
2.0,293.859751,175.52,0.79,-6.83,26.23,-7.36,-6.25,1,7618
2.0,293.869751,177.8,0.83,-8.99,26.19,-9.64,-8.25,1,7490
2.0,293.879751,180.62,0.78,-10.58,26.16,-11.76,-10.75,1,7363
2.0,293.889751,183.43,0.78,-12.48,26.13,-13.69,-13.5,1,7253
2.0,293.899751,185.89,0.78,-15.39,26.07,-15.41,-15.75,1,7108
2.0,293.909751,187.91,0.81,-18.41,26.01,-16.89,-17.25,1,6989
2.0,293.919751,188.53,0.82,-20.57,25.97,-18.1,-18.25,1,6856
2.0,293.929751,189.4,0.82,-21.73,25.95,-19.02,-19.0,1,6726
2.0,293.939751,190.11,0.83,-21.9,25.95,-19.65,-19.75,1,7622
2.0,293.949751,190.81,0.76,-21.84,25.97,-19.96,-20.25,1,7495
2.0,293.959751,190.55,0.83,-22.14,25.94,-19.96,-20.25,1,7369
2.0,293.969751,190.63,0.8,-22.67,25.94,-19.65,-20.0,1,7249
2.0,293.979751,189.84,0.83,-22.42,25.94,-19.02,-19.75,1,7112
2.0,293.989751,189.58,0.83,-21.66,25.97,-18.1,-19.0,1,6985
2.0,293.999751,188.96,0.76,-21.05,26.0,-16.89,-17.75,1,6860
2.0,294.009753,186.68,0.86,-20.36,25.98,-15.41,-16.25,1,6733
2.0,294.019750,185.8,0.82,-19.21,26.01,-13.69,-15.0,1,7618
2.0,294.029750,184.39,0.76,-17.21,26.07,-11.76,-13.75,1,7491
2.0,294.039750,181.93,0.79,-15.36,26.1,-9.64,-11.75,1,7372
2.0,294.049750,179.3,0.83,-14.02,26.11,-7.36,-9.0,1,7253
2.0,294.059750,176.84,0.82,-11.84,26.15,-4.97,-6.5,1,7117
2.0,294.069750,174.29,0.79,-8.54,26.22,-2.51,-3.75,1,6989
2.0,294.079751,171.39,0.81,-5.57,26.28,-0.0,-1.25,1,6856
2.0,294.089750,168.84,0.81,-2.89,26.33,2.51,1.5,1,6726
2.0,294.099750,166.11,0.85,-0.21,26.38,4.97,4.25,1,7623
2.0,294.109750,163.3,0.82,2.43,26.42,7.36,6.75,1,7495
2.0,294.119750,161.72,0.88,5.1,26.47,9.64,8.75,1,7369
2.0,294.129750,159.35,0.83,7.22,26.51,11.76,10.75,1,7249
2.0,294.139750,156.71,0.89,8.88,26.54,13.69,13.25,1,7116
2.0,294.149751,153.63,0.91,10.9,26.58,15.41,15.75,1,6985
2.0,294.159751,152.23,0.94,13.75,26.64,16.89,17.0,1,6858
2.0,294.169750,151.61,0.91,16.7,26.69,18.1,17.5,1,6729
2.0,294.179751,151.44,0.92,17.68,26.73,19.02,18.25,1,7618
2.0,294.189751,150.03,1.0,16.95,26.73,19.65,19.75,1,7499
2.0,294.199751,148.71,0.97,16.5,26.7,19.96,21.75,1,7372
2.0,294.209751,146.69,0.97,18.12,26.73,19.96,22.75,1,7253
2.0,294.219751,146.07,0.99,20.94,26.79,19.65,22.75,1,7120
2.0,294.229751,146.78,0.99,22.15,26.82,19.02,22.25,1,6989
2.0,294.239751,148.18,1.0,22.03,26.83,18.1,21.0,1,6854
2.0,294.249751,149.77,1.0,20.53,26.79,16.89,19.25,1,6735
2.0,294.259751,152.05,0.94,17.92,26.7,15.41,17.25,1,7623
2.0,294.269751,153.9,0.93,15.4,26.65,13.69,15.25,1,7495
2.0,294.279751,155.65,0.93,13.0,26.61,11.76,13.75,1,7371
2.0,294.289751,156.8,0.91,11.31,26.58,9.64,12.25,1,7258
2.0,294.299751,159.08,0.88,10.09,26.55,7.36,10.25,1,7113
2.0,294.309751,161.98,0.86,8.56,26.52,4.97,7.5,1,6994
2.0,294.319751,164.44,0.84,6.08,26.47,2.51,4.75,1,6858
2.0,294.329751,167.43,0.84,2.87,26.41,0.0,2.0,1,6731
2.0,294.339751,170.07,0.83,-0.18,26.37,-2.51,-0.75,1,7628
2.0,294.349751,172.53,0.81,-2.94,26.32,-4.97,-3.25,1,7500
2.0,294.359751,174.9,0.79,-5.79,26.26,-7.36,-5.5,1,7372
2.0,294.369751,177.98,0.84,-7.92,26.22,-9.64,-8.25,1,7254
2.0,294.379751,181.23,0.76,-10.17,26.19,-11.76,-11.25,1,7118
2.0,294.389751,183.08,0.77,-13.24,26.13,-13.69,-13.25,1,6990
2.0,294.399751,184.75,0.83,-16.36,26.05,-15.41,-14.75,1,6863
2.0,294.409751,186.59,0.83,-18.26,26.02,-16.89,-16.25,1,6735
2.0,294.419751,188.09,0.81,-18.83,26.03,-18.1,-18.0,1,7623
2.0,294.429751,190.02,0.75,-19.89,26.02,-19.02,-19.5,1,7495
2.0,294.439751,190.81,0.82,-21.78,25.96,-19.65,-20.5,1,7380
2.0,294.449751,191.16,0.84,-23.15,25.94,-19.96,-20.25,1,7258
2.0,294.459751,190.55,0.81,-23.79,25.93,-19.96,-20.25,1,7122
2.0,294.469751,190.72,0.88,-23.12,25.93,-19.65,-20.5,1,6994
2.0,294.479751,190.72,0.74,-22.42,25.99,-19.02,-20.25,1,6860
2.0,294.489751,190.37,0.77,-22.12,25.99,-18.1,-19.5,1,6731
2.0,294.499751,188.96,0.92,-21.87,25.95,-16.89,-17.75,1,7628
2.0,294.509751,186.77,0.8,-21.21,26.0,-15.41,-16.5,1,7500
2.0,294.519750,185.71,0.8,-19.07,26.04,-13.69,-15.25,1,7373
2.0,294.529750,183.96,0.78,-16.46,26.1,-11.76,-13.5,1,7254
2.0,294.539750,181.76,0.77,-15.03,26.12,-9.64,-11.25,1,7118
2.0,294.549750,179.56,0.9,-13.58,26.12,-7.36,-8.5,1,6990
2.0,294.559750,176.04,0.77,-11.25,26.18,-4.97,-6.0,1,6863
2.0,294.569750,174.2,0.81,-8.0,26.23,-2.51,-4.25,1,6736
2.0,294.579751,172.62,0.8,-4.68,26.31,0.0,-2.5,1,7635
2.0,294.589750,170.42,0.76,-2.94,26.34,2.51,-0.25,1,7505
2.0,294.599750,167.87,0.92,-1.84,26.35,4.97,2.75,1,7380
2.0,294.609750,164.62,0.83,-0.29,26.38,7.36,5.5,1,7258
2.0,294.619750,161.98,0.83,2.85,26.43,9.64,8.0,1,7123
2.0,294.629750,159.87,0.88,6.51,26.51,11.76,10.25,1,6995
2.0,294.639753,157.59,0.85,8.78,26.55,13.69,12.25,1,6862
2.0,294.649751,155.04,0.91,10.79,26.6,15.41,15.0,1,6740
2.0,294.659751,152.23,0.93,12.72,26.63,16.89,17.5,1,7628
2.0,294.669751,151.0,0.96,15.28,26.69,18.1,18.75,1,7500
2.0,294.679751,149.94,0.93,18.08,26.75,19.02,19.25,1,7385
2.0,294.689751,149.5,0.93,18.6,26.76,19.65,19.75,1,7263
2.0,294.699751,149.24,1.02,18.74,26.78,19.96,20.25,1,7118
2.0,294.709751,149.15,0.98,18.83,26.77,19.96,20.25,1,6999
2.0,294.719751,149.77,0.96,18.31,26.75,19.65,19.75,1,6863
2.0,294.729751,150.29,0.96,17.9,26.74,19.02,19.25,1,6736
2.0,294.739751,149.59,0.95,17.71,26.73,18.1,19.25,1,7635
2.0,294.749751,150.73,1.0,17.25,26.72,16.89,18.75,1,7505
2.0,294.759751,151.52,0.93,16.97,26.69,15.41,17.75,1,7389
2.0,294.769751,153.19,0.94,16.45,26.69,13.69,15.75,1,7259
2.0,294.779751,155.04,0.91,14.79,26.66,11.76,14.0,1,7123
2.0,294.789751,157.32,0.9,12.37,26.61,9.64,12.0,1,6995
2.0,294.799754,159.52,0.9,9.89,26.57,7.36,9.5,1,6871
2.0,294.809751,162.86,0.87,7.69,26.52,4.97,6.5,1,6740
2.0,294.819751,165.59,0.83,4.97,26.47,2.51,4.0,1,7628
2.0,294.829751,167.52,0.84,1.57,26.41,-0.0,1.75,1,7501
2.0,294.839754,169.98,0.84,-1.08,26.36,-2.51,-0.75,1,7394
2.0,294.849751,173.32,0.83,-2.58,26.33,-4.97,-3.75,1,7263
2.0,294.859754,175.96,0.75,-5.3,26.29,-7.36,-6.25,1,7130
2.0,294.869751,178.33,0.82,-8.62,26.22,-9.64,-8.25,1,6999
2.0,294.879754,179.91,0.82,-11.32,26.16,-11.76,-10.0,1,6867
2.0,294.889751,182.29,0.82,-12.53,26.15,-13.69,-12.25,1,6745
2.0,294.899751,184.83,0.75,-14.05,26.14,-15.41,-14.75,1,7636
2.0,294.909751,187.03,0.77,-16.71,26.08,-16.89,-16.75,1,7505
2.0,294.919751,187.65,0.83,-19.54,26.01,-18.1,-17.75,1,7387
2.0,294.929751,188.96,0.83,-21.15,25.98,-19.02,-19.0,1,7259
2.0,294.939751,190.81,0.82,-21.31,25.99,-19.65,-20.25,1,7123
2.0,294.949751,191.69,0.75,-21.99,26.0,-19.96,-21.25,1,6995
2.0,294.959751,191.87,0.83,-23.81,25.94,-19.96,-21.25,1,6869
2.0,294.969751,191.43,0.87,-24.41,25.91,-19.65,-20.75,1,6749
2.0,294.979751,190.02,0.82,-23.79,25.95,-19.02,-19.5,1,7629
2.0,294.989751,189.05,0.83,-22.64,25.97,-18.1,-19.0,1,7510
2.0,294.999754,188.88,0.8,-21.03,26.01,-16.89,-18.5,1,7394
2.0,295.009751,188.09,0.74,-19.48,26.07,-15.41,-17.5,1,7264
2.0,295.019753,186.5,0.84,-19.15,26.04,-13.69,-15.75,1,7130
2.0,295.029750,184.22,0.87,-18.64,26.04,-11.76,-13.25,1,7000
2.0,295.039754,181.41,0.77,-16.42,26.1,-9.64,-11.25,1,6867
2.0,295.049750,179.56,0.83,-13.46,26.14,-7.36,-9.75,1,6745
2.0,295.059750,177.8,0.76,-10.32,26.23,-4.97,-7.25,1,7636
2.0,295.069750,174.9,0.77,-8.41,26.25,-2.51,-4.75,1,7509
2.0,295.079753,171.91,0.92,-6.7,26.27,-0.0,-1.5,1,7398
2.0,295.089750,168.49,0.77,-4.18,26.33,2.51,1.25,1,7268
2.0,295.099754,166.82,0.83,-0.75,26.38,4.97,3.25,1,7135
2.0,295.109750,164.09,0.84,2.83,26.46,7.36,5.25,1,7004
2.0,295.119750,161.89,0.79,4.44,26.48,9.64,8.0,1,6868
2.0,295.129750,159.61,0.96,6.23,26.53,11.76,10.75,1,6749
2.0,295.139750,157.24,0.88,8.51,26.57,13.69,12.75,1,7629
2.0,295.149751,156.01,0.86,10.83,26.61,15.41,14.0,1,7510
2.0,295.159754,154.69,0.9,13.06,26.65,16.89,15.25,1,7394
2.0,295.169751,152.23,0.92,13.67,26.66,18.1,17.25,1,7264
2.0,295.179751,150.56,0.98,14.56,26.69,19.02,19.25,1,7131
2.0,295.189751,149.59,0.96,16.82,26.73,19.65,20.25,1,7000
2.0,295.199751,148.18,0.94,19.0,26.78,19.96,21.0,1,6873
2.0,295.209751,148.27,0.97,19.68,26.8,19.96,20.75,1,6754
2.0,295.219751,149.15,1.01,20.03,26.82,19.65,20.25,1,7636
2.0,295.229751,149.5,0.94,19.64,26.77,19.02,19.75,1,7509
2.0,295.239753,150.12,1.01,18.07,26.75,18.1,19.25,1,7398
2.0,295.249751,151.52,0.96,17.28,26.73,16.89,17.75,1,7269
2.0,295.259754,152.58,0.91,16.55,26.7,15.41,16.25,1,7135
2.0,295.269751,154.25,0.93,14.85,26.68,13.69,15.0,1,7004
2.0,295.279750,155.57,0.92,12.77,26.64,11.76,13.5,1,6868
2.0,295.289751,157.59,0.91,11.41,26.61,9.64,11.5,1,6750
2.0,295.299751,159.87,0.87,10.01,26.57,7.36,9.0,1,7637
2.0,295.309751,162.86,0.85,7.62,26.53,4.97,6.5,1,7510
2.0,295.319754,165.59,0.86,4.55,26.48,2.51,3.75,1,7395
2.0,295.329751,168.22,0.83,1.63,26.42,-0.0,1.25,1,7265
2.0,295.339754,170.95,0.83,-0.96,26.37,-2.51,-1.25,1,7131
2.0,295.349751,174.02,0.8,-3.56,26.32,-4.97,-4.25,1,7003
2.0,295.359751,177.1,0.82,-6.26,26.27,-7.36,-7.0,1,6873
2.0,295.369751,178.59,0.75,-9.54,26.23,-9.64,-8.75,1,6772
2.0,295.379751,179.12,0.84,-12.23,26.16,-11.76,-9.75,1,7633
2.0,295.389751,181.41,0.87,-13.01,26.14,-13.69,-11.5,1,7518
2.0,295.399754,183.69,0.72,-13.32,26.17,-15.41,-13.75,1,7399
2.0,295.409751,185.89,0.76,-14.74,26.15,-16.89,-16.25,1,7269
2.0,295.419754,188.26,0.83,-17.87,26.06,-18.1,-17.75,1,7135
2.0,295.429751,189.32,0.78,-20.78,26.02,-19.02,-18.5,1,7004
2.0,295.439751,189.67,0.87,-22.28,25.97,-19.65,-18.75,1,6869
2.0,295.449751,190.11,0.85,-22.36,25.97,-19.96,-19.75,1,6776
2.0,295.459751,191.43,0.75,-21.97,26.02,-19.96,-21.0,1,7638
2.0,295.469751,191.95,0.76,-22.04,26.01,-19.65,-21.75,1,7511
2.0,295.479754,191.95,0.86,-23.58,25.95,-19.02,-21.5,1,7403
2.0,295.489751,191.69,0.83,-24.55,25.94,-18.1,-20.75,1,7266
2.0,295.499751,189.93,0.83,-23.84,25.96,-16.89,-19.0,1,7138
2.0,295.509751,188.09,0.82,-22.58,25.99,-15.41,-17.25,1,7012
2.0,295.519751,185.89,0.81,-20.03,26.05,-13.69,-15.75,1,6873
2.0,295.529751,184.39,0.79,-17.32,26.11,-11.76,-14.0,1,6772
2.0,295.539751,182.29,0.76,-15.17,26.15,-9.64,-11.75,1,7634
2.0,295.549751,180.09,0.84,-13.11,26.17,-7.36,-9.25,1,7517
2.0,295.559754,177.01,0.82,-11.69,26.2,-4.97,-6.25,1,7399
2.0,295.569751,174.38,0.79,-9.0,26.25,-2.51,-4.25,1,7263
2.0,295.579754,172.44,0.81,-5.3,26.32,0.0,-2.75,1,7135
2.0,295.589751,170.6,0.76,-2.99,26.37,2.51,-0.25,1,7005
2.0,295.599751,167.96,0.85,-1.51,26.39,4.97,2.25,1,6878
2.0,295.609751,165.15,0.89,-0.37,26.41,7.36,5.25,1,6776
2.0,295.619751,161.54,0.8,2.39,26.47,9.64,8.5,1,7641
2.0,295.629751,158.38,0.89,6.32,26.54,11.76,11.0,1,7511
2.0,295.639754,157.15,0.88,9.79,26.61,13.69,12.25,1,7404
2.0,295.649751,156.36,0.85,12.26,26.65,15.41,13.25,1,7268
2.0,295.659751,155.57,0.92,13.26,26.67,16.89,14.75,1,7138
2.0,295.669751,153.11,0.94,12.54,26.66,18.1,17.0,1,7009
2.0,295.679751,150.73,0.95,13.33,26.69,19.02,19.0,1,6874
2.0,295.689751,149.59,0.94,16.53,26.74,19.65,20.25,1,6772
2.0,295.699751,148.18,0.96,18.97,26.8,19.96,21.0,1,7643
2.0,295.709751,148.01,0.95,19.75,26.81,19.96,20.75,1,7517
2.0,295.719754,148.97,1.02,20.46,26.85,19.65,20.25,1,7399
2.0,295.729751,149.06,0.94,19.86,26.81,19.02,20.0,1,7263
2.0,295.739754,149.85,0.99,18.04,26.76,18.1,19.25,1,7136
2.0,295.749751,150.91,0.97,17.5,26.75,16.89,18.0,1,7005
2.0,295.759751,153.46,0.91,16.79,26.72,15.41,16.25,1,6878
2.0,295.769751,155.21,0.92,15.1,26.7,13.69,14.25,1,6776
2.0,295.779751,156.97,0.9,12.55,26.65,11.76,12.5,1,7641
2.0,295.789751,158.29,0.88,10.06,26.6,9.64,10.75,1,7520
2.0,295.799754,160.75,0.89,8.42,26.57,7.36,8.25,1,7404
2.0,295.809751,163.3,0.83,6.72,26.53,4.97,6.0,1,7266
2.0,295.819750,165.85,0.82,4.11,26.48,2.51,3.5,1,7137
2.0,295.829751,168.4,0.86,1.46,26.44,0.0,1.0,1,7013
2.0,295.839751,171.04,0.8,-0.99,26.39,-2.51,-1.5,1,6874
2.0,295.849751,173.41,0.8,-3.64,26.35,-4.97,-4.25,1,6781
2.0,295.859751,177.1,0.82,-6.24,26.3,-7.36,-7.25,1,7643
2.0,295.869751,179.91,0.74,-9.41,26.25,-9.64,-10.0,1,7515
2.0,295.879754,182.11,0.83,-12.58,26.18,-11.76,-11.75,1,7408
2.0,295.889751,183.6,0.81,-14.91,26.14,-13.69,-13.0,1,7269
2.0,295.899751,184.66,0.8,-16.68,26.12,-15.41,-14.25,1,7142
2.0,295.909751,186.15,0.83,-17.54,26.09,-16.89,-16.25,1,7014
2.0,295.919751,188.09,0.73,-17.78,26.11,-18.1,-18.0,1,6879
2.0,295.929751,188.96,0.79,-19.32,26.07,-19.02,-19.0,1,6777
2.0,295.939754,189.84,0.86,-21.83,26.01,-19.65,-19.75,1,7642
2.0,295.949751,190.72,0.82,-22.21,26.0,-19.96,-20.5,1,7521
2.0,295.959754,191.07,0.77,-22.71,26.01,-19.96,-20.75,1,7405
2.0,295.969751,190.81,0.83,-23.13,25.99,-19.65,-20.25,1,7266
2.0,295.979750,189.84,0.82,-23.01,26.0,-19.02,-19.25,1,7138
2.0,295.989754,188.96,0.83,-22.19,26.01,-18.1,-18.25,1,7013
2.0,295.999751,187.82,0.78,-20.82,26.06,-16.89,-17.75,1,6831
2.0,296.009751,187.03,0.78,-19.23,26.09,-15.41,-16.75,1,6781
2.0,296.019754,185.71,0.82,-18.06,26.1,-13.69,-15.25,1,7646
2.0,296.029751,184.04,0.8,-17.21,26.12,-11.76,-13.0,1,7526
2.0,296.039751,181.41,0.84,-16.08,26.13,-9.64,-10.75,1,7398
2.0,296.049751,179.47,0.79,-13.44,26.19,-7.36,-8.75,1,7270
2.0,296.059751,177.45,0.78,-10.16,26.25,-4.97,-6.75,1,7142
2.0,296.069751,174.81,0.79,-8.33,26.29,-2.51,-4.25,1,7015
2.0,296.079751,172.0,0.83,-6.4,26.32,0.0,-1.25,1,6879
2.0,296.089751,168.22,0.83,-3.74,26.37,2.51,1.25,1,6777
2.0,296.099751,166.46,0.82,-0.41,26.42,4.97,3.75,1,7651
2.0,296.109751,164.18,0.82,2.93,26.49,7.36,6.25,1,7521
2.0,296.119751,161.1,0.84,4.7,26.53,9.64,9.0,1,7401
2.0,296.129751,158.38,0.95,6.63,26.57,11.76,11.0,1,7274
2.0,296.139751,157.41,0.83,9.54,26.61,13.69,12.75,1,7147
2.0,296.149751,155.04,0.86,11.65,26.66,15.41,15.0,1,7019
2.0,296.159751,153.02,0.96,12.79,26.69,16.89,17.0,1,6883
2.0,296.169751,151.44,0.97,14.57,26.72,18.1,18.25,1,6782
2.0,296.179751,150.91,0.89,17.11,26.77,19.02,19.25,1,7644
2.0,296.189751,149.59,0.95,17.76,26.79,19.65,20.25,1,7516
2.0,296.199751,149.06,1.01,18.19,26.82,19.96,20.75,1,7407
2.0,296.209751,148.8,0.94,18.85,26.81,19.96,20.25,1,7270
2.0,296.219751,149.59,0.97,19.14,26.82,19.65,20.0,1,7143
2.0,296.229751,149.24,0.95,18.83,26.81,19.02,20.25,1,7015
2.0,296.239751,149.06,1.01,18.08,26.81,18.1,20.0,1,6882
2.0,296.249751,150.64,0.99,17.89,26.8,16.89,19.0,1,6786
2.0,296.259754,151.61,0.88,17.85,26.77,15.41,17.5,1,7651
2.0,296.269751,153.63,0.96,16.6,26.77,13.69,15.25,1,7521
2.0,296.279751,155.92,0.91,14.15,26.7,11.76,13.5,1,7411
2.0,296.289751,157.32,0.87,11.36,26.63,9.64,12.0,1,7274
2.0,296.299751,159.26,0.93,9.21,26.6,7.36,10.0,1,7147
2.0,296.309751,161.72,0.87,8.11,26.58,4.97,7.5,1,7019
2.0,296.319751,164.62,0.79,6.08,26.53,2.51,4.5,1,6883
2.0,296.329751,168.31,0.87,3.02,26.49,-0.0,1.5,1,6782
2.0,296.339754,170.77,0.79,-0.44,26.42,-2.51,-1.0,1,7647
2.0,296.349751,172.79,0.81,-3.73,26.37,-4.97,-3.75,1,7525
2.0,296.359751,175.96,0.84,-6.15,26.31,-7.36,-6.25,1,7407
2.0,296.369751,178.24,0.74,-8.43,26.28,-9.64,-8.5,1,7270
2.0,296.379751,180.62,0.8,-11.09,26.22,-11.76,-10.75,1,7151
2.0,296.389751,183.08,0.82,-13.19,26.19,-13.69,-13.25,1,7015
2.0,296.399751,185.1,0.75,-15.37,26.16,-15.41,-15.0,1,6891
2.0,296.409751,185.89,0.8,-17.87,26.1,-16.89,-16.0,1,6787
2.0,296.419752,187.29,0.86,-19.45,26.06,-18.1,-17.25,1,7650
2.0,296.429751,188.79,0.78,-19.75,26.08,-19.02,-18.75,1,7530
2.0,296.439751,190.28,0.75,-20.31,26.08,-19.65,-20.0,1,7411
2.0,296.449751,190.63,0.83,-22.01,26.03,-19.96,-20.75,1,7275
2.0,296.459751,191.25,0.82,-23.27,26.0,-19.96,-20.25,1,7148
2.0,296.469751,190.9,0.81,-23.53,26.0,-19.65,-20.0,1,7020
2.0,296.479751,190.46,0.86,-22.79,26.01,-19.02,-20.25,1,6884
2.0,296.489751,190.37,0.74,-22.18,26.06,-18.1,-20.0,1,6791
2.0,296.499754,189.4,0.76,-21.73,26.06,-16.89,-19.0,1,7656
2.0,296.509751,188.35,0.91,-21.28,26.03,-15.41,-17.25,1,7525
2.0,296.519751,186.33,0.8,-20.71,26.07,-13.69,-15.5,1,7407
2.0,296.529751,184.57,0.79,-18.48,26.12,-11.76,-13.5,1,7279
2.0,296.539751,181.76,0.8,-15.59,26.17,-9.64,-11.25,1,7152
2.0,296.549751,179.12,0.77,-13.48,26.21,-7.36,-8.25,1,7024
2.0,296.559751,175.52,0.85,-10.65,26.25,-4.97,-5.75,1,6888
2.0,296.569751,173.58,0.79,-7.25,26.32,-2.51,-3.75,1,6787
2.0,296.579752,171.91,0.77,-3.93,26.39,-0.0,-2.0,1,7650
2.0,296.589751,169.54,0.79,-2.22,26.42,2.51,0.25,1,7530
2.0,296.599751,166.9,0.88,-1.71,26.42,4.97,3.25,1,7411
2.0,296.609751,164.0,0.83,0.4,26.46,7.36,6.25,1,7275
2.0,296.619751,161.28,0.84,3.61,26.51,9.64,8.25,1,7148
2.0,296.629751,159.7,0.88,7.2,26.59,11.76,10.25,1,7020
2.0,296.639751,157.41,0.82,9.44,26.63,13.69,12.5,1,6884
2.0,296.649751,154.78,0.93,11.2,26.67,15.41,15.0,1,6791
2.0,296.659754,153.46,0.98,12.71,26.72,16.89,16.75,1,7656
2.0,296.669751,152.23,0.86,14.63,26.73,18.1,17.75,1,7526
2.0,296.679751,151.08,0.91,16.69,26.78,19.02,19.0,1,7416
2.0,296.689751,149.59,0.97,16.87,26.79,19.65,20.25,1,7279
2.0,296.699751,148.27,0.99,17.73,26.81,19.96,21.25,1,7152
2.0,296.709751,148.27,0.98,19.44,26.84,19.96,21.25,1,7024
2.0,296.719751,148.18,0.94,20.26,26.85,19.65,20.75,1,6891
2.0,296.729751,149.5,0.98,19.97,26.86,19.02,19.75,1,6787
2.0,296.739751,150.21,0.97,18.72,26.82,18.1,19.25,1,7650
2.0,296.749751,150.38,0.96,16.88,26.77,16.89,19.0,1,7530
2.0,296.759752,150.91,0.98,16.25,26.76,15.41,18.0,1,7414
2.0,296.769751,152.58,0.92,16.56,26.76,13.69,16.5,1,7275
2.0,296.779751,155.04,0.89,15.57,26.74,11.76,14.25,1,7156
2.0,296.789751,157.32,0.94,13.25,26.7,9.64,11.75,1,7020
2.0,296.799751,160.58,0.86,10.38,26.64,7.36,9.25,1,6887
2.0,296.809751,162.33,0.85,7.19,26.57,4.97,6.75,1,6792
2.0,296.819751,164.71,0.87,4.2,26.52,2.51,4.5,1,7653
2.0,296.829751,167.78,0.84,2.05,26.48,0.0,1.75,1,7535
2.0,296.839751,170.86,0.8,-0.02,26.44,-2.51,-1.25,1,7416
2.0,296.849751,172.62,0.79,-2.99,26.39,-4.97,-3.25,1,7280
2.0,296.859751,174.02,0.83,-6.15,26.33,-7.36,-5.0,1,7152
2.0,296.869751,176.84,0.82,-7.86,26.29,-9.64,-7.25,1,7024
2.0,296.879751,179.65,0.78,-8.93,26.28,-11.76,-9.75,1,6888
2.0,296.889751,182.29,0.73,-11.11,26.25,-13.69,-12.75,1,6797
2.0,296.899751,184.57,0.82,-14.47,26.18,-15.41,-14.75,1,7659
2.0,296.909751,186.15,0.78,-17.66,26.13,-16.89,-16.0,1,7530
2.0,296.919751,187.21,0.85,-19.53,26.08,-18.1,-17.25,1,7412
2.0,296.929751,189.49,0.82,-20.21,26.08,-19.02,-19.0,1,7284
2.0,296.939751,190.63,0.73,-20.93,26.1,-19.65,-20.25,1,7157
2.0,296.949751,191.43,0.83,-22.3,26.05,-19.96,-21.25,1,7021
2.0,296.959754,191.95,0.84,-23.9,26.0,-19.96,-21.25,1,6897
2.0,296.969751,191.25,0.81,-24.38,26.0,-19.65,-20.25,1,7785
2.0,296.979754,189.67,0.86,-23.81,26.0,-19.02,-19.75,1,7657
2.0,296.989751,189.76,0.8,-22.53,26.06,-18.1,-19.0,1,7526
2.0,296.999751,188.26,0.76,-20.59,26.11,-16.89,-17.75,1,7416
2.0,297.009751,187.03,0.79,-19.34,26.11,-15.41,-16.25,1,7280
2.0,297.019751,185.19,0.89,-18.65,26.1,-13.69,-15.0,1,7152
2.0,297.029751,184.22,0.74,-16.93,26.17,-11.76,-13.75,1,7025
2.0,297.039754,182.55,0.76,-15.17,26.2,-9.64,-11.75,1,6892
2.0,297.049751,180.09,0.86,-13.9,26.2,-7.36,-9.25,1,7786
2.0,297.059751,177.45,0.79,-12.07,26.25,-4.97,-6.5,1,7658
2.0,297.069751,174.46,0.8,-8.9,26.3,-2.51,-4.25,1,7534
2.0,297.079751,172.18,0.8,-5.75,26.37,-0.0,-2.0,1,7420
2.0,297.089751,169.54,0.78,-3.53,26.41,2.51,0.75,1,7284
2.0,297.099751,166.46,0.86,-1.52,26.44,4.97,3.5,1,7157
2.0,297.109751,164.18,0.85,1.27,26.49,7.36,6.0,1,7020
2.0,297.119754,162.07,0.82,4.41,26.55,9.64,8.0,1,6896
2.0,297.129751,159.87,0.85,6.66,26.6,11.76,10.25,1,7784
2.0,297.139751,157.59,0.88,8.45,26.63,13.69,12.5,1,7654
2.0,297.149751,156.01,0.9,10.29,26.67,15.41,14.5,1,7535
2.0,297.159751,153.54,0.92,12.57,26.71,16.89,16.25,1,7416
2.0,297.169751,152.31,0.89,14.5,26.74,18.1,17.75,1,7281
2.0,297.179751,150.82,0.96,15.9,26.79,19.02,18.5,1,7161
2.0,297.189751,150.82,0.94,16.97,26.81,19.65,19.25,1,7019
2.0,297.199754,149.5,0.93,17.76,26.82,19.96,20.25,1,6902
2.0,297.209751,149.15,0.99,17.95,26.84,19.96,20.75,1,7786
2.0,297.219754,149.24,1.0,18.14,26.85,19.65,20.25,1,7661
2.0,297.229751,149.77,0.89,18.9,26.83,19.02,19.75,1,7531
2.0,297.239751,150.73,0.98,18.59,26.85,18.1,18.75,1,7421
2.0,297.249751,151.44,0.99,17.61,26.82,16.89,17.5,1,7285
2.0,297.259751,152.93,0.92,15.96,26.76,15.41,16.75,1,7157
2.0,297.269751,153.37,0.91,14.58,26.73,13.69,15.5,1,7021
2.0,297.279751,155.39,0.95,13.58,26.73,11.76,13.75,1,6895
2.0,297.289751,157.76,0.87,12.35,26.69,9.64,11.25,1,7790
2.0,297.299751,160.4,0.87,10.09,26.65,7.36,9.0,1,7663
2.0,297.309751,162.69,0.88,7.18,26.59,4.97,6.5,1,7535
2.0,297.319751,165.67,0.84,4.38,26.54,2.51,3.75,1,7417
2.0,297.329751,168.49,0.84,1.91,26.5,0.0,0.75,1,7290
2.0,297.339751,171.12,0.78,-1.16,26.44,-2.51,-1.25,1,7162
2.0,297.349751,172.71,0.84,-4.17,26.38,-4.97,-3.0,1,7028
2.0,297.359754,175.17,0.84,-6.12,26.35,-7.36,-5.25,1,6901
2.0,297.369751,177.63,0.76,-7.14,26.34,-9.64,-8.0,1,7786
2.0,297.379751,180.26,0.75,-9.43,26.3,-11.76,-10.75,1,7658
2.0,297.389751,182.46,0.81,-12.69,26.24,-13.69,-12.75,1,7542
2.0,297.399751,184.57,0.79,-15.79,26.17,-15.41,-14.25,1,7421
2.0,297.409751,185.54,0.84,-17.54,26.12,-16.89,-15.75,1,7288
2.0,297.419751,188.0,0.81,-18.02,26.13,-18.1,-17.75,1,7157
2.0,297.429751,189.49,0.73,-19.07,26.14,-19.02,-19.25,1,7021
2.0,297.439754,190.81,0.8,-21.36,26.08,-19.65,-20.5,1,6898
2.0,297.449751,191.43,0.85,-23.41,26.02,-19.96,-21.0,1,7792
2.0,297.459752,191.95,0.84,-23.95,26.02,-19.96,-20.75,1,7665
2.0,297.469751,190.72,0.79,-24.02,26.04,-19.65,-20.0,1,7537
2.0,297.479751,190.2,0.88,-23.47,26.02,-19.02,-19.75,1,7425
2.0,297.489751,190.02,0.77,-21.99,26.08,-18.1,-19.75,1,7291
2.0,297.499751,189.76,0.74,-20.71,26.13,-16.89,-18.75,1,7162
2.0,297.509751,188.53,0.86,-20.85,26.09,-15.41,-17.25,1,7028
2.0,297.519754,185.8,0.85,-20.6,26.09,-13.69,-15.25,1,6901
2.0,297.529751,183.69,0.77,-18.76,26.15,-11.76,-13.25,1,7786
2.0,297.539751,181.76,0.82,-15.5,26.2,-9.64,-10.75,1,7659
2.0,297.549751,178.33,0.79,-12.65,26.26,-7.36,-8.25,1,7542
2.0,297.559751,175.87,0.78,-10.31,26.3,-4.97,-6.25,1,7421
2.0,297.569751,174.29,0.84,-7.38,26.35,-2.51,-4.25,1,7285
3.0,299.599751,174.29,0.81,-9.93,26.36,3.75,-3.75,1,6954
3.0,299.609751,169.89,0.81,-6.02,26.44,7.36,0.25,1,7816
3.0,299.619751,165.59,0.83,-1.93,26.52,10.72,4.75,1,7691
3.0,299.629752,161.28,0.85,2.56,26.6,13.69,9.0,1,7571
3.0,299.639751,157.32,0.88,7.2,26.69,16.18,12.25,1,7442
3.0,299.649751,154.86,0.88,11.44,26.77,18.1,14.75,1,7315
3.0,299.659751,152.31,0.89,14.64,26.84,19.37,16.75,1,7190
3.0,299.669751,150.64,0.96,16.79,26.89,19.96,18.75,1,7051
3.0,299.679751,149.59,0.99,18.08,26.93,19.84,20.0,1,6949
3.0,299.689751,148.97,0.95,18.82,26.93,19.02,20.5,1,7823
3.0,299.699751,148.45,0.97,19.06,26.94,17.53,20.75,1,7693
3.0,299.709754,149.24,0.97,19.22,26.94,15.41,20.0,1,7577
3.0,299.719751,150.38,0.99,19.17,26.95,12.75,18.5,1,7438
3.0,299.729751,152.4,0.92,17.97,26.9,9.64,16.5,1,7319
3.0,299.739751,155.3,0.95,15.39,26.84,6.18,14.0,1,7192
3.0,299.749751,157.94,0.89,12.71,26.78,2.51,11.0,1,7055
3.0,299.759751,161.1,0.88,9.42,26.72,-1.26,7.75,1,6954
3.0,299.769751,165.67,0.85,5.77,26.65,-4.97,3.75,1,7816
3.0,299.779751,169.37,0.81,1.88,26.58,-8.52,-0.25,1,7688
3.0,299.789752,174.02,0.82,-2.32,26.51,-11.76,-4.75,1,7581
3.0,299.799751,178.51,0.79,-6.84,26.42,-14.58,-9.25,1,7442
3.0,299.809751,183.43,0.79,-11.55,26.33,-16.89,-13.25,1,7315
3.0,299.819751,186.42,0.78,-16.33,26.24,-18.6,-16.0,1,7187
3.0,299.829751,188.17,0.85,-20.4,26.15,-19.65,-17.5,1,7060
3.0,299.839751,188.96,0.87,-22.5,26.11,-20.0,-18.25,1,6959
3.0,299.849751,189.93,0.8,-23.07,26.13,-19.65,-19.0,1,7824
3.0,299.859751,190.28,0.81,-22.59,26.14,-18.6,-19.25,1,7693
3.0,299.869754,189.67,0.79,-22.37,26.15,-16.89,-18.75,1,7577
3.0,299.879751,188.53,0.84,-22.2,26.13,-14.58,-17.5,1,7438
3.0,299.889751,186.86,0.84,-21.11,26.16,-11.76,-15.75,1,7319
3.0,299.899751,183.87,0.8,-19.18,26.21,-8.52,-13.25,1,7192
3.0,299.909751,181.14,0.82,-16.29,26.26,-4.97,-10.25,1,7059
3.0,299.919751,177.19,0.8,-13.07,26.32,-1.26,-7.0,1,6962
3.0,299.929754,173.32,0.81,-9.48,26.4,2.51,-3.25,1,7819
3.0,299.939751,169.72,0.82,-5.58,26.46,6.18,0.75,1,7698
3.0,299.949752,165.06,0.82,-1.47,26.54,9.64,5.25,1,7581
3.0,299.959751,160.93,0.85,2.97,26.62,12.75,9.25,1,7442
3.0,299.969751,157.15,0.88,7.57,26.71,15.41,13.0,1,7315
3.0,299.979751,153.54,0.89,11.81,26.79,17.53,15.75,1,7197
3.0,299.989751,151.26,0.92,15.18,26.86,19.02,17.5,1,7060
3.0,299.999751,150.29,0.95,17.66,26.92,19.84,18.5,1,6958
3.0,300.009751,149.85,0.93,18.81,26.94,19.96,19.25,1,7824
3.0,300.019751,149.59,1.0,18.59,26.95,19.37,19.75,1,7693
3.0,300.029751,149.85,0.98,18.21,26.93,18.1,19.25,1,7574
3.0,300.039751,150.82,0.93,18.28,26.92,16.18,18.0,1,7447
3.0,300.049751,152.84,0.95,17.39,26.9,13.69,16.25,1,7320
3.0,300.059751,155.65,0.94,15.1,26.84,10.72,13.75,1,7192
3.0,300.069751,157.94,0.89,12.47,26.78,7.36,11.0,1,7057
3.0,300.079751,161.1,0.88,9.34,26.73,3.75,7.75,1,6963
3.0,300.089754,165.32,0.85,5.88,26.66,-0.0,4.25,1,7829
3.0,300.099751,168.93,0.83,2.2,26.59,-3.75,0.25,1,7698
3.0,300.109752,173.58,0.81,-1.81,26.53,-7.36,-4.0,1,7581
3.0,300.119751,177.63,0.8,-6.11,26.45,-10.72,-8.0,1,7443
3.0,300.129751,181.14,0.79,-10.63,26.35,-13.69,-11.5,1,7324
3.0,300.139751,185.01,0.8,-14.86,26.28,-16.18,-14.75,1,7197
3.0,300.149751,187.29,0.82,-18.08,26.21,-18.1,-17.0,1,7060
3.0,300.159751,189.4,0.8,-20.64,26.17,-19.37,-18.75,1,6958
3.0,300.169754,190.46,0.84,-22.67,26.13,-19.96,-19.75,1,7824
3.0,300.179751,191.25,0.83,-23.76,26.11,-19.84,-20.0,1,7693
3.0,300.189751,191.16,0.79,-24.06,26.12,-19.02,-20.25,1,7584
3.0,300.199751,190.9,0.86,-23.41,26.11,-17.53,-20.25,1,7447
3.0,300.209751,190.28,0.77,-22.76,26.15,-15.41,-19.25,1,7320
3.0,300.219751,188.61,0.85,-22.2,26.14,-12.75,-17.75,1,7192
3.0,300.229751,186.06,0.86,-21.18,26.16,-9.64,-15.25,1,7066
3.0,300.239751,183.43,0.77,-18.94,26.22,-6.18,-12.75,1,6963
3.0,300.249754,180.09,0.83,-15.5,26.28,-2.51,-9.25,1,7828
3.0,300.259751,176.48,0.8,-11.93,26.36,1.26,-5.75,1,7698
3.0,300.269751,172.18,0.81,-8.14,26.43,4.97,-1.75,1,7580
3.0,300.279751,167.52,0.83,-4.01,26.51,8.52,2.5,1,7443
3.0,300.289751,162.86,0.83,0.38,26.58,11.76,7.0,1,7324
3.0,300.299751,158.64,0.87,5.01,26.67,14.58,11.0,1,7197
3.0,300.309751,155.21,0.9,9.71,26.77,16.89,13.75,1,7060
3.0,300.319751,153.37,0.88,14.03,26.84,18.6,16.0,1,6968
3.0,300.329754,151.44,0.9,16.54,26.89,19.65,18.5,1,7824
3.0,300.339751,149.41,1.02,17.32,26.94,20.0,20.25,1,7704
3.0,300.349751,148.18,0.98,18.31,26.95,19.65,21.25,1,7584
3.0,300.359751,147.22,0.91,19.84,26.95,18.6,21.75,1,7447
3.0,300.369751,147.74,1.03,20.61,27.0,16.89,21.25,1,7320
3.0,300.379751,148.97,0.99,20.64,27.0,14.58,20.0,1,7201
3.0,300.389751,150.82,0.93,19.81,26.96,11.76,18.25,1,7068
3.0,300.399751,153.11,0.99,17.19,26.91,8.52,15.75,1,6963
3.0,300.409754,156.01,0.89,14.71,26.83,4.97,13.0,1,7829
3.0,300.419751,159.26,0.9,11.71,26.78,1.26,9.75,1,7698
3.0,300.429751,163.12,0.87,8.14,26.72,-2.51,6.25,1,7580
3.0,300.439751,166.73,0.83,4.29,26.64,-6.18,2.25,1,7452
3.0,300.449751,171.74,0.82,0.17,26.56,-9.64,-2.25,1,7324
3.0,300.459751,176.22,0.79,-4.3,26.49,-12.75,-6.75,1,7197
3.0,300.469751,180.62,0.8,-8.88,26.41,-15.41,-11.0,1,7061
3.0,300.479751,184.57,0.78,-13.6,26.32,-17.53,-14.5,1,6970
3.0,300.489752,187.38,0.81,-18.07,26.23,-19.02,-16.75,1,7832
3.0,300.499751,188.7,0.86,-21.31,26.16,-19.84,-17.75,1,7703
3.0,300.509751,189.23,0.83,-22.97,26.12,-19.96,-18.5,1,7585
3.0,300.519751,190.28,0.82,-22.74,26.13,-19.37,-19.25,1,7448
3.0,300.529751,190.02,0.77,-21.87,26.19,-18.1,-19.5,1,7329
3.0,300.539751,189.58,0.79,-22.14,26.17,-16.18,-19.25,1,7202
3.0,300.549751,189.05,0.88,-21.86,26.15,-13.69,-18.5,1,7066
3.0,300.559751,187.29,0.77,-21.1,26.2,-10.72,-16.75,1,6964
3.0,300.569754,185.54,0.86,-20.49,26.19,-7.36,-14.75,1,7829
3.0,300.579751,182.29,0.81,-18.29,26.24,-3.75,-11.75,1,7699
3.0,300.589751,179.12,0.78,-14.69,26.31,0.0,-8.5,1,7588
3.0,300.599751,175.34,0.83,-11.13,26.38,3.75,-4.75,1,7453
3.0,300.609751,170.86,0.8,-7.22,26.46,7.36,-0.75,1,7325
3.0,300.619751,166.9,0.83,-3.11,26.52,10.72,3.5,1,7198
3.0,300.629751,162.33,0.84,1.38,26.61,13.69,8.0,1,7070
3.0,300.639751,157.32,0.87,5.97,26.7,16.18,12.25,1,6971
3.0,300.649754,154.25,0.9,10.7,26.79,18.1,14.75,1,7834
3.0,300.659751,152.49,0.89,15.03,26.87,19.37,16.75,1,7703
3.0,300.669750,150.73,0.92,17.54,26.94,19.96,18.5,1,7584
3.0,300.679751,149.33,1.0,18.26,26.97,19.84,19.5,1,7448
3.0,300.689751,149.33,0.97,18.47,26.96,19.02,19.75,1,7330
3.0,300.699751,150.12,0.94,19.0,26.96,17.53,18.75,1,7202
3.0,300.709751,151.44,0.97,18.52,26.95,15.41,17.5,1,7066
3.0,300.719751,153.46,0.95,16.66,26.89,12.75,15.5,1,6973
3.0,300.729751,156.45,0.91,14.36,26.84,9.64,13.0,1,7826
3.0,300.739751,159.17,0.9,11.63,26.79,6.18,10.0,1,7708
3.0,300.749751,162.42,0.87,8.45,26.73,2.51,6.75,1,7589
3.0,300.759751,166.03,0.84,4.93,26.66,-1.26,3.0,1,7456
3.0,300.769751,170.6,0.82,1.1,26.59,-4.97,-1.0,1,7334
3.0,300.779751,174.81,0.8,-2.99,26.52,-8.52,-5.25,1,7207
3.0,300.789751,178.95,0.8,-7.28,26.44,-11.76,-9.25,1,7071
3.0,300.799751,182.81,0.78,-11.99,26.37,-14.58,-12.75,1,6971
3.0,300.809751,185.54,0.81,-16.18,26.28,-16.89,-14.75,1,7832
3.0,300.819751,186.94,0.85,-19.06,26.21,-18.6,-16.25,1,7703
3.0,300.829751,188.26,0.84,-20.57,26.18,-19.65,-18.25,1,7585
3.0,300.839751,191.07,0.76,-21.24,26.2,-20.0,-20.25,1,7458
3.0,300.849751,191.69,0.76,-22.18,26.2,-19.65,-21.25,1,7330
3.0,300.859751,192.39,0.9,-24.31,26.11,-18.6,-22.0,1,7202
3.0,300.869751,192.66,0.84,-25.35,26.1,-16.89,-21.75,1,7067
3.0,300.879751,191.69,0.79,-24.93,26.13,-14.58,-20.75,1,6973
3.0,300.889751,189.84,0.91,-24.47,26.1,-11.76,-18.75,1,7836
3.0,300.899751,187.21,0.79,-22.74,26.17,-8.52,-16.25,1,7708
3.0,300.909751,184.57,0.8,-19.52,26.23,-4.97,-13.5,1,7589
3.0,300.919751,180.97,0.83,-16.34,26.29,-1.26,-10.25,1,7453
3.0,300.929751,177.1,0.79,-12.72,26.36,2.51,-6.25,1,7326
3.0,300.939751,172.79,0.83,-8.68,26.43,6.18,-2.25,1,7210
3.0,300.949751,168.4,0.81,-4.48,26.52,9.64,2.0,1,7072
3.0,300.959751,163.74,0.83,-0.11,26.6,12.75,6.75,1,7968
3.0,300.969754,158.91,0.86,4.67,26.68,15.41,10.75,1,7835
3.0,300.979751,155.48,0.9,9.44,26.78,17.53,13.5,1,7704
3.0,300.989751,153.98,0.88,13.79,26.86,19.02,15.75,1,7594
3.0,300.999751,151.52,0.89,16.38,26.9,19.84,18.25,1,7459
3.0,301.009751,149.41,1.03,17.07,26.96,19.96,20.0,1,7332
3.0,301.019751,148.36,0.97,18.25,26.96,19.37,21.25,1,7204
3.0,301.029752,147.74,0.91,20.07,26.97,18.1,21.75,1,7077
3.0,301.039751,147.57,1.04,20.55,27.03,16.18,21.25,1,7963
3.0,301.049751,148.97,0.98,20.44,27.01,13.69,20.0,1,7836
3.0,301.059751,150.38,0.94,19.82,26.97,10.72,18.25,1,7709
3.0,301.069751,152.84,1.0,17.57,26.94,7.36,16.0,1,7590
3.0,301.079751,155.83,0.89,14.87,26.86,3.75,13.25,1,7456
3.0,301.089751,159.35,0.9,11.86,26.8,0.0,9.75,1,7335
3.0,301.099751,163.04,0.88,8.26,26.74,-3.75,6.0,1,7211
3.0,301.109751,166.99,0.83,4.32,26.66,-7.36,2.0,1,7071
3.0,301.119751,171.83,0.83,0.12,26.58,-10.72,-2.25,1,7969
3.0,301.129751,175.87,0.79,-4.4,26.51,-13.69,-6.75,1,7832
3.0,301.139751,181.32,0.8,-9.0,26.43,-16.18,-11.25,1,7716
3.0,301.149751,185.1,0.78,-13.78,26.33,-18.1,-14.75,1,7594
3.0,301.159751,187.73,0.81,-18.34,26.24,-19.37,-17.0,1,7458
3.0,301.169751,189.32,0.86,-21.68,26.17,-19.96,-18.0,1,7332
3.0,301.179751,189.76,0.84,-23.31,26.14,-19.84,-18.25,1,7204
3.0,301.189752,189.58,0.82,-22.92,26.15,-19.02,-18.75,1,7077
3.0,301.199751,189.32,0.8,-21.81,26.19,-17.53,-18.75,1,7963
3.0,301.209751,189.14,0.79,-21.49,26.21,-15.41,-18.75,1,7836
3.0,301.219751,188.7,0.82,-20.86,26.21,-12.75,-17.75,1,7709
3.0,301.229751,187.03,0.82,-20.14,26.23,-9.64,-16.0,1,7590
3.0,301.239751,184.57,0.84,-19.5,26.23,-6.18,-13.5,1,7464
3.0,301.249751,181.41,0.8,-17.17,26.29,-2.51,-10.75,1,7335
3.0,301.259751,177.8,0.81,-13.44,26.35,1.26,-7.25,1,7199
3.0,301.269750,173.76,0.82,-9.77,26.43,4.97,-3.5,1,7071
3.0,301.279751,169.54,0.81,-5.83,26.5,8.52,0.75,1,7968
3.0,301.289751,165.59,0.84,-1.61,26.58,11.76,5.0,1,7840
3.0,301.299751,160.22,0.85,2.92,26.66,14.58,9.75,1,7713
3.0,301.309751,155.48,0.89,7.63,26.75,16.89,13.75,1,7595
3.0,301.319751,152.75,0.91,12.48,26.85,18.6,16.5,1,7458
3.0,301.329751,150.73,0.92,16.97,26.94,19.65,18.25,1,7332
3.0,301.339751,150.21,0.94,19.43,27.0,20.0,18.75,1,7205
3.0,301.349752,150.82,1.0,19.41,27.02,19.65,18.75,1,7077
3.0,301.359751,150.29,0.94,18.25,26.97,18.6,18.75,1,7964
3.0,301.369751,150.38,0.97,17.35,26.95,16.89,18.75,1,7836
3.0,301.379751,150.73,0.99,16.97,26.95,14.58,18.25,1,7718
3.0,301.389751,151.61,0.93,16.92,26.94,11.76,17.25,1,7599
3.0,301.399751,153.46,0.95,16.44,26.92,8.52,15.5,1,7464
3.0,301.409751,155.74,0.9,14.76,26.86,4.97,13.25,1,7335
3.0,301.419751,158.82,0.91,12.2,26.82,1.26,10.25,1,7208
3.0,301.429751,162.07,0.86,9.09,26.76,-2.51,7.0,1,7081
3.0,301.439751,165.67,0.84,5.52,26.7,-6.18,3.25,1,7968
3.0,301.449751,169.8,0.83,1.63,26.63,-9.64,-0.75,1,7841
3.0,301.459751,174.64,0.8,-2.48,26.55,-12.75,-5.0,1,7716
3.0,301.469751,179.3,0.8,-6.89,26.47,-15.41,-9.5,1,7595
3.0,301.479751,183.43,0.79,-11.65,26.39,-17.53,-13.5,1,7459
3.0,301.489751,186.42,0.78,-16.39,26.29,-19.02,-16.25,1,7340
3.0,301.499751,188.35,0.84,-20.47,26.2,-19.84,-17.75,1,7205
3.0,301.509751,189.05,0.87,-22.72,26.15,-19.96,-18.0,1,7078
3.0,301.519751,188.7,0.8,-23.12,26.18,-19.37,-18.25,1,7972
3.0,301.529751,189.05,0.83,-21.89,26.2,-18.1,-18.5,1,7846
3.0,301.539751,188.7,0.78,-20.92,26.23,-16.18,-17.75,1,7718
3.0,301.549751,187.56,0.78,-20.75,26.23,-13.69,-16.5,1,7599
3.0,301.559751,185.8,0.92,-19.74,26.22,-10.72,-14.5,1,7466
3.0,301.569751,182.9,0.77,-17.88,26.3,-7.36,-12.0,1,7336
3.0,301.579751,179.56,0.8,-15.23,26.34,-3.75,-9.0,1,7208
3.0,301.589750,175.96,0.84,-11.61,26.4,0.0,-5.5,1,7081
3.0,301.599751,172.18,0.78,-7.93,26.48,3.75,-1.75,1,7968
3.0,301.609751,168.05,0.84,-3.99,26.54,7.36,2.25,1,7841
3.0,301.619751,164.0,0.83,0.25,26.62,10.72,6.75,1,7717
3.0,301.629751,159.08,0.86,4.74,26.71,13.69,10.75,1,7604
3.0,301.639751,156.09,0.9,9.29,26.8,16.18,13.25,1,7468
3.0,301.649751,154.07,0.87,13.31,26.87,18.1,15.25,1,7340
3.0,301.659751,151.96,0.89,15.75,26.92,19.37,18.0,1,7207
3.0,301.669751,149.24,1.02,16.68,26.97,19.96,20.25,1,7087
3.0,301.679751,147.74,1.0,17.95,26.98,19.84,21.75,1,7974
3.0,301.689751,147.22,0.92,20.65,27.01,19.02,21.75,1,7846
3.0,301.699751,147.66,0.99,21.88,27.06,17.53,21.25,1,7718
3.0,301.709751,149.06,1.02,21.32,27.05,15.41,19.75,1,7600
3.0,301.719751,151.0,0.96,19.4,26.98,12.75,17.75,1,7464
3.0,301.729751,153.72,0.95,16.86,26.93,9.64,15.25,1,7336
3.0,301.739751,156.62,0.91,14.22,26.87,6.18,12.5,1,7209
3.0,301.749751,160.22,0.89,11.12,26.81,2.51,9.0,1,7082
3.0,301.759751,163.83,0.86,7.47,26.74,-1.26,5.25,1,7969
3.0,301.769751,168.13,0.84,3.55,26.67,-4.97,1.25,1,7851
3.0,301.779751,172.27,0.81,-0.56,26.59,-8.52,-3.0,1,7726
3.0,301.789751,177.45,0.8,-5.06,26.52,-11.76,-7.5,1,7604
3.0,301.799751,181.76,0.8,-9.81,26.44,-14.58,-11.5,1,7468
3.0,301.809751,184.75,0.78,-14.45,26.34,-16.89,-14.25,1,7341
3.0,301.819754,186.68,0.84,-18.61,26.25,-18.6,-16.0,1,7216
3.0,301.829751,188.26,0.88,-20.9,26.2,-19.65,-18.0,1,7087
3.0,301.839751,190.2,0.77,-21.76,26.22,-20.0,-19.75,1,7974
3.0,301.849751,191.25,0.77,-22.31,26.21,-19.65,-20.75,1,7848
3.0,301.859751,191.95,0.85,-23.24,26.17,-18.6,-21.25,1,7719
3.0,301.869751,191.69,0.85,-24.3,26.15,-16.89,-21.0,1,7600
3.0,301.879751,190.55,0.79,-24.1,26.18,-14.58,-19.75,1,7464
3.0,301.889751,189.05,0.88,-23.44,26.16,-11.76,-18.0,1,7345
3.0,301.899751,186.42,0.81,-21.86,26.22,-8.52,-15.75,1,7209
3.0,301.909751,183.87,0.81,-18.81,26.28,-4.97,-12.75,1,7082
3.0,301.919751,180.09,0.83,-15.44,26.34,-1.26,-9.25,1,7978
3.0,301.929751,176.13,0.79,-11.77,26.42,2.51,-5.5,1,7851
3.0,301.939751,171.83,0.83,-7.82,26.48,6.18,-1.25,1,7727
3.0,301.949751,167.17,0.83,-3.66,26.56,9.64,3.0,1,7605
3.0,301.959751,162.69,0.83,0.95,26.64,12.75,7.5,1,7469
3.0,301.969751,157.94,0.88,5.65,26.74,15.41,11.75,1,7341
3.0,301.979754,154.34,0.9,10.48,26.83,17.53,14.5,1,7217
3.0,301.989751,153.02,0.89,14.97,26.91,19.02,16.5,1,7086
3.0,301.999751,150.73,0.92,17.44,26.97,19.84,18.25,1,7975
3.0,302.009751,149.68,1.0,17.74,27.0,19.96,19.25,1,7848
3.0,302.019751,149.59,0.97,18.27,27.0,19.37,19.5,1,7719
3.0,302.029751,150.03,0.95,19.06,27.01,18.1,19.25,1,7601
3.0,302.039751,150.64,0.96,18.56,26.99,16.18,18.75,1,7476
3.0,302.049751,151.61,0.98,17.45,26.96,13.69,17.25,1,7346
3.0,302.059754,153.37,0.94,16.39,26.93,10.72,15.5,1,7212
3.0,302.069751,155.92,0.89,14.54,26.88,7.36,13.0,1,7091
3.0,302.079751,159.17,0.92,11.94,26.84,3.75,10.25,1,7979
3.0,302.089751,162.16,0.86,8.77,26.78,0.0,6.75,1,7851
3.0,302.099751,166.2,0.84,5.2,26.71,-3.75,3.0,1,7727
3.0,302.109751,170.42,0.83,1.31,26.64,-7.36,-1.0,1,7605
3.0,302.119751,174.73,0.8,-2.83,26.56,-10.72,-5.25,1,7469
3.0,302.129751,179.3,0.8,-7.17,26.49,-13.69,-9.75,1,7342
3.0,302.139754,183.78,0.78,-11.91,26.41,-16.18,-13.75,1,7217
3.0,302.149751,187.12,0.79,-16.61,26.31,-18.1,-16.25,1,7086
3.0,302.159751,189.14,0.84,-20.75,26.22,-19.37,-18.25,1,7977
3.0,302.169751,190.2,0.88,-23.1,26.17,-19.96,-19.5,1,7856
3.0,302.179751,190.99,0.78,-23.83,26.2,-19.84,-19.75,1,7732
3.0,302.189751,190.28,0.82,-23.76,26.19,-19.02,-19.5,1,7610
3.0,302.199751,190.2,0.88,-23.15,26.17,-17.53,-19.0,1,7473
3.0,302.209751,188.96,0.76,-21.94,26.24,-15.41,-17.75,1,7346
3.0,302.219754,186.68,0.81,-20.93,26.25,-12.75,-16.0,1,7222
3.0,302.229751,184.57,0.87,-19.19,26.27,-9.64,-13.5,1,7091
3.0,302.239751,181.58,0.78,-16.58,26.34,-6.18,-10.75,1,7979
3.0,302.249751,178.24,0.82,-13.41,26.38,-2.51,-7.25,1,7851
3.0,302.259751,174.02,0.81,-9.78,26.45,1.26,-3.75,1,7727
3.0,302.269751,170.16,0.8,-5.93,26.53,4.97,0.25,1,7606
3.0,302.279754,165.41,0.84,-1.89,26.61,8.52,4.5,1,7472
3.0,302.289751,161.63,0.84,2.55,26.69,11.76,8.75,1,7350
3.0,302.299752,157.94,0.88,7.14,26.77,14.58,12.0,1,7217
3.0,302.309751,154.69,0.88,11.31,26.85,16.89,14.25,1,7096
3.0,302.319751,152.58,0.88,14.5,26.91,18.6,16.75,1,7984
3.0,302.329751,150.73,0.97,16.64,26.98,19.65,19.0,1,7857
3.0,302.339754,149.33,1.0,17.72,27.01,20.0,20.0,1,7733
3.0,302.349751,148.89,0.93,18.76,27.01,19.65,20.5,1,7611
3.0,302.359754,148.27,0.93,19.78,27.02,18.6,20.5,1,7477
3.0,302.369751,149.06,1.05,20.04,27.06,16.89,19.75,1,7346
3.0,302.379754,150.73,0.96,19.31,27.02,14.58,18.25,1,7222
3.0,302.389751,152.93,0.91,17.46,26.96,11.76,16.25,1,7092
3.0,302.399751,155.3,0.96,15.26,26.92,8.52,13.75,1,7982
3.0,302.409751,158.2,0.88,12.57,26.85,4.97,10.75,1,7852
3.0,302.419754,161.98,0.88,9.23,26.8,1.26,7.25,1,7728
3.0,302.429751,165.5,0.85,5.6,26.73,-2.51,3.5,1,7614
3.0,302.439754,170.07,0.81,1.71,26.66,-6.18,-0.75,1,7481
3.0,302.449751,174.2,0.81,-2.47,26.58,-9.63,-5.0,1,7351
3.0,302.459754,178.95,0.79,-6.95,26.51,-12.75,-9.25,1,7218
3.0,302.469751,182.46,0.79,-11.65,26.42,-15.41,-12.5,1,7096
3.0,302.479751,185.01,0.8,-15.9,26.33,-17.53,-14.75,1,7986
3.0,302.489751,187.29,0.85,-18.93,26.26,-19.02,-17.25,1,7856
3.0,302.499754,190.02,0.81,-20.57,26.25,-19.84,-19.5,1,7733
3.0,302.509751,191.69,0.74,-22.13,26.25,-19.96,-20.5,1,7611
3.0,302.519754,191.43,0.86,-24.27,26.17,-19.37,-20.5,1,7477
3.0,302.529751,190.81,0.9,-25.27,26.13,-18.1,-19.75,1,7346
3.0,302.539754,188.79,0.79,-23.84,26.2,-16.18,-18.0,1,7222
3.0,302.549751,186.86,0.84,-21.56,26.24,-13.69,-16.0,1,7092
3.0,302.559751,184.04,0.82,-19.01,26.29,-10.72,-13.25,1,7988
3.0,302.569751,180.62,0.79,-16.11,26.35,-7.36,-10.25,1,7861
3.0,302.579753,177.45,0.82,-12.72,26.42,-3.75,-6.75,1,7736
3.0,302.589751,173.5,0.8,-9.0,26.48,0.0,-2.75,1,7615
3.0,302.599754,169.01,0.82,-5.11,26.56,3.75,1.25,1,7482
3.0,302.609751,164.71,0.83,-0.88,26.63,7.36,5.5,1,7352
3.0,302.619751,160.05,0.85,3.6,26.71,10.72,9.25,1,7225
3.0,302.629751,156.8,0.89,8.19,26.8,13.69,12.25,1,7097
3.0,302.639751,154.42,0.87,12.43,26.88,16.18,15.25,1,7984
3.0,302.649751,151.7,0.9,15.27,26.94,18.1,17.75,1,7857
3.0,302.659754,150.64,1.03,16.72,27.0,19.37,19.25,1,7732
3.0,302.669751,148.97,0.91,18.19,27.0,19.96,20.25,1,7611
3.0,302.679752,148.36,0.91,19.48,27.02,19.84,20.25,1,7477
3.0,302.689751,149.06,1.07,19.77,27.07,19.02,20.0,1,7359
3.0,302.699754,150.12,0.94,19.61,27.03,17.53,18.75,1,7223
3.0,302.709751,152.05,0.93,18.31,27.0,15.41,17.0,1,7092
3.0,302.719751,154.42,0.97,16.09,26.95,12.75,14.75,1,7988
3.0,302.729751,156.97,0.88,13.62,26.88,9.64,12.0,1,7862
3.0,302.739754,160.14,0.9,10.66,26.83,6.18,8.75,1,7737
3.0,302.749751,164.18,0.86,7.23,26.77,2.51,5.25,1,7615
3.0,302.759754,168.22,0.83,3.57,26.7,-1.26,1.25,1,7483
3.0,302.769751,172.18,0.82,-0.34,26.63,-4.97,-2.75,1,7355
3.0,302.779754,176.13,0.79,-4.64,26.55,-8.52,-6.75,1,7227
3.0,302.789751,180.09,0.79,-9.16,26.48,-11.76,-10.25,1,7097
3.0,302.799751,183.08,0.8,-13.14,26.4,-14.58,-13.25,1,7984
3.0,302.809751,185.89,0.82,-16.32,26.34,-16.89,-15.75,1,7857
3.0,302.819751,188.35,0.79,-18.87,26.29,-18.6,-18.25,1,7740
3.0,302.829751,190.28,0.81,-20.99,26.25,-19.65,-19.75,1,7622
3.0,302.839752,191.25,0.81,-22.89,26.22,-20.0,-20.75,1,7485
3.0,302.849751,192.04,0.84,-24.13,26.19,-19.65,-21.25,1,7360
3.0,302.859751,191.69,0.83,-24.42,26.19,-18.6,-20.75,1,7220
3.0,302.869751,190.46,0.8,-24.27,26.2,-16.89,-19.5,1,7101
3.0,302.879751,188.53,0.87,-23.28,26.2,-14.58,-17.75,1,7989
3.0,302.889751,186.06,0.8,-21.0,26.27,-11.76,-15.25,1,7865
3.0,302.899753,182.81,0.81,-18.15,26.32,-8.52,-12.25,1,7745
3.0,302.909751,179.91,0.81,-14.97,26.38,-4.97,-9.0,1,7616
3.0,302.919751,175.87,0.8,-11.34,26.45,-1.26,-5.25,1,7479
3.0,302.929751,172.0,0.82,-7.57,26.52,2.51,-1.25,1,7362
3.0,302.939751,166.9,0.82,-3.4,26.6,6.18,3.0,1,7224
3.0,302.949751,162.77,0.84,1.05,26.68,9.63,7.25,1,7106
3.0,302.959751,159.08,0.87,5.64,26.77,12.75,10.25,1,7996
3.0,302.969751,156.01,0.88,9.88,26.85,15.41,13.25,1,7866
3.0,302.979751,153.63,0.86,13.3,26.91,17.53,16.0,1,7747
3.0,302.989751,151.08,0.97,15.67,26.97,19.02,18.25,1,7621
3.0,302.999751,150.12,1.0,17.19,27.02,19.84,19.25,1,7485
3.0,303.009751,150.03,0.88,18.77,27.01,19.96,19.75,1,7361
3.0,303.019751,148.97,0.99,19.55,27.06,19.37,20.0,1,7220
3.0,303.029751,149.06,1.0,19.08,27.05,18.1,19.75,1,7110
3.0,303.039751,150.03,0.96,18.13,27.02,16.18,19.0,1,7989
3.0,303.049751,152.05,0.94,18.03,27.01,13.69,17.25,1,7862
3.0,303.059754,153.72,0.93,16.96,26.98,10.72,15.25,1,7746
3.0,303.069751,156.36,0.94,14.38,26.93,7.36,12.75,1,7616
3.0,303.079751,159.52,0.87,11.44,26.86,3.75,9.5,1,7480
3.0,303.089751,163.3,0.88,8.07,26.79,0.0,6.0,1,7364
3.0,303.099751,166.99,0.84,4.39,26.73,-3.75,2.25,1,7225
3.0,303.109751,172.0,0.82,0.44,26.65,-7.36,-2.0,1,7106
3.0,303.119751,175.87,0.81,-3.85,26.58,-10.72,-6.25,1,7997
3.0,303.129751,180.44,0.78,-8.3,26.5,-13.69,-10.5,1,7866
3.0,303.139751,184.13,0.78,-12.94,26.42,-16.18,-13.75,1,7748
3.0,303.149751,187.03,0.81,-17.41,26.33,-18.1,-16.0,1,7622
3.0,303.159751,188.26,0.85,-20.54,26.25,-19.37,-17.25,1,7485
3.0,303.169751,189.14,0.84,-22.1,26.23,-19.96,-18.75,1,7358
3.0,303.179751,190.81,0.79,-22.11,26.25,-19.84,-20.25,1,7230
3.0,303.189751,191.16,0.76,-22.03,26.27,-19.02,-20.5,1,7111
3.0,303.199751,190.37,0.84,-23.25,26.21,-17.53,-19.75,1,7990
3.0,303.209751,189.67,0.89,-23.66,26.19,-15.41,-18.25,1,7864
3.0,303.219751,187.21,0.79,-22.19,26.26,-12.75,-16.25,1,7744
3.0,303.229751,184.75,0.82,-19.85,26.29,-9.64,-13.75,1,7625
3.0,303.239751,181.58,0.82,-16.74,26.36,-6.18,-10.75,1,7489
3.0,303.249751,177.98,0.79,-13.42,26.43,-2.51,-7.5,1,7361
3.0,303.259751,173.94,0.82,-9.72,26.49,1.26,-3.75,1,7225
3.0,303.269751,169.72,0.82,-5.86,26.56,4.97,0.25,1,7115
3.0,303.279751,165.59,0.83,-1.68,26.64,8.52,4.75,1,7997
3.0,303.289751,161.28,0.85,2.81,26.72,11.76,9.0,1,7867
3.0,303.299751,156.97,0.88,7.48,26.81,14.58,12.25,1,7748
3.0,303.309751,154.6,0.89,11.73,26.9,16.89,14.75,1,7622
3.0,303.319751,152.14,0.89,15.0,26.96,18.6,17.25,1,7484
3.0,303.329751,150.29,0.96,17.15,27.02,19.65,19.5,1,7367
3.0,303.339751,148.97,1.02,18.39,27.06,20.0,21.0,1,7231
3.0,303.349751,147.39,0.94,19.42,27.05,19.65,21.75,1,7112
3.0,303.359754,147.3,0.96,20.55,27.07,18.6,21.75,1,8001
3.0,303.369751,147.92,1.06,21.45,27.13,16.89,21.0,1,7871
3.0,303.379751,149.06,0.94,21.13,27.07,14.58,19.25,1,7753
3.0,303.389751,151.44,0.99,18.84,27.03,11.76,17.25,1,7625
3.0,303.399751,154.6,0.93,16.31,26.97,8.52,14.75,1,7489
3.0,303.409751,157.5,0.89,13.47,26.91,4.97,11.5,1,7361
3.0,303.419751,161.02,0.9,10.16,26.86,1.26,8.0,1,7229
3.0,303.429751,164.97,0.84,6.41,26.77,-2.51,4.25,1,7133
3.0,303.439754,169.28,0.84,2.46,26.7,-6.18,-0.0,1,7997
3.0,303.449751,174.02,0.8,-1.76,26.63,-9.63,-4.25,1,7867
3.0,303.459751,178.51,0.8,-6.27,26.55,-12.75,-8.75,1,7757
3.0,303.469751,183.08,0.79,-10.93,26.45,-15.41,-12.75,1,7622
3.0,303.479751,185.8,0.78,-15.77,26.37,-17.53,-15.75,1,7485
3.0,303.489751,188.0,0.84,-19.8,26.28,-19.02,-17.0,1,7366
3.0,303.499751,188.7,0.87,-21.91,26.23,-19.84,-18.25,1,7231
3.0,303.509751,189.93,0.81,-22.59,26.25,-19.96,-19.75,1,7139
3.0,303.519754,191.25,0.78,-22.22,26.27,-19.37,-20.75,1,8002
3.0,303.529751,191.95,0.78,-22.6,26.27,-18.1,-21.5,1,7872
3.0,303.539751,192.13,0.86,-23.83,26.22,-16.18,-21.25,1,7754
3.0,303.549751,191.43,0.83,-24.37,26.21,-13.69,-20.25,1,7617
3.0,303.559751,189.32,0.85,-23.62,26.22,-10.72,-18.25,1,7490
3.0,303.569751,186.86,0.83,-22.14,26.27,-7.36,-16.0,1,7362
3.0,303.579751,184.22,0.81,-19.41,26.32,-3.75,-13.25,1,7238
4.0,305.609754,180.79,0.81,-15.95,26.44,3.96,-10.25,1,7905
4.0,305.619751,177.45,0.83,-12.61,26.5,7.67,-6.75,1,7783
4.0,305.629751,173.06,0.8,-8.84,26.57,10.9,-2.75,1,7650
4.0,305.639751,169.01,0.83,-4.7,26.65,13.44,1.25,1,7520
4.0,305.649751,164.44,0.83,-0.37,26.73,15.14,5.75,1,7384
4.0,305.659751,159.52,0.86,4.38,26.82,15.89,10.0,1,7257
4.0,305.669751,156.71,0.9,9.23,26.92,15.64,12.75,1,8156
4.0,305.679751,154.69,0.88,13.67,27.0,14.4,14.25,1,8025
4.0,305.689751,154.25,0.9,16.2,27.05,12.27,15.0,1,7901
4.0,305.699751,154.07,0.98,16.09,27.06,9.36,15.25,1,7779
4.0,305.709751,154.16,0.93,15.21,27.04,5.86,14.75,1,7652
4.0,305.719751,155.65,0.94,14.72,27.03,2.0,13.25,1,7516
4.0,305.729754,157.5,0.89,13.61,26.99,-2.0,11.25,1,7391
4.0,305.739751,160.84,0.91,11.2,26.93,-5.86,8.75,1,7261
4.0,305.749751,163.48,0.86,8.25,26.87,-9.36,5.5,1,8150
4.0,305.759751,167.17,0.84,4.77,26.81,-12.27,1.75,1,8029
4.0,305.769754,171.74,0.84,0.97,26.74,-14.4,-2.25,1,7906
4.0,305.779751,176.22,0.8,-3.33,26.66,-15.64,-6.5,1,7784
4.0,305.789754,180.09,0.8,-7.8,26.59,-15.89,-10.25,1,7652
4.0,305.799751,182.64,0.78,-12.36,26.5,-15.14,-12.75,1,7520
4.0,305.809751,184.39,0.84,-16.26,26.41,-13.44,-14.0,1,7387
4.0,305.819751,184.66,0.88,-18.12,26.37,-10.9,-14.25,1,7257
4.0,305.829751,183.78,0.79,-18.4,26.39,-7.67,-13.25,1,8153
4.0,305.839751,182.29,0.82,-17.15,26.41,-3.96,-11.75,1,8025
4.0,305.849754,180.26,0.83,-14.8,26.47,0.0,-9.5,1,7901
4.0,305.859751,177.1,0.8,-12.22,26.52,3.96,-6.75,1,7788
4.0,305.869754,173.76,0.83,-9.14,26.57,7.67,-3.25,1,7655
4.0,305.879751,170.16,0.82,-5.62,26.64,10.9,0.25,1,7525
4.0,305.889754,165.94,0.83,-1.66,26.71,13.44,4.25,1,7391
4.0,305.899751,161.37,0.86,2.63,26.79,15.14,8.75,1,7261
4.0,305.909751,156.71,0.88,7.11,26.88,15.89,12.75,1,8150
4.0,305.919751,153.46,0.92,11.73,26.97,15.64,15.25,1,8030
4.0,305.929754,152.4,0.91,16.13,27.05,14.4,16.5,1,7906
4.0,305.939751,151.96,0.93,18.49,27.1,12.27,16.75,1,7784
4.0,305.949754,152.58,0.99,17.99,27.11,9.36,16.0,1,7651
4.0,305.959751,154.34,0.92,16.65,27.07,5.86,14.75,1,7524
4.0,305.969754,156.45,0.94,14.78,27.02,2.0,12.75,1,7396
4.0,305.979751,159.08,0.9,12.41,26.96,-2.0,10.0,1,7265
4.0,305.989751,162.16,0.87,9.46,26.9,-5.86,6.75,1,8156
4.0,305.999751,166.11,0.87,6.05,26.84,-9.36,3.25,1,8026
4.0,306.009753,170.07,0.82,2.23,26.77,-12.27,-0.75,1,7910
4.0,306.019751,174.64,0.82,-1.92,26.7,-14.4,-5.0,1,7789
4.0,306.029754,179.12,0.8,-6.34,26.62,-15.64,-9.25,1,7655
4.0,306.039751,182.29,0.79,-11.13,26.53,-15.89,-12.75,1,7526
4.0,306.049754,185.27,0.81,-15.41,26.45,-15.14,-14.75,1,7392
4.0,306.059751,186.24,0.85,-18.41,26.38,-13.44,-15.25,1,7261
4.0,306.069751,186.06,0.84,-19.96,26.35,-10.9,-15.25,1,8158
4.0,306.079751,185.36,0.81,-19.69,26.37,-7.67,-14.5,1,8030
4.0,306.089754,183.78,0.82,-17.68,26.41,-3.96,-12.75,1,7906
4.0,306.099751,181.41,0.83,-15.76,26.46,-0.0,-10.5,1,7787
4.0,306.109751,178.33,0.81,-13.19,26.51,3.96,-7.75,1,7660
4.0,306.119751,174.81,0.82,-9.93,26.57,7.67,-4.25,1,7521
4.0,306.129754,170.51,0.82,-6.33,26.63,10.9,-0.25,1,7396
4.0,306.139751,166.55,0.83,-2.41,26.71,13.44,3.75,1,7266
4.0,306.149751,162.07,0.85,2.05,26.8,15.14,8.25,1,8154
4.0,306.159751,157.32,0.87,6.65,26.88,15.89,12.25,1,8035
4.0,306.169753,154.6,0.91,11.3,26.97,15.64,14.75,1,7911
4.0,306.179751,152.84,0.91,15.73,27.05,14.4,16.25,1,7789
4.0,306.189754,152.75,0.93,18.13,27.11,12.27,16.5,1,7656
4.0,306.199751,153.19,0.99,17.88,27.12,9.36,16.0,1,7525
4.0,306.209750,154.34,0.92,16.65,27.08,5.86,14.75,1,7389
4.0,306.219751,156.01,0.94,14.81,27.03,2.0,12.75,1,7270
4.0,306.229751,158.99,0.9,12.49,26.96,-2.0,10.0,1,8158
4.0,306.239751,162.69,0.87,9.57,26.91,-5.86,6.75,1,8031
4.0,306.249751,165.85,0.87,6.18,26.86,-9.36,3.25,1,7904
4.0,306.259751,170.07,0.82,2.39,26.78,-12.27,-0.75,1,7795
4.0,306.269751,174.64,0.82,-1.73,26.71,-14.4,-5.0,1,7658
4.0,306.279751,178.51,0.79,-6.13,26.63,-15.64,-9.25,1,7534
4.0,306.289754,182.46,0.8,-10.88,26.54,-15.89,-12.25,1,7398
4.0,306.299751,185.27,0.8,-15.16,26.46,-15.14,-14.25,1,7266
4.0,306.309751,185.98,0.86,-18.19,26.39,-13.44,-15.25,1,8154
4.0,306.319751,186.06,0.84,-19.69,26.36,-10.9,-15.25,1,8035
4.0,306.329752,184.92,0.81,-19.41,26.38,-7.67,-14.25,1,7910
4.0,306.339751,183.6,0.82,-17.42,26.43,-3.96,-12.75,1,7792
4.0,306.349754,181.14,0.82,-15.53,26.47,-0.0,-10.25,1,7656
4.0,306.359751,177.98,0.81,-12.89,26.53,3.96,-7.25,1,7525
4.0,306.369753,174.2,0.81,-9.67,26.58,7.67,-4.0,1,7401
4.0,306.379751,170.51,0.83,-6.03,26.64,10.9,-0.25,1,7271
4.0,306.389751,166.46,0.83,-2.15,26.72,13.44,4.0,1,8162
4.0,306.399751,162.07,0.85,2.28,26.81,15.14,8.25,1,8031
4.0,306.409751,157.32,0.89,6.87,26.89,15.89,12.25,1,7913
4.0,306.419751,154.16,0.91,11.57,26.98,15.64,15.0,1,7796
4.0,306.429751,152.58,0.91,16.01,27.07,14.4,16.25,1,7659
4.0,306.439751,152.58,0.92,18.33,27.12,12.27,16.75,1,7533
4.0,306.449754,153.19,0.99,17.95,27.13,9.36,16.0,1,7397
4.0,306.459751,154.34,0.92,16.78,27.09,5.86,14.75,1,7267
4.0,306.469751,156.45,0.94,14.88,27.04,2.0,12.75,1,8163
4.0,306.479751,159.17,0.91,12.5,26.97,-2.0,10.0,1,8036
4.0,306.489752,162.33,0.87,9.55,26.92,-5.86,6.75,1,7910
4.0,306.499751,166.11,0.87,6.15,26.86,-9.36,3.25,1,7789
4.0,306.509754,170.42,0.81,2.34,26.79,-12.27,-0.75,1,7665
4.0,306.519751,174.99,0.82,-1.8,26.71,-14.4,-5.0,1,7526
4.0,306.529750,178.95,0.8,-6.24,26.64,-15.64,-9.25,1,7399
4.0,306.539751,182.64,0.79,-11.01,26.55,-15.89,-12.5,1,7272
4.0,306.549751,185.54,0.81,-15.28,26.46,-15.14,-14.5,1,8162
4.0,306.559751,186.06,0.85,-18.31,26.4,-13.44,-15.25,1,8040
4.0,306.569751,186.24,0.85,-19.84,26.36,-10.9,-15.25,1,7913
4.0,306.579751,185.1,0.8,-19.6,26.39,-7.67,-14.25,1,7795
4.0,306.589751,183.6,0.83,-17.62,26.43,-3.96,-12.75,1,7658
4.0,306.599751,180.97,0.82,-15.72,26.48,0.0,-10.5,1,7533
4.0,306.609751,178.33,0.81,-13.13,26.53,3.96,-7.5,1,7395
4.0,306.619751,174.29,0.82,-9.89,26.59,7.67,-4.25,1,7276
4.0,306.629751,170.68,0.82,-6.28,26.65,10.9,-0.25,1,8164
4.0,306.639751,166.73,0.83,-2.38,26.73,13.44,3.75,1,8038
4.0,306.649751,161.98,0.84,2.04,26.81,15.14,8.25,1,7917
4.0,306.659751,157.41,0.88,6.61,26.9,15.89,12.25,1,7799
4.0,306.669751,154.34,0.91,11.28,26.99,15.64,14.75,1,7663
4.0,306.679751,152.31,0.91,15.68,27.07,14.4,16.0,1,7538
4.0,306.689750,152.4,0.93,18.02,27.13,12.27,16.25,1,7399
4.0,306.699751,153.19,0.98,17.71,27.13,9.36,15.75,1,7272
4.0,306.709751,154.6,0.92,16.5,27.09,5.86,14.5,1,8163
4.0,306.719751,156.71,0.93,14.63,27.04,2.0,12.25,1,8040
4.0,306.729751,159.17,0.91,12.28,26.98,-2.0,9.75,1,7913
4.0,306.739751,162.42,0.86,9.31,26.93,-5.86,6.75,1,7795
4.0,306.749750,166.2,0.86,5.9,26.87,-9.36,3.0,1,7658
4.0,306.759751,170.24,0.82,2.05,26.79,-12.27,-1.0,1,7531
4.0,306.769751,174.81,0.81,-2.1,26.72,-14.4,-5.25,1,7403
4.0,306.779751,179.56,0.8,-6.51,26.64,-15.64,-9.5,1,7277
4.0,306.789751,182.9,0.79,-11.3,26.56,-15.89,-12.75,1,8165
4.0,306.799751,185.89,0.81,-15.58,26.47,-15.14,-14.75,1,8038
4.0,306.809751,186.15,0.86,-18.62,26.4,-13.44,-15.5,1,7918
4.0,306.819751,186.24,0.85,-20.15,26.36,-10.9,-15.25,1,7799
4.0,306.829751,185.45,0.8,-19.71,26.38,-7.67,-14.25,1,7663
4.0,306.839751,183.43,0.82,-17.73,26.44,-3.96,-12.75,1,7536
4.0,306.849752,180.97,0.82,-15.65,26.49,0.0,-10.25,1,7400
4.0,306.859751,178.15,0.81,-13.02,26.54,3.96,-7.25,1,7272
4.0,306.869754,174.64,0.82,-9.71,26.6,7.67,-4.0,1,8171
4.0,306.879751,170.6,0.82,-6.05,26.66,10.9,-0.25,1,8040
4.0,306.889751,166.2,0.83,-2.12,26.74,13.44,4.0,1,7922
4.0,306.899751,161.89,0.85,2.33,26.83,15.14,8.5,1,7795
4.0,306.909754,156.71,0.88,6.95,26.91,15.89,12.5,1,7670
4.0,306.919751,153.63,0.92,11.68,27.0,15.64,15.25,1,7531
4.0,306.929751,152.49,0.9,16.18,27.09,14.4,16.5,1,7403
4.0,306.939751,152.05,0.93,18.59,27.14,12.27,16.75,1,7285
4.0,306.949751,152.49,0.99,18.23,27.15,9.36,16.25,1,8164
4.0,306.959751,154.16,0.93,16.99,27.11,5.86,15.0,1,8036
4.0,306.969751,156.01,0.94,15.19,27.07,2.0,13.0,1,7927
4.0,306.979751,158.82,0.91,12.92,27.0,-2.0,10.5,1,7799
4.0,306.989751,161.72,0.87,10.04,26.95,-5.86,7.25,1,7663
4.0,306.999751,165.15,0.87,6.67,26.89,-9.36,3.75,1,7536
4.0,307.009751,169.72,0.82,2.89,26.82,-12.27,-0.25,1,7399
4.0,307.019751,174.02,0.82,-1.15,26.75,-14.4,-4.25,1,7281
4.0,307.029754,178.77,0.8,-5.62,26.67,-15.64,-8.75,1,8172
4.0,307.039751,182.99,0.79,-10.29,26.57,-15.89,-12.75,1,8042
4.0,307.049751,185.8,0.78,-15.05,26.49,-15.14,-15.25,1,7931
4.0,307.059751,188.0,0.85,-19.08,26.4,-13.44,-17.25,1,7804
4.0,307.069751,189.4,0.88,-21.07,26.35,-10.9,-18.25,1,7667
4.0,307.079751,189.14,0.77,-22.06,26.37,-7.67,-18.0,1,7540
4.0,307.089751,187.82,0.81,-22.05,26.36,-3.96,-17.0,1,7404
4.0,307.099751,186.06,0.9,-20.51,26.37,-0.0,-15.25,1,7285
4.0,307.109751,183.43,0.78,-18.25,26.46,3.96,-12.75,1,8164
4.0,307.119751,180.09,0.81,-15.35,26.5,7.67,-9.5,1,8037
4.0,307.129751,176.31,0.83,-11.84,26.57,10.9,-5.75,1,7927
4.0,307.139751,172.79,0.8,-7.92,26.64,13.44,-1.75,1,7800
4.0,307.149752,167.87,0.84,-3.6,26.72,15.14,2.75,1,7664
4.0,307.159751,163.21,0.83,0.97,26.8,15.89,6.5,1,7536
4.0,307.169751,160.14,0.88,5.79,26.9,15.64,9.25,1,7409
4.0,307.179751,158.29,0.86,10.22,26.99,14.4,10.75,1,7290
4.0,307.189751,157.76,0.85,12.62,27.02,12.27,11.0,1,8172
4.0,307.199751,158.38,0.94,12.39,27.03,9.36,10.75,1,8041
4.0,307.209751,159.52,0.87,11.21,27.0,5.86,9.5,1,7931
4.0,307.219751,161.54,0.89,9.62,26.96,2.0,7.75,1,7804
4.0,307.229751,163.74,0.87,7.56,26.91,-2.0,5.25,1,7668
4.0,307.239751,166.82,0.83,4.93,26.86,-5.86,2.25,1,7540
4.0,307.249751,170.24,0.84,1.78,26.81,-9.36,-1.25,1,7404
4.0,307.259751,174.02,0.8,-1.83,26.75,-12.27,-4.75,1,7285
4.0,307.269754,178.51,0.8,-5.8,26.67,-14.4,-8.75,1,8176
4.0,307.279751,182.64,0.78,-10.03,26.59,-15.64,-12.5,1,8047
4.0,307.289751,185.45,0.79,-14.43,26.51,-15.89,-14.75,1,7928
4.0,307.299751,186.59,0.84,-18.21,26.42,-15.14,-16.0,1,7800
4.0,307.309751,186.77,0.87,-20.06,26.38,-13.44,-16.0,1,7672
4.0,307.319751,185.89,0.8,-20.25,26.41,-10.9,-15.25,1,7536
4.0,307.329751,184.39,0.82,-18.9,26.43,-7.67,-13.75,1,7409
4.0,307.339751,182.29,0.83,-16.54,26.49,-3.96,-11.25,1,7290
4.0,307.349754,179.12,0.8,-14.0,26.55,0.0,-8.75,1,8172
4.0,307.359751,176.13,0.82,-10.91,26.59,3.96,-5.25,1,8041
4.0,307.369751,172.35,0.81,-7.4,26.65,7.67,-1.75,1,7932
4.0,307.379751,167.87,0.83,-3.59,26.73,10.9,2.25,1,7804
4.0,307.389751,163.48,0.84,0.68,26.81,13.44,6.75,1,7668
4.0,307.399751,158.99,0.87,5.17,26.9,15.14,10.5,1,7541
4.0,307.409751,156.18,0.91,9.77,26.99,15.89,13.25,1,7405
4.0,307.419751,154.42,0.88,14.06,27.07,15.64,14.5,1,7315
4.0,307.429754,154.34,0.9,16.52,27.1,14.4,15.0,1,8177
4.0,307.439751,154.6,0.97,16.23,27.12,12.27,14.5,1,8046
4.0,307.449751,155.92,0.91,15.08,27.09,9.36,13.25,1,7936
4.0,307.459751,157.32,0.92,13.57,27.05,5.86,11.5,1,7809
4.0,307.469751,159.87,0.9,11.47,26.99,2.0,9.25,1,7673
4.0,307.479751,163.12,0.86,8.74,26.94,-2.0,6.25,1,7545
4.0,307.489751,166.46,0.86,5.61,26.89,-5.86,2.75,1,7409
4.0,307.499751,170.24,0.83,2.04,26.82,-9.36,-1.0,1,7308
4.0,307.509751,174.2,0.81,-1.89,26.74,-12.27,-5.0,1,8171
4.0,307.519751,178.95,0.79,-6.07,26.67,-14.4,-9.25,1,8051
4.0,307.529751,183.43,0.79,-10.63,26.59,-15.64,-13.25,1,7933
4.0,307.539751,185.8,0.78,-15.25,26.5,-15.89,-15.75,1,7797
4.0,307.549751,188.44,0.84,-19.24,26.41,-15.14,-17.25,1,7669
4.0,307.559751,189.23,0.88,-21.35,26.36,-13.44,-18.25,1,7550
4.0,307.569751,189.23,0.77,-22.09,26.39,-10.9,-18.25,1,7405
4.0,307.579751,188.35,0.81,-22.04,26.37,-7.67,-17.25,1,7315
4.0,307.589754,186.24,0.89,-20.7,26.39,-3.96,-15.5,1,8177
4.0,307.599751,183.87,0.78,-18.47,26.46,0.0,-13.0,1,8046
4.0,307.609751,180.62,0.81,-15.66,26.5,3.96,-10.0,1,7937
4.0,307.619751,177.28,0.82,-12.33,26.57,7.67,-6.75,1,7801
4.0,307.629751,173.14,0.8,-8.63,26.65,10.9,-2.75,1,7673
4.0,307.639751,168.57,0.84,-4.52,26.72,13.44,1.5,1,7545
4.0,307.649751,164.09,0.83,-0.16,26.8,15.14,6.0,1,7413
4.0,307.659751,159.08,0.86,4.61,26.88,15.89,10.25,1,7309
4.0,307.669751,156.45,0.9,9.42,26.98,15.64,12.75,1,8179
4.0,307.679751,154.78,0.88,13.78,27.07,14.4,14.25,1,8051
4.0,307.689751,154.07,0.9,16.36,27.11,12.27,15.25,1,7932
4.0,307.699751,153.63,0.97,16.33,27.13,9.36,15.25,1,7805
4.0,307.709751,154.07,0.93,15.49,27.11,5.86,14.75,1,7678
4.0,307.719751,155.74,0.93,14.97,27.09,2.0,13.25,1,7550
4.0,307.729751,157.76,0.89,13.68,27.04,-2.0,11.25,1,7417
4.0,307.739751,160.4,0.91,11.21,26.99,-5.86,8.5,1,7313
4.0,307.749754,163.83,0.86,8.25,26.94,-9.36,5.25,1,8178
4.0,307.759751,167.78,0.83,4.72,26.88,-12.27,1.75,1,8047
4.0,307.769751,171.91,0.83,0.9,26.8,-14.4,-2.25,1,7937
4.0,307.779751,176.04,0.8,-3.45,26.73,-15.64,-6.75,1,7802
4.0,307.789751,180.62,0.8,-7.98,26.65,-15.89,-10.5,1,7675
4.0,307.799751,183.25,0.78,-12.54,26.56,-15.14,-13.0,1,7546
4.0,307.809751,184.57,0.84,-16.48,26.47,-13.44,-14.25,1,7410
4.0,307.819751,185.1,0.88,-18.46,26.43,-10.9,-14.25,1,7318
4.0,307.829750,184.39,0.79,-18.77,26.45,-7.67,-13.75,1,8179
4.0,307.839751,182.81,0.82,-17.44,26.48,-3.96,-12.0,1,8055
4.0,307.849751,180.44,0.83,-15.0,26.53,-0.0,-9.75,1,7942
4.0,307.859751,177.63,0.79,-12.36,26.58,3.96,-6.75,1,7805
4.0,307.869751,173.67,0.83,-9.21,26.64,7.67,-3.5,1,7678
4.0,307.879751,170.16,0.82,-5.67,26.72,10.9,0.25,1,7551
4.0,307.889751,165.94,0.83,-1.67,26.78,13.44,4.25,1,7414
4.0,307.899751,161.1,0.85,2.67,26.86,15.14,8.75,1,7313
4.0,307.909751,156.8,0.88,7.23,26.95,15.89,12.75,1,8183
4.0,307.919751,154.07,0.91,11.91,27.04,15.64,15.25,1,8056
4.0,307.929751,152.58,0.91,16.33,27.13,14.4,16.5,1,7937
4.0,307.939751,152.4,0.94,18.68,27.18,12.27,16.75,1,7801
4.0,307.949751,152.93,0.98,18.17,27.18,9.36,16.25,1,7674
4.0,307.959751,153.98,0.93,16.92,27.14,5.86,14.75,1,7555
4.0,307.969751,156.09,0.94,15.06,27.09,2.0,12.75,1,7410
4.0,307.979751,158.91,0.91,12.72,27.03,-2.0,10.25,1,7321
4.0,307.989750,162.6,0.87,9.79,26.98,-5.86,7.0,1,8179
4.0,307.999751,166.03,0.87,6.39,26.92,-9.36,3.5,1,8054
4.0,308.009751,169.8,0.82,2.61,26.84,-12.27,-0.5,1,7942
4.0,308.019751,174.38,0.81,-1.5,26.77,-14.4,-4.75,1,7805
4.0,308.029751,178.33,0.8,-5.97,26.69,-15.64,-9.0,1,7679
4.0,308.039751,182.46,0.79,-10.7,26.61,-15.89,-12.25,1,7552
4.0,308.049751,185.1,0.8,-15.0,26.52,-15.14,-14.25,1,7415
4.0,308.059751,185.8,0.85,-18.1,26.45,-13.44,-15.25,1,7322
4.0,308.069751,186.24,0.83,-19.62,26.42,-10.9,-15.0,1,8184
4.0,308.079751,184.92,0.81,-19.33,26.44,-7.67,-14.25,1,8057
4.0,308.089751,183.43,0.81,-17.35,26.49,-3.96,-12.5,1,7938
4.0,308.099751,180.79,0.82,-15.43,26.54,0.0,-10.25,1,7802
4.0,308.109751,177.8,0.81,-12.75,26.59,3.96,-7.25,1,7682
4.0,308.119751,174.46,0.81,-9.52,26.65,7.67,-3.75,1,7558
4.0,308.129751,170.07,0.82,-5.88,26.71,10.9,-0.0,1,7419
4.0,308.139751,165.94,0.82,-1.98,26.79,13.44,4.25,1,7318
4.0,308.149750,161.63,0.85,2.44,26.87,15.14,8.25,1,8180
4.0,308.159751,157.76,0.88,6.99,26.95,15.89,11.25,1,8054
4.0,308.169751,155.65,0.89,11.35,27.04,15.64,13.25,1,7942
4.0,308.179751,154.69,0.89,14.92,27.11,14.4,14.25,1,7809
4.0,308.189751,154.69,0.94,16.18,27.15,12.27,14.5,1,7678
4.0,308.199751,154.78,0.93,15.05,27.12,9.36,14.25,1,7551
4.0,308.209751,155.83,0.92,14.21,27.09,5.86,13.25,1,7415
4.0,308.219751,157.59,0.94,13.25,27.07,2.0,11.5,1,7322
4.0,308.229752,160.22,0.85,11.53,27.01,-2.0,9.0,1,8185
4.0,308.239751,163.04,0.89,8.84,26.97,-5.86,6.25,1,8058
4.0,308.249751,166.2,0.84,5.63,26.91,-9.36,2.75,1,7946
4.0,308.259751,170.77,0.82,2.02,26.84,-12.27,-1.25,1,7811
4.0,308.269751,174.38,0.82,-2.0,26.77,-14.4,-5.25,1,7683
4.0,308.279751,178.77,0.78,-6.28,26.7,-15.64,-9.25,1,7560
4.0,308.289751,182.46,0.79,-10.88,26.61,-15.89,-12.25,1,7420
4.0,308.299751,185.36,0.8,-15.08,26.53,-15.14,-14.25,1,7318
4.0,308.309751,185.89,0.86,-18.03,26.46,-13.44,-15.0,1,8180
4.0,308.319751,185.54,0.83,-19.49,26.43,-10.9,-14.75,1,8063
4.0,308.329751,184.57,0.8,-19.03,26.45,-7.67,-13.75,1,7942
4.0,308.339751,182.9,0.82,-17.01,26.51,-3.96,-12.0,1,7806
4.0,308.349751,180.09,0.81,-14.95,26.56,0.0,-9.75,1,7687
4.0,308.359751,177.45,0.82,-12.18,26.61,3.96,-6.75,1,7560
4.0,308.369751,173.67,0.81,-8.89,26.67,7.67,-3.25,1,7415
4.0,308.379751,169.98,0.83,-5.28,26.74,10.9,0.75,1,7322
4.0,308.389751,165.41,0.83,-1.26,26.81,13.44,4.75,1,8184
4.0,308.399751,160.84,0.85,3.18,26.88,15.14,9.25,1,8057
4.0,308.409751,156.18,0.88,7.74,26.97,15.89,13.25,1,7947
4.0,308.419751,153.19,0.92,12.43,27.06,15.64,15.75,1,7811
4.0,308.429751,151.7,0.92,16.89,27.16,14.4,17.5,1,7683
4.0,308.439751,150.29,0.93,19.44,27.21,12.27,18.75,1,7559
4.0,308.449751,150.21,1.03,19.6,27.23,9.36,18.75,1,7420
4.0,308.459751,151.26,0.95,19.37,27.22,5.86,17.75,1,7318
4.0,308.469751,152.31,0.93,18.45,27.18,2.0,16.25,1,8189
4.0,308.479751,155.04,0.97,16.51,27.15,-2.0,13.75,1,8064
4.0,308.489751,158.29,0.89,13.9,27.08,-5.86,11.0,1,7943
4.0,308.499751,161.63,0.89,10.66,27.02,-9.36,7.5,1,7815
4.0,308.509751,165.76,0.86,6.98,26.95,-12.27,3.75,1,7688
4.0,308.519751,169.72,0.82,2.96,26.87,-14.4,-0.25,1,7560
4.0,308.529751,174.38,0.81,-1.4,26.8,-15.64,-4.75,1,7425
4.0,308.539751,178.51,0.79,-6.06,26.71,-15.89,-8.75,1,7324
4.0,308.549751,181.67,0.79,-10.83,26.61,-15.14,-11.5,1,8184
4.0,308.559751,183.43,0.82,-14.81,26.54,-13.44,-12.75,1,8057
4.0,308.569751,183.78,0.87,-16.69,26.49,-10.9,-13.0,1,7947
4.0,308.579751,183.08,0.79,-17.12,26.5,-7.67,-12.25,1,7811
4.0,308.589751,181.58,0.81,-16.31,26.51,-3.96,-11.0,1,7683
4.0,308.599751,179.56,0.81,-13.94,26.58,-0.0,-8.75,1,7559
4.0,308.609751,176.66,0.81,-11.46,26.63,3.96,-6.0,1,7420
4.0,308.619751,173.67,0.82,-8.43,26.69,7.67,-2.75,1,7327
4.0,308.629751,169.72,0.81,-5.0,26.75,10.9,0.75,1,8189
4.0,308.639751,165.15,0.84,-1.11,26.82,13.44,4.75,1,8063
4.0,308.649751,160.84,0.85,3.1,26.9,15.14,9.25,1,7943
4.0,308.659751,156.27,0.88,7.56,26.98,15.89,13.0,1,7816
4.0,308.669751,153.46,0.91,12.16,27.07,15.64,15.5,1,7688
4.0,308.679751,151.7,0.91,16.63,27.16,14.4,17.25,1,7560
4.0,308.689751,150.73,0.93,19.06,27.21,12.27,18.25,1,7425
4.0,308.699751,151.26,1.02,18.94,27.23,9.36,18.25,1,7323
4.0,308.709751,152.05,0.94,18.82,27.22,5.86,17.25,1,8185
4.0,308.719751,153.46,0.92,17.89,27.18,2.0,15.5,1,8066
4.0,308.729751,156.18,0.97,15.85,27.14,-2.0,13.25,1,7947
4.0,308.739751,159.26,0.88,13.08,27.06,-5.86,10.25,1,7812
4.0,308.749751,162.42,0.88,9.85,27.01,-9.36,6.75,1,7693
4.0,308.759751,166.2,0.85,6.12,26.94,-12.27,2.75,1,7565
4.0,308.769751,170.42,0.81,1.99,26.86,-14.4,-1.25,1,7420
4.0,308.779751,175.17,0.81,-2.34,26.78,-15.64,-5.75,1,7329
4.0,308.789751,179.65,0.78,-6.94,26.71,-15.89,-9.75,1,8190
4.0,308.799751,182.64,0.79,-11.92,26.62,-15.14,-12.25,1,8063
4.0,308.809751,184.57,0.82,-15.87,26.53,-13.44,-13.75,1,7943
4.0,308.819751,184.57,0.87,-17.75,26.48,-10.9,-14.0,1,7816
4.0,308.829751,184.13,0.79,-18.31,26.49,-7.67,-13.25,1,7688
4.0,308.839751,182.72,0.8,-17.35,26.5,-3.96,-12.0,1,7561
4.0,308.849751,180.26,0.82,-14.96,26.57,-0.0,-9.75,1,7428
4.0,308.859751,177.63,0.8,-12.46,26.62,3.96,-7.0,1,7332
4.0,308.869751,174.29,0.82,-9.39,26.68,7.67,-3.75,1,8194
4.0,308.879751,170.33,0.81,-5.89,26.75,10.9,-0.0,1,8066
4.0,308.889751,166.46,0.83,-1.94,26.81,13.44,4.0,1,7948
4.0,308.899751,161.37,0.85,2.34,26.89,15.14,8.25,1,7823
4.0,308.909751,157.06,0.87,6.86,26.98,15.89,12.25,1,7693
4.0,308.919751,153.98,0.91,11.5,27.07,15.64,14.75,1,7565
4.0,308.929751,152.58,0.9,15.97,27.15,14.4,16.25,1,7429
4.0,308.939751,152.4,0.93,18.39,27.21,12.27,16.5,1,7328
4.0,308.949751,152.75,0.98,17.95,27.22,9.36,16.0,1,8190
4.0,308.959751,154.86,0.92,16.73,27.17,5.86,14.75,1,8065
4.0,308.969751,156.62,0.93,14.88,27.13,2.0,12.5,1,7952
4.0,308.979751,159.26,0.9,12.53,27.06,-2.0,9.75,1,7816
4.0,308.989751,162.33,0.86,9.59,27.01,-5.86,6.75,1,7689
4.0,308.999751,166.11,0.86,6.18,26.95,-9.36,3.25,1,7563
4.0,309.009751,170.24,0.82,2.35,26.88,-12.27,-0.75,1,7425
4.0,309.019751,174.64,0.81,-1.8,26.8,-14.4,-5.25,1,8322
4.0,309.029751,179.12,0.79,-6.2,26.73,-15.64,-9.0,1,8196
4.0,309.039751,181.93,0.78,-10.99,26.64,-15.89,-11.5,1,8068
4.0,309.049751,183.78,0.82,-14.9,26.56,-15.14,-12.75,1,7948
4.0,309.059751,183.78,0.87,-16.74,26.51,-13.44,-13.25,1,7823
4.0,309.069751,183.43,0.79,-17.13,26.52,-10.9,-12.75,1,7693
4.0,309.079751,183.08,0.81,-16.4,26.53,-7.67,-12.25,1,7566
4.0,309.089751,181.58,0.79,-14.71,26.59,-3.96,-11.0,1,7430
4.0,309.099751,179.3,0.79,-13.64,26.61,-0.0,-9.0,1,8318
4.0,309.109751,177.1,0.86,-11.63,26.63,3.96,-6.25,1,8190
4.0,309.119751,173.67,0.79,-8.68,26.7,7.67,-3.0,1,8074
4.0,309.129751,169.72,0.82,-5.26,26.76,10.9,0.75,1,7953
4.0,309.139754,165.15,0.84,-1.37,26.83,13.44,4.75,1,7819
4.0,309.149751,160.93,0.84,2.89,26.91,15.14,9.0,1,7700
4.0,309.159751,156.97,0.89,7.37,27.0,15.89,12.75,1,7570
4.0,309.169751,154.34,0.91,11.92,27.08,15.64,15.25,1,7426
4.0,309.179751,152.31,0.91,16.21,27.17,14.4,16.5,1,8322
4.0,309.189751,152.23,0.92,18.5,27.22,12.27,16.75,1,8195
4.0,309.199751,152.49,0.98,18.18,27.23,9.36,16.25,1,8067
4.0,309.209751,153.98,0.92,16.87,27.18,5.86,14.75,1,7948
4.0,309.219751,156.18,0.93,14.95,27.13,2.0,12.75,1,7821
4.0,309.229751,159.35,0.9,12.58,27.07,-2.0,10.0,1,7694
4.0,309.239751,162.6,0.87,9.62,27.02,-5.86,6.75,1,7557
4.0,309.249751,165.85,0.86,6.21,26.96,-9.36,3.25,1,7430
4.0,309.259751,169.89,0.81,2.39,26.88,-12.27,-0.75,1,8326
4.0,309.269751,174.38,0.81,-1.78,26.81,-14.4,-5.25,1,8199
4.0,309.279751,179.12,0.79,-6.23,26.74,-15.64,-9.0,1,8076
4.0,309.289751,181.93,0.79,-11.01,26.65,-15.89,-11.5,1,7954
4.0,309.299754,183.6,0.82,-14.92,26.56,-15.14,-12.75,1,7829
4.0,309.309751,183.6,0.87,-16.74,26.52,-13.44,-13.0,1,7698
4.0,309.319754,183.08,0.8,-17.1,26.52,-10.9,-12.5,1,7565
4.0,309.329751,181.93,0.8,-16.46,26.53,-7.67,-11.25,1,7434
4.0,309.339751,179.65,0.82,-14.22,26.6,-3.96,-9.25,1,8322
4.0,309.349751,176.92,0.8,-11.88,26.65,-0.0,-6.5,1,8195
4.0,309.359754,173.67,0.82,-8.91,26.7,3.96,-3.25,1,8071
4.0,309.369751,170.16,0.81,-5.59,26.76,7.67,0.25,1,7957
4.0,309.379754,166.46,0.83,-1.87,26.84,10.9,4.25,1,7824
4.0,309.389751,162.07,0.84,2.3,26.91,13.44,8.25,1,7694
4.0,309.399751,157.32,0.87,6.65,26.99,15.14,12.25,1,7570
4.0,309.409751,154.34,0.91,11.18,27.08,15.89,14.75,1,7430
4.0,309.419751,153.28,0.9,15.52,27.16,15.64,16.0,1,8330
4.0,309.429751,153.02,0.91,17.96,27.21,14.4,16.25,1,8199
4.0,309.439751,153.63,0.97,17.65,27.23,12.27,15.5,1,8075
4.0,309.449751,154.78,0.91,16.27,27.18,9.36,14.25,1,7953
4.0,309.459754,157.15,0.92,14.44,27.13,5.86,12.25,1,7829
4.0,309.469751,159.35,0.9,12.07,27.07,2.0,9.5,1,7698
4.0,309.479751,162.77,0.86,9.21,27.02,-2.0,6.5,1,7565
4.0,309.489751,166.38,0.85,5.95,26.96,-5.86,3.0,1,7434
4.0,309.499751,170.07,0.82,2.17,26.89,-9.36,-1.0,1,8322
4.0,309.509751,174.81,0.81,-1.85,26.82,-12.27,-5.25,1,8195
4.0,309.519754,179.12,0.79,-6.11,26.74,-14.4,-9.25,1,8080
4.0,309.529751,182.46,0.78,-10.81,26.66,-15.64,-12.25,1,7958
4.0,309.539754,185.1,0.8,-15.03,26.58,-15.89,-14.25,1,7825
4.0,309.549751,186.15,0.85,-18.03,26.51,-15.14,-15.25,1,7697
4.0,309.559754,186.68,0.83,-19.57,26.48,-13.44,-15.25,1,7570
4.0,309.569751,186.06,0.8,-19.23,26.5,-10.9,-15.25,1,7439
4.0,309.579751,185.36,0.79,-17.81,26.54,-7.67,-14.25,1,8330
4.0,309.589751,183.43,0.8,-17.11,26.56,-3.96,-12.75,1,8200
5.0,311.629751,175.78,0.81,-11.17,26.75,7.48,-5.25,1,7724
5.0,311.639751,172.18,0.81,-8.13,26.8,10.3,-2.0,1,7588
5.0,311.649751,168.4,0.83,-4.59,26.86,12.11,1.75,1,7495
5.0,311.659751,165.32,0.83,-0.69,26.93,12.73,5.25,1,8358
5.0,311.669751,161.1,0.86,3.59,27.01,12.11,8.25,1,8230
5.0,311.679751,159.17,0.87,7.6,27.09,10.3,9.75,1,8111
5.0,311.689751,158.91,0.85,10.78,27.15,7.48,10.25,1,7974
5.0,311.699751,159.52,0.9,11.8,27.18,3.93,9.75,1,7847
5.0,311.709751,160.4,0.89,10.22,27.14,0.0,8.5,1,7729
5.0,311.719751,162.42,0.86,8.55,27.09,-3.93,6.75,1,7592
5.0,311.729751,165.06,0.86,6.29,27.04,-7.48,4.0,1,7491
5.0,311.739750,168.66,0.82,3.38,26.99,-10.3,1.0,1,8361
5.0,311.749751,171.91,0.82,0.01,26.93,-12.11,-2.75,1,8227
5.0,311.759751,175.87,0.81,-3.65,26.86,-12.73,-6.25,1,8116
5.0,311.769751,178.77,0.79,-7.78,26.79,-12.11,-8.75,1,7979
5.0,311.779751,180.44,0.8,-11.64,26.72,-10.3,-10.25,1,7852
5.0,311.789751,181.58,0.84,-14.05,26.66,-7.48,-11.0,1,7724
5.0,311.799751,182.11,0.83,-14.77,26.65,-3.93,-11.25,1,7597
5.0,311.809751,181.58,0.78,-14.91,26.67,0.0,-10.75,1,7496
5.0,311.819751,179.91,0.8,-14.37,26.67,3.93,-9.25,1,8357
5.0,311.829751,177.45,0.85,-12.56,26.7,7.48,-7.0,1,8230
5.0,311.839751,174.99,0.8,-10.12,26.77,10.3,-4.0,1,8111
5.0,311.849751,170.86,0.82,-7.03,26.82,12.11,-0.75,1,7976
5.0,311.859751,167.61,0.83,-3.32,26.89,12.73,3.0,1,7857
5.0,311.869751,163.65,0.83,0.66,26.96,12.11,6.25,1,7732
5.0,311.879751,160.75,0.88,4.91,27.05,10.3,8.25,1,7592
5.0,311.889751,159.96,0.84,8.7,27.12,7.48,9.25,1,7500
5.0,311.899751,159.96,0.84,10.67,27.15,3.93,9.25,1,8362
5.0,311.909751,160.58,0.92,10.15,27.15,0.0,8.25,1,8236
5.0,311.919751,162.33,0.86,8.38,27.1,-3.93,6.75,1,8116
5.0,311.929751,164.71,0.86,6.42,27.05,-7.48,4.25,1,7979
5.0,311.939751,167.52,0.85,3.85,27.0,-10.3,1.5,1,7852
5.0,311.949751,171.39,0.81,0.69,26.95,-12.11,-1.75,1,7736
5.0,311.959751,175.17,0.82,-2.84,26.88,-12.73,-5.5,1,7598
5.0,311.969751,178.33,0.79,-6.88,26.81,-12.11,-8.75,1,7496
5.0,311.979751,181.14,0.79,-10.99,26.74,-10.3,-10.75,1,8358
5.0,311.989751,182.11,0.83,-14.4,26.67,-7.48,-11.5,1,8230
5.0,311.999751,181.93,0.87,-15.71,26.63,-3.93,-11.25,1,8112
5.0,312.009751,180.62,0.8,-15.69,26.64,-0.0,-10.25,1,7985
5.0,312.019751,179.12,0.81,-14.43,26.67,3.93,-8.5,1,7856
5.0,312.029751,176.31,0.83,-11.79,26.74,7.48,-5.75,1,7732
5.0,312.039751,173.5,0.81,-8.94,26.79,10.3,-2.75,1,7593
5.0,312.049751,169.37,0.84,-5.58,26.85,12.11,0.75,1,7500
5.0,312.059751,165.59,0.82,-1.76,26.92,12.73,4.75,1,8363
5.0,312.069751,161.02,0.85,2.42,27.0,12.11,8.25,1,8237
5.0,312.079751,158.91,0.88,6.77,27.08,10.3,10.25,1,8116
5.0,312.089751,157.76,0.86,10.83,27.16,7.48,11.75,1,7983
5.0,312.099751,156.88,0.86,12.82,27.2,3.93,12.25,1,7852
5.0,312.109751,156.8,0.96,12.5,27.2,-0.0,12.25,1,7735
5.0,312.119751,158.47,0.88,12.24,27.19,-3.93,11.0,1,7597
5.0,312.129751,160.22,0.86,11.0,27.15,-7.48,9.0,1,7496
5.0,312.139751,163.04,0.91,8.8,27.11,-10.3,6.5,1,8366
5.0,312.149751,165.94,0.83,5.81,27.04,-12.11,3.25,1,8231
5.0,312.159751,169.72,0.84,2.38,26.98,-12.73,-0.25,1,8113
5.0,312.169751,173.23,0.82,-1.41,26.91,-12.11,-3.5,1,7987
5.0,312.179751,174.99,0.79,-5.48,26.84,-10.3,-5.5,1,7857
5.0,312.189751,176.92,0.84,-8.96,26.78,-7.48,-6.25,1,7729
5.0,312.199751,176.48,0.86,-10.31,26.74,-3.93,-6.0,1,7602
5.0,312.209751,175.34,0.8,-10.47,26.74,-0.0,-4.75,1,7500
5.0,312.219751,173.32,0.82,-9.08,26.77,3.93,-3.0,1,8319
5.0,312.229751,170.6,0.83,-6.26,26.85,7.48,-0.5,1,8237
5.0,312.239751,167.87,0.83,-3.52,26.9,10.3,2.75,1,8116
5.0,312.249751,164.09,0.85,-0.22,26.96,12.11,6.0,1,7980
5.0,312.259751,160.4,0.85,3.54,27.03,12.73,9.25,1,7862
5.0,312.269751,158.03,0.88,7.51,27.11,12.11,11.25,1,7734
5.0,312.279751,157.32,0.87,11.18,27.18,10.3,12.0,1,7601
5.0,312.289751,157.59,0.87,13.06,27.21,7.48,11.75,1,7505
5.0,312.299751,158.47,0.94,12.58,27.21,3.93,10.75,1,8367
5.0,312.309751,160.22,0.87,10.74,27.15,-0.0,9.0,1,8239
5.0,312.319751,162.42,0.87,8.55,27.1,-3.93,6.75,1,8120
5.0,312.329751,165.5,0.87,5.95,27.06,-7.48,3.75,1,7984
5.0,312.339751,169.1,0.82,2.82,27.0,-10.3,0.25,1,7857
5.0,312.349751,173.32,0.83,-0.75,26.93,-12.11,-3.25,1,7738
5.0,312.359751,176.66,0.79,-4.65,26.86,-12.73,-7.25,1,7603
5.0,312.369751,180.09,0.8,-9.02,26.78,-12.11,-10.0,1,7500
5.0,312.379751,182.29,0.8,-12.95,26.71,-10.3,-11.5,1,8362
5.0,312.389751,182.72,0.85,-15.54,26.64,-7.48,-12.0,1,8236
5.0,312.399751,182.11,0.84,-16.74,26.63,-3.93,-11.5,1,8116
5.0,312.409751,180.79,0.8,-16.12,26.65,-0.0,-10.25,1,7989
5.0,312.419751,178.77,0.82,-13.79,26.7,3.93,-8.0,1,7861
5.0,312.429751,175.96,0.82,-11.32,26.77,7.48,-5.25,1,7736
5.0,312.439751,172.53,0.82,-8.28,26.82,10.3,-2.0,1,7598
5.0,312.449751,168.66,0.83,-4.72,26.88,12.11,1.75,1,7505
5.0,312.459751,164.71,0.83,-0.82,26.95,12.73,5.25,1,8368
5.0,312.469751,161.1,0.86,3.44,27.03,12.11,8.25,1,8239
5.0,312.479751,159.17,0.87,7.45,27.11,10.3,9.75,1,8121
5.0,312.489751,158.73,0.85,10.62,27.17,7.48,10.25,1,7984
5.0,312.499751,159.52,0.9,11.68,27.2,3.93,9.75,1,7857
5.0,312.509751,160.66,0.89,10.11,27.16,0.0,8.5,1,7739
5.0,312.519751,162.6,0.86,8.42,27.12,-3.93,6.5,1,7603
5.0,312.529751,165.5,0.87,6.17,27.06,-7.48,4.0,1,7501
5.0,312.539751,168.75,0.83,3.26,27.01,-10.3,0.75,1,8372
5.0,312.549751,172.09,0.82,-0.1,26.96,-12.11,-2.75,1,8238
5.0,312.559751,176.04,0.81,-3.76,26.89,-12.73,-6.5,1,8126
5.0,312.569751,180.09,0.8,-7.9,26.81,-12.11,-9.75,1,7989
5.0,312.579751,182.46,0.79,-12.16,26.73,-10.3,-12.0,1,7862
5.0,312.589754,183.87,0.84,-15.72,26.65,-7.48,-12.75,1,7737
5.0,312.599751,183.43,0.87,-17.37,26.61,-3.93,-12.75,1,7610
5.0,312.609751,181.93,0.8,-17.26,26.65,0.0,-11.5,1,7505
5.0,312.619751,180.44,0.81,-15.64,26.68,3.93,-9.75,1,8367
5.0,312.629751,177.45,0.83,-13.06,26.73,7.48,-7.0,1,8240
5.0,312.639751,174.02,0.81,-10.11,26.79,10.3,-3.75,1,8121
5.0,312.649751,170.86,0.83,-6.73,26.85,12.11,-0.25,1,7985
5.0,312.659751,166.73,0.82,-2.89,26.93,12.73,3.75,1,7867
5.0,312.669751,162.33,0.85,1.34,27.0,12.11,7.25,1,7739
5.0,312.679751,159.96,0.88,5.69,27.08,10.3,9.5,1,7603
5.0,312.689751,158.82,0.85,9.79,27.16,7.48,10.5,1,7510
5.0,312.699751,158.91,0.86,11.96,27.19,3.93,10.5,1,8372
5.0,312.709751,159.61,0.93,11.28,27.19,0.0,9.75,1,8247
5.0,312.719751,161.54,0.87,9.61,27.15,-3.93,7.75,1,8126
5.0,312.729751,163.65,0.87,7.58,27.1,-7.48,5.5,1,7989
5.0,312.739751,166.38,0.86,4.99,27.05,-10.3,2.75,1,7862
5.0,312.749754,170.07,0.82,1.86,26.99,-12.11,-0.75,1,7737
5.0,312.759751,174.02,0.82,-1.69,26.93,-12.73,-4.25,1,7611
5.0,312.769751,177.45,0.79,-5.71,26.86,-12.11,-7.75,1,7506
5.0,312.779751,179.56,0.8,-9.9,26.78,-10.3,-9.75,1,8368
5.0,312.789751,180.62,0.83,-13.29,26.7,-7.48,-10.5,1,8240
5.0,312.799751,180.62,0.87,-14.7,26.67,-3.93,-10.25,1,8121
5.0,312.809751,179.56,0.8,-14.74,26.68,-0.0,-9.0,1,7996
5.0,312.819751,177.63,0.81,-13.29,26.71,3.93,-7.0,1,7867
5.0,312.829751,174.99,0.83,-10.49,26.79,7.48,-4.25,1,7739
5.0,312.839751,171.56,0.82,-7.52,26.85,10.3,-1.25,1,7603
5.0,312.849751,168.22,0.84,-4.0,26.9,12.11,2.25,1,7510
5.0,312.859751,163.83,0.83,-0.19,26.98,12.73,6.25,1,8373
5.0,312.869751,160.22,0.87,3.92,27.06,12.11,9.75,1,8245
5.0,312.879751,157.32,0.89,8.25,27.14,10.3,12.0,1,8126
5.0,312.889751,156.09,0.87,12.13,27.21,7.48,12.75,1,7989
5.0,312.899751,156.18,0.88,14.21,27.25,3.93,12.75,1,7865
5.0,312.909754,156.71,0.95,13.71,27.26,0.0,11.75,1,7747
5.0,312.919751,158.91,0.88,11.92,27.2,-3.93,10.25,1,7611
5.0,312.929751,161.37,0.89,9.81,27.15,-7.48,7.75,1,7507
5.0,312.939751,164.62,0.87,7.12,27.09,-10.3,4.75,1,8377
5.0,312.949754,167.96,0.83,3.86,27.03,-12.11,1.25,1,8243
5.0,312.959751,171.74,0.83,0.16,26.97,-12.73,-2.75,1,8132
5.0,312.969751,175.78,0.8,-3.95,26.9,-12.11,-6.0,1,7997
5.0,312.979751,178.24,0.8,-8.3,26.81,-10.3,-8.0,1,7867
5.0,312.989754,179.56,0.83,-11.87,26.74,-7.48,-9.0,1,7742
5.0,312.999751,179.3,0.87,-13.39,26.7,-3.93,-9.0,1,7612
5.0,313.009751,178.51,0.8,-13.42,26.71,-0.0,-7.75,1,8503
5.0,313.019751,176.66,0.81,-12.24,26.73,3.93,-6.0,1,8373
5.0,313.029751,174.29,0.83,-9.58,26.81,7.48,-3.75,1,8248
5.0,313.039751,170.6,0.82,-6.75,26.86,10.3,-0.5,1,8126
5.0,313.049754,167.17,0.83,-3.45,26.92,12.11,3.0,1,7992
5.0,313.059751,163.74,0.84,0.3,27.0,12.73,6.5,1,7874
5.0,313.069754,160.58,0.87,4.4,27.07,12.11,9.25,1,7747
5.0,313.079751,158.82,0.87,8.18,27.15,10.3,10.75,1,7608
5.0,313.089751,158.2,0.85,11.16,27.19,7.48,11.0,1,8505
5.0,313.099751,158.73,0.91,12.21,27.22,3.93,10.5,1,8377
5.0,313.109754,159.52,0.91,10.79,27.19,0.0,9.25,1,8254
5.0,313.119751,161.63,0.86,9.03,27.15,-3.93,7.25,1,8131
5.0,313.129751,164.62,0.88,6.82,27.09,-7.48,4.75,1,7994
5.0,313.139751,167.52,0.83,4.04,27.04,-10.3,1.75,1,7867
5.0,313.149754,171.04,0.82,0.74,26.98,-12.11,-1.75,1,7734
5.0,313.159751,175.34,0.81,-3.1,26.92,-12.73,-5.75,1,7613
5.0,313.169751,178.51,0.8,-7.28,26.84,-12.11,-9.25,1,8503
5.0,313.179751,181.14,0.79,-11.55,26.76,-10.3,-11.25,1,8373
5.0,313.189751,183.25,0.83,-15.07,26.69,-7.48,-12.25,1,8257
5.0,313.199751,182.72,0.88,-16.44,26.65,-3.93,-12.0,1,8126
5.0,313.209754,181.14,0.8,-16.57,26.66,0.0,-10.75,1,8003
5.0,313.219751,179.65,0.81,-15.3,26.68,3.93,-9.0,1,7872
5.0,313.229751,176.84,0.83,-12.39,26.76,7.48,-6.25,1,7736
5.0,313.239751,173.67,0.81,-9.53,26.82,10.3,-3.25,1,7616
5.0,313.249751,169.98,0.84,-6.15,26.88,12.11,0.25,1,8505
5.0,313.259751,165.85,0.83,-2.22,26.95,12.73,4.25,1,8378
5.0,313.269754,161.63,0.85,1.98,27.03,12.11,7.75,1,8253
5.0,313.279751,159.26,0.89,6.35,27.11,10.3,10.25,1,8131
5.0,313.289754,157.5,0.86,10.4,27.19,7.48,11.5,1,7997
5.0,313.299751,156.62,0.87,12.49,27.23,3.93,12.25,1,7871
5.0,313.309754,156.71,0.96,12.34,27.24,0.0,12.0,1,7743
5.0,313.319751,158.29,0.89,12.05,27.22,-3.93,10.75,1,7612
5.0,313.329751,160.22,0.86,10.78,27.18,-7.48,8.75,1,8509
5.0,313.339751,162.77,0.91,8.53,27.14,-10.3,6.25,1,8382
5.0,313.349754,166.03,0.83,5.61,27.08,-12.11,3.25,1,8257
5.0,313.359751,169.72,0.84,2.23,27.02,-12.73,-0.25,1,8137
5.0,313.369754,173.23,0.82,-1.57,26.95,-12.11,-3.5,1,8002
5.0,313.379751,175.61,0.79,-5.65,26.88,-10.3,-5.5,1,7872
5.0,313.389751,177.01,0.85,-9.12,26.81,-7.48,-6.25,1,7737
5.0,313.399751,176.48,0.86,-10.42,26.77,-3.93,-6.0,1,7617
5.0,313.409751,175.34,0.81,-10.55,26.78,-0.0,-4.75,1,8506
5.0,313.419751,173.32,0.82,-9.26,26.81,3.93,-3.0,1,8377
5.0,313.429754,170.86,0.84,-6.37,26.88,7.48,-0.5,1,8253
5.0,313.439751,167.61,0.83,-3.62,26.93,10.3,2.75,1,8131
5.0,313.449752,164.0,0.85,-0.31,27.0,12.11,6.0,1,7997
5.0,313.459751,160.58,0.86,3.44,27.07,12.73,9.25,1,7880
5.0,313.469754,157.94,0.89,7.41,27.14,12.11,11.25,1,7743
5.0,313.479751,157.15,0.87,11.17,27.21,10.3,12.0,1,7613
5.0,313.489751,157.06,0.87,13.08,27.25,7.48,11.75,1,8509
5.0,313.499751,158.47,0.94,12.48,27.25,3.93,10.75,1,8382
5.0,313.509753,160.14,0.88,10.7,27.19,0.0,9.0,1,8258
5.0,313.519751,162.07,0.88,8.54,27.14,-3.93,6.75,1,8136
5.0,313.529754,165.41,0.86,5.94,27.09,-7.48,3.75,1,8002
5.0,313.539751,168.75,0.83,2.8,27.03,-10.3,0.25,1,7872
5.0,313.549754,173.06,0.83,-0.75,26.97,-12.11,-3.25,1,7739
5.0,313.559751,176.84,0.8,-4.64,26.9,-12.73,-7.0,1,7618
5.0,313.569751,180.09,0.8,-9.01,26.82,-12.11,-9.75,1,8508
5.0,313.579751,182.29,0.81,-12.93,26.74,-10.3,-11.5,1,8378
5.0,313.589754,182.46,0.85,-15.55,26.68,-7.48,-12.0,1,8262
5.0,313.599751,182.11,0.84,-16.76,26.66,-3.93,-11.25,1,8135
5.0,313.609752,180.79,0.8,-16.08,26.69,-0.0,-10.0,1,8006
5.0,313.619751,178.77,0.82,-13.83,26.74,3.93,-8.0,1,7877
5.0,313.629751,175.78,0.83,-11.39,26.8,7.48,-5.25,1,7741
5.0,313.639751,172.79,0.82,-8.37,26.85,10.3,-2.0,1,7622
5.0,313.649751,168.84,0.83,-4.84,26.91,12.11,1.75,1,8510
5.0,313.659751,164.62,0.83,-0.97,26.99,12.73,5.25,1,8383
5.0,313.669753,161.02,0.87,3.3,27.06,12.11,8.25,1,8258
5.0,313.679751,159.35,0.87,7.3,27.14,10.3,9.75,1,8136
5.0,313.689754,158.73,0.86,10.47,27.21,7.48,10.25,1,8003
5.0,313.699751,159.17,0.89,11.51,27.23,3.93,9.75,1,7873
5.0,313.709751,161.1,0.9,9.92,27.2,0.0,8.5,1,7745
5.0,313.719751,162.33,0.86,8.24,27.15,-3.93,6.5,1,7617
5.0,313.729751,165.32,0.88,5.99,27.09,-7.48,4.0,1,8508
5.0,313.739751,168.57,0.83,3.09,27.04,-10.3,0.75,1,8387
5.0,313.749751,171.91,0.82,-0.25,26.99,-12.11,-2.75,1,8260
5.0,313.759751,176.04,0.82,-3.92,26.92,-12.73,-6.5,1,8142
5.0,313.769752,179.91,0.8,-8.07,26.84,-12.11,-10.0,1,8005
5.0,313.779751,182.11,0.79,-12.32,26.77,-10.3,-12.0,1,7880
5.0,313.789750,183.6,0.84,-15.89,26.68,-7.48,-12.75,1,7740
5.0,313.799751,183.25,0.89,-17.53,26.64,-3.93,-12.75,1,7622
5.0,313.809751,182.29,0.8,-17.37,26.68,-0.0,-11.5,1,8510
5.0,313.819751,180.44,0.82,-15.77,26.71,3.93,-9.75,1,8382
5.0,313.829753,177.28,0.83,-13.17,26.77,7.48,-7.0,1,8257
5.0,313.839751,174.81,0.82,-10.24,26.82,10.3,-4.0,1,8136
5.0,313.849751,170.6,0.83,-6.85,26.88,12.11,-0.25,1,8001
5.0,313.859751,166.73,0.83,-2.99,26.97,12.73,3.75,1,7882
5.0,313.869751,162.16,0.85,1.27,27.04,12.11,7.25,1,7745
5.0,313.879751,159.7,0.89,5.66,27.12,10.3,9.5,1,7618
5.0,313.889751,158.82,0.86,9.79,27.2,7.48,10.5,1,8518
5.0,313.899751,158.73,0.86,11.91,27.23,3.93,10.5,1,8387
5.0,313.909751,159.26,0.93,11.1,27.22,0.0,9.75,1,8259
5.0,313.919751,161.1,0.87,9.62,27.19,-3.93,8.0,1,8143
5.0,313.929751,163.39,0.87,7.55,27.14,-7.48,5.75,1,8005
5.0,313.939751,166.2,0.86,4.96,27.09,-10.3,2.75,1,7877
5.0,313.949751,169.98,0.83,1.81,27.03,-12.11,-0.75,1,7751
5.0,313.959751,174.02,0.82,-1.78,26.96,-12.73,-4.25,1,7623
5.0,313.969751,177.1,0.8,-5.82,26.9,-12.11,-7.75,1,8511
5.0,313.979751,179.91,0.8,-10.0,26.81,-10.3,-9.75,1,8385
5.0,313.989751,181.14,0.84,-13.39,26.74,-7.48,-10.5,1,8264
5.0,313.999751,180.97,0.87,-14.74,26.71,-3.93,-10.25,1,8145
5.0,314.009750,179.3,0.81,-14.8,26.72,0.0,-9.0,1,8009
5.0,314.019751,177.98,0.81,-13.47,26.75,3.93,-7.0,1,7882
5.0,314.029751,174.99,0.83,-10.58,26.83,7.48,-4.25,1,7746
5.0,314.039751,171.56,0.82,-7.62,26.88,10.3,-1.25,1,7627
5.0,314.049751,167.96,0.84,-4.09,26.94,12.11,2.25,1,8516
5.0,314.059751,164.36,0.84,-0.27,27.02,12.73,6.25,1,8388
5.0,314.069751,159.79,0.87,3.83,27.1,12.11,9.75,1,8261
5.0,314.079751,157.32,0.9,8.16,27.18,10.3,12.0,1,8144
5.0,314.089751,156.18,0.87,12.11,27.25,7.48,12.75,1,8006
5.0,314.099751,156.45,0.89,14.2,27.29,3.93,12.75,1,7877
5.0,314.109751,156.97,0.95,13.63,27.29,-0.0,11.75,1,7750
5.0,314.119751,158.99,0.89,11.87,27.24,-3.93,10.25,1,7623
5.0,314.129754,161.81,0.89,9.76,27.19,-7.48,7.75,1,8514
5.0,314.139751,164.62,0.87,7.08,27.13,-10.3,4.75,1,8394
5.0,314.149751,167.52,0.83,3.82,27.07,-12.11,1.25,1,8265
5.0,314.159751,172.18,0.83,0.11,27.01,-12.73,-2.75,1,8146
5.0,314.169751,175.78,0.81,-4.0,26.94,-12.11,-6.0,1,8010
5.0,314.179751,177.8,0.8,-8.35,26.85,-10.3,-8.25,1,7882
5.0,314.189751,179.91,0.83,-11.92,26.77,-7.48,-9.0,1,7746
5.0,314.199751,179.65,0.87,-13.47,26.74,-3.93,-8.75,1,7627
5.0,314.209754,178.51,0.81,-13.51,26.75,-0.0,-7.75,1,8519
5.0,314.219751,176.48,0.81,-12.25,26.77,3.93,-6.0,1,8387
5.0,314.229751,174.29,0.83,-9.59,26.85,7.48,-3.5,1,8260
5.0,314.239751,170.68,0.82,-6.78,26.9,10.3,-0.5,1,8142
5.0,314.249751,167.08,0.85,-3.45,26.96,12.11,3.0,1,8006
5.0,314.259751,163.39,0.84,0.33,27.04,12.73,6.5,1,7887
5.0,314.269752,160.31,0.88,4.39,27.11,12.11,9.25,1,7751
5.0,314.279751,158.91,0.87,8.16,27.19,10.3,10.75,1,7623
5.0,314.289754,158.38,0.86,11.21,27.23,7.48,11.0,1,8522
5.0,314.299751,158.99,0.91,12.24,27.26,3.93,10.75,1,8395
5.0,314.309751,159.7,0.91,10.71,27.23,0.0,9.25,1,8264
5.0,314.319751,161.72,0.87,9.03,27.19,-3.93,7.25,1,8146
5.0,314.329751,164.62,0.87,6.84,27.13,-7.48,4.75,1,8009
5.0,314.339751,167.43,0.84,4.08,27.08,-10.3,1.75,1,7882
5.0,314.349751,171.04,0.82,0.82,27.03,-12.11,-1.75,1,7756
5.0,314.359751,175.17,0.82,-2.98,26.96,-12.73,-5.5,1,7629
5.0,314.369753,178.95,0.8,-7.13,26.88,-12.11,-9.0,1,8518
5.0,314.379751,181.58,0.8,-11.39,26.8,-10.3,-11.25,1,8397
5.0,314.389751,182.46,0.83,-14.93,26.73,-7.48,-12.0,1,8269
5.0,314.399751,182.46,0.88,-16.38,26.69,-3.93,-11.75,1,8150
5.0,314.409751,181.58,0.8,-16.5,26.7,-0.0,-10.75,1,8014
5.0,314.419751,179.3,0.82,-15.24,26.72,3.93,-8.75,1,7887
5.0,314.429751,177.1,0.83,-12.41,26.8,7.48,-6.25,1,7751
5.0,314.439751,173.67,0.81,-9.59,26.86,10.3,-3.25,1,7632
5.0,314.449754,170.16,0.84,-6.24,26.92,12.11,0.25,1,8524
5.0,314.459751,165.94,0.82,-2.31,26.99,12.73,4.25,1,8393
5.0,314.469751,161.54,0.86,1.88,27.07,12.11,7.75,1,8266
5.0,314.479751,159.08,0.88,6.23,27.15,10.3,10.0,1,8146
5.0,314.489751,158.03,0.86,10.3,27.23,7.48,11.0,1,8009
5.0,314.499751,157.94,0.87,12.4,27.26,3.93,11.0,1,7891
5.0,314.509751,159.17,0.94,11.64,27.26,-0.0,10.25,1,7755
5.0,314.519751,160.4,0.87,10.17,27.22,-3.93,8.75,1,7628
5.0,314.529753,163.04,0.88,8.22,27.17,-7.48,6.25,1,8526
5.0,314.539751,165.76,0.86,5.74,27.12,-10.3,3.5,1,8397
5.0,314.549751,169.28,0.83,2.63,27.06,-12.11,0.25,1,8270
5.0,314.559751,172.71,0.83,-0.96,27.0,-12.73,-3.5,1,8152
5.0,314.569751,176.48,0.8,-4.87,26.93,-12.11,-6.75,1,8015
5.0,314.579751,178.77,0.8,-9.18,26.85,-10.3,-8.75,1,7887
5.0,314.589751,179.65,0.83,-12.56,26.78,-7.48,-9.75,1,7751
5.0,314.599751,179.65,0.88,-13.88,26.74,-3.93,-9.5,1,7632
5.0,314.609754,179.12,0.8,-14.08,26.75,0.0,-8.5,1,8524
5.0,314.619751,177.28,0.81,-12.85,26.78,3.93,-6.75,1,8393
5.0,314.629751,174.46,0.83,-10.2,26.85,7.48,-4.25,1,8274
5.0,314.639751,171.74,0.83,-7.51,26.9,10.3,-1.25,1,8146
5.0,314.649751,168.05,0.84,-4.16,26.96,12.11,2.25,1,8019
5.0,314.659751,163.83,0.84,-0.35,27.03,12.73,6.25,1,7893
5.0,314.669751,159.96,0.87,3.68,27.11,12.11,9.75,1,7756
5.0,314.679751,157.5,0.89,7.89,27.19,10.3,11.75,1,7630
5.0,314.689752,156.8,0.88,11.75,27.27,7.48,12.75,1,8526
5.0,314.699751,156.53,0.88,13.82,27.3,3.93,12.5,1,8397
5.0,314.709751,157.59,0.95,13.2,27.3,0.0,11.5,1,8271
5.0,314.719751,159.35,0.88,11.4,27.24,-3.93,9.75,1,8151
5.0,314.729751,161.98,0.89,9.32,27.19,-7.48,7.25,1,8014
5.0,314.739751,164.79,0.87,6.69,27.14,-10.3,4.25,1,7887
5.0,314.749751,167.96,0.83,3.5,27.08,-12.11,1.0,1,7761
5.0,314.759751,172.18,0.84,-0.14,27.02,-12.73,-2.75,1,7633
5.0,314.769751,175.96,0.81,-4.21,26.95,-12.11,-6.25,1,8521
5.0,314.779751,177.8,0.81,-8.56,26.86,-10.3,-8.25,1,8401
5.0,314.789751,179.56,0.84,-12.12,26.79,-7.48,-9.25,1,8274
5.0,314.799751,179.56,0.87,-13.53,26.75,-3.93,-9.0,1,8155
5.0,314.809751,178.33,0.81,-13.5,26.77,-0.0,-7.75,1,8019
5.0,314.819751,177.1,0.82,-12.38,26.79,3.93,-6.0,1,7892
5.0,314.829751,173.94,0.83,-9.68,26.86,7.48,-3.75,1,7755
5.0,314.839751,171.12,0.83,-6.87,26.92,10.3,-0.75,1,7630
5.0,314.849752,167.34,0.84,-3.59,26.98,12.11,3.0,1,8527
5.0,314.859751,163.92,0.85,0.18,27.05,12.73,6.5,1,8398
5.0,314.869751,159.96,0.87,4.27,27.13,12.11,9.25,1,8280
5.0,314.879751,158.73,0.88,8.12,27.2,10.3,10.75,1,8151
5.0,314.889751,158.29,0.86,11.28,27.26,7.48,11.0,1,8014
5.0,314.899751,158.55,0.91,12.17,27.28,3.93,10.75,1,7896
5.0,314.909751,159.7,0.9,10.6,27.25,0.0,9.25,1,7760
5.0,314.919751,162.07,0.87,8.98,27.2,-3.93,7.25,1,7633
5.0,314.929751,164.71,0.88,6.78,27.15,-7.48,4.75,1,8530
5.0,314.939751,167.43,0.84,4.02,27.1,-10.3,1.75,1,8402
5.0,314.949751,171.3,0.83,0.76,27.04,-12.11,-1.75,1,8284
5.0,314.959751,175.17,0.81,-3.04,26.98,-12.73,-5.75,1,8157
5.0,314.969751,178.95,0.81,-7.19,26.9,-12.11,-9.0,1,8020
5.0,314.979751,181.14,0.79,-11.46,26.82,-10.3,-11.25,1,7892
5.0,314.989751,182.9,0.84,-15.03,26.74,-7.48,-12.0,1,7756
5.0,314.999751,182.64,0.88,-16.51,26.7,-3.93,-11.75,1,7639
5.0,315.009752,181.41,0.8,-16.55,26.72,0.0,-10.75,1,8526
5.0,315.019751,179.3,0.82,-15.15,26.75,3.93,-8.75,1,8401
5.0,315.029751,177.1,0.84,-12.36,26.82,7.48,-6.25,1,8287
5.0,315.039751,173.5,0.81,-9.54,26.88,10.3,-3.25,1,8160
5.0,315.049751,169.72,0.84,-6.19,26.94,12.11,0.5,1,8025
5.0,315.059751,165.76,0.83,-2.26,27.01,12.73,4.5,1,7897
5.0,315.069751,161.54,0.85,1.94,27.08,12.11,8.0,1,7761
5.0,315.079751,159.17,0.89,6.31,27.17,10.3,10.25,1,7641
5.0,315.089751,157.85,0.86,10.42,27.24,7.48,11.5,1,8529
5.0,315.099751,156.62,0.87,12.48,27.28,3.93,12.25,1,8402
5.0,315.109751,157.24,0.96,12.14,27.29,-0.0,12.0,1,8284
5.0,315.119751,158.38,0.89,11.91,27.28,-3.93,10.75,1,8156
5.0,315.129751,160.31,0.86,10.63,27.23,-7.48,8.75,1,8019
5.0,315.139751,162.95,0.91,8.35,27.19,-10.3,6.25,1,7892
5.0,315.149751,166.03,0.83,5.43,27.13,-12.11,3.0,1,7766
5.0,315.159751,169.54,0.84,2.06,27.07,-12.73,-0.5,1,7647
5.0,315.169754,173.5,0.82,-1.78,27.0,-12.11,-3.75,1,8529
5.0,315.179751,175.61,0.79,-5.89,26.93,-10.3,-5.75,1,8398
5.0,315.189751,177.1,0.85,-9.34,26.86,-7.48,-6.5,1,8287
5.0,315.199751,176.48,0.86,-10.73,26.82,-3.93,-6.25,1,8160
5.0,315.209751,175.34,0.81,-10.9,26.82,-0.0,-5.0,1,8024
5.0,315.219751,173.32,0.82,-9.43,26.86,3.93,-3.25,1,7897
5.0,315.229751,170.86,0.84,-6.63,26.93,7.48,-0.75,1,7760
5.0,315.239751,167.7,0.83,-3.83,26.98,10.3,2.5,1,7642
5.0,315.249751,164.44,0.85,-0.51,27.05,12.11,6.0,1,8531
5.0,315.259751,160.22,0.86,3.23,27.12,12.73,9.25,1,8403
5.0,315.269751,157.85,0.89,7.25,27.19,12.11,11.25,1,8284
5.0,315.279751,157.32,0.87,10.96,27.26,10.3,12.0,1,8165
5.0,315.289751,157.24,0.87,12.88,27.3,7.48,11.75,1,8020
5.0,315.299751,158.38,0.94,12.43,27.3,3.93,10.75,1,7904
5.0,315.309751,160.31,0.88,10.62,27.24,0.0,9.0,1,7765
5.0,315.319751,162.16,0.88,8.45,27.19,-3.93,6.75,1,7646
5.0,315.329751,165.32,0.87,5.86,27.14,-7.48,3.75,1,8534
5.0,315.339751,169.01,0.83,2.74,27.09,-10.3,0.25,1,8409
5.0,315.349751,172.71,0.83,-0.79,27.02,-12.11,-3.25,1,8289
5.0,315.359751,176.66,0.79,-4.69,26.95,-12.73,-7.0,1,8165
5.0,315.369751,179.65,0.81,-9.06,26.87,-12.11,-10.0,1,8025
5.0,315.379751,182.11,0.81,-12.99,26.8,-10.3,-11.5,1,7897
5.0,315.389751,182.29,0.85,-15.6,26.73,-7.48,-12.0,1,7761
5.0,315.399751,182.11,0.85,-16.85,26.71,-3.93,-11.5,1,7651
5.0,315.409750,180.44,0.8,-16.25,26.74,-0.0,-10.25,1,8530
5.0,315.419751,178.59,0.82,-13.94,26.79,3.93,-8.0,1,8404
5.0,315.429751,175.78,0.82,-11.52,26.85,7.48,-5.25,1,8292
5.0,315.439751,172.18,0.82,-8.49,26.9,10.3,-2.0,1,8167
5.0,315.449751,168.66,0.83,-4.93,26.96,12.11,1.75,1,8030
5.0,315.459751,164.62,0.83,-1.04,27.04,12.73,5.25,1,7905
5.0,315.469751,161.02,0.87,3.22,27.12,12.11,8.25,1,7766
5.0,315.479751,159.52,0.86,7.22,27.2,10.3,9.75,1,7664
5.0,315.489751,158.99,0.86,10.39,27.26,7.48,10.25,1,8535
5.0,315.499751,159.35,0.9,11.51,27.28,3.93,9.75,1,8410
5.0,315.509751,161.02,0.9,9.97,27.25,-0.0,8.5,1,8288
5.0,315.519751,162.69,0.86,8.27,27.2,-3.93,6.5,1,8161
5.0,315.529751,165.15,0.87,6.02,27.15,-7.48,4.0,1,8025
5.0,315.539751,168.49,0.83,3.12,27.1,-10.3,0.75,1,7898
5.0,315.549751,172.18,0.82,-0.24,27.04,-12.11,-2.75,1,7771
5.0,315.559751,176.13,0.82,-3.89,26.97,-12.73,-6.5,1,7669
5.0,315.569751,180.09,0.8,-8.03,26.89,-12.11,-10.0,1,8531
5.0,315.579751,182.29,0.79,-12.3,26.82,-10.3,-12.0,1,8411
5.0,315.589751,183.43,0.84,-15.89,26.74,-7.48,-12.75,1,8293
5.0,315.599751,183.6,0.88,-17.56,26.69,-3.93,-12.75,1,8158
6.0,317.619751,174.99,0.87,-8.84,26.93,0.0,-4.25,1,7919
6.0,317.629751,173.14,0.8,-8.65,26.94,3.91,-2.75,1,7790
6.0,317.639751,170.77,0.82,-7.27,26.98,7.26,-0.75,1,8690
6.0,317.649751,168.4,0.83,-4.19,27.05,9.6,2.0,1,8560
6.0,317.659751,165.32,0.83,-1.21,27.11,10.59,5.25,1,8433
6.0,317.669751,161.37,0.86,2.28,27.17,10.09,8.0,1,8322
6.0,317.679751,159.35,0.87,6.01,27.24,8.18,9.75,1,8186
6.0,317.689751,159.52,0.85,9.46,27.31,5.11,10.25,1,8059
6.0,317.699751,159.52,0.85,11.21,27.34,1.33,9.75,1,7922
6.0,317.709751,160.58,0.91,10.23,27.32,-2.64,8.25,1,7795
6.0,317.719751,163.12,0.86,8.17,27.27,-6.24,6.25,1,8683
6.0,317.729751,165.76,0.85,5.85,27.21,-8.96,3.75,1,8558
6.0,317.739751,168.75,0.84,2.93,27.16,-10.42,0.75,1,8438
6.0,317.749751,172.53,0.81,-0.45,27.1,-10.42,-3.0,1,8319
6.0,317.759751,175.61,0.82,-4.17,27.03,-8.96,-6.0,1,8182
6.0,317.769751,177.8,0.79,-8.34,26.96,-6.24,-8.0,1,8055
6.0,317.779751,178.95,0.83,-11.71,26.89,-2.64,-8.5,1,7918
6.0,317.789751,178.95,0.86,-12.91,26.86,1.33,-8.0,1,7800
6.0,317.799751,177.1,0.8,-12.68,26.87,5.11,-6.75,1,8690
6.0,317.809751,174.81,0.82,-11.2,26.9,8.18,-4.75,1,8560
6.0,317.819751,172.18,0.82,-8.15,26.99,10.09,-1.75,1,8441
6.0,317.829751,169.01,0.82,-5.12,27.04,10.59,1.25,1,8324
6.0,317.839751,165.32,0.84,-1.55,27.1,9.6,4.25,1,8186
6.0,317.849751,162.95,0.84,2.29,27.18,7.26,6.0,1,8059
6.0,317.859750,162.69,0.83,6.13,27.24,3.91,6.5,1,7922
6.0,317.869751,162.95,0.83,7.79,27.28,0.0,6.25,1,7796
6.0,317.879751,164.18,0.88,6.53,27.26,-3.91,5.0,1,8695
6.0,317.889751,166.64,0.83,4.8,27.21,-7.26,3.0,1,8568
6.0,317.899751,169.1,0.83,2.57,27.15,-9.6,0.25,1,8437
6.0,317.909751,172.18,0.82,-0.31,27.11,-10.59,-2.75,1,8319
6.0,317.919751,174.99,0.8,-3.79,27.05,-10.09,-5.5,1,8182
6.0,317.929751,176.92,0.8,-7.5,26.98,-8.18,-7.0,1,8063
6.0,317.939751,177.98,0.82,-10.49,26.91,-5.11,-7.5,1,7927
6.0,317.949751,177.45,0.87,-11.44,26.89,-1.33,-7.25,1,7800
6.0,317.959751,176.66,0.79,-11.28,26.91,2.64,-5.75,1,8691
6.0,317.969751,174.46,0.81,-10.2,26.94,6.24,-4.0,1,8561
6.0,317.979751,171.65,0.84,-7.55,27.0,8.96,-1.25,1,8442
6.0,317.989751,168.4,0.82,-4.61,27.05,10.42,1.75,1,8324
6.0,317.999751,165.06,0.84,-1.18,27.12,10.42,5.25,1,8187
6.0,318.009751,160.66,0.85,2.63,27.19,8.96,8.5,1,8059
6.0,318.019751,158.99,0.88,6.62,27.27,6.24,10.25,1,7923
6.0,318.029751,158.55,0.86,10.43,27.33,2.64,11.0,1,7796
6.0,318.039754,158.38,0.86,12.18,27.36,-1.33,10.75,1,8695
6.0,318.049751,159.35,0.93,11.21,27.36,-5.11,9.5,1,8568
6.0,318.059751,161.63,0.86,9.33,27.3,-8.18,7.5,1,8438
6.0,318.069751,164.18,0.86,7.07,27.25,-10.09,5.0,1,8327
6.0,318.079751,167.34,0.85,4.23,27.2,-10.59,1.75,1,8192
6.0,318.089751,170.77,0.81,0.83,27.14,-9.6,-1.25,1,8064
6.0,318.099751,173.58,0.82,-2.99,27.07,-7.26,-3.75,1,7928
6.0,318.109751,175.25,0.81,-6.61,27.0,-3.91,-5.0,1,7800
6.0,318.119751,175.17,0.85,-8.91,26.94,0.0,-5.0,1,8692
6.0,318.129751,174.46,0.83,-9.71,26.93,3.91,-4.0,1,8561
6.0,318.139751,172.79,0.81,-8.7,26.96,7.26,-2.25,1,8442
6.0,318.149751,170.33,0.83,-6.11,27.03,9.6,0.25,1,8323
6.0,318.159751,167.52,0.84,-3.31,27.08,10.59,3.0,1,8188
6.0,318.169751,164.18,0.84,-0.01,27.13,10.09,5.75,1,8068
6.0,318.179751,162.16,0.86,3.53,27.21,8.18,7.25,1,7923
6.0,318.189751,161.89,0.83,6.83,27.27,5.11,7.75,1,7805
6.0,318.199754,162.16,0.83,8.49,27.31,1.33,7.0,1,8696
6.0,318.209751,163.12,0.9,7.65,27.29,-2.64,5.75,1,8565
6.0,318.219751,165.5,0.84,5.48,27.23,-6.24,3.75,1,8446
6.0,318.229751,168.31,0.84,3.21,27.18,-8.96,1.0,1,8328
6.0,318.239751,171.3,0.83,0.41,27.13,-10.42,-2.0,1,8193
6.0,318.249751,175.17,0.79,-3.03,27.07,-10.42,-5.5,1,8065
6.0,318.259751,178.59,0.81,-6.84,27.0,-8.96,-8.75,1,7928
6.0,318.269751,180.79,0.78,-10.84,26.93,-6.24,-10.75,1,7800
6.0,318.279753,182.29,0.84,-14.1,26.86,-2.64,-12.25,1,8691
6.0,318.289751,183.25,0.85,-15.74,26.82,1.33,-12.5,1,8570
6.0,318.299751,181.93,0.78,-16.88,26.82,5.11,-11.25,1,8442
6.0,318.309751,179.91,0.87,-16.51,26.81,8.18,-9.25,1,8324
6.0,318.319751,177.28,0.82,-13.58,26.89,10.09,-6.75,1,8187
6.0,318.329751,174.46,0.79,-10.15,26.96,10.59,-3.5,1,8070
6.0,318.339751,170.6,0.84,-6.5,27.02,9.6,-0.25,1,7933
6.0,318.349751,166.9,0.82,-2.63,27.1,7.26,2.25,1,7805
6.0,318.359754,165.76,0.83,1.24,27.17,3.91,3.75,1,8696
6.0,318.369751,165.15,0.81,4.16,27.23,0.0,4.25,1,8567
6.0,318.379751,165.06,0.84,5.05,27.24,-3.91,4.25,1,8438
6.0,318.389751,166.03,0.87,3.9,27.22,-7.26,3.5,1,8328
6.0,318.399751,167.52,0.83,3.16,27.2,-9.6,1.75,1,8192
6.0,318.409751,169.8,0.81,1.57,27.16,-10.59,-0.5,1,8065
6.0,318.419751,172.71,0.83,-1.05,27.11,-10.09,-3.25,1,7929
6.0,318.429751,175.25,0.8,-4.25,27.05,-8.18,-5.75,1,7804
6.0,318.439752,176.48,0.79,-7.72,26.99,-5.11,-7.0,1,8700
6.0,318.449751,177.63,0.85,-10.4,26.93,-1.33,-7.25,1,8570
6.0,318.459751,176.66,0.86,-11.01,26.91,2.64,-6.5,1,8443
6.0,318.469751,175.34,0.8,-10.68,26.93,6.24,-4.75,1,8333
6.0,318.479751,173.14,0.81,-9.19,26.97,8.96,-2.75,1,8197
6.0,318.489751,170.16,0.84,-6.1,27.03,10.42,0.25,1,8070
6.0,318.499751,166.9,0.83,-2.99,27.09,10.42,3.5,1,7934
6.0,318.509751,163.3,0.85,0.55,27.16,8.96,6.25,1,7806
6.0,318.519754,161.37,0.86,4.45,27.23,6.24,8.0,1,8697
6.0,318.529751,160.58,0.84,7.89,27.3,2.64,8.5,1,8566
6.0,318.539751,160.75,0.84,9.61,27.33,-1.33,8.0,1,8447
6.0,318.549751,162.33,0.9,8.72,27.32,-5.11,6.75,1,8328
6.0,318.559751,163.92,0.85,6.59,27.26,-8.18,4.75,1,8193
6.0,318.569751,166.46,0.84,4.25,27.21,-10.09,2.25,1,8065
6.0,318.579751,170.42,0.83,1.39,27.16,-10.59,-1.0,1,7930
6.0,318.589751,172.97,0.8,-1.95,27.09,-9.6,-3.75,1,7813
6.0,318.599752,175.43,0.81,-5.84,27.03,-7.26,-5.5,1,8700
6.0,318.609751,176.22,0.83,-8.9,26.97,-3.91,-6.0,1,8571
6.0,318.619751,175.96,0.87,-10.05,26.94,0.0,-5.25,1,8443
6.0,318.629751,174.46,0.8,-9.96,26.95,3.91,-4.0,1,8333
6.0,318.639751,172.71,0.81,-8.41,26.98,7.26,-2.0,1,8197
6.0,318.649751,170.16,0.84,-5.57,27.06,9.6,0.75,1,8070
6.0,318.659751,166.55,0.82,-2.63,27.11,10.59,3.75,1,7934
6.0,318.669751,163.21,0.85,0.81,27.16,10.09,6.5,1,7806
6.0,318.679751,161.1,0.86,4.49,27.24,8.18,8.25,1,8694
6.0,318.689751,160.58,0.84,8.03,27.31,5.11,9.25,1,8575
6.0,318.699751,159.52,0.84,9.84,27.34,1.33,9.5,1,8448
6.0,318.709751,159.96,0.93,9.35,27.34,-2.64,9.0,1,8329
6.0,318.719751,161.89,0.87,8.59,27.32,-6.24,7.5,1,8193
6.0,318.729751,163.3,0.83,7.23,27.28,-8.96,5.5,1,8074
6.0,318.739751,166.38,0.88,4.92,27.23,-10.42,2.75,1,7939
6.0,318.749751,169.8,0.81,2.0,27.17,-10.42,-0.5,1,7812
6.0,318.759752,172.97,0.82,-1.48,27.12,-8.96,-3.25,1,8699
6.0,318.769751,174.64,0.81,-5.31,27.05,-6.24,-4.75,1,8571
6.0,318.779751,175.78,0.83,-8.43,26.98,-2.64,-5.25,1,8452
6.0,318.789751,175.25,0.88,-9.52,26.95,1.33,-4.75,1,8334
6.0,318.799751,173.5,0.8,-9.35,26.96,5.11,-3.25,1,8197
6.0,318.809751,171.56,0.81,-7.72,27.0,8.18,-1.25,1,8070
6.0,318.819751,168.84,0.84,-4.7,27.07,10.09,1.5,1,7933
6.0,318.829751,165.5,0.83,-1.71,27.13,10.59,4.75,1,7807
6.0,318.839751,162.07,0.86,1.76,27.2,9.6,7.5,1,8704
6.0,318.849751,160.05,0.87,5.48,27.27,7.26,9.25,1,8576
6.0,318.859751,159.52,0.84,9.02,27.33,3.91,9.75,1,8457
6.0,318.869751,159.61,0.85,10.72,27.36,0.0,9.25,1,8338
6.0,318.879751,161.28,0.91,9.81,27.35,-3.91,8.0,1,8202
6.0,318.889751,163.3,0.86,7.76,27.3,-7.26,6.0,1,8074
6.0,318.899751,166.46,0.85,5.4,27.24,-9.6,3.25,1,7938
6.0,318.909751,169.28,0.84,2.63,27.19,-10.59,0.25,1,7813
6.0,318.919752,172.71,0.8,-0.71,27.12,-10.09,-3.25,1,8700
6.0,318.929751,175.96,0.82,-4.53,27.07,-8.18,-6.25,1,8574
6.0,318.939751,178.07,0.79,-8.62,26.99,-5.11,-8.25,1,8461
6.0,318.949751,179.3,0.84,-11.78,26.92,-1.33,-8.75,1,8334
6.0,318.959751,178.33,0.87,-12.86,26.89,2.64,-8.0,1,8197
6.0,318.969751,177.1,0.8,-12.77,26.9,6.24,-6.5,1,8070
6.0,318.979751,174.81,0.82,-11.12,26.94,8.96,-4.25,1,7934
6.0,318.989751,171.56,0.82,-7.86,27.03,10.42,-1.25,1,7816
6.0,318.999751,168.4,0.83,-4.7,27.08,10.42,1.75,1,8704
6.0,319.009751,164.97,0.84,-0.99,27.15,8.96,4.75,1,8576
6.0,319.019751,162.6,0.85,2.92,27.22,6.24,6.75,1,8457
6.0,319.029751,162.42,0.84,6.72,27.29,2.64,7.25,1,8340
6.0,319.039751,162.07,0.83,8.4,27.32,-1.33,6.75,1,8202
6.0,319.049751,163.74,0.89,7.27,27.3,-5.11,5.75,1,8078
6.0,319.059751,165.76,0.84,5.51,27.26,-8.18,3.75,1,7939
6.0,319.069751,168.13,0.83,3.25,27.21,-10.09,1.25,1,7812
6.0,319.079751,171.21,0.82,0.56,27.16,-10.59,-1.75,1,8709
6.0,319.089751,174.11,0.81,-2.83,27.09,-9.6,-4.75,1,8583
6.0,319.099751,175.96,0.8,-6.58,27.03,-7.26,-6.25,1,8461
6.0,319.109751,176.84,0.82,-9.64,26.97,-3.91,-6.5,1,8334
6.0,319.119751,176.48,0.88,-10.57,26.94,-0.0,-5.75,1,8198
6.0,319.129751,174.81,0.8,-10.32,26.96,3.91,-4.5,1,8082
6.0,319.139751,173.14,0.81,-8.91,27.0,7.26,-2.25,1,7943
6.0,319.149751,169.63,0.83,-5.71,27.07,9.6,0.5,1,7825
6.0,319.159751,166.82,0.83,-2.73,27.12,10.59,3.75,1,8704
6.0,319.169751,163.04,0.85,0.79,27.18,10.09,6.75,1,8578
6.0,319.179751,160.58,0.86,4.56,27.26,8.18,8.25,1,8466
6.0,319.189751,160.22,0.85,8.06,27.33,5.11,9.25,1,8341
6.0,319.199751,159.35,0.83,9.91,27.36,1.33,9.75,1,8202
6.0,319.209751,160.4,0.94,9.51,27.36,-2.64,9.0,1,8075
6.0,319.219751,161.72,0.87,8.69,27.34,-6.24,7.5,1,7948
6.0,319.229751,163.48,0.83,7.31,27.29,-8.96,5.5,1,7820
6.0,319.239751,166.46,0.89,4.96,27.24,-10.42,2.75,1,8709
6.0,319.249751,169.54,0.81,2.03,27.19,-10.42,-0.25,1,8583
6.0,319.259751,172.97,0.82,-1.45,27.13,-8.96,-3.25,1,8462
6.0,319.269751,174.99,0.81,-5.29,27.07,-6.24,-4.75,1,8343
6.0,319.279751,175.96,0.83,-8.41,27.0,-2.64,-5.25,1,8207
6.0,319.289751,174.99,0.88,-9.53,26.97,1.33,-4.75,1,8080
6.0,319.299751,173.94,0.8,-9.38,26.98,5.11,-3.25,1,7944
6.0,319.309751,171.39,0.82,-7.71,27.02,8.18,-1.25,1,7825
6.0,319.319751,168.84,0.84,-4.71,27.09,10.09,1.5,1,8705
6.0,319.329751,165.41,0.84,-1.72,27.15,10.59,4.75,1,8577
6.0,319.339751,161.72,0.86,1.75,27.21,9.6,7.5,1,8467
6.0,319.349751,159.87,0.87,5.47,27.29,7.26,9.25,1,8340
6.0,319.359751,159.7,0.84,9.1,27.35,3.91,9.75,1,8203
6.0,319.369751,159.96,0.85,10.76,27.38,-0.0,9.25,1,8075
6.0,319.379751,161.1,0.91,9.73,27.36,-3.91,8.0,1,7951
6.0,319.389751,163.3,0.86,7.79,27.31,-7.26,6.0,1,7829
6.0,319.399751,165.76,0.86,5.4,27.26,-9.6,3.25,1,8710
6.0,319.409751,168.93,0.84,2.63,27.2,-10.59,0.25,1,8583
6.0,319.419751,172.53,0.81,-0.71,27.14,-10.09,-3.25,1,8463
6.0,319.429751,176.22,0.81,-4.52,27.08,-8.18,-6.25,1,8344
6.0,319.439751,177.8,0.79,-8.61,27.01,-5.11,-8.25,1,8208
6.0,319.449751,179.3,0.84,-11.8,26.94,-1.33,-8.75,1,8083
6.0,319.459751,178.33,0.86,-12.84,26.91,2.64,-8.0,1,7944
6.0,319.469751,177.1,0.81,-12.72,26.92,6.24,-6.5,1,7842
6.0,319.479751,174.99,0.82,-11.19,26.95,8.96,-4.25,1,8713
6.0,319.489751,171.83,0.83,-7.85,27.04,10.42,-1.25,1,8587
6.0,319.499751,168.57,0.83,-4.7,27.1,10.42,1.75,1,8468
6.0,319.509751,164.44,0.84,-1.0,27.16,8.96,4.75,1,8340
6.0,319.519751,162.69,0.86,2.91,27.24,6.24,6.75,1,8203
6.0,319.529751,162.42,0.84,6.68,27.31,2.64,7.25,1,8085
6.0,319.539751,162.33,0.83,8.37,27.34,-1.33,6.75,1,7948
6.0,319.549751,163.48,0.89,7.32,27.32,-5.11,5.75,1,7847
6.0,319.559751,165.67,0.85,5.53,27.28,-8.18,3.75,1,8709
6.0,319.569751,168.13,0.83,3.26,27.22,-10.09,1.25,1,8585
6.0,319.579751,171.04,0.83,0.58,27.18,-10.59,-1.75,1,8473
6.0,319.589751,174.11,0.8,-2.81,27.11,-9.6,-4.75,1,8336
6.0,319.599751,175.96,0.81,-6.56,27.04,-7.26,-6.25,1,8208
6.0,319.609751,176.84,0.83,-9.62,26.98,-3.91,-6.5,1,8080
6.0,319.619751,176.31,0.87,-10.56,26.96,0.0,-5.75,1,7944
6.0,319.629751,174.99,0.81,-10.32,26.98,3.91,-4.25,1,7852
6.0,319.639751,172.88,0.81,-8.9,27.01,7.26,-2.25,1,8713
6.0,319.649751,169.72,0.84,-5.7,27.08,9.6,0.5,1,8587
6.0,319.659751,166.46,0.83,-2.72,27.14,10.59,3.75,1,8468
6.0,319.669751,163.12,0.85,0.78,27.2,10.09,6.75,1,8344
6.0,319.679751,160.58,0.86,4.56,27.27,8.18,8.25,1,8212
6.0,319.689751,160.14,0.85,8.12,27.35,5.11,9.25,1,8085
6.0,319.699751,159.7,0.85,9.95,27.37,1.33,9.75,1,7948
6.0,319.709751,160.4,0.93,9.5,27.37,-2.64,9.0,1,7848
6.0,319.719751,161.63,0.88,8.72,27.35,-6.24,7.75,1,8709
6.0,319.729751,163.39,0.83,7.33,27.31,-8.96,5.5,1,8582
6.0,319.739751,166.46,0.89,4.98,27.26,-10.42,2.75,1,8473
6.0,319.749751,169.37,0.82,2.06,27.21,-10.42,-0.25,1,8336
6.0,319.759751,172.79,0.81,-1.4,27.15,-8.96,-3.25,1,8208
6.0,319.769751,174.64,0.82,-5.21,27.08,-6.24,-4.75,1,8084
6.0,319.779751,175.17,0.83,-8.3,27.02,-2.64,-5.25,1,7953
6.0,319.789751,174.99,0.88,-9.4,26.98,1.33,-4.75,1,7843
6.0,319.799751,173.94,0.8,-9.21,26.99,5.11,-3.25,1,8714
6.0,319.809751,171.3,0.82,-7.56,27.03,8.18,-1.0,1,8586
6.0,319.819751,168.49,0.85,-4.54,27.11,10.09,1.75,1,8469
6.0,319.829751,165.41,0.83,-1.52,27.17,10.59,4.75,1,8344
6.0,319.839751,161.54,0.86,1.97,27.23,9.6,7.75,1,8213
6.0,319.849751,159.96,0.87,5.69,27.31,7.26,9.25,1,8085
6.0,319.859751,159.17,0.85,9.31,27.37,3.91,10.0,1,7949
6.0,319.869751,159.87,0.86,11.02,27.4,0.0,9.5,1,7849
6.0,319.879751,161.28,0.91,10.0,27.39,-3.91,8.0,1,8710
6.0,319.889751,163.04,0.86,7.92,27.34,-7.26,6.0,1,8594
6.0,319.899751,165.76,0.85,5.54,27.28,-9.6,3.25,1,8473
6.0,319.909751,169.28,0.85,2.63,27.22,-10.59,0.25,1,8337
6.0,319.919751,172.88,0.8,-0.77,27.15,-10.09,-3.25,1,8211
6.0,319.929751,176.13,0.82,-4.61,27.1,-8.18,-6.5,1,8093
6.0,319.939751,178.51,0.79,-8.74,27.02,-5.11,-8.25,1,7957
6.0,319.949751,179.65,0.84,-11.95,26.95,-1.33,-8.75,1,7852
6.0,319.959751,178.95,0.87,-13.08,26.92,2.64,-8.25,1,8714
6.0,319.969754,177.1,0.8,-13.02,26.93,6.24,-6.75,1,8590
6.0,319.979751,174.99,0.82,-11.42,26.96,8.96,-4.75,1,8476
6.0,319.989751,172.18,0.82,-8.24,27.05,10.42,-1.75,1,8344
6.0,319.999751,169.01,0.83,-5.09,27.11,10.42,1.5,1,8214
6.0,320.009751,165.32,0.84,-1.47,27.17,8.96,4.5,1,8086
6.0,320.019751,163.39,0.85,2.43,27.24,6.24,6.25,1,7952
6.0,320.029751,162.33,0.83,6.31,27.31,2.64,7.25,1,7856
6.0,320.039751,161.72,0.83,7.97,27.35,-1.33,7.5,1,8718
6.0,320.049751,162.33,0.92,7.28,27.35,-5.11,6.75,1,8591
6.0,320.059751,163.74,0.85,6.81,27.33,-8.18,5.5,1,8472
6.0,320.069754,165.76,0.82,5.2,27.28,-10.09,3.25,1,8349
6.0,320.079751,168.84,0.87,2.84,27.23,-10.59,0.5,1,8221
6.0,320.089754,172.0,0.81,-0.16,27.18,-9.6,-2.25,1,8094
6.0,320.099751,173.94,0.81,-3.72,27.11,-7.26,-4.25,1,7957
6.0,320.109751,175.34,0.83,-7.04,27.05,-3.91,-5.25,1,7852
6.0,320.119751,175.78,0.84,-9.05,27.01,-0.0,-5.0,1,8714
6.0,320.129751,174.11,0.85,-9.63,27.0,3.91,-4.0,1,8587
6.0,320.139751,172.35,0.81,-8.5,27.04,7.26,-2.0,1,8468
6.0,320.149751,170.16,0.82,-5.82,27.1,9.6,0.5,1,8345
6.0,320.159751,166.82,0.85,-2.92,27.15,10.59,3.5,1,8214
6.0,320.169754,163.39,0.84,0.48,27.21,10.09,6.25,1,8090
6.0,320.179751,161.37,0.87,4.11,27.28,8.18,7.75,1,7958
6.0,320.189751,160.75,0.84,7.6,27.35,5.11,8.25,1,7857
6.0,320.199751,161.37,0.83,9.38,27.38,1.33,7.75,1,8719
6.0,320.209751,162.33,0.91,8.33,27.36,-2.64,6.5,1,8594
6.0,320.219751,164.71,0.84,6.4,27.31,-6.24,4.5,1,8472
6.0,320.229754,167.43,0.85,4.03,27.26,-8.96,2.0,1,8348
6.0,320.239751,170.24,0.83,1.23,27.2,-10.42,-1.25,1,8220
6.0,320.249754,173.76,0.8,-2.11,27.15,-10.42,-4.25,1,8094
6.0,320.259751,176.66,0.82,-5.97,27.08,-8.96,-6.75,1,7957
6.0,320.269751,177.98,0.81,-9.48,27.01,-6.24,-8.0,1,7854
6.0,320.279751,178.51,0.86,-11.69,26.96,-2.64,-8.0,1,8724
6.0,320.289754,177.8,0.83,-12.21,26.96,1.33,-7.25,1,8599
6.0,320.299751,175.78,0.81,-11.56,26.98,5.11,-5.25,1,8477
6.0,320.309754,173.5,0.83,-9.53,27.03,8.18,-3.0,1,8344
6.0,320.319751,170.86,0.82,-6.49,27.1,10.09,-0.25,1,8225
6.0,320.329754,167.08,0.84,-3.28,27.15,10.59,3.25,1,8099
6.0,320.339751,163.39,0.84,0.4,27.21,9.6,6.25,1,7961
6.0,320.349751,161.1,0.87,4.25,27.3,7.26,8.0,1,7857
6.0,320.359751,160.66,0.85,8.0,27.36,3.91,8.75,1,8719
6.0,320.369754,160.75,0.84,9.83,27.39,-0.0,8.25,1,8595
6.0,320.379751,162.16,0.91,8.93,27.38,-3.91,7.25,1,8482
6.0,320.389754,163.92,0.85,7.1,27.33,-7.26,5.25,1,8349
6.0,320.399751,166.2,0.85,4.96,27.28,-9.6,2.75,1,8220
6.0,320.409754,169.1,0.83,2.17,27.23,-10.59,-0.25,1,8095
6.0,320.419751,172.97,0.81,-1.13,27.18,-10.09,-3.25,1,7959
6.0,320.429751,175.17,0.82,-4.81,27.11,-8.18,-5.5,1,7854
6.0,320.439751,177.28,0.81,-8.34,27.04,-5.11,-6.75,1,8724
6.0,320.449754,177.28,0.85,-10.54,26.99,-1.33,-6.75,1,8599
6.0,320.459751,176.13,0.83,-11.1,26.98,2.64,-5.75,1,8478
6.0,320.469753,174.29,0.82,-10.21,27.02,6.24,-3.75,1,8344
6.0,320.479751,171.56,0.83,-7.73,27.07,8.96,-1.25,1,8223
6.0,320.489754,168.66,0.83,-4.77,27.13,10.42,1.75,1,8099
6.0,320.499751,165.15,0.85,-1.51,27.19,10.42,5.0,1,7960
6.0,320.509751,161.28,0.86,2.2,27.26,8.96,8.0,1,7861
6.0,320.519751,159.52,0.88,6.1,27.34,6.24,9.75,1,8720
6.0,320.529754,158.73,0.86,9.89,27.4,2.64,10.25,1,8595
6.0,320.539751,159.08,0.87,11.62,27.44,-1.33,10.0,1,8482
6.0,320.549754,160.84,0.92,10.42,27.42,-5.11,8.75,1,8349
6.0,320.559751,162.77,0.86,8.54,27.37,-8.18,6.75,1,8219
6.0,320.569752,165.32,0.87,6.2,27.31,-10.09,4.0,1,8101
6.0,320.579751,168.4,0.84,3.22,27.25,-10.59,0.75,1,7964
6.0,320.589751,171.56,0.81,-0.25,27.2,-9.6,-2.0,1,7863
6.0,320.599751,173.14,0.83,-3.94,27.12,-7.26,-3.75,1,8724
6.0,320.609751,174.64,0.83,-7.13,27.06,-3.91,-4.25,1,8600
6.0,320.619751,174.11,0.87,-8.26,27.04,0.0,-3.75,1,8478
6.0,320.629754,172.79,0.82,-8.24,27.04,3.91,-2.25,1,8353
6.0,320.639751,170.68,0.82,-6.88,27.07,7.26,-0.25,1,8224
6.0,320.649754,167.7,0.84,-3.8,27.15,9.6,2.25,1,8100
6.0,320.659751,165.06,0.84,-0.91,27.2,10.59,5.5,1,7960
6.0,320.669751,161.1,0.87,2.5,27.27,10.09,8.25,1,7859
6.0,320.679751,159.26,0.87,6.26,27.35,8.18,10.0,1,8728
6.0,320.689754,158.99,0.85,9.7,27.41,5.11,10.25,1,8604
6.0,320.699751,159.35,0.86,11.43,27.44,1.33,10.0,1,8483
6.0,320.709751,160.58,0.92,10.5,27.43,-2.64,8.75,1,8346
6.0,320.719751,162.77,0.87,8.47,27.37,-6.24,6.75,1,8227
6.0,320.729751,165.41,0.86,6.18,27.31,-8.96,4.0,1,8101
6.0,320.739751,168.31,0.85,3.25,27.26,-10.42,0.75,1,7965
6.0,320.749751,172.53,0.82,-0.16,27.2,-10.42,-2.75,1,7864
6.0,320.759751,175.78,0.82,-3.84,27.13,-8.96,-5.75,1,8724
6.0,320.769751,177.45,0.8,-7.95,27.05,-6.24,-7.75,1,8598
6.0,320.779751,178.77,0.84,-11.32,26.99,-2.64,-8.25,1,8489
6.0,320.789752,178.51,0.87,-12.61,26.95,1.33,-7.75,1,8353
6.0,320.799751,176.84,0.81,-12.42,26.97,5.11,-6.25,1,8223
6.0,320.809754,174.46,0.82,-10.92,27.0,8.18,-4.25,1,8099
6.0,320.819754,172.18,0.83,-7.95,27.08,10.09,-1.75,1,7964
6.0,320.829751,168.66,0.83,-4.92,27.13,10.59,1.75,1,7868
6.0,320.839751,165.15,0.85,-1.37,27.2,9.6,4.5,1,8730
6.0,320.849753,162.77,0.85,2.49,27.27,7.26,6.25,1,8605
6.0,320.859751,162.6,0.84,6.29,27.34,3.91,6.75,1,8483
6.0,320.869751,162.42,0.83,7.95,27.38,0.0,6.5,1,8347
6.0,320.879751,164.36,0.89,6.83,27.36,-3.91,5.25,1,8228
6.0,320.889754,166.03,0.84,5.11,27.31,-7.26,3.25,1,8103
6.0,320.899754,168.22,0.84,2.83,27.25,-9.6,0.75,1,7968
6.0,320.909751,171.56,0.83,0.08,27.21,-10.59,-2.25,1,7875
6.0,320.919751,174.81,0.81,-3.34,27.15,-10.09,-5.25,1,8726
6.0,320.929752,176.92,0.81,-7.06,27.08,-8.18,-6.75,1,8607
6.0,320.939751,177.45,0.83,-10.08,27.02,-5.11,-7.25,1,8490
6.0,320.949752,177.28,0.88,-11.24,26.99,-1.33,-6.75,1,8353
6.0,320.959763,176.13,0.8,-11.18,27.0,2.64,-5.75,1,8237
6.0,320.969763,173.94,0.81,-9.89,27.03,6.24,-3.75,1,8109
6.0,320.979767,171.65,0.85,-7.17,27.1,8.96,-1.0,1,7986
6.0,320.989767,168.05,0.82,-4.35,27.15,10.42,2.25,1,7884
6.0,320.999763,165.15,0.85,-0.95,27.21,10.42,5.25,1,8742
6.0,321.009765,161.54,0.86,2.82,27.29,8.96,7.75,1,8617
6.0,321.019764,160.4,0.86,6.49,27.36,6.24,8.75,1,8497
6.0,321.029764,159.96,0.85,9.43,27.41,2.64,9.0,1,8370
6.0,321.039763,160.93,0.88,10.13,27.42,-1.33,8.25,1,8244
6.0,321.049763,162.42,0.89,8.35,27.39,-5.11,6.75,1,8114
6.0,321.059764,164.71,0.85,6.5,27.34,-8.18,4.75,1,7979
6.0,321.069767,167.52,0.86,4.07,27.29,-10.09,1.75,1,8879
6.0,321.079763,170.51,0.82,1.08,27.23,-10.59,-1.25,1,8738
6.0,321.089763,174.11,0.81,-2.35,27.17,-9.6,-4.25,1,8619
6.0,321.099764,175.96,0.81,-6.34,27.1,-7.26,-6.0,1,8501
6.0,321.109764,176.66,0.83,-9.47,27.03,-3.91,-6.5,1,8366
6.0,321.119767,176.31,0.88,-10.55,27.01,-0.0,-5.75,1,8250
6.0,321.129763,174.81,0.81,-10.39,27.02,3.91,-4.5,1,8118
6.0,321.139763,172.88,0.82,-9.07,27.05,7.26,-2.25,1,7985
6.0,321.149768,170.16,0.83,-5.89,27.13,9.6,0.25,1,8874
6.0,321.159764,166.9,0.83,-3.0,27.18,10.59,3.25,1,8744
6.0,321.169763,163.04,0.86,0.42,27.25,10.09,6.25,1,8615
6.0,321.179763,161.37,0.86,4.21,27.31,8.18,8.0,1,8505
6.0,321.189764,160.4,0.85,7.76,27.39,5.11,9.0,1,8370
6.0,321.199764,159.87,0.84,9.59,27.41,1.33,9.25,1,8243
6.0,321.209763,160.58,0.93,9.24,27.41,-2.64,8.75,1,8114
6.0,321.219763,161.98,0.88,8.45,27.39,-6.24,7.25,1,7989
6.0,321.229767,163.74,0.83,7.12,27.36,-8.96,5.25,1,8879
6.0,321.239764,166.82,0.89,4.89,27.31,-10.42,2.75,1,8748
6.0,321.249763,169.8,0.81,1.98,27.25,-10.42,-0.5,1,8620
6.0,321.259763,173.06,0.82,-1.48,27.2,-8.96,-3.25,1,8501
6.0,321.269764,174.55,0.81,-5.29,27.13,-6.24,-5.0,1,8366
6.0,321.279764,175.78,0.83,-8.45,27.06,-2.64,-5.25,1,8247
6.0,321.289763,175.61,0.89,-9.59,27.03,1.33,-4.75,1,8110
6.0,321.299763,173.94,0.8,-9.45,27.04,5.11,-3.5,1,7982
6.0,321.309768,172.0,0.82,-7.88,27.08,8.18,-1.5,1,8883
6.0,321.319764,169.28,0.84,-4.97,27.15,10.09,1.25,1,8744
6.0,321.329763,166.11,0.84,-2.06,27.2,10.59,4.25,1,8624
6.0,321.339763,162.33,0.86,1.39,27.27,9.6,7.25,1,8505
6.0,321.349764,160.4,0.87,5.13,27.34,7.26,8.75,1,8371
6.0,321.359764,159.87,0.85,8.7,27.41,3.91,9.25,1,8245
6.0,321.369766,160.22,0.85,10.38,27.44,-0.0,8.75,1,8116
6.0,321.379763,161.63,0.91,9.33,27.42,-3.91,7.75,1,7987
6.0,321.389766,163.39,0.86,7.42,27.37,-7.26,5.75,1,8878
6.0,321.399764,166.2,0.86,5.22,27.32,-9.6,3.25,1,8749
6.0,321.409764,169.28,0.84,2.52,27.26,-10.59,-0.0,1,8621
6.0,321.419763,172.53,0.81,-0.79,27.21,-10.09,-3.0,1,8501
6.0,321.429763,174.64,0.82,-4.57,27.15,-8.18,-5.25,1,8365
6.0,321.439764,177.1,0.81,-8.14,27.08,-5.11,-6.5,1,8248
6.0,321.449765,176.92,0.86,-10.39,27.02,-1.33,-6.5,1,8112
6.0,321.459763,175.78,0.83,-11.07,27.02,2.64,-5.5,1,7982
6.0,321.469766,174.29,0.81,-10.08,27.05,6.24,-3.75,1,8882
6.0,321.479764,171.47,0.83,-7.52,27.11,8.96,-1.25,1,8744
6.0,321.489764,168.31,0.84,-4.6,27.16,10.42,1.75,1,8626
6.0,321.499763,164.79,0.84,-1.3,27.22,10.42,5.25,1,8506
6.0,321.509763,161.28,0.86,2.37,27.29,8.96,8.25,1,8370
6.0,321.519764,159.26,0.88,6.26,27.37,6.24,10.0,1,8255
6.0,321.529764,158.29,0.86,10.02,27.44,2.64,10.75,1,8116
6.0,321.539763,158.99,0.86,11.77,27.47,-1.33,10.25,1,7987
6.0,321.549766,160.31,0.92,10.73,27.46,-5.11,9.0,1,8878
6.0,321.559764,162.07,0.87,8.82,27.4,-8.18,6.75,1,8749
6.0,321.569764,164.97,0.86,6.5,27.35,-10.09,4.25,1,8621
6.0,321.579763,168.49,0.85,3.58,27.29,-10.59,1.25,1,8514
6.0,321.589763,171.47,0.82,0.19,27.23,-9.6,-2.0,1,8374
6.0,321.599764,174.46,0.82,-3.54,27.17,-7.26,-4.5,1,8248
6.0,321.609764,175.78,0.82,-7.24,27.1,-3.91,-5.5,1,8111
8.0,323.639751,174.46,0.86,-8.17,27.13,3.83,-4.25,1,8769
8.0,323.649751,173.32,0.84,-7.94,27.14,6.72,-2.75,1,8647
8.0,323.659751,170.77,0.82,-6.77,27.17,7.94,-0.75,1,8510
8.0,323.669751,168.4,0.83,-4.81,27.22,7.2,2.0,1,8385
8.0,323.679754,165.41,0.83,-1.22,27.29,4.68,4.5,1,8267
8.0,323.689751,163.39,0.86,2.21,27.35,1.0,6.0,1,8131
8.0,323.699751,162.42,0.83,5.16,27.41,-2.93,7.0,1,8029
8.0,323.709751,162.07,0.84,6.97,27.45,-6.13,7.0,1,8897
8.0,323.719751,163.48,0.91,7.48,27.46,-7.82,6.0,1,8774
8.0,323.729751,164.71,0.82,6.12,27.42,-7.57,4.25,1,8651
8.0,323.739751,167.43,0.84,3.97,27.36,-5.45,1.75,1,8518
8.0,323.749751,169.45,0.84,1.36,27.32,-1.98,-0.25,1,8387
8.0,323.759754,170.95,0.79,-1.85,27.27,1.98,-1.0,1,8263
8.0,323.769751,170.77,0.87,-4.25,27.22,5.45,-0.75,1,8133
8.0,323.779751,170.33,0.86,-4.68,27.21,7.57,0.25,1,8022
8.0,323.789751,168.4,0.82,-4.0,27.22,7.82,2.25,1,8893
8.0,323.799751,165.76,0.83,-2.02,27.27,6.13,4.0,1,8769
8.0,323.809751,164.62,0.86,1.22,27.34,2.93,4.75,1,8647
8.0,323.819751,165.06,0.81,3.79,27.39,-1.0,4.25,1,8511
8.0,323.829751,165.76,0.81,4.95,27.42,-4.68,3.25,1,8385
8.0,323.839754,167.96,0.87,3.8,27.39,-7.2,1.5,1,8268
8.0,323.849751,170.6,0.82,1.15,27.32,-7.94,-1.0,1,8132
8.0,323.859751,172.97,0.8,-1.59,27.27,-6.72,-3.25,1,8028
8.0,323.869751,174.29,0.82,-4.78,27.21,-3.83,-4.25,1,8897
8.0,323.879754,174.46,0.82,-7.38,27.16,0.0,-4.25,1,8773
8.0,323.889751,173.5,0.88,-7.95,27.14,3.83,-3.25,1,8651
8.0,323.899754,172.0,0.81,-7.11,27.17,6.72,-1.25,1,8518
8.0,323.909751,169.54,0.82,-5.49,27.21,7.94,1.0,1,8388
8.0,323.919754,166.73,0.84,-2.7,27.27,7.2,3.75,1,8264
8.0,323.929751,163.21,0.84,0.77,27.33,4.68,6.5,1,8133
8.0,323.939751,161.63,0.87,4.22,27.4,1.0,7.75,1,8034
8.0,323.949751,161.28,0.83,7.6,27.46,-2.93,8.0,1,8893
8.0,323.959754,162.33,0.83,9.05,27.49,-6.13,7.0,1,8777
8.0,323.969751,164.0,0.89,7.64,27.46,-7.82,5.25,1,8657
8.0,323.979754,166.03,0.83,5.21,27.4,-7.57,3.0,1,8523
8.0,323.989751,168.66,0.83,2.47,27.35,-5.45,0.75,1,8395
8.0,323.999751,169.63,0.82,-0.63,27.3,-1.98,-0.25,1,8268
8.0,324.009751,169.63,0.84,-3.25,27.24,1.98,-0.25,1,8129
8.0,324.019751,169.54,0.89,-3.81,27.22,5.45,1.0,1,8037
8.0,324.029751,167.34,0.82,-2.93,27.25,7.57,2.75,1,8898
8.0,324.039754,165.06,0.84,-1.37,27.29,7.82,5.0,1,8773
8.0,324.049751,162.42,0.86,1.29,27.34,6.13,7.25,1,8652
8.0,324.059754,161.02,0.85,4.73,27.41,2.93,8.25,1,8519
8.0,324.069751,160.93,0.85,7.66,27.47,-1.0,8.0,1,8388
8.0,324.079754,161.98,0.82,8.93,27.49,-4.68,7.0,1,8272
8.0,324.089751,163.48,0.89,7.57,27.47,-7.2,5.25,1,8133
8.0,324.099751,166.2,0.84,5.0,27.4,-7.94,2.75,1,8033
8.0,324.109751,169.28,0.82,2.29,27.35,-6.72,-0.0,1,8903
8.0,324.119751,172.27,0.83,-0.85,27.3,-3.83,-2.5,1,8778
8.0,324.129751,173.94,0.79,-4.4,27.23,-0.0,-3.75,1,8647
8.0,324.139754,174.29,0.84,-7.25,27.17,3.83,-4.0,1,8523
8.0,324.149751,173.76,0.86,-8.08,27.14,6.72,-3.25,1,8394
8.0,324.159751,172.0,0.81,-7.69,27.16,7.94,-1.5,1,8266
8.0,324.169751,169.72,0.82,-5.94,27.2,7.2,0.75,1,8138
8.0,324.179751,166.64,0.83,-2.54,27.28,4.68,3.0,1,8036
8.0,324.189751,165.41,0.84,0.51,27.34,1.0,3.75,1,8898
8.0,324.199754,165.76,0.82,3.3,27.4,-2.93,3.75,1,8774
8.0,324.209751,166.64,0.79,4.47,27.43,-6.13,2.75,1,8652
8.0,324.219754,168.57,0.86,3.3,27.4,-7.82,0.75,1,8520
8.0,324.229751,170.95,0.82,0.64,27.31,-7.57,-1.75,1,8388
8.0,324.239754,173.32,0.8,-2.24,27.27,-5.45,-3.75,1,8273
8.0,324.249751,174.46,0.81,-5.45,27.21,-1.98,-4.75,1,8137
8.0,324.259751,174.46,0.82,-7.94,27.17,1.98,-4.75,1,8040
8.0,324.269751,174.11,0.88,-8.37,27.15,5.45,-3.5,1,8903
8.0,324.279753,172.18,0.8,-7.46,27.17,7.57,-1.75,1,8778
8.0,324.289751,169.28,0.81,-5.73,27.22,7.82,0.75,1,8656
8.0,324.299754,166.64,0.85,-2.96,27.27,6.13,3.0,1,8524
8.0,324.309751,165.23,0.83,0.62,27.34,2.93,4.0,1,8394
8.0,324.319754,165.41,0.82,3.48,27.4,-1.0,4.25,1,8268
8.0,324.329751,166.03,0.79,4.78,27.44,-4.68,3.25,1,8130
8.0,324.339751,167.43,0.86,4.01,27.42,-7.2,1.5,1,8036
8.0,324.349751,170.24,0.82,1.32,27.34,-7.94,-0.75,1,8900
8.0,324.359754,172.88,0.8,-1.33,27.29,-6.72,-3.25,1,8774
8.0,324.369751,174.81,0.82,-4.44,27.23,-3.83,-5.0,1,8654
8.0,324.379752,175.61,0.8,-7.46,27.18,-0.0,-5.5,1,8526
8.0,324.389751,175.17,0.86,-9.01,27.14,3.83,-5.0,1,8398
8.0,324.399754,174.29,0.83,-8.69,27.15,6.72,-3.75,1,8273
8.0,324.409754,171.56,0.81,-7.71,27.18,7.94,-1.75,1,8138
8.0,324.419751,169.37,0.82,-5.81,27.23,7.2,1.0,1,8041
8.0,324.429751,166.55,0.83,-2.42,27.29,4.68,3.25,1,8903
8.0,324.439753,164.79,0.85,1.06,27.36,1.0,4.5,1,8778
8.0,324.449751,164.62,0.82,3.97,27.42,-2.93,4.75,1,8657
8.0,324.459754,165.41,0.79,5.32,27.45,-6.13,3.75,1,8524
8.0,324.469751,167.17,0.87,4.64,27.44,-7.82,2.25,1,8394
8.0,324.479750,169.72,0.83,1.98,27.36,-7.57,-0.25,1,8275
8.0,324.489751,171.91,0.8,-0.64,27.3,-5.45,-2.25,1,8138
8.0,324.499751,172.53,0.82,-3.71,27.25,-1.98,-3.0,1,8037
8.0,324.509751,172.88,0.82,-6.16,27.2,1.98,-3.0,1,8908
8.0,324.519751,172.62,0.88,-6.59,27.19,5.45,-2.0,1,8781
8.0,324.529751,170.51,0.81,-5.67,27.22,7.57,-0.25,1,8665
8.0,324.539754,168.22,0.81,-4.26,27.25,7.82,2.0,1,8529
8.0,324.549751,165.85,0.86,-1.87,27.3,6.13,4.25,1,8398
8.0,324.559754,163.74,0.83,1.65,27.38,2.93,5.25,1,8273
8.0,324.569754,164.18,0.84,4.47,27.43,-1.0,5.25,1,8137
8.0,324.579751,164.97,0.8,5.77,27.46,-4.68,4.25,1,8041
8.0,324.589751,166.2,0.87,5.1,27.45,-7.2,2.75,1,8904
8.0,324.599753,168.75,0.84,2.49,27.38,-7.94,0.5,1,8778
8.0,324.609751,171.56,0.8,0.03,27.32,-6.72,-2.25,1,8657
8.0,324.619754,174.81,0.83,-3.07,27.27,-3.83,-4.75,1,8524
8.0,324.629751,175.61,0.79,-6.49,27.21,0.0,-5.75,1,8394
8.0,324.639750,175.78,0.84,-9.12,27.15,3.83,-5.75,1,8275
8.0,324.649754,175.17,0.87,-9.76,27.13,6.72,-4.75,1,8142
8.0,324.659751,173.32,0.8,-9.01,27.16,7.94,-3.0,1,8050
8.0,324.669751,171.12,0.81,-7.32,27.2,7.2,-0.75,1,8908
8.0,324.679751,168.22,0.83,-4.24,27.27,4.68,1.5,1,8781
8.0,324.689751,166.9,0.84,-0.92,27.33,1.0,2.5,1,8663
8.0,324.699751,166.9,0.81,1.94,27.39,-2.93,2.5,1,8526
8.0,324.709751,167.7,0.79,3.13,27.42,-6.13,1.75,1,8398
8.0,324.719754,169.72,0.86,2.33,27.4,-7.82,-0.0,1,8274
8.0,324.729754,171.56,0.82,-0.26,27.32,-7.57,-2.25,1,8139
8.0,324.739751,174.29,0.8,-2.92,27.27,-5.45,-4.25,1,8041
8.0,324.749751,174.9,0.81,-5.86,27.22,-1.98,-5.25,1,8906
8.0,324.759751,174.81,0.82,-8.33,27.17,1.98,-5.0,1,8785
8.0,324.769751,174.11,0.88,-8.65,27.16,5.45,-3.75,1,8666
8.0,324.779750,172.35,0.8,-7.48,27.2,7.57,-2.0,1,8530
8.0,324.789751,169.98,0.81,-6.06,27.23,7.82,0.5,1,8403
8.0,324.799753,166.9,0.85,-3.34,27.28,6.13,2.75,1,8278
8.0,324.809754,164.97,0.83,0.43,27.35,2.93,3.75,1,8142
8.0,324.819751,165.32,0.82,3.33,27.41,-1.0,4.0,1,8049
8.0,324.829751,166.29,0.8,4.65,27.45,-4.68,3.0,1,8908
8.0,324.839751,168.05,0.86,3.78,27.43,-7.2,1.5,1,8781
8.0,324.849751,169.98,0.82,1.25,27.36,-7.94,-0.75,1,8663
8.0,324.859751,172.88,0.8,-1.37,27.3,-6.72,-3.25,1,8526
8.0,324.869751,174.64,0.82,-4.43,27.25,-3.83,-5.0,1,8399
8.0,324.879751,174.99,0.8,-7.44,27.2,0.0,-5.5,1,8271
8.0,324.889754,174.99,0.86,-8.98,27.16,3.83,-5.0,1,8146
8.0,324.899754,174.29,0.83,-8.61,27.16,6.72,-3.75,1,8045
8.0,324.909751,172.0,0.81,-7.6,27.2,7.94,-1.5,1,8915
8.0,324.919751,169.28,0.82,-5.72,27.24,7.2,1.25,1,8785
8.0,324.929751,166.29,0.83,-2.31,27.31,4.68,3.5,1,8666
8.0,324.939751,164.36,0.85,1.18,27.38,1.0,4.75,1,8530
8.0,324.949751,164.44,0.82,4.12,27.44,-2.93,4.75,1,8403
8.0,324.959752,165.41,0.8,5.51,27.47,-6.13,4.0,1,8278
8.0,324.969754,166.46,0.87,4.82,27.46,-7.82,2.25,1,8143
8.0,324.979754,169.01,0.83,2.21,27.38,-7.57,0.25,1,8050
8.0,324.989751,171.21,0.8,-0.36,27.32,-5.45,-1.75,1,8908
8.0,324.999751,172.35,0.82,-3.36,27.27,-1.98,-2.75,1,8781
8.0,325.009751,172.53,0.82,-5.94,27.23,1.98,-2.75,1,8671
8.0,325.019751,171.91,0.88,-6.35,27.21,5.45,-1.75,1,8526
8.0,325.029751,169.89,0.81,-5.33,27.24,7.57,0.25,1,8407
8.0,325.039751,167.87,0.82,-3.86,27.27,7.82,2.75,1,8281
8.0,325.049751,164.62,0.85,-1.24,27.32,6.13,4.75,1,8144
8.0,325.059754,163.56,0.84,2.37,27.4,2.93,5.75,1,9043
8.0,325.069751,163.3,0.84,5.32,27.47,-1.0,5.75,1,8916
8.0,325.079751,164.18,0.81,6.67,27.49,-4.68,4.75,1,8785
8.0,325.089751,166.2,0.87,5.49,27.47,-7.2,3.25,1,8667
8.0,325.099751,168.49,0.83,3.03,27.39,-7.94,0.75,1,8532
8.0,325.109751,171.3,0.81,0.35,27.34,-6.72,-1.75,1,8403
8.0,325.119751,173.06,0.82,-2.81,27.29,-3.83,-3.25,1,8276
8.0,325.129751,173.94,0.8,-5.88,27.23,-0.0,-4.0,1,8149
8.0,325.139754,173.94,0.86,-7.54,27.2,3.83,-3.75,1,9039
8.0,325.149751,172.79,0.83,-7.4,27.2,6.72,-2.25,1,8909
8.0,325.159751,170.77,0.82,-6.49,27.22,7.94,-0.25,1,8790
8.0,325.169751,167.87,0.83,-4.42,27.27,7.2,2.25,1,8671
8.0,325.179751,164.79,0.83,-0.92,27.34,4.68,4.75,1,8535
8.0,325.189751,163.04,0.86,2.36,27.41,1.0,6.25,1,8408
8.0,325.199751,161.98,0.82,5.3,27.47,-2.93,7.25,1,8272
8.0,325.209751,162.16,0.83,7.11,27.5,-6.13,7.0,1,8144
8.0,325.219754,163.3,0.91,7.64,27.51,-7.82,6.0,1,9044
8.0,325.229751,164.97,0.82,6.07,27.47,-7.57,4.25,1,8914
8.0,325.239751,167.43,0.84,3.87,27.41,-5.45,1.75,1,8786
8.0,325.249751,169.45,0.84,1.21,27.36,-1.98,-0.25,1,8667
8.0,325.259751,170.77,0.79,-2.04,27.31,1.98,-1.25,1,8531
8.0,325.269751,170.95,0.86,-4.51,27.26,5.45,-1.25,1,8403
8.0,325.279751,170.42,0.86,-4.96,27.25,7.57,-0.0,1,8276
8.0,325.289751,168.4,0.82,-4.19,27.27,7.82,1.75,1,8149
8.0,325.299754,166.03,0.83,-2.37,27.31,6.13,3.5,1,9039
8.0,325.309751,165.32,0.85,0.68,27.38,2.93,4.25,1,8918
8.0,325.319751,165.85,0.81,3.16,27.43,-1.0,3.75,1,8790
8.0,325.329751,166.99,0.8,4.24,27.45,-4.68,2.75,1,8672
8.0,325.339751,168.49,0.86,3.35,27.43,-7.2,0.75,1,8536
8.0,325.349751,171.21,0.82,0.38,27.35,-7.94,-1.75,1,8409
8.0,325.359751,173.5,0.79,-2.43,27.3,-6.72,-4.0,1,8272
8.0,325.369751,175.25,0.82,-5.68,27.25,-3.83,-5.0,1,8145
8.0,325.379754,174.99,0.82,-8.28,27.19,0.0,-5.25,1,9043
8.0,325.389751,174.46,0.87,-8.86,27.17,3.83,-4.25,1,8915
8.0,325.399751,173.14,0.8,-8.05,27.2,6.72,-2.25,1,8786
8.0,325.409751,170.33,0.81,-6.44,27.24,7.94,-0.0,1,8676
8.0,325.419751,167.61,0.85,-3.9,27.29,7.2,2.75,1,8532
8.0,325.429751,164.18,0.83,-0.37,27.36,4.68,5.25,1,8413
8.0,325.439751,162.6,0.87,3.17,27.43,1.0,6.75,1,8276
8.0,325.449751,162.16,0.83,6.5,27.49,-2.93,7.0,1,8151
8.0,325.459752,163.04,0.82,8.0,27.52,-6.13,6.25,1,9047
8.0,325.469751,164.18,0.89,6.86,27.5,-7.82,4.75,1,8919
8.0,325.479751,166.99,0.83,4.6,27.44,-7.57,2.75,1,8791
8.0,325.489751,169.01,0.83,2.17,27.38,-5.45,0.25,1,8672
8.0,325.499751,170.95,0.82,-0.74,27.34,-1.98,-1.25,1,8536
8.0,325.509751,171.3,0.81,-3.78,27.29,1.98,-1.75,1,8408
8.0,325.519751,171.3,0.87,-5.38,27.25,5.45,-1.25,1,8281
8.0,325.529751,170.51,0.83,-5.04,27.25,7.57,-0.0,1,8154
8.0,325.539754,168.22,0.82,-3.95,27.29,7.82,2.0,1,9045
8.0,325.549751,166.29,0.84,-2.17,27.33,6.13,3.75,1,8914
8.0,325.559751,164.71,0.84,1.08,27.39,2.93,4.75,1,8795
8.0,325.569751,164.97,0.83,3.7,27.45,-1.0,4.5,1,8677
8.0,325.579751,166.03,0.8,4.99,27.47,-4.68,3.25,1,8540
8.0,325.589751,167.78,0.87,4.16,27.45,-7.2,1.75,1,8413
8.0,325.599751,170.16,0.83,1.34,27.38,-7.94,-0.75,1,8278
8.0,325.609751,172.62,0.8,-1.35,27.33,-6.72,-3.0,1,8153
8.0,325.619751,173.94,0.83,-4.54,27.27,-3.83,-4.0,1,9047
8.0,325.629765,173.85,0.82,-7.12,27.22,0.0,-4.25,1,8934
8.0,325.639763,173.94,0.87,-7.7,27.2,3.83,-4.25,1,8804
8.0,325.649764,173.94,0.78,-7.03,27.23,6.72,-3.0,1,8687
8.0,325.659764,171.56,0.8,-6.24,27.25,7.94,-1.25,1,8550
8.0,325.669763,168.84,0.89,-5.17,27.26,7.2,1.25,1,8422
8.0,325.679764,166.03,0.8,-2.57,27.32,4.68,3.5,1,8295
8.0,325.689764,164.62,0.85,1.09,27.4,1.0,4.5,1,8168
8.0,325.699763,164.71,0.84,4.1,27.47,-2.93,4.5,1,9054
8.0,325.709764,165.76,0.78,5.46,27.49,-6.13,3.75,1,8939
8.0,325.719764,167.34,0.88,4.23,27.46,-7.82,1.75,1,8810
8.0,325.729763,169.8,0.82,1.72,27.39,-7.57,-0.5,1,8690
8.0,325.739764,172.27,0.81,-0.99,27.34,-5.45,-2.5,1,8555
8.0,325.749764,173.23,0.83,-4.17,27.29,-1.98,-3.5,1,8427
8.0,325.759763,172.88,0.82,-6.62,27.24,1.98,-3.5,1,8290
8.0,325.769763,172.97,0.88,-7.08,27.22,5.45,-2.5,1,8163
8.0,325.779764,171.21,0.81,-6.24,27.25,7.57,-0.75,1,9060
8.0,325.789763,168.93,0.82,-4.81,27.27,7.82,1.5,1,8932
8.0,325.799763,166.46,0.85,-2.37,27.32,6.13,3.75,1,8804
8.0,325.809764,164.62,0.83,1.19,27.41,2.93,4.75,1,8696
8.0,325.819763,164.36,0.83,4.1,27.46,-1.0,4.75,1,8550
8.0,325.829763,165.32,0.8,5.43,27.5,-4.68,4.0,1,8431
8.0,325.839764,166.73,0.87,4.49,27.48,-7.2,2.25,1,8295
8.0,325.849763,169.37,0.83,2.07,27.4,-7.94,-0.0,1,8167
8.0,325.859763,172.35,0.8,-0.48,27.35,-6.72,-2.25,1,9064
8.0,325.869764,173.76,0.82,-3.51,27.3,-3.83,-4.25,1,8940
8.0,325.879767,174.29,0.8,-6.54,27.25,-0.0,-4.75,1,8813
8.0,325.889763,174.46,0.85,-8.22,27.2,3.83,-4.25,1,8690
8.0,325.899764,173.32,0.84,-8.04,27.21,6.72,-2.75,1,8555
8.0,325.909764,171.12,0.82,-6.88,27.24,7.94,-0.75,1,8431
8.0,325.919763,168.4,0.82,-4.98,27.29,7.2,1.75,1,8299
8.0,325.929764,165.76,0.83,-1.47,27.36,4.68,4.25,1,8172
8.0,325.939764,164.18,0.86,1.98,27.42,1.0,5.5,1,9060
8.0,325.949763,163.74,0.83,4.92,27.48,-2.93,5.5,1,8932
8.0,325.959764,164.62,0.81,6.37,27.52,-6.13,4.75,1,8817
8.0,325.969764,166.38,0.88,5.49,27.5,-7.82,3.0,1,8699
8.0,325.979763,168.4,0.83,2.96,27.42,-7.57,0.75,1,8558
8.0,325.989764,171.04,0.81,0.36,27.37,-5.45,-1.25,1,8432
8.0,325.999763,171.91,0.82,-2.72,27.32,-1.98,-2.0,1,8295
8.0,326.009763,171.74,0.83,-5.24,27.26,1.98,-2.25,1,8167
8.0,326.019763,171.74,0.88,-5.7,27.25,5.45,-2.0,1,9064
8.0,326.029764,171.56,0.78,-4.81,27.29,7.57,-0.75,1,8939
8.0,326.039763,169.54,0.81,-3.92,27.31,7.82,1.0,1,8809
8.0,326.049763,167.17,0.89,-2.93,27.32,6.13,3.0,1,8691
8.0,326.059764,165.23,0.81,-0.42,27.37,2.93,4.5,1,8555
8.0,326.069763,164.44,0.84,2.7,27.45,-1.0,4.75,1,8430
8.0,326.079763,164.97,0.83,4.62,27.48,-4.68,4.25,1,8300
8.0,326.089764,166.2,0.81,5.01,27.48,-7.2,2.75,1,8173
8.0,326.099763,168.57,0.87,3.22,27.44,-7.94,0.75,1,9060
8.0,326.109763,170.86,0.81,0.4,27.38,-6.72,-1.75,1,8943
8.0,326.119764,173.41,0.81,-2.52,27.33,-3.83,-4.0,1,8815
8.0,326.129765,174.99,0.81,-5.81,27.27,0.0,-5.5,1,8700
8.0,326.139763,176.13,0.82,-8.42,27.22,3.83,-6.25,1,8559
8.0,326.149764,176.22,0.85,-9.34,27.2,6.72,-5.75,1,8432
8.0,326.159764,174.46,0.79,-9.47,27.21,7.94,-4.0,1,8298
8.0,326.169763,172.35,0.87,-8.59,27.2,7.2,-1.75,1,8176
8.0,326.179764,169.8,0.82,-6.05,27.27,4.68,0.25,1,9065
8.0,326.189764,168.05,0.8,-2.36,27.36,1.0,1.25,1,8939
8.0,326.199763,168.13,0.84,0.5,27.41,-2.93,1.5,1,8811
8.0,326.209764,167.78,0.76,1.68,27.44,-6.13,1.25,1,8700
8.0,326.219764,169.1,0.87,1.26,27.43,-7.82,0.25,1,8558
8.0,326.229763,171.04,0.83,-0.08,27.38,-7.57,-1.25,1,8439
8.0,326.239764,172.35,0.76,-1.71,27.34,-5.45,-3.0,1,8301
8.0,326.249764,173.23,0.85,-4.23,27.29,-1.98,-3.5,1,8173
8.0,326.259763,173.14,0.81,-6.33,27.26,1.98,-3.0,1,9060
8.0,326.269763,172.44,0.86,-6.44,27.25,5.45,-1.75,1,8941
8.0,326.279764,170.68,0.82,-5.4,27.28,7.57,0.25,1,8818
8.0,326.289763,167.61,0.82,-3.95,27.32,7.82,2.75,1,8698
8.0,326.299763,164.79,0.85,-1.14,27.37,6.13,5.0,1,8559
8.0,326.309767,163.12,0.84,2.49,27.44,2.93,6.0,1,8435
8.0,326.319763,163.04,0.84,5.54,27.5,-1.0,6.0,1,8307
8.0,326.329763,164.18,0.81,6.93,27.53,-4.68,5.25,1,8177
8.0,326.339765,165.85,0.87,5.78,27.51,-7.2,3.5,1,9067
8.0,326.349763,167.78,0.83,3.32,27.44,-7.94,1.25,1,8937
8.0,326.359763,170.95,0.82,0.67,27.38,-6.72,-1.75,1,8821
8.0,326.369764,173.94,0.82,-2.43,27.33,-3.83,-4.25,1,8703
8.0,326.379765,175.34,0.79,-5.97,27.27,0.0,-5.25,1,8569
8.0,326.389763,175.34,0.84,-8.72,27.21,3.83,-5.25,1,8439
8.0,326.399764,174.99,0.86,-9.41,27.19,6.72,-4.5,1,8301
8.0,326.409764,173.14,0.81,-8.74,27.22,7.94,-2.75,1,8176
8.0,326.419763,170.51,0.81,-7.01,27.27,7.2,-0.25,1,9069
8.0,326.429764,167.96,0.84,-3.95,27.33,4.68,1.75,1,8943
8.0,326.439764,166.46,0.84,-0.7,27.39,1.0,2.75,1,8818
8.0,326.449763,166.64,0.81,2.11,27.45,-2.93,2.75,1,8698
8.0,326.459764,167.26,0.79,3.35,27.48,-6.13,2.0,1,8560
8.0,326.469767,169.1,0.86,2.64,27.46,-7.82,0.25,1,8436
8.0,326.479763,171.56,0.82,0.04,27.39,-7.57,-2.0,1,8308
8.0,326.489764,173.76,0.79,-2.47,27.33,-5.45,-4.0,1,8178
8.0,326.499764,174.2,0.82,-5.45,27.28,-1.98,-4.75,1,9066
8.0,326.509763,174.64,0.82,-7.93,27.23,1.98,-4.5,1,8949
8.0,326.519763,173.76,0.88,-8.25,27.21,5.45,-3.25,1,8819
8.0,326.529767,171.83,0.81,-7.16,27.25,7.57,-1.5,1,8704
8.0,326.539763,169.1,0.81,-5.53,27.3,7.82,1.0,1,8567
8.0,326.549763,166.38,0.85,-2.69,27.35,6.13,3.25,1,8439
8.0,326.559764,164.62,0.84,0.92,27.42,2.93,4.5,1,8302
8.0,326.569763,164.97,0.83,3.85,27.48,-1.0,4.75,1,8184
8.0,326.579763,165.32,0.8,5.31,27.52,-4.68,3.75,1,9070
8.0,326.589764,166.99,0.86,4.6,27.5,-7.2,2.25,1,8943
8.0,326.599763,169.63,0.84,2.07,27.43,-7.94,-0.0,1,8814
8.0,326.609763,172.18,0.8,-0.48,27.37,-6.72,-2.25,1,8705
8.0,326.619764,173.94,0.83,-3.5,27.32,-3.83,-4.25,1,8563
8.0,326.629770,174.46,0.8,-6.48,27.27,-0.0,-4.75,1,8448
8.0,326.639763,174.64,0.85,-8.15,27.23,3.83,-4.25,1,8308
8.0,326.649764,172.79,0.84,-7.95,27.23,6.72,-2.75,1,8179
8.0,326.659764,170.95,0.81,-6.79,27.27,7.94,-0.75,1,9066
8.0,326.669763,168.05,0.83,-4.84,27.31,7.2,2.0,1,8950
8.0,326.679764,165.59,0.83,-1.28,27.38,4.68,4.5,1,8820
8.0,326.689767,163.39,0.86,2.16,27.45,1.0,6.25,1,8704
8.0,326.699763,162.6,0.83,5.08,27.5,-2.93,7.0,1,8567
8.0,326.709767,162.07,0.83,6.93,27.54,-6.13,7.0,1,8441
8.0,326.719764,163.12,0.91,7.54,27.56,-7.82,6.0,1,8310
8.0,326.729763,165.23,0.82,6.12,27.51,-7.57,4.25,1,8184
8.0,326.739764,167.17,0.84,3.95,27.46,-5.45,1.75,1,9071
8.0,326.749767,169.45,0.84,1.33,27.41,-1.98,-0.25,1,8946
8.0,326.759763,170.95,0.79,-1.88,27.36,1.98,-1.0,1,8824
8.0,326.769766,171.12,0.87,-4.31,27.31,5.45,-0.75,1,8708
8.0,326.779764,169.98,0.86,-4.77,27.3,7.57,0.25,1,8570
8.0,326.789766,168.05,0.82,-4.04,27.32,7.82,2.0,1,8444
8.0,326.799763,165.94,0.83,-2.15,27.36,6.13,3.75,1,8307
8.0,326.809764,164.62,0.86,0.97,27.43,2.93,4.5,1,8179
8.0,326.819763,165.32,0.81,3.54,27.48,-1.0,4.25,1,9074
8.0,326.829766,165.67,0.8,4.77,27.51,-4.68,3.25,1,8950
8.0,326.839764,168.13,0.87,3.8,27.49,-7.2,1.25,1,8829
8.0,326.849766,170.24,0.82,1.04,27.41,-7.94,-1.25,1,8704
8.0,326.859763,172.79,0.8,-1.67,27.36,-6.72,-3.25,1,8576
8.0,326.869767,174.11,0.82,-4.84,27.3,-3.83,-4.25,1,8441
8.0,326.879767,174.11,0.82,-7.49,27.25,-0.0,-4.25,1,8313
8.0,326.889763,173.94,0.87,-8.15,27.23,3.83,-3.25,1,8182
8.0,326.899764,171.83,0.81,-7.37,27.26,6.72,-1.75,1,9071
8.0,326.909767,169.54,0.82,-5.72,27.3,7.94,0.75,1,8955
8.0,326.919763,166.55,0.84,-2.91,27.36,7.2,3.75,1,8833
8.0,326.929767,163.39,0.84,0.53,27.42,4.68,6.25,1,8709
8.0,326.939764,161.63,0.86,4.05,27.48,1.0,7.75,1,8570
8.0,326.949766,161.54,0.83,7.38,27.55,-2.93,7.75,1,8445
8.0,326.959764,162.07,0.83,8.96,27.58,-6.13,7.0,1,8306
8.0,326.969764,163.65,0.89,7.59,27.56,-7.82,5.25,1,8188
8.0,326.979763,166.2,0.84,5.16,27.49,-7.57,3.0,1,9074
8.0,326.989767,168.49,0.84,2.53,27.45,-5.45,1.0,1,8951
8.0,326.999764,169.63,0.82,-0.48,27.39,-1.98,-0.0,1,8830
8.0,327.009766,169.72,0.84,-3.09,27.33,1.98,-0.0,1,8713
8.0,327.019763,169.28,0.89,-3.65,27.32,5.45,1.25,1,8573
8.0,327.029767,166.82,0.81,-2.75,27.35,7.57,2.75,1,8450
8.0,327.039763,165.15,0.84,-1.22,27.38,7.82,5.25,1,8310
8.0,327.049763,162.33,0.86,1.4,27.43,6.13,7.25,1,8193
8.0,327.059764,161.1,0.85,4.83,27.5,2.93,8.25,1,9071
8.0,327.069766,161.1,0.86,7.72,27.57,-1.0,8.25,1,8955
8.0,327.079763,161.98,0.82,9.01,27.59,-4.68,7.25,1,8833
8.0,327.089767,163.74,0.9,7.72,27.56,-7.2,5.5,1,8710
8.0,327.099763,166.03,0.84,5.2,27.49,-7.94,3.0,1,8569
8.0,327.109766,168.93,0.82,2.53,27.44,-6.72,0.25,1,8445
8.0,327.119764,171.91,0.84,-0.62,27.39,-3.83,-2.25,1,8315
8.0,327.129767,173.5,0.79,-4.15,27.32,-0.0,-3.75,1,8191
8.0,327.139763,174.11,0.85,-7.03,27.26,3.83,-3.75,1,9075
8.0,327.149767,172.97,0.86,-7.78,27.24,6.72,-3.0,1,8952
8.0,327.159764,171.83,0.82,-7.32,27.27,7.94,-1.25,1,8838
8.0,327.169766,169.37,0.82,-5.84,27.3,7.2,0.75,1,8713
8.0,327.179764,166.99,0.83,-2.64,27.37,4.68,3.0,1,8575
8.0,327.189767,165.15,0.85,0.48,27.43,1.0,4.0,1,8450
8.0,327.199763,165.41,0.82,3.26,27.49,-2.93,3.75,1,8310
8.0,327.209764,166.55,0.8,4.52,27.52,-6.13,2.75,1,8195
8.0,327.219764,168.13,0.86,3.35,27.49,-7.82,0.75,1,9080
8.0,327.229766,170.68,0.82,0.7,27.41,-7.57,-1.5,1,8955
8.0,327.239764,173.5,0.8,-2.1,27.36,-5.45,-3.75,1,8834
8.0,327.249767,174.46,0.81,-5.24,27.31,-1.98,-4.75,1,8710
8.0,327.259763,174.46,0.82,-7.75,27.26,1.98,-4.5,1,8578
8.0,327.269766,173.76,0.88,-8.26,27.24,5.45,-3.25,1,8445
8.0,327.279764,171.83,0.81,-7.41,27.27,7.57,-1.5,1,8316
8.0,327.289763,169.19,0.81,-5.55,27.32,7.82,1.0,1,8196
8.0,327.299763,166.73,0.85,-2.65,27.38,6.13,3.25,1,9078
8.0,327.309767,164.62,0.83,0.83,27.44,2.93,4.25,1,8960
8.0,327.319763,165.06,0.83,3.72,27.5,-1.0,4.5,1,8837
8.0,327.329766,165.41,0.8,5.16,27.54,-4.68,3.75,1,8713
8.0,327.339764,167.34,0.87,4.47,27.52,-7.2,2.0,1,8575
8.0,327.349766,169.28,0.83,1.9,27.45,-7.94,-0.25,1,8450
8.0,327.359763,171.91,0.8,-0.7,27.39,-6.72,-2.75,1,8310
8.0,327.369764,174.2,0.83,-3.83,27.34,-3.83,-4.5,1,8193
8.0,327.379767,174.46,0.8,-6.8,27.28,-0.0,-5.0,1,9084
8.0,327.389766,174.29,0.85,-8.51,27.24,3.83,-4.5,1,8955
8.0,327.399764,173.5,0.84,-8.24,27.25,6.72,-3.25,1,8834
8.0,327.409767,171.47,0.81,-6.96,27.29,7.94,-1.0,1,8719
8.0,327.419763,168.4,0.83,-5.19,27.33,7.2,1.75,1,8579
8.0,327.429767,165.76,0.83,-1.8,27.4,4.68,4.0,1,8455
8.0,327.439764,163.74,0.86,1.67,27.46,1.0,5.25,1,8319
8.0,327.449763,164.62,0.82,4.7,27.53,-2.93,5.25,1,8213
8.0,327.459764,164.79,0.81,6.18,27.56,-6.13,4.5,1,9079
8.0,327.469767,166.2,0.88,5.3,27.54,-7.82,3.0,1,8961
8.0,327.479763,168.66,0.83,2.88,27.47,-7.57,0.75,1,8838
8.0,327.489767,170.95,0.82,0.36,27.42,-5.45,-1.25,1,8715
8.0,327.499764,172.27,0.82,-2.66,27.36,-1.98,-2.0,1,8575
8.0,327.509766,171.56,0.83,-5.14,27.31,1.98,-2.25,1,8450
8.0,327.519766,172.27,0.88,-5.62,27.3,5.45,-2.0,1,8314
8.0,327.529764,170.95,0.79,-4.81,27.33,7.57,-0.75,1,8222
8.0,327.539763,169.28,0.81,-3.94,27.36,7.82,1.0,1,9080
8.0,327.549766,167.52,0.89,-2.94,27.36,6.13,3.25,1,8955
8.0,327.559764,164.97,0.81,-0.37,27.42,2.93,4.5,1,8843
8.0,327.569766,164.18,0.84,2.72,27.49,-1.0,4.75,1,8710
8.0,327.579763,165.06,0.83,4.63,27.53,-4.68,4.25,1,8579
8.0,327.589767,166.29,0.81,5.01,27.53,-7.2,3.0,1,8455
8.0,327.599763,168.4,0.87,3.3,27.49,-7.94,0.75,1,8315
8.0,327.609763,171.04,0.81,0.48,27.43,-6.72,-1.75,1,8217
8.0,327.619764,173.76,0.81,-2.43,27.38,-3.83,-4.0,1,9086
10.0,329.649751,171.65,0.83,-4.79,27.4,3.74,-1.25,1,8714
10.0,329.659751,170.77,0.88,-5.13,27.39,6.06,-0.0,1,8599
10.0,329.669751,168.66,0.81,-4.3,27.41,6.06,2.0,1,8460
10.0,329.679751,165.94,0.82,-2.16,27.45,3.74,3.75,1,8333
10.0,329.689751,164.36,0.86,1.22,27.52,0.0,5.0,1,9221
10.0,329.699751,163.39,0.81,3.87,27.59,-3.74,5.75,1,9093
10.0,329.709751,164.0,0.82,5.46,27.62,-6.06,5.25,1,8966
10.0,329.719751,165.41,0.89,5.63,27.62,-6.06,3.75,1,8859
10.0,329.729751,166.9,0.81,3.94,27.57,-3.74,2.0,1,8719
10.0,329.739751,169.28,0.83,1.54,27.52,-0.0,0.25,1,8592
10.0,329.749751,170.24,0.83,-1.18,27.47,3.74,-0.75,1,8464
10.0,329.759751,170.42,0.82,-3.45,27.43,6.06,-1.25,1,8329
10.0,329.769750,170.86,0.88,-4.0,27.41,6.06,-0.5,1,9224
10.0,329.779751,169.54,0.79,-3.78,27.43,3.74,0.75,1,9097
10.0,329.789751,167.7,0.86,-3.02,27.44,0.0,2.0,1,8969
10.0,329.799751,167.17,0.84,-1.2,27.49,-3.74,2.25,1,8854
10.0,329.809751,167.96,0.78,1.42,27.54,-6.06,1.25,1,8724
10.0,329.819751,169.63,0.82,2.2,27.56,-6.06,-0.25,1,8597
10.0,329.829751,171.12,0.83,0.08,27.5,-3.74,-1.75,1,8460
10.0,329.839751,171.74,0.8,-2.86,27.44,0.0,-2.0,1,8335
10.0,329.849750,172.18,0.84,-4.94,27.4,3.74,-1.5,1,9220
10.0,329.859751,170.68,0.88,-5.29,27.39,6.06,-0.25,1,9094
10.0,329.869751,168.66,0.81,-4.42,27.41,6.06,1.75,1,8975
10.0,329.879751,165.94,0.82,-2.28,27.45,3.74,3.75,1,8856
10.0,329.889751,164.36,0.86,1.09,27.53,-0.0,4.75,1,8719
10.0,329.899751,164.18,0.81,3.8,27.59,-3.74,5.5,1,8592
10.0,329.909751,164.36,0.82,5.39,27.62,-6.06,5.0,1,8466
10.0,329.919751,165.59,0.89,5.45,27.62,-6.06,3.75,1,8329
10.0,329.929751,167.52,0.81,3.82,27.58,-3.74,1.75,1,9225
10.0,329.939751,169.63,0.83,1.51,27.52,-0.0,0.25,1,9097
10.0,329.949751,170.33,0.83,-1.22,27.47,3.74,-0.75,1,8969
10.0,329.959751,170.86,0.82,-3.52,27.43,6.06,-1.25,1,8861
10.0,329.969751,170.77,0.88,-4.06,27.42,6.06,-0.75,1,8725
10.0,329.979751,169.8,0.79,-3.85,27.43,3.74,0.75,1,8599
10.0,329.989751,167.43,0.86,-3.06,27.45,0.0,2.0,1,8460
10.0,329.999751,166.9,0.84,-1.31,27.5,-3.74,2.25,1,8333
10.0,330.009751,168.31,0.77,1.23,27.55,-6.06,1.25,1,9221
10.0,330.019751,169.8,0.81,2.08,27.56,-6.06,-0.25,1,9103
10.0,330.029751,171.39,0.83,0.08,27.51,-3.74,-1.75,1,8974
10.0,330.039751,172.09,0.8,-2.91,27.44,-0.0,-2.25,1,8856
10.0,330.049751,172.0,0.83,-5.01,27.41,3.74,-1.75,1,8719
10.0,330.059751,171.12,0.88,-5.34,27.4,6.06,-0.25,1,8604
10.0,330.069751,168.4,0.81,-4.44,27.42,6.06,1.75,1,8466
10.0,330.079751,165.76,0.82,-2.25,27.46,3.74,3.75,1,8337
10.0,330.089751,164.97,0.86,1.18,27.54,-0.0,5.0,1,9225
10.0,330.099751,163.83,0.81,3.91,27.6,-3.74,5.75,1,9098
10.0,330.109751,164.18,0.82,5.52,27.63,-6.06,5.25,1,8971
10.0,330.119751,165.06,0.88,5.61,27.63,-6.06,4.0,1,8861
10.0,330.129751,167.26,0.8,3.95,27.59,-3.74,2.0,1,8724
10.0,330.139751,169.28,0.83,1.6,27.53,0.0,0.25,1,8599
10.0,330.149751,170.16,0.83,-1.13,27.48,3.74,-0.75,1,8461
10.0,330.159751,170.68,0.82,-3.41,27.44,6.06,-1.25,1,8334
10.0,330.169751,170.68,0.88,-3.99,27.43,6.06,-0.5,1,9231
10.0,330.179751,169.63,0.79,-3.78,27.44,3.74,0.75,1,9102
10.0,330.189751,167.52,0.86,-3.0,27.46,0.0,2.0,1,8975
10.0,330.199751,167.08,0.84,-1.19,27.5,-3.74,2.25,1,8856
10.0,330.209751,167.61,0.77,1.39,27.56,-6.06,1.25,1,8730
10.0,330.219751,169.54,0.81,2.2,27.57,-6.06,-0.25,1,8602
10.0,330.229751,171.21,0.83,0.05,27.51,-3.74,-1.75,1,8465
10.0,330.239751,172.62,0.8,-2.87,27.45,-0.0,-2.25,1,8338
10.0,330.249751,172.0,0.83,-4.97,27.42,3.74,-1.75,1,9226
10.0,330.259751,170.16,0.88,-5.33,27.41,6.06,-0.25,1,9099
10.0,330.269751,168.49,0.81,-4.43,27.42,6.06,1.75,1,8980
10.0,330.279751,165.94,0.82,-2.23,27.47,3.74,3.75,1,8863
10.0,330.289751,164.18,0.85,1.15,27.55,0.0,5.0,1,8724
10.0,330.299751,163.74,0.82,3.87,27.6,-3.74,5.5,1,8597
10.0,330.309751,164.18,0.82,5.48,27.64,-6.06,5.25,1,8471
10.0,330.319751,165.59,0.89,5.59,27.64,-6.06,4.0,1,8343
10.0,330.329751,167.34,0.8,3.95,27.59,-3.74,2.0,1,9230
10.0,330.339751,169.19,0.83,1.64,27.54,0.0,0.25,1,9102
10.0,330.349751,170.16,0.83,-1.03,27.49,3.74,-0.75,1,8975
10.0,330.359751,170.51,0.82,-3.31,27.45,6.06,-1.0,1,8857
10.0,330.369751,170.68,0.88,-3.88,27.43,6.06,-0.25,1,8730
10.0,330.379751,169.54,0.78,-3.67,27.45,3.74,1.0,1,8601
10.0,330.389751,167.26,0.86,-2.96,27.46,-0.0,2.25,1,8466
10.0,330.399751,166.99,0.83,-1.02,27.51,-3.74,2.25,1,8338
10.0,330.409751,167.78,0.78,1.67,27.56,-6.06,1.75,1,9227
10.0,330.419751,169.01,0.82,2.41,27.58,-6.06,-0.0,1,9111
10.0,330.429751,171.12,0.83,0.28,27.52,-3.74,-1.25,1,8979
10.0,330.439751,171.74,0.81,-2.61,27.46,-0.0,-1.75,1,8860
10.0,330.449751,171.83,0.84,-4.61,27.42,3.74,-1.25,1,8725
10.0,330.459751,170.42,0.88,-4.94,27.41,6.06,-0.0,1,8607
10.0,330.469751,168.57,0.8,-4.15,27.44,6.06,2.0,1,8471
10.0,330.479751,165.76,0.83,-2.1,27.48,3.74,4.0,1,8342
10.0,330.489751,164.36,0.86,1.27,27.55,0.0,5.0,1,9230
10.0,330.499751,163.39,0.81,3.89,27.61,-3.74,5.75,1,9103
10.0,330.509751,164.18,0.83,5.5,27.64,-6.06,5.25,1,8976
10.0,330.519751,165.76,0.88,5.65,27.64,-6.06,3.75,1,8866
10.0,330.529751,166.99,0.81,3.97,27.6,-3.74,2.0,1,8729
10.0,330.539751,169.28,0.83,1.55,27.55,-0.0,0.25,1,8606
10.0,330.549751,170.33,0.84,-1.19,27.49,3.74,-0.75,1,8474
10.0,330.559751,170.86,0.82,-3.48,27.45,6.06,-1.25,1,8339
10.0,330.569751,170.6,0.87,-4.04,27.44,6.06,-0.5,1,9236
10.0,330.579751,169.37,0.79,-3.8,27.45,3.74,0.75,1,9107
10.0,330.589751,167.52,0.86,-3.05,27.47,-0.0,2.0,1,8980
10.0,330.599751,167.17,0.84,-1.23,27.52,-3.74,2.25,1,8864
10.0,330.609751,167.61,0.77,1.31,27.57,-6.06,1.25,1,8735
10.0,330.619751,169.54,0.82,2.12,27.58,-6.06,-0.25,1,8607
10.0,330.629751,171.3,0.83,0.06,27.53,-3.74,-1.75,1,8470
10.0,330.639751,171.91,0.8,-2.91,27.46,0.0,-2.25,1,8343
10.0,330.649751,172.0,0.84,-5.02,27.43,3.74,-1.75,1,9231
10.0,330.659751,170.33,0.88,-5.36,27.42,6.06,-0.25,1,9104
10.0,330.669751,168.22,0.82,-4.46,27.44,6.06,1.75,1,8985
10.0,330.679751,166.2,0.82,-2.28,27.48,3.74,3.75,1,8865
10.0,330.689751,164.36,0.86,1.15,27.56,0.0,5.0,1,8730
10.0,330.699754,164.09,0.81,3.88,27.62,-3.74,5.5,1,8605
10.0,330.709751,163.48,0.82,5.48,27.65,-6.06,5.25,1,8478
10.0,330.719751,165.5,0.89,5.58,27.65,-6.06,4.0,1,8348
10.0,330.729751,166.73,0.81,3.98,27.61,-3.74,2.0,1,9235
10.0,330.739751,169.28,0.83,1.66,27.55,-0.0,0.25,1,9108
10.0,330.749751,169.89,0.83,-1.0,27.5,3.74,-0.75,1,8988
10.0,330.759751,170.33,0.82,-3.28,27.46,6.06,-1.0,1,8862
10.0,330.769751,170.42,0.88,-3.85,27.45,6.06,-0.25,1,8735
10.0,330.779751,169.1,0.79,-3.62,27.46,3.74,1.0,1,8607
10.0,330.789751,167.52,0.86,-2.9,27.48,0.0,2.25,1,8471
10.0,330.799751,166.73,0.84,-0.98,27.52,-3.74,2.5,1,8343
10.0,330.809751,167.52,0.78,1.67,27.58,-6.06,1.75,1,9232
10.0,330.819751,169.1,0.82,2.43,27.59,-6.06,0.25,1,9113
10.0,330.829751,170.95,0.83,0.4,27.54,-3.74,-1.25,1,8984
10.0,330.839771,171.47,0.8,-2.51,27.47,-0.0,-1.75,1,8887
10.0,330.849763,171.56,0.84,-4.49,27.44,3.74,-1.25,1,8743
10.0,330.859767,169.98,0.89,-4.8,27.43,6.06,0.25,1,8628
10.0,330.869763,168.22,0.8,-4.04,27.45,6.06,2.25,1,8488
10.0,330.879764,165.76,0.83,-2.03,27.49,3.74,4.0,1,8361
10.0,330.889767,164.09,0.86,1.31,27.57,0.0,5.25,1,9252
10.0,330.899766,163.48,0.81,3.99,27.63,-3.74,5.75,1,9124
10.0,330.909764,163.74,0.83,5.71,27.66,-6.06,5.25,1,9002
10.0,330.919766,165.15,0.88,5.67,27.66,-6.06,4.0,1,8886
10.0,330.929764,167.34,0.81,3.94,27.61,-3.74,2.0,1,8748
10.0,330.939770,169.1,0.83,1.62,27.56,-0.0,0.25,1,8627
10.0,330.949763,170.33,0.83,-1.09,27.5,3.74,-0.75,1,8492
10.0,330.959764,170.51,0.82,-3.41,27.46,6.06,-1.0,1,8366
10.0,330.969763,170.6,0.88,-4.01,27.45,6.06,-0.5,1,9253
10.0,330.979767,169.1,0.79,-3.77,27.46,3.74,0.75,1,9130
10.0,330.989767,167.78,0.86,-3.09,27.48,0.0,2.25,1,9010
10.0,330.999766,166.55,0.84,-1.18,27.53,-3.74,2.25,1,8882
10.0,331.009764,167.52,0.77,1.46,27.58,-6.06,1.5,1,8752
10.0,331.019766,169.63,0.82,2.27,27.59,-6.06,-0.0,1,8627
10.0,331.029764,171.3,0.82,0.16,27.54,-3.74,-1.5,1,8489
10.0,331.039767,171.91,0.81,-2.76,27.48,-0.0,-2.0,1,8373
10.0,331.049763,172.0,0.83,-4.82,27.44,3.74,-1.5,1,9249
10.0,331.059767,170.51,0.88,-5.17,27.43,6.06,-0.25,1,9125
10.0,331.069763,168.66,0.81,-4.33,27.45,6.06,2.0,1,9010
10.0,331.079767,166.38,0.82,-2.2,27.49,3.74,3.75,1,8888
10.0,331.089767,164.62,0.86,1.19,27.57,0.0,5.0,1,8751
10.0,331.099766,163.65,0.81,3.86,27.63,-3.74,5.75,1,8623
10.0,331.109764,164.18,0.82,5.45,27.66,-6.06,5.25,1,8496
10.0,331.119763,165.41,0.89,5.61,27.66,-6.06,3.75,1,8377
10.0,331.129764,167.34,0.81,3.97,27.62,-3.74,2.0,1,9254
10.0,331.139770,169.45,0.83,1.58,27.56,-0.0,0.25,1,9133
10.0,331.149763,170.16,0.83,-1.13,27.51,3.74,-0.75,1,9006
10.0,331.159767,170.77,0.82,-3.43,27.47,6.06,-1.0,1,8883
10.0,331.169763,170.6,0.87,-3.98,27.45,6.06,-0.5,1,8752
10.0,331.179767,169.54,0.79,-3.73,27.47,3.74,0.75,1,8629
10.0,331.189767,167.7,0.86,-3.02,27.48,0.0,2.25,1,8495
10.0,331.199763,166.64,0.84,-1.13,27.53,-3.74,2.25,1,8369
10.0,331.209764,167.96,0.78,1.53,27.59,-6.06,1.5,1,9250
10.0,331.219766,169.28,0.81,2.36,27.6,-6.06,-0.0,1,9133
10.0,331.229764,170.95,0.83,0.26,27.55,-3.74,-1.5,1,9012
10.0,331.239768,172.09,0.8,-2.65,27.48,0.0,-1.75,1,8889
10.0,331.249763,172.0,0.84,-4.67,27.45,3.74,-1.25,1,8748
10.0,331.259767,170.16,0.88,-5.03,27.44,6.06,-0.0,1,8633
10.0,331.269763,168.22,0.81,-4.25,27.46,6.06,2.0,1,8496
10.0,331.279764,166.03,0.82,-2.19,27.5,3.74,3.75,1,8378
10.0,331.289767,164.71,0.86,1.15,27.57,0.0,5.0,1,9260
10.0,331.299766,163.65,0.81,3.74,27.64,-3.74,5.5,1,9129
10.0,331.309764,164.0,0.82,5.28,27.66,-6.06,5.0,1,9007
10.0,331.319766,165.41,0.89,5.49,27.66,-6.06,3.75,1,8891
10.0,331.329764,166.9,0.81,3.93,27.62,-3.74,2.0,1,8753
10.0,331.339768,169.45,0.83,1.56,27.57,-0.0,0.25,1,8630
10.0,331.349763,170.16,0.83,-1.14,27.52,3.74,-0.75,1,8497
10.0,331.359767,171.12,0.82,-3.45,27.48,6.06,-1.25,1,8383
10.0,331.369763,170.77,0.88,-4.01,27.46,6.06,-0.5,1,9261
10.0,331.379767,169.54,0.78,-3.76,27.47,3.74,0.75,1,9134
10.0,331.389767,167.34,0.86,-3.07,27.49,0.0,2.25,1,9015
10.0,331.399765,167.17,0.84,-1.2,27.54,-3.74,2.25,1,8886
10.0,331.409764,167.96,0.78,1.45,27.59,-6.06,1.5,1,8758
10.0,331.419766,169.63,0.82,2.23,27.61,-6.06,-0.25,1,8632
10.0,331.429767,171.3,0.82,0.12,27.55,-3.74,-1.75,1,8497
10.0,331.439767,171.91,0.81,-2.81,27.49,-0.0,-2.0,1,8399
10.0,331.449763,172.0,0.83,-4.9,27.45,3.74,-1.5,1,9253
10.0,331.459767,170.33,0.88,-5.27,27.44,6.06,-0.25,1,9130
10.0,331.469766,168.4,0.81,-4.42,27.46,6.06,1.75,1,9019
10.0,331.479767,165.94,0.82,-2.29,27.5,3.74,3.75,1,8840
10.0,331.489767,164.36,0.86,1.07,27.58,0.0,4.75,1,8756
10.0,331.499764,163.92,0.81,3.77,27.64,-3.74,5.5,1,8626
10.0,331.509768,164.09,0.83,5.35,27.67,-6.06,5.0,1,8502
10.0,331.519766,165.5,0.88,5.43,27.67,-6.06,3.75,1,8399
10.0,331.529764,167.52,0.81,3.86,27.63,-3.74,1.75,1,9262
10.0,331.539770,169.45,0.83,1.53,27.57,-0.0,0.25,1,9137
10.0,331.549763,170.33,0.83,-1.2,27.52,3.74,-0.75,1,9011
10.0,331.559766,170.86,0.82,-3.49,27.48,6.06,-1.25,1,8879
10.0,331.569763,170.42,0.87,-4.04,27.47,6.06,-0.75,1,8757
10.0,331.579767,169.54,0.79,-3.84,27.48,3.74,0.75,1,8633
10.0,331.589770,167.96,0.85,-3.01,27.5,0.0,2.0,1,8500
10.0,331.599763,167.17,0.84,-1.32,27.55,-3.74,2.25,1,8404
10.0,331.609764,167.96,0.77,1.17,27.6,-6.06,1.25,1,9255
10.0,331.619766,169.54,0.81,2.08,27.61,-6.06,-0.25,1,9137
10.0,331.629764,171.12,0.83,0.07,27.56,-3.74,-1.75,1,9017
10.0,331.639768,172.09,0.8,-2.9,27.49,-0.0,-2.25,1,8885
10.0,331.649763,172.0,0.83,-5.02,27.46,3.74,-1.75,1,8764
10.0,331.659767,170.77,0.88,-5.36,27.45,6.06,-0.25,1,8638
10.0,331.669766,168.57,0.81,-4.46,27.47,6.06,1.75,1,8501
10.0,331.679764,165.94,0.82,-2.3,27.51,3.74,3.75,1,8400
10.0,331.689767,164.79,0.86,1.15,27.59,0.0,5.0,1,9265
10.0,331.699766,163.74,0.81,3.88,27.65,-3.74,5.75,1,9134
10.0,331.709764,164.36,0.82,5.47,27.68,-6.06,5.25,1,9013
10.0,331.719765,165.59,0.89,5.59,27.68,-6.06,4.0,1,8887
10.0,331.729764,167.52,0.8,3.99,27.64,-3.74,2.0,1,8758
10.0,331.739770,169.63,0.83,1.61,27.58,-0.0,0.25,1,8637
10.0,331.749766,170.51,0.83,-1.1,27.53,3.74,-0.75,1,8497
10.0,331.759767,170.86,0.82,-3.41,27.49,6.06,-1.25,1,8396
10.0,331.769763,170.6,0.88,-4.0,27.48,6.06,-0.5,1,9263
10.0,331.779767,169.54,0.79,-3.77,27.49,3.74,0.75,1,9138
10.0,331.789766,167.52,0.86,-3.02,27.51,-0.0,2.0,1,9018
10.0,331.799763,167.17,0.84,-1.2,27.55,-3.74,2.25,1,8881
10.0,331.809764,168.13,0.78,1.4,27.61,-6.06,1.25,1,8766
10.0,331.819763,169.28,0.81,2.22,27.62,-6.06,-0.25,1,8634
10.0,331.829767,171.39,0.83,0.07,27.56,-3.74,-1.75,1,8502
10.0,331.839770,171.91,0.8,-2.84,27.5,-0.0,-2.0,1,8403
10.0,331.849763,171.83,0.83,-4.94,27.47,3.74,-1.5,1,9261
10.0,331.859765,170.95,0.88,-5.31,27.46,6.06,-0.25,1,9132
10.0,331.869763,168.31,0.81,-4.45,27.47,6.06,1.75,1,9021
10.0,331.879767,165.94,0.82,-2.32,27.52,3.74,3.75,1,8889
10.0,331.889767,164.71,0.85,1.06,27.59,0.0,4.75,1,8761
10.0,331.899762,163.65,0.81,3.77,27.65,-3.74,5.5,1,8629
10.0,331.909767,164.44,0.82,5.35,27.69,-6.06,5.0,1,8507
10.0,331.919766,165.59,0.88,5.42,27.68,-6.06,3.75,1,8404
10.0,331.929764,167.52,0.81,3.86,27.64,-3.74,1.75,1,9265
10.0,331.939770,168.93,0.83,1.53,27.59,-0.0,0.25,1,9141
10.0,331.949763,170.51,0.83,-1.2,27.54,3.74,-0.75,1,9017
10.0,331.959764,170.68,0.82,-3.51,27.5,6.06,-1.25,1,8890
10.0,331.969763,170.42,0.88,-4.06,27.48,6.06,-0.75,1,8765
10.0,331.979764,169.28,0.79,-3.84,27.49,3.74,0.75,1,8635
10.0,331.989771,167.26,0.86,-3.09,27.51,0.0,2.0,1,8506
10.0,331.999766,167.17,0.84,-1.3,27.56,-3.74,2.25,1,8409
10.0,332.009764,167.61,0.77,1.26,27.61,-6.06,1.25,1,9269
10.0,332.019764,169.37,0.82,2.13,27.63,-6.06,-0.25,1,9140
10.0,332.029764,171.39,0.83,0.12,27.58,-3.74,-1.75,1,9022
10.0,332.039766,171.91,0.81,-2.85,27.51,0.0,-2.25,1,8888
10.0,332.049763,171.74,0.83,-4.95,27.47,3.74,-1.5,1,8758
10.0,332.059764,170.6,0.88,-5.31,27.46,6.06,-0.25,1,8640
10.0,332.069766,168.57,0.81,-4.43,27.48,6.06,1.75,1,8506
10.0,332.079767,166.2,0.82,-2.25,27.52,3.74,3.75,1,8405
10.0,332.089767,164.44,0.86,1.16,27.6,0.0,5.0,1,9267
10.0,332.099766,163.65,0.81,3.88,27.66,-3.74,5.75,1,9139
10.0,332.109764,164.44,0.83,5.47,27.7,-6.06,5.25,1,9018
10.0,332.119763,165.41,0.89,5.61,27.7,-6.06,4.0,1,8890
10.0,332.129764,167.34,0.81,4.0,27.65,-3.74,2.0,1,8763
10.0,332.139765,169.28,0.83,1.61,27.6,0.0,0.25,1,8637
10.0,332.149766,170.16,0.83,-1.11,27.54,3.74,-0.75,1,8502
10.0,332.159767,170.42,0.82,-3.44,27.5,6.06,-1.25,1,8410
10.0,332.169763,170.6,0.88,-4.03,27.49,6.06,-0.5,1,9268
10.0,332.179764,169.28,0.79,-3.78,27.5,3.74,0.75,1,9141
10.0,332.189767,167.7,0.86,-3.09,27.52,0.0,2.0,1,9025
10.0,332.199764,167.34,0.84,-1.23,27.57,-3.74,2.25,1,8887
10.0,332.209764,168.13,0.78,1.35,27.62,-6.06,1.25,1,8759
10.0,332.219763,169.8,0.82,2.15,27.63,-6.06,-0.25,1,8639
10.0,332.229765,171.56,0.83,0.1,27.58,-3.74,-1.75,1,8505
10.0,332.239771,172.27,0.8,-2.87,27.51,-0.0,-2.25,1,8419
10.0,332.249763,172.0,0.83,-4.98,27.48,3.74,-1.75,1,9264
10.0,332.259764,170.24,0.88,-5.35,27.47,6.06,-0.25,1,9137
10.0,332.269763,168.4,0.81,-4.46,27.49,6.06,1.75,1,9025
10.0,332.279764,165.76,0.82,-2.29,27.53,3.74,3.75,1,8891
10.0,332.289766,164.62,0.86,1.12,27.61,-0.0,5.0,1,8766
10.0,332.299763,164.0,0.81,3.84,27.67,-3.74,5.5,1,8635
10.0,332.309767,163.92,0.82,5.44,27.7,-6.06,5.25,1,8511
10.0,332.319766,165.06,0.89,5.55,27.7,-6.06,4.0,1,8409
10.0,332.329764,167.26,0.81,3.97,27.66,-3.74,2.0,1,9269
10.0,332.339768,169.1,0.83,1.66,27.61,-0.0,0.25,1,9146
10.0,332.349763,169.89,0.83,-1.0,27.55,3.74,-0.75,1,9021
10.0,332.359764,170.51,0.82,-3.33,27.51,6.06,-1.0,1,8887
10.0,332.369763,170.77,0.88,-3.91,27.5,6.06,-0.25,1,8769
10.0,332.379764,169.28,0.79,-3.6,27.51,3.74,1.0,1,8641
10.0,332.389768,167.34,0.86,-2.94,27.53,0.0,2.25,1,8508
10.0,332.399766,166.99,0.84,-1.03,27.58,-3.74,2.5,1,8414
10.0,332.409764,167.52,0.77,1.62,27.63,-6.06,1.75,1,9265
10.0,332.419763,169.37,0.82,2.42,27.64,-6.06,0.25,1,9145
10.0,332.429764,171.12,0.83,0.34,27.59,-3.74,-1.25,1,9027
10.0,332.439767,171.74,0.8,-2.57,27.53,-0.0,-1.75,1,8894
10.0,332.449763,171.47,0.84,-4.57,27.49,3.74,-1.25,1,8763
10.0,332.459764,170.16,0.88,-4.91,27.48,6.06,-0.0,1,8645
10.0,332.469766,168.22,0.81,-4.14,27.51,6.06,2.0,1,8511
10.0,332.479767,165.76,0.83,-2.14,27.54,3.74,4.0,1,8411
10.0,332.489767,164.18,0.86,1.22,27.62,0.0,5.0,1,9272
10.0,332.499763,163.83,0.81,3.82,27.68,-3.74,5.75,1,9141
10.0,332.509764,164.18,0.82,5.4,27.71,-6.06,5.25,1,9034
10.0,332.519763,165.59,0.88,5.61,27.71,-6.06,3.75,1,8894
10.0,332.529764,167.52,0.81,3.99,27.67,-3.74,2.0,1,8768
10.0,332.539765,169.45,0.83,1.54,27.61,0.0,0.25,1,8642
10.0,332.549766,170.24,0.83,-1.19,27.56,3.74,-0.75,1,8507
10.0,332.559767,170.6,0.82,-3.5,27.51,6.06,-1.25,1,8415
10.0,332.569763,170.95,0.87,-4.07,27.5,6.06,-0.75,1,9273
10.0,332.579764,169.28,0.79,-3.83,27.51,3.74,0.75,1,9147
10.0,332.589767,167.96,0.86,-3.1,27.53,0.0,2.0,1,9030
10.0,332.599763,167.17,0.84,-1.28,27.58,-3.74,2.25,1,8890
10.0,332.609764,168.31,0.77,1.28,27.63,-6.06,1.25,1,8767
10.0,332.619763,169.54,0.81,2.14,27.65,-6.06,-0.25,1,8644
10.0,332.629764,170.77,0.83,0.15,27.6,-3.74,-1.75,1,8509
10.0,332.639768,171.56,0.8,-2.82,27.53,0.0,-2.0,1,8419
10.0,332.649763,172.0,0.83,-4.92,27.49,3.74,-1.5,1,9277
10.0,332.659764,170.33,0.88,-5.28,27.48,6.06,-0.25,1,9142
10.0,332.669763,168.31,0.81,-4.43,27.5,6.06,1.75,1,9033
10.0,332.679764,166.38,0.82,-2.32,27.55,3.74,3.75,1,8896
10.0,332.689767,164.79,0.86,1.06,27.62,0.0,5.0,1,8772
10.0,332.699763,164.09,0.81,3.76,27.68,-3.74,5.5,1,8640
10.0,332.709765,164.0,0.82,5.33,27.71,-6.06,5.0,1,8513
10.0,332.719766,165.32,0.89,5.44,27.71,-6.06,3.75,1,8414
10.0,332.729764,167.17,0.81,3.91,27.67,-3.74,2.0,1,9274
10.0,332.739767,169.54,0.83,1.61,27.62,-0.0,0.25,1,9150
10.0,332.749763,170.24,0.83,-1.06,27.57,3.74,-0.75,1,9026
10.0,332.759764,170.95,0.82,-3.36,27.52,6.06,-1.0,1,8892
10.0,332.769763,170.77,0.88,-3.93,27.51,6.06,-0.25,1,8772
10.0,332.779764,169.1,0.79,-3.7,27.52,3.74,1.0,1,8646
10.0,332.789765,167.7,0.86,-3.02,27.54,-0.0,2.25,1,8510
10.0,332.799766,166.73,0.84,-1.1,27.59,-3.74,2.25,1,8419
10.0,332.809764,167.61,0.77,1.57,27.64,-6.06,1.5,1,9278
10.0,332.819763,169.28,0.82,2.35,27.66,-6.06,-0.0,1,9150
10.0,332.829764,171.3,0.83,0.26,27.6,-3.74,-1.5,1,9032
10.0,332.839767,171.47,0.8,-2.67,27.54,-0.0,-1.75,1,8899
10.0,332.849766,171.56,0.84,-4.7,27.5,3.74,-1.25,1,8771
10.0,332.859764,170.33,0.88,-5.07,27.49,6.06,-0.25,1,8650
10.0,332.869763,168.22,0.81,-4.29,27.52,6.06,2.0,1,8513
10.0,332.879767,165.94,0.82,-2.26,27.55,3.74,3.75,1,8416
10.0,332.889767,164.62,0.86,1.11,27.63,0.0,5.0,1,9277
10.0,332.899763,163.74,0.81,3.75,27.69,-3.74,5.5,1,9146
10.0,332.909764,164.18,0.82,5.32,27.72,-6.06,5.25,1,9036
10.0,332.919763,165.15,0.88,5.55,27.72,-6.06,4.0,1,8900
10.0,332.929764,167.52,0.81,4.0,27.68,-3.74,2.0,1,8776
10.0,332.939767,169.37,0.83,1.62,27.63,-0.0,0.25,1,8649
10.0,332.949763,170.16,0.83,-1.05,27.57,3.74,-0.75,1,8508
10.0,332.959766,170.77,0.82,-3.38,27.53,6.06,-1.0,1,8418
10.0,332.969763,170.6,0.87,-3.96,27.52,6.06,-0.25,1,9278
10.0,332.979764,169.54,0.79,-3.69,27.53,3.74,1.0,1,9151
10.0,332.989766,167.17,0.86,-3.02,27.55,-0.0,2.25,1,9034
10.0,332.999763,167.34,0.84,-1.12,27.6,-3.74,2.25,1,8895
10.0,333.009764,167.96,0.77,1.54,27.65,-6.06,1.5,1,8772
10.0,333.019763,169.28,0.81,2.33,27.66,-6.06,-0.0,1,8649
10.0,333.029764,171.12,0.82,0.22,27.61,-3.74,-1.5,1,8514
10.0,333.039765,171.65,0.8,-2.7,27.54,0.0,-2.0,1,9412
10.0,333.049763,172.0,0.83,-4.74,27.51,3.74,-1.25,1,9282
10.0,333.059764,170.24,0.88,-5.13,27.5,6.06,-0.25,1,9147
10.0,333.069763,168.31,0.81,-4.32,27.52,6.06,2.0,1,9036
10.0,333.079764,165.94,0.82,-2.23,27.56,3.74,3.75,1,8901
10.0,333.089770,164.18,0.86,1.16,27.63,0.0,5.0,1,8779
10.0,333.099763,163.65,0.81,3.82,27.7,-3.74,5.75,1,8645
10.0,333.109764,164.0,0.82,5.41,27.73,-6.06,5.25,1,8519
10.0,333.119765,165.41,0.88,5.65,27.73,-6.06,4.0,1,9406
10.0,333.129764,167.17,0.81,4.07,27.69,-3.74,2.0,1,9279
10.0,333.139765,169.1,0.82,1.64,27.63,0.0,0.25,1,9153
10.0,333.149763,170.24,0.83,-1.09,27.58,3.74,-0.75,1,9034
10.0,333.159764,170.51,0.82,-3.44,27.53,6.06,-1.25,1,8896
10.0,333.169766,170.77,0.87,-4.05,27.52,6.06,-0.5,1,8780
10.0,333.179764,169.28,0.79,-3.76,27.54,3.74,0.75,1,8651
10.0,333.189767,167.26,0.86,-3.09,27.55,0.0,2.0,1,8520
10.0,333.199763,166.9,0.84,-1.25,27.6,-3.74,2.25,1,9410
10.0,333.209764,168.4,0.77,1.32,27.65,-6.06,1.25,1,9286
10.0,333.219763,169.28,0.81,2.14,27.67,-6.06,-0.25,1,9155
10.0,333.229764,171.39,0.82,0.07,27.61,-3.74,-1.75,1,9037
10.0,333.239767,171.91,0.8,-2.88,27.55,-0.0,-2.25,1,8904
10.0,333.249763,171.83,0.83,-5.0,27.51,3.74,-1.75,1,8773
10.0,333.259764,170.51,0.88,-5.37,27.5,6.06,-0.25,1,8646
10.0,333.269763,168.57,0.81,-4.49,27.52,6.06,1.75,1,8518
10.0,333.279765,165.94,0.82,-2.34,27.57,3.74,3.75,1,9408
10.0,333.289767,164.44,0.85,1.11,27.64,0.0,5.0,1,9285
10.0,333.299763,163.74,0.81,3.83,27.7,-3.74,5.5,1,9151
10.0,333.309764,164.0,0.82,5.42,27.73,-6.06,5.25,1,9035
10.0,333.319763,165.85,0.88,5.53,27.73,-6.06,4.0,1,8905
10.0,333.329764,167.17,0.81,4.0,27.69,-3.74,2.0,1,8778
10.0,333.339767,169.19,0.83,1.67,27.64,-0.0,0.25,1,8645
10.0,333.349763,170.16,0.83,-0.98,27.59,3.74,-0.75,1,8514
10.0,333.359764,170.77,0.82,-3.27,27.54,6.06,-1.0,1,9411
10.0,333.369763,170.6,0.88,-3.86,27.53,6.06,-0.25,1,9286
10.0,333.379764,169.28,0.79,-3.61,27.54,3.74,1.0,1,9156
10.0,333.389767,167.17,0.86,-2.94,27.56,0.0,2.25,1,9040
10.0,333.399763,166.73,0.84,-0.98,27.61,-3.74,2.5,1,8900
10.0,333.409764,167.78,0.77,1.66,27.66,-6.06,1.75,1,8777
10.0,333.419763,169.28,0.82,2.44,27.68,-6.06,0.25,1,8646
10.0,333.429764,170.95,0.83,0.48,27.63,-3.74,-1.25,1,8519
10.0,333.439767,171.12,0.8,-2.43,27.56,-0.0,-1.75,1,9410
10.0,333.449763,171.56,0.83,-4.43,27.52,3.74,-1.25,1,9287
10.0,333.459764,170.16,0.88,-4.71,27.52,6.06,0.25,1,9164
10.0,333.469763,168.22,0.81,-3.91,27.54,6.06,2.25,1,9041
10.0,333.479764,166.03,0.82,-2.0,27.58,3.74,4.0,1,8906
10.0,333.489769,164.44,0.86,1.32,27.65,-0.0,5.25,1,8782
10.0,333.499763,163.65,0.81,4.01,27.71,-3.74,5.75,1,8650
10.0,333.509764,164.0,0.83,5.73,27.74,-6.06,5.25,1,8524
10.0,333.519763,165.41,0.89,5.72,27.74,-6.06,4.0,1,9411
10.0,333.529764,167.34,0.81,4.01,27.7,-3.74,2.0,1,9287
10.0,333.539765,169.63,0.83,1.67,27.65,0.0,0.25,1,9157
10.0,333.549763,170.33,0.83,-1.04,27.59,3.74,-0.75,1,9036
10.0,333.559764,170.68,0.82,-3.41,27.55,6.06,-1.0,1,8905
10.0,333.569763,170.6,0.88,-4.03,27.53,6.06,-0.5,1,8785
10.0,333.579764,169.28,0.79,-3.73,27.55,3.74,0.75,1,8647
10.0,333.589767,167.78,0.86,-3.07,27.56,0.0,2.25,1,8522
10.0,333.599763,167.08,0.84,-1.21,27.61,-3.74,2.25,1,9415
10.0,333.609764,167.96,0.77,1.43,27.67,-6.06,1.5,1,9289
10.0,333.619763,169.28,0.82,2.3,27.68,-6.06,-0.0,1,9160
10.0,333.629764,171.21,0.83,0.18,27.63,-3.74,-1.5,1,9045
