cycle,t_us,enc_off,enc_deg,enc_err,busy,dropped,off0,new0,bad0,pc0,stf0,pitch0,gy0
30000.0,191835863.0,3.0,355.96,0.0,187.0,0.0,35.0,0.0,0.0,6203.0,3216113.0,0.31,0.1
30001.0,191845863.0,3.0,355.96,0.0,1476.0,0.0,35.0,1.0,0.0,204.0,4087016.0,0.38,0.0
30002.0,191855863.0,3.0,355.96,0.0,1476.0,0.0,35.0,1.0,0.0,205.0,4087116.0,0.38,0.1
30003.0,191865863.0,3.0,355.96,0.0,1476.0,0.0,35.0,1.0,0.0,206.0,4087216.0,0.38,0.1
30004.0,191875863.0,3.0,355.96,0.0,1476.0,0.0,35.0,1.0,0.0,207.0,4087316.0,0.38,0.0
30005.0,191885863.0,3.0,355.87,0.0,1476.0,0.0,35.0,1.0,0.0,208.0,4087416.0,0.38,-0.1
30006.0,191895863.0,3.0,355.96,0.0,1476.0,0.0,35.0,1.0,0.0,209.0,4087516.0,0.38,-0.1
30007.0,191905863.0,3.0,355.96,0.0,1476.0,0.0,35.0,1.0,0.0,210.0,4087616.0,0.38,-0.1
30008.0,191915863.0,3.0,356.13,0.0,1476.0,0.0,35.0,1.0,0.0,211.0,4087716.0,0.38,-0.0
30009.0,191925863.0,3.0,355.87,0.0,1476.0,0.0,35.0,1.0,0.0,212.0,4087816.0,0.38,0.1
30010.0,191935863.0,3.0,356.04,0.0,1476.0,0.0,35.0,1.0,0.0,213.0,4087916.0,0.38,0.1
30011.0,191945863.0,3.0,356.04,0.0,1476.0,0.0,35.0,1.0,0.0,214.0,4088016.0,0.38,0.1
30012.0,191955863.0,3.0,355.96,0.0,1476.0,0.0,35.0,1.0,0.0,215.0,4088116.0,0.38,0.0
30013.0,191965863.0,3.0,355.96,0.0,1476.0,0.0,35.0,1.0,0.0,216.0,4088216.0,0.38,0.0
30014.0,191975863.0,3.0,356.04,0.0,1476.0,0.0,35.0,1.0,0.0,217.0,4088316.0,0.38,-0.0
30015.0,191985863.0,3.0,356.04,0.0,1476.0,0.0,35.0,1.0,0.0,218.0,4088416.0,0.38,-0.1
30016.0,191995863.0,3.0,355.96,0.0,1476.0,0.0,35.0,1.0,0.0,219.0,4088516.0,0.38,-0.0
30017.0,192005863.0,3.0,355.96,0.0,1476.0,0.0,35.0,1.0,0.0,220.0,4088616.0,0.38,0.0
30018.0,192015863.0,3.0,355.96,0.0,1476.0,0.0,35.0,1.0,0.0,221.0,4088716.0,0.38,0.0
30019.0,192025863.0,3.0,355.96,0.0,1476.0,0.0,35.0,1.0,0.0,222.0,4088816.0,0.38,0.0
30020.0,192035863.0,3.0,355.96,0.0,1476.0,0.0,35.0,1.0,0.0,223.0,4088916.0,0.38,0.0
30021.0,192045863.0,3.0,356.04,0.0,1476.0,0.0,35.0,1.0,0.0,224.0,4089016.0,0.38,0.1
30022.0,192055863.0,3.0,356.04,0.0,1476.0,0.0,35.0,1.0,0.0,225.0,4089116.0,0.38,0.0
30023.0,192065863.0,3.0,356.04,0.0,1476.0,0.0,35.0,1.0,0.0,226.0,4089216.0,0.38,0.0
30024.0,192075863.0,3.0,355.96,0.0,1476.0,0.0,35.0,1.0,0.0,227.0,4089316.0,0.38,-0.0
30025.0,192085863.0,3.0,355.96,0.0,1476.0,0.0,35.0,1.0,0.0,228.0,4089416.0,0.38,-0.1
30026.0,192095863.0,3.0,355.96,0.0,1476.0,0.0,35.0,1.0,0.0,229.0,4089516.0,0.38,-0.1
30027.0,192105863.0,3.0,355.96,0.0,1476.0,0.0,35.0,1.0,0.0,230.0,4089616.0,0.38,0.0
30028.0,192115863.0,3.0,355.96,0.0,1476.0,0.0,35.0,1.0,0.0,231.0,4089716.0,0.38,0.1
30029.0,192125863.0,3.0,355.96,0.0,1476.0,0.0,35.0,1.0,0.0,232.0,4089816.0,0.38,0.1
30030.0,192135863.0,3.0,355.96,0.0,1476.0,0.0,35.0,1.0,0.0,233.0,4089916.0,0.38,0.1
30031.0,192145863.0,3.0,356.04,0.0,1476.0,0.0,35.0,1.0,0.0,234.0,4090016.0,0.38,0.0
30032.0,192155863.0,3.0,356.04,0.0,1476.0,0.0,35.0,1.0,0.0,235.0,4090116.0,0.38,0.0
30033.0,192165863.0,3.0,355.96,0.0,1476.0,0.0,35.0,1.0,0.0,236.0,4090216.0,0.38,-0.1
30034.0,192175863.0,3.0,355.87,0.0,1476.0,0.0,35.0,1.0,0.0,237.0,4090316.0,0.38,-0.0
30035.0,192185863.0,3.0,355.96,0.0,1476.0,0.0,35.0,1.0,0.0,238.0,4090416.0,0.38,0.0
30036.0,192195863.0,3.0,356.04,0.0,1476.0,0.0,35.0,1.0,0.0,239.0,4090516.0,0.38,0.1
30037.0,192205863.0,3.0,356.04,0.0,1476.0,0.0,35.0,1.0,0.0,240.0,4090616.0,0.38,-0.0
30038.0,192215863.0,3.0,356.13,0.0,1476.0,0.0,35.0,1.0,0.0,241.0,4090716.0,0.38,0.1
30039.0,192225863.0,3.0,355.96,0.0,1476.0,0.0,35.0,1.0,0.0,242.0,4090816.0,0.39,0.1
30040.0,192235863.0,3.0,355.87,0.0,1476.0,0.0,35.0,1.0,0.0,243.0,4090916.0,0.39,-0.0
30041.0,192245863.0,3.0,356.04,0.0,1476.0,0.0,35.0,1.0,0.0,244.0,4091016.0,0.38,0.0
30042.0,192255863.0,3.0,355.96,0.0,1476.0,0.0,35.0,1.0,0.0,245.0,4091116.0,0.39,0.1
30043.0,192265863.0,3.0,355.96,0.0,1476.0,0.0,35.0,1.0,0.0,246.0,4091216.0,0.39,-0.1
30044.0,192275863.0,3.0,356.04,0.0,1476.0,0.0,35.0,1.0,0.0,247.0,4091316.0,0.38,0.0
30045.0,192285863.0,3.0,355.96,0.0,1476.0,0.0,35.0,1.0,0.0,248.0,4091416.0,0.39,0.1
30046.0,192295863.0,3.0,355.96,0.0,1476.0,0.0,35.0,1.0,0.0,249.0,4091516.0,0.39,-0.0
30047.0,192305863.0,3.0,355.96,0.0,1476.0,0.0,35.0,1.0,0.0,250.0,4091616.0,0.38,-0.0
30048.0,192315863.0,3.0,355.96,0.0,1476.0,0.0,35.0,1.0,0.0,251.0,4091716.0,0.39,0.1
30049.0,192325863.0,3.0,355.96,0.0,1476.0,0.0,35.0,1.0,0.0,252.0,4091816.0,0.39,0.0
30050.0,192335863.0,3.0,356.04,0.0,1476.0,0.0,35.0,1.0,0.0,253.0,4091916.0,0.39,0.1
30051.0,192345863.0,3.0,356.04,0.0,1476.0,0.0,35.0,1.0,0.0,254.0,4092016.0,0.39,0.0
30052.0,192355863.0,3.0,355.96,0.0,1476.0,0.0,35.0,1.0,0.0,255.0,4092116.0,0.39,0.0
30053.0,192365863.0,3.0,355.96,0.0,1476.0,0.0,35.0,1.0,0.0,256.0,4092216.0,0.39,-0.0
30054.0,192375863.0,3.0,355.96,0.0,1476.0,0.0,35.0,1.0,0.0,257.0,4092316.0,0.39,0.0
30055.0,192385863.0,3.0,355.87,0.0,1476.0,0.0,35.0,1.0,0.0,258.0,4092416.0,0.39,-0.0
30056.0,192395863.0,3.0,355.96,0.0,1476.0,0.0,35.0,1.0,0.0,259.0,4092516.0,0.39,-0.0
30057.0,192405863.0,3.0,355.96,0.0,1476.0,0.0,35.0,1.0,0.0,260.0,4092616.0,0.39,0.1
30058.0,192415863.0,3.0,356.04,0.0,1476.0,0.0,35.0,1.0,0.0,261.0,4092716.0,0.39,0.0
30059.0,192425863.0,3.0,355.96,0.0,1476.0,0.0,35.0,1.0,0.0,262.0,4092816.0,0.39,-0.0
30060.0,192435863.0,3.0,355.96,0.0,1476.0,0.0,35.0,1.0,0.0,263.0,4092916.0,0.39,0.0
30061.0,192445863.0,3.0,355.96,0.0,1476.0,0.0,35.0,1.0,0.0,264.0,4093016.0,0.39,0.0
30062.0,192455863.0,3.0,356.04,0.0,1476.0,0.0,35.0,1.0,0.0,265.0,4093116.0,0.39,-0.0
30063.0,192465863.0,3.0,355.96,0.0,1476.0,0.0,35.0,1.0,0.0,266.0,4093216.0,0.39,-0.0
30064.0,192475863.0,3.0,355.96,0.0,1476.0,0.0,35.0,1.0,0.0,267.0,4093316.0,0.39,0.0
30065.0,192485863.0,3.0,355.96,0.0,1476.0,0.0,35.0,1.0,0.0,268.0,4093416.0,0.39,0.0
30066.0,192495863.0,3.0,355.96,0.0,1476.0,0.0,35.0,1.0,0.0,269.0,4093516.0,0.39,0.0
30067.0,192505863.0,3.0,355.96,0.0,1476.0,0.0,35.0,1.0,0.0,270.0,4093616.0,0.39,-0.0
30068.0,192515863.0,3.0,355.96,0.0,1476.0,0.0,35.0,1.0,0.0,271.0,4093716.0,0.39,0.0
30069.0,192525863.0,3.0,356.04,0.0,1476.0,0.0,35.0,1.0,0.0,272.0,4093816.0,0.39,0.0
30070.0,192535863.0,3.0,355.96,0.0,1476.0,0.0,35.0,1.0,0.0,273.0,4093916.0,0.39,0.0
30071.0,192545863.0,3.0,355.96,0.0,1476.0,0.0,35.0,1.0,0.0,274.0,4094016.0,0.39,0.1
30072.0,192555863.0,3.0,356.04,0.0,1476.0,0.0,35.0,1.0,0.0,275.0,4094116.0,0.39,0.1
30073.0,192565863.0,3.0,355.96,0.0,1476.0,0.0,35.0,1.0,0.0,276.0,4094216.0,0.39,0.0
30074.0,192575863.0,3.0,355.96,0.0,1476.0,0.0,35.0,1.0,0.0,277.0,4094316.0,0.39,0.0
30075.0,192585863.0,3.0,356.04,0.0,1476.0,0.0,35.0,1.0,0.0,278.0,4094416.0,0.39,-0.0
30076.0,192595863.0,3.0,355.87,0.0,1476.0,0.0,35.0,1.0,0.0,279.0,4094516.0,0.39,-0.0
30077.0,192605863.0,3.0,356.04,0.0,1476.0,0.0,35.0,1.0,0.0,280.0,4094616.0,0.39,0.0
30078.0,192615863.0,3.0,355.96,0.0,1476.0,0.0,35.0,1.0,0.0,281.0,4094716.0,0.39,0.0
30079.0,192625863.0,3.0,355.96,0.0,1476.0,0.0,35.0,1.0,0.0,282.0,4094816.0,0.39,0.0
30080.0,192635863.0,3.0,355.96,0.0,1476.0,0.0,35.0,1.0,0.0,283.0,4094916.0,0.39,0.0
30081.0,192645863.0,3.0,356.04,0.0,1476.0,0.0,35.0,1.0,0.0,284.0,4095016.0,0.39,0.0
30082.0,192655863.0,3.0,356.04,0.0,1476.0,0.0,35.0,1.0,0.0,285.0,4095116.0,0.39,-0.0
30083.0,192665863.0,3.0,355.96,0.0,1476.0,0.0,35.0,1.0,0.0,286.0,4095216.0,0.39,-0.0
30084.0,192675863.0,3.0,356.04,0.0,1476.0,0.0,35.0,1.0,0.0,287.0,4095316.0,0.39,0.0
30085.0,192685863.0,3.0,356.04,0.0,1476.0,0.0,35.0,1.0,0.0,288.0,4095416.0,0.39,0.0
30086.0,192695863.0,3.0,356.04,0.0,1476.0,0.0,35.0,1.0,0.0,289.0,4095516.0,0.39,0.0
30087.0,192705863.0,3.0,355.87,0.0,1476.0,0.0,35.0,1.0,0.0,290.0,4095616.0,0.39,0.0
30088.0,192715863.0,3.0,355.96,0.0,1476.0,0.0,35.0,1.0,0.0,291.0,4095716.0,0.39,-0.0
30089.0,192725863.0,3.0,355.87,0.0,1476.0,0.0,35.0,1.0,0.0,292.0,4095816.0,0.39,-0.0
30090.0,192735863.0,3.0,355.96,0.0,1476.0,0.0,35.0,1.0,0.0,293.0,4095916.0,0.39,0.0
30091.0,192745863.0,3.0,356.13,0.0,1476.0,0.0,35.0,1.0,0.0,294.0,4096016.0,0.39,0.0
30092.0,192755863.0,3.0,355.96,0.0,1476.0,0.0,35.0,1.0,0.0,295.0,4096116.0,0.39,0.0
30093.0,192765863.0,3.0,355.96,0.0,1476.0,0.0,35.0,1.0,0.0,296.0,4096216.0,0.39,0.0
30094.0,192775863.0,3.0,356.04,0.0,1476.0,0.0,35.0,1.0,0.0,297.0,4096316.0,0.39,0.0
30095.0,192785863.0,3.0,356.04,0.0,1476.0,0.0,35.0,1.0,0.0,298.0,4096416.0,0.39,-0.0
30096.0,192795863.0,3.0,355.87,0.0,1476.0,0.0,35.0,1.0,0.0,299.0,4096516.0,0.39,0.0
30097.0,192805863.0,3.0,355.96,0.0,1476.0,0.0,35.0,1.0,0.0,300.0,4096616.0,0.39,-0.0
30098.0,192815863.0,3.0,355.96,0.0,1476.0,0.0,35.0,1.0,0.0,301.0,4096716.0,0.39,0.0
30099.0,192825863.0,3.0,355.96,0.0,1476.0,0.0,35.0,1.0,0.0,302.0,4096816.0,0.39,0.0
30100.0,192835863.0,3.0,355.96,0.0,1476.0,0.0,35.0,1.0,0.0,303.0,4096916.0,0.39,0.0
30101.0,192845863.0,3.0,355.96,0.0,1476.0,0.0,35.0,1.0,0.0,304.0,4097016.0,0.39,0.0
30102.0,192855863.0,3.0,355.96,0.0,1476.0,0.0,35.0,1.0,0.0,305.0,4097116.0,0.39,0.0
30103.0,192865863.0,3.0,355.96,0.0,1476.0,0.0,35.0,1.0,0.0,306.0,4097216.0,0.39,0.0
30104.0,192875863.0,3.0,356.04,0.0,1476.0,0.0,35.0,1.0,0.0,307.0,4097316.0,0.39,-0.0
30105.0,192885863.0,3.0,356.13,0.0,1476.0,0.0,35.0,1.0,0.0,308.0,4097416.0,0.39,0.0
30106.0,192895863.0,3.0,355.96,0.0,1476.0,0.0,35.0,1.0,0.0,309.0,4097516.0,0.39,0.0
30107.0,192905863.0,3.0,355.87,0.0,1476.0,0.0,35.0,1.0,0.0,310.0,4097616.0,0.39,0.0
30108.0,192915863.0,3.0,355.96,0.0,1476.0,0.0,35.0,1.0,0.0,311.0,4097716.0,0.39,0.0
30109.0,192925863.0,3.0,356.04,0.0,1476.0,0.0,35.0,1.0,0.0,312.0,4097816.0,0.39,0.0
30110.0,192935863.0,3.0,355.96,0.0,1476.0,0.0,35.0,1.0,0.0,313.0,4097916.0,0.39,-0.0
30111.0,192945863.0,3.0,355.96,0.0,1476.0,0.0,35.0,1.0,0.0,314.0,4098016.0,0.39,-0.0
30112.0,192955863.0,3.0,356.04,0.0,1476.0,0.0,35.0,1.0,0.0,315.0,4098116.0,0.39,0.0
30113.0,192965863.0,3.0,356.04,0.0,1476.0,0.0,35.0,1.0,0.0,316.0,4098216.0,0.39,0.0
30114.0,192975863.0,3.0,355.87,0.0,1476.0,0.0,35.0,1.0,0.0,317.0,4098316.0,0.39,0.0
30115.0,192985863.0,3.0,356.04,0.0,1476.0,0.0,35.0,1.0,0.0,318.0,4098416.0,0.39,0.0
30116.0,192995863.0,3.0,356.04,0.0,1476.0,0.0,35.0,1.0,0.0,319.0,4098516.0,0.39,-0.0
30117.0,193005863.0,3.0,355.96,0.0,1476.0,0.0,35.0,1.0,0.0,320.0,4098616.0,0.39,-0.0
30118.0,193015863.0,3.0,355.96,0.0,1476.0,0.0,35.0,1.0,0.0,321.0,4098716.0,0.39,0.0
30119.0,193025863.0,3.0,355.96,0.0,1476.0,0.0,35.0,1.0,0.0,322.0,4098816.0,0.39,0.1
30120.0,193035863.0,3.0,355.96,0.0,1476.0,0.0,35.0,1.0,0.0,323.0,4098916.0,0.39,0.0
30121.0,193045863.0,3.0,355.96,0.0,1476.0,0.0,35.0,1.0,0.0,324.0,4099016.0,0.39,-0.1
30122.0,193055863.0,3.0,356.04,0.0,1476.0,0.0,35.0,1.0,0.0,325.0,4099116.0,0.39,-0.0
30123.0,193065863.0,3.0,355.96,0.0,1476.0,0.0,35.0,1.0,0.0,326.0,4099216.0,0.39,0.0
30124.0,193075863.0,3.0,355.96,0.0,1476.0,0.0,35.0,1.0,0.0,327.0,4099316.0,0.39,0.0
30125.0,193085863.0,3.0,355.96,0.0,1476.0,0.0,35.0,1.0,0.0,328.0,4099416.0,0.39,0.0
30126.0,193095863.0,3.0,355.96,0.0,1476.0,0.0,35.0,1.0,0.0,329.0,4099516.0,0.39,0.1
30127.0,193105863.0,3.0,355.96,0.0,1476.0,0.0,35.0,1.0,0.0,330.0,4099616.0,0.39,0.0
30128.0,193115863.0,3.0,355.96,0.0,1476.0,0.0,35.0,1.0,0.0,331.0,4099716.0,0.39,-0.0
30129.0,193125863.0,3.0,355.96,0.0,1476.0,0.0,35.0,1.0,0.0,332.0,4099816.0,0.39,0.1
30130.0,193135863.0,3.0,355.96,0.0,1476.0,0.0,35.0,1.0,0.0,333.0,4099916.0,0.39,-0.0
30131.0,193145863.0,3.0,355.96,0.0,1476.0,0.0,35.0,1.0,0.0,334.0,4100016.0,0.39,-0.1
30132.0,193155863.0,3.0,355.96,0.0,1476.0,0.0,35.0,1.0,0.0,335.0,4100116.0,0.39,0.0
30133.0,193165863.0,3.0,355.96,0.0,1476.0,0.0,35.0,1.0,0.0,336.0,4100216.0,0.39,0.0
30134.0,193175863.0,3.0,355.96,0.0,1476.0,0.0,35.0,1.0,0.0,337.0,4100316.0,0.39,0.0
30135.0,193185863.0,3.0,355.96,0.0,1476.0,0.0,35.0,1.0,0.0,338.0,4100416.0,0.39,-0.0
30136.0,193195863.0,3.0,356.04,0.0,1476.0,0.0,35.0,1.0,0.0,339.0,4100516.0,0.39,-0.0
30137.0,193205863.0,3.0,355.96,0.0,1476.0,0.0,35.0,1.0,0.0,340.0,4100616.0,0.39,-0.0
30138.0,193215863.0,3.0,355.96,0.0,1476.0,0.0,35.0,1.0,0.0,341.0,4100716.0,0.39,-0.0
30139.0,193225863.0,3.0,355.96,0.0,1476.0,0.0,35.0,1.0,0.0,342.0,4100816.0,0.39,0.0
30140.0,193235863.0,3.0,355.96,0.0,1476.0,0.0,35.0,1.0,0.0,343.0,4100916.0,0.39,0.0
30141.0,193245863.0,3.0,355.96,0.0,1476.0,0.0,35.0,1.0,0.0,344.0,4101016.0,0.39,0.1
30142.0,193255863.0,3.0,355.96,0.0,1476.0,0.0,35.0,1.0,0.0,345.0,4101116.0,0.39,-0.0
30143.0,193265863.0,3.0,355.96,0.0,1476.0,0.0,35.0,1.0,0.0,346.0,4101216.0,0.39,-0.1
30144.0,193275863.0,3.0,355.96,0.0,1476.0,0.0,35.0,1.0,0.0,347.0,4101316.0,0.39,-0.1
30145.0,193285863.0,3.0,355.96,0.0,1476.0,0.0,35.0,1.0,0.0,348.0,4101416.0,0.39,-0.0
30146.0,193295863.0,3.0,355.96,0.0,1476.0,0.0,35.0,1.0,0.0,349.0,4101516.0,0.39,0.1
30147.0,193305863.0,3.0,355.96,0.0,1476.0,0.0,35.0,1.0,0.0,350.0,4101616.0,0.39,0.1
30148.0,193315863.0,3.0,355.96,0.0,1476.0,0.0,35.0,1.0,0.0,351.0,4101716.0,0.39,0.0
30149.0,193325863.0,3.0,355.87,0.0,1476.0,0.0,35.0,1.0,0.0,352.0,4101816.0,0.39,0.0
30150.0,193335863.0,3.0,356.04,0.0,1476.0,0.0,35.0,1.0,0.0,353.0,4101916.0,0.39,-0.1
30151.0,193345863.0,3.0,355.96,0.0,1476.0,0.0,35.0,1.0,0.0,354.0,4102016.0,0.39,-0.1
30152.0,193355863.0,3.0,355.96,0.0,1476.0,0.0,35.0,1.0,0.0,355.0,4102116.0,0.39,0.0
30153.0,193365863.0,3.0,356.04,0.0,1476.0,0.0,35.0,1.0,0.0,356.0,4102216.0,0.39,-0.0
30154.0,193375863.0,3.0,355.87,0.0,1476.0,0.0,35.0,1.0,0.0,357.0,4102316.0,0.39,0.0
30155.0,193385863.0,3.0,356.04,0.0,1476.0,0.0,35.0,1.0,0.0,358.0,4102416.0,0.39,0.0
30156.0,193395863.0,3.0,355.96,0.0,1476.0,0.0,35.0,1.0,0.0,359.0,4102516.0,0.39,0.0
30157.0,193405863.0,3.0,355.96,0.0,1476.0,0.0,35.0,1.0,0.0,360.0,4102616.0,0.39,0.1
30158.0,193415863.0,3.0,356.04,0.0,1476.0,0.0,35.0,1.0,0.0,361.0,4102716.0,0.39,-0.0
30159.0,193425863.0,3.0,355.96,0.0,1476.0,0.0,35.0,1.0,0.0,362.0,4102816.0,0.39,-0.0
30160.0,193435863.0,3.0,355.96,0.0,1476.0,0.0,35.0,1.0,0.0,363.0,4102916.0,0.39,-0.1
30161.0,193445863.0,3.0,355.96,0.0,1476.0,0.0,35.0,1.0,0.0,364.0,4103016.0,0.39,-0.0
30162.0,193455863.0,3.0,355.96,0.0,1476.0,0.0,35.0,1.0,0.0,365.0,4103116.0,0.39,0.1
30163.0,193465863.0,3.0,356.13,0.0,1476.0,0.0,35.0,1.0,0.0,366.0,4103216.0,0.39,0.0
30164.0,193475863.0,3.0,356.04,0.0,1476.0,0.0,35.0,1.0,0.0,367.0,4103316.0,0.39,0.0
30165.0,193485863.0,3.0,355.96,0.0,1476.0,0.0,35.0,1.0,0.0,368.0,4103416.0,0.39,0.0
30166.0,193495863.0,3.0,355.96,0.0,1476.0,0.0,35.0,1.0,0.0,369.0,4103516.0,0.39,0.0
30167.0,193505863.0,3.0,356.04,0.0,1476.0,0.0,35.0,1.0,0.0,370.0,4103616.0,0.39,0.0
30168.0,193515863.0,3.0,356.04,0.0,1476.0,0.0,35.0,1.0,0.0,371.0,4103716.0,0.39,0.0
30169.0,193525863.0,3.0,355.96,0.0,1476.0,0.0,35.0,1.0,0.0,372.0,4103816.0,0.39,0.0
30170.0,193535863.0,3.0,355.96,0.0,1476.0,0.0,35.0,1.0,0.0,373.0,4103916.0,0.39,0.0
30171.0,193545863.0,3.0,356.04,0.0,1476.0,0.0,35.0,1.0,0.0,374.0,4104016.0,0.39,-0.1
30172.0,193555863.0,3.0,356.04,0.0,1476.0,0.0,35.0,1.0,0.0,375.0,4104116.0,0.39,-0.0
30173.0,193565863.0,3.0,355.96,0.0,1476.0,0.0,35.0,1.0,0.0,376.0,4104216.0,0.39,0.0
30174.0,193575863.0,3.0,355.96,0.0,1476.0,0.0,35.0,1.0,0.0,377.0,4104316.0,0.39,0.0
30175.0,193585863.0,3.0,355.96,0.0,1476.0,0.0,35.0,1.0,0.0,378.0,4104416.0,0.39,0.1
30176.0,193595863.0,3.0,356.04,0.0,1476.0,0.0,35.0,1.0,0.0,379.0,4104516.0,0.39,0.0
30177.0,193605863.0,3.0,355.96,0.0,1476.0,0.0,35.0,1.0,0.0,380.0,4104616.0,0.39,0.0
30178.0,193615863.0,3.0,356.04,0.0,1476.0,0.0,35.0,1.0,0.0,381.0,4104716.0,0.39,0.0
30179.0,193625863.0,3.0,355.96,0.0,1476.0,0.0,35.0,1.0,0.0,382.0,4104816.0,0.39,-0.0
30180.0,193635863.0,3.0,356.04,0.0,1476.0,0.0,35.0,1.0,0.0,383.0,4104916.0,0.39,0.0
30181.0,193645863.0,3.0,356.04,0.0,1476.0,0.0,35.0,1.0,0.0,384.0,4105016.0,0.39,-0.0
30182.0,193655863.0,3.0,356.04,0.0,1476.0,0.0,35.0,1.0,0.0,385.0,4105116.0,0.39,0.0
30183.0,193665863.0,3.0,356.04,0.0,1476.0,0.0,35.0,1.0,0.0,386.0,4105216.0,0.39,0.0
30184.0,193675863.0,3.0,355.96,0.0,1476.0,0.0,35.0,1.0,0.0,387.0,4105316.0,0.39,0.1
30185.0,193685863.0,3.0,356.04,0.0,1476.0,0.0,35.0,1.0,0.0,388.0,4105416.0,0.39,-0.0
30186.0,193695863.0,3.0,355.87,0.0,1476.0,0.0,35.0,1.0,0.0,389.0,4105516.0,0.39,0.0
30187.0,193705863.0,3.0,355.96,0.0,1476.0,0.0,35.0,1.0,0.0,390.0,4105616.0,0.39,0.0
30188.0,193715863.0,3.0,355.96,0.0,1476.0,0.0,35.0,1.0,0.0,391.0,4105716.0,0.39,-0.3
30189.0,193725863.0,3.0,355.96,0.0,1476.0,0.0,35.0,1.0,0.0,392.0,4105816.0,0.38,-0.1
30190.0,193735863.0,3.0,355.96,0.0,1476.0,0.0,35.0,1.0,0.0,393.0,4105916.0,0.39,0.2
30191.0,193745863.0,3.0,355.96,0.0,1476.0,0.0,35.0,1.0,0.0,394.0,4106016.0,0.39,0.0
30192.0,193755863.0,3.0,355.96,0.0,1476.0,0.0,35.0,1.0,0.0,395.0,4106116.0,0.39,-0.0
30193.0,193765863.0,3.0,356.04,0.0,1476.0,0.0,35.0,1.0,0.0,396.0,4106216.0,0.39,0.0
30194.0,193775863.0,3.0,356.04,0.0,1476.0,0.0,35.0,1.0,0.0,397.0,4106316.0,0.39,0.1
30195.0,193785863.0,3.0,356.04,0.0,1476.0,0.0,35.0,1.0,0.0,398.0,4106416.0,0.39,0.0
30196.0,193795863.0,3.0,355.96,0.0,1476.0,0.0,35.0,1.0,0.0,399.0,4106516.0,0.39,-0.1
30197.0,193805863.0,3.0,355.96,0.0,1476.0,0.0,35.0,1.0,0.0,400.0,4106616.0,0.39,-0.1
30198.0,193815863.0,3.0,356.04,0.0,1476.0,0.0,35.0,1.0,0.0,401.0,4106716.0,0.39,-0.0
30199.0,193825863.0,3.0,356.04,0.0,1476.0,0.0,35.0,1.0,0.0,402.0,4106816.0,0.39,0.0
30200.0,193835863.0,3.0,355.96,0.0,1476.0,0.0,35.0,1.0,0.0,403.0,4106916.0,0.39,-0.0
30201.0,193845863.0,3.0,356.04,0.0,1476.0,0.0,35.0,1.0,0.0,404.0,4107016.0,0.39,0.0
30202.0,193855863.0,3.0,355.96,0.0,1476.0,0.0,35.0,1.0,0.0,405.0,4107116.0,0.39,0.0
30203.0,193865863.0,3.0,355.96,0.0,1476.0,0.0,35.0,1.0,0.0,406.0,4107216.0,0.39,0.0
30204.0,193875863.0,3.0,355.87,0.0,1476.0,0.0,35.0,1.0,0.0,407.0,4107316.0,0.39,-0.0
30205.0,193885863.0,3.0,355.96,0.0,1476.0,0.0,35.0,1.0,0.0,408.0,4107416.0,0.39,0.0
30206.0,193895863.0,3.0,355.96,0.0,1476.0,0.0,35.0,1.0,0.0,409.0,4107516.0,0.39,0.1
30207.0,193905863.0,3.0,356.04,0.0,1476.0,0.0,35.0,1.0,0.0,410.0,4107616.0,0.39,0.0
30208.0,193915863.0,3.0,355.96,0.0,1476.0,0.0,35.0,1.0,0.0,411.0,4107716.0,0.39,-0.0
30209.0,193925863.0,3.0,355.96,0.0,1476.0,0.0,35.0,1.0,0.0,412.0,4107816.0,0.39,-0.0
30210.0,193935863.0,3.0,355.96,0.0,1476.0,0.0,35.0,1.0,0.0,413.0,4107916.0,0.39,-0.0
30211.0,193945863.0,3.0,355.96,0.0,1476.0,0.0,35.0,1.0,0.0,414.0,4108016.0,0.39,-0.0
30212.0,193955863.0,3.0,355.96,0.0,1476.0,0.0,35.0,1.0,0.0,415.0,4108116.0,0.39,0.1
30213.0,193965863.0,3.0,355.96,0.0,1476.0,0.0,35.0,1.0,0.0,416.0,4108216.0,0.39,0.0
30214.0,193975863.0,3.0,356.04,0.0,1476.0,0.0,35.0,1.0,0.0,417.0,4108316.0,0.39,0.1
30215.0,193985863.0,3.0,355.87,0.0,1476.0,0.0,35.0,1.0,0.0,418.0,4108416.0,0.39,-0.0
30216.0,193995863.0,3.0,355.96,0.0,1476.0,0.0,35.0,1.0,0.0,419.0,4108516.0,0.39,-0.0
30217.0,194005863.0,3.0,355.96,0.0,1476.0,0.0,35.0,1.0,0.0,420.0,4108616.0,0.39,-0.0
30218.0,194015863.0,3.0,355.96,0.0,1476.0,0.0,35.0,1.0,0.0,421.0,4108716.0,0.39,0.0
30219.0,194025863.0,3.0,355.96,0.0,1476.0,0.0,35.0,1.0,0.0,422.0,4108816.0,0.39,0.0
30220.0,194035863.0,3.0,355.96,0.0,1476.0,0.0,35.0,1.0,0.0,423.0,4108916.0,0.39,0.0
30221.0,194045863.0,3.0,355.96,0.0,1476.0,0.0,35.0,1.0,0.0,424.0,4109016.0,0.39,0.0
30222.0,194055863.0,3.0,356.04,0.0,1476.0,0.0,35.0,1.0,0.0,425.0,4109116.0,0.39,0.1
30223.0,194065863.0,3.0,355.87,0.0,1476.0,0.0,35.0,1.0,0.0,426.0,4109216.0,0.39,-0.1
30224.0,194075863.0,3.0,355.96,0.0,1476.0,0.0,35.0,1.0,0.0,427.0,4109316.0,0.39,-0.0
30225.0,194085863.0,3.0,355.96,0.0,1476.0,0.0,35.0,1.0,0.0,428.0,4109416.0,0.39,-0.0
30226.0,194095863.0,3.0,356.04,0.0,1476.0,0.0,35.0,1.0,0.0,429.0,4109516.0,0.39,-0.1
30227.0,194105863.0,3.0,355.96,0.0,1476.0,0.0,35.0,1.0,0.0,430.0,4109616.0,0.39,0.2
30228.0,194115863.0,3.0,355.96,0.0,1476.0,0.0,35.0,1.0,0.0,431.0,4109716.0,0.39,0.1
30229.0,194125863.0,3.0,356.04,0.0,1476.0,0.0,35.0,1.0,0.0,432.0,4109816.0,0.39,-0.1
30230.0,194135863.0,3.0,355.96,0.0,1476.0,0.0,35.0,1.0,0.0,433.0,4109916.0,0.39,0.0
30231.0,194145863.0,3.0,355.96,0.0,1476.0,0.0,35.0,1.0,0.0,434.0,4110016.0,0.39,0.1
30232.0,194155863.0,3.0,355.96,0.0,1476.0,0.0,35.0,1.0,0.0,435.0,4110116.0,0.39,-0.1
30233.0,194165863.0,3.0,355.96,0.0,1476.0,0.0,35.0,1.0,0.0,436.0,4110216.0,0.39,-0.0
30234.0,194175863.0,3.0,355.96,0.0,1476.0,0.0,35.0,1.0,0.0,437.0,4110316.0,0.39,0.0
30235.0,194185863.0,3.0,355.96,0.0,1476.0,0.0,35.0,1.0,0.0,438.0,4110416.0,0.39,-0.0
30236.0,194195863.0,3.0,355.96,0.0,1476.0,0.0,35.0,1.0,0.0,439.0,4110516.0,0.39,-0.0
30237.0,194205863.0,3.0,355.96,0.0,1476.0,0.0,35.0,1.0,0.0,440.0,4110616.0,0.39,0.1
30238.0,194215863.0,3.0,355.96,0.0,1476.0,0.0,35.0,1.0,0.0,441.0,4110716.0,0.39,0.0
30239.0,194225863.0,3.0,355.87,0.0,1476.0,0.0,35.0,1.0,0.0,442.0,4110816.0,0.39,-0.0
30240.0,194235863.0,3.0,355.96,0.0,1476.0,0.0,35.0,1.0,0.0,443.0,4110916.0,0.39,0.0
30241.0,194245863.0,3.0,356.04,0.0,1476.0,0.0,35.0,1.0,0.0,444.0,4111016.0,0.39,0.0
30242.0,194255863.0,3.0,356.04,0.0,1476.0,0.0,35.0,1.0,0.0,445.0,4111116.0,0.39,0.0
30243.0,194265863.0,3.0,355.96,0.0,1476.0,0.0,35.0,1.0,0.0,446.0,4111216.0,0.39,0.0
30244.0,194275863.0,3.0,355.96,0.0,1476.0,0.0,35.0,1.0,0.0,447.0,4111316.0,0.39,-0.0
30245.0,194285863.0,3.0,355.96,0.0,1476.0,0.0,35.0,1.0,0.0,448.0,4111416.0,0.39,0.0
30246.0,194295863.0,3.0,355.96,0.0,1476.0,0.0,35.0,1.0,0.0,449.0,4111516.0,0.39,-0.0
30247.0,194305863.0,3.0,355.96,0.0,1476.0,0.0,35.0,1.0,0.0,450.0,4111616.0,0.39,0.0
30248.0,194315863.0,3.0,356.04,0.0,1476.0,0.0,35.0,1.0,0.0,451.0,4111716.0,0.39,0.2
30249.0,194325863.0,3.0,355.96,0.0,1476.0,0.0,35.0,1.0,0.0,452.0,4111816.0,0.39,-0.1
30250.0,194335863.0,3.0,355.96,0.0,1476.0,0.0,35.0,1.0,0.0,453.0,4111916.0,0.39,0.0
30251.0,194345863.0,3.0,355.87,0.0,1476.0,0.0,35.0,1.0,0.0,454.0,4112016.0,0.39,0.1
30252.0,194355863.0,3.0,355.96,0.0,1476.0,0.0,35.0,1.0,0.0,455.0,4112116.0,0.39,-0.1
30253.0,194365863.0,3.0,356.04,0.0,1476.0,0.0,35.0,1.0,0.0,456.0,4112216.0,0.39,-0.0
30254.0,194375863.0,3.0,356.04,0.0,1476.0,0.0,35.0,1.0,0.0,457.0,4112316.0,0.39,0.0
30255.0,194385863.0,3.0,355.96,0.0,1476.0,0.0,35.0,1.0,0.0,458.0,4112416.0,0.39,-0.0
30256.0,194395863.0,3.0,355.87,0.0,1476.0,0.0,35.0,1.0,0.0,459.0,4112516.0,0.39,-0.0
30257.0,194405863.0,3.0,355.87,0.0,1476.0,0.0,35.0,1.0,0.0,460.0,4112616.0,0.39,0.0
30258.0,194415863.0,3.0,356.04,0.0,1476.0,0.0,35.0,1.0,0.0,461.0,4112716.0,0.39,0.0
30259.0,194425863.0,3.0,356.04,0.0,1476.0,0.0,35.0,1.0,0.0,462.0,4112816.0,0.39,0.0
30260.0,194435863.0,3.0,355.96,0.0,1476.0,0.0,35.0,1.0,0.0,463.0,4112916.0,0.39,0.0
30261.0,194445863.0,3.0,355.96,0.0,1476.0,0.0,35.0,1.0,0.0,464.0,4113016.0,0.39,0.0
30262.0,194455863.0,3.0,355.96,0.0,1476.0,0.0,35.0,1.0,0.0,465.0,4113116.0,0.39,-0.0
30263.0,194465863.0,3.0,356.04,0.0,1476.0,0.0,35.0,1.0,0.0,466.0,4113216.0,0.39,-0.0
30264.0,194475863.0,3.0,356.04,0.0,1476.0,0.0,35.0,1.0,0.0,467.0,4113316.0,0.39,0.0
30265.0,194485863.0,3.0,355.87,0.0,1476.0,0.0,35.0,1.0,0.0,468.0,4113416.0,0.39,-0.0
30266.0,194495863.0,3.0,355.96,0.0,1476.0,0.0,35.0,1.0,0.0,469.0,4113516.0,0.39,-0.0
30267.0,194505863.0,3.0,356.04,0.0,1476.0,0.0,35.0,1.0,0.0,470.0,4113616.0,0.39,-0.0
30268.0,194515863.0,3.0,356.04,0.0,1476.0,0.0,35.0,1.0,0.0,471.0,4113716.0,0.39,0.0
30269.0,194525863.0,3.0,355.96,0.0,1476.0,0.0,35.0,1.0,0.0,472.0,4113816.0,0.39,0.0
30270.0,194535863.0,3.0,355.96,0.0,1476.0,0.0,35.0,1.0,0.0,473.0,4113916.0,0.39,0.0
30271.0,194545863.0,3.0,355.96,0.0,1476.0,0.0,35.0,1.0,0.0,474.0,4114016.0,0.39,0.0
30272.0,194555863.0,3.0,356.04,0.0,1476.0,0.0,35.0,1.0,0.0,475.0,4114116.0,0.39,-0.0
30273.0,194565863.0,3.0,356.04,0.0,1476.0,0.0,35.0,1.0,0.0,476.0,4114216.0,0.39,-0.0
30274.0,194575863.0,3.0,355.96,0.0,1476.0,0.0,35.0,1.0,0.0,477.0,4114316.0,0.39,-0.0
30275.0,194585863.0,3.0,355.87,0.0,1476.0,0.0,35.0,1.0,0.0,478.0,4114416.0,0.39,-0.0
30276.0,194595863.0,3.0,355.96,0.0,1476.0,0.0,35.0,1.0,0.0,479.0,4114516.0,0.39,0.0
30277.0,194605863.0,3.0,356.04,0.0,1476.0,0.0,35.0,1.0,0.0,480.0,4114616.0,0.39,0.0
30278.0,194615863.0,3.0,355.96,0.0,1476.0,0.0,35.0,1.0,0.0,481.0,4114716.0,0.39,-0.0
30279.0,194625863.0,3.0,356.04,0.0,1476.0,0.0,35.0,1.0,0.0,482.0,4114816.0,0.39,-0.0
30280.0,194635863.0,3.0,356.04,0.0,1476.0,0.0,35.0,1.0,0.0,483.0,4114916.0,0.39,-0.0
30281.0,194645863.0,3.0,355.96,0.0,1476.0,0.0,35.0,1.0,0.0,484.0,4115016.0,0.39,0.0
30282.0,194655863.0,3.0,355.96,0.0,1476.0,0.0,35.0,1.0,0.0,485.0,4115116.0,0.39,0.0
30283.0,194665863.0,3.0,355.87,0.0,1476.0,0.0,35.0,1.0,0.0,486.0,4115216.0,0.39,0.0
30284.0,194675863.0,3.0,355.96,0.0,1476.0,0.0,35.0,1.0,0.0,487.0,4115316.0,0.39,0.0
30285.0,194685863.0,3.0,355.96,0.0,1476.0,0.0,35.0,1.0,0.0,488.0,4115416.0,0.39,-0.0
30286.0,194695863.0,3.0,356.04,0.0,1476.0,0.0,35.0,1.0,0.0,489.0,4115516.0,0.39,-0.0
30287.0,194705863.0,3.0,356.04,0.0,1476.0,0.0,35.0,1.0,0.0,490.0,4115616.0,0.39,-0.0
30288.0,194715863.0,3.0,355.96,0.0,1476.0,0.0,35.0,1.0,0.0,491.0,4115716.0,0.39,-0.1
30289.0,194725863.0,3.0,355.87,0.0,1476.0,0.0,35.0,1.0,0.0,492.0,4115816.0,0.38,-0.1
30290.0,194735863.0,3.0,355.96,0.0,1476.0,0.0,35.0,1.0,0.0,493.0,4115916.0,0.39,0.0
30291.0,194745863.0,3.0,356.04,0.0,1476.0,0.0,35.0,1.0,0.0,494.0,4116016.0,0.39,0.1
30292.0,194755863.0,3.0,356.04,0.0,1476.0,0.0,35.0,1.0,0.0,495.0,4116116.0,0.39,0.1
30293.0,194765863.0,3.0,355.96,0.0,1476.0,0.0,35.0,1.0,0.0,496.0,4116216.0,0.39,0.0
30294.0,194775863.0,3.0,356.04,0.0,1476.0,0.0,35.0,1.0,0.0,497.0,4116316.0,0.39,0.0
30295.0,194785863.0,3.0,356.04,0.0,1476.0,0.0,35.0,1.0,0.0,498.0,4116416.0,0.39,-0.0
30296.0,194795863.0,3.0,355.96,0.0,1476.0,0.0,35.0,1.0,0.0,499.0,4116516.0,0.39,-0.1
30297.0,194805863.0,3.0,356.04,0.0,1476.0,0.0,35.0,1.0,0.0,500.0,4116616.0,0.38,-0.2
30298.0,194815863.0,3.0,355.96,0.0,1476.0,0.0,35.0,1.0,0.0,501.0,4116716.0,0.38,-0.0
30299.0,194825863.0,3.0,355.96,0.0,1476.0,0.0,35.0,1.0,0.0,502.0,4116816.0,0.38,0.1
30300.0,194835863.0,3.0,356.04,0.0,1476.0,0.0,35.0,1.0,0.0,503.0,4116916.0,0.39,0.1
30301.0,194845863.0,3.0,355.96,0.0,1476.0,0.0,35.0,1.0,0.0,504.0,4117016.0,0.39,0.1
30302.0,194855863.0,3.0,355.96,0.0,1476.0,0.0,35.0,1.0,0.0,505.0,4117116.0,0.39,0.0
30303.0,194865863.0,3.0,355.96,0.0,1476.0,0.0,35.0,1.0,0.0,506.0,4117216.0,0.39,-0.0
30304.0,194875863.0,3.0,355.96,0.0,1476.0,0.0,35.0,1.0,0.0,507.0,4117316.0,0.39,-0.0
30305.0,194885863.0,3.0,355.96,0.0,1476.0,0.0,35.0,1.0,0.0,508.0,4117416.0,0.39,-0.0
30306.0,194895863.0,3.0,355.96,0.0,1476.0,0.0,35.0,1.0,0.0,509.0,4117516.0,0.39,-0.0
30307.0,194905863.0,3.0,355.96,0.0,1476.0,0.0,35.0,1.0,0.0,510.0,4117616.0,0.39,-0.0
30308.0,194915863.0,3.0,355.96,0.0,1476.0,0.0,35.0,1.0,0.0,511.0,4117716.0,0.39,0.0
30309.0,194925863.0,3.0,355.96,0.0,1476.0,0.0,35.0,1.0,0.0,512.0,4117816.0,0.39,0.0
30310.0,194935863.0,3.0,355.96,0.0,1476.0,0.0,35.0,1.0,0.0,513.0,4117916.0,0.39,0.0
30311.0,194945863.0,3.0,355.96,0.0,1476.0,0.0,35.0,1.0,0.0,514.0,4118016.0,0.39,0.0
30312.0,194955863.0,3.0,355.96,0.0,1476.0,0.0,35.0,1.0,0.0,515.0,4118116.0,0.39,0.0
30313.0,194965863.0,3.0,355.96,0.0,1476.0,0.0,35.0,1.0,0.0,516.0,4118216.0,0.39,0.0
30314.0,194975863.0,3.0,355.96,0.0,1476.0,0.0,35.0,1.0,0.0,517.0,4118316.0,0.39,-0.0
30315.0,194985863.0,3.0,355.96,0.0,1476.0,0.0,35.0,1.0,0.0,518.0,4118416.0,0.39,0.0
30316.0,194995863.0,3.0,356.04,0.0,1476.0,0.0,35.0,1.0,0.0,519.0,4118516.0,0.39,0.0
30317.0,195005863.0,3.0,355.96,0.0,1476.0,0.0,35.0,1.0,0.0,520.0,4118616.0,0.39,-0.0
30318.0,195015863.0,3.0,356.04,0.0,1476.0,0.0,35.0,1.0,0.0,521.0,4118716.0,0.39,0.0
30319.0,195025863.0,3.0,355.96,0.0,1476.0,0.0,35.0,1.0,0.0,522.0,4118816.0,0.39,-0.0
30320.0,195035863.0,3.0,356.04,0.0,1476.0,0.0,35.0,1.0,0.0,523.0,4118916.0,0.39,0.1
30321.0,195045863.0,3.0,355.96,0.0,1476.0,0.0,35.0,1.0,0.0,524.0,4119016.0,0.39,0.1
30322.0,195055863.0,3.0,356.04,0.0,1476.0,0.0,35.0,1.0,0.0,525.0,4119116.0,0.39,0.1
30323.0,195065863.0,3.0,355.96,0.0,1476.0,0.0,35.0,1.0,0.0,526.0,4119216.0,0.39,-0.1
30324.0,195075863.0,3.0,355.96,0.0,1476.0,0.0,35.0,1.0,0.0,527.0,4119316.0,0.38,-0.0
30325.0,195085863.0,3.0,355.96,0.0,1476.0,0.0,35.0,1.0,0.0,528.0,4119416.0,0.38,0.0
30326.0,195095863.0,3.0,355.96,0.0,1476.0,0.0,35.0,1.0,0.0,529.0,4119516.0,0.39,0.0
30327.0,195105863.0,3.0,356.04,0.0,1476.0,0.0,35.0,1.0,0.0,530.0,4119616.0,0.39,0.0
30328.0,195115863.0,3.0,355.87,0.0,1476.0,0.0,35.0,1.0,0.0,531.0,4119716.0,0.39,0.1
30329.0,195125863.0,3.0,355.96,0.0,1476.0,0.0,35.0,1.0,0.0,532.0,4119816.0,0.39,0.0
30330.0,195135863.0,3.0,355.96,0.0,1476.0,0.0,35.0,1.0,0.0,533.0,4119916.0,0.39,-0.0
30331.0,195145863.0,3.0,356.04,0.0,1476.0,0.0,35.0,1.0,0.0,534.0,4120016.0,0.39,-0.0
30332.0,195155863.0,3.0,356.04,0.0,1476.0,0.0,35.0,1.0,0.0,535.0,4120116.0,0.39,0.0
30333.0,195165863.0,3.0,355.96,0.0,1476.0,0.0,35.0,1.0,0.0,536.0,4120216.0,0.39,0.0
30334.0,195175863.0,3.0,355.96,0.0,1476.0,0.0,35.0,1.0,0.0,537.0,4120316.0,0.39,0.0
30335.0,195185863.0,3.0,355.87,0.0,1476.0,0.0,35.0,1.0,0.0,538.0,4120416.0,0.39,0.1
30336.0,195195863.0,3.0,355.96,0.0,1476.0,0.0,35.0,1.0,0.0,539.0,4120516.0,0.39,0.1
30337.0,195205863.0,3.0,356.04,0.0,1476.0,0.0,35.0,1.0,0.0,540.0,4120616.0,0.39,-0.0
30338.0,195215863.0,3.0,355.96,0.0,1476.0,0.0,35.0,1.0,0.0,541.0,4120716.0,0.39,0.0
30339.0,195225863.0,3.0,356.04,0.0,1476.0,0.0,35.0,1.0,0.0,542.0,4120816.0,0.39,-0.0
30340.0,195235863.0,3.0,355.96,0.0,1476.0,0.0,35.0,1.0,0.0,543.0,4120916.0,0.39,0.0
30341.0,195245863.0,3.0,355.96,0.0,1476.0,0.0,35.0,1.0,0.0,544.0,4121016.0,0.39,-0.0
30342.0,195255863.0,3.0,355.96,0.0,1476.0,0.0,35.0,1.0,0.0,545.0,4121116.0,0.39,0.0
30343.0,195265863.0,3.0,355.96,0.0,1476.0,0.0,35.0,1.0,0.0,546.0,4121216.0,0.39,0.0
30344.0,195275863.0,3.0,356.04,0.0,1476.0,0.0,35.0,1.0,0.0,547.0,4121316.0,0.39,0.0
30345.0,195285863.0,3.0,355.96,0.0,1476.0,0.0,35.0,1.0,0.0,548.0,4121416.0,0.39,0.0
30346.0,195295863.0,3.0,355.96,0.0,1476.0,0.0,35.0,1.0,0.0,549.0,4121516.0,0.39,-0.1
30347.0,195305863.0,3.0,355.96,0.0,1476.0,0.0,35.0,1.0,0.0,550.0,4121616.0,0.39,0.0
30348.0,195315863.0,3.0,355.96,0.0,1476.0,0.0,35.0,1.0,0.0,551.0,4121716.0,0.39,-0.0
30349.0,195325863.0,3.0,355.96,0.0,1476.0,0.0,35.0,1.0,0.0,552.0,4121816.0,0.39,0.0
30350.0,195335863.0,3.0,356.04,0.0,1476.0,0.0,35.0,1.0,0.0,553.0,4121916.0,0.39,0.0
30351.0,195345863.0,3.0,355.96,0.0,1476.0,0.0,35.0,1.0,0.0,554.0,4122016.0,0.39,0.0
30352.0,195355863.0,3.0,356.04,0.0,1476.0,0.0,35.0,1.0,0.0,555.0,4122116.0,0.39,0.0
30353.0,195365863.0,3.0,355.96,0.0,1476.0,0.0,35.0,1.0,0.0,556.0,4122216.0,0.39,0.0
30354.0,195375863.0,3.0,355.96,0.0,1476.0,0.0,35.0,1.0,0.0,557.0,4122316.0,0.39,0.0
30355.0,195385863.0,3.0,356.04,0.0,1476.0,0.0,35.0,1.0,0.0,558.0,4122416.0,0.39,0.0
30356.0,195395863.0,3.0,355.87,0.0,1476.0,0.0,35.0,1.0,0.0,559.0,4122516.0,0.39,0.0
30357.0,195405863.0,3.0,356.04,0.0,1476.0,0.0,35.0,1.0,0.0,560.0,4122616.0,0.39,0.0
30358.0,195415863.0,3.0,355.87,0.0,1476.0,0.0,35.0,1.0,0.0,561.0,4122716.0,0.39,0.1
30359.0,195425863.0,3.0,355.96,0.0,1476.0,0.0,35.0,1.0,0.0,562.0,4122816.0,0.39,-0.1
30360.0,195435863.0,3.0,355.96,0.0,1476.0,0.0,35.0,1.0,0.0,563.0,4122916.0,0.39,0.0
30361.0,195445863.0,3.0,355.96,0.0,1476.0,0.0,35.0,1.0,0.0,564.0,4123016.0,0.39,0.0
30362.0,195455863.0,3.0,355.96,0.0,1476.0,0.0,35.0,1.0,0.0,565.0,4123116.0,0.39,0.0
30363.0,195465863.0,3.0,355.96,0.0,1476.0,0.0,35.0,1.0,0.0,566.0,4123216.0,0.39,0.0
30364.0,195475863.0,3.0,356.04,0.0,1476.0,0.0,35.0,1.0,0.0,567.0,4123316.0,0.39,0.0
30365.0,195485863.0,3.0,355.96,0.0,1476.0,0.0,35.0,1.0,0.0,568.0,4123416.0,0.39,0.0
30366.0,195495863.0,3.0,355.96,0.0,1476.0,0.0,35.0,1.0,0.0,569.0,4123516.0,0.39,0.0
30367.0,195505863.0,3.0,355.96,0.0,1476.0,0.0,35.0,1.0,0.0,570.0,4123616.0,0.39,0.0
30368.0,195515863.0,3.0,356.04,0.0,1476.0,0.0,35.0,1.0,0.0,571.0,4123716.0,0.39,0.1
30369.0,195525863.0,3.0,355.96,0.0,1476.0,0.0,35.0,1.0,0.0,572.0,4123816.0,0.39,-0.2
30370.0,195535863.0,3.0,355.96,0.0,1476.0,0.0,35.0,1.0,0.0,573.0,4123916.0,0.38,-0.1
30371.0,195545863.0,3.0,355.96,0.0,1476.0,0.0,35.0,1.0,0.0,574.0,4124016.0,0.39,0.2
30372.0,195555863.0,3.0,355.96,0.0,1476.0,0.0,35.0,1.0,0.0,575.0,4124116.0,0.39,0.1
30373.0,195565863.0,3.0,356.04,0.0,1476.0,0.0,35.0,1.0,0.0,576.0,4124216.0,0.39,-0.1
30374.0,195575863.0,3.0,355.96,0.0,1476.0,0.0,35.0,1.0,0.0,577.0,4124316.0,0.39,0.0
30375.0,195585863.0,3.0,356.04,0.0,1476.0,0.0,35.0,1.0,0.0,578.0,4124416.0,0.39,0.0
30376.0,195595863.0,3.0,355.96,0.0,1476.0,0.0,35.0,1.0,0.0,579.0,4124516.0,0.39,-0.0
30377.0,195605863.0,3.0,355.96,0.0,1476.0,0.0,35.0,1.0,0.0,580.0,4124616.0,0.39,-0.0
30378.0,195615863.0,3.0,355.96,0.0,1476.0,0.0,35.0,1.0,0.0,581.0,4124716.0,0.39,0.0
30379.0,195625863.0,3.0,355.96,0.0,1476.0,0.0,35.0,1.0,0.0,582.0,4124816.0,0.39,-0.0
30380.0,195635863.0,3.0,355.96,0.0,1476.0,0.0,35.0,1.0,0.0,583.0,4124916.0,0.39,0.0
30381.0,195645863.0,3.0,355.96,0.0,1476.0,0.0,35.0,1.0,0.0,584.0,4125016.0,0.39,0.0
30382.0,195655863.0,3.0,355.96,0.0,1476.0,0.0,35.0,1.0,0.0,585.0,4125116.0,0.39,-0.0
30383.0,195665863.0,3.0,356.04,0.0,1476.0,0.0,35.0,1.0,0.0,586.0,4125216.0,0.39,-0.0
30384.0,195675863.0,3.0,355.96,0.0,1476.0,0.0,35.0,1.0,0.0,587.0,4125316.0,0.39,-0.0
30385.0,195685863.0,3.0,355.87,0.0,1476.0,0.0,35.0,1.0,0.0,588.0,4125416.0,0.39,-0.0
30386.0,195695863.0,3.0,355.96,0.0,1476.0,0.0,35.0,1.0,0.0,589.0,4125516.0,0.39,-0.0
30387.0,195705863.0,3.0,355.96,0.0,1476.0,0.0,35.0,1.0,0.0,590.0,4125616.0,0.39,-0.0
30388.0,195715863.0,3.0,355.96,0.0,1476.0,0.0,35.0,1.0,0.0,591.0,4125716.0,0.39,-0.1
30389.0,195725863.0,3.0,355.87,0.0,1476.0,0.0,35.0,1.0,0.0,592.0,4125816.0,0.39,0.0
30390.0,195735863.0,3.0,355.96,0.0,1476.0,0.0,35.0,1.0,0.0,593.0,4125916.0,0.39,0.0
30391.0,195745863.0,3.0,355.87,0.0,1476.0,0.0,35.0,1.0,0.0,594.0,4126016.0,0.39,-0.0
30392.0,195755863.0,3.0,355.96,0.0,1476.0,0.0,35.0,1.0,0.0,595.0,4126116.0,0.39,0.0
30393.0,195765863.0,3.0,356.04,0.0,1476.0,0.0,35.0,1.0,0.0,596.0,4126216.0,0.39,0.0
30394.0,195775863.0,3.0,355.87,0.0,1476.0,0.0,35.0,1.0,0.0,597.0,4126316.0,0.39,0.0
30395.0,195785863.0,3.0,355.87,0.0,1476.0,0.0,35.0,1.0,0.0,598.0,4126416.0,0.39,-0.0
30396.0,195795863.0,3.0,355.96,0.0,1476.0,0.0,35.0,1.0,0.0,599.0,4126516.0,0.38,-0.1
30397.0,195805863.0,3.0,355.96,0.0,1476.0,0.0,35.0,1.0,0.0,600.0,4126616.0,0.38,-0.1
30398.0,195815863.0,3.0,355.96,0.0,1476.0,0.0,35.0,1.0,0.0,601.0,4126716.0,0.38,0.0
30399.0,195825863.0,3.0,355.96,0.0,1476.0,0.0,35.0,1.0,0.0,602.0,4126816.0,0.38,-0.0
30400.0,195835863.0,3.0,355.96,0.0,1476.0,0.0,35.0,1.0,0.0,603.0,4126916.0,0.38,0.0
30401.0,195845863.0,3.0,356.04,0.0,1476.0,0.0,35.0,1.0,0.0,604.0,4127016.0,0.39,0.0
30402.0,195855863.0,3.0,355.96,0.0,1476.0,0.0,35.0,1.0,0.0,605.0,4127116.0,0.39,0.0
30403.0,195865863.0,3.0,355.96,0.0,1476.0,0.0,35.0,1.0,0.0,606.0,4127216.0,0.38,-0.0
30404.0,195875863.0,3.0,355.96,0.0,1476.0,0.0,35.0,1.0,0.0,607.0,4127316.0,0.38,0.0
30405.0,195885863.0,3.0,355.96,0.0,1476.0,0.0,35.0,1.0,0.0,608.0,4127416.0,0.38,0.0
30406.0,195895863.0,3.0,355.96,0.0,1476.0,0.0,35.0,1.0,0.0,609.0,4127516.0,0.38,-0.0
30407.0,195905863.0,3.0,355.96,0.0,1476.0,0.0,35.0,1.0,0.0,610.0,4127616.0,0.38,-0.1
30408.0,195915863.0,3.0,355.96,0.0,1476.0,0.0,35.0,1.0,0.0,611.0,4127716.0,0.38,-0.0
30409.0,195925863.0,3.0,355.96,0.0,1476.0,0.0,35.0,1.0,0.0,612.0,4127816.0,0.38,0.1
30410.0,195935863.0,3.0,355.96,0.0,1476.0,0.0,35.0,1.0,0.0,613.0,4127916.0,0.38,0.0
30411.0,195945863.0,3.0,356.04,0.0,1476.0,0.0,35.0,1.0,0.0,614.0,4128016.0,0.38,-0.0
30412.0,195955863.0,3.0,356.04,0.0,1476.0,0.0,35.0,1.0,0.0,615.0,4128116.0,0.38,-0.0
30413.0,195965863.0,3.0,356.04,0.0,1476.0,0.0,35.0,1.0,0.0,616.0,4128216.0,0.38,0.0
30414.0,195975863.0,3.0,356.04,0.0,1476.0,0.0,35.0,1.0,0.0,617.0,4128316.0,0.38,-0.0
30415.0,195985863.0,3.0,356.04,0.0,1476.0,0.0,35.0,1.0,0.0,618.0,4128416.0,0.38,-0.0
30416.0,195995863.0,3.0,355.96,0.0,1476.0,0.0,35.0,1.0,0.0,619.0,4128516.0,0.38,-0.0
30417.0,196005863.0,3.0,355.96,0.0,1476.0,0.0,35.0,1.0,0.0,620.0,4128616.0,0.38,0.0
30418.0,196015863.0,3.0,355.87,0.0,1476.0,0.0,35.0,1.0,0.0,621.0,4128716.0,0.38,0.0
30419.0,196025863.0,3.0,356.04,0.0,1476.0,0.0,35.0,1.0,0.0,622.0,4128816.0,0.38,-0.0
30420.0,196035863.0,3.0,355.96,0.0,1476.0,0.0,35.0,1.0,0.0,623.0,4128916.0,0.38,-0.0
30421.0,196045863.0,3.0,355.96,0.0,1476.0,0.0,35.0,1.0,0.0,624.0,4129016.0,0.38,0.0
30422.0,196055863.0,3.0,355.87,0.0,1476.0,0.0,35.0,1.0,0.0,625.0,4129116.0,0.38,0.0
30423.0,196065863.0,3.0,355.96,0.0,1476.0,0.0,35.0,1.0,0.0,626.0,4129216.0,0.38,0.0
30424.0,196075863.0,3.0,356.04,0.0,1476.0,0.0,35.0,1.0,0.0,627.0,4129316.0,0.38,0.0
30425.0,196085863.0,3.0,355.96,0.0,1476.0,0.0,35.0,1.0,0.0,628.0,4129416.0,0.38,0.0
30426.0,196095863.0,3.0,355.96,0.0,1476.0,0.0,35.0,1.0,0.0,629.0,4129516.0,0.38,-0.1
30427.0,196105863.0,3.0,355.96,0.0,1476.0,0.0,35.0,1.0,0.0,630.0,4129616.0,0.38,-0.0
30428.0,196115863.0,3.0,356.04,0.0,1476.0,0.0,35.0,1.0,0.0,631.0,4129716.0,0.38,0.0
30429.0,196125863.0,3.0,356.04,0.0,1476.0,0.0,35.0,1.0,0.0,632.0,4129816.0,0.38,0.1
30430.0,196135863.0,3.0,355.96,0.0,1476.0,0.0,35.0,1.0,0.0,633.0,4129916.0,0.38,0.0
30431.0,196145863.0,3.0,355.96,0.0,1476.0,0.0,35.0,1.0,0.0,634.0,4130016.0,0.38,-0.0
30432.0,196155863.0,3.0,355.96,0.0,1476.0,0.0,35.0,1.0,0.0,635.0,4130116.0,0.38,-0.0
30433.0,196165863.0,3.0,356.13,0.0,1476.0,0.0,35.0,1.0,0.0,636.0,4130216.0,0.38,0.0
30434.0,196175863.0,3.0,355.96,0.0,1476.0,0.0,35.0,1.0,0.0,637.0,4130316.0,0.38,0.1
30435.0,196185863.0,3.0,355.96,0.0,1476.0,0.0,35.0,1.0,0.0,638.0,4130416.0,0.38,-0.0
30436.0,196195863.0,3.0,355.96,0.0,1476.0,0.0,35.0,1.0,0.0,639.0,4130516.0,0.38,-0.1
30437.0,196205863.0,3.0,355.96,0.0,1476.0,0.0,35.0,1.0,0.0,640.0,4130616.0,0.38,-0.0
30438.0,196215863.0,3.0,355.96,0.0,1476.0,0.0,35.0,1.0,0.0,641.0,4130716.0,0.38,0.0
30439.0,196225863.0,3.0,355.96,0.0,1476.0,0.0,35.0,1.0,0.0,642.0,4130816.0,0.38,-0.0
30440.0,196235863.0,3.0,355.96,0.0,1476.0,0.0,35.0,1.0,0.0,643.0,4130916.0,0.38,-0.1
30441.0,196245863.0,3.0,355.87,0.0,1476.0,0.0,35.0,1.0,0.0,644.0,4131016.0,0.38,0.0
30442.0,196255863.0,3.0,355.96,0.0,1476.0,0.0,35.0,1.0,0.0,645.0,4131116.0,0.38,0.0
30443.0,196265863.0,3.0,355.96,0.0,1476.0,0.0,35.0,1.0,0.0,646.0,4131216.0,0.38,0.1
30444.0,196275863.0,3.0,356.04,0.0,1476.0,0.0,35.0,1.0,0.0,647.0,4131316.0,0.38,0.1
30445.0,196285863.0,3.0,355.96,0.0,1476.0,0.0,35.0,1.0,0.0,648.0,4131416.0,0.38,-0.0
30446.0,196295863.0,3.0,355.96,0.0,1476.0,0.0,35.0,1.0,0.0,649.0,4131516.0,0.38,-0.1
30447.0,196305863.0,3.0,355.87,0.0,1476.0,0.0,35.0,1.0,0.0,650.0,4131616.0,0.38,-0.1
30448.0,196315863.0,3.0,355.87,0.0,1476.0,0.0,35.0,1.0,0.0,651.0,4131716.0,0.38,-0.1
30449.0,196325863.0,3.0,355.96,0.0,1476.0,0.0,35.0,1.0,0.0,652.0,4131816.0,0.38,-0.0
30450.0,196335863.0,3.0,355.96,0.0,1476.0,0.0,35.0,1.0,0.0,653.0,4131916.0,0.38,0.0
30451.0,196345863.0,3.0,356.04,0.0,1476.0,0.0,35.0,1.0,0.0,654.0,4132016.0,0.38,0.1
30452.0,196355863.0,3.0,355.96,0.0,1476.0,0.0,35.0,1.0,0.0,655.0,4132116.0,0.38,0.1
30453.0,196365863.0,3.0,356.04,0.0,1476.0,0.0,35.0,1.0,0.0,656.0,4132216.0,0.38,0.0
30454.0,196375863.0,3.0,356.04,0.0,1476.0,0.0,35.0,1.0,0.0,657.0,4132316.0,0.38,0.0
30455.0,196385863.0,3.0,355.96,0.0,1476.0,0.0,35.0,1.0,0.0,658.0,4132416.0,0.38,0.1
30456.0,196395863.0,3.0,355.96,0.0,1476.0,0.0,35.0,1.0,0.0,659.0,4132516.0,0.38,-0.1
30457.0,196405863.0,3.0,355.96,0.0,1476.0,0.0,35.0,1.0,0.0,660.0,4132616.0,0.38,-0.2
30458.0,196415863.0,3.0,355.96,0.0,1476.0,0.0,35.0,1.0,0.0,661.0,4132716.0,0.38,-0.1
30459.0,196425863.0,3.0,355.96,0.0,1476.0,0.0,35.0,1.0,0.0,662.0,4132816.0,0.38,0.0
30460.0,196435863.0,3.0,355.96,0.0,1476.0,0.0,35.0,1.0,0.0,663.0,4132916.0,0.38,0.0
30461.0,196445863.0,3.0,355.96,0.0,1476.0,0.0,35.0,1.0,0.0,664.0,4133016.0,0.38,0.1
30462.0,196455863.0,3.0,356.04,0.0,1476.0,0.0,35.0,1.0,0.0,665.0,4133116.0,0.38,0.1
30463.0,196465863.0,3.0,356.04,0.0,1476.0,0.0,35.0,1.0,0.0,666.0,4133216.0,0.38,0.1
30464.0,196475863.0,3.0,355.96,0.0,1476.0,0.0,35.0,1.0,0.0,667.0,4133316.0,0.38,-0.0
30465.0,196485863.0,3.0,356.04,0.0,1476.0,0.0,35.0,1.0,0.0,668.0,4133416.0,0.38,-0.1
30466.0,196495863.0,3.0,356.04,0.0,1476.0,0.0,35.0,1.0,0.0,669.0,4133516.0,0.38,0.0
30467.0,196505863.0,3.0,356.04,0.0,1476.0,0.0,35.0,1.0,0.0,670.0,4133616.0,0.38,-0.1
30468.0,196515863.0,3.0,355.96,0.0,1476.0,0.0,35.0,1.0,0.0,671.0,4133716.0,0.38,-0.1
30469.0,196525863.0,3.0,356.04,0.0,1476.0,0.0,35.0,1.0,0.0,672.0,4133816.0,0.38,0.1
30470.0,196535863.0,3.0,355.96,0.0,1476.0,0.0,35.0,1.0,0.0,673.0,4133916.0,0.38,0.1
30471.0,196545863.0,3.0,355.96,0.0,1476.0,0.0,35.0,1.0,0.0,674.0,4134016.0,0.38,-0.1
30472.0,196555863.0,3.0,355.96,0.0,1476.0,0.0,35.0,1.0,0.0,675.0,4134116.0,0.38,0.0
30473.0,196565863.0,3.0,356.04,0.0,1476.0,0.0,35.0,1.0,0.0,676.0,4134216.0,0.38,0.1
30474.0,196575863.0,3.0,355.96,0.0,1476.0,0.0,35.0,1.0,0.0,677.0,4134316.0,0.38,0.0
30475.0,196585863.0,3.0,356.04,0.0,1476.0,0.0,35.0,1.0,0.0,678.0,4134416.0,0.38,0.0
30476.0,196595863.0,3.0,355.96,0.0,1476.0,0.0,35.0,1.0,0.0,679.0,4134516.0,0.38,0.0
30477.0,196605863.0,3.0,355.96,0.0,1476.0,0.0,35.0,1.0,0.0,680.0,4134616.0,0.38,0.1
30478.0,196615863.0,3.0,356.04,0.0,1476.0,0.0,35.0,1.0,0.0,681.0,4134716.0,0.38,0.1
30479.0,196625863.0,3.0,355.96,0.0,1476.0,0.0,35.0,1.0,0.0,682.0,4134816.0,0.38,0.0
30480.0,196635863.0,3.0,355.87,0.0,1476.0,0.0,35.0,1.0,0.0,683.0,4134916.0,0.38,-0.1
30481.0,196645863.0,3.0,356.04,0.0,1476.0,0.0,35.0,1.0,0.0,684.0,4135016.0,0.38,0.0
30482.0,196655863.0,3.0,356.04,0.0,1476.0,0.0,35.0,1.0,0.0,685.0,4135116.0,0.38,-0.0
30483.0,196665863.0,3.0,355.96,0.0,1476.0,0.0,35.0,1.0,0.0,686.0,4135216.0,0.38,-0.0
30484.0,196675863.0,3.0,356.04,0.0,1476.0,0.0,35.0,1.0,0.0,687.0,4135316.0,0.38,0.1
30485.0,196685863.0,3.0,355.96,0.0,1476.0,0.0,35.0,1.0,0.0,688.0,4135416.0,0.39,0.1
30486.0,196695863.0,3.0,355.96,0.0,1476.0,0.0,35.0,1.0,0.0,689.0,4135516.0,0.39,-0.0
30487.0,196705863.0,3.0,355.96,0.0,1476.0,0.0,35.0,1.0,0.0,690.0,4135616.0,0.38,-0.0
30488.0,196715863.0,3.0,356.04,0.0,1476.0,0.0,35.0,1.0,0.0,691.0,4135716.0,0.38,-0.0
30489.0,196725863.0,3.0,356.04,0.0,1476.0,0.0,35.0,1.0,0.0,692.0,4135816.0,0.38,-0.0
30490.0,196735863.0,3.0,355.96,0.0,1476.0,0.0,35.0,1.0,0.0,693.0,4135916.0,0.38,-0.0
30491.0,196745863.0,3.0,355.96,0.0,1476.0,0.0,35.0,1.0,0.0,694.0,4136016.0,0.38,-0.0
30492.0,196755863.0,3.0,355.96,0.0,1476.0,0.0,35.0,1.0,0.0,695.0,4136116.0,0.38,-0.0
30493.0,196765863.0,3.0,356.04,0.0,1476.0,0.0,35.0,1.0,0.0,696.0,4136216.0,0.38,0.1
30494.0,196775863.0,3.0,356.04,0.0,1476.0,0.0,35.0,1.0,0.0,697.0,4136316.0,0.38,0.0
30495.0,196785863.0,3.0,355.96,0.0,1476.0,0.0,35.0,1.0,0.0,698.0,4136416.0,0.38,0.1
30496.0,196795863.0,3.0,355.96,0.0,1476.0,0.0,35.0,1.0,0.0,699.0,4136516.0,0.38,0.0
30497.0,196805863.0,3.0,355.96,0.0,1476.0,0.0,35.0,1.0,0.0,700.0,4136616.0,0.38,-0.0
30498.0,196815863.0,3.0,355.87,0.0,1476.0,0.0,35.0,1.0,0.0,701.0,4136716.0,0.38,-0.1
30499.0,196825863.0,3.0,355.96,0.0,1476.0,0.0,35.0,1.0,0.0,702.0,4136816.0,0.38,-0.1
30500.0,196835863.0,3.0,356.04,0.0,1476.0,0.0,35.0,1.0,0.0,703.0,4136916.0,0.38,0.1
30501.0,196845863.0,3.0,356.04,0.0,1476.0,0.0,35.0,1.0,0.0,704.0,4137016.0,0.38,0.1
30502.0,196855863.0,3.0,355.96,0.0,1476.0,0.0,35.0,1.0,0.0,705.0,4137116.0,0.39,0.0
30503.0,196865863.0,3.0,355.96,0.0,1476.0,0.0,35.0,1.0,0.0,706.0,4137216.0,0.38,0.0
30504.0,196875863.0,3.0,355.96,0.0,1476.0,0.0,35.0,1.0,0.0,707.0,4137316.0,0.38,0.0
30505.0,196885863.0,3.0,355.87,0.0,1476.0,0.0,35.0,1.0,0.0,708.0,4137416.0,0.38,-0.0
30506.0,196895863.0,3.0,355.87,0.0,1476.0,0.0,35.0,1.0,0.0,709.0,4137516.0,0.38,-0.0
30507.0,196905863.0,3.0,355.96,0.0,1476.0,0.0,35.0,1.0,0.0,710.0,4137616.0,0.38,-0.0
30508.0,196915863.0,3.0,355.87,0.0,1476.0,0.0,35.0,1.0,0.0,711.0,4137716.0,0.38,0.0
30509.0,196925863.0,3.0,356.04,0.0,1476.0,0.0,35.0,1.0,0.0,712.0,4137816.0,0.38,-0.0
30510.0,196935863.0,3.0,355.96,0.0,1476.0,0.0,35.0,1.0,0.0,713.0,4137916.0,0.38,0.0
30511.0,196945863.0,3.0,355.96,0.0,1476.0,0.0,35.0,1.0,0.0,714.0,4138016.0,0.38,0.0
30512.0,196955863.0,3.0,355.96,0.0,1476.0,0.0,35.0,1.0,0.0,715.0,4138116.0,0.38,0.1
30513.0,196965863.0,3.0,355.96,0.0,1476.0,0.0,35.0,1.0,0.0,716.0,4138216.0,0.38,0.1
30514.0,196975863.0,3.0,356.04,0.0,1476.0,0.0,35.0,1.0,0.0,717.0,4138316.0,0.38,-0.0
30515.0,196985863.0,3.0,355.96,0.0,1476.0,0.0,35.0,1.0,0.0,718.0,4138416.0,0.38,-0.0
30516.0,196995863.0,3.0,356.04,0.0,1476.0,0.0,35.0,1.0,0.0,719.0,4138516.0,0.38,0.0
30517.0,197005863.0,3.0,356.04,0.0,1476.0,0.0,35.0,1.0,0.0,720.0,4138616.0,0.38,0.0
30518.0,197015863.0,3.0,355.96,0.0,1476.0,0.0,35.0,1.0,0.0,721.0,4138716.0,0.38,-0.1
30519.0,197025863.0,3.0,356.04,0.0,1476.0,0.0,35.0,1.0,0.0,722.0,4138816.0,0.38,-0.0
30520.0,197035863.0,3.0,356.04,0.0,1476.0,0.0,35.0,1.0,0.0,723.0,4138916.0,0.38,0.0
30521.0,197045863.0,3.0,355.96,0.0,1476.0,0.0,35.0,1.0,0.0,724.0,4139016.0,0.38,-0.0
30522.0,197055863.0,3.0,355.96,0.0,1476.0,0.0,35.0,1.0,0.0,725.0,4139116.0,0.38,0.0
30523.0,197065863.0,3.0,355.96,0.0,1476.0,0.0,35.0,1.0,0.0,726.0,4139216.0,0.38,0.1
30524.0,197075863.0,3.0,355.96,0.0,1476.0,0.0,35.0,1.0,0.0,727.0,4139316.0,0.38,0.1
30525.0,197085863.0,3.0,356.04,0.0,1476.0,0.0,35.0,1.0,0.0,728.0,4139416.0,0.38,-0.0
30526.0,197095863.0,3.0,355.96,0.0,1476.0,0.0,35.0,1.0,0.0,729.0,4139516.0,0.38,-0.0
30527.0,197105863.0,3.0,355.96,0.0,1476.0,0.0,35.0,1.0,0.0,730.0,4139616.0,0.38,-0.0
30528.0,197115863.0,3.0,355.96,0.0,1476.0,0.0,35.0,1.0,0.0,731.0,4139716.0,0.38,-0.0
30529.0,197125863.0,3.0,356.04,0.0,1476.0,0.0,35.0,1.0,0.0,732.0,4139816.0,0.38,0.0
30530.0,197135863.0,3.0,355.96,0.0,1476.0,0.0,35.0,1.0,0.0,733.0,4139916.0,0.38,0.0
30531.0,197145863.0,3.0,356.04,0.0,1476.0,0.0,35.0,1.0,0.0,734.0,4140016.0,0.38,0.0
30532.0,197155863.0,3.0,356.04,0.0,1476.0,0.0,35.0,1.0,0.0,735.0,4140116.0,0.38,0.0
30533.0,197165863.0,3.0,355.96,0.0,1476.0,0.0,35.0,1.0,0.0,736.0,4140216.0,0.38,-0.0
30534.0,197175863.0,3.0,356.04,0.0,1476.0,0.0,35.0,1.0,0.0,737.0,4140316.0,0.38,0.1
30535.0,197185863.0,3.0,355.87,0.0,1476.0,0.0,35.0,1.0,0.0,738.0,4140416.0,0.38,0.0
30536.0,197195863.0,3.0,355.87,0.0,1476.0,0.0,35.0,1.0,0.0,739.0,4140516.0,0.38,-0.0
30537.0,197205863.0,3.0,355.96,0.0,1476.0,0.0,35.0,1.0,0.0,740.0,4140616.0,0.38,0.0
30538.0,197215863.0,3.0,355.96,0.0,1476.0,0.0,35.0,1.0,0.0,741.0,4140716.0,0.38,-0.0
30539.0,197225863.0,3.0,356.13,0.0,1476.0,0.0,35.0,1.0,0.0,742.0,4140816.0,0.38,0.0
30540.0,197235863.0,3.0,355.96,0.0,1476.0,0.0,35.0,1.0,0.0,743.0,4140916.0,0.38,-0.0
30541.0,197245863.0,3.0,355.96,0.0,1476.0,0.0,35.0,1.0,0.0,744.0,4141016.0,0.38,-0.0
30542.0,197255863.0,3.0,355.96,0.0,1476.0,0.0,35.0,1.0,0.0,745.0,4141116.0,0.38,0.1
30543.0,197265863.0,3.0,355.87,0.0,1476.0,0.0,35.0,1.0,0.0,746.0,4141216.0,0.38,0.0
30544.0,197275863.0,3.0,356.04,0.0,1476.0,0.0,35.0,1.0,0.0,747.0,4141316.0,0.38,-0.0
30545.0,197285863.0,3.0,355.87,0.0,1476.0,0.0,35.0,1.0,0.0,748.0,4141416.0,0.38,0.0
30546.0,197295863.0,3.0,355.96,0.0,1476.0,0.0,35.0,1.0,0.0,749.0,4141516.0,0.38,0.0
30547.0,197305863.0,3.0,356.04,0.0,1476.0,0.0,35.0,1.0,0.0,750.0,4141616.0,0.38,-0.0
30548.0,197315863.0,3.0,355.96,0.0,1476.0,0.0,35.0,1.0,0.0,751.0,4141716.0,0.38,-0.0
30549.0,197325863.0,3.0,355.96,0.0,1476.0,0.0,35.0,1.0,0.0,752.0,4141816.0,0.38,0.0
30550.0,197335863.0,3.0,356.04,0.0,1476.0,0.0,35.0,1.0,0.0,753.0,4141916.0,0.38,0.1
30551.0,197345863.0,3.0,355.96,0.0,1476.0,0.0,35.0,1.0,0.0,754.0,4142016.0,0.38,-0.0
30552.0,197355863.0,3.0,355.96,0.0,1476.0,0.0,35.0,1.0,0.0,755.0,4142116.0,0.38,0.0
30553.0,197365863.0,3.0,355.96,0.0,1476.0,0.0,35.0,1.0,0.0,756.0,4142216.0,0.38,-0.0
30554.0,197375863.0,3.0,356.04,0.0,1476.0,0.0,35.0,1.0,0.0,757.0,4142316.0,0.38,-0.0
30555.0,197385863.0,3.0,356.04,0.0,1476.0,0.0,35.0,1.0,0.0,758.0,4142416.0,0.38,0.1
30556.0,197395863.0,3.0,355.96,0.0,1476.0,0.0,35.0,1.0,0.0,759.0,4142516.0,0.39,0.1
30557.0,197405863.0,3.0,355.96,0.0,1476.0,0.0,35.0,1.0,0.0,760.0,4142616.0,0.39,0.0
30558.0,197415863.0,3.0,356.04,0.0,1476.0,0.0,35.0,1.0,0.0,761.0,4142716.0,0.39,0.0
30559.0,197425863.0,3.0,355.96,0.0,1476.0,0.0,35.0,1.0,0.0,762.0,4142816.0,0.39,0.1
30560.0,197435863.0,3.0,355.96,0.0,1476.0,0.0,35.0,1.0,0.0,763.0,4142916.0,0.39,-0.0
30561.0,197445863.0,3.0,356.04,0.0,1476.0,0.0,35.0,1.0,0.0,764.0,4143016.0,0.38,0.0
30562.0,197455863.0,3.0,355.96,0.0,1476.0,0.0,35.0,1.0,0.0,765.0,4143116.0,0.38,-0.0
30563.0,197465863.0,3.0,356.04,0.0,1476.0,0.0,35.0,1.0,0.0,766.0,4143216.0,0.38,0.0
30564.0,197475863.0,3.0,355.96,0.0,1476.0,0.0,35.0,1.0,0.0,767.0,4143316.0,0.39,0.0
30565.0,197485863.0,3.0,356.04,0.0,1476.0,0.0,35.0,1.0,0.0,768.0,4143416.0,0.39,0.0
30566.0,197495863.0,3.0,355.96,0.0,1476.0,0.0,35.0,1.0,0.0,769.0,4143516.0,0.38,-0.0
30567.0,197505863.0,3.0,356.04,0.0,1476.0,0.0,35.0,1.0,0.0,770.0,4143616.0,0.38,0.0
30568.0,197515863.0,3.0,355.96,0.0,1476.0,0.0,35.0,1.0,0.0,771.0,4143716.0,0.39,0.0
30569.0,197525863.0,3.0,355.96,0.0,1476.0,0.0,35.0,1.0,0.0,772.0,4143816.0,0.39,-0.0
30570.0,197535863.0,3.0,356.04,0.0,1476.0,0.0,35.0,1.0,0.0,773.0,4143916.0,0.38,-0.0
30571.0,197545863.0,3.0,356.04,0.0,1476.0,0.0,35.0,1.0,0.0,774.0,4144016.0,0.38,0.0
30572.0,197555863.0,3.0,355.96,0.0,1476.0,0.0,35.0,1.0,0.0,775.0,4144116.0,0.39,-0.0
30573.0,197565863.0,3.0,355.96,0.0,1476.0,0.0,35.0,1.0,0.0,776.0,4144216.0,0.38,0.0
30574.0,197575863.0,3.0,355.96,0.0,1476.0,0.0,35.0,1.0,0.0,777.0,4144316.0,0.38,0.0
30575.0,197585863.0,3.0,356.04,0.0,1476.0,0.0,35.0,1.0,0.0,778.0,4144416.0,0.38,-0.1
30576.0,197595863.0,3.0,355.96,0.0,1476.0,0.0,35.0,1.0,0.0,779.0,4144516.0,0.38,-0.0
30577.0,197605863.0,3.0,355.96,0.0,1476.0,0.0,35.0,1.0,0.0,780.0,4144616.0,0.38,0.0
30578.0,197615863.0,3.0,355.96,0.0,1476.0,0.0,35.0,1.0,0.0,781.0,4144716.0,0.38,0.0
30579.0,197625863.0,3.0,355.96,0.0,1476.0,0.0,35.0,1.0,0.0,782.0,4144816.0,0.38,0.0
30580.0,197635863.0,3.0,355.96,0.0,1476.0,0.0,35.0,1.0,0.0,783.0,4144916.0,0.38,0.0
30581.0,197645863.0,3.0,355.96,0.0,1476.0,0.0,35.0,1.0,0.0,784.0,4145016.0,0.38,0.0
30582.0,197655863.0,3.0,356.04,0.0,1476.0,0.0,35.0,1.0,0.0,785.0,4145116.0,0.38,-0.0
30583.0,197665863.0,3.0,355.96,0.0,1476.0,0.0,35.0,1.0,0.0,786.0,4145216.0,0.38,-0.0
30584.0,197675863.0,3.0,355.96,0.0,1476.0,0.0,35.0,1.0,0.0,787.0,4145316.0,0.38,-0.0
30585.0,197685863.0,3.0,355.96,0.0,1476.0,0.0,35.0,1.0,0.0,788.0,4145416.0,0.38,0.0
30586.0,197695863.0,3.0,356.04,0.0,1476.0,0.0,35.0,1.0,0.0,789.0,4145516.0,0.38,0.0
30587.0,197705863.0,3.0,356.04,0.0,1476.0,0.0,35.0,1.0,0.0,790.0,4145616.0,0.38,0.0
30588.0,197715863.0,3.0,355.96,0.0,1476.0,0.0,35.0,1.0,0.0,791.0,4145716.0,0.38,0.0
30589.0,197725863.0,3.0,355.96,0.0,1476.0,0.0,35.0,1.0,0.0,792.0,4145816.0,0.38,0.0
30590.0,197735863.0,3.0,355.87,0.0,1476.0,0.0,35.0,1.0,0.0,793.0,4145916.0,0.38,0.0
30591.0,197745863.0,3.0,356.04,0.0,1476.0,0.0,35.0,1.0,0.0,794.0,4146016.0,0.38,0.0
30592.0,197755863.0,3.0,355.96,0.0,1476.0,0.0,35.0,1.0,0.0,795.0,4146116.0,0.38,-0.0
30593.0,197765863.0,3.0,356.04,0.0,1476.0,0.0,35.0,1.0,0.0,796.0,4146216.0,0.38,0.0
30594.0,197775863.0,3.0,356.04,0.0,1476.0,0.0,35.0,1.0,0.0,797.0,4146316.0,0.38,-0.0
30595.0,197785863.0,3.0,356.04,0.0,1476.0,0.0,35.0,1.0,0.0,798.0,4146416.0,0.38,-0.0
30596.0,197795863.0,3.0,355.96,0.0,1476.0,0.0,35.0,1.0,0.0,799.0,4146516.0,0.38,-0.1
30597.0,197805863.0,3.0,355.96,0.0,1476.0,0.0,35.0,1.0,0.0,800.0,4146616.0,0.38,-0.0
30598.0,197815863.0,3.0,356.04,0.0,1476.0,0.0,35.0,1.0,0.0,801.0,4146716.0,0.38,0.0
30599.0,197825863.0,3.0,356.04,0.0,1476.0,0.0,35.0,1.0,0.0,802.0,4146816.0,0.38,0.0
30600.0,197835863.0,3.0,355.96,0.0,1476.0,0.0,35.0,1.0,0.0,803.0,4146916.0,0.38,0.1
30601.0,197845863.0,3.0,355.96,0.0,1476.0,0.0,35.0,1.0,0.0,804.0,4147016.0,0.38,0.1
30602.0,197855863.0,3.0,355.96,0.0,1476.0,0.0,35.0,1.0,0.0,805.0,4147116.0,0.39,0.0
30603.0,197865863.0,3.0,355.87,0.0,1476.0,0.0,35.0,1.0,0.0,806.0,4147216.0,0.38,-0.1
30604.0,197875863.0,3.0,355.96,0.0,1476.0,0.0,35.0,1.0,0.0,807.0,4147316.0,0.38,-0.0
30605.0,197885863.0,3.0,356.04,0.0,1476.0,0.0,35.0,1.0,0.0,808.0,4147416.0,0.38,0.0
30606.0,197895863.0,3.0,356.13,0.0,1476.0,0.0,35.0,1.0,0.0,809.0,4147516.0,0.38,0.1
30607.0,197905863.0,3.0,355.87,0.0,1476.0,0.0,35.0,1.0,0.0,810.0,4147616.0,0.38,0.0
30608.0,197915863.0,3.0,356.04,0.0,1476.0,0.0,35.0,1.0,0.0,811.0,4147716.0,0.38,0.0
30609.0,197925863.0,3.0,355.96,0.0,1476.0,0.0,35.0,1.0,0.0,812.0,4147816.0,0.38,0.0
30610.0,197935863.0,3.0,355.96,0.0,1476.0,0.0,35.0,1.0,0.0,813.0,4147916.0,0.38,0.0
30611.0,197945863.0,3.0,355.87,0.0,1476.0,0.0,35.0,1.0,0.0,814.0,4148016.0,0.38,0.0
30612.0,197955863.0,3.0,356.04,0.0,1476.0,0.0,35.0,1.0,0.0,815.0,4148116.0,0.38,0.0
30613.0,197965863.0,3.0,355.96,0.0,1476.0,0.0,35.0,1.0,0.0,816.0,4148216.0,0.39,0.0
30614.0,197975863.0,3.0,355.96,0.0,1476.0,0.0,35.0,1.0,0.0,817.0,4148316.0,0.38,-0.0
30615.0,197985863.0,3.0,355.87,0.0,1476.0,0.0,35.0,1.0,0.0,818.0,4148416.0,0.38,-0.1
30616.0,197995863.0,3.0,356.04,0.0,1476.0,0.0,35.0,1.0,0.0,819.0,4148516.0,0.38,0.0
30617.0,198005863.0,3.0,355.96,0.0,1476.0,0.0,35.0,1.0,0.0,820.0,4148616.0,0.38,0.1
30618.0,198015863.0,3.0,355.96,0.0,1476.0,0.0,35.0,1.0,0.0,821.0,4148716.0,0.39,0.0
30619.0,198025863.0,3.0,355.96,0.0,1476.0,0.0,35.0,1.0,0.0,822.0,4148816.0,0.38,0.0
30620.0,198035863.0,3.0,355.96,0.0,1476.0,0.0,35.0,1.0,0.0,823.0,4148916.0,0.38,0.0
30621.0,198045863.0,3.0,355.87,0.0,1476.0,0.0,35.0,1.0,0.0,824.0,4149016.0,0.38,-0.0
30622.0,198055863.0,3.0,356.04,0.0,1476.0,0.0,35.0,1.0,0.0,825.0,4149116.0,0.38,-0.1
30623.0,198065863.0,3.0,355.96,0.0,1476.0,0.0,35.0,1.0,0.0,826.0,4149216.0,0.38,0.0
30624.0,198075863.0,3.0,355.96,0.0,1476.0,0.0,35.0,1.0,0.0,827.0,4149316.0,0.38,-0.0
30625.0,198085863.0,3.0,356.04,0.0,1476.0,0.0,35.0,1.0,0.0,828.0,4149416.0,0.38,-0.0
30626.0,198095863.0,3.0,355.96,0.0,1476.0,0.0,35.0,1.0,0.0,829.0,4149516.0,0.38,0.0
30627.0,198105863.0,3.0,355.96,0.0,1476.0,0.0,35.0,1.0,0.0,830.0,4149616.0,0.38,0.0
30628.0,198115863.0,3.0,356.04,0.0,1476.0,0.0,35.0,1.0,0.0,831.0,4149716.0,0.38,0.0
30629.0,198125863.0,3.0,355.87,0.0,1476.0,0.0,35.0,1.0,0.0,832.0,4149816.0,0.39,0.1
30630.0,198135863.0,3.0,356.04,0.0,1476.0,0.0,35.0,1.0,0.0,833.0,4149916.0,0.39,-0.0
30631.0,198145863.0,3.0,356.04,0.0,1476.0,0.0,35.0,1.0,0.0,834.0,4150016.0,0.38,-0.1
30632.0,198155863.0,3.0,355.96,0.0,1476.0,0.0,35.0,1.0,0.0,835.0,4150116.0,0.38,0.0
30633.0,198165863.0,3.0,355.96,0.0,1476.0,0.0,35.0,1.0,0.0,836.0,4150216.0,0.38,0.0
30634.0,198175863.0,3.0,355.96,0.0,1476.0,0.0,35.0,1.0,0.0,837.0,4150316.0,0.38,0.0
30635.0,198185863.0,3.0,356.04,0.0,1476.0,0.0,35.0,1.0,0.0,838.0,4150416.0,0.38,-0.0
30636.0,198195863.0,3.0,355.96,0.0,1476.0,0.0,35.0,1.0,0.0,839.0,4150516.0,0.38,-0.0
30637.0,198205863.0,3.0,355.96,0.0,1476.0,0.0,35.0,1.0,0.0,840.0,4150616.0,0.38,-0.0
30638.0,198215863.0,3.0,355.87,0.0,1476.0,0.0,35.0,1.0,0.0,841.0,4150716.0,0.38,0.0
30639.0,198225863.0,3.0,355.96,0.0,1476.0,0.0,35.0,1.0,0.0,842.0,4150816.0,0.38,0.0
30640.0,198235863.0,3.0,355.96,0.0,1476.0,0.0,35.0,1.0,0.0,843.0,4150916.0,0.38,0.0
30641.0,198245863.0,3.0,356.04,0.0,1476.0,0.0,35.0,1.0,0.0,844.0,4151016.0,0.38,0.0
30642.0,198255863.0,3.0,355.96,0.0,1476.0,0.0,35.0,1.0,0.0,845.0,4151116.0,0.38,0.0
30643.0,198265863.0,3.0,356.04,0.0,1476.0,0.0,35.0,1.0,0.0,846.0,4151216.0,0.38,0.0
30644.0,198275863.0,3.0,356.04,0.0,1476.0,0.0,35.0,1.0,0.0,847.0,4151316.0,0.38,-0.1
30645.0,198285863.0,3.0,355.96,0.0,1476.0,0.0,35.0,1.0,0.0,848.0,4151416.0,0.38,-0.0
30646.0,198295863.0,3.0,356.13,0.0,1476.0,0.0,35.0,1.0,0.0,849.0,4151516.0,0.38,-0.0
30647.0,198305863.0,3.0,356.04,0.0,1476.0,0.0,35.0,1.0,0.0,850.0,4151616.0,0.38,-0.0
30648.0,198315863.0,3.0,356.04,0.0,1476.0,0.0,35.0,1.0,0.0,851.0,4151716.0,0.38,-0.0
30649.0,198325863.0,3.0,355.96,0.0,1476.0,0.0,35.0,1.0,0.0,852.0,4151816.0,0.38,0.1
30650.0,198335863.0,3.0,355.96,0.0,1476.0,0.0,35.0,1.0,0.0,853.0,4151916.0,0.38,0.1
30651.0,198345863.0,3.0,355.96,0.0,1476.0,0.0,35.0,1.0,0.0,854.0,4152016.0,0.38,0.1
30652.0,198355863.0,3.0,355.87,0.0,1476.0,0.0,35.0,1.0,0.0,855.0,4152116.0,0.38,0.0
30653.0,198365863.0,3.0,355.87,0.0,1476.0,0.0,35.0,1.0,0.0,856.0,4152216.0,0.38,0.0
30654.0,198375863.0,3.0,356.04,0.0,1476.0,0.0,35.0,1.0,0.0,857.0,4152316.0,0.38,-0.0
30655.0,198385863.0,3.0,355.96,0.0,1476.0,0.0,35.0,1.0,0.0,858.0,4152416.0,0.38,-0.0
30656.0,198395863.0,3.0,355.96,0.0,1476.0,0.0,35.0,1.0,0.0,859.0,4152516.0,0.38,-0.1
30657.0,198405863.0,3.0,355.96,0.0,1476.0,0.0,35.0,1.0,0.0,860.0,4152616.0,0.38,-0.0
30658.0,198415863.0,3.0,355.96,0.0,1476.0,0.0,35.0,1.0,0.0,861.0,4152716.0,0.38,-0.0
30659.0,198425863.0,3.0,355.96,0.0,1476.0,0.0,35.0,1.0,0.0,862.0,4152816.0,0.38,-0.0
30660.0,198435863.0,3.0,355.96,0.0,1476.0,0.0,35.0,1.0,0.0,863.0,4152916.0,0.38,0.0
30661.0,198445863.0,3.0,355.96,0.0,1476.0,0.0,35.0,1.0,0.0,864.0,4153016.0,0.38,0.1
30662.0,198455863.0,3.0,355.96,0.0,1476.0,0.0,35.0,1.0,0.0,865.0,4153116.0,0.38,0.1
30663.0,198465863.0,3.0,356.04,0.0,1476.0,0.0,35.0,1.0,0.0,866.0,4153216.0,0.38,-0.1
30664.0,198475863.0,3.0,355.87,0.0,1476.0,0.0,35.0,1.0,0.0,867.0,4153316.0,0.38,-0.0
30665.0,198485863.0,3.0,356.04,0.0,1476.0,0.0,35.0,1.0,0.0,868.0,4153416.0,0.38,0.0
30666.0,198495863.0,3.0,355.96,0.0,1476.0,0.0,35.0,1.0,0.0,869.0,4153516.0,0.38,-0.0
30667.0,198505863.0,3.0,356.04,0.0,1476.0,0.0,35.0,1.0,0.0,870.0,4153616.0,0.38,-0.0
30668.0,198515863.0,3.0,355.96,0.0,1476.0,0.0,35.0,1.0,0.0,871.0,4153716.0,0.38,-0.0
30669.0,198525863.0,3.0,355.96,0.0,1476.0,0.0,35.0,1.0,0.0,872.0,4153816.0,0.38,-0.0
30670.0,198535863.0,3.0,355.96,0.0,1476.0,0.0,35.0,1.0,0.0,873.0,4153916.0,0.38,0.1
30671.0,198545863.0,3.0,355.87,0.0,1476.0,0.0,35.0,1.0,0.0,874.0,4154016.0,0.38,0.0
30672.0,198555863.0,3.0,356.04,0.0,1476.0,0.0,35.0,1.0,0.0,875.0,4154116.0,0.38,-0.0
30673.0,198565863.0,3.0,356.04,0.0,1476.0,0.0,35.0,1.0,0.0,876.0,4154216.0,0.38,0.0
30674.0,198575863.0,3.0,356.04,0.0,1476.0,0.0,35.0,1.0,0.0,877.0,4154316.0,0.38,-0.0
30675.0,198585863.0,3.0,356.04,0.0,1476.0,0.0,35.0,1.0,0.0,878.0,4154416.0,0.38,-0.0
30676.0,198595863.0,3.0,355.96,0.0,1476.0,0.0,35.0,1.0,0.0,879.0,4154516.0,0.38,0.1
30677.0,198605863.0,3.0,356.04,0.0,1476.0,0.0,35.0,1.0,0.0,880.0,4154616.0,0.38,-0.1
30678.0,198615863.0,3.0,356.04,0.0,1476.0,0.0,35.0,1.0,0.0,881.0,4154716.0,0.38,-0.0
30679.0,198625863.0,3.0,355.96,0.0,1476.0,0.0,35.0,1.0,0.0,882.0,4154816.0,0.38,0.2
30680.0,198635863.0,3.0,355.87,0.0,1476.0,0.0,35.0,1.0,0.0,883.0,4154916.0,0.39,0.0
30681.0,198645863.0,3.0,355.87,0.0,1476.0,0.0,35.0,1.0,0.0,884.0,4155016.0,0.38,-0.0
30682.0,198655863.0,3.0,355.96,0.0,1476.0,0.0,35.0,1.0,0.0,885.0,4155116.0,0.38,-0.1
30683.0,198665863.0,3.0,355.96,0.0,1476.0,0.0,35.0,1.0,0.0,886.0,4155216.0,0.38,-0.0
30684.0,198675863.0,3.0,355.96,0.0,1476.0,0.0,35.0,1.0,0.0,887.0,4155316.0,0.38,0.1
30685.0,198685863.0,3.0,355.96,0.0,1476.0,0.0,35.0,1.0,0.0,888.0,4155416.0,0.38,-0.0
30686.0,198695863.0,3.0,356.13,0.0,1476.0,0.0,35.0,1.0,0.0,889.0,4155516.0,0.38,-0.0
30687.0,198705863.0,3.0,355.87,0.0,1476.0,0.0,35.0,1.0,0.0,890.0,4155616.0,0.38,0.0
30688.0,198715863.0,3.0,355.96,0.0,1476.0,0.0,35.0,1.0,0.0,891.0,4155716.0,0.38,0.1
30689.0,198725863.0,3.0,356.04,0.0,1476.0,0.0,35.0,1.0,0.0,892.0,4155816.0,0.38,-0.1
30690.0,198735863.0,3.0,355.96,0.0,1476.0,0.0,35.0,1.0,0.0,893.0,4155916.0,0.38,0.1
30691.0,198745863.0,3.0,355.96,0.0,1476.0,0.0,35.0,1.0,0.0,894.0,4156016.0,0.38,-0.1
30692.0,198755863.0,3.0,355.96,0.0,1476.0,0.0,35.0,1.0,0.0,895.0,4156116.0,0.38,-0.3
30693.0,198765863.0,3.0,355.96,0.0,1476.0,0.0,35.0,1.0,0.0,896.0,4156216.0,0.38,0.2
30694.0,198775863.0,3.0,355.96,0.0,1476.0,0.0,35.0,1.0,0.0,897.0,4156316.0,0.39,0.4
30695.0,198785863.0,3.0,355.96,0.0,1476.0,0.0,35.0,1.0,0.0,898.0,4156416.0,0.39,-0.2
30696.0,198795863.0,3.0,356.04,0.0,1476.0,0.0,35.0,1.0,0.0,899.0,4156516.0,0.38,-0.1
30697.0,198805863.0,3.0,355.96,0.0,1476.0,0.0,35.0,1.0,0.0,900.0,4156616.0,0.38,0.1
30698.0,198815863.0,3.0,355.96,0.0,1476.0,0.0,35.0,1.0,0.0,901.0,4156716.0,0.38,-0.0
30699.0,198825863.0,3.0,355.96,0.0,1476.0,0.0,35.0,1.0,0.0,902.0,4156816.0,0.38,-0.0
30700.0,198835863.0,3.0,355.96,0.0,1476.0,0.0,35.0,1.0,0.0,903.0,4156916.0,0.38,0.1
30701.0,198845863.0,3.0,356.04,0.0,1476.0,0.0,35.0,1.0,0.0,904.0,4157016.0,0.38,0.1
30702.0,198855863.0,3.0,355.87,0.0,1476.0,0.0,35.0,1.0,0.0,905.0,4157116.0,0.38,0.0
30703.0,198865863.0,3.0,356.04,0.0,1476.0,0.0,35.0,1.0,0.0,906.0,4157216.0,0.38,0.1
30704.0,198875863.0,3.0,355.96,0.0,1476.0,0.0,35.0,1.0,0.0,907.0,4157316.0,0.38,0.0
30705.0,198885863.0,3.0,355.96,0.0,1476.0,0.0,35.0,1.0,0.0,908.0,4157416.0,0.38,-0.2
30706.0,198895863.0,3.0,355.96,0.0,1476.0,0.0,35.0,1.0,0.0,909.0,4157516.0,0.38,-0.1
30707.0,198905863.0,3.0,356.04,0.0,1476.0,0.0,35.0,1.0,0.0,910.0,4157616.0,0.38,0.1
30708.0,198915863.0,3.0,356.04,0.0,1476.0,0.0,35.0,1.0,0.0,911.0,4157716.0,0.38,0.1
30709.0,198925863.0,3.0,356.04,0.0,1476.0,0.0,35.0,1.0,0.0,912.0,4157816.0,0.38,-0.0
30710.0,198935863.0,3.0,356.04,0.0,1476.0,0.0,35.0,1.0,0.0,913.0,4157916.0,0.38,0.0
30711.0,198945863.0,3.0,355.96,0.0,1476.0,0.0,35.0,1.0,0.0,914.0,4158016.0,0.38,0.1
30712.0,198955863.0,3.0,356.04,0.0,1476.0,0.0,35.0,1.0,0.0,915.0,4158116.0,0.38,0.1
30713.0,198965863.0,3.0,355.96,0.0,1476.0,0.0,35.0,1.0,0.0,916.0,4158216.0,0.38,-0.1
30714.0,198975863.0,3.0,356.04,0.0,1476.0,0.0,35.0,1.0,0.0,917.0,4158316.0,0.38,0.0
30715.0,198985863.0,3.0,355.96,0.0,1476.0,0.0,35.0,1.0,0.0,918.0,4158416.0,0.38,0.0
30716.0,198995863.0,3.0,355.96,0.0,1476.0,0.0,35.0,1.0,0.0,919.0,4158516.0,0.38,-0.1
30717.0,199005863.0,3.0,355.96,0.0,1476.0,0.0,35.0,1.0,0.0,920.0,4158616.0,0.38,0.0
30718.0,199015863.0,3.0,356.04,0.0,1476.0,0.0,35.0,1.0,0.0,921.0,4158716.0,0.38,-0.0
30719.0,199025863.0,3.0,356.04,0.0,1476.0,0.0,35.0,1.0,0.0,922.0,4158816.0,0.38,-0.1
30720.0,199035863.0,3.0,355.96,0.0,1476.0,0.0,35.0,1.0,0.0,923.0,4158916.0,0.38,0.0
30721.0,199045863.0,3.0,355.96,0.0,1476.0,0.0,35.0,1.0,0.0,924.0,4159016.0,0.38,0.1
30722.0,199055863.0,3.0,355.96,0.0,1476.0,0.0,35.0,1.0,0.0,925.0,4159116.0,0.38,0.0
30723.0,199065863.0,3.0,355.96,0.0,1476.0,0.0,35.0,1.0,0.0,926.0,4159216.0,0.38,-0.1
30724.0,199075863.0,3.0,355.96,0.0,1476.0,0.0,35.0,1.0,0.0,927.0,4159316.0,0.38,-0.0
30725.0,199085863.0,3.0,356.04,0.0,1476.0,0.0,35.0,1.0,0.0,928.0,4159416.0,0.38,-0.1
30726.0,199095863.0,3.0,355.96,0.0,1476.0,0.0,35.0,1.0,0.0,929.0,4159516.0,0.38,-0.1
30727.0,199105863.0,3.0,355.96,0.0,1476.0,0.0,35.0,1.0,0.0,930.0,4159616.0,0.38,0.1
30728.0,199115863.0,3.0,355.96,0.0,1476.0,0.0,35.0,1.0,0.0,931.0,4159716.0,0.38,0.1
30729.0,199125863.0,3.0,355.96,0.0,1476.0,0.0,35.0,1.0,0.0,932.0,4159816.0,0.38,0.0
30730.0,199135863.0,3.0,355.96,0.0,1476.0,0.0,35.0,1.0,0.0,933.0,4159916.0,0.38,0.1
30731.0,199145863.0,3.0,355.96,0.0,1476.0,0.0,35.0,1.0,0.0,934.0,4160016.0,0.38,0.1
30732.0,199155863.0,3.0,355.96,0.0,1476.0,0.0,35.0,1.0,0.0,935.0,4160116.0,0.38,0.0
30733.0,199165863.0,3.0,355.96,0.0,1476.0,0.0,35.0,1.0,0.0,936.0,4160216.0,0.38,-0.1
30734.0,199175863.0,3.0,355.96,0.0,1476.0,0.0,35.0,1.0,0.0,937.0,4160316.0,0.38,-0.1
30735.0,199185863.0,3.0,355.96,0.0,1476.0,0.0,35.0,1.0,0.0,938.0,4160416.0,0.38,0.0
30736.0,199195863.0,3.0,355.87,0.0,1476.0,0.0,35.0,1.0,0.0,939.0,4160516.0,0.38,0.1
30737.0,199205863.0,3.0,355.96,0.0,1476.0,0.0,35.0,1.0,0.0,940.0,4160616.0,0.38,0.1
30738.0,199215863.0,3.0,355.96,0.0,1476.0,0.0,35.0,1.0,0.0,941.0,4160716.0,0.38,-0.0
30739.0,199225863.0,3.0,355.96,0.0,1476.0,0.0,35.0,1.0,0.0,942.0,4160816.0,0.38,0.0
30740.0,199235863.0,3.0,356.04,0.0,1476.0,0.0,35.0,1.0,0.0,943.0,4160916.0,0.38,0.1
30741.0,199245863.0,3.0,355.96,0.0,1476.0,0.0,35.0,1.0,0.0,944.0,4161016.0,0.38,0.0
30742.0,199255863.0,3.0,355.87,0.0,1476.0,0.0,35.0,1.0,0.0,945.0,4161116.0,0.38,0.0
30743.0,199265863.0,3.0,356.04,0.0,1476.0,0.0,35.0,1.0,0.0,946.0,4161216.0,0.38,0.0
30744.0,199275863.0,3.0,356.04,0.0,1476.0,0.0,35.0,1.0,0.0,947.0,4161316.0,0.38,0.0
30745.0,199285863.0,3.0,356.04,0.0,1476.0,0.0,35.0,1.0,0.0,948.0,4161416.0,0.38,-0.0
30746.0,199295863.0,3.0,355.96,0.0,1476.0,0.0,35.0,1.0,0.0,949.0,4161516.0,0.38,0.0
30747.0,199305863.0,3.0,356.04,0.0,1476.0,0.0,35.0,1.0,0.0,950.0,4161616.0,0.38,0.0
30748.0,199315863.0,3.0,356.04,0.0,1476.0,0.0,35.0,1.0,0.0,951.0,4161716.0,0.38,0.0
30749.0,199325863.0,3.0,355.96,0.0,1476.0,0.0,35.0,1.0,0.0,952.0,4161816.0,0.38,0.0
30750.0,199335863.0,3.0,356.04,0.0,1476.0,0.0,35.0,1.0,0.0,953.0,4161916.0,0.38,0.2
30751.0,199345863.0,3.0,355.96,0.0,1476.0,0.0,35.0,1.0,0.0,954.0,4162016.0,0.38,-0.1
30752.0,199355863.0,3.0,355.96,0.0,1476.0,0.0,35.0,1.0,0.0,955.0,4162116.0,0.38,-0.1
30753.0,199365863.0,3.0,355.96,0.0,1476.0,0.0,35.0,1.0,0.0,956.0,4162216.0,0.38,0.2
30754.0,199375863.0,3.0,356.04,0.0,1476.0,0.0,35.0,1.0,0.0,957.0,4162316.0,0.39,0.0
30755.0,199385863.0,3.0,355.96,0.0,1476.0,0.0,35.0,1.0,0.0,958.0,4162416.0,0.38,-0.1
30756.0,199395863.0,3.0,356.04,0.0,1476.0,0.0,35.0,1.0,0.0,959.0,4162516.0,0.38,0.1
30757.0,199405863.0,3.0,356.04,0.0,1476.0,0.0,35.0,1.0,0.0,960.0,4162616.0,0.38,0.1
30758.0,199415863.0,3.0,355.96,0.0,1476.0,0.0,35.0,1.0,0.0,961.0,4162716.0,0.38,-0.0
30759.0,199425863.0,3.0,356.04,0.0,1476.0,0.0,35.0,1.0,0.0,962.0,4162816.0,0.38,0.0
30760.0,199435863.0,3.0,355.87,0.0,1476.0,0.0,35.0,1.0,0.0,963.0,4162916.0,0.38,0.0
30761.0,199445863.0,3.0,355.96,0.0,1476.0,0.0,35.0,1.0,0.0,964.0,4163016.0,0.38,-0.1
30762.0,199455863.0,3.0,355.87,0.0,1476.0,0.0,35.0,1.0,0.0,965.0,4163116.0,0.38,-0.0
30763.0,199465863.0,3.0,355.96,0.0,1476.0,0.0,35.0,1.0,0.0,966.0,4163216.0,0.38,0.1
30764.0,199475863.0,3.0,355.96,0.0,1476.0,0.0,35.0,1.0,0.0,967.0,4163316.0,0.39,0.1
30765.0,199485863.0,3.0,355.96,0.0,1476.0,0.0,35.0,1.0,0.0,968.0,4163416.0,0.38,-0.0
30766.0,199495863.0,3.0,355.96,0.0,1476.0,0.0,35.0,1.0,0.0,969.0,4163516.0,0.38,0.0
30767.0,199505863.0,3.0,356.13,0.0,1476.0,0.0,35.0,1.0,0.0,970.0,4163616.0,0.38,-0.0
30768.0,199515863.0,3.0,355.96,0.0,1476.0,0.0,35.0,1.0,0.0,971.0,4163716.0,0.38,-0.1
30769.0,199525863.0,3.0,356.04,0.0,1476.0,0.0,35.0,1.0,0.0,972.0,4163816.0,0.38,-0.0
30770.0,199535863.0,3.0,355.96,0.0,1476.0,0.0,35.0,1.0,0.0,973.0,4163916.0,0.38,0.1
30771.0,199545863.0,3.0,355.87,0.0,1476.0,0.0,35.0,1.0,0.0,974.0,4164016.0,0.38,0.0
30772.0,199555863.0,3.0,356.04,0.0,1476.0,0.0,35.0,1.0,0.0,975.0,4164116.0,0.38,-0.0
30773.0,199565863.0,3.0,355.96,0.0,1476.0,0.0,35.0,1.0,0.0,976.0,4164216.0,0.38,0.1
30774.0,199575863.0,3.0,356.04,0.0,1476.0,0.0,35.0,1.0,0.0,977.0,4164316.0,0.38,0.0
30775.0,199585863.0,3.0,356.04,0.0,1476.0,0.0,35.0,1.0,0.0,978.0,4164416.0,0.38,0.0
30776.0,199595863.0,3.0,355.96,0.0,1476.0,0.0,35.0,1.0,0.0,979.0,4164516.0,0.38,0.0
30777.0,199605863.0,3.0,356.04,0.0,1476.0,0.0,35.0,1.0,0.0,980.0,4164616.0,0.38,-0.0
30778.0,199615863.0,3.0,355.96,0.0,1476.0,0.0,35.0,1.0,0.0,981.0,4164716.0,0.38,-0.0
30779.0,199625863.0,3.0,355.96,0.0,1476.0,0.0,35.0,1.0,0.0,982.0,4164816.0,0.38,0.0
30780.0,199635863.0,3.0,355.96,0.0,1476.0,0.0,35.0,1.0,0.0,983.0,4164916.0,0.38,-0.0
30781.0,199645863.0,3.0,356.13,0.0,1476.0,0.0,35.0,1.0,0.0,984.0,4165016.0,0.38,-0.0
30782.0,199655863.0,3.0,355.96,0.0,1476.0,0.0,35.0,1.0,0.0,985.0,4165116.0,0.38,0.1
30783.0,199665863.0,3.0,355.96,0.0,1476.0,0.0,35.0,1.0,0.0,986.0,4165216.0,0.38,0.1
30784.0,199675863.0,3.0,355.96,0.0,1476.0,0.0,35.0,1.0,0.0,987.0,4165316.0,0.38,-0.0
30785.0,199685863.0,3.0,355.96,0.0,1476.0,0.0,35.0,1.0,0.0,988.0,4165416.0,0.38,-0.0
30786.0,199695863.0,3.0,355.96,0.0,1476.0,0.0,35.0,1.0,0.0,989.0,4165516.0,0.38,0.1
30787.0,199705863.0,3.0,355.96,0.0,1476.0,0.0,35.0,1.0,0.0,990.0,4165616.0,0.38,0.0
30788.0,199715863.0,3.0,355.96,0.0,1476.0,0.0,35.0,1.0,0.0,991.0,4165716.0,0.38,-0.0
30789.0,199725863.0,3.0,355.96,0.0,1476.0,0.0,35.0,1.0,0.0,992.0,4165816.0,0.38,-0.0
30790.0,199735863.0,3.0,356.04,0.0,1476.0,0.0,35.0,1.0,0.0,993.0,4165916.0,0.38,0.0
30791.0,199745863.0,3.0,355.87,0.0,1476.0,0.0,35.0,1.0,0.0,994.0,4166016.0,0.38,0.0
30792.0,199755863.0,3.0,356.04,0.0,1476.0,0.0,35.0,1.0,0.0,995.0,4166116.0,0.38,0.1
30793.0,199765863.0,3.0,355.96,0.0,1476.0,0.0,35.0,1.0,0.0,996.0,4166216.0,0.39,0.1
30794.0,199775863.0,3.0,355.96,0.0,1476.0,0.0,35.0,1.0,0.0,997.0,4166316.0,0.38,-0.0
30795.0,199785863.0,3.0,355.96,0.0,1476.0,0.0,35.0,1.0,0.0,998.0,4166416.0,0.38,-0.1
30796.0,199795863.0,3.0,356.04,0.0,1476.0,0.0,35.0,1.0,0.0,999.0,4166516.0,0.38,0.0
30797.0,199805863.0,3.0,355.96,0.0,1476.0,0.0,35.0,1.0,0.0,1000.0,4166616.0,0.38,0.0
30798.0,199815863.0,3.0,355.87,0.0,1476.0,0.0,35.0,1.0,0.0,1001.0,4166716.0,0.38,-0.1
30799.0,199825863.0,3.0,355.96,0.0,1476.0,0.0,35.0,1.0,0.0,1002.0,4166816.0,0.38,-0.0
30800.0,199835863.0,3.0,356.04,0.0,1476.0,0.0,35.0,1.0,0.0,1003.0,4166916.0,0.38,0.1
30801.0,199845863.0,3.0,355.96,0.0,1476.0,0.0,35.0,1.0,0.0,1004.0,4167016.0,0.39,0.1
30802.0,199855863.0,3.0,355.96,0.0,1476.0,0.0,35.0,1.0,0.0,1005.0,4167116.0,0.39,-0.0
30803.0,199865863.0,3.0,356.04,0.0,1476.0,0.0,35.0,1.0,0.0,1006.0,4167216.0,0.38,0.0
30804.0,199875863.0,3.0,355.96,0.0,1476.0,0.0,35.0,1.0,0.0,1007.0,4167316.0,0.39,0.0
30805.0,199885863.0,3.0,355.96,0.0,1476.0,0.0,35.0,1.0,0.0,1008.0,4167416.0,0.38,-0.1
30806.0,199895863.0,3.0,355.96,0.0,1476.0,0.0,35.0,1.0,0.0,1009.0,4167516.0,0.38,-0.1
30807.0,199905863.0,3.0,355.96,0.0,1476.0,0.0,35.0,1.0,0.0,1010.0,4167616.0,0.38,0.0
30808.0,199915863.0,3.0,355.87,0.0,1476.0,0.0,35.0,1.0,0.0,1011.0,4167716.0,0.38,0.0
30809.0,199925863.0,3.0,355.96,0.0,1476.0,0.0,35.0,1.0,0.0,1012.0,4167816.0,0.38,0.1
30810.0,199935863.0,3.0,356.13,0.0,1476.0,0.0,35.0,1.0,0.0,1013.0,4167916.0,0.39,0.1
30811.0,199945863.0,3.0,355.96,0.0,1476.0,0.0,35.0,1.0,0.0,1014.0,4168016.0,0.39,-0.0
30812.0,199955863.0,3.0,355.96,0.0,1476.0,0.0,35.0,1.0,0.0,1015.0,4168116.0,0.38,0.0
30813.0,199965863.0,3.0,355.96,0.0,1476.0,0.0,35.0,1.0,0.0,1016.0,4168216.0,0.38,0.0
30814.0,199975863.0,3.0,356.04,0.0,1476.0,0.0,35.0,1.0,0.0,1017.0,4168316.0,0.38,-0.1
30815.0,199985863.0,3.0,355.96,0.0,1476.0,0.0,35.0,1.0,0.0,1018.0,4168416.0,0.38,0.1
30816.0,199995863.0,3.0,355.96,0.0,1476.0,0.0,35.0,1.0,0.0,1019.0,4168516.0,0.39,0.0
30817.0,200005863.0,3.0,356.13,0.0,1476.0,0.0,35.0,1.0,0.0,1020.0,4168616.0,0.38,-0.0
30818.0,200015863.0,3.0,355.96,0.0,1476.0,0.0,35.0,1.0,0.0,1021.0,4168716.0,0.38,-0.1
30819.0,200025863.0,3.0,356.04,0.0,1476.0,0.0,35.0,1.0,0.0,1022.0,4168816.0,0.38,0.1
30820.0,200035863.0,3.0,355.96,0.0,1476.0,0.0,35.0,1.0,0.0,1023.0,4168916.0,0.39,0.1
30821.0,200045863.0,3.0,356.04,0.0,1476.0,0.0,35.0,1.0,0.0,1024.0,4169016.0,0.38,-0.1
30822.0,200055863.0,3.0,356.04,0.0,1476.0,0.0,35.0,1.0,0.0,1025.0,4169116.0,0.38,0.1
30823.0,200065863.0,3.0,355.96,0.0,1476.0,0.0,35.0,1.0,0.0,1026.0,4169216.0,0.39,0.1
30824.0,200075863.0,3.0,355.96,0.0,1476.0,0.0,35.0,1.0,0.0,1027.0,4169316.0,0.39,-0.0
30825.0,200085863.0,3.0,356.04,0.0,1476.0,0.0,35.0,1.0,0.0,1028.0,4169416.0,0.39,0.0
30826.0,200095863.0,3.0,356.04,0.0,1476.0,0.0,35.0,1.0,0.0,1029.0,4169516.0,0.39,-0.0
30827.0,200105863.0,3.0,355.96,0.0,1476.0,0.0,35.0,1.0,0.0,1030.0,4169616.0,0.38,-0.1
30828.0,200115863.0,3.0,355.87,0.0,1476.0,0.0,35.0,1.0,0.0,1031.0,4169716.0,0.38,-0.0
30829.0,200125863.0,3.0,355.96,0.0,1476.0,0.0,35.0,1.0,0.0,1032.0,4169816.0,0.38,0.1
30830.0,200135863.0,3.0,355.96,0.0,1476.0,0.0,35.0,1.0,0.0,1033.0,4169916.0,0.39,0.0
30831.0,200145863.0,3.0,356.04,0.0,1476.0,0.0,35.0,1.0,0.0,1034.0,4170016.0,0.39,0.0
30832.0,200155863.0,3.0,356.04,0.0,1476.0,0.0,35.0,1.0,0.0,1035.0,4170116.0,0.39,0.1
30833.0,200165863.0,3.0,355.87,0.0,1476.0,0.0,35.0,1.0,0.0,1036.0,4170216.0,0.39,-0.0
30834.0,200175863.0,3.0,355.87,0.0,1476.0,0.0,35.0,1.0,0.0,1037.0,4170316.0,0.38,-0.0
30835.0,200185863.0,3.0,355.96,0.0,1476.0,0.0,35.0,1.0,0.0,1038.0,4170416.0,0.38,-0.0
30836.0,200195863.0,3.0,355.96,0.0,1476.0,0.0,35.0,1.0,0.0,1039.0,4170516.0,0.38,-0.0
30837.0,200205863.0,3.0,355.96,0.0,1476.0,0.0,35.0,1.0,0.0,1040.0,4170616.0,0.38,0.0
30838.0,200215863.0,3.0,355.96,0.0,1476.0,0.0,35.0,1.0,0.0,1041.0,4170716.0,0.38,-0.0
30839.0,200225863.0,3.0,355.96,0.0,1476.0,0.0,35.0,1.0,0.0,1042.0,4170816.0,0.38,0.0
30840.0,200235863.0,3.0,356.04,0.0,1476.0,0.0,35.0,1.0,0.0,1043.0,4170916.0,0.39,0.0
30841.0,200245863.0,3.0,355.96,0.0,1476.0,0.0,35.0,1.0,0.0,1044.0,4171016.0,0.39,0.0
30842.0,200255863.0,3.0,356.04,0.0,1476.0,0.0,35.0,1.0,0.0,1045.0,4171116.0,0.39,0.1
30843.0,200265863.0,3.0,355.96,0.0,1476.0,0.0,35.0,1.0,0.0,1046.0,4171216.0,0.39,-0.1
30844.0,200275863.0,3.0,356.04,0.0,1476.0,0.0,35.0,1.0,0.0,1047.0,4171316.0,0.38,-0.1
30845.0,200285863.0,3.0,355.96,0.0,1476.0,0.0,35.0,1.0,0.0,1048.0,4171416.0,0.38,0.0
30846.0,200295863.0,3.0,355.96,0.0,1476.0,0.0,35.0,1.0,0.0,1049.0,4171516.0,0.38,-0.1
30847.0,200305863.0,3.0,355.96,0.0,1476.0,0.0,35.0,1.0,0.0,1050.0,4171616.0,0.38,0.0
30848.0,200315863.0,3.0,355.96,0.0,1476.0,0.0,35.0,1.0,0.0,1051.0,4171716.0,0.38,0.1
30849.0,200325863.0,3.0,355.96,0.0,1476.0,0.0,35.0,1.0,0.0,1052.0,4171816.0,0.38,-0.0
30850.0,200335863.0,3.0,355.96,0.0,1476.0,0.0,35.0,1.0,0.0,1053.0,4171916.0,0.38,0.0
30851.0,200345863.0,3.0,355.96,0.0,1476.0,0.0,35.0,1.0,0.0,1054.0,4172016.0,0.38,0.0
30852.0,200355863.0,3.0,355.87,0.0,1476.0,0.0,35.0,1.0,0.0,1055.0,4172116.0,0.39,0.2
30853.0,200365863.0,3.0,355.96,0.0,1476.0,0.0,35.0,1.0,0.0,1056.0,4172216.0,0.39,0.1
30854.0,200375863.0,3.0,356.04,0.0,1476.0,0.0,35.0,1.0,0.0,1057.0,4172316.0,0.39,-0.1
30855.0,200385863.0,3.0,355.87,0.0,1476.0,0.0,35.0,1.0,0.0,1058.0,4172416.0,0.38,-0.0
30856.0,200395863.0,3.0,355.87,0.0,1476.0,0.0,35.0,1.0,0.0,1059.0,4172516.0,0.38,-0.0
30857.0,200405863.0,3.0,355.87,0.0,1476.0,0.0,35.0,1.0,0.0,1060.0,4172616.0,0.38,-0.1
30858.0,200415863.0,3.0,356.04,0.0,1476.0,0.0,35.0,1.0,0.0,1061.0,4172716.0,0.38,-0.1
30859.0,200425863.0,3.0,355.96,0.0,1476.0,0.0,35.0,1.0,0.0,1062.0,4172816.0,0.38,-0.0
30860.0,200435863.0,3.0,356.04,0.0,1476.0,0.0,35.0,1.0,0.0,1063.0,4172916.0,0.38,0.1
30861.0,200445863.0,3.0,356.04,0.0,1476.0,0.0,35.0,1.0,0.0,1064.0,4173016.0,0.38,0.1
30862.0,200455863.0,3.0,355.96,0.0,1476.0,0.0,35.0,1.0,0.0,1065.0,4173116.0,0.38,0.1
30863.0,200465863.0,3.0,355.87,0.0,1476.0,0.0,35.0,1.0,0.0,1066.0,4173216.0,0.38,0.1
30864.0,200475863.0,3.0,356.04,0.0,1476.0,0.0,35.0,1.0,0.0,1067.0,4173316.0,0.39,0.0
30865.0,200485863.0,3.0,356.04,0.0,1476.0,0.0,35.0,1.0,0.0,1068.0,4173416.0,0.38,-0.0
30866.0,200495863.0,3.0,355.96,0.0,1476.0,0.0,35.0,1.0,0.0,1069.0,4173516.0,0.38,-0.1
30867.0,200505863.0,3.0,356.04,0.0,1476.0,0.0,35.0,1.0,0.0,1070.0,4173616.0,0.38,-0.0
30868.0,200515863.0,3.0,355.96,0.0,1476.0,0.0,35.0,1.0,0.0,1071.0,4173716.0,0.38,0.1
30869.0,200525863.0,3.0,355.96,0.0,1476.0,0.0,35.0,1.0,0.0,1072.0,4173816.0,0.38,-0.1
30870.0,200535863.0,3.0,356.04,0.0,1476.0,0.0,35.0,1.0,0.0,1073.0,4173916.0,0.38,-0.1
30871.0,200545863.0,3.0,355.96,0.0,1476.0,0.0,35.0,1.0,0.0,1074.0,4174016.0,0.38,0.1
30872.0,200555863.0,3.0,355.96,0.0,1476.0,0.0,35.0,1.0,0.0,1075.0,4174116.0,0.38,0.1
30873.0,200565863.0,3.0,356.04,0.0,1476.0,0.0,35.0,1.0,0.0,1076.0,4174216.0,0.38,-0.0
30874.0,200575863.0,3.0,355.96,0.0,1476.0,0.0,35.0,1.0,0.0,1077.0,4174316.0,0.38,0.0
30875.0,200585863.0,3.0,355.96,0.0,1476.0,0.0,35.0,1.0,0.0,1078.0,4174416.0,0.39,0.1
30876.0,200595863.0,3.0,355.96,0.0,1476.0,0.0,35.0,1.0,0.0,1079.0,4174516.0,0.38,-0.0
30877.0,200605863.0,3.0,355.96,0.0,1476.0,0.0,35.0,1.0,0.0,1080.0,4174616.0,0.38,-0.0
30878.0,200615863.0,3.0,355.96,0.0,1476.0,0.0,35.0,1.0,0.0,1081.0,4174716.0,0.38,0.0
30879.0,200625863.0,3.0,355.96,0.0,1476.0,0.0,35.0,1.0,0.0,1082.0,4174816.0,0.38,-0.1
30880.0,200635863.0,3.0,356.04,0.0,1476.0,0.0,35.0,1.0,0.0,1083.0,4174916.0,0.38,0.0
30881.0,200645863.0,3.0,356.04,0.0,1476.0,0.0,35.0,1.0,0.0,1084.0,4175016.0,0.38,0.1
30882.0,200655863.0,3.0,355.96,0.0,1476.0,0.0,35.0,1.0,0.0,1085.0,4175116.0,0.38,0.0
30883.0,200665863.0,3.0,356.04,0.0,1476.0,0.0,35.0,1.0,0.0,1086.0,4175216.0,0.38,0.1
30884.0,200675863.0,3.0,355.96,0.0,1476.0,0.0,35.0,1.0,0.0,1087.0,4175316.0,0.38,-0.0
30885.0,200685863.0,3.0,355.96,0.0,1476.0,0.0,35.0,1.0,0.0,1088.0,4175416.0,0.38,-0.0
30886.0,200695863.0,3.0,355.96,0.0,1476.0,0.0,35.0,1.0,0.0,1089.0,4175516.0,0.38,0.1
30887.0,200705863.0,3.0,356.04,0.0,1476.0,0.0,35.0,1.0,0.0,1090.0,4175616.0,0.39,0.1
30888.0,200715863.0,3.0,355.87,0.0,1476.0,0.0,35.0,1.0,0.0,1091.0,4175716.0,0.39,-0.0
30889.0,200725863.0,3.0,355.87,0.0,1476.0,0.0,35.0,1.0,0.0,1092.0,4175816.0,0.38,-0.1
30890.0,200735863.0,3.0,355.96,0.0,1476.0,0.0,35.0,1.0,0.0,1093.0,4175916.0,0.38,-0.0
30891.0,200745863.0,3.0,355.96,0.0,1476.0,0.0,35.0,1.0,0.0,1094.0,4176016.0,0.38,-0.0
30892.0,200755863.0,3.0,355.96,0.0,1476.0,0.0,35.0,1.0,0.0,1095.0,4176116.0,0.38,0.0
30893.0,200765863.0,3.0,356.04,0.0,1476.0,0.0,35.0,1.0,0.0,1096.0,4176216.0,0.38,0.0
30894.0,200775863.0,3.0,356.04,0.0,1476.0,0.0,35.0,1.0,0.0,1097.0,4176316.0,0.38,0.0
30895.0,200785863.0,3.0,355.96,0.0,1476.0,0.0,35.0,1.0,0.0,1098.0,4176416.0,0.38,0.1
30896.0,200795863.0,3.0,355.96,0.0,1476.0,0.0,35.0,1.0,0.0,1099.0,4176516.0,0.39,0.0
30897.0,200805863.0,3.0,355.96,0.0,1476.0,0.0,35.0,1.0,0.0,1100.0,4176616.0,0.38,-0.0
30898.0,200815863.0,3.0,355.96,0.0,1476.0,0.0,35.0,1.0,0.0,1101.0,4176716.0,0.38,-0.0
30899.0,200825863.0,3.0,355.96,0.0,1476.0,0.0,35.0,1.0,0.0,1102.0,4176816.0,0.38,-0.1
30900.0,200835863.0,3.0,356.04,0.0,1476.0,0.0,35.0,1.0,0.0,1103.0,4176916.0,0.38,-0.1
30901.0,200845863.0,3.0,355.96,0.0,1476.0,0.0,35.0,1.0,0.0,1104.0,4177016.0,0.38,0.0
30902.0,200855863.0,3.0,355.96,0.0,1476.0,0.0,35.0,1.0,0.0,1105.0,4177116.0,0.38,0.0
30903.0,200865863.0,3.0,356.13,0.0,1476.0,0.0,35.0,1.0,0.0,1106.0,4177216.0,0.38,0.1
30904.0,200875863.0,3.0,355.96,0.0,1476.0,0.0,35.0,1.0,0.0,1107.0,4177316.0,0.38,0.0
30905.0,200885863.0,3.0,355.96,0.0,1476.0,0.0,35.0,1.0,0.0,1108.0,4177416.0,0.38,0.0
30906.0,200895863.0,3.0,356.04,0.0,1476.0,0.0,35.0,1.0,0.0,1109.0,4177516.0,0.38,0.0
30907.0,200905863.0,3.0,355.87,0.0,1476.0,0.0,35.0,1.0,0.0,1110.0,4177616.0,0.38,-0.1
30908.0,200915863.0,3.0,355.96,0.0,1476.0,0.0,35.0,1.0,0.0,1111.0,4177716.0,0.38,-0.0
30909.0,200925863.0,3.0,355.96,0.0,1476.0,0.0,35.0,1.0,0.0,1112.0,4177816.0,0.38,0.0
30910.0,200935863.0,3.0,355.96,0.0,1476.0,0.0,35.0,1.0,0.0,1113.0,4177916.0,0.38,0.0
30911.0,200945863.0,3.0,355.96,0.0,1476.0,0.0,35.0,1.0,0.0,1114.0,4178016.0,0.38,-0.0
30912.0,200955863.0,3.0,355.96,0.0,1476.0,0.0,35.0,1.0,0.0,1115.0,4178116.0,0.38,0.0
30913.0,200965863.0,3.0,356.04,0.0,1476.0,0.0,35.0,1.0,0.0,1116.0,4178216.0,0.38,0.0
30914.0,200975863.0,3.0,355.87,0.0,1476.0,0.0,35.0,1.0,0.0,1117.0,4178316.0,0.38,0.1
30915.0,200985863.0,3.0,355.87,0.0,1476.0,0.0,35.0,1.0,0.0,1118.0,4178416.0,0.39,0.0
30916.0,200995863.0,3.0,355.96,0.0,1476.0,0.0,35.0,1.0,0.0,1119.0,4178516.0,0.38,-0.0
30917.0,201005863.0,3.0,355.96,0.0,1476.0,0.0,35.0,1.0,0.0,1120.0,4178616.0,0.38,0.0
30918.0,201015863.0,3.0,355.96,0.0,1476.0,0.0,35.0,1.0,0.0,1121.0,4178716.0,0.38,-0.0
30919.0,201025863.0,3.0,355.96,0.0,1476.0,0.0,35.0,1.0,0.0,1122.0,4178816.0,0.38,-0.0
30920.0,201035863.0,3.0,355.96,0.0,1476.0,0.0,35.0,1.0,0.0,1123.0,4178916.0,0.38,-0.0
30921.0,201045863.0,3.0,355.96,0.0,1476.0,0.0,35.0,1.0,0.0,1124.0,4179016.0,0.38,0.0
30922.0,201055863.0,3.0,355.96,0.0,1476.0,0.0,35.0,1.0,0.0,1125.0,4179116.0,0.38,0.0
30923.0,201065863.0,3.0,356.04,0.0,1476.0,0.0,35.0,1.0,0.0,1126.0,4179216.0,0.38,0.0
30924.0,201075863.0,3.0,355.96,0.0,1476.0,0.0,35.0,1.0,0.0,1127.0,4179316.0,0.39,0.1
30925.0,201085863.0,3.0,355.96,0.0,1476.0,0.0,35.0,1.0,0.0,1128.0,4179416.0,0.39,0.0
30926.0,201095863.0,3.0,355.87,0.0,1476.0,0.0,35.0,1.0,0.0,1129.0,4179516.0,0.38,-0.0
30927.0,201105863.0,3.0,355.96,0.0,1476.0,0.0,35.0,1.0,0.0,1130.0,4179616.0,0.38,-0.0
30928.0,201115863.0,3.0,355.87,0.0,1476.0,0.0,35.0,1.0,0.0,1131.0,4179716.0,0.38,0.0
30929.0,201125863.0,3.0,355.87,0.0,1476.0,0.0,35.0,1.0,0.0,1132.0,4179816.0,0.38,-0.0
30930.0,201135863.0,3.0,356.04,0.0,1476.0,0.0,35.0,1.0,0.0,1133.0,4179916.0,0.38,-0.0
30931.0,201145863.0,3.0,355.96,0.0,1476.0,0.0,35.0,1.0,0.0,1134.0,4180016.0,0.38,0.1
30932.0,201155863.0,3.0,355.96,0.0,1476.0,0.0,35.0,1.0,0.0,1135.0,4180116.0,0.39,0.1
30933.0,201165863.0,3.0,356.04,0.0,1476.0,0.0,35.0,1.0,0.0,1136.0,4180216.0,0.39,0.0
30934.0,201175863.0,3.0,355.96,0.0,1476.0,0.0,35.0,1.0,0.0,1137.0,4180316.0,0.39,0.0
30935.0,201185863.0,3.0,356.04,0.0,1476.0,0.0,35.0,1.0,0.0,1138.0,4180416.0,0.39,-0.0
30936.0,201195863.0,3.0,355.96,0.0,1476.0,0.0,35.0,1.0,0.0,1139.0,4180516.0,0.38,-0.1
30937.0,201205863.0,3.0,355.87,0.0,1476.0,0.0,35.0,1.0,0.0,1140.0,4180616.0,0.38,0.0
30938.0,201215863.0,3.0,355.96,0.0,1476.0,0.0,35.0,1.0,0.0,1141.0,4180716.0,0.39,0.1
30939.0,201225863.0,3.0,355.96,0.0,1476.0,0.0,35.0,1.0,0.0,1142.0,4180816.0,0.39,-0.0
30940.0,201235863.0,3.0,355.96,0.0,1476.0,0.0,35.0,1.0,0.0,1143.0,4180916.0,0.38,-0.0
30941.0,201245863.0,3.0,356.04,0.0,1476.0,0.0,35.0,1.0,0.0,1144.0,4181016.0,0.39,0.1
30942.0,201255863.0,3.0,356.04,0.0,1476.0,0.0,35.0,1.0,0.0,1145.0,4181116.0,0.39,0.1
30943.0,201265863.0,3.0,355.96,0.0,1476.0,0.0,35.0,1.0,0.0,1146.0,4181216.0,0.39,-0.0
30944.0,201275863.0,3.0,356.04,0.0,1476.0,0.0,35.0,1.0,0.0,1147.0,4181316.0,0.39,-0.1
30945.0,201285863.0,3.0,355.87,0.0,1476.0,0.0,35.0,1.0,0.0,1148.0,4181416.0,0.38,-0.1
30946.0,201295863.0,3.0,355.96,0.0,1476.0,0.0,35.0,1.0,0.0,1149.0,4181516.0,0.38,0.0
30947.0,201305863.0,3.0,355.96,0.0,1476.0,0.0,35.0,1.0,0.0,1150.0,4181616.0,0.39,0.1
30948.0,201315863.0,3.0,355.96,0.0,1476.0,0.0,35.0,1.0,0.0,1151.0,4181716.0,0.39,0.1
30949.0,201325863.0,3.0,355.87,0.0,1476.0,0.0,35.0,1.0,0.0,1152.0,4181816.0,0.39,0.1
30950.0,201335863.0,3.0,356.04,0.0,1476.0,0.0,35.0,1.0,0.0,1153.0,4181916.0,0.39,-0.0
30951.0,201345863.0,3.0,356.04,0.0,1476.0,0.0,35.0,1.0,0.0,1154.0,4182016.0,0.39,0.1
30952.0,201355863.0,3.0,355.96,0.0,1476.0,0.0,35.0,1.0,0.0,1155.0,4182116.0,0.39,0.0
30953.0,201365863.0,3.0,355.96,0.0,1476.0,0.0,35.0,1.0,0.0,1156.0,4182216.0,0.39,-0.0
30954.0,201375863.0,3.0,355.96,0.0,1476.0,0.0,35.0,1.0,0.0,1157.0,4182316.0,0.39,0.0
30955.0,201385863.0,3.0,355.96,0.0,1476.0,0.0,35.0,1.0,0.0,1158.0,4182416.0,0.39,-0.1
30956.0,201395863.0,3.0,356.04,0.0,1476.0,0.0,35.0,1.0,0.0,1159.0,4182516.0,0.38,-0.1
30957.0,201405863.0,3.0,355.96,0.0,1476.0,0.0,35.0,1.0,0.0,1160.0,4182616.0,0.38,0.1
30958.0,201415863.0,3.0,355.96,0.0,1476.0,0.0,35.0,1.0,0.0,1161.0,4182716.0,0.39,0.1
30959.0,201425863.0,3.0,356.04,0.0,1476.0,0.0,35.0,1.0,0.0,1162.0,4182816.0,0.39,-0.0
30960.0,201435863.0,3.0,355.87,0.0,1476.0,0.0,35.0,1.0,0.0,1163.0,4182916.0,0.39,0.0
30961.0,201445863.0,3.0,355.96,0.0,1476.0,0.0,35.0,1.0,0.0,1164.0,4183016.0,0.39,0.1
30962.0,201455863.0,3.0,355.96,0.0,1476.0,0.0,35.0,1.0,0.0,1165.0,4183116.0,0.39,-0.0
30963.0,201465863.0,3.0,355.96,0.0,1476.0,0.0,35.0,1.0,0.0,1166.0,4183216.0,0.39,-0.0
30964.0,201475863.0,3.0,355.96,0.0,1476.0,0.0,35.0,1.0,0.0,1167.0,4183316.0,0.39,-0.1
30965.0,201485863.0,3.0,355.96,0.0,1476.0,0.0,35.0,1.0,0.0,1168.0,4183416.0,0.38,-0.1
30966.0,201495863.0,3.0,355.96,0.0,1476.0,0.0,35.0,1.0,0.0,1169.0,4183516.0,0.38,0.0
30967.0,201505863.0,3.0,356.04,0.0,1476.0,0.0,35.0,1.0,0.0,1170.0,4183616.0,0.38,0.0
30968.0,201515863.0,3.0,355.96,0.0,1476.0,0.0,35.0,1.0,0.0,1171.0,4183716.0,0.39,0.0
30969.0,201525863.0,3.0,355.87,0.0,1476.0,0.0,35.0,1.0,0.0,1172.0,4183816.0,0.39,0.2
30970.0,201535863.0,3.0,355.96,0.0,1476.0,0.0,35.0,1.0,0.0,1173.0,4183916.0,0.39,0.1
30971.0,201545863.0,3.0,355.96,0.0,1476.0,0.0,35.0,1.0,0.0,1174.0,4184016.0,0.39,-0.0
30972.0,201555863.0,3.0,356.04,0.0,1476.0,0.0,35.0,1.0,0.0,1175.0,4184116.0,0.39,-0.0
30973.0,201565863.0,3.0,356.04,0.0,1476.0,0.0,35.0,1.0,0.0,1176.0,4184216.0,0.39,-0.0
30974.0,201575863.0,3.0,356.04,0.0,1476.0,0.0,35.0,1.0,0.0,1177.0,4184316.0,0.39,-0.1
30975.0,201585863.0,3.0,355.96,0.0,1476.0,0.0,35.0,1.0,0.0,1178.0,4184416.0,0.38,-0.0
30976.0,201595863.0,3.0,355.96,0.0,1476.0,0.0,35.0,1.0,0.0,1179.0,4184516.0,0.39,-0.0
30977.0,201605863.0,3.0,356.04,0.0,1476.0,0.0,35.0,1.0,0.0,1180.0,4184616.0,0.39,-0.0
30978.0,201615863.0,3.0,356.04,0.0,1476.0,0.0,35.0,1.0,0.0,1181.0,4184716.0,0.39,0.1
30979.0,201625863.0,3.0,355.87,0.0,1476.0,0.0,35.0,1.0,0.0,1182.0,4184816.0,0.39,0.1
30980.0,201635863.0,3.0,356.04,0.0,1476.0,0.0,35.0,1.0,0.0,1183.0,4184916.0,0.39,0.1
30981.0,201645863.0,3.0,355.96,0.0,1476.0,0.0,35.0,1.0,0.0,1184.0,4185016.0,0.39,-0.0
30982.0,201655863.0,3.0,355.96,0.0,1476.0,0.0,35.0,1.0,0.0,1185.0,4185116.0,0.39,-0.1
30983.0,201665863.0,3.0,355.96,0.0,1476.0,0.0,35.0,1.0,0.0,1186.0,4185216.0,0.39,-0.1
30984.0,201675863.0,3.0,355.96,0.0,1476.0,0.0,35.0,1.0,0.0,1187.0,4185316.0,0.38,-0.1
30985.0,201685863.0,3.0,356.04,0.0,1476.0,0.0,35.0,1.0,0.0,1188.0,4185416.0,0.38,-0.0
30986.0,201695863.0,3.0,356.04,0.0,1476.0,0.0,35.0,1.0,0.0,1189.0,4185516.0,0.39,0.0
30987.0,201705863.0,3.0,355.96,0.0,1476.0,0.0,35.0,1.0,0.0,1190.0,4185616.0,0.39,0.0
30988.0,201715863.0,3.0,356.04,0.0,1476.0,0.0,35.0,1.0,0.0,1191.0,4185716.0,0.39,0.0
30989.0,201725863.0,3.0,355.96,0.0,1476.0,0.0,35.0,1.0,0.0,1192.0,4185816.0,0.39,0.0
30990.0,201735863.0,3.0,355.96,0.0,1476.0,0.0,35.0,1.0,0.0,1193.0,4185916.0,0.39,0.1
30991.0,201745863.0,3.0,355.96,0.0,1476.0,0.0,35.0,1.0,0.0,1194.0,4186016.0,0.39,0.0
30992.0,201755863.0,3.0,355.96,0.0,1476.0,0.0,35.0,1.0,0.0,1195.0,4186116.0,0.39,-0.0
30993.0,201765863.0,3.0,356.13,0.0,1476.0,0.0,35.0,1.0,0.0,1196.0,4186216.0,0.39,-0.1
30994.0,201775863.0,3.0,355.96,0.0,1476.0,0.0,35.0,1.0,0.0,1197.0,4186316.0,0.38,-0.0
30995.0,201785863.0,3.0,356.04,0.0,1476.0,0.0,35.0,1.0,0.0,1198.0,4186416.0,0.39,0.1
30996.0,201795863.0,3.0,355.96,0.0,1476.0,0.0,35.0,1.0,0.0,1199.0,4186516.0,0.39,-0.0
30997.0,201805863.0,3.0,356.04,0.0,1476.0,0.0,35.0,1.0,0.0,1200.0,4186616.0,0.39,0.0
30998.0,201815863.0,3.0,355.87,0.0,1476.0,0.0,35.0,1.0,0.0,1201.0,4186716.0,0.39,-0.0
30999.0,201825863.0,3.0,355.96,0.0,1476.0,0.0,35.0,1.0,0.0,1202.0,4186816.0,0.39,0.1
31000.0,201835863.0,3.0,356.04,0.0,1476.0,0.0,35.0,1.0,0.0,1203.0,4186916.0,0.39,0.1
31001.0,201845863.0,3.0,356.04,0.0,1476.0,0.0,35.0,1.0,0.0,1204.0,4187016.0,0.39,0.0
31002.0,201855863.0,3.0,355.87,0.0,1476.0,0.0,35.0,1.0,0.0,1205.0,4187116.0,0.39,-0.0
31003.0,201865863.0,3.0,356.04,0.0,1476.0,0.0,35.0,1.0,0.0,1206.0,4187216.0,0.39,-0.1
31004.0,201875863.0,3.0,355.96,0.0,1476.0,0.0,35.0,1.0,0.0,1207.0,4187316.0,0.39,-0.0
31005.0,201885863.0,3.0,356.04,0.0,1476.0,0.0,35.0,1.0,0.0,1208.0,4187416.0,0.39,0.0
31006.0,201895863.0,3.0,355.96,0.0,1476.0,0.0,35.0,1.0,0.0,1209.0,4187516.0,0.39,-0.0
31007.0,201905863.0,3.0,356.04,0.0,1476.0,0.0,35.0,1.0,0.0,1210.0,4187616.0,0.39,0.0
31008.0,201915863.0,3.0,355.96,0.0,1476.0,0.0,35.0,1.0,0.0,1211.0,4187716.0,0.39,0.0
31009.0,201925863.0,3.0,355.96,0.0,1476.0,0.0,35.0,1.0,0.0,1212.0,4187816.0,0.39,0.0
31010.0,201935863.0,3.0,356.04,0.0,1476.0,0.0,35.0,1.0,0.0,1213.0,4187916.0,0.39,0.0
31011.0,201945863.0,3.0,355.96,0.0,1476.0,0.0,35.0,1.0,0.0,1214.0,4188016.0,0.39,0.0
31012.0,201955863.0,3.0,355.96,0.0,1476.0,0.0,35.0,1.0,0.0,1215.0,4188116.0,0.39,0.1
31013.0,201965863.0,3.0,355.96,0.0,1476.0,0.0,35.0,1.0,0.0,1216.0,4188216.0,0.39,0.0
31014.0,201975863.0,3.0,355.96,0.0,1476.0,0.0,35.0,1.0,0.0,1217.0,4188316.0,0.39,-0.0
31015.0,201985863.0,3.0,356.04,0.0,1476.0,0.0,35.0,1.0,0.0,1218.0,4188416.0,0.39,-0.0
31016.0,201995863.0,3.0,356.04,0.0,1476.0,0.0,35.0,1.0,0.0,1219.0,4188516.0,0.39,-0.0
31017.0,202005863.0,3.0,355.96,0.0,1476.0,0.0,35.0,1.0,0.0,1220.0,4188616.0,0.39,0.1
31018.0,202015863.0,3.0,355.96,0.0,1476.0,0.0,35.0,1.0,0.0,1221.0,4188716.0,0.39,0.0
31019.0,202025863.0,3.0,355.96,0.0,1476.0,0.0,35.0,1.0,0.0,1222.0,4188816.0,0.39,-0.0
31020.0,202035863.0,3.0,355.96,0.0,1476.0,0.0,35.0,1.0,0.0,1223.0,4188916.0,0.39,0.1
31021.0,202045863.0,3.0,355.96,0.0,1476.0,0.0,35.0,1.0,0.0,1224.0,4189016.0,0.39,0.0
31022.0,202055863.0,3.0,355.87,0.0,1476.0,0.0,35.0,1.0,0.0,1225.0,4189116.0,0.39,0.0
31023.0,202065863.0,3.0,355.96,0.0,1476.0,0.0,35.0,1.0,0.0,1226.0,4189216.0,0.39,0.0
31024.0,202075863.0,3.0,355.96,0.0,1476.0,0.0,35.0,1.0,0.0,1227.0,4189316.0,0.39,0.0
31025.0,202085863.0,3.0,355.96,0.0,1476.0,0.0,35.0,1.0,0.0,1228.0,4189416.0,0.39,0.0
31026.0,202095863.0,3.0,355.96,0.0,1476.0,0.0,35.0,1.0,0.0,1229.0,4189516.0,0.39,0.0
31027.0,202105863.0,3.0,355.96,0.0,1476.0,0.0,35.0,1.0,0.0,1230.0,4189616.0,0.39,0.0
31028.0,202115863.0,3.0,356.04,0.0,1476.0,0.0,35.0,1.0,0.0,1231.0,4189716.0,0.39,-0.0
31029.0,202125863.0,3.0,355.96,0.0,1476.0,0.0,35.0,1.0,0.0,1232.0,4189816.0,0.39,-0.0
31030.0,202135863.0,3.0,355.96,0.0,1476.0,0.0,35.0,1.0,0.0,1233.0,4189916.0,0.39,-0.0
31031.0,202145863.0,3.0,355.96,0.0,1476.0,0.0,35.0,1.0,0.0,1234.0,4190016.0,0.39,0.0
31032.0,202155863.0,3.0,356.04,0.0,1476.0,0.0,35.0,1.0,0.0,1235.0,4190116.0,0.39,0.0
31033.0,202165863.0,3.0,355.96,0.0,1476.0,0.0,35.0,1.0,0.0,1236.0,4190216.0,0.39,0.0
31034.0,202175863.0,3.0,355.96,0.0,1476.0,0.0,35.0,1.0,0.0,1237.0,4190316.0,0.39,0.0
31035.0,202185863.0,3.0,356.04,0.0,1476.0,0.0,35.0,1.0,0.0,1238.0,4190416.0,0.39,0.0
31036.0,202195863.0,3.0,355.96,0.0,1476.0,0.0,35.0,1.0,0.0,1239.0,4190516.0,0.39,0.0
31037.0,202205863.0,3.0,356.04,0.0,1476.0,0.0,35.0,1.0,0.0,1240.0,4190616.0,0.39,0.0
31038.0,202215863.0,3.0,355.96,0.0,1476.0,0.0,35.0,1.0,0.0,1241.0,4190716.0,0.39,-0.0
31039.0,202225863.0,3.0,355.96,0.0,1476.0,0.0,35.0,1.0,0.0,1242.0,4190816.0,0.39,0.0
31040.0,202235863.0,3.0,355.96,0.0,1476.0,0.0,35.0,1.0,0.0,1243.0,4190916.0,0.39,0.0
31041.0,202245863.0,3.0,355.96,0.0,1476.0,0.0,35.0,1.0,0.0,1244.0,4191016.0,0.39,-0.0
31042.0,202255863.0,3.0,355.96,0.0,1476.0,0.0,35.0,1.0,0.0,1245.0,4191116.0,0.39,-0.0
31043.0,202265863.0,3.0,355.96,0.0,1476.0,0.0,35.0,1.0,0.0,1246.0,4191216.0,0.39,0.0
31044.0,202275863.0,3.0,355.96,0.0,1476.0,0.0,35.0,1.0,0.0,1247.0,4191316.0,0.39,0.1
31045.0,202285863.0,3.0,355.96,0.0,1476.0,0.0,35.0,1.0,0.0,1248.0,4191416.0,0.39,-0.0
31046.0,202295863.0,3.0,356.04,0.0,1476.0,0.0,35.0,1.0,0.0,1249.0,4191516.0,0.39,0.1
31047.0,202305863.0,3.0,356.04,0.0,1476.0,0.0,35.0,1.0,0.0,1250.0,4191616.0,0.39,-0.0
31048.0,202315863.0,3.0,355.96,0.0,1476.0,0.0,35.0,1.0,0.0,1251.0,4191716.0,0.39,-0.0
31049.0,202325863.0,3.0,355.96,0.0,1476.0,0.0,35.0,1.0,0.0,1252.0,4191816.0,0.39,0.0
31050.0,202335863.0,3.0,355.96,0.0,1476.0,0.0,35.0,1.0,0.0,1253.0,4191916.0,0.39,0.0
31051.0,202345863.0,3.0,355.96,0.0,1476.0,0.0,35.0,1.0,0.0,1254.0,4192016.0,0.39,-0.1
31052.0,202355863.0,3.0,356.04,0.0,1476.0,0.0,35.0,1.0,0.0,1255.0,4192116.0,0.39,-0.1
31053.0,202365863.0,3.0,356.04,0.0,1476.0,0.0,35.0,1.0,0.0,1256.0,4192216.0,0.39,0.0
31054.0,202375863.0,3.0,355.96,0.0,1476.0,0.0,35.0,1.0,0.0,1257.0,4192316.0,0.39,-0.0
31055.0,202385863.0,3.0,355.96,0.0,1476.0,0.0,35.0,1.0,0.0,1258.0,4192416.0,0.39,-0.0
31056.0,202395863.0,3.0,355.96,0.0,1476.0,0.0,35.0,1.0,0.0,1259.0,4192516.0,0.39,0.1
31057.0,202405863.0,3.0,355.96,0.0,1476.0,0.0,35.0,1.0,0.0,1260.0,4192616.0,0.39,0.0
31058.0,202415863.0,3.0,355.96,0.0,1476.0,0.0,35.0,1.0,0.0,1261.0,4192716.0,0.39,-0.0
31059.0,202425863.0,3.0,355.96,0.0,1476.0,0.0,35.0,1.0,0.0,1262.0,4192816.0,0.39,0.0
31060.0,202435863.0,3.0,356.13,0.0,1476.0,0.0,35.0,1.0,0.0,1263.0,4192916.0,0.39,0.1
31061.0,202445863.0,3.0,355.96,0.0,1476.0,0.0,35.0,1.0,0.0,1264.0,4193016.0,0.39,-0.0
31062.0,202455863.0,3.0,355.96,0.0,1476.0,0.0,35.0,1.0,0.0,1265.0,4193116.0,0.39,-0.1
31063.0,202465863.0,3.0,356.04,0.0,1476.0,0.0,35.0,1.0,0.0,1266.0,4193216.0,0.39,0.0
31064.0,202475863.0,3.0,355.87,0.0,1476.0,0.0,35.0,1.0,0.0,1267.0,4193316.0,0.39,0.0
31065.0,202485863.0,3.0,355.96,0.0,1476.0,0.0,35.0,1.0,0.0,1268.0,4193416.0,0.39,0.0
31066.0,202495863.0,3.0,355.96,0.0,1476.0,0.0,35.0,1.0,0.0,1269.0,4193516.0,0.39,0.0
31067.0,202505863.0,3.0,355.96,0.0,1476.0,0.0,35.0,1.0,0.0,1270.0,4193616.0,0.39,0.0
31068.0,202515863.0,3.0,355.96,0.0,1476.0,0.0,35.0,1.0,0.0,1271.0,4193716.0,0.39,0.0
31069.0,202525863.0,3.0,355.96,0.0,1476.0,0.0,35.0,1.0,0.0,1272.0,4193816.0,0.39,-0.0
31070.0,202535863.0,3.0,356.04,0.0,1476.0,0.0,35.0,1.0,0.0,1273.0,4193916.0,0.39,0.0
31071.0,202545863.0,3.0,355.87,0.0,1476.0,0.0,35.0,1.0,0.0,1274.0,4194016.0,0.39,-0.1
31072.0,202555863.0,3.0,355.87,0.0,1476.0,0.0,35.0,1.0,0.0,1275.0,4194116.0,0.39,-0.0
31073.0,202565863.0,3.0,355.96,0.0,1476.0,0.0,35.0,1.0,0.0,1276.0,4194216.0,0.39,-0.0
31074.0,202575863.0,3.0,356.04,0.0,1476.0,0.0,35.0,1.0,0.0,1277.0,4194316.0,0.39,-0.0
31075.0,202585863.0,3.0,356.04,0.0,1476.0,0.0,35.0,1.0,0.0,1278.0,4194416.0,0.39,0.0
31076.0,202595863.0,3.0,355.96,0.0,1476.0,0.0,35.0,1.0,0.0,1279.0,4194516.0,0.39,-0.0
31077.0,202605863.0,3.0,355.96,0.0,1476.0,0.0,35.0,1.0,0.0,1280.0,4194616.0,0.39,-0.0
31078.0,202615863.0,3.0,355.96,0.0,1476.0,0.0,35.0,1.0,0.0,1281.0,4194716.0,0.39,-0.0
31079.0,202625863.0,3.0,355.96,0.0,1476.0,0.0,35.0,1.0,0.0,1282.0,4194816.0,0.39,0.0
31080.0,202635863.0,3.0,355.96,0.0,1476.0,0.0,35.0,1.0,0.0,1283.0,4194916.0,0.39,0.0
31081.0,202645863.0,3.0,355.96,0.0,1476.0,0.0,35.0,1.0,0.0,1284.0,4195016.0,0.39,0.0
31082.0,202655863.0,3.0,355.96,0.0,1476.0,0.0,35.0,1.0,0.0,1285.0,4195116.0,0.39,0.0
31083.0,202665863.0,3.0,355.96,0.0,1476.0,0.0,35.0,1.0,0.0,1286.0,4195216.0,0.39,0.0
31084.0,202675863.0,3.0,355.96,0.0,1476.0,0.0,35.0,1.0,0.0,1287.0,4195316.0,0.39,0.0
31085.0,202685863.0,3.0,355.87,0.0,1476.0,0.0,35.0,1.0,0.0,1288.0,4195416.0,0.39,0.0
31086.0,202695863.0,3.0,356.04,0.0,1476.0,0.0,35.0,1.0,0.0,1289.0,4195516.0,0.39,0.0
31087.0,202705863.0,3.0,356.04,0.0,1476.0,0.0,35.0,1.0,0.0,1290.0,4195616.0,0.39,-0.1
31088.0,202715863.0,3.0,355.96,0.0,1476.0,0.0,35.0,1.0,0.0,1291.0,4195716.0,0.39,0.0
31089.0,202725863.0,3.0,355.87,0.0,1476.0,0.0,35.0,1.0,0.0,1292.0,4195816.0,0.39,0.1
31090.0,202735863.0,3.0,355.87,0.0,1476.0,0.0,35.0,1.0,0.0,1293.0,4195916.0,0.39,0.0
31091.0,202745863.0,3.0,355.96,0.0,1476.0,0.0,35.0,1.0,0.0,1294.0,4196016.0,0.39,0.0
31092.0,202755863.0,3.0,355.96,0.0,1476.0,0.0,35.0,1.0,0.0,1295.0,4196116.0,0.39,-0.0
31093.0,202765863.0,3.0,355.96,0.0,1476.0,0.0,35.0,1.0,0.0,1296.0,4196216.0,0.39,-0.0
31094.0,202775863.0,3.0,355.96,0.0,1476.0,0.0,35.0,1.0,0.0,1297.0,4196316.0,0.39,-0.0
31095.0,202785863.0,3.0,355.96,0.0,1476.0,0.0,35.0,1.0,0.0,1298.0,4196416.0,0.39,-0.0
31096.0,202795863.0,3.0,355.96,0.0,1476.0,0.0,35.0,1.0,0.0,1299.0,4196516.0,0.39,-0.0
31097.0,202805863.0,3.0,356.04,0.0,1476.0,0.0,35.0,1.0,0.0,1300.0,4196616.0,0.39,0.0
31098.0,202815863.0,3.0,355.87,0.0,1476.0,0.0,35.0,1.0,0.0,1301.0,4196716.0,0.39,0.0
31099.0,202825863.0,3.0,355.96,0.0,1476.0,0.0,35.0,1.0,0.0,1302.0,4196816.0,0.39,0.0
31100.0,202835863.0,3.0,355.96,0.0,1476.0,0.0,35.0,1.0,0.0,1303.0,4196916.0,0.39,0.0
31101.0,202845863.0,3.0,356.04,0.0,1476.0,0.0,35.0,1.0,0.0,1304.0,4197016.0,0.39,0.0
31102.0,202855863.0,3.0,355.96,0.0,1476.0,0.0,35.0,1.0,0.0,1305.0,4197116.0,0.39,0.0
31103.0,202865863.0,3.0,355.96,0.0,1476.0,0.0,35.0,1.0,0.0,1306.0,4197216.0,0.39,0.0
31104.0,202875863.0,3.0,355.96,0.0,1476.0,0.0,35.0,1.0,0.0,1307.0,4197316.0,0.39,0.0
31105.0,202885863.0,3.0,355.96,0.0,1476.0,0.0,35.0,1.0,0.0,1308.0,4197416.0,0.39,0.0
31106.0,202895863.0,3.0,356.04,0.0,1476.0,0.0,35.0,1.0,0.0,1309.0,4197516.0,0.39,0.0
31107.0,202905863.0,3.0,355.87,0.0,1476.0,0.0,35.0,1.0,0.0,1310.0,4197616.0,0.39,0.0
31108.0,202915863.0,3.0,355.96,0.0,1476.0,0.0,35.0,1.0,0.0,1311.0,4197716.0,0.39,0.0
31109.0,202925863.0,3.0,356.04,0.0,1476.0,0.0,35.0,1.0,0.0,1312.0,4197816.0,0.39,0.0
31110.0,202935863.0,3.0,356.04,0.0,1476.0,0.0,35.0,1.0,0.0,1313.0,4197916.0,0.39,0.0
31111.0,202945863.0,3.0,356.04,0.0,1476.0,0.0,35.0,1.0,0.0,1314.0,4198016.0,0.39,0.0
31112.0,202955863.0,3.0,355.96,0.0,1476.0,0.0,35.0,1.0,0.0,1315.0,4198116.0,0.39,0.0
31113.0,202965863.0,3.0,355.96,0.0,1476.0,0.0,35.0,1.0,0.0,1316.0,4198216.0,0.39,-0.0
31114.0,202975863.0,3.0,356.04,0.0,1476.0,0.0,35.0,1.0,0.0,1317.0,4198316.0,0.39,-0.0
31115.0,202985863.0,3.0,355.96,0.0,1476.0,0.0,35.0,1.0,0.0,1318.0,4198416.0,0.39,0.0
31116.0,202995863.0,3.0,355.96,0.0,1476.0,0.0,35.0,1.0,0.0,1319.0,4198516.0,0.39,-0.0
31117.0,203005863.0,3.0,355.96,0.0,1476.0,0.0,35.0,1.0,0.0,1320.0,4198616.0,0.39,-0.0
31118.0,203015863.0,3.0,356.04,0.0,1476.0,0.0,35.0,1.0,0.0,1321.0,4198716.0,0.39,0.0
31119.0,203025863.0,3.0,356.04,0.0,1476.0,0.0,35.0,1.0,0.0,1322.0,4198816.0,0.39,0.1
31120.0,203035863.0,3.0,355.96,0.0,1476.0,0.0,35.0,1.0,0.0,1323.0,4198916.0,0.39,0.0
31121.0,203045863.0,3.0,356.04,0.0,1476.0,0.0,35.0,1.0,0.0,1324.0,4199016.0,0.39,0.0
31122.0,203055863.0,3.0,355.96,0.0,1476.0,0.0,35.0,1.0,0.0,1325.0,4199116.0,0.39,-0.1
31123.0,203065863.0,3.0,355.96,0.0,1476.0,0.0,35.0,1.0,0.0,1326.0,4199216.0,0.39,-0.0
31124.0,203075863.0,3.0,356.04,0.0,1476.0,0.0,35.0,1.0,0.0,1327.0,4199316.0,0.39,0.1
31125.0,203085863.0,3.0,355.87,0.0,1476.0,0.0,35.0,1.0,0.0,1328.0,4199416.0,0.39,0.0
31126.0,203095863.0,3.0,355.96,0.0,1476.0,0.0,35.0,1.0,0.0,1329.0,4199516.0,0.39,-0.0
31127.0,203105863.0,3.0,355.96,0.0,1476.0,0.0,35.0,1.0,0.0,1330.0,4199616.0,0.39,0.1
31128.0,203115863.0,3.0,355.96,0.0,1476.0,0.0,35.0,1.0,0.0,1331.0,4199716.0,0.39,0.1
31129.0,203125863.0,3.0,355.96,0.0,1476.0,0.0,35.0,1.0,0.0,1332.0,4199816.0,0.39,-0.0
31130.0,203135863.0,3.0,355.96,0.0,1476.0,0.0,35.0,1.0,0.0,1333.0,4199916.0,0.39,-0.1
31131.0,203145863.0,3.0,356.13,0.0,1476.0,0.0,35.0,1.0,0.0,1334.0,4200016.0,0.39,-0.0
31132.0,203155863.0,3.0,355.96,0.0,1476.0,0.0,35.0,1.0,0.0,1335.0,4200116.0,0.39,0.0
31133.0,203165863.0,3.0,355.96,0.0,1476.0,0.0,35.0,1.0,0.0,1336.0,4200216.0,0.39,-0.0
31134.0,203175863.0,3.0,355.96,0.0,1476.0,0.0,35.0,1.0,0.0,1337.0,4200316.0,0.39,0.0
31135.0,203185863.0,3.0,355.96,0.0,1476.0,0.0,35.0,1.0,0.0,1338.0,4200416.0,0.39,0.1
31136.0,203195863.0,3.0,356.04,0.0,1476.0,0.0,35.0,1.0,0.0,1339.0,4200516.0,0.39,0.1
31137.0,203205863.0,3.0,355.96,0.0,1476.0,0.0,35.0,1.0,0.0,1340.0,4200616.0,0.39,-0.1
31138.0,203215863.0,3.0,356.04,0.0,1476.0,0.0,35.0,1.0,0.0,1341.0,4200716.0,0.39,-0.0
31139.0,203225863.0,3.0,356.04,0.0,1476.0,0.0,35.0,1.0,0.0,1342.0,4200816.0,0.39,-0.0
31140.0,203235863.0,3.0,356.04,0.0,1476.0,0.0,35.0,1.0,0.0,1343.0,4200916.0,0.39,-0.0
31141.0,203245863.0,3.0,356.04,0.0,1476.0,0.0,35.0,1.0,0.0,1344.0,4201016.0,0.39,0.0
31142.0,203255863.0,3.0,356.04,0.0,1476.0,0.0,35.0,1.0,0.0,1345.0,4201116.0,0.39,0.0
31143.0,203265863.0,3.0,355.96,0.0,1476.0,0.0,35.0,1.0,0.0,1346.0,4201216.0,0.39,0.0
31144.0,203275863.0,3.0,355.96,0.0,1476.0,0.0,35.0,1.0,0.0,1347.0,4201316.0,0.39,0.0
31145.0,203285863.0,3.0,356.04,0.0,1476.0,0.0,35.0,1.0,0.0,1348.0,4201416.0,0.39,0.0
31146.0,203295863.0,3.0,355.96,0.0,1476.0,0.0,35.0,1.0,0.0,1349.0,4201516.0,0.39,-0.1
31147.0,203305863.0,3.0,356.04,0.0,1476.0,0.0,35.0,1.0,0.0,1350.0,4201616.0,0.39,-0.1
31148.0,203315863.0,3.0,355.96,0.0,1476.0,0.0,35.0,1.0,0.0,1351.0,4201716.0,0.39,0.1
31149.0,203325863.0,3.0,355.96,0.0,1476.0,0.0,35.0,1.0,0.0,1352.0,4201816.0,0.39,0.1
31150.0,203335863.0,3.0,355.87,0.0,1476.0,0.0,35.0,1.0,0.0,1353.0,4201916.0,0.39,-0.0
31151.0,203345863.0,3.0,355.96,0.0,1476.0,0.0,35.0,1.0,0.0,1354.0,4202016.0,0.39,-0.0
31152.0,203355863.0,3.0,355.96,0.0,1476.0,0.0,35.0,1.0,0.0,1355.0,4202116.0,0.39,0.0
31153.0,203365863.0,3.0,355.96,0.0,1476.0,0.0,35.0,1.0,0.0,1356.0,4202216.0,0.39,-0.0
31154.0,203375863.0,3.0,355.96,0.0,1476.0,0.0,35.0,1.0,0.0,1357.0,4202316.0,0.39,0.0
31155.0,203385863.0,3.0,356.04,0.0,1476.0,0.0,35.0,1.0,0.0,1358.0,4202416.0,0.39,0.0
31156.0,203395863.0,3.0,355.96,0.0,1476.0,0.0,35.0,1.0,0.0,1359.0,4202516.0,0.39,0.0
31157.0,203405863.0,3.0,355.96,0.0,1476.0,0.0,35.0,1.0,0.0,1360.0,4202616.0,0.39,0.0
31158.0,203415863.0,3.0,355.96,0.0,1476.0,0.0,35.0,1.0,0.0,1361.0,4202716.0,0.39,0.1
31159.0,203425863.0,3.0,356.04,0.0,1476.0,0.0,35.0,1.0,0.0,1362.0,4202816.0,0.39,0.0
31160.0,203435863.0,3.0,355.87,0.0,1476.0,0.0,35.0,1.0,0.0,1363.0,4202916.0,0.39,0.1
31161.0,203445863.0,3.0,355.96,0.0,1476.0,0.0,35.0,1.0,0.0,1364.0,4203016.0,0.39,0.0
31162.0,203455863.0,3.0,355.96,0.0,1476.0,0.0,35.0,1.0,0.0,1365.0,4203116.0,0.39,0.0
31163.0,203465863.0,3.0,355.96,0.0,1476.0,0.0,35.0,1.0,0.0,1366.0,4203216.0,0.39,-0.0
31164.0,203475863.0,3.0,355.96,0.0,1476.0,0.0,35.0,1.0,0.0,1367.0,4203316.0,0.39,-0.0
31165.0,203485863.0,3.0,356.04,0.0,1476.0,0.0,35.0,1.0,0.0,1368.0,4203416.0,0.39,-0.0
31166.0,203495863.0,3.0,355.96,0.0,1476.0,0.0,35.0,1.0,0.0,1369.0,4203516.0,0.39,-0.1
31167.0,203505863.0,3.0,355.96,0.0,1476.0,0.0,35.0,1.0,0.0,1370.0,4203616.0,0.39,-0.0
31168.0,203515863.0,3.0,355.96,0.0,1476.0,0.0,35.0,1.0,0.0,1371.0,4203716.0,0.39,0.1
31169.0,203525863.0,3.0,355.87,0.0,1476.0,0.0,35.0,1.0,0.0,1372.0,4203816.0,0.39,0.1
31170.0,203535863.0,3.0,355.87,0.0,1476.0,0.0,35.0,1.0,0.0,1373.0,4203916.0,0.39,0.1
31171.0,203545863.0,3.0,355.96,0.0,1476.0,0.0,35.0,1.0,0.0,1374.0,4204016.0,0.39,0.0
31172.0,203555863.0,3.0,356.04,0.0,1476.0,0.0,35.0,1.0,0.0,1375.0,4204116.0,0.39,-0.0
31173.0,203565863.0,3.0,355.96,0.0,1476.0,0.0,35.0,1.0,0.0,1376.0,4204216.0,0.39,-0.1
31174.0,203575863.0,3.0,355.87,0.0,1476.0,0.0,35.0,1.0,0.0,1377.0,4204316.0,0.39,-0.1
31175.0,203585863.0,3.0,356.04,0.0,1476.0,0.0,35.0,1.0,0.0,1378.0,4204416.0,0.39,-0.0
31176.0,203595863.0,3.0,355.96,0.0,1476.0,0.0,35.0,1.0,0.0,1379.0,4204516.0,0.39,0.0
31177.0,203605863.0,3.0,355.96,0.0,1476.0,0.0,35.0,1.0,0.0,1380.0,4204616.0,0.39,0.0
31178.0,203615863.0,3.0,355.87,0.0,1476.0,0.0,35.0,1.0,0.0,1381.0,4204716.0,0.39,0.1
31179.0,203625863.0,3.0,355.96,0.0,1476.0,0.0,35.0,1.0,0.0,1382.0,4204816.0,0.39,0.1
31180.0,203635863.0,3.0,355.96,0.0,1476.0,0.0,35.0,1.0,0.0,1383.0,4204916.0,0.39,-0.0
31181.0,203645863.0,3.0,355.96,0.0,1476.0,0.0,35.0,1.0,0.0,1384.0,4205016.0,0.39,-0.0
31182.0,203655863.0,3.0,355.96,0.0,1476.0,0.0,35.0,1.0,0.0,1385.0,4205116.0,0.39,-0.0
31183.0,203665863.0,3.0,355.96,0.0,1476.0,0.0,35.0,1.0,0.0,1386.0,4205216.0,0.39,0.0
31184.0,203675863.0,3.0,355.96,0.0,1476.0,0.0,35.0,1.0,0.0,1387.0,4205316.0,0.39,-0.0
31185.0,203685863.0,3.0,355.96,0.0,1476.0,0.0,35.0,1.0,0.0,1388.0,4205416.0,0.39,0.0
31186.0,203695863.0,3.0,355.96,0.0,1476.0,0.0,35.0,1.0,0.0,1389.0,4205516.0,0.39,-0.0
31187.0,203705863.0,3.0,356.04,0.0,1476.0,0.0,35.0,1.0,0.0,1390.0,4205616.0,0.39,0.0
31188.0,203715863.0,3.0,355.96,0.0,1476.0,0.0,35.0,1.0,0.0,1391.0,4205716.0,0.39,0.0
31189.0,203725863.0,3.0,355.96,0.0,1476.0,0.0,35.0,1.0,0.0,1392.0,4205816.0,0.39,0.1
31190.0,203735863.0,3.0,355.96,0.0,1476.0,0.0,35.0,1.0,0.0,1393.0,4205916.0,0.39,0.0
31191.0,203745863.0,3.0,355.96,0.0,1476.0,0.0,35.0,1.0,0.0,1394.0,4206016.0,0.39,-0.0
31192.0,203755863.0,3.0,355.96,0.0,1476.0,0.0,35.0,1.0,0.0,1395.0,4206116.0,0.39,0.0
31193.0,203765863.0,3.0,355.96,0.0,1476.0,0.0,35.0,1.0,0.0,1396.0,4206216.0,0.39,0.0
31194.0,203775863.0,3.0,356.13,0.0,1476.0,0.0,35.0,1.0,0.0,1397.0,4206316.0,0.39,-0.1
31195.0,203785863.0,3.0,355.87,0.0,1476.0,0.0,35.0,1.0,0.0,1398.0,4206416.0,0.39,-0.1
31196.0,203795863.0,3.0,355.96,0.0,1476.0,0.0,35.0,1.0,0.0,1399.0,4206516.0,0.39,0.1
31197.0,203805863.0,3.0,355.96,0.0,1476.0,0.0,35.0,1.0,0.0,1400.0,4206616.0,0.39,0.1
31198.0,203815863.0,3.0,356.04,0.0,1476.0,0.0,35.0,1.0,0.0,1401.0,4206716.0,0.39,0.0
31199.0,203825863.0,3.0,355.96,0.0,1476.0,0.0,35.0,1.0,0.0,1402.0,4206816.0,0.39,0.1
31200.0,203835863.0,3.0,355.87,0.0,1476.0,0.0,35.0,1.0,0.0,1403.0,4206916.0,0.39,0.0
31201.0,203845863.0,3.0,355.96,0.0,1476.0,0.0,35.0,1.0,0.0,1404.0,4207016.0,0.39,0.0
31202.0,203855863.0,3.0,355.96,0.0,1476.0,0.0,35.0,1.0,0.0,1405.0,4207116.0,0.39,0.0
31203.0,203865863.0,3.0,355.96,0.0,1476.0,0.0,35.0,1.0,0.0,1406.0,4207216.0,0.39,-0.0
31204.0,203875863.0,3.0,355.96,0.0,1476.0,0.0,35.0,1.0,0.0,1407.0,4207316.0,0.39,-0.0
31205.0,203885863.0,3.0,355.96,0.0,1476.0,0.0,35.0,1.0,0.0,1408.0,4207416.0,0.39,0.0
31206.0,203895863.0,3.0,355.96,0.0,1476.0,0.0,35.0,1.0,0.0,1409.0,4207516.0,0.39,0.0
31207.0,203905863.0,3.0,355.96,0.0,1476.0,0.0,35.0,1.0,0.0,1410.0,4207616.0,0.39,-0.0
31208.0,203915863.0,3.0,356.04,0.0,1476.0,0.0,35.0,1.0,0.0,1411.0,4207716.0,0.39,0.0
31209.0,203925863.0,3.0,356.04,0.0,1476.0,0.0,35.0,1.0,0.0,1412.0,4207816.0,0.39,0.0
31210.0,203935863.0,3.0,355.96,0.0,1476.0,0.0,35.0,1.0,0.0,1413.0,4207916.0,0.39,-0.0
31211.0,203945863.0,3.0,355.96,0.0,1476.0,0.0,35.0,1.0,0.0,1414.0,4208016.0,0.39,-0.0
31212.0,203955863.0,3.0,355.96,0.0,1476.0,0.0,35.0,1.0,0.0,1415.0,4208116.0,0.39,0.0
31213.0,203965863.0,3.0,356.04,0.0,1476.0,0.0,35.0,1.0,0.0,1416.0,4208216.0,0.39,-0.0
31214.0,203975863.0,3.0,355.96,0.0,1476.0,0.0,35.0,1.0,0.0,1417.0,4208316.0,0.39,0.0
31215.0,203985863.0,3.0,355.96,0.0,1476.0,0.0,35.0,1.0,0.0,1418.0,4208416.0,0.39,-0.0
31216.0,203995863.0,3.0,355.87,0.0,1476.0,0.0,35.0,1.0,0.0,1419.0,4208516.0,0.39,-0.1
31217.0,204005863.0,3.0,355.87,0.0,1476.0,0.0,35.0,1.0,0.0,1420.0,4208616.0,0.39,0.1
31218.0,204015863.0,3.0,355.96,0.0,1476.0,0.0,35.0,1.0,0.0,1421.0,4208716.0,0.39,0.1
31219.0,204025863.0,3.0,355.96,0.0,1476.0,0.0,35.0,1.0,0.0,1422.0,4208816.0,0.39,0.0
31220.0,204035863.0,3.0,355.96,0.0,1476.0,0.0,35.0,1.0,0.0,1423.0,4208916.0,0.39,-0.0
31221.0,204045863.0,3.0,355.96,0.0,1476.0,0.0,35.0,1.0,0.0,1424.0,4209016.0,0.39,-0.0
31222.0,204055863.0,3.0,355.96,0.0,1476.0,0.0,35.0,1.0,0.0,1425.0,4209116.0,0.39,-0.1
31223.0,204065863.0,3.0,355.87,0.0,1476.0,0.0,35.0,1.0,0.0,1426.0,4209216.0,0.39,-0.0
31224.0,204075863.0,3.0,356.04,0.0,1476.0,0.0,35.0,1.0,0.0,1427.0,4209316.0,0.39,0.1
31225.0,204085863.0,3.0,355.96,0.0,1476.0,0.0,35.0,1.0,0.0,1428.0,4209416.0,0.39,-0.1
31226.0,204095863.0,3.0,355.96,0.0,1476.0,0.0,35.0,1.0,0.0,1429.0,4209516.0,0.38,-0.2
31227.0,204105863.0,3.0,356.04,0.0,1476.0,0.0,35.0,1.0,0.0,1430.0,4209616.0,0.38,-0.3
31228.0,204115863.0,3.0,355.87,0.0,1476.0,0.0,35.0,1.0,0.0,1431.0,4209716.0,0.38,0.0
31229.0,204125863.0,3.0,356.04,0.0,1476.0,0.0,35.0,1.0,0.0,1432.0,4209816.0,0.39,0.4
31230.0,204135863.0,3.0,355.96,0.0,1476.0,0.0,35.0,1.0,0.0,1433.0,4209916.0,0.39,0.1
31231.0,204145863.0,3.0,356.04,0.0,1476.0,0.0,35.0,1.0,0.0,1434.0,4210016.0,0.39,-0.1
31232.0,204155863.0,3.0,356.04,0.0,1476.0,0.0,35.0,1.0,0.0,1435.0,4210116.0,0.38,-0.0
31233.0,204165863.0,3.0,355.96,0.0,1476.0,0.0,35.0,1.0,0.0,1436.0,4210216.0,0.38,-0.1
31234.0,204175863.0,3.0,355.96,0.0,1476.0,0.0,35.0,1.0,0.0,1437.0,4210316.0,0.38,-0.1
31235.0,204185863.0,3.0,356.04,0.0,1476.0,0.0,35.0,1.0,0.0,1438.0,4210416.0,0.38,-0.1
31236.0,204195863.0,3.0,355.87,0.0,1476.0,0.0,35.0,1.0,0.0,1439.0,4210516.0,0.38,-0.0
31237.0,204205863.0,3.0,355.96,0.0,1476.0,0.0,35.0,1.0,0.0,1440.0,4210616.0,0.38,0.1
31238.0,204215863.0,3.0,356.04,0.0,1476.0,0.0,35.0,1.0,0.0,1441.0,4210716.0,0.38,0.2
31239.0,204225863.0,3.0,355.96,0.0,1476.0,0.0,35.0,1.0,0.0,1442.0,4210816.0,0.39,0.1
31240.0,204235863.0,3.0,355.96,0.0,1476.0,0.0,35.0,1.0,0.0,1443.0,4210916.0,0.38,-0.1
31241.0,204245863.0,3.0,355.96,0.0,1476.0,0.0,35.0,1.0,0.0,1444.0,4211016.0,0.38,-0.1
31242.0,204255863.0,3.0,355.87,0.0,1476.0,0.0,35.0,1.0,0.0,1445.0,4211116.0,0.38,-0.1
31243.0,204265863.0,3.0,355.96,0.0,1476.0,0.0,35.0,1.0,0.0,1446.0,4211216.0,0.38,-0.1
31244.0,204275863.0,3.0,356.04,0.0,1476.0,0.0,35.0,1.0,0.0,1447.0,4211316.0,0.38,-0.1
31245.0,204285863.0,3.0,355.96,0.0,1476.0,0.0,35.0,1.0,0.0,1448.0,4211416.0,0.38,-0.0
31246.0,204295863.0,3.0,355.96,0.0,1476.0,0.0,35.0,1.0,0.0,1449.0,4211516.0,0.38,0.1
31247.0,204305863.0,3.0,355.96,0.0,1476.0,0.0,35.0,1.0,0.0,1450.0,4211616.0,0.38,0.1
31248.0,204315863.0,3.0,355.87,0.0,1476.0,0.0,35.0,1.0,0.0,1451.0,4211716.0,0.38,0.0
31249.0,204325863.0,3.0,355.87,0.0,1476.0,0.0,35.0,1.0,0.0,1452.0,4211816.0,0.38,0.0
31250.0,204335863.0,3.0,356.04,0.0,1476.0,0.0,35.0,1.0,0.0,1453.0,4211916.0,0.38,-0.1
31251.0,204345863.0,3.0,355.96,0.0,1476.0,0.0,35.0,1.0,0.0,1454.0,4212016.0,0.38,-0.0
31252.0,204355863.0,3.0,356.04,0.0,1476.0,0.0,35.0,1.0,0.0,1455.0,4212116.0,0.38,0.1
31253.0,204365863.0,3.0,355.96,0.0,1476.0,0.0,35.0,1.0,0.0,1456.0,4212216.0,0.38,-0.1
31254.0,204375863.0,3.0,356.04,0.0,1476.0,0.0,35.0,1.0,0.0,1457.0,4212316.0,0.38,-0.2
31255.0,204385863.0,3.0,355.96,0.0,1476.0,0.0,35.0,1.0,0.0,1458.0,4212416.0,0.37,0.0
31256.0,204395863.0,3.0,356.04,0.0,1476.0,0.0,35.0,1.0,0.0,1459.0,4212516.0,0.38,0.2
31257.0,204405863.0,3.0,355.96,0.0,1476.0,0.0,35.0,1.0,0.0,1460.0,4212616.0,0.38,0.1
31258.0,204415863.0,3.0,356.04,0.0,1476.0,0.0,35.0,1.0,0.0,1461.0,4212716.0,0.38,0.3
31259.0,204425863.0,3.0,355.87,0.0,1476.0,0.0,35.0,1.0,0.0,1462.0,4212816.0,0.39,0.2
31260.0,204435863.0,3.0,356.04,0.0,1476.0,0.0,35.0,1.0,0.0,1463.0,4212916.0,0.39,-0.1
31261.0,204445863.0,3.0,355.96,0.0,1476.0,0.0,35.0,1.0,0.0,1464.0,4213016.0,0.38,0.1
31262.0,204455863.0,3.0,355.96,0.0,1476.0,0.0,35.0,1.0,0.0,1465.0,4213116.0,0.39,0.0
31263.0,204465863.0,3.0,356.04,0.0,1476.0,0.0,35.0,1.0,0.0,1466.0,4213216.0,0.38,-0.1
31264.0,204475863.0,3.0,355.96,0.0,1476.0,0.0,35.0,1.0,0.0,1467.0,4213316.0,0.38,-0.1
31265.0,204485863.0,3.0,355.96,0.0,1476.0,0.0,35.0,1.0,0.0,1468.0,4213416.0,0.38,-0.0
31266.0,204495863.0,3.0,355.96,0.0,1476.0,0.0,35.0,1.0,0.0,1469.0,4213516.0,0.38,0.2
31267.0,204505863.0,3.0,356.04,0.0,1476.0,0.0,35.0,1.0,0.0,1470.0,4213616.0,0.39,0.2
31268.0,204515863.0,3.0,355.96,0.0,1476.0,0.0,35.0,1.0,0.0,1471.0,4213716.0,0.39,0.1
31269.0,204525863.0,3.0,356.04,0.0,1476.0,0.0,35.0,1.0,0.0,1472.0,4213816.0,0.39,0.0
31270.0,204535863.0,3.0,356.04,0.0,1476.0,0.0,35.0,1.0,0.0,1473.0,4213916.0,0.39,-0.1
31271.0,204545863.0,3.0,355.96,0.0,1476.0,0.0,35.0,1.0,0.0,1474.0,4214016.0,0.38,-0.2
31272.0,204555863.0,3.0,356.04,0.0,1476.0,0.0,35.0,1.0,0.0,1475.0,4214116.0,0.38,-0.0
31273.0,204565863.0,3.0,356.04,0.0,1476.0,0.0,35.0,1.0,0.0,1476.0,4214216.0,0.38,-0.1
31274.0,204575863.0,3.0,356.04,0.0,1476.0,0.0,35.0,1.0,0.0,1477.0,4214316.0,0.38,-0.0
31275.0,204585863.0,3.0,355.87,0.0,1476.0,0.0,35.0,1.0,0.0,1478.0,4214416.0,0.38,-0.0
31276.0,204595863.0,3.0,355.96,0.0,1476.0,0.0,35.0,1.0,0.0,1479.0,4214516.0,0.38,0.1
31277.0,204605863.0,3.0,355.96,0.0,1476.0,0.0,35.0,1.0,0.0,1480.0,4214616.0,0.38,0.1
31278.0,204615863.0,3.0,355.87,0.0,1476.0,0.0,35.0,1.0,0.0,1481.0,4214716.0,0.39,0.0
31279.0,204625863.0,3.0,355.96,0.0,1476.0,0.0,35.0,1.0,0.0,1482.0,4214816.0,0.38,-0.0
31280.0,204635863.0,3.0,356.04,0.0,1476.0,0.0,35.0,1.0,0.0,1483.0,4214916.0,0.38,-0.1
31281.0,204645863.0,3.0,356.04,0.0,1476.0,0.0,35.0,1.0,0.0,1484.0,4215016.0,0.38,0.0
31282.0,204655863.0,3.0,355.96,0.0,1476.0,0.0,35.0,1.0,0.0,1485.0,4215116.0,0.38,0.1
31283.0,204665863.0,3.0,356.04,0.0,1476.0,0.0,35.0,1.0,0.0,1486.0,4215216.0,0.38,-0.0
31284.0,204675863.0,3.0,355.96,0.0,1476.0,0.0,35.0,1.0,0.0,1487.0,4215316.0,0.38,-0.0
31285.0,204685863.0,3.0,355.96,0.0,1476.0,0.0,35.0,1.0,0.0,1488.0,4215416.0,0.38,0.1
31286.0,204695863.0,3.0,355.87,0.0,1476.0,0.0,35.0,1.0,0.0,1489.0,4215516.0,0.39,0.1
31287.0,204705863.0,3.0,356.04,0.0,1476.0,0.0,35.0,1.0,0.0,1490.0,4215616.0,0.39,0.0
31288.0,204715863.0,3.0,355.96,0.0,1476.0,0.0,35.0,1.0,0.0,1491.0,4215716.0,0.38,-0.0
31289.0,204725863.0,3.0,355.96,0.0,1476.0,0.0,35.0,1.0,0.0,1492.0,4215816.0,0.38,-0.0
31290.0,204735863.0,3.0,355.96,0.0,1476.0,0.0,35.0,1.0,0.0,1493.0,4215916.0,0.38,0.1
31291.0,204745863.0,3.0,356.04,0.0,1476.0,0.0,35.0,1.0,0.0,1494.0,4216016.0,0.39,0.2
31292.0,204755863.0,3.0,355.87,0.0,1476.0,0.0,35.0,1.0,0.0,1495.0,4216116.0,0.39,-0.1
31293.0,204765863.0,3.0,356.04,0.0,1476.0,0.0,35.0,1.0,0.0,1496.0,4216216.0,0.38,0.0
31294.0,204775863.0,3.0,355.96,0.0,1476.0,0.0,35.0,1.0,0.0,1497.0,4216316.0,0.39,0.3
31295.0,204785863.0,3.0,355.96,0.0,1476.0,0.0,35.0,1.0,0.0,1498.0,4216416.0,0.39,0.0
31296.0,204795863.0,3.0,355.96,0.0,1476.0,0.0,35.0,1.0,0.0,1499.0,4216516.0,0.39,-0.2
31297.0,204805863.0,3.0,355.96,0.0,1476.0,0.0,35.0,1.0,0.0,1500.0,4216616.0,0.38,-0.1
31298.0,204815863.0,3.0,355.96,0.0,1476.0,0.0,35.0,1.0,0.0,1501.0,4216716.0,0.38,-0.1
31299.0,204825863.0,3.0,356.04,0.0,1476.0,0.0,35.0,1.0,0.0,1502.0,4216816.0,0.38,-0.1
31300.0,204835863.0,3.0,355.96,0.0,1476.0,0.0,35.0,1.0,0.0,1503.0,4216916.0,0.38,0.1
31301.0,204845863.0,3.0,355.96,0.0,1476.0,0.0,35.0,1.0,0.0,1504.0,4217016.0,0.39,0.2
31302.0,204855863.0,3.0,355.87,0.0,1476.0,0.0,35.0,1.0,0.0,1505.0,4217116.0,0.39,0.2
31303.0,204865863.0,3.0,355.96,0.0,1476.0,0.0,35.0,1.0,0.0,1506.0,4217216.0,0.39,0.0
31304.0,204875863.0,3.0,355.96,0.0,1476.0,0.0,35.0,1.0,0.0,1507.0,4217316.0,0.39,-0.0
31305.0,204885863.0,3.0,356.04,0.0,1476.0,0.0,35.0,1.0,0.0,1508.0,4217416.0,0.39,-0.0
31306.0,204895863.0,3.0,355.96,0.0,1476.0,0.0,35.0,1.0,0.0,1509.0,4217516.0,0.38,-0.1
31307.0,204905863.0,3.0,356.04,0.0,1476.0,0.0,35.0,1.0,0.0,1510.0,4217616.0,0.38,-0.2
31308.0,204915863.0,3.0,356.04,0.0,1476.0,0.0,35.0,1.0,0.0,1511.0,4217716.0,0.38,-0.1
31309.0,204925863.0,3.0,355.96,0.0,1476.0,0.0,35.0,1.0,0.0,1512.0,4217816.0,0.38,0.1
31310.0,204935863.0,3.0,355.96,0.0,1476.0,0.0,35.0,1.0,0.0,1513.0,4217916.0,0.39,0.2
31311.0,204945863.0,3.0,355.96,0.0,1476.0,0.0,35.0,1.0,0.0,1514.0,4218016.0,0.39,0.3
31312.0,204955863.0,3.0,355.96,0.0,1476.0,0.0,35.0,1.0,0.0,1515.0,4218116.0,0.39,-0.0
31313.0,204965863.0,3.0,355.87,0.0,1476.0,0.0,35.0,1.0,0.0,1516.0,4218216.0,0.39,-0.2
31314.0,204975863.0,3.0,355.87,0.0,1476.0,0.0,35.0,1.0,0.0,1517.0,4218316.0,0.38,-0.0
31315.0,204985863.0,3.0,356.04,0.0,1476.0,0.0,35.0,1.0,0.0,1518.0,4218416.0,0.39,-0.0
31316.0,204995863.0,3.0,355.96,0.0,1476.0,0.0,35.0,1.0,0.0,1519.0,4218516.0,0.38,-0.1
31317.0,205005863.0,3.0,356.04,0.0,1476.0,0.0,35.0,1.0,0.0,1520.0,4218616.0,0.38,-0.1
31318.0,205015863.0,3.0,356.04,0.0,1476.0,0.0,35.0,1.0,0.0,1521.0,4218716.0,0.38,-0.0
31319.0,205025863.0,3.0,355.96,0.0,1476.0,0.0,35.0,1.0,0.0,1522.0,4218816.0,0.38,-0.1
31320.0,205035863.0,3.0,355.96,0.0,1476.0,0.0,35.0,1.0,0.0,1523.0,4218916.0,0.38,0.0
31321.0,205045863.0,3.0,355.96,0.0,1476.0,0.0,35.0,1.0,0.0,1524.0,4219016.0,0.39,0.2
31322.0,205055863.0,3.0,355.96,0.0,1476.0,0.0,35.0,1.0,0.0,1525.0,4219116.0,0.39,0.2
31323.0,205065863.0,3.0,355.96,0.0,1476.0,0.0,35.0,1.0,0.0,1526.0,4219216.0,0.39,0.1
31324.0,205075863.0,3.0,355.96,0.0,1476.0,0.0,35.0,1.0,0.0,1527.0,4219316.0,0.39,0.0
31325.0,205085863.0,3.0,355.96,0.0,1476.0,0.0,35.0,1.0,0.0,1528.0,4219416.0,0.39,-0.1
31326.0,205095863.0,3.0,356.04,0.0,1476.0,0.0,35.0,1.0,0.0,1529.0,4219516.0,0.38,-0.1
31327.0,205105863.0,3.0,355.96,0.0,1476.0,0.0,35.0,1.0,0.0,1530.0,4219616.0,0.38,-0.1
31328.0,205115863.0,3.0,356.04,0.0,1476.0,0.0,35.0,1.0,0.0,1531.0,4219716.0,0.38,0.0
31329.0,205125863.0,3.0,355.87,0.0,1476.0,0.0,35.0,1.0,0.0,1532.0,4219816.0,0.38,0.1
31330.0,205135863.0,3.0,355.96,0.0,1476.0,0.0,35.0,1.0,0.0,1533.0,4219916.0,0.39,-0.0
31331.0,205145863.0,3.0,356.04,0.0,1476.0,0.0,35.0,1.0,0.0,1534.0,4220016.0,0.39,0.1
31332.0,205155863.0,3.0,355.96,0.0,1476.0,0.0,35.0,1.0,0.0,1535.0,4220116.0,0.39,0.2
31333.0,205165863.0,3.0,355.96,0.0,1476.0,0.0,35.0,1.0,0.0,1536.0,4220216.0,0.39,0.2
31334.0,205175863.0,3.0,355.96,0.0,1476.0,0.0,35.0,1.0,0.0,1537.0,4220316.0,0.39,0.0
31335.0,205185863.0,3.0,356.04,0.0,1476.0,0.0,35.0,1.0,0.0,1538.0,4220416.0,0.39,-0.1
31336.0,205195863.0,3.0,356.04,0.0,1476.0,0.0,35.0,1.0,0.0,1539.0,4220516.0,0.39,-0.1
31337.0,205205863.0,3.0,355.96,0.0,1476.0,0.0,35.0,1.0,0.0,1540.0,4220616.0,0.39,-0.1
31338.0,205215863.0,3.0,355.96,0.0,1476.0,0.0,35.0,1.0,0.0,1541.0,4220716.0,0.38,-0.1
31339.0,205225863.0,3.0,355.96,0.0,1476.0,0.0,35.0,1.0,0.0,1542.0,4220816.0,0.38,-0.1
31340.0,205235863.0,3.0,355.96,0.0,1476.0,0.0,35.0,1.0,0.0,1543.0,4220916.0,0.38,0.0
31341.0,205245863.0,3.0,356.04,0.0,1476.0,0.0,35.0,1.0,0.0,1544.0,4221016.0,0.39,0.2
31342.0,205255863.0,3.0,355.96,0.0,1476.0,0.0,35.0,1.0,0.0,1545.0,4221116.0,0.39,0.2
31343.0,205265863.0,3.0,355.96,0.0,1476.0,0.0,35.0,1.0,0.0,1546.0,4221216.0,0.39,0.1
31344.0,205275863.0,3.0,355.87,0.0,1476.0,0.0,35.0,1.0,0.0,1547.0,4221316.0,0.39,0.1
31345.0,205285863.0,3.0,356.04,0.0,1476.0,0.0,35.0,1.0,0.0,1548.0,4221416.0,0.39,0.2
31346.0,205295863.0,3.0,355.96,0.0,1476.0,0.0,35.0,1.0,0.0,1549.0,4221516.0,0.39,0.0
31347.0,205305863.0,3.0,355.87,0.0,1476.0,0.0,35.0,1.0,0.0,1550.0,4221616.0,0.39,-0.1
31348.0,205315863.0,3.0,355.96,0.0,1476.0,0.0,35.0,1.0,0.0,1551.0,4221716.0,0.39,-0.1
31349.0,205325863.0,3.0,355.96,0.0,1476.0,0.0,35.0,1.0,0.0,1552.0,4221816.0,0.39,-0.2
31350.0,205335863.0,3.0,355.87,0.0,1476.0,0.0,35.0,1.0,0.0,1553.0,4221916.0,0.38,-0.2
31351.0,205345863.0,3.0,355.96,0.0,1476.0,0.0,35.0,1.0,0.0,1554.0,4222016.0,0.38,-0.2
31352.0,205355863.0,3.0,356.04,0.0,1476.0,0.0,35.0,1.0,0.0,1555.0,4222116.0,0.38,-0.0
31353.0,205365863.0,3.0,355.87,0.0,1476.0,0.0,35.0,1.0,0.0,1556.0,4222216.0,0.39,0.3
31354.0,205375863.0,3.0,355.96,0.0,1476.0,0.0,35.0,1.0,0.0,1557.0,4222316.0,0.4,0.5
31355.0,205385863.0,3.0,355.96,0.0,1476.0,0.0,35.0,1.0,0.0,1558.0,4222416.0,0.4,0.5
31356.0,205395863.0,3.0,355.96,0.0,1476.0,0.0,35.0,1.0,0.0,1559.0,4222516.0,0.4,0.3
31357.0,205405863.0,3.0,355.96,0.0,1476.0,0.0,35.0,1.0,0.0,1560.0,4222616.0,0.4,-0.1
31358.0,205415863.0,3.0,356.04,0.0,1476.0,0.0,35.0,1.0,0.0,1561.0,4222716.0,0.4,-0.2
31359.0,205425863.0,3.0,356.04,0.0,1476.0,0.0,35.0,1.0,0.0,1562.0,4222816.0,0.39,-0.2
31360.0,205435863.0,3.0,355.96,0.0,1476.0,0.0,35.0,1.0,0.0,1563.0,4222916.0,0.39,-0.3
31361.0,205445863.0,3.0,355.96,0.0,1476.0,0.0,35.0,1.0,0.0,1564.0,4223016.0,0.39,-0.1
31362.0,205455863.0,3.0,355.96,0.0,1476.0,0.0,35.0,1.0,0.0,1565.0,4223116.0,0.39,0.1
31363.0,205465863.0,3.0,355.96,0.0,1476.0,0.0,35.0,1.0,0.0,1566.0,4223216.0,0.39,0.2
31364.0,205475863.0,3.0,356.04,0.0,1476.0,0.0,35.0,1.0,0.0,1567.0,4223316.0,0.4,0.2
31365.0,205485863.0,3.0,355.96,0.0,1476.0,0.0,35.0,1.0,0.0,1568.0,4223416.0,0.4,0.2
31366.0,205495863.0,3.0,356.04,0.0,1476.0,0.0,35.0,1.0,0.0,1569.0,4223516.0,0.4,0.0
31367.0,205505863.0,3.0,355.96,0.0,1476.0,0.0,35.0,1.0,0.0,1570.0,4223616.0,0.4,-0.2
31368.0,205515863.0,3.0,355.96,0.0,1476.0,0.0,35.0,1.0,0.0,1571.0,4223716.0,0.39,-0.0
31369.0,205525863.0,3.0,355.96,0.0,1476.0,0.0,35.0,1.0,0.0,1572.0,4223816.0,0.39,-0.0
31370.0,205535863.0,3.0,355.96,0.0,1476.0,0.0,35.0,1.0,0.0,1573.0,4223916.0,0.39,-0.2
31371.0,205545863.0,3.0,355.96,0.0,1476.0,0.0,35.0,1.0,0.0,1574.0,4224016.0,0.39,-0.2
31372.0,205555863.0,3.0,356.04,0.0,1476.0,0.0,35.0,1.0,0.0,1575.0,4224116.0,0.39,0.1
31373.0,205565863.0,3.0,356.04,0.0,1476.0,0.0,35.0,1.0,0.0,1576.0,4224216.0,0.39,0.2
31374.0,205575863.0,3.0,355.96,0.0,1476.0,0.0,35.0,1.0,0.0,1577.0,4224316.0,0.39,-0.0
31375.0,205585863.0,3.0,356.04,0.0,1476.0,0.0,35.0,1.0,0.0,1578.0,4224416.0,0.39,0.1
31376.0,205595863.0,3.0,356.04,0.0,1476.0,0.0,35.0,1.0,0.0,1579.0,4224516.0,0.4,0.2
31377.0,205605863.0,3.0,355.96,0.0,1476.0,0.0,35.0,1.0,0.0,1580.0,4224616.0,0.4,0.1
31378.0,205615863.0,3.0,355.96,0.0,1476.0,0.0,35.0,1.0,0.0,1581.0,4224716.0,0.39,-0.1
31379.0,205625863.0,3.0,355.96,0.0,1476.0,0.0,35.0,1.0,0.0,1582.0,4224816.0,0.39,-0.1
31380.0,205635863.0,3.0,355.96,0.0,1476.0,0.0,35.0,1.0,0.0,1583.0,4224916.0,0.39,0.1
31381.0,205645863.0,3.0,355.96,0.0,1476.0,0.0,35.0,1.0,0.0,1584.0,4225016.0,0.4,0.1
31382.0,205655863.0,3.0,355.96,0.0,1476.0,0.0,35.0,1.0,0.0,1585.0,4225116.0,0.4,0.0
31383.0,205665863.0,3.0,355.96,0.0,1476.0,0.0,35.0,1.0,0.0,1586.0,4225216.0,0.4,0.1
31384.0,205675863.0,3.0,356.04,0.0,1476.0,0.0,35.0,1.0,0.0,1587.0,4225316.0,0.4,-0.0
31385.0,205685863.0,3.0,355.96,0.0,1476.0,0.0,35.0,1.0,0.0,1588.0,4225416.0,0.39,-0.1
31386.0,205695863.0,3.0,355.96,0.0,1476.0,0.0,35.0,1.0,0.0,1589.0,4225516.0,0.39,-0.1
31387.0,205705863.0,3.0,355.96,0.0,1476.0,0.0,35.0,1.0,0.0,1590.0,4225616.0,0.39,-0.0
31388.0,205715863.0,3.0,355.96,0.0,1476.0,0.0,35.0,1.0,0.0,1591.0,4225716.0,0.39,0.1
31389.0,205725863.0,3.0,355.96,0.0,1476.0,0.0,35.0,1.0,0.0,1592.0,4225816.0,0.4,0.1
31390.0,205735863.0,3.0,355.96,0.0,1476.0,0.0,35.0,1.0,0.0,1593.0,4225916.0,0.4,0.1
31391.0,205745863.0,3.0,355.87,0.0,1476.0,0.0,35.0,1.0,0.0,1594.0,4226016.0,0.4,0.1
31392.0,205755863.0,3.0,356.04,0.0,1476.0,0.0,35.0,1.0,0.0,1595.0,4226116.0,0.4,-0.1
31393.0,205765863.0,3.0,356.13,0.0,1476.0,0.0,35.0,1.0,0.0,1596.0,4226216.0,0.39,-0.0
31394.0,205775863.0,3.0,355.96,0.0,1476.0,0.0,35.0,1.0,0.0,1597.0,4226316.0,0.39,-0.2
31395.0,205785863.0,3.0,355.87,0.0,1476.0,0.0,35.0,1.0,0.0,1598.0,4226416.0,0.39,-0.1
31396.0,205795863.0,3.0,356.04,0.0,1476.0,0.0,35.0,1.0,0.0,1599.0,4226516.0,0.4,0.4
31397.0,205805863.0,3.0,355.96,0.0,1476.0,0.0,35.0,1.0,0.0,1600.0,4226616.0,0.4,-0.4
31398.0,205815863.0,3.0,355.96,0.0,1476.0,0.0,35.0,1.0,0.0,1601.0,4226716.0,0.38,-0.4
31399.0,205825863.0,3.0,356.04,0.0,1476.0,0.0,35.0,1.0,0.0,1602.0,4226816.0,0.39,0.8
31400.0,205835863.0,3.0,356.04,0.0,1476.0,0.0,35.0,1.0,0.0,1603.0,4226916.0,0.41,0.3
31401.0,205845863.0,3.0,355.96,0.0,1476.0,0.0,35.0,1.0,0.0,1604.0,4227016.0,0.4,-0.6
31402.0,205855863.0,3.0,355.96,0.0,1476.0,0.0,35.0,1.0,0.0,1605.0,4227116.0,0.39,0.1
31403.0,205865863.0,3.0,355.96,0.0,1476.0,0.0,35.0,1.0,0.0,1606.0,4227216.0,0.4,0.3
31404.0,205875863.0,3.0,356.04,0.0,1476.0,0.0,35.0,1.0,0.0,1607.0,4227316.0,0.4,-0.1
31405.0,205885863.0,3.0,356.04,0.0,1476.0,0.0,35.0,1.0,0.0,1608.0,4227416.0,0.39,-0.1
31406.0,205895863.0,3.0,355.96,0.0,1476.0,0.0,35.0,1.0,0.0,1609.0,4227516.0,0.39,0.1
31407.0,205905863.0,3.0,355.96,0.0,1476.0,0.0,35.0,1.0,0.0,1610.0,4227616.0,0.39,-0.0
31408.0,205915863.0,3.0,355.96,0.0,1476.0,0.0,35.0,1.0,0.0,1611.0,4227716.0,0.39,-0.1
31409.0,205925863.0,3.0,356.04,0.0,1476.0,0.0,35.0,1.0,0.0,1612.0,4227816.0,0.39,0.1
31410.0,205935863.0,3.0,356.04,0.0,1476.0,0.0,35.0,1.0,0.0,1613.0,4227916.0,0.4,0.1
31411.0,205945863.0,3.0,355.96,0.0,1476.0,0.0,35.0,1.0,0.0,1614.0,4228016.0,0.4,-0.1
31412.0,205955863.0,3.0,355.96,0.0,1476.0,0.0,35.0,1.0,0.0,1615.0,4228116.0,0.39,-0.0
31413.0,205965863.0,3.0,356.04,0.0,1476.0,0.0,35.0,1.0,0.0,1616.0,4228216.0,0.39,-0.1
31414.0,205975863.0,3.0,355.96,0.0,1476.0,0.0,35.0,1.0,0.0,1617.0,4228316.0,0.39,-0.1
31415.0,205985863.0,3.0,355.87,0.0,1476.0,0.0,35.0,1.0,0.0,1618.0,4228416.0,0.39,-0.1
31416.0,205995863.0,3.0,356.04,0.0,1476.0,0.0,35.0,1.0,0.0,1619.0,4228516.0,0.39,0.1
31417.0,206005863.0,3.0,356.04,0.0,1476.0,0.0,35.0,1.0,0.0,1620.0,4228616.0,0.39,0.1
31418.0,206015863.0,3.0,356.04,0.0,1476.0,0.0,35.0,1.0,0.0,1621.0,4228716.0,0.4,0.0
31419.0,206025863.0,3.0,355.96,0.0,1476.0,0.0,35.0,1.0,0.0,1622.0,4228816.0,0.39,-0.0
31420.0,206035863.0,3.0,355.96,0.0,1476.0,0.0,35.0,1.0,0.0,1623.0,4228916.0,0.39,0.0
31421.0,206045863.0,3.0,355.96,0.0,1476.0,0.0,35.0,1.0,0.0,1624.0,4229016.0,0.39,0.0
31422.0,206055863.0,3.0,355.87,0.0,1476.0,0.0,35.0,1.0,0.0,1625.0,4229116.0,0.39,-0.1
31423.0,206065863.0,3.0,356.04,0.0,1476.0,0.0,35.0,1.0,0.0,1626.0,4229216.0,0.39,-0.1
31424.0,206075863.0,3.0,355.96,0.0,1476.0,0.0,35.0,1.0,0.0,1627.0,4229316.0,0.39,-0.0
31425.0,206085863.0,3.0,356.04,0.0,1476.0,0.0,35.0,1.0,0.0,1628.0,4229416.0,0.39,0.0
31426.0,206095863.0,3.0,356.04,0.0,1476.0,0.0,35.0,1.0,0.0,1629.0,4229516.0,0.39,0.0
31427.0,206105863.0,3.0,355.87,0.0,1476.0,0.0,35.0,1.0,0.0,1630.0,4229616.0,0.39,0.1
31428.0,206115863.0,3.0,356.04,0.0,1476.0,0.0,35.0,1.0,0.0,1631.0,4229716.0,0.39,0.1
31429.0,206125863.0,3.0,356.04,0.0,1476.0,0.0,35.0,1.0,0.0,1632.0,4229816.0,0.4,0.0
31430.0,206135863.0,3.0,355.96,0.0,1476.0,0.0,35.0,1.0,0.0,1633.0,4229916.0,0.39,0.0
31431.0,206145863.0,3.0,355.96,0.0,1476.0,0.0,35.0,1.0,0.0,1634.0,4230016.0,0.39,-0.0
31432.0,206155863.0,3.0,355.96,0.0,1476.0,0.0,35.0,1.0,0.0,1635.0,4230116.0,0.39,-0.0
31433.0,206165863.0,3.0,355.96,0.0,1476.0,0.0,35.0,1.0,0.0,1636.0,4230216.0,0.39,-0.0
31434.0,206175863.0,3.0,356.04,0.0,1476.0,0.0,35.0,1.0,0.0,1637.0,4230316.0,0.39,-0.0
31435.0,206185863.0,3.0,355.96,0.0,1476.0,0.0,35.0,1.0,0.0,1638.0,4230416.0,0.39,0.0
31436.0,206195863.0,3.0,355.96,0.0,1476.0,0.0,35.0,1.0,0.0,1639.0,4230516.0,0.39,-0.0
31437.0,206205863.0,3.0,355.96,0.0,1476.0,0.0,35.0,1.0,0.0,1640.0,4230616.0,0.39,0.1
31438.0,206215863.0,3.0,356.04,0.0,1476.0,0.0,35.0,1.0,0.0,1641.0,4230716.0,0.4,0.1
31439.0,206225863.0,3.0,355.96,0.0,1476.0,0.0,35.0,1.0,0.0,1642.0,4230816.0,0.4,0.0
31440.0,206235863.0,3.0,356.04,0.0,1476.0,0.0,35.0,1.0,0.0,1643.0,4230916.0,0.4,0.0
31441.0,206245863.0,3.0,355.96,0.0,1476.0,0.0,35.0,1.0,0.0,1644.0,4231016.0,0.4,-0.0
31442.0,206255863.0,3.0,355.96,0.0,1476.0,0.0,35.0,1.0,0.0,1645.0,4231116.0,0.4,0.0
31443.0,206265863.0,3.0,355.96,0.0,1476.0,0.0,35.0,1.0,0.0,1646.0,4231216.0,0.4,-0.0
31444.0,206275863.0,3.0,356.04,0.0,1476.0,0.0,35.0,1.0,0.0,1647.0,4231316.0,0.4,0.0
31445.0,206285863.0,3.0,355.96,0.0,1476.0,0.0,35.0,1.0,0.0,1648.0,4231416.0,0.4,0.0
31446.0,206295863.0,3.0,355.96,0.0,1476.0,0.0,35.0,1.0,0.0,1649.0,4231516.0,0.4,0.0
31447.0,206305863.0,3.0,355.96,0.0,1476.0,0.0,35.0,1.0,0.0,1650.0,4231616.0,0.39,0.0
31448.0,206315863.0,3.0,355.96,0.0,1476.0,0.0,35.0,1.0,0.0,1651.0,4231716.0,0.39,-0.0
31449.0,206325863.0,3.0,355.96,0.0,1476.0,0.0,35.0,1.0,0.0,1652.0,4231816.0,0.39,0.0
31450.0,206335863.0,3.0,356.04,0.0,1476.0,0.0,35.0,1.0,0.0,1653.0,4231916.0,0.39,-0.0
31451.0,206345863.0,3.0,356.04,0.0,1476.0,0.0,35.0,1.0,0.0,1654.0,4232016.0,0.39,-0.0
31452.0,206355863.0,3.0,355.96,0.0,1476.0,0.0,35.0,1.0,0.0,1655.0,4232116.0,0.39,0.0
31453.0,206365863.0,3.0,355.96,0.0,1476.0,0.0,35.0,1.0,0.0,1656.0,4232216.0,0.4,0.0
31454.0,206375863.0,3.0,355.96,0.0,1476.0,0.0,35.0,1.0,0.0,1657.0,4232316.0,0.4,0.0
31455.0,206385863.0,3.0,355.87,0.0,1476.0,0.0,35.0,1.0,0.0,1658.0,4232416.0,0.4,-0.0
31456.0,206395863.0,3.0,356.04,0.0,1476.0,0.0,35.0,1.0,0.0,1659.0,4232516.0,0.39,0.0
31457.0,206405863.0,3.0,356.04,0.0,1476.0,0.0,35.0,1.0,0.0,1660.0,4232616.0,0.39,-0.0
31458.0,206415863.0,3.0,355.96,0.0,1476.0,0.0,35.0,1.0,0.0,1661.0,4232716.0,0.39,0.0
31459.0,206425863.0,3.0,356.04,0.0,1476.0,0.0,35.0,1.0,0.0,1662.0,4232816.0,0.39,0.0
31460.0,206435863.0,3.0,356.04,0.0,1476.0,0.0,35.0,1.0,0.0,1663.0,4232916.0,0.39,0.0
31461.0,206445863.0,3.0,355.96,0.0,1476.0,0.0,35.0,1.0,0.0,1664.0,4233016.0,0.4,0.0
31462.0,206455863.0,3.0,356.04,0.0,1476.0,0.0,35.0,1.0,0.0,1665.0,4233116.0,0.4,0.0
31463.0,206465863.0,3.0,355.87,0.0,1476.0,0.0,35.0,1.0,0.0,1666.0,4233216.0,0.4,0.0
31464.0,206475863.0,3.0,355.96,0.0,1476.0,0.0,35.0,1.0,0.0,1667.0,4233316.0,0.4,0.0
31465.0,206485863.0,3.0,355.96,0.0,1476.0,0.0,35.0,1.0,0.0,1668.0,4233416.0,0.4,0.0
31466.0,206495863.0,3.0,355.96,0.0,1476.0,0.0,35.0,1.0,0.0,1669.0,4233516.0,0.4,-0.0
31467.0,206505863.0,3.0,356.04,0.0,1476.0,0.0,35.0,1.0,0.0,1670.0,4233616.0,0.39,-0.0
31468.0,206515863.0,3.0,355.96,0.0,1476.0,0.0,35.0,1.0,0.0,1671.0,4233716.0,0.39,0.0
31469.0,206525863.0,3.0,356.04,0.0,1476.0,0.0,35.0,1.0,0.0,1672.0,4233816.0,0.39,-0.0
31470.0,206535863.0,3.0,355.96,0.0,1476.0,0.0,35.0,1.0,0.0,1673.0,4233916.0,0.39,0.0
31471.0,206545863.0,3.0,355.96,0.0,1476.0,0.0,35.0,1.0,0.0,1674.0,4234016.0,0.4,0.0
31472.0,206555863.0,3.0,355.96,0.0,1476.0,0.0,35.0,1.0,0.0,1675.0,4234116.0,0.4,0.0
31473.0,206565863.0,3.0,356.04,0.0,1476.0,0.0,35.0,1.0,0.0,1676.0,4234216.0,0.4,-0.0
31474.0,206575863.0,3.0,355.87,0.0,1476.0,0.0,35.0,1.0,0.0,1677.0,4234316.0,0.39,-0.0
31475.0,206585863.0,3.0,355.96,0.0,1476.0,0.0,35.0,1.0,0.0,1678.0,4234416.0,0.39,-0.0
31476.0,206595863.0,3.0,355.96,0.0,1476.0,0.0,35.0,1.0,0.0,1679.0,4234516.0,0.39,-0.0
31477.0,206605863.0,3.0,356.04,0.0,1476.0,0.0,35.0,1.0,0.0,1680.0,4234616.0,0.39,0.0
31478.0,206615863.0,3.0,355.96,0.0,1476.0,0.0,35.0,1.0,0.0,1681.0,4234716.0,0.39,0.0
31479.0,206625863.0,3.0,355.96,0.0,1476.0,0.0,35.0,1.0,0.0,1682.0,4234816.0,0.39,0.0
31480.0,206635863.0,3.0,355.96,0.0,1476.0,0.0,35.0,1.0,0.0,1683.0,4234916.0,0.39,0.0
31481.0,206645863.0,3.0,355.96,0.0,1476.0,0.0,35.0,1.0,0.0,1684.0,4235016.0,0.39,0.0
31482.0,206655863.0,3.0,356.04,0.0,1476.0,0.0,35.0,1.0,0.0,1685.0,4235116.0,0.4,0.0
31483.0,206665863.0,3.0,356.04,0.0,1476.0,0.0,35.0,1.0,0.0,1686.0,4235216.0,0.4,0.0
31484.0,206675863.0,3.0,355.96,0.0,1476.0,0.0,35.0,1.0,0.0,1687.0,4235316.0,0.39,-0.0
31485.0,206685863.0,3.0,355.96,0.0,1476.0,0.0,35.0,1.0,0.0,1688.0,4235416.0,0.39,-0.0
31486.0,206695863.0,3.0,355.96,0.0,1476.0,0.0,35.0,1.0,0.0,1689.0,4235516.0,0.39,0.0
31487.0,206705863.0,3.0,355.87,0.0,1476.0,0.0,35.0,1.0,0.0,1690.0,4235616.0,0.39,0.0
31488.0,206715863.0,3.0,355.96,0.0,1476.0,0.0,35.0,1.0,0.0,1691.0,4235716.0,0.4,0.0
31489.0,206725863.0,3.0,355.96,0.0,1476.0,0.0,35.0,1.0,0.0,1692.0,4235816.0,0.39,-0.0
31490.0,206735863.0,3.0,355.96,0.0,1476.0,0.0,35.0,1.0,0.0,1693.0,4235916.0,0.39,0.0
31491.0,206745863.0,3.0,355.96,0.0,1476.0,0.0,35.0,1.0,0.0,1694.0,4236016.0,0.39,-0.0
31492.0,206755863.0,3.0,356.04,0.0,1476.0,0.0,35.0,1.0,0.0,1695.0,4236116.0,0.39,0.0
31493.0,206765863.0,3.0,355.87,0.0,1476.0,0.0,35.0,1.0,0.0,1696.0,4236216.0,0.39,-0.0
31494.0,206775863.0,3.0,355.96,0.0,1476.0,0.0,35.0,1.0,0.0,1697.0,4236316.0,0.39,-0.0
31495.0,206785863.0,3.0,355.87,0.0,1476.0,0.0,35.0,1.0,0.0,1698.0,4236416.0,0.39,0.0
31496.0,206795863.0,3.0,356.04,0.0,1476.0,0.0,35.0,1.0,0.0,1699.0,4236516.0,0.39,-0.0
31497.0,206805863.0,3.0,356.04,0.0,1476.0,0.0,35.0,1.0,0.0,1700.0,4236616.0,0.39,0.0
31498.0,206815863.0,3.0,355.96,0.0,1476.0,0.0,35.0,1.0,0.0,1701.0,4236716.0,0.39,0.0
31499.0,206825863.0,3.0,355.96,0.0,1476.0,0.0,35.0,1.0,0.0,1702.0,4236816.0,0.39,0.0
31500.0,206835863.0,3.0,356.13,0.0,1476.0,0.0,35.0,1.0,0.0,1703.0,4236916.0,0.39,0.0
31501.0,206845863.0,3.0,355.96,0.0,1476.0,0.0,35.0,1.0,0.0,1704.0,4237016.0,0.39,0.0
31502.0,206855863.0,3.0,356.04,0.0,1476.0,0.0,35.0,1.0,0.0,1705.0,4237116.0,0.39,-0.0
31503.0,206865863.0,3.0,355.87,0.0,1476.0,0.0,35.0,1.0,0.0,1706.0,4237216.0,0.39,-0.0
31504.0,206875863.0,3.0,355.87,0.0,1476.0,0.0,35.0,1.0,0.0,1707.0,4237316.0,0.39,0.0
31505.0,206885863.0,3.0,355.96,0.0,1476.0,0.0,35.0,1.0,0.0,1708.0,4237416.0,0.39,0.0
31506.0,206895863.0,3.0,355.87,0.0,1476.0,0.0,35.0,1.0,0.0,1709.0,4237516.0,0.39,-0.0
31507.0,206905863.0,3.0,356.04,0.0,1476.0,0.0,35.0,1.0,0.0,1710.0,4237616.0,0.39,-0.0
31508.0,206915863.0,3.0,355.96,0.0,1476.0,0.0,35.0,1.0,0.0,1711.0,4237716.0,0.39,0.0
31509.0,206925863.0,3.0,356.04,0.0,1476.0,0.0,35.0,1.0,0.0,1712.0,4237816.0,0.39,0.1
31510.0,206935863.0,3.0,356.04,0.0,1476.0,0.0,35.0,1.0,0.0,1713.0,4237916.0,0.39,0.0
31511.0,206945863.0,3.0,356.04,0.0,1476.0,0.0,35.0,1.0,0.0,1714.0,4238016.0,0.39,0.0
31512.0,206955863.0,3.0,356.04,0.0,1476.0,0.0,35.0,1.0,0.0,1715.0,4238116.0,0.39,0.0
31513.0,206965863.0,3.0,355.96,0.0,1476.0,0.0,35.0,1.0,0.0,1716.0,4238216.0,0.39,-0.0
31514.0,206975863.0,3.0,356.04,0.0,1476.0,0.0,35.0,1.0,0.0,1717.0,4238316.0,0.39,-0.0
31515.0,206985863.0,3.0,355.96,0.0,1476.0,0.0,35.0,1.0,0.0,1718.0,4238416.0,0.39,-0.0
31516.0,206995863.0,3.0,355.96,0.0,1476.0,0.0,35.0,1.0,0.0,1719.0,4238516.0,0.39,0.0
31517.0,207005863.0,3.0,355.96,0.0,1476.0,0.0,35.0,1.0,0.0,1720.0,4238616.0,0.39,0.0
31518.0,207015863.0,3.0,355.96,0.0,1476.0,0.0,35.0,1.0,0.0,1721.0,4238716.0,0.39,0.0
31519.0,207025863.0,3.0,355.96,0.0,1476.0,0.0,35.0,1.0,0.0,1722.0,4238816.0,0.39,-0.0
31520.0,207035863.0,3.0,355.96,0.0,1476.0,0.0,35.0,1.0,0.0,1723.0,4238916.0,0.39,0.0
31521.0,207045863.0,3.0,355.87,0.0,1476.0,0.0,35.0,1.0,0.0,1724.0,4239016.0,0.39,0.0
31522.0,207055863.0,3.0,356.04,0.0,1476.0,0.0,35.0,1.0,0.0,1725.0,4239116.0,0.4,0.0
31523.0,207065863.0,3.0,355.96,0.0,1476.0,0.0,35.0,1.0,0.0,1726.0,4239216.0,0.39,0.0
31524.0,207075863.0,3.0,355.96,0.0,1476.0,0.0,35.0,1.0,0.0,1727.0,4239316.0,0.4,0.0
31525.0,207085863.0,3.0,355.96,0.0,1476.0,0.0,35.0,1.0,0.0,1728.0,4239416.0,0.39,-0.0
31526.0,207095863.0,3.0,356.04,0.0,1476.0,0.0,35.0,1.0,0.0,1729.0,4239516.0,0.39,-0.0
31527.0,207105863.0,3.0,355.96,0.0,1476.0,0.0,35.0,1.0,0.0,1730.0,4239616.0,0.39,0.0
31528.0,207115863.0,3.0,355.96,0.0,1476.0,0.0,35.0,1.0,0.0,1731.0,4239716.0,0.39,-0.0
31529.0,207125863.0,3.0,355.96,0.0,1476.0,0.0,35.0,1.0,0.0,1732.0,4239816.0,0.39,-0.0
31530.0,207135863.0,3.0,355.96,0.0,1476.0,0.0,35.0,1.0,0.0,1733.0,4239916.0,0.39,-0.0
31531.0,207145863.0,3.0,355.96,0.0,1476.0,0.0,35.0,1.0,0.0,1734.0,4240016.0,0.39,0.1
31532.0,207155863.0,3.0,355.96,0.0,1476.0,0.0,35.0,1.0,0.0,1735.0,4240116.0,0.39,0.0
31533.0,207165863.0,3.0,355.87,0.0,1476.0,0.0,35.0,1.0,0.0,1736.0,4240216.0,0.39,-0.0
31534.0,207175863.0,3.0,355.96,0.0,1476.0,0.0,35.0,1.0,0.0,1737.0,4240316.0,0.39,0.0
31535.0,207185863.0,3.0,356.04,0.0,1476.0,0.0,35.0,1.0,0.0,1738.0,4240416.0,0.39,-0.0
31536.0,207195863.0,3.0,356.04,0.0,1476.0,0.0,35.0,1.0,0.0,1739.0,4240516.0,0.39,0.0
31537.0,207205863.0,3.0,355.96,0.0,1476.0,0.0,35.0,1.0,0.0,1740.0,4240616.0,0.39,-0.0
31538.0,207215863.0,3.0,355.96,0.0,1476.0,0.0,35.0,1.0,0.0,1741.0,4240716.0,0.39,0.0
31539.0,207225863.0,3.0,355.96,0.0,1476.0,0.0,35.0,1.0,0.0,1742.0,4240816.0,0.39,0.0
31540.0,207235863.0,3.0,356.04,0.0,1476.0,0.0,35.0,1.0,0.0,1743.0,4240916.0,0.39,-0.0
31541.0,207245863.0,3.0,355.96,0.0,1476.0,0.0,35.0,1.0,0.0,1744.0,4241016.0,0.39,-0.0
31542.0,207255863.0,3.0,355.96,0.0,1476.0,0.0,35.0,1.0,0.0,1745.0,4241116.0,0.39,0.0
31543.0,207265863.0,3.0,356.04,0.0,1476.0,0.0,35.0,1.0,0.0,1746.0,4241216.0,0.39,0.0
31544.0,207275863.0,3.0,356.04,0.0,1476.0,0.0,35.0,1.0,0.0,1747.0,4241316.0,0.39,-0.0
31545.0,207285863.0,3.0,355.96,0.0,1476.0,0.0,35.0,1.0,0.0,1748.0,4241416.0,0.39,-0.0
31546.0,207295863.0,3.0,355.96,0.0,1476.0,0.0,35.0,1.0,0.0,1749.0,4241516.0,0.39,0.0
31547.0,207305863.0,3.0,356.04,0.0,1476.0,0.0,35.0,1.0,0.0,1750.0,4241616.0,0.39,0.0
31548.0,207315863.0,3.0,356.04,0.0,1476.0,0.0,35.0,1.0,0.0,1751.0,4241716.0,0.39,0.0
31549.0,207325863.0,3.0,356.04,0.0,1476.0,0.0,35.0,1.0,0.0,1752.0,4241816.0,0.39,0.0
31550.0,207335863.0,3.0,355.96,0.0,1476.0,0.0,35.0,1.0,0.0,1753.0,4241916.0,0.39,0.0
31551.0,207345863.0,3.0,355.96,0.0,1476.0,0.0,35.0,1.0,0.0,1754.0,4242016.0,0.39,0.0
31552.0,207355863.0,3.0,355.96,0.0,1476.0,0.0,35.0,1.0,0.0,1755.0,4242116.0,0.39,0.0
31553.0,207365863.0,3.0,356.04,0.0,1476.0,0.0,35.0,1.0,0.0,1756.0,4242216.0,0.39,0.0
31554.0,207375863.0,3.0,356.04,0.0,1476.0,0.0,35.0,1.0,0.0,1757.0,4242316.0,0.39,0.0
31555.0,207385863.0,3.0,355.96,0.0,1476.0,0.0,35.0,1.0,0.0,1758.0,4242416.0,0.39,0.0
31556.0,207395863.0,3.0,356.04,0.0,1476.0,0.0,35.0,1.0,0.0,1759.0,4242516.0,0.39,0.0
31557.0,207405863.0,3.0,355.96,0.0,1476.0,0.0,35.0,1.0,0.0,1760.0,4242616.0,0.39,0.0
31558.0,207415863.0,3.0,355.87,0.0,1476.0,0.0,35.0,1.0,0.0,1761.0,4242716.0,0.39,-0.0
31559.0,207425863.0,3.0,355.96,0.0,1476.0,0.0,35.0,1.0,0.0,1762.0,4242816.0,0.39,-0.0
31560.0,207435863.0,3.0,356.04,0.0,1476.0,0.0,35.0,1.0,0.0,1763.0,4242916.0,0.39,-0.0
31561.0,207445863.0,3.0,356.04,0.0,1476.0,0.0,35.0,1.0,0.0,1764.0,4243016.0,0.39,0.0
31562.0,207455863.0,3.0,355.87,0.0,1476.0,0.0,35.0,1.0,0.0,1765.0,4243116.0,0.39,0.0
31563.0,207465863.0,3.0,355.96,0.0,1476.0,0.0,35.0,1.0,0.0,1766.0,4243216.0,0.39,-0.0
31564.0,207475863.0,3.0,355.96,0.0,1476.0,0.0,35.0,1.0,0.0,1767.0,4243316.0,0.39,0.0
31565.0,207485863.0,3.0,355.96,0.0,1476.0,0.0,35.0,1.0,0.0,1768.0,4243416.0,0.4,0.0
31566.0,207495863.0,3.0,355.96,0.0,1476.0,0.0,35.0,1.0,0.0,1769.0,4243516.0,0.39,0.0
31567.0,207505863.0,3.0,356.04,0.0,1476.0,0.0,35.0,1.0,0.0,1770.0,4243616.0,0.39,-0.0
31568.0,207515863.0,3.0,356.04,0.0,1476.0,0.0,35.0,1.0,0.0,1771.0,4243716.0,0.39,0.0
31569.0,207525863.0,3.0,355.96,0.0,1476.0,0.0,35.0,1.0,0.0,1772.0,4243816.0,0.39,-0.0
31570.0,207535863.0,3.0,355.96,0.0,1476.0,0.0,35.0,1.0,0.0,1773.0,4243916.0,0.39,-0.0
31571.0,207545863.0,3.0,356.04,0.0,1476.0,0.0,35.0,1.0,0.0,1774.0,4244016.0,0.39,0.0
31572.0,207555863.0,3.0,355.96,0.0,1476.0,0.0,35.0,1.0,0.0,1775.0,4244116.0,0.39,0.0
31573.0,207565863.0,3.0,355.96,0.0,1476.0,0.0,35.0,1.0,0.0,1776.0,4244216.0,0.39,0.0
31574.0,207575863.0,3.0,355.96,0.0,1476.0,0.0,35.0,1.0,0.0,1777.0,4244316.0,0.39,0.0
31575.0,207585863.0,3.0,355.96,0.0,1476.0,0.0,35.0,1.0,0.0,1778.0,4244416.0,0.39,0.0
31576.0,207595863.0,3.0,356.04,0.0,1476.0,0.0,35.0,1.0,0.0,1779.0,4244516.0,0.39,0.0
31577.0,207605863.0,3.0,355.96,0.0,1476.0,0.0,35.0,1.0,0.0,1780.0,4244616.0,0.39,0.0
31578.0,207615863.0,3.0,356.04,0.0,1476.0,0.0,35.0,1.0,0.0,1781.0,4244716.0,0.39,-0.0
31579.0,207625863.0,3.0,355.96,0.0,1476.0,0.0,35.0,1.0,0.0,1782.0,4244816.0,0.39,0.0
31580.0,207635863.0,3.0,355.96,0.0,1476.0,0.0,35.0,1.0,0.0,1783.0,4244916.0,0.39,0.0
31581.0,207645863.0,3.0,356.04,0.0,1476.0,0.0,35.0,1.0,0.0,1784.0,4245016.0,0.39,0.0
31582.0,207655863.0,3.0,355.96,0.0,1476.0,0.0,35.0,1.0,0.0,1785.0,4245116.0,0.39,0.0
31583.0,207665863.0,3.0,356.04,0.0,1476.0,0.0,35.0,1.0,0.0,1786.0,4245216.0,0.39,-0.0
31584.0,207675863.0,3.0,355.96,0.0,1476.0,0.0,35.0,1.0,0.0,1787.0,4245316.0,0.39,-0.0
31585.0,207685863.0,3.0,355.96,0.0,1476.0,0.0,35.0,1.0,0.0,1788.0,4245416.0,0.39,-0.0
31586.0,207695863.0,3.0,356.04,0.0,1476.0,0.0,35.0,1.0,0.0,1789.0,4245516.0,0.39,0.0
31587.0,207705863.0,3.0,356.04,0.0,1476.0,0.0,35.0,1.0,0.0,1790.0,4245616.0,0.39,-0.0
31588.0,207715863.0,3.0,355.96,0.0,1476.0,0.0,35.0,1.0,0.0,1791.0,4245716.0,0.39,0.0
31589.0,207725863.0,3.0,355.96,0.0,1476.0,0.0,35.0,1.0,0.0,1792.0,4245816.0,0.39,0.0
31590.0,207735863.0,3.0,355.96,0.0,1476.0,0.0,35.0,1.0,0.0,1793.0,4245916.0,0.39,0.0
31591.0,207745863.0,3.0,355.96,0.0,1476.0,0.0,35.0,1.0,0.0,1794.0,4246016.0,0.39,0.0
31592.0,207755863.0,3.0,355.96,0.0,1476.0,0.0,35.0,1.0,0.0,1795.0,4246116.0,0.39,-0.0
31593.0,207765863.0,3.0,355.96,0.0,1476.0,0.0,35.0,1.0,0.0,1796.0,4246216.0,0.39,0.0
31594.0,207775863.0,3.0,355.87,0.0,1476.0,0.0,35.0,1.0,0.0,1797.0,4246316.0,0.39,0.0
31595.0,207785863.0,3.0,356.04,0.0,1476.0,0.0,35.0,1.0,0.0,1798.0,4246416.0,0.39,0.0
31596.0,207795863.0,3.0,355.96,0.0,1476.0,0.0,35.0,1.0,0.0,1799.0,4246516.0,0.39,-0.0
31597.0,207805863.0,3.0,356.13,0.0,1476.0,0.0,35.0,1.0,0.0,1800.0,4246616.0,0.39,0.0
31598.0,207815863.0,3.0,356.04,0.0,1476.0,0.0,35.0,1.0,0.0,1801.0,4246716.0,0.39,0.0
31599.0,207825863.0,3.0,356.04,0.0,1476.0,0.0,35.0,1.0,0.0,1802.0,4246816.0,0.39,-0.0
31600.0,207835863.0,3.0,355.96,0.0,1476.0,0.0,35.0,1.0,0.0,1803.0,4246916.0,0.39,0.0
31601.0,207845863.0,3.0,356.04,0.0,1476.0,0.0,35.0,1.0,0.0,1804.0,4247016.0,0.39,-0.0
31602.0,207855863.0,3.0,356.04,0.0,1476.0,0.0,35.0,1.0,0.0,1805.0,4247116.0,0.39,0.0
31603.0,207865863.0,3.0,355.96,0.0,1476.0,0.0,35.0,1.0,0.0,1806.0,4247216.0,0.39,-0.0
31604.0,207875863.0,3.0,356.04,0.0,1476.0,0.0,35.0,1.0,0.0,1807.0,4247316.0,0.39,0.0
31605.0,207885863.0,3.0,355.96,0.0,1476.0,0.0,35.0,1.0,0.0,1808.0,4247416.0,0.39,-0.0
31606.0,207895863.0,3.0,356.04,0.0,1476.0,0.0,35.0,1.0,0.0,1809.0,4247516.0,0.39,0.0
31607.0,207905863.0,3.0,355.96,0.0,1476.0,0.0,35.0,1.0,0.0,1810.0,4247616.0,0.39,0.0
31608.0,207915863.0,3.0,355.96,0.0,1476.0,0.0,35.0,1.0,0.0,1811.0,4247716.0,0.39,0.0
31609.0,207925863.0,3.0,355.96,0.0,1476.0,0.0,35.0,1.0,0.0,1812.0,4247816.0,0.39,0.0
31610.0,207935863.0,3.0,355.96,0.0,1476.0,0.0,35.0,1.0,0.0,1813.0,4247916.0,0.39,-0.0
31611.0,207945863.0,3.0,355.96,0.0,1476.0,0.0,35.0,1.0,0.0,1814.0,4248016.0,0.39,0.0
31612.0,207955863.0,3.0,356.04,0.0,1476.0,0.0,35.0,1.0,0.0,1815.0,4248116.0,0.39,0.0
31613.0,207965863.0,3.0,355.96,0.0,1476.0,0.0,35.0,1.0,0.0,1816.0,4248216.0,0.39,0.0
31614.0,207975863.0,3.0,355.96,0.0,1476.0,0.0,35.0,1.0,0.0,1817.0,4248316.0,0.39,0.0
31615.0,207985863.0,3.0,355.96,0.0,1476.0,0.0,35.0,1.0,0.0,1818.0,4248416.0,0.39,-0.0
31616.0,207995863.0,3.0,355.96,0.0,1476.0,0.0,35.0,1.0,0.0,1819.0,4248516.0,0.39,0.0
31617.0,208005863.0,3.0,356.04,0.0,1476.0,0.0,35.0,1.0,0.0,1820.0,4248616.0,0.39,-0.0
31618.0,208015863.0,3.0,356.04,0.0,1476.0,0.0,35.0,1.0,0.0,1821.0,4248716.0,0.39,0.0
31619.0,208025863.0,3.0,355.96,0.0,1476.0,0.0,35.0,1.0,0.0,1822.0,4248816.0,0.39,0.0
31620.0,208035863.0,3.0,356.04,0.0,1476.0,0.0,35.0,1.0,0.0,1823.0,4248916.0,0.39,-0.0
31621.0,208045863.0,3.0,356.04,0.0,1476.0,0.0,35.0,1.0,0.0,1824.0,4249016.0,0.39,-0.0
31622.0,208055863.0,3.0,356.04,0.0,1476.0,0.0,35.0,1.0,0.0,1825.0,4249116.0,0.39,0.0
31623.0,208065863.0,3.0,355.96,0.0,1476.0,0.0,35.0,1.0,0.0,1826.0,4249216.0,0.39,0.0
31624.0,208075863.0,3.0,355.96,0.0,1476.0,0.0,35.0,1.0,0.0,1827.0,4249316.0,0.39,0.0
31625.0,208085863.0,3.0,356.04,0.0,1476.0,0.0,35.0,1.0,0.0,1828.0,4249416.0,0.39,0.0
31626.0,208095863.0,3.0,355.96,0.0,1476.0,0.0,35.0,1.0,0.0,1829.0,4249516.0,0.39,0.0
31627.0,208105863.0,3.0,355.96,0.0,1476.0,0.0,35.0,1.0,0.0,1830.0,4249616.0,0.39,-0.0
31628.0,208115863.0,3.0,355.96,0.0,1476.0,0.0,35.0,1.0,0.0,1831.0,4249716.0,0.39,0.0
31629.0,208125863.0,3.0,355.96,0.0,1476.0,0.0,35.0,1.0,0.0,1832.0,4249816.0,0.39,-0.0
31630.0,208135863.0,3.0,355.96,0.0,1476.0,0.0,35.0,1.0,0.0,1833.0,4249916.0,0.39,0.0
31631.0,208145863.0,3.0,355.87,0.0,1476.0,0.0,35.0,1.0,0.0,1834.0,4250016.0,0.39,0.0
31632.0,208155863.0,3.0,355.96,0.0,1476.0,0.0,35.0,1.0,0.0,1835.0,4250116.0,0.39,-0.0
31633.0,208165863.0,3.0,355.96,0.0,1476.0,0.0,35.0,1.0,0.0,1836.0,4250216.0,0.39,0.0
31634.0,208175863.0,3.0,356.04,0.0,1476.0,0.0,35.0,1.0,0.0,1837.0,4250316.0,0.39,-0.0
31635.0,208185863.0,3.0,355.96,0.0,1476.0,0.0,35.0,1.0,0.0,1838.0,4250416.0,0.39,0.0
31636.0,208195863.0,3.0,355.96,0.0,1476.0,0.0,35.0,1.0,0.0,1839.0,4250516.0,0.39,0.0
31637.0,208205863.0,3.0,355.96,0.0,1476.0,0.0,35.0,1.0,0.0,1840.0,4250616.0,0.39,0.0
31638.0,208215863.0,3.0,355.96,0.0,1476.0,0.0,35.0,1.0,0.0,1841.0,4250716.0,0.39,0.0
31639.0,208225863.0,3.0,355.96,0.0,1476.0,0.0,35.0,1.0,0.0,1842.0,4250816.0,0.39,-0.0
31640.0,208235863.0,3.0,355.96,0.0,1476.0,0.0,35.0,1.0,0.0,1843.0,4250916.0,0.39,0.0
31641.0,208245863.0,3.0,356.04,0.0,1476.0,0.0,35.0,1.0,0.0,1844.0,4251016.0,0.39,0.1
31642.0,208255863.0,3.0,355.96,0.0,1476.0,0.0,35.0,1.0,0.0,1845.0,4251116.0,0.39,-0.0
31643.0,208265863.0,3.0,355.96,0.0,1476.0,0.0,35.0,1.0,0.0,1846.0,4251216.0,0.39,-0.0
31644.0,208275863.0,3.0,356.04,0.0,1476.0,0.0,35.0,1.0,0.0,1847.0,4251316.0,0.39,0.0
31645.0,208285863.0,3.0,355.96,0.0,1476.0,0.0,35.0,1.0,0.0,1848.0,4251416.0,0.39,0.0
31646.0,208295863.0,3.0,356.04,0.0,1476.0,0.0,35.0,1.0,0.0,1849.0,4251516.0,0.39,0.0
31647.0,208305863.0,3.0,355.96,0.0,1476.0,0.0,35.0,1.0,0.0,1850.0,4251616.0,0.39,0.0
31648.0,208315863.0,3.0,355.96,0.0,1476.0,0.0,35.0,1.0,0.0,1851.0,4251716.0,0.39,0.0
31649.0,208325863.0,3.0,355.96,0.0,1476.0,0.0,35.0,1.0,0.0,1852.0,4251816.0,0.39,0.0
31650.0,208335863.0,3.0,356.04,0.0,1476.0,0.0,35.0,1.0,0.0,1853.0,4251916.0,0.39,0.0
31651.0,208345863.0,3.0,355.96,0.0,1476.0,0.0,35.0,1.0,0.0,1854.0,4252016.0,0.39,0.0
31652.0,208355863.0,3.0,355.96,0.0,1476.0,0.0,35.0,1.0,0.0,1855.0,4252116.0,0.39,-0.0
31653.0,208365863.0,3.0,355.96,0.0,1476.0,0.0,35.0,1.0,0.0,1856.0,4252216.0,0.39,-0.0
31654.0,208375863.0,3.0,355.96,0.0,1476.0,0.0,35.0,1.0,0.0,1857.0,4252316.0,0.39,-0.0
31655.0,208385863.0,3.0,355.96,0.0,1476.0,0.0,35.0,1.0,0.0,1858.0,4252416.0,0.39,0.0
31656.0,208395863.0,3.0,355.87,0.0,1476.0,0.0,35.0,1.0,0.0,1859.0,4252516.0,0.39,0.0
31657.0,208405863.0,3.0,355.96,0.0,1476.0,0.0,35.0,1.0,0.0,1860.0,4252616.0,0.39,-0.0
31658.0,208415863.0,3.0,355.96,0.0,1476.0,0.0,35.0,1.0,0.0,1861.0,4252716.0,0.39,0.0
31659.0,208425863.0,3.0,355.96,0.0,1476.0,0.0,35.0,1.0,0.0,1862.0,4252816.0,0.39,0.0
31660.0,208435863.0,3.0,356.04,0.0,1476.0,0.0,35.0,1.0,0.0,1863.0,4252916.0,0.39,0.1
31661.0,208445863.0,3.0,355.87,0.0,1476.0,0.0,35.0,1.0,0.0,1864.0,4253016.0,0.4,0.0
31662.0,208455863.0,3.0,356.04,0.0,1476.0,0.0,35.0,1.0,0.0,1865.0,4253116.0,0.39,0.0
31663.0,208465863.0,3.0,355.96,0.0,1476.0,0.0,35.0,1.0,0.0,1866.0,4253216.0,0.39,0.0
31664.0,208475863.0,3.0,355.96,0.0,1476.0,0.0,35.0,1.0,0.0,1867.0,4253316.0,0.4,0.0
31665.0,208485863.0,3.0,355.96,0.0,1476.0,0.0,35.0,1.0,0.0,1868.0,4253416.0,0.39,-0.0
31666.0,208495863.0,3.0,356.04,0.0,1476.0,0.0,35.0,1.0,0.0,1869.0,4253516.0,0.39,0.0
31667.0,208505863.0,3.0,355.96,0.0,1476.0,0.0,35.0,1.0,0.0,1870.0,4253616.0,0.39,0.0
31668.0,208515863.0,3.0,356.04,0.0,1476.0,0.0,35.0,1.0,0.0,1871.0,4253716.0,0.39,-0.0
31669.0,208525863.0,3.0,355.96,0.0,1476.0,0.0,35.0,1.0,0.0,1872.0,4253816.0,0.39,0.0
31670.0,208535863.0,3.0,355.96,0.0,1476.0,0.0,35.0,1.0,0.0,1873.0,4253916.0,0.39,-0.0
31671.0,208545863.0,3.0,355.96,0.0,1476.0,0.0,35.0,1.0,0.0,1874.0,4254016.0,0.39,0.0
31672.0,208555863.0,3.0,355.96,0.0,1476.0,0.0,35.0,1.0,0.0,1875.0,4254116.0,0.39,0.0
31673.0,208565863.0,3.0,355.96,0.0,1476.0,0.0,35.0,1.0,0.0,1876.0,4254216.0,0.4,0.0
31674.0,208575863.0,3.0,355.96,0.0,1476.0,0.0,35.0,1.0,0.0,1877.0,4254316.0,0.39,-0.0
31675.0,208585863.0,3.0,355.96,0.0,1476.0,0.0,35.0,1.0,0.0,1878.0,4254416.0,0.39,0.0
31676.0,208595863.0,3.0,355.96,0.0,1476.0,0.0,35.0,1.0,0.0,1879.0,4254516.0,0.39,-0.0
31677.0,208605863.0,3.0,355.96,0.0,1476.0,0.0,35.0,1.0,0.0,1880.0,4254616.0,0.39,-0.0
31678.0,208615863.0,3.0,355.96,0.0,1476.0,0.0,35.0,1.0,0.0,1881.0,4254716.0,0.39,0.0
31679.0,208625863.0,3.0,355.96,0.0,1476.0,0.0,35.0,1.0,0.0,1882.0,4254816.0,0.39,0.0
31680.0,208635863.0,3.0,355.96,0.0,1476.0,0.0,35.0,1.0,0.0,1883.0,4254916.0,0.39,0.0
31681.0,208645863.0,3.0,355.96,0.0,1476.0,0.0,35.0,1.0,0.0,1884.0,4255016.0,0.39,0.0
31682.0,208655863.0,3.0,356.04,0.0,1476.0,0.0,35.0,1.0,0.0,1885.0,4255116.0,0.4,0.1
31683.0,208665863.0,3.0,355.96,0.0,1476.0,0.0,35.0,1.0,0.0,1886.0,4255216.0,0.4,0.0
31684.0,208675863.0,3.0,355.96,0.0,1476.0,0.0,35.0,1.0,0.0,1887.0,4255316.0,0.4,0.0
31685.0,208685863.0,3.0,355.87,0.0,1476.0,0.0,35.0,1.0,0.0,1888.0,4255416.0,0.39,-0.0
31686.0,208695863.0,3.0,355.96,0.0,1476.0,0.0,35.0,1.0,0.0,1889.0,4255516.0,0.39,0.0
31687.0,208705863.0,3.0,355.96,0.0,1476.0,0.0,35.0,1.0,0.0,1890.0,4255616.0,0.39,-0.0
31688.0,208715863.0,3.0,356.04,0.0,1476.0,0.0,35.0,1.0,0.0,1891.0,4255716.0,0.39,-0.0
31689.0,208725863.0,3.0,356.04,0.0,1476.0,0.0,35.0,1.0,0.0,1892.0,4255816.0,0.39,0.0
31690.0,208735863.0,3.0,355.87,0.0,1476.0,0.0,35.0,1.0,0.0,1893.0,4255916.0,0.39,-0.0
31691.0,208745863.0,3.0,355.96,0.0,1476.0,0.0,35.0,1.0,0.0,1894.0,4256016.0,0.39,-0.0
31692.0,208755863.0,3.0,356.04,0.0,1476.0,0.0,35.0,1.0,0.0,1895.0,4256116.0,0.39,0.0
31693.0,208765863.0,3.0,355.96,0.0,1476.0,0.0,35.0,1.0,0.0,1896.0,4256216.0,0.39,0.0
31694.0,208775863.0,3.0,356.04,0.0,1476.0,0.0,35.0,1.0,0.0,1897.0,4256316.0,0.39,0.0
31695.0,208785863.0,3.0,355.96,0.0,1476.0,0.0,35.0,1.0,0.0,1898.0,4256416.0,0.39,0.0
31696.0,208795863.0,3.0,356.04,0.0,1476.0,0.0,35.0,1.0,0.0,1899.0,4256516.0,0.39,-0.0
31697.0,208805863.0,3.0,355.96,0.0,1476.0,0.0,35.0,1.0,0.0,1900.0,4256616.0,0.39,0.0
31698.0,208815863.0,3.0,356.04,0.0,1476.0,0.0,35.0,1.0,0.0,1901.0,4256716.0,0.39,-0.0
31699.0,208825863.0,3.0,356.04,0.0,1476.0,0.0,35.0,1.0,0.0,1902.0,4256816.0,0.39,-0.0
31700.0,208835863.0,3.0,356.04,0.0,1476.0,0.0,35.0,1.0,0.0,1903.0,4256916.0,0.39,0.0
31701.0,208845863.0,3.0,356.04,0.0,1476.0,0.0,35.0,1.0,0.0,1904.0,4257016.0,0.39,0.0
31702.0,208855863.0,3.0,355.87,0.0,1476.0,0.0,35.0,1.0,0.0,1905.0,4257116.0,0.4,0.0
31703.0,208865863.0,3.0,355.96,0.0,1476.0,0.0,35.0,1.0,0.0,1906.0,4257216.0,0.39,0.0
31704.0,208875863.0,3.0,355.87,0.0,1476.0,0.0,35.0,1.0,0.0,1907.0,4257316.0,0.39,0.0
31705.0,208885863.0,3.0,356.04,0.0,1476.0,0.0,35.0,1.0,0.0,1908.0,4257416.0,0.4,0.0
31706.0,208895863.0,3.0,355.96,0.0,1476.0,0.0,35.0,1.0,0.0,1909.0,4257516.0,0.39,0.0
31707.0,208905863.0,3.0,355.96,0.0,1476.0,0.0,35.0,1.0,0.0,1910.0,4257616.0,0.4,0.0
31708.0,208915863.0,3.0,355.96,0.0,1476.0,0.0,35.0,1.0,0.0,1911.0,4257716.0,0.4,0.0
31709.0,208925863.0,3.0,356.04,0.0,1476.0,0.0,35.0,1.0,0.0,1912.0,4257816.0,0.4,-0.0
31710.0,208935863.0,3.0,356.04,0.0,1476.0,0.0,35.0,1.0,0.0,1913.0,4257916.0,0.39,-0.0
31711.0,208945863.0,3.0,355.96,0.0,1476.0,0.0,35.0,1.0,0.0,1914.0,4258016.0,0.39,0.0
31712.0,208955863.0,3.0,356.04,0.0,1476.0,0.0,35.0,1.0,0.0,1915.0,4258116.0,0.4,0.0
31713.0,208965863.0,3.0,355.96,0.0,1476.0,0.0,35.0,1.0,0.0,1916.0,4258216.0,0.39,0.0
31714.0,208975863.0,3.0,355.96,0.0,1476.0,0.0,35.0,1.0,0.0,1917.0,4258316.0,0.39,-0.0
31715.0,208985863.0,3.0,356.04,0.0,1476.0,0.0,35.0,1.0,0.0,1918.0,4258416.0,0.39,-0.0
31716.0,208995863.0,3.0,356.04,0.0,1476.0,0.0,35.0,1.0,0.0,1919.0,4258516.0,0.39,0.0
31717.0,209005863.0,3.0,355.96,0.0,1476.0,0.0,35.0,1.0,0.0,1920.0,4258616.0,0.39,-0.0
31718.0,209015863.0,3.0,356.04,0.0,1476.0,0.0,35.0,1.0,0.0,1921.0,4258716.0,0.39,0.0
31719.0,209025863.0,3.0,356.04,0.0,1476.0,0.0,35.0,1.0,0.0,1922.0,4258816.0,0.39,0.0
31720.0,209035863.0,3.0,355.96,0.0,1476.0,0.0,35.0,1.0,0.0,1923.0,4258916.0,0.39,-0.0
31721.0,209045863.0,3.0,355.96,0.0,1476.0,0.0,35.0,1.0,0.0,1924.0,4259016.0,0.39,0.0
31722.0,209055863.0,3.0,355.96,0.0,1476.0,0.0,35.0,1.0,0.0,1925.0,4259116.0,0.39,0.0
31723.0,209065863.0,3.0,356.04,0.0,1476.0,0.0,35.0,1.0,0.0,1926.0,4259216.0,0.39,0.0
31724.0,209075863.0,3.0,355.96,0.0,1476.0,0.0,35.0,1.0,0.0,1927.0,4259316.0,0.4,0.0
31725.0,209085863.0,3.0,355.96,0.0,1476.0,0.0,35.0,1.0,0.0,1928.0,4259416.0,0.39,0.0
31726.0,209095863.0,3.0,356.04,0.0,1476.0,0.0,35.0,1.0,0.0,1929.0,4259516.0,0.4,0.0
31727.0,209105863.0,3.0,355.96,0.0,1476.0,0.0,35.0,1.0,0.0,1930.0,4259616.0,0.4,0.0
31728.0,209115863.0,3.0,356.04,0.0,1476.0,0.0,35.0,1.0,0.0,1931.0,4259716.0,0.4,-0.0
31729.0,209125863.0,3.0,355.87,0.0,1476.0,0.0,35.0,1.0,0.0,1932.0,4259816.0,0.39,-0.0
31730.0,209135863.0,3.0,355.96,0.0,1476.0,0.0,35.0,1.0,0.0,1933.0,4259916.0,0.39,0.0
31731.0,209145863.0,3.0,356.04,0.0,1476.0,0.0,35.0,1.0,0.0,1934.0,4260016.0,0.4,0.0
31732.0,209155863.0,3.0,355.96,0.0,1476.0,0.0,35.0,1.0,0.0,1935.0,4260116.0,0.4,-0.0
31733.0,209165863.0,3.0,356.04,0.0,1476.0,0.0,35.0,1.0,0.0,1936.0,4260216.0,0.4,0.0
31734.0,209175863.0,3.0,356.04,0.0,1476.0,0.0,35.0,1.0,0.0,1937.0,4260316.0,0.4,0.0
31735.0,209185863.0,3.0,355.96,0.0,1476.0,0.0,35.0,1.0,0.0,1938.0,4260416.0,0.4,0.0
31736.0,209195863.0,3.0,355.96,0.0,1476.0,0.0,35.0,1.0,0.0,1939.0,4260516.0,0.4,-0.0
31737.0,209205863.0,3.0,356.04,0.0,1476.0,0.0,35.0,1.0,0.0,1940.0,4260616.0,0.4,0.0
31738.0,209215863.0,3.0,355.96,0.0,1476.0,0.0,35.0,1.0,0.0,1941.0,4260716.0,0.4,-0.0
31739.0,209225863.0,3.0,355.96,0.0,1476.0,0.0,35.0,1.0,0.0,1942.0,4260816.0,0.4,0.0
31740.0,209235863.0,3.0,355.96,0.0,1476.0,0.0,35.0,1.0,0.0,1943.0,4260916.0,0.4,0.0
31741.0,209245863.0,3.0,355.96,0.0,1476.0,0.0,35.0,1.0,0.0,1944.0,4261016.0,0.4,0.0
31742.0,209255863.0,3.0,356.04,0.0,1476.0,0.0,35.0,1.0,0.0,1945.0,4261116.0,0.4,0.0
31743.0,209265863.0,3.0,356.04,0.0,1476.0,0.0,35.0,1.0,0.0,1946.0,4261216.0,0.4,0.0
31744.0,209275863.0,3.0,355.96,0.0,1476.0,0.0,35.0,1.0,0.0,1947.0,4261316.0,0.4,0.0
31745.0,209285863.0,3.0,355.96,0.0,1476.0,0.0,35.0,1.0,0.0,1948.0,4261416.0,0.4,0.0
31746.0,209295863.0,3.0,355.96,0.0,1476.0,0.0,35.0,1.0,0.0,1949.0,4261516.0,0.4,0.0
31747.0,209305863.0,3.0,355.96,0.0,1476.0,0.0,35.0,1.0,0.0,1950.0,4261616.0,0.4,0.0
31748.0,209315863.0,3.0,355.96,0.0,1476.0,0.0,35.0,1.0,0.0,1951.0,4261716.0,0.4,0.0
31749.0,209325863.0,3.0,356.04,0.0,1476.0,0.0,35.0,1.0,0.0,1952.0,4261816.0,0.4,0.0
31750.0,209335863.0,3.0,355.87,0.0,1476.0,0.0,35.0,1.0,0.0,1953.0,4261916.0,0.4,-0.0
31751.0,209345863.0,3.0,355.87,0.0,1476.0,0.0,35.0,1.0,0.0,1954.0,4262016.0,0.4,0.0
31752.0,209355863.0,3.0,355.96,0.0,1476.0,0.0,35.0,1.0,0.0,1955.0,4262116.0,0.4,0.0
31753.0,209365863.0,3.0,355.96,0.0,1476.0,0.0,35.0,1.0,0.0,1956.0,4262216.0,0.4,0.0
31754.0,209375863.0,3.0,355.96,0.0,1476.0,0.0,35.0,1.0,0.0,1957.0,4262316.0,0.4,0.0
31755.0,209385863.0,3.0,355.87,0.0,1476.0,0.0,35.0,1.0,0.0,1958.0,4262416.0,0.4,0.0
31756.0,209395863.0,3.0,355.87,0.0,1476.0,0.0,35.0,1.0,0.0,1959.0,4262516.0,0.4,0.0
31757.0,209405863.0,3.0,356.04,0.0,1476.0,0.0,35.0,1.0,0.0,1960.0,4262616.0,0.4,-0.0
31758.0,209415863.0,3.0,356.04,0.0,1476.0,0.0,35.0,1.0,0.0,1961.0,4262716.0,0.4,-0.0
31759.0,209425863.0,3.0,356.04,0.0,1476.0,0.0,35.0,1.0,0.0,1962.0,4262816.0,0.4,-0.0
31760.0,209435863.0,3.0,355.96,0.0,1476.0,0.0,35.0,1.0,0.0,1963.0,4262916.0,0.4,0.0
31761.0,209445863.0,3.0,355.96,0.0,1476.0,0.0,35.0,1.0,0.0,1964.0,4263016.0,0.4,-0.0
31762.0,209455863.0,3.0,355.96,0.0,1476.0,0.0,35.0,1.0,0.0,1965.0,4263116.0,0.4,0.0
31763.0,209465863.0,3.0,356.04,0.0,1476.0,0.0,35.0,1.0,0.0,1966.0,4263216.0,0.4,0.0
31764.0,209475863.0,3.0,355.96,0.0,1476.0,0.0,35.0,1.0,0.0,1967.0,4263316.0,0.4,0.0
31765.0,209485863.0,3.0,355.96,0.0,1476.0,0.0,35.0,1.0,0.0,1968.0,4263416.0,0.4,0.0
31766.0,209495863.0,3.0,355.96,0.0,1476.0,0.0,35.0,1.0,0.0,1969.0,4263516.0,0.4,0.0
31767.0,209505863.0,3.0,355.96,0.0,1476.0,0.0,35.0,1.0,0.0,1970.0,4263616.0,0.4,0.0
31768.0,209515863.0,3.0,355.96,0.0,1476.0,0.0,35.0,1.0,0.0,1971.0,4263716.0,0.4,0.0
31769.0,209525863.0,3.0,355.87,0.0,1476.0,0.0,35.0,1.0,0.0,1972.0,4263816.0,0.4,-0.0
31770.0,209535863.0,3.0,355.96,0.0,1476.0,0.0,35.0,1.0,0.0,1973.0,4263916.0,0.4,-0.0
31771.0,209545863.0,3.0,356.04,0.0,1476.0,0.0,35.0,1.0,0.0,1974.0,4264016.0,0.4,0.0
31772.0,209555863.0,3.0,355.96,0.0,1476.0,0.0,35.0,1.0,0.0,1975.0,4264116.0,0.4,0.0
31773.0,209565863.0,3.0,356.04,0.0,1476.0,0.0,35.0,1.0,0.0,1976.0,4264216.0,0.4,0.0
31774.0,209575863.0,3.0,355.96,0.0,1476.0,0.0,35.0,1.0,0.0,1977.0,4264316.0,0.4,-0.0
31775.0,209585863.0,3.0,355.96,0.0,1476.0,0.0,35.0,1.0,0.0,1978.0,4264416.0,0.4,0.0
31776.0,209595863.0,3.0,355.96,0.0,1476.0,0.0,35.0,1.0,0.0,1979.0,4264516.0,0.4,0.0
31777.0,209605863.0,3.0,356.04,0.0,1476.0,0.0,35.0,1.0,0.0,1980.0,4264616.0,0.4,0.0
31778.0,209615863.0,3.0,356.04,0.0,1476.0,0.0,35.0,1.0,0.0,1981.0,4264716.0,0.4,0.0
31779.0,209625863.0,3.0,356.04,0.0,1476.0,0.0,35.0,1.0,0.0,1982.0,4264816.0,0.4,0.0
31780.0,209635863.0,3.0,355.87,0.0,1476.0,0.0,35.0,1.0,0.0,1983.0,4264916.0,0.4,-0.0
31781.0,209645863.0,3.0,356.04,0.0,1476.0,0.0,35.0,1.0,0.0,1984.0,4265016.0,0.4,-0.0
31782.0,209655863.0,3.0,355.96,0.0,1476.0,0.0,35.0,1.0,0.0,1985.0,4265116.0,0.4,-0.0
31783.0,209665863.0,3.0,355.96,0.0,1476.0,0.0,35.0,1.0,0.0,1986.0,4265216.0,0.4,-0.0
31784.0,209675863.0,3.0,356.04,0.0,1476.0,0.0,35.0,1.0,0.0,1987.0,4265316.0,0.4,-0.0
31785.0,209685863.0,3.0,355.96,0.0,1476.0,0.0,35.0,1.0,0.0,1988.0,4265416.0,0.4,0.0
31786.0,209695863.0,3.0,355.96,0.0,1476.0,0.0,35.0,1.0,0.0,1989.0,4265516.0,0.4,0.1
31787.0,209705863.0,3.0,355.87,0.0,1476.0,0.0,35.0,1.0,0.0,1990.0,4265616.0,0.4,0.0
31788.0,209715863.0,3.0,355.96,0.0,1476.0,0.0,35.0,1.0,0.0,1991.0,4265716.0,0.4,0.0
31789.0,209725863.0,3.0,356.04,0.0,1476.0,0.0,35.0,1.0,0.0,1992.0,4265816.0,0.4,0.0
31790.0,209735863.0,3.0,355.96,0.0,1476.0,0.0,35.0,1.0,0.0,1993.0,4265916.0,0.4,0.0
31791.0,209745863.0,3.0,355.96,0.0,1476.0,0.0,35.0,1.0,0.0,1994.0,4266016.0,0.4,-0.0
31792.0,209755863.0,3.0,355.96,0.0,1476.0,0.0,35.0,1.0,0.0,1995.0,4266116.0,0.4,-0.0
31793.0,209765863.0,3.0,355.96,0.0,1476.0,0.0,35.0,1.0,0.0,1996.0,4266216.0,0.4,0.0
31794.0,209775863.0,3.0,355.96,0.0,1476.0,0.0,35.0,1.0,0.0,1997.0,4266316.0,0.4,-0.0
31795.0,209785863.0,3.0,356.04,0.0,1476.0,0.0,35.0,1.0,0.0,1998.0,4266416.0,0.4,0.0
31796.0,209795863.0,3.0,355.87,0.0,1476.0,0.0,35.0,1.0,0.0,1999.0,4266516.0,0.4,-0.0
31797.0,209805863.0,3.0,356.13,0.0,1476.0,0.0,35.0,1.0,0.0,2000.0,4266616.0,0.4,0.0
31798.0,209815863.0,3.0,355.96,0.0,1476.0,0.0,35.0,1.0,0.0,2001.0,4266716.0,0.4,0.0
31799.0,209825863.0,3.0,356.04,0.0,1476.0,0.0,35.0,1.0,0.0,2002.0,4266816.0,0.4,-0.1
31800.0,209835863.0,3.0,355.96,0.0,1476.0,0.0,35.0,1.0,0.0,2003.0,4266916.0,0.4,0.0
31801.0,209845863.0,3.0,355.96,0.0,1476.0,0.0,35.0,1.0,0.0,2004.0,4267016.0,0.4,0.0
31802.0,209855863.0,3.0,355.87,0.0,1476.0,0.0,35.0,1.0,0.0,2005.0,4267116.0,0.4,-0.0
31803.0,209865863.0,3.0,356.04,0.0,1476.0,0.0,35.0,1.0,0.0,2006.0,4267216.0,0.4,0.0
31804.0,209875863.0,3.0,355.96,0.0,1476.0,0.0,35.0,1.0,0.0,2007.0,4267316.0,0.4,0.0
31805.0,209885863.0,3.0,356.04,0.0,1476.0,0.0,35.0,1.0,0.0,2008.0,4267416.0,0.4,0.0
31806.0,209895863.0,3.0,355.96,0.0,1476.0,0.0,35.0,1.0,0.0,2009.0,4267516.0,0.4,0.0
31807.0,209905863.0,3.0,355.96,0.0,1476.0,0.0,35.0,1.0,0.0,2010.0,4267616.0,0.4,0.0
31808.0,209915863.0,3.0,355.96,0.0,1476.0,0.0,35.0,1.0,0.0,2011.0,4267716.0,0.4,0.0
31809.0,209925863.0,3.0,355.96,0.0,1476.0,0.0,35.0,1.0,0.0,2012.0,4267816.0,0.4,-0.0
31810.0,209935863.0,3.0,356.04,0.0,1476.0,0.0,35.0,1.0,0.0,2013.0,4267916.0,0.4,-0.0
31811.0,209945863.0,3.0,356.04,0.0,1476.0,0.0,35.0,1.0,0.0,2014.0,4268016.0,0.4,-0.0
31812.0,209955863.0,3.0,355.87,0.0,1476.0,0.0,35.0,1.0,0.0,2015.0,4268116.0,0.4,0.1
31813.0,209965863.0,3.0,355.96,0.0,1476.0,0.0,35.0,1.0,0.0,2016.0,4268216.0,0.4,0.0
31814.0,209975863.0,3.0,356.04,0.0,1476.0,0.0,35.0,1.0,0.0,2017.0,4268316.0,0.4,0.0
31815.0,209985863.0,3.0,356.04,0.0,1476.0,0.0,35.0,1.0,0.0,2018.0,4268416.0,0.4,0.1
31816.0,209995863.0,3.0,355.96,0.0,1476.0,0.0,35.0,1.0,0.0,2019.0,4268516.0,0.4,0.0
31817.0,210005863.0,3.0,355.96,0.0,1476.0,0.0,35.0,1.0,0.0,2020.0,4268616.0,0.4,0.0
31818.0,210015863.0,3.0,356.04,0.0,1476.0,0.0,35.0,1.0,0.0,2021.0,4268716.0,0.4,0.0
31819.0,210025863.0,3.0,355.96,0.0,1476.0,0.0,35.0,1.0,0.0,2022.0,4268816.0,0.4,0.0
31820.0,210035863.0,3.0,356.04,0.0,1476.0,0.0,35.0,1.0,0.0,2023.0,4268916.0,0.4,-0.0
31821.0,210045863.0,3.0,355.96,0.0,1476.0,0.0,35.0,1.0,0.0,2024.0,4269016.0,0.4,-0.0
31822.0,210055863.0,3.0,356.13,0.0,1476.0,0.0,35.0,1.0,0.0,2025.0,4269116.0,0.4,0.0
31823.0,210065863.0,3.0,356.04,0.0,1476.0,0.0,35.0,1.0,0.0,2026.0,4269216.0,0.4,0.0
31824.0,210075863.0,3.0,355.96,0.0,1476.0,0.0,35.0,1.0,0.0,2027.0,4269316.0,0.4,0.0
31825.0,210085863.0,3.0,356.04,0.0,1476.0,0.0,35.0,1.0,0.0,2028.0,4269416.0,0.4,0.0
31826.0,210095863.0,3.0,355.96,0.0,1476.0,0.0,35.0,1.0,0.0,2029.0,4269516.0,0.4,0.0
31827.0,210105863.0,3.0,356.04,0.0,1476.0,0.0,35.0,1.0,0.0,2030.0,4269616.0,0.4,-0.0
31828.0,210115863.0,3.0,355.96,0.0,1476.0,0.0,35.0,1.0,0.0,2031.0,4269716.0,0.4,-0.0
31829.0,210125863.0,3.0,355.96,0.0,1476.0,0.0,35.0,1.0,0.0,2032.0,4269816.0,0.4,-0.0
31830.0,210135863.0,3.0,355.96,0.0,1476.0,0.0,35.0,1.0,0.0,2033.0,4269916.0,0.4,0.0
31831.0,210145863.0,3.0,355.96,0.0,1476.0,0.0,35.0,1.0,0.0,2034.0,4270016.0,0.4,0.0
31832.0,210155863.0,3.0,355.96,0.0,1476.0,0.0,35.0,1.0,0.0,2035.0,4270116.0,0.4,0.0
31833.0,210165863.0,3.0,355.96,0.0,1476.0,0.0,35.0,1.0,0.0,2036.0,4270216.0,0.4,0.0
31834.0,210175863.0,3.0,355.96,0.0,1476.0,0.0,35.0,1.0,0.0,2037.0,4270316.0,0.4,0.0
31835.0,210185863.0,3.0,356.04,0.0,1476.0,0.0,35.0,1.0,0.0,2038.0,4270416.0,0.4,-0.0
31836.0,210195863.0,3.0,355.87,0.0,1476.0,0.0,35.0,1.0,0.0,2039.0,4270516.0,0.4,-0.0
31837.0,210205863.0,3.0,356.04,0.0,1476.0,0.0,35.0,1.0,0.0,2040.0,4270616.0,0.4,0.0
31838.0,210215863.0,3.0,355.96,0.0,1476.0,0.0,35.0,1.0,0.0,2041.0,4270716.0,0.4,0.0
31839.0,210225863.0,3.0,356.04,0.0,1476.0,0.0,35.0,1.0,0.0,2042.0,4270816.0,0.4,0.0
31840.0,210235863.0,3.0,355.96,0.0,1476.0,0.0,35.0,1.0,0.0,2043.0,4270916.0,0.4,0.0
31841.0,210245863.0,3.0,355.96,0.0,1476.0,0.0,35.0,1.0,0.0,2044.0,4271016.0,0.4,0.0
31842.0,210255863.0,3.0,356.04,0.0,1476.0,0.0,35.0,1.0,0.0,2045.0,4271116.0,0.4,0.0
31843.0,210265863.0,3.0,355.96,0.0,1476.0,0.0,35.0,1.0,0.0,2046.0,4271216.0,0.4,0.0
31844.0,210275863.0,3.0,356.04,0.0,1476.0,0.0,35.0,1.0,0.0,2047.0,4271316.0,0.4,0.0
31845.0,210285863.0,3.0,355.96,0.0,1476.0,0.0,35.0,1.0,0.0,2048.0,4271416.0,0.4,0.0
31846.0,210295863.0,3.0,355.96,0.0,1476.0,0.0,35.0,1.0,0.0,2049.0,4271516.0,0.4,-0.0
31847.0,210305863.0,3.0,355.96,0.0,1476.0,0.0,35.0,1.0,0.0,2050.0,4271616.0,0.4,-0.0
31848.0,210315863.0,3.0,355.96,0.0,1476.0,0.0,35.0,1.0,0.0,2051.0,4271716.0,0.4,-0.0
31849.0,210325863.0,3.0,356.04,0.0,1476.0,0.0,35.0,1.0,0.0,2052.0,4271816.0,0.4,0.0
31850.0,210335863.0,3.0,355.96,0.0,1476.0,0.0,35.0,1.0,0.0,2053.0,4271916.0,0.4,-0.0
31851.0,210345863.0,3.0,355.96,0.0,1476.0,0.0,35.0,1.0,0.0,2054.0,4272016.0,0.4,0.0
31852.0,210355863.0,3.0,355.96,0.0,1476.0,0.0,35.0,1.0,0.0,2055.0,4272116.0,0.4,0.0
31853.0,210365863.0,3.0,355.96,0.0,1476.0,0.0,35.0,1.0,0.0,2056.0,4272216.0,0.4,0.0
31854.0,210375863.0,3.0,355.96,0.0,1476.0,0.0,35.0,1.0,0.0,2057.0,4272316.0,0.4,0.0
31855.0,210385863.0,3.0,355.96,0.0,1476.0,0.0,35.0,1.0,0.0,2058.0,4272416.0,0.4,0.0
31856.0,210395863.0,3.0,355.96,0.0,1476.0,0.0,35.0,1.0,0.0,2059.0,4272516.0,0.4,0.0
31857.0,210405863.0,3.0,356.04,0.0,1476.0,0.0,35.0,1.0,0.0,2060.0,4272616.0,0.4,-0.0
31858.0,210415863.0,3.0,356.04,0.0,1476.0,0.0,35.0,1.0,0.0,2061.0,4272716.0,0.4,-0.0
31859.0,210425863.0,3.0,355.96,0.0,1476.0,0.0,35.0,1.0,0.0,2062.0,4272816.0,0.4,-0.0
31860.0,210435863.0,3.0,356.04,0.0,1476.0,0.0,35.0,1.0,0.0,2063.0,4272916.0,0.4,0.0
31861.0,210445863.0,3.0,356.04,0.0,1476.0,0.0,35.0,1.0,0.0,2064.0,4273016.0,0.4,0.0
31862.0,210455863.0,3.0,355.96,0.0,1476.0,0.0,35.0,1.0,0.0,2065.0,4273116.0,0.4,0.0
31863.0,210465863.0,3.0,355.96,0.0,1476.0,0.0,35.0,1.0,0.0,2066.0,4273216.0,0.4,0.0
31864.0,210475863.0,3.0,355.96,0.0,1476.0,0.0,35.0,1.0,0.0,2067.0,4273316.0,0.4,0.0
31865.0,210485863.0,3.0,355.96,0.0,1476.0,0.0,35.0,1.0,0.0,2068.0,4273416.0,0.4,0.0
31866.0,210495863.0,3.0,355.96,0.0,1476.0,0.0,35.0,1.0,0.0,2069.0,4273516.0,0.4,-0.0
31867.0,210505863.0,3.0,356.04,0.0,1476.0,0.0,35.0,1.0,0.0,2070.0,4273616.0,0.4,0.0
31868.0,210515863.0,3.0,355.96,0.0,1476.0,0.0,35.0,1.0,0.0,2071.0,4273716.0,0.4,0.0
31869.0,210525863.0,3.0,355.96,0.0,1476.0,0.0,35.0,1.0,0.0,2072.0,4273816.0,0.4,-0.0
31870.0,210535863.0,3.0,355.96,0.0,1476.0,0.0,35.0,1.0,0.0,2073.0,4273916.0,0.4,0.0
31871.0,210545863.0,3.0,356.04,0.0,1476.0,0.0,35.0,1.0,0.0,2074.0,4274016.0,0.4,0.0
31872.0,210555863.0,3.0,355.96,0.0,1476.0,0.0,35.0,1.0,0.0,2075.0,4274116.0,0.4,0.0
31873.0,210565863.0,3.0,355.87,0.0,1476.0,0.0,35.0,1.0,0.0,2076.0,4274216.0,0.4,0.0
31874.0,210575863.0,3.0,355.87,0.0,1476.0,0.0,35.0,1.0,0.0,2077.0,4274316.0,0.4,0.1
31875.0,210585863.0,3.0,355.96,0.0,1476.0,0.0,35.0,1.0,0.0,2078.0,4274416.0,0.4,-0.0
31876.0,210595863.0,3.0,355.87,0.0,1476.0,0.0,35.0,1.0,0.0,2079.0,4274516.0,0.4,0.0
31877.0,210605863.0,3.0,356.04,0.0,1476.0,0.0,35.0,1.0,0.0,2080.0,4274616.0,0.4,0.0
31878.0,210615863.0,3.0,355.96,0.0,1476.0,0.0,35.0,1.0,0.0,2081.0,4274716.0,0.4,0.0
31879.0,210625863.0,3.0,355.96,0.0,1476.0,0.0,35.0,1.0,0.0,2082.0,4274816.0,0.4,0.0
31880.0,210635863.0,3.0,356.04,0.0,1476.0,0.0,35.0,1.0,0.0,2083.0,4274916.0,0.4,0.0
31881.0,210645863.0,3.0,355.96,0.0,1476.0,0.0,35.0,1.0,0.0,2084.0,4275016.0,0.4,0.0
31882.0,210655863.0,3.0,356.04,0.0,1476.0,0.0,35.0,1.0,0.0,2085.0,4275116.0,0.4,0.0
31883.0,210665863.0,3.0,355.96,0.0,1476.0,0.0,35.0,1.0,0.0,2086.0,4275216.0,0.4,0.0
31884.0,210675863.0,3.0,355.96,0.0,1476.0,0.0,35.0,1.0,0.0,2087.0,4275316.0,0.4,0.0
31885.0,210685863.0,3.0,355.96,0.0,1476.0,0.0,35.0,1.0,0.0,2088.0,4275416.0,0.4,0.0
31886.0,210695863.0,3.0,355.87,0.0,1476.0,0.0,35.0,1.0,0.0,2089.0,4275516.0,0.4,-0.0
31887.0,210705863.0,3.0,356.04,0.0,1476.0,0.0,35.0,1.0,0.0,2090.0,4275616.0,0.4,0.0
31888.0,210715863.0,3.0,355.96,0.0,1476.0,0.0,35.0,1.0,0.0,2091.0,4275716.0,0.4,0.0
31889.0,210725863.0,3.0,355.96,0.0,1476.0,0.0,35.0,1.0,0.0,2092.0,4275816.0,0.4,0.0
31890.0,210735863.0,3.0,355.96,0.0,1476.0,0.0,35.0,1.0,0.0,2093.0,4275916.0,0.4,-0.0
31891.0,210745863.0,3.0,356.04,0.0,1476.0,0.0,35.0,1.0,0.0,2094.0,4276016.0,0.4,0.0
31892.0,210755863.0,3.0,356.04,0.0,1476.0,0.0,35.0,1.0,0.0,2095.0,4276116.0,0.4,-0.0
31893.0,210765863.0,3.0,356.04,0.0,1476.0,0.0,35.0,1.0,0.0,2096.0,4276216.0,0.4,0.0
31894.0,210775863.0,3.0,355.96,0.0,1476.0,0.0,35.0,1.0,0.0,2097.0,4276316.0,0.4,-0.0
31895.0,210785863.0,3.0,356.04,0.0,1476.0,0.0,35.0,1.0,0.0,2098.0,4276416.0,0.4,0.0
31896.0,210795863.0,3.0,355.96,0.0,1476.0,0.0,35.0,1.0,0.0,2099.0,4276516.0,0.4,0.0
31897.0,210805863.0,3.0,356.04,0.0,1476.0,0.0,35.0,1.0,0.0,2100.0,4276616.0,0.4,-0.0
31898.0,210815863.0,3.0,355.96,0.0,1476.0,0.0,35.0,1.0,0.0,2101.0,4276716.0,0.4,0.0
31899.0,210825863.0,3.0,355.96,0.0,1476.0,0.0,35.0,1.0,0.0,2102.0,4276816.0,0.4,-0.0
31900.0,210835863.0,3.0,355.96,0.0,1476.0,0.0,35.0,1.0,0.0,2103.0,4276916.0,0.4,0.0
31901.0,210845863.0,3.0,355.96,0.0,1476.0,0.0,35.0,1.0,0.0,2104.0,4277016.0,0.4,0.0
31902.0,210855863.0,3.0,356.04,0.0,1476.0,0.0,35.0,1.0,0.0,2105.0,4277116.0,0.4,-0.0
31903.0,210865863.0,3.0,355.96,0.0,1476.0,0.0,35.0,1.0,0.0,2106.0,4277216.0,0.4,0.0
31904.0,210875863.0,3.0,355.96,0.0,1476.0,0.0,35.0,1.0,0.0,2107.0,4277316.0,0.4,-0.0
31905.0,210885863.0,3.0,355.96,0.0,1476.0,0.0,35.0,1.0,0.0,2108.0,4277416.0,0.4,0.0
31906.0,210895863.0,3.0,355.96,0.0,1476.0,0.0,35.0,1.0,0.0,2109.0,4277516.0,0.4,0.0
31907.0,210905863.0,3.0,355.96,0.0,1476.0,0.0,35.0,1.0,0.0,2110.0,4277616.0,0.4,0.0
31908.0,210915863.0,3.0,355.96,0.0,1476.0,0.0,35.0,1.0,0.0,2111.0,4277716.0,0.4,0.0
31909.0,210925863.0,3.0,355.96,0.0,1476.0,0.0,35.0,1.0,0.0,2112.0,4277816.0,0.4,0.0
31910.0,210935863.0,3.0,356.04,0.0,1476.0,0.0,35.0,1.0,0.0,2113.0,4277916.0,0.4,0.0
31911.0,210945863.0,3.0,355.96,0.0,1476.0,0.0,35.0,1.0,0.0,2114.0,4278016.0,0.4,0.0
31912.0,210955863.0,3.0,355.96,0.0,1476.0,0.0,35.0,1.0,0.0,2115.0,4278116.0,0.4,-0.0
31913.0,210965863.0,3.0,355.96,0.0,1476.0,0.0,35.0,1.0,0.0,2116.0,4278216.0,0.4,-0.0
31914.0,210975863.0,3.0,356.04,0.0,1476.0,0.0,35.0,1.0,0.0,2117.0,4278316.0,0.4,0.0
31915.0,210985863.0,3.0,355.96,0.0,1476.0,0.0,35.0,1.0,0.0,2118.0,4278416.0,0.4,0.0
31916.0,210995863.0,3.0,356.04,0.0,1476.0,0.0,35.0,1.0,0.0,2119.0,4278516.0,0.4,0.0
31917.0,211005863.0,3.0,355.96,0.0,1476.0,0.0,35.0,1.0,0.0,2120.0,4278616.0,0.4,0.0
31918.0,211015863.0,3.0,355.96,0.0,1476.0,0.0,35.0,1.0,0.0,2121.0,4278716.0,0.4,0.0
31919.0,211025863.0,3.0,355.96,0.0,1476.0,0.0,35.0,1.0,0.0,2122.0,4278816.0,0.4,0.0
31920.0,211035863.0,3.0,355.87,0.0,1476.0,0.0,35.0,1.0,0.0,2123.0,4278916.0,0.4,0.0
31921.0,211045863.0,3.0,355.96,0.0,1476.0,0.0,35.0,1.0,0.0,2124.0,4279016.0,0.4,-0.0
31922.0,211055863.0,3.0,356.04,0.0,1476.0,0.0,35.0,1.0,0.0,2125.0,4279116.0,0.4,0.0
31923.0,211065863.0,3.0,356.04,0.0,1476.0,0.0,35.0,1.0,0.0,2126.0,4279216.0,0.4,-0.0
31924.0,211075863.0,3.0,355.96,0.0,1476.0,0.0,35.0,1.0,0.0,2127.0,4279316.0,0.4,0.0
31925.0,211085863.0,3.0,355.96,0.0,1476.0,0.0,35.0,1.0,0.0,2128.0,4279416.0,0.4,0.0
31926.0,211095863.0,3.0,355.96,0.0,1476.0,0.0,35.0,1.0,0.0,2129.0,4279516.0,0.4,0.0
31927.0,211105863.0,3.0,355.96,0.0,1476.0,0.0,35.0,1.0,0.0,2130.0,4279616.0,0.4,0.0
31928.0,211115863.0,3.0,355.96,0.0,1476.0,0.0,35.0,1.0,0.0,2131.0,4279716.0,0.4,0.0
31929.0,211125863.0,3.0,356.04,0.0,1476.0,0.0,35.0,1.0,0.0,2132.0,4279816.0,0.4,0.0
31930.0,211135863.0,3.0,355.87,0.0,1476.0,0.0,35.0,1.0,0.0,2133.0,4279916.0,0.4,-0.0
31931.0,211145863.0,3.0,355.96,0.0,1476.0,0.0,35.0,1.0,0.0,2134.0,4280016.0,0.4,0.0
31932.0,211155863.0,3.0,355.96,0.0,1476.0,0.0,35.0,1.0,0.0,2135.0,4280116.0,0.4,0.0
31933.0,211165863.0,3.0,355.96,0.0,1476.0,0.0,35.0,1.0,0.0,2136.0,4280216.0,0.4,0.0
31934.0,211175863.0,3.0,355.96,0.0,1476.0,0.0,35.0,1.0,0.0,2137.0,4280316.0,0.4,-0.0
31935.0,211185863.0,3.0,355.96,0.0,1476.0,0.0,35.0,1.0,0.0,2138.0,4280416.0,0.4,0.0
31936.0,211195863.0,3.0,355.87,0.0,1476.0,0.0,35.0,1.0,0.0,2139.0,4280516.0,0.4,0.0
31937.0,211205863.0,3.0,355.96,0.0,1476.0,0.0,35.0,1.0,0.0,2140.0,4280616.0,0.4,0.0
31938.0,211215863.0,3.0,355.96,0.0,1476.0,0.0,35.0,1.0,0.0,2141.0,4280716.0,0.4,-0.0
31939.0,211225863.0,3.0,356.04,0.0,1476.0,0.0,35.0,1.0,0.0,2142.0,4280816.0,0.4,-0.0
31940.0,211235863.0,3.0,355.96,0.0,1476.0,0.0,35.0,1.0,0.0,2143.0,4280916.0,0.4,-0.0
31941.0,211245863.0,3.0,356.04,0.0,1476.0,0.0,35.0,1.0,0.0,2144.0,4281016.0,0.4,-0.0
31942.0,211255863.0,3.0,355.96,0.0,1476.0,0.0,35.0,1.0,0.0,2145.0,4281116.0,0.4,-0.0
31943.0,211265863.0,3.0,355.96,0.0,1476.0,0.0,35.0,1.0,0.0,2146.0,4281216.0,0.4,-0.0
31944.0,211275863.0,3.0,355.96,0.0,1476.0,0.0,35.0,1.0,0.0,2147.0,4281316.0,0.4,0.0
31945.0,211285863.0,3.0,355.96,0.0,1476.0,0.0,35.0,1.0,0.0,2148.0,4281416.0,0.4,0.0
31946.0,211295863.0,3.0,355.96,0.0,1476.0,0.0,35.0,1.0,0.0,2149.0,4281516.0,0.4,-0.0
31947.0,211305863.0,3.0,356.04,0.0,1476.0,0.0,35.0,1.0,0.0,2150.0,4281616.0,0.4,0.0
31948.0,211315863.0,3.0,355.96,0.0,1476.0,0.0,35.0,1.0,0.0,2151.0,4281716.0,0.4,0.0
31949.0,211325863.0,3.0,356.04,0.0,1476.0,0.0,35.0,1.0,0.0,2152.0,4281816.0,0.4,-0.0
31950.0,211335863.0,3.0,355.96,0.0,1476.0,0.0,35.0,1.0,0.0,2153.0,4281916.0,0.4,-0.0
31951.0,211345863.0,3.0,356.04,0.0,1476.0,0.0,35.0,1.0,0.0,2154.0,4282016.0,0.4,-0.0
31952.0,211355863.0,3.0,355.96,0.0,1476.0,0.0,35.0,1.0,0.0,2155.0,4282116.0,0.4,-0.0
31953.0,211365863.0,3.0,356.04,0.0,1476.0,0.0,35.0,1.0,0.0,2156.0,4282216.0,0.4,0.0
31954.0,211375863.0,3.0,355.96,0.0,1476.0,0.0,35.0,1.0,0.0,2157.0,4282316.0,0.4,0.0
31955.0,211385863.0,3.0,355.96,0.0,1476.0,0.0,35.0,1.0,0.0,2158.0,4282416.0,0.4,0.0
31956.0,211395863.0,3.0,355.96,0.0,1476.0,0.0,35.0,1.0,0.0,2159.0,4282516.0,0.4,-0.0
31957.0,211405863.0,3.0,355.96,0.0,1476.0,0.0,35.0,1.0,0.0,2160.0,4282616.0,0.4,0.0
31958.0,211415863.0,3.0,355.96,0.0,1476.0,0.0,35.0,1.0,0.0,2161.0,4282716.0,0.4,0.0
31959.0,211425863.0,3.0,355.96,0.0,1476.0,0.0,35.0,1.0,0.0,2162.0,4282816.0,0.4,0.0
31960.0,211435863.0,3.0,356.04,0.0,1476.0,0.0,35.0,1.0,0.0,2163.0,4282916.0,0.4,-0.0
31961.0,211445863.0,3.0,356.04,0.0,1476.0,0.0,35.0,1.0,0.0,2164.0,4283016.0,0.4,-0.0
31962.0,211455863.0,3.0,355.96,0.0,1476.0,0.0,35.0,1.0,0.0,2165.0,4283116.0,0.4,0.0
31963.0,211465863.0,3.0,355.87,0.0,1476.0,0.0,35.0,1.0,0.0,2166.0,4283216.0,0.4,0.0
31964.0,211475863.0,3.0,355.87,0.0,1476.0,0.0,35.0,1.0,0.0,2167.0,4283316.0,0.4,0.0
31965.0,211485863.0,3.0,356.04,0.0,1476.0,0.0,35.0,1.0,0.0,2168.0,4283416.0,0.4,0.0
31966.0,211495863.0,3.0,356.04,0.0,1476.0,0.0,35.0,1.0,0.0,2169.0,4283516.0,0.4,0.0
31967.0,211505863.0,3.0,355.96,0.0,1476.0,0.0,35.0,1.0,0.0,2170.0,4283616.0,0.4,0.0
31968.0,211515863.0,3.0,355.96,0.0,1476.0,0.0,35.0,1.0,0.0,2171.0,4283716.0,0.4,-0.0
31969.0,211525863.0,3.0,355.96,0.0,1476.0,0.0,35.0,1.0,0.0,2172.0,4283816.0,0.4,0.0
31970.0,211535863.0,3.0,356.04,0.0,1476.0,0.0,35.0,1.0,0.0,2173.0,4283916.0,0.4,0.0
31971.0,211545863.0,3.0,355.87,0.0,1476.0,0.0,35.0,1.0,0.0,2174.0,4284016.0,0.4,-0.0
31972.0,211555863.0,3.0,355.96,0.0,1476.0,0.0,35.0,1.0,0.0,2175.0,4284116.0,0.4,-0.0
31973.0,211565863.0,3.0,355.96,0.0,1476.0,0.0,35.0,1.0,0.0,2176.0,4284216.0,0.4,0.0
31974.0,211575863.0,3.0,355.96,0.0,1476.0,0.0,35.0,1.0,0.0,2177.0,4284316.0,0.4,0.0
31975.0,211585863.0,3.0,355.96,0.0,1476.0,0.0,35.0,1.0,0.0,2178.0,4284416.0,0.4,-0.0
31976.0,211595863.0,3.0,355.87,0.0,1476.0,0.0,35.0,1.0,0.0,2179.0,4284516.0,0.4,-0.0
31977.0,211605863.0,3.0,355.96,0.0,1476.0,0.0,35.0,1.0,0.0,2180.0,4284616.0,0.4,0.0
31978.0,211615863.0,3.0,355.96,0.0,1476.0,0.0,35.0,1.0,0.0,2181.0,4284716.0,0.4,0.0
31979.0,211625863.0,3.0,356.04,0.0,1476.0,0.0,35.0,1.0,0.0,2182.0,4284816.0,0.4,-0.0
31980.0,211635863.0,3.0,355.96,0.0,1476.0,0.0,35.0,1.0,0.0,2183.0,4284916.0,0.4,-0.0
31981.0,211645863.0,3.0,355.96,0.0,1476.0,0.0,35.0,1.0,0.0,2184.0,4285016.0,0.4,0.0
31982.0,211655863.0,3.0,355.96,0.0,1476.0,0.0,35.0,1.0,0.0,2185.0,4285116.0,0.4,0.0
31983.0,211665863.0,3.0,355.96,0.0,1476.0,0.0,35.0,1.0,0.0,2186.0,4285216.0,0.4,0.0
31984.0,211675863.0,3.0,356.13,0.0,1476.0,0.0,35.0,1.0,0.0,2187.0,4285316.0,0.4,-0.0
31985.0,211685863.0,3.0,355.96,0.0,1476.0,0.0,35.0,1.0,0.0,2188.0,4285416.0,0.4,0.0
31986.0,211695863.0,3.0,355.96,0.0,1476.0,0.0,35.0,1.0,0.0,2189.0,4285516.0,0.4,0.0
31987.0,211705863.0,3.0,356.04,0.0,1476.0,0.0,35.0,1.0,0.0,2190.0,4285616.0,0.4,-0.0
31988.0,211715863.0,3.0,355.96,0.0,1476.0,0.0,35.0,1.0,0.0,2191.0,4285716.0,0.4,0.0
31989.0,211725863.0,3.0,355.96,0.0,1476.0,0.0,35.0,1.0,0.0,2192.0,4285816.0,0.4,0.0
31990.0,211735863.0,3.0,355.96,0.0,1476.0,0.0,35.0,1.0,0.0,2193.0,4285916.0,0.4,-0.0
31991.0,211745863.0,3.0,355.87,0.0,1476.0,0.0,35.0,1.0,0.0,2194.0,4286016.0,0.4,0.0
31992.0,211755863.0,3.0,356.04,0.0,1476.0,0.0,35.0,1.0,0.0,2195.0,4286116.0,0.4,-0.0
31993.0,211765863.0,3.0,355.87,0.0,1476.0,0.0,35.0,1.0,0.0,2196.0,4286216.0,0.4,0.0
31994.0,211775863.0,3.0,355.96,0.0,1476.0,0.0,35.0,1.0,0.0,2197.0,4286316.0,0.4,-0.0
31995.0,211785863.0,3.0,356.04,0.0,1476.0,0.0,35.0,1.0,0.0,2198.0,4286416.0,0.4,-0.0
31996.0,211795863.0,3.0,355.96,0.0,1476.0,0.0,35.0,1.0,0.0,2199.0,4286516.0,0.4,0.0
31997.0,211805863.0,3.0,355.87,0.0,1476.0,0.0,35.0,1.0,0.0,2200.0,4286616.0,0.4,-0.0
31998.0,211815863.0,3.0,355.96,0.0,1476.0,0.0,35.0,1.0,0.0,2201.0,4286716.0,0.4,0.0
31999.0,211825863.0,3.0,355.96,0.0,1476.0,0.0,35.0,1.0,0.0,2202.0,4286816.0,0.4,-0.0
32000.0,211835863.0,3.0,356.04,0.0,1476.0,0.0,35.0,1.0,0.0,2203.0,4286916.0,0.4,0.0
32001.0,211845863.0,3.0,356.04,0.0,1476.0,0.0,35.0,1.0,0.0,2204.0,4287016.0,0.4,-0.0
32002.0,211855863.0,3.0,355.96,0.0,1476.0,0.0,35.0,1.0,0.0,2205.0,4287116.0,0.4,-0.0
32003.0,211865863.0,3.0,355.96,0.0,1476.0,0.0,35.0,1.0,0.0,2206.0,4287216.0,0.4,0.0
32004.0,211875863.0,3.0,356.04,0.0,1476.0,0.0,35.0,1.0,0.0,2207.0,4287316.0,0.4,-0.0
32005.0,211885863.0,3.0,356.04,0.0,1476.0,0.0,35.0,1.0,0.0,2208.0,4287416.0,0.4,-0.0
32006.0,211895863.0,3.0,356.04,0.0,1476.0,0.0,35.0,1.0,0.0,2209.0,4287516.0,0.4,-0.0
32007.0,211905863.0,3.0,355.96,0.0,1476.0,0.0,35.0,1.0,0.0,2210.0,4287616.0,0.4,0.0
32008.0,211915863.0,3.0,355.96,0.0,1476.0,0.0,35.0,1.0,0.0,2211.0,4287716.0,0.4,0.0
32009.0,211925863.0,3.0,355.87,0.0,1476.0,0.0,35.0,1.0,0.0,2212.0,4287816.0,0.4,-0.0
32010.0,211935863.0,3.0,356.04,0.0,1476.0,0.0,35.0,1.0,0.0,2213.0,4287916.0,0.4,-0.0
32011.0,211945863.0,3.0,355.96,0.0,1476.0,0.0,35.0,1.0,0.0,2214.0,4288016.0,0.4,0.0
32012.0,211955863.0,3.0,355.96,0.0,1476.0,0.0,35.0,1.0,0.0,2215.0,4288116.0,0.4,-0.0
32013.0,211965863.0,3.0,355.96,0.0,1476.0,0.0,35.0,1.0,0.0,2216.0,4288216.0,0.4,0.0
32014.0,211975863.0,3.0,356.04,0.0,1476.0,0.0,35.0,1.0,0.0,2217.0,4288316.0,0.4,0.0
32015.0,211985863.0,3.0,355.96,0.0,1476.0,0.0,35.0,1.0,0.0,2218.0,4288416.0,0.4,0.0
32016.0,211995863.0,3.0,355.96,0.0,1476.0,0.0,35.0,1.0,0.0,2219.0,4288516.0,0.4,0.0
32017.0,212005863.0,3.0,355.96,0.0,1476.0,0.0,35.0,1.0,0.0,2220.0,4288616.0,0.4,-0.0
32018.0,212015863.0,3.0,355.96,0.0,1476.0,0.0,35.0,1.0,0.0,2221.0,4288716.0,0.4,0.0
32019.0,212025863.0,3.0,355.96,0.0,1476.0,0.0,35.0,1.0,0.0,2222.0,4288816.0,0.4,0.0
32020.0,212035863.0,3.0,355.96,0.0,1476.0,0.0,35.0,1.0,0.0,2223.0,4288916.0,0.4,0.0
32021.0,212045863.0,3.0,355.96,0.0,1476.0,0.0,35.0,1.0,0.0,2224.0,4289016.0,0.4,0.0
32022.0,212055863.0,3.0,356.04,0.0,1476.0,0.0,35.0,1.0,0.0,2225.0,4289116.0,0.4,0.0
32023.0,212065863.0,3.0,355.96,0.0,1476.0,0.0,35.0,1.0,0.0,2226.0,4289216.0,0.4,-0.0
32024.0,212075863.0,3.0,355.96,0.0,1476.0,0.0,35.0,1.0,0.0,2227.0,4289316.0,0.39,-0.0
32025.0,212085863.0,3.0,355.96,0.0,1476.0,0.0,35.0,1.0,0.0,2228.0,4289416.0,0.4,0.0
32026.0,212095863.0,3.0,356.04,0.0,1476.0,0.0,35.0,1.0,0.0,2229.0,4289516.0,0.4,-0.0
32027.0,212105863.0,3.0,356.13,0.0,1476.0,0.0,35.0,1.0,0.0,2230.0,4289616.0,0.39,0.0
32028.0,212115863.0,3.0,355.96,0.0,1476.0,0.0,35.0,1.0,0.0,2231.0,4289716.0,0.39,-0.0
32029.0,212125863.0,3.0,355.96,0.0,1476.0,0.0,35.0,1.0,0.0,2232.0,4289816.0,0.4,0.0
32030.0,212135863.0,3.0,355.96,0.0,1476.0,0.0,35.0,1.0,0.0,2233.0,4289916.0,0.4,0.0
32031.0,212145863.0,3.0,355.96,0.0,1476.0,0.0,35.0,1.0,0.0,2234.0,4290016.0,0.4,0.0
32032.0,212155863.0,3.0,355.96,0.0,1476.0,0.0,35.0,1.0,0.0,2235.0,4290116.0,0.4,0.0
32033.0,212165863.0,3.0,355.96,0.0,1476.0,0.0,35.0,1.0,0.0,2236.0,4290216.0,0.4,-0.0
32034.0,212175863.0,3.0,355.87,0.0,1476.0,0.0,35.0,1.0,0.0,2237.0,4290316.0,0.4,0.0
32035.0,212185863.0,3.0,355.96,0.0,1476.0,0.0,35.0,1.0,0.0,2238.0,4290416.0,0.4,-0.0
32036.0,212195863.0,3.0,355.96,0.0,1476.0,0.0,35.0,1.0,0.0,2239.0,4290516.0,0.39,0.0
32037.0,212205863.0,3.0,356.04,0.0,1476.0,0.0,35.0,1.0,0.0,2240.0,4290616.0,0.4,0.0
32038.0,212215863.0,3.0,355.87,0.0,1476.0,0.0,35.0,1.0,0.0,2241.0,4290716.0,0.4,0.0
32039.0,212225863.0,3.0,355.96,0.0,1476.0,0.0,35.0,1.0,0.0,2242.0,4290816.0,0.39,-0.0
32040.0,212235863.0,3.0,355.96,0.0,1476.0,0.0,35.0,1.0,0.0,2243.0,4290916.0,0.39,0.0
32041.0,212245863.0,3.0,355.87,0.0,1476.0,0.0,35.0,1.0,0.0,2244.0,4291016.0,0.4,0.0
32042.0,212255863.0,3.0,355.96,0.0,1476.0,0.0,35.0,1.0,0.0,2245.0,4291116.0,0.4,-0.0
32043.0,212265863.0,3.0,355.96,0.0,1476.0,0.0,35.0,1.0,0.0,2246.0,4291216.0,0.39,0.0
32044.0,212275863.0,3.0,356.04,0.0,1476.0,0.0,35.0,1.0,0.0,2247.0,4291316.0,0.39,0.0
32045.0,212285863.0,3.0,355.96,0.0,1476.0,0.0,35.0,1.0,0.0,2248.0,4291416.0,0.4,0.0
32046.0,212295863.0,3.0,355.96,0.0,1476.0,0.0,35.0,1.0,0.0,2249.0,4291516.0,0.4,-0.0
32047.0,212305863.0,3.0,356.04,0.0,1476.0,0.0,35.0,1.0,0.0,2250.0,4291616.0,0.4,0.0
32048.0,212315863.0,3.0,355.87,0.0,1476.0,0.0,35.0,1.0,0.0,2251.0,4291716.0,0.4,0.0
32049.0,212325863.0,3.0,356.04,0.0,1476.0,0.0,35.0,1.0,0.0,2252.0,4291816.0,0.4,0.0
32050.0,212335863.0,3.0,355.96,0.0,1476.0,0.0,35.0,1.0,0.0,2253.0,4291916.0,0.39,-0.0
32051.0,212345863.0,3.0,355.96,0.0,1476.0,0.0,35.0,1.0,0.0,2254.0,4292016.0,0.39,0.0
32052.0,212355863.0,3.0,355.87,0.0,1476.0,0.0,35.0,1.0,0.0,2255.0,4292116.0,0.4,0.1
32053.0,212365863.0,3.0,355.96,0.0,1476.0,0.0,35.0,1.0,0.0,2256.0,4292216.0,0.4,-0.0
32054.0,212375863.0,3.0,356.04,0.0,1476.0,0.0,35.0,1.0,0.0,2257.0,4292316.0,0.39,0.0
32055.0,212385863.0,3.0,355.96,0.0,1476.0,0.0,35.0,1.0,0.0,2258.0,4292416.0,0.4,0.0
32056.0,212395863.0,3.0,355.96,0.0,1476.0,0.0,35.0,1.0,0.0,2259.0,4292516.0,0.4,0.0
32057.0,212405863.0,3.0,355.96,0.0,1476.0,0.0,35.0,1.0,0.0,2260.0,4292616.0,0.4,-0.0
32058.0,212415863.0,3.0,355.96,0.0,1476.0,0.0,35.0,1.0,0.0,2261.0,4292716.0,0.4,0.0
32059.0,212425863.0,3.0,355.96,0.0,1476.0,0.0,35.0,1.0,0.0,2262.0,4292816.0,0.4,0.0
32060.0,212435863.0,3.0,355.96,0.0,1476.0,0.0,35.0,1.0,0.0,2263.0,4292916.0,0.4,-0.0
32061.0,212445863.0,3.0,356.04,0.0,1476.0,0.0,35.0,1.0,0.0,2264.0,4293016.0,0.4,0.0
32062.0,212455863.0,3.0,355.96,0.0,1476.0,0.0,35.0,1.0,0.0,2265.0,4293116.0,0.4,-0.0
32063.0,212465863.0,3.0,355.96,0.0,1476.0,0.0,35.0,1.0,0.0,2266.0,4293216.0,0.4,0.0
32064.0,212475863.0,3.0,355.96,0.0,1476.0,0.0,35.0,1.0,0.0,2267.0,4293316.0,0.4,-0.0
32065.0,212485863.0,3.0,355.96,0.0,1476.0,0.0,35.0,1.0,0.0,2268.0,4293416.0,0.39,0.0
32066.0,212495863.0,3.0,355.96,0.0,1476.0,0.0,35.0,1.0,0.0,2269.0,4293516.0,0.4,0.0
32067.0,212505863.0,3.0,355.96,0.0,1476.0,0.0,35.0,1.0,0.0,2270.0,4293616.0,0.4,0.0
32068.0,212515863.0,3.0,355.87,0.0,1476.0,0.0,35.0,1.0,0.0,2271.0,4293716.0,0.4,-0.0
32069.0,212525863.0,3.0,356.04,0.0,1476.0,0.0,35.0,1.0,0.0,2272.0,4293816.0,0.39,-0.0
32070.0,212535863.0,3.0,355.96,0.0,1476.0,0.0,35.0,1.0,0.0,2273.0,4293916.0,0.39,0.0
32071.0,212545863.0,3.0,355.96,0.0,1476.0,0.0,35.0,1.0,0.0,2274.0,4294016.0,0.39,-0.0
32072.0,212555863.0,3.0,355.96,0.0,1476.0,0.0,35.0,1.0,0.0,2275.0,4294116.0,0.39,0.0
32073.0,212565863.0,3.0,355.96,0.0,1476.0,0.0,35.0,1.0,0.0,2276.0,4294216.0,0.39,-0.0
32074.0,212575863.0,3.0,356.04,0.0,1476.0,0.0,35.0,1.0,0.0,2277.0,4294316.0,0.39,0.0
32075.0,212585863.0,3.0,355.96,0.0,1476.0,0.0,35.0,1.0,0.0,2278.0,4294416.0,0.39,0.0
32076.0,212595863.0,3.0,356.04,0.0,1476.0,0.0,35.0,1.0,0.0,2279.0,4294516.0,0.39,0.0
32077.0,212605863.0,3.0,356.13,0.0,1476.0,0.0,35.0,1.0,0.0,2280.0,4294616.0,0.39,0.0
32078.0,212615863.0,3.0,356.04,0.0,1476.0,0.0,35.0,1.0,0.0,2281.0,4294716.0,0.4,0.0
32079.0,212625863.0,3.0,355.96,0.0,1476.0,0.0,35.0,1.0,0.0,2282.0,4294816.0,0.4,0.0
32080.0,212635863.0,3.0,355.96,0.0,1476.0,0.0,35.0,1.0,0.0,2283.0,4294916.0,0.4,0.0
32081.0,212645863.0,3.0,355.87,0.0,1476.0,0.0,35.0,1.0,0.0,2284.0,4295016.0,0.39,-0.0
32082.0,212655863.0,3.0,355.96,0.0,1476.0,0.0,35.0,1.0,0.0,2285.0,4295116.0,0.39,-0.0
32083.0,212665863.0,3.0,355.96,0.0,1476.0,0.0,35.0,1.0,0.0,2286.0,4295216.0,0.39,0.1
32084.0,212675863.0,3.0,356.04,0.0,1476.0,0.0,35.0,1.0,0.0,2287.0,4295316.0,0.4,0.1
32085.0,212685863.0,3.0,355.96,0.0,1476.0,0.0,35.0,1.0,0.0,2288.0,4295416.0,0.4,-0.0
32086.0,212695863.0,3.0,356.04,0.0,1476.0,0.0,35.0,1.0,0.0,2289.0,4295516.0,0.39,-0.0
32087.0,212705863.0,3.0,356.13,0.0,1476.0,0.0,35.0,1.0,0.0,2290.0,4295616.0,0.39,-0.0
32088.0,212715863.0,3.0,355.96,0.0,1476.0,0.0,35.0,1.0,0.0,2291.0,4295716.0,0.4,0.1
32089.0,212725863.0,3.0,355.96,0.0,1476.0,0.0,35.0,1.0,0.0,2292.0,4295816.0,0.4,0.0
32090.0,212735863.0,3.0,355.96,0.0,1476.0,0.0,35.0,1.0,0.0,2293.0,4295916.0,0.4,0.0
32091.0,212745863.0,3.0,356.04,0.0,1476.0,0.0,35.0,1.0,0.0,2294.0,4296016.0,0.4,0.0
32092.0,212755863.0,3.0,355.96,0.0,1476.0,0.0,35.0,1.0,0.0,2295.0,4296116.0,0.4,0.0
32093.0,212765863.0,3.0,355.96,0.0,1476.0,0.0,35.0,1.0,0.0,2296.0,4296216.0,0.4,0.0
32094.0,212775863.0,3.0,356.04,0.0,1476.0,0.0,35.0,1.0,0.0,2297.0,4296316.0,0.4,0.0
32095.0,212785863.0,3.0,356.04,0.0,1476.0,0.0,35.0,1.0,0.0,2298.0,4296416.0,0.4,0.0
32096.0,212795863.0,3.0,355.96,0.0,1476.0,0.0,35.0,1.0,0.0,2299.0,4296516.0,0.4,-0.0
32097.0,212805863.0,3.0,355.96,0.0,1476.0,0.0,35.0,1.0,0.0,2300.0,4296616.0,0.4,0.0
32098.0,212815863.0,3.0,356.04,0.0,1476.0,0.0,35.0,1.0,0.0,2301.0,4296716.0,0.4,0.0
32099.0,212825863.0,3.0,355.96,0.0,1476.0,0.0,35.0,1.0,0.0,2302.0,4296816.0,0.4,0.0
32100.0,212835863.0,3.0,355.96,0.0,1476.0,0.0,35.0,1.0,0.0,2303.0,4296916.0,0.4,0.0
32101.0,212845863.0,3.0,355.96,0.0,1476.0,0.0,35.0,1.0,0.0,2304.0,4297016.0,0.4,-0.0
32102.0,212855863.0,3.0,355.96,0.0,1476.0,0.0,35.0,1.0,0.0,2305.0,4297116.0,0.4,0.0
32103.0,212865863.0,3.0,356.04,0.0,1476.0,0.0,35.0,1.0,0.0,2306.0,4297216.0,0.4,-0.0
32104.0,212875863.0,3.0,355.96,0.0,1476.0,0.0,35.0,1.0,0.0,2307.0,4297316.0,0.4,0.0
32105.0,212885863.0,3.0,355.96,0.0,1476.0,0.0,35.0,1.0,0.0,2308.0,4297416.0,0.4,0.0
32106.0,212895863.0,3.0,356.04,0.0,1476.0,0.0,35.0,1.0,0.0,2309.0,4297516.0,0.4,0.0
32107.0,212905863.0,3.0,355.96,0.0,1476.0,0.0,35.0,1.0,0.0,2310.0,4297616.0,0.4,0.0
32108.0,212915863.0,3.0,355.96,0.0,1476.0,0.0,35.0,1.0,0.0,2311.0,4297716.0,0.4,-0.0
32109.0,212925863.0,3.0,355.96,0.0,1476.0,0.0,35.0,1.0,0.0,2312.0,4297816.0,0.4,0.0
32110.0,212935863.0,3.0,356.04,0.0,1476.0,0.0,35.0,1.0,0.0,2313.0,4297916.0,0.4,0.0
32111.0,212945863.0,3.0,355.96,0.0,1476.0,0.0,35.0,1.0,0.0,2314.0,4298016.0,0.4,-0.0
32112.0,212955863.0,3.0,355.96,0.0,1476.0,0.0,35.0,1.0,0.0,2315.0,4298116.0,0.4,0.0
32113.0,212965863.0,3.0,356.04,0.0,1476.0,0.0,35.0,1.0,0.0,2316.0,4298216.0,0.4,0.0
32114.0,212975863.0,3.0,355.96,0.0,1476.0,0.0,35.0,1.0,0.0,2317.0,4298316.0,0.4,-0.0
32115.0,212985863.0,3.0,355.96,0.0,1476.0,0.0,35.0,1.0,0.0,2318.0,4298416.0,0.4,0.0
32116.0,212995863.0,3.0,355.96,0.0,1476.0,0.0,35.0,1.0,0.0,2319.0,4298516.0,0.4,-0.0
32117.0,213005863.0,3.0,355.96,0.0,1476.0,0.0,35.0,1.0,0.0,2320.0,4298616.0,0.4,0.0
32118.0,213015863.0,3.0,355.87,0.0,1476.0,0.0,35.0,1.0,0.0,2321.0,4298716.0,0.4,0.0
32119.0,213025863.0,3.0,355.96,0.0,1476.0,0.0,35.0,1.0,0.0,2322.0,4298816.0,0.4,0.0
32120.0,213035863.0,3.0,355.87,0.0,1476.0,0.0,35.0,1.0,0.0,2323.0,4298916.0,0.4,0.0
32121.0,213045863.0,3.0,356.04,0.0,1476.0,0.0,35.0,1.0,0.0,2324.0,4299016.0,0.4,0.0
32122.0,213055863.0,3.0,355.96,0.0,1476.0,0.0,35.0,1.0,0.0,2325.0,4299116.0,0.4,0.0
32123.0,213065863.0,3.0,355.96,0.0,1476.0,0.0,35.0,1.0,0.0,2326.0,4299216.0,0.4,0.0
32124.0,213075863.0,3.0,355.96,0.0,1476.0,0.0,35.0,1.0,0.0,2327.0,4299316.0,0.4,-0.0
32125.0,213085863.0,3.0,355.96,0.0,1476.0,0.0,35.0,1.0,0.0,2328.0,4299416.0,0.4,0.0
32126.0,213095863.0,3.0,356.04,0.0,1476.0,0.0,35.0,1.0,0.0,2329.0,4299516.0,0.4,0.0
32127.0,213105863.0,3.0,355.96,0.0,1476.0,0.0,35.0,1.0,0.0,2330.0,4299616.0,0.4,-0.1
32128.0,213115863.0,3.0,356.04,0.0,1476.0,0.0,35.0,1.0,0.0,2331.0,4299716.0,0.39,0.0
32129.0,213125863.0,3.0,355.87,0.0,1476.0,0.0,35.0,1.0,0.0,2332.0,4299816.0,0.4,0.0
32130.0,213135863.0,3.0,355.87,0.0,1476.0,0.0,35.0,1.0,0.0,2333.0,4299916.0,0.4,-0.0
32131.0,213145863.0,3.0,356.04,0.0,1476.0,0.0,35.0,1.0,0.0,2334.0,4300016.0,0.4,0.0
32132.0,213155863.0,3.0,355.96,0.0,1476.0,0.0,35.0,1.0,0.0,2335.0,4300116.0,0.4,0.0
32133.0,213165863.0,3.0,355.87,0.0,1476.0,0.0,35.0,1.0,0.0,2336.0,4300216.0,0.4,0.1
32134.0,213175863.0,3.0,355.96,0.0,1476.0,0.0,35.0,1.0,0.0,2337.0,4300316.0,0.4,-0.0
32135.0,213185863.0,3.0,355.96,0.0,1476.0,0.0,35.0,1.0,0.0,2338.0,4300416.0,0.4,0.1
32136.0,213195863.0,3.0,355.87,0.0,1476.0,0.0,35.0,1.0,0.0,2339.0,4300516.0,0.4,0.1
32137.0,213205863.0,3.0,356.04,0.0,1476.0,0.0,35.0,1.0,0.0,2340.0,4300616.0,0.4,-0.0
32138.0,213215863.0,3.0,355.96,0.0,1476.0,0.0,35.0,1.0,0.0,2341.0,4300716.0,0.4,0.0
32139.0,213225863.0,3.0,355.96,0.0,1476.0,0.0,35.0,1.0,0.0,2342.0,4300816.0,0.4,0.1
32140.0,213235863.0,3.0,355.96,0.0,1476.0,0.0,35.0,1.0,0.0,2343.0,4300916.0,0.4,-0.0
32141.0,213245863.0,3.0,356.13,0.0,1476.0,0.0,35.0,1.0,0.0,2344.0,4301016.0,0.4,0.0
32142.0,213255863.0,3.0,355.96,0.0,1476.0,0.0,35.0,1.0,0.0,2345.0,4301116.0,0.4,-0.0
32143.0,213265863.0,3.0,355.96,0.0,1476.0,0.0,35.0,1.0,0.0,2346.0,4301216.0,0.4,-0.0
32144.0,213275863.0,3.0,356.04,0.0,1476.0,0.0,35.0,1.0,0.0,2347.0,4301316.0,0.4,-0.0
32145.0,213285863.0,3.0,356.04,0.0,1476.0,0.0,35.0,1.0,0.0,2348.0,4301416.0,0.4,-0.0
32146.0,213295863.0,3.0,355.96,0.0,1476.0,0.0,35.0,1.0,0.0,2349.0,4301516.0,0.4,0.0
32147.0,213305863.0,3.0,355.96,0.0,1476.0,0.0,35.0,1.0,0.0,2350.0,4301616.0,0.39,-0.1
32148.0,213315863.0,3.0,355.96,0.0,1476.0,0.0,35.0,1.0,0.0,2351.0,4301716.0,0.39,0.1
32149.0,213325863.0,3.0,356.04,0.0,1476.0,0.0,35.0,1.0,0.0,2352.0,4301816.0,0.4,0.1
32150.0,213335863.0,3.0,355.96,0.0,1476.0,0.0,35.0,1.0,0.0,2353.0,4301916.0,0.4,-0.1
32151.0,213345863.0,3.0,356.04,0.0,1476.0,0.0,35.0,1.0,0.0,2354.0,4302016.0,0.4,0.0
32152.0,213355863.0,3.0,355.96,0.0,1476.0,0.0,35.0,1.0,0.0,2355.0,4302116.0,0.4,-0.0
32153.0,213365863.0,3.0,356.04,0.0,1476.0,0.0,35.0,1.0,0.0,2356.0,4302216.0,0.4,-0.0
32154.0,213375863.0,3.0,355.96,0.0,1476.0,0.0,35.0,1.0,0.0,2357.0,4302316.0,0.4,-0.1
32155.0,213385863.0,3.0,356.04,0.0,1476.0,0.0,35.0,1.0,0.0,2358.0,4302416.0,0.39,-0.1
32156.0,213395863.0,3.0,355.96,0.0,1476.0,0.0,35.0,1.0,0.0,2359.0,4302516.0,0.39,0.0
32157.0,213405863.0,3.0,355.96,0.0,1476.0,0.0,35.0,1.0,0.0,2360.0,4302616.0,0.39,0.0
32158.0,213415863.0,3.0,355.96,0.0,1476.0,0.0,35.0,1.0,0.0,2361.0,4302716.0,0.4,0.1
32159.0,213425863.0,3.0,355.96,0.0,1476.0,0.0,35.0,1.0,0.0,2362.0,4302816.0,0.4,0.0
32160.0,213435863.0,3.0,355.96,0.0,1476.0,0.0,35.0,1.0,0.0,2363.0,4302916.0,0.39,-0.0
32161.0,213445863.0,3.0,356.13,0.0,1476.0,0.0,35.0,1.0,0.0,2364.0,4303016.0,0.4,0.0
32162.0,213455863.0,3.0,356.04,0.0,1476.0,0.0,35.0,1.0,0.0,2365.0,4303116.0,0.4,0.0
32163.0,213465863.0,3.0,355.96,0.0,1476.0,0.0,35.0,1.0,0.0,2366.0,4303216.0,0.4,-0.0
32164.0,213475863.0,3.0,355.87,0.0,1476.0,0.0,35.0,1.0,0.0,2367.0,4303316.0,0.39,-0.1
32165.0,213485863.0,3.0,355.87,0.0,1476.0,0.0,35.0,1.0,0.0,2368.0,4303416.0,0.39,0.0
32166.0,213495863.0,3.0,356.04,0.0,1476.0,0.0,35.0,1.0,0.0,2369.0,4303516.0,0.39,-0.0
32167.0,213505863.0,3.0,356.04,0.0,1476.0,0.0,35.0,1.0,0.0,2370.0,4303616.0,0.39,-0.0
32168.0,213515863.0,3.0,355.96,0.0,1476.0,0.0,35.0,1.0,0.0,2371.0,4303716.0,0.39,-0.0
32169.0,213525863.0,3.0,355.96,0.0,1476.0,0.0,35.0,1.0,0.0,2372.0,4303816.0,0.39,0.0
32170.0,213535863.0,3.0,355.96,0.0,1476.0,0.0,35.0,1.0,0.0,2373.0,4303916.0,0.39,0.0
32171.0,213545863.0,3.0,356.04,0.0,1476.0,0.0,35.0,1.0,0.0,2374.0,4304016.0,0.4,0.0
32172.0,213555863.0,3.0,355.96,0.0,1476.0,0.0,35.0,1.0,0.0,2375.0,4304116.0,0.4,0.0
32173.0,213565863.0,3.0,355.87,0.0,1476.0,0.0,35.0,1.0,0.0,2376.0,4304216.0,0.4,0.0
32174.0,213575863.0,3.0,356.04,0.0,1476.0,0.0,35.0,1.0,0.0,2377.0,4304316.0,0.4,-0.0
32175.0,213585863.0,3.0,355.96,0.0,1476.0,0.0,35.0,1.0,0.0,2378.0,4304416.0,0.39,-0.0
32176.0,213595863.0,3.0,355.96,0.0,1476.0,0.0,35.0,1.0,0.0,2379.0,4304516.0,0.39,0.0
32177.0,213605863.0,3.0,355.96,0.0,1476.0,0.0,35.0,1.0,0.0,2380.0,4304616.0,0.39,-0.0
32178.0,213615863.0,3.0,355.87,0.0,1476.0,0.0,35.0,1.0,0.0,2381.0,4304716.0,0.39,0.0
32179.0,213625863.0,3.0,355.96,0.0,1476.0,0.0,35.0,1.0,0.0,2382.0,4304816.0,0.39,0.0
32180.0,213635863.0,3.0,356.04,0.0,1476.0,0.0,35.0,1.0,0.0,2383.0,4304916.0,0.39,0.0
32181.0,213645863.0,3.0,355.96,0.0,1476.0,0.0,35.0,1.0,0.0,2384.0,4305016.0,0.39,0.0
32182.0,213655863.0,3.0,356.04,0.0,1476.0,0.0,35.0,1.0,0.0,2385.0,4305116.0,0.39,0.0
32183.0,213665863.0,3.0,356.04,0.0,1476.0,0.0,35.0,1.0,0.0,2386.0,4305216.0,0.4,0.1
32184.0,213675863.0,3.0,355.87,0.0,1476.0,0.0,35.0,1.0,0.0,2387.0,4305316.0,0.4,0.0
32185.0,213685863.0,3.0,355.96,0.0,1476.0,0.0,35.0,1.0,0.0,2388.0,4305416.0,0.39,-0.0
32186.0,213695863.0,3.0,356.04,0.0,1476.0,0.0,35.0,1.0,0.0,2389.0,4305516.0,0.39,-0.0
32187.0,213705863.0,3.0,355.96,0.0,1476.0,0.0,35.0,1.0,0.0,2390.0,4305616.0,0.39,0.0
32188.0,213715863.0,3.0,355.96,0.0,1476.0,0.0,35.0,1.0,0.0,2391.0,4305716.0,0.39,-0.0
32189.0,213725863.0,3.0,356.13,0.0,1476.0,0.0,35.0,1.0,0.0,2392.0,4305816.0,0.39,-0.0
32190.0,213735863.0,3.0,355.96,0.0,1476.0,0.0,35.0,1.0,0.0,2393.0,4305916.0,0.39,-0.0
32191.0,213745863.0,3.0,355.96,0.0,1476.0,0.0,35.0,1.0,0.0,2394.0,4306016.0,0.39,0.0
32192.0,213755863.0,3.0,355.96,0.0,1476.0,0.0,35.0,1.0,0.0,2395.0,4306116.0,0.39,0.0
32193.0,213765863.0,3.0,355.96,0.0,1476.0,0.0,35.0,1.0,0.0,2396.0,4306216.0,0.39,0.0
32194.0,213775863.0,3.0,355.96,0.0,1476.0,0.0,35.0,1.0,0.0,2397.0,4306316.0,0.39,0.0
32195.0,213785863.0,3.0,355.96,0.0,1476.0,0.0,35.0,1.0,0.0,2398.0,4306416.0,0.39,0.0
32196.0,213795863.0,3.0,355.96,0.0,1476.0,0.0,35.0,1.0,0.0,2399.0,4306516.0,0.39,-0.0
32197.0,213805863.0,3.0,356.04,0.0,1476.0,0.0,35.0,1.0,0.0,2400.0,4306616.0,0.39,-0.0
32198.0,213815863.0,3.0,355.96,0.0,1476.0,0.0,35.0,1.0,0.0,2401.0,4306716.0,0.39,0.0
32199.0,213825863.0,3.0,356.04,0.0,1476.0,0.0,35.0,1.0,0.0,2402.0,4306816.0,0.39,0.0
32200.0,213835863.0,3.0,355.96,0.0,1476.0,0.0,35.0,1.0,0.0,2403.0,4306916.0,0.39,-0.0
32201.0,213845863.0,3.0,355.96,0.0,1476.0,0.0,35.0,1.0,0.0,2404.0,4307016.0,0.39,-0.0
32202.0,213855863.0,3.0,355.96,0.0,1476.0,0.0,35.0,1.0,0.0,2405.0,4307116.0,0.39,0.0
32203.0,213865863.0,3.0,355.96,0.0,1476.0,0.0,35.0,1.0,0.0,2406.0,4307216.0,0.39,0.1
32204.0,213875863.0,3.0,355.96,0.0,1476.0,0.0,35.0,1.0,0.0,2407.0,4307316.0,0.39,0.0
32205.0,213885863.0,3.0,356.04,0.0,1476.0,0.0,35.0,1.0,0.0,2408.0,4307416.0,0.39,0.0
32206.0,213895863.0,3.0,356.04,0.0,1476.0,0.0,35.0,1.0,0.0,2409.0,4307516.0,0.39,0.0
32207.0,213905863.0,3.0,356.04,0.0,1476.0,0.0,35.0,1.0,0.0,2410.0,4307616.0,0.4,0.0
32208.0,213915863.0,3.0,356.04,0.0,1476.0,0.0,35.0,1.0,0.0,2411.0,4307716.0,0.39,-0.0
32209.0,213925863.0,3.0,355.96,0.0,1476.0,0.0,35.0,1.0,0.0,2412.0,4307816.0,0.39,0.0
32210.0,213935863.0,3.0,355.87,0.0,1476.0,0.0,35.0,1.0,0.0,2413.0,4307916.0,0.39,0.0
32211.0,213945863.0,3.0,355.96,0.0,1476.0,0.0,35.0,1.0,0.0,2414.0,4308016.0,0.39,0.0
32212.0,213955863.0,3.0,355.87,0.0,1476.0,0.0,35.0,1.0,0.0,2415.0,4308116.0,0.39,-0.0
32213.0,213965863.0,3.0,355.96,0.0,1476.0,0.0,35.0,1.0,0.0,2416.0,4308216.0,0.39,0.0
32214.0,213975863.0,3.0,355.96,0.0,1476.0,0.0,35.0,1.0,0.0,2417.0,4308316.0,0.4,0.0
32215.0,213985863.0,3.0,355.96,0.0,1476.0,0.0,35.0,1.0,0.0,2418.0,4308416.0,0.39,-0.0
32216.0,213995863.0,3.0,356.04,0.0,1476.0,0.0,35.0,1.0,0.0,2419.0,4308516.0,0.39,-0.0
32217.0,214005863.0,3.0,355.96,0.0,1476.0,0.0,35.0,1.0,0.0,2420.0,4308616.0,0.39,0.0
32218.0,214015863.0,3.0,355.96,0.0,1476.0,0.0,35.0,1.0,0.0,2421.0,4308716.0,0.39,0.0
32219.0,214025863.0,3.0,355.96,0.0,1476.0,0.0,35.0,1.0,0.0,2422.0,4308816.0,0.39,0.0
32220.0,214035863.0,3.0,355.96,0.0,1476.0,0.0,35.0,1.0,0.0,2423.0,4308916.0,0.39,0.0
32221.0,214045863.0,3.0,355.96,0.0,1476.0,0.0,35.0,1.0,0.0,2424.0,4309016.0,0.39,0.0
32222.0,214055863.0,3.0,355.96,0.0,1476.0,0.0,35.0,1.0,0.0,2425.0,4309116.0,0.39,0.0
32223.0,214065863.0,3.0,355.96,0.0,1476.0,0.0,35.0,1.0,0.0,2426.0,4309216.0,0.39,-0.0
32224.0,214075863.0,3.0,355.96,0.0,1476.0,0.0,35.0,1.0,0.0,2427.0,4309316.0,0.39,0.0
32225.0,214085863.0,3.0,356.04,0.0,1476.0,0.0,35.0,1.0,0.0,2428.0,4309416.0,0.39,0.0
32226.0,214095863.0,3.0,355.96,0.0,1476.0,0.0,35.0,1.0,0.0,2429.0,4309516.0,0.39,0.0
32227.0,214105863.0,3.0,355.96,0.0,1476.0,0.0,35.0,1.0,0.0,2430.0,4309616.0,0.39,0.0
32228.0,214115863.0,3.0,355.96,0.0,1476.0,0.0,35.0,1.0,0.0,2431.0,4309716.0,0.39,0.0
32229.0,214125863.0,3.0,355.96,0.0,1476.0,0.0,35.0,1.0,0.0,2432.0,4309816.0,0.39,0.0
32230.0,214135863.0,3.0,356.04,0.0,1476.0,0.0,35.0,1.0,0.0,2433.0,4309916.0,0.39,-0.0
32231.0,214145863.0,3.0,355.96,0.0,1476.0,0.0,35.0,1.0,0.0,2434.0,4310016.0,0.39,0.0
32232.0,214155863.0,3.0,356.04,0.0,1476.0,0.0,35.0,1.0,0.0,2435.0,4310116.0,0.39,-0.0
32233.0,214165863.0,3.0,355.96,0.0,1476.0,0.0,35.0,1.0,0.0,2436.0,4310216.0,0.39,0.0
32234.0,214175863.0,3.0,355.87,0.0,1476.0,0.0,35.0,1.0,0.0,2437.0,4310316.0,0.39,0.0
32235.0,214185863.0,3.0,355.96,0.0,1476.0,0.0,35.0,1.0,0.0,2438.0,4310416.0,0.39,0.0
32236.0,214195863.0,3.0,356.04,0.0,1476.0,0.0,35.0,1.0,0.0,2439.0,4310516.0,0.39,0.0
32237.0,214205863.0,3.0,355.87,0.0,1476.0,0.0,35.0,1.0,0.0,2440.0,4310616.0,0.39,-0.0
32238.0,214215863.0,3.0,355.96,0.0,1476.0,0.0,35.0,1.0,0.0,2441.0,4310716.0,0.39,0.0
32239.0,214225863.0,3.0,355.96,0.0,1476.0,0.0,35.0,1.0,0.0,2442.0,4310816.0,0.39,-0.0
32240.0,214235863.0,3.0,355.87,0.0,1476.0,0.0,35.0,1.0,0.0,2443.0,4310916.0,0.39,0.0
32241.0,214245863.0,3.0,355.96,0.0,1476.0,0.0,35.0,1.0,0.0,2444.0,4311016.0,0.39,-0.0
32242.0,214255863.0,3.0,356.04,0.0,1476.0,0.0,35.0,1.0,0.0,2445.0,4311116.0,0.39,0.0
32243.0,214265863.0,3.0,355.96,0.0,1476.0,0.0,35.0,1.0,0.0,2446.0,4311216.0,0.39,0.0
32244.0,214275863.0,3.0,356.04,0.0,1476.0,0.0,35.0,1.0,0.0,2447.0,4311316.0,0.39,-0.0
32245.0,214285863.0,3.0,355.96,0.0,1476.0,0.0,35.0,1.0,0.0,2448.0,4311416.0,0.39,0.0
32246.0,214295863.0,3.0,355.87,0.0,1476.0,0.0,35.0,1.0,0.0,2449.0,4311516.0,0.39,0.0
32247.0,214305863.0,3.0,355.96,0.0,1476.0,0.0,35.0,1.0,0.0,2450.0,4311616.0,0.39,0.0
32248.0,214315863.0,3.0,355.87,0.0,1476.0,0.0,35.0,1.0,0.0,2451.0,4311716.0,0.39,-0.0
32249.0,214325863.0,3.0,356.04,0.0,1476.0,0.0,35.0,1.0,0.0,2452.0,4311816.0,0.39,0.0
32250.0,214335863.0,3.0,355.96,0.0,1476.0,0.0,35.0,1.0,0.0,2453.0,4311916.0,0.39,0.0
32251.0,214345863.0,3.0,355.96,0.0,1476.0,0.0,35.0,1.0,0.0,2454.0,4312016.0,0.39,0.0
32252.0,214355863.0,3.0,356.04,0.0,1476.0,0.0,35.0,1.0,0.0,2455.0,4312116.0,0.39,-0.0
32253.0,214365863.0,3.0,355.96,0.0,1476.0,0.0,35.0,1.0,0.0,2456.0,4312216.0,0.39,-0.0
32254.0,214375863.0,3.0,355.96,0.0,1476.0,0.0,35.0,1.0,0.0,2457.0,4312316.0,0.39,0.0
32255.0,214385863.0,3.0,355.96,0.0,1476.0,0.0,35.0,1.0,0.0,2458.0,4312416.0,0.39,0.0
32256.0,214395863.0,3.0,356.04,0.0,1476.0,0.0,35.0,1.0,0.0,2459.0,4312516.0,0.39,0.0
32257.0,214405863.0,3.0,355.96,0.0,1476.0,0.0,35.0,1.0,0.0,2460.0,4312616.0,0.39,0.0
32258.0,214415863.0,3.0,356.04,0.0,1476.0,0.0,35.0,1.0,0.0,2461.0,4312716.0,0.39,-0.0
32259.0,214425863.0,3.0,355.96,0.0,1476.0,0.0,35.0,1.0,0.0,2462.0,4312816.0,0.39,-0.0
32260.0,214435863.0,3.0,355.87,0.0,1476.0,0.0,35.0,1.0,0.0,2463.0,4312916.0,0.39,-0.0
32261.0,214445863.0,3.0,355.96,0.0,1476.0,0.0,35.0,1.0,0.0,2464.0,4313016.0,0.39,0.0
32262.0,214455863.0,3.0,355.87,0.0,1476.0,0.0,35.0,1.0,0.0,2465.0,4313116.0,0.39,-0.0
32263.0,214465863.0,3.0,355.96,0.0,1476.0,0.0,35.0,1.0,0.0,2466.0,4313216.0,0.39,-0.0
32264.0,214475863.0,3.0,355.96,0.0,1476.0,0.0,35.0,1.0,0.0,2467.0,4313316.0,0.39,0.0
32265.0,214485863.0,3.0,355.96,0.0,1476.0,0.0,35.0,1.0,0.0,2468.0,4313416.0,0.39,0.0
32266.0,214495863.0,3.0,355.96,0.0,1476.0,0.0,35.0,1.0,0.0,2469.0,4313516.0,0.39,0.0
32267.0,214505863.0,3.0,355.96,0.0,1476.0,0.0,35.0,1.0,0.0,2470.0,4313616.0,0.39,0.0
32268.0,214515863.0,3.0,355.96,0.0,1476.0,0.0,35.0,1.0,0.0,2471.0,4313716.0,0.39,-0.0
32269.0,214525863.0,3.0,355.96,0.0,1476.0,0.0,35.0,1.0,0.0,2472.0,4313816.0,0.39,0.0
32270.0,214535863.0,3.0,355.96,0.0,1476.0,0.0,35.0,1.0,0.0,2473.0,4313916.0,0.39,0.0
32271.0,214545863.0,3.0,355.87,0.0,1476.0,0.0,35.0,1.0,0.0,2474.0,4314016.0,0.39,0.0
32272.0,214555863.0,3.0,355.96,0.0,1476.0,0.0,35.0,1.0,0.0,2475.0,4314116.0,0.39,0.0
32273.0,214565863.0,3.0,355.96,0.0,1476.0,0.0,35.0,1.0,0.0,2476.0,4314216.0,0.39,0.0
32274.0,214575863.0,3.0,356.04,0.0,1476.0,0.0,35.0,1.0,0.0,2477.0,4314316.0,0.39,-0.0
32275.0,214585863.0,3.0,355.96,0.0,1476.0,0.0,35.0,1.0,0.0,2478.0,4314416.0,0.39,-0.0
32276.0,214595863.0,3.0,355.96,0.0,1476.0,0.0,35.0,1.0,0.0,2479.0,4314516.0,0.39,0.0
32277.0,214605863.0,3.0,355.87,0.0,1476.0,0.0,35.0,1.0,0.0,2480.0,4314616.0,0.39,0.0
32278.0,214615863.0,3.0,356.04,0.0,1476.0,0.0,35.0,1.0,0.0,2481.0,4314716.0,0.39,0.0
32279.0,214625863.0,3.0,355.96,0.0,1476.0,0.0,35.0,1.0,0.0,2482.0,4314816.0,0.39,0.0
32280.0,214635863.0,3.0,355.96,0.0,1476.0,0.0,35.0,1.0,0.0,2483.0,4314916.0,0.39,0.0
32281.0,214645863.0,3.0,355.96,0.0,1476.0,0.0,35.0,1.0,0.0,2484.0,4315016.0,0.39,-0.0
32282.0,214655863.0,3.0,356.04,0.0,1476.0,0.0,35.0,1.0,0.0,2485.0,4315116.0,0.39,0.0
32283.0,214665863.0,3.0,356.04,0.0,1476.0,0.0,35.0,1.0,0.0,2486.0,4315216.0,0.39,0.0
32284.0,214675863.0,3.0,355.96,0.0,1476.0,0.0,35.0,1.0,0.0,2487.0,4315316.0,0.39,0.0
32285.0,214685863.0,3.0,355.96,0.0,1476.0,0.0,35.0,1.0,0.0,2488.0,4315416.0,0.39,0.0
32286.0,214695863.0,3.0,355.96,0.0,1476.0,0.0,35.0,1.0,0.0,2489.0,4315516.0,0.39,0.0
32287.0,214705863.0,3.0,355.96,0.0,1476.0,0.0,35.0,1.0,0.0,2490.0,4315616.0,0.39,0.0
32288.0,214715863.0,3.0,355.96,0.0,1476.0,0.0,35.0,1.0,0.0,2491.0,4315716.0,0.39,0.0
32289.0,214725863.0,3.0,355.96,0.0,1476.0,0.0,35.0,1.0,0.0,2492.0,4315816.0,0.39,-0.0
32290.0,214735863.0,3.0,355.96,0.0,1476.0,0.0,35.0,1.0,0.0,2493.0,4315916.0,0.39,0.0
32291.0,214745863.0,3.0,356.04,0.0,1476.0,0.0,35.0,1.0,0.0,2494.0,4316016.0,0.39,0.0
32292.0,214755863.0,3.0,355.96,0.0,1476.0,0.0,35.0,1.0,0.0,2495.0,4316116.0,0.39,0.0
32293.0,214765863.0,3.0,355.96,0.0,1476.0,0.0,35.0,1.0,0.0,2496.0,4316216.0,0.39,-0.0
32294.0,214775863.0,3.0,355.96,0.0,1476.0,0.0,35.0,1.0,0.0,2497.0,4316316.0,0.39,0.0
32295.0,214785863.0,3.0,355.96,0.0,1476.0,0.0,35.0,1.0,0.0,2498.0,4316416.0,0.4,0.0
32296.0,214795863.0,3.0,356.04,0.0,1476.0,0.0,35.0,1.0,0.0,2499.0,4316516.0,0.39,-0.0
32297.0,214805863.0,3.0,356.04,0.0,1476.0,0.0,35.0,1.0,0.0,2500.0,4316616.0,0.39,0.0
32298.0,214815863.0,3.0,355.96,0.0,1476.0,0.0,35.0,1.0,0.0,2501.0,4316716.0,0.39,-0.0
32299.0,214825863.0,3.0,355.96,0.0,1476.0,0.0,35.0,1.0,0.0,2502.0,4316816.0,0.39,0.0
32300.0,214835863.0,3.0,355.96,0.0,1476.0,0.0,35.0,1.0,0.0,2503.0,4316916.0,0.39,-0.0
32301.0,214845863.0,3.0,355.87,0.0,1476.0,0.0,35.0,1.0,0.0,2504.0,4317016.0,0.39,0.0
32302.0,214855863.0,3.0,355.87,0.0,1476.0,0.0,35.0,1.0,0.0,2505.0,4317116.0,0.39,-0.0
32303.0,214865863.0,3.0,355.96,0.0,1476.0,0.0,35.0,1.0,0.0,2506.0,4317216.0,0.39,0.0
32304.0,214875863.0,3.0,355.96,0.0,1476.0,0.0,35.0,1.0,0.0,2507.0,4317316.0,0.39,0.0
32305.0,214885863.0,3.0,355.87,0.0,1476.0,0.0,35.0,1.0,0.0,2508.0,4317416.0,0.39,0.0
32306.0,214895863.0,3.0,356.04,0.0,1476.0,0.0,35.0,1.0,0.0,2509.0,4317516.0,0.39,-0.0
32307.0,214905863.0,3.0,355.96,0.0,1476.0,0.0,35.0,1.0,0.0,2510.0,4317616.0,0.39,0.0
32308.0,214915863.0,3.0,356.04,0.0,1476.0,0.0,35.0,1.0,0.0,2511.0,4317716.0,0.39,0.0
32309.0,214925863.0,3.0,356.04,0.0,1476.0,0.0,35.0,1.0,0.0,2512.0,4317816.0,0.39,-0.0
32310.0,214935863.0,3.0,355.96,0.0,1476.0,0.0,35.0,1.0,0.0,2513.0,4317916.0,0.39,-0.0
32311.0,214945863.0,3.0,355.96,0.0,1476.0,0.0,35.0,1.0,0.0,2514.0,4318016.0,0.39,0.0
32312.0,214955863.0,3.0,356.04,0.0,1476.0,0.0,35.0,1.0,0.0,2515.0,4318116.0,0.39,0.0
32313.0,214965863.0,3.0,356.04,0.0,1476.0,0.0,35.0,1.0,0.0,2516.0,4318216.0,0.39,0.0
32314.0,214975863.0,3.0,355.96,0.0,1476.0,0.0,35.0,1.0,0.0,2517.0,4318316.0,0.4,0.0
32315.0,214985863.0,3.0,355.96,0.0,1476.0,0.0,35.0,1.0,0.0,2518.0,4318416.0,0.39,-0.0
32316.0,214995863.0,3.0,356.04,0.0,1476.0,0.0,35.0,1.0,0.0,2519.0,4318516.0,0.39,0.0
32317.0,215005863.0,3.0,356.04,0.0,1476.0,0.0,35.0,1.0,0.0,2520.0,4318616.0,0.39,-0.0
32318.0,215015863.0,3.0,355.96,0.0,1476.0,0.0,35.0,1.0,0.0,2521.0,4318716.0,0.39,-0.0
32319.0,215025863.0,3.0,355.96,0.0,1476.0,0.0,35.0,1.0,0.0,2522.0,4318816.0,0.39,-0.0
32320.0,215035863.0,3.0,355.96,0.0,1476.0,0.0,35.0,1.0,0.0,2523.0,4318916.0,0.39,0.0
32321.0,215045863.0,3.0,355.96,0.0,1476.0,0.0,35.0,1.0,0.0,2524.0,4319016.0,0.39,0.0
32322.0,215055863.0,3.0,355.96,0.0,1476.0,0.0,35.0,1.0,0.0,2525.0,4319116.0,0.39,0.0
32323.0,215065863.0,3.0,355.96,0.0,1476.0,0.0,35.0,1.0,0.0,2526.0,4319216.0,0.39,0.0
32324.0,215075863.0,3.0,356.04,0.0,1476.0,0.0,35.0,1.0,0.0,2527.0,4319316.0,0.4,0.0
32325.0,215085863.0,3.0,355.96,0.0,1476.0,0.0,35.0,1.0,0.0,2528.0,4319416.0,0.39,-0.0
32326.0,215095863.0,3.0,355.96,0.0,1476.0,0.0,35.0,1.0,0.0,2529.0,4319516.0,0.39,-0.0
32327.0,215105863.0,3.0,355.96,0.0,1476.0,0.0,35.0,1.0,0.0,2530.0,4319616.0,0.39,-0.0
32328.0,215115863.0,3.0,355.96,0.0,1476.0,0.0,35.0,1.0,0.0,2531.0,4319716.0,0.39,-0.0
32329.0,215125863.0,3.0,355.96,0.0,1476.0,0.0,35.0,1.0,0.0,2532.0,4319816.0,0.39,0.0
32330.0,215135863.0,3.0,355.96,0.0,1476.0,0.0,35.0,1.0,0.0,2533.0,4319916.0,0.39,0.0
32331.0,215145863.0,3.0,355.96,0.0,1476.0,0.0,35.0,1.0,0.0,2534.0,4320016.0,0.39,0.0
32332.0,215155863.0,3.0,355.96,0.0,1476.0,0.0,35.0,1.0,0.0,2535.0,4320116.0,0.39,0.0
32333.0,215165863.0,3.0,356.04,0.0,1476.0,0.0,35.0,1.0,0.0,2536.0,4320216.0,0.39,0.0
32334.0,215175863.0,3.0,355.96,0.0,1476.0,0.0,35.0,1.0,0.0,2537.0,4320316.0,0.39,0.0
32335.0,215185863.0,3.0,355.96,0.0,1476.0,0.0,35.0,1.0,0.0,2538.0,4320416.0,0.39,0.0
32336.0,215195863.0,3.0,355.96,0.0,1476.0,0.0,35.0,1.0,0.0,2539.0,4320516.0,0.39,0.0
32337.0,215205863.0,3.0,355.96,0.0,1476.0,0.0,35.0,1.0,0.0,2540.0,4320616.0,0.39,-0.0
32338.0,215215863.0,3.0,355.96,0.0,1476.0,0.0,35.0,1.0,0.0,2541.0,4320716.0,0.39,0.0
32339.0,215225863.0,3.0,356.04,0.0,1476.0,0.0,35.0,1.0,0.0,2542.0,4320816.0,0.39,0.0
32340.0,215235863.0,3.0,355.96,0.0,1476.0,0.0,35.0,1.0,0.0,2543.0,4320916.0,0.39,0.0
32341.0,215245863.0,3.0,355.96,0.0,1476.0,0.0,35.0,1.0,0.0,2544.0,4321016.0,0.4,0.0
32342.0,215255863.0,3.0,356.04,0.0,1476.0,0.0,35.0,1.0,0.0,2545.0,4321116.0,0.4,0.0
32343.0,215265863.0,3.0,356.04,0.0,1476.0,0.0,35.0,1.0,0.0,2546.0,4321216.0,0.4,0.0
32344.0,215275863.0,3.0,355.96,0.0,1476.0,0.0,35.0,1.0,0.0,2547.0,4321316.0,0.4,0.0
32345.0,215285863.0,3.0,355.87,0.0,1476.0,0.0,35.0,1.0,0.0,2548.0,4321416.0,0.4,0.0
32346.0,215295863.0,3.0,355.96,0.0,1476.0,0.0,35.0,1.0,0.0,2549.0,4321516.0,0.4,0.0
32347.0,215305863.0,3.0,355.96,0.0,1476.0,0.0,35.0,1.0,0.0,2550.0,4321616.0,0.4,0.0
32348.0,215315863.0,3.0,355.96,0.0,1476.0,0.0,35.0,1.0,0.0,2551.0,4321716.0,0.4,0.0
32349.0,215325863.0,3.0,356.04,0.0,1476.0,0.0,35.0,1.0,0.0,2552.0,4321816.0,0.4,-0.0
32350.0,215335863.0,3.0,355.96,0.0,1476.0,0.0,35.0,1.0,0.0,2553.0,4321916.0,0.4,0.0
32351.0,215345863.0,3.0,355.87,0.0,1476.0,0.0,35.0,1.0,0.0,2554.0,4322016.0,0.4,0.0
32352.0,215355863.0,3.0,355.96,0.0,1476.0,0.0,35.0,1.0,0.0,2555.0,4322116.0,0.4,0.0
32353.0,215365863.0,3.0,356.04,0.0,1476.0,0.0,35.0,1.0,0.0,2556.0,4322216.0,0.4,0.0
32354.0,215375863.0,3.0,356.04,0.0,1476.0,0.0,35.0,1.0,0.0,2557.0,4322316.0,0.4,0.0
32355.0,215385863.0,3.0,355.96,0.0,1476.0,0.0,35.0,1.0,0.0,2558.0,4322416.0,0.4,-0.1
32356.0,215395863.0,3.0,355.96,0.0,1476.0,0.0,35.0,1.0,0.0,2559.0,4322516.0,0.39,-0.0
32357.0,215405863.0,3.0,356.04,0.0,1476.0,0.0,35.0,1.0,0.0,2560.0,4322616.0,0.4,0.1
32358.0,215415863.0,3.0,355.96,0.0,1476.0,0.0,35.0,1.0,0.0,2561.0,4322716.0,0.4,-0.0
32359.0,215425863.0,3.0,355.96,0.0,1476.0,0.0,35.0,1.0,0.0,2562.0,4322816.0,0.4,0.0
32360.0,215435863.0,3.0,355.96,0.0,1476.0,0.0,35.0,1.0,0.0,2563.0,4322916.0,0.4,0.0
32361.0,215445863.0,3.0,355.96,0.0,1476.0,0.0,35.0,1.0,0.0,2564.0,4323016.0,0.4,-0.0
32362.0,215455863.0,3.0,355.96,0.0,1476.0,0.0,35.0,1.0,0.0,2565.0,4323116.0,0.39,-0.0
32363.0,215465863.0,3.0,355.96,0.0,1476.0,0.0,35.0,1.0,0.0,2566.0,4323216.0,0.39,0.0
32364.0,215475863.0,3.0,355.87,0.0,1476.0,0.0,35.0,1.0,0.0,2567.0,4323316.0,0.4,0.0
32365.0,215485863.0,3.0,356.04,0.0,1476.0,0.0,35.0,1.0,0.0,2568.0,4323416.0,0.4,0.0
32366.0,215495863.0,3.0,355.96,0.0,1476.0,0.0,35.0,1.0,0.0,2569.0,4323516.0,0.4,-0.0
32367.0,215505863.0,3.0,355.96,0.0,1476.0,0.0,35.0,1.0,0.0,2570.0,4323616.0,0.4,0.1
32368.0,215515863.0,3.0,355.96,0.0,1476.0,0.0,35.0,1.0,0.0,2571.0,4323716.0,0.4,0.0
32369.0,215525863.0,3.0,355.96,0.0,1476.0,0.0,35.0,1.0,0.0,2572.0,4323816.0,0.4,-0.0
32370.0,215535863.0,3.0,355.96,0.0,1476.0,0.0,35.0,1.0,0.0,2573.0,4323916.0,0.4,0.0
32371.0,215545863.0,3.0,355.87,0.0,1476.0,0.0,35.0,1.0,0.0,2574.0,4324016.0,0.4,0.0
32372.0,215555863.0,3.0,355.96,0.0,1476.0,0.0,35.0,1.0,0.0,2575.0,4324116.0,0.4,0.0
32373.0,215565863.0,3.0,355.96,0.0,1476.0,0.0,35.0,1.0,0.0,2576.0,4324216.0,0.4,-0.0
32374.0,215575863.0,3.0,355.96,0.0,1476.0,0.0,35.0,1.0,0.0,2577.0,4324316.0,0.4,0.0
32375.0,215585863.0,3.0,355.96,0.0,1476.0,0.0,35.0,1.0,0.0,2578.0,4324416.0,0.4,0.0
32376.0,215595863.0,3.0,355.96,0.0,1476.0,0.0,35.0,1.0,0.0,2579.0,4324516.0,0.4,0.0
32377.0,215605863.0,3.0,355.96,0.0,1476.0,0.0,35.0,1.0,0.0,2580.0,4324616.0,0.4,-0.0
32378.0,215615863.0,3.0,355.96,0.0,1476.0,0.0,35.0,1.0,0.0,2581.0,4324716.0,0.4,0.0
32379.0,215625863.0,3.0,355.96,0.0,1476.0,0.0,35.0,1.0,0.0,2582.0,4324816.0,0.4,0.0
32380.0,215635863.0,3.0,355.96,0.0,1476.0,0.0,35.0,1.0,0.0,2583.0,4324916.0,0.4,0.0
32381.0,215645863.0,3.0,355.96,0.0,1476.0,0.0,35.0,1.0,0.0,2584.0,4325016.0,0.4,0.0
32382.0,215655863.0,3.0,355.96,0.0,1476.0,0.0,35.0,1.0,0.0,2585.0,4325116.0,0.4,0.0
32383.0,215665863.0,3.0,355.96,0.0,1476.0,0.0,35.0,1.0,0.0,2586.0,4325216.0,0.4,-0.0
32384.0,215675863.0,3.0,355.96,0.0,1476.0,0.0,35.0,1.0,0.0,2587.0,4325316.0,0.4,-0.0
32385.0,215685863.0,3.0,356.04,0.0,1476.0,0.0,35.0,1.0,0.0,2588.0,4325416.0,0.4,0.0
32386.0,215695863.0,3.0,355.96,0.0,1476.0,0.0,35.0,1.0,0.0,2589.0,4325516.0,0.4,0.0
32387.0,215705863.0,3.0,355.96,0.0,1476.0,0.0,35.0,1.0,0.0,2590.0,4325616.0,0.4,0.0
32388.0,215715863.0,3.0,355.96,0.0,1476.0,0.0,35.0,1.0,0.0,2591.0,4325716.0,0.4,0.0
32389.0,215725863.0,3.0,355.96,0.0,1476.0,0.0,35.0,1.0,0.0,2592.0,4325816.0,0.4,0.0
32390.0,215735863.0,3.0,356.04,0.0,1476.0,0.0,35.0,1.0,0.0,2593.0,4325916.0,0.4,-0.0
32391.0,215745863.0,3.0,355.96,0.0,1476.0,0.0,35.0,1.0,0.0,2594.0,4326016.0,0.4,0.0
32392.0,215755863.0,3.0,355.96,0.0,1476.0,0.0,35.0,1.0,0.0,2595.0,4326116.0,0.4,0.0
32393.0,215765863.0,3.0,355.96,0.0,1476.0,0.0,35.0,1.0,0.0,2596.0,4326216.0,0.4,0.0
32394.0,215775863.0,3.0,355.96,0.0,1476.0,0.0,35.0,1.0,0.0,2597.0,4326316.0,0.4,0.1
32395.0,215785863.0,3.0,356.04,0.0,1476.0,0.0,35.0,1.0,0.0,2598.0,4326416.0,0.4,0.0
32396.0,215795863.0,3.0,355.96,0.0,1476.0,0.0,35.0,1.0,0.0,2599.0,4326516.0,0.4,0.0
32397.0,215805863.0,3.0,355.96,0.0,1476.0,0.0,35.0,1.0,0.0,2600.0,4326616.0,0.4,-0.0
32398.0,215815863.0,3.0,356.04,0.0,1476.0,0.0,35.0,1.0,0.0,2601.0,4326716.0,0.4,0.0
32399.0,215825863.0,3.0,355.87,0.0,1476.0,0.0,35.0,1.0,0.0,2602.0,4326816.0,0.4,-0.0
32400.0,215835863.0,3.0,355.96,0.0,1476.0,0.0,35.0,1.0,0.0,2603.0,4326916.0,0.4,-0.0
32401.0,215845863.0,3.0,355.87,0.0,1476.0,0.0,35.0,1.0,0.0,2604.0,4327016.0,0.4,0.0
32402.0,215855863.0,3.0,355.96,0.0,1476.0,0.0,35.0,1.0,0.0,2605.0,4327116.0,0.4,0.0
32403.0,215865863.0,3.0,356.04,0.0,1476.0,0.0,35.0,1.0,0.0,2606.0,4327216.0,0.4,-0.0
32404.0,215875863.0,3.0,356.04,0.0,1476.0,0.0,35.0,1.0,0.0,2607.0,4327316.0,0.39,-0.1
32405.0,215885863.0,3.0,356.04,0.0,1476.0,0.0,35.0,1.0,0.0,2608.0,4327416.0,0.4,0.4
32406.0,215895863.0,3.0,356.04,0.0,1476.0,0.0,35.0,1.0,0.0,2609.0,4327516.0,0.4,0.1
32407.0,215905863.0,3.0,355.96,0.0,1476.0,0.0,35.0,1.0,0.0,2610.0,4327616.0,0.4,-0.5
32408.0,215915863.0,3.0,355.96,0.0,1476.0,0.0,35.0,1.0,0.0,2611.0,4327716.0,0.39,0.1
32409.0,215925863.0,3.0,356.13,0.0,1476.0,0.0,35.0,1.0,0.0,2612.0,4327816.0,0.4,0.0
32410.0,215935863.0,3.0,356.04,0.0,1476.0,0.0,35.0,1.0,0.0,2613.0,4327916.0,0.4,0.1
32411.0,215945863.0,3.0,356.04,0.0,1476.0,0.0,35.0,1.0,0.0,2614.0,4328016.0,0.4,0.1
32412.0,215955863.0,3.0,355.96,0.0,1476.0,0.0,35.0,1.0,0.0,2615.0,4328116.0,0.4,-0.2
32413.0,215965863.0,3.0,356.04,0.0,1476.0,0.0,35.0,1.0,0.0,2616.0,4328216.0,0.39,0.0
32414.0,215975863.0,3.0,355.96,0.0,1476.0,0.0,35.0,1.0,0.0,2617.0,4328316.0,0.4,0.1
32415.0,215985863.0,3.0,356.04,0.0,1476.0,0.0,35.0,1.0,0.0,2618.0,4328416.0,0.4,-0.1
32416.0,215995863.0,3.0,355.96,0.0,1476.0,0.0,35.0,1.0,0.0,2619.0,4328516.0,0.4,0.1
32417.0,216005863.0,3.0,355.96,0.0,1476.0,0.0,35.0,1.0,0.0,2620.0,4328616.0,0.4,-0.0
32418.0,216015863.0,3.0,355.96,0.0,1476.0,0.0,35.0,1.0,0.0,2621.0,4328716.0,0.4,0.0
32419.0,216025863.0,3.0,356.04,0.0,1476.0,0.0,35.0,1.0,0.0,2622.0,4328816.0,0.4,0.1
32420.0,216035863.0,3.0,355.96,0.0,1476.0,0.0,35.0,1.0,0.0,2623.0,4328916.0,0.4,0.2
32421.0,216045863.0,3.0,356.04,0.0,1476.0,0.0,35.0,1.0,0.0,2624.0,4329016.0,0.4,0.0
32422.0,216055863.0,3.0,355.96,0.0,1476.0,0.0,35.0,1.0,0.0,2625.0,4329116.0,0.4,-0.1
32423.0,216065863.0,3.0,355.96,0.0,1476.0,0.0,35.0,1.0,0.0,2626.0,4329216.0,0.4,0.0
32424.0,216075863.0,3.0,355.96,0.0,1476.0,0.0,35.0,1.0,0.0,2627.0,4329316.0,0.4,-0.1
32425.0,216085863.0,3.0,355.87,0.0,1476.0,0.0,35.0,1.0,0.0,2628.0,4329416.0,0.4,-0.1
32426.0,216095863.0,3.0,356.04,0.0,1476.0,0.0,35.0,1.0,0.0,2629.0,4329516.0,0.4,-0.0
32427.0,216105863.0,3.0,355.96,0.0,1476.0,0.0,35.0,1.0,0.0,2630.0,4329616.0,0.4,-0.0
32428.0,216115863.0,3.0,356.04,0.0,1476.0,0.0,35.0,1.0,0.0,2631.0,4329716.0,0.4,0.0
32429.0,216125863.0,3.0,356.04,0.0,1476.0,0.0,35.0,1.0,0.0,2632.0,4329816.0,0.4,0.1
32430.0,216135863.0,3.0,355.96,0.0,1476.0,0.0,35.0,1.0,0.0,2633.0,4329916.0,0.4,-0.0
32431.0,216145863.0,3.0,355.96,0.0,1476.0,0.0,35.0,1.0,0.0,2634.0,4330016.0,0.4,0.0
32432.0,216155863.0,3.0,355.96,0.0,1476.0,0.0,35.0,1.0,0.0,2635.0,4330116.0,0.4,0.1
32433.0,216165863.0,3.0,355.96,0.0,1476.0,0.0,35.0,1.0,0.0,2636.0,4330216.0,0.4,-0.0
32434.0,216175863.0,3.0,355.96,0.0,1476.0,0.0,35.0,1.0,0.0,2637.0,4330316.0,0.4,-0.0
32435.0,216185863.0,3.0,356.04,0.0,1476.0,0.0,35.0,1.0,0.0,2638.0,4330416.0,0.4,0.1
32436.0,216195863.0,3.0,355.96,0.0,1476.0,0.0,35.0,1.0,0.0,2639.0,4330516.0,0.4,-0.0
32437.0,216205863.0,3.0,356.04,0.0,1476.0,0.0,35.0,1.0,0.0,2640.0,4330616.0,0.4,-0.1
32438.0,216215863.0,3.0,355.96,0.0,1476.0,0.0,35.0,1.0,0.0,2641.0,4330716.0,0.4,-0.0
32439.0,216225863.0,3.0,355.96,0.0,1476.0,0.0,35.0,1.0,0.0,2642.0,4330816.0,0.4,0.0
32440.0,216235863.0,3.0,355.96,0.0,1476.0,0.0,35.0,1.0,0.0,2643.0,4330916.0,0.4,0.0
32441.0,216245863.0,3.0,356.04,0.0,1476.0,0.0,35.0,1.0,0.0,2644.0,4331016.0,0.4,0.0
32442.0,216255863.0,3.0,356.04,0.0,1476.0,0.0,35.0,1.0,0.0,2645.0,4331116.0,0.4,0.0
32443.0,216265863.0,3.0,355.96,0.0,1476.0,0.0,35.0,1.0,0.0,2646.0,4331216.0,0.4,0.0
32444.0,216275863.0,3.0,356.04,0.0,1476.0,0.0,35.0,1.0,0.0,2647.0,4331316.0,0.4,-0.0
32445.0,216285863.0,3.0,355.87,0.0,1476.0,0.0,35.0,1.0,0.0,2648.0,4331416.0,0.4,0.0
32446.0,216295863.0,3.0,355.96,0.0,1476.0,0.0,35.0,1.0,0.0,2649.0,4331516.0,0.4,-0.1
32447.0,216305863.0,3.0,356.04,0.0,1476.0,0.0,35.0,1.0,0.0,2650.0,4331616.0,0.4,-0.0
32448.0,216315863.0,3.0,355.96,0.0,1476.0,0.0,35.0,1.0,0.0,2651.0,4331716.0,0.4,0.0
32449.0,216325863.0,3.0,355.96,0.0,1476.0,0.0,35.0,1.0,0.0,2652.0,4331816.0,0.4,0.1
32450.0,216335863.0,3.0,356.04,0.0,1476.0,0.0,35.0,1.0,0.0,2653.0,4331916.0,0.4,0.0
32451.0,216345863.0,3.0,355.96,0.0,1476.0,0.0,35.0,1.0,0.0,2654.0,4332016.0,0.4,-0.0
32452.0,216355863.0,3.0,356.04,0.0,1476.0,0.0,35.0,1.0,0.0,2655.0,4332116.0,0.4,-0.0
32453.0,216365863.0,3.0,356.04,0.0,1476.0,0.0,35.0,1.0,0.0,2656.0,4332216.0,0.4,-0.0
32454.0,216375863.0,3.0,355.96,0.0,2766.0,0.0,35.0,2.0,0.0,2658.0,4332416.0,0.39,-0.1
32455.0,216385863.0,3.0,356.04,0.0,187.0,0.0,35.0,0.0,0.0,2658.0,4332416.0,0.39,-0.1
32456.0,216395863.0,3.0,355.96,0.0,1476.0,0.0,35.0,1.0,0.0,2659.0,4332516.0,0.39,0.0
32457.0,216405863.0,3.0,355.96,0.0,1476.0,0.0,35.0,1.0,0.0,2660.0,4332616.0,0.4,0.1
32458.0,216415863.0,3.0,355.96,0.0,1476.0,0.0,35.0,1.0,0.0,2661.0,4332716.0,0.4,0.1
32459.0,216425863.0,3.0,355.87,0.0,1476.0,0.0,35.0,1.0,0.0,2662.0,4332816.0,0.4,0.1
32460.0,216435863.0,3.0,355.96,0.0,1476.0,0.0,35.0,1.0,0.0,2663.0,4332916.0,0.4,0.1
32461.0,216445863.0,3.0,356.04,0.0,1476.0,0.0,35.0,1.0,0.0,2664.0,4333016.0,0.4,0.0
32462.0,216455863.0,3.0,355.96,0.0,2766.0,0.0,35.0,2.0,0.0,2666.0,4333216.0,0.39,-0.1
32463.0,216465863.0,3.0,355.96,0.0,187.0,0.0,35.0,0.0,0.0,2666.0,4333216.0,0.39,-0.1
32464.0,216475863.0,3.0,355.96,0.0,1476.0,0.0,35.0,1.0,0.0,2667.0,4333316.0,0.39,-0.1
32465.0,216485863.0,3.0,355.96,0.0,1476.0,0.0,35.0,1.0,0.0,2668.0,4333416.0,0.39,0.0
32466.0,216495863.0,3.0,355.96,0.0,1476.0,0.0,35.0,1.0,0.0,2669.0,4333516.0,0.39,0.0
32467.0,216505863.0,3.0,355.96,0.0,1476.0,0.0,35.0,1.0,0.0,2670.0,4333616.0,0.39,-0.0
32468.0,216515863.0,3.0,355.96,0.0,1476.0,0.0,35.0,1.0,0.0,2671.0,4333716.0,0.39,-0.1
32469.0,216525863.0,3.0,355.96,0.0,1476.0,0.0,35.0,1.0,0.0,2672.0,4333816.0,0.39,-0.0
32470.0,216535863.0,3.0,355.96,0.0,2766.0,0.0,35.0,2.0,0.0,2674.0,4334016.0,0.39,0.0
32471.0,216545863.0,3.0,355.96,0.0,187.0,0.0,35.0,0.0,0.0,2674.0,4334016.0,0.39,0.0
32472.0,216555863.0,3.0,356.04,0.0,1476.0,0.0,35.0,1.0,0.0,2675.0,4334116.0,0.39,0.0
32473.0,216565863.0,3.0,355.96,0.0,1476.0,0.0,35.0,1.0,0.0,2676.0,4334216.0,0.39,0.0
32474.0,216575863.0,3.0,355.96,0.0,1476.0,0.0,35.0,1.0,0.0,2677.0,4334316.0,0.39,0.0
32475.0,216585863.0,3.0,355.96,0.0,1476.0,0.0,35.0,1.0,0.0,2678.0,4334416.0,0.39,0.0
32476.0,216595863.0,3.0,356.04,0.0,1476.0,0.0,35.0,1.0,0.0,2679.0,4334516.0,0.39,-0.0
32477.0,216605863.0,3.0,356.04,0.0,1476.0,0.0,35.0,1.0,0.0,2680.0,4334616.0,0.39,-0.0
32478.0,216615863.0,3.0,356.04,0.0,2766.0,0.0,35.0,2.0,0.0,2682.0,4334816.0,0.39,-0.1
32479.0,216625863.0,3.0,355.96,0.0,187.0,0.0,35.0,0.0,0.0,2682.0,4334816.0,0.39,-0.1
32480.0,216635863.0,3.0,355.87,0.0,1476.0,0.0,35.0,1.0,0.0,2683.0,4334916.0,0.39,0.1
32481.0,216645863.0,3.0,355.96,0.0,1476.0,0.0,35.0,1.0,0.0,2684.0,4335016.0,0.39,0.0
32482.0,216655863.0,3.0,356.04,0.0,1476.0,0.0,35.0,1.0,0.0,2685.0,4335116.0,0.39,-0.0
32483.0,216665863.0,3.0,356.04,0.0,1476.0,0.0,35.0,1.0,0.0,2686.0,4335216.0,0.39,0.1
32484.0,216675863.0,3.0,356.04,0.0,1476.0,0.0,35.0,1.0,0.0,2687.0,4335316.0,0.39,0.0
32485.0,216685863.0,3.0,356.04,0.0,1476.0,0.0,35.0,1.0,0.0,2688.0,4335416.0,0.39,-0.0
32486.0,216695863.0,3.0,355.96,0.0,2766.0,0.0,35.0,2.0,0.0,2690.0,4335616.0,0.39,0.1
32487.0,216705863.0,3.0,355.96,0.0,187.0,0.0,35.0,0.0,0.0,2690.0,4335616.0,0.39,0.1
32488.0,216715863.0,3.0,355.96,0.0,1476.0,0.0,35.0,1.0,0.0,2691.0,4335716.0,0.39,0.0
32489.0,216725863.0,3.0,355.87,0.0,1476.0,0.0,35.0,1.0,0.0,2692.0,4335816.0,0.39,-0.0
32490.0,216735863.0,3.0,355.96,0.0,1476.0,0.0,35.0,1.0,0.0,2693.0,4335916.0,0.39,-0.1
32491.0,216745863.0,3.0,355.96,0.0,1476.0,0.0,35.0,1.0,0.0,2694.0,4336016.0,0.39,-0.0
32492.0,216755863.0,3.0,356.04,0.0,1476.0,0.0,35.0,1.0,0.0,2695.0,4336116.0,0.39,0.1
32493.0,216765863.0,3.0,356.04,0.0,1476.0,0.0,35.0,1.0,0.0,2696.0,4336216.0,0.39,0.1
32494.0,216775863.0,3.0,356.04,0.0,2766.0,0.0,35.0,2.0,0.0,2698.0,4336416.0,0.39,0.0
32495.0,216785863.0,3.0,355.96,0.0,187.0,0.0,35.0,0.0,0.0,2698.0,4336416.0,0.39,0.0
32496.0,216795863.0,3.0,355.96,0.0,1476.0,0.0,35.0,1.0,0.0,2699.0,4336516.0,0.39,0.0
32497.0,216805863.0,3.0,355.87,0.0,1476.0,0.0,35.0,1.0,0.0,2700.0,4336616.0,0.39,-0.0
32498.0,216815863.0,3.0,355.87,0.0,1476.0,0.0,35.0,1.0,0.0,2701.0,4336716.0,0.39,-0.1
32499.0,216825863.0,3.0,355.96,0.0,1476.0,0.0,35.0,1.0,0.0,2702.0,4336816.0,0.39,-0.1
32500.0,216835863.0,3.0,355.96,0.0,1476.0,0.0,35.0,1.0,0.0,2703.0,4336916.0,0.39,0.0
32501.0,216845863.0,3.0,355.96,0.0,1476.0,0.0,35.0,1.0,0.0,2704.0,4337016.0,0.39,0.1
32502.0,216855863.0,3.0,355.96,0.0,2766.0,0.0,35.0,2.0,0.0,2706.0,4337216.0,0.39,0.0
32503.0,216865863.0,3.0,355.96,0.0,187.0,0.0,35.0,0.0,0.0,2706.0,4337216.0,0.39,0.0
32504.0,216875863.0,3.0,355.96,0.0,1476.0,0.0,35.0,1.0,0.0,2707.0,4337316.0,0.39,-0.0
32505.0,216885863.0,3.0,355.96,0.0,1476.0,0.0,35.0,1.0,0.0,2708.0,4337416.0,0.39,0.0
32506.0,216895863.0,3.0,355.87,0.0,1476.0,0.0,35.0,1.0,0.0,2709.0,4337516.0,0.39,0.0
32507.0,216905863.0,3.0,355.96,0.0,1476.0,0.0,35.0,1.0,0.0,2710.0,4337616.0,0.39,-0.0
32508.0,216915863.0,3.0,355.96,0.0,1476.0,0.0,35.0,1.0,0.0,2711.0,4337716.0,0.39,0.0
32509.0,216925863.0,3.0,355.96,0.0,1476.0,0.0,35.0,1.0,0.0,2712.0,4337816.0,0.39,0.0
32510.0,216935863.0,3.0,355.96,0.0,2766.0,0.0,35.0,2.0,0.0,2714.0,4338016.0,0.39,0.0
32511.0,216945863.0,3.0,355.96,0.0,187.0,0.0,35.0,0.0,0.0,2714.0,4338016.0,0.39,0.0
32512.0,216955863.0,3.0,356.04,0.0,1476.0,0.0,35.0,1.0,0.0,2715.0,4338116.0,0.39,0.0
32513.0,216965863.0,3.0,355.96,0.0,1476.0,0.0,35.0,1.0,0.0,2716.0,4338216.0,0.39,0.0
32514.0,216975863.0,3.0,355.96,0.0,1476.0,0.0,35.0,1.0,0.0,2717.0,4338316.0,0.39,0.1
32515.0,216985863.0,3.0,355.87,0.0,1476.0,0.0,35.0,1.0,0.0,2718.0,4338416.0,0.39,0.0
32516.0,216995863.0,3.0,355.96,0.0,1476.0,0.0,35.0,1.0,0.0,2719.0,4338516.0,0.39,0.0
32517.0,217005863.0,3.0,355.96,0.0,1476.0,0.0,35.0,1.0,0.0,2720.0,4338616.0,0.39,-0.0
32518.0,217015863.0,3.0,355.96,0.0,2766.0,0.0,35.0,2.0,0.0,2722.0,4338816.0,0.39,-0.0
32519.0,217025863.0,3.0,356.04,0.0,187.0,0.0,35.0,0.0,0.0,2722.0,4338816.0,0.39,-0.0
32520.0,217035863.0,3.0,355.96,0.0,1476.0,0.0,35.0,1.0,0.0,2723.0,4338916.0,0.39,0.0
32521.0,217045863.0,3.0,356.04,0.0,1476.0,0.0,35.0,1.0,0.0,2724.0,4339016.0,0.39,0.0
32522.0,217055863.0,3.0,355.96,0.0,1476.0,0.0,35.0,1.0,0.0,2725.0,4339116.0,0.39,0.1
32523.0,217065863.0,3.0,355.96,0.0,1476.0,0.0,35.0,1.0,0.0,2726.0,4339216.0,0.4,0.0
32524.0,217075863.0,3.0,356.04,0.0,1476.0,0.0,35.0,1.0,0.0,2727.0,4339316.0,0.39,-0.0
32525.0,217085863.0,3.0,355.96,0.0,1476.0,0.0,35.0,1.0,0.0,2728.0,4339416.0,0.39,-0.0
32526.0,217095863.0,3.0,355.96,0.0,1476.0,0.0,35.0,1.0,0.0,2729.0,4339516.0,0.39,-0.0
32527.0,217105863.0,3.0,355.96,0.0,1476.0,0.0,35.0,1.0,0.0,2730.0,4339616.0,0.39,-0.0
32528.0,217115863.0,3.0,355.96,0.0,1476.0,0.0,35.0,1.0,0.0,2731.0,4339716.0,0.39,0.0
32529.0,217125863.0,3.0,355.96,0.0,1476.0,0.0,35.0,1.0,0.0,2732.0,4339816.0,0.39,0.1
32530.0,217135863.0,3.0,355.96,0.0,1476.0,0.0,35.0,1.0,0.0,2733.0,4339916.0,0.4,0.1
32531.0,217145863.0,3.0,355.96,0.0,1476.0,0.0,35.0,1.0,0.0,2734.0,4340016.0,0.4,0.0
32532.0,217155863.0,3.0,355.96,0.0,1476.0,0.0,35.0,1.0,0.0,2735.0,4340116.0,0.4,0.0
32533.0,217165863.0,3.0,355.96,0.0,1476.0,0.0,35.0,1.0,0.0,2736.0,4340216.0,0.4,0.0
32534.0,217175863.0,3.0,355.87,0.0,1476.0,0.0,35.0,1.0,0.0,2737.0,4340316.0,0.39,-0.0
32535.0,217185863.0,3.0,355.87,0.0,1476.0,0.0,35.0,1.0,0.0,2738.0,4340416.0,0.39,-0.0
32536.0,217195863.0,3.0,355.96,0.0,1476.0,0.0,35.0,1.0,0.0,2739.0,4340516.0,0.39,-0.0
32537.0,217205863.0,3.0,355.96,0.0,1476.0,0.0,35.0,1.0,0.0,2740.0,4340616.0,0.39,0.0
32538.0,217215863.0,3.0,356.13,0.0,1476.0,0.0,35.0,1.0,0.0,2741.0,4340716.0,0.39,-0.0
32539.0,217225863.0,3.0,355.96,0.0,1476.0,0.0,35.0,1.0,0.0,2742.0,4340816.0,0.39,-0.0
32540.0,217235863.0,3.0,355.87,0.0,1476.0,0.0,35.0,1.0,0.0,2743.0,4340916.0,0.39,0.1
32541.0,217245863.0,3.0,355.96,0.0,1476.0,0.0,35.0,1.0,0.0,2744.0,4341016.0,0.4,0.1
32542.0,217255863.0,3.0,356.04,0.0,1476.0,0.0,35.0,1.0,0.0,2745.0,4341116.0,0.4,-0.0
32543.0,217265863.0,3.0,356.04,0.0,1476.0,0.0,35.0,1.0,0.0,2746.0,4341216.0,0.39,0.0
32544.0,217275863.0,3.0,356.04,0.0,1476.0,0.0,35.0,1.0,0.0,2747.0,4341316.0,0.4,0.0
32545.0,217285863.0,3.0,355.87,0.0,1476.0,0.0,35.0,1.0,0.0,2748.0,4341416.0,0.4,-0.0
32546.0,217295863.0,3.0,355.96,0.0,1476.0,0.0,35.0,1.0,0.0,2749.0,4341516.0,0.39,-0.0
32547.0,217305863.0,3.0,356.04,0.0,1476.0,0.0,35.0,1.0,0.0,2750.0,4341616.0,0.39,-0.0
32548.0,217315863.0,3.0,355.87,0.0,1476.0,0.0,35.0,1.0,0.0,2751.0,4341716.0,0.39,-0.0
32549.0,217325863.0,3.0,356.04,0.0,1476.0,0.0,35.0,1.0,0.0,2752.0,4341816.0,0.39,0.0
32550.0,217335863.0,3.0,356.04,0.0,1476.0,0.0,35.0,1.0,0.0,2753.0,4341916.0,0.39,-0.0
32551.0,217345863.0,3.0,355.96,0.0,1476.0,0.0,35.0,1.0,0.0,2754.0,4342016.0,0.39,0.0
32552.0,217355863.0,3.0,355.96,0.0,1476.0,0.0,35.0,1.0,0.0,2755.0,4342116.0,0.39,0.0
32553.0,217365863.0,3.0,355.96,0.0,1476.0,0.0,35.0,1.0,0.0,2756.0,4342216.0,0.39,0.0
32554.0,217375863.0,3.0,355.96,0.0,1476.0,0.0,35.0,1.0,0.0,2757.0,4342316.0,0.39,0.0
32555.0,217385863.0,3.0,355.87,0.0,1476.0,0.0,35.0,1.0,0.0,2758.0,4342416.0,0.39,0.0
32556.0,217395863.0,3.0,355.96,0.0,1476.0,0.0,35.0,1.0,0.0,2759.0,4342516.0,0.39,0.0
32557.0,217405863.0,3.0,356.04,0.0,1476.0,0.0,35.0,1.0,0.0,2760.0,4342616.0,0.39,-0.1
32558.0,217415863.0,3.0,355.96,0.0,1476.0,0.0,35.0,1.0,0.0,2761.0,4342716.0,0.39,-0.0
32559.0,217425863.0,3.0,355.87,0.0,1476.0,0.0,35.0,1.0,0.0,2762.0,4342816.0,0.39,-0.0
32560.0,217435863.0,3.0,355.96,0.0,1476.0,0.0,35.0,1.0,0.0,2763.0,4342916.0,0.39,0.0
32561.0,217445863.0,3.0,355.96,0.0,1476.0,0.0,35.0,1.0,0.0,2764.0,4343016.0,0.39,0.0
32562.0,217455863.0,3.0,355.87,0.0,1476.0,0.0,35.0,1.0,0.0,2765.0,4343116.0,0.39,0.0
32563.0,217465863.0,3.0,355.96,0.0,1476.0,0.0,35.0,1.0,0.0,2766.0,4343216.0,0.39,0.0
32564.0,217475863.0,3.0,355.87,0.0,1476.0,0.0,35.0,1.0,0.0,2767.0,4343316.0,0.39,0.0
32565.0,217485863.0,3.0,356.04,0.0,1476.0,0.0,35.0,1.0,0.0,2768.0,4343416.0,0.39,-0.0
32566.0,217495863.0,3.0,355.96,0.0,1476.0,0.0,35.0,1.0,0.0,2769.0,4343516.0,0.39,0.0
32567.0,217505863.0,3.0,355.96,0.0,1476.0,0.0,35.0,1.0,0.0,2770.0,4343616.0,0.39,0.0
32568.0,217515863.0,3.0,355.96,0.0,1476.0,0.0,35.0,1.0,0.0,2771.0,4343716.0,0.39,-0.0
32569.0,217525863.0,3.0,355.96,0.0,1476.0,0.0,35.0,1.0,0.0,2772.0,4343816.0,0.39,0.0
32570.0,217535863.0,3.0,355.87,0.0,1476.0,0.0,35.0,1.0,0.0,2773.0,4343916.0,0.39,0.0
32571.0,217545863.0,3.0,355.96,0.0,1476.0,0.0,35.0,1.0,0.0,2774.0,4344016.0,0.39,0.0
32572.0,217555863.0,3.0,356.04,0.0,1476.0,0.0,35.0,1.0,0.0,2775.0,4344116.0,0.39,-0.0
32573.0,217565863.0,3.0,355.96,0.0,1476.0,0.0,35.0,1.0,0.0,2776.0,4344216.0,0.39,0.0
32574.0,217575863.0,3.0,355.87,0.0,1476.0,0.0,35.0,1.0,0.0,2777.0,4344316.0,0.39,0.0
32575.0,217585863.0,3.0,355.96,0.0,1476.0,0.0,35.0,1.0,0.0,2778.0,4344416.0,0.39,-0.0
32576.0,217595863.0,3.0,356.04,0.0,1476.0,0.0,35.0,1.0,0.0,2779.0,4344516.0,0.39,-0.0
32577.0,217605863.0,3.0,356.13,0.0,1476.0,0.0,35.0,1.0,0.0,2780.0,4344616.0,0.39,0.0
32578.0,217615863.0,3.0,355.87,0.0,1476.0,0.0,35.0,1.0,0.0,2781.0,4344716.0,0.39,0.0
32579.0,217625863.0,3.0,355.96,0.0,1476.0,0.0,35.0,1.0,0.0,2782.0,4344816.0,0.39,-0.0
32580.0,217635863.0,3.0,355.96,0.0,1476.0,0.0,35.0,1.0,0.0,2783.0,4344916.0,0.39,-0.0
32581.0,217645863.0,3.0,356.04,0.0,1476.0,0.0,35.0,1.0,0.0,2784.0,4345016.0,0.39,0.1
32582.0,217655863.0,3.0,355.96,0.0,1476.0,0.0,35.0,1.0,0.0,2785.0,4345116.0,0.39,0.1
32583.0,217665863.0,3.0,356.04,0.0,2766.0,0.0,35.0,2.0,0.0,2787.0,4345316.0,0.39,0.0
32584.0,217675863.0,3.0,355.96,0.0,187.0,0.0,35.0,0.0,0.0,2787.0,4345316.0,0.39,0.0
32585.0,217685863.0,3.0,356.04,0.0,1476.0,0.0,35.0,1.0,0.0,2788.0,4345416.0,0.39,-0.0
32586.0,217695863.0,3.0,356.13,0.0,1476.0,0.0,35.0,1.0,0.0,2789.0,4345516.0,0.39,-0.1
32587.0,217705863.0,3.0,355.96,0.0,1476.0,0.0,35.0,1.0,0.0,2790.0,4345616.0,0.39,0.0
32588.0,217715863.0,3.0,356.04,0.0,1476.0,0.0,35.0,1.0,0.0,2791.0,4345716.0,0.39,0.1
32589.0,217725863.0,3.0,355.96,0.0,1476.0,0.0,35.0,1.0,0.0,2792.0,4345816.0,0.39,-0.1
32590.0,217735863.0,3.0,355.96,0.0,1476.0,0.0,35.0,1.0,0.0,2793.0,4345916.0,0.39,0.1
32591.0,217745863.0,3.0,355.96,0.0,2766.0,0.0,35.0,2.0,0.0,2795.0,4346116.0,0.39,0.0
32592.0,217755863.0,3.0,356.04,0.0,187.0,0.0,35.0,0.0,0.0,2795.0,4346116.0,0.39,0.0
32593.0,217765863.0,3.0,355.96,0.0,1476.0,0.0,35.0,1.0,0.0,2796.0,4346216.0,0.39,-0.1
32594.0,217775863.0,3.0,355.96,0.0,1476.0,0.0,35.0,1.0,0.0,2797.0,4346316.0,0.39,0.1
32595.0,217785863.0,3.0,356.04,0.0,1476.0,0.0,35.0,1.0,0.0,2798.0,4346416.0,0.39,-0.0
32596.0,217795863.0,3.0,355.96,0.0,1476.0,0.0,35.0,1.0,0.0,2799.0,4346516.0,0.39,0.0
32597.0,217805863.0,3.0,356.04,0.0,1476.0,0.0,35.0,1.0,0.0,2800.0,4346616.0,0.39,0.1
32598.0,217815863.0,3.0,355.96,0.0,1476.0,0.0,35.0,1.0,0.0,2801.0,4346716.0,0.39,0.0
32599.0,217825863.0,3.0,355.96,0.0,2766.0,0.0,35.0,2.0,0.0,2803.0,4346916.0,0.39,0.0
32600.0,217835863.0,3.0,355.96,0.0,187.0,0.0,35.0,0.0,0.0,2803.0,4346916.0,0.39,0.0
32601.0,217845863.0,3.0,355.96,0.0,1476.0,0.0,35.0,1.0,0.0,2804.0,4347016.0,0.39,-0.0
32602.0,217855863.0,3.0,356.04,0.0,1476.0,0.0,35.0,1.0,0.0,2805.0,4347116.0,0.39,-0.0
32603.0,217865863.0,3.0,355.96,0.0,1476.0,0.0,35.0,1.0,0.0,2806.0,4347216.0,0.39,0.0
32604.0,217875863.0,3.0,355.96,0.0,1476.0,0.0,35.0,1.0,0.0,2807.0,4347316.0,0.39,0.0
32605.0,217885863.0,3.0,355.96,0.0,1476.0,0.0,35.0,1.0,0.0,2808.0,4347416.0,0.39,-0.0
32606.0,217895863.0,3.0,355.96,0.0,1476.0,0.0,35.0,1.0,0.0,2809.0,4347516.0,0.39,-0.0
32607.0,217905863.0,3.0,355.96,0.0,2766.0,0.0,35.0,2.0,0.0,2811.0,4347716.0,0.39,-0.0
32608.0,217915863.0,3.0,355.96,0.0,187.0,0.0,35.0,0.0,0.0,2811.0,4347716.0,0.39,-0.0
32609.0,217925863.0,3.0,356.04,0.0,1476.0,0.0,35.0,1.0,0.0,2812.0,4347816.0,0.39,0.0
32610.0,217935863.0,3.0,355.87,0.0,1476.0,0.0,35.0,1.0,0.0,2813.0,4347916.0,0.39,-0.0
32611.0,217945863.0,3.0,355.96,0.0,1476.0,0.0,35.0,1.0,0.0,2814.0,4348016.0,0.39,0.0
32612.0,217955863.0,3.0,355.96,0.0,1476.0,0.0,35.0,1.0,0.0,2815.0,4348116.0,0.39,-0.0
32613.0,217965863.0,3.0,355.96,0.0,1476.0,0.0,35.0,1.0,0.0,2816.0,4348216.0,0.39,-0.0
32614.0,217975863.0,3.0,356.04,0.0,1476.0,0.0,35.0,1.0,0.0,2817.0,4348316.0,0.39,-0.0
32615.0,217985863.0,3.0,356.04,0.0,2766.0,0.0,35.0,2.0,0.0,2819.0,4348516.0,0.39,0.0
32616.0,217995863.0,3.0,356.04,0.0,187.0,0.0,35.0,0.0,0.0,2819.0,4348516.0,0.39,0.0
32617.0,218005863.0,3.0,355.96,0.0,1476.0,0.0,35.0,1.0,0.0,2820.0,4348616.0,0.39,0.0
32618.0,218015863.0,3.0,355.96,0.0,1476.0,0.0,35.0,1.0,0.0,2821.0,4348716.0,0.39,0.1
32619.0,218025863.0,3.0,355.96,0.0,1476.0,0.0,35.0,1.0,0.0,2822.0,4348816.0,0.39,0.1
32620.0,218035863.0,3.0,355.87,0.0,1476.0,0.0,35.0,1.0,0.0,2823.0,4348916.0,0.39,0.0
32621.0,218045863.0,3.0,355.96,0.0,1476.0,0.0,35.0,1.0,0.0,2824.0,4349016.0,0.39,0.0
32622.0,218055863.0,3.0,355.96,0.0,1476.0,0.0,35.0,1.0,0.0,2825.0,4349116.0,0.39,0.0
32623.0,218065863.0,3.0,355.87,0.0,2766.0,0.0,35.0,2.0,0.0,2827.0,4349316.0,0.39,-0.0
32624.0,218075863.0,3.0,355.96,0.0,187.0,0.0,35.0,0.0,0.0,2827.0,4349316.0,0.39,-0.0
32625.0,218085863.0,3.0,355.96,0.0,1476.0,0.0,35.0,1.0,0.0,2828.0,4349416.0,0.39,-0.1
32626.0,218095863.0,3.0,355.96,0.0,1476.0,0.0,35.0,1.0,0.0,2829.0,4349516.0,0.39,0.0
32627.0,218105863.0,3.0,356.04,0.0,1476.0,0.0,35.0,1.0,0.0,2830.0,4349616.0,0.39,0.0
32628.0,218115863.0,3.0,355.96,0.0,1476.0,0.0,35.0,1.0,0.0,2831.0,4349716.0,0.39,-0.0
32629.0,218125863.0,3.0,355.96,0.0,1476.0,0.0,35.0,1.0,0.0,2832.0,4349816.0,0.39,-0.0
32630.0,218135863.0,3.0,355.96,0.0,1476.0,0.0,35.0,1.0,0.0,2833.0,4349916.0,0.39,0.1
32631.0,218145863.0,3.0,356.04,0.0,2766.0,0.0,35.0,2.0,0.0,2835.0,4350116.0,0.39,-0.0
32632.0,218155863.0,3.0,355.96,0.0,187.0,0.0,35.0,0.0,0.0,2835.0,4350116.0,0.39,-0.0
32633.0,218165863.0,3.0,355.96,0.0,1476.0,0.0,35.0,1.0,0.0,2836.0,4350216.0,0.39,-0.0
32634.0,218175863.0,3.0,355.96,0.0,1476.0,0.0,35.0,1.0,0.0,2837.0,4350316.0,0.39,-0.0
32635.0,218185863.0,3.0,355.96,0.0,1476.0,0.0,35.0,1.0,0.0,2838.0,4350416.0,0.39,-0.1
32636.0,218195863.0,3.0,356.04,0.0,1476.0,0.0,35.0,1.0,0.0,2839.0,4350516.0,0.39,-0.0
32637.0,218205863.0,3.0,356.04,0.0,1476.0,0.0,35.0,1.0,0.0,2840.0,4350616.0,0.39,0.0
32638.0,218215863.0,3.0,355.87,0.0,1476.0,0.0,35.0,1.0,0.0,2841.0,4350716.0,0.39,0.0
32639.0,218225863.0,3.0,355.96,0.0,2766.0,0.0,35.0,2.0,0.0,2843.0,4350916.0,0.4,0.1
32640.0,218235863.0,3.0,356.04,0.0,187.0,0.0,35.0,0.0,0.0,2843.0,4350916.0,0.4,0.1
32641.0,218245863.0,3.0,355.96,0.0,1476.0,0.0,35.0,1.0,0.0,2844.0,4351016.0,0.39,-0.0
32642.0,218255863.0,3.0,356.04,0.0,1476.0,0.0,35.0,1.0,0.0,2845.0,4351116.0,0.39,-0.0
32643.0,218265863.0,3.0,355.96,0.0,1476.0,0.0,35.0,1.0,0.0,2846.0,4351216.0,0.39,-0.0
32644.0,218275863.0,3.0,355.96,0.0,1476.0,0.0,35.0,1.0,0.0,2847.0,4351316.0,0.39,-0.0
32645.0,218285863.0,3.0,355.87,0.0,1476.0,0.0,35.0,1.0,0.0,2848.0,4351416.0,0.39,-0.0
32646.0,218295863.0,3.0,356.04,0.0,1476.0,0.0,35.0,1.0,0.0,2849.0,4351516.0,0.39,0.0
32647.0,218305863.0,3.0,355.96,0.0,2766.0,0.0,35.0,2.0,0.0,2851.0,4351716.0,0.39,0.0
32648.0,218315863.0,3.0,355.96,0.0,187.0,0.0,35.0,0.0,0.0,2851.0,4351716.0,0.39,0.0
32649.0,218325863.0,3.0,355.96,0.0,1476.0,0.0,35.0,1.0,0.0,2852.0,4351816.0,0.39,0.0
32650.0,218335863.0,3.0,355.87,0.0,1476.0,0.0,35.0,1.0,0.0,2853.0,4351916.0,0.39,0.1
32651.0,218345863.0,3.0,355.87,0.0,1476.0,0.0,35.0,1.0,0.0,2854.0,4352016.0,0.39,-0.1
32652.0,218355863.0,3.0,355.96,0.0,1476.0,0.0,35.0,1.0,0.0,2855.0,4352116.0,0.39,-0.0
32653.0,218365863.0,3.0,355.96,0.0,1476.0,0.0,35.0,1.0,0.0,2856.0,4352216.0,0.39,0.0
32654.0,218375863.0,3.0,355.96,0.0,1476.0,0.0,35.0,1.0,0.0,2857.0,4352316.0,0.39,0.0
32655.0,218385863.0,3.0,356.04,0.0,2766.0,0.0,35.0,2.0,0.0,2859.0,4352516.0,0.39,0.0
32656.0,218395863.0,3.0,355.96,0.0,187.0,0.0,35.0,0.0,0.0,2859.0,4352516.0,0.39,0.0
32657.0,218405863.0,3.0,355.96,0.0,1476.0,0.0,35.0,1.0,0.0,2860.0,4352616.0,0.39,0.0
32658.0,218415863.0,3.0,355.96,0.0,1476.0,0.0,35.0,1.0,0.0,2861.0,4352716.0,0.39,0.0
32659.0,218425863.0,3.0,355.96,0.0,1476.0,0.0,35.0,1.0,0.0,2862.0,4352816.0,0.39,-0.0
32660.0,218435863.0,3.0,355.96,0.0,1476.0,0.0,35.0,1.0,0.0,2863.0,4352916.0,0.39,0.0
32661.0,218445863.0,3.0,356.04,0.0,1476.0,0.0,35.0,1.0,0.0,2864.0,4353016.0,0.39,-0.0
32662.0,218455863.0,3.0,355.87,0.0,1476.0,0.0,35.0,1.0,0.0,2865.0,4353116.0,0.39,0.0
32663.0,218465863.0,3.0,355.96,0.0,2766.0,0.0,35.0,2.0,0.0,2867.0,4353316.0,0.39,0.0
32664.0,218475863.0,3.0,355.96,0.0,187.0,0.0,35.0,0.0,0.0,2867.0,4353316.0,0.39,0.0
32665.0,218485863.0,3.0,355.96,0.0,1476.0,0.0,35.0,1.0,0.0,2868.0,4353416.0,0.39,0.0
32666.0,218495863.0,3.0,356.04,0.0,1476.0,0.0,35.0,1.0,0.0,2869.0,4353516.0,0.39,0.0
32667.0,218505863.0,3.0,355.96,0.0,1476.0,0.0,35.0,1.0,0.0,2870.0,4353616.0,0.39,0.0
32668.0,218515863.0,3.0,356.04,0.0,1476.0,0.0,35.0,1.0,0.0,2871.0,4353716.0,0.39,0.0
32669.0,218525863.0,3.0,356.04,0.0,1476.0,0.0,35.0,1.0,0.0,2872.0,4353816.0,0.39,-0.0
32670.0,218535863.0,3.0,355.96,0.0,1476.0,0.0,35.0,1.0,0.0,2873.0,4353916.0,0.39,-0.0
32671.0,218545863.0,3.0,355.96,0.0,2766.0,0.0,35.0,2.0,0.0,2875.0,4354116.0,0.39,-0.0
32672.0,218555863.0,3.0,356.04,0.0,187.0,0.0,35.0,0.0,0.0,2875.0,4354116.0,0.39,-0.0
32673.0,218565863.0,3.0,355.96,0.0,1476.0,0.0,35.0,1.0,0.0,2876.0,4354216.0,0.39,0.0
32674.0,218575863.0,3.0,356.04,0.0,1476.0,0.0,35.0,1.0,0.0,2877.0,4354316.0,0.39,0.1
32675.0,218585863.0,3.0,355.96,0.0,1476.0,0.0,35.0,1.0,0.0,2878.0,4354416.0,0.39,0.1
32676.0,218595863.0,3.0,356.04,0.0,1476.0,0.0,35.0,1.0,0.0,2879.0,4354516.0,0.39,0.0
32677.0,218605863.0,3.0,355.96,0.0,1476.0,0.0,35.0,1.0,0.0,2880.0,4354616.0,0.39,0.0
32678.0,218615863.0,3.0,355.87,0.0,1476.0,0.0,35.0,1.0,0.0,2881.0,4354716.0,0.39,-0.0
32679.0,218625863.0,3.0,355.96,0.0,2766.0,0.0,35.0,2.0,0.0,2883.0,4354916.0,0.39,-0.0
32680.0,218635863.0,3.0,355.96,0.0,187.0,0.0,35.0,0.0,0.0,2883.0,4354916.0,0.39,-0.0
32681.0,218645863.0,3.0,356.04,0.0,1476.0,0.0,35.0,1.0,0.0,2884.0,4355016.0,0.39,0.0
32682.0,218655863.0,3.0,355.96,0.0,1476.0,0.0,35.0,1.0,0.0,2885.0,4355116.0,0.39,0.0
32683.0,218665863.0,3.0,355.96,0.0,1476.0,0.0,35.0,1.0,0.0,2886.0,4355216.0,0.39,0.0
32684.0,218675863.0,3.0,356.04,0.0,1476.0,0.0,35.0,1.0,0.0,2887.0,4355316.0,0.39,0.0
32685.0,218685863.0,3.0,356.04,0.0,1476.0,0.0,35.0,1.0,0.0,2888.0,4355416.0,0.39,0.0
32686.0,218695863.0,3.0,355.96,0.0,1476.0,0.0,35.0,1.0,0.0,2889.0,4355516.0,0.39,0.1
32687.0,218705863.0,3.0,355.96,0.0,2766.0,0.0,35.0,2.0,0.0,2891.0,4355716.0,0.39,0.0
32688.0,218715863.0,3.0,356.04,0.0,187.0,0.0,35.0,0.0,0.0,2891.0,4355716.0,0.39,0.0
32689.0,218725863.0,3.0,355.96,0.0,1476.0,0.0,35.0,1.0,0.0,2892.0,4355816.0,0.39,-0.1
32690.0,218735863.0,3.0,356.13,0.0,1476.0,0.0,35.0,1.0,0.0,2893.0,4355916.0,0.39,-0.1
32691.0,218745863.0,3.0,355.96,0.0,1476.0,0.0,35.0,1.0,0.0,2894.0,4356016.0,0.39,-0.0
32692.0,218755863.0,3.0,355.87,0.0,1476.0,0.0,35.0,1.0,0.0,2895.0,4356116.0,0.39,-0.0
32693.0,218765863.0,3.0,356.04,0.0,1476.0,0.0,35.0,1.0,0.0,2896.0,4356216.0,0.39,-0.0
32694.0,218775863.0,3.0,355.96,0.0,1476.0,0.0,35.0,1.0,0.0,2897.0,4356316.0,0.39,0.0
32695.0,218785863.0,3.0,355.96,0.0,2766.0,0.0,35.0,2.0,0.0,2899.0,4356516.0,0.39,0.0
32696.0,218795863.0,3.0,355.96,0.0,187.0,0.0,35.0,0.0,0.0,2899.0,4356516.0,0.39,0.0
32697.0,218805863.0,3.0,356.04,0.0,1476.0,0.0,35.0,1.0,0.0,2900.0,4356616.0,0.39,0.0
32698.0,218815863.0,3.0,356.04,0.0,1476.0,0.0,35.0,1.0,0.0,2901.0,4356716.0,0.39,0.0
32699.0,218825863.0,3.0,356.04,0.0,1476.0,0.0,35.0,1.0,0.0,2902.0,4356816.0,0.39,0.0
32700.0,218835863.0,3.0,355.96,0.0,1476.0,0.0,35.0,1.0,0.0,2903.0,4356916.0,0.39,-0.0
32701.0,218845863.0,3.0,356.04,0.0,1476.0,0.0,35.0,1.0,0.0,2904.0,4357016.0,0.39,-0.0
32702.0,218855863.0,3.0,355.96,0.0,1476.0,0.0,35.0,1.0,0.0,2905.0,4357116.0,0.39,-0.0
32703.0,218865863.0,3.0,355.96,0.0,2766.0,0.0,35.0,2.0,0.0,2907.0,4357316.0,0.39,-0.0
32704.0,218875863.0,3.0,355.96,0.0,187.0,0.0,35.0,0.0,0.0,2907.0,4357316.0,0.39,-0.0
32705.0,218885863.0,3.0,355.96,0.0,1476.0,0.0,35.0,1.0,0.0,2908.0,4357416.0,0.39,-0.0
32706.0,218895863.0,3.0,355.96,0.0,1476.0,0.0,35.0,1.0,0.0,2909.0,4357516.0,0.39,0.0
32707.0,218905863.0,3.0,355.96,0.0,1476.0,0.0,35.0,1.0,0.0,2910.0,4357616.0,0.39,0.1
32708.0,218915863.0,3.0,355.96,0.0,1476.0,0.0,35.0,1.0,0.0,2911.0,4357716.0,0.39,0.0
32709.0,218925863.0,3.0,356.04,0.0,1476.0,0.0,35.0,1.0,0.0,2912.0,4357816.0,0.39,-0.0
32710.0,218935863.0,3.0,355.96,0.0,1476.0,0.0,35.0,1.0,0.0,2913.0,4357916.0,0.39,-0.0
32711.0,218945863.0,3.0,355.96,0.0,2766.0,0.0,35.0,2.0,0.0,2915.0,4358116.0,0.39,-0.0
32712.0,218955863.0,3.0,355.96,0.0,187.0,0.0,35.0,0.0,0.0,2915.0,4358116.0,0.39,-0.0
32713.0,218965863.0,3.0,355.96,0.0,1476.0,0.0,35.0,1.0,0.0,2916.0,4358216.0,0.39,-0.0
32714.0,218975863.0,3.0,355.87,0.0,1476.0,0.0,35.0,1.0,0.0,2917.0,4358316.0,0.39,0.0
32715.0,218985863.0,3.0,355.96,0.0,1476.0,0.0,35.0,1.0,0.0,2918.0,4358416.0,0.39,-0.0
32716.0,218995863.0,3.0,356.04,0.0,1476.0,0.0,35.0,1.0,0.0,2919.0,4358516.0,0.39,0.1
32717.0,219005863.0,3.0,355.87,0.0,1476.0,0.0,35.0,1.0,0.0,2920.0,4358616.0,0.39,0.0
32718.0,219015863.0,3.0,355.96,0.0,1476.0,0.0,35.0,1.0,0.0,2921.0,4358716.0,0.39,0.0
32719.0,219025863.0,3.0,355.96,0.0,2766.0,0.0,35.0,2.0,0.0,2923.0,4358916.0,0.39,0.0
32720.0,219035863.0,3.0,355.96,0.0,187.0,0.0,35.0,0.0,0.0,2923.0,4358916.0,0.39,0.0
32721.0,219045863.0,3.0,356.04,0.0,1476.0,0.0,35.0,1.0,0.0,2924.0,4359016.0,0.39,-0.0
32722.0,219055863.0,3.0,355.96,0.0,1476.0,0.0,35.0,1.0,0.0,2925.0,4359116.0,0.39,0.0
32723.0,219065863.0,3.0,356.04,0.0,1476.0,0.0,35.0,1.0,0.0,2926.0,4359216.0,0.39,0.0
32724.0,219075863.0,3.0,355.96,0.0,1476.0,0.0,35.0,1.0,0.0,2927.0,4359316.0,0.39,0.0
32725.0,219085863.0,3.0,355.96,0.0,1476.0,0.0,35.0,1.0,0.0,2928.0,4359416.0,0.39,0.0
32726.0,219095863.0,3.0,356.04,0.0,1476.0,0.0,35.0,1.0,0.0,2929.0,4359516.0,0.39,0.0
32727.0,219105863.0,3.0,355.96,0.0,2766.0,0.0,35.0,2.0,0.0,2931.0,4359716.0,0.39,-0.0
32728.0,219115863.0,3.0,355.96,0.0,187.0,0.0,35.0,0.0,0.0,2931.0,4359716.0,0.39,-0.0
32729.0,219125863.0,3.0,355.96,0.0,1476.0,0.0,35.0,1.0,0.0,2932.0,4359816.0,0.39,-0.0
32730.0,219135863.0,3.0,356.04,0.0,1476.0,0.0,35.0,1.0,0.0,2933.0,4359916.0,0.39,-0.0
32731.0,219145863.0,3.0,356.04,0.0,1476.0,0.0,35.0,1.0,0.0,2934.0,4360016.0,0.39,-0.0
32732.0,219155863.0,3.0,355.96,0.0,1476.0,0.0,35.0,1.0,0.0,2935.0,4360116.0,0.39,0.1
32733.0,219165863.0,3.0,355.96,0.0,1476.0,0.0,35.0,1.0,0.0,2936.0,4360216.0,0.39,0.0
32734.0,219175863.0,3.0,356.04,0.0,1476.0,0.0,35.0,1.0,0.0,2937.0,4360316.0,0.39,0.0
32735.0,219185863.0,3.0,355.96,0.0,2766.0,0.0,35.0,2.0,0.0,2939.0,4360516.0,0.39,0.0
32736.0,219195863.0,3.0,356.04,0.0,187.0,0.0,35.0,0.0,0.0,2939.0,4360516.0,0.39,0.0
32737.0,219205863.0,3.0,355.96,0.0,1476.0,0.0,35.0,1.0,0.0,2940.0,4360616.0,0.39,-0.0
32738.0,219215863.0,3.0,356.04,0.0,1476.0,0.0,35.0,1.0,0.0,2941.0,4360716.0,0.39,0.1
32739.0,219225863.0,3.0,355.96,0.0,1476.0,0.0,35.0,1.0,0.0,2942.0,4360816.0,0.39,-0.0
32740.0,219235863.0,3.0,355.96,0.0,1476.0,0.0,35.0,1.0,0.0,2943.0,4360916.0,0.39,-0.1
32741.0,219245863.0,3.0,355.96,0.0,1476.0,0.0,35.0,1.0,0.0,2944.0,4361016.0,0.39,0.0
32742.0,219255863.0,3.0,355.96,0.0,1476.0,0.0,35.0,1.0,0.0,2945.0,4361116.0,0.39,0.0
32743.0,219265863.0,3.0,356.04,0.0,1476.0,0.0,35.0,1.0,0.0,2946.0,4361216.0,0.39,0.0
32744.0,219275863.0,3.0,355.87,0.0,2766.0,0.0,35.0,2.0,0.0,2948.0,4361416.0,0.39,0.0
32745.0,219285863.0,3.0,355.96,0.0,187.0,0.0,35.0,0.0,0.0,2948.0,4361416.0,0.39,0.0
32746.0,219295863.0,3.0,355.96,0.0,1476.0,0.0,35.0,1.0,0.0,2949.0,4361516.0,0.39,0.1
32747.0,219305863.0,3.0,356.04,0.0,1476.0,0.0,35.0,1.0,0.0,2950.0,4361616.0,0.39,0.0
32748.0,219315863.0,3.0,356.04,0.0,1476.0,0.0,35.0,1.0,0.0,2951.0,4361716.0,0.39,0.1
32749.0,219325863.0,3.0,355.96,0.0,1476.0,0.0,35.0,1.0,0.0,2952.0,4361816.0,0.39,-0.0
32750.0,219335863.0,3.0,356.04,0.0,1476.0,0.0,35.0,1.0,0.0,2953.0,4361916.0,0.39,-0.0
32751.0,219345863.0,3.0,356.04,0.0,1476.0,0.0,35.0,1.0,0.0,2954.0,4362016.0,0.39,0.0
32752.0,219355863.0,3.0,355.87,0.0,2766.0,0.0,35.0,2.0,0.0,2956.0,4362216.0,0.39,-0.0
32753.0,219365863.0,3.0,355.96,0.0,187.0,0.0,35.0,0.0,0.0,2956.0,4362216.0,0.39,-0.0
32754.0,219375863.0,3.0,355.96,0.0,1476.0,0.0,35.0,1.0,0.0,2957.0,4362316.0,0.39,0.1
32755.0,219385863.0,3.0,355.96,0.0,1476.0,0.0,35.0,1.0,0.0,2958.0,4362416.0,0.39,0.0
32756.0,219395863.0,3.0,355.96,0.0,1476.0,0.0,35.0,1.0,0.0,2959.0,4362516.0,0.39,-0.0
32757.0,219405863.0,3.0,355.87,0.0,1476.0,0.0,35.0,1.0,0.0,2960.0,4362616.0,0.39,-0.0
32758.0,219415863.0,3.0,355.96,0.0,1476.0,0.0,35.0,1.0,0.0,2961.0,4362716.0,0.39,-0.0
32759.0,219425863.0,3.0,356.04,0.0,1476.0,0.0,35.0,1.0,0.0,2962.0,4362816.0,0.39,-0.1
32760.0,219435863.0,3.0,355.96,0.0,2766.0,0.0,35.0,2.0,0.0,2964.0,4363016.0,0.39,-0.0
32761.0,219445863.0,3.0,355.96,0.0,187.0,0.0,35.0,0.0,0.0,2964.0,4363016.0,0.39,-0.0
32762.0,219455863.0,3.0,355.96,0.0,1476.0,0.0,35.0,1.0,0.0,2965.0,4363116.0,0.39,0.0
32763.0,219465863.0,3.0,355.96,0.0,1476.0,0.0,35.0,1.0,0.0,2966.0,4363216.0,0.39,0.1
32764.0,219475863.0,3.0,355.96,0.0,1476.0,0.0,35.0,1.0,0.0,2967.0,4363316.0,0.39,0.0
32765.0,219485863.0,3.0,355.96,0.0,1476.0,0.0,35.0,1.0,0.0,2968.0,4363416.0,0.39,0.0
32766.0,219495863.0,3.0,355.96,0.0,1476.0,0.0,35.0,1.0,0.0,2969.0,4363516.0,0.39,0.0
32767.0,219505863.0,3.0,355.96,0.0,1476.0,0.0,35.0,1.0,0.0,2970.0,4363616.0,0.39,-0.0
32768.0,219515863.0,3.0,355.96,0.0,2766.0,0.0,35.0,2.0,0.0,2972.0,4363816.0,0.39,-0.0
32769.0,219525863.0,3.0,355.96,0.0,187.0,0.0,35.0,0.0,0.0,2972.0,4363816.0,0.39,-0.0
32770.0,219535863.0,3.0,355.96,0.0,1476.0,0.0,35.0,1.0,0.0,2973.0,4363916.0,0.39,0.0
32771.0,219545863.0,3.0,355.96,0.0,1476.0,0.0,35.0,1.0,0.0,2974.0,4364016.0,0.39,-0.0
32772.0,219555863.0,3.0,355.96,0.0,1476.0,0.0,35.0,1.0,0.0,2975.0,4364116.0,0.39,0.0
32773.0,219565863.0,3.0,355.96,0.0,1476.0,0.0,35.0,1.0,0.0,2976.0,4364216.0,0.39,0.1
32774.0,219575863.0,3.0,355.87,0.0,1476.0,0.0,35.0,1.0,0.0,2977.0,4364316.0,0.39,0.0
32775.0,219585863.0,3.0,355.96,0.0,1476.0,0.0,35.0,1.0,0.0,2978.0,4364416.0,0.39,0.0
32776.0,219595863.0,3.0,356.04,0.0,2766.0,0.0,35.0,2.0,0.0,2980.0,4364616.0,0.39,-0.2
32777.0,219605863.0,3.0,355.96,0.0,187.0,0.0,35.0,0.0,0.0,2980.0,4364616.0,0.39,-0.2
32778.0,219615863.0,3.0,356.04,0.0,1476.0,0.0,35.0,1.0,0.0,2981.0,4364716.0,0.39,0.2
32779.0,219625863.0,3.0,355.87,0.0,1476.0,0.0,35.0,1.0,0.0,2982.0,4364816.0,0.4,0.3
32780.0,219635863.0,3.0,355.96,0.0,1476.0,0.0,35.0,1.0,0.0,2983.0,4364916.0,0.4,-0.2
32781.0,219645863.0,3.0,355.96,0.0,1476.0,0.0,35.0,1.0,0.0,2984.0,4365016.0,0.39,0.1
32782.0,219655863.0,3.0,355.87,0.0,1476.0,0.0,35.0,1.0,0.0,2985.0,4365116.0,0.4,0.1
32783.0,219665863.0,3.0,355.96,0.0,1476.0,0.0,35.0,1.0,0.0,2986.0,4365216.0,0.4,0.1
32784.0,219675863.0,3.0,355.87,0.0,2766.0,0.0,35.0,2.0,0.0,2988.0,4365416.0,0.39,-0.1
32785.0,219685863.0,3.0,356.04,0.0,187.0,0.0,35.0,0.0,0.0,2988.0,4365416.0,0.39,-0.1
32786.0,219695863.0,3.0,355.96,0.0,1476.0,0.0,35.0,1.0,0.0,2989.0,4365516.0,0.39,-0.2
32787.0,219705863.0,3.0,355.96,0.0,1476.0,0.0,35.0,1.0,0.0,2990.0,4365616.0,0.39,-0.1
32788.0,219715863.0,3.0,355.96,0.0,1476.0,0.0,35.0,1.0,0.0,2991.0,4365716.0,0.39,0.2
32789.0,219725863.0,3.0,355.96,0.0,1476.0,0.0,35.0,1.0,0.0,2992.0,4365816.0,0.4,0.0
32790.0,219735863.0,3.0,355.96,0.0,1476.0,0.0,35.0,1.0,0.0,2993.0,4365916.0,0.39,-0.1
32791.0,219745863.0,3.0,355.96,0.0,1476.0,0.0,35.0,1.0,0.0,2994.0,4366016.0,0.39,-0.0
32792.0,219755863.0,3.0,355.96,0.0,2766.0,0.0,35.0,2.0,0.0,2996.0,4366216.0,0.39,-0.0
32793.0,219765863.0,3.0,355.96,0.0,187.0,0.0,35.0,0.0,0.0,2996.0,4366216.0,0.39,-0.0
32794.0,219775863.0,3.0,355.96,0.0,1476.0,0.0,35.0,1.0,0.0,2997.0,4366316.0,0.39,-0.0
32795.0,219785863.0,3.0,355.96,0.0,1476.0,0.0,35.0,1.0,0.0,2998.0,4366416.0,0.39,-0.1
32796.0,219795863.0,3.0,356.04,0.0,1476.0,0.0,35.0,1.0,0.0,2999.0,4366516.0,0.39,-0.1
32797.0,219805863.0,3.0,355.96,0.0,1476.0,0.0,35.0,1.0,0.0,3000.0,4366616.0,0.39,0.1
32798.0,219815863.0,3.0,355.96,0.0,1476.0,0.0,35.0,1.0,0.0,3001.0,4366716.0,0.39,0.2
32799.0,219825863.0,3.0,355.96,0.0,1476.0,0.0,35.0,1.0,0.0,3002.0,4366816.0,0.39,0.1
32800.0,219835863.0,3.0,355.87,0.0,2766.0,0.0,35.0,2.0,0.0,3004.0,4367016.0,0.39,-0.1
32801.0,219845863.0,3.0,355.96,0.0,187.0,0.0,35.0,0.0,0.0,3004.0,4367016.0,0.39,-0.1
32802.0,219855863.0,3.0,356.04,0.0,1476.0,0.0,35.0,1.0,0.0,3005.0,4367116.0,0.39,-0.2
32803.0,219865863.0,3.0,355.96,0.0,1476.0,0.0,35.0,1.0,0.0,3006.0,4367216.0,0.38,-0.0
32804.0,219875863.0,3.0,355.96,0.0,1476.0,0.0,35.0,1.0,0.0,3007.0,4367316.0,0.39,-0.0
32805.0,219885863.0,3.0,355.96,0.0,1476.0,0.0,35.0,1.0,0.0,3008.0,4367416.0,0.39,-0.1
32806.0,219895863.0,3.0,355.96,0.0,1476.0,0.0,35.0,1.0,0.0,3009.0,4367516.0,0.39,0.1
32807.0,219905863.0,3.0,355.87,0.0,1476.0,0.0,35.0,1.0,0.0,3010.0,4367616.0,0.39,0.2
32808.0,219915863.0,3.0,355.96,0.0,2766.0,0.0,35.0,2.0,0.0,3012.0,4367816.0,0.39,0.1
32809.0,219925863.0,3.0,356.04,0.0,187.0,0.0,35.0,0.0,0.0,3012.0,4367816.0,0.39,0.1
32810.0,219935863.0,3.0,355.96,0.0,1476.0,0.0,35.0,1.0,0.0,3013.0,4367916.0,0.39,-0.1
32811.0,219945863.0,3.0,355.96,0.0,1476.0,0.0,35.0,1.0,0.0,3014.0,4368016.0,0.39,-0.2
32812.0,219955863.0,3.0,355.96,0.0,1476.0,0.0,35.0,1.0,0.0,3015.0,4368116.0,0.39,0.1
32813.0,219965863.0,3.0,355.96,0.0,1476.0,0.0,35.0,1.0,0.0,3016.0,4368216.0,0.39,-0.3
32814.0,219975863.0,3.0,355.96,0.0,1476.0,0.0,35.0,1.0,0.0,3017.0,4368316.0,0.38,-0.0
32815.0,219985863.0,3.0,355.96,0.0,1476.0,0.0,35.0,1.0,0.0,3018.0,4368416.0,0.39,0.2
32816.0,219995863.0,3.0,355.96,0.0,2766.0,0.0,35.0,2.0,0.0,3020.0,4368616.0,0.39,-0.0
32817.0,220005863.0,3.0,356.04,0.0,187.0,0.0,35.0,0.0,0.0,3020.0,4368616.0,0.39,-0.0
32818.0,220015863.0,3.0,356.04,0.0,1476.0,0.0,35.0,1.0,0.0,3021.0,4368716.0,0.39,0.2
32819.0,220025863.0,3.0,355.96,0.0,1476.0,0.0,35.0,1.0,0.0,3022.0,4368816.0,0.39,-0.1
32820.0,220035863.0,3.0,356.04,0.0,1476.0,0.0,35.0,1.0,0.0,3023.0,4368916.0,0.38,-0.3
32821.0,220045863.0,3.0,355.96,0.0,1476.0,0.0,35.0,1.0,0.0,3024.0,4369016.0,0.38,0.1
32822.0,220055863.0,3.0,355.96,0.0,1476.0,0.0,35.0,1.0,0.0,3025.0,4369116.0,0.39,0.4
32823.0,220065863.0,3.0,355.96,0.0,1476.0,0.0,35.0,1.0,0.0,3026.0,4369216.0,0.39,-0.4
32824.0,220075863.0,3.0,355.96,0.0,2766.0,0.0,35.0,2.0,0.0,3028.0,4369416.0,0.4,0.3
32825.0,220085863.0,3.0,355.96,0.0,187.0,0.0,35.0,0.0,0.0,3028.0,4369416.0,0.4,0.3
32826.0,220095863.0,3.0,356.04,0.0,1476.0,0.0,35.0,1.0,0.0,3029.0,4369516.0,0.4,0.2
32827.0,220105863.0,3.0,355.96,0.0,1476.0,0.0,35.0,1.0,0.0,3030.0,4369616.0,0.4,0.3
32828.0,220115863.0,3.0,356.04,0.0,1476.0,0.0,35.0,1.0,0.0,3031.0,4369716.0,0.4,-0.3
32829.0,220125863.0,3.0,355.96,0.0,1476.0,0.0,35.0,1.0,0.0,3032.0,4369816.0,0.37,-1.6
32830.0,220135863.0,3.0,355.96,0.0,1476.0,0.0,35.0,1.0,0.0,3033.0,4369916.0,0.36,0.2
32831.0,220145863.0,3.0,355.87,0.0,1476.0,0.0,35.0,1.0,0.0,3034.0,4370016.0,0.39,1.3
32832.0,220155863.0,3.0,355.96,0.0,2766.0,0.0,35.0,2.0,0.0,3036.0,4370216.0,0.4,0.4
32833.0,220165863.0,3.0,355.96,0.0,187.0,0.0,35.0,0.0,0.0,3036.0,4370216.0,0.4,0.4
32834.0,220175863.0,3.0,355.96,0.0,1476.0,0.0,35.0,1.0,0.0,3037.0,4370316.0,0.4,0.1
32835.0,220185863.0,3.0,355.96,0.0,1476.0,0.0,35.0,1.0,0.0,3038.0,4370416.0,0.39,-0.6
32836.0,220195863.0,3.0,355.96,0.0,1476.0,0.0,35.0,1.0,0.0,3039.0,4370516.0,0.38,-0.3
32837.0,220205863.0,3.0,355.96,0.0,1476.0,0.0,35.0,1.0,0.0,3040.0,4370616.0,0.39,0.3
32838.0,220215863.0,3.0,355.96,0.0,1476.0,0.0,35.0,1.0,0.0,3041.0,4370716.0,0.39,0.0
32839.0,220225863.0,3.0,355.96,0.0,1476.0,0.0,35.0,1.0,0.0,3042.0,4370816.0,0.39,-0.5
32840.0,220235863.0,3.0,355.96,0.0,2766.0,0.0,35.0,2.0,0.0,3044.0,4371016.0,0.38,0.1
32841.0,220245863.0,3.0,355.96,0.0,187.0,0.0,35.0,0.0,0.0,3044.0,4371016.0,0.38,0.1
32842.0,220255863.0,3.0,355.96,0.0,1476.0,0.0,35.0,1.0,0.0,3045.0,4371116.0,0.39,0.4
32843.0,220265863.0,3.0,355.96,0.0,1476.0,0.0,35.0,1.0,0.0,3046.0,4371216.0,0.4,0.8
32844.0,220275863.0,3.0,355.96,0.0,1476.0,0.0,35.0,1.0,0.0,3047.0,4371316.0,0.4,-0.3
32845.0,220285863.0,3.0,355.96,0.0,1476.0,0.0,35.0,1.0,0.0,3048.0,4371416.0,0.38,-0.5
32846.0,220295863.0,3.0,356.04,0.0,1476.0,0.0,35.0,1.0,0.0,3049.0,4371516.0,0.38,-0.0
32847.0,220305863.0,3.0,356.04,0.0,1476.0,0.0,35.0,1.0,0.0,3050.0,4371616.0,0.39,0.1
32848.0,220315863.0,3.0,355.87,0.0,2766.0,0.0,35.0,2.0,0.0,3052.0,4371816.0,0.39,-0.1
32849.0,220325863.0,3.0,356.04,0.0,187.0,0.0,35.0,0.0,0.0,3052.0,4371816.0,0.39,-0.1
32850.0,220335863.0,3.0,356.04,0.0,1476.0,0.0,35.0,1.0,0.0,3053.0,4371916.0,0.38,-0.5
32851.0,220345863.0,3.0,356.04,0.0,1476.0,0.0,35.0,1.0,0.0,3054.0,4372016.0,0.37,-0.5
32852.0,220355863.0,3.0,355.96,0.0,1476.0,0.0,35.0,1.0,0.0,3055.0,4372116.0,0.37,0.2
32853.0,220365863.0,3.0,355.96,0.0,1476.0,0.0,35.0,1.0,0.0,3056.0,4372216.0,0.39,0.5
32854.0,220375863.0,3.0,355.87,0.0,1476.0,0.0,35.0,1.0,0.0,3057.0,4372316.0,0.39,0.1
32855.0,220385863.0,3.0,355.87,0.0,1476.0,0.0,35.0,1.0,0.0,3058.0,4372416.0,0.39,0.2
32856.0,220395863.0,3.0,355.96,0.0,2766.0,0.0,35.0,2.0,0.0,3060.0,4372616.0,0.39,0.0
32857.0,220405863.0,3.0,355.96,0.0,187.0,0.0,35.0,0.0,0.0,3060.0,4372616.0,0.39,0.0
32858.0,220415863.0,3.0,355.96,0.0,1476.0,0.0,35.0,1.0,0.0,3061.0,4372716.0,0.39,-0.1
32859.0,220425863.0,3.0,355.96,0.0,1476.0,0.0,35.0,1.0,0.0,3062.0,4372816.0,0.39,-0.1
32860.0,220435863.0,3.0,355.96,0.0,1476.0,0.0,35.0,1.0,0.0,3063.0,4372916.0,0.39,-0.1
32861.0,220445863.0,3.0,355.87,0.0,1476.0,0.0,35.0,1.0,0.0,3064.0,4373016.0,0.39,-0.0
32862.0,220455863.0,3.0,356.04,0.0,1476.0,0.0,35.0,1.0,0.0,3065.0,4373116.0,0.39,0.1
32863.0,220465863.0,3.0,356.04,0.0,1476.0,0.0,35.0,1.0,0.0,3066.0,4373216.0,0.39,0.0
32864.0,220475863.0,3.0,356.04,0.0,2766.0,0.0,35.0,2.0,0.0,3068.0,4373416.0,0.39,0.4
32865.0,220485863.0,3.0,356.04,0.0,187.0,0.0,35.0,0.0,0.0,3068.0,4373416.0,0.39,0.4
32866.0,220495863.0,3.0,356.04,0.0,1476.0,0.0,35.0,1.0,0.0,3069.0,4373516.0,0.4,-0.0
32867.0,220505863.0,3.0,355.96,0.0,1476.0,0.0,35.0,1.0,0.0,3070.0,4373616.0,0.39,-0.5
32868.0,220515863.0,3.0,355.96,0.0,1476.0,0.0,35.0,1.0,0.0,3071.0,4373716.0,0.37,-1.2
32869.0,220525863.0,3.0,356.04,0.0,1476.0,0.0,35.0,1.0,0.0,3072.0,4373816.0,0.36,0.0
32870.0,220535863.0,3.0,356.04,0.0,1476.0,0.0,35.0,1.0,0.0,3073.0,4373916.0,0.39,1.0
32871.0,220545863.0,3.0,355.96,0.0,1476.0,0.0,35.0,1.0,0.0,3074.0,4374016.0,0.4,0.4
32872.0,220555863.0,3.0,355.96,0.0,2766.0,0.0,35.0,2.0,0.0,3076.0,4374216.0,0.39,-0.1
32873.0,220565863.0,3.0,355.96,0.0,187.0,0.0,35.0,0.0,0.0,3076.0,4374216.0,0.39,-0.1
32874.0,220575863.0,3.0,355.96,0.0,1476.0,0.0,35.0,1.0,0.0,3077.0,4374316.0,0.39,0.1
32875.0,220585863.0,3.0,355.96,0.0,1476.0,0.0,35.0,1.0,0.0,3078.0,4374416.0,0.39,-0.2
32876.0,220595863.0,3.0,356.04,0.0,1476.0,0.0,35.0,1.0,0.0,3079.0,4374516.0,0.39,-0.2
32877.0,220605863.0,3.0,355.96,0.0,1476.0,0.0,35.0,1.0,0.0,3080.0,4374616.0,0.38,-0.1
32878.0,220615863.0,3.0,356.04,0.0,1476.0,0.0,35.0,1.0,0.0,3081.0,4374716.0,0.39,0.1
32879.0,220625863.0,3.0,355.87,0.0,1476.0,0.0,35.0,1.0,0.0,3082.0,4374816.0,0.39,0.1
32880.0,220635863.0,3.0,355.96,0.0,2766.0,0.0,35.0,2.0,0.0,3084.0,4375016.0,0.4,0.1
32881.0,220645863.0,3.0,355.96,0.0,187.0,0.0,35.0,0.0,0.0,3084.0,4375016.0,0.4,0.1
32882.0,220655863.0,3.0,355.96,0.0,1476.0,0.0,35.0,1.0,0.0,3085.0,4375116.0,0.4,0.3
32883.0,220665863.0,3.0,355.96,0.0,1476.0,0.0,35.0,1.0,0.0,3086.0,4375216.0,0.4,-0.0
32884.0,220675863.0,3.0,355.96,0.0,1476.0,0.0,35.0,1.0,0.0,3087.0,4375316.0,0.39,-0.2
32885.0,220685863.0,3.0,355.96,0.0,1476.0,0.0,35.0,1.0,0.0,3088.0,4375416.0,0.39,-0.5
32886.0,220695863.0,3.0,355.96,0.0,1476.0,0.0,35.0,1.0,0.0,3089.0,4375516.0,0.37,-0.9
32887.0,220705863.0,3.0,355.96,0.0,1476.0,0.0,35.0,1.0,0.0,3090.0,4375616.0,0.36,-0.8
32888.0,220715863.0,3.0,355.96,0.0,2766.0,0.0,35.0,2.0,0.0,3092.0,4375816.0,0.32,-2.6
32889.0,220725863.0,3.0,356.04,0.0,187.0,0.0,35.0,0.0,0.0,3092.0,4375816.0,0.32,-2.6
32890.0,220735863.0,3.0,355.87,0.0,1476.0,0.0,35.0,1.0,0.0,3093.0,4375916.0,0.29,-1.8
32891.0,220745863.0,3.0,356.13,0.0,1476.0,0.0,35.0,1.0,0.0,3094.0,4376016.0,0.31,1.4
32892.0,220755863.0,3.0,356.04,0.0,1476.0,0.0,35.0,1.0,0.0,3095.0,4376116.0,0.37,3.2
32893.0,220765863.0,3.0,356.04,0.0,1476.0,0.0,35.0,1.0,0.0,3096.0,4376216.0,0.41,2.2
32894.0,220775863.0,3.0,355.96,0.0,1476.0,0.0,35.0,1.0,0.0,3097.0,4376316.0,0.41,0.7
32895.0,220785863.0,3.0,355.87,0.0,1476.0,0.0,35.0,1.0,0.0,3098.0,4376416.0,0.4,-0.1
32896.0,220795863.0,3.0,355.96,0.0,2766.0,0.0,35.0,2.0,0.0,3100.0,4376616.0,0.36,-1.3
32897.0,220805863.0,3.0,355.96,0.0,187.0,0.0,35.0,0.0,0.0,3100.0,4376616.0,0.36,-1.3
32898.0,220815863.0,3.0,355.87,0.0,1476.0,0.0,35.0,1.0,0.0,3101.0,4376716.0,0.34,-1.1
32899.0,220825863.0,3.0,355.96,0.0,1476.0,0.0,35.0,1.0,0.0,3102.0,4376816.0,0.33,-1.1
32900.0,220835863.0,3.0,355.96,0.0,1476.0,0.0,35.0,1.0,0.0,3103.0,4376916.0,0.33,-0.7
32901.0,220845863.0,3.0,355.96,0.0,1476.0,0.0,35.0,1.0,0.0,3104.0,4377016.0,0.33,0.2
32902.0,220855863.0,3.0,355.87,0.0,1476.0,0.0,35.0,1.0,0.0,3105.0,4377116.0,0.35,1.2
32903.0,220865863.0,3.0,356.04,0.0,1476.0,0.0,35.0,1.0,0.0,3106.0,4377216.0,0.38,1.3
32904.0,220875863.0,3.0,356.04,0.0,2766.0,0.0,35.0,2.0,0.0,3108.0,4377416.0,0.37,-0.1
32905.0,220885863.0,3.0,356.04,0.0,187.0,0.0,35.0,0.0,0.0,3108.0,4377416.0,0.37,-0.1
32906.0,220895863.0,3.0,355.96,0.0,1476.0,0.0,35.0,1.0,0.0,3109.0,4377516.0,0.36,-0.5
32907.0,220905863.0,3.0,355.87,0.0,1476.0,0.0,35.0,1.0,0.0,3110.0,4377616.0,0.35,-0.5
32908.0,220915863.0,3.0,355.87,0.0,1476.0,0.0,35.0,1.0,0.0,3111.0,4377716.0,0.35,-0.2
32909.0,220925863.0,3.0,355.96,0.0,1476.0,0.0,35.0,1.0,0.0,3112.0,4377816.0,0.35,-0.1
32910.0,220935863.0,3.0,356.04,0.0,1476.0,0.0,35.0,1.0,0.0,3113.0,4377916.0,0.35,-0.2
32911.0,220945863.0,3.0,355.96,0.0,1476.0,0.0,35.0,1.0,0.0,3114.0,4378016.0,0.35,-0.1
32912.0,220955863.0,3.0,355.96,0.0,2766.0,0.0,35.0,2.0,0.0,3116.0,4378216.0,0.35,0.2
32913.0,220965863.0,3.0,355.87,0.0,187.0,0.0,35.0,0.0,0.0,3116.0,4378216.0,0.35,0.2
32914.0,220975863.0,3.0,356.04,0.0,1476.0,0.0,35.0,1.0,0.0,3117.0,4378316.0,0.35,0.0
32915.0,220985863.0,3.0,355.96,0.0,1476.0,0.0,35.0,1.0,0.0,3118.0,4378416.0,0.35,-0.1
32916.0,220995863.0,3.0,356.04,0.0,1476.0,0.0,35.0,1.0,0.0,3119.0,4378516.0,0.35,-0.2
32917.0,221005863.0,3.0,355.96,0.0,1476.0,0.0,35.0,1.0,0.0,3120.0,4378616.0,0.34,-0.3
32918.0,221015863.0,3.0,355.96,0.0,1476.0,0.0,35.0,1.0,0.0,3121.0,4378716.0,0.34,-0.3
32919.0,221025863.0,3.0,356.04,0.0,1476.0,0.0,35.0,1.0,0.0,3122.0,4378816.0,0.34,-0.1
32920.0,221035863.0,3.0,355.96,0.0,2766.0,0.0,35.0,2.0,0.0,3124.0,4379016.0,0.35,0.4
32921.0,221045863.0,3.0,355.96,0.0,187.0,0.0,35.0,0.0,0.0,3124.0,4379016.0,0.35,0.4
32922.0,221055863.0,3.0,355.96,0.0,1476.0,0.0,35.0,1.0,0.0,3125.0,4379116.0,0.35,0.3
32923.0,221065863.0,3.0,355.87,0.0,1476.0,0.0,35.0,1.0,0.0,3126.0,4379216.0,0.35,0.1
32924.0,221075863.0,3.0,356.04,0.0,1476.0,0.0,35.0,1.0,0.0,3127.0,4379316.0,0.35,-0.1
32925.0,221085863.0,3.0,355.87,0.0,1476.0,0.0,35.0,1.0,0.0,3128.0,4379416.0,0.35,-0.1
32926.0,221095863.0,3.0,355.87,0.0,1476.0,0.0,35.0,1.0,0.0,3129.0,4379516.0,0.35,-0.1
32927.0,221105863.0,3.0,355.96,0.0,1476.0,0.0,35.0,1.0,0.0,3130.0,4379616.0,0.35,0.1
32928.0,221115863.0,3.0,355.96,0.0,2766.0,0.0,35.0,2.0,0.0,3132.0,4379816.0,0.36,0.2
32929.0,221125863.0,3.0,355.87,0.0,187.0,0.0,35.0,0.0,0.0,3132.0,4379816.0,0.36,0.2
32930.0,221135863.0,3.0,356.04,0.0,1476.0,0.0,35.0,1.0,0.0,3133.0,4379916.0,0.36,0.0
32931.0,221145863.0,3.0,355.96,0.0,1476.0,0.0,35.0,1.0,0.0,3134.0,4380016.0,0.35,0.1
32932.0,221155863.0,3.0,356.04,0.0,1476.0,0.0,35.0,1.0,0.0,3135.0,4380116.0,0.36,0.2
32933.0,221165863.0,3.0,356.04,0.0,1476.0,0.0,35.0,1.0,0.0,3136.0,4380216.0,0.36,-0.1
32934.0,221175863.0,3.0,355.96,0.0,1476.0,0.0,35.0,1.0,0.0,3137.0,4380316.0,0.35,-0.2
32935.0,221185863.0,3.0,355.96,0.0,1476.0,0.0,35.0,1.0,0.0,3138.0,4380416.0,0.35,-0.0
32936.0,221195863.0,3.0,355.96,0.0,2766.0,0.0,35.0,2.0,0.0,3140.0,4380616.0,0.36,0.3
32937.0,221205863.0,3.0,356.04,0.0,187.0,0.0,35.0,0.0,0.0,3140.0,4380616.0,0.36,0.3
32938.0,221215863.0,3.0,355.96,0.0,1476.0,0.0,35.0,1.0,0.0,3141.0,4380716.0,0.36,0.2
32939.0,221225863.0,3.0,355.96,0.0,1476.0,0.0,35.0,1.0,0.0,3142.0,4380816.0,0.36,-0.0
32940.0,221235863.0,3.0,355.96,0.0,1476.0,0.0,35.0,1.0,0.0,3143.0,4380916.0,0.36,-0.2
32941.0,221245863.0,3.0,355.96,0.0,1476.0,0.0,35.0,1.0,0.0,3144.0,4381016.0,0.35,-0.4
32942.0,221255863.0,3.0,355.96,0.0,1476.0,0.0,35.0,1.0,0.0,3145.0,4381116.0,0.35,-0.2
32943.0,221265863.0,3.0,355.96,0.0,1476.0,0.0,35.0,1.0,0.0,3146.0,4381216.0,0.35,0.2
32944.0,221275863.0,3.0,355.87,0.0,2766.0,0.0,35.0,2.0,0.0,3148.0,4381416.0,0.36,0.1
32945.0,221285863.0,3.0,355.96,0.0,187.0,0.0,35.0,0.0,0.0,3148.0,4381416.0,0.36,0.1
32946.0,221295863.0,3.0,355.96,0.0,1476.0,0.0,35.0,1.0,0.0,3149.0,4381516.0,0.36,0.1
32947.0,221305863.0,3.0,355.87,0.0,1476.0,0.0,35.0,1.0,0.0,3150.0,4381616.0,0.36,0.3
32948.0,221315863.0,3.0,355.96,0.0,1476.0,0.0,35.0,1.0,0.0,3151.0,4381716.0,0.37,0.3
32949.0,221325863.0,3.0,356.04,0.0,1476.0,0.0,35.0,1.0,0.0,3152.0,4381816.0,0.37,0.1
32950.0,221335863.0,3.0,355.96,0.0,1476.0,0.0,35.0,1.0,0.0,3153.0,4381916.0,0.36,-0.1
32951.0,221345863.0,3.0,355.87,0.0,1476.0,0.0,35.0,1.0,0.0,3154.0,4382016.0,0.36,-0.2
32952.0,221355863.0,3.0,356.04,0.0,2766.0,0.0,35.0,2.0,0.0,3156.0,4382216.0,0.36,-0.0
32953.0,221365863.0,3.0,356.04,0.0,187.0,0.0,35.0,0.0,0.0,3156.0,4382216.0,0.36,-0.0
32954.0,221375863.0,3.0,355.96,0.0,1476.0,0.0,35.0,1.0,0.0,3157.0,4382316.0,0.36,0.1
32955.0,221385863.0,3.0,355.96,0.0,1476.0,0.0,35.0,1.0,0.0,3158.0,4382416.0,0.36,0.2
32956.0,221395863.0,3.0,355.96,0.0,1476.0,0.0,35.0,1.0,0.0,3159.0,4382516.0,0.36,0.2
32957.0,221405863.0,3.0,355.96,0.0,1476.0,0.0,35.0,1.0,0.0,3160.0,4382616.0,0.37,0.2
32958.0,221415863.0,3.0,355.96,0.0,1476.0,0.0,35.0,1.0,0.0,3161.0,4382716.0,0.37,0.1
32959.0,221425863.0,3.0,355.96,0.0,1476.0,0.0,35.0,1.0,0.0,3162.0,4382816.0,0.37,0.0
32960.0,221435863.0,3.0,355.96,0.0,2766.0,0.0,35.0,2.0,0.0,3164.0,4383016.0,0.36,-0.1
32961.0,221445863.0,3.0,356.04,0.0,187.0,0.0,35.0,0.0,0.0,3164.0,4383016.0,0.36,-0.1
32962.0,221455863.0,3.0,355.96,0.0,2766.0,0.0,35.0,2.0,0.0,3166.0,4383216.0,0.36,-0.1
32963.0,221465863.0,3.0,355.96,0.0,187.0,0.0,35.0,0.0,0.0,3166.0,4383216.0,0.36,-0.1
32964.0,221475863.0,3.0,355.96,0.0,1476.0,0.0,35.0,1.0,0.0,3167.0,4383316.0,0.36,0.1
32965.0,221485863.0,3.0,356.04,0.0,1476.0,0.0,35.0,1.0,0.0,3168.0,4383416.0,0.36,0.2
32966.0,221495863.0,3.0,355.96,0.0,1476.0,0.0,35.0,1.0,0.0,3169.0,4383516.0,0.37,0.2
32967.0,221505863.0,3.0,355.96,0.0,1476.0,0.0,35.0,1.0,0.0,3170.0,4383616.0,0.37,0.1
32968.0,221515863.0,3.0,355.96,0.0,1476.0,0.0,35.0,1.0,0.0,3171.0,4383716.0,0.37,0.0
32969.0,221525863.0,3.0,355.96,0.0,2766.0,0.0,35.0,2.0,0.0,3173.0,4383916.0,0.37,0.0
32970.0,221535863.0,3.0,355.96,0.0,187.0,0.0,35.0,0.0,0.0,3173.0,4383916.0,0.37,0.0
32971.0,221545863.0,3.0,356.04,0.0,1476.0,0.0,35.0,1.0,0.0,3174.0,4384016.0,0.37,-0.0
32972.0,221555863.0,3.0,355.96,0.0,1476.0,0.0,35.0,1.0,0.0,3175.0,4384116.0,0.37,-0.0
32973.0,221565863.0,3.0,355.87,0.0,1476.0,0.0,35.0,1.0,0.0,3176.0,4384216.0,0.36,-0.1
32974.0,221575863.0,3.0,356.04,0.0,1476.0,0.0,35.0,1.0,0.0,3177.0,4384316.0,0.36,-0.0
32975.0,221585863.0,3.0,356.04,0.0,1476.0,0.0,35.0,1.0,0.0,3178.0,4384416.0,0.37,0.1
32976.0,221595863.0,3.0,356.04,0.0,1476.0,0.0,35.0,1.0,0.0,3179.0,4384516.0,0.37,-0.0
32977.0,221605863.0,3.0,356.04,0.0,2766.0,0.0,35.0,2.0,0.0,3181.0,4384716.0,0.37,-0.0
32978.0,221615863.0,3.0,355.96,0.0,187.0,0.0,35.0,0.0,0.0,3181.0,4384716.0,0.37,-0.0
32979.0,221625863.0,3.0,355.96,0.0,1476.0,0.0,35.0,1.0,0.0,3182.0,4384816.0,0.36,-0.2
32980.0,221635863.0,3.0,356.04,0.0,1476.0,0.0,35.0,1.0,0.0,3183.0,4384916.0,0.36,-0.2
32981.0,221645863.0,3.0,355.96,0.0,1476.0,0.0,35.0,1.0,0.0,3184.0,4385016.0,0.36,-0.0
32982.0,221655863.0,3.0,356.04,0.0,1476.0,0.0,35.0,1.0,0.0,3185.0,4385116.0,0.36,0.0
32983.0,221665863.0,3.0,355.96,0.0,1476.0,0.0,35.0,1.0,0.0,3186.0,4385216.0,0.36,-0.1
32984.0,221675863.0,3.0,356.04,0.0,1476.0,0.0,35.0,1.0,0.0,3187.0,4385316.0,0.36,-0.1
32985.0,221685863.0,3.0,356.04,0.0,2766.0,0.0,35.0,2.0,0.0,3189.0,4385516.0,0.36,0.0
32986.0,221695863.0,3.0,355.96,0.0,187.0,0.0,35.0,0.0,0.0,3189.0,4385516.0,0.36,0.0
32987.0,221705863.0,3.0,355.96,0.0,1476.0,0.0,35.0,1.0,0.0,3190.0,4385616.0,0.36,0.1
32988.0,221715863.0,3.0,355.96,0.0,1476.0,0.0,35.0,1.0,0.0,3191.0,4385716.0,0.36,0.0
32989.0,221725863.0,3.0,355.96,0.0,1476.0,0.0,35.0,1.0,0.0,3192.0,4385816.0,0.36,-0.0
32990.0,221735863.0,3.0,356.04,0.0,1476.0,0.0,35.0,1.0,0.0,3193.0,4385916.0,0.36,0.1
32991.0,221745863.0,3.0,355.96,0.0,1476.0,0.0,35.0,1.0,0.0,3194.0,4386016.0,0.36,0.1
32992.0,221755863.0,3.0,356.04,0.0,1476.0,0.0,35.0,1.0,0.0,3195.0,4386116.0,0.36,0.0
32993.0,221765863.0,3.0,356.04,0.0,2766.0,0.0,35.0,2.0,0.0,3197.0,4386316.0,0.36,0.1
32994.0,221775863.0,3.0,356.04,0.0,187.0,0.0,35.0,0.0,0.0,3197.0,4386316.0,0.36,0.1
32995.0,221785863.0,3.0,355.87,0.0,1476.0,0.0,35.0,1.0,0.0,3198.0,4386416.0,0.36,0.0
32996.0,221795863.0,3.0,356.04,0.0,1476.0,0.0,35.0,1.0,0.0,3199.0,4386516.0,0.36,-0.1
32997.0,221805863.0,3.0,355.96,0.0,1476.0,0.0,35.0,1.0,0.0,3200.0,4386616.0,0.36,-0.1
32998.0,221815863.0,3.0,356.04,0.0,1476.0,0.0,35.0,1.0,0.0,3201.0,4386716.0,0.36,-0.1
32999.0,221825863.0,3.0,356.04,0.0,1476.0,0.0,35.0,1.0,0.0,3202.0,4386816.0,0.36,-0.1
33000.0,221835863.0,3.0,355.96,0.0,1476.0,0.0,35.0,1.0,0.0,3203.0,4386916.0,0.36,-0.0
33001.0,221845863.0,3.0,356.04,0.0,2766.0,0.0,35.0,2.0,0.0,3205.0,4387116.0,0.35,-0.1
33002.0,221855863.0,3.0,355.87,0.0,187.0,0.0,35.0,0.0,0.0,3205.0,4387116.0,0.35,-0.1
33003.0,221865863.0,3.0,356.04,0.0,1476.0,0.0,35.0,1.0,0.0,3206.0,4387216.0,0.35,0.1
33004.0,221875863.0,3.0,355.96,0.0,1476.0,0.0,35.0,1.0,0.0,3207.0,4387316.0,0.36,0.1
33005.0,221885863.0,3.0,355.96,0.0,1476.0,0.0,35.0,1.0,0.0,3208.0,4387416.0,0.36,-0.0
33006.0,221895863.0,3.0,355.96,0.0,1476.0,0.0,35.0,1.0,0.0,3209.0,4387516.0,0.35,-0.2
33007.0,221905863.0,3.0,355.96,0.0,1476.0,0.0,35.0,1.0,0.0,3210.0,4387616.0,0.35,-0.2
33008.0,221915863.0,3.0,356.04,0.0,1476.0,0.0,35.0,1.0,0.0,3211.0,4387716.0,0.35,-0.1
33009.0,221925863.0,3.0,355.96,0.0,2766.0,0.0,35.0,2.0,0.0,3213.0,4387916.0,0.35,0.0
33010.0,221935863.0,3.0,355.96,0.0,187.0,0.0,35.0,0.0,0.0,3213.0,4387916.0,0.35,0.0
33011.0,221945863.0,3.0,356.04,0.0,1476.0,0.0,35.0,1.0,0.0,3214.0,4388016.0,0.35,0.0
33012.0,221955863.0,3.0,355.96,0.0,1476.0,0.0,35.0,1.0,0.0,3215.0,4388116.0,0.35,0.0
33013.0,221965863.0,3.0,355.96,0.0,1476.0,0.0,35.0,1.0,0.0,3216.0,4388216.0,0.35,0.1
33014.0,221975863.0,3.0,356.04,0.0,1476.0,0.0,35.0,1.0,0.0,3217.0,4388316.0,0.35,0.1
33015.0,221985863.0,3.0,355.96,0.0,1476.0,0.0,35.0,1.0,0.0,3218.0,4388416.0,0.35,0.0
33016.0,221995863.0,3.0,355.96,0.0,1476.0,0.0,35.0,1.0,0.0,3219.0,4388516.0,0.35,-0.1
33017.0,222005863.0,3.0,355.96,0.0,2766.0,0.0,35.0,2.0,0.0,3221.0,4388716.0,0.35,0.1
33018.0,222015863.0,3.0,355.96,0.0,187.0,0.0,35.0,0.0,0.0,3221.0,4388716.0,0.35,0.1
33019.0,222025863.0,3.0,356.04,0.0,1476.0,0.0,35.0,1.0,0.0,3222.0,4388816.0,0.35,0.1
33020.0,222035863.0,3.0,355.96,0.0,1476.0,0.0,35.0,1.0,0.0,3223.0,4388916.0,0.35,0.1
33021.0,222045863.0,3.0,356.04,0.0,1476.0,0.0,35.0,1.0,0.0,3224.0,4389016.0,0.35,0.0
33022.0,222055863.0,3.0,355.87,0.0,1476.0,0.0,35.0,1.0,0.0,3225.0,4389116.0,0.35,-0.0
33023.0,222065863.0,3.0,355.96,0.0,1476.0,0.0,35.0,1.0,0.0,3226.0,4389216.0,0.35,-0.0
33024.0,222075863.0,3.0,356.04,0.0,1476.0,0.0,35.0,1.0,0.0,3227.0,4389316.0,0.35,0.0
33025.0,222085863.0,3.0,355.96,0.0,2766.0,0.0,35.0,2.0,0.0,3229.0,4389516.0,0.35,0.0
33026.0,222095863.0,3.0,355.96,0.0,187.0,0.0,35.0,0.0,0.0,3229.0,4389516.0,0.35,0.0
33027.0,222105863.0,3.0,355.96,0.0,1476.0,0.0,35.0,1.0,0.0,3230.0,4389616.0,0.35,0.1
33028.0,222115863.0,3.0,356.04,0.0,1476.0,0.0,35.0,1.0,0.0,3231.0,4389716.0,0.35,0.1
33029.0,222125863.0,3.0,356.04,0.0,1476.0,0.0,35.0,1.0,0.0,3232.0,4389816.0,0.35,0.1
33030.0,222135863.0,3.0,356.04,0.0,1476.0,0.0,35.0,1.0,0.0,3233.0,4389916.0,0.35,-0.0
33031.0,222145863.0,3.0,356.04,0.0,1476.0,0.0,35.0,1.0,0.0,3234.0,4390016.0,0.35,-0.1
33032.0,222155863.0,3.0,355.96,0.0,1476.0,0.0,35.0,1.0,0.0,3235.0,4390116.0,0.35,-0.0
33033.0,222165863.0,3.0,356.04,0.0,2766.0,0.0,35.0,2.0,0.0,3237.0,4390316.0,0.35,0.1
33034.0,222175863.0,3.0,355.96,0.0,187.0,0.0,35.0,0.0,0.0,3237.0,4390316.0,0.35,0.1
33035.0,222185863.0,3.0,355.96,0.0,1476.0,0.0,35.0,1.0,0.0,3238.0,4390416.0,0.35,0.1
33036.0,222195863.0,3.0,355.96,0.0,1476.0,0.0,35.0,1.0,0.0,3239.0,4390516.0,0.35,0.0
33037.0,222205863.0,3.0,356.04,0.0,1476.0,0.0,35.0,1.0,0.0,3240.0,4390616.0,0.35,-0.0
33038.0,222215863.0,3.0,356.04,0.0,1476.0,0.0,35.0,1.0,0.0,3241.0,4390716.0,0.35,0.1
33039.0,222225863.0,3.0,356.04,0.0,1476.0,0.0,35.0,1.0,0.0,3242.0,4390816.0,0.36,0.0
33040.0,222235863.0,3.0,356.04,0.0,1476.0,0.0,35.0,1.0,0.0,3243.0,4390916.0,0.36,0.0
33041.0,222245863.0,3.0,356.04,0.0,2766.0,0.0,35.0,2.0,0.0,3245.0,4391116.0,0.36,0.0
33042.0,222255863.0,3.0,355.96,0.0,187.0,0.0,35.0,0.0,0.0,3245.0,4391116.0,0.36,0.0
33043.0,222265863.0,3.0,355.96,0.0,1476.0,0.0,35.0,1.0,0.0,3246.0,4391216.0,0.36,0.0
33044.0,222275863.0,3.0,356.04,0.0,1476.0,0.0,35.0,1.0,0.0,3247.0,4391316.0,0.36,0.1
33045.0,222285863.0,3.0,355.96,0.0,1476.0,0.0,35.0,1.0,0.0,3248.0,4391416.0,0.36,0.1
33046.0,222295863.0,3.0,355.96,0.0,1476.0,0.0,35.0,1.0,0.0,3249.0,4391516.0,0.36,0.0
33047.0,222305863.0,3.0,356.04,0.0,1476.0,0.0,35.0,1.0,0.0,3250.0,4391616.0,0.36,-0.1
33048.0,222315863.0,3.0,356.04,0.0,1476.0,0.0,35.0,1.0,0.0,3251.0,4391716.0,0.36,-0.0
33049.0,222325863.0,3.0,355.87,0.0,2766.0,0.0,35.0,2.0,0.0,3253.0,4391916.0,0.35,-0.1
33050.0,222335863.0,3.0,356.04,0.0,187.0,0.0,35.0,0.0,0.0,3253.0,4391916.0,0.35,-0.1
33051.0,222345863.0,3.0,355.96,0.0,1476.0,0.0,35.0,1.0,0.0,3254.0,4392016.0,0.35,-0.0
33052.0,222355863.0,3.0,355.96,0.0,1476.0,0.0,35.0,1.0,0.0,3255.0,4392116.0,0.35,0.0
33053.0,222365863.0,3.0,355.96,0.0,1476.0,0.0,35.0,1.0,0.0,3256.0,4392216.0,0.36,0.0
33054.0,222375863.0,3.0,355.96,0.0,1476.0,0.0,35.0,1.0,0.0,3257.0,4392316.0,0.36,0.0
33055.0,222385863.0,3.0,355.96,0.0,1476.0,0.0,35.0,1.0,0.0,3258.0,4392416.0,0.36,0.0
33056.0,222395863.0,3.0,355.96,0.0,1476.0,0.0,35.0,1.0,0.0,3259.0,4392516.0,0.36,0.0
33057.0,222405863.0,3.0,355.96,0.0,2766.0,0.0,35.0,2.0,0.0,3261.0,4392716.0,0.36,-0.0
33058.0,222415863.0,3.0,355.96,0.0,187.0,0.0,35.0,0.0,0.0,3261.0,4392716.0,0.36,-0.0
33059.0,222425863.0,3.0,355.96,0.0,1476.0,0.0,35.0,1.0,0.0,3262.0,4392816.0,0.35,-0.0
33060.0,222435863.0,3.0,356.04,0.0,1476.0,0.0,35.0,1.0,0.0,3263.0,4392916.0,0.35,-0.0
33061.0,222445863.0,3.0,356.04,0.0,1476.0,0.0,35.0,1.0,0.0,3264.0,4393016.0,0.36,0.1
33062.0,222455863.0,3.0,355.96,0.0,1476.0,0.0,35.0,1.0,0.0,3265.0,4393116.0,0.36,0.0
33063.0,222465863.0,3.0,355.87,0.0,1476.0,0.0,35.0,1.0,0.0,3266.0,4393216.0,0.36,0.1
33064.0,222475863.0,3.0,356.04,0.0,1476.0,0.0,35.0,1.0,0.0,3267.0,4393316.0,0.36,0.0
33065.0,222485863.0,3.0,355.96,0.0,2766.0,0.0,35.0,2.0,0.0,3269.0,4393516.0,0.36,-0.0
33066.0,222495863.0,3.0,356.04,0.0,187.0,0.0,35.0,0.0,0.0,3269.0,4393516.0,0.36,-0.0
33067.0,222505863.0,3.0,355.96,0.0,1476.0,0.0,35.0,1.0,0.0,3270.0,4393616.0,0.36,-0.1
33068.0,222515863.0,3.0,356.04,0.0,1476.0,0.0,35.0,1.0,0.0,3271.0,4393716.0,0.35,-0.1
33069.0,222525863.0,3.0,355.96,0.0,1476.0,0.0,35.0,1.0,0.0,3272.0,4393816.0,0.35,-0.0
33070.0,222535863.0,3.0,355.87,0.0,1476.0,0.0,35.0,1.0,0.0,3273.0,4393916.0,0.35,-0.0
33071.0,222545863.0,3.0,355.87,0.0,1476.0,0.0,35.0,1.0,0.0,3274.0,4394016.0,0.35,0.0
33072.0,222555863.0,3.0,356.04,0.0,1476.0,0.0,35.0,1.0,0.0,3275.0,4394116.0,0.35,0.0
33073.0,222565863.0,3.0,356.04,0.0,2766.0,0.0,35.0,2.0,0.0,3277.0,4394316.0,0.35,-0.0
33074.0,222575863.0,3.0,355.96,0.0,187.0,0.0,35.0,0.0,0.0,3277.0,4394316.0,0.35,-0.0
33075.0,222585863.0,3.0,355.87,0.0,1476.0,0.0,35.0,1.0,0.0,3278.0,4394416.0,0.35,-0.0
33076.0,222595863.0,3.0,355.96,0.0,1476.0,0.0,35.0,1.0,0.0,3279.0,4394516.0,0.35,-0.0
33077.0,222605863.0,3.0,356.04,0.0,1476.0,0.0,35.0,1.0,0.0,3280.0,4394616.0,0.35,-0.0
33078.0,222615863.0,3.0,355.96,0.0,1476.0,0.0,35.0,1.0,0.0,3281.0,4394716.0,0.35,-0.0
33079.0,222625863.0,3.0,355.96,0.0,1476.0,0.0,35.0,1.0,0.0,3282.0,4394816.0,0.35,0.0
33080.0,222635863.0,3.0,356.04,0.0,1476.0,0.0,35.0,1.0,0.0,3283.0,4394916.0,0.35,0.0
33081.0,222645863.0,3.0,355.87,0.0,2766.0,0.0,35.0,2.0,0.0,3285.0,4395116.0,0.36,0.1
33082.0,222655863.0,3.0,355.96,0.0,187.0,0.0,35.0,0.0,0.0,3285.0,4395116.0,0.36,0.1
33083.0,222665863.0,3.0,355.87,0.0,2766.0,0.0,35.0,2.0,0.0,3287.0,4395316.0,0.36,-0.0
33084.0,222675863.0,3.0,356.04,0.0,187.0,0.0,35.0,0.0,0.0,3287.0,4395316.0,0.36,-0.0
33085.0,222685863.0,3.0,355.96,0.0,1476.0,0.0,35.0,1.0,0.0,3288.0,4395416.0,0.35,-0.0
33086.0,222695863.0,3.0,355.96,0.0,1476.0,0.0,35.0,1.0,0.0,3289.0,4395516.0,0.35,-0.0
33087.0,222705863.0,3.0,355.96,0.0,1476.0,0.0,35.0,1.0,0.0,3290.0,4395616.0,0.35,-0.0
33088.0,222715863.0,3.0,355.96,0.0,1476.0,0.0,35.0,1.0,0.0,3291.0,4395716.0,0.35,0.0
33089.0,222725863.0,3.0,355.87,0.0,2766.0,0.0,35.0,2.0,0.0,3293.0,4395916.0,0.36,0.0
33090.0,222735863.0,3.0,356.04,0.0,187.0,0.0,35.0,0.0,0.0,3293.0,4395916.0,0.36,0.0
33091.0,222745863.0,3.0,356.04,0.0,2766.0,0.0,35.0,2.0,0.0,3295.0,4396116.0,0.35,-0.0
33092.0,222755863.0,3.0,355.96,0.0,187.0,0.0,35.0,0.0,0.0,3295.0,4396116.0,0.35,-0.0
33093.0,222765863.0,3.0,356.04,0.0,1476.0,0.0,35.0,1.0,0.0,3296.0,4396216.0,0.35,0.0
33094.0,222775863.0,3.0,355.96,0.0,1476.0,0.0,35.0,1.0,0.0,3297.0,4396316.0,0.35,0.0
33095.0,222785863.0,3.0,355.96,0.0,1476.0,0.0,35.0,1.0,0.0,3298.0,4396416.0,0.35,-0.0
33096.0,222795863.0,3.0,355.87,0.0,1476.0,0.0,35.0,1.0,0.0,3299.0,4396516.0,0.35,-0.0
33097.0,222805863.0,3.0,355.96,0.0,2766.0,0.0,35.0,2.0,0.0,3301.0,4396716.0,0.35,0.1
33098.0,222815863.0,3.0,355.96,0.0,187.0,0.0,35.0,0.0,0.0,3301.0,4396716.0,0.35,0.1
33099.0,222825863.0,3.0,356.04,0.0,2766.0,0.0,35.0,2.0,0.0,3303.0,4396916.0,0.36,0.1
33100.0,222835863.0,3.0,355.96,0.0,187.0,0.0,35.0,0.0,0.0,3303.0,4396916.0,0.36,0.1
33101.0,222845863.0,3.0,356.04,0.0,1476.0,0.0,35.0,1.0,0.0,3304.0,4397016.0,0.36,0.1
33102.0,222855863.0,3.0,356.04,0.0,1476.0,0.0,35.0,1.0,0.0,3305.0,4397116.0,0.36,0.1
33103.0,222865863.0,3.0,355.96,0.0,1476.0,0.0,35.0,1.0,0.0,3306.0,4397216.0,0.36,0.0
33104.0,222875863.0,3.0,355.96,0.0,1476.0,0.0,35.0,1.0,0.0,3307.0,4397316.0,0.36,0.0
33105.0,222885863.0,3.0,355.96,0.0,2766.0,0.0,35.0,2.0,0.0,3309.0,4397516.0,0.36,0.1
33106.0,222895863.0,3.0,356.13,0.0,187.0,0.0,35.0,0.0,0.0,3309.0,4397516.0,0.36,0.1
33107.0,222905863.0,3.0,356.04,0.0,2766.0,0.0,35.0,2.0,0.0,3311.0,4397716.0,0.36,0.0
33108.0,222915863.0,3.0,355.96,0.0,187.0,0.0,35.0,0.0,0.0,3311.0,4397716.0,0.36,0.0
33109.0,222925863.0,3.0,356.13,0.0,1476.0,0.0,35.0,1.0,0.0,3312.0,4397816.0,0.36,-0.0
33110.0,222935863.0,3.0,355.96,0.0,1476.0,0.0,35.0,1.0,0.0,3313.0,4397916.0,0.36,-0.0
33111.0,222945863.0,3.0,355.96,0.0,1476.0,0.0,35.0,1.0,0.0,3314.0,4398016.0,0.36,-0.0
33112.0,222955863.0,3.0,355.87,0.0,1476.0,0.0,35.0,1.0,0.0,3315.0,4398116.0,0.36,-0.0
33113.0,222965863.0,3.0,355.96,0.0,2766.0,0.0,35.0,2.0,0.0,3317.0,4398316.0,0.36,0.0
33114.0,222975863.0,3.0,355.96,0.0,187.0,0.0,35.0,0.0,0.0,3317.0,4398316.0,0.36,0.0
33115.0,222985863.0,3.0,356.04,0.0,2766.0,0.0,35.0,2.0,0.0,3319.0,4398516.0,0.36,0.0
33116.0,222995863.0,3.0,355.96,0.0,187.0,0.0,35.0,0.0,0.0,3319.0,4398516.0,0.36,0.0
33117.0,223005863.0,3.0,355.96,0.0,1476.0,0.0,35.0,1.0,0.0,3320.0,4398616.0,0.36,0.0
33118.0,223015863.0,3.0,355.96,0.0,1476.0,0.0,35.0,1.0,0.0,3321.0,4398716.0,0.36,-0.0
33119.0,223025863.0,3.0,355.96,0.0,1476.0,0.0,35.0,1.0,0.0,3322.0,4398816.0,0.36,-0.0
33120.0,223035863.0,3.0,356.04,0.0,1476.0,0.0,35.0,1.0,0.0,3323.0,4398916.0,0.36,0.0
33121.0,223045863.0,3.0,355.96,0.0,2766.0,0.0,35.0,2.0,0.0,3325.0,4399116.0,0.36,0.1
33122.0,223055863.0,3.0,355.96,0.0,187.0,0.0,35.0,0.0,0.0,3325.0,4399116.0,0.36,0.1
33123.0,223065863.0,3.0,355.87,0.0,2766.0,0.0,35.0,2.0,0.0,3327.0,4399316.0,0.36,0.1
33124.0,223075863.0,3.0,355.96,0.0,187.0,0.0,35.0,0.0,0.0,3327.0,4399316.0,0.36,0.1
33125.0,223085863.0,3.0,355.87,0.0,1476.0,0.0,35.0,1.0,0.0,3328.0,4399416.0,0.36,0.1
33126.0,223095863.0,3.0,355.96,0.0,1476.0,0.0,35.0,1.0,0.0,3329.0,4399516.0,0.36,0.0
33127.0,223105863.0,3.0,355.96,0.0,1476.0,0.0,35.0,1.0,0.0,3330.0,4399616.0,0.36,-0.0
33128.0,223115863.0,3.0,356.04,0.0,1476.0,0.0,35.0,1.0,0.0,3331.0,4399716.0,0.36,-0.0
33129.0,223125863.0,3.0,355.96,0.0,2766.0,0.0,35.0,2.0,0.0,3333.0,4399916.0,0.36,0.0
33130.0,223135863.0,3.0,355.96,0.0,187.0,0.0,35.0,0.0,0.0,3333.0,4399916.0,0.36,0.0
33131.0,223145863.0,3.0,355.96,0.0,2766.0,0.0,35.0,2.0,0.0,3335.0,4400116.0,0.36,0.0
33132.0,223155863.0,3.0,356.04,0.0,187.0,0.0,35.0,0.0,0.0,3335.0,4400116.0,0.36,0.0
33133.0,223165863.0,3.0,355.87,0.0,1476.0,0.0,35.0,1.0,0.0,3336.0,4400216.0,0.36,-0.0
33134.0,223175863.0,3.0,356.04,0.0,1476.0,0.0,35.0,1.0,0.0,3337.0,4400316.0,0.36,-0.0
33135.0,223185863.0,3.0,355.96,0.0,1476.0,0.0,35.0,1.0,0.0,3338.0,4400416.0,0.36,-0.0
33136.0,223195863.0,3.0,355.96,0.0,1476.0,0.0,35.0,1.0,0.0,3339.0,4400516.0,0.36,-0.0
33137.0,223205863.0,3.0,355.87,0.0,2766.0,0.0,35.0,2.0,0.0,3341.0,4400716.0,0.36,0.0
33138.0,223215863.0,3.0,356.04,0.0,187.0,0.0,35.0,0.0,0.0,3341.0,4400716.0,0.36,0.0
33139.0,223225863.0,3.0,356.04,0.0,2766.0,0.0,35.0,2.0,0.0,3343.0,4400916.0,0.36,0.0
33140.0,223235863.0,3.0,355.96,0.0,187.0,0.0,35.0,0.0,0.0,3343.0,4400916.0,0.36,0.0
33141.0,223245863.0,3.0,355.87,0.0,1476.0,0.0,35.0,1.0,0.0,3344.0,4401016.0,0.36,0.0
33142.0,223255863.0,3.0,355.96,0.0,1476.0,0.0,35.0,1.0,0.0,3345.0,4401116.0,0.36,0.0
33143.0,223265863.0,3.0,355.96,0.0,1476.0,0.0,35.0,1.0,0.0,3346.0,4401216.0,0.36,0.0
33144.0,223275863.0,3.0,355.96,0.0,1476.0,0.0,35.0,1.0,0.0,3347.0,4401316.0,0.36,0.0
33145.0,223285863.0,3.0,355.96,0.0,2766.0,0.0,35.0,2.0,0.0,3349.0,4401516.0,0.36,0.1
33146.0,223295863.0,3.0,356.04,0.0,187.0,0.0,35.0,0.0,0.0,3349.0,4401516.0,0.36,0.1
33147.0,223305863.0,3.0,356.04,0.0,2766.0,0.0,35.0,2.0,0.0,3351.0,4401716.0,0.36,0.0
33148.0,223315863.0,3.0,355.96,0.0,187.0,0.0,35.0,0.0,0.0,3351.0,4401716.0,0.36,0.0
33149.0,223325863.0,3.0,355.96,0.0,1476.0,0.0,35.0,1.0,0.0,3352.0,4401816.0,0.36,0.0
33150.0,223335863.0,3.0,356.04,0.0,1476.0,0.0,35.0,1.0,0.0,3353.0,4401916.0,0.36,-0.0
33151.0,223345863.0,3.0,356.04,0.0,1476.0,0.0,35.0,1.0,0.0,3354.0,4402016.0,0.36,-0.0
33152.0,223355863.0,3.0,356.04,0.0,1476.0,0.0,35.0,1.0,0.0,3355.0,4402116.0,0.36,-0.0
33153.0,223365863.0,3.0,356.04,0.0,2766.0,0.0,35.0,2.0,0.0,3357.0,4402316.0,0.36,0.1
33154.0,223375863.0,3.0,355.96,0.0,187.0,0.0,35.0,0.0,0.0,3357.0,4402316.0,0.36,0.1
33155.0,223385863.0,3.0,355.87,0.0,2766.0,0.0,35.0,2.0,0.0,3359.0,4402516.0,0.36,0.0
33156.0,223395863.0,3.0,356.13,0.0,187.0,0.0,35.0,0.0,0.0,3359.0,4402516.0,0.36,0.0
33157.0,223405863.0,3.0,355.96,0.0,1476.0,0.0,35.0,1.0,0.0,3360.0,4402616.0,0.36,-0.0
33158.0,223415863.0,3.0,355.96,0.0,1476.0,0.0,35.0,1.0,0.0,3361.0,4402716.0,0.36,-0.0
33159.0,223425863.0,3.0,356.04,0.0,1476.0,0.0,35.0,1.0,0.0,3362.0,4402816.0,0.36,-0.0
33160.0,223435863.0,3.0,355.96,0.0,1476.0,0.0,35.0,1.0,0.0,3363.0,4402916.0,0.36,0.0
33161.0,223445863.0,3.0,355.96,0.0,2766.0,0.0,35.0,2.0,0.0,3365.0,4403116.0,0.36,0.0
33162.0,223455863.0,3.0,355.96,0.0,187.0,0.0,35.0,0.0,0.0,3365.0,4403116.0,0.36,0.0
33163.0,223465863.0,3.0,355.96,0.0,2766.0,0.0,35.0,2.0,0.0,3367.0,4403316.0,0.36,0.0
33164.0,223475863.0,3.0,355.96,0.0,187.0,0.0,35.0,0.0,0.0,3367.0,4403316.0,0.36,0.0
33165.0,223485863.0,3.0,355.96,0.0,1476.0,0.0,35.0,1.0,0.0,3368.0,4403416.0,0.36,0.0
33166.0,223495863.0,3.0,355.96,0.0,1476.0,0.0,35.0,1.0,0.0,3369.0,4403516.0,0.36,-0.0
33167.0,223505863.0,3.0,355.96,0.0,1476.0,0.0,35.0,1.0,0.0,3370.0,4403616.0,0.36,0.0
33168.0,223515863.0,3.0,356.04,0.0,1476.0,0.0,35.0,1.0,0.0,3371.0,4403716.0,0.36,-0.0
33169.0,223525863.0,3.0,355.96,0.0,2766.0,0.0,35.0,2.0,0.0,3373.0,4403916.0,0.36,-0.0
33170.0,223535863.0,3.0,355.96,0.0,187.0,0.0,35.0,0.0,0.0,3373.0,4403916.0,0.36,-0.0
33171.0,223545863.0,3.0,355.96,0.0,2766.0,0.0,35.0,2.0,0.0,3375.0,4404116.0,0.36,0.0
33172.0,223555863.0,3.0,355.96,0.0,187.0,0.0,35.0,0.0,0.0,3375.0,4404116.0,0.36,0.0
33173.0,223565863.0,3.0,356.04,0.0,1476.0,0.0,35.0,1.0,0.0,3376.0,4404216.0,0.36,-0.0
33174.0,223575863.0,3.0,355.96,0.0,1476.0,0.0,35.0,1.0,0.0,3377.0,4404316.0,0.36,0.0
33175.0,223585863.0,3.0,356.04,0.0,1476.0,0.0,35.0,1.0,0.0,3378.0,4404416.0,0.36,0.0
33176.0,223595863.0,3.0,355.96,0.0,1476.0,0.0,35.0,1.0,0.0,3379.0,4404516.0,0.36,-0.0
33177.0,223605863.0,3.0,356.04,0.0,2766.0,0.0,35.0,2.0,0.0,3381.0,4404716.0,0.36,-0.0
33178.0,223615863.0,3.0,356.04,0.0,187.0,0.0,35.0,0.0,0.0,3381.0,4404716.0,0.36,-0.0
33179.0,223625863.0,3.0,355.96,0.0,2766.0,0.0,35.0,2.0,0.0,3383.0,4404916.0,0.36,0.0
33180.0,223635863.0,3.0,356.04,0.0,187.0,0.0,35.0,0.0,0.0,3383.0,4404916.0,0.36,0.0
33181.0,223645863.0,3.0,355.96,0.0,1476.0,0.0,35.0,1.0,0.0,3384.0,4405016.0,0.36,0.0
33182.0,223655863.0,3.0,355.87,0.0,1476.0,0.0,35.0,1.0,0.0,3385.0,4405116.0,0.36,0.0
33183.0,223665863.0,3.0,355.96,0.0,1476.0,0.0,35.0,1.0,0.0,3386.0,4405216.0,0.36,0.0
33184.0,223675863.0,3.0,355.96,0.0,1476.0,0.0,35.0,1.0,0.0,3387.0,4405316.0,0.36,0.0
33185.0,223685863.0,3.0,356.04,0.0,1476.0,0.0,35.0,1.0,0.0,3388.0,4405416.0,0.36,0.0
33186.0,223695863.0,3.0,355.96,0.0,2766.0,0.0,35.0,2.0,0.0,3390.0,4405616.0,0.36,0.0
33187.0,223705863.0,3.0,355.96,0.0,187.0,0.0,35.0,0.0,0.0,3390.0,4405616.0,0.36,0.0
33188.0,223715863.0,3.0,356.04,0.0,1476.0,0.0,35.0,1.0,0.0,3391.0,4405716.0,0.36,0.0
33189.0,223725863.0,3.0,355.96,0.0,1476.0,0.0,35.0,1.0,0.0,3392.0,4405816.0,0.36,0.0
33190.0,223735863.0,3.0,355.96,0.0,1476.0,0.0,35.0,1.0,0.0,3393.0,4405916.0,0.36,0.0
33191.0,223745863.0,3.0,355.96,0.0,1476.0,0.0,35.0,1.0,0.0,3394.0,4406016.0,0.36,0.0
33192.0,223755863.0,3.0,356.04,0.0,1476.0,0.0,35.0,1.0,0.0,3395.0,4406116.0,0.36,0.0
33193.0,223765863.0,3.0,355.96,0.0,1476.0,0.0,35.0,1.0,0.0,3396.0,4406216.0,0.36,0.0
33194.0,223775863.0,3.0,355.96,0.0,2766.0,0.0,35.0,2.0,0.0,3398.0,4406416.0,0.36,-0.0
33195.0,223785863.0,3.0,355.96,0.0,187.0,0.0,35.0,0.0,0.0,3398.0,4406416.0,0.36,-0.0
33196.0,223795863.0,3.0,355.96,0.0,1476.0,0.0,35.0,1.0,0.0,3399.0,4406516.0,0.36,-0.0
33197.0,223805863.0,3.0,355.96,0.0,1476.0,0.0,35.0,1.0,0.0,3400.0,4406616.0,0.36,-0.0
33198.0,223815863.0,3.0,355.87,0.0,1476.0,0.0,35.0,1.0,0.0,3401.0,4406716.0,0.36,-0.0
33199.0,223825863.0,3.0,356.04,0.0,1476.0,0.0,35.0,1.0,0.0,3402.0,4406816.0,0.36,0.0
33200.0,223835863.0,3.0,355.96,0.0,1476.0,0.0,35.0,1.0,0.0,3403.0,4406916.0,0.36,0.0
33201.0,223845863.0,3.0,355.96,0.0,1476.0,0.0,35.0,1.0,0.0,3404.0,4407016.0,0.36,0.0
33202.0,223855863.0,3.0,355.96,0.0,2766.0,0.0,35.0,2.0,0.0,3406.0,4407216.0,0.36,-0.0
33203.0,223865863.0,3.0,356.13,0.0,187.0,0.0,35.0,0.0,0.0,3406.0,4407216.0,0.36,-0.0
33204.0,223875863.0,3.0,355.96,0.0,1476.0,0.0,35.0,1.0,0.0,3407.0,4407316.0,0.36,-0.0
33205.0,223885863.0,3.0,356.13,0.0,1476.0,0.0,35.0,1.0,0.0,3408.0,4407416.0,0.36,0.0
33206.0,223895863.0,3.0,355.96,0.0,1476.0,0.0,35.0,1.0,0.0,3409.0,4407516.0,0.36,0.0
33207.0,223905863.0,3.0,355.96,0.0,1476.0,0.0,35.0,1.0,0.0,3410.0,4407616.0,0.36,0.0
33208.0,223915863.0,3.0,355.96,0.0,1476.0,0.0,35.0,1.0,0.0,3411.0,4407716.0,0.36,0.0
33209.0,223925863.0,3.0,355.96,0.0,1476.0,0.0,35.0,1.0,0.0,3412.0,4407816.0,0.36,0.0
33210.0,223935863.0,3.0,355.87,0.0,2766.0,0.0,35.0,2.0,0.0,3414.0,4408016.0,0.36,-0.0
33211.0,223945863.0,3.0,355.96,0.0,187.0,0.0,35.0,0.0,0.0,3414.0,4408016.0,0.36,-0.0
33212.0,223955863.0,3.0,355.96,0.0,2766.0,0.0,35.0,2.0,0.0,3416.0,4408216.0,0.36,0.0
33213.0,223965863.0,3.0,356.04,0.0,187.0,0.0,35.0,0.0,0.0,3416.0,4408216.0,0.36,0.0
33214.0,223975863.0,3.0,356.13,0.0,1476.0,0.0,35.0,1.0,0.0,3417.0,4408316.0,0.36,0.0
33215.0,223985863.0,3.0,355.96,0.0,1476.0,0.0,35.0,1.0,0.0,3418.0,4408416.0,0.36,0.0
33216.0,223995863.0,3.0,355.87,0.0,1476.0,0.0,35.0,1.0,0.0,3419.0,4408516.0,0.36,0.0
33217.0,224005863.0,3.0,355.96,0.0,1476.0,0.0,35.0,1.0,0.0,3420.0,4408616.0,0.36,0.0
33218.0,224015863.0,3.0,356.04,0.0,2766.0,0.0,35.0,2.0,0.0,3422.0,4408816.0,0.36,-0.0
33219.0,224025863.0,3.0,355.96,0.0,187.0,0.0,35.0,0.0,0.0,3422.0,4408816.0,0.36,-0.0
33220.0,224035863.0,3.0,355.96,0.0,2766.0,0.0,35.0,2.0,0.0,3424.0,4409016.0,0.36,-0.0
33221.0,224045863.0,3.0,356.04,0.0,187.0,0.0,35.0,0.0,0.0,3424.0,4409016.0,0.36,-0.0
33222.0,224055863.0,3.0,355.96,0.0,1476.0,0.0,35.0,1.0,0.0,3425.0,4409116.0,0.36,-0.0
33223.0,224065863.0,3.0,355.96,0.0,1476.0,0.0,35.0,1.0,0.0,3426.0,4409216.0,0.36,0.0
33224.0,224075863.0,3.0,355.96,0.0,1476.0,0.0,35.0,1.0,0.0,3427.0,4409316.0,0.36,0.0
33225.0,224085863.0,3.0,355.87,0.0,1476.0,0.0,35.0,1.0,0.0,3428.0,4409416.0,0.36,0.0
33226.0,224095863.0,3.0,355.96,0.0,2766.0,0.0,35.0,2.0,0.0,3430.0,4409616.0,0.36,-0.0
33227.0,224105863.0,3.0,356.04,0.0,187.0,0.0,35.0,0.0,0.0,3430.0,4409616.0,0.36,-0.0
33228.0,224115863.0,3.0,355.96,0.0,2766.0,0.0,35.0,2.0,0.0,3432.0,4409816.0,0.36,0.0
33229.0,224125863.0,3.0,356.04,0.0,187.0,0.0,35.0,0.0,0.0,3432.0,4409816.0,0.36,0.0
33230.0,224135863.0,3.0,355.96,0.0,1476.0,0.0,35.0,1.0,0.0,3433.0,4409916.0,0.36,-0.0
33231.0,224145863.0,3.0,355.96,0.0,1476.0,0.0,35.0,1.0,0.0,3434.0,4410016.0,0.36,0.0
33232.0,224155863.0,3.0,356.04,0.0,1476.0,0.0,35.0,1.0,0.0,3435.0,4410116.0,0.36,-0.0
33233.0,224165863.0,3.0,355.96,0.0,1476.0,0.0,35.0,1.0,0.0,3436.0,4410216.0,0.36,0.0
33234.0,224175863.0,3.0,355.87,0.0,2766.0,0.0,35.0,2.0,0.0,3438.0,4410416.0,0.36,0.0
33235.0,224185863.0,3.0,355.96,0.0,187.0,0.0,35.0,0.0,0.0,3438.0,4410416.0,0.36,0.0
33236.0,224195863.0,3.0,355.87,0.0,2766.0,0.0,35.0,2.0,0.0,3440.0,4410616.0,0.36,0.0
33237.0,224205863.0,3.0,355.96,0.0,187.0,0.0,35.0,0.0,0.0,3440.0,4410616.0,0.36,0.0
33238.0,224215863.0,3.0,355.96,0.0,1476.0,0.0,35.0,1.0,0.0,3441.0,4410716.0,0.36,0.0
33239.0,224225863.0,3.0,355.96,0.0,1476.0,0.0,35.0,1.0,0.0,3442.0,4410816.0,0.36,0.0
33240.0,224235863.0,3.0,355.96,0.0,1476.0,0.0,35.0,1.0,0.0,3443.0,4410916.0,0.36,-0.0
33241.0,224245863.0,3.0,355.96,0.0,1476.0,0.0,35.0,1.0,0.0,3444.0,4411016.0,0.36,0.0
33242.0,224255863.0,3.0,356.04,0.0,2766.0,0.0,35.0,2.0,0.0,3446.0,4411216.0,0.36,0.0
33243.0,224265863.0,3.0,355.96,0.0,187.0,0.0,35.0,0.0,0.0,3446.0,4411216.0,0.36,0.0
33244.0,224275863.0,3.0,356.04,0.0,2766.0,0.0,35.0,2.0,0.0,3448.0,4411416.0,0.36,0.0
33245.0,224285863.0,3.0,356.04,0.0,187.0,0.0,35.0,0.0,0.0,3448.0,4411416.0,0.36,0.0
33246.0,224295863.0,3.0,355.87,0.0,1476.0,0.0,35.0,1.0,0.0,3449.0,4411516.0,0.36,0.0
33247.0,224305863.0,3.0,355.78,0.0,1476.0,0.0,35.0,1.0,0.0,3450.0,4411616.0,0.36,0.0
33248.0,224315863.0,3.0,355.96,0.0,1476.0,0.0,35.0,1.0,0.0,3451.0,4411716.0,0.36,0.0
33249.0,224325863.0,3.0,355.96,0.0,1476.0,0.0,35.0,1.0,0.0,3452.0,4411816.0,0.36,0.0
33250.0,224335863.0,3.0,355.96,0.0,2766.0,0.0,35.0,2.0,0.0,3454.0,4412016.0,0.36,0.0
33251.0,224345863.0,3.0,355.96,0.0,187.0,0.0,35.0,0.0,0.0,3454.0,4412016.0,0.36,0.0
33252.0,224355863.0,3.0,355.96,0.0,2766.0,0.0,35.0,2.0,0.0,3456.0,4412216.0,0.36,0.0
33253.0,224365863.0,3.0,355.96,0.0,187.0,0.0,35.0,0.0,0.0,3456.0,4412216.0,0.36,0.0
33254.0,224375863.0,3.0,355.96,0.0,1476.0,0.0,35.0,1.0,0.0,3457.0,4412316.0,0.36,0.0
33255.0,224385863.0,3.0,355.87,0.0,1476.0,0.0,35.0,1.0,0.0,3458.0,4412416.0,0.36,0.0
33256.0,224395863.0,3.0,355.87,0.0,1476.0,0.0,35.0,1.0,0.0,3459.0,4412516.0,0.36,0.0
33257.0,224405863.0,3.0,355.96,0.0,1476.0,0.0,35.0,1.0,0.0,3460.0,4412616.0,0.36,-0.0
33258.0,224415863.0,3.0,355.87,0.0,2766.0,0.0,35.0,2.0,0.0,3462.0,4412816.0,0.36,-0.0
33259.0,224425863.0,3.0,356.04,0.0,187.0,0.0,35.0,0.0,0.0,3462.0,4412816.0,0.36,-0.0
33260.0,224435863.0,3.0,355.96,0.0,2766.0,0.0,35.0,2.0,0.0,3464.0,4413016.0,0.36,-0.0
33261.0,224445863.0,3.0,356.04,0.0,187.0,0.0,35.0,0.0,0.0,3464.0,4413016.0,0.36,-0.0
33262.0,224455863.0,3.0,355.87,0.0,1476.0,0.0,35.0,1.0,0.0,3465.0,4413116.0,0.36,0.0
33263.0,224465863.0,3.0,356.04,0.0,1476.0,0.0,35.0,1.0,0.0,3466.0,4413216.0,0.36,-0.0
33264.0,224475863.0,3.0,356.04,0.0,1476.0,0.0,35.0,1.0,0.0,3467.0,4413316.0,0.36,0.0
33265.0,224485863.0,3.0,356.04,0.0,1476.0,0.0,35.0,1.0,0.0,3468.0,4413416.0,0.36,0.0
33266.0,224495863.0,3.0,355.96,0.0,2766.0,0.0,35.0,2.0,0.0,3470.0,4413616.0,0.36,-0.0
33267.0,224505863.0,3.0,355.96,0.0,187.0,0.0,35.0,0.0,0.0,3470.0,4413616.0,0.36,-0.0
33268.0,224515863.0,3.0,356.13,0.0,2766.0,0.0,35.0,2.0,0.0,3472.0,4413816.0,0.36,-0.0
33269.0,224525863.0,3.0,355.96,0.0,187.0,0.0,35.0,0.0,0.0,3472.0,4413816.0,0.36,-0.0
33270.0,224535863.0,3.0,355.96,0.0,1476.0,0.0,35.0,1.0,0.0,3473.0,4413916.0,0.36,0.0
33271.0,224545863.0,3.0,356.04,0.0,1476.0,0.0,35.0,1.0,0.0,3474.0,4414016.0,0.36,-0.0
33272.0,224555863.0,3.0,355.87,0.0,1476.0,0.0,35.0,1.0,0.0,3475.0,4414116.0,0.36,0.0
33273.0,224565863.0,3.0,355.96,0.0,1476.0,0.0,35.0,1.0,0.0,3476.0,4414216.0,0.36,0.0
33274.0,224575863.0,3.0,355.96,0.0,2766.0,0.0,35.0,2.0,0.0,3478.0,4414416.0,0.36,0.0
33275.0,224585863.0,3.0,355.96,0.0,187.0,0.0,35.0,0.0,0.0,3478.0,4414416.0,0.36,0.0
33276.0,224595863.0,3.0,356.04,0.0,2766.0,0.0,35.0,2.0,0.0,3480.0,4414616.0,0.36,0.0
33277.0,224605863.0,3.0,355.87,0.0,187.0,0.0,35.0,0.0,0.0,3480.0,4414616.0,0.36,0.0
33278.0,224615863.0,3.0,355.96,0.0,1476.0,0.0,35.0,1.0,0.0,3481.0,4414716.0,0.36,0.1
33279.0,224625863.0,3.0,355.96,0.0,1476.0,0.0,35.0,1.0,0.0,3482.0,4414816.0,0.36,0.0
33280.0,224635863.0,3.0,356.04,0.0,1476.0,0.0,35.0,1.0,0.0,3483.0,4414916.0,0.36,-0.0
33281.0,224645863.0,3.0,355.96,0.0,1476.0,0.0,35.0,1.0,0.0,3484.0,4415016.0,0.36,0.0
33282.0,224655863.0,3.0,355.96,0.0,2766.0,0.0,35.0,2.0,0.0,3486.0,4415216.0,0.36,0.0
33283.0,224665863.0,3.0,355.96,0.0,187.0,0.0,35.0,0.0,0.0,3486.0,4415216.0,0.36,0.0
33284.0,224675863.0,3.0,355.96,0.0,2766.0,0.0,35.0,2.0,0.0,3488.0,4415416.0,0.36,-0.0
33285.0,224685863.0,3.0,356.04,0.0,187.0,0.0,35.0,0.0,0.0,3488.0,4415416.0,0.36,-0.0
33286.0,224695863.0,3.0,355.96,0.0,1476.0,0.0,35.0,1.0,0.0,3489.0,4415516.0,0.36,-0.0
33287.0,224705863.0,3.0,355.87,0.0,1476.0,0.0,35.0,1.0,0.0,3490.0,4415616.0,0.36,-0.0
33288.0,224715863.0,3.0,356.04,0.0,1476.0,0.0,35.0,1.0,0.0,3491.0,4415716.0,0.36,0.0
33289.0,224725863.0,3.0,355.96,0.0,1476.0,0.0,35.0,1.0,0.0,3492.0,4415816.0,0.36,0.0
33290.0,224735863.0,3.0,355.96,0.0,2766.0,0.0,35.0,2.0,0.0,3494.0,4416016.0,0.36,0.0
33291.0,224745863.0,3.0,355.96,0.0,187.0,0.0,35.0,0.0,0.0,3494.0,4416016.0,0.36,0.0
33292.0,224755863.0,3.0,355.87,0.0,2766.0,0.0,35.0,2.0,0.0,3496.0,4416216.0,0.36,-0.0
33293.0,224765863.0,3.0,356.04,0.0,187.0,0.0,35.0,0.0,0.0,3496.0,4416216.0,0.36,-0.0
33294.0,224775863.0,3.0,355.96,0.0,1476.0,0.0,35.0,1.0,0.0,3497.0,4416316.0,0.36,-0.0
33295.0,224785863.0,3.0,356.04,0.0,1476.0,0.0,35.0,1.0,0.0,3498.0,4416416.0,0.36,0.0
33296.0,224795863.0,3.0,355.96,0.0,1476.0,0.0,35.0,1.0,0.0,3499.0,4416516.0,0.36,0.0
33297.0,224805863.0,3.0,355.96,0.0,1476.0,0.0,35.0,1.0,0.0,3500.0,4416616.0,0.36,-0.0
33298.0,224815863.0,3.0,355.96,0.0,2766.0,0.0,35.0,2.0,0.0,3502.0,4416816.0,0.36,0.0
33299.0,224825863.0,3.0,356.04,0.0,187.0,0.0,35.0,0.0,0.0,3502.0,4416816.0,0.36,0.0
33300.0,224835863.0,3.0,355.96,0.0,2766.0,0.0,35.0,2.0,0.0,3504.0,4417016.0,0.36,0.0
33301.0,224845863.0,3.0,355.87,0.0,187.0,0.0,35.0,0.0,0.0,3504.0,4417016.0,0.36,0.0
33302.0,224855863.0,3.0,355.96,0.0,1476.0,0.0,35.0,1.0,0.0,3505.0,4417116.0,0.36,-0.0
33303.0,224865863.0,3.0,355.87,0.0,1476.0,0.0,35.0,1.0,0.0,3506.0,4417216.0,0.36,-0.0
33304.0,224875863.0,3.0,355.96,0.0,1476.0,0.0,35.0,1.0,0.0,3507.0,4417316.0,0.36,0.0
33305.0,224885863.0,3.0,355.96,0.0,1476.0,0.0,35.0,1.0,0.0,3508.0,4417416.0,0.36,0.0
33306.0,224895863.0,3.0,356.04,0.0,2766.0,0.0,35.0,2.0,0.0,3510.0,4417616.0,0.36,0.0
33307.0,224905863.0,3.0,355.96,0.0,187.0,0.0,35.0,0.0,0.0,3510.0,4417616.0,0.36,0.0
33308.0,224915863.0,3.0,355.96,0.0,2766.0,0.0,35.0,2.0,0.0,3512.0,4417816.0,0.36,0.0
33309.0,224925863.0,3.0,355.96,0.0,187.0,0.0,35.0,0.0,0.0,3512.0,4417816.0,0.36,0.0
33310.0,224935863.0,3.0,355.87,0.0,1476.0,0.0,35.0,1.0,0.0,3513.0,4417916.0,0.36,-0.0
33311.0,224945863.0,3.0,355.96,0.0,1476.0,0.0,35.0,1.0,0.0,3514.0,4418016.0,0.36,-0.0
33312.0,224955863.0,3.0,355.96,0.0,1476.0,0.0,35.0,1.0,0.0,3515.0,4418116.0,0.36,-0.0
33313.0,224965863.0,3.0,355.96,0.0,1476.0,0.0,35.0,1.0,0.0,3516.0,4418216.0,0.36,-0.0
33314.0,224975863.0,3.0,355.96,0.0,2766.0,0.0,35.0,2.0,0.0,3518.0,4418416.0,0.36,0.0
33315.0,224985863.0,3.0,355.96,0.0,187.0,0.0,35.0,0.0,0.0,3518.0,4418416.0,0.36,0.0
33316.0,224995863.0,3.0,355.96,0.0,2766.0,0.0,35.0,2.0,0.0,3520.0,4418616.0,0.36,0.0
33317.0,225005863.0,3.0,355.96,0.0,187.0,0.0,35.0,0.0,0.0,3520.0,4418616.0,0.36,0.0
33318.0,225015863.0,3.0,355.96,0.0,1476.0,0.0,35.0,1.0,0.0,3521.0,4418716.0,0.36,-0.0
33319.0,225025863.0,3.0,355.96,0.0,1476.0,0.0,35.0,1.0,0.0,3522.0,4418816.0,0.36,0.1
33320.0,225035863.0,3.0,355.87,0.0,1476.0,0.0,35.0,1.0,0.0,3523.0,4418916.0,0.36,-0.0
33321.0,225045863.0,3.0,355.87,0.0,1476.0,0.0,35.0,1.0,0.0,3524.0,4419016.0,0.36,-0.1
33322.0,225055863.0,3.0,355.96,0.0,2766.0,0.0,35.0,2.0,0.0,3526.0,4419216.0,0.36,0.0
33323.0,225065863.0,3.0,356.04,0.0,187.0,0.0,35.0,0.0,0.0,3526.0,4419216.0,0.36,0.0
33324.0,225075863.0,3.0,355.96,0.0,2766.0,0.0,35.0,2.0,0.0,3528.0,4419416.0,0.36,0.0
33325.0,225085863.0,3.0,356.04,0.0,187.0,0.0,35.0,0.0,0.0,3528.0,4419416.0,0.36,0.0
33326.0,225095863.0,3.0,355.96,0.0,1476.0,0.0,35.0,1.0,0.0,3529.0,4419516.0,0.36,0.0
33327.0,225105863.0,3.0,356.04,0.0,1476.0,0.0,35.0,1.0,0.0,3530.0,4419616.0,0.36,0.0
33328.0,225115863.0,3.0,356.04,0.0,1476.0,0.0,35.0,1.0,0.0,3531.0,4419716.0,0.36,-0.0
33329.0,225125863.0,3.0,355.87,0.0,1476.0,0.0,35.0,1.0,0.0,3532.0,4419816.0,0.36,-0.0
33330.0,225135863.0,3.0,355.96,0.0,2766.0,0.0,35.0,2.0,0.0,3534.0,4420016.0,0.35,-0.0
33331.0,225145863.0,3.0,355.96,0.0,187.0,0.0,35.0,0.0,0.0,3534.0,4420016.0,0.35,-0.0
33332.0,225155863.0,3.0,355.96,0.0,2766.0,0.0,35.0,2.0,0.0,3536.0,4420216.0,0.35,0.0
33333.0,225165863.0,3.0,355.96,0.0,187.0,0.0,35.0,0.0,0.0,3536.0,4420216.0,0.35,0.0
33334.0,225175863.0,3.0,355.96,0.0,1476.0,0.0,35.0,1.0,0.0,3537.0,4420316.0,0.35,-0.0
33335.0,225185863.0,3.0,355.96,0.0,1476.0,0.0,35.0,1.0,0.0,3538.0,4420416.0,0.35,-0.0
33336.0,225195863.0,3.0,355.96,0.0,1476.0,0.0,35.0,1.0,0.0,3539.0,4420516.0,0.35,0.0
33337.0,225205863.0,3.0,355.96,0.0,1476.0,0.0,35.0,1.0,0.0,3540.0,4420616.0,0.36,0.1
33338.0,225215863.0,3.0,356.04,0.0,2766.0,0.0,35.0,2.0,0.0,3542.0,4420816.0,0.36,-0.0
33339.0,225225863.0,3.0,355.96,0.0,187.0,0.0,35.0,0.0,0.0,3542.0,4420816.0,0.36,-0.0
33340.0,225235863.0,3.0,355.96,0.0,2766.0,0.0,35.0,2.0,0.0,3544.0,4421016.0,0.36,0.0
33341.0,225245863.0,3.0,355.96,0.0,187.0,0.0,35.0,0.0,0.0,3544.0,4421016.0,0.36,0.0
33342.0,225255863.0,3.0,355.96,0.0,1476.0,0.0,35.0,1.0,0.0,3545.0,4421116.0,0.36,0.0
33343.0,225265863.0,3.0,355.87,0.0,1476.0,0.0,35.0,1.0,0.0,3546.0,4421216.0,0.36,0.0
33344.0,225275863.0,3.0,356.04,0.0,1476.0,0.0,35.0,1.0,0.0,3547.0,4421316.0,0.36,-0.0
33345.0,225285863.0,3.0,355.96,0.0,1476.0,0.0,35.0,1.0,0.0,3548.0,4421416.0,0.36,-0.0
33346.0,225295863.0,3.0,355.96,0.0,2766.0,0.0,35.0,2.0,0.0,3550.0,4421616.0,0.36,0.0
33347.0,225305863.0,3.0,355.96,0.0,187.0,0.0,35.0,0.0,0.0,3550.0,4421616.0,0.36,0.0
33348.0,225315863.0,3.0,355.96,0.0,2766.0,0.0,35.0,2.0,0.0,3552.0,4421816.0,0.36,0.0
33349.0,225325863.0,3.0,355.87,0.0,187.0,0.0,35.0,0.0,0.0,3552.0,4421816.0,0.36,0.0
33350.0,225335863.0,3.0,355.96,0.0,1476.0,0.0,35.0,1.0,0.0,3553.0,4421916.0,0.36,-0.0
33351.0,225345863.0,3.0,355.96,0.0,1476.0,0.0,35.0,1.0,0.0,3554.0,4422016.0,0.36,0.0
33352.0,225355863.0,3.0,356.04,0.0,1476.0,0.0,35.0,1.0,0.0,3555.0,4422116.0,0.36,0.0
33353.0,225365863.0,3.0,355.96,0.0,1476.0,0.0,35.0,1.0,0.0,3556.0,4422216.0,0.36,0.0
33354.0,225375863.0,3.0,355.96,0.0,2766.0,0.0,35.0,2.0,0.0,3558.0,4422416.0,0.36,0.0
33355.0,225385863.0,3.0,355.96,0.0,187.0,0.0,35.0,0.0,0.0,3558.0,4422416.0,0.36,0.0
33356.0,225395863.0,3.0,355.96,0.0,2766.0,0.0,35.0,2.0,0.0,3560.0,4422616.0,0.36,0.0
33357.0,225405863.0,3.0,355.96,0.0,187.0,0.0,35.0,0.0,0.0,3560.0,4422616.0,0.36,0.0
33358.0,225415863.0,3.0,355.96,0.0,1476.0,0.0,35.0,1.0,0.0,3561.0,4422716.0,0.36,0.0
33359.0,225425863.0,3.0,355.96,0.0,1476.0,0.0,35.0,1.0,0.0,3562.0,4422816.0,0.36,0.0
33360.0,225435863.0,3.0,355.87,0.0,1476.0,0.0,35.0,1.0,0.0,3563.0,4422916.0,0.36,0.0
33361.0,225445863.0,3.0,356.04,0.0,1476.0,0.0,35.0,1.0,0.0,3564.0,4423016.0,0.36,-0.0
33362.0,225455863.0,3.0,356.04,0.0,2766.0,0.0,35.0,2.0,0.0,3566.0,4423216.0,0.36,0.0
33363.0,225465863.0,3.0,355.96,0.0,187.0,0.0,35.0,0.0,0.0,3566.0,4423216.0,0.36,0.0
33364.0,225475863.0,3.0,355.96,0.0,2766.0,0.0,35.0,2.0,0.0,3568.0,4423416.0,0.36,0.0
33365.0,225485863.0,3.0,356.04,0.0,187.0,0.0,35.0,0.0,0.0,3568.0,4423416.0,0.36,0.0
33366.0,225495863.0,3.0,356.04,0.0,1476.0,0.0,35.0,1.0,0.0,3569.0,4423516.0,0.36,-0.0
33367.0,225505863.0,3.0,356.04,0.0,1476.0,0.0,35.0,1.0,0.0,3570.0,4423616.0,0.36,0.0
33368.0,225515863.0,3.0,355.96,0.0,1476.0,0.0,35.0,1.0,0.0,3571.0,4423716.0,0.36,0.0
33369.0,225525863.0,3.0,355.96,0.0,1476.0,0.0,35.0,1.0,0.0,3572.0,4423816.0,0.36,-0.0
33370.0,225535863.0,3.0,356.04,0.0,2766.0,0.0,35.0,2.0,0.0,3574.0,4424016.0,0.36,-0.0
33371.0,225545863.0,3.0,356.04,0.0,187.0,0.0,35.0,0.0,0.0,3574.0,4424016.0,0.36,-0.0
33372.0,225555863.0,3.0,355.96,0.0,2766.0,0.0,35.0,2.0,0.0,3576.0,4424216.0,0.36,-0.0
33373.0,225565863.0,3.0,355.87,0.0,187.0,0.0,35.0,0.0,0.0,3576.0,4424216.0,0.36,-0.0
33374.0,225575863.0,3.0,355.96,0.0,1476.0,0.0,35.0,1.0,0.0,3577.0,4424316.0,0.36,0.0
33375.0,225585863.0,3.0,356.04,0.0,1476.0,0.0,35.0,1.0,0.0,3578.0,4424416.0,0.36,-0.0
33376.0,225595863.0,3.0,355.96,0.0,1476.0,0.0,35.0,1.0,0.0,3579.0,4424516.0,0.35,-0.0
33377.0,225605863.0,3.0,355.96,0.0,1476.0,0.0,35.0,1.0,0.0,3580.0,4424616.0,0.35,0.0
33378.0,225615863.0,3.0,355.96,0.0,2766.0,0.0,35.0,2.0,0.0,3582.0,4424816.0,0.35,-0.0
33379.0,225625863.0,3.0,355.96,0.0,187.0,0.0,35.0,0.0,0.0,3582.0,4424816.0,0.35,-0.0
33380.0,225635863.0,3.0,355.96,0.0,2766.0,0.0,35.0,2.0,0.0,3584.0,4425016.0,0.35,0.0
33381.0,225645863.0,3.0,355.96,0.0,187.0,0.0,35.0,0.0,0.0,3584.0,4425016.0,0.35,0.0
33382.0,225655863.0,3.0,355.96,0.0,1476.0,0.0,35.0,1.0,0.0,3585.0,4425116.0,0.36,0.0
33383.0,225665863.0,3.0,355.96,0.0,1476.0,0.0,35.0,1.0,0.0,3586.0,4425216.0,0.36,0.0
33384.0,225675863.0,3.0,356.04,0.0,1476.0,0.0,35.0,1.0,0.0,3587.0,4425316.0,0.36,0.0
33385.0,225685863.0,3.0,356.04,0.0,1476.0,0.0,35.0,1.0,0.0,3588.0,4425416.0,0.36,0.0
33386.0,225695863.0,3.0,356.04,0.0,2766.0,0.0,35.0,2.0,0.0,3590.0,4425616.0,0.36,0.0
33387.0,225705863.0,3.0,356.04,0.0,187.0,0.0,35.0,0.0,0.0,3590.0,4425616.0,0.36,0.0
33388.0,225715863.0,3.0,356.04,0.0,2766.0,0.0,35.0,2.0,0.0,3592.0,4425816.0,0.36,0.0
33389.0,225725863.0,3.0,356.04,0.0,187.0,0.0,35.0,0.0,0.0,3592.0,4425816.0,0.36,0.0
33390.0,225735863.0,3.0,355.96,0.0,1476.0,0.0,35.0,1.0,0.0,3593.0,4425916.0,0.36,0.0
33391.0,225745863.0,3.0,355.96,0.0,1476.0,0.0,35.0,1.0,0.0,3594.0,4426016.0,0.36,0.0
33392.0,225755863.0,3.0,355.96,0.0,1476.0,0.0,35.0,1.0,0.0,3595.0,4426116.0,0.36,0.0
33393.0,225765863.0,3.0,356.04,0.0,1476.0,0.0,35.0,1.0,0.0,3596.0,4426216.0,0.36,-0.0
33394.0,225775863.0,3.0,355.96,0.0,1476.0,0.0,35.0,1.0,0.0,3597.0,4426316.0,0.36,-0.0
33395.0,225785863.0,3.0,356.04,0.0,2766.0,0.0,35.0,2.0,0.0,3599.0,4426516.0,0.36,0.0
33396.0,225795863.0,3.0,355.96,0.0,187.0,0.0,35.0,0.0,0.0,3599.0,4426516.0,0.36,0.0
33397.0,225805863.0,3.0,355.96,0.0,2766.0,0.0,35.0,2.0,0.0,3601.0,4426716.0,0.35,-0.0
33398.0,225815863.0,3.0,355.87,0.0,187.0,0.0,35.0,0.0,0.0,3601.0,4426716.0,0.35,-0.0
33399.0,225825863.0,3.0,355.96,0.0,1476.0,0.0,35.0,1.0,0.0,3602.0,4426816.0,0.35,0.0
33400.0,225835863.0,3.0,356.04,0.0,1476.0,0.0,35.0,1.0,0.0,3603.0,4426916.0,0.36,0.0
33401.0,225845863.0,3.0,355.96,0.0,1476.0,0.0,35.0,1.0,0.0,3604.0,4427016.0,0.36,0.0
33402.0,225855863.0,3.0,355.96,0.0,2766.0,0.0,35.0,2.0,0.0,3606.0,4427216.0,0.36,0.0
33403.0,225865863.0,3.0,355.96,0.0,187.0,0.0,35.0,0.0,0.0,3606.0,4427216.0,0.36,0.0
33404.0,225875863.0,3.0,355.96,0.0,2766.0,0.0,35.0,2.0,0.0,3608.0,4427416.0,0.35,-0.0
33405.0,225885863.0,3.0,356.04,0.0,187.0,0.0,35.0,0.0,0.0,3608.0,4427416.0,0.35,-0.0
33406.0,225895863.0,3.0,356.04,0.0,1476.0,0.0,35.0,1.0,0.0,3609.0,4427516.0,0.36,0.1
33407.0,225905863.0,3.0,355.87,0.0,1476.0,0.0,35.0,1.0,0.0,3610.0,4427616.0,0.36,0.1
33408.0,225915863.0,3.0,356.04,0.0,1476.0,0.0,35.0,1.0,0.0,3611.0,4427716.0,0.36,0.0
33409.0,225925863.0,3.0,355.96,0.0,1476.0,0.0,35.0,1.0,0.0,3612.0,4427816.0,0.36,0.0
33410.0,225935863.0,3.0,355.96,0.0,1476.0,0.0,35.0,1.0,0.0,3613.0,4427916.0,0.36,-0.0
33411.0,225945863.0,3.0,355.96,0.0,2766.0,0.0,35.0,2.0,0.0,3615.0,4428116.0,0.36,0.0
33412.0,225955863.0,3.0,355.96,0.0,187.0,0.0,35.0,0.0,0.0,3615.0,4428116.0,0.36,0.0
33413.0,225965863.0,3.0,355.96,0.0,2766.0,0.0,35.0,2.0,0.0,3617.0,4428316.0,0.36,0.0
33414.0,225975863.0,3.0,355.96,0.0,187.0,0.0,35.0,0.0,0.0,3617.0,4428316.0,0.36,0.0
33415.0,225985863.0,3.0,355.96,0.0,1476.0,0.0,35.0,1.0,0.0,3618.0,4428416.0,0.36,-0.0
33416.0,225995863.0,3.0,355.96,0.0,1476.0,0.0,35.0,1.0,0.0,3619.0,4428516.0,0.36,0.0
33417.0,226005863.0,3.0,355.96,0.0,1476.0,0.0,35.0,1.0,0.0,3620.0,4428616.0,0.36,0.0
33418.0,226015863.0,3.0,355.87,0.0,1476.0,0.0,35.0,1.0,0.0,3621.0,4428716.0,0.36,0.0
33419.0,226025863.0,3.0,355.96,0.0,2766.0,0.0,35.0,2.0,0.0,3623.0,4428916.0,0.36,-0.0
33420.0,226035863.0,3.0,356.04,0.0,187.0,0.0,35.0,0.0,0.0,3623.0,4428916.0,0.36,-0.0
33421.0,226045863.0,3.0,355.96,0.0,2766.0,0.0,35.0,2.0,0.0,3625.0,4429116.0,0.36,0.0
33422.0,226055863.0,3.0,355.96,0.0,187.0,0.0,35.0,0.0,0.0,3625.0,4429116.0,0.36,0.0
33423.0,226065863.0,3.0,355.96,0.0,1476.0,0.0,35.0,1.0,0.0,3626.0,4429216.0,0.36,0.0
33424.0,226075863.0,3.0,356.04,0.0,1476.0,0.0,35.0,1.0,0.0,3627.0,4429316.0,0.36,0.0
33425.0,226085863.0,3.0,355.96,0.0,1476.0,0.0,35.0,1.0,0.0,3628.0,4429416.0,0.36,0.0
33426.0,226095863.0,3.0,355.96,0.0,1476.0,0.0,35.0,1.0,0.0,3629.0,4429516.0,0.36,-0.0
33427.0,226105863.0,3.0,355.96,0.0,2766.0,0.0,35.0,2.0,0.0,3631.0,4429716.0,0.36,-0.0
33428.0,226115863.0,3.0,355.96,0.0,187.0,0.0,35.0,0.0,0.0,3631.0,4429716.0,0.36,-0.0
33429.0,226125863.0,3.0,356.04,0.0,2766.0,0.0,35.0,2.0,0.0,3633.0,4429916.0,0.35,-0.0
33430.0,226135863.0,3.0,356.04,0.0,187.0,0.0,35.0,0.0,0.0,3633.0,4429916.0,0.35,-0.0
33431.0,226145863.0,3.0,355.96,0.0,1476.0,0.0,35.0,1.0,0.0,3634.0,4430016.0,0.35,0.0
33432.0,226155863.0,3.0,355.96,0.0,1476.0,0.0,35.0,1.0,0.0,3635.0,4430116.0,0.36,0.1
33433.0,226165863.0,3.0,356.04,0.0,1476.0,0.0,35.0,1.0,0.0,3636.0,4430216.0,0.36,0.0
33434.0,226175863.0,3.0,356.04,0.0,1476.0,0.0,35.0,1.0,0.0,3637.0,4430316.0,0.36,0.0
33435.0,226185863.0,3.0,356.04,0.0,2766.0,0.0,35.0,2.0,0.0,3639.0,4430516.0,0.35,-0.0
33436.0,226195863.0,3.0,355.96,0.0,187.0,0.0,35.0,0.0,0.0,3639.0,4430516.0,0.35,-0.0
33437.0,226205863.0,3.0,356.04,0.0,2766.0,0.0,35.0,2.0,0.0,3641.0,4430716.0,0.36,-0.0
33438.0,226215863.0,3.0,356.04,0.0,187.0,0.0,35.0,0.0,0.0,3641.0,4430716.0,0.36,-0.0
33439.0,226225863.0,3.0,356.04,0.0,1476.0,0.0,35.0,1.0,0.0,3642.0,4430816.0,0.35,0.0
33440.0,226235863.0,3.0,356.04,0.0,1476.0,0.0,35.0,1.0,0.0,3643.0,4430916.0,0.36,0.0
33441.0,226245863.0,3.0,356.04,0.0,1476.0,0.0,35.0,1.0,0.0,3644.0,4431016.0,0.36,0.0
33442.0,226255863.0,3.0,355.96,0.0,1476.0,0.0,35.0,1.0,0.0,3645.0,4431116.0,0.35,-0.0
33443.0,226265863.0,3.0,355.96,0.0,2766.0,0.0,35.0,2.0,0.0,3647.0,4431316.0,0.36,0.0
33444.0,226275863.0,3.0,356.04,0.0,187.0,0.0,35.0,0.0,0.0,3647.0,4431316.0,0.36,0.0
33445.0,226285863.0,3.0,356.04,0.0,2766.0,0.0,35.0,2.0,0.0,3649.0,4431516.0,0.36,-0.0
33446.0,226295863.0,3.0,355.96,0.0,187.0,0.0,35.0,0.0,0.0,3649.0,4431516.0,0.36,-0.0
33447.0,226305863.0,3.0,355.96,0.0,1476.0,0.0,35.0,1.0,0.0,3650.0,4431616.0,0.36,0.0
33448.0,226315863.0,3.0,356.04,0.0,1476.0,0.0,35.0,1.0,0.0,3651.0,4431716.0,0.36,0.0
33449.0,226325863.0,3.0,356.04,0.0,1476.0,0.0,35.0,1.0,0.0,3652.0,4431816.0,0.36,-0.0
33450.0,226335863.0,3.0,355.96,0.0,1476.0,0.0,35.0,1.0,0.0,3653.0,4431916.0,0.36,0.0
33451.0,226345863.0,3.0,355.87,0.0,2766.0,0.0,35.0,2.0,0.0,3655.0,4432116.0,0.36,-0.0
33452.0,226355863.0,3.0,355.87,0.0,187.0,0.0,35.0,0.0,0.0,3655.0,4432116.0,0.36,-0.0
33453.0,226365863.0,3.0,356.04,0.0,2766.0,0.0,35.0,2.0,0.0,3657.0,4432316.0,0.36,0.1
33454.0,226375863.0,3.0,355.96,0.0,187.0,0.0,35.0,0.0,0.0,3657.0,4432316.0,0.36,0.1
33455.0,226385863.0,3.0,355.96,0.0,1476.0,0.0,35.0,1.0,0.0,3658.0,4432416.0,0.36,-0.1
33456.0,226395863.0,3.0,356.04,0.0,1476.0,0.0,35.0,1.0,0.0,3659.0,4432516.0,0.36,-0.0
33457.0,226405863.0,3.0,355.96,0.0,1476.0,0.0,35.0,1.0,0.0,3660.0,4432616.0,0.36,-0.1
33458.0,226415863.0,3.0,355.96,0.0,1476.0,0.0,35.0,1.0,0.0,3661.0,4432716.0,0.35,-0.0
33459.0,226425863.0,3.0,355.96,0.0,2766.0,0.0,35.0,2.0,0.0,3663.0,4432916.0,0.36,0.0
33460.0,226435863.0,3.0,356.04,0.0,187.0,0.0,35.0,0.0,0.0,3663.0,4432916.0,0.36,0.0
33461.0,226445863.0,3.0,355.96,0.0,2766.0,0.0,35.0,2.0,0.0,3665.0,4433116.0,0.36,0.0
33462.0,226455863.0,3.0,355.96,0.0,187.0,0.0,35.0,0.0,0.0,3665.0,4433116.0,0.36,0.0
33463.0,226465863.0,3.0,355.87,0.0,1476.0,0.0,35.0,1.0,0.0,3666.0,4433216.0,0.36,0.0
33464.0,226475863.0,3.0,355.87,0.0,1476.0,0.0,35.0,1.0,0.0,3667.0,4433316.0,0.36,0.0
33465.0,226485863.0,3.0,355.96,0.0,1476.0,0.0,35.0,1.0,0.0,3668.0,4433416.0,0.36,0.0
33466.0,226495863.0,3.0,355.96,0.0,1476.0,0.0,35.0,1.0,0.0,3669.0,4433516.0,0.36,-0.0
33467.0,226505863.0,3.0,355.96,0.0,2766.0,0.0,35.0,2.0,0.0,3671.0,4433716.0,0.36,0.0
33468.0,226515863.0,3.0,355.96,0.0,187.0,0.0,35.0,0.0,0.0,3671.0,4433716.0,0.36,0.0
33469.0,226525863.0,3.0,355.87,0.0,2766.0,0.0,35.0,2.0,0.0,3673.0,4433916.0,0.36,0.0
33470.0,226535863.0,3.0,355.96,0.0,187.0,0.0,35.0,0.0,0.0,3673.0,4433916.0,0.36,0.0
33471.0,226545863.0,3.0,355.96,0.0,1476.0,0.0,35.0,1.0,0.0,3674.0,4434016.0,0.36,0.0
33472.0,226555863.0,3.0,355.96,0.0,1476.0,0.0,35.0,1.0,0.0,3675.0,4434116.0,0.36,-0.0
33473.0,226565863.0,3.0,355.87,0.0,1476.0,0.0,35.0,1.0,0.0,3676.0,4434216.0,0.36,0.0
33474.0,226575863.0,3.0,355.96,0.0,1476.0,0.0,35.0,1.0,0.0,3677.0,4434316.0,0.36,0.0
33475.0,226585863.0,3.0,356.04,0.0,2766.0,0.0,35.0,2.0,0.0,3679.0,4434516.0,0.36,0.0
33476.0,226595863.0,3.0,355.87,0.0,187.0,0.0,35.0,0.0,0.0,3679.0,4434516.0,0.36,0.0
33477.0,226605863.0,3.0,356.04,0.0,2766.0,0.0,35.0,2.0,0.0,3681.0,4434716.0,0.36,0.0
33478.0,226615863.0,3.0,356.04,0.0,187.0,0.0,35.0,0.0,0.0,3681.0,4434716.0,0.36,0.0
33479.0,226625863.0,3.0,356.04,0.0,1476.0,0.0,35.0,1.0,0.0,3682.0,4434816.0,0.36,-0.0
33480.0,226635863.0,3.0,355.96,0.0,1476.0,0.0,35.0,1.0,0.0,3683.0,4434916.0,0.36,-0.0
33481.0,226645863.0,3.0,355.96,0.0,1476.0,0.0,35.0,1.0,0.0,3684.0,4435016.0,0.35,-0.1
33482.0,226655863.0,3.0,355.96,0.0,1476.0,0.0,35.0,1.0,0.0,3685.0,4435116.0,0.35,0.1
33483.0,226665863.0,3.0,356.04,0.0,2766.0,0.0,35.0,2.0,0.0,3687.0,4435316.0,0.36,-0.0
33484.0,226675863.0,3.0,355.96,0.0,187.0,0.0,35.0,0.0,0.0,3687.0,4435316.0,0.36,-0.0
33485.0,226685863.0,3.0,356.04,0.0,2766.0,0.0,35.0,2.0,0.0,3689.0,4435516.0,0.36,-0.0
33486.0,226695863.0,3.0,355.96,0.0,187.0,0.0,35.0,0.0,0.0,3689.0,4435516.0,0.36,-0.0
33487.0,226705863.0,3.0,356.04,0.0,1476.0,0.0,35.0,1.0,0.0,3690.0,4435616.0,0.36,0.0
33488.0,226715863.0,3.0,356.04,0.0,1476.0,0.0,35.0,1.0,0.0,3691.0,4435716.0,0.36,0.0
33489.0,226725863.0,3.0,355.96,0.0,1476.0,0.0,35.0,1.0,0.0,3692.0,4435816.0,0.36,-0.0
33490.0,226735863.0,3.0,355.96,0.0,1476.0,0.0,35.0,1.0,0.0,3693.0,4435916.0,0.35,-0.0
33491.0,226745863.0,3.0,356.13,0.0,2766.0,0.0,35.0,2.0,0.0,3695.0,4436116.0,0.35,0.1
33492.0,226755863.0,3.0,356.04,0.0,187.0,0.0,35.0,0.0,0.0,3695.0,4436116.0,0.35,0.1
33493.0,226765863.0,3.0,355.96,0.0,2766.0,0.0,35.0,2.0,0.0,3697.0,4436316.0,0.36,-0.0
33494.0,226775863.0,3.0,355.96,0.0,187.0,0.0,35.0,0.0,0.0,3697.0,4436316.0,0.36,-0.0
33495.0,226785863.0,3.0,355.96,0.0,1476.0,0.0,35.0,1.0,0.0,3698.0,4436416.0,0.36,0.0
33496.0,226795863.0,3.0,355.96,0.0,1476.0,0.0,35.0,1.0,0.0,3699.0,4436516.0,0.36,0.0
33497.0,226805863.0,3.0,356.04,0.0,1476.0,0.0,35.0,1.0,0.0,3700.0,4436616.0,0.36,0.0
33498.0,226815863.0,3.0,355.87,0.0,1476.0,0.0,35.0,1.0,0.0,3701.0,4436716.0,0.36,0.0
33499.0,226825863.0,3.0,355.96,0.0,2766.0,0.0,35.0,2.0,0.0,3703.0,4436916.0,0.36,0.0
33500.0,226835863.0,3.0,355.96,0.0,187.0,0.0,35.0,0.0,0.0,3703.0,4436916.0,0.36,0.0
33501.0,226845863.0,3.0,355.96,0.0,2766.0,0.0,35.0,2.0,0.0,3705.0,4437116.0,0.36,0.0
33502.0,226855863.0,3.0,355.96,0.0,187.0,0.0,35.0,0.0,0.0,3705.0,4437116.0,0.36,0.0
33503.0,226865863.0,3.0,356.13,0.0,1476.0,0.0,35.0,1.0,0.0,3706.0,4437216.0,0.36,0.0
33504.0,226875863.0,3.0,355.96,0.0,1476.0,0.0,35.0,1.0,0.0,3707.0,4437316.0,0.36,-0.0
33505.0,226885863.0,3.0,356.04,0.0,1476.0,0.0,35.0,1.0,0.0,3708.0,4437416.0,0.35,-0.0
33506.0,226895863.0,3.0,355.96,0.0,1476.0,0.0,35.0,1.0,0.0,3709.0,4437516.0,0.35,0.0
33507.0,226905863.0,3.0,355.96,0.0,2766.0,0.0,35.0,2.0,0.0,3711.0,4437716.0,0.36,0.0
33508.0,226915863.0,3.0,355.96,0.0,187.0,0.0,35.0,0.0,0.0,3711.0,4437716.0,0.36,0.0
33509.0,226925863.0,3.0,356.04,0.0,2766.0,0.0,35.0,2.0,0.0,3713.0,4437916.0,0.36,0.1
33510.0,226935863.0,3.0,356.13,0.0,187.0,0.0,35.0,0.0,0.0,3713.0,4437916.0,0.36,0.1
33511.0,226945863.0,3.0,355.96,0.0,1476.0,0.0,35.0,1.0,0.0,3714.0,4438016.0,0.36,0.0
33512.0,226955863.0,3.0,356.04,0.0,1476.0,0.0,35.0,1.0,0.0,3715.0,4438116.0,0.36,-0.0
33513.0,226965863.0,3.0,356.04,0.0,1476.0,0.0,35.0,1.0,0.0,3716.0,4438216.0,0.36,-0.0
33514.0,226975863.0,3.0,355.96,0.0,1476.0,0.0,35.0,1.0,0.0,3717.0,4438316.0,0.36,-0.0
33515.0,226985863.0,3.0,356.04,0.0,2766.0,0.0,35.0,2.0,0.0,3719.0,4438516.0,0.36,0.0
33516.0,226995863.0,3.0,355.96,0.0,187.0,0.0,35.0,0.0,0.0,3719.0,4438516.0,0.36,0.0
33517.0,227005863.0,3.0,355.96,0.0,2766.0,0.0,35.0,2.0,0.0,3721.0,4438716.0,0.36,0.0
33518.0,227015863.0,3.0,355.96,0.0,187.0,0.0,35.0,0.0,0.0,3721.0,4438716.0,0.36,0.0
33519.0,227025863.0,3.0,355.96,0.0,1476.0,0.0,35.0,1.0,0.0,3722.0,4438816.0,0.36,0.0
33520.0,227035863.0,3.0,355.96,0.0,1476.0,0.0,35.0,1.0,0.0,3723.0,4438916.0,0.36,0.0
33521.0,227045863.0,3.0,355.96,0.0,1476.0,0.0,35.0,1.0,0.0,3724.0,4439016.0,0.36,0.0
33522.0,227055863.0,3.0,355.96,0.0,1476.0,0.0,35.0,1.0,0.0,3725.0,4439116.0,0.36,-0.0
33523.0,227065863.0,3.0,355.96,0.0,1476.0,0.0,35.0,1.0,0.0,3726.0,4439216.0,0.35,-0.0
33524.0,227075863.0,3.0,356.04,0.0,2766.0,0.0,35.0,2.0,0.0,3728.0,4439416.0,0.35,0.0
33525.0,227085863.0,3.0,355.96,0.0,187.0,0.0,35.0,0.0,0.0,3728.0,4439416.0,0.35,0.0
33526.0,227095863.0,3.0,356.04,0.0,2766.0,0.0,35.0,2.0,0.0,3730.0,4439616.0,0.35,-0.1
33527.0,227105863.0,3.0,355.87,0.0,187.0,0.0,35.0,0.0,0.0,3730.0,4439616.0,0.35,-0.1
33528.0,227115863.0,3.0,355.96,0.0,1476.0,0.0,35.0,1.0,0.0,3731.0,4439716.0,0.35,-0.0
33529.0,227125863.0,3.0,355.87,0.0,1476.0,0.0,35.0,1.0,0.0,3732.0,4439816.0,0.35,0.1
33530.0,227135863.0,3.0,355.96,0.0,1476.0,0.0,35.0,1.0,0.0,3733.0,4439916.0,0.36,0.1
33531.0,227145863.0,3.0,355.96,0.0,2766.0,0.0,35.0,2.0,0.0,3735.0,4440116.0,0.35,0.0
33532.0,227155863.0,3.0,355.96,0.0,187.0,0.0,35.0,0.0,0.0,3735.0,4440116.0,0.35,0.0
33533.0,227165863.0,3.0,355.96,0.0,2766.0,0.0,35.0,2.0,0.0,3737.0,4440316.0,0.35,-0.0
33534.0,227175863.0,3.0,355.96,0.0,187.0,0.0,35.0,0.0,0.0,3737.0,4440316.0,0.35,-0.0
33535.0,227185863.0,3.0,355.96,0.0,1476.0,0.0,35.0,1.0,0.0,3738.0,4440416.0,0.35,0.0
33536.0,227195863.0,3.0,356.04,0.0,1476.0,0.0,35.0,1.0,0.0,3739.0,4440516.0,0.35,0.0
33537.0,227205863.0,3.0,355.96,0.0,1476.0,0.0,35.0,1.0,0.0,3740.0,4440616.0,0.35,0.0
33538.0,227215863.0,3.0,356.04,0.0,1476.0,0.0,35.0,1.0,0.0,3741.0,4440716.0,0.35,0.0
33539.0,227225863.0,3.0,355.96,0.0,2766.0,0.0,35.0,2.0,0.0,3743.0,4440916.0,0.35,-0.0
33540.0,227235863.0,3.0,356.04,0.0,187.0,0.0,35.0,0.0,0.0,3743.0,4440916.0,0.35,-0.0
33541.0,227245863.0,3.0,355.96,0.0,2766.0,0.0,35.0,2.0,0.0,3745.0,4441116.0,0.35,-0.0
33542.0,227255863.0,3.0,355.96,0.0,187.0,0.0,35.0,0.0,0.0,3745.0,4441116.0,0.35,-0.0
33543.0,227265863.0,3.0,355.96,0.0,1476.0,0.0,35.0,1.0,0.0,3746.0,4441216.0,0.35,0.0
33544.0,227275863.0,3.0,355.96,0.0,1476.0,0.0,35.0,1.0,0.0,3747.0,4441316.0,0.35,0.1
33545.0,227285863.0,3.0,355.96,0.0,1476.0,0.0,35.0,1.0,0.0,3748.0,4441416.0,0.36,0.1
33546.0,227295863.0,3.0,356.04,0.0,1476.0,0.0,35.0,1.0,0.0,3749.0,4441516.0,0.36,0.1
33547.0,227305863.0,3.0,356.04,0.0,2766.0,0.0,35.0,2.0,0.0,3751.0,4441716.0,0.35,-0.1
33548.0,227315863.0,3.0,355.96,0.0,187.0,0.0,35.0,0.0,0.0,3751.0,4441716.0,0.35,-0.1
33549.0,227325863.0,3.0,355.96,0.0,2766.0,0.0,35.0,2.0,0.0,3753.0,4441916.0,0.35,-0.0
33550.0,227335863.0,3.0,356.04,0.0,187.0,0.0,35.0,0.0,0.0,3753.0,4441916.0,0.35,-0.0
33551.0,227345863.0,3.0,356.04,0.0,1476.0,0.0,35.0,1.0,0.0,3754.0,4442016.0,0.35,0.0
33552.0,227355863.0,3.0,356.04,0.0,1476.0,0.0,35.0,1.0,0.0,3755.0,4442116.0,0.35,0.0
33553.0,227365863.0,3.0,356.04,0.0,1476.0,0.0,35.0,1.0,0.0,3756.0,4442216.0,0.35,0.0
33554.0,227375863.0,3.0,355.87,0.0,1476.0,0.0,35.0,1.0,0.0,3757.0,4442316.0,0.36,0.0
33555.0,227385863.0,3.0,355.96,0.0,2766.0,0.0,35.0,2.0,0.0,3759.0,4442516.0,0.35,-0.0
33556.0,227395863.0,3.0,356.04,0.0,187.0,0.0,35.0,0.0,0.0,3759.0,4442516.0,0.35,-0.0
33557.0,227405863.0,3.0,355.96,0.0,2766.0,0.0,35.0,2.0,0.0,3761.0,4442716.0,0.35,0.0
33558.0,227415863.0,3.0,355.96,0.0,187.0,0.0,35.0,0.0,0.0,3761.0,4442716.0,0.35,0.0
33559.0,227425863.0,3.0,356.04,0.0,1476.0,0.0,35.0,1.0,0.0,3762.0,4442816.0,0.35,0.0
33560.0,227435863.0,3.0,356.04,0.0,1476.0,0.0,35.0,1.0,0.0,3763.0,4442916.0,0.35,0.0
33561.0,227445863.0,3.0,355.96,0.0,1476.0,0.0,35.0,1.0,0.0,3764.0,4443016.0,0.36,0.0
33562.0,227455863.0,3.0,356.04,0.0,1476.0,0.0,35.0,1.0,0.0,3765.0,4443116.0,0.36,-0.0
33563.0,227465863.0,3.0,355.96,0.0,1476.0,0.0,35.0,1.0,0.0,3766.0,4443216.0,0.35,-0.0
33564.0,227475863.0,3.0,356.04,0.0,2766.0,0.0,35.0,2.0,0.0,3768.0,4443416.0,0.35,-0.0
33565.0,227485863.0,3.0,355.96,0.0,187.0,0.0,35.0,0.0,0.0,3768.0,4443416.0,0.35,-0.0
33566.0,227495863.0,3.0,355.96,0.0,2766.0,0.0,35.0,2.0,0.0,3770.0,4443616.0,0.35,0.0
33567.0,227505863.0,3.0,355.96,0.0,187.0,0.0,35.0,0.0,0.0,3770.0,4443616.0,0.35,0.0
33568.0,227515863.0,3.0,355.87,0.0,1476.0,0.0,35.0,1.0,0.0,3771.0,4443716.0,0.36,0.1
33569.0,227525863.0,3.0,356.04,0.0,1476.0,0.0,35.0,1.0,0.0,3772.0,4443816.0,0.36,-0.0
33570.0,227535863.0,3.0,356.04,0.0,1476.0,0.0,35.0,1.0,0.0,3773.0,4443916.0,0.35,-0.1
33571.0,227545863.0,3.0,355.87,0.0,1476.0,0.0,35.0,1.0,0.0,3774.0,4444016.0,0.35,0.0
33572.0,227555863.0,3.0,355.96,0.0,2766.0,0.0,35.0,2.0,0.0,3776.0,4444216.0,0.35,0.0
33573.0,227565863.0,3.0,355.96,0.0,187.0,0.0,35.0,0.0,0.0,3776.0,4444216.0,0.35,0.0
33574.0,227575863.0,3.0,355.87,0.0,2766.0,0.0,35.0,2.0,0.0,3778.0,4444416.0,0.35,0.0
33575.0,227585863.0,3.0,355.96,0.0,187.0,0.0,35.0,0.0,0.0,3778.0,4444416.0,0.35,0.0
33576.0,227595863.0,3.0,355.87,0.0,1476.0,0.0,35.0,1.0,0.0,3779.0,4444516.0,0.35,0.0
33577.0,227605863.0,3.0,355.96,0.0,1476.0,0.0,35.0,1.0,0.0,3780.0,4444616.0,0.35,0.0
33578.0,227615863.0,3.0,355.96,0.0,1476.0,0.0,35.0,1.0,0.0,3781.0,4444716.0,0.35,-0.0
33579.0,227625863.0,3.0,356.04,0.0,1476.0,0.0,35.0,1.0,0.0,3782.0,4444816.0,0.35,-0.0
33580.0,227635863.0,3.0,355.96,0.0,2766.0,0.0,35.0,2.0,0.0,3784.0,4445016.0,0.36,0.1
33581.0,227645863.0,3.0,356.04,0.0,187.0,0.0,35.0,0.0,0.0,3784.0,4445016.0,0.36,0.1
33582.0,227655863.0,3.0,356.04,0.0,2766.0,0.0,35.0,2.0,0.0,3786.0,4445216.0,0.36,0.0
33583.0,227665863.0,3.0,355.96,0.0,187.0,0.0,35.0,0.0,0.0,3786.0,4445216.0,0.36,0.0
33584.0,227675863.0,3.0,355.96,0.0,1476.0,0.0,35.0,1.0,0.0,3787.0,4445316.0,0.36,-0.0
33585.0,227685863.0,3.0,355.96,0.0,1476.0,0.0,35.0,1.0,0.0,3788.0,4445416.0,0.35,-0.1
33586.0,227695863.0,3.0,356.04,0.0,1476.0,0.0,35.0,1.0,0.0,3789.0,4445516.0,0.35,0.0
33587.0,227705863.0,3.0,355.96,0.0,1476.0,0.0,35.0,1.0,0.0,3790.0,4445616.0,0.35,0.0
33588.0,227715863.0,3.0,355.96,0.0,2766.0,0.0,35.0,2.0,0.0,3792.0,4445816.0,0.36,0.0
33589.0,227725863.0,3.0,355.96,0.0,187.0,0.0,35.0,0.0,0.0,3792.0,4445816.0,0.36,0.0
33590.0,227735863.0,3.0,355.96,0.0,2766.0,0.0,35.0,2.0,0.0,3794.0,4446016.0,0.36,-0.0
33591.0,227745863.0,3.0,355.96,0.0,187.0,0.0,35.0,0.0,0.0,3794.0,4446016.0,0.36,-0.0
33592.0,227755863.0,3.0,355.87,0.0,1476.0,0.0,35.0,1.0,0.0,3795.0,4446116.0,0.35,-0.0
33593.0,227765863.0,3.0,355.96,0.0,1476.0,0.0,35.0,1.0,0.0,3796.0,4446216.0,0.35,0.0
33594.0,227775863.0,3.0,355.96,0.0,1476.0,0.0,35.0,1.0,0.0,3797.0,4446316.0,0.36,0.0
33595.0,227785863.0,3.0,355.96,0.0,2766.0,0.0,35.0,2.0,0.0,3799.0,4446516.0,0.36,0.0
33596.0,227795863.0,3.0,355.96,0.0,187.0,0.0,35.0,0.0,0.0,3799.0,4446516.0,0.36,0.0
33597.0,227805863.0,3.0,355.96,0.0,2766.0,0.0,35.0,2.0,0.0,3801.0,4446716.0,0.36,0.0
33598.0,227815863.0,3.0,355.96,0.0,187.0,0.0,35.0,0.0,0.0,3801.0,4446716.0,0.36,0.0
33599.0,227825863.0,3.0,356.04,0.0,2766.0,0.0,35.0,2.0,0.0,3803.0,4446916.0,0.35,-0.0
33600.0,227835863.0,3.0,355.96,0.0,187.0,0.0,35.0,0.0,0.0,3803.0,4446916.0,0.35,-0.0
33601.0,227845863.0,3.0,356.13,0.0,1476.0,0.0,35.0,1.0,0.0,3804.0,4447016.0,0.36,0.0
33602.0,227855863.0,3.0,355.96,0.0,1476.0,0.0,35.0,1.0,0.0,3805.0,4447116.0,0.36,-0.0
33603.0,227865863.0,3.0,355.96,0.0,2766.0,0.0,35.0,2.0,0.0,3807.0,4447316.0,0.35,-0.0
33604.0,227875863.0,3.0,356.04,0.0,187.0,0.0,35.0,0.0,0.0,3807.0,4447316.0,0.35,-0.0
33605.0,227885863.0,3.0,356.04,0.0,2766.0,0.0,35.0,2.0,0.0,3809.0,4447516.0,0.36,0.1
33606.0,227895863.0,3.0,355.96,0.0,187.0,0.0,35.0,0.0,0.0,3809.0,4447516.0,0.36,0.1
33607.0,227905863.0,3.0,355.96,0.0,2766.0,0.0,35.0,2.0,0.0,3811.0,4447716.0,0.36,0.0
33608.0,227915863.0,3.0,356.04,0.0,187.0,0.0,35.0,0.0,0.0,3811.0,4447716.0,0.36,0.0
33609.0,227925863.0,3.0,355.96,0.0,1476.0,0.0,35.0,1.0,0.0,3812.0,4447816.0,0.36,0.0
33610.0,227935863.0,3.0,355.96,0.0,1476.0,0.0,35.0,1.0,0.0,3813.0,4447916.0,0.36,0.0
33611.0,227945863.0,3.0,355.96,0.0,2766.0,0.0,35.0,2.0,0.0,3815.0,4448116.0,0.36,0.0
33612.0,227955863.0,3.0,356.04,0.0,187.0,0.0,35.0,0.0,0.0,3815.0,4448116.0,0.36,0.0
33613.0,227965863.0,3.0,355.96,0.0,2766.0,0.0,35.0,2.0,0.0,3817.0,4448316.0,0.35,-0.0
33614.0,227975863.0,3.0,355.96,0.0,187.0,0.0,35.0,0.0,0.0,3817.0,4448316.0,0.35,-0.0
33615.0,227985863.0,3.0,355.96,0.0,2766.0,0.0,35.0,2.0,0.0,3819.0,4448516.0,0.36,0.1
33616.0,227995863.0,3.0,356.04,0.0,187.0,0.0,35.0,0.0,0.0,3819.0,4448516.0,0.36,0.1
33617.0,228005863.0,3.0,355.96,0.0,1476.0,0.0,35.0,1.0,0.0,3820.0,4448616.0,0.36,0.1
33618.0,228015863.0,3.0,355.96,0.0,1476.0,0.0,35.0,1.0,0.0,3821.0,4448716.0,0.36,-0.0
33619.0,228025863.0,3.0,355.96,0.0,2766.0,0.0,35.0,2.0,0.0,3823.0,4448916.0,0.36,-0.0
33620.0,228035863.0,3.0,355.96,0.0,187.0,0.0,35.0,0.0,0.0,3823.0,4448916.0,0.36,-0.0
33621.0,228045863.0,3.0,356.04,0.0,2766.0,0.0,35.0,2.0,0.0,3825.0,4449116.0,0.36,-0.0
33622.0,228055863.0,3.0,356.04,0.0,187.0,0.0,35.0,0.0,0.0,3825.0,4449116.0,0.36,-0.0
33623.0,228065863.0,3.0,356.04,0.0,2766.0,0.0,35.0,2.0,0.0,3827.0,4449316.0,0.36,0.0
33624.0,228075863.0,3.0,355.96,0.0,187.0,0.0,35.0,0.0,0.0,3827.0,4449316.0,0.36,0.0
33625.0,228085863.0,3.0,355.96,0.0,1476.0,0.0,35.0,1.0,0.0,3828.0,4449416.0,0.36,-0.0
33626.0,228095863.0,3.0,355.87,0.0,1476.0,0.0,35.0,1.0,0.0,3829.0,4449516.0,0.36,0.0
33627.0,228105863.0,3.0,355.96,0.0,1476.0,0.0,35.0,1.0,0.0,3830.0,4449616.0,0.36,0.0
33628.0,228115863.0,3.0,355.87,0.0,2766.0,0.0,35.0,2.0,0.0,3832.0,4449816.0,0.36,-0.0
33629.0,228125863.0,3.0,356.04,0.0,187.0,0.0,35.0,0.0,0.0,3832.0,4449816.0,0.36,-0.0
33630.0,228135863.0,3.0,355.96,0.0,2766.0,0.0,35.0,2.0,0.0,3834.0,4450016.0,0.35,-0.0
33631.0,228145863.0,3.0,355.96,0.0,187.0,0.0,35.0,0.0,0.0,3834.0,4450016.0,0.35,-0.0
33632.0,228155863.0,3.0,355.96,0.0,1476.0,0.0,35.0,1.0,0.0,3835.0,4450116.0,0.35,-0.0
33633.0,228165863.0,3.0,356.04,0.0,1476.0,0.0,35.0,1.0,0.0,3836.0,4450216.0,0.35,0.0
33634.0,228175863.0,3.0,355.96,0.0,1476.0,0.0,35.0,1.0,0.0,3837.0,4450316.0,0.35,0.0
33635.0,228185863.0,3.0,355.96,0.0,1476.0,0.0,35.0,1.0,0.0,3838.0,4450416.0,0.36,0.0
33636.0,228195863.0,3.0,356.13,0.0,2766.0,0.0,35.0,2.0,0.0,3840.0,4450616.0,0.35,-0.0
33637.0,228205863.0,3.0,355.87,0.0,187.0,0.0,35.0,0.0,0.0,3840.0,4450616.0,0.35,-0.0
33638.0,228215863.0,3.0,355.96,0.0,2766.0,0.0,35.0,2.0,0.0,3842.0,4450816.0,0.35,0.0
33639.0,228225863.0,3.0,356.04,0.0,187.0,0.0,35.0,0.0,0.0,3842.0,4450816.0,0.35,0.0
33640.0,228235863.0,3.0,355.96,0.0,1476.0,0.0,35.0,1.0,0.0,3843.0,4450916.0,0.35,-0.0
33641.0,228245863.0,3.0,355.87,0.0,1476.0,0.0,35.0,1.0,0.0,3844.0,4451016.0,0.35,0.0
33642.0,228255863.0,3.0,355.96,0.0,1476.0,0.0,35.0,1.0,0.0,3845.0,4451116.0,0.35,-0.0
33643.0,228265863.0,3.0,355.87,0.0,1476.0,0.0,35.0,1.0,0.0,3846.0,4451216.0,0.35,-0.0
33644.0,228275863.0,3.0,356.04,0.0,2766.0,0.0,35.0,2.0,0.0,3848.0,4451416.0,0.35,0.0
33645.0,228285863.0,3.0,355.96,0.0,187.0,0.0,35.0,0.0,0.0,3848.0,4451416.0,0.35,0.0
33646.0,228295863.0,3.0,355.96,0.0,2766.0,0.0,35.0,2.0,0.0,3850.0,4451616.0,0.35,-0.0
33647.0,228305863.0,3.0,356.04,0.0,187.0,0.0,35.0,0.0,0.0,3850.0,4451616.0,0.35,-0.0
33648.0,228315863.0,3.0,355.96,0.0,1476.0,0.0,35.0,1.0,0.0,3851.0,4451716.0,0.35,-0.0
33649.0,228325863.0,3.0,355.96,0.0,1476.0,0.0,35.0,1.0,0.0,3852.0,4451816.0,0.35,0.0
33650.0,228335863.0,3.0,355.96,0.0,1476.0,0.0,35.0,1.0,0.0,3853.0,4451916.0,0.35,-0.0
33651.0,228345863.0,3.0,355.96,0.0,1476.0,0.0,35.0,1.0,0.0,3854.0,4452016.0,0.35,0.0
33652.0,228355863.0,3.0,355.96,0.0,1476.0,0.0,35.0,1.0,0.0,3855.0,4452116.0,0.35,0.0
33653.0,228365863.0,3.0,355.96,0.0,2766.0,0.0,35.0,2.0,0.0,3857.0,4452316.0,0.35,0.0
33654.0,228375863.0,3.0,355.87,0.0,187.0,0.0,35.0,0.0,0.0,3857.0,4452316.0,0.35,0.0
33655.0,228385863.0,3.0,355.96,0.0,2766.0,0.0,35.0,2.0,0.0,3859.0,4452516.0,0.35,0.0
33656.0,228395863.0,3.0,356.04,0.0,187.0,0.0,35.0,0.0,0.0,3859.0,4452516.0,0.35,0.0
33657.0,228405863.0,3.0,355.96,0.0,1476.0,0.0,35.0,1.0,0.0,3860.0,4452616.0,0.35,-0.0
33658.0,228415863.0,3.0,356.04,0.0,1476.0,0.0,35.0,1.0,0.0,3861.0,4452716.0,0.35,0.0
33659.0,228425863.0,3.0,355.96,0.0,1476.0,0.0,35.0,1.0,0.0,3862.0,4452816.0,0.35,0.0
33660.0,228435863.0,3.0,355.96,0.0,2766.0,0.0,35.0,2.0,0.0,3864.0,4453016.0,0.35,0.0
33661.0,228445863.0,3.0,355.96,0.0,187.0,0.0,35.0,0.0,0.0,3864.0,4453016.0,0.35,0.0
33662.0,228455863.0,3.0,355.96,0.0,2766.0,0.0,35.0,2.0,0.0,3866.0,4453216.0,0.35,0.0
33663.0,228465863.0,3.0,355.96,0.0,187.0,0.0,35.0,0.0,0.0,3866.0,4453216.0,0.35,0.0
33664.0,228475863.0,3.0,356.04,0.0,1476.0,0.0,35.0,1.0,0.0,3867.0,4453316.0,0.35,0.0
33665.0,228485863.0,3.0,355.96,0.0,1476.0,0.0,35.0,1.0,0.0,3868.0,4453416.0,0.35,0.0
33666.0,228495863.0,3.0,355.96,0.0,1476.0,0.0,35.0,1.0,0.0,3869.0,4453516.0,0.35,0.0
33667.0,228505863.0,3.0,355.87,0.0,1476.0,0.0,35.0,1.0,0.0,3870.0,4453616.0,0.35,0.0
33668.0,228515863.0,3.0,355.96,0.0,2766.0,0.0,35.0,2.0,0.0,3872.0,4453816.0,0.35,0.0
33669.0,228525863.0,3.0,355.96,0.0,187.0,0.0,35.0,0.0,0.0,3872.0,4453816.0,0.35,0.0
33670.0,228535863.0,3.0,355.87,0.0,2766.0,0.0,35.0,2.0,0.0,3874.0,4454016.0,0.35,0.1
33671.0,228545863.0,3.0,355.96,0.0,187.0,0.0,35.0,0.0,0.0,3874.0,4454016.0,0.35,0.1
33672.0,228555863.0,3.0,355.96,0.0,1476.0,0.0,35.0,1.0,0.0,3875.0,4454116.0,0.35,0.0
33673.0,228565863.0,3.0,355.96,0.0,1476.0,0.0,35.0,1.0,0.0,3876.0,4454216.0,0.35,0.0
33674.0,228575863.0,3.0,355.96,0.0,1476.0,0.0,35.0,1.0,0.0,3877.0,4454316.0,0.35,0.0
33675.0,228585863.0,3.0,355.96,0.0,1476.0,0.0,35.0,1.0,0.0,3878.0,4454416.0,0.35,0.0
33676.0,228595863.0,3.0,355.96,0.0,2766.0,0.0,35.0,2.0,0.0,3880.0,4454616.0,0.35,-0.0
33677.0,228605863.0,3.0,355.96,0.0,187.0,0.0,35.0,0.0,0.0,3880.0,4454616.0,0.35,-0.0
33678.0,228615863.0,3.0,355.96,0.0,2766.0,0.0,35.0,2.0,0.0,3882.0,4454816.0,0.35,-0.0
33679.0,228625863.0,3.0,355.96,0.0,187.0,0.0,35.0,0.0,0.0,3882.0,4454816.0,0.35,-0.0
33680.0,228635863.0,3.0,355.87,0.0,1476.0,0.0,35.0,1.0,0.0,3883.0,4454916.0,0.35,0.0
33681.0,228645863.0,3.0,355.96,0.0,1476.0,0.0,35.0,1.0,0.0,3884.0,4455016.0,0.35,0.0
33682.0,228655863.0,3.0,355.96,0.0,1476.0,0.0,35.0,1.0,0.0,3885.0,4455116.0,0.35,0.0
33683.0,228665863.0,3.0,355.96,0.0,1476.0,0.0,35.0,1.0,0.0,3886.0,4455216.0,0.35,0.0
33684.0,228675863.0,3.0,356.04,0.0,1476.0,0.0,35.0,1.0,0.0,3887.0,4455316.0,0.35,0.0
33685.0,228685863.0,3.0,356.04,0.0,2766.0,0.0,35.0,2.0,0.0,3889.0,4455516.0,0.35,0.0
33686.0,228695863.0,3.0,355.96,0.0,187.0,0.0,35.0,0.0,0.0,3889.0,4455516.0,0.35,0.0
33687.0,228705863.0,3.0,356.04,0.0,2766.0,0.0,35.0,2.0,0.0,3891.0,4455716.0,0.35,-0.0
33688.0,228715863.0,3.0,356.04,0.0,187.0,0.0,35.0,0.0,0.0,3891.0,4455716.0,0.35,-0.0
33689.0,228725863.0,3.0,355.96,0.0,1476.0,0.0,35.0,1.0,0.0,3892.0,4455816.0,0.35,-0.0
33690.0,228735863.0,3.0,355.96,0.0,1476.0,0.0,35.0,1.0,0.0,3893.0,4455916.0,0.35,0.0
33691.0,228745863.0,3.0,355.96,0.0,1476.0,0.0,35.0,1.0,0.0,3894.0,4456016.0,0.35,0.0
33692.0,228755863.0,3.0,355.87,0.0,1476.0,0.0,35.0,1.0,0.0,3895.0,4456116.0,0.35,0.1
33693.0,228765863.0,3.0,356.04,0.0,2766.0,0.0,35.0,2.0,0.0,3897.0,4456316.0,0.35,-0.0
33694.0,228775863.0,3.0,355.96,0.0,187.0,0.0,35.0,0.0,0.0,3897.0,4456316.0,0.35,-0.0
33695.0,228785863.0,3.0,355.87,0.0,2766.0,0.0,35.0,2.0,0.0,3899.0,4456516.0,0.35,-0.0
33696.0,228795863.0,3.0,355.87,0.0,187.0,0.0,35.0,0.0,0.0,3899.0,4456516.0,0.35,-0.0
33697.0,228805863.0,3.0,355.96,0.0,1476.0,0.0,35.0,1.0,0.0,3900.0,4456616.0,0.35,0.0
33698.0,228815863.0,3.0,355.96,0.0,1476.0,0.0,35.0,1.0,0.0,3901.0,4456716.0,0.35,-0.0
33699.0,228825863.0,3.0,355.87,0.0,1476.0,0.0,35.0,1.0,0.0,3902.0,4456816.0,0.35,-0.0
33700.0,228835863.0,3.0,356.04,0.0,1476.0,0.0,35.0,1.0,0.0,3903.0,4456916.0,0.35,-0.0
33701.0,228845863.0,3.0,356.04,0.0,2766.0,0.0,35.0,2.0,0.0,3905.0,4457116.0,0.35,-0.0
33702.0,228855863.0,3.0,355.96,0.0,187.0,0.0,35.0,0.0,0.0,3905.0,4457116.0,0.35,-0.0
33703.0,228865863.0,3.0,355.87,0.0,2766.0,0.0,35.0,2.0,0.0,3907.0,4457316.0,0.35,-0.0
33704.0,228875863.0,3.0,356.04,0.0,187.0,0.0,35.0,0.0,0.0,3907.0,4457316.0,0.35,-0.0
33705.0,228885863.0,3.0,355.96,0.0,1476.0,0.0,35.0,1.0,0.0,3908.0,4457416.0,0.35,-0.0
33706.0,228895863.0,3.0,355.96,0.0,1476.0,0.0,35.0,1.0,0.0,3909.0,4457516.0,0.35,0.0
33707.0,228905863.0,3.0,356.04,0.0,1476.0,0.0,35.0,1.0,0.0,3910.0,4457616.0,0.35,0.0
33708.0,228915863.0,3.0,355.96,0.0,1476.0,0.0,35.0,1.0,0.0,3911.0,4457716.0,0.35,0.0
33709.0,228925863.0,3.0,356.04,0.0,2766.0,0.0,35.0,2.0,0.0,3913.0,4457916.0,0.35,-0.0
33710.0,228935863.0,3.0,355.96,0.0,187.0,0.0,35.0,0.0,0.0,3913.0,4457916.0,0.35,-0.0
33711.0,228945863.0,3.0,356.04,0.0,2766.0,0.0,35.0,2.0,0.0,3915.0,4458116.0,0.35,-0.0
33712.0,228955863.0,3.0,355.96,0.0,187.0,0.0,35.0,0.0,0.0,3915.0,4458116.0,0.35,-0.0
33713.0,228965863.0,3.0,355.96,0.0,1476.0,0.0,35.0,1.0,0.0,3916.0,4458216.0,0.35,-0.0
33714.0,228975863.0,3.0,355.96,0.0,1476.0,0.0,35.0,1.0,0.0,3917.0,4458316.0,0.35,-0.0
33715.0,228985863.0,3.0,355.96,0.0,1476.0,0.0,35.0,1.0,0.0,3918.0,4458416.0,0.35,-0.0
33716.0,228995863.0,3.0,355.96,0.0,1476.0,0.0,35.0,1.0,0.0,3919.0,4458516.0,0.35,0.0
33717.0,229005863.0,3.0,355.96,0.0,2766.0,0.0,35.0,2.0,0.0,3921.0,4458716.0,0.35,0.0
33718.0,229015863.0,3.0,355.96,0.0,187.0,0.0,35.0,0.0,0.0,3921.0,4458716.0,0.35,0.0
33719.0,229025863.0,3.0,355.87,0.0,2766.0,0.0,35.0,2.0,0.0,3923.0,4458916.0,0.35,0.0
33720.0,229035863.0,3.0,355.96,0.0,187.0,0.0,35.0,0.0,0.0,3923.0,4458916.0,0.35,0.0
33721.0,229045863.0,3.0,356.04,0.0,1476.0,0.0,35.0,1.0,0.0,3924.0,4459016.0,0.35,0.0
33722.0,229055863.0,3.0,355.96,0.0,1476.0,0.0,35.0,1.0,0.0,3925.0,4459116.0,0.35,-0.0
33723.0,229065863.0,3.0,356.04,0.0,1476.0,0.0,35.0,1.0,0.0,3926.0,4459216.0,0.35,0.0
33724.0,229075863.0,3.0,355.96,0.0,2766.0,0.0,35.0,2.0,0.0,3928.0,4459416.0,0.35,0.0
33725.0,229085863.0,3.0,356.04,0.0,187.0,0.0,35.0,0.0,0.0,3928.0,4459416.0,0.35,0.0
33726.0,229095863.0,3.0,355.96,0.0,2766.0,0.0,35.0,2.0,0.0,3930.0,4459616.0,0.35,0.0
33727.0,229105863.0,3.0,355.96,0.0,187.0,0.0,35.0,0.0,0.0,3930.0,4459616.0,0.35,0.0
33728.0,229115863.0,3.0,355.96,0.0,2766.0,0.0,35.0,2.0,0.0,3932.0,4459816.0,0.35,0.0
33729.0,229125863.0,3.0,355.87,0.0,187.0,0.0,35.0,0.0,0.0,3932.0,4459816.0,0.35,0.0
33730.0,229135863.0,3.0,355.96,0.0,1476.0,0.0,35.0,1.0,0.0,3933.0,4459916.0,0.35,0.0
33731.0,229145863.0,3.0,355.96,0.0,1476.0,0.0,35.0,1.0,0.0,3934.0,4460016.0,0.35,0.0
33732.0,229155863.0,3.0,355.96,0.0,2766.0,0.0,35.0,2.0,0.0,3936.0,4460216.0,0.35,-0.0
33733.0,229165863.0,3.0,355.96,0.0,187.0,0.0,35.0,0.0,0.0,3936.0,4460216.0,0.35,-0.0
33734.0,229175863.0,3.0,355.96,0.0,2766.0,0.0,35.0,2.0,0.0,3938.0,4460416.0,0.35,0.0
33735.0,229185863.0,3.0,355.87,0.0,187.0,0.0,35.0,0.0,0.0,3938.0,4460416.0,0.35,0.0
33736.0,229195863.0,3.0,356.04,0.0,2766.0,0.0,35.0,2.0,0.0,3940.0,4460616.0,0.35,0.0
33737.0,229205863.0,3.0,355.96,0.0,187.0,0.0,35.0,0.0,0.0,3940.0,4460616.0,0.35,0.0
33738.0,229215863.0,3.0,355.96,0.0,1476.0,0.0,35.0,1.0,0.0,3941.0,4460716.0,0.35,0.0
33739.0,229225863.0,3.0,355.96,0.0,1476.0,0.0,35.0,1.0,0.0,3942.0,4460816.0,0.35,0.0
33740.0,229235863.0,3.0,355.96,0.0,2766.0,0.0,35.0,2.0,0.0,3944.0,4461016.0,0.35,0.0
33741.0,229245863.0,3.0,355.96,0.0,187.0,0.0,35.0,0.0,0.0,3944.0,4461016.0,0.35,0.0
33742.0,229255863.0,3.0,355.96,0.0,2766.0,0.0,35.0,2.0,0.0,3946.0,4461216.0,0.35,-0.0
33743.0,229265863.0,3.0,355.96,0.0,187.0,0.0,35.0,0.0,0.0,3946.0,4461216.0,0.35,-0.0
33744.0,229275863.0,3.0,355.96,0.0,2766.0,0.0,35.0,2.0,0.0,3948.0,4461416.0,0.35,0.0
33745.0,229285863.0,3.0,355.96,0.0,187.0,0.0,35.0,0.0,0.0,3948.0,4461416.0,0.35,0.0
33746.0,229295863.0,3.0,355.96,0.0,1476.0,0.0,35.0,1.0,0.0,3949.0,4461516.0,0.35,-0.0
33747.0,229305863.0,3.0,355.96,0.0,1476.0,0.0,35.0,1.0,0.0,3950.0,4461616.0,0.35,0.0
33748.0,229315863.0,3.0,355.96,0.0,2766.0,0.0,35.0,2.0,0.0,3952.0,4461816.0,0.35,0.0
33749.0,229325863.0,3.0,356.04,0.0,187.0,0.0,35.0,0.0,0.0,3952.0,4461816.0,0.35,0.0
33750.0,229335863.0,3.0,356.04,0.0,2766.0,0.0,35.0,2.0,0.0,3954.0,4462016.0,0.35,0.0
33751.0,229345863.0,3.0,355.96,0.0,187.0,0.0,35.0,0.0,0.0,3954.0,4462016.0,0.35,0.0
33752.0,229355863.0,3.0,356.04,0.0,2766.0,0.0,35.0,2.0,0.0,3956.0,4462216.0,0.35,-0.0
33753.0,229365863.0,3.0,356.04,0.0,187.0,0.0,35.0,0.0,0.0,3956.0,4462216.0,0.35,-0.0
33754.0,229375863.0,3.0,355.87,0.0,1476.0,0.0,35.0,1.0,0.0,3957.0,4462316.0,0.35,0.0
33755.0,229385863.0,3.0,355.96,0.0,1476.0,0.0,35.0,1.0,0.0,3958.0,4462416.0,0.35,0.0
33756.0,229395863.0,3.0,355.96,0.0,2766.0,0.0,35.0,2.0,0.0,3960.0,4462616.0,0.35,-0.0
33757.0,229405863.0,3.0,355.87,0.0,187.0,0.0,35.0,0.0,0.0,3960.0,4462616.0,0.35,-0.0
33758.0,229415863.0,3.0,355.96,0.0,2766.0,0.0,35.0,2.0,0.0,3962.0,4462816.0,0.35,0.0
33759.0,229425863.0,3.0,355.96,0.0,187.0,0.0,35.0,0.0,0.0,3962.0,4462816.0,0.35,0.0
33760.0,229435863.0,3.0,355.96,0.0,2766.0,0.0,35.0,2.0,0.0,3964.0,4463016.0,0.35,-0.0
33761.0,229445863.0,3.0,355.96,0.0,187.0,0.0,35.0,0.0,0.0,3964.0,4463016.0,0.35,-0.0
33762.0,229455863.0,3.0,355.87,0.0,1476.0,0.0,35.0,1.0,0.0,3965.0,4463116.0,0.35,0.0
33763.0,229465863.0,3.0,355.96,0.0,1476.0,0.0,35.0,1.0,0.0,3966.0,4463216.0,0.35,0.0
33764.0,229475863.0,3.0,356.04,0.0,2766.0,0.0,35.0,2.0,0.0,3968.0,4463416.0,0.35,0.0
33765.0,229485863.0,3.0,355.96,0.0,187.0,0.0,35.0,0.0,0.0,3968.0,4463416.0,0.35,0.0
33766.0,229495863.0,3.0,355.96,0.0,2766.0,0.0,35.0,2.0,0.0,3970.0,4463616.0,0.35,-0.0
33767.0,229505863.0,3.0,355.96,0.0,187.0,0.0,35.0,0.0,0.0,3970.0,4463616.0,0.35,-0.0
33768.0,229515863.0,3.0,355.96,0.0,2766.0,0.0,35.0,2.0,0.0,3972.0,4463816.0,0.35,0.0
33769.0,229525863.0,3.0,355.96,0.0,187.0,0.0,35.0,0.0,0.0,3972.0,4463816.0,0.35,0.0
33770.0,229535863.0,3.0,356.04,0.0,1476.0,0.0,35.0,1.0,0.0,3973.0,4463916.0,0.35,0.0
33771.0,229545863.0,3.0,355.96,0.0,1476.0,0.0,35.0,1.0,0.0,3974.0,4464016.0,0.35,-0.0
33772.0,229555863.0,3.0,355.96,0.0,2766.0,0.0,35.0,2.0,0.0,3976.0,4464216.0,0.35,0.0
33773.0,229565863.0,3.0,355.96,0.0,187.0,0.0,35.0,0.0,0.0,3976.0,4464216.0,0.35,0.0
33774.0,229575863.0,3.0,355.96,0.0,2766.0,0.0,35.0,2.0,0.0,3978.0,4464416.0,0.35,0.0
33775.0,229585863.0,3.0,355.96,0.0,187.0,0.0,35.0,0.0,0.0,3978.0,4464416.0,0.35,0.0
33776.0,229595863.0,3.0,355.96,0.0,2766.0,0.0,35.0,2.0,0.0,3980.0,4464616.0,0.35,-0.0
33777.0,229605863.0,3.0,355.96,0.0,187.0,0.0,35.0,0.0,0.0,3980.0,4464616.0,0.35,-0.0
33778.0,229615863.0,3.0,355.96,0.0,1476.0,0.0,35.0,1.0,0.0,3981.0,4464716.0,0.35,-0.0
33779.0,229625863.0,3.0,356.04,0.0,1476.0,0.0,35.0,1.0,0.0,3982.0,4464816.0,0.35,-0.0
33780.0,229635863.0,3.0,355.87,0.0,2766.0,0.0,35.0,2.0,0.0,3984.0,4465016.0,0.35,0.0
33781.0,229645863.0,3.0,356.04,0.0,187.0,0.0,35.0,0.0,0.0,3984.0,4465016.0,0.35,0.0
33782.0,229655863.0,3.0,356.04,0.0,2766.0,0.0,35.0,2.0,0.0,3986.0,4465216.0,0.35,0.0
33783.0,229665863.0,3.0,355.96,0.0,187.0,0.0,35.0,0.0,0.0,3986.0,4465216.0,0.35,0.0
33784.0,229675863.0,3.0,355.96,0.0,2766.0,0.0,35.0,2.0,0.0,3988.0,4465416.0,0.35,0.0
33785.0,229685863.0,3.0,355.96,0.0,187.0,0.0,35.0,0.0,0.0,3988.0,4465416.0,0.35,0.0
33786.0,229695863.0,3.0,355.96,0.0,1476.0,0.0,35.0,1.0,0.0,3989.0,4465516.0,0.35,-0.0
33787.0,229705863.0,3.0,355.96,0.0,1476.0,0.0,35.0,1.0,0.0,3990.0,4465616.0,0.35,-0.0
33788.0,229715863.0,3.0,355.96,0.0,2766.0,0.0,35.0,2.0,0.0,3992.0,4465816.0,0.35,-0.0
33789.0,229725863.0,3.0,355.96,0.0,187.0,0.0,35.0,0.0,0.0,3992.0,4465816.0,0.35,-0.0
33790.0,229735863.0,3.0,356.04,0.0,2766.0,0.0,35.0,2.0,0.0,3994.0,4466016.0,0.35,0.0
33791.0,229745863.0,3.0,355.96,0.0,187.0,0.0,35.0,0.0,0.0,3994.0,4466016.0,0.35,0.0
33792.0,229755863.0,3.0,355.96,0.0,2766.0,0.0,35.0,2.0,0.0,3996.0,4466216.0,0.35,0.0
33793.0,229765863.0,3.0,356.04,0.0,187.0,0.0,35.0,0.0,0.0,3996.0,4466216.0,0.35,0.0
33794.0,229775863.0,3.0,355.96,0.0,1476.0,0.0,35.0,1.0,0.0,3997.0,4466316.0,0.35,0.0
33795.0,229785863.0,3.0,355.96,0.0,1476.0,0.0,35.0,1.0,0.0,3998.0,4466416.0,0.35,0.0
33796.0,229795863.0,3.0,356.04,0.0,2766.0,0.0,35.0,2.0,0.0,4000.0,4466616.0,0.35,-0.0
33797.0,229805863.0,3.0,355.96,0.0,187.0,0.0,35.0,0.0,0.0,4000.0,4466616.0,0.35,-0.0
33798.0,229815863.0,3.0,355.96,0.0,2766.0,0.0,35.0,2.0,0.0,4002.0,4466816.0,0.35,0.0
33799.0,229825863.0,3.0,355.87,0.0,187.0,0.0,35.0,0.0,0.0,4002.0,4466816.0,0.35,0.0
33800.0,229835863.0,3.0,355.96,0.0,2766.0,0.0,35.0,2.0,0.0,4004.0,4467016.0,0.35,-0.0
33801.0,229845863.0,3.0,355.96,0.0,187.0,0.0,35.0,0.0,0.0,4004.0,4467016.0,0.35,-0.0
33802.0,229855863.0,3.0,356.04,0.0,1476.0,0.0,35.0,1.0,0.0,4005.0,4467116.0,0.35,0.0
33803.0,229865863.0,3.0,356.13,0.0,1476.0,0.0,35.0,1.0,0.0,4006.0,4467216.0,0.35,0.0
33804.0,229875863.0,3.0,355.87,0.0,2766.0,0.0,35.0,2.0,0.0,4008.0,4467416.0,0.35,-0.0
33805.0,229885863.0,3.0,355.96,0.0,187.0,0.0,35.0,0.0,0.0,4008.0,4467416.0,0.35,-0.0
33806.0,229895863.0,3.0,355.96,0.0,2766.0,0.0,35.0,2.0,0.0,4010.0,4467616.0,0.35,0.0
33807.0,229905863.0,3.0,355.87,0.0,187.0,0.0,35.0,0.0,0.0,4010.0,4467616.0,0.35,0.0
33808.0,229915863.0,3.0,356.04,0.0,2766.0,0.0,35.0,2.0,0.0,4012.0,4467816.0,0.35,0.0
33809.0,229925863.0,3.0,356.04,0.0,187.0,0.0,35.0,0.0,0.0,4012.0,4467816.0,0.35,0.0
33810.0,229935863.0,3.0,355.96,0.0,1476.0,0.0,35.0,1.0,0.0,4013.0,4467916.0,0.35,-0.0
33811.0,229945863.0,3.0,355.96,0.0,1476.0,0.0,35.0,1.0,0.0,4014.0,4468016.0,0.35,-0.0
33812.0,229955863.0,3.0,355.96,0.0,2766.0,0.0,35.0,2.0,0.0,4016.0,4468216.0,0.35,0.0
33813.0,229965863.0,3.0,355.96,0.0,187.0,0.0,35.0,0.0,0.0,4016.0,4468216.0,0.35,0.0
33814.0,229975863.0,3.0,355.96,0.0,2766.0,0.0,35.0,2.0,0.0,4018.0,4468416.0,0.35,0.0
33815.0,229985863.0,3.0,355.96,0.0,187.0,0.0,35.0,0.0,0.0,4018.0,4468416.0,0.35,0.0
33816.0,229995863.0,3.0,355.96,0.0,2766.0,0.0,35.0,2.0,0.0,4020.0,4468616.0,0.35,0.0
33817.0,230005863.0,3.0,355.96,0.0,187.0,0.0,35.0,0.0,0.0,4020.0,4468616.0,0.35,0.0
33818.0,230015863.0,3.0,355.87,0.0,1476.0,0.0,35.0,1.0,0.0,4021.0,4468716.0,0.35,0.0
33819.0,230025863.0,3.0,355.96,0.0,1476.0,0.0,35.0,1.0,0.0,4022.0,4468816.0,0.35,-0.0
33820.0,230035863.0,3.0,356.04,0.0,2766.0,0.0,35.0,2.0,0.0,4024.0,4469016.0,0.35,0.0
33821.0,230045863.0,3.0,355.96,0.0,187.0,0.0,35.0,0.0,0.0,4024.0,4469016.0,0.35,0.0
33822.0,230055863.0,3.0,355.96,0.0,2766.0,0.0,35.0,2.0,0.0,4026.0,4469216.0,0.35,0.0
33823.0,230065863.0,3.0,355.96,0.0,187.0,0.0,35.0,0.0,0.0,4026.0,4469216.0,0.35,0.0
33824.0,230075863.0,3.0,355.96,0.0,2766.0,0.0,35.0,2.0,0.0,4028.0,4469416.0,0.35,0.0
33825.0,230085863.0,3.0,355.96,0.0,187.0,0.0,35.0,0.0,0.0,4028.0,4469416.0,0.35,0.0
33826.0,230095863.0,3.0,356.04,0.0,1476.0,0.0,35.0,1.0,0.0,4029.0,4469516.0,0.35,-0.0
33827.0,230105863.0,3.0,355.96,0.0,1476.0,0.0,35.0,1.0,0.0,4030.0,4469616.0,0.35,-0.0
33828.0,230115863.0,3.0,355.96,0.0,2766.0,0.0,35.0,2.0,0.0,4032.0,4469816.0,0.35,-0.0
33829.0,230125863.0,3.0,356.04,0.0,187.0,0.0,35.0,0.0,0.0,4032.0,4469816.0,0.35,-0.0
33830.0,230135863.0,3.0,355.96,0.0,2766.0,0.0,35.0,2.0,0.0,4034.0,4470016.0,0.35,-0.0
33831.0,230145863.0,3.0,356.04,0.0,187.0,0.0,35.0,0.0,0.0,4034.0,4470016.0,0.35,-0.0
33832.0,230155863.0,3.0,356.04,0.0,2766.0,0.0,35.0,2.0,0.0,4036.0,4470216.0,0.35,0.0
33833.0,230165863.0,3.0,355.96,0.0,187.0,0.0,35.0,0.0,0.0,4036.0,4470216.0,0.35,0.0
33834.0,230175863.0,3.0,355.96,0.0,1476.0,0.0,35.0,1.0,0.0,4037.0,4470316.0,0.35,0.0
33835.0,230185863.0,3.0,356.04,0.0,1476.0,0.0,35.0,1.0,0.0,4038.0,4470416.0,0.35,0.0
33836.0,230195863.0,3.0,356.04,0.0,2766.0,0.0,35.0,2.0,0.0,4040.0,4470616.0,0.35,0.0
33837.0,230205863.0,3.0,355.96,0.0,187.0,0.0,35.0,0.0,0.0,4040.0,4470616.0,0.35,0.0
33838.0,230215863.0,3.0,355.96,0.0,2766.0,0.0,35.0,2.0,0.0,4042.0,4470816.0,0.35,-0.0
33839.0,230225863.0,3.0,356.04,0.0,187.0,0.0,35.0,0.0,0.0,4042.0,4470816.0,0.35,-0.0
33840.0,230235863.0,3.0,355.96,0.0,2766.0,0.0,35.0,2.0,0.0,4044.0,4471016.0,0.35,-0.0
33841.0,230245863.0,3.0,356.04,0.0,187.0,0.0,35.0,0.0,0.0,4044.0,4471016.0,0.35,-0.0
33842.0,230255863.0,3.0,356.13,0.0,1476.0,0.0,35.0,1.0,0.0,4045.0,4471116.0,0.35,0.0
33843.0,230265863.0,3.0,355.96,0.0,1476.0,0.0,35.0,1.0,0.0,4046.0,4471216.0,0.35,0.1
33844.0,230275863.0,3.0,355.96,0.0,2766.0,0.0,35.0,2.0,0.0,4048.0,4471416.0,0.35,-0.0
33845.0,230285863.0,3.0,355.96,0.0,187.0,0.0,35.0,0.0,0.0,4048.0,4471416.0,0.35,-0.0
33846.0,230295863.0,3.0,356.04,0.0,2766.0,0.0,35.0,2.0,0.0,4050.0,4471616.0,0.35,0.0
33847.0,230305863.0,3.0,355.96,0.0,187.0,0.0,35.0,0.0,0.0,4050.0,4471616.0,0.35,0.0
33848.0,230315863.0,3.0,355.96,0.0,2766.0,0.0,35.0,2.0,0.0,4052.0,4471816.0,0.35,-0.0
33849.0,230325863.0,3.0,355.96,0.0,187.0,0.0,35.0,0.0,0.0,4052.0,4471816.0,0.35,-0.0
33850.0,230335863.0,3.0,355.96,0.0,1476.0,0.0,35.0,1.0,0.0,4053.0,4471916.0,0.35,-0.0
33851.0,230345863.0,3.0,355.96,0.0,1476.0,0.0,35.0,1.0,0.0,4054.0,4472016.0,0.35,-0.0
33852.0,230355863.0,3.0,356.04,0.0,1476.0,0.0,35.0,1.0,0.0,4055.0,4472116.0,0.35,0.0
33853.0,230365863.0,3.0,355.96,0.0,2766.0,0.0,35.0,2.0,0.0,4057.0,4472316.0,0.35,-0.0
33854.0,230375863.0,3.0,356.04,0.0,187.0,0.0,35.0,0.0,0.0,4057.0,4472316.0,0.35,-0.0
33855.0,230385863.0,3.0,356.04,0.0,2766.0,0.0,35.0,2.0,0.0,4059.0,4472516.0,0.35,0.0
33856.0,230395863.0,3.0,355.87,0.0,187.0,0.0,35.0,0.0,0.0,4059.0,4472516.0,0.35,0.0
33857.0,230405863.0,3.0,356.13,0.0,2766.0,0.0,35.0,2.0,0.0,4061.0,4472716.0,0.35,-0.0
33858.0,230415863.0,3.0,356.04,0.0,187.0,0.0,35.0,0.0,0.0,4061.0,4472716.0,0.35,-0.0
33859.0,230425863.0,3.0,355.96,0.0,1476.0,0.0,35.0,1.0,0.0,4062.0,4472816.0,0.35,0.0
33860.0,230435863.0,3.0,356.13,0.0,1476.0,0.0,35.0,1.0,0.0,4063.0,4472916.0,0.35,-0.0
33861.0,230445863.0,3.0,356.04,0.0,2766.0,0.0,35.0,2.0,0.0,4065.0,4473116.0,0.35,0.0
33862.0,230455863.0,3.0,355.96,0.0,187.0,0.0,35.0,0.0,0.0,4065.0,4473116.0,0.35,0.0
33863.0,230465863.0,3.0,355.96,0.0,2766.0,0.0,35.0,2.0,0.0,4067.0,4473316.0,0.35,0.0
33864.0,230475863.0,3.0,355.96,0.0,187.0,0.0,35.0,0.0,0.0,4067.0,4473316.0,0.35,0.0
33865.0,230485863.0,3.0,355.96,0.0,2766.0,0.0,35.0,2.0,0.0,4069.0,4473516.0,0.35,0.0
33866.0,230495863.0,3.0,355.96,0.0,187.0,0.0,35.0,0.0,0.0,4069.0,4473516.0,0.35,0.0
33867.0,230505863.0,3.0,356.04,0.0,1476.0,0.0,35.0,1.0,0.0,4070.0,4473616.0,0.35,-0.0
33868.0,230515863.0,3.0,355.96,0.0,1476.0,0.0,35.0,1.0,0.0,4071.0,4473716.0,0.35,0.0
33869.0,230525863.0,3.0,355.96,0.0,2766.0,0.0,35.0,2.0,0.0,4073.0,4473916.0,0.35,0.0
33870.0,230535863.0,3.0,356.04,0.0,187.0,0.0,35.0,0.0,0.0,4073.0,4473916.0,0.35,0.0
33871.0,230545863.0,3.0,356.04,0.0,2766.0,0.0,35.0,2.0,0.0,4075.0,4474116.0,0.35,-0.0
33872.0,230555863.0,3.0,356.13,0.0,187.0,0.0,35.0,0.0,0.0,4075.0,4474116.0,0.35,-0.0
33873.0,230565863.0,3.0,355.87,0.0,2766.0,0.0,35.0,2.0,0.0,4077.0,4474316.0,0.35,-0.0
33874.0,230575863.0,3.0,355.96,0.0,187.0,0.0,35.0,0.0,0.0,4077.0,4474316.0,0.35,-0.0
33875.0,230585863.0,3.0,355.96,0.0,1476.0,0.0,35.0,1.0,0.0,4078.0,4474416.0,0.35,0.0
33876.0,230595863.0,3.0,355.96,0.0,1476.0,0.0,35.0,1.0,0.0,4079.0,4474516.0,0.35,0.0
33877.0,230605863.0,3.0,355.96,0.0,2766.0,0.0,35.0,2.0,0.0,4081.0,4474716.0,0.35,0.0
33878.0,230615863.0,3.0,355.87,0.0,187.0,0.0,35.0,0.0,0.0,4081.0,4474716.0,0.35,0.0
33879.0,230625863.0,3.0,355.87,0.0,2766.0,0.0,35.0,2.0,0.0,4083.0,4474916.0,0.35,-0.0
33880.0,230635863.0,3.0,356.04,0.0,187.0,0.0,35.0,0.0,0.0,4083.0,4474916.0,0.35,-0.0
33881.0,230645863.0,3.0,355.96,0.0,2766.0,0.0,35.0,2.0,0.0,4085.0,4475116.0,0.35,-0.0
33882.0,230655863.0,3.0,355.96,0.0,187.0,0.0,35.0,0.0,0.0,4085.0,4475116.0,0.35,-0.0
33883.0,230665863.0,3.0,356.04,0.0,1476.0,0.0,35.0,1.0,0.0,4086.0,4475216.0,0.35,-0.0
33884.0,230675863.0,3.0,355.96,0.0,1476.0,0.0,35.0,1.0,0.0,4087.0,4475316.0,0.35,-0.0
33885.0,230685863.0,3.0,356.04,0.0,2766.0,0.0,35.0,2.0,0.0,4089.0,4475516.0,0.35,0.0
33886.0,230695863.0,3.0,356.04,0.0,187.0,0.0,35.0,0.0,0.0,4089.0,4475516.0,0.35,0.0
33887.0,230705863.0,3.0,355.96,0.0,2766.0,0.0,35.0,2.0,0.0,4091.0,4475716.0,0.35,0.0
33888.0,230715863.0,3.0,355.96,0.0,187.0,0.0,35.0,0.0,0.0,4091.0,4475716.0,0.35,0.0
33889.0,230725863.0,3.0,356.04,0.0,2766.0,0.0,35.0,2.0,0.0,4093.0,4475916.0,0.35,-0.0
33890.0,230735863.0,3.0,355.96,0.0,187.0,0.0,35.0,0.0,0.0,4093.0,4475916.0,0.35,-0.0
33891.0,230745863.0,3.0,355.87,0.0,1476.0,0.0,35.0,1.0,0.0,4094.0,4476016.0,0.35,0.0
33892.0,230755863.0,3.0,356.04,0.0,1476.0,0.0,35.0,1.0,0.0,4095.0,4476116.0,0.35,-0.0
33893.0,230765863.0,3.0,355.96,0.0,2766.0,0.0,35.0,2.0,0.0,4097.0,4476316.0,0.35,0.0
33894.0,230775863.0,3.0,355.96,0.0,187.0,0.0,35.0,0.0,0.0,4097.0,4476316.0,0.35,0.0
33895.0,230785863.0,3.0,355.87,0.0,2766.0,0.0,35.0,2.0,0.0,4099.0,4476516.0,0.35,0.0
33896.0,230795863.0,3.0,355.96,0.0,187.0,0.0,35.0,0.0,0.0,4099.0,4476516.0,0.35,0.0
33897.0,230805863.0,3.0,355.96,0.0,2766.0,0.0,35.0,2.0,0.0,4101.0,4476716.0,0.35,0.1
33898.0,230815863.0,3.0,355.96,0.0,187.0,0.0,35.0,0.0,0.0,4101.0,4476716.0,0.35,0.1
33899.0,230825863.0,3.0,355.96,0.0,1476.0,0.0,35.0,1.0,0.0,4102.0,4476816.0,0.35,0.0
33900.0,230835863.0,3.0,355.96,0.0,1476.0,0.0,35.0,1.0,0.0,4103.0,4476916.0,0.35,0.0
33901.0,230845863.0,3.0,355.96,0.0,2766.0,0.0,35.0,2.0,0.0,4105.0,4477116.0,0.35,0.0
33902.0,230855863.0,3.0,355.96,0.0,187.0,0.0,35.0,0.0,0.0,4105.0,4477116.0,0.35,0.0
33903.0,230865863.0,3.0,356.04,0.0,2766.0,0.0,35.0,2.0,0.0,4107.0,4477316.0,0.35,-0.0
33904.0,230875863.0,3.0,355.96,0.0,187.0,0.0,35.0,0.0,0.0,4107.0,4477316.0,0.35,-0.0
33905.0,230885863.0,3.0,355.96,0.0,2766.0,0.0,35.0,2.0,0.0,4109.0,4477516.0,0.35,0.0
33906.0,230895863.0,3.0,355.96,0.0,187.0,0.0,35.0,0.0,0.0,4109.0,4477516.0,0.35,0.0
33907.0,230905863.0,3.0,356.04,0.0,1476.0,0.0,35.0,1.0,0.0,4110.0,4477616.0,0.35,0.0
33908.0,230915863.0,3.0,355.96,0.0,1476.0,0.0,35.0,1.0,0.0,4111.0,4477716.0,0.35,0.1
33909.0,230925863.0,3.0,355.96,0.0,2766.0,0.0,35.0,2.0,0.0,4113.0,4477916.0,0.35,0.0
33910.0,230935863.0,3.0,355.96,0.0,187.0,0.0,35.0,0.0,0.0,4113.0,4477916.0,0.35,0.0
33911.0,230945863.0,3.0,356.04,0.0,2766.0,0.0,35.0,2.0,0.0,4115.0,4478116.0,0.35,0.0
33912.0,230955863.0,3.0,355.96,0.0,187.0,0.0,35.0,0.0,0.0,4115.0,4478116.0,0.35,0.0
33913.0,230965863.0,3.0,355.96,0.0,2766.0,0.0,35.0,2.0,0.0,4117.0,4478316.0,0.35,-0.0
33914.0,230975863.0,3.0,355.96,0.0,187.0,0.0,35.0,0.0,0.0,4117.0,4478316.0,0.35,-0.0
33915.0,230985863.0,3.0,355.96,0.0,1476.0,0.0,35.0,1.0,0.0,4118.0,4478416.0,0.35,-0.0
33916.0,230995863.0,3.0,355.96,0.0,1476.0,0.0,35.0,1.0,0.0,4119.0,4478516.0,0.35,0.0
33917.0,231005863.0,3.0,356.04,0.0,2766.0,0.0,35.0,2.0,0.0,4121.0,4478716.0,0.35,0.0
33918.0,231015863.0,3.0,355.87,0.0,187.0,0.0,35.0,0.0,0.0,4121.0,4478716.0,0.35,0.0
33919.0,231025863.0,3.0,356.04,0.0,2766.0,0.0,35.0,2.0,0.0,4123.0,4478916.0,0.35,0.0
33920.0,231035863.0,3.0,355.96,0.0,187.0,0.0,35.0,0.0,0.0,4123.0,4478916.0,0.35,0.0
33921.0,231045863.0,3.0,356.04,0.0,2766.0,0.0,35.0,2.0,0.0,4125.0,4479116.0,0.35,0.0
33922.0,231055863.0,3.0,355.87,0.0,187.0,0.0,35.0,0.0,0.0,4125.0,4479116.0,0.35,0.0
33923.0,231065863.0,3.0,355.96,0.0,1476.0,0.0,35.0,1.0,0.0,4126.0,4479216.0,0.35,-0.0
33924.0,231075863.0,3.0,355.96,0.0,1476.0,0.0,35.0,1.0,0.0,4127.0,4479316.0,0.35,0.0
33925.0,231085863.0,3.0,355.96,0.0,2766.0,0.0,35.0,2.0,0.0,4129.0,4479516.0,0.35,0.0
33926.0,231095863.0,3.0,355.96,0.0,187.0,0.0,35.0,0.0,0.0,4129.0,4479516.0,0.35,0.0
33927.0,231105863.0,3.0,355.96,0.0,2766.0,0.0,35.0,2.0,0.0,4131.0,4479716.0,0.35,0.0
33928.0,231115863.0,3.0,355.96,0.0,187.0,0.0,35.0,0.0,0.0,4131.0,4479716.0,0.35,0.0
33929.0,231125863.0,3.0,355.96,0.0,2766.0,0.0,35.0,2.0,0.0,4133.0,4479916.0,0.35,0.0
33930.0,231135863.0,3.0,355.96,0.0,187.0,0.0,35.0,0.0,0.0,4133.0,4479916.0,0.35,0.0
33931.0,231145863.0,3.0,356.04,0.0,1476.0,0.0,35.0,1.0,0.0,4134.0,4480016.0,0.35,0.0
33932.0,231155863.0,3.0,356.04,0.0,1476.0,0.0,35.0,1.0,0.0,4135.0,4480116.0,0.35,0.0
33933.0,231165863.0,3.0,356.04,0.0,2766.0,0.0,35.0,2.0,0.0,4137.0,4480316.0,0.35,0.0
33934.0,231175863.0,3.0,355.96,0.0,187.0,0.0,35.0,0.0,0.0,4137.0,4480316.0,0.35,0.0
33935.0,231185863.0,3.0,355.96,0.0,2766.0,0.0,35.0,2.0,0.0,4139.0,4480516.0,0.35,-0.0
33936.0,231195863.0,3.0,355.96,0.0,187.0,0.0,35.0,0.0,0.0,4139.0,4480516.0,0.35,-0.0
33937.0,231205863.0,3.0,356.04,0.0,2766.0,0.0,35.0,2.0,0.0,4141.0,4480716.0,0.35,0.0
33938.0,231215863.0,3.0,356.04,0.0,187.0,0.0,35.0,0.0,0.0,4141.0,4480716.0,0.35,0.0
33939.0,231225863.0,3.0,356.04,0.0,1476.0,0.0,35.0,1.0,0.0,4142.0,4480816.0,0.35,0.0
33940.0,231235863.0,3.0,355.96,0.0,1476.0,0.0,35.0,1.0,0.0,4143.0,4480916.0,0.35,0.0
33941.0,231245863.0,3.0,355.96,0.0,2766.0,0.0,35.0,2.0,0.0,4145.0,4481116.0,0.35,-0.0
33942.0,231255863.0,3.0,355.96,0.0,187.0,0.0,35.0,0.0,0.0,4145.0,4481116.0,0.35,-0.0
33943.0,231265863.0,3.0,356.04,0.0,2766.0,0.0,35.0,2.0,0.0,4147.0,4481316.0,0.35,0.0
33944.0,231275863.0,3.0,356.04,0.0,187.0,0.0,35.0,0.0,0.0,4147.0,4481316.0,0.35,0.0
33945.0,231285863.0,3.0,355.96,0.0,2766.0,0.0,35.0,2.0,0.0,4149.0,4481516.0,0.35,-0.0
33946.0,231295863.0,3.0,355.96,0.0,187.0,0.0,35.0,0.0,0.0,4149.0,4481516.0,0.35,-0.0
33947.0,231305863.0,3.0,355.96,0.0,1476.0,0.0,35.0,1.0,0.0,4150.0,4481616.0,0.35,0.0
33948.0,231315863.0,3.0,355.96,0.0,1476.0,0.0,35.0,1.0,0.0,4151.0,4481716.0,0.35,0.0
33949.0,231325863.0,3.0,355.96,0.0,2766.0,0.0,35.0,2.0,0.0,4153.0,4481916.0,0.35,0.0
33950.0,231335863.0,3.0,355.96,0.0,187.0,0.0,35.0,0.0,0.0,4153.0,4481916.0,0.35,0.0
33951.0,231345863.0,3.0,355.96,0.0,2766.0,0.0,35.0,2.0,0.0,4155.0,4482116.0,0.35,0.0
33952.0,231355863.0,3.0,356.04,0.0,187.0,0.0,35.0,0.0,0.0,4155.0,4482116.0,0.35,0.0
33953.0,231365863.0,3.0,355.96,0.0,2766.0,0.0,35.0,2.0,0.0,4157.0,4482316.0,0.35,0.0
33954.0,231375863.0,3.0,356.04,0.0,187.0,0.0,35.0,0.0,0.0,4157.0,4482316.0,0.35,0.0
33955.0,231385863.0,3.0,355.96,0.0,1476.0,0.0,35.0,1.0,0.0,4158.0,4482416.0,0.35,0.0
33956.0,231395863.0,3.0,355.96,0.0,1476.0,0.0,35.0,1.0,0.0,4159.0,4482516.0,0.35,0.0
33957.0,231405863.0,3.0,355.96,0.0,2766.0,0.0,35.0,2.0,0.0,4161.0,4482716.0,0.35,0.0
33958.0,231415863.0,3.0,355.96,0.0,187.0,0.0,35.0,0.0,0.0,4161.0,4482716.0,0.35,0.0
33959.0,231425863.0,3.0,355.87,0.0,2766.0,0.0,35.0,2.0,0.0,4163.0,4482916.0,0.35,0.0
33960.0,231435863.0,3.0,355.96,0.0,187.0,0.0,35.0,0.0,0.0,4163.0,4482916.0,0.35,0.0
33961.0,231445863.0,3.0,355.96,0.0,2766.0,0.0,35.0,2.0,0.0,4165.0,4483116.0,0.35,0.0
33962.0,231455863.0,3.0,356.04,0.0,187.0,0.0,35.0,0.0,0.0,4165.0,4483116.0,0.35,0.0
33963.0,231465863.0,3.0,355.96,0.0,1476.0,0.0,35.0,1.0,0.0,4166.0,4483216.0,0.35,0.0
33964.0,231475863.0,3.0,356.04,0.0,1476.0,0.0,35.0,1.0,0.0,4167.0,4483316.0,0.35,0.0
33965.0,231485863.0,3.0,355.87,0.0,2766.0,0.0,35.0,2.0,0.0,4169.0,4483516.0,0.35,-0.0
33966.0,231495863.0,3.0,356.04,0.0,187.0,0.0,35.0,0.0,0.0,4169.0,4483516.0,0.35,-0.0
33967.0,231505863.0,3.0,355.96,0.0,2766.0,0.0,35.0,2.0,0.0,4171.0,4483716.0,0.35,0.0
33968.0,231515863.0,3.0,355.96,0.0,187.0,0.0,35.0,0.0,0.0,4171.0,4483716.0,0.35,0.0
33969.0,231525863.0,3.0,355.96,0.0,2766.0,0.0,35.0,2.0,0.0,4173.0,4483916.0,0.35,0.0
33970.0,231535863.0,3.0,355.96,0.0,187.0,0.0,35.0,0.0,0.0,4173.0,4483916.0,0.35,0.0
33971.0,231545863.0,3.0,356.04,0.0,1476.0,0.0,35.0,1.0,0.0,4174.0,4484016.0,0.35,0.0
33972.0,231555863.0,3.0,355.96,0.0,1476.0,0.0,35.0,1.0,0.0,4175.0,4484116.0,0.35,0.0
33973.0,231565863.0,3.0,356.04,0.0,2766.0,0.0,35.0,2.0,0.0,4177.0,4484316.0,0.35,0.0
33974.0,231575863.0,3.0,356.04,0.0,187.0,0.0,35.0,0.0,0.0,4177.0,4484316.0,0.35,0.0
33975.0,231585863.0,3.0,355.96,0.0,2766.0,0.0,35.0,2.0,0.0,4179.0,4484516.0,0.35,0.0
33976.0,231595863.0,3.0,356.04,0.0,187.0,0.0,35.0,0.0,0.0,4179.0,4484516.0,0.35,0.0
33977.0,231605863.0,3.0,355.96,0.0,2766.0,0.0,35.0,2.0,0.0,4181.0,4484716.0,0.35,0.0
33978.0,231615863.0,3.0,355.96,0.0,187.0,0.0,35.0,0.0,0.0,4181.0,4484716.0,0.35,0.0
33979.0,231625863.0,3.0,355.87,0.0,1476.0,0.0,35.0,1.0,0.0,4182.0,4484816.0,0.35,-0.0
33980.0,231635863.0,3.0,355.87,0.0,1476.0,0.0,35.0,1.0,0.0,4183.0,4484916.0,0.35,-0.0
33981.0,231645863.0,3.0,355.87,0.0,2766.0,0.0,35.0,2.0,0.0,4185.0,4485116.0,0.35,-0.0
33982.0,231655863.0,3.0,355.96,0.0,187.0,0.0,35.0,0.0,0.0,4185.0,4485116.0,0.35,-0.0
33983.0,231665863.0,3.0,355.96,0.0,2766.0,0.0,35.0,2.0,0.0,4187.0,4485316.0,0.35,0.0
33984.0,231675863.0,3.0,355.87,0.0,187.0,0.0,35.0,0.0,0.0,4187.0,4485316.0,0.35,0.0
33985.0,231685863.0,3.0,355.96,0.0,2766.0,0.0,35.0,2.0,0.0,4189.0,4485516.0,0.35,0.0
33986.0,231695863.0,3.0,355.96,0.0,187.0,0.0,35.0,0.0,0.0,4189.0,4485516.0,0.35,0.0
33987.0,231705863.0,3.0,355.96,0.0,1476.0,0.0,35.0,1.0,0.0,4190.0,4485616.0,0.35,0.0
33988.0,231715863.0,3.0,355.87,0.0,1476.0,0.0,35.0,1.0,0.0,4191.0,4485716.0,0.35,0.0
33989.0,231725863.0,3.0,355.87,0.0,2766.0,0.0,35.0,2.0,0.0,4193.0,4485916.0,0.35,0.0
33990.0,231735863.0,3.0,355.96,0.0,187.0,0.0,35.0,0.0,0.0,4193.0,4485916.0,0.35,0.0
33991.0,231745863.0,3.0,355.96,0.0,2766.0,0.0,35.0,2.0,0.0,4195.0,4486116.0,0.35,-0.0
33992.0,231755863.0,3.0,355.96,0.0,187.0,0.0,35.0,0.0,0.0,4195.0,4486116.0,0.35,-0.0
33993.0,231765863.0,3.0,356.13,0.0,2766.0,0.0,35.0,2.0,0.0,4197.0,4486316.0,0.35,0.0
33994.0,231775863.0,3.0,356.04,0.0,187.0,0.0,35.0,0.0,0.0,4197.0,4486316.0,0.35,0.0
33995.0,231785863.0,3.0,356.04,0.0,1476.0,0.0,35.0,1.0,0.0,4198.0,4486416.0,0.35,-0.0
33996.0,231795863.0,3.0,355.96,0.0,1476.0,0.0,35.0,1.0,0.0,4199.0,4486516.0,0.35,-0.0
33997.0,231805863.0,3.0,355.87,0.0,2766.0,0.0,35.0,2.0,0.0,4201.0,4486716.0,0.35,0.0
33998.0,231815863.0,3.0,355.96,0.0,187.0,0.0,35.0,0.0,0.0,4201.0,4486716.0,0.35,0.0
33999.0,231825863.0,3.0,355.87,0.0,2766.0,0.0,35.0,2.0,0.0,4203.0,4486916.0,0.35,0.0
34000.0,231835863.0,3.0,356.04,0.0,187.0,0.0,35.0,0.0,0.0,4203.0,4486916.0,0.35,0.0
34001.0,231845863.0,3.0,355.96,0.0,2766.0,0.0,35.0,2.0,0.0,4205.0,4487116.0,0.35,0.0
34002.0,231855863.0,3.0,355.96,0.0,187.0,0.0,35.0,0.0,0.0,4205.0,4487116.0,0.35,0.0
34003.0,231865863.0,3.0,355.96,0.0,1476.0,0.0,35.0,1.0,0.0,4206.0,4487216.0,0.35,-0.0
34004.0,231875863.0,3.0,355.96,0.0,1476.0,0.0,35.0,1.0,0.0,4207.0,4487316.0,0.35,0.0
34005.0,231885863.0,3.0,355.96,0.0,2766.0,0.0,35.0,2.0,0.0,4209.0,4487516.0,0.35,0.0
34006.0,231895863.0,3.0,355.96,0.0,187.0,0.0,35.0,0.0,0.0,4209.0,4487516.0,0.35,0.0
34007.0,231905863.0,3.0,355.96,0.0,2766.0,0.0,35.0,2.0,0.0,4211.0,4487716.0,0.35,0.0
34008.0,231915863.0,3.0,355.96,0.0,187.0,0.0,35.0,0.0,0.0,4211.0,4487716.0,0.35,0.0
34009.0,231925863.0,3.0,355.96,0.0,2766.0,0.0,35.0,2.0,0.0,4213.0,4487916.0,0.35,0.0
34010.0,231935863.0,3.0,356.04,0.0,187.0,0.0,35.0,0.0,0.0,4213.0,4487916.0,0.35,0.0
34011.0,231945863.0,3.0,355.96,0.0,1476.0,0.0,35.0,1.0,0.0,4214.0,4488016.0,0.35,0.0
34012.0,231955863.0,3.0,355.96,0.0,1476.0,0.0,35.0,1.0,0.0,4215.0,4488116.0,0.35,0.0
34013.0,231965863.0,3.0,355.96,0.0,2766.0,0.0,35.0,2.0,0.0,4217.0,4488316.0,0.35,-0.0
34014.0,231975863.0,3.0,356.04,0.0,187.0,0.0,35.0,0.0,0.0,4217.0,4488316.0,0.35,-0.0
34015.0,231985863.0,3.0,356.04,0.0,2766.0,0.0,35.0,2.0,0.0,4219.0,4488516.0,0.35,0.0
34016.0,231995863.0,3.0,356.04,0.0,187.0,0.0,35.0,0.0,0.0,4219.0,4488516.0,0.35,0.0
34017.0,232005863.0,3.0,355.96,0.0,2766.0,0.0,35.0,2.0,0.0,4221.0,4488716.0,0.35,0.0
34018.0,232015863.0,3.0,355.87,0.0,187.0,0.0,35.0,0.0,0.0,4221.0,4488716.0,0.35,0.0
34019.0,232025863.0,3.0,355.96,0.0,1476.0,0.0,35.0,1.0,0.0,4222.0,4488816.0,0.35,0.0
34020.0,232035863.0,3.0,355.96,0.0,1476.0,0.0,35.0,1.0,0.0,4223.0,4488916.0,0.35,0.0
34021.0,232045863.0,3.0,356.04,0.0,2766.0,0.0,35.0,2.0,0.0,4225.0,4489116.0,0.35,0.0
34022.0,232055863.0,3.0,355.96,0.0,187.0,0.0,35.0,0.0,0.0,4225.0,4489116.0,0.35,0.0
34023.0,232065863.0,3.0,355.96,0.0,2766.0,0.0,35.0,2.0,0.0,4227.0,4489316.0,0.35,-0.0
34024.0,232075863.0,3.0,355.96,0.0,187.0,0.0,35.0,0.0,0.0,4227.0,4489316.0,0.35,-0.0
34025.0,232085863.0,3.0,355.96,0.0,2766.0,0.0,35.0,2.0,0.0,4229.0,4489516.0,0.35,0.0
34026.0,232095863.0,3.0,355.96,0.0,187.0,0.0,35.0,0.0,0.0,4229.0,4489516.0,0.35,0.0
34027.0,232105863.0,3.0,355.87,0.0,1476.0,0.0,35.0,1.0,0.0,4230.0,4489616.0,0.35,0.0
34028.0,232115863.0,3.0,355.96,0.0,1476.0,0.0,35.0,1.0,0.0,4231.0,4489716.0,0.35,0.0
34029.0,232125863.0,3.0,355.96,0.0,2766.0,0.0,35.0,2.0,0.0,4233.0,4489916.0,0.35,0.0
34030.0,232135863.0,3.0,356.04,0.0,187.0,0.0,35.0,0.0,0.0,4233.0,4489916.0,0.35,0.0
34031.0,232145863.0,3.0,355.96,0.0,1476.0,0.0,35.0,1.0,0.0,4234.0,4490016.0,0.35,0.0
34032.0,232155863.0,3.0,355.96,0.0,2766.0,0.0,35.0,2.0,0.0,4236.0,4490216.0,0.35,-0.0
34033.0,232165863.0,3.0,355.96,0.0,187.0,0.0,35.0,0.0,0.0,4236.0,4490216.0,0.35,-0.0
34034.0,232175863.0,3.0,356.04,0.0,2766.0,0.0,35.0,2.0,0.0,4238.0,4490416.0,0.35,0.0
34035.0,232185863.0,3.0,355.96,0.0,187.0,0.0,35.0,0.0,0.0,4238.0,4490416.0,0.35,0.0
34036.0,232195863.0,3.0,355.96,0.0,1476.0,0.0,35.0,1.0,0.0,4239.0,4490516.0,0.35,-0.0
34037.0,232205863.0,3.0,355.96,0.0,2766.0,0.0,35.0,2.0,0.0,4241.0,4490716.0,0.35,-0.0
34038.0,232215863.0,3.0,356.04,0.0,187.0,0.0,35.0,0.0,0.0,4241.0,4490716.0,0.35,-0.0
34039.0,232225863.0,3.0,355.96,0.0,2766.0,0.0,35.0,2.0,0.0,4243.0,4490916.0,0.35,0.0
34040.0,232235863.0,3.0,355.96,0.0,187.0,0.0,35.0,0.0,0.0,4243.0,4490916.0,0.35,0.0
34041.0,232245863.0,3.0,355.96,0.0,2766.0,0.0,35.0,2.0,0.0,4245.0,4491116.0,0.35,0.0
34042.0,232255863.0,3.0,355.96,0.0,187.0,0.0,35.0,0.0,0.0,4245.0,4491116.0,0.35,0.0
34043.0,232265863.0,3.0,356.04,0.0,1476.0,0.0,35.0,1.0,0.0,4246.0,4491216.0,0.35,-0.0
34044.0,232275863.0,3.0,355.87,0.0,1476.0,0.0,35.0,1.0,0.0,4247.0,4491316.0,0.35,0.0
34045.0,232285863.0,3.0,355.96,0.0,2766.0,0.0,35.0,2.0,0.0,4249.0,4491516.0,0.35,0.0
34046.0,232295863.0,3.0,356.04,0.0,187.0,0.0,35.0,0.0,0.0,4249.0,4491516.0,0.35,0.0
34047.0,232305863.0,3.0,355.87,0.0,2766.0,0.0,35.0,2.0,0.0,4251.0,4491716.0,0.35,0.0
34048.0,232315863.0,3.0,355.96,0.0,187.0,0.0,35.0,0.0,0.0,4251.0,4491716.0,0.35,0.0
34049.0,232325863.0,3.0,355.96,0.0,2766.0,0.0,35.0,2.0,0.0,4253.0,4491916.0,0.35,-0.0
34050.0,232335863.0,3.0,355.96,0.0,187.0,0.0,35.0,0.0,0.0,4253.0,4491916.0,0.35,-0.0
34051.0,232345863.0,3.0,355.96,0.0,1476.0,0.0,35.0,1.0,0.0,4254.0,4492016.0,0.35,0.0
34052.0,232355863.0,3.0,355.96,0.0,1476.0,0.0,35.0,1.0,0.0,4255.0,4492116.0,0.35,0.0
34053.0,232365863.0,3.0,355.96,0.0,2766.0,0.0,35.0,2.0,0.0,4257.0,4492316.0,0.35,0.0
34054.0,232375863.0,3.0,356.04,0.0,187.0,0.0,35.0,0.0,0.0,4257.0,4492316.0,0.35,0.0
34055.0,232385863.0,3.0,355.96,0.0,2766.0,0.0,35.0,2.0,0.0,4259.0,4492516.0,0.35,-0.0
34056.0,232395863.0,3.0,355.87,0.0,187.0,0.0,35.0,0.0,0.0,4259.0,4492516.0,0.35,-0.0
34057.0,232405863.0,3.0,356.04,0.0,2766.0,0.0,35.0,2.0,0.0,4261.0,4492716.0,0.35,0.0
34058.0,232415863.0,3.0,356.04,0.0,187.0,0.0,35.0,0.0,0.0,4261.0,4492716.0,0.35,0.0
34059.0,232425863.0,3.0,355.96,0.0,1476.0,0.0,35.0,1.0,0.0,4262.0,4492816.0,0.35,0.1
34060.0,232435863.0,3.0,355.96,0.0,1476.0,0.0,35.0,1.0,0.0,4263.0,4492916.0,0.35,0.0
34061.0,232445863.0,3.0,355.96,0.0,2766.0,0.0,35.0,2.0,0.0,4265.0,4493116.0,0.35,-0.0
34062.0,232455863.0,3.0,356.04,0.0,187.0,0.0,35.0,0.0,0.0,4265.0,4493116.0,0.35,-0.0
34063.0,232465863.0,3.0,355.96,0.0,2766.0,0.0,35.0,2.0,0.0,4267.0,4493316.0,0.35,0.0
34064.0,232475863.0,3.0,355.87,0.0,187.0,0.0,35.0,0.0,0.0,4267.0,4493316.0,0.35,0.0
34065.0,232485863.0,3.0,356.04,0.0,2766.0,0.0,35.0,2.0,0.0,4269.0,4493516.0,0.35,-0.0
34066.0,232495863.0,3.0,355.96,0.0,187.0,0.0,35.0,0.0,0.0,4269.0,4493516.0,0.35,-0.0
34067.0,232505863.0,3.0,356.04,0.0,1476.0,0.0,35.0,1.0,0.0,4270.0,4493616.0,0.35,0.0
34068.0,232515863.0,3.0,356.04,0.0,1476.0,0.0,35.0,1.0,0.0,4271.0,4493716.0,0.35,0.0
34069.0,232525863.0,3.0,355.96,0.0,2766.0,0.0,35.0,2.0,0.0,4273.0,4493916.0,0.35,0.0
34070.0,232535863.0,3.0,355.96,0.0,187.0,0.0,35.0,0.0,0.0,4273.0,4493916.0,0.35,0.0
34071.0,232545863.0,3.0,356.04,0.0,1476.0,0.0,35.0,1.0,0.0,4274.0,4494016.0,0.35,-0.0
34072.0,232555863.0,3.0,355.96,0.0,2766.0,0.0,35.0,2.0,0.0,4276.0,4494216.0,0.35,0.0
34073.0,232565863.0,3.0,355.96,0.0,187.0,0.0,35.0,0.0,0.0,4276.0,4494216.0,0.35,0.0
34074.0,232575863.0,3.0,355.96,0.0,2766.0,0.0,35.0,2.0,0.0,4278.0,4494416.0,0.35,0.0
34075.0,232585863.0,3.0,356.04,0.0,187.0,0.0,35.0,0.0,0.0,4278.0,4494416.0,0.35,0.0
34076.0,232595863.0,3.0,355.96,0.0,1476.0,0.0,35.0,1.0,0.0,4279.0,4494516.0,0.35,-0.0
34077.0,232605863.0,3.0,355.96,0.0,1476.0,0.0,35.0,1.0,0.0,4280.0,4494616.0,0.35,-0.0
34078.0,232615863.0,3.0,355.87,0.0,2766.0,0.0,35.0,2.0,0.0,4282.0,4494816.0,0.35,0.0
34079.0,232625863.0,3.0,355.96,0.0,187.0,0.0,35.0,0.0,0.0,4282.0,4494816.0,0.35,0.0
34080.0,232635863.0,3.0,355.96,0.0,2766.0,0.0,35.0,2.0,0.0,4284.0,4495016.0,0.35,0.0
34081.0,232645863.0,3.0,355.96,0.0,187.0,0.0,35.0,0.0,0.0,4284.0,4495016.0,0.35,0.0
34082.0,232655863.0,3.0,355.96,0.0,2766.0,0.0,35.0,2.0,0.0,4286.0,4495216.0,0.35,-0.0
34083.0,232665863.0,3.0,355.96,0.0,187.0,0.0,35.0,0.0,0.0,4286.0,4495216.0,0.35,-0.0
34084.0,232675863.0,3.0,355.96,0.0,1476.0,0.0,35.0,1.0,0.0,4287.0,4495316.0,0.35,-0.0
34085.0,232685863.0,3.0,355.96,0.0,1476.0,0.0,35.0,1.0,0.0,4288.0,4495416.0,0.35,0.0
34086.0,232695863.0,3.0,356.04,0.0,2766.0,0.0,35.0,2.0,0.0,4290.0,4495616.0,0.35,0.0
34087.0,232705863.0,3.0,355.96,0.0,187.0,0.0,35.0,0.0,0.0,4290.0,4495616.0,0.35,0.0
34088.0,232715863.0,3.0,355.96,0.0,2766.0,0.0,35.0,2.0,0.0,4292.0,4495816.0,0.35,-0.0
34089.0,232725863.0,3.0,355.87,0.0,187.0,0.0,35.0,0.0,0.0,4292.0,4495816.0,0.35,-0.0
34090.0,232735863.0,3.0,356.04,0.0,2766.0,0.0,35.0,2.0,0.0,4294.0,4496016.0,0.35,-0.0
34091.0,232745863.0,3.0,355.96,0.0,187.0,0.0,35.0,0.0,0.0,4294.0,4496016.0,0.35,-0.0
34092.0,232755863.0,3.0,355.96,0.0,1476.0,0.0,35.0,1.0,0.0,4295.0,4496116.0,0.35,-0.0
34093.0,232765863.0,3.0,356.04,0.0,1476.0,0.0,35.0,1.0,0.0,4296.0,4496216.0,0.35,-0.0
34094.0,232775863.0,3.0,356.04,0.0,2766.0,0.0,35.0,2.0,0.0,4298.0,4496416.0,0.35,-0.0
34095.0,232785863.0,3.0,355.87,0.0,187.0,0.0,35.0,0.0,0.0,4298.0,4496416.0,0.35,-0.0
34096.0,232795863.0,3.0,355.96,0.0,2766.0,0.0,35.0,2.0,0.0,4300.0,4496616.0,0.35,0.0
34097.0,232805863.0,3.0,355.96,0.0,187.0,0.0,35.0,0.0,0.0,4300.0,4496616.0,0.35,0.0
34098.0,232815863.0,3.0,356.04,0.0,2766.0,0.0,35.0,2.0,0.0,4302.0,4496816.0,0.35,0.0
34099.0,232825863.0,3.0,356.04,0.0,187.0,0.0,35.0,0.0,0.0,4302.0,4496816.0,0.35,0.0
34100.0,232835863.0,3.0,355.87,0.0,1476.0,0.0,35.0,1.0,0.0,4303.0,4496916.0,0.35,-0.0
34101.0,232845863.0,3.0,355.96,0.0,1476.0,0.0,35.0,1.0,0.0,4304.0,4497016.0,0.35,-0.0
34102.0,232855863.0,3.0,355.96,0.0,2766.0,0.0,35.0,2.0,0.0,4306.0,4497216.0,0.35,-0.0
34103.0,232865863.0,3.0,355.96,0.0,187.0,0.0,35.0,0.0,0.0,4306.0,4497216.0,0.35,-0.0
34104.0,232875863.0,3.0,355.96,0.0,2766.0,0.0,35.0,2.0,0.0,4308.0,4497416.0,0.35,0.0
34105.0,232885863.0,3.0,356.04,0.0,187.0,0.0,35.0,0.0,0.0,4308.0,4497416.0,0.35,0.0
34106.0,232895863.0,3.0,355.96,0.0,2766.0,0.0,35.0,2.0,0.0,4310.0,4497616.0,0.35,-0.0
34107.0,232905863.0,3.0,356.13,0.0,187.0,0.0,35.0,0.0,0.0,4310.0,4497616.0,0.35,-0.0
34108.0,232915863.0,3.0,355.96,0.0,1476.0,0.0,35.0,1.0,0.0,4311.0,4497716.0,0.35,-0.0
34109.0,232925863.0,3.0,355.96,0.0,1476.0,0.0,35.0,1.0,0.0,4312.0,4497816.0,0.35,-0.0
34110.0,232935863.0,3.0,355.96,0.0,2766.0,0.0,35.0,2.0,0.0,4314.0,4498016.0,0.35,-0.0
34111.0,232945863.0,3.0,355.96,0.0,187.0,0.0,35.0,0.0,0.0,4314.0,4498016.0,0.35,-0.0
34112.0,232955863.0,3.0,356.04,0.0,2766.0,0.0,35.0,2.0,0.0,4316.0,4498216.0,0.35,-0.0
34113.0,232965863.0,3.0,355.96,0.0,187.0,0.0,35.0,0.0,0.0,4316.0,4498216.0,0.35,-0.0
34114.0,232975863.0,3.0,355.96,0.0,2766.0,0.0,35.0,2.0,0.0,4318.0,4498416.0,0.35,0.0
34115.0,232985863.0,3.0,355.87,0.0,187.0,0.0,35.0,0.0,0.0,4318.0,4498416.0,0.35,0.0
34116.0,232995863.0,3.0,355.96,0.0,1476.0,0.0,35.0,1.0,0.0,4319.0,4498516.0,0.35,-0.0
34117.0,233005863.0,3.0,355.96,0.0,1476.0,0.0,35.0,1.0,0.0,4320.0,4498616.0,0.35,0.0
34118.0,233015863.0,3.0,355.96,0.0,2766.0,0.0,35.0,2.0,0.0,4322.0,4498816.0,0.35,0.0
34119.0,233025863.0,3.0,355.96,0.0,187.0,0.0,35.0,0.0,0.0,4322.0,4498816.0,0.35,0.0
34120.0,233035863.0,3.0,356.04,0.0,2766.0,0.0,35.0,2.0,0.0,4324.0,4499016.0,0.35,0.0
34121.0,233045863.0,3.0,356.04,0.0,187.0,0.0,35.0,0.0,0.0,4324.0,4499016.0,0.35,0.0
34122.0,233055863.0,3.0,356.04,0.0,2766.0,0.0,35.0,2.0,0.0,4326.0,4499216.0,0.35,-0.0
34123.0,233065863.0,3.0,355.96,0.0,187.0,0.0,35.0,0.0,0.0,4326.0,4499216.0,0.35,-0.0
34124.0,233075863.0,3.0,355.96,0.0,1476.0,0.0,35.0,1.0,0.0,4327.0,4499316.0,0.35,0.0
34125.0,233085863.0,3.0,355.96,0.0,1476.0,0.0,35.0,1.0,0.0,4328.0,4499416.0,0.35,-0.0
34126.0,233095863.0,3.0,356.04,0.0,2766.0,0.0,35.0,2.0,0.0,4330.0,4499616.0,0.35,0.0
34127.0,233105863.0,3.0,355.96,0.0,187.0,0.0,35.0,0.0,0.0,4330.0,4499616.0,0.35,0.0
34128.0,233115863.0,3.0,356.04,0.0,2766.0,0.0,35.0,2.0,0.0,4332.0,4499816.0,0.35,-0.0
34129.0,233125863.0,3.0,355.96,0.0,187.0,0.0,35.0,0.0,0.0,4332.0,4499816.0,0.35,-0.0
34130.0,233135863.0,3.0,356.04,0.0,2766.0,0.0,35.0,2.0,0.0,4334.0,4500016.0,0.35,-0.0
34131.0,233145863.0,3.0,355.96,0.0,187.0,0.0,35.0,0.0,0.0,4334.0,4500016.0,0.35,-0.0
34132.0,233155863.0,3.0,355.96,0.0,1476.0,0.0,35.0,1.0,0.0,4335.0,4500116.0,0.35,-0.0
34133.0,233165863.0,3.0,356.04,0.0,1476.0,0.0,35.0,1.0,0.0,4336.0,4500216.0,0.35,0.0
34134.0,233175863.0,3.0,355.96,0.0,2766.0,0.0,35.0,2.0,0.0,4338.0,4500416.0,0.35,0.0
34135.0,233185863.0,3.0,355.96,0.0,187.0,0.0,35.0,0.0,0.0,4338.0,4500416.0,0.35,0.0
34136.0,233195863.0,3.0,355.96,0.0,2766.0,0.0,35.0,2.0,0.0,4340.0,4500616.0,0.35,0.0
34137.0,233205863.0,3.0,355.96,0.0,187.0,0.0,35.0,0.0,0.0,4340.0,4500616.0,0.35,0.0
34138.0,233215863.0,3.0,355.96,0.0,2766.0,0.0,35.0,2.0,0.0,4342.0,4500816.0,0.35,0.0
34139.0,233225863.0,3.0,355.87,0.0,187.0,0.0,35.0,0.0,0.0,4342.0,4500816.0,0.35,0.0
34140.0,233235863.0,3.0,355.96,0.0,1476.0,0.0,35.0,1.0,0.0,4343.0,4500916.0,0.35,0.0
34141.0,233245863.0,3.0,355.96,0.0,1476.0,0.0,35.0,1.0,0.0,4344.0,4501016.0,0.35,0.0
34142.0,233255863.0,3.0,355.96,0.0,2766.0,0.0,35.0,2.0,0.0,4346.0,4501216.0,0.35,-0.0
34143.0,233265863.0,3.0,355.96,0.0,187.0,0.0,35.0,0.0,0.0,4346.0,4501216.0,0.35,-0.0
34144.0,233275863.0,3.0,355.96,0.0,2766.0,0.0,35.0,2.0,0.0,4348.0,4501416.0,0.35,0.0
34145.0,233285863.0,3.0,355.96,0.0,187.0,0.0,35.0,0.0,0.0,4348.0,4501416.0,0.35,0.0
34146.0,233295863.0,3.0,355.96,0.0,2766.0,0.0,35.0,2.0,0.0,4350.0,4501616.0,0.35,0.1
34147.0,233305863.0,3.0,355.87,0.0,187.0,0.0,35.0,0.0,0.0,4350.0,4501616.0,0.35,0.1
34148.0,233315863.0,3.0,356.04,0.0,1476.0,0.0,35.0,1.0,0.0,4351.0,4501716.0,0.35,0.1
34149.0,233325863.0,3.0,355.87,0.0,1476.0,0.0,35.0,1.0,0.0,4352.0,4501816.0,0.35,0.0
34150.0,233335863.0,3.0,356.04,0.0,2766.0,0.0,35.0,2.0,0.0,4354.0,4502016.0,0.35,0.0
34151.0,233345863.0,3.0,355.96,0.0,187.0,0.0,35.0,0.0,0.0,4354.0,4502016.0,0.35,0.0
34152.0,233355863.0,3.0,355.96,0.0,2766.0,0.0,35.0,2.0,0.0,4356.0,4502216.0,0.35,-0.0
34153.0,233365863.0,3.0,356.04,0.0,187.0,0.0,35.0,0.0,0.0,4356.0,4502216.0,0.35,-0.0
34154.0,233375863.0,3.0,355.96,0.0,2766.0,0.0,35.0,2.0,0.0,4358.0,4502416.0,0.35,0.0
34155.0,233385863.0,3.0,355.96,0.0,187.0,0.0,35.0,0.0,0.0,4358.0,4502416.0,0.35,0.0
34156.0,233395863.0,3.0,355.96,0.0,1476.0,0.0,35.0,1.0,0.0,4359.0,4502516.0,0.35,0.0
34157.0,233405863.0,3.0,356.04,0.0,1476.0,0.0,35.0,1.0,0.0,4360.0,4502616.0,0.35,0.0
34158.0,233415863.0,3.0,355.87,0.0,2766.0,0.0,35.0,2.0,0.0,4362.0,4502816.0,0.35,-0.0
34159.0,233425863.0,3.0,356.04,0.0,187.0,0.0,35.0,0.0,0.0,4362.0,4502816.0,0.35,-0.0
34160.0,233435863.0,3.0,356.04,0.0,1476.0,0.0,35.0,1.0,0.0,4363.0,4502916.0,0.35,0.0
34161.0,233445863.0,3.0,356.04,0.0,2766.0,0.0,35.0,2.0,0.0,4365.0,4503116.0,0.35,0.0
34162.0,233455863.0,3.0,355.87,0.0,187.0,0.0,35.0,0.0,0.0,4365.0,4503116.0,0.35,0.0
34163.0,233465863.0,3.0,355.96,0.0,2766.0,0.0,35.0,2.0,0.0,4367.0,4503316.0,0.35,-0.0
34164.0,233475863.0,3.0,356.04,0.0,187.0,0.0,35.0,0.0,0.0,4367.0,4503316.0,0.35,-0.0
34165.0,233485863.0,3.0,356.04,0.0,1476.0,0.0,35.0,1.0,0.0,4368.0,4503416.0,0.35,0.0
34166.0,233495863.0,3.0,356.04,0.0,2766.0,0.0,35.0,2.0,0.0,4370.0,4503616.0,0.35,0.0
34167.0,233505863.0,3.0,355.96,0.0,187.0,0.0,35.0,0.0,0.0,4370.0,4503616.0,0.35,0.0
34168.0,233515863.0,3.0,355.96,0.0,2766.0,0.0,35.0,2.0,0.0,4372.0,4503816.0,0.35,0.0
34169.0,233525863.0,3.0,355.96,0.0,187.0,0.0,35.0,0.0,0.0,4372.0,4503816.0,0.35,0.0
34170.0,233535863.0,3.0,356.04,0.0,2766.0,0.0,35.0,2.0,0.0,4374.0,4504016.0,0.35,0.0
34171.0,233545863.0,3.0,355.96,0.0,187.0,0.0,35.0,0.0,0.0,4374.0,4504016.0,0.35,0.0
34172.0,233555863.0,3.0,356.04,0.0,1476.0,0.0,35.0,1.0,0.0,4375.0,4504116.0,0.35,0.0
34173.0,233565863.0,3.0,355.96,0.0,1476.0,0.0,35.0,1.0,0.0,4376.0,4504216.0,0.35,0.0
34174.0,233575863.0,3.0,355.96,0.0,2766.0,0.0,35.0,2.0,0.0,4378.0,4504416.0,0.35,0.0
34175.0,233585863.0,3.0,356.04,0.0,187.0,0.0,35.0,0.0,0.0,4378.0,4504416.0,0.35,0.0
34176.0,233595863.0,3.0,355.96,0.0,2766.0,0.0,35.0,2.0,0.0,4380.0,4504616.0,0.35,0.0
34177.0,233605863.0,3.0,355.96,0.0,187.0,0.0,35.0,0.0,0.0,4380.0,4504616.0,0.35,0.0
34178.0,233615863.0,3.0,355.96,0.0,2766.0,0.0,35.0,2.0,0.0,4382.0,4504816.0,0.35,0.0
34179.0,233625863.0,3.0,355.96,0.0,187.0,0.0,35.0,0.0,0.0,4382.0,4504816.0,0.35,0.0
34180.0,233635863.0,3.0,355.96,0.0,1476.0,0.0,35.0,1.0,0.0,4383.0,4504916.0,0.35,0.0
34181.0,233645863.0,3.0,355.96,0.0,1476.0,0.0,35.0,1.0,0.0,4384.0,4505016.0,0.36,0.0
34182.0,233655863.0,3.0,355.96,0.0,2766.0,0.0,35.0,2.0,0.0,4386.0,4505216.0,0.36,0.0
34183.0,233665863.0,3.0,355.87,0.0,187.0,0.0,35.0,0.0,0.0,4386.0,4505216.0,0.36,0.0
34184.0,233675863.0,3.0,355.96,0.0,2766.0,0.0,35.0,2.0,0.0,4388.0,4505416.0,0.36,-0.0
34185.0,233685863.0,3.0,356.04,0.0,187.0,0.0,35.0,0.0,0.0,4388.0,4505416.0,0.36,-0.0
34186.0,233695863.0,3.0,355.96,0.0,2766.0,0.0,35.0,2.0,0.0,4390.0,4505616.0,0.36,0.0
34187.0,233705863.0,3.0,355.96,0.0,187.0,0.0,35.0,0.0,0.0,4390.0,4505616.0,0.36,0.0
34188.0,233715863.0,3.0,355.96,0.0,1476.0,0.0,35.0,1.0,0.0,4391.0,4505716.0,0.35,-0.0
34189.0,233725863.0,3.0,355.96,0.0,1476.0,0.0,35.0,1.0,0.0,4392.0,4505816.0,0.35,0.0
34190.0,233735863.0,3.0,355.96,0.0,2766.0,0.0,35.0,2.0,0.0,4394.0,4506016.0,0.36,0.0
34191.0,233745863.0,3.0,355.96,0.0,187.0,0.0,35.0,0.0,0.0,4394.0,4506016.0,0.36,0.0
34192.0,233755863.0,3.0,355.96,0.0,2766.0,0.0,35.0,2.0,0.0,4396.0,4506216.0,0.36,0.0
34193.0,233765863.0,3.0,356.04,0.0,187.0,0.0,35.0,0.0,0.0,4396.0,4506216.0,0.36,0.0
34194.0,233775863.0,3.0,356.04,0.0,2766.0,0.0,35.0,2.0,0.0,4398.0,4506416.0,0.35,-0.0
34195.0,233785863.0,3.0,355.87,0.0,187.0,0.0,35.0,0.0,0.0,4398.0,4506416.0,0.35,-0.0
34196.0,233795863.0,3.0,355.96,0.0,1476.0,0.0,35.0,1.0,0.0,4399.0,4506516.0,0.35,-0.0
34197.0,233805863.0,3.0,355.96,0.0,1476.0,0.0,35.0,1.0,0.0,4400.0,4506616.0,0.35,-0.0
34198.0,233815863.0,3.0,355.96,0.0,2766.0,0.0,35.0,2.0,0.0,4402.0,4506816.0,0.35,0.0
34199.0,233825863.0,3.0,355.87,0.0,187.0,0.0,35.0,0.0,0.0,4402.0,4506816.0,0.35,0.0
34200.0,233835863.0,3.0,355.96,0.0,1476.0,0.0,35.0,1.0,0.0,4403.0,4506916.0,0.36,0.0
34201.0,233845863.0,3.0,356.04,0.0,2766.0,0.0,35.0,2.0,0.0,4405.0,4507116.0,0.36,0.0
34202.0,233855863.0,3.0,355.96,0.0,187.0,0.0,35.0,0.0,0.0,4405.0,4507116.0,0.36,0.0
34203.0,233865863.0,3.0,356.04,0.0,2766.0,0.0,35.0,2.0,0.0,4407.0,4507316.0,0.36,0.0
34204.0,233875863.0,3.0,355.87,0.0,187.0,0.0,35.0,0.0,0.0,4407.0,4507316.0,0.36,0.0
34205.0,233885863.0,3.0,355.96,0.0,1476.0,0.0,35.0,1.0,0.0,4408.0,4507416.0,0.36,0.0
34206.0,233895863.0,3.0,355.96,0.0,2766.0,0.0,35.0,2.0,0.0,4410.0,4507616.0,0.36,-0.0
34207.0,233905863.0,3.0,355.96,0.0,187.0,0.0,35.0,0.0,0.0,4410.0,4507616.0,0.36,-0.0
34208.0,233915863.0,3.0,355.96,0.0,1476.0,0.0,35.0,1.0,0.0,4411.0,4507716.0,0.36,0.0
34209.0,233925863.0,3.0,355.87,0.0,2766.0,0.0,35.0,2.0,0.0,4413.0,4507916.0,0.36,0.0
34210.0,233935863.0,3.0,355.96,0.0,187.0,0.0,35.0,0.0,0.0,4413.0,4507916.0,0.36,0.0
34211.0,233945863.0,3.0,356.04,0.0,2766.0,0.0,35.0,2.0,0.0,4415.0,4508116.0,0.36,0.0
34212.0,233955863.0,3.0,355.96,0.0,187.0,0.0,35.0,0.0,0.0,4415.0,4508116.0,0.36,0.0
34213.0,233965863.0,3.0,355.96,0.0,1476.0,0.0,35.0,1.0,0.0,4416.0,4508216.0,0.36,0.0
34214.0,233975863.0,3.0,355.96,0.0,2766.0,0.0,35.0,2.0,0.0,4418.0,4508416.0,0.35,-0.1
34215.0,233985863.0,3.0,356.04,0.0,187.0,0.0,35.0,0.0,0.0,4418.0,4508416.0,0.35,-0.1
34216.0,233995863.0,3.0,355.96,0.0,1476.0,0.0,35.0,1.0,0.0,4419.0,4508516.0,0.35,-0.1
34217.0,234005863.0,3.0,355.96,0.0,2766.0,0.0,35.0,2.0,0.0,4421.0,4508716.0,0.35,0.1
34218.0,234015863.0,3.0,355.87,0.0,187.0,0.0,35.0,0.0,0.0,4421.0,4508716.0,0.35,0.1
34219.0,234025863.0,3.0,355.87,0.0,2766.0,0.0,35.0,2.0,0.0,4423.0,4508916.0,0.35,-0.1
34220.0,234035863.0,3.0,356.04,0.0,187.0,0.0,35.0,0.0,0.0,4423.0,4508916.0,0.35,-0.1
34221.0,234045863.0,3.0,356.04,0.0,1476.0,0.0,35.0,1.0,0.0,4424.0,4509016.0,0.35,0.1
34222.0,234055863.0,3.0,355.96,0.0,2766.0,0.0,35.0,2.0,0.0,4426.0,4509216.0,0.36,0.0
34223.0,234065863.0,3.0,356.04,0.0,187.0,0.0,35.0,0.0,0.0,4426.0,4509216.0,0.36,0.0
34224.0,234075863.0,3.0,355.96,0.0,1476.0,0.0,35.0,1.0,0.0,4427.0,4509316.0,0.36,-0.1
34225.0,234085863.0,3.0,355.96,0.0,2766.0,0.0,35.0,2.0,0.0,4429.0,4509516.0,0.35,0.1
34226.0,234095863.0,3.0,355.96,0.0,187.0,0.0,35.0,0.0,0.0,4429.0,4509516.0,0.35,0.1
34227.0,234105863.0,3.0,355.96,0.0,2766.0,0.0,35.0,2.0,0.0,4431.0,4509716.0,0.36,0.2
34228.0,234115863.0,3.0,355.96,0.0,187.0,0.0,35.0,0.0,0.0,4431.0,4509716.0,0.36,0.2
34229.0,234125863.0,3.0,355.96,0.0,1476.0,0.0,35.0,1.0,0.0,4432.0,4509816.0,0.36,0.1
34230.0,234135863.0,3.0,356.04,0.0,2766.0,0.0,35.0,2.0,0.0,4434.0,4510016.0,0.36,-0.0
34231.0,234145863.0,3.0,355.96,0.0,187.0,0.0,35.0,0.0,0.0,4434.0,4510016.0,0.36,-0.0
34232.0,234155863.0,3.0,355.96,0.0,2766.0,0.0,35.0,2.0,0.0,4436.0,4510216.0,0.35,-0.0
34233.0,234165863.0,3.0,355.96,0.0,187.0,0.0,35.0,0.0,0.0,4436.0,4510216.0,0.35,-0.0
34234.0,234175863.0,3.0,355.96,0.0,2766.0,0.0,35.0,2.0,0.0,4438.0,4510416.0,0.36,0.0
34235.0,234185863.0,3.0,355.96,0.0,187.0,0.0,35.0,0.0,0.0,4438.0,4510416.0,0.36,0.0
34236.0,234195863.0,3.0,356.13,0.0,2766.0,0.0,35.0,2.0,0.0,4440.0,4510616.0,0.36,0.0
34237.0,234205863.0,3.0,355.96,0.0,187.0,0.0,35.0,0.0,0.0,4440.0,4510616.0,0.36,0.0
34238.0,234215863.0,3.0,355.96,0.0,2766.0,0.0,35.0,2.0,0.0,4442.0,4510816.0,0.36,0.0
34239.0,234225863.0,3.0,355.96,0.0,187.0,0.0,35.0,0.0,0.0,4442.0,4510816.0,0.36,0.0
34240.0,234235863.0,3.0,355.96,0.0,2766.0,0.0,35.0,2.0,0.0,4444.0,4511016.0,0.36,-0.1
34241.0,234245863.0,3.0,355.96,0.0,187.0,0.0,35.0,0.0,0.0,4444.0,4511016.0,0.36,-0.1
34242.0,234255863.0,3.0,356.04,0.0,2766.0,0.0,35.0,2.0,0.0,4446.0,4511216.0,0.36,0.1
34243.0,234265863.0,3.0,355.87,0.0,187.0,0.0,35.0,0.0,0.0,4446.0,4511216.0,0.36,0.1
34244.0,234275863.0,3.0,355.96,0.0,2766.0,0.0,35.0,2.0,0.0,4448.0,4511416.0,0.36,-0.0
34245.0,234285863.0,3.0,356.04,0.0,187.0,0.0,35.0,0.0,0.0,4448.0,4511416.0,0.36,-0.0
34246.0,234295863.0,3.0,355.96,0.0,2766.0,0.0,35.0,2.0,0.0,4450.0,4511616.0,0.36,0.0
34247.0,234305863.0,3.0,355.96,0.0,187.0,0.0,35.0,0.0,0.0,4450.0,4511616.0,0.36,0.0
34248.0,234315863.0,3.0,355.96,0.0,2766.0,0.0,35.0,2.0,0.0,4452.0,4511816.0,0.36,-0.0
34249.0,234325863.0,3.0,355.96,0.0,187.0,0.0,35.0,0.0,0.0,4452.0,4511816.0,0.36,-0.0
34250.0,234335863.0,3.0,355.96,0.0,2766.0,0.0,35.0,2.0,0.0,4454.0,4512016.0,0.35,-0.0
34251.0,234345863.0,3.0,355.96,0.0,187.0,0.0,35.0,0.0,0.0,4454.0,4512016.0,0.35,-0.0
34252.0,234355863.0,3.0,355.96,0.0,2766.0,0.0,35.0,2.0,0.0,4456.0,4512216.0,0.35,-0.0
34253.0,234365863.0,3.0,356.04,0.0,187.0,0.0,35.0,0.0,0.0,4456.0,4512216.0,0.35,-0.0
34254.0,234375863.0,3.0,355.96,0.0,2766.0,0.0,35.0,2.0,0.0,4458.0,4512416.0,0.35,0.0
34255.0,234385863.0,3.0,355.96,0.0,187.0,0.0,35.0,0.0,0.0,4458.0,4512416.0,0.35,0.0
34256.0,234395863.0,3.0,355.96,0.0,2766.0,0.0,35.0,2.0,0.0,4460.0,4512616.0,0.36,0.1
34257.0,234405863.0,3.0,355.96,0.0,187.0,0.0,35.0,0.0,0.0,4460.0,4512616.0,0.36,0.1
34258.0,234415863.0,3.0,355.96,0.0,2766.0,0.0,35.0,2.0,0.0,4462.0,4512816.0,0.35,-0.1
34259.0,234425863.0,3.0,355.96,0.0,187.0,0.0,35.0,0.0,0.0,4462.0,4512816.0,0.35,-0.1
34260.0,234435863.0,3.0,356.04,0.0,2766.0,0.0,35.0,2.0,0.0,4464.0,4513016.0,0.35,-0.1
34261.0,234445863.0,3.0,356.04,0.0,187.0,0.0,35.0,0.0,0.0,4464.0,4513016.0,0.35,-0.1
34262.0,234455863.0,3.0,356.04,0.0,2766.0,0.0,35.0,2.0,0.0,4466.0,4513216.0,0.35,-0.1
34263.0,234465863.0,3.0,355.87,0.0,187.0,0.0,35.0,0.0,0.0,4466.0,4513216.0,0.35,-0.1
34264.0,234475863.0,3.0,355.96,0.0,2766.0,0.0,35.0,2.0,0.0,4468.0,4513416.0,0.35,0.0
34265.0,234485863.0,3.0,355.96,0.0,187.0,0.0,35.0,0.0,0.0,4468.0,4513416.0,0.35,0.0
34266.0,234495863.0,3.0,356.04,0.0,2766.0,0.0,35.0,2.0,0.0,4470.0,4513616.0,0.35,0.0
34267.0,234505863.0,3.0,355.96,0.0,187.0,0.0,35.0,0.0,0.0,4470.0,4513616.0,0.35,0.0
34268.0,234515863.0,3.0,355.87,0.0,2766.0,0.0,35.0,2.0,0.0,4472.0,4513816.0,0.35,-0.1
34269.0,234525863.0,3.0,355.87,0.0,187.0,0.0,35.0,0.0,0.0,4472.0,4513816.0,0.35,-0.1
34270.0,234535863.0,3.0,355.96,0.0,2766.0,0.0,35.0,2.0,0.0,4474.0,4514016.0,0.35,-0.2
34271.0,234545863.0,3.0,355.96,0.0,187.0,0.0,35.0,0.0,0.0,4474.0,4514016.0,0.35,-0.2
34272.0,234555863.0,3.0,355.96,0.0,2766.0,0.0,35.0,2.0,0.0,4476.0,4514216.0,0.34,-0.0
34273.0,234565863.0,3.0,355.96,0.0,187.0,0.0,35.0,0.0,0.0,4476.0,4514216.0,0.34,-0.0
34274.0,234575863.0,3.0,355.96,0.0,2766.0,0.0,35.0,2.0,0.0,4478.0,4514416.0,0.35,0.1
34275.0,234585863.0,3.0,355.96,0.0,187.0,0.0,35.0,0.0,0.0,4478.0,4514416.0,0.35,0.1
34276.0,234595863.0,3.0,356.04,0.0,2766.0,0.0,35.0,2.0,0.0,4480.0,4514616.0,0.35,0.0
34277.0,234605863.0,3.0,356.04,0.0,187.0,0.0,35.0,0.0,0.0,4480.0,4514616.0,0.35,0.0
34278.0,234615863.0,3.0,356.04,0.0,2766.0,0.0,35.0,2.0,0.0,4482.0,4514816.0,0.35,-0.1
34279.0,234625863.0,3.0,355.96,0.0,187.0,0.0,35.0,0.0,0.0,4482.0,4514816.0,0.35,-0.1
34280.0,234635863.0,3.0,355.96,0.0,2766.0,0.0,35.0,2.0,0.0,4484.0,4515016.0,0.35,-0.0
34281.0,234645863.0,3.0,356.13,0.0,187.0,0.0,35.0,0.0,0.0,4484.0,4515016.0,0.35,-0.0
34282.0,234655863.0,3.0,355.96,0.0,2766.0,0.0,35.0,2.0,0.0,4486.0,4515216.0,0.35,0.1
34283.0,234665863.0,3.0,355.96,0.0,187.0,0.0,35.0,0.0,0.0,4486.0,4515216.0,0.35,0.1
34284.0,234675863.0,3.0,355.87,0.0,2766.0,0.0,35.0,2.0,0.0,4488.0,4515416.0,0.35,0.1
34285.0,234685863.0,3.0,356.04,0.0,187.0,0.0,35.0,0.0,0.0,4488.0,4515416.0,0.35,0.1
34286.0,234695863.0,3.0,355.96,0.0,2766.0,0.0,35.0,2.0,0.0,4490.0,4515616.0,0.35,-0.1
34287.0,234705863.0,3.0,355.96,0.0,187.0,0.0,35.0,0.0,0.0,4490.0,4515616.0,0.35,-0.1
34288.0,234715863.0,3.0,355.96,0.0,2766.0,0.0,35.0,2.0,0.0,4492.0,4515816.0,0.35,-0.0
34289.0,234725863.0,3.0,355.96,0.0,187.0,0.0,35.0,0.0,0.0,4492.0,4515816.0,0.35,-0.0
34290.0,234735863.0,3.0,355.96,0.0,2766.0,0.0,35.0,2.0,0.0,4494.0,4516016.0,0.35,0.1
34291.0,234745863.0,3.0,355.96,0.0,187.0,0.0,35.0,0.0,0.0,4494.0,4516016.0,0.35,0.1
34292.0,234755863.0,3.0,356.04,0.0,2766.0,0.0,35.0,2.0,0.0,4496.0,4516216.0,0.35,0.1
34293.0,234765863.0,3.0,355.96,0.0,187.0,0.0,35.0,0.0,0.0,4496.0,4516216.0,0.35,0.1
34294.0,234775863.0,3.0,355.96,0.0,2766.0,0.0,35.0,2.0,0.0,4498.0,4516416.0,0.35,0.0
34295.0,234785863.0,3.0,356.04,0.0,187.0,0.0,35.0,0.0,0.0,4498.0,4516416.0,0.35,0.0
34296.0,234795863.0,3.0,356.04,0.0,2766.0,0.0,35.0,2.0,0.0,4500.0,4516616.0,0.35,-0.1
34297.0,234805863.0,3.0,356.04,0.0,187.0,0.0,35.0,0.0,0.0,4500.0,4516616.0,0.35,-0.1
34298.0,234815863.0,3.0,355.96,0.0,2766.0,0.0,35.0,2.0,0.0,4502.0,4516816.0,0.34,-0.0
34299.0,234825863.0,3.0,355.96,0.0,187.0,0.0,35.0,0.0,0.0,4502.0,4516816.0,0.34,-0.0
34300.0,234835863.0,3.0,355.96,0.0,2766.0,0.0,35.0,2.0,0.0,4504.0,4517016.0,0.35,0.1
34301.0,234845863.0,3.0,355.96,0.0,187.0,0.0,35.0,0.0,0.0,4504.0,4517016.0,0.35,0.1
34302.0,234855863.0,3.0,355.96,0.0,1476.0,0.0,35.0,1.0,0.0,4505.0,4517116.0,0.35,0.1
34303.0,234865863.0,3.0,355.96,0.0,2766.0,0.0,35.0,2.0,0.0,4507.0,4517316.0,0.35,-0.1
34304.0,234875863.0,3.0,355.96,0.0,187.0,0.0,35.0,0.0,0.0,4507.0,4517316.0,0.35,-0.1
34305.0,234885863.0,3.0,356.04,0.0,2766.0,0.0,35.0,2.0,0.0,4509.0,4517516.0,0.35,-0.1
34306.0,234895863.0,3.0,355.96,0.0,187.0,0.0,35.0,0.0,0.0,4509.0,4517516.0,0.35,-0.1
34307.0,234905863.0,3.0,355.87,0.0,2766.0,0.0,35.0,2.0,0.0,4511.0,4517716.0,0.35,-0.1
34308.0,234915863.0,3.0,355.96,0.0,187.0,0.0,35.0,0.0,0.0,4511.0,4517716.0,0.35,-0.1
34309.0,234925863.0,3.0,355.96,0.0,1476.0,0.0,35.0,1.0,0.0,4512.0,4517816.0,0.35,0.1
34310.0,234935863.0,3.0,355.96,0.0,1476.0,0.0,35.0,1.0,0.0,4513.0,4517916.0,0.35,0.1
34311.0,234945863.0,3.0,355.96,0.0,2766.0,0.0,35.0,2.0,0.0,4515.0,4518116.0,0.35,0.1
34312.0,234955863.0,3.0,355.96,0.0,187.0,0.0,35.0,0.0,0.0,4515.0,4518116.0,0.35,0.1
34313.0,234965863.0,3.0,355.96,0.0,2766.0,0.0,35.0,2.0,0.0,4517.0,4518316.0,0.35,-0.1
34314.0,234975863.0,3.0,355.87,0.0,187.0,0.0,35.0,0.0,0.0,4517.0,4518316.0,0.35,-0.1
34315.0,234985863.0,3.0,355.96,0.0,2766.0,0.0,35.0,2.0,0.0,4519.0,4518516.0,0.35,-0.1
34316.0,234995863.0,3.0,355.96,0.0,187.0,0.0,35.0,0.0,0.0,4519.0,4518516.0,0.35,-0.1
34317.0,235005863.0,3.0,355.96,0.0,1476.0,0.0,35.0,1.0,0.0,4520.0,4518616.0,0.35,0.0
34318.0,235015863.0,3.0,355.87,0.0,1476.0,0.0,35.0,1.0,0.0,4521.0,4518716.0,0.35,0.1
34319.0,235025863.0,3.0,355.96,0.0,2766.0,0.0,35.0,2.0,0.0,4523.0,4518916.0,0.35,0.1
34320.0,235035863.0,3.0,355.96,0.0,187.0,0.0,35.0,0.0,0.0,4523.0,4518916.0,0.35,0.1
34321.0,235045863.0,3.0,355.96,0.0,1476.0,0.0,35.0,1.0,0.0,4524.0,4519016.0,0.35,0.0
34322.0,235055863.0,3.0,356.04,0.0,2766.0,0.0,35.0,2.0,0.0,4526.0,4519216.0,0.35,-0.1
34323.0,235065863.0,3.0,355.96,0.0,187.0,0.0,35.0,0.0,0.0,4526.0,4519216.0,0.35,-0.1
34324.0,235075863.0,3.0,355.87,0.0,2766.0,0.0,35.0,2.0,0.0,4528.0,4519416.0,0.34,-0.1
34325.0,235085863.0,3.0,355.96,0.0,187.0,0.0,35.0,0.0,0.0,4528.0,4519416.0,0.34,-0.1
34326.0,235095863.0,3.0,355.96,0.0,1476.0,0.0,35.0,1.0,0.0,4529.0,4519516.0,0.35,0.1
34327.0,235105863.0,3.0,355.96,0.0,2766.0,0.0,35.0,2.0,0.0,4531.0,4519716.0,0.35,0.2
34328.0,235115863.0,3.0,355.96,0.0,187.0,0.0,35.0,0.0,0.0,4531.0,4519716.0,0.35,0.2
34329.0,235125863.0,3.0,355.87,0.0,1476.0,0.0,35.0,1.0,0.0,4532.0,4519816.0,0.35,0.1
34330.0,235135863.0,3.0,356.04,0.0,2766.0,0.0,35.0,2.0,0.0,4534.0,4520016.0,0.35,0.0
34331.0,235145863.0,3.0,355.96,0.0,187.0,0.0,35.0,0.0,0.0,4534.0,4520016.0,0.35,0.0
34332.0,235155863.0,3.0,355.87,0.0,2766.0,0.0,35.0,2.0,0.0,4536.0,4520216.0,0.35,-0.2
34333.0,235165863.0,3.0,355.96,0.0,187.0,0.0,35.0,0.0,0.0,4536.0,4520216.0,0.35,-0.2
34334.0,235175863.0,3.0,355.87,0.0,1476.0,0.0,35.0,1.0,0.0,4537.0,4520316.0,0.35,-0.1
34335.0,235185863.0,3.0,355.96,0.0,2766.0,0.0,35.0,2.0,0.0,4539.0,4520516.0,0.35,0.1
34336.0,235195863.0,3.0,355.96,0.0,187.0,0.0,35.0,0.0,0.0,4539.0,4520516.0,0.35,0.1
34337.0,235205863.0,3.0,355.96,0.0,1476.0,0.0,35.0,1.0,0.0,4540.0,4520616.0,0.35,0.1
34338.0,235215863.0,3.0,355.96,0.0,2766.0,0.0,35.0,2.0,0.0,4542.0,4520816.0,0.35,0.1
34339.0,235225863.0,3.0,355.96,0.0,187.0,0.0,35.0,0.0,0.0,4542.0,4520816.0,0.35,0.1
34340.0,235235863.0,3.0,356.04,0.0,2766.0,0.0,35.0,2.0,0.0,4544.0,4521016.0,0.35,0.0
34341.0,235245863.0,3.0,355.96,0.0,187.0,0.0,35.0,0.0,0.0,4544.0,4521016.0,0.35,0.0
34342.0,235255863.0,3.0,355.96,0.0,1476.0,0.0,35.0,1.0,0.0,4545.0,4521116.0,0.35,-0.2
34343.0,235265863.0,3.0,355.87,0.0,2766.0,0.0,35.0,2.0,0.0,4547.0,4521316.0,0.34,-0.1
34344.0,235275863.0,3.0,356.04,0.0,187.0,0.0,35.0,0.0,0.0,4547.0,4521316.0,0.34,-0.1
34345.0,235285863.0,3.0,355.96,0.0,1476.0,0.0,35.0,1.0,0.0,4548.0,4521416.0,0.35,0.1
34346.0,235295863.0,3.0,355.96,0.0,2766.0,0.0,35.0,2.0,0.0,4550.0,4521616.0,0.35,0.0
34347.0,235305863.0,3.0,355.96,0.0,187.0,0.0,35.0,0.0,0.0,4550.0,4521616.0,0.35,0.0
34348.0,235315863.0,3.0,355.96,0.0,2766.0,0.0,35.0,2.0,0.0,4552.0,4521816.0,0.35,0.1
34349.0,235325863.0,3.0,356.04,0.0,187.0,0.0,35.0,0.0,0.0,4552.0,4521816.0,0.35,0.1
34350.0,235335863.0,3.0,355.96,0.0,1476.0,0.0,35.0,1.0,0.0,4553.0,4521916.0,0.35,0.1
34351.0,235345863.0,3.0,355.96,0.0,2766.0,0.0,35.0,2.0,0.0,4555.0,4522116.0,0.35,-0.2
34352.0,235355863.0,3.0,355.96,0.0,187.0,0.0,35.0,0.0,0.0,4555.0,4522116.0,0.35,-0.2
34353.0,235365863.0,3.0,355.96,0.0,1476.0,0.0,35.0,1.0,0.0,4556.0,4522216.0,0.35,-0.0
34354.0,235375863.0,3.0,355.96,0.0,2766.0,0.0,35.0,2.0,0.0,4558.0,4522416.0,0.35,0.0
34355.0,235385863.0,3.0,355.87,0.0,187.0,0.0,35.0,0.0,0.0,4558.0,4522416.0,0.35,0.0
34356.0,235395863.0,3.0,356.04,0.0,2766.0,0.0,35.0,2.0,0.0,4560.0,4522616.0,0.35,-0.0
34357.0,235405863.0,3.0,355.96,0.0,187.0,0.0,35.0,0.0,0.0,4560.0,4522616.0,0.35,-0.0
34358.0,235415863.0,3.0,355.96,0.0,1476.0,0.0,35.0,1.0,0.0,4561.0,4522716.0,0.35,0.1
34359.0,235425863.0,3.0,355.96,0.0,2766.0,0.0,35.0,2.0,0.0,4563.0,4522916.0,0.35,0.1
34360.0,235435863.0,3.0,355.96,0.0,187.0,0.0,35.0,0.0,0.0,4563.0,4522916.0,0.35,0.1
34361.0,235445863.0,3.0,355.96,0.0,2766.0,0.0,35.0,2.0,0.0,4565.0,4523116.0,0.35,0.0
34362.0,235455863.0,3.0,355.96,0.0,187.0,0.0,35.0,0.0,0.0,4565.0,4523116.0,0.35,0.0
34363.0,235465863.0,3.0,356.13,0.0,2766.0,0.0,35.0,2.0,0.0,4567.0,4523316.0,0.35,-0.1
34364.0,235475863.0,3.0,355.96,0.0,187.0,0.0,35.0,0.0,0.0,4567.0,4523316.0,0.35,-0.1
34365.0,235485863.0,3.0,355.96,0.0,2766.0,0.0,35.0,2.0,0.0,4569.0,4523516.0,0.35,0.1
34366.0,235495863.0,3.0,355.96,0.0,187.0,0.0,35.0,0.0,0.0,4569.0,4523516.0,0.35,0.1
34367.0,235505863.0,3.0,356.04,0.0,2766.0,0.0,35.0,2.0,0.0,4571.0,4523716.0,0.35,-0.0
34368.0,235515863.0,3.0,355.96,0.0,187.0,0.0,35.0,0.0,0.0,4571.0,4523716.0,0.35,-0.0
34369.0,235525863.0,3.0,356.04,0.0,2766.0,0.0,35.0,2.0,0.0,4573.0,4523916.0,0.35,0.1
34370.0,235535863.0,3.0,355.96,0.0,187.0,0.0,35.0,0.0,0.0,4573.0,4523916.0,0.35,0.1
34371.0,235545863.0,3.0,355.87,0.0,2766.0,0.0,35.0,2.0,0.0,4575.0,4524116.0,0.35,-0.1
34372.0,235555863.0,3.0,356.04,0.0,187.0,0.0,35.0,0.0,0.0,4575.0,4524116.0,0.35,-0.1
34373.0,235565863.0,3.0,356.04,0.0,2766.0,0.0,35.0,2.0,0.0,4577.0,4524316.0,0.35,-0.0
34374.0,235575863.0,3.0,355.96,0.0,187.0,0.0,35.0,0.0,0.0,4577.0,4524316.0,0.35,-0.0
34375.0,235585863.0,3.0,356.04,0.0,2766.0,0.0,35.0,2.0,0.0,4579.0,4524516.0,0.35,0.0
34376.0,235595863.0,3.0,355.96,0.0,187.0,0.0,35.0,0.0,0.0,4579.0,4524516.0,0.35,0.0
34377.0,235605863.0,3.0,356.04,0.0,2766.0,0.0,35.0,2.0,0.0,4581.0,4524716.0,0.35,-0.0
34378.0,235615863.0,3.0,356.04,0.0,187.0,0.0,35.0,0.0,0.0,4581.0,4524716.0,0.35,-0.0
34379.0,235625863.0,3.0,356.04,0.0,2766.0,0.0,35.0,2.0,0.0,4583.0,4524916.0,0.35,0.0
34380.0,235635863.0,3.0,356.04,0.0,187.0,0.0,35.0,0.0,0.0,4583.0,4524916.0,0.35,0.0
34381.0,235645863.0,3.0,355.87,0.0,2766.0,0.0,35.0,2.0,0.0,4585.0,4525116.0,0.35,0.0
34382.0,235655863.0,3.0,356.04,0.0,187.0,0.0,35.0,0.0,0.0,4585.0,4525116.0,0.35,0.0
34383.0,235665863.0,3.0,355.96,0.0,2766.0,0.0,35.0,2.0,0.0,4587.0,4525316.0,0.35,0.0
34384.0,235675863.0,3.0,355.96,0.0,187.0,0.0,35.0,0.0,0.0,4587.0,4525316.0,0.35,0.0
34385.0,235685863.0,3.0,356.04,0.0,2766.0,0.0,35.0,2.0,0.0,4589.0,4525516.0,0.35,-0.0
34386.0,235695863.0,3.0,355.96,0.0,187.0,0.0,35.0,0.0,0.0,4589.0,4525516.0,0.35,-0.0
34387.0,235705863.0,3.0,355.96,0.0,2766.0,0.0,35.0,2.0,0.0,4591.0,4525716.0,0.35,0.1
34388.0,235715863.0,3.0,355.87,0.0,187.0,0.0,35.0,0.0,0.0,4591.0,4525716.0,0.35,0.1
34389.0,235725863.0,3.0,355.87,0.0,2766.0,0.0,35.0,2.0,0.0,4593.0,4525916.0,0.35,-0.0
34390.0,235735863.0,3.0,355.96,0.0,187.0,0.0,35.0,0.0,0.0,4593.0,4525916.0,0.35,-0.0
34391.0,235745863.0,3.0,355.96,0.0,2766.0,0.0,35.0,2.0,0.0,4595.0,4526116.0,0.35,0.0
34392.0,235755863.0,3.0,355.87,0.0,187.0,0.0,35.0,0.0,0.0,4595.0,4526116.0,0.35,0.0
34393.0,235765863.0,3.0,356.04,0.0,2766.0,0.0,35.0,2.0,0.0,4597.0,4526316.0,0.35,-0.0
34394.0,235775863.0,3.0,356.04,0.0,187.0,0.0,35.0,0.0,0.0,4597.0,4526316.0,0.35,-0.0
34395.0,235785863.0,3.0,356.04,0.0,2766.0,0.0,35.0,2.0,0.0,4599.0,4526516.0,0.35,0.1
34396.0,235795863.0,3.0,355.96,0.0,187.0,0.0,35.0,0.0,0.0,4599.0,4526516.0,0.35,0.1
34397.0,235805863.0,3.0,356.04,0.0,2766.0,0.0,35.0,2.0,0.0,4601.0,4526716.0,0.35,0.1
34398.0,235815863.0,3.0,355.87,0.0,187.0,0.0,35.0,0.0,0.0,4601.0,4526716.0,0.35,0.1
34399.0,235825863.0,3.0,356.04,0.0,2766.0,0.0,35.0,2.0,0.0,4603.0,4526916.0,0.35,-0.0
34400.0,235835863.0,3.0,356.04,0.0,187.0,0.0,35.0,0.0,0.0,4603.0,4526916.0,0.35,-0.0
34401.0,235845863.0,3.0,355.96,0.0,2766.0,0.0,35.0,2.0,0.0,4605.0,4527116.0,0.35,-0.1
34402.0,235855863.0,3.0,356.04,0.0,187.0,0.0,35.0,0.0,0.0,4605.0,4527116.0,0.35,-0.1
34403.0,235865863.0,3.0,355.96,0.0,2766.0,0.0,35.0,2.0,0.0,4607.0,4527316.0,0.35,0.1
34404.0,235875863.0,3.0,355.96,0.0,187.0,0.0,35.0,0.0,0.0,4607.0,4527316.0,0.35,0.1
34405.0,235885863.0,3.0,356.04,0.0,2766.0,0.0,35.0,2.0,0.0,4609.0,4527516.0,0.35,0.2
34406.0,235895863.0,3.0,356.04,0.0,187.0,0.0,35.0,0.0,0.0,4609.0,4527516.0,0.35,0.2
34407.0,235905863.0,3.0,355.96,0.0,2766.0,0.0,35.0,2.0,0.0,4611.0,4527716.0,0.35,-0.1
34408.0,235915863.0,3.0,355.96,0.0,187.0,0.0,35.0,0.0,0.0,4611.0,4527716.0,0.35,-0.1
34409.0,235925863.0,3.0,355.96,0.0,2766.0,0.0,35.0,2.0,0.0,4613.0,4527916.0,0.35,-0.1
34410.0,235935863.0,3.0,355.96,0.0,187.0,0.0,35.0,0.0,0.0,4613.0,4527916.0,0.35,-0.1
34411.0,235945863.0,3.0,355.96,0.0,2766.0,0.0,35.0,2.0,0.0,4615.0,4528116.0,0.35,0.0
34412.0,235955863.0,3.0,355.96,0.0,187.0,0.0,35.0,0.0,0.0,4615.0,4528116.0,0.35,0.0
34413.0,235965863.0,3.0,355.96,0.0,2766.0,0.0,35.0,2.0,0.0,4617.0,4528316.0,0.35,0.0
34414.0,235975863.0,3.0,356.04,0.0,187.0,0.0,35.0,0.0,0.0,4617.0,4528316.0,0.35,0.0
34415.0,235985863.0,3.0,355.87,0.0,2766.0,0.0,35.0,2.0,0.0,4619.0,4528516.0,0.35,0.1
34416.0,235995863.0,3.0,356.04,0.0,187.0,0.0,35.0,0.0,0.0,4619.0,4528516.0,0.35,0.1
34417.0,236005863.0,3.0,355.96,0.0,2766.0,0.0,35.0,2.0,0.0,4621.0,4528716.0,0.35,0.0
34418.0,236015863.0,3.0,355.96,0.0,187.0,0.0,35.0,0.0,0.0,4621.0,4528716.0,0.35,0.0
34419.0,236025863.0,3.0,356.04,0.0,2766.0,0.0,35.0,2.0,0.0,4623.0,4528916.0,0.35,-0.0
34420.0,236035863.0,3.0,355.96,0.0,187.0,0.0,35.0,0.0,0.0,4623.0,4528916.0,0.35,-0.0
34421.0,236045863.0,3.0,355.96,0.0,2766.0,0.0,35.0,2.0,0.0,4625.0,4529116.0,0.35,-0.1
34422.0,236055863.0,3.0,356.04,0.0,187.0,0.0,35.0,0.0,0.0,4625.0,4529116.0,0.35,-0.1
34423.0,236065863.0,3.0,355.96,0.0,2766.0,0.0,35.0,2.0,0.0,4627.0,4529316.0,0.35,-0.0
34424.0,236075863.0,3.0,355.96,0.0,187.0,0.0,35.0,0.0,0.0,4627.0,4529316.0,0.35,-0.0
34425.0,236085863.0,3.0,356.04,0.0,2766.0,0.0,35.0,2.0,0.0,4629.0,4529516.0,0.35,0.2
34426.0,236095863.0,3.0,355.96,0.0,187.0,0.0,35.0,0.0,0.0,4629.0,4529516.0,0.35,0.2
34427.0,236105863.0,3.0,355.96,0.0,2766.0,0.0,35.0,2.0,0.0,4631.0,4529716.0,0.35,0.1
34428.0,236115863.0,3.0,355.96,0.0,187.0,0.0,35.0,0.0,0.0,4631.0,4529716.0,0.35,0.1
34429.0,236125863.0,3.0,355.87,0.0,2766.0,0.0,35.0,2.0,0.0,4633.0,4529916.0,0.35,-0.0
34430.0,236135863.0,3.0,355.96,0.0,187.0,0.0,35.0,0.0,0.0,4633.0,4529916.0,0.35,-0.0
34431.0,236145863.0,3.0,355.87,0.0,2766.0,0.0,35.0,2.0,0.0,4635.0,4530116.0,0.35,-0.1
34432.0,236155863.0,3.0,355.96,0.0,187.0,0.0,35.0,0.0,0.0,4635.0,4530116.0,0.35,-0.1
34433.0,236165863.0,3.0,355.96,0.0,2766.0,0.0,35.0,2.0,0.0,4637.0,4530316.0,0.35,-0.0
34434.0,236175863.0,3.0,355.87,0.0,187.0,0.0,35.0,0.0,0.0,4637.0,4530316.0,0.35,-0.0
34435.0,236185863.0,3.0,355.96,0.0,2766.0,0.0,35.0,2.0,0.0,4639.0,4530516.0,0.35,0.1
34436.0,236195863.0,3.0,355.96,0.0,187.0,0.0,35.0,0.0,0.0,4639.0,4530516.0,0.35,0.1
34437.0,236205863.0,3.0,355.96,0.0,2766.0,0.0,35.0,2.0,0.0,4641.0,4530716.0,0.35,0.1
34438.0,236215863.0,3.0,355.96,0.0,187.0,0.0,35.0,0.0,0.0,4641.0,4530716.0,0.35,0.1
34439.0,236225863.0,3.0,355.96,0.0,2766.0,0.0,35.0,2.0,0.0,4643.0,4530916.0,0.35,-0.1
34440.0,236235863.0,3.0,355.96,0.0,187.0,0.0,35.0,0.0,0.0,4643.0,4530916.0,0.35,-0.1
34441.0,236245863.0,3.0,356.04,0.0,2766.0,0.0,35.0,2.0,0.0,4645.0,4531116.0,0.35,0.0
34442.0,236255863.0,3.0,355.87,0.0,187.0,0.0,35.0,0.0,0.0,4645.0,4531116.0,0.35,0.0
34443.0,236265863.0,3.0,355.96,0.0,2766.0,0.0,35.0,2.0,0.0,4647.0,4531316.0,0.35,-0.1
34444.0,236275863.0,3.0,355.96,0.0,187.0,0.0,35.0,0.0,0.0,4647.0,4531316.0,0.35,-0.1
34445.0,236285863.0,3.0,355.96,0.0,2766.0,0.0,35.0,2.0,0.0,4649.0,4531516.0,0.35,-0.0
34446.0,236295863.0,3.0,356.04,0.0,187.0,0.0,35.0,0.0,0.0,4649.0,4531516.0,0.35,-0.0
34447.0,236305863.0,3.0,355.87,0.0,2766.0,0.0,35.0,2.0,0.0,4651.0,4531716.0,0.35,0.1
34448.0,236315863.0,3.0,355.96,0.0,187.0,0.0,35.0,0.0,0.0,4651.0,4531716.0,0.35,0.1
34449.0,236325863.0,3.0,355.96,0.0,2766.0,0.0,35.0,2.0,0.0,4653.0,4531916.0,0.35,0.0
34450.0,236335863.0,3.0,355.87,0.0,187.0,0.0,35.0,0.0,0.0,4653.0,4531916.0,0.35,0.0
34451.0,236345863.0,3.0,355.96,0.0,2766.0,0.0,35.0,2.0,0.0,4655.0,4532116.0,0.35,0.1
34452.0,236355863.0,3.0,355.96,0.0,187.0,0.0,35.0,0.0,0.0,4655.0,4532116.0,0.35,0.1
34453.0,236365863.0,3.0,356.04,0.0,2766.0,0.0,35.0,2.0,0.0,4657.0,4532316.0,0.35,0.1
34454.0,236375863.0,3.0,355.96,0.0,187.0,0.0,35.0,0.0,0.0,4657.0,4532316.0,0.35,0.1
34455.0,236385863.0,3.0,355.96,0.0,2766.0,0.0,35.0,2.0,0.0,4659.0,4532516.0,0.35,-0.1
34456.0,236395863.0,3.0,355.96,0.0,187.0,0.0,35.0,0.0,0.0,4659.0,4532516.0,0.35,-0.1
34457.0,236405863.0,3.0,356.04,0.0,2766.0,0.0,35.0,2.0,0.0,4661.0,4532716.0,0.35,-0.0
34458.0,236415863.0,3.0,355.96,0.0,187.0,0.0,35.0,0.0,0.0,4661.0,4532716.0,0.35,-0.0
34459.0,236425863.0,3.0,355.87,0.0,2766.0,0.0,35.0,2.0,0.0,4663.0,4532916.0,0.35,0.1
34460.0,236435863.0,3.0,356.04,0.0,187.0,0.0,35.0,0.0,0.0,4663.0,4532916.0,0.35,0.1
34461.0,236445863.0,3.0,356.04,0.0,2766.0,0.0,35.0,2.0,0.0,4665.0,4533116.0,0.35,0.1
34462.0,236455863.0,3.0,356.04,0.0,187.0,0.0,35.0,0.0,0.0,4665.0,4533116.0,0.35,0.1
34463.0,236465863.0,3.0,356.04,0.0,2766.0,0.0,35.0,2.0,0.0,4667.0,4533316.0,0.35,-0.0
34464.0,236475863.0,3.0,355.96,0.0,187.0,0.0,35.0,0.0,0.0,4667.0,4533316.0,0.35,-0.0
34465.0,236485863.0,3.0,355.96,0.0,2766.0,0.0,35.0,2.0,0.0,4669.0,4533516.0,0.35,-0.1
34466.0,236495863.0,3.0,355.96,0.0,187.0,0.0,35.0,0.0,0.0,4669.0,4533516.0,0.35,-0.1
34467.0,236505863.0,3.0,355.96,0.0,2766.0,0.0,35.0,2.0,0.0,4671.0,4533716.0,0.35,-0.0
34468.0,236515863.0,3.0,355.96,0.0,187.0,0.0,35.0,0.0,0.0,4671.0,4533716.0,0.35,-0.0
34469.0,236525863.0,3.0,356.04,0.0,2766.0,0.0,35.0,2.0,0.0,4673.0,4533916.0,0.35,0.1
34470.0,236535863.0,3.0,356.04,0.0,187.0,0.0,35.0,0.0,0.0,4673.0,4533916.0,0.35,0.1
34471.0,236545863.0,3.0,356.04,0.0,2766.0,0.0,35.0,2.0,0.0,4675.0,4534116.0,0.35,0.1
34472.0,236555863.0,3.0,356.04,0.0,187.0,0.0,35.0,0.0,0.0,4675.0,4534116.0,0.35,0.1
34473.0,236565863.0,3.0,356.04,0.0,2766.0,0.0,35.0,2.0,0.0,4677.0,4534316.0,0.35,-0.1
34474.0,236575863.0,3.0,355.87,0.0,187.0,0.0,35.0,0.0,0.0,4677.0,4534316.0,0.35,-0.1
34475.0,236585863.0,3.0,356.04,0.0,2766.0,0.0,35.0,2.0,0.0,4679.0,4534516.0,0.35,-0.1
34476.0,236595863.0,3.0,355.96,0.0,187.0,0.0,35.0,0.0,0.0,4679.0,4534516.0,0.35,-0.1
34477.0,236605863.0,3.0,355.96,0.0,2766.0,0.0,35.0,2.0,0.0,4681.0,4534716.0,0.35,0.1
34478.0,236615863.0,3.0,355.96,0.0,187.0,0.0,35.0,0.0,0.0,4681.0,4534716.0,0.35,0.1
34479.0,236625863.0,3.0,355.87,0.0,2766.0,0.0,35.0,2.0,0.0,4683.0,4534916.0,0.35,0.1
34480.0,236635863.0,3.0,355.87,0.0,187.0,0.0,35.0,0.0,0.0,4683.0,4534916.0,0.35,0.1
34481.0,236645863.0,3.0,355.96,0.0,2766.0,0.0,35.0,2.0,0.0,4685.0,4535116.0,0.35,-0.1
34482.0,236655863.0,3.0,355.96,0.0,187.0,0.0,35.0,0.0,0.0,4685.0,4535116.0,0.35,-0.1
34483.0,236665863.0,3.0,355.87,0.0,2766.0,0.0,35.0,2.0,0.0,4687.0,4535316.0,0.35,-0.0
34484.0,236675863.0,3.0,355.87,0.0,187.0,0.0,35.0,0.0,0.0,4687.0,4535316.0,0.35,-0.0
34485.0,236685863.0,3.0,355.87,0.0,2766.0,0.0,35.0,2.0,0.0,4689.0,4535516.0,0.35,-0.1
34486.0,236695863.0,3.0,355.96,0.0,187.0,0.0,35.0,0.0,0.0,4689.0,4535516.0,0.35,-0.1
34487.0,236705863.0,3.0,356.04,0.0,2766.0,0.0,35.0,2.0,0.0,4691.0,4535716.0,0.35,0.1
34488.0,236715863.0,3.0,355.96,0.0,187.0,0.0,35.0,0.0,0.0,4691.0,4535716.0,0.35,0.1
34489.0,236725863.0,3.0,356.04,0.0,2766.0,0.0,35.0,2.0,0.0,4693.0,4535916.0,0.35,0.0
34490.0,236735863.0,3.0,356.04,0.0,187.0,0.0,35.0,0.0,0.0,4693.0,4535916.0,0.35,0.0
34491.0,236745863.0,3.0,355.96,0.0,2766.0,0.0,35.0,2.0,0.0,4695.0,4536116.0,0.35,0.0
34492.0,236755863.0,3.0,355.96,0.0,187.0,0.0,35.0,0.0,0.0,4695.0,4536116.0,0.35,0.0
34493.0,236765863.0,3.0,355.96,0.0,2766.0,0.0,35.0,2.0,0.0,4697.0,4536316.0,0.35,-0.1
34494.0,236775863.0,3.0,356.13,0.0,187.0,0.0,35.0,0.0,0.0,4697.0,4536316.0,0.35,-0.1
34495.0,236785863.0,3.0,355.96,0.0,2766.0,0.0,35.0,2.0,0.0,4699.0,4536516.0,0.35,-0.0
34496.0,236795863.0,3.0,355.96,0.0,187.0,0.0,35.0,0.0,0.0,4699.0,4536516.0,0.35,-0.0
34497.0,236805863.0,3.0,355.96,0.0,2766.0,0.0,35.0,2.0,0.0,4701.0,4536716.0,0.35,0.1
34498.0,236815863.0,3.0,355.96,0.0,187.0,0.0,35.0,0.0,0.0,4701.0,4536716.0,0.35,0.1
34499.0,236825863.0,3.0,356.04,0.0,2766.0,0.0,35.0,2.0,0.0,4703.0,4536916.0,0.35,0.1
34500.0,236835863.0,3.0,355.96,0.0,187.0,0.0,35.0,0.0,0.0,4703.0,4536916.0,0.35,0.1
34501.0,236845863.0,3.0,356.04,0.0,2766.0,0.0,35.0,2.0,0.0,4705.0,4537116.0,0.35,-0.1
34502.0,236855863.0,3.0,355.96,0.0,187.0,0.0,35.0,0.0,0.0,4705.0,4537116.0,0.35,-0.1
34503.0,236865863.0,3.0,356.04,0.0,2766.0,0.0,35.0,2.0,0.0,4707.0,4537316.0,0.35,-0.0
34504.0,236875863.0,3.0,355.96,0.0,187.0,0.0,35.0,0.0,0.0,4707.0,4537316.0,0.35,-0.0
34505.0,236885863.0,3.0,355.96,0.0,2766.0,0.0,35.0,2.0,0.0,4709.0,4537516.0,0.35,0.0
34506.0,236895863.0,3.0,356.13,0.0,187.0,0.0,35.0,0.0,0.0,4709.0,4537516.0,0.35,0.0
34507.0,236905863.0,3.0,355.87,0.0,2766.0,0.0,35.0,2.0,0.0,4711.0,4537716.0,0.35,0.1
34508.0,236915863.0,3.0,355.96,0.0,187.0,0.0,35.0,0.0,0.0,4711.0,4537716.0,0.35,0.1
34509.0,236925863.0,3.0,355.96,0.0,2766.0,0.0,35.0,2.0,0.0,4713.0,4537916.0,0.35,-0.0
34510.0,236935863.0,3.0,355.96,0.0,187.0,0.0,35.0,0.0,0.0,4713.0,4537916.0,0.35,-0.0
34511.0,236945863.0,3.0,356.04,0.0,2766.0,0.0,35.0,2.0,0.0,4715.0,4538116.0,0.35,-0.1
34512.0,236955863.0,3.0,355.96,0.0,187.0,0.0,35.0,0.0,0.0,4715.0,4538116.0,0.35,-0.1
34513.0,236965863.0,3.0,356.04,0.0,2766.0,0.0,35.0,2.0,0.0,4717.0,4538316.0,0.35,-0.0
34514.0,236975863.0,3.0,355.96,0.0,187.0,0.0,35.0,0.0,0.0,4717.0,4538316.0,0.35,-0.0
34515.0,236985863.0,3.0,355.96,0.0,2766.0,0.0,35.0,2.0,0.0,4719.0,4538516.0,0.35,0.1
34516.0,236995863.0,3.0,356.13,0.0,187.0,0.0,35.0,0.0,0.0,4719.0,4538516.0,0.35,0.1
34517.0,237005863.0,3.0,355.87,0.0,2766.0,0.0,35.0,2.0,0.0,4721.0,4538716.0,0.35,-0.0
34518.0,237015863.0,3.0,356.13,0.0,187.0,0.0,35.0,0.0,0.0,4721.0,4538716.0,0.35,-0.0
34519.0,237025863.0,3.0,355.96,0.0,2766.0,0.0,35.0,2.0,0.0,4723.0,4538916.0,0.35,-0.0
34520.0,237035863.0,3.0,355.96,0.0,187.0,0.0,35.0,0.0,0.0,4723.0,4538916.0,0.35,-0.0
34521.0,237045863.0,3.0,355.96,0.0,2766.0,0.0,35.0,2.0,0.0,4725.0,4539116.0,0.35,0.1
34522.0,237055863.0,3.0,355.96,0.0,187.0,0.0,35.0,0.0,0.0,4725.0,4539116.0,0.35,0.1
34523.0,237065863.0,3.0,356.04,0.0,2766.0,0.0,35.0,2.0,0.0,4727.0,4539316.0,0.35,-0.1
34524.0,237075863.0,3.0,356.04,0.0,187.0,0.0,35.0,0.0,0.0,4727.0,4539316.0,0.35,-0.1
34525.0,237085863.0,3.0,356.04,0.0,2766.0,0.0,35.0,2.0,0.0,4729.0,4539516.0,0.35,0.0
34526.0,237095863.0,3.0,355.87,0.0,187.0,0.0,35.0,0.0,0.0,4729.0,4539516.0,0.35,0.0
34527.0,237105863.0,3.0,355.87,0.0,1476.0,0.0,35.0,1.0,0.0,4730.0,4539616.0,0.35,-0.1
34528.0,237115863.0,3.0,355.96,0.0,2766.0,0.0,35.0,2.0,0.0,4732.0,4539816.0,0.35,-0.0
34529.0,237125863.0,3.0,356.04,0.0,187.0,0.0,35.0,0.0,0.0,4732.0,4539816.0,0.35,-0.0
34530.0,237135863.0,3.0,355.96,0.0,2766.0,0.0,35.0,2.0,0.0,4734.0,4540016.0,0.35,0.1
34531.0,237145863.0,3.0,356.13,0.0,187.0,0.0,35.0,0.0,0.0,4734.0,4540016.0,0.35,0.1
34532.0,237155863.0,3.0,355.96,0.0,2766.0,0.0,35.0,2.0,0.0,4736.0,4540216.0,0.35,0.1
34533.0,237165863.0,3.0,355.96,0.0,187.0,0.0,35.0,0.0,0.0,4736.0,4540216.0,0.35,0.1
34534.0,237175863.0,3.0,355.96,0.0,2766.0,0.0,35.0,2.0,0.0,4738.0,4540416.0,0.35,-0.0
34535.0,237185863.0,3.0,355.96,0.0,187.0,0.0,35.0,0.0,0.0,4738.0,4540416.0,0.35,-0.0
34536.0,237195863.0,3.0,355.87,0.0,2766.0,0.0,35.0,2.0,0.0,4740.0,4540616.0,0.35,-0.0
34537.0,237205863.0,3.0,355.96,0.0,187.0,0.0,35.0,0.0,0.0,4740.0,4540616.0,0.35,-0.0
34538.0,237215863.0,3.0,356.04,0.0,2766.0,0.0,35.0,2.0,0.0,4742.0,4540816.0,0.35,-0.0
34539.0,237225863.0,3.0,355.96,0.0,187.0,0.0,35.0,0.0,0.0,4742.0,4540816.0,0.35,-0.0
34540.0,237235863.0,3.0,355.96,0.0,2766.0,0.0,35.0,2.0,0.0,4744.0,4541016.0,0.35,0.1
34541.0,237245863.0,3.0,356.04,0.0,187.0,0.0,35.0,0.0,0.0,4744.0,4541016.0,0.35,0.1
34542.0,237255863.0,3.0,355.96,0.0,2766.0,0.0,35.0,2.0,0.0,4746.0,4541216.0,0.35,0.1
34543.0,237265863.0,3.0,355.96,0.0,187.0,0.0,35.0,0.0,0.0,4746.0,4541216.0,0.35,0.1
34544.0,237275863.0,3.0,355.96,0.0,2766.0,0.0,35.0,2.0,0.0,4748.0,4541416.0,0.35,-0.0
34545.0,237285863.0,3.0,355.96,0.0,187.0,0.0,35.0,0.0,0.0,4748.0,4541416.0,0.35,-0.0
34546.0,237295863.0,3.0,355.96,0.0,2766.0,0.0,35.0,2.0,0.0,4750.0,4541616.0,0.35,-0.2
34547.0,237305863.0,3.0,355.96,0.0,187.0,0.0,35.0,0.0,0.0,4750.0,4541616.0,0.35,-0.2
34548.0,237315863.0,3.0,356.04,0.0,2766.0,0.0,35.0,2.0,0.0,4752.0,4541816.0,0.35,0.1
34549.0,237325863.0,3.0,355.96,0.0,187.0,0.0,35.0,0.0,0.0,4752.0,4541816.0,0.35,0.1
34550.0,237335863.0,3.0,355.96,0.0,2766.0,0.0,35.0,2.0,0.0,4754.0,4542016.0,0.35,0.1
34551.0,237345863.0,3.0,356.13,0.0,187.0,0.0,35.0,0.0,0.0,4754.0,4542016.0,0.35,0.1
34552.0,237355863.0,3.0,356.04,0.0,2766.0,0.0,35.0,2.0,0.0,4756.0,4542216.0,0.35,0.1
34553.0,237365863.0,3.0,355.96,0.0,187.0,0.0,35.0,0.0,0.0,4756.0,4542216.0,0.35,0.1
34554.0,237375863.0,3.0,355.96,0.0,2766.0,0.0,35.0,2.0,0.0,4758.0,4542416.0,0.35,-0.0
34555.0,237385863.0,3.0,356.04,0.0,187.0,0.0,35.0,0.0,0.0,4758.0,4542416.0,0.35,-0.0
34556.0,237395863.0,3.0,355.96,0.0,2766.0,0.0,35.0,2.0,0.0,4760.0,4542616.0,0.35,-0.1
34557.0,237405863.0,3.0,355.96,0.0,187.0,0.0,35.0,0.0,0.0,4760.0,4542616.0,0.35,-0.1
34558.0,237415863.0,3.0,355.96,0.0,2766.0,0.0,35.0,2.0,0.0,4762.0,4542816.0,0.35,0.1
34559.0,237425863.0,3.0,355.96,0.0,187.0,0.0,35.0,0.0,0.0,4762.0,4542816.0,0.35,0.1
34560.0,237435863.0,3.0,356.04,0.0,2766.0,0.0,35.0,2.0,0.0,4764.0,4543016.0,0.35,0.1
34561.0,237445863.0,3.0,355.96,0.0,187.0,0.0,35.0,0.0,0.0,4764.0,4543016.0,0.35,0.1
34562.0,237455863.0,3.0,355.96,0.0,2766.0,0.0,35.0,2.0,0.0,4766.0,4543216.0,0.35,0.1
34563.0,237465863.0,3.0,355.96,0.0,187.0,0.0,35.0,0.0,0.0,4766.0,4543216.0,0.35,0.1
34564.0,237475863.0,3.0,355.96,0.0,2766.0,0.0,35.0,2.0,0.0,4768.0,4543416.0,0.35,-0.0
34565.0,237485863.0,3.0,355.96,0.0,187.0,0.0,35.0,0.0,0.0,4768.0,4543416.0,0.35,-0.0
34566.0,237495863.0,3.0,355.87,0.0,2766.0,0.0,35.0,2.0,0.0,4770.0,4543616.0,0.35,-0.1
34567.0,237505863.0,3.0,355.96,0.0,187.0,0.0,35.0,0.0,0.0,4770.0,4543616.0,0.35,-0.1
34568.0,237515863.0,3.0,355.96,0.0,2766.0,0.0,35.0,2.0,0.0,4772.0,4543816.0,0.35,0.0
34569.0,237525863.0,3.0,355.96,0.0,187.0,0.0,35.0,0.0,0.0,4772.0,4543816.0,0.35,0.0
34570.0,237535863.0,3.0,355.87,0.0,2766.0,0.0,35.0,2.0,0.0,4774.0,4544016.0,0.35,0.1
34571.0,237545863.0,3.0,356.04,0.0,187.0,0.0,35.0,0.0,0.0,4774.0,4544016.0,0.35,0.1
34572.0,237555863.0,3.0,355.96,0.0,2766.0,0.0,35.0,2.0,0.0,4776.0,4544216.0,0.35,0.0
34573.0,237565863.0,3.0,356.04,0.0,187.0,0.0,35.0,0.0,0.0,4776.0,4544216.0,0.35,0.0
34574.0,237575863.0,3.0,355.96,0.0,2766.0,0.0,35.0,2.0,0.0,4778.0,4544416.0,0.35,-0.1
34575.0,237585863.0,3.0,355.96,0.0,187.0,0.0,35.0,0.0,0.0,4778.0,4544416.0,0.35,-0.1
34576.0,237595863.0,3.0,356.04,0.0,2766.0,0.0,35.0,2.0,0.0,4780.0,4544616.0,0.35,-0.0
34577.0,237605863.0,3.0,355.96,0.0,187.0,0.0,35.0,0.0,0.0,4780.0,4544616.0,0.35,-0.0
34578.0,237615863.0,3.0,355.96,0.0,2766.0,0.0,35.0,2.0,0.0,4782.0,4544816.0,0.35,0.1
34579.0,237625863.0,3.0,356.13,0.0,187.0,0.0,35.0,0.0,0.0,4782.0,4544816.0,0.35,0.1
34580.0,237635863.0,3.0,355.96,0.0,2766.0,0.0,35.0,2.0,0.0,4784.0,4545016.0,0.35,0.0
34581.0,237645863.0,3.0,355.96,0.0,187.0,0.0,35.0,0.0,0.0,4784.0,4545016.0,0.35,0.0
34582.0,237655863.0,3.0,355.96,0.0,2766.0,0.0,35.0,2.0,0.0,4786.0,4545216.0,0.35,-0.0
34583.0,237665863.0,3.0,356.04,0.0,187.0,0.0,35.0,0.0,0.0,4786.0,4545216.0,0.35,-0.0
34584.0,237675863.0,3.0,356.04,0.0,2766.0,0.0,35.0,2.0,0.0,4788.0,4545416.0,0.35,-0.0
34585.0,237685863.0,3.0,355.87,0.0,187.0,0.0,35.0,0.0,0.0,4788.0,4545416.0,0.35,-0.0
34586.0,237695863.0,3.0,355.96,0.0,2766.0,0.0,35.0,2.0,0.0,4790.0,4545616.0,0.35,0.1
34587.0,237705863.0,3.0,355.96,0.0,187.0,0.0,35.0,0.0,0.0,4790.0,4545616.0,0.35,0.1
34588.0,237715863.0,3.0,355.96,0.0,2766.0,0.0,35.0,2.0,0.0,4792.0,4545816.0,0.35,0.0
34589.0,237725863.0,3.0,355.96,0.0,187.0,0.0,35.0,0.0,0.0,4792.0,4545816.0,0.35,0.0
34590.0,237735863.0,3.0,355.96,0.0,2766.0,0.0,35.0,2.0,0.0,4794.0,4546016.0,0.35,-0.0
34591.0,237745863.0,3.0,355.96,0.0,187.0,0.0,35.0,0.0,0.0,4794.0,4546016.0,0.35,-0.0
34592.0,237755863.0,3.0,356.04,0.0,2766.0,0.0,35.0,2.0,0.0,4796.0,4546216.0,0.35,-0.0
34593.0,237765863.0,3.0,355.96,0.0,187.0,0.0,35.0,0.0,0.0,4796.0,4546216.0,0.35,-0.0
34594.0,237775863.0,3.0,355.87,0.0,2766.0,0.0,35.0,2.0,0.0,4798.0,4546416.0,0.35,0.1
34595.0,237785863.0,3.0,356.04,0.0,187.0,0.0,35.0,0.0,0.0,4798.0,4546416.0,0.35,0.1
34596.0,237795863.0,3.0,356.04,0.0,2766.0,0.0,35.0,2.0,0.0,4800.0,4546616.0,0.35,0.1
34597.0,237805863.0,3.0,355.96,0.0,187.0,0.0,35.0,0.0,0.0,4800.0,4546616.0,0.35,0.1
34598.0,237815863.0,3.0,355.87,0.0,2766.0,0.0,35.0,2.0,0.0,4802.0,4546816.0,0.35,-0.0
34599.0,237825863.0,3.0,355.96,0.0,187.0,0.0,35.0,0.0,0.0,4802.0,4546816.0,0.35,-0.0
34600.0,237835863.0,3.0,355.96,0.0,2766.0,0.0,35.0,2.0,0.0,4804.0,4547016.0,0.35,-0.1
34601.0,237845863.0,3.0,355.96,0.0,187.0,0.0,35.0,0.0,0.0,4804.0,4547016.0,0.35,-0.1
34602.0,237855863.0,3.0,356.04,0.0,2766.0,0.0,35.0,2.0,0.0,4806.0,4547216.0,0.35,0.0
34603.0,237865863.0,3.0,355.96,0.0,187.0,0.0,35.0,0.0,0.0,4806.0,4547216.0,0.35,0.0
34604.0,237875863.0,3.0,355.96,0.0,2766.0,0.0,35.0,2.0,0.0,4808.0,4547416.0,0.35,0.1
34605.0,237885863.0,3.0,355.96,0.0,187.0,0.0,35.0,0.0,0.0,4808.0,4547416.0,0.35,0.1
34606.0,237895863.0,3.0,355.96,0.0,2766.0,0.0,35.0,2.0,0.0,4810.0,4547616.0,0.36,0.1
34607.0,237905863.0,3.0,355.96,0.0,187.0,0.0,35.0,0.0,0.0,4810.0,4547616.0,0.36,0.1
34608.0,237915863.0,3.0,355.96,0.0,2766.0,0.0,35.0,2.0,0.0,4812.0,4547816.0,0.35,-0.0
34609.0,237925863.0,3.0,355.96,0.0,187.0,0.0,35.0,0.0,0.0,4812.0,4547816.0,0.35,-0.0
34610.0,237935863.0,3.0,355.87,0.0,2766.0,0.0,35.0,2.0,0.0,4814.0,4548016.0,0.35,-0.1
34611.0,237945863.0,3.0,355.96,0.0,187.0,0.0,35.0,0.0,0.0,4814.0,4548016.0,0.35,-0.1
34612.0,237955863.0,3.0,355.96,0.0,2766.0,0.0,35.0,2.0,0.0,4816.0,4548216.0,0.35,-0.0
34613.0,237965863.0,3.0,355.96,0.0,187.0,0.0,35.0,0.0,0.0,4816.0,4548216.0,0.35,-0.0
34614.0,237975863.0,3.0,355.96,0.0,2766.0,0.0,35.0,2.0,0.0,4818.0,4548416.0,0.35,0.2
34615.0,237985863.0,3.0,356.04,0.0,187.0,0.0,35.0,0.0,0.0,4818.0,4548416.0,0.35,0.2
34616.0,237995863.0,3.0,355.96,0.0,2766.0,0.0,35.0,2.0,0.0,4820.0,4548616.0,0.36,0.1
34617.0,238005863.0,3.0,355.96,0.0,187.0,0.0,35.0,0.0,0.0,4820.0,4548616.0,0.36,0.1
34618.0,238015863.0,3.0,355.96,0.0,2766.0,0.0,35.0,2.0,0.0,4822.0,4548816.0,0.35,-0.1
34619.0,238025863.0,3.0,356.04,0.0,187.0,0.0,35.0,0.0,0.0,4822.0,4548816.0,0.35,-0.1
34620.0,238035863.0,3.0,355.96,0.0,2766.0,0.0,35.0,2.0,0.0,4824.0,4549016.0,0.35,-0.1
34621.0,238045863.0,3.0,356.04,0.0,187.0,0.0,35.0,0.0,0.0,4824.0,4549016.0,0.35,-0.1
34622.0,238055863.0,3.0,356.04,0.0,2766.0,0.0,35.0,2.0,0.0,4826.0,4549216.0,0.35,0.1
34623.0,238065863.0,3.0,355.96,0.0,187.0,0.0,35.0,0.0,0.0,4826.0,4549216.0,0.35,0.1
34624.0,238075863.0,3.0,355.96,0.0,2766.0,0.0,35.0,2.0,0.0,4828.0,4549416.0,0.36,0.2
34625.0,238085863.0,3.0,355.87,0.0,187.0,0.0,35.0,0.0,0.0,4828.0,4549416.0,0.36,0.2
34626.0,238095863.0,3.0,355.96,0.0,2766.0,0.0,35.0,2.0,0.0,4830.0,4549616.0,0.36,0.0
34627.0,238105863.0,3.0,355.96,0.0,187.0,0.0,35.0,0.0,0.0,4830.0,4549616.0,0.36,0.0
34628.0,238115863.0,3.0,355.96,0.0,2766.0,0.0,35.0,2.0,0.0,4832.0,4549816.0,0.35,-0.1
34629.0,238125863.0,3.0,355.96,0.0,187.0,0.0,35.0,0.0,0.0,4832.0,4549816.0,0.35,-0.1
34630.0,238135863.0,3.0,355.96,0.0,2766.0,0.0,35.0,2.0,0.0,4834.0,4550016.0,0.35,-0.1
34631.0,238145863.0,3.0,355.96,0.0,187.0,0.0,35.0,0.0,0.0,4834.0,4550016.0,0.35,-0.1
34632.0,238155863.0,3.0,355.96,0.0,2766.0,0.0,35.0,2.0,0.0,4836.0,4550216.0,0.35,0.1
34633.0,238165863.0,3.0,355.96,0.0,187.0,0.0,35.0,0.0,0.0,4836.0,4550216.0,0.35,0.1
34634.0,238175863.0,3.0,355.96,0.0,2766.0,0.0,35.0,2.0,0.0,4838.0,4550416.0,0.35,0.1
34635.0,238185863.0,3.0,356.04,0.0,187.0,0.0,35.0,0.0,0.0,4838.0,4550416.0,0.35,0.1
34636.0,238195863.0,3.0,356.04,0.0,2766.0,0.0,35.0,2.0,0.0,4840.0,4550616.0,0.35,0.0
34637.0,238205863.0,3.0,355.96,0.0,187.0,0.0,35.0,0.0,0.0,4840.0,4550616.0,0.35,0.0
34638.0,238215863.0,3.0,355.96,0.0,2766.0,0.0,35.0,2.0,0.0,4842.0,4550816.0,0.35,-0.1
34639.0,238225863.0,3.0,355.96,0.0,187.0,0.0,35.0,0.0,0.0,4842.0,4550816.0,0.35,-0.1
34640.0,238235863.0,3.0,355.96,0.0,2766.0,0.0,35.0,2.0,0.0,4844.0,4551016.0,0.35,0.0
34641.0,238245863.0,3.0,355.96,0.0,187.0,0.0,35.0,0.0,0.0,4844.0,4551016.0,0.35,0.0
34642.0,238255863.0,3.0,355.96,0.0,2766.0,0.0,35.0,2.0,0.0,4846.0,4551216.0,0.35,0.1
34643.0,238265863.0,3.0,355.96,0.0,187.0,0.0,35.0,0.0,0.0,4846.0,4551216.0,0.35,0.1
34644.0,238275863.0,3.0,355.96,0.0,2766.0,0.0,35.0,2.0,0.0,4848.0,4551416.0,0.35,0.1
34645.0,238285863.0,3.0,356.04,0.0,187.0,0.0,35.0,0.0,0.0,4848.0,4551416.0,0.35,0.1
34646.0,238295863.0,3.0,355.87,0.0,2766.0,0.0,35.0,2.0,0.0,4850.0,4551616.0,0.35,-0.1
34647.0,238305863.0,3.0,355.96,0.0,187.0,0.0,35.0,0.0,0.0,4850.0,4551616.0,0.35,-0.1
34648.0,238315863.0,3.0,355.96,0.0,2766.0,0.0,35.0,2.0,0.0,4852.0,4551816.0,0.35,-0.1
34649.0,238325863.0,3.0,356.04,0.0,187.0,0.0,35.0,0.0,0.0,4852.0,4551816.0,0.35,-0.1
34650.0,238335863.0,3.0,356.04,0.0,2766.0,0.0,35.0,2.0,0.0,4854.0,4552016.0,0.35,0.0
34651.0,238345863.0,3.0,355.87,0.0,187.0,0.0,35.0,0.0,0.0,4854.0,4552016.0,0.35,0.0
34652.0,238355863.0,3.0,355.96,0.0,2766.0,0.0,35.0,2.0,0.0,4856.0,4552216.0,0.35,0.1
34653.0,238365863.0,3.0,355.96,0.0,187.0,0.0,35.0,0.0,0.0,4856.0,4552216.0,0.35,0.1
34654.0,238375863.0,3.0,356.04,0.0,2766.0,0.0,35.0,2.0,0.0,4858.0,4552416.0,0.35,0.0
34655.0,238385863.0,3.0,355.87,0.0,187.0,0.0,35.0,0.0,0.0,4858.0,4552416.0,0.35,0.0
34656.0,238395863.0,3.0,355.96,0.0,2766.0,0.0,35.0,2.0,0.0,4860.0,4552616.0,0.35,-0.0
34657.0,238405863.0,3.0,355.96,0.0,187.0,0.0,35.0,0.0,0.0,4860.0,4552616.0,0.35,-0.0
34658.0,238415863.0,3.0,355.87,0.0,2766.0,0.0,35.0,2.0,0.0,4862.0,4552816.0,0.35,-0.0
34659.0,238425863.0,3.0,355.96,0.0,187.0,0.0,35.0,0.0,0.0,4862.0,4552816.0,0.35,-0.0
34660.0,238435863.0,3.0,355.96,0.0,2766.0,0.0,35.0,2.0,0.0,4864.0,4553016.0,0.35,-0.0
34661.0,238445863.0,3.0,355.96,0.0,187.0,0.0,35.0,0.0,0.0,4864.0,4553016.0,0.35,-0.0
34662.0,238455863.0,3.0,355.96,0.0,2766.0,0.0,35.0,2.0,0.0,4866.0,4553216.0,0.35,0.0
34663.0,238465863.0,3.0,355.87,0.0,187.0,0.0,35.0,0.0,0.0,4866.0,4553216.0,0.35,0.0
34664.0,238475863.0,3.0,355.96,0.0,2766.0,0.0,35.0,2.0,0.0,4868.0,4553416.0,0.35,0.0
34665.0,238485863.0,3.0,355.96,0.0,187.0,0.0,35.0,0.0,0.0,4868.0,4553416.0,0.35,0.0
34666.0,238495863.0,3.0,355.96,0.0,2766.0,0.0,35.0,2.0,0.0,4870.0,4553616.0,0.35,0.0
34667.0,238505863.0,3.0,355.96,0.0,187.0,0.0,35.0,0.0,0.0,4870.0,4553616.0,0.35,0.0
34668.0,238515863.0,3.0,355.96,0.0,1476.0,0.0,35.0,1.0,0.0,4871.0,4553716.0,0.35,-0.0
34669.0,238525863.0,3.0,355.96,0.0,2766.0,0.0,35.0,2.0,0.0,4873.0,4553916.0,0.35,-0.0
34670.0,238535863.0,3.0,356.04,0.0,187.0,0.0,35.0,0.0,0.0,4873.0,4553916.0,0.35,-0.0
34671.0,238545863.0,3.0,355.96,0.0,2766.0,0.0,35.0,2.0,0.0,4875.0,4554116.0,0.35,-0.0
34672.0,238555863.0,3.0,355.96,0.0,187.0,0.0,35.0,0.0,0.0,4875.0,4554116.0,0.35,-0.0
34673.0,238565863.0,3.0,355.96,0.0,2766.0,0.0,35.0,2.0,0.0,4877.0,4554316.0,0.35,0.0
34674.0,238575863.0,3.0,355.96,0.0,187.0,0.0,35.0,0.0,0.0,4877.0,4554316.0,0.35,0.0
34675.0,238585863.0,3.0,356.04,0.0,2766.0,0.0,35.0,2.0,0.0,4879.0,4554516.0,0.35,0.0
34676.0,238595863.0,3.0,355.96,0.0,187.0,0.0,35.0,0.0,0.0,4879.0,4554516.0,0.35,0.0
34677.0,238605863.0,3.0,355.96,0.0,2766.0,0.0,35.0,2.0,0.0,4881.0,4554716.0,0.35,0.1
34678.0,238615863.0,3.0,355.87,0.0,187.0,0.0,35.0,0.0,0.0,4881.0,4554716.0,0.35,0.1
34679.0,238625863.0,3.0,355.87,0.0,2766.0,0.0,35.0,2.0,0.0,4883.0,4554916.0,0.35,-0.0
34680.0,238635863.0,3.0,355.96,0.0,187.0,0.0,35.0,0.0,0.0,4883.0,4554916.0,0.35,-0.0
34681.0,238645863.0,3.0,355.87,0.0,2766.0,0.0,35.0,2.0,0.0,4885.0,4555116.0,0.35,-0.0
34682.0,238655863.0,3.0,355.87,0.0,187.0,0.0,35.0,0.0,0.0,4885.0,4555116.0,0.35,-0.0
34683.0,238665863.0,3.0,355.87,0.0,2766.0,0.0,35.0,2.0,0.0,4887.0,4555316.0,0.35,0.0
34684.0,238675863.0,3.0,356.04,0.0,187.0,0.0,35.0,0.0,0.0,4887.0,4555316.0,0.35,0.0
34685.0,238685863.0,3.0,356.04,0.0,2766.0,0.0,35.0,2.0,0.0,4889.0,4555516.0,0.35,0.0
34686.0,238695863.0,3.0,355.96,0.0,187.0,0.0,35.0,0.0,0.0,4889.0,4555516.0,0.35,0.0
34687.0,238705863.0,3.0,355.96,0.0,2766.0,0.0,35.0,2.0,0.0,4891.0,4555716.0,0.35,0.0
34688.0,238715863.0,3.0,355.96,0.0,187.0,0.0,35.0,0.0,0.0,4891.0,4555716.0,0.35,0.0
34689.0,238725863.0,3.0,355.96,0.0,2766.0,0.0,35.0,2.0,0.0,4893.0,4555916.0,0.35,-0.0
34690.0,238735863.0,3.0,356.04,0.0,187.0,0.0,35.0,0.0,0.0,4893.0,4555916.0,0.35,-0.0
34691.0,238745863.0,3.0,355.96,0.0,2766.0,0.0,35.0,2.0,0.0,4895.0,4556116.0,0.35,0.0
34692.0,238755863.0,3.0,355.96,0.0,187.0,0.0,35.0,0.0,0.0,4895.0,4556116.0,0.35,0.0
34693.0,238765863.0,3.0,355.96,0.0,2766.0,0.0,35.0,2.0,0.0,4897.0,4556316.0,0.35,0.1
34694.0,238775863.0,3.0,355.96,0.0,187.0,0.0,35.0,0.0,0.0,4897.0,4556316.0,0.35,0.1
34695.0,238785863.0,3.0,356.04,0.0,2766.0,0.0,35.0,2.0,0.0,4899.0,4556516.0,0.35,0.0
34696.0,238795863.0,3.0,356.04,0.0,187.0,0.0,35.0,0.0,0.0,4899.0,4556516.0,0.35,0.0
34697.0,238805863.0,3.0,355.96,0.0,2766.0,0.0,35.0,2.0,0.0,4901.0,4556716.0,0.35,-0.0
34698.0,238815863.0,3.0,355.96,0.0,187.0,0.0,35.0,0.0,0.0,4901.0,4556716.0,0.35,-0.0
34699.0,238825863.0,3.0,355.96,0.0,2766.0,0.0,35.0,2.0,0.0,4903.0,4556916.0,0.35,-0.0
34700.0,238835863.0,3.0,355.96,0.0,187.0,0.0,35.0,0.0,0.0,4903.0,4556916.0,0.35,-0.0
34701.0,238845863.0,3.0,356.04,0.0,2766.0,0.0,35.0,2.0,0.0,4905.0,4557116.0,0.35,0.0
34702.0,238855863.0,3.0,356.04,0.0,187.0,0.0,35.0,0.0,0.0,4905.0,4557116.0,0.35,0.0
34703.0,238865863.0,3.0,355.96,0.0,2766.0,0.0,35.0,2.0,0.0,4907.0,4557316.0,0.36,0.1
34704.0,238875863.0,3.0,356.04,0.0,187.0,0.0,35.0,0.0,0.0,4907.0,4557316.0,0.36,0.1
34705.0,238885863.0,3.0,355.96,0.0,2766.0,0.0,35.0,2.0,0.0,4909.0,4557516.0,0.35,-0.1
34706.0,238895863.0,3.0,355.96,0.0,187.0,0.0,35.0,0.0,0.0,4909.0,4557516.0,0.35,-0.1
34707.0,238905863.0,3.0,355.96,0.0,2766.0,0.0,35.0,2.0,0.0,4911.0,4557716.0,0.35,0.1
34708.0,238915863.0,3.0,355.96,0.0,187.0,0.0,35.0,0.0,0.0,4911.0,4557716.0,0.35,0.1
34709.0,238925863.0,3.0,355.96,0.0,2766.0,0.0,35.0,2.0,0.0,4913.0,4557916.0,0.35,-0.0
34710.0,238935863.0,3.0,356.04,0.0,187.0,0.0,35.0,0.0,0.0,4913.0,4557916.0,0.35,-0.0
34711.0,238945863.0,3.0,355.96,0.0,2766.0,0.0,35.0,2.0,0.0,4915.0,4558116.0,0.35,0.0
34712.0,238955863.0,3.0,356.04,0.0,187.0,0.0,35.0,0.0,0.0,4915.0,4558116.0,0.35,0.0
34713.0,238965863.0,3.0,356.04,0.0,2766.0,0.0,35.0,2.0,0.0,4917.0,4558316.0,0.35,0.0
34714.0,238975863.0,3.0,356.04,0.0,187.0,0.0,35.0,0.0,0.0,4917.0,4558316.0,0.35,0.0
34715.0,238985863.0,3.0,356.04,0.0,2766.0,0.0,35.0,2.0,0.0,4919.0,4558516.0,0.35,-0.0
34716.0,238995863.0,3.0,356.13,0.0,187.0,0.0,35.0,0.0,0.0,4919.0,4558516.0,0.35,-0.0
34717.0,239005863.0,3.0,355.96,0.0,2766.0,0.0,35.0,2.0,0.0,4921.0,4558716.0,0.35,0.1
34718.0,239015863.0,3.0,355.96,0.0,187.0,0.0,35.0,0.0,0.0,4921.0,4558716.0,0.35,0.1
34719.0,239025863.0,3.0,355.96,0.0,2766.0,0.0,35.0,2.0,0.0,4923.0,4558916.0,0.35,-0.0
34720.0,239035863.0,3.0,355.96,0.0,187.0,0.0,35.0,0.0,0.0,4923.0,4558916.0,0.35,-0.0
34721.0,239045863.0,3.0,355.96,0.0,2766.0,0.0,35.0,2.0,0.0,4925.0,4559116.0,0.35,0.0
34722.0,239055863.0,3.0,355.87,0.0,187.0,0.0,35.0,0.0,0.0,4925.0,4559116.0,0.35,0.0
34723.0,239065863.0,3.0,355.96,0.0,2766.0,0.0,35.0,2.0,0.0,4927.0,4559316.0,0.35,0.0
34724.0,239075863.0,3.0,355.96,0.0,187.0,0.0,35.0,0.0,0.0,4927.0,4559316.0,0.35,0.0
34725.0,239085863.0,3.0,356.04,0.0,2766.0,0.0,35.0,2.0,0.0,4929.0,4559516.0,0.35,-0.0
34726.0,239095863.0,3.0,355.96,0.0,187.0,0.0,35.0,0.0,0.0,4929.0,4559516.0,0.35,-0.0
34727.0,239105863.0,3.0,355.96,0.0,2766.0,0.0,35.0,2.0,0.0,4931.0,4559716.0,0.35,-0.0
34728.0,239115863.0,3.0,356.13,0.0,187.0,0.0,35.0,0.0,0.0,4931.0,4559716.0,0.35,-0.0
34729.0,239125863.0,3.0,355.96,0.0,2766.0,0.0,35.0,2.0,0.0,4933.0,4559916.0,0.35,0.1
34730.0,239135863.0,3.0,355.96,0.0,187.0,0.0,35.0,0.0,0.0,4933.0,4559916.0,0.35,0.1
34731.0,239145863.0,3.0,355.96,0.0,2766.0,0.0,35.0,2.0,0.0,4935.0,4560116.0,0.35,0.0
34732.0,239155863.0,3.0,355.96,0.0,187.0,0.0,35.0,0.0,0.0,4935.0,4560116.0,0.35,0.0
34733.0,239165863.0,3.0,356.04,0.0,2766.0,0.0,35.0,2.0,0.0,4937.0,4560316.0,0.35,-0.0
34734.0,239175863.0,3.0,355.96,0.0,187.0,0.0,35.0,0.0,0.0,4937.0,4560316.0,0.35,-0.0
34735.0,239185863.0,3.0,355.96,0.0,2766.0,0.0,35.0,2.0,0.0,4939.0,4560516.0,0.35,-0.1
34736.0,239195863.0,3.0,356.04,0.0,187.0,0.0,35.0,0.0,0.0,4939.0,4560516.0,0.35,-0.1
34737.0,239205863.0,3.0,356.04,0.0,2766.0,0.0,35.0,2.0,0.0,4941.0,4560716.0,0.35,0.1
34738.0,239215863.0,3.0,355.96,0.0,187.0,0.0,35.0,0.0,0.0,4941.0,4560716.0,0.35,0.1
34739.0,239225863.0,3.0,355.96,0.0,2766.0,0.0,35.0,2.0,0.0,4943.0,4560916.0,0.35,0.1
34740.0,239235863.0,3.0,356.04,0.0,187.0,0.0,35.0,0.0,0.0,4943.0,4560916.0,0.35,0.1
34741.0,239245863.0,3.0,356.04,0.0,2766.0,0.0,35.0,2.0,0.0,4945.0,4561116.0,0.36,0.0
34742.0,239255863.0,3.0,356.04,0.0,187.0,0.0,35.0,0.0,0.0,4945.0,4561116.0,0.36,0.0
34743.0,239265863.0,3.0,356.04,0.0,2766.0,0.0,35.0,2.0,0.0,4947.0,4561316.0,0.35,-0.1
34744.0,239275863.0,3.0,355.96,0.0,187.0,0.0,35.0,0.0,0.0,4947.0,4561316.0,0.35,-0.1
34745.0,239285863.0,3.0,356.04,0.0,2766.0,0.0,35.0,2.0,0.0,4949.0,4561516.0,0.35,0.0
34746.0,239295863.0,3.0,355.96,0.0,187.0,0.0,35.0,0.0,0.0,4949.0,4561516.0,0.35,0.0
34747.0,239305863.0,3.0,355.96,0.0,2766.0,0.0,35.0,2.0,0.0,4951.0,4561716.0,0.35,0.1
34748.0,239315863.0,3.0,355.96,0.0,187.0,0.0,35.0,0.0,0.0,4951.0,4561716.0,0.35,0.1
34749.0,239325863.0,3.0,356.04,0.0,2766.0,0.0,35.0,2.0,0.0,4953.0,4561916.0,0.36,0.1
34750.0,239335863.0,3.0,355.96,0.0,187.0,0.0,35.0,0.0,0.0,4953.0,4561916.0,0.36,0.1
34751.0,239345863.0,3.0,355.96,0.0,2766.0,0.0,35.0,2.0,0.0,4955.0,4562116.0,0.36,0.1
34752.0,239355863.0,3.0,355.96,0.0,187.0,0.0,35.0,0.0,0.0,4955.0,4562116.0,0.36,0.1
34753.0,239365863.0,3.0,355.87,0.0,2766.0,0.0,35.0,2.0,0.0,4957.0,4562316.0,0.35,-0.2
34754.0,239375863.0,3.0,355.96,0.0,187.0,0.0,35.0,0.0,0.0,4957.0,4562316.0,0.35,-0.2
34755.0,239385863.0,3.0,356.04,0.0,2766.0,0.0,35.0,2.0,0.0,4959.0,4562516.0,0.35,-0.0
34756.0,239395863.0,3.0,355.87,0.0,187.0,0.0,35.0,0.0,0.0,4959.0,4562516.0,0.35,-0.0
34757.0,239405863.0,3.0,356.04,0.0,2766.0,0.0,35.0,2.0,0.0,4961.0,4562716.0,0.35,-0.0
34758.0,239415863.0,3.0,355.96,0.0,187.0,0.0,35.0,0.0,0.0,4961.0,4562716.0,0.35,-0.0
34759.0,239425863.0,3.0,355.96,0.0,2766.0,0.0,35.0,2.0,0.0,4963.0,4562916.0,0.36,0.2
34760.0,239435863.0,3.0,355.96,0.0,187.0,0.0,35.0,0.0,0.0,4963.0,4562916.0,0.36,0.2
34761.0,239445863.0,3.0,355.96,0.0,2766.0,0.0,35.0,2.0,0.0,4965.0,4563116.0,0.36,0.0
34762.0,239455863.0,3.0,355.96,0.0,187.0,0.0,35.0,0.0,0.0,4965.0,4563116.0,0.36,0.0
34763.0,239465863.0,3.0,355.96,0.0,2766.0,0.0,35.0,2.0,0.0,4967.0,4563316.0,0.36,-0.1
34764.0,239475863.0,3.0,355.96,0.0,187.0,0.0,35.0,0.0,0.0,4967.0,4563316.0,0.36,-0.1
34765.0,239485863.0,3.0,355.87,0.0,2766.0,0.0,35.0,2.0,0.0,4969.0,4563516.0,0.35,-0.0
34766.0,239495863.0,3.0,355.96,0.0,187.0,0.0,35.0,0.0,0.0,4969.0,4563516.0,0.35,-0.0
34767.0,239505863.0,3.0,355.96,0.0,2766.0,0.0,35.0,2.0,0.0,4971.0,4563716.0,0.35,-0.0
34768.0,239515863.0,3.0,355.96,0.0,187.0,0.0,35.0,0.0,0.0,4971.0,4563716.0,0.35,-0.0
34769.0,239525863.0,3.0,355.96,0.0,2766.0,0.0,35.0,2.0,0.0,4973.0,4563916.0,0.35,0.1
34770.0,239535863.0,3.0,355.96,0.0,187.0,0.0,35.0,0.0,0.0,4973.0,4563916.0,0.35,0.1
34771.0,239545863.0,3.0,355.96,0.0,2766.0,0.0,35.0,2.0,0.0,4975.0,4564116.0,0.36,0.0
34772.0,239555863.0,3.0,355.96,0.0,187.0,0.0,35.0,0.0,0.0,4975.0,4564116.0,0.36,0.0
34773.0,239565863.0,3.0,355.96,0.0,2766.0,0.0,35.0,2.0,0.0,4977.0,4564316.0,0.36,0.0
34774.0,239575863.0,3.0,355.96,0.0,187.0,0.0,35.0,0.0,0.0,4977.0,4564316.0,0.36,0.0
34775.0,239585863.0,3.0,355.87,0.0,2766.0,0.0,35.0,2.0,0.0,4979.0,4564516.0,0.36,-0.0
34776.0,239595863.0,3.0,355.96,0.0,187.0,0.0,35.0,0.0,0.0,4979.0,4564516.0,0.36,-0.0
34777.0,239605863.0,3.0,355.96,0.0,2766.0,0.0,35.0,2.0,0.0,4981.0,4564716.0,0.35,-0.1
34778.0,239615863.0,3.0,355.96,0.0,187.0,0.0,35.0,0.0,0.0,4981.0,4564716.0,0.35,-0.1
34779.0,239625863.0,3.0,356.04,0.0,2766.0,0.0,35.0,2.0,0.0,4983.0,4564916.0,0.35,0.0
34780.0,239635863.0,3.0,355.96,0.0,187.0,0.0,35.0,0.0,0.0,4983.0,4564916.0,0.35,0.0
34781.0,239645863.0,3.0,355.96,0.0,2766.0,0.0,35.0,2.0,0.0,4985.0,4565116.0,0.36,0.1
34782.0,239655863.0,3.0,356.04,0.0,187.0,0.0,35.0,0.0,0.0,4985.0,4565116.0,0.36,0.1
34783.0,239665863.0,3.0,355.96,0.0,2766.0,0.0,35.0,2.0,0.0,4987.0,4565316.0,0.36,0.0
34784.0,239675863.0,3.0,355.96,0.0,187.0,0.0,35.0,0.0,0.0,4987.0,4565316.0,0.36,0.0
34785.0,239685863.0,3.0,356.04,0.0,2766.0,0.0,35.0,2.0,0.0,4989.0,4565516.0,0.35,-0.1
34786.0,239695863.0,3.0,355.87,0.0,187.0,0.0,35.0,0.0,0.0,4989.0,4565516.0,0.35,-0.1
34787.0,239705863.0,3.0,355.96,0.0,2766.0,0.0,35.0,2.0,0.0,4991.0,4565716.0,0.35,-0.1
34788.0,239715863.0,3.0,355.96,0.0,187.0,0.0,35.0,0.0,0.0,4991.0,4565716.0,0.35,-0.1
34789.0,239725863.0,3.0,356.04,0.0,2766.0,0.0,35.0,2.0,0.0,4993.0,4565916.0,0.35,0.1
34790.0,239735863.0,3.0,356.04,0.0,187.0,0.0,35.0,0.0,0.0,4993.0,4565916.0,0.35,0.1
34791.0,239745863.0,3.0,355.96,0.0,2766.0,0.0,35.0,2.0,0.0,4995.0,4566116.0,0.36,0.1
34792.0,239755863.0,3.0,355.96,0.0,187.0,0.0,35.0,0.0,0.0,4995.0,4566116.0,0.36,0.1
34793.0,239765863.0,3.0,355.96,0.0,2766.0,0.0,35.0,2.0,0.0,4997.0,4566316.0,0.36,0.0
34794.0,239775863.0,3.0,355.96,0.0,187.0,0.0,35.0,0.0,0.0,4997.0,4566316.0,0.36,0.0
34795.0,239785863.0,3.0,356.04,0.0,2766.0,0.0,35.0,2.0,0.0,4999.0,4566516.0,0.35,-0.1
34796.0,239795863.0,3.0,356.04,0.0,187.0,0.0,35.0,0.0,0.0,4999.0,4566516.0,0.35,-0.1
34797.0,239805863.0,3.0,355.96,0.0,1476.0,0.0,35.0,1.0,0.0,5000.0,4566616.0,0.35,-0.1
34798.0,239815863.0,3.0,355.87,0.0,2766.0,0.0,35.0,2.0,0.0,5002.0,4566816.0,0.35,0.1
34799.0,239825863.0,3.0,355.96,0.0,187.0,0.0,35.0,0.0,0.0,5002.0,4566816.0,0.35,0.1
34800.0,239835863.0,3.0,355.96,0.0,2766.0,0.0,35.0,2.0,0.0,5004.0,4567016.0,0.36,0.1
34801.0,239845863.0,3.0,356.04,0.0,187.0,0.0,35.0,0.0,0.0,5004.0,4567016.0,0.36,0.1
34802.0,239855863.0,3.0,355.96,0.0,2766.0,0.0,35.0,2.0,0.0,5006.0,4567216.0,0.36,0.1
34803.0,239865863.0,3.0,355.87,0.0,187.0,0.0,35.0,0.0,0.0,5006.0,4567216.0,0.36,0.1
34804.0,239875863.0,3.0,355.96,0.0,2766.0,0.0,35.0,2.0,0.0,5008.0,4567416.0,0.36,-0.0
34805.0,239885863.0,3.0,355.96,0.0,187.0,0.0,35.0,0.0,0.0,5008.0,4567416.0,0.36,-0.0
34806.0,239895863.0,3.0,355.96,0.0,2766.0,0.0,35.0,2.0,0.0,5010.0,4567616.0,0.35,-0.1
34807.0,239905863.0,3.0,355.96,0.0,187.0,0.0,35.0,0.0,0.0,5010.0,4567616.0,0.35,-0.1
34808.0,239915863.0,3.0,356.04,0.0,2766.0,0.0,35.0,2.0,0.0,5012.0,4567816.0,0.35,0.1
34809.0,239925863.0,3.0,355.96,0.0,187.0,0.0,35.0,0.0,0.0,5012.0,4567816.0,0.35,0.1
34810.0,239935863.0,3.0,355.96,0.0,2766.0,0.0,35.0,2.0,0.0,5014.0,4568016.0,0.36,0.1
34811.0,239945863.0,3.0,355.96,0.0,187.0,0.0,35.0,0.0,0.0,5014.0,4568016.0,0.36,0.1
34812.0,239955863.0,3.0,356.04,0.0,2766.0,0.0,35.0,2.0,0.0,5016.0,4568216.0,0.36,0.0
34813.0,239965863.0,3.0,355.87,0.0,187.0,0.0,35.0,0.0,0.0,5016.0,4568216.0,0.36,0.0
34814.0,239975863.0,3.0,355.96,0.0,2766.0,0.0,35.0,2.0,0.0,5018.0,4568416.0,0.36,-0.1
34815.0,239985863.0,3.0,355.96,0.0,187.0,0.0,35.0,0.0,0.0,5018.0,4568416.0,0.36,-0.1
34816.0,239995863.0,3.0,355.96,0.0,2766.0,0.0,35.0,2.0,0.0,5020.0,4568616.0,0.35,-0.1
34817.0,240005863.0,3.0,355.87,0.0,187.0,0.0,35.0,0.0,0.0,5020.0,4568616.0,0.35,-0.1
34818.0,240015863.0,3.0,356.04,0.0,2766.0,0.0,35.0,2.0,0.0,5022.0,4568816.0,0.35,0.0
34819.0,240025863.0,3.0,356.04,0.0,187.0,0.0,35.0,0.0,0.0,5022.0,4568816.0,0.35,0.0
34820.0,240035863.0,3.0,355.96,0.0,2766.0,0.0,35.0,2.0,0.0,5024.0,4569016.0,0.36,0.1
34821.0,240045863.0,3.0,355.96,0.0,187.0,0.0,35.0,0.0,0.0,5024.0,4569016.0,0.36,0.1
34822.0,240055863.0,3.0,355.96,0.0,2766.0,0.0,35.0,2.0,0.0,5026.0,4569216.0,0.36,-0.0
34823.0,240065863.0,3.0,355.96,0.0,187.0,0.0,35.0,0.0,0.0,5026.0,4569216.0,0.36,-0.0
34824.0,240075863.0,3.0,355.96,0.0,2766.0,0.0,35.0,2.0,0.0,5028.0,4569416.0,0.35,-0.0
34825.0,240085863.0,3.0,355.96,0.0,187.0,0.0,35.0,0.0,0.0,5028.0,4569416.0,0.35,-0.0
34826.0,240095863.0,3.0,355.96,0.0,2766.0,0.0,35.0,2.0,0.0,5030.0,4569616.0,0.35,-0.0
34827.0,240105863.0,3.0,355.96,0.0,187.0,0.0,35.0,0.0,0.0,5030.0,4569616.0,0.35,-0.0
34828.0,240115863.0,3.0,355.96,0.0,2766.0,0.0,35.0,2.0,0.0,5032.0,4569816.0,0.35,0.0
34829.0,240125863.0,3.0,355.96,0.0,187.0,0.0,35.0,0.0,0.0,5032.0,4569816.0,0.35,0.0
34830.0,240135863.0,3.0,355.96,0.0,2766.0,0.0,35.0,2.0,0.0,5034.0,4570016.0,0.35,0.0
34831.0,240145863.0,3.0,355.96,0.0,187.0,0.0,35.0,0.0,0.0,5034.0,4570016.0,0.35,0.0
34832.0,240155863.0,3.0,355.96,0.0,2766.0,0.0,35.0,2.0,0.0,5036.0,4570216.0,0.35,-0.0
34833.0,240165863.0,3.0,355.96,0.0,187.0,0.0,35.0,0.0,0.0,5036.0,4570216.0,0.35,-0.0
34834.0,240175863.0,3.0,355.96,0.0,2766.0,0.0,35.0,2.0,0.0,5038.0,4570416.0,0.35,-0.0
34835.0,240185863.0,3.0,356.04,0.0,187.0,0.0,35.0,0.0,0.0,5038.0,4570416.0,0.35,-0.0
34836.0,240195863.0,3.0,355.96,0.0,2766.0,0.0,35.0,2.0,0.0,5040.0,4570616.0,0.35,-0.0
34837.0,240205863.0,3.0,355.96,0.0,187.0,0.0,35.0,0.0,0.0,5040.0,4570616.0,0.35,-0.0
34838.0,240215863.0,3.0,355.96,0.0,2766.0,0.0,35.0,2.0,0.0,5042.0,4570816.0,0.35,-0.0
34839.0,240225863.0,3.0,355.96,0.0,187.0,0.0,35.0,0.0,0.0,5042.0,4570816.0,0.35,-0.0
34840.0,240235863.0,3.0,356.04,0.0,2766.0,0.0,35.0,2.0,0.0,5044.0,4571016.0,0.35,0.0
34841.0,240245863.0,3.0,355.96,0.0,187.0,0.0,35.0,0.0,0.0,5044.0,4571016.0,0.35,0.0
34842.0,240255863.0,3.0,355.96,0.0,2766.0,0.0,35.0,2.0,0.0,5046.0,4571216.0,0.35,-0.0
34843.0,240265863.0,3.0,356.04,0.0,187.0,0.0,35.0,0.0,0.0,5046.0,4571216.0,0.35,-0.0
34844.0,240275863.0,3.0,355.96,0.0,2766.0,0.0,35.0,2.0,0.0,5048.0,4571416.0,0.35,0.0
34845.0,240285863.0,3.0,356.13,0.0,187.0,0.0,35.0,0.0,0.0,5048.0,4571416.0,0.35,0.0
34846.0,240295863.0,3.0,356.04,0.0,2766.0,0.0,35.0,2.0,0.0,5050.0,4571616.0,0.35,0.1
34847.0,240305863.0,3.0,355.96,0.0,187.0,0.0,35.0,0.0,0.0,5050.0,4571616.0,0.35,0.1
34848.0,240315863.0,3.0,355.96,0.0,2766.0,0.0,35.0,2.0,0.0,5052.0,4571816.0,0.36,0.1
34849.0,240325863.0,3.0,355.87,0.0,187.0,0.0,35.0,0.0,0.0,5052.0,4571816.0,0.36,0.1
34850.0,240335863.0,3.0,356.04,0.0,2766.0,0.0,35.0,2.0,0.0,5054.0,4572016.0,0.35,-0.1
34851.0,240345863.0,3.0,355.87,0.0,187.0,0.0,35.0,0.0,0.0,5054.0,4572016.0,0.35,-0.1
34852.0,240355863.0,3.0,355.87,0.0,2766.0,0.0,35.0,2.0,0.0,5056.0,4572216.0,0.35,-0.0
34853.0,240365863.0,3.0,355.87,0.0,187.0,0.0,35.0,0.0,0.0,5056.0,4572216.0,0.35,-0.0
34854.0,240375863.0,3.0,355.96,0.0,2766.0,0.0,35.0,2.0,0.0,5058.0,4572416.0,0.35,0.1
34855.0,240385863.0,3.0,355.96,0.0,187.0,0.0,35.0,0.0,0.0,5058.0,4572416.0,0.35,0.1
34856.0,240395863.0,3.0,356.04,0.0,2766.0,0.0,35.0,2.0,0.0,5060.0,4572616.0,0.36,0.1
34857.0,240405863.0,3.0,356.04,0.0,187.0,0.0,35.0,0.0,0.0,5060.0,4572616.0,0.36,0.1
34858.0,240415863.0,3.0,356.04,0.0,2766.0,0.0,35.0,2.0,0.0,5062.0,4572816.0,0.36,0.0
34859.0,240425863.0,3.0,356.04,0.0,187.0,0.0,35.0,0.0,0.0,5062.0,4572816.0,0.36,0.0
34860.0,240435863.0,3.0,355.96,0.0,2766.0,0.0,35.0,2.0,0.0,5064.0,4573016.0,0.36,0.1
34861.0,240445863.0,3.0,355.96,0.0,187.0,0.0,35.0,0.0,0.0,5064.0,4573016.0,0.36,0.1
34862.0,240455863.0,3.0,355.96,0.0,2766.0,0.0,35.0,2.0,0.0,5066.0,4573216.0,0.36,-0.1
34863.0,240465863.0,3.0,356.04,0.0,187.0,0.0,35.0,0.0,0.0,5066.0,4573216.0,0.36,-0.1
34864.0,240475863.0,3.0,355.96,0.0,2766.0,0.0,35.0,2.0,0.0,5068.0,4573416.0,0.36,0.0
34865.0,240485863.0,3.0,355.96,0.0,187.0,0.0,35.0,0.0,0.0,5068.0,4573416.0,0.36,0.0
34866.0,240495863.0,3.0,355.96,0.0,2766.0,0.0,35.0,2.0,0.0,5070.0,4573616.0,0.36,0.1
34867.0,240505863.0,3.0,356.04,0.0,187.0,0.0,35.0,0.0,0.0,5070.0,4573616.0,0.36,0.1
34868.0,240515863.0,3.0,355.96,0.0,2766.0,0.0,35.0,2.0,0.0,5072.0,4573816.0,0.36,0.0
34869.0,240525863.0,3.0,356.04,0.0,187.0,0.0,35.0,0.0,0.0,5072.0,4573816.0,0.36,0.0
34870.0,240535863.0,3.0,355.96,0.0,2766.0,0.0,35.0,2.0,0.0,5074.0,4574016.0,0.36,0.0
34871.0,240545863.0,3.0,356.04,0.0,187.0,0.0,35.0,0.0,0.0,5074.0,4574016.0,0.36,0.0
34872.0,240555863.0,3.0,356.04,0.0,2766.0,0.0,35.0,2.0,0.0,5076.0,4574216.0,0.36,-0.0
34873.0,240565863.0,3.0,355.96,0.0,187.0,0.0,35.0,0.0,0.0,5076.0,4574216.0,0.36,-0.0
34874.0,240575863.0,3.0,355.96,0.0,2766.0,0.0,35.0,2.0,0.0,5078.0,4574416.0,0.36,0.0
34875.0,240585863.0,3.0,355.87,0.0,187.0,0.0,35.0,0.0,0.0,5078.0,4574416.0,0.36,0.0
34876.0,240595863.0,3.0,355.96,0.0,2766.0,0.0,35.0,2.0,0.0,5080.0,4574616.0,0.36,-0.0
34877.0,240605863.0,3.0,355.96,0.0,187.0,0.0,35.0,0.0,0.0,5080.0,4574616.0,0.36,-0.0
34878.0,240615863.0,3.0,355.96,0.0,2766.0,0.0,35.0,2.0,0.0,5082.0,4574816.0,0.35,-0.0
34879.0,240625863.0,3.0,355.87,0.0,187.0,0.0,35.0,0.0,0.0,5082.0,4574816.0,0.35,-0.0
34880.0,240635863.0,3.0,355.96,0.0,2766.0,0.0,35.0,2.0,0.0,5084.0,4575016.0,0.36,0.1
34881.0,240645863.0,3.0,355.87,0.0,187.0,0.0,35.0,0.0,0.0,5084.0,4575016.0,0.36,0.1
34882.0,240655863.0,3.0,355.96,0.0,2766.0,0.0,35.0,2.0,0.0,5086.0,4575216.0,0.36,0.1
34883.0,240665863.0,3.0,356.04,0.0,187.0,0.0,35.0,0.0,0.0,5086.0,4575216.0,0.36,0.1
34884.0,240675863.0,3.0,355.96,0.0,2766.0,0.0,35.0,2.0,0.0,5088.0,4575416.0,0.36,-0.1
34885.0,240685863.0,3.0,355.96,0.0,187.0,0.0,35.0,0.0,0.0,5088.0,4575416.0,0.36,-0.1
34886.0,240695863.0,3.0,355.96,0.0,2766.0,0.0,35.0,2.0,0.0,5090.0,4575616.0,0.35,-0.1
34887.0,240705863.0,3.0,355.96,0.0,187.0,0.0,35.0,0.0,0.0,5090.0,4575616.0,0.35,-0.1
34888.0,240715863.0,3.0,355.96,0.0,2766.0,0.0,35.0,2.0,0.0,5092.0,4575816.0,0.36,0.0
34889.0,240725863.0,3.0,355.96,0.0,187.0,0.0,35.0,0.0,0.0,5092.0,4575816.0,0.36,0.0
34890.0,240735863.0,3.0,355.96,0.0,2766.0,0.0,35.0,2.0,0.0,5094.0,4576016.0,0.36,0.1
34891.0,240745863.0,3.0,355.96,0.0,187.0,0.0,35.0,0.0,0.0,5094.0,4576016.0,0.36,0.1
34892.0,240755863.0,3.0,355.96,0.0,2766.0,0.0,35.0,2.0,0.0,5096.0,4576216.0,0.36,0.0
34893.0,240765863.0,3.0,355.96,0.0,187.0,0.0,35.0,0.0,0.0,5096.0,4576216.0,0.36,0.0
34894.0,240775863.0,3.0,356.04,0.0,2766.0,0.0,35.0,2.0,0.0,5098.0,4576416.0,0.36,-0.1
34895.0,240785863.0,3.0,355.96,0.0,187.0,0.0,35.0,0.0,0.0,5098.0,4576416.0,0.36,-0.1
34896.0,240795863.0,3.0,355.96,0.0,2766.0,0.0,35.0,2.0,0.0,5100.0,4576616.0,0.35,-0.0
34897.0,240805863.0,3.0,355.87,0.0,187.0,0.0,35.0,0.0,0.0,5100.0,4576616.0,0.35,-0.0
34898.0,240815863.0,3.0,355.96,0.0,2766.0,0.0,35.0,2.0,0.0,5102.0,4576816.0,0.35,0.1
34899.0,240825863.0,3.0,355.96,0.0,187.0,0.0,35.0,0.0,0.0,5102.0,4576816.0,0.35,0.1
34900.0,240835863.0,3.0,355.96,0.0,2766.0,0.0,35.0,2.0,0.0,5104.0,4577016.0,0.36,0.1
34901.0,240845863.0,3.0,356.04,0.0,187.0,0.0,35.0,0.0,0.0,5104.0,4577016.0,0.36,0.1
34902.0,240855863.0,3.0,355.96,0.0,2766.0,0.0,35.0,2.0,0.0,5106.0,4577216.0,0.36,0.0
34903.0,240865863.0,3.0,355.96,0.0,187.0,0.0,35.0,0.0,0.0,5106.0,4577216.0,0.36,0.0
34904.0,240875863.0,3.0,355.96,0.0,2766.0,0.0,35.0,2.0,0.0,5108.0,4577416.0,0.35,-0.2
34905.0,240885863.0,3.0,355.96,0.0,187.0,0.0,35.0,0.0,0.0,5108.0,4577416.0,0.35,-0.2
34906.0,240895863.0,3.0,355.87,0.0,2766.0,0.0,35.0,2.0,0.0,5110.0,4577616.0,0.35,-0.1
34907.0,240905863.0,3.0,355.96,0.0,187.0,0.0,35.0,0.0,0.0,5110.0,4577616.0,0.35,-0.1
34908.0,240915863.0,3.0,355.96,0.0,2766.0,0.0,35.0,2.0,0.0,5112.0,4577816.0,0.35,0.1
34909.0,240925863.0,3.0,355.96,0.0,187.0,0.0,35.0,0.0,0.0,5112.0,4577816.0,0.35,0.1
34910.0,240935863.0,3.0,355.87,0.0,2766.0,0.0,35.0,2.0,0.0,5114.0,4578016.0,0.36,0.1
34911.0,240945863.0,3.0,355.96,0.0,187.0,0.0,35.0,0.0,0.0,5114.0,4578016.0,0.36,0.1
34912.0,240955863.0,3.0,355.96,0.0,2766.0,0.0,35.0,2.0,0.0,5116.0,4578216.0,0.36,0.0
34913.0,240965863.0,3.0,356.04,0.0,187.0,0.0,35.0,0.0,0.0,5116.0,4578216.0,0.36,0.0
34914.0,240975863.0,3.0,355.87,0.0,2766.0,0.0,35.0,2.0,0.0,5118.0,4578416.0,0.35,-0.4
34915.0,240985863.0,3.0,356.04,0.0,187.0,0.0,35.0,0.0,0.0,5118.0,4578416.0,0.35,-0.4
34916.0,240995863.0,3.0,356.04,0.0,2766.0,0.0,35.0,2.0,0.0,5120.0,4578616.0,0.33,-0.5
34917.0,241005863.0,3.0,355.96,0.0,187.0,0.0,35.0,0.0,0.0,5120.0,4578616.0,0.33,-0.5
34918.0,241015863.0,3.0,355.96,0.0,2766.0,0.0,35.0,2.0,0.0,5122.0,4578816.0,0.35,0.5
34919.0,241025863.0,3.0,355.96,0.0,187.0,0.0,35.0,0.0,0.0,5122.0,4578816.0,0.35,0.5
34920.0,241035863.0,3.0,355.96,0.0,2766.0,0.0,35.0,2.0,0.0,5124.0,4579016.0,0.36,0.3
34921.0,241045863.0,3.0,355.96,0.0,187.0,0.0,35.0,0.0,0.0,5124.0,4579016.0,0.36,0.3
34922.0,241055863.0,3.0,356.04,0.0,2766.0,0.0,35.0,2.0,0.0,5126.0,4579216.0,0.36,0.1
34923.0,241065863.0,3.0,355.96,0.0,187.0,0.0,35.0,0.0,0.0,5126.0,4579216.0,0.36,0.1
34924.0,241075863.0,3.0,356.04,0.0,2766.0,0.0,35.0,2.0,0.0,5128.0,4579416.0,0.35,-0.3
34925.0,241085863.0,3.0,356.04,0.0,187.0,0.0,35.0,0.0,0.0,5128.0,4579416.0,0.35,-0.3
34926.0,241095863.0,3.0,355.96,0.0,1476.0,0.0,35.0,1.0,0.0,5129.0,4579516.0,0.34,-0.5
34927.0,241105863.0,3.0,356.04,0.0,2766.0,0.0,35.0,2.0,0.0,5131.0,4579716.0,0.34,0.1
34928.0,241115863.0,3.0,356.04,0.0,187.0,0.0,35.0,0.0,0.0,5131.0,4579716.0,0.34,0.1
34929.0,241125863.0,3.0,355.96,0.0,2766.0,0.0,35.0,2.0,0.0,5133.0,4579916.0,0.35,0.3
34930.0,241135863.0,3.0,356.04,0.0,187.0,0.0,35.0,0.0,0.0,5133.0,4579916.0,0.35,0.3
34931.0,241145863.0,3.0,355.87,0.0,2766.0,0.0,35.0,2.0,0.0,5135.0,4580116.0,0.36,0.2
34932.0,241155863.0,3.0,355.96,0.0,187.0,0.0,35.0,0.0,0.0,5135.0,4580116.0,0.36,0.2
34933.0,241165863.0,3.0,355.96,0.0,2766.0,0.0,35.0,2.0,0.0,5137.0,4580316.0,0.35,-0.2
34934.0,241175863.0,3.0,355.96,0.0,187.0,0.0,35.0,0.0,0.0,5137.0,4580316.0,0.35,-0.2
34935.0,241185863.0,3.0,355.96,0.0,2766.0,0.0,35.0,2.0,0.0,5139.0,4580516.0,0.34,-0.3
34936.0,241195863.0,3.0,355.87,0.0,187.0,0.0,35.0,0.0,0.0,5139.0,4580516.0,0.34,-0.3
34937.0,241205863.0,3.0,355.96,0.0,2766.0,0.0,35.0,2.0,0.0,5141.0,4580716.0,0.35,0.1
34938.0,241215863.0,3.0,356.04,0.0,187.0,0.0,35.0,0.0,0.0,5141.0,4580716.0,0.35,0.1
34939.0,241225863.0,3.0,355.96,0.0,2766.0,0.0,35.0,2.0,0.0,5143.0,4580916.0,0.35,0.2
34940.0,241235863.0,3.0,355.96,0.0,187.0,0.0,35.0,0.0,0.0,5143.0,4580916.0,0.35,0.2
34941.0,241245863.0,3.0,355.96,0.0,2766.0,0.0,35.0,2.0,0.0,5145.0,4581116.0,0.36,0.1
34942.0,241255863.0,3.0,355.96,0.0,187.0,0.0,35.0,0.0,0.0,5145.0,4581116.0,0.36,0.1
34943.0,241265863.0,3.0,356.04,0.0,2766.0,0.0,35.0,2.0,0.0,5147.0,4581316.0,0.35,-0.2
34944.0,241275863.0,3.0,355.96,0.0,187.0,0.0,35.0,0.0,0.0,5147.0,4581316.0,0.35,-0.2
34945.0,241285863.0,3.0,356.04,0.0,2766.0,0.0,35.0,2.0,0.0,5149.0,4581516.0,0.35,-0.1
34946.0,241295863.0,3.0,356.04,0.0,187.0,0.0,35.0,0.0,0.0,5149.0,4581516.0,0.35,-0.1
34947.0,241305863.0,3.0,356.13,0.0,2766.0,0.0,35.0,2.0,0.0,5151.0,4581716.0,0.35,0.2
34948.0,241315863.0,3.0,355.96,0.0,187.0,0.0,35.0,0.0,0.0,5151.0,4581716.0,0.35,0.2
34949.0,241325863.0,3.0,355.96,0.0,2766.0,0.0,35.0,2.0,0.0,5153.0,4581916.0,0.36,0.1
34950.0,241335863.0,3.0,355.96,0.0,187.0,0.0,35.0,0.0,0.0,5153.0,4581916.0,0.36,0.1
34951.0,241345863.0,3.0,355.96,0.0,2766.0,0.0,35.0,2.0,0.0,5155.0,4582116.0,0.35,-0.2
34952.0,241355863.0,3.0,356.04,0.0,187.0,0.0,35.0,0.0,0.0,5155.0,4582116.0,0.35,-0.2
34953.0,241365863.0,3.0,356.13,0.0,2766.0,0.0,35.0,2.0,0.0,5157.0,4582316.0,0.35,-0.0
34954.0,241375863.0,3.0,356.04,0.0,187.0,0.0,35.0,0.0,0.0,5157.0,4582316.0,0.35,-0.0
34955.0,241385863.0,3.0,356.04,0.0,2766.0,0.0,35.0,2.0,0.0,5159.0,4582516.0,0.35,0.2
34956.0,241395863.0,3.0,356.04,0.0,187.0,0.0,35.0,0.0,0.0,5159.0,4582516.0,0.35,0.2
34957.0,241405863.0,3.0,356.04,0.0,2766.0,0.0,35.0,2.0,0.0,5161.0,4582716.0,0.35,0.0
34958.0,241415863.0,3.0,355.87,0.0,187.0,0.0,35.0,0.0,0.0,5161.0,4582716.0,0.35,0.0
34959.0,241425863.0,3.0,355.96,0.0,2766.0,0.0,35.0,2.0,0.0,5163.0,4582916.0,0.35,-0.1
34960.0,241435863.0,3.0,355.96,0.0,187.0,0.0,35.0,0.0,0.0,5163.0,4582916.0,0.35,-0.1
34961.0,241445863.0,3.0,355.96,0.0,2766.0,0.0,35.0,2.0,0.0,5165.0,4583116.0,0.35,-0.0
34962.0,241455863.0,3.0,355.96,0.0,187.0,0.0,35.0,0.0,0.0,5165.0,4583116.0,0.35,-0.0
34963.0,241465863.0,3.0,355.96,0.0,2766.0,0.0,35.0,2.0,0.0,5167.0,4583316.0,0.35,0.1
34964.0,241475863.0,3.0,355.96,0.0,187.0,0.0,35.0,0.0,0.0,5167.0,4583316.0,0.35,0.1
34965.0,241485863.0,3.0,355.96,0.0,2766.0,0.0,35.0,2.0,0.0,5169.0,4583516.0,0.35,0.1
34966.0,241495863.0,3.0,355.96,0.0,187.0,0.0,35.0,0.0,0.0,5169.0,4583516.0,0.35,0.1
34967.0,241505863.0,3.0,356.04,0.0,2766.0,0.0,35.0,2.0,0.0,5171.0,4583716.0,0.35,0.0
34968.0,241515863.0,3.0,355.87,0.0,187.0,0.0,35.0,0.0,0.0,5171.0,4583716.0,0.35,0.0
34969.0,241525863.0,3.0,355.96,0.0,2766.0,0.0,35.0,2.0,0.0,5173.0,4583916.0,0.35,-0.0
34970.0,241535863.0,3.0,355.96,0.0,187.0,0.0,35.0,0.0,0.0,5173.0,4583916.0,0.35,-0.0
34971.0,241545863.0,3.0,355.96,0.0,2766.0,0.0,35.0,2.0,0.0,5175.0,4584116.0,0.35,-0.0
34972.0,241555863.0,3.0,355.96,0.0,187.0,0.0,35.0,0.0,0.0,5175.0,4584116.0,0.35,-0.0
34973.0,241565863.0,3.0,355.96,0.0,2766.0,0.0,35.0,2.0,0.0,5177.0,4584316.0,0.35,0.1
34974.0,241575863.0,3.0,355.87,0.0,187.0,0.0,35.0,0.0,0.0,5177.0,4584316.0,0.35,0.1
34975.0,241585863.0,3.0,355.87,0.0,2766.0,0.0,35.0,2.0,0.0,5179.0,4584516.0,0.36,0.1
34976.0,241595863.0,3.0,355.96,0.0,187.0,0.0,35.0,0.0,0.0,5179.0,4584516.0,0.36,0.1
34977.0,241605863.0,3.0,355.96,0.0,2766.0,0.0,35.0,2.0,0.0,5181.0,4584716.0,0.36,-0.0
34978.0,241615863.0,3.0,356.04,0.0,187.0,0.0,35.0,0.0,0.0,5181.0,4584716.0,0.36,-0.0
34979.0,241625863.0,3.0,355.96,0.0,2766.0,0.0,35.0,2.0,0.0,5183.0,4584916.0,0.35,-0.1
34980.0,241635863.0,3.0,355.96,0.0,187.0,0.0,35.0,0.0,0.0,5183.0,4584916.0,0.35,-0.1
34981.0,241645863.0,3.0,356.04,0.0,2766.0,0.0,35.0,2.0,0.0,5185.0,4585116.0,0.35,-0.2
34982.0,241655863.0,3.0,355.87,0.0,187.0,0.0,35.0,0.0,0.0,5185.0,4585116.0,0.35,-0.2
34983.0,241665863.0,3.0,355.96,0.0,2766.0,0.0,35.0,2.0,0.0,5187.0,4585316.0,0.35,0.1
34984.0,241675863.0,3.0,356.04,0.0,187.0,0.0,35.0,0.0,0.0,5187.0,4585316.0,0.35,0.1
34985.0,241685863.0,3.0,356.04,0.0,2766.0,0.0,35.0,2.0,0.0,5189.0,4585516.0,0.35,-0.0
34986.0,241695863.0,3.0,355.96,0.0,187.0,0.0,35.0,0.0,0.0,5189.0,4585516.0,0.35,-0.0
34987.0,241705863.0,3.0,355.96,0.0,2766.0,0.0,35.0,2.0,0.0,5191.0,4585716.0,0.35,0.1
34988.0,241715863.0,3.0,355.96,0.0,187.0,0.0,35.0,0.0,0.0,5191.0,4585716.0,0.35,0.1
34989.0,241725863.0,3.0,355.96,0.0,2766.0,0.0,35.0,2.0,0.0,5193.0,4585916.0,0.35,-0.2
34990.0,241735863.0,3.0,355.96,0.0,187.0,0.0,35.0,0.0,0.0,5193.0,4585916.0,0.35,-0.2
34991.0,241745863.0,3.0,355.96,0.0,2766.0,0.0,35.0,2.0,0.0,5195.0,4586116.0,0.35,-0.2
34992.0,241755863.0,3.0,356.04,0.0,187.0,0.0,35.0,0.0,0.0,5195.0,4586116.0,0.35,-0.2
34993.0,241765863.0,3.0,355.96,0.0,2766.0,0.0,35.0,2.0,0.0,5197.0,4586316.0,0.35,0.1
34994.0,241775863.0,3.0,356.04,0.0,187.0,0.0,35.0,0.0,0.0,5197.0,4586316.0,0.35,0.1
34995.0,241785863.0,3.0,356.04,0.0,2766.0,0.0,35.0,2.0,0.0,5199.0,4586516.0,0.35,-0.1
34996.0,241795863.0,3.0,356.04,0.0,187.0,0.0,35.0,0.0,0.0,5199.0,4586516.0,0.35,-0.1
34997.0,241805863.0,3.0,356.04,0.0,2766.0,0.0,35.0,2.0,0.0,5201.0,4586716.0,0.34,-0.1
34998.0,241815863.0,3.0,356.04,0.0,187.0,0.0,35.0,0.0,0.0,5201.0,4586716.0,0.34,-0.1
34999.0,241825863.0,3.0,355.96,0.0,2766.0,0.0,35.0,2.0,0.0,5203.0,4586916.0,0.34,0.0
35000.0,241835863.0,3.0,355.96,0.0,187.0,0.0,35.0,0.0,0.0,5203.0,4586916.0,0.34,0.0
35001.0,241845863.0,3.0,355.96,0.0,2766.0,0.0,35.0,2.0,0.0,5205.0,4587116.0,0.34,-0.1
35002.0,241855863.0,3.0,355.96,0.0,187.0,0.0,35.0,0.0,0.0,5205.0,4587116.0,0.34,-0.1
35003.0,241865863.0,3.0,355.96,0.0,2766.0,0.0,35.0,2.0,0.0,5207.0,4587316.0,0.34,-0.1
35004.0,241875863.0,3.0,356.04,0.0,187.0,0.0,35.0,0.0,0.0,5207.0,4587316.0,0.34,-0.1
35005.0,241885863.0,3.0,355.87,0.0,2766.0,0.0,35.0,2.0,0.0,5209.0,4587516.0,0.34,-0.0
35006.0,241895863.0,3.0,355.96,0.0,187.0,0.0,35.0,0.0,0.0,5209.0,4587516.0,0.34,-0.0
35007.0,241905863.0,3.0,355.96,0.0,2766.0,0.0,35.0,2.0,0.0,5211.0,4587716.0,0.34,0.0
35008.0,241915863.0,3.0,355.96,0.0,187.0,0.0,35.0,0.0,0.0,5211.0,4587716.0,0.34,0.0
35009.0,241925863.0,3.0,355.87,0.0,2766.0,0.0,35.0,2.0,0.0,5213.0,4587916.0,0.34,0.1
35010.0,241935863.0,3.0,356.04,0.0,187.0,0.0,35.0,0.0,0.0,5213.0,4587916.0,0.34,0.1
35011.0,241945863.0,3.0,355.96,0.0,2766.0,0.0,35.0,2.0,0.0,5215.0,4588116.0,0.34,-0.1
35012.0,241955863.0,3.0,356.04,0.0,187.0,0.0,35.0,0.0,0.0,5215.0,4588116.0,0.34,-0.1
35013.0,241965863.0,3.0,355.96,0.0,2766.0,0.0,35.0,2.0,0.0,5217.0,4588316.0,0.34,0.1
35014.0,241975863.0,3.0,356.04,0.0,187.0,0.0,35.0,0.0,0.0,5217.0,4588316.0,0.34,0.1
35015.0,241985863.0,3.0,356.04,0.0,2766.0,0.0,35.0,2.0,0.0,5219.0,4588516.0,0.35,0.2
35016.0,241995863.0,3.0,355.96,0.0,187.0,0.0,35.0,0.0,0.0,5219.0,4588516.0,0.35,0.2
35017.0,242005863.0,3.0,355.87,0.0,2766.0,0.0,35.0,2.0,0.0,5221.0,4588716.0,0.34,0.1
35018.0,242015863.0,3.0,355.96,0.0,187.0,0.0,35.0,0.0,0.0,5221.0,4588716.0,0.34,0.1
35019.0,242025863.0,3.0,355.96,0.0,2766.0,0.0,35.0,2.0,0.0,5223.0,4588916.0,0.35,0.2
35020.0,242035863.0,3.0,355.96,0.0,187.0,0.0,35.0,0.0,0.0,5223.0,4588916.0,0.35,0.2
35021.0,242045863.0,3.0,355.96,0.0,2766.0,0.0,35.0,2.0,0.0,5225.0,4589116.0,0.35,-0.0
35022.0,242055863.0,3.0,355.96,0.0,187.0,0.0,35.0,0.0,0.0,5225.0,4589116.0,0.35,-0.0
35023.0,242065863.0,3.0,355.96,0.0,2766.0,0.0,35.0,2.0,0.0,5227.0,4589316.0,0.35,-0.0
35024.0,242075863.0,3.0,355.87,0.0,187.0,0.0,35.0,0.0,0.0,5227.0,4589316.0,0.35,-0.0
35025.0,242085863.0,3.0,355.96,0.0,2766.0,0.0,35.0,2.0,0.0,5229.0,4589516.0,0.35,0.0
35026.0,242095863.0,3.0,356.04,0.0,187.0,0.0,35.0,0.0,0.0,5229.0,4589516.0,0.35,0.0
35027.0,242105863.0,3.0,355.87,0.0,2766.0,0.0,35.0,2.0,0.0,5231.0,4589716.0,0.35,0.1
35028.0,242115863.0,3.0,356.04,0.0,187.0,0.0,35.0,0.0,0.0,5231.0,4589716.0,0.35,0.1
35029.0,242125863.0,3.0,356.04,0.0,2766.0,0.0,35.0,2.0,0.0,5233.0,4589916.0,0.36,0.2
35030.0,242135863.0,3.0,355.96,0.0,187.0,0.0,35.0,0.0,0.0,5233.0,4589916.0,0.36,0.2
35031.0,242145863.0,3.0,355.96,0.0,2766.0,0.0,35.0,2.0,0.0,5235.0,4590116.0,0.36,0.0
35032.0,242155863.0,3.0,355.96,0.0,187.0,0.0,35.0,0.0,0.0,5235.0,4590116.0,0.36,0.0
35033.0,242165863.0,3.0,355.96,0.0,2766.0,0.0,35.0,2.0,0.0,5237.0,4590316.0,0.35,-0.1
35034.0,242175863.0,3.0,355.96,0.0,187.0,0.0,35.0,0.0,0.0,5237.0,4590316.0,0.35,-0.1
35035.0,242185863.0,3.0,355.87,0.0,2766.0,0.0,35.0,2.0,0.0,5239.0,4590516.0,0.35,0.0
35036.0,242195863.0,3.0,355.96,0.0,187.0,0.0,35.0,0.0,0.0,5239.0,4590516.0,0.35,0.0
35037.0,242205863.0,3.0,355.96,0.0,2766.0,0.0,35.0,2.0,0.0,5241.0,4590716.0,0.35,0.1
35038.0,242215863.0,3.0,355.96,0.0,187.0,0.0,35.0,0.0,0.0,5241.0,4590716.0,0.35,0.1
35039.0,242225863.0,3.0,356.04,0.0,2766.0,0.0,35.0,2.0,0.0,5243.0,4590916.0,0.36,0.0
35040.0,242235863.0,3.0,355.96,0.0,187.0,0.0,35.0,0.0,0.0,5243.0,4590916.0,0.36,0.0
35041.0,242245863.0,3.0,356.04,0.0,2766.0,0.0,35.0,2.0,0.0,5245.0,4591116.0,0.35,-0.0
35042.0,242255863.0,3.0,355.96,0.0,187.0,0.0,35.0,0.0,0.0,5245.0,4591116.0,0.35,-0.0
35043.0,242265863.0,3.0,355.96,0.0,2766.0,0.0,35.0,2.0,0.0,5247.0,4591316.0,0.35,-0.0
35044.0,242275863.0,3.0,355.96,0.0,187.0,0.0,35.0,0.0,0.0,5247.0,4591316.0,0.35,-0.0
35045.0,242285863.0,3.0,355.96,0.0,2766.0,0.0,35.0,2.0,0.0,5249.0,4591516.0,0.35,-0.0
35046.0,242295863.0,3.0,356.04,0.0,187.0,0.0,35.0,0.0,0.0,5249.0,4591516.0,0.35,-0.0
35047.0,242305863.0,3.0,355.87,0.0,2766.0,0.0,35.0,2.0,0.0,5251.0,4591716.0,0.35,0.0
35048.0,242315863.0,3.0,355.96,0.0,187.0,0.0,35.0,0.0,0.0,5251.0,4591716.0,0.35,0.0
35049.0,242325863.0,3.0,356.04,0.0,2766.0,0.0,35.0,2.0,0.0,5253.0,4591916.0,0.36,0.0
35050.0,242335863.0,3.0,356.04,0.0,187.0,0.0,35.0,0.0,0.0,5253.0,4591916.0,0.36,0.0
35051.0,242345863.0,3.0,355.87,0.0,2766.0,0.0,35.0,2.0,0.0,5255.0,4592116.0,0.35,-0.0
35052.0,242355863.0,3.0,355.96,0.0,187.0,0.0,35.0,0.0,0.0,5255.0,4592116.0,0.35,-0.0
35053.0,242365863.0,3.0,355.96,0.0,2766.0,0.0,35.0,2.0,0.0,5257.0,4592316.0,0.35,-0.2
35054.0,242375863.0,3.0,355.96,0.0,187.0,0.0,35.0,0.0,0.0,5257.0,4592316.0,0.35,-0.2
35055.0,242385863.0,3.0,355.96,0.0,1476.0,0.0,35.0,1.0,0.0,5258.0,4592416.0,0.35,-0.3
35056.0,242395863.0,3.0,356.04,0.0,2766.0,0.0,35.0,2.0,0.0,5260.0,4592616.0,0.35,0.1
35057.0,242405863.0,3.0,356.04,0.0,187.0,0.0,35.0,0.0,0.0,5260.0,4592616.0,0.35,0.1
35058.0,242415863.0,3.0,355.96,0.0,2766.0,0.0,35.0,2.0,0.0,5262.0,4592816.0,0.35,0.1
35059.0,242425863.0,3.0,355.96,0.0,187.0,0.0,35.0,0.0,0.0,5262.0,4592816.0,0.35,0.1
35060.0,242435863.0,3.0,355.96,0.0,2766.0,0.0,35.0,2.0,0.0,5264.0,4593016.0,0.35,-0.1
35061.0,242445863.0,3.0,355.96,0.0,187.0,0.0,35.0,0.0,0.0,5264.0,4593016.0,0.35,-0.1
35062.0,242455863.0,3.0,355.96,0.0,2766.0,0.0,35.0,2.0,0.0,5266.0,4593216.0,0.35,-0.1
35063.0,242465863.0,3.0,355.96,0.0,187.0,0.0,35.0,0.0,0.0,5266.0,4593216.0,0.35,-0.1
35064.0,242475863.0,3.0,355.96,0.0,2766.0,0.0,35.0,2.0,0.0,5268.0,4593416.0,0.34,-0.1
35065.0,242485863.0,3.0,355.96,0.0,187.0,0.0,35.0,0.0,0.0,5268.0,4593416.0,0.34,-0.1
35066.0,242495863.0,3.0,355.96,0.0,2766.0,0.0,35.0,2.0,0.0,5270.0,4593616.0,0.35,0.1
35067.0,242505863.0,3.0,355.96,0.0,187.0,0.0,35.0,0.0,0.0,5270.0,4593616.0,0.35,0.1
35068.0,242515863.0,3.0,355.96,0.0,2766.0,0.0,35.0,2.0,0.0,5272.0,4593816.0,0.35,0.1
35069.0,242525863.0,3.0,355.96,0.0,187.0,0.0,35.0,0.0,0.0,5272.0,4593816.0,0.35,0.1
35070.0,242535863.0,3.0,355.96,0.0,2766.0,0.0,35.0,2.0,0.0,5274.0,4594016.0,0.35,-0.0
35071.0,242545863.0,3.0,355.96,0.0,187.0,0.0,35.0,0.0,0.0,5274.0,4594016.0,0.35,-0.0
35072.0,242555863.0,3.0,355.96,0.0,2766.0,0.0,35.0,2.0,0.0,5276.0,4594216.0,0.34,-0.2
35073.0,242565863.0,3.0,355.96,0.0,187.0,0.0,35.0,0.0,0.0,5276.0,4594216.0,0.34,-0.2
35074.0,242575863.0,3.0,355.87,0.0,2766.0,0.0,35.0,2.0,0.0,5278.0,4594416.0,0.34,0.1
35075.0,242585863.0,3.0,355.87,0.0,187.0,0.0,35.0,0.0,0.0,5278.0,4594416.0,0.34,0.1
35076.0,242595863.0,3.0,355.96,0.0,2766.0,0.0,35.0,2.0,0.0,5280.0,4594616.0,0.35,0.3
35077.0,242605863.0,3.0,356.04,0.0,187.0,0.0,35.0,0.0,0.0,5280.0,4594616.0,0.35,0.3
35078.0,242615863.0,3.0,355.96,0.0,2766.0,0.0,35.0,2.0,0.0,5282.0,4594816.0,0.35,0.2
35079.0,242625863.0,3.0,356.04,0.0,187.0,0.0,35.0,0.0,0.0,5282.0,4594816.0,0.35,0.2
35080.0,242635863.0,3.0,355.96,0.0,2766.0,0.0,35.0,2.0,0.0,5284.0,4595016.0,0.35,-0.1
35081.0,242645863.0,3.0,356.04,0.0,187.0,0.0,35.0,0.0,0.0,5284.0,4595016.0,0.35,-0.1
35082.0,242655863.0,3.0,356.04,0.0,2766.0,0.0,35.0,2.0,0.0,5286.0,4595216.0,0.34,-0.2
35083.0,242665863.0,3.0,356.04,0.0,187.0,0.0,35.0,0.0,0.0,5286.0,4595216.0,0.34,-0.2
35084.0,242675863.0,3.0,356.04,0.0,2766.0,0.0,35.0,2.0,0.0,5288.0,4595416.0,0.34,0.1
35085.0,242685863.0,3.0,356.04,0.0,187.0,0.0,35.0,0.0,0.0,5288.0,4595416.0,0.34,0.1
35086.0,242695863.0,3.0,355.96,0.0,2766.0,0.0,35.0,2.0,0.0,5290.0,4595616.0,0.35,0.2
35087.0,242705863.0,3.0,355.96,0.0,187.0,0.0,35.0,0.0,0.0,5290.0,4595616.0,0.35,0.2
35088.0,242715863.0,3.0,355.96,0.0,2766.0,0.0,35.0,2.0,0.0,5292.0,4595816.0,0.35,-0.0
35089.0,242725863.0,3.0,355.96,0.0,187.0,0.0,35.0,0.0,0.0,5292.0,4595816.0,0.35,-0.0
35090.0,242735863.0,3.0,355.96,0.0,2766.0,0.0,35.0,2.0,0.0,5294.0,4596016.0,0.34,-0.1
35091.0,242745863.0,3.0,356.04,0.0,187.0,0.0,35.0,0.0,0.0,5294.0,4596016.0,0.34,-0.1
35092.0,242755863.0,3.0,356.04,0.0,2766.0,0.0,35.0,2.0,0.0,5296.0,4596216.0,0.35,0.1
35093.0,242765863.0,3.0,355.96,0.0,187.0,0.0,35.0,0.0,0.0,5296.0,4596216.0,0.35,0.1
35094.0,242775863.0,3.0,356.04,0.0,2766.0,0.0,35.0,2.0,0.0,5298.0,4596416.0,0.34,-0.1
35095.0,242785863.0,3.0,355.96,0.0,187.0,0.0,35.0,0.0,0.0,5298.0,4596416.0,0.34,-0.1
35096.0,242795863.0,3.0,355.96,0.0,2766.0,0.0,35.0,2.0,0.0,5300.0,4596616.0,0.35,-0.1
35097.0,242805863.0,3.0,355.96,0.0,187.0,0.0,35.0,0.0,0.0,5300.0,4596616.0,0.35,-0.1
35098.0,242815863.0,3.0,355.87,0.0,2766.0,0.0,35.0,2.0,0.0,5302.0,4596816.0,0.34,-0.0
35099.0,242825863.0,3.0,355.96,0.0,187.0,0.0,35.0,0.0,0.0,5302.0,4596816.0,0.34,-0.0
35100.0,242835863.0,3.0,356.04,0.0,2766.0,0.0,35.0,2.0,0.0,5304.0,4597016.0,0.34,0.0
35101.0,242845863.0,3.0,355.96,0.0,187.0,0.0,35.0,0.0,0.0,5304.0,4597016.0,0.34,0.0
35102.0,242855863.0,3.0,355.96,0.0,2766.0,0.0,35.0,2.0,0.0,5306.0,4597216.0,0.34,-0.1
35103.0,242865863.0,3.0,355.96,0.0,187.0,0.0,35.0,0.0,0.0,5306.0,4597216.0,0.34,-0.1
35104.0,242875863.0,3.0,355.96,0.0,2766.0,0.0,35.0,2.0,0.0,5308.0,4597416.0,0.34,-0.0
35105.0,242885863.0,3.0,355.96,0.0,187.0,0.0,35.0,0.0,0.0,5308.0,4597416.0,0.34,-0.0
35106.0,242895863.0,3.0,355.96,0.0,2766.0,0.0,35.0,2.0,0.0,5310.0,4597616.0,0.34,-0.0
35107.0,242905863.0,3.0,356.04,0.0,187.0,0.0,35.0,0.0,0.0,5310.0,4597616.0,0.34,-0.0
35108.0,242915863.0,3.0,355.96,0.0,2766.0,0.0,35.0,2.0,0.0,5312.0,4597816.0,0.34,0.0
35109.0,242925863.0,3.0,356.04,0.0,187.0,0.0,35.0,0.0,0.0,5312.0,4597816.0,0.34,0.0
35110.0,242935863.0,3.0,355.96,0.0,2766.0,0.0,35.0,2.0,0.0,5314.0,4598016.0,0.34,0.0
35111.0,242945863.0,3.0,355.96,0.0,187.0,0.0,35.0,0.0,0.0,5314.0,4598016.0,0.34,0.0
35112.0,242955863.0,3.0,355.96,0.0,2766.0,0.0,35.0,2.0,0.0,5316.0,4598216.0,0.34,0.0
35113.0,242965863.0,3.0,355.96,0.0,187.0,0.0,35.0,0.0,0.0,5316.0,4598216.0,0.34,0.0
35114.0,242975863.0,3.0,355.96,0.0,2766.0,0.0,35.0,2.0,0.0,5318.0,4598416.0,0.34,-0.0
35115.0,242985863.0,3.0,355.96,0.0,187.0,0.0,35.0,0.0,0.0,5318.0,4598416.0,0.34,-0.0
35116.0,242995863.0,3.0,355.96,0.0,2766.0,0.0,35.0,2.0,0.0,5320.0,4598616.0,0.34,-0.0
35117.0,243005863.0,3.0,355.87,0.0,187.0,0.0,35.0,0.0,0.0,5320.0,4598616.0,0.34,-0.0
35118.0,243015863.0,3.0,355.96,0.0,2766.0,0.0,35.0,2.0,0.0,5322.0,4598816.0,0.34,0.0
35119.0,243025863.0,3.0,355.87,0.0,187.0,0.0,35.0,0.0,0.0,5322.0,4598816.0,0.34,0.0
35120.0,243035863.0,3.0,355.96,0.0,2766.0,0.0,35.0,2.0,0.0,5324.0,4599016.0,0.34,0.1
35121.0,243045863.0,3.0,356.04,0.0,187.0,0.0,35.0,0.0,0.0,5324.0,4599016.0,0.34,0.1
35122.0,243055863.0,3.0,355.96,0.0,2766.0,0.0,35.0,2.0,0.0,5326.0,4599216.0,0.35,0.2
35123.0,243065863.0,3.0,355.96,0.0,187.0,0.0,35.0,0.0,0.0,5326.0,4599216.0,0.35,0.2
35124.0,243075863.0,3.0,355.96,0.0,2766.0,0.0,35.0,2.0,0.0,5328.0,4599416.0,0.34,-0.0
35125.0,243085863.0,3.0,355.96,0.0,187.0,0.0,35.0,0.0,0.0,5328.0,4599416.0,0.34,-0.0
35126.0,243095863.0,3.0,355.96,0.0,2766.0,0.0,35.0,2.0,0.0,5330.0,4599616.0,0.34,0.0
35127.0,243105863.0,3.0,356.04,0.0,187.0,0.0,35.0,0.0,0.0,5330.0,4599616.0,0.34,0.0
35128.0,243115863.0,3.0,356.04,0.0,2766.0,0.0,35.0,2.0,0.0,5332.0,4599816.0,0.35,0.1
35129.0,243125863.0,3.0,355.87,0.0,187.0,0.0,35.0,0.0,0.0,5332.0,4599816.0,0.35,0.1
35130.0,243135863.0,3.0,355.96,0.0,2766.0,0.0,35.0,2.0,0.0,5334.0,4600016.0,0.35,0.1
35131.0,243145863.0,3.0,355.96,0.0,187.0,0.0,35.0,0.0,0.0,5334.0,4600016.0,0.35,0.1
35132.0,243155863.0,3.0,355.96,0.0,2766.0,0.0,35.0,2.0,0.0,5336.0,4600216.0,0.35,0.0
35133.0,243165863.0,3.0,355.96,0.0,187.0,0.0,35.0,0.0,0.0,5336.0,4600216.0,0.35,0.0
35134.0,243175863.0,3.0,355.96,0.0,2766.0,0.0,35.0,2.0,0.0,5338.0,4600416.0,0.34,-0.1
35135.0,243185863.0,3.0,356.04,0.0,187.0,0.0,35.0,0.0,0.0,5338.0,4600416.0,0.34,-0.1
35136.0,243195863.0,3.0,355.87,0.0,2766.0,0.0,35.0,2.0,0.0,5340.0,4600616.0,0.34,-0.1
35137.0,243205863.0,3.0,355.96,0.0,187.0,0.0,35.0,0.0,0.0,5340.0,4600616.0,0.34,-0.1
35138.0,243215863.0,3.0,356.04,0.0,2766.0,0.0,35.0,2.0,0.0,5342.0,4600816.0,0.34,-0.0
35139.0,243225863.0,3.0,356.04,0.0,187.0,0.0,35.0,0.0,0.0,5342.0,4600816.0,0.34,-0.0
35140.0,243235863.0,3.0,355.96,0.0,2766.0,0.0,35.0,2.0,0.0,5344.0,4601016.0,0.34,0.1
35141.0,243245863.0,3.0,355.96,0.0,187.0,0.0,35.0,0.0,0.0,5344.0,4601016.0,0.34,0.1
35142.0,243255863.0,3.0,355.96,0.0,2766.0,0.0,35.0,2.0,0.0,5346.0,4601216.0,0.34,0.1
35143.0,243265863.0,3.0,355.96,0.0,187.0,0.0,35.0,0.0,0.0,5346.0,4601216.0,0.34,0.1
35144.0,243275863.0,3.0,355.96,0.0,2766.0,0.0,35.0,2.0,0.0,5348.0,4601416.0,0.34,-0.1
35145.0,243285863.0,3.0,355.96,0.0,187.0,0.0,35.0,0.0,0.0,5348.0,4601416.0,0.34,-0.1
35146.0,243295863.0,3.0,356.04,0.0,2766.0,0.0,35.0,2.0,0.0,5350.0,4601616.0,0.34,-0.1
35147.0,243305863.0,3.0,355.96,0.0,187.0,0.0,35.0,0.0,0.0,5350.0,4601616.0,0.34,-0.1
35148.0,243315863.0,3.0,356.04,0.0,2766.0,0.0,35.0,2.0,0.0,5352.0,4601816.0,0.34,0.1
35149.0,243325863.0,3.0,355.96,0.0,187.0,0.0,35.0,0.0,0.0,5352.0,4601816.0,0.34,0.1
35150.0,243335863.0,3.0,356.04,0.0,2766.0,0.0,35.0,2.0,0.0,5354.0,4602016.0,0.34,0.1
35151.0,243345863.0,3.0,355.96,0.0,187.0,0.0,35.0,0.0,0.0,5354.0,4602016.0,0.34,0.1
35152.0,243355863.0,3.0,355.96,0.0,2766.0,0.0,35.0,2.0,0.0,5356.0,4602216.0,0.34,-0.0
35153.0,243365863.0,3.0,355.96,0.0,187.0,0.0,35.0,0.0,0.0,5356.0,4602216.0,0.34,-0.0
35154.0,243375863.0,3.0,355.96,0.0,2766.0,0.0,35.0,2.0,0.0,5358.0,4602416.0,0.34,-0.1
35155.0,243385863.0,3.0,355.96,0.0,187.0,0.0,35.0,0.0,0.0,5358.0,4602416.0,0.34,-0.1
35156.0,243395863.0,3.0,355.96,0.0,2766.0,0.0,35.0,2.0,0.0,5360.0,4602616.0,0.34,0.1
35157.0,243405863.0,3.0,356.04,0.0,187.0,0.0,35.0,0.0,0.0,5360.0,4602616.0,0.34,0.1
35158.0,243415863.0,3.0,355.96,0.0,2766.0,0.0,35.0,2.0,0.0,5362.0,4602816.0,0.34,0.0
35159.0,243425863.0,3.0,355.96,0.0,187.0,0.0,35.0,0.0,0.0,5362.0,4602816.0,0.34,0.0
35160.0,243435863.0,3.0,355.87,0.0,2766.0,0.0,35.0,2.0,0.0,5364.0,4603016.0,0.34,0.1
35161.0,243445863.0,3.0,355.96,0.0,187.0,0.0,35.0,0.0,0.0,5364.0,4603016.0,0.34,0.1
35162.0,243455863.0,3.0,355.96,0.0,2766.0,0.0,35.0,2.0,0.0,5366.0,4603216.0,0.34,-0.0
35163.0,243465863.0,3.0,355.96,0.0,187.0,0.0,35.0,0.0,0.0,5366.0,4603216.0,0.34,-0.0
35164.0,243475863.0,3.0,355.96,0.0,2766.0,0.0,35.0,2.0,0.0,5368.0,4603416.0,0.34,0.0
35165.0,243485863.0,3.0,355.96,0.0,187.0,0.0,35.0,0.0,0.0,5368.0,4603416.0,0.34,0.0
35166.0,243495863.0,3.0,355.96,0.0,2766.0,0.0,35.0,2.0,0.0,5370.0,4603616.0,0.34,-0.0
35167.0,243505863.0,3.0,355.96,0.0,187.0,0.0,35.0,0.0,0.0,5370.0,4603616.0,0.34,-0.0
35168.0,243515863.0,3.0,355.96,0.0,2766.0,0.0,35.0,2.0,0.0,5372.0,4603816.0,0.34,-0.0
35169.0,243525863.0,3.0,355.96,0.0,187.0,0.0,35.0,0.0,0.0,5372.0,4603816.0,0.34,-0.0
35170.0,243535863.0,3.0,355.96,0.0,2766.0,0.0,35.0,2.0,0.0,5374.0,4604016.0,0.34,0.1
35171.0,243545863.0,3.0,355.96,0.0,187.0,0.0,35.0,0.0,0.0,5374.0,4604016.0,0.34,0.1
35172.0,243555863.0,3.0,355.87,0.0,2766.0,0.0,35.0,2.0,0.0,5376.0,4604216.0,0.35,-0.0
35173.0,243565863.0,3.0,355.96,0.0,187.0,0.0,35.0,0.0,0.0,5376.0,4604216.0,0.35,-0.0
35174.0,243575863.0,3.0,355.96,0.0,2766.0,0.0,35.0,2.0,0.0,5378.0,4604416.0,0.35,0.0
35175.0,243585863.0,3.0,355.96,0.0,187.0,0.0,35.0,0.0,0.0,5378.0,4604416.0,0.35,0.0
35176.0,243595863.0,3.0,356.04,0.0,2766.0,0.0,35.0,2.0,0.0,5380.0,4604616.0,0.34,-0.0
35177.0,243605863.0,3.0,356.04,0.0,187.0,0.0,35.0,0.0,0.0,5380.0,4604616.0,0.34,-0.0
35178.0,243615863.0,3.0,356.04,0.0,2766.0,0.0,35.0,2.0,0.0,5382.0,4604816.0,0.34,-0.1
35179.0,243625863.0,3.0,355.96,0.0,187.0,0.0,35.0,0.0,0.0,5382.0,4604816.0,0.34,-0.1
35180.0,243635863.0,3.0,355.96,0.0,2766.0,0.0,35.0,2.0,0.0,5384.0,4605016.0,0.34,-0.0
35181.0,243645863.0,3.0,355.96,0.0,187.0,0.0,35.0,0.0,0.0,5384.0,4605016.0,0.34,-0.0
35182.0,243655863.0,3.0,355.96,0.0,2766.0,0.0,35.0,2.0,0.0,5386.0,4605216.0,0.34,0.1
35183.0,243665863.0,3.0,355.96,0.0,187.0,0.0,35.0,0.0,0.0,5386.0,4605216.0,0.34,0.1
35184.0,243675863.0,3.0,355.87,0.0,1476.0,0.0,35.0,1.0,0.0,5387.0,4605316.0,0.34,-0.0
35185.0,243685863.0,3.0,356.04,0.0,2766.0,0.0,35.0,2.0,0.0,5389.0,4605516.0,0.34,-0.0
35186.0,243695863.0,3.0,356.04,0.0,187.0,0.0,35.0,0.0,0.0,5389.0,4605516.0,0.34,-0.0
35187.0,243705863.0,3.0,356.04,0.0,2766.0,0.0,35.0,2.0,0.0,5391.0,4605716.0,0.34,-0.0
35188.0,243715863.0,3.0,356.04,0.0,187.0,0.0,35.0,0.0,0.0,5391.0,4605716.0,0.34,-0.0
35189.0,243725863.0,3.0,355.96,0.0,2766.0,0.0,35.0,2.0,0.0,5393.0,4605916.0,0.34,0.0
35190.0,243735863.0,3.0,355.96,0.0,187.0,0.0,35.0,0.0,0.0,5393.0,4605916.0,0.34,0.0
35191.0,243745863.0,3.0,355.96,0.0,2766.0,0.0,35.0,2.0,0.0,5395.0,4606116.0,0.34,-0.1
35192.0,243755863.0,3.0,355.96,0.0,187.0,0.0,35.0,0.0,0.0,5395.0,4606116.0,0.34,-0.1
35193.0,243765863.0,3.0,355.87,0.0,2766.0,0.0,35.0,2.0,0.0,5397.0,4606316.0,0.34,0.0
35194.0,243775863.0,3.0,356.04,0.0,187.0,0.0,35.0,0.0,0.0,5397.0,4606316.0,0.34,0.0
35195.0,243785863.0,3.0,355.96,0.0,2766.0,0.0,35.0,2.0,0.0,5399.0,4606516.0,0.34,0.0
35196.0,243795863.0,3.0,356.04,0.0,187.0,0.0,35.0,0.0,0.0,5399.0,4606516.0,0.34,0.0
35197.0,243805863.0,3.0,356.04,0.0,2766.0,0.0,35.0,2.0,0.0,5401.0,4606716.0,0.34,-0.0
35198.0,243815863.0,3.0,356.04,0.0,187.0,0.0,35.0,0.0,0.0,5401.0,4606716.0,0.34,-0.0
35199.0,243825863.0,3.0,355.96,0.0,2766.0,0.0,35.0,2.0,0.0,5403.0,4606916.0,0.34,-0.1
35200.0,243835863.0,3.0,356.04,0.0,187.0,0.0,35.0,0.0,0.0,5403.0,4606916.0,0.34,-0.1
35201.0,243845863.0,3.0,356.04,0.0,2766.0,0.0,35.0,2.0,0.0,5405.0,4607116.0,0.34,0.0
35202.0,243855863.0,3.0,355.87,0.0,187.0,0.0,35.0,0.0,0.0,5405.0,4607116.0,0.34,0.0
35203.0,243865863.0,3.0,355.96,0.0,2766.0,0.0,35.0,2.0,0.0,5407.0,4607316.0,0.34,0.1
35204.0,243875863.0,3.0,355.96,0.0,187.0,0.0,35.0,0.0,0.0,5407.0,4607316.0,0.34,0.1
35205.0,243885863.0,3.0,355.87,0.0,2766.0,0.0,35.0,2.0,0.0,5409.0,4607516.0,0.34,0.1
35206.0,243895863.0,3.0,355.96,0.0,187.0,0.0,35.0,0.0,0.0,5409.0,4607516.0,0.34,0.1
35207.0,243905863.0,3.0,355.96,0.0,2766.0,0.0,35.0,2.0,0.0,5411.0,4607716.0,0.34,0.0
35208.0,243915863.0,3.0,355.96,0.0,187.0,0.0,35.0,0.0,0.0,5411.0,4607716.0,0.34,0.0
35209.0,243925863.0,3.0,356.04,0.0,2766.0,0.0,35.0,2.0,0.0,5413.0,4607916.0,0.34,0.0
35210.0,243935863.0,3.0,355.96,0.0,187.0,0.0,35.0,0.0,0.0,5413.0,4607916.0,0.34,0.0
35211.0,243945863.0,3.0,356.04,0.0,2766.0,0.0,35.0,2.0,0.0,5415.0,4608116.0,0.34,0.1
35212.0,243955863.0,3.0,356.04,0.0,187.0,0.0,35.0,0.0,0.0,5415.0,4608116.0,0.34,0.1
35213.0,243965863.0,3.0,355.96,0.0,2766.0,0.0,35.0,2.0,0.0,5417.0,4608316.0,0.34,-0.1
35214.0,243975863.0,3.0,356.04,0.0,187.0,0.0,35.0,0.0,0.0,5417.0,4608316.0,0.34,-0.1
35215.0,243985863.0,3.0,355.96,0.0,2766.0,0.0,35.0,2.0,0.0,5419.0,4608516.0,0.34,-0.0
35216.0,243995863.0,3.0,355.87,0.0,187.0,0.0,35.0,0.0,0.0,5419.0,4608516.0,0.34,-0.0
35217.0,244005863.0,3.0,356.04,0.0,2766.0,0.0,35.0,2.0,0.0,5421.0,4608716.0,0.34,0.0
35218.0,244015863.0,3.0,355.96,0.0,187.0,0.0,35.0,0.0,0.0,5421.0,4608716.0,0.34,0.0
35219.0,244025863.0,3.0,355.96,0.0,2766.0,0.0,35.0,2.0,0.0,5423.0,4608916.0,0.34,-0.1
35220.0,244035863.0,3.0,355.96,0.0,187.0,0.0,35.0,0.0,0.0,5423.0,4608916.0,0.34,-0.1
35221.0,244045863.0,3.0,356.04,0.0,2766.0,0.0,35.0,2.0,0.0,5425.0,4609116.0,0.34,0.0
35222.0,244055863.0,3.0,355.96,0.0,187.0,0.0,35.0,0.0,0.0,5425.0,4609116.0,0.34,0.0
35223.0,244065863.0,3.0,355.96,0.0,2766.0,0.0,35.0,2.0,0.0,5427.0,4609316.0,0.34,0.1
35224.0,244075863.0,3.0,356.04,0.0,187.0,0.0,35.0,0.0,0.0,5427.0,4609316.0,0.34,0.1
35225.0,244085863.0,3.0,356.04,0.0,2766.0,0.0,35.0,2.0,0.0,5429.0,4609516.0,0.34,-0.0
35226.0,244095863.0,3.0,355.87,0.0,187.0,0.0,35.0,0.0,0.0,5429.0,4609516.0,0.34,-0.0
35227.0,244105863.0,3.0,355.96,0.0,2766.0,0.0,35.0,2.0,0.0,5431.0,4609716.0,0.34,0.1
35228.0,244115863.0,3.0,355.96,0.0,187.0,0.0,35.0,0.0,0.0,5431.0,4609716.0,0.34,0.1
35229.0,244125863.0,3.0,355.96,0.0,2766.0,0.0,35.0,2.0,0.0,5433.0,4609916.0,0.34,-0.1
35230.0,244135863.0,3.0,355.96,0.0,187.0,0.0,35.0,0.0,0.0,5433.0,4609916.0,0.34,-0.1
35231.0,244145863.0,3.0,355.96,0.0,2766.0,0.0,35.0,2.0,0.0,5435.0,4610116.0,0.34,-0.0
35232.0,244155863.0,3.0,355.96,0.0,187.0,0.0,35.0,0.0,0.0,5435.0,4610116.0,0.34,-0.0
35233.0,244165863.0,3.0,355.96,0.0,2766.0,0.0,35.0,2.0,0.0,5437.0,4610316.0,0.34,0.0
35234.0,244175863.0,3.0,356.04,0.0,187.0,0.0,35.0,0.0,0.0,5437.0,4610316.0,0.34,0.0
35235.0,244185863.0,3.0,355.96,0.0,2766.0,0.0,35.0,2.0,0.0,5439.0,4610516.0,0.34,0.1
35236.0,244195863.0,3.0,355.96,0.0,187.0,0.0,35.0,0.0,0.0,5439.0,4610516.0,0.34,0.1
35237.0,244205863.0,3.0,355.96,0.0,2766.0,0.0,35.0,2.0,0.0,5441.0,4610716.0,0.34,-0.1
35238.0,244215863.0,3.0,355.96,0.0,187.0,0.0,35.0,0.0,0.0,5441.0,4610716.0,0.34,-0.1
35239.0,244225863.0,3.0,355.96,0.0,2766.0,0.0,35.0,2.0,0.0,5443.0,4610916.0,0.34,0.0
35240.0,244235863.0,3.0,355.96,0.0,187.0,0.0,35.0,0.0,0.0,5443.0,4610916.0,0.34,0.0
35241.0,244245863.0,3.0,356.04,0.0,2766.0,0.0,35.0,2.0,0.0,5445.0,4611116.0,0.34,-0.0
35242.0,244255863.0,3.0,356.04,0.0,187.0,0.0,35.0,0.0,0.0,5445.0,4611116.0,0.34,-0.0
35243.0,244265863.0,3.0,355.96,0.0,2766.0,0.0,35.0,2.0,0.0,5447.0,4611316.0,0.34,-0.1
35244.0,244275863.0,3.0,355.96,0.0,187.0,0.0,35.0,0.0,0.0,5447.0,4611316.0,0.34,-0.1
35245.0,244285863.0,3.0,355.96,0.0,2766.0,0.0,35.0,2.0,0.0,5449.0,4611516.0,0.34,0.2
35246.0,244295863.0,3.0,356.04,0.0,187.0,0.0,35.0,0.0,0.0,5449.0,4611516.0,0.34,0.2
35247.0,244305863.0,3.0,355.96,0.0,2766.0,0.0,35.0,2.0,0.0,5451.0,4611716.0,0.34,-0.0
35248.0,244315863.0,3.0,356.04,0.0,187.0,0.0,35.0,0.0,0.0,5451.0,4611716.0,0.34,-0.0
35249.0,244325863.0,3.0,355.96,0.0,2766.0,0.0,35.0,2.0,0.0,5453.0,4611916.0,0.34,-0.1
35250.0,244335863.0,3.0,355.96,0.0,187.0,0.0,35.0,0.0,0.0,5453.0,4611916.0,0.34,-0.1
35251.0,244345863.0,3.0,355.96,0.0,2766.0,0.0,35.0,2.0,0.0,5455.0,4612116.0,0.34,-0.0
35252.0,244355863.0,3.0,355.96,0.0,187.0,0.0,35.0,0.0,0.0,5455.0,4612116.0,0.34,-0.0
35253.0,244365863.0,3.0,355.96,0.0,2766.0,0.0,35.0,2.0,0.0,5457.0,4612316.0,0.34,0.0
35254.0,244375863.0,3.0,355.96,0.0,187.0,0.0,35.0,0.0,0.0,5457.0,4612316.0,0.34,0.0
35255.0,244385863.0,3.0,355.96,0.0,2766.0,0.0,35.0,2.0,0.0,5459.0,4612516.0,0.34,0.0
35256.0,244395863.0,3.0,355.96,0.0,187.0,0.0,35.0,0.0,0.0,5459.0,4612516.0,0.34,0.0
35257.0,244405863.0,3.0,356.04,0.0,2766.0,0.0,35.0,2.0,0.0,5461.0,4612716.0,0.34,-0.0
35258.0,244415863.0,3.0,355.96,0.0,187.0,0.0,35.0,0.0,0.0,5461.0,4612716.0,0.34,-0.0
35259.0,244425863.0,3.0,355.96,0.0,2766.0,0.0,35.0,2.0,0.0,5463.0,4612916.0,0.34,0.1
35260.0,244435863.0,3.0,355.96,0.0,187.0,0.0,35.0,0.0,0.0,5463.0,4612916.0,0.34,0.1
35261.0,244445863.0,3.0,355.96,0.0,2766.0,0.0,35.0,2.0,0.0,5465.0,4613116.0,0.34,0.0
35262.0,244455863.0,3.0,355.96,0.0,187.0,0.0,35.0,0.0,0.0,5465.0,4613116.0,0.34,0.0
35263.0,244465863.0,3.0,355.96,0.0,2766.0,0.0,35.0,2.0,0.0,5467.0,4613316.0,0.34,0.0
35264.0,244475863.0,3.0,356.04,0.0,187.0,0.0,35.0,0.0,0.0,5467.0,4613316.0,0.34,0.0
35265.0,244485863.0,3.0,355.96,0.0,2766.0,0.0,35.0,2.0,0.0,5469.0,4613516.0,0.34,-0.0
35266.0,244495863.0,3.0,355.87,0.0,187.0,0.0,35.0,0.0,0.0,5469.0,4613516.0,0.34,-0.0
35267.0,244505863.0,3.0,356.04,0.0,2766.0,0.0,35.0,2.0,0.0,5471.0,4613716.0,0.34,-0.1
35268.0,244515863.0,3.0,355.96,0.0,187.0,0.0,35.0,0.0,0.0,5471.0,4613716.0,0.34,-0.1
35269.0,244525863.0,3.0,355.96,0.0,2766.0,0.0,35.0,2.0,0.0,5473.0,4613916.0,0.34,-0.0
35270.0,244535863.0,3.0,355.96,0.0,187.0,0.0,35.0,0.0,0.0,5473.0,4613916.0,0.34,-0.0
35271.0,244545863.0,3.0,355.96,0.0,2766.0,0.0,35.0,2.0,0.0,5475.0,4614116.0,0.34,-0.0
35272.0,244555863.0,3.0,355.96,0.0,187.0,0.0,35.0,0.0,0.0,5475.0,4614116.0,0.34,-0.0
35273.0,244565863.0,3.0,355.96,0.0,2766.0,0.0,35.0,2.0,0.0,5477.0,4614316.0,0.34,0.0
35274.0,244575863.0,3.0,355.87,0.0,187.0,0.0,35.0,0.0,0.0,5477.0,4614316.0,0.34,0.0
35275.0,244585863.0,3.0,356.04,0.0,2766.0,0.0,35.0,2.0,0.0,5479.0,4614516.0,0.34,0.0
35276.0,244595863.0,3.0,355.96,0.0,187.0,0.0,35.0,0.0,0.0,5479.0,4614516.0,0.34,0.0
35277.0,244605863.0,3.0,355.96,0.0,2766.0,0.0,35.0,2.0,0.0,5481.0,4614716.0,0.34,-0.0
35278.0,244615863.0,3.0,355.96,0.0,187.0,0.0,35.0,0.0,0.0,5481.0,4614716.0,0.34,-0.0
35279.0,244625863.0,3.0,355.96,0.0,2766.0,0.0,35.0,2.0,0.0,5483.0,4614916.0,0.34,-0.1
35280.0,244635863.0,3.0,355.96,0.0,187.0,0.0,35.0,0.0,0.0,5483.0,4614916.0,0.34,-0.1
35281.0,244645863.0,3.0,355.96,0.0,2766.0,0.0,35.0,2.0,0.0,5485.0,4615116.0,0.34,0.1
35282.0,244655863.0,3.0,355.87,0.0,187.0,0.0,35.0,0.0,0.0,5485.0,4615116.0,0.34,0.1
35283.0,244665863.0,3.0,355.96,0.0,2766.0,0.0,35.0,2.0,0.0,5487.0,4615316.0,0.34,-0.0
35284.0,244675863.0,3.0,355.96,0.0,187.0,0.0,35.0,0.0,0.0,5487.0,4615316.0,0.34,-0.0
35285.0,244685863.0,3.0,355.96,0.0,2766.0,0.0,35.0,2.0,0.0,5489.0,4615516.0,0.34,-0.0
35286.0,244695863.0,3.0,356.04,0.0,187.0,0.0,35.0,0.0,0.0,5489.0,4615516.0,0.34,-0.0
35287.0,244705863.0,3.0,356.04,0.0,2766.0,0.0,35.0,2.0,0.0,5491.0,4615716.0,0.34,0.1
35288.0,244715863.0,3.0,355.96,0.0,187.0,0.0,35.0,0.0,0.0,5491.0,4615716.0,0.34,0.1
35289.0,244725863.0,3.0,355.96,0.0,2766.0,0.0,35.0,2.0,0.0,5493.0,4615916.0,0.34,0.0
35290.0,244735863.0,3.0,355.96,0.0,187.0,0.0,35.0,0.0,0.0,5493.0,4615916.0,0.34,0.0
35291.0,244745863.0,3.0,355.96,0.0,2766.0,0.0,35.0,2.0,0.0,5495.0,4616116.0,0.34,0.1
35292.0,244755863.0,3.0,356.04,0.0,187.0,0.0,35.0,0.0,0.0,5495.0,4616116.0,0.34,0.1
35293.0,244765863.0,3.0,355.96,0.0,2766.0,0.0,35.0,2.0,0.0,5497.0,4616316.0,0.34,0.0
35294.0,244775863.0,3.0,355.96,0.0,187.0,0.0,35.0,0.0,0.0,5497.0,4616316.0,0.34,0.0
35295.0,244785863.0,3.0,355.96,0.0,2766.0,0.0,35.0,2.0,0.0,5499.0,4616516.0,0.34,-0.0
35296.0,244795863.0,3.0,355.96,0.0,187.0,0.0,35.0,0.0,0.0,5499.0,4616516.0,0.34,-0.0
35297.0,244805863.0,3.0,355.96,0.0,2766.0,0.0,35.0,2.0,0.0,5501.0,4616716.0,0.34,-0.0
35298.0,244815863.0,3.0,355.96,0.0,187.0,0.0,35.0,0.0,0.0,5501.0,4616716.0,0.34,-0.0
35299.0,244825863.0,3.0,355.96,0.0,2766.0,0.0,35.0,2.0,0.0,5503.0,4616916.0,0.34,0.0
35300.0,244835863.0,3.0,355.96,0.0,187.0,0.0,35.0,0.0,0.0,5503.0,4616916.0,0.34,0.0
35301.0,244845863.0,3.0,355.96,0.0,2766.0,0.0,35.0,2.0,0.0,5505.0,4617116.0,0.34,0.1
35302.0,244855863.0,3.0,355.96,0.0,187.0,0.0,35.0,0.0,0.0,5505.0,4617116.0,0.34,0.1
35303.0,244865863.0,3.0,355.87,0.0,2766.0,0.0,35.0,2.0,0.0,5507.0,4617316.0,0.34,0.0
35304.0,244875863.0,3.0,356.04,0.0,187.0,0.0,35.0,0.0,0.0,5507.0,4617316.0,0.34,0.0
35305.0,244885863.0,3.0,355.96,0.0,2766.0,0.0,35.0,2.0,0.0,5509.0,4617516.0,0.34,-0.0
35306.0,244895863.0,3.0,355.96,0.0,187.0,0.0,35.0,0.0,0.0,5509.0,4617516.0,0.34,-0.0
35307.0,244905863.0,3.0,356.04,0.0,2766.0,0.0,35.0,2.0,0.0,5511.0,4617716.0,0.34,-0.1
35308.0,244915863.0,3.0,355.96,0.0,187.0,0.0,35.0,0.0,0.0,5511.0,4617716.0,0.34,-0.1
35309.0,244925863.0,3.0,355.96,0.0,2766.0,0.0,35.0,2.0,0.0,5513.0,4617916.0,0.34,0.1
35310.0,244935863.0,3.0,355.96,0.0,187.0,0.0,35.0,0.0,0.0,5513.0,4617916.0,0.34,0.1
35311.0,244945863.0,3.0,355.96,0.0,2766.0,0.0,35.0,2.0,0.0,5515.0,4618116.0,0.34,-0.0
35312.0,244955863.0,3.0,355.96,0.0,187.0,0.0,35.0,0.0,0.0,5515.0,4618116.0,0.34,-0.0
35313.0,244965863.0,3.0,355.96,0.0,1476.0,0.0,35.0,1.0,0.0,5516.0,4618216.0,0.34,-0.0
35314.0,244975863.0,3.0,355.96,0.0,2766.0,0.0,35.0,2.0,0.0,5518.0,4618416.0,0.34,-0.1
35315.0,244985863.0,3.0,355.96,0.0,187.0,0.0,35.0,0.0,0.0,5518.0,4618416.0,0.34,-0.1
35316.0,244995863.0,3.0,355.96,0.0,2766.0,0.0,35.0,2.0,0.0,5520.0,4618616.0,0.34,0.1
35317.0,245005863.0,3.0,355.96,0.0,187.0,0.0,35.0,0.0,0.0,5520.0,4618616.0,0.34,0.1
35318.0,245015863.0,3.0,355.96,0.0,2766.0,0.0,35.0,2.0,0.0,5522.0,4618816.0,0.34,0.0
35319.0,245025863.0,3.0,356.04,0.0,187.0,0.0,35.0,0.0,0.0,5522.0,4618816.0,0.34,0.0
35320.0,245035863.0,3.0,355.96,0.0,2766.0,0.0,35.0,2.0,0.0,5524.0,4619016.0,0.34,0.0
35321.0,245045863.0,3.0,355.96,0.0,187.0,0.0,35.0,0.0,0.0,5524.0,4619016.0,0.34,0.0
35322.0,245055863.0,3.0,356.04,0.0,2766.0,0.0,35.0,2.0,0.0,5526.0,4619216.0,0.34,-0.1
35323.0,245065863.0,3.0,355.87,0.0,187.0,0.0,35.0,0.0,0.0,5526.0,4619216.0,0.34,-0.1
35324.0,245075863.0,3.0,355.96,0.0,2766.0,0.0,35.0,2.0,0.0,5528.0,4619416.0,0.34,-0.0
35325.0,245085863.0,3.0,355.96,0.0,187.0,0.0,35.0,0.0,0.0,5528.0,4619416.0,0.34,-0.0
35326.0,245095863.0,3.0,356.04,0.0,2766.0,0.0,35.0,2.0,0.0,5530.0,4619616.0,0.34,0.1
35327.0,245105863.0,3.0,355.96,0.0,187.0,0.0,35.0,0.0,0.0,5530.0,4619616.0,0.34,0.1
35328.0,245115863.0,3.0,355.96,0.0,2766.0,0.0,35.0,2.0,0.0,5532.0,4619816.0,0.34,-0.0
35329.0,245125863.0,3.0,355.96,0.0,187.0,0.0,35.0,0.0,0.0,5532.0,4619816.0,0.34,-0.0
35330.0,245135863.0,3.0,355.96,0.0,2766.0,0.0,35.0,2.0,0.0,5534.0,4620016.0,0.34,0.0
35331.0,245145863.0,3.0,355.96,0.0,187.0,0.0,35.0,0.0,0.0,5534.0,4620016.0,0.34,0.0
35332.0,245155863.0,3.0,355.96,0.0,2766.0,0.0,35.0,2.0,0.0,5536.0,4620216.0,0.34,0.0
35333.0,245165863.0,3.0,355.96,0.0,187.0,0.0,35.0,0.0,0.0,5536.0,4620216.0,0.34,0.0
35334.0,245175863.0,3.0,355.96,0.0,2766.0,0.0,35.0,2.0,0.0,5538.0,4620416.0,0.34,0.0
35335.0,245185863.0,3.0,355.96,0.0,187.0,0.0,35.0,0.0,0.0,5538.0,4620416.0,0.34,0.0
35336.0,245195863.0,3.0,355.96,0.0,2766.0,0.0,35.0,2.0,0.0,5540.0,4620616.0,0.34,0.1
35337.0,245205863.0,3.0,355.87,0.0,187.0,0.0,35.0,0.0,0.0,5540.0,4620616.0,0.34,0.1
35338.0,245215863.0,3.0,356.04,0.0,2766.0,0.0,35.0,2.0,0.0,5542.0,4620816.0,0.34,0.1
35339.0,245225863.0,3.0,356.04,0.0,187.0,0.0,35.0,0.0,0.0,5542.0,4620816.0,0.34,0.1
35340.0,245235863.0,3.0,355.96,0.0,2766.0,0.0,35.0,2.0,0.0,5544.0,4621016.0,0.34,-0.0
35341.0,245245863.0,3.0,355.96,0.0,187.0,0.0,35.0,0.0,0.0,5544.0,4621016.0,0.34,-0.0
35342.0,245255863.0,3.0,355.96,0.0,2766.0,0.0,35.0,2.0,0.0,5546.0,4621216.0,0.34,-0.0
35343.0,245265863.0,3.0,356.04,0.0,187.0,0.0,35.0,0.0,0.0,5546.0,4621216.0,0.34,-0.0
35344.0,245275863.0,3.0,355.96,0.0,2766.0,0.0,35.0,2.0,0.0,5548.0,4621416.0,0.34,0.1
35345.0,245285863.0,3.0,355.96,0.0,187.0,0.0,35.0,0.0,0.0,5548.0,4621416.0,0.34,0.1
35346.0,245295863.0,3.0,355.96,0.0,2766.0,0.0,35.0,2.0,0.0,5550.0,4621616.0,0.35,0.1
35347.0,245305863.0,3.0,355.96,0.0,187.0,0.0,35.0,0.0,0.0,5550.0,4621616.0,0.35,0.1
35348.0,245315863.0,3.0,355.96,0.0,2766.0,0.0,35.0,2.0,0.0,5552.0,4621816.0,0.35,0.1
35349.0,245325863.0,3.0,355.96,0.0,187.0,0.0,35.0,0.0,0.0,5552.0,4621816.0,0.35,0.1
35350.0,245335863.0,3.0,355.96,0.0,2766.0,0.0,35.0,2.0,0.0,5554.0,4622016.0,0.35,0.1
35351.0,245345863.0,3.0,355.96,0.0,187.0,0.0,35.0,0.0,0.0,5554.0,4622016.0,0.35,0.1
35352.0,245355863.0,3.0,355.96,0.0,2766.0,0.0,35.0,2.0,0.0,5556.0,4622216.0,0.35,0.1
35353.0,245365863.0,3.0,355.96,0.0,187.0,0.0,35.0,0.0,0.0,5556.0,4622216.0,0.35,0.1
35354.0,245375863.0,3.0,355.96,0.0,2766.0,0.0,35.0,2.0,0.0,5558.0,4622416.0,0.35,0.1
35355.0,245385863.0,3.0,355.96,0.0,187.0,0.0,35.0,0.0,0.0,5558.0,4622416.0,0.35,0.1
35356.0,245395863.0,3.0,355.96,0.0,2766.0,0.0,35.0,2.0,0.0,5560.0,4622616.0,0.35,0.0
35357.0,245405863.0,3.0,355.87,0.0,187.0,0.0,35.0,0.0,0.0,5560.0,4622616.0,0.35,0.0
35358.0,245415863.0,3.0,355.96,0.0,2766.0,0.0,35.0,2.0,0.0,5562.0,4622816.0,0.36,0.0
35359.0,245425863.0,3.0,356.04,0.0,187.0,0.0,35.0,0.0,0.0,5562.0,4622816.0,0.36,0.0
35360.0,245435863.0,3.0,355.96,0.0,2766.0,0.0,35.0,2.0,0.0,5564.0,4623016.0,0.36,0.1
35361.0,245445863.0,3.0,355.96,0.0,187.0,0.0,35.0,0.0,0.0,5564.0,4623016.0,0.36,0.1
35362.0,245455863.0,3.0,355.96,0.0,2766.0,0.0,35.0,2.0,0.0,5566.0,4623216.0,0.36,0.0
35363.0,245465863.0,3.0,355.96,0.0,187.0,0.0,35.0,0.0,0.0,5566.0,4623216.0,0.36,0.0
35364.0,245475863.0,3.0,355.96,0.0,2766.0,0.0,35.0,2.0,0.0,5568.0,4623416.0,0.36,0.1
35365.0,245485863.0,3.0,356.04,0.0,187.0,0.0,35.0,0.0,0.0,5568.0,4623416.0,0.36,0.1
35366.0,245495863.0,3.0,355.87,0.0,2766.0,0.0,35.0,2.0,0.0,5570.0,4623616.0,0.36,0.1
35367.0,245505863.0,3.0,355.96,0.0,187.0,0.0,35.0,0.0,0.0,5570.0,4623616.0,0.36,0.1
35368.0,245515863.0,3.0,355.87,0.0,2766.0,0.0,35.0,2.0,0.0,5572.0,4623816.0,0.36,0.1
35369.0,245525863.0,3.0,355.96,0.0,187.0,0.0,35.0,0.0,0.0,5572.0,4623816.0,0.36,0.1
35370.0,245535863.0,3.0,355.96,0.0,2766.0,0.0,35.0,2.0,0.0,5574.0,4624016.0,0.36,-0.0
35371.0,245545863.0,3.0,355.96,0.0,187.0,0.0,35.0,0.0,0.0,5574.0,4624016.0,0.36,-0.0
35372.0,245555863.0,3.0,355.96,0.0,2766.0,0.0,35.0,2.0,0.0,5576.0,4624216.0,0.36,-0.1
35373.0,245565863.0,3.0,355.96,0.0,187.0,0.0,35.0,0.0,0.0,5576.0,4624216.0,0.36,-0.1
35374.0,245575863.0,3.0,356.04,0.0,2766.0,0.0,35.0,2.0,0.0,5578.0,4624416.0,0.36,0.0
35375.0,245585863.0,3.0,356.04,0.0,187.0,0.0,35.0,0.0,0.0,5578.0,4624416.0,0.36,0.0
35376.0,245595863.0,3.0,355.87,0.0,2766.0,0.0,35.0,2.0,0.0,5580.0,4624616.0,0.36,0.1
35377.0,245605863.0,3.0,355.96,0.0,187.0,0.0,35.0,0.0,0.0,5580.0,4624616.0,0.36,0.1
35378.0,245615863.0,3.0,355.96,0.0,2766.0,0.0,35.0,2.0,0.0,5582.0,4624816.0,0.36,0.1
35379.0,245625863.0,3.0,355.96,0.0,187.0,0.0,35.0,0.0,0.0,5582.0,4624816.0,0.36,0.1
35380.0,245635863.0,3.0,355.96,0.0,2766.0,0.0,35.0,2.0,0.0,5584.0,4625016.0,0.36,-0.0
35381.0,245645863.0,3.0,355.96,0.0,187.0,0.0,35.0,0.0,0.0,5584.0,4625016.0,0.36,-0.0
35382.0,245655863.0,3.0,356.04,0.0,2766.0,0.0,35.0,2.0,0.0,5586.0,4625216.0,0.36,-0.0
35383.0,245665863.0,3.0,355.96,0.0,187.0,0.0,35.0,0.0,0.0,5586.0,4625216.0,0.36,-0.0
35384.0,245675863.0,3.0,355.96,0.0,2766.0,0.0,35.0,2.0,0.0,5588.0,4625416.0,0.36,-0.0
35385.0,245685863.0,3.0,355.96,0.0,187.0,0.0,35.0,0.0,0.0,5588.0,4625416.0,0.36,-0.0
35386.0,245695863.0,3.0,355.96,0.0,2766.0,0.0,35.0,2.0,0.0,5590.0,4625616.0,0.36,-0.0
35387.0,245705863.0,3.0,355.96,0.0,187.0,0.0,35.0,0.0,0.0,5590.0,4625616.0,0.36,-0.0
35388.0,245715863.0,3.0,355.87,0.0,2766.0,0.0,35.0,2.0,0.0,5592.0,4625816.0,0.36,0.0
35389.0,245725863.0,3.0,355.96,0.0,187.0,0.0,35.0,0.0,0.0,5592.0,4625816.0,0.36,0.0
35390.0,245735863.0,3.0,355.96,0.0,2766.0,0.0,35.0,2.0,0.0,5594.0,4626016.0,0.36,-0.0
35391.0,245745863.0,3.0,356.04,0.0,187.0,0.0,35.0,0.0,0.0,5594.0,4626016.0,0.36,-0.0
35392.0,245755863.0,3.0,356.04,0.0,2766.0,0.0,35.0,2.0,0.0,5596.0,4626216.0,0.36,0.1
35393.0,245765863.0,3.0,356.04,0.0,187.0,0.0,35.0,0.0,0.0,5596.0,4626216.0,0.36,0.1
35394.0,245775863.0,3.0,356.04,0.0,2766.0,0.0,35.0,2.0,0.0,5598.0,4626416.0,0.36,0.0
35395.0,245785863.0,3.0,355.96,0.0,1476.0,0.0,35.0,1.0,0.0,5599.0,4626516.0,0.36,-0.0
35396.0,245795863.0,3.0,355.96,0.0,187.0,0.0,35.0,0.0,0.0,5599.0,4626516.0,0.36,-0.0
35397.0,245805863.0,3.0,355.96,0.0,2766.0,0.0,35.0,2.0,0.0,5601.0,4626716.0,0.36,-0.0
35398.0,245815863.0,3.0,356.04,0.0,187.0,0.0,35.0,0.0,0.0,5601.0,4626716.0,0.36,-0.0
35399.0,245825863.0,3.0,355.96,0.0,2766.0,0.0,35.0,2.0,0.0,5603.0,4626916.0,0.36,0.0
35400.0,245835863.0,3.0,355.96,0.0,187.0,0.0,35.0,0.0,0.0,5603.0,4626916.0,0.36,0.0
35401.0,245845863.0,3.0,355.96,0.0,2766.0,0.0,35.0,2.0,0.0,5605.0,4627116.0,0.36,0.0
35402.0,245855863.0,3.0,355.87,0.0,187.0,0.0,35.0,0.0,0.0,5605.0,4627116.0,0.36,0.0
35403.0,245865863.0,3.0,355.96,0.0,2766.0,0.0,35.0,2.0,0.0,5607.0,4627316.0,0.36,-0.0
35404.0,245875863.0,3.0,355.96,0.0,187.0,0.0,35.0,0.0,0.0,5607.0,4627316.0,0.36,-0.0
35405.0,245885863.0,3.0,355.96,0.0,2766.0,0.0,35.0,2.0,0.0,5609.0,4627516.0,0.36,0.0
35406.0,245895863.0,3.0,356.04,0.0,187.0,0.0,35.0,0.0,0.0,5609.0,4627516.0,0.36,0.0
35407.0,245905863.0,3.0,355.96,0.0,2766.0,0.0,35.0,2.0,0.0,5611.0,4627716.0,0.36,-0.1
35408.0,245915863.0,3.0,355.87,0.0,187.0,0.0,35.0,0.0,0.0,5611.0,4627716.0,0.36,-0.1
35409.0,245925863.0,3.0,355.96,0.0,2766.0,0.0,35.0,2.0,0.0,5613.0,4627916.0,0.35,-0.1
35410.0,245935863.0,3.0,355.96,0.0,187.0,0.0,35.0,0.0,0.0,5613.0,4627916.0,0.35,-0.1
35411.0,245945863.0,3.0,356.04,0.0,2766.0,0.0,35.0,2.0,0.0,5615.0,4628116.0,0.35,0.0
35412.0,245955863.0,3.0,355.96,0.0,187.0,0.0,35.0,0.0,0.0,5615.0,4628116.0,0.35,0.0
35413.0,245965863.0,3.0,355.96,0.0,2766.0,0.0,35.0,2.0,0.0,5617.0,4628316.0,0.35,0.2
35414.0,245975863.0,3.0,355.87,0.0,187.0,0.0,35.0,0.0,0.0,5617.0,4628316.0,0.35,0.2
35415.0,245985863.0,3.0,355.96,0.0,2766.0,0.0,35.0,2.0,0.0,5619.0,4628516.0,0.35,0.1
35416.0,245995863.0,3.0,356.04,0.0,187.0,0.0,35.0,0.0,0.0,5619.0,4628516.0,0.35,0.1
35417.0,246005863.0,3.0,355.96,0.0,2766.0,0.0,35.0,2.0,0.0,5621.0,4628716.0,0.35,-0.1
35418.0,246015863.0,3.0,356.04,0.0,187.0,0.0,35.0,0.0,0.0,5621.0,4628716.0,0.35,-0.1
35419.0,246025863.0,3.0,355.96,0.0,2766.0,0.0,35.0,2.0,0.0,5623.0,4628916.0,0.35,-0.1
35420.0,246035863.0,3.0,355.96,0.0,187.0,0.0,35.0,0.0,0.0,5623.0,4628916.0,0.35,-0.1
35421.0,246045863.0,3.0,355.96,0.0,2766.0,0.0,35.0,2.0,0.0,5625.0,4629116.0,0.35,-0.0
35422.0,246055863.0,3.0,356.04,0.0,187.0,0.0,35.0,0.0,0.0,5625.0,4629116.0,0.35,-0.0
35423.0,246065863.0,3.0,356.04,0.0,2766.0,0.0,35.0,2.0,0.0,5627.0,4629316.0,0.36,0.1
35424.0,246075863.0,3.0,355.96,0.0,187.0,0.0,35.0,0.0,0.0,5627.0,4629316.0,0.36,0.1
35425.0,246085863.0,3.0,355.96,0.0,2766.0,0.0,35.0,2.0,0.0,5629.0,4629516.0,0.36,0.1
35426.0,246095863.0,3.0,355.96,0.0,187.0,0.0,35.0,0.0,0.0,5629.0,4629516.0,0.36,0.1
35427.0,246105863.0,3.0,355.96,0.0,2766.0,0.0,35.0,2.0,0.0,5631.0,4629716.0,0.36,0.0
35428.0,246115863.0,3.0,355.96,0.0,187.0,0.0,35.0,0.0,0.0,5631.0,4629716.0,0.36,0.0
35429.0,246125863.0,3.0,355.96,0.0,2766.0,0.0,35.0,2.0,0.0,5633.0,4629916.0,0.36,-0.0
35430.0,246135863.0,3.0,356.04,0.0,187.0,0.0,35.0,0.0,0.0,5633.0,4629916.0,0.36,-0.0
35431.0,246145863.0,3.0,355.96,0.0,2766.0,0.0,35.0,2.0,0.0,5635.0,4630116.0,0.36,0.1
35432.0,246155863.0,3.0,355.96,0.0,187.0,0.0,35.0,0.0,0.0,5635.0,4630116.0,0.36,0.1
35433.0,246165863.0,3.0,355.96,0.0,2766.0,0.0,35.0,2.0,0.0,5637.0,4630316.0,0.36,0.0
35434.0,246175863.0,3.0,356.04,0.0,187.0,0.0,35.0,0.0,0.0,5637.0,4630316.0,0.36,0.0
35435.0,246185863.0,3.0,355.96,0.0,2766.0,0.0,35.0,2.0,0.0,5639.0,4630516.0,0.36,-0.0
35436.0,246195863.0,3.0,356.04,0.0,187.0,0.0,35.0,0.0,0.0,5639.0,4630516.0,0.36,-0.0
35437.0,246205863.0,3.0,356.04,0.0,2766.0,0.0,35.0,2.0,0.0,5641.0,4630716.0,0.36,0.1
35438.0,246215863.0,3.0,355.96,0.0,187.0,0.0,35.0,0.0,0.0,5641.0,4630716.0,0.36,0.1
35439.0,246225863.0,3.0,355.96,0.0,2766.0,0.0,35.0,2.0,0.0,5643.0,4630916.0,0.36,0.0
35440.0,246235863.0,3.0,355.96,0.0,187.0,0.0,35.0,0.0,0.0,5643.0,4630916.0,0.36,0.0
35441.0,246245863.0,3.0,355.96,0.0,2766.0,0.0,35.0,2.0,0.0,5645.0,4631116.0,0.36,0.0
35442.0,246255863.0,3.0,355.96,0.0,187.0,0.0,35.0,0.0,0.0,5645.0,4631116.0,0.36,0.0
35443.0,246265863.0,3.0,356.04,0.0,2766.0,0.0,35.0,2.0,0.0,5647.0,4631316.0,0.36,0.1
35444.0,246275863.0,3.0,355.96,0.0,187.0,0.0,35.0,0.0,0.0,5647.0,4631316.0,0.36,0.1
35445.0,246285863.0,3.0,356.04,0.0,2766.0,0.0,35.0,2.0,0.0,5649.0,4631516.0,0.36,0.0
35446.0,246295863.0,3.0,355.96,0.0,187.0,0.0,35.0,0.0,0.0,5649.0,4631516.0,0.36,0.0
35447.0,246305863.0,3.0,355.96,0.0,2766.0,0.0,35.0,2.0,0.0,5651.0,4631716.0,0.36,0.0
35448.0,246315863.0,3.0,355.96,0.0,187.0,0.0,35.0,0.0,0.0,5651.0,4631716.0,0.36,0.0
35449.0,246325863.0,3.0,356.04,0.0,2766.0,0.0,35.0,2.0,0.0,5653.0,4631916.0,0.36,0.0
35450.0,246335863.0,3.0,355.96,0.0,187.0,0.0,35.0,0.0,0.0,5653.0,4631916.0,0.36,0.0
35451.0,246345863.0,3.0,356.04,0.0,2766.0,0.0,35.0,2.0,0.0,5655.0,4632116.0,0.36,-0.0
35452.0,246355863.0,3.0,355.96,0.0,187.0,0.0,35.0,0.0,0.0,5655.0,4632116.0,0.36,-0.0
35453.0,246365863.0,3.0,355.96,0.0,2766.0,0.0,35.0,2.0,0.0,5657.0,4632316.0,0.36,-0.0
35454.0,246375863.0,3.0,355.96,0.0,187.0,0.0,35.0,0.0,0.0,5657.0,4632316.0,0.36,-0.0
35455.0,246385863.0,3.0,356.04,0.0,2766.0,0.0,35.0,2.0,0.0,5659.0,4632516.0,0.36,0.0
35456.0,246395863.0,3.0,355.96,0.0,187.0,0.0,35.0,0.0,0.0,5659.0,4632516.0,0.36,0.0
35457.0,246405863.0,3.0,356.04,0.0,2766.0,0.0,35.0,2.0,0.0,5661.0,4632716.0,0.36,-0.0
35458.0,246415863.0,3.0,355.96,0.0,187.0,0.0,35.0,0.0,0.0,5661.0,4632716.0,0.36,-0.0
35459.0,246425863.0,3.0,355.96,0.0,2766.0,0.0,35.0,2.0,0.0,5663.0,4632916.0,0.36,-0.0
35460.0,246435863.0,3.0,355.96,0.0,187.0,0.0,35.0,0.0,0.0,5663.0,4632916.0,0.36,-0.0
35461.0,246445863.0,3.0,355.96,0.0,2766.0,0.0,35.0,2.0,0.0,5665.0,4633116.0,0.36,0.0
35462.0,246455863.0,3.0,355.96,0.0,187.0,0.0,35.0,0.0,0.0,5665.0,4633116.0,0.36,0.0
35463.0,246465863.0,3.0,355.96,0.0,2766.0,0.0,35.0,2.0,0.0,5667.0,4633316.0,0.36,-0.0
35464.0,246475863.0,3.0,355.96,0.0,187.0,0.0,35.0,0.0,0.0,5667.0,4633316.0,0.36,-0.0
35465.0,246485863.0,3.0,355.96,0.0,2766.0,0.0,35.0,2.0,0.0,5669.0,4633516.0,0.36,0.0
35466.0,246495863.0,3.0,355.96,0.0,187.0,0.0,35.0,0.0,0.0,5669.0,4633516.0,0.36,0.0
35467.0,246505863.0,3.0,355.96,0.0,2766.0,0.0,35.0,2.0,0.0,5671.0,4633716.0,0.36,-0.0
35468.0,246515863.0,3.0,356.04,0.0,187.0,0.0,35.0,0.0,0.0,5671.0,4633716.0,0.36,-0.0
35469.0,246525863.0,3.0,356.04,0.0,2766.0,0.0,35.0,2.0,0.0,5673.0,4633916.0,0.36,0.0
35470.0,246535863.0,3.0,355.96,0.0,187.0,0.0,35.0,0.0,0.0,5673.0,4633916.0,0.36,0.0
35471.0,246545863.0,3.0,355.96,0.0,2766.0,0.0,35.0,2.0,0.0,5675.0,4634116.0,0.36,-0.1
35472.0,246555863.0,3.0,355.96,0.0,187.0,0.0,35.0,0.0,0.0,5675.0,4634116.0,0.36,-0.1
35473.0,246565863.0,3.0,355.96,0.0,2766.0,0.0,35.0,2.0,0.0,5677.0,4634316.0,0.36,0.1
35474.0,246575863.0,3.0,355.96,0.0,187.0,0.0,35.0,0.0,0.0,5677.0,4634316.0,0.36,0.1
35475.0,246585863.0,3.0,355.96,0.0,2766.0,0.0,35.0,2.0,0.0,5679.0,4634516.0,0.36,0.0
35476.0,246595863.0,3.0,355.96,0.0,187.0,0.0,35.0,0.0,0.0,5679.0,4634516.0,0.36,0.0
35477.0,246605863.0,3.0,355.96,0.0,2766.0,0.0,35.0,2.0,0.0,5681.0,4634716.0,0.36,-0.0
35478.0,246615863.0,3.0,356.04,0.0,187.0,0.0,35.0,0.0,0.0,5681.0,4634716.0,0.36,-0.0
35479.0,246625863.0,3.0,355.87,0.0,2766.0,0.0,35.0,2.0,0.0,5683.0,4634916.0,0.36,-0.0
35480.0,246635863.0,3.0,355.96,0.0,187.0,0.0,35.0,0.0,0.0,5683.0,4634916.0,0.36,-0.0
35481.0,246645863.0,3.0,355.96,0.0,2766.0,0.0,35.0,2.0,0.0,5685.0,4635116.0,0.36,-0.0
35482.0,246655863.0,3.0,355.96,0.0,187.0,0.0,35.0,0.0,0.0,5685.0,4635116.0,0.36,-0.0
35483.0,246665863.0,3.0,356.04,0.0,2766.0,0.0,35.0,2.0,0.0,5687.0,4635316.0,0.36,0.1
35484.0,246675863.0,3.0,355.96,0.0,187.0,0.0,35.0,0.0,0.0,5687.0,4635316.0,0.36,0.1
35485.0,246685863.0,3.0,355.96,0.0,2766.0,0.0,35.0,2.0,0.0,5689.0,4635516.0,0.36,0.0
35486.0,246695863.0,3.0,355.96,0.0,187.0,0.0,35.0,0.0,0.0,5689.0,4635516.0,0.36,0.0
35487.0,246705863.0,3.0,356.04,0.0,2766.0,0.0,35.0,2.0,0.0,5691.0,4635716.0,0.36,0.0
35488.0,246715863.0,3.0,355.96,0.0,187.0,0.0,35.0,0.0,0.0,5691.0,4635716.0,0.36,0.0
35489.0,246725863.0,3.0,355.96,0.0,2766.0,0.0,35.0,2.0,0.0,5693.0,4635916.0,0.36,-0.0
35490.0,246735863.0,3.0,355.96,0.0,187.0,0.0,35.0,0.0,0.0,5693.0,4635916.0,0.36,-0.0
35491.0,246745863.0,3.0,355.96,0.0,2766.0,0.0,35.0,2.0,0.0,5695.0,4636116.0,0.36,0.0
35492.0,246755863.0,3.0,355.96,0.0,187.0,0.0,35.0,0.0,0.0,5695.0,4636116.0,0.36,0.0
35493.0,246765863.0,3.0,356.04,0.0,2766.0,0.0,35.0,2.0,0.0,5697.0,4636316.0,0.36,0.0
35494.0,246775863.0,3.0,356.04,0.0,187.0,0.0,35.0,0.0,0.0,5697.0,4636316.0,0.36,0.0
35495.0,246785863.0,3.0,355.96,0.0,2766.0,0.0,35.0,2.0,0.0,5699.0,4636516.0,0.36,-0.1
35496.0,246795863.0,3.0,355.96,0.0,187.0,0.0,35.0,0.0,0.0,5699.0,4636516.0,0.36,-0.1
35497.0,246805863.0,3.0,355.96,0.0,2766.0,0.0,35.0,2.0,0.0,5701.0,4636716.0,0.35,-0.2
35498.0,246815863.0,3.0,356.04,0.0,187.0,0.0,35.0,0.0,0.0,5701.0,4636716.0,0.35,-0.2
35499.0,246825863.0,3.0,356.04,0.0,2766.0,0.0,35.0,2.0,0.0,5703.0,4636916.0,0.35,0.1
35500.0,246835863.0,3.0,356.04,0.0,187.0,0.0,35.0,0.0,0.0,5703.0,4636916.0,0.35,0.1
35501.0,246845863.0,3.0,355.96,0.0,2766.0,0.0,35.0,2.0,0.0,5705.0,4637116.0,0.36,0.2
35502.0,246855863.0,3.0,356.04,0.0,187.0,0.0,35.0,0.0,0.0,5705.0,4637116.0,0.36,0.2
35503.0,246865863.0,3.0,356.04,0.0,2766.0,0.0,35.0,2.0,0.0,5707.0,4637316.0,0.36,0.1
35504.0,246875863.0,3.0,355.87,0.0,187.0,0.0,35.0,0.0,0.0,5707.0,4637316.0,0.36,0.1
35505.0,246885863.0,3.0,355.87,0.0,2766.0,0.0,35.0,2.0,0.0,5709.0,4637516.0,0.36,-0.2
35506.0,246895863.0,3.0,356.04,0.0,187.0,0.0,35.0,0.0,0.0,5709.0,4637516.0,0.36,-0.2
35507.0,246905863.0,3.0,355.96,0.0,2766.0,0.0,35.0,2.0,0.0,5711.0,4637716.0,0.36,-0.0
35508.0,246915863.0,3.0,356.04,0.0,187.0,0.0,35.0,0.0,0.0,5711.0,4637716.0,0.36,-0.0
35509.0,246925863.0,3.0,355.96,0.0,2766.0,0.0,35.0,2.0,0.0,5713.0,4637916.0,0.36,0.1
35510.0,246935863.0,3.0,355.96,0.0,187.0,0.0,35.0,0.0,0.0,5713.0,4637916.0,0.36,0.1
35511.0,246945863.0,3.0,355.96,0.0,2766.0,0.0,35.0,2.0,0.0,5715.0,4638116.0,0.36,0.2
35512.0,246955863.0,3.0,355.96,0.0,187.0,0.0,35.0,0.0,0.0,5715.0,4638116.0,0.36,0.2
35513.0,246965863.0,3.0,355.96,0.0,2766.0,0.0,35.0,2.0,0.0,5717.0,4638316.0,0.36,0.0
35514.0,246975863.0,3.0,355.96,0.0,187.0,0.0,35.0,0.0,0.0,5717.0,4638316.0,0.36,0.0
35515.0,246985863.0,3.0,355.96,0.0,2766.0,0.0,35.0,2.0,0.0,5719.0,4638516.0,0.36,-0.1
35516.0,246995863.0,3.0,355.96,0.0,187.0,0.0,35.0,0.0,0.0,5719.0,4638516.0,0.36,-0.1
35517.0,247005863.0,3.0,355.96,0.0,2766.0,0.0,35.0,2.0,0.0,5721.0,4638716.0,0.36,0.0
35518.0,247015863.0,3.0,355.96,0.0,187.0,0.0,35.0,0.0,0.0,5721.0,4638716.0,0.36,0.0
35519.0,247025863.0,3.0,355.96,0.0,2766.0,0.0,35.0,2.0,0.0,5723.0,4638916.0,0.36,-0.1
35520.0,247035863.0,3.0,355.96,0.0,187.0,0.0,35.0,0.0,0.0,5723.0,4638916.0,0.36,-0.1
35521.0,247045863.0,3.0,355.87,0.0,2766.0,0.0,35.0,2.0,0.0,5725.0,4639116.0,0.36,0.1
35522.0,247055863.0,3.0,355.96,0.0,187.0,0.0,35.0,0.0,0.0,5725.0,4639116.0,0.36,0.1
35523.0,247065863.0,3.0,355.96,0.0,2766.0,0.0,35.0,2.0,0.0,5727.0,4639316.0,0.36,0.0
35524.0,247075863.0,3.0,355.96,0.0,1476.0,0.0,35.0,1.0,0.0,5728.0,4639416.0,0.36,-0.2
35525.0,247085863.0,3.0,355.96,0.0,187.0,0.0,35.0,0.0,0.0,5728.0,4639416.0,0.36,-0.2
35526.0,247095863.0,3.0,355.96,0.0,2766.0,0.0,35.0,2.0,0.0,5730.0,4639616.0,0.36,-0.1
35527.0,247105863.0,3.0,355.96,0.0,187.0,0.0,35.0,0.0,0.0,5730.0,4639616.0,0.36,-0.1
35528.0,247115863.0,3.0,355.96,0.0,2766.0,0.0,35.0,2.0,0.0,5732.0,4639816.0,0.36,0.1
35529.0,247125863.0,3.0,355.96,0.0,187.0,0.0,35.0,0.0,0.0,5732.0,4639816.0,0.36,0.1
35530.0,247135863.0,3.0,356.04,0.0,2766.0,0.0,35.0,2.0,0.0,5734.0,4640016.0,0.36,0.1
35531.0,247145863.0,3.0,355.87,0.0,187.0,0.0,35.0,0.0,0.0,5734.0,4640016.0,0.36,0.1
35532.0,247155863.0,3.0,356.04,0.0,2766.0,0.0,35.0,2.0,0.0,5736.0,4640216.0,0.36,0.0
35533.0,247165863.0,3.0,355.96,0.0,187.0,0.0,35.0,0.0,0.0,5736.0,4640216.0,0.36,0.0
35534.0,247175863.0,3.0,356.04,0.0,2766.0,0.0,35.0,2.0,0.0,5738.0,4640416.0,0.36,-0.1
35535.0,247185863.0,3.0,356.04,0.0,187.0,0.0,35.0,0.0,0.0,5738.0,4640416.0,0.36,-0.1
35536.0,247195863.0,3.0,355.96,0.0,2766.0,0.0,35.0,2.0,0.0,5740.0,4640616.0,0.36,0.0
35537.0,247205863.0,3.0,355.96,0.0,187.0,0.0,35.0,0.0,0.0,5740.0,4640616.0,0.36,0.0
35538.0,247215863.0,3.0,355.96,0.0,2766.0,0.0,35.0,2.0,0.0,5742.0,4640816.0,0.36,0.1
35539.0,247225863.0,3.0,355.87,0.0,187.0,0.0,35.0,0.0,0.0,5742.0,4640816.0,0.36,0.1
35540.0,247235863.0,3.0,355.96,0.0,2766.0,0.0,35.0,2.0,0.0,5744.0,4641016.0,0.36,0.1
35541.0,247245863.0,3.0,355.96,0.0,187.0,0.0,35.0,0.0,0.0,5744.0,4641016.0,0.36,0.1
35542.0,247255863.0,3.0,355.96,0.0,2766.0,0.0,35.0,2.0,0.0,5746.0,4641216.0,0.36,-0.0
35543.0,247265863.0,3.0,355.96,0.0,187.0,0.0,35.0,0.0,0.0,5746.0,4641216.0,0.36,-0.0
35544.0,247275863.0,3.0,355.96,0.0,2766.0,0.0,35.0,2.0,0.0,5748.0,4641416.0,0.36,0.0
35545.0,247285863.0,3.0,355.96,0.0,187.0,0.0,35.0,0.0,0.0,5748.0,4641416.0,0.36,0.0
35546.0,247295863.0,3.0,356.13,0.0,2766.0,0.0,35.0,2.0,0.0,5750.0,4641616.0,0.37,0.1
35547.0,247305863.0,3.0,355.96,0.0,187.0,0.0,35.0,0.0,0.0,5750.0,4641616.0,0.37,0.1
35548.0,247315863.0,3.0,356.13,0.0,2766.0,0.0,35.0,2.0,0.0,5752.0,4641816.0,0.37,0.1
35549.0,247325863.0,3.0,355.96,0.0,187.0,0.0,35.0,0.0,0.0,5752.0,4641816.0,0.37,0.1
35550.0,247335863.0,3.0,355.96,0.0,2766.0,0.0,35.0,2.0,0.0,5754.0,4642016.0,0.37,0.1
35551.0,247345863.0,3.0,355.96,0.0,187.0,0.0,35.0,0.0,0.0,5754.0,4642016.0,0.37,0.1
35552.0,247355863.0,3.0,355.96,0.0,2766.0,0.0,35.0,2.0,0.0,5756.0,4642216.0,0.37,-0.0
35553.0,247365863.0,3.0,355.96,0.0,187.0,0.0,35.0,0.0,0.0,5756.0,4642216.0,0.37,-0.0
35554.0,247375863.0,3.0,355.87,0.0,2766.0,0.0,35.0,2.0,0.0,5758.0,4642416.0,0.37,0.1
35555.0,247385863.0,3.0,355.87,0.0,187.0,0.0,35.0,0.0,0.0,5758.0,4642416.0,0.37,0.1
35556.0,247395863.0,3.0,355.87,0.0,2766.0,0.0,35.0,2.0,0.0,5760.0,4642616.0,0.37,0.1
35557.0,247405863.0,3.0,355.96,0.0,187.0,0.0,35.0,0.0,0.0,5760.0,4642616.0,0.37,0.1
35558.0,247415863.0,3.0,356.04,0.0,2766.0,0.0,35.0,2.0,0.0,5762.0,4642816.0,0.37,-0.0
35559.0,247425863.0,3.0,355.96,0.0,187.0,0.0,35.0,0.0,0.0,5762.0,4642816.0,0.37,-0.0
35560.0,247435863.0,3.0,355.96,0.0,2766.0,0.0,35.0,2.0,0.0,5764.0,4643016.0,0.37,-0.0
35561.0,247445863.0,3.0,355.87,0.0,187.0,0.0,35.0,0.0,0.0,5764.0,4643016.0,0.37,-0.0
35562.0,247455863.0,3.0,355.96,0.0,2766.0,0.0,35.0,2.0,0.0,5766.0,4643216.0,0.37,0.0
35563.0,247465863.0,3.0,355.96,0.0,187.0,0.0,35.0,0.0,0.0,5766.0,4643216.0,0.37,0.0
35564.0,247475863.0,3.0,355.96,0.0,2766.0,0.0,35.0,2.0,0.0,5768.0,4643416.0,0.37,0.1
35565.0,247485863.0,3.0,355.87,0.0,187.0,0.0,35.0,0.0,0.0,5768.0,4643416.0,0.37,0.1
35566.0,247495863.0,3.0,356.04,0.0,2766.0,0.0,35.0,2.0,0.0,5770.0,4643616.0,0.38,-0.1
35567.0,247505863.0,3.0,355.96,0.0,187.0,0.0,35.0,0.0,0.0,5770.0,4643616.0,0.38,-0.1
35568.0,247515863.0,3.0,355.96,0.0,2766.0,0.0,35.0,2.0,0.0,5772.0,4643816.0,0.37,-0.2
35569.0,247525863.0,3.0,356.04,0.0,187.0,0.0,35.0,0.0,0.0,5772.0,4643816.0,0.37,-0.2
35570.0,247535863.0,3.0,355.96,0.0,2766.0,0.0,35.0,2.0,0.0,5774.0,4644016.0,0.37,-0.0
35571.0,247545863.0,3.0,355.96,0.0,187.0,0.0,35.0,0.0,0.0,5774.0,4644016.0,0.37,-0.0
35572.0,247555863.0,3.0,355.96,0.0,2766.0,0.0,35.0,2.0,0.0,5776.0,4644216.0,0.37,0.1
35573.0,247565863.0,3.0,355.87,0.0,187.0,0.0,35.0,0.0,0.0,5776.0,4644216.0,0.37,0.1
35574.0,247575863.0,3.0,355.96,0.0,2766.0,0.0,35.0,2.0,0.0,5778.0,4644416.0,0.37,0.1
35575.0,247585863.0,3.0,355.87,0.0,187.0,0.0,35.0,0.0,0.0,5778.0,4644416.0,0.37,0.1
35576.0,247595863.0,3.0,355.96,0.0,2766.0,0.0,35.0,2.0,0.0,5780.0,4644616.0,0.37,-0.1
35577.0,247605863.0,3.0,355.96,0.0,187.0,0.0,35.0,0.0,0.0,5780.0,4644616.0,0.37,-0.1
35578.0,247615863.0,3.0,355.96,0.0,2766.0,0.0,35.0,2.0,0.0,5782.0,4644816.0,0.37,-0.1
35579.0,247625863.0,3.0,355.87,0.0,187.0,0.0,35.0,0.0,0.0,5782.0,4644816.0,0.37,-0.1
35580.0,247635863.0,3.0,355.96,0.0,2766.0,0.0,35.0,2.0,0.0,5784.0,4645016.0,0.37,-0.0
35581.0,247645863.0,3.0,355.96,0.0,187.0,0.0,35.0,0.0,0.0,5784.0,4645016.0,0.37,-0.0
35582.0,247655863.0,3.0,355.96,0.0,2766.0,0.0,35.0,2.0,0.0,5786.0,4645216.0,0.37,-0.0
35583.0,247665863.0,3.0,355.96,0.0,187.0,0.0,35.0,0.0,0.0,5786.0,4645216.0,0.37,-0.0
35584.0,247675863.0,3.0,355.96,0.0,2766.0,0.0,35.0,2.0,0.0,5788.0,4645416.0,0.37,-0.0
35585.0,247685863.0,3.0,355.96,0.0,187.0,0.0,35.0,0.0,0.0,5788.0,4645416.0,0.37,-0.0
35586.0,247695863.0,3.0,355.96,0.0,2766.0,0.0,35.0,2.0,0.0,5790.0,4645616.0,0.37,-0.0
35587.0,247705863.0,3.0,356.04,0.0,187.0,0.0,35.0,0.0,0.0,5790.0,4645616.0,0.37,-0.0
35588.0,247715863.0,3.0,355.87,0.0,2766.0,0.0,35.0,2.0,0.0,5792.0,4645816.0,0.37,0.0
35589.0,247725863.0,3.0,356.04,0.0,187.0,0.0,35.0,0.0,0.0,5792.0,4645816.0,0.37,0.0
35590.0,247735863.0,3.0,356.04,0.0,2766.0,0.0,35.0,2.0,0.0,5794.0,4646016.0,0.37,0.1
35591.0,247745863.0,3.0,355.96,0.0,187.0,0.0,35.0,0.0,0.0,5794.0,4646016.0,0.37,0.1
35592.0,247755863.0,3.0,356.04,0.0,2766.0,0.0,35.0,2.0,0.0,5796.0,4646216.0,0.37,0.0
35593.0,247765863.0,3.0,355.96,0.0,187.0,0.0,35.0,0.0,0.0,5796.0,4646216.0,0.37,0.0
35594.0,247775863.0,3.0,355.96,0.0,2766.0,0.0,35.0,2.0,0.0,5798.0,4646416.0,0.37,0.1
35595.0,247785863.0,3.0,356.04,0.0,187.0,0.0,35.0,0.0,0.0,5798.0,4646416.0,0.37,0.1
35596.0,247795863.0,3.0,355.96,0.0,2766.0,0.0,35.0,2.0,0.0,5800.0,4646616.0,0.37,-0.0
35597.0,247805863.0,3.0,355.87,0.0,187.0,0.0,35.0,0.0,0.0,5800.0,4646616.0,0.37,-0.0
35598.0,247815863.0,3.0,356.04,0.0,2766.0,0.0,35.0,2.0,0.0,5802.0,4646816.0,0.37,0.0
35599.0,247825863.0,3.0,355.87,0.0,187.0,0.0,35.0,0.0,0.0,5802.0,4646816.0,0.37,0.0
35600.0,247835863.0,3.0,355.87,0.0,2766.0,0.0,35.0,2.0,0.0,5804.0,4647016.0,0.37,0.1
35601.0,247845863.0,3.0,355.96,0.0,187.0,0.0,35.0,0.0,0.0,5804.0,4647016.0,0.37,0.1
35602.0,247855863.0,3.0,356.13,0.0,2766.0,0.0,35.0,2.0,0.0,5806.0,4647216.0,0.37,0.1
35603.0,247865863.0,3.0,355.87,0.0,187.0,0.0,35.0,0.0,0.0,5806.0,4647216.0,0.37,0.1
35604.0,247875863.0,3.0,355.96,0.0,2766.0,0.0,35.0,2.0,0.0,5808.0,4647416.0,0.37,0.1
35605.0,247885863.0,3.0,355.87,0.0,187.0,0.0,35.0,0.0,0.0,5808.0,4647416.0,0.37,0.1
35606.0,247895863.0,3.0,355.96,0.0,2766.0,0.0,35.0,2.0,0.0,5810.0,4647616.0,0.37,0.0
35607.0,247905863.0,3.0,355.96,0.0,187.0,0.0,35.0,0.0,0.0,5810.0,4647616.0,0.37,0.0
35608.0,247915863.0,3.0,356.04,0.0,2766.0,0.0,35.0,2.0,0.0,5812.0,4647816.0,0.37,0.1
35609.0,247925863.0,3.0,355.96,0.0,187.0,0.0,35.0,0.0,0.0,5812.0,4647816.0,0.37,0.1
35610.0,247935863.0,3.0,355.96,0.0,2766.0,0.0,35.0,2.0,0.0,5814.0,4648016.0,0.37,-0.1
35611.0,247945863.0,3.0,355.96,0.0,187.0,0.0,35.0,0.0,0.0,5814.0,4648016.0,0.37,-0.1
35612.0,247955863.0,3.0,355.96,0.0,2766.0,0.0,35.0,2.0,0.0,5816.0,4648216.0,0.37,0.0
35613.0,247965863.0,3.0,356.04,0.0,187.0,0.0,35.0,0.0,0.0,5816.0,4648216.0,0.37,0.0
35614.0,247975863.0,3.0,355.96,0.0,2766.0,0.0,35.0,2.0,0.0,5818.0,4648416.0,0.37,-0.0
35615.0,247985863.0,3.0,355.96,0.0,187.0,0.0,35.0,0.0,0.0,5818.0,4648416.0,0.37,-0.0
35616.0,247995863.0,3.0,355.96,0.0,2766.0,0.0,35.0,2.0,0.0,5820.0,4648616.0,0.37,-0.0
35617.0,248005863.0,3.0,355.87,0.0,187.0,0.0,35.0,0.0,0.0,5820.0,4648616.0,0.37,-0.0
35618.0,248015863.0,3.0,355.96,0.0,2766.0,0.0,35.0,2.0,0.0,5822.0,4648816.0,0.37,-0.1
35619.0,248025863.0,3.0,355.96,0.0,187.0,0.0,35.0,0.0,0.0,5822.0,4648816.0,0.37,-0.1
35620.0,248035863.0,3.0,355.96,0.0,2766.0,0.0,35.0,2.0,0.0,5824.0,4649016.0,0.37,-0.0
35621.0,248045863.0,3.0,355.96,0.0,187.0,0.0,35.0,0.0,0.0,5824.0,4649016.0,0.37,-0.0
35622.0,248055863.0,3.0,355.96,0.0,2766.0,0.0,35.0,2.0,0.0,5826.0,4649216.0,0.37,0.0
35623.0,248065863.0,3.0,355.96,0.0,187.0,0.0,35.0,0.0,0.0,5826.0,4649216.0,0.37,0.0
35624.0,248075863.0,3.0,356.04,0.0,2766.0,0.0,35.0,2.0,0.0,5828.0,4649416.0,0.37,-0.0
35625.0,248085863.0,3.0,356.04,0.0,187.0,0.0,35.0,0.0,0.0,5828.0,4649416.0,0.37,-0.0
35626.0,248095863.0,3.0,356.04,0.0,2766.0,0.0,35.0,2.0,0.0,5830.0,4649616.0,0.37,-0.0
35627.0,248105863.0,3.0,355.96,0.0,187.0,0.0,35.0,0.0,0.0,5830.0,4649616.0,0.37,-0.0
35628.0,248115863.0,3.0,355.96,0.0,2766.0,0.0,35.0,2.0,0.0,5832.0,4649816.0,0.37,-0.2
35629.0,248125863.0,3.0,355.96,0.0,187.0,0.0,35.0,0.0,0.0,5832.0,4649816.0,0.37,-0.2
35630.0,248135863.0,3.0,355.87,0.0,2766.0,0.0,35.0,2.0,0.0,5834.0,4650016.0,0.36,-0.0
35631.0,248145863.0,3.0,355.96,0.0,187.0,0.0,35.0,0.0,0.0,5834.0,4650016.0,0.36,-0.0
35632.0,248155863.0,3.0,355.96,0.0,2766.0,0.0,35.0,2.0,0.0,5836.0,4650216.0,0.36,-0.0
35633.0,248165863.0,3.0,355.96,0.0,187.0,0.0,35.0,0.0,0.0,5836.0,4650216.0,0.36,-0.0
35634.0,248175863.0,3.0,355.96,0.0,2766.0,0.0,35.0,2.0,0.0,5838.0,4650416.0,0.37,0.1
35635.0,248185863.0,3.0,355.96,0.0,187.0,0.0,35.0,0.0,0.0,5838.0,4650416.0,0.37,0.1
35636.0,248195863.0,3.0,355.96,0.0,2766.0,0.0,35.0,2.0,0.0,5840.0,4650616.0,0.36,-0.0
35637.0,248205863.0,3.0,356.04,0.0,187.0,0.0,35.0,0.0,0.0,5840.0,4650616.0,0.36,-0.0
35638.0,248215863.0,3.0,356.04,0.0,2766.0,0.0,35.0,2.0,0.0,5842.0,4650816.0,0.36,-0.2
35639.0,248225863.0,3.0,355.96,0.0,187.0,0.0,35.0,0.0,0.0,5842.0,4650816.0,0.36,-0.2
35640.0,248235863.0,3.0,356.04,0.0,2766.0,0.0,35.0,2.0,0.0,5844.0,4651016.0,0.36,-0.2
35641.0,248245863.0,3.0,355.96,0.0,187.0,0.0,35.0,0.0,0.0,5844.0,4651016.0,0.36,-0.2
35642.0,248255863.0,3.0,355.96,0.0,2766.0,0.0,35.0,2.0,0.0,5846.0,4651216.0,0.35,0.0
35643.0,248265863.0,3.0,355.96,0.0,187.0,0.0,35.0,0.0,0.0,5846.0,4651216.0,0.35,0.0
35644.0,248275863.0,3.0,355.96,0.0,2766.0,0.0,35.0,2.0,0.0,5848.0,4651416.0,0.36,-0.1
35645.0,248285863.0,3.0,355.96,0.0,187.0,0.0,35.0,0.0,0.0,5848.0,4651416.0,0.36,-0.1
35646.0,248295863.0,3.0,356.04,0.0,2766.0,0.0,35.0,2.0,0.0,5850.0,4651616.0,0.36,0.1
35647.0,248305863.0,3.0,356.04,0.0,187.0,0.0,35.0,0.0,0.0,5850.0,4651616.0,0.36,0.1
35648.0,248315863.0,3.0,355.96,0.0,2766.0,0.0,35.0,2.0,0.0,5852.0,4651816.0,0.35,-0.1
35649.0,248325863.0,3.0,356.04,0.0,187.0,0.0,35.0,0.0,0.0,5852.0,4651816.0,0.35,-0.1
35650.0,248335863.0,3.0,355.96,0.0,2766.0,0.0,35.0,2.0,0.0,5854.0,4652016.0,0.35,-0.0
35651.0,248345863.0,3.0,355.87,0.0,187.0,0.0,35.0,0.0,0.0,5854.0,4652016.0,0.35,-0.0
35652.0,248355863.0,3.0,356.04,0.0,2766.0,0.0,35.0,2.0,0.0,5856.0,4652216.0,0.35,0.0
35653.0,248365863.0,3.0,355.96,0.0,1476.0,0.0,35.0,1.0,0.0,5857.0,4652316.0,0.36,0.1
35654.0,248375863.0,3.0,355.96,0.0,187.0,0.0,35.0,0.0,0.0,5857.0,4652316.0,0.36,0.1
35655.0,248385863.0,3.0,356.04,0.0,2766.0,0.0,35.0,2.0,0.0,5859.0,4652516.0,0.35,-0.2
35656.0,248395863.0,3.0,356.04,0.0,187.0,0.0,35.0,0.0,0.0,5859.0,4652516.0,0.35,-0.2
35657.0,248405863.0,3.0,355.96,0.0,2766.0,0.0,35.0,2.0,0.0,5861.0,4652716.0,0.36,0.2
35658.0,248415863.0,3.0,355.96,0.0,187.0,0.0,35.0,0.0,0.0,5861.0,4652716.0,0.36,0.2
35659.0,248425863.0,3.0,355.96,0.0,2766.0,0.0,35.0,2.0,0.0,5863.0,4652916.0,0.36,-0.1
35660.0,248435863.0,3.0,355.96,0.0,187.0,0.0,35.0,0.0,0.0,5863.0,4652916.0,0.36,-0.1
35661.0,248445863.0,3.0,355.96,0.0,2766.0,0.0,35.0,2.0,0.0,5865.0,4653116.0,0.36,0.0
35662.0,248455863.0,3.0,356.04,0.0,187.0,0.0,35.0,0.0,0.0,5865.0,4653116.0,0.36,0.0
35663.0,248465863.0,3.0,356.04,0.0,2766.0,0.0,35.0,2.0,0.0,5867.0,4653316.0,0.36,0.1
35664.0,248475863.0,3.0,355.96,0.0,187.0,0.0,35.0,0.0,0.0,5867.0,4653316.0,0.36,0.1
35665.0,248485863.0,3.0,355.96,0.0,2766.0,0.0,35.0,2.0,0.0,5869.0,4653516.0,0.36,0.0
35666.0,248495863.0,3.0,355.96,0.0,187.0,0.0,35.0,0.0,0.0,5869.0,4653516.0,0.36,0.0
35667.0,248505863.0,3.0,356.04,0.0,2766.0,0.0,35.0,2.0,0.0,5871.0,4653716.0,0.35,0.0
35668.0,248515863.0,3.0,355.96,0.0,187.0,0.0,35.0,0.0,0.0,5871.0,4653716.0,0.35,0.0
35669.0,248525863.0,3.0,355.96,0.0,2766.0,0.0,35.0,2.0,0.0,5873.0,4653916.0,0.35,-0.1
35670.0,248535863.0,3.0,355.96,0.0,187.0,0.0,35.0,0.0,0.0,5873.0,4653916.0,0.35,-0.1
35671.0,248545863.0,3.0,356.04,0.0,2766.0,0.0,35.0,2.0,0.0,5875.0,4654116.0,0.35,0.0
35672.0,248555863.0,3.0,355.96,0.0,187.0,0.0,35.0,0.0,0.0,5875.0,4654116.0,0.35,0.0
35673.0,248565863.0,3.0,356.04,0.0,2766.0,0.0,35.0,2.0,0.0,5877.0,4654316.0,0.36,0.0
35674.0,248575863.0,3.0,355.96,0.0,187.0,0.0,35.0,0.0,0.0,5877.0,4654316.0,0.36,0.0
35675.0,248585863.0,3.0,356.04,0.0,2766.0,0.0,35.0,2.0,0.0,5879.0,4654516.0,0.36,0.0
35676.0,248595863.0,3.0,355.96,0.0,187.0,0.0,35.0,0.0,0.0,5879.0,4654516.0,0.36,0.0
35677.0,248605863.0,3.0,355.96,0.0,2766.0,0.0,35.0,2.0,0.0,5881.0,4654716.0,0.36,0.0
35678.0,248615863.0,3.0,355.96,0.0,187.0,0.0,35.0,0.0,0.0,5881.0,4654716.0,0.36,0.0
35679.0,248625863.0,3.0,356.04,0.0,2766.0,0.0,35.0,2.0,0.0,5883.0,4654916.0,0.36,0.1
35680.0,248635863.0,3.0,355.96,0.0,187.0,0.0,35.0,0.0,0.0,5883.0,4654916.0,0.36,0.1
35681.0,248645863.0,3.0,356.04,0.0,2766.0,0.0,35.0,2.0,0.0,5885.0,4655116.0,0.35,-0.0
35682.0,248655863.0,3.0,355.96,0.0,187.0,0.0,35.0,0.0,0.0,5885.0,4655116.0,0.35,-0.0
35683.0,248665863.0,3.0,356.04,0.0,2766.0,0.0,35.0,2.0,0.0,5887.0,4655316.0,0.35,-0.1
35684.0,248675863.0,3.0,356.04,0.0,187.0,0.0,35.0,0.0,0.0,5887.0,4655316.0,0.35,-0.1
35685.0,248685863.0,3.0,355.87,0.0,2766.0,0.0,35.0,2.0,0.0,5889.0,4655516.0,0.35,-0.1
35686.0,248695863.0,3.0,355.96,0.0,187.0,0.0,35.0,0.0,0.0,5889.0,4655516.0,0.35,-0.1
35687.0,248705863.0,3.0,356.04,0.0,2766.0,0.0,35.0,2.0,0.0,5891.0,4655716.0,0.35,0.0
35688.0,248715863.0,3.0,356.13,0.0,187.0,0.0,35.0,0.0,0.0,5891.0,4655716.0,0.35,0.0
35689.0,248725863.0,3.0,356.04,0.0,2766.0,0.0,35.0,2.0,0.0,5893.0,4655916.0,0.36,0.1
35690.0,248735863.0,3.0,355.96,0.0,187.0,0.0,35.0,0.0,0.0,5893.0,4655916.0,0.36,0.1
35691.0,248745863.0,3.0,355.96,0.0,2766.0,0.0,35.0,2.0,0.0,5895.0,4656116.0,0.35,0.1
35692.0,248755863.0,3.0,355.96,0.0,187.0,0.0,35.0,0.0,0.0,5895.0,4656116.0,0.35,0.1
35693.0,248765863.0,3.0,355.96,0.0,2766.0,0.0,35.0,2.0,0.0,5897.0,4656316.0,0.35,-0.1
35694.0,248775863.0,3.0,355.96,0.0,187.0,0.0,35.0,0.0,0.0,5897.0,4656316.0,0.35,-0.1
35695.0,248785863.0,3.0,355.96,0.0,2766.0,0.0,35.0,2.0,0.0,5899.0,4656516.0,0.35,-0.0
35696.0,248795863.0,3.0,355.96,0.0,187.0,0.0,35.0,0.0,0.0,5899.0,4656516.0,0.35,-0.0
35697.0,248805863.0,3.0,355.96,0.0,2766.0,0.0,35.0,2.0,0.0,5901.0,4656716.0,0.35,0.1
35698.0,248815863.0,3.0,355.87,0.0,187.0,0.0,35.0,0.0,0.0,5901.0,4656716.0,0.35,0.1
35699.0,248825863.0,3.0,355.96,0.0,2766.0,0.0,35.0,2.0,0.0,5903.0,4656916.0,0.35,-0.0
35700.0,248835863.0,3.0,355.96,0.0,187.0,0.0,35.0,0.0,0.0,5903.0,4656916.0,0.35,-0.0
35701.0,248845863.0,3.0,356.04,0.0,2766.0,0.0,35.0,2.0,0.0,5905.0,4657116.0,0.35,-0.1
35702.0,248855863.0,3.0,355.96,0.0,187.0,0.0,35.0,0.0,0.0,5905.0,4657116.0,0.35,-0.1
35703.0,248865863.0,3.0,355.96,0.0,2766.0,0.0,35.0,2.0,0.0,5907.0,4657316.0,0.35,0.0
35704.0,248875863.0,3.0,356.04,0.0,187.0,0.0,35.0,0.0,0.0,5907.0,4657316.0,0.35,0.0
35705.0,248885863.0,3.0,356.04,0.0,2766.0,0.0,35.0,2.0,0.0,5909.0,4657516.0,0.35,-0.1
35706.0,248895863.0,3.0,355.96,0.0,187.0,0.0,35.0,0.0,0.0,5909.0,4657516.0,0.35,-0.1
35707.0,248905863.0,3.0,355.96,0.0,2766.0,0.0,35.0,2.0,0.0,5911.0,4657716.0,0.35,0.2
35708.0,248915863.0,3.0,355.96,0.0,187.0,0.0,35.0,0.0,0.0,5911.0,4657716.0,0.35,0.2
35709.0,248925863.0,3.0,355.96,0.0,2766.0,0.0,35.0,2.0,0.0,5913.0,4657916.0,0.35,0.1
35710.0,248935863.0,3.0,356.04,0.0,187.0,0.0,35.0,0.0,0.0,5913.0,4657916.0,0.35,0.1
35711.0,248945863.0,3.0,356.04,0.0,2766.0,0.0,35.0,2.0,0.0,5915.0,4658116.0,0.35,-0.0
35712.0,248955863.0,3.0,355.96,0.0,187.0,0.0,35.0,0.0,0.0,5915.0,4658116.0,0.35,-0.0
35713.0,248965863.0,3.0,355.96,0.0,2766.0,0.0,35.0,2.0,0.0,5917.0,4658316.0,0.35,-0.1
35714.0,248975863.0,3.0,355.96,0.0,187.0,0.0,35.0,0.0,0.0,5917.0,4658316.0,0.35,-0.1
35715.0,248985863.0,3.0,356.13,0.0,2766.0,0.0,35.0,2.0,0.0,5919.0,4658516.0,0.35,-0.1
35716.0,248995863.0,3.0,355.87,0.0,187.0,0.0,35.0,0.0,0.0,5919.0,4658516.0,0.35,-0.1
35717.0,249005863.0,3.0,355.96,0.0,2766.0,0.0,35.0,2.0,0.0,5921.0,4658716.0,0.35,0.1
35718.0,249015863.0,3.0,355.96,0.0,187.0,0.0,35.0,0.0,0.0,5921.0,4658716.0,0.35,0.1
35719.0,249025863.0,3.0,355.96,0.0,2766.0,0.0,35.0,2.0,0.0,5923.0,4658916.0,0.35,-0.0
35720.0,249035863.0,3.0,355.96,0.0,187.0,0.0,35.0,0.0,0.0,5923.0,4658916.0,0.35,-0.0
35721.0,249045863.0,3.0,355.96,0.0,2766.0,0.0,35.0,2.0,0.0,5925.0,4659116.0,0.34,-0.1
35722.0,249055863.0,3.0,355.87,0.0,187.0,0.0,35.0,0.0,0.0,5925.0,4659116.0,0.34,-0.1
35723.0,249065863.0,3.0,355.96,0.0,2766.0,0.0,35.0,2.0,0.0,5927.0,4659316.0,0.34,-0.0
35724.0,249075863.0,3.0,355.96,0.0,187.0,0.0,35.0,0.0,0.0,5927.0,4659316.0,0.34,-0.0
35725.0,249085863.0,3.0,355.96,0.0,2766.0,0.0,35.0,2.0,0.0,5929.0,4659516.0,0.34,-0.1
35726.0,249095863.0,3.0,355.96,0.0,187.0,0.0,35.0,0.0,0.0,5929.0,4659516.0,0.34,-0.1
35727.0,249105863.0,3.0,355.96,0.0,2766.0,0.0,35.0,2.0,0.0,5931.0,4659716.0,0.34,-0.1
35728.0,249115863.0,3.0,355.96,0.0,187.0,0.0,35.0,0.0,0.0,5931.0,4659716.0,0.34,-0.1
35729.0,249125863.0,3.0,356.04,0.0,2766.0,0.0,35.0,2.0,0.0,5933.0,4659916.0,0.34,0.0
35730.0,249135863.0,3.0,355.96,0.0,187.0,0.0,35.0,0.0,0.0,5933.0,4659916.0,0.34,0.0
35731.0,249145863.0,3.0,356.04,0.0,2766.0,0.0,35.0,2.0,0.0,5935.0,4660116.0,0.34,-0.2
35732.0,249155863.0,3.0,355.96,0.0,187.0,0.0,35.0,0.0,0.0,5935.0,4660116.0,0.34,-0.2
35733.0,249165863.0,3.0,355.96,0.0,2766.0,0.0,35.0,2.0,0.0,5937.0,4660316.0,0.34,-0.0
35734.0,249175863.0,3.0,355.96,0.0,187.0,0.0,35.0,0.0,0.0,5937.0,4660316.0,0.34,-0.0
35735.0,249185863.0,3.0,355.96,0.0,2766.0,0.0,35.0,2.0,0.0,5939.0,4660516.0,0.34,0.3
35736.0,249195863.0,3.0,355.96,0.0,187.0,0.0,35.0,0.0,0.0,5939.0,4660516.0,0.34,0.3
35737.0,249205863.0,3.0,356.04,0.0,2766.0,0.0,35.0,2.0,0.0,5941.0,4660716.0,0.35,0.2
35738.0,249215863.0,3.0,355.87,0.0,187.0,0.0,35.0,0.0,0.0,5941.0,4660716.0,0.35,0.2
35739.0,249225863.0,3.0,355.96,0.0,2766.0,0.0,35.0,2.0,0.0,5943.0,4660916.0,0.35,0.1
35740.0,249235863.0,3.0,355.96,0.0,187.0,0.0,35.0,0.0,0.0,5943.0,4660916.0,0.35,0.1
35741.0,249245863.0,3.0,355.96,0.0,2766.0,0.0,35.0,2.0,0.0,5945.0,4661116.0,0.35,-0.0
35742.0,249255863.0,3.0,355.96,0.0,187.0,0.0,35.0,0.0,0.0,5945.0,4661116.0,0.35,-0.0
35743.0,249265863.0,3.0,356.04,0.0,2766.0,0.0,35.0,2.0,0.0,5947.0,4661316.0,0.35,0.0
35744.0,249275863.0,3.0,356.13,0.0,187.0,0.0,35.0,0.0,0.0,5947.0,4661316.0,0.35,0.0
35745.0,249285863.0,3.0,355.96,0.0,2766.0,0.0,35.0,2.0,0.0,5949.0,4661516.0,0.35,0.1
35746.0,249295863.0,3.0,356.04,0.0,187.0,0.0,35.0,0.0,0.0,5949.0,4661516.0,0.35,0.1
35747.0,249305863.0,3.0,355.96,0.0,2766.0,0.0,35.0,2.0,0.0,5951.0,4661716.0,0.35,-0.2
35748.0,249315863.0,3.0,355.96,0.0,187.0,0.0,35.0,0.0,0.0,5951.0,4661716.0,0.35,-0.2
35749.0,249325863.0,3.0,355.96,0.0,2766.0,0.0,35.0,2.0,0.0,5953.0,4661916.0,0.34,-0.1
35750.0,249335863.0,3.0,355.87,0.0,187.0,0.0,35.0,0.0,0.0,5953.0,4661916.0,0.34,-0.1
35751.0,249345863.0,3.0,355.96,0.0,2766.0,0.0,35.0,2.0,0.0,5955.0,4662116.0,0.34,0.0
35752.0,249355863.0,3.0,356.04,0.0,187.0,0.0,35.0,0.0,0.0,5955.0,4662116.0,0.34,0.0
35753.0,249365863.0,3.0,355.87,0.0,2766.0,0.0,35.0,2.0,0.0,5957.0,4662316.0,0.34,0.1
35754.0,249375863.0,3.0,355.96,0.0,187.0,0.0,35.0,0.0,0.0,5957.0,4662316.0,0.34,0.1
35755.0,249385863.0,3.0,356.04,0.0,2766.0,0.0,35.0,2.0,0.0,5959.0,4662516.0,0.35,0.0
35756.0,249395863.0,3.0,356.04,0.0,187.0,0.0,35.0,0.0,0.0,5959.0,4662516.0,0.35,0.0
35757.0,249405863.0,3.0,356.04,0.0,2766.0,0.0,35.0,2.0,0.0,5961.0,4662716.0,0.34,-0.1
35758.0,249415863.0,3.0,356.04,0.0,187.0,0.0,35.0,0.0,0.0,5961.0,4662716.0,0.34,-0.1
35759.0,249425863.0,3.0,355.96,0.0,2766.0,0.0,35.0,2.0,0.0,5963.0,4662916.0,0.34,0.0
35760.0,249435863.0,3.0,355.87,0.0,187.0,0.0,35.0,0.0,0.0,5963.0,4662916.0,0.34,0.0
35761.0,249445863.0,3.0,355.96,0.0,2766.0,0.0,35.0,2.0,0.0,5965.0,4663116.0,0.35,0.2
35762.0,249455863.0,3.0,355.96,0.0,187.0,0.0,35.0,0.0,0.0,5965.0,4663116.0,0.35,0.2
35763.0,249465863.0,3.0,355.87,0.0,2766.0,0.0,35.0,2.0,0.0,5967.0,4663316.0,0.35,0.2
35764.0,249475863.0,3.0,355.96,0.0,187.0,0.0,35.0,0.0,0.0,5967.0,4663316.0,0.35,0.2
35765.0,249485863.0,3.0,355.96,0.0,2766.0,0.0,35.0,2.0,0.0,5969.0,4663516.0,0.35,-0.1
35766.0,249495863.0,3.0,355.96,0.0,187.0,0.0,35.0,0.0,0.0,5969.0,4663516.0,0.35,-0.1
35767.0,249505863.0,3.0,356.04,0.0,2766.0,0.0,35.0,2.0,0.0,5971.0,4663716.0,0.34,-0.2
35768.0,249515863.0,3.0,355.96,0.0,187.0,0.0,35.0,0.0,0.0,5971.0,4663716.0,0.34,-0.2
35769.0,249525863.0,3.0,356.04,0.0,2766.0,0.0,35.0,2.0,0.0,5973.0,4663916.0,0.33,-0.4
35770.0,249535863.0,3.0,356.04,0.0,187.0,0.0,35.0,0.0,0.0,5973.0,4663916.0,0.33,-0.4
35771.0,249545863.0,3.0,355.96,0.0,2766.0,0.0,35.0,2.0,0.0,5975.0,4664116.0,0.34,0.5
35772.0,249555863.0,3.0,355.96,0.0,187.0,0.0,35.0,0.0,0.0,5975.0,4664116.0,0.34,0.5
35773.0,249565863.0,3.0,355.96,0.0,2766.0,0.0,35.0,2.0,0.0,5977.0,4664316.0,0.34,-0.2
35774.0,249575863.0,3.0,355.96,0.0,187.0,0.0,35.0,0.0,0.0,5977.0,4664316.0,0.34,-0.2
35775.0,249585863.0,3.0,356.04,0.0,2766.0,0.0,35.0,2.0,0.0,5979.0,4664516.0,0.34,0.1
35776.0,249595863.0,3.0,355.96,0.0,187.0,0.0,35.0,0.0,0.0,5979.0,4664516.0,0.34,0.1
35777.0,249605863.0,3.0,355.96,0.0,2766.0,0.0,35.0,2.0,0.0,5981.0,4664716.0,0.34,-0.6
35778.0,249615863.0,3.0,356.04,0.0,187.0,0.0,35.0,0.0,0.0,5981.0,4664716.0,0.34,-0.6
35779.0,249625863.0,3.0,356.04,0.0,2766.0,0.0,35.0,2.0,0.0,5983.0,4664916.0,0.33,-0.1
35780.0,249635863.0,3.0,356.04,0.0,187.0,0.0,35.0,0.0,0.0,5983.0,4664916.0,0.33,-0.1
35781.0,249645863.0,3.0,355.96,0.0,2766.0,0.0,35.0,2.0,0.0,5985.0,4665116.0,0.33,0.6
35782.0,249655863.0,3.0,355.96,0.0,1476.0,0.0,35.0,1.0,0.0,5986.0,4665216.0,0.34,0.0
35783.0,249665863.0,3.0,356.04,0.0,187.0,0.0,35.0,0.0,0.0,5986.0,4665216.0,0.34,0.0
35784.0,249675863.0,3.0,356.04,0.0,2766.0,0.0,35.0,2.0,0.0,5988.0,4665416.0,0.34,0.7
35785.0,249685863.0,3.0,355.96,0.0,187.0,0.0,35.0,0.0,0.0,5988.0,4665416.0,0.34,0.7
35786.0,249695863.0,3.0,355.87,0.0,2766.0,0.0,35.0,2.0,0.0,5990.0,4665616.0,0.34,0.3
35787.0,249705863.0,3.0,355.96,0.0,187.0,0.0,35.0,0.0,0.0,5990.0,4665616.0,0.34,0.3
35788.0,249715863.0,3.0,355.96,0.0,2766.0,0.0,35.0,2.0,0.0,5992.0,4665816.0,0.33,-0.6
35789.0,249725863.0,3.0,356.04,0.0,1476.0,0.0,35.0,1.0,0.0,5993.0,4665916.0,0.33,-0.0
35790.0,249735863.0,3.0,355.87,0.0,1476.0,0.0,35.0,1.0,0.0,5994.0,4666016.0,0.33,-0.2
35791.0,249745863.0,3.0,355.96,0.0,187.0,0.0,35.0,0.0,0.0,5994.0,4666016.0,0.33,-0.2
35792.0,249755863.0,3.0,355.96,0.0,2766.0,0.0,35.0,2.0,0.0,5996.0,4666216.0,0.34,0.1
35793.0,249765863.0,3.0,355.96,0.0,187.0,0.0,35.0,0.0,0.0,5996.0,4666216.0,0.34,0.1
35794.0,249775863.0,3.0,355.96,0.0,2766.0,0.0,35.0,2.0,0.0,5998.0,4666416.0,0.34,0.4
35795.0,249785863.0,3.0,355.96,0.0,187.0,0.0,35.0,0.0,0.0,5998.0,4666416.0,0.34,0.4
35796.0,249795863.0,3.0,355.96,0.0,2766.0,0.0,35.0,2.0,0.0,6000.0,4666616.0,0.34,0.0
35797.0,249805863.0,3.0,355.87,0.0,1476.0,0.0,35.0,1.0,0.0,6001.0,4666716.0,0.34,-0.1
35798.0,249815863.0,3.0,356.04,0.0,1476.0,0.0,35.0,1.0,0.0,6002.0,4666816.0,0.34,-0.2
35799.0,249825863.0,3.0,356.04,0.0,187.0,0.0,35.0,0.0,0.0,6002.0,4666816.0,0.34,-0.2
35800.0,249835863.0,3.0,355.96,0.0,2766.0,0.0,35.0,2.0,0.0,6004.0,4667016.0,0.33,-0.2
35801.0,249845863.0,3.0,356.04,0.0,187.0,0.0,35.0,0.0,0.0,6004.0,4667016.0,0.33,-0.2
35802.0,249855863.0,3.0,355.96,0.0,2766.0,0.0,35.0,2.0,0.0,6006.0,4667216.0,0.33,0.0
35803.0,249865863.0,3.0,355.96,0.0,187.0,0.0,35.0,0.0,0.0,6006.0,4667216.0,0.33,0.0
35804.0,249875863.0,3.0,355.87,0.0,2766.0,0.0,35.0,2.0,0.0,6008.0,4667416.0,0.33,0.1
35805.0,249885863.0,3.0,355.96,0.0,1476.0,0.0,35.0,1.0,0.0,6009.0,4667516.0,0.34,0.1
35806.0,249895863.0,3.0,355.87,0.0,1476.0,0.0,35.0,1.0,0.0,6010.0,4667616.0,0.34,0.1
35807.0,249905863.0,3.0,355.96,0.0,187.0,0.0,35.0,0.0,0.0,6010.0,4667616.0,0.34,0.1
35808.0,249915863.0,3.0,355.96,0.0,2766.0,0.0,35.0,2.0,0.0,6012.0,4667816.0,0.34,-0.1
35809.0,249925863.0,3.0,355.96,0.0,187.0,0.0,35.0,0.0,0.0,6012.0,4667816.0,0.34,-0.1
35810.0,249935863.0,3.0,355.96,0.0,2766.0,0.0,35.0,2.0,0.0,6014.0,4668016.0,0.33,-0.2
35811.0,249945863.0,3.0,355.96,0.0,187.0,0.0,35.0,0.0,0.0,6014.0,4668016.0,0.33,-0.2
35812.0,249955863.0,3.0,356.04,0.0,2766.0,0.0,35.0,2.0,0.0,6016.0,4668216.0,0.33,0.2
35813.0,249965863.0,3.0,355.96,0.0,1476.0,0.0,35.0,1.0,0.0,6017.0,4668316.0,0.34,0.2
35814.0,249975863.0,3.0,356.04,0.0,1476.0,0.0,35.0,1.0,0.0,6018.0,4668416.0,0.34,0.1
35815.0,249985863.0,3.0,355.96,0.0,187.0,0.0,35.0,0.0,0.0,6018.0,4668416.0,0.34,0.1
35816.0,249995863.0,3.0,356.04,0.0,2766.0,0.0,35.0,2.0,0.0,6020.0,4668616.0,0.35,2.1
35817.0,250005863.0,3.0,355.96,0.0,187.0,0.0,35.0,0.0,0.0,6020.0,4668616.0,0.35,2.1
35818.0,250015863.0,3.0,356.13,0.0,2766.0,0.0,35.0,2.0,0.0,6022.0,4668816.0,0.32,-1.8
35819.0,250025863.0,3.0,355.96,0.0,187.0,0.0,35.0,0.0,0.0,6022.0,4668816.0,0.32,-1.8
35820.0,250035863.0,3.0,356.04,0.0,2766.0,0.0,35.0,2.0,0.0,6024.0,4669016.0,0.34,0.2
35821.0,250045863.0,3.0,355.87,0.0,1476.0,0.0,35.0,1.0,0.0,6025.0,4669116.0,0.33,-0.8
35822.0,250055863.0,3.0,356.04,0.0,1476.0,0.0,35.0,1.0,0.0,6026.0,4669216.0,0.33,1.0
35823.0,250065863.0,3.0,356.04,0.0,187.0,0.0,35.0,0.0,0.0,6026.0,4669216.0,0.33,1.0
35824.0,250075863.0,3.0,355.96,0.0,2766.0,0.0,35.0,2.0,0.0,6028.0,4669416.0,0.33,-0.4
35825.0,250085863.0,3.0,355.96,0.0,187.0,0.0,35.0,0.0,0.0,6028.0,4669416.0,0.33,-0.4
35826.0,250095863.0,3.0,356.04,0.0,2766.0,0.0,35.0,2.0,0.0,6030.0,4669616.0,0.34,0.1
35827.0,250105863.0,3.0,355.96,0.0,187.0,0.0,35.0,0.0,0.0,6030.0,4669616.0,0.34,0.1
35828.0,250115863.0,3.0,356.04,0.0,2766.0,0.0,35.0,2.0,0.0,6032.0,4669816.0,0.33,-0.3
35829.0,250125863.0,3.0,355.96,0.0,1476.0,0.0,35.0,1.0,0.0,6033.0,4669916.0,0.33,0.0
35830.0,250135863.0,3.0,355.96,0.0,1476.0,0.0,35.0,1.0,0.0,6034.0,4670016.0,0.33,0.3
35831.0,250145863.0,3.0,355.96,0.0,187.0,0.0,35.0,0.0,0.0,6034.0,4670016.0,0.33,0.3
35832.0,250155863.0,3.0,355.96,0.0,2766.0,0.0,35.0,2.0,0.0,6036.0,4670216.0,0.34,-0.1
35833.0,250165863.0,3.0,356.04,0.0,187.0,0.0,35.0,0.0,0.0,6036.0,4670216.0,0.34,-0.1
35834.0,250175863.0,3.0,355.87,0.0,2766.0,0.0,35.0,2.0,0.0,6038.0,4670416.0,0.33,-0.1
35835.0,250185863.0,3.0,355.96,0.0,187.0,0.0,35.0,0.0,0.0,6038.0,4670416.0,0.33,-0.1
35836.0,250195863.0,3.0,355.87,0.0,2766.0,0.0,35.0,2.0,0.0,6040.0,4670616.0,0.33,-0.1
35837.0,250205863.0,3.0,355.96,0.0,1476.0,0.0,35.0,1.0,0.0,6041.0,4670716.0,0.33,0.0
35838.0,250215863.0,3.0,355.96,0.0,1476.0,0.0,35.0,1.0,0.0,6042.0,4670816.0,0.33,0.1
35839.0,250225863.0,3.0,355.96,0.0,187.0,0.0,35.0,0.0,0.0,6042.0,4670816.0,0.33,0.1
35840.0,250235863.0,3.0,356.04,0.0,2766.0,0.0,35.0,2.0,0.0,6044.0,4671016.0,0.33,0.0
35841.0,250245863.0,3.0,355.96,0.0,187.0,0.0,35.0,0.0,0.0,6044.0,4671016.0,0.33,0.0
35842.0,250255863.0,3.0,355.96,0.0,2766.0,0.0,35.0,2.0,0.0,6046.0,4671216.0,0.33,-0.1
35843.0,250265863.0,3.0,356.04,0.0,187.0,0.0,35.0,0.0,0.0,6046.0,4671216.0,0.33,-0.1
35844.0,250275863.0,3.0,355.96,0.0,2766.0,0.0,35.0,2.0,0.0,6048.0,4671416.0,0.33,-0.1
35845.0,250285863.0,3.0,355.96,0.0,1476.0,0.0,35.0,1.0,0.0,6049.0,4671516.0,0.32,-0.3
35846.0,250295863.0,3.0,355.96,0.0,1476.0,0.0,35.0,1.0,0.0,6050.0,4671616.0,0.32,-0.5
35847.0,250305863.0,3.0,356.04,0.0,187.0,0.0,35.0,0.0,0.0,6050.0,4671616.0,0.32,-0.5
35848.0,250315863.0,3.0,355.96,0.0,2766.0,0.0,35.0,2.0,0.0,6052.0,4671816.0,0.32,0.2
35849.0,250325863.0,3.0,355.96,0.0,187.0,0.0,35.0,0.0,0.0,6052.0,4671816.0,0.32,0.2
35850.0,250335863.0,3.0,356.04,0.0,2766.0,0.0,35.0,2.0,0.0,6054.0,4672016.0,0.33,0.3
35851.0,250345863.0,3.0,355.96,0.0,187.0,0.0,35.0,0.0,0.0,6054.0,4672016.0,0.33,0.3
35852.0,250355863.0,3.0,355.96,0.0,2766.0,0.0,35.0,2.0,0.0,6056.0,4672216.0,0.33,0.0
35853.0,250365863.0,3.0,356.04,0.0,1476.0,0.0,35.0,1.0,0.0,6057.0,4672316.0,0.31,-1.5
35854.0,250375863.0,3.0,355.96,0.0,1476.0,0.0,35.0,1.0,0.0,6058.0,4672416.0,0.28,-1.5
35855.0,250385863.0,3.0,356.04,0.0,187.0,0.0,35.0,0.0,0.0,6058.0,4672416.0,0.28,-1.5
35856.0,250395863.0,3.0,355.96,0.0,2766.0,0.0,35.0,2.0,0.0,6060.0,4672616.0,0.3,-0.3
35857.0,250405863.0,3.0,355.96,0.0,187.0,0.0,35.0,0.0,0.0,6060.0,4672616.0,0.3,-0.3
35858.0,250415863.0,3.0,356.04,0.0,2766.0,0.0,35.0,2.0,0.0,6062.0,4672816.0,0.31,1.3
35859.0,250425863.0,3.0,355.96,0.0,187.0,0.0,35.0,0.0,0.0,6062.0,4672816.0,0.31,1.3
35860.0,250435863.0,3.0,355.96,0.0,2766.0,0.0,35.0,2.0,0.0,6064.0,4673016.0,0.33,0.7
35861.0,250445863.0,3.0,356.04,0.0,1476.0,0.0,35.0,1.0,0.0,6065.0,4673116.0,0.33,-0.2
35862.0,250455863.0,3.0,355.87,0.0,1476.0,0.0,35.0,1.0,0.0,6066.0,4673216.0,0.31,-0.5
35863.0,250465863.0,3.0,355.96,0.0,187.0,0.0,35.0,0.0,0.0,6066.0,4673216.0,0.31,-0.5
35864.0,250475863.0,3.0,355.96,0.0,2766.0,0.0,35.0,2.0,0.0,6068.0,4673416.0,0.28,-1.1
35865.0,250485863.0,3.0,355.96,0.0,187.0,0.0,35.0,0.0,0.0,6068.0,4673416.0,0.28,-1.1
35866.0,250495863.0,3.0,355.96,0.0,2766.0,0.0,35.0,2.0,0.0,6070.0,4673616.0,0.28,0.3
35867.0,250505863.0,3.0,355.96,0.0,187.0,0.0,35.0,0.0,0.0,6070.0,4673616.0,0.28,0.3
35868.0,250515863.0,3.0,356.04,0.0,2766.0,0.0,35.0,2.0,0.0,6072.0,4673816.0,0.3,0.2
35869.0,250525863.0,3.0,355.96,0.0,1476.0,0.0,35.0,1.0,0.0,6073.0,4673916.0,0.3,0.4
35870.0,250535863.0,3.0,355.96,0.0,1476.0,0.0,35.0,1.0,0.0,6074.0,4674016.0,0.3,-0.0
35871.0,250545863.0,3.0,355.96,0.0,187.0,0.0,35.0,0.0,0.0,6074.0,4674016.0,0.3,-0.0
35872.0,250555863.0,3.0,355.96,0.0,2766.0,0.0,35.0,2.0,0.0,6076.0,4674216.0,0.3,0.0
35873.0,250565863.0,3.0,355.87,0.0,187.0,0.0,35.0,0.0,0.0,6076.0,4674216.0,0.3,0.0
35874.0,250575863.0,3.0,355.96,0.0,2766.0,0.0,35.0,2.0,0.0,6078.0,4674416.0,0.29,-0.1
35875.0,250585863.0,3.0,356.04,0.0,187.0,0.0,35.0,0.0,0.0,6078.0,4674416.0,0.29,-0.1
35876.0,250595863.0,3.0,356.04,0.0,2766.0,0.0,35.0,2.0,0.0,6080.0,4674616.0,0.3,0.2
35877.0,250605863.0,3.0,355.96,0.0,1476.0,0.0,35.0,1.0,0.0,6081.0,4674716.0,0.3,0.1
35878.0,250615863.0,3.0,355.96,0.0,1476.0,0.0,35.0,1.0,0.0,6082.0,4674816.0,0.3,0.1
35879.0,250625863.0,3.0,355.87,0.0,187.0,0.0,35.0,0.0,0.0,6082.0,4674816.0,0.3,0.1
35880.0,250635863.0,3.0,355.87,0.0,2766.0,0.0,35.0,2.0,0.0,6084.0,4675016.0,0.29,-0.4
35881.0,250645863.0,3.0,356.04,0.0,187.0,0.0,35.0,0.0,0.0,6084.0,4675016.0,0.29,-0.4
35882.0,250655863.0,3.0,356.04,0.0,2766.0,0.0,35.0,2.0,0.0,6086.0,4675216.0,0.28,-0.3
35883.0,250665863.0,3.0,355.96,0.0,187.0,0.0,35.0,0.0,0.0,6086.0,4675216.0,0.28,-0.3
35884.0,250675863.0,3.0,355.96,0.0,2766.0,0.0,35.0,2.0,0.0,6088.0,4675416.0,0.29,0.1
35885.0,250685863.0,3.0,355.96,0.0,187.0,0.0,35.0,0.0,0.0,6088.0,4675416.0,0.29,0.1
35886.0,250695863.0,3.0,355.96,0.0,2766.0,0.0,35.0,2.0,0.0,6090.0,4675616.0,0.29,0.3
35887.0,250705863.0,3.0,355.96,0.0,187.0,0.0,35.0,0.0,0.0,6090.0,4675616.0,0.29,0.3
35888.0,250715863.0,3.0,355.96,0.0,2766.0,0.0,35.0,2.0,0.0,6092.0,4675816.0,0.29,-0.1
35889.0,250725863.0,3.0,355.87,0.0,187.0,0.0,35.0,0.0,0.0,6092.0,4675816.0,0.29,-0.1
35890.0,250735863.0,3.0,355.96,0.0,2766.0,0.0,35.0,2.0,0.0,6094.0,4676016.0,0.29,-0.2
35891.0,250745863.0,3.0,355.96,0.0,187.0,0.0,35.0,0.0,0.0,6094.0,4676016.0,0.29,-0.2
35892.0,250755863.0,3.0,355.96,0.0,2766.0,0.0,35.0,2.0,0.0,6096.0,4676216.0,0.28,-0.1
35893.0,250765863.0,3.0,355.96,0.0,187.0,0.0,35.0,0.0,0.0,6096.0,4676216.0,0.28,-0.1
35894.0,250775863.0,3.0,355.96,0.0,2766.0,0.0,35.0,2.0,0.0,6098.0,4676416.0,0.29,0.2
35895.0,250785863.0,3.0,355.96,0.0,187.0,0.0,35.0,0.0,0.0,6098.0,4676416.0,0.29,0.2
35896.0,250795863.0,3.0,355.87,0.0,2766.0,0.0,35.0,2.0,0.0,6100.0,4676616.0,0.29,0.1
35897.0,250805863.0,3.0,355.87,0.0,187.0,0.0,35.0,0.0,0.0,6100.0,4676616.0,0.29,0.1
35898.0,250815863.0,3.0,356.04,0.0,2766.0,0.0,35.0,2.0,0.0,6102.0,4676816.0,0.29,-0.2
35899.0,250825863.0,3.0,355.96,0.0,187.0,0.0,35.0,0.0,0.0,6102.0,4676816.0,0.29,-0.2
35900.0,250835863.0,3.0,355.96,0.0,2766.0,0.0,35.0,2.0,0.0,6104.0,4677016.0,0.29,-0.1
35901.0,250845863.0,3.0,355.96,0.0,187.0,0.0,35.0,0.0,0.0,6104.0,4677016.0,0.29,-0.1
35902.0,250855863.0,3.0,355.96,0.0,2766.0,0.0,35.0,2.0,0.0,6106.0,4677216.0,0.28,-0.1
35903.0,250865863.0,3.0,355.96,0.0,1476.0,0.0,35.0,1.0,0.0,6107.0,4677316.0,0.29,0.1
35904.0,250875863.0,3.0,355.96,0.0,187.0,0.0,35.0,0.0,0.0,6107.0,4677316.0,0.29,0.1
35905.0,250885863.0,3.0,356.04,0.0,2766.0,0.0,35.0,2.0,0.0,6109.0,4677516.0,0.29,0.2
35906.0,250895863.0,3.0,355.96,0.0,187.0,0.0,35.0,0.0,0.0,6109.0,4677516.0,0.29,0.2
35907.0,250905863.0,3.0,355.96,0.0,2766.0,0.0,35.0,2.0,0.0,6111.0,4677716.0,0.29,0.1
35908.0,250915863.0,3.0,355.96,0.0,187.0,0.0,35.0,0.0,0.0,6111.0,4677716.0,0.29,0.1
35909.0,250925863.0,3.0,355.96,0.0,2766.0,0.0,35.0,2.0,0.0,6113.0,4677916.0,0.29,-0.2
35910.0,250935863.0,3.0,356.04,0.0,1476.0,0.0,35.0,1.0,0.0,6114.0,4678016.0,0.29,-0.0
35911.0,250945863.0,3.0,355.96,0.0,1476.0,0.0,35.0,1.0,0.0,6115.0,4678116.0,0.29,-0.0
35912.0,250955863.0,3.0,355.96,0.0,187.0,0.0,35.0,0.0,0.0,6115.0,4678116.0,0.29,-0.0
35913.0,250965863.0,3.0,355.96,0.0,2766.0,0.0,35.0,2.0,0.0,6117.0,4678316.0,0.29,0.1
35914.0,250975863.0,3.0,355.96,0.0,187.0,0.0,35.0,0.0,0.0,6117.0,4678316.0,0.29,0.1
35915.0,250985863.0,3.0,356.13,0.0,2766.0,0.0,35.0,2.0,0.0,6119.0,4678516.0,0.29,0.0
35916.0,250995863.0,3.0,356.04,0.0,187.0,0.0,35.0,0.0,0.0,6119.0,4678516.0,0.29,0.0
35917.0,251005863.0,3.0,355.96,0.0,2766.0,0.0,35.0,2.0,0.0,6121.0,4678716.0,0.29,-0.1
35918.0,251015863.0,3.0,355.96,0.0,1476.0,0.0,35.0,1.0,0.0,6122.0,4678816.0,0.29,-0.1
35919.0,251025863.0,3.0,355.96,0.0,1476.0,0.0,35.0,1.0,0.0,6123.0,4678916.0,0.29,0.0
35920.0,251035863.0,3.0,356.04,0.0,187.0,0.0,35.0,0.0,0.0,6123.0,4678916.0,0.29,0.0
35921.0,251045863.0,3.0,355.96,0.0,2766.0,0.0,35.0,2.0,0.0,6125.0,4679116.0,0.29,0.1
35922.0,251055863.0,3.0,355.87,0.0,187.0,0.0,35.0,0.0,0.0,6125.0,4679116.0,0.29,0.1
35923.0,251065863.0,3.0,355.96,0.0,2766.0,0.0,35.0,2.0,0.0,6127.0,4679316.0,0.29,0.1
35924.0,251075863.0,3.0,355.87,0.0,187.0,0.0,35.0,0.0,0.0,6127.0,4679316.0,0.29,0.1
35925.0,251085863.0,3.0,355.96,0.0,2766.0,0.0,35.0,2.0,0.0,6129.0,4679516.0,0.29,-0.1
35926.0,251095863.0,3.0,355.87,0.0,1476.0,0.0,35.0,1.0,0.0,6130.0,4679616.0,0.29,-0.1
35927.0,251105863.0,3.0,355.96,0.0,1476.0,0.0,35.0,1.0,0.0,6131.0,4679716.0,0.29,-0.0
35928.0,251115863.0,3.0,355.96,0.0,187.0,0.0,35.0,0.0,0.0,6131.0,4679716.0,0.29,-0.0
35929.0,251125863.0,3.0,355.96,0.0,2766.0,0.0,35.0,2.0,0.0,6133.0,4679916.0,0.29,0.1
35930.0,251135863.0,3.0,356.04,0.0,187.0,0.0,35.0,0.0,0.0,6133.0,4679916.0,0.29,0.1
35931.0,251145863.0,3.0,355.96,0.0,2766.0,0.0,35.0,2.0,0.0,6135.0,4680116.0,0.29,0.1
35932.0,251155863.0,3.0,355.96,0.0,187.0,0.0,35.0,0.0,0.0,6135.0,4680116.0,0.29,0.1
35933.0,251165863.0,3.0,355.96,0.0,2766.0,0.0,35.0,2.0,0.0,6137.0,4680316.0,0.3,0.2
35934.0,251175863.0,3.0,355.96,0.0,1476.0,0.0,35.0,1.0,0.0,6138.0,4680416.0,0.3,0.2
35935.0,251185863.0,3.0,355.96,0.0,1476.0,0.0,35.0,1.0,0.0,6139.0,4680516.0,0.3,0.0
35936.0,251195863.0,3.0,355.96,0.0,187.0,0.0,35.0,0.0,0.0,6139.0,4680516.0,0.3,0.0
35937.0,251205863.0,3.0,355.96,0.0,2766.0,0.0,35.0,2.0,0.0,6141.0,4680716.0,0.29,-0.3
35938.0,251215863.0,3.0,355.96,0.0,187.0,0.0,35.0,0.0,0.0,6141.0,4680716.0,0.29,-0.3
35939.0,251225863.0,3.0,355.96,0.0,2766.0,0.0,35.0,2.0,0.0,6143.0,4680916.0,0.29,0.0
35940.0,251235863.0,3.0,355.96,0.0,187.0,0.0,35.0,0.0,0.0,6143.0,4680916.0,0.29,0.0
35941.0,251245863.0,3.0,355.96,0.0,2766.0,0.0,35.0,2.0,0.0,6145.0,4681116.0,0.3,0.1
35942.0,251255863.0,3.0,356.04,0.0,1476.0,0.0,35.0,1.0,0.0,6146.0,4681216.0,0.3,0.1
35943.0,251265863.0,3.0,355.96,0.0,1476.0,0.0,35.0,1.0,0.0,6147.0,4681316.0,0.3,0.2
35944.0,251275863.0,3.0,355.96,0.0,187.0,0.0,35.0,0.0,0.0,6147.0,4681316.0,0.3,0.2
35945.0,251285863.0,3.0,355.96,0.0,2766.0,0.0,35.0,2.0,0.0,6149.0,4681516.0,0.3,-0.1
35946.0,251295863.0,3.0,355.96,0.0,187.0,0.0,35.0,0.0,0.0,6149.0,4681516.0,0.3,-0.1
35947.0,251305863.0,3.0,355.96,0.0,2766.0,0.0,35.0,2.0,0.0,6151.0,4681716.0,0.29,-0.2
35948.0,251315863.0,3.0,355.96,0.0,187.0,0.0,35.0,0.0,0.0,6151.0,4681716.0,0.29,-0.2
35949.0,251325863.0,3.0,355.96,0.0,2766.0,0.0,35.0,2.0,0.0,6153.0,4681916.0,0.29,0.1
35950.0,251335863.0,3.0,355.87,0.0,1476.0,0.0,35.0,1.0,0.0,6154.0,4682016.0,0.3,0.2
35951.0,251345863.0,3.0,355.96,0.0,1476.0,0.0,35.0,1.0,0.0,6155.0,4682116.0,0.3,0.1
35952.0,251355863.0,3.0,355.96,0.0,187.0,0.0,35.0,0.0,0.0,6155.0,4682116.0,0.3,0.1
35953.0,251365863.0,3.0,355.96,0.0,2766.0,0.0,35.0,2.0,0.0,6157.0,4682316.0,0.3,0.2
35954.0,251375863.0,3.0,356.04,0.0,187.0,0.0,35.0,0.0,0.0,6157.0,4682316.0,0.3,0.2
35955.0,251385863.0,3.0,355.96,0.0,2766.0,0.0,35.0,2.0,0.0,6159.0,4682516.0,0.3,0.0
35956.0,251395863.0,3.0,355.96,0.0,187.0,0.0,35.0,0.0,0.0,6159.0,4682516.0,0.3,0.0
35957.0,251405863.0,3.0,355.96,0.0,2766.0,0.0,35.0,2.0,0.0,6161.0,4682716.0,0.3,-0.2
35958.0,251415863.0,3.0,355.96,0.0,1476.0,0.0,35.0,1.0,0.0,6162.0,4682816.0,0.29,-0.1
35959.0,251425863.0,3.0,355.96,0.0,1476.0,0.0,35.0,1.0,0.0,6163.0,4682916.0,0.29,-0.1
35960.0,251435863.0,3.0,355.87,0.0,187.0,0.0,35.0,0.0,0.0,6163.0,4682916.0,0.29,-0.1
35961.0,251445863.0,3.0,355.96,0.0,2766.0,0.0,35.0,2.0,0.0,6165.0,4683116.0,0.29,0.1
35962.0,251455863.0,3.0,355.96,0.0,187.0,0.0,35.0,0.0,0.0,6165.0,4683116.0,0.29,0.1
35963.0,251465863.0,3.0,356.04,0.0,2766.0,0.0,35.0,2.0,0.0,6167.0,4683316.0,0.3,0.1
35964.0,251475863.0,3.0,355.96,0.0,187.0,0.0,35.0,0.0,0.0,6167.0,4683316.0,0.3,0.1
35965.0,251485863.0,3.0,355.96,0.0,2766.0,0.0,35.0,2.0,0.0,6169.0,4683516.0,0.3,0.0
35966.0,251495863.0,3.0,356.04,0.0,1476.0,0.0,35.0,1.0,0.0,6170.0,4683616.0,0.3,-0.0
35967.0,251505863.0,3.0,355.96,0.0,1476.0,0.0,35.0,1.0,0.0,6171.0,4683716.0,0.3,-0.1
35968.0,251515863.0,3.0,356.04,0.0,187.0,0.0,35.0,0.0,0.0,6171.0,4683716.0,0.3,-0.1
35969.0,251525863.0,3.0,356.04,0.0,2766.0,0.0,35.0,2.0,0.0,6173.0,4683916.0,0.29,-0.1
35970.0,251535863.0,3.0,356.04,0.0,187.0,0.0,35.0,0.0,0.0,6173.0,4683916.0,0.29,-0.1
35971.0,251545863.0,3.0,355.96,0.0,2766.0,0.0,35.0,2.0,0.0,6175.0,4684116.0,0.29,0.1
35972.0,251555863.0,3.0,355.96,0.0,187.0,0.0,35.0,0.0,0.0,6175.0,4684116.0,0.29,0.1
35973.0,251565863.0,3.0,355.96,0.0,2766.0,0.0,35.0,2.0,0.0,6177.0,4684316.0,0.3,0.2
35974.0,251575863.0,3.0,356.04,0.0,1476.0,0.0,35.0,1.0,0.0,6178.0,4684416.0,0.3,0.1
35975.0,251585863.0,3.0,355.96,0.0,1476.0,0.0,35.0,1.0,0.0,6179.0,4684516.0,0.3,-0.0
35976.0,251595863.0,3.0,355.96,0.0,187.0,0.0,35.0,0.0,0.0,6179.0,4684516.0,0.3,-0.0
35977.0,251605863.0,3.0,355.96,0.0,2766.0,0.0,35.0,2.0,0.0,6181.0,4684716.0,0.3,-0.1
35978.0,251615863.0,3.0,355.96,0.0,187.0,0.0,35.0,0.0,0.0,6181.0,4684716.0,0.3,-0.1
35979.0,251625863.0,3.0,355.96,0.0,2766.0,0.0,35.0,2.0,0.0,6183.0,4684916.0,0.29,-0.0
35980.0,251635863.0,3.0,356.04,0.0,187.0,0.0,35.0,0.0,0.0,6183.0,4684916.0,0.29,-0.0
35981.0,251645863.0,3.0,355.96,0.0,2766.0,0.0,35.0,2.0,0.0,6185.0,4685116.0,0.3,0.1
35982.0,251655863.0,3.0,355.96,0.0,1476.0,0.0,35.0,1.0,0.0,6186.0,4685216.0,0.3,0.1
35983.0,251665863.0,3.0,356.04,0.0,1476.0,0.0,35.0,1.0,0.0,6187.0,4685316.0,0.3,0.0
35984.0,251675863.0,3.0,355.96,0.0,187.0,0.0,35.0,0.0,0.0,6187.0,4685316.0,0.3,0.0
35985.0,251685863.0,3.0,355.96,0.0,2766.0,0.0,35.0,2.0,0.0,6189.0,4685516.0,0.3,-0.0
35986.0,251695863.0,3.0,355.96,0.0,187.0,0.0,35.0,0.0,0.0,6189.0,4685516.0,0.3,-0.0
35987.0,251705863.0,3.0,355.96,0.0,2766.0,0.0,35.0,2.0,0.0,6191.0,4685716.0,0.29,-0.2
35988.0,251715863.0,3.0,355.96,0.0,187.0,0.0,35.0,0.0,0.0,6191.0,4685716.0,0.29,-0.2
35989.0,251725863.0,3.0,355.96,0.0,2766.0,0.0,35.0,2.0,0.0,6193.0,4685916.0,0.29,-0.1
35990.0,251735863.0,3.0,356.04,0.0,1476.0,0.0,35.0,1.0,0.0,6194.0,4686016.0,0.29,-0.0
35991.0,251745863.0,3.0,355.96,0.0,1476.0,0.0,35.0,1.0,0.0,6195.0,4686116.0,0.29,0.1
35992.0,251755863.0,3.0,355.96,0.0,187.0,0.0,35.0,0.0,0.0,6195.0,4686116.0,0.29,0.1
35993.0,251765863.0,3.0,356.04,0.0,2766.0,0.0,35.0,2.0,0.0,6197.0,4686316.0,0.29,0.1
35994.0,251775863.0,3.0,356.04,0.0,187.0,0.0,35.0,0.0,0.0,6197.0,4686316.0,0.29,0.1
35995.0,251785863.0,3.0,355.96,0.0,2766.0,0.0,35.0,2.0,0.0,6199.0,4686516.0,0.29,0.1
35996.0,251795863.0,3.0,355.87,0.0,187.0,0.0,35.0,0.0,0.0,6199.0,4686516.0,0.29,0.1
35997.0,251805863.0,3.0,355.96,0.0,2766.0,0.0,35.0,2.0,0.0,6201.0,4686716.0,0.29,-0.0
35998.0,251815863.0,3.0,355.96,0.0,1476.0,0.0,35.0,1.0,0.0,6202.0,4686816.0,0.29,0.0
35999.0,251825863.0,3.0,355.87,0.0,1476.0,0.0,35.0,1.0,0.0,6203.0,4686916.0,0.29,0.0
36000.0,251835863.0,3.0,355.96,0.0,187.0,0.0,35.0,0.0,0.0,6203.0,4686916.0,0.29,0.0
