freq_hz,t_s,enc_deg,roll,pitch,yaw,target_deg,inc_deg,valid,imu_age_us,gx,gy,gz
0.5,9338.339739,129.81,2.27,1.13,81.38,0.63,0.5,1,8173,0.3,37.2,-0.4
0.5,9338.349739,128.41,2.29,1.28,81.39,1.26,1.75,1,9061,0.5,24.3,-0.3
0.5,9338.359739,127.18,2.28,2.32,81.41,1.88,2.75,1,8933,-1.1,117.3,-2.1
0.5,9338.369739,126.91,2.25,4.7,81.45,2.51,2.5,1,8817,-1.4,144.6,-2.7
0.5,9338.379739,127.35,2.24,6.01,81.48,3.13,2.0,1,8698,-1.3,104.1,-1.8
0.5,9338.389739,127.44,2.22,5.83,81.47,3.75,1.75,1,8560,-2.0,21.9,-0.7
0.5,9338.399742,127.35,2.2,4.51,81.43,4.36,2.75,1,8444,-1.1,-49.4,0.5
0.5,9338.409739,126.47,2.2,3.76,81.42,4.97,3.75,1,8307,0.1,-3.3,0.3
0.5,9338.419739,125.51,2.22,4.45,81.44,5.58,4.75,1,8177,0.5,22.5,0.0
0.5,9338.429739,124.72,2.25,5.65,81.47,6.18,5.0,1,9065,1.6,94.3,-1.0
0.5,9338.439739,124.28,2.26,7.35,81.51,6.77,5.25,1,8940,-0.5,98.5,-1.7
0.5,9338.449739,123.84,2.23,8.1,81.52,7.36,6.25,1,8810,-0.5,70.6,-1.0
0.5,9338.459742,122.61,2.22,8.25,81.52,7.94,7.5,1,8703,-1.0,43.3,-0.9
0.5,9338.469739,121.46,2.22,8.35,81.52,8.52,8.25,1,8567,0.1,36.8,-0.4
0.5,9338.479742,121.2,2.22,9.63,81.55,9.08,8.25,1,8440,-1.2,135.0,-2.3
0.5,9338.489739,121.11,2.2,11.73,81.59,9.64,8.75,1,8309,-1.4,111.9,-2.1
0.5,9338.499739,120.5,2.19,11.7,81.59,10.18,9.75,1,8185,-0.8,19.7,-0.2
0.5,9338.509739,119.27,2.19,10.83,81.57,10.72,10.75,1,9070,-0.0,5.5,0.1
0.5,9338.519739,118.56,2.19,11.51,81.59,11.24,11.25,1,8942,-1.6,82.2,-1.2
0.5,9338.529739,118.39,2.19,13.46,81.63,11.76,11.25,1,8815,0.8,118.7,-1.8
0.5,9338.539742,118.39,2.21,14.43,81.65,12.26,11.75,1,8708,-1.4,60.4,-1.0
0.5,9338.549739,117.77,2.18,13.97,81.64,12.75,12.5,1,8568,-0.1,12.4,0.1
0.5,9338.559740,117.33,2.19,13.53,81.63,13.23,13.25,1,8442,-0.0,3.9,0.1
0.5,9338.569739,116.81,2.19,14.21,81.65,13.69,13.5,1,8316,-0.9,76.5,-0.8
0.5,9338.579740,116.46,2.19,15.34,81.68,14.14,13.75,1,8178,0.2,40.1,-0.3
0.5,9338.589740,115.93,2.19,15.38,81.68,14.58,14.5,1,9074,-1.1,40.4,-0.4
0.5,9338.599740,115.14,2.17,15.7,81.69,15.0,15.25,1,8947,-0.6,31.9,-0.2
0.5,9338.609740,114.26,2.17,16.29,81.7,15.41,16.25,1,8819,-1.0,67.7,-1.0
0.5,9338.619742,113.82,2.18,17.55,81.73,15.8,16.5,1,8712,-0.0,90.6,-1.1
0.5,9338.629740,113.73,2.19,18.54,81.75,16.18,16.25,1,8573,-0.7,75.5,-1.4
0.5,9338.639742,113.73,2.18,18.77,81.75,16.54,16.25,1,8449,-0.2,38.3,-0.5
0.5,9338.649740,113.73,2.18,18.4,81.74,16.89,16.25,1,8310,-0.1,0.7,0.1
0.5,9338.659740,113.12,2.18,18.03,81.74,17.21,17.25,1,8182,0.1,0.3,0.2
0.5,9338.669740,111.97,2.18,18.03,81.74,17.53,18.5,1,9078,0.0,0.6,0.1
0.5,9338.679743,111.09,2.18,18.83,81.76,17.82,19.25,1,8954,-0.9,79.3,-0.8
0.5,9338.689740,111.01,2.2,20.84,81.81,18.1,19.25,1,8824,0.6,122.6,-1.3
0.5,9338.699740,111.09,2.21,22.01,81.83,18.36,18.75,1,8705,-1.2,73.7,-2.1
0.5,9338.709740,111.18,2.18,21.58,81.8,18.6,18.75,1,8577,-0.3,5.7,0.1
0.5,9338.719740,111.09,2.18,20.89,81.8,18.82,19.0,1,8451,-0.0,-0.4,0.1
0.5,9338.729740,111.09,2.18,20.7,81.79,19.02,19.25,1,8314,-0.1,-13.4,-0.2
0.5,9338.739740,110.83,2.18,20.56,81.78,19.21,19.5,1,8186,-0.1,-0.3,0.3
0.5,9338.749740,110.83,2.18,20.77,81.8,19.37,19.75,1,9074,0.0,7.7,0.4
0.5,9338.759743,110.65,2.19,21.03,81.81,19.52,19.75,1,8950,0.1,17.8,0.3
0.5,9338.769740,110.48,2.19,21.29,81.82,19.65,19.75,1,8828,-0.2,16.0,0.0
0.5,9338.779741,110.57,2.18,21.38,81.81,19.75,19.75,1,8710,-0.3,10.7,-0.2
0.5,9338.789740,110.57,2.18,21.37,81.81,19.84,19.75,1,8573,-0.2,4.4,0.1
0.5,9338.799740,110.57,2.18,21.31,81.81,19.91,19.75,1,8454,-0.1,0.3,0.2
0.5,9338.809740,110.57,2.18,21.27,81.81,19.96,19.75,1,8319,-0.1,0.1,0.2
0.5,9338.819740,110.65,2.18,21.26,81.81,19.99,19.75,1,8191,-0.1,0.0,0.2
0.5,9338.829740,110.57,2.18,21.26,81.81,20.0,19.75,1,9036,-0.1,-0.1,0.3
0.5,9338.839739,110.57,2.18,21.26,81.81,19.99,19.75,1,8951,-0.1,-0.1,0.3
0.5,9338.849740,110.57,2.18,21.26,81.81,19.96,19.75,1,8833,-0.1,-0.1,0.3
0.5,9338.859740,110.65,2.18,21.26,81.82,19.91,19.75,1,8714,-0.1,-0.1,0.3
0.5,9338.869740,110.57,2.18,21.25,81.82,19.84,19.75,1,8581,-0.1,-0.1,0.3
0.5,9338.879740,110.57,2.18,21.25,81.82,19.75,19.75,1,8459,-0.0,-0.0,0.3
0.5,9338.889740,110.57,2.18,21.25,81.82,19.65,19.75,1,8323,-0.0,0.0,0.3
0.5,9338.899740,110.57,2.18,21.26,81.82,19.52,19.75,1,8199,-0.0,0.1,0.3
0.5,9338.909740,110.57,2.18,21.26,81.82,19.37,19.75,1,9087,0.0,0.1,0.3
0.5,9338.919743,110.65,2.18,21.26,81.82,19.21,19.5,1,8959,-0.0,0.0,0.3
0.5,9338.929740,110.83,2.18,21.25,81.82,19.02,18.75,1,8828,-0.0,-0.1,0.3
0.5,9338.939740,111.36,2.18,21.25,81.82,18.82,18.25,1,8718,-0.1,-0.2,0.3
0.5,9338.949740,111.53,2.17,21.03,81.81,18.6,18.25,1,8583,-0.6,-22.4,-0.1
0.5,9338.959740,111.45,2.14,20.26,81.77,18.36,18.75,1,8455,-0.8,-54.0,-0.1
0.5,9338.969740,111.53,2.14,19.85,81.76,18.1,18.75,1,8330,-0.1,-9.8,0.1
0.5,9338.979743,111.8,2.15,20.29,81.78,17.82,17.75,1,8203,0.1,-0.1,0.4
0.5,9338.989740,112.94,2.16,20.39,81.79,17.53,16.75,1,9088,-0.1,0.0,0.4
0.5,9338.999739,113.47,2.15,19.92,81.77,17.21,16.25,1,8960,0.5,-46.9,0.6
0.5,9339.009740,113.38,2.15,18.39,81.73,16.89,16.5,1,8835,0.7,-105.7,1.8
0.5,9339.019740,113.38,2.15,17.37,81.71,16.54,17.0,1,8723,0.4,-43.7,1.1
0.5,9339.029740,113.2,2.16,18.01,81.73,16.18,16.75,1,8590,0.1,2.8,0.5
0.5,9339.039740,113.99,2.16,18.51,81.75,15.8,15.75,1,8460,-0.1,3.7,0.6
0.5,9339.049740,115.14,2.16,18.64,81.76,15.41,14.25,1,8323,0.0,11.6,0.5
0.5,9339.059743,115.93,2.16,17.87,81.74,15.0,13.75,1,8199,0.2,-84.9,0.9
0.5,9339.069740,115.93,2.15,15.66,81.68,14.58,13.75,1,9084,1.1,-124.4,2.9
0.5,9339.079740,115.84,2.17,14.65,81.67,14.14,14.25,1,8964,0.6,-61.5,1.3
0.5,9339.089740,115.75,2.17,15.3,81.68,13.69,13.75,1,8838,0.0,1.8,0.5
0.5,9339.099740,115.84,2.17,16.04,81.71,13.23,13.75,1,8719,-0.1,10.7,0.9
0.5,9339.109740,116.1,2.17,16.19,81.72,12.75,13.5,1,8592,-0.2,6.4,0.1
0.5,9339.119740,116.98,2.16,16.06,81.71,12.26,12.5,1,8464,-0.2,-8.5,0.2
0.5,9339.129740,118.04,2.16,15.55,81.69,11.76,11.5,1,8331,0.3,-36.2,0.3
0.5,9339.139743,118.92,2.17,14.36,81.66,11.24,10.5,1,8203,0.9,-90.9,1.7
0.5,9339.149740,119.36,2.18,12.71,81.63,10.72,10.25,1,9088,1.2,-110.6,2.1
0.5,9339.159740,119.18,2.18,11.67,81.61,10.18,10.25,1,8969,0.5,-83.9,1.9
0.5,9339.169740,119.09,2.18,11.66,81.62,9.64,10.25,1,8844,0.3,-27.7,1.2
0.5,9339.179740,119.36,2.18,12.32,81.64,9.08,10.25,1,8724,-0.0,9.1,0.7
0.5,9339.189740,120.23,2.18,12.78,81.66,8.52,9.25,1,8587,0.0,9.5,0.3
0.5,9339.199740,121.11,2.18,12.45,81.64,7.94,8.25,1,8468,0.0,-32.8,0.2
0.5,9339.209740,121.11,2.18,11.07,81.6,7.36,8.25,1,8335,1.0,-96.4,1.5
0.5,9339.219742,121.03,2.19,9.67,81.57,6.77,8.75,1,8208,0.9,-75.9,1.5
0.5,9339.229740,121.29,2.2,9.9,81.58,6.18,8.0,1,9093,0.1,2.4,0.5
0.5,9339.239740,122.61,2.19,10.81,81.61,5.58,6.75,1,8965,-0.1,13.0,0.8
0.5,9339.249740,123.75,2.19,10.45,81.61,4.97,5.5,1,8848,0.1,-47.1,0.6
0.5,9339.259740,124.01,2.19,8.52,81.55,4.36,5.25,1,8728,0.9,-132.5,2.0
0.5,9339.269740,124.1,2.21,6.62,81.51,3.75,5.25,1,8593,0.9,-104.9,2.0
0.5,9339.279740,124.98,2.21,6.71,81.51,3.13,4.25,1,8464,0.2,-18.0,0.7
0.5,9339.289740,126.04,2.21,7.39,81.53,2.51,3.25,1,8337,0.2,-19.3,0.6
0.5,9339.299740,126.56,2.21,6.51,81.51,1.88,2.75,1,8209,0.7,-87.0,1.5
0.5,9339.309740,127.0,2.22,4.75,81.47,1.26,2.25,1,9097,0.8,-108.3,2.2
0.5,9339.319740,128.06,2.23,3.99,81.46,0.63,1.25,1,8970,0.6,-53.8,1.1
0.5,9339.329740,128.94,2.23,4.12,81.46,0.0,0.25,1,8846,0.5,-41.5,0.9
0.5,9339.339740,129.11,2.23,3.14,81.44,-0.63,0.25,1,8732,0.8,-110.3,2.2
0.5,9339.349740,129.46,2.24,1.68,81.41,-1.26,-0.25,1,8596,0.5,-78.1,1.9
0.5,9339.359740,130.52,2.24,1.8,81.42,-1.88,-1.25,1,8469,0.1,-19.8,0.7
0.5,9339.369740,131.48,2.24,1.94,81.42,-2.51,-2.25,1,8345,0.3,-43.8,1.0
0.5,9339.379740,131.75,2.25,0.61,81.39,-3.13,-2.5,1,8214,0.9,-109.1,2.1
0.5,9339.389740,132.28,2.26,-0.89,81.36,-3.75,-3.0,1,9102,0.7,-84.5,2.2
0.5,9339.399740,133.42,2.26,-0.92,81.37,-4.36,-4.25,1,8974,0.3,-28.2,0.8
0.5,9339.409740,134.82,2.27,-0.95,81.36,-4.97,-5.75,1,8847,0.6,-58.6,1.4
0.5,9339.419740,135.53,2.28,-2.47,81.33,-5.58,-6.5,1,8728,0.6,-122.0,2.7
0.5,9339.429740,135.7,2.29,-4.53,81.3,-6.18,-6.5,1,8604,0.8,-142.0,3.2
0.5,9339.439740,135.53,2.3,-5.45,81.28,-6.77,-6.25,1,8473,0.8,-72.1,1.7
0.5,9339.449740,136.23,2.3,-4.72,81.3,-7.36,-7.0,1,8346,0.2,2.7,0.5
0.5,9339.459740,137.11,2.29,-3.86,81.32,-7.94,-7.75,1,8210,-0.0,11.2,0.3
0.5,9339.469740,137.72,2.29,-4.49,81.3,-8.52,-8.75,1,9107,0.2,-71.4,1.4
0.5,9339.479740,138.43,2.31,-6.22,81.26,-9.08,-9.25,1,8978,0.8,-89.7,2.0
0.5,9339.489740,138.87,2.32,-7.13,81.25,-9.64,-9.75,1,8854,0.7,-72.8,1.6
0.5,9339.499740,139.31,2.33,-7.59,81.23,-10.18,-10.25,1,8733,0.7,-63.6,1.3
0.5,9339.509740,139.57,2.34,-7.98,81.23,-10.72,-10.25,1,8608,0.5,-47.8,1.1
0.5,9339.519740,139.83,2.34,-8.19,81.22,-11.24,-10.75,1,8478,0.2,-36.4,1.0
0.5,9339.529740,140.62,2.34,-8.3,81.22,-11.76,-11.5,1,8342,0.2,-23.0,0.8
0.5,9339.539740,141.15,2.34,-8.65,81.22,-12.26,-12.0,1,8215,0.4,-48.3,1.2
0.5,9339.549740,141.5,2.36,-9.57,81.2,-12.75,-12.25,1,9105,0.8,-66.7,1.6
0.5,9339.559740,142.03,2.37,-10.26,81.18,-13.23,-12.75,1,8983,0.3,-50.4,1.1
0.5,9339.569743,142.73,2.36,-10.37,81.18,-13.69,-13.5,1,8859,0.3,-27.0,0.6
0.5,9339.579740,143.44,2.37,-10.72,81.17,-14.14,-14.25,1,8737,0.5,-58.4,1.3
0.5,9339.589743,143.88,2.38,-11.76,81.14,-14.58,-14.75,1,8604,0.5,-72.7,1.6
0.5,9339.599740,144.32,2.39,-12.53,81.13,-15.0,-15.0,1,8483,0.4,-62.9,1.2
0.5,9339.609743,144.67,2.4,-12.88,81.11,-15.41,-15.25,1,8349,0.6,-45.2,1.0
0.5,9339.619740,144.76,2.41,-13.12,81.11,-15.8,-15.5,1,8219,0.6,-41.5,0.8
0.5,9339.629740,145.28,2.41,-13.38,81.1,-16.18,-16.0,1,9107,0.0,-29.0,0.7
0.5,9339.639740,146.07,2.41,-13.44,81.1,-16.54,-16.75,1,8979,0.3,-18.6,0.5
0.5,9339.649743,146.78,2.42,-13.84,81.09,-16.89,-17.5,1,8864,0.5,-50.0,1.1
0.5,9339.659740,146.95,2.43,-14.96,81.07,-17.21,-17.75,1,8742,1.0,-81.2,2.3
0.5,9339.669741,146.87,2.45,-15.92,81.05,-17.53,-17.25,1,8607,0.7,-64.8,1.7
0.5,9339.679740,146.69,2.45,-15.91,81.05,-17.82,-17.25,1,8490,0.3,-15.3,0.6
0.5,9339.689741,146.6,2.44,-15.3,81.07,-18.1,-17.25,1,8353,0.1,12.1,0.7
0.5,9339.699740,147.48,2.43,-14.75,81.1,-18.36,-18.25,1,8223,-0.1,27.1,0.4
0.5,9339.709740,148.62,2.43,-14.65,81.1,-18.6,-19.25,1,9113,-0.3,-5.1,0.2
0.5,9339.719740,149.33,2.44,-15.92,81.05,-18.82,-19.75,1,8983,0.4,-94.4,0.8
0.5,9339.729739,149.24,2.48,-18.0,80.99,-19.02,-19.75,1,8855,1.3,-118.6,2.5
0.5,9339.739740,148.89,2.5,-18.74,80.98,-19.21,-18.75,1,8750,0.8,-49.8,1.0
0.5,9339.749742,147.92,2.49,-17.97,81.01,-19.37,-18.5,1,8613,0.3,7.7,0.7
0.5,9339.759740,148.36,2.47,-17.0,81.05,-19.52,-19.0,1,8483,0.2,39.8,0.9
0.5,9339.769740,148.71,2.45,-15.82,81.1,-19.65,-19.5,1,8355,-0.8,86.2,-0.8
0.5,9339.779740,148.8,2.45,-15.9,81.07,-19.75,-19.25,1,8228,-0.4,-54.1,-0.4
0.5,9339.789740,148.97,2.48,-17.62,81.0,-19.84,-19.75,1,9116,0.4,-32.2,0.8
0.5,9339.799740,149.59,2.48,-17.34,81.03,-19.91,-20.25,1,8988,0.1,6.4,0.7
0.5,9339.809741,149.77,2.47,-17.24,81.04,-19.96,-20.5,1,8862,-0.1,-29.0,0.2
0.5,9339.819740,149.5,2.49,-18.21,81.0,-19.99,-19.75,1,8754,0.4,-60.8,1.0
0.5,9339.829741,148.8,2.5,-18.64,80.99,-20.0,-18.75,1,8617,0.2,-11.2,0.7
0.5,9339.839740,147.74,2.49,-17.87,81.03,-19.99,-18.25,1,8487,0.4,26.9,1.1
0.5,9339.849740,147.92,2.47,-16.64,81.08,-19.96,-18.5,1,8360,-0.5,85.4,-0.8
0.5,9339.859740,148.62,2.44,-15.01,81.12,-19.91,-19.25,1,8232,-1.2,104.6,-1.5
0.5,9339.869740,148.8,2.44,-15.24,81.09,-19.84,-19.5,1,9123,-0.2,-42.3,-0.5
0.5,9339.879740,148.62,2.47,-17.36,81.02,-19.75,-18.75,1,8993,0.4,-65.7,0.9
0.5,9339.889739,148.01,2.48,-17.72,81.02,-19.65,-18.25,1,8865,0.3,-11.8,0.6
0.5,9339.899740,147.74,2.47,-17.02,81.06,-19.52,-18.25,1,8747,0.3,16.0,1.0
0.5,9339.909740,148.27,2.46,-16.05,81.1,-19.37,-18.75,1,8619,-0.3,69.1,-0.4
0.5,9339.919740,148.45,2.45,-15.33,81.11,-19.21,-19.0,1,8492,-0.3,18.6,-0.7
0.5,9339.929740,148.27,2.46,-16.41,81.06,-19.02,-18.75,1,8356,-0.3,-56.8,0.4
0.5,9339.939740,148.18,2.47,-17.26,81.03,-18.82,-18.5,1,8237,0.2,-9.4,0.6
0.5,9339.949743,148.1,2.46,-16.63,81.07,-18.6,-18.25,1,9119,0.4,15.0,0.9
0.5,9339.959740,148.18,2.46,-16.27,81.09,-18.36,-18.25,1,9000,0.1,11.7,0.4
0.5,9339.969740,148.1,2.46,-16.28,81.09,-18.1,-18.25,1,8870,0.1,2.1,0.3
0.5,9339.979740,148.1,2.46,-16.37,81.09,-17.82,-18.25,1,8751,0.1,1.5,0.3
0.5,9339.989740,147.92,2.46,-16.36,81.09,-17.53,-17.75,1,8624,0.1,0.8,0.2
0.5,9339.999740,147.13,2.47,-16.37,81.09,-17.21,-17.25,1,8496,0.1,0.4,0.2
0.5,9340.009740,146.51,2.47,-16.07,81.1,-16.89,-16.5,1,8360,0.4,30.0,0.0
0.5,9340.019740,146.25,2.46,-15.05,81.13,-16.54,-16.25,1,8233,-0.5,72.7,-1.0
0.5,9340.029743,146.16,2.44,-14.02,81.15,-16.18,-16.5,1,9124,-0.5,60.2,-0.7
0.5,9340.039740,146.16,2.43,-13.91,81.16,-15.8,-16.5,1,9001,-0.6,23.8,-0.4
0.5,9340.049740,145.63,2.43,-14.22,81.14,-15.41,-15.5,1,8874,-0.2,5.0,0.0
0.5,9340.059740,144.58,2.43,-14.39,81.14,-15.0,-14.25,1,8756,-0.2,2.6,-0.0
0.5,9340.069740,143.53,2.42,-13.73,81.15,-14.58,-13.75,1,8620,-0.7,68.0,-1.1
0.5,9340.079739,143.17,2.4,-11.94,81.2,-14.14,-14.0,1,8501,-0.5,113.2,-1.4
0.5,9340.089739,143.88,2.39,-10.58,81.24,-13.69,-14.5,1,8365,-1.1,90.9,-1.7
0.5,9340.099739,144.05,2.38,-10.68,81.22,-13.23,-14.75,1,8237,-1.1,12.7,-1.1
0.5,9340.109739,143.88,2.39,-12.06,81.16,-12.75,-14.25,1,9128,-0.1,-60.3,-0.1
0.5,9340.119739,143.17,2.41,-12.94,81.14,-12.26,-13.0,1,8997,0.4,-14.9,0.3
0.5,9340.129739,141.86,2.41,-12.3,81.18,-11.76,-12.0,1,8879,0.4,19.0,1.2
0.5,9340.139739,141.15,2.39,-11.07,81.23,-11.24,-11.5,1,8760,-0.3,89.6,-0.7
0.5,9340.149739,140.89,2.37,-9.16,81.28,-10.72,-11.25,1,8624,-1.2,120.2,-1.7
0.5,9340.159739,140.71,2.35,-8.27,81.29,-10.18,-10.75,1,8497,-0.6,58.3,-0.7
0.5,9340.169739,139.83,2.35,-8.62,81.28,-9.64,-9.75,1,8369,-0.4,26.6,-0.3
0.5,9340.179739,139.04,2.36,-8.74,81.28,-9.08,-9.25,1,8245,-0.2,20.4,-0.2
0.5,9340.189742,138.6,2.35,-7.97,81.3,-8.52,-8.75,1,9133,-0.9,83.2,-1.5
0.5,9340.199739,138.34,2.33,-6.55,81.33,-7.94,-8.25,1,9002,-0.8,78.5,-1.4
0.5,9340.209739,138.16,2.32,-6.17,81.33,-7.36,-8.0,1,8875,-0.5,43.5,-0.6
0.5,9340.219739,137.55,2.32,-6.32,81.33,-6.77,-7.5,1,8765,-0.2,20.0,-0.1
0.5,9340.229739,136.23,2.32,-6.25,81.34,-6.18,-6.25,1,8628,-0.2,29.7,-0.3
0.5,9340.239739,134.82,2.32,-5.48,81.36,-5.58,-4.75,1,8504,-0.4,67.9,-1.0
0.5,9340.249739,133.33,2.3,-3.75,81.39,-4.97,-3.75,1,8374,-1.1,134.6,-2.4
0.5,9340.259739,132.98,2.28,-1.57,81.43,-4.36,-3.75,1,8246,-1.5,151.1,-2.8
0.5,9340.269739,133.07,2.26,-0.08,81.47,-3.75,-3.75,1,9133,-1.5,133.2,-2.1
0.5,9340.279739,132.98,2.25,0.03,81.47,-3.13,-3.5,1,9006,-1.0,29.1,-1.0
0.5,9340.289739,132.89,2.26,-1.07,81.43,-2.51,-2.75,1,8880,0.2,-6.6,-0.1
0.5,9340.299739,131.92,2.27,-1.36,81.43,-1.88,-1.75,1,8764,-0.0,7.2,0.4
0.5,9340.309739,131.22,2.27,-1.14,81.44,-1.26,-1.25,1,8633,0.6,7.8,0.1
0.5,9340.319739,130.69,2.27,-0.11,81.47,-0.63,-0.5,1,8506,-1.3,102.3,-1.0
0.5,9340.329740,130.34,2.24,1.48,81.51,0.0,-0.25,1,8370,-0.6,65.0,-0.9
0.5,9340.339739,129.99,2.25,1.65,81.51,0.63,0.25,1,8251,-0.4,54.6,-0.7
0.5,9340.349739,129.55,2.24,1.97,81.52,1.26,0.75,1,9139,-0.3,42.8,-0.4
0.5,9340.359739,128.32,2.24,2.13,81.52,1.88,1.75,1,9011,-0.2,27.3,-0.3
0.5,9340.369739,126.91,2.24,2.52,81.53,2.51,3.25,1,8884,-0.2,54.6,-0.9
0.5,9340.379739,125.95,2.24,4.02,81.56,3.13,4.25,1,8765,-0.9,122.8,-1.8
0.5,9340.389739,125.86,2.22,6.12,81.61,3.75,4.0,1,8638,-1.6,141.8,-2.1
0.5,9340.399739,125.86,2.2,7.14,81.63,4.36,3.5,1,8510,-1.1,83.3,-1.2
0.5,9340.409739,125.95,2.2,6.67,81.62,4.97,3.25,1,8374,-0.2,10.8,-0.0
0.5,9340.419739,125.86,2.21,5.89,81.6,5.58,4.25,1,8250,-0.2,-4.6,-0.2
0.5,9340.429739,124.98,2.21,5.65,81.58,6.18,5.25,1,9134,0.6,-9.0,-0.3
0.5,9340.439739,124.45,2.22,5.62,81.58,6.77,5.75,1,9015,0.2,1.7,0.3
0.5,9340.449739,124.1,2.21,6.75,81.62,7.36,6.25,1,8888,-1.2,101.9,-0.7
0.5,9340.459739,122.96,2.2,8.34,81.66,7.94,7.25,1,8770,-0.7,59.5,-0.7
0.5,9340.469739,121.9,2.2,8.29,81.66,8.52,8.25,1,8642,-0.3,37.3,-0.5
0.5,9340.479739,121.64,2.2,9.22,81.68,9.08,8.75,1,8515,-1.0,115.2,-1.5
0.5,9340.489739,121.29,2.19,10.93,81.72,9.64,9.0,1,8379,-1.1,92.9,-1.4
0.5,9340.499739,120.85,2.18,11.06,81.72,10.18,9.5,1,8251,-0.3,35.7,-0.5
0.5,9340.509739,119.88,2.19,10.79,81.71,10.72,10.25,1,9139,-0.3,29.8,-0.3
0.5,9340.519739,119.27,2.18,11.34,81.72,11.24,11.0,1,9011,-0.4,61.1,-1.1
0.5,9340.529739,118.83,2.18,12.45,81.74,11.76,11.5,1,8893,-0.7,80.1,-1.3
0.5,9340.539739,118.39,2.17,13.28,81.76,12.26,11.75,1,8774,-0.8,63.4,-1.0
0.5,9340.549739,117.86,2.17,13.61,81.77,12.75,12.5,1,8638,-0.4,49.5,-0.7
0.5,9340.559739,117.07,2.17,13.84,81.77,13.23,13.25,1,8519,-0.3,37.2,-0.6
0.5,9340.569739,116.19,2.17,14.34,81.78,13.69,14.25,1,8383,-0.4,62.6,-1.0
0.5,9340.579740,116.02,2.17,15.48,81.8,14.14,14.25,1,8256,-0.9,89.0,-1.5
0.5,9340.589740,116.02,2.16,16.49,81.82,14.58,14.25,1,9144,-0.7,73.9,-1.3
0.5,9340.599740,115.93,2.16,16.56,81.82,15.0,14.25,1,9017,-0.3,22.5,-0.4
0.5,9340.609740,115.14,2.16,16.05,81.81,15.41,15.25,1,8897,-0.0,0.6,0.0
0.5,9340.619740,113.99,2.17,15.84,81.8,15.8,16.5,1,8779,0.2,1.1,0.1
0.5,9340.629740,113.29,2.17,16.8,81.83,16.18,17.25,1,8643,-0.7,95.1,-1.3
0.5,9340.639743,113.29,2.16,18.92,81.87,16.54,17.0,1,8518,-1.2,117.6,-1.9
0.5,9340.649740,113.29,2.15,19.7,81.89,16.89,16.75,1,8387,-0.7,56.3,-0.9
0.5,9340.659740,113.38,2.15,19.1,81.87,17.21,16.75,1,8260,-0.1,0.6,0.0
0.5,9340.669740,113.03,2.16,18.55,81.86,17.53,17.5,1,9148,0.3,1.0,-0.2
0.5,9340.679740,112.15,2.16,18.55,81.85,17.82,18.25,1,9023,0.0,-0.5,0.2
0.5,9340.689740,111.88,2.16,18.93,81.87,18.1,18.75,1,8893,-0.2,40.0,-0.2
0.5,9340.699740,111.8,2.16,20.17,81.9,18.36,18.25,1,8774,-0.9,83.9,-1.2
0.5,9340.709740,112.41,2.15,20.92,81.91,18.6,17.25,1,8647,-0.5,30.7,-0.4
0.5,9340.719740,112.76,2.15,20.39,81.9,18.82,17.0,1,8520,-0.0,-0.1,0.2
0.5,9340.729740,112.76,2.17,19.51,81.85,19.02,17.25,1,8386,2.6,-56.9,-1.7
0.5,9340.739740,111.97,2.18,18.62,81.8,19.21,18.5,1,8265,0.4,-31.9,0.5
0.5,9340.749740,110.92,2.17,18.87,81.83,19.37,19.75,1,9152,-0.1,0.2,0.3
0.5,9340.759740,110.74,2.16,20.09,81.89,19.52,19.75,1,9026,-2.2,89.4,1.3
0.5,9340.769740,110.74,2.15,21.95,81.96,19.65,19.5,1,8898,-1.5,97.0,-1.6
0.5,9340.779743,110.74,2.14,22.17,81.93,19.75,19.25,1,8782,-0.4,14.9,-0.0
0.5,9340.789740,110.65,2.15,21.36,81.92,19.84,19.25,1,8654,-0.0,0.5,0.1
0.5,9340.799743,110.3,2.15,21.22,81.91,19.91,20.25,1,8527,0.0,0.1,0.2
0.5,9340.809740,109.51,2.15,21.22,81.91,19.96,21.0,1,8388,0.0,0.5,0.1
0.5,9340.819740,109.51,2.15,21.74,81.93,19.99,21.0,1,8271,-0.6,51.9,-0.3
0.5,9340.829740,109.42,2.15,22.95,81.96,20.0,20.5,1,9158,-0.7,69.8,-1.3
0.5,9340.839740,109.51,2.15,23.17,81.95,19.99,20.25,1,9029,-0.1,3.7,0.1
0.5,9340.849740,109.51,2.15,22.51,81.94,19.96,20.75,1,8906,0.1,0.9,0.1
0.5,9340.859740,109.42,2.15,22.46,81.94,19.91,20.75,1,8787,0.3,-2.5,0.0
0.5,9340.869740,109.69,2.16,22.42,81.94,19.84,20.25,1,8647,-0.0,-0.7,0.3
0.5,9340.879743,110.39,2.15,22.43,81.94,19.75,19.5,1,8531,-0.1,-0.5,0.3
0.5,9340.889740,110.48,2.15,22.2,81.93,19.65,19.25,1,8394,0.5,-23.6,-0.4
0.5,9340.899740,110.48,2.16,21.35,81.88,19.52,19.75,1,8265,2.3,-61.3,0.1
0.5,9340.909740,110.3,2.18,20.91,81.87,19.37,20.25,1,9153,0.2,-7.2,0.4
0.5,9340.919740,110.04,2.17,21.45,81.9,19.21,20.5,1,9037,-0.1,0.4,0.3
0.5,9340.929740,109.95,2.16,21.78,81.92,19.02,19.75,1,8907,-1.2,25.3,1.0
0.5,9340.939743,110.65,2.15,22.18,81.94,18.82,19.25,1,8791,-0.5,15.4,0.3
0.5,9340.949740,110.57,2.15,22.07,81.93,18.6,19.5,1,8652,-0.3,-0.8,0.2
0.5,9340.959743,110.57,2.16,21.4,81.9,18.36,19.75,1,8536,1.9,-50.6,-0.3
0.5,9340.969740,110.57,2.18,20.91,81.88,18.1,19.25,1,8397,-0.0,0.1,0.3
0.5,9340.979740,111.27,2.17,21.4,81.91,17.82,18.5,1,8273,-0.2,-1.0,0.5
0.5,9340.989740,111.62,2.16,21.38,81.91,17.53,18.25,1,9157,-0.3,-0.7,0.3
0.5,9340.999740,111.71,2.17,20.63,81.88,17.21,18.25,1,9033,1.4,-75.4,0.9
0.5,9341.009740,112.59,2.18,19.62,81.86,16.89,17.25,1,8911,0.2,-27.0,0.9
0.5,9341.019742,113.12,2.17,19.92,81.87,16.54,16.5,1,8795,0.0,-17.6,0.5
0.5,9341.029740,113.29,2.17,19.17,81.85,16.18,16.25,1,8657,0.6,-84.4,1.6
0.5,9341.039740,113.47,2.17,17.87,81.83,15.8,16.25,1,8529,0.4,-63.3,1.6
0.5,9341.049740,113.73,2.17,17.95,81.83,15.41,15.75,1,8402,0.1,-13.2,0.5
0.5,9341.059740,114.43,2.17,18.4,81.84,15.0,15.25,1,8274,-0.0,-5.4,0.4
0.5,9341.069740,114.96,2.17,18.06,81.84,14.58,14.75,1,9162,0.4,-41.1,0.9
0.5,9341.079740,115.4,2.17,17.04,81.81,14.14,14.25,1,9037,0.3,-66.4,1.5
0.5,9341.089740,115.66,2.18,16.24,81.8,13.69,13.75,1,8907,0.5,-55.1,1.4
0.5,9341.099740,115.93,2.18,15.94,81.8,13.23,13.75,1,8798,0.2,-40.9,1.0
0.5,9341.109740,116.19,2.18,15.76,81.79,12.75,13.25,1,8661,0.1,-31.9,0.9
0.5,9341.119740,116.89,2.18,15.68,81.79,12.26,12.75,1,8533,-0.0,-17.6,0.6
0.5,9341.129740,117.33,2.17,15.4,81.79,11.76,12.25,1,8406,0.2,-42.0,0.9
0.5,9341.139740,117.6,2.18,14.56,81.77,11.24,11.75,1,8282,0.4,-59.4,1.4
0.5,9341.149740,117.77,2.18,13.93,81.76,10.72,11.75,1,9167,0.7,-45.7,0.9
0.5,9341.159743,118.04,2.19,13.81,81.75,10.18,11.5,1,9041,0.7,-26.1,0.6
0.5,9341.169740,118.92,2.2,13.89,81.76,9.64,10.5,1,8911,0.5,-11.4,0.5
0.5,9341.179740,119.71,2.2,13.62,81.75,9.08,9.75,1,8793,0.5,-41.5,1.0
0.5,9341.189740,120.06,2.2,12.37,81.73,8.52,9.25,1,8666,0.8,-94.5,2.1
0.5,9341.199740,120.59,2.21,11.07,81.7,7.94,8.75,1,8538,1.3,-76.7,1.6
0.5,9341.209740,121.73,2.22,11.0,81.7,7.36,7.75,1,8402,-0.1,-25.2,0.8
0.5,9341.219743,122.78,2.2,10.9,81.7,6.77,6.5,1,8286,0.2,-61.4,1.0
0.5,9341.229740,123.31,2.21,9.32,81.66,6.18,6.25,1,9174,0.9,-121.6,2.1
0.5,9341.239742,123.57,2.23,7.71,81.62,5.58,5.75,1,9047,1.3,-100.9,1.8
0.5,9341.249740,123.84,2.23,7.46,81.62,4.97,5.5,1,8916,0.2,-45.9,1.2
0.5,9341.259741,124.28,2.22,7.72,81.63,4.36,5.25,1,8798,0.2,-29.0,0.7
0.5,9341.269740,125.24,2.22,7.68,81.63,3.75,4.0,1,8661,0.1,-20.8,0.9
0.5,9341.279740,126.65,2.22,7.23,81.62,3.13,2.75,1,8543,0.1,-52.9,1.4
0.5,9341.289740,127.35,2.23,5.77,81.59,2.51,1.75,1,8406,0.6,-113.8,2.2
0.5,9341.299743,127.35,2.24,3.84,81.55,1.88,2.0,1,8290,1.1,-132.4,2.8
0.5,9341.309740,127.09,2.25,2.97,81.54,1.26,2.5,1,9178,0.5,-68.8,1.9
0.5,9341.319741,127.09,2.24,3.71,81.57,0.63,2.75,1,9049,-0.4,10.6,1.2
0.5,9341.329740,127.09,2.24,4.67,81.61,0.0,2.0,1,8921,-0.3,16.7,1.5
0.5,9341.339740,128.5,2.23,4.75,81.62,-0.63,0.75,1,8802,-0.2,2.2,0.5
0.5,9341.349740,129.55,2.23,4.36,81.59,-1.26,-0.5,1,8669,-0.4,-24.3,-0.3
0.5,9341.359740,129.73,2.24,2.77,81.53,-1.88,-0.5,1,8547,1.8,-133.1,1.0
0.5,9341.369740,129.64,2.28,0.68,81.49,-2.51,-0.5,1,8411,1.3,-100.2,2.9
0.5,9341.379739,130.43,2.27,0.95,81.52,-3.13,-1.25,1,8283,-0.0,-5.5,0.8
0.5,9341.389740,131.66,2.25,1.89,81.54,-3.75,-2.5,1,9183,-0.6,-0.9,0.6
0.5,9341.399740,132.8,2.25,1.19,81.52,-4.36,-3.75,1,9044,0.7,-74.0,0.3
0.5,9341.409740,132.98,2.28,-0.87,81.46,-4.97,-3.75,1,8928,1.0,-133.1,3.2
0.5,9341.419740,132.89,2.29,-2.56,81.45,-5.58,-3.75,1,8807,1.2,-110.0,2.8
0.5,9341.429740,133.68,2.3,-2.44,81.45,-6.18,-4.5,1,8670,0.2,-11.3,0.5
0.5,9341.439740,135.09,2.29,-1.47,81.47,-6.77,-6.0,1,8551,-0.3,-1.1,0.6
0.5,9341.449740,136.41,2.29,-2.24,81.45,-7.36,-7.25,1,8419,0.7,-87.5,1.2
0.5,9341.459742,137.2,2.31,-4.58,81.4,-7.94,-8.0,1,8291,1.3,-148.0,3.7
0.5,9341.469740,137.64,2.34,-6.41,81.38,-8.52,-8.5,1,9176,1.4,-122.3,2.9
0.5,9341.479740,138.08,2.35,-6.85,81.36,-9.08,-9.0,1,9048,0.5,-69.4,1.3
0.5,9341.489740,138.52,2.34,-6.83,81.36,-9.64,-9.25,1,8931,0.5,-51.2,1.3
0.5,9341.499740,138.96,2.35,-7.07,81.36,-10.18,-9.75,1,8811,0.4,-42.0,1.0
0.5,9341.509740,139.92,2.35,-7.31,81.35,-10.72,-10.75,1,8678,0.2,-33.1,0.9
0.5,9341.519740,140.62,2.35,-7.83,81.34,-11.24,-11.5,1,8547,0.2,-60.7,1.3
0.5,9341.529740,141.24,2.36,-9.0,81.32,-11.76,-12.0,1,8420,1.0,-89.5,2.3
0.5,9341.539742,141.42,2.38,-9.97,81.3,-12.26,-12.25,1,8296,0.6,-68.5,1.6
0.5,9341.549740,141.59,2.38,-10.29,81.29,-12.75,-12.5,1,9180,0.4,-52.2,0.9
0.5,9341.559740,141.68,2.38,-10.41,81.28,-13.23,-12.5,1,9053,0.2,-28.6,0.7
0.5,9341.569740,141.94,2.38,-10.35,81.29,-13.69,-12.75,1,8934,0.1,-17.7,0.6
0.5,9341.579740,142.82,2.38,-10.27,81.29,-14.14,-13.75,1,8815,0.1,-3.0,0.4
0.5,9341.589740,143.7,2.38,-10.46,81.28,-14.58,-14.5,1,8682,0.1,-33.5,0.6
0.5,9341.599740,144.05,2.4,-11.69,81.25,-15.0,-14.75,1,8552,0.6,-92.8,1.9
0.5,9341.609740,144.32,2.42,-13.08,81.22,-15.41,-15.25,1,8424,1.2,-79.5,2.1
0.5,9341.619740,144.4,2.43,-13.28,81.22,-15.8,-15.25,1,8297,0.1,-32.7,0.4
0.5,9341.629740,144.84,2.42,-13.07,81.22,-16.18,-15.75,1,9185,0.1,-26.0,0.6
0.5,9341.639740,145.55,2.42,-13.15,81.22,-16.54,-16.5,1,9057,0.2,-15.0,0.5
0.5,9341.649740,146.16,2.43,-13.5,81.21,-16.89,-17.0,1,8940,0.3,-45.9,0.9
0.5,9341.659740,146.69,2.44,-14.56,81.19,-17.21,-17.5,1,8811,0.7,-74.7,2.0
0.5,9341.669740,147.22,2.45,-15.42,81.17,-17.53,-17.75,1,8675,0.6,-57.1,1.7
0.5,9341.679740,147.39,2.46,-15.76,81.17,-17.82,-18.25,1,8556,0.5,-52.1,1.3
0.5,9341.689740,147.3,2.47,-16.1,81.15,-18.1,-18.25,1,8420,0.1,-38.7,0.5
0.5,9341.699740,147.13,2.47,-16.21,81.14,-18.36,-17.5,1,8293,0.2,-23.9,0.6
0.5,9341.709740,146.78,2.46,-15.97,81.16,-18.6,-17.5,1,9190,0.4,8.5,1.1
0.5,9341.719740,147.39,2.46,-15.33,81.21,-18.82,-18.25,1,9062,0.4,31.9,1.6
0.5,9341.729740,148.01,2.45,-14.78,81.24,-19.02,-18.75,1,8943,-0.4,31.6,0.2
0.5,9341.739740,148.27,2.45,-15.51,81.19,-19.21,-19.0,1,8816,-0.1,-72.6,-0.5
0.5,9341.749740,148.45,2.48,-17.2,81.11,-19.37,-19.25,1,8683,0.8,-65.0,1.2
0.5,9341.759740,148.36,2.49,-17.3,81.13,-19.52,-19.25,1,8561,-0.1,-17.5,0.3
0.5,9341.769740,148.45,2.48,-16.92,81.14,-19.65,-19.25,1,8425,0.0,-8.7,0.4
0.5,9341.779740,148.62,2.48,-16.84,81.14,-19.75,-19.25,1,8298,-0.0,-1.1,0.3
0.5,9341.789740,149.59,2.47,-16.76,81.15,-19.84,-20.25,1,9197,-0.0,0.6,0.3
0.5,9341.799740,150.56,2.48,-17.05,81.14,-19.91,-21.25,1,9067,-0.1,-31.3,0.4
0.5,9341.809740,150.64,2.5,-18.39,81.1,-19.96,-21.25,1,8942,0.7,-102.3,2.0
0.5,9341.819740,150.38,2.53,-19.94,81.07,-19.99,-20.5,1,8820,1.4,-83.1,2.6
0.5,9341.829743,149.41,2.53,-19.72,81.09,-20.0,-19.75,1,8688,0.2,2.7,0.7
0.5,9341.839740,148.8,2.51,-18.62,81.13,-19.99,-19.5,1,8566,0.6,24.6,1.2
0.5,9341.849740,148.97,2.49,-17.37,81.18,-19.96,-19.75,1,8432,-1.2,102.9,-1.4
0.5,9341.859740,149.59,2.46,-16.08,81.2,-19.91,-20.25,1,8302,-0.3,50.9,-0.5
0.5,9341.869740,149.68,2.47,-16.85,81.16,-19.84,-20.5,1,9190,-0.7,-25.5,-0.9
0.5,9341.879740,149.59,2.49,-18.21,81.1,-19.75,-19.75,1,9063,0.3,-59.1,0.6
0.5,9341.889743,148.71,2.51,-18.65,81.1,-19.65,-18.75,1,8955,0.3,-11.1,0.5
0.5,9341.899740,148.01,2.5,-18.0,81.14,-19.52,-18.25,1,8825,0.6,18.0,1.3
0.5,9341.909740,147.83,2.48,-16.77,81.19,-19.37,-18.75,1,8692,-0.6,93.6,-0.7
0.5,9341.919740,148.27,2.45,-15.28,81.23,-19.21,-18.75,1,8561,-0.8,73.6,-1.0
0.5,9341.929743,148.18,2.44,-15.55,81.2,-19.02,-18.75,1,8437,-1.3,-7.5,-1.0
0.5,9341.939740,148.1,2.46,-16.64,81.15,-18.82,-18.75,1,8306,0.2,-28.0,0.3
0.5,9341.949740,148.18,2.47,-16.76,81.17,-18.6,-18.75,1,9197,0.2,9.2,0.8
0.5,9341.959740,148.18,2.46,-16.35,81.19,-18.36,-18.75,1,9070,0.0,3.3,0.4
0.5,9341.969743,148.1,2.46,-16.41,81.19,-18.1,-18.5,1,8960,0.0,-0.0,0.3
0.5,9341.979740,147.92,2.46,-16.45,81.19,-17.82,-17.75,1,8829,0.0,0.1,0.3
0.5,9341.989743,147.13,2.47,-16.42,81.19,-17.53,-17.25,1,8696,0.2,2.8,0.3
0.5,9341.999740,146.69,2.47,-16.04,81.21,-17.21,-16.75,1,8568,0.3,34.9,0.2
0.5,9342.009740,146.43,2.45,-15.09,81.23,-16.89,-16.75,1,8440,-0.6,63.3,-0.9
0.5,9342.019740,146.51,2.44,-14.37,81.25,-16.54,-17.25,1,8311,-0.3,43.2,-0.2
0.5,9342.029740,146.6,2.43,-14.36,81.25,-16.18,-17.25,1,9200,-0.5,21.9,-0.3
0.5,9342.039740,146.51,2.43,-14.62,81.23,-15.8,-16.5,1,9071,-0.7,-5.6,-0.5
0.5,9342.049743,145.2,2.43,-14.9,81.22,-15.41,-15.75,1,8955,0.2,-0.2,0.2
0.5,9342.059740,145.02,2.45,-14.69,81.24,-15.0,-15.75,1,8828,0.8,15.7,0.2
0.5,9342.069741,145.37,2.43,-13.32,81.28,-14.58,-16.0,1,8700,-1.2,121.6,-1.2
0.5,9342.079739,145.2,2.4,-12.24,81.3,-14.14,-15.5,1,8573,-1.0,1.9,-1.4
0.5,9342.089739,144.14,2.42,-13.61,81.24,-13.69,-14.25,1,8434,0.2,-17.1,0.2
0.5,9342.099739,142.82,2.43,-13.66,81.26,-13.23,-13.0,1,8316,0.2,13.4,1.0
0.5,9342.109739,141.94,2.41,-12.17,81.32,-12.75,-12.25,1,9203,-0.8,119.3,-1.4
0.5,9342.119739,141.59,2.37,-9.81,81.37,-12.26,-12.25,1,9079,-1.5,129.7,-2.3
0.5,9342.129743,141.77,2.36,-8.95,81.38,-11.76,-12.5,1,8960,-0.8,76.0,-1.1
0.5,9342.139739,141.68,2.36,-9.15,81.38,-11.24,-12.5,1,8830,-0.7,33.3,-0.4
0.5,9342.149740,141.68,2.36,-9.83,81.34,-10.72,-11.5,1,8694,-0.4,-25.2,-0.9
0.5,9342.159739,140.54,2.37,-10.35,81.32,-10.18,-10.75,1,8578,0.1,6.3,0.6
0.5,9342.169740,139.75,2.37,-9.89,81.36,-9.64,-10.5,1,8440,0.8,14.7,0.6
0.5,9342.179739,139.57,2.36,-8.6,81.39,-9.08,-10.0,1,8311,-1.6,120.5,-1.7
0.5,9342.189739,138.96,2.33,-6.93,81.43,-8.52,-8.75,1,9211,-0.6,62.0,-1.0
0.5,9342.199739,137.46,2.34,-7.32,81.42,-7.94,-7.25,1,9080,-0.2,19.3,-0.2
0.5,9342.209740,136.41,2.33,-6.94,81.42,-7.36,-6.5,1,8962,-0.7,80.9,-1.3
0.5,9342.219739,135.7,2.31,-4.91,81.47,-6.77,-6.5,1,8837,-1.4,141.5,-2.5
0.5,9342.229741,136.14,2.29,-3.27,81.5,-6.18,-7.0,1,8700,-1.2,102.7,-1.8
0.5,9342.239739,136.23,2.27,-3.12,81.5,-5.58,-7.0,1,8570,-1.4,54.0,-0.9
0.5,9342.249739,136.05,2.28,-4.07,81.47,-4.97,-6.25,1,8443,0.7,-46.3,-0.5
0.5,9342.259739,135.26,2.31,-5.08,81.43,-4.36,-5.25,1,8316,0.2,-0.8,0.4
0.5,9342.269739,134.56,2.3,-4.45,81.47,-3.75,-4.75,1,9212,0.0,17.9,0.6
0.5,9342.279739,134.3,2.29,-3.34,81.51,-3.13,-4.25,1,9076,-0.8,91.9,-0.9
0.5,9342.289739,133.15,2.27,-2.0,81.54,-2.51,-3.0,1,8965,-0.6,60.4,-0.8
0.5,9342.299739,131.75,2.28,-1.99,81.53,-1.88,-2.0,1,8839,0.2,32.2,-0.2
0.5,9342.309739,130.96,2.27,-1.06,81.56,-1.26,-1.5,1,8703,-1.2,121.4,-1.7
0.5,9342.319739,130.52,2.24,1.19,81.61,-0.63,-1.25,1,8575,-1.7,136.1,-2.5
0.5,9342.329740,130.34,2.23,2.13,81.62,0.0,-0.75,1,8447,-0.9,78.9,-1.2
0.5,9342.339739,129.73,2.23,1.89,81.62,0.63,0.5,1,8329,-0.4,33.6,-0.4
0.5,9342.349739,128.32,2.24,1.61,81.61,1.26,1.75,1,9211,-0.1,17.3,-0.2
0.5,9342.359739,127.44,2.23,2.33,81.62,1.88,2.75,1,9081,-0.7,88.8,-1.5
0.5,9342.369739,127.18,2.22,4.35,81.67,2.51,2.5,1,8970,-1.1,130.9,-2.1
0.5,9342.379739,127.18,2.21,5.56,81.7,3.13,2.0,1,8843,-0.9,78.4,-1.0
0.5,9342.389739,127.35,2.21,5.18,81.69,3.75,1.75,1,8707,-0.3,14.8,0.0
0.5,9342.399739,127.35,2.21,4.49,81.67,4.36,2.75,1,8580,-0.4,-5.5,-0.2
0.5,9342.409739,126.12,2.21,4.2,81.65,4.97,3.75,1,8452,0.5,-8.4,-0.2
0.5,9342.419739,125.42,2.22,4.2,81.65,5.58,4.75,1,8333,0.2,2.5,0.3
0.5,9342.429739,124.63,2.21,5.55,81.7,6.18,5.25,1,9216,-1.4,123.8,-1.3
0.5,9342.439739,124.1,2.19,7.52,81.74,6.77,5.25,1,9085,-0.6,75.8,-0.9
0.5,9342.449739,123.84,2.19,7.86,81.75,7.36,6.25,1,8966,-1.0,82.7,-1.1
0.5,9342.459739,122.52,2.19,8.34,81.76,7.94,7.5,1,8839,-0.4,40.5,-0.6
0.5,9342.469739,121.82,2.19,8.33,81.76,8.52,8.25,1,8711,0.2,41.5,-0.3
0.5,9342.479739,121.73,2.19,9.57,81.79,9.08,8.5,1,8584,-1.6,123.6,-2.1
0.5,9342.489739,121.38,2.17,11.04,81.81,9.64,8.75,1,8457,-0.7,64.5,-0.8
0.5,9342.499739,120.23,2.17,10.56,81.81,10.18,9.75,1,8341,-0.2,11.0,0.0
0.5,9342.509742,119.27,2.18,10.45,81.8,10.72,10.75,1,9220,-0.1,42.8,-0.6
0.5,9342.519739,118.92,2.18,11.9,81.83,11.24,11.25,1,9090,-0.9,112.7,-2.0
0.5,9342.529739,118.74,2.16,13.55,81.86,11.76,11.5,1,8970,-1.0,95.8,-1.9
0.5,9342.539739,118.56,2.16,13.66,81.86,12.26,11.5,1,8844,-0.6,27.7,-0.0
0.5,9342.549739,118.21,2.16,13.19,81.86,12.75,12.0,1,8707,-0.2,20.8,-0.1
0.5,9342.559739,117.6,2.16,13.23,81.86,13.23,12.75,1,8589,-0.1,10.8,0.0
0.5,9342.569739,116.98,2.16,13.56,81.87,13.69,13.25,1,8453,-0.3,43.9,-0.5
0.5,9342.579740,116.81,2.16,14.54,81.89,14.14,13.5,1,8334,-0.5,64.8,-1.1
0.5,9342.589741,116.02,2.16,15.29,81.9,14.58,14.25,1,9223,-0.6,53.7,-0.8
0.5,9342.599740,115.4,2.15,15.51,81.9,15.0,14.75,1,9094,-0.3,33.7,-0.5
0.5,9342.609740,115.31,2.15,16.01,81.92,15.41,14.75,1,8975,-0.8,70.0,-1.0
0.5,9342.619740,115.31,2.15,17.06,81.93,15.8,15.25,1,8848,0.1,68.9,-1.7
0.5,9342.629740,114.52,2.16,17.15,81.92,16.18,15.75,1,8712,-0.3,9.5,-0.1
0.5,9342.639740,113.99,2.15,16.63,81.92,16.54,16.25,1,8593,0.3,7.4,0.1
0.5,9342.649740,113.73,2.16,17.28,81.94,16.89,16.75,1,8457,-0.9,67.4,-0.8
0.5,9342.659740,113.38,2.15,18.39,81.96,17.21,17.0,1,8338,-0.4,50.6,-0.8
0.5,9342.669740,113.03,2.15,18.65,81.96,17.53,17.25,1,9226,-0.4,43.1,-0.5
0.5,9342.679740,112.85,2.15,18.89,81.97,17.82,17.25,1,9099,-0.3,31.8,-0.3
0.5,9342.689740,112.5,2.15,19.0,81.97,18.1,17.75,1,8980,-0.1,22.0,-0.1
0.5,9342.699740,111.8,2.15,19.05,81.98,18.36,18.5,1,8852,-0.1,15.2,0.0
0.5,9342.709740,111.09,2.15,19.47,81.98,18.6,19.25,1,8716,-0.4,48.4,-0.8
0.5,9342.719740,110.92,2.15,20.53,82.0,18.82,19.25,1,8589,-0.5,73.4,-1.4
0.5,9342.729740,110.92,2.15,21.41,82.01,19.02,19.25,1,8462,-0.8,63.2,-1.3
0.5,9342.739740,110.92,2.14,21.47,82.01,19.21,19.0,1,8343,-0.3,16.2,-0.1
0.5,9342.749740,110.92,2.14,21.01,82.01,19.37,19.0,1,9231,-0.0,0.3,0.1
0.5,9342.759740,110.92,2.15,20.85,82.0,19.52,19.25,1,9104,0.1,0.0,0.2
0.5,9342.769740,110.65,2.15,20.85,82.01,19.65,19.75,1,8984,-0.0,0.2,0.2
0.5,9342.779740,110.13,2.15,20.85,82.01,19.75,20.25,1,8860,0.0,0.5,0.2
0.5,9342.789740,109.95,2.15,21.25,82.02,19.84,20.25,1,8721,-0.3,39.2,-0.3
0.5,9342.799740,109.95,2.15,22.14,82.04,19.91,20.0,1,8593,-0.3,50.1,-0.6
0.5,9342.809740,109.95,2.15,22.34,82.04,19.96,19.75,1,8466,-0.2,9.8,0.1
0.5,9342.819740,110.21,2.15,21.94,82.03,19.99,19.5,1,8347,-0.0,0.5,0.1
0.5,9342.829740,110.3,2.15,21.78,82.02,20.0,19.75,1,9228,-0.0,-6.8,0.0
0.5,9342.839740,110.21,2.15,21.52,82.01,19.99,20.25,1,9099,0.5,-19.3,0.1
0.5,9342.849740,109.69,2.15,21.39,82.01,19.96,20.75,1,8988,0.1,-0.6,0.2
0.5,9342.859740,109.6,2.15,21.66,82.02,19.91,20.75,1,8862,0.1,8.7,0.5
0.5,9342.869740,109.51,2.16,22.2,82.05,19.84,20.0,1,8726,-0.5,45.3,-0.1
0.5,9342.879740,110.74,2.15,22.64,82.06,19.75,19.0,1,8598,-0.4,7.5,0.1
0.5,9342.889740,111.18,2.14,22.23,82.04,19.65,18.5,1,8472,-0.7,-4.1,0.1
0.5,9342.899740,111.18,2.15,21.09,82.0,19.52,18.75,1,8352,2.7,-101.8,0.5
0.5,9342.909740,111.09,2.17,19.67,81.95,19.37,19.25,1,9231,0.8,-44.2,0.7
0.5,9342.919740,111.01,2.16,20.25,81.98,19.21,19.25,1,9104,-0.1,0.3,0.3
0.5,9342.929740,111.01,2.16,20.81,82.0,19.02,19.25,1,8984,-0.3,11.5,0.5
0.5,9342.939740,111.01,2.16,20.94,82.01,18.82,19.25,1,8866,-0.3,1.6,0.3
0.5,9342.949740,111.01,2.16,20.84,82.0,18.6,19.0,1,8730,-0.0,0.0,0.3
0.5,9342.959743,111.27,2.16,20.82,82.0,18.36,18.25,1,8606,0.0,-0.2,0.3
0.5,9342.969740,111.8,2.16,20.81,82.0,18.1,17.75,1,8478,-0.1,-0.6,0.4
0.5,9342.979740,111.88,2.16,20.51,81.99,17.82,17.75,1,8348,0.2,-29.9,0.4
0.5,9342.989740,111.88,2.16,19.72,81.97,17.53,18.25,1,9236,0.6,-49.1,0.9
0.5,9342.999740,111.88,2.16,19.46,81.97,17.21,18.25,1,9108,0.1,-7.3,0.3
0.5,9343.009740,112.32,2.16,19.88,81.98,16.89,17.25,1,8989,0.0,0.6,0.4
0.5,9343.019740,113.03,2.16,19.96,81.99,16.54,16.5,1,8862,-0.1,-0.1,0.4
0.5,9343.029740,113.2,2.16,19.42,81.97,16.18,16.5,1,8726,0.4,-53.6,0.8
0.5,9343.039740,113.64,2.16,18.25,81.94,15.8,16.0,1,8610,0.5,-63.0,1.6
0.5,9343.049740,114.35,2.16,18.02,81.95,15.41,15.25,1,8472,0.1,-13.5,0.5
0.5,9343.059740,114.87,2.17,18.04,81.94,15.0,14.75,1,8356,0.4,-47.6,0.9
0.5,9343.069740,115.31,2.16,16.99,81.92,14.58,14.25,1,9240,0.3,-70.7,1.5
0.5,9343.079740,115.75,2.16,16.14,81.91,14.14,13.75,1,9116,0.5,-62.0,1.5
0.5,9343.089740,115.93,2.17,15.78,81.9,13.69,13.5,1,8994,0.4,-44.6,1.1
0.5,9343.099740,116.02,2.17,15.6,81.9,13.23,13.5,1,8867,0.3,-35.5,0.9
0.5,9343.109740,116.1,2.17,15.48,81.9,12.75,13.25,1,8731,0.1,-21.2,0.7
0.5,9343.119740,116.37,2.17,15.52,81.9,12.26,13.25,1,8606,0.0,-10.5,0.5
0.5,9343.129740,117.07,2.17,15.6,81.9,11.76,12.25,1,8476,-0.1,-2.5,0.4
0.5,9343.139740,117.86,2.17,15.4,81.9,11.24,11.5,1,8360,0.2,-27.6,0.8
0.5,9343.149740,117.86,2.17,14.26,81.87,10.72,11.5,1,9245,0.6,-89.2,1.8
0.5,9343.159740,118.3,2.18,13.0,81.85,10.18,11.25,1,9121,0.6,-63.7,1.3
0.5,9343.169740,119.09,2.18,13.17,81.85,9.64,10.25,1,8998,0.0,-8.2,0.5
0.5,9343.179740,119.97,2.18,13.38,81.86,9.08,9.25,1,8871,0.3,-35.2,0.7
0.5,9343.189740,120.32,2.18,12.2,81.83,8.52,9.0,1,8735,0.6,-90.6,1.7
0.5,9343.199743,120.94,2.19,10.87,81.8,7.94,8.5,1,8611,1.0,-77.2,1.7
0.5,9343.209740,121.73,2.2,10.63,81.8,7.36,7.5,1,8480,0.5,-37.4,0.8
0.5,9343.219740,122.61,2.2,10.37,81.79,6.77,6.75,1,8364,0.6,-66.2,1.3
0.5,9343.229740,123.13,2.2,9.19,81.77,6.18,6.25,1,9241,0.7,-88.8,1.9
0.5,9343.239742,123.75,2.2,8.22,81.75,5.58,5.75,1,9116,0.7,-74.4,1.6
0.5,9343.249740,123.93,2.21,7.72,81.74,4.97,5.25,1,9003,0.5,-64.4,1.6
0.5,9343.259743,124.37,2.21,7.37,81.74,4.36,4.75,1,8879,0.3,-44.9,1.0
0.5,9343.269740,124.89,2.21,7.18,81.73,3.75,4.25,1,8741,0.3,-38.9,1.0
0.5,9343.279740,126.04,2.21,6.93,81.73,3.13,3.25,1,8613,0.2,-30.2,0.7
0.5,9343.289740,127.53,2.21,6.43,81.72,2.51,1.75,1,8485,0.2,-59.6,1.3
0.5,9343.299740,128.23,2.22,4.88,81.69,1.88,0.75,1,8367,0.9,-125.5,2.7
0.5,9343.309740,128.41,2.24,2.79,81.65,1.26,0.75,1,9245,1.3,-142.8,2.9
0.5,9343.319742,128.23,2.25,1.83,81.63,0.63,1.0,1,9121,0.7,-78.0,1.7
0.5,9343.329740,128.58,2.24,2.5,81.65,-0.0,0.5,1,9000,-0.0,2.1,0.9
0.5,9343.339741,129.9,2.23,3.45,81.68,-0.63,-0.75,1,8873,-0.3,14.6,1.0
0.5,9343.349740,131.13,2.23,3.03,81.67,-1.26,-2.0,1,8744,0.1,-54.6,0.4
0.5,9343.359740,132.01,2.24,1.14,81.61,-1.88,-3.0,1,8617,1.1,-119.8,2.1
0.5,9343.369740,132.1,2.27,-0.87,81.57,-2.51,-3.0,1,8490,1.2,-135.3,2.7
0.5,9343.379740,132.01,2.28,-1.82,81.56,-3.13,-2.75,1,8371,0.9,-79.1,1.9
0.5,9343.389740,132.63,2.27,-1.28,81.58,-3.75,-3.5,1,9250,0.0,-2.9,0.8
0.5,9343.399742,133.51,2.26,-0.46,81.61,-4.36,-4.5,1,9125,-0.2,6.4,0.8
0.5,9343.409740,134.3,2.26,-1.0,81.59,-4.97,-5.25,1,9003,0.2,-63.8,1.0
0.5,9343.419743,135.0,2.28,-2.63,81.55,-5.58,-5.75,1,8880,0.9,-93.0,2.0
0.5,9343.429740,135.44,2.29,-3.7,81.53,-6.18,-6.25,1,8740,0.6,-77.4,1.7
0.5,9343.439739,135.88,2.3,-4.24,81.52,-6.77,-6.75,1,8621,0.8,-69.2,1.6
0.5,9343.449740,136.41,2.31,-4.63,81.51,-7.36,-7.25,1,8485,0.4,-47.6,1.0
0.5,9343.459740,136.41,2.31,-4.85,81.51,-7.94,-7.25,1,8370,0.3,-43.4,1.1
0.5,9343.469740,137.02,2.31,-5.14,81.5,-8.52,-7.75,1,9255,0.3,-33.3,0.9
0.5,9343.479740,138.16,2.31,-5.25,81.5,-9.08,-9.0,1,9127,0.2,-20.5,0.6
0.5,9343.489740,139.48,2.32,-5.7,81.49,-9.64,-10.5,1,9008,0.5,-58.0,1.3
0.5,9343.499740,140.45,2.33,-7.31,81.46,-10.18,-11.25,1,8882,1.0,-124.0,2.7
0.5,9343.509740,140.45,2.36,-9.35,81.42,-10.72,-11.25,1,8745,1.4,-138.0,3.1
0.5,9343.519740,140.19,2.37,-10.25,81.4,-11.24,-11.0,1,8626,0.9,-75.8,1.7
0.5,9343.529740,140.27,2.37,-9.59,81.42,-11.76,-11.25,1,8490,0.1,4.4,0.7
0.5,9343.539743,140.62,2.35,-8.58,81.45,-12.26,-11.5,1,8374,-0.0,20.3,0.3
0.5,9343.549740,141.68,2.35,-8.49,81.45,-12.75,-12.5,1,9262,-0.2,-6.8,0.2
0.5,9343.559740,142.91,2.36,-9.23,81.42,-13.23,-13.75,1,9132,0.4,-46.9,0.9
0.5,9343.569740,143.61,2.38,-10.69,81.39,-13.69,-14.5,1,9012,0.7,-105.8,1.8
0.5,9343.579740,143.61,2.4,-12.5,81.34,-14.14,-14.5,1,8885,1.1,-121.6,2.5
0.5,9343.589740,143.44,2.42,-13.3,81.33,-14.58,-14.25,1,8749,0.8,-64.6,1.6
0.5,9343.599740,143.96,2.41,-12.72,81.35,-15.0,-14.75,1,8622,0.1,1.5,0.5
0.5,9343.609740,144.76,2.39,-11.85,81.38,-15.41,-15.5,1,8494,-0.3,20.4,0.7
0.5,9343.619743,145.37,2.4,-12.22,81.37,-15.8,-16.25,1,8379,0.3,-55.5,0.3
0.5,9343.629740,145.63,2.42,-13.81,81.31,-16.18,-16.5,1,9266,0.7,-83.7,1.5
0.5,9343.639740,145.55,2.44,-14.72,81.29,-16.54,-16.25,1,9136,0.5,-62.8,1.4
0.5,9343.649740,145.37,2.44,-14.66,81.3,-16.89,-16.25,1,9017,0.4,-14.9,0.6
0.5,9343.659740,146.25,2.43,-14.06,81.32,-17.21,-17.0,1,8890,0.1,12.2,0.8
0.5,9343.669740,147.22,2.42,-13.74,81.34,-17.53,-18.25,1,8754,-0.3,5.1,0.7
0.5,9343.679740,147.92,2.43,-14.64,81.31,-17.82,-18.75,1,8627,0.6,-82.5,1.1
0.5,9343.689740,147.83,2.46,-16.6,81.24,-18.1,-18.5,1,8490,0.8,-108.5,1.7
0.5,9343.699743,147.57,2.48,-17.38,81.23,-18.36,-18.25,1,8383,0.7,-52.1,1.5
0.5,9343.709740,147.57,2.47,-16.67,81.27,-18.6,-18.25,1,9262,0.3,15.2,0.9
0.5,9343.719740,147.92,2.45,-15.73,81.3,-18.82,-18.75,1,9132,-0.1,25.9,0.4
0.5,9343.729740,148.62,2.45,-15.66,81.3,-19.02,-19.25,1,9016,-0.0,-3.0,-0.1
0.5,9343.739740,149.15,2.46,-16.41,81.26,-19.21,-20.0,1,8895,-0.0,-46.5,0.3
0.5,9343.749740,149.33,2.48,-17.52,81.23,-19.37,-20.25,1,8758,0.6,-67.6,1.4
0.5,9343.759740,149.24,2.49,-18.28,81.21,-19.52,-19.25,1,8631,0.3,-55.0,0.9
0.5,9343.769740,148.01,2.49,-18.25,81.21,-19.65,-18.25,1,8498,0.2,-8.9,0.7
0.5,9343.779742,147.04,2.48,-17.64,81.25,-19.75,-17.75,1,8388,0.3,14.5,0.8
0.5,9343.789740,147.22,2.46,-16.12,81.31,-19.84,-18.0,1,9264,-0.6,129.2,-0.6
0.5,9343.799740,148.27,2.43,-14.03,81.36,-19.91,-19.0,1,9137,-1.1,94.1,-2.1
0.5,9343.809740,149.15,2.43,-14.75,81.31,-19.96,-20.0,1,9017,-0.2,-36.6,0.0
0.5,9343.819740,149.5,2.47,-17.16,81.24,-19.99,-20.25,1,8891,0.6,-110.8,1.5
0.5,9343.829740,149.59,2.5,-18.7,81.2,-20.0,-20.25,1,8766,1.0,-79.4,1.7
0.5,9343.839740,149.68,2.5,-18.64,81.21,-19.99,-20.5,1,8636,0.2,-25.7,0.5
0.5,9343.849743,149.59,2.49,-18.26,81.22,-19.96,-20.25,1,8502,0.0,-15.8,0.5
0.5,9343.859740,149.24,2.49,-18.22,81.22,-19.91,-19.5,1,8390,-0.0,-5.4,0.3
0.5,9343.869740,148.97,2.49,-17.96,81.24,-19.84,-19.25,1,9269,0.2,15.5,1.0
0.5,9343.879740,149.06,2.48,-17.41,81.28,-19.75,-19.75,1,9141,-0.0,34.1,0.5
0.5,9343.889740,149.94,2.47,-16.92,81.29,-19.65,-20.75,1,9025,-0.1,30.3,0.2
0.5,9343.899740,150.38,2.47,-17.2,81.27,-19.52,-21.25,1,8895,-0.3,-24.1,-0.2
0.5,9343.909740,150.29,2.49,-18.64,81.21,-19.37,-20.75,1,8759,0.5,-89.4,1.1
0.5,9343.919740,150.12,2.52,-19.66,81.19,-19.21,-20.0,1,8640,0.6,-37.2,1.1
0.5,9343.929740,149.06,2.51,-19.02,81.23,-19.02,-19.75,1,8507,0.3,12.6,0.9
0.5,9343.939740,149.15,2.5,-18.16,81.26,-18.82,-19.75,1,8386,0.1,36.0,0.3
0.5,9343.949740,149.15,2.47,-16.98,81.29,-18.6,-19.75,1,9273,-1.3,94.2,-1.5
0.5,9343.959740,148.71,2.46,-16.55,81.29,-18.36,-18.75,1,9146,-0.2,-14.9,-0.6
0.5,9343.969740,147.3,2.48,-17.55,81.25,-18.1,-17.75,1,9027,0.1,9.0,0.6
0.5,9343.979740,147.04,2.48,-16.9,81.29,-17.82,-17.75,1,8899,0.5,40.9,0.0
0.5,9343.989740,147.48,2.45,-15.04,81.34,-17.53,-18.25,1,8767,-2.1,155.1,-2.5
0.5,9343.999740,147.57,2.41,-13.9,81.36,-17.21,-18.25,1,8645,-0.4,-0.6,-0.5
0.5,9344.009740,147.22,2.45,-15.87,81.29,-16.89,-17.5,1,8509,-0.0,-41.1,-0.0
0.5,9344.019740,146.69,2.46,-16.28,81.28,-16.54,-16.75,1,8416,0.2,-0.7,0.7
0.5,9344.029740,146.34,2.45,-15.56,81.33,-16.18,-16.75,1,9278,0.2,31.5,0.6
0.5,9344.039740,146.07,2.44,-14.68,81.36,-15.8,-16.25,1,9151,-0.5,56.1,-0.4
0.5,9344.049740,145.02,2.42,-14.05,81.37,-15.41,-15.25,1,9031,-0.4,38.5,-0.5
0.5,9344.059740,144.14,2.42,-13.99,81.37,-15.0,-14.75,1,8904,0.0,23.2,-0.2
0.5,9344.069740,143.26,2.41,-13.12,81.39,-14.58,-14.0,1,8769,-0.9,103.3,-1.2
0.5,9344.079739,143.09,2.38,-11.39,81.44,-14.14,-13.75,1,8641,-0.9,92.9,-1.5
0.5,9344.089739,143.44,2.37,-10.62,81.45,-13.69,-14.25,1,8513,-1.0,86.7,-1.5
0.5,9344.099739,143.35,2.37,-10.64,81.44,-13.23,-14.25,1,8412,-0.4,4.5,-0.3
0.5,9344.109739,143.17,2.38,-11.77,81.4,-12.75,-13.25,1,9274,-0.1,-31.1,-0.8
0.5,9344.119739,142.21,2.39,-12.09,81.38,-12.26,-12.5,1,9146,0.2,3.7,0.4
0.5,9344.129742,141.59,2.39,-11.57,81.42,-11.76,-12.25,1,9039,0.4,17.1,0.6
0.5,9344.139739,141.42,2.38,-10.41,81.46,-11.24,-11.75,1,8909,-0.9,103.0,-0.9
0.5,9344.149739,140.98,2.35,-8.92,81.5,-10.72,-11.0,1,8776,-0.6,63.5,-0.7
0.5,9344.159739,140.01,2.35,-9.1,81.49,-10.18,-10.25,1,8645,-0.1,21.7,-0.1
0.5,9344.169739,139.31,2.36,-9.11,81.49,-9.64,-9.75,1,8509,-0.3,40.0,-0.4
0.5,9344.179739,138.78,2.34,-8.09,81.51,-9.08,-9.5,1,8416,-1.0,84.5,-1.7
0.5,9344.189739,138.52,2.32,-6.82,81.53,-8.52,-8.75,1,9278,-0.9,82.0,-1.4
0.5,9344.199739,137.9,2.32,-6.3,81.55,-7.94,-7.75,1,9151,-0.6,54.3,-0.8
0.5,9344.209739,136.93,2.32,-6.32,81.55,-7.36,-7.25,1,9040,-0.2,26.3,-0.2
0.5,9344.219739,136.23,2.31,-5.97,81.56,-6.77,-6.5,1,8905,-0.6,62.7,-0.8
0.5,9344.229742,135.79,2.3,-4.72,81.59,-6.18,-5.75,1,8780,-0.9,88.6,-1.5
0.5,9344.239739,135.44,2.29,-3.83,81.6,-5.58,-5.75,1,8650,-0.6,63.5,-1.0
0.5,9344.249739,135.35,2.29,-3.55,81.61,-4.97,-6.25,1,8514,-0.6,52.9,-0.8
0.5,9344.259739,135.26,2.28,-3.22,81.62,-4.36,-6.25,1,8421,-0.5,43.4,-0.6
0.5,9344.269739,135.18,2.28,-3.29,81.61,-3.75,-5.25,1,9286,-0.3,3.3,-0.4
0.5,9344.279739,133.68,2.28,-3.68,81.6,-3.13,-4.0,1,9155,0.1,0.8,0.1
0.5,9344.289742,132.54,2.29,-3.55,81.61,-2.51,-3.25,1,9039,0.1,15.9,0.2
0.5,9344.299739,132.36,2.28,-1.88,81.65,-1.88,-3.25,1,8909,-1.1,151.8,-2.5
0.5,9344.309743,132.45,2.24,0.6,81.7,-1.26,-3.0,1,8776,-2.0,112.3,-2.0
0.5,9344.319739,131.92,2.24,0.23,81.69,-0.63,-1.75,1,8654,0.1,1.8,0.3
0.5,9344.329740,130.69,2.26,-0.82,81.67,-0.0,-1.0,1,8518,-0.1,5.8,0.1
0.5,9344.339739,129.9,2.25,-0.22,81.68,0.63,-0.75,1,8426,-0.1,55.7,-0.4
0.5,9344.349739,129.64,2.25,1.58,81.72,1.26,-0.0,1,9288,-0.7,130.7,-2.4
0.5,9344.359739,129.38,2.23,3.13,81.75,1.88,0.75,1,9160,-1.4,79.6,-1.4
0.5,9344.369743,128.41,2.22,2.74,81.74,2.51,1.5,1,9044,-0.5,12.5,0.2
0.5,9344.379739,127.71,2.22,2.5,81.74,3.13,2.0,1,8914,-0.3,42.7,-0.2
0.5,9344.389739,127.35,2.22,3.7,81.77,3.75,2.75,1,8778,-0.5,90.3,-1.4
0.5,9344.399739,126.04,2.21,4.83,81.79,4.36,3.75,1,8662,-0.7,65.7,-1.2
0.5,9344.409739,125.24,2.21,5.01,81.79,4.97,4.5,1,8523,-0.0,42.4,-0.5
0.5,9344.419739,124.8,2.21,6.03,81.81,5.58,4.5,1,8430,-1.1,125.6,-2.1
0.5,9344.429739,124.72,2.19,7.78,81.85,6.18,4.75,1,9292,-1.2,91.4,-1.6
0.5,9344.439739,124.19,2.19,7.74,81.84,6.77,5.75,1,9167,-0.3,30.0,-0.7
0.5,9344.449742,122.87,2.2,7.23,81.83,7.36,7.25,1,9049,-0.1,10.6,0.1
0.5,9344.459739,121.73,2.19,7.66,81.85,7.94,8.5,1,8913,-0.8,62.3,-0.2
0.5,9344.469742,121.03,2.19,9.46,81.89,8.52,9.0,1,8785,-0.5,128.9,-2.6
0.5,9344.479739,120.67,2.18,11.25,81.92,9.08,9.0,1,8655,-1.3,112.5,-1.5
0.5,9344.489739,120.67,2.17,11.8,81.94,9.64,9.0,1,8527,-0.9,71.2,-0.9
0.5,9344.499739,120.67,2.17,11.64,81.94,10.18,9.25,1,8426,-0.4,25.1,-0.1
0.5,9344.509739,119.97,2.17,11.19,81.93,10.72,10.25,1,9296,-0.0,0.9,0.2
0.5,9344.519739,118.83,2.17,10.95,81.92,11.24,11.25,1,9170,-0.0,0.6,0.1
0.5,9344.529742,118.56,2.17,11.88,81.94,11.76,11.5,1,9054,-1.0,93.4,-0.9
0.5,9344.539739,118.3,2.16,13.72,81.98,12.26,11.75,1,8917,-0.5,91.2,-2.1
0.5,9344.549739,118.04,2.16,14.01,81.98,12.75,12.25,1,8787,-0.6,31.3,-0.2
0.5,9344.559739,117.25,2.16,13.52,81.98,13.23,13.0,1,8660,-0.1,10.9,0.1
0.5,9344.569739,116.72,2.16,13.81,81.99,13.69,13.75,1,8523,-0.5,49.6,-0.4
0.5,9344.579740,116.19,2.16,14.94,82.01,14.14,14.25,1,8431,-0.3,74.3,-1.4
0.5,9344.589740,115.75,2.16,15.76,82.02,14.58,14.25,1,9292,-0.7,57.0,-0.8
0.5,9344.599740,115.22,2.15,16.08,82.03,15.0,15.0,1,9165,-0.6,49.2,-0.6
0.5,9344.609740,114.35,2.15,16.37,82.03,15.41,16.0,1,9056,-0.3,37.6,-0.6
0.5,9344.619740,113.91,2.15,16.89,82.05,15.8,16.25,1,8919,-0.4,63.5,-0.7
0.5,9344.629740,113.82,2.16,18.04,82.07,16.18,16.25,1,8791,-0.3,89.3,-2.1
0.5,9344.639740,113.82,2.15,18.74,82.07,16.54,16.25,1,8664,-0.5,43.5,-0.6
0.5,9344.649740,113.82,2.15,18.29,82.07,16.89,16.5,1,8531,-0.1,0.7,0.0
0.5,9344.659740,113.12,2.15,17.86,82.06,17.21,17.25,1,8435,0.0,0.3,0.2
0.5,9344.669743,112.5,2.16,17.98,82.06,17.53,17.75,1,9300,0.2,12.8,0.1
0.5,9344.679740,112.06,2.16,18.81,82.09,17.82,18.25,1,9170,-0.6,70.1,-0.8
0.5,9344.689743,111.8,2.15,20.0,82.11,18.1,18.25,1,9062,-0.6,62.0,-1.0
0.5,9344.699740,111.88,2.15,20.39,82.11,18.36,18.0,1,8915,-0.6,47.2,-0.9
0.5,9344.709740,111.8,2.14,20.37,82.11,18.6,18.0,1,8796,-0.3,12.7,-0.1
0.5,9344.719740,111.45,2.14,20.03,82.1,18.82,18.75,1,8668,0.0,0.5,0.0
0.5,9344.729740,110.39,2.15,19.91,82.1,19.02,20.0,1,8533,0.1,0.7,0.1
0.5,9344.739740,109.69,2.15,20.37,82.11,19.21,20.5,1,8440,-0.7,45.9,-0.0
0.5,9344.749743,109.86,2.15,21.92,82.15,19.37,20.25,1,9305,-0.6,109.1,-2.2
0.5,9344.759740,109.78,2.15,23.07,82.16,19.52,19.75,1,9174,-0.6,52.3,-0.7
0.5,9344.769740,109.78,2.15,22.51,82.16,19.65,20.0,1,9055,-0.1,0.2,0.1
0.5,9344.779740,109.86,2.15,21.99,82.14,19.75,19.75,1,8919,0.3,0.8,-0.1
0.5,9344.789740,110.39,2.15,21.99,82.14,19.84,19.25,1,8792,-0.1,-0.8,0.3
0.5,9344.799740,110.57,2.14,21.93,82.14,19.91,19.0,1,8673,-0.5,-4.7,0.3
0.5,9344.809740,110.57,2.15,21.29,82.12,19.96,19.75,1,8537,1.6,-59.4,0.2
0.5,9344.819740,109.78,2.16,20.63,82.09,19.99,20.5,1,8446,0.3,-12.1,0.2
0.5,9344.829741,109.42,2.16,21.1,82.11,20.0,21.0,1,9307,0.1,0.3,0.2
0.5,9344.839740,109.42,2.16,22.06,82.15,19.99,20.75,1,9179,-0.4,83.4,-0.1
0.5,9344.849740,109.86,2.16,23.23,82.18,19.96,19.75,1,9060,-0.9,33.7,-0.5
0.5,9344.859740,110.39,2.15,22.73,82.16,19.91,19.25,1,8924,-0.2,0.1,0.1
0.5,9344.869740,110.57,2.15,22.02,82.13,19.84,19.25,1,8796,0.7,-37.8,0.1
0.5,9344.879740,110.57,2.16,21.04,82.1,19.75,19.25,1,8669,1.1,-59.6,0.7
0.5,9344.889740,110.57,2.16,20.69,82.09,19.65,19.5,1,8541,0.3,-13.7,0.4
0.5,9344.899740,110.57,2.16,21.14,82.11,19.52,19.75,1,8449,-0.1,-0.1,0.4
0.5,9344.909739,110.57,2.16,21.28,82.12,19.37,19.75,1,9311,-0.1,0.3,0.3
0.5,9344.919740,110.57,2.16,21.29,82.12,19.21,19.75,1,9183,-0.1,0.5,0.3
0.5,9344.929740,110.92,2.16,21.31,82.12,19.02,18.75,1,9065,0.0,1.4,0.3
0.5,9344.939740,111.97,2.16,21.32,82.12,18.82,17.5,1,8928,0.0,0.5,0.3
0.5,9344.949740,112.68,2.17,20.83,82.1,18.6,16.75,1,8801,0.9,-47.7,0.5
0.5,9344.959740,112.76,2.17,19.2,82.07,18.36,17.0,1,8674,0.9,-115.6,2.5
0.5,9344.969740,112.76,2.17,17.86,82.05,18.1,17.25,1,8537,0.7,-65.5,1.7
0.5,9344.979740,112.76,2.18,18.36,82.06,17.82,16.75,1,8445,-0.0,0.1,0.4
0.5,9344.989740,113.03,2.17,19.01,82.08,17.53,16.5,1,9315,-0.3,-0.3,0.6
0.5,9344.999740,113.03,2.17,19.02,82.08,17.21,16.5,1,9188,-0.4,0.5,0.3
0.5,9345.009740,112.94,2.17,18.75,82.07,16.89,16.75,1,9069,0.3,-27.0,0.6
0.5,9345.019740,113.03,2.17,18.5,82.07,16.54,16.75,1,8933,-0.2,2.1,0.5
0.5,9345.029740,113.03,2.17,18.79,82.08,16.18,16.75,1,8805,-0.1,-0.1,0.3
0.5,9345.039740,113.03,2.17,18.77,82.08,15.8,16.25,1,8678,-0.1,0.1,0.3
0.5,9345.049740,113.82,2.17,18.77,82.08,15.41,15.75,1,8542,-0.0,0.3,0.2
0.5,9345.059740,114.26,2.16,18.6,82.07,15.0,15.25,1,8449,-0.0,-17.3,0.2
0.5,9345.069740,114.79,2.17,17.75,82.05,14.58,14.75,1,9311,0.9,-67.7,1.3
0.5,9345.079740,115.05,2.18,16.74,82.03,14.14,14.25,1,9184,0.5,-50.2,1.1
0.5,9345.089740,115.31,2.17,16.49,82.03,13.69,14.25,1,9073,0.4,-42.4,1.0
0.5,9345.099740,115.75,2.17,16.26,82.03,13.23,13.75,1,8940,0.2,-30.4,0.8
0.5,9345.109740,116.37,2.17,16.19,82.03,12.75,13.0,1,8810,0.0,-19.2,0.7
0.5,9345.119740,116.98,2.17,15.8,82.02,12.26,12.25,1,8686,0.4,-50.0,1.1
0.5,9345.129740,117.42,2.18,14.8,82.0,11.76,12.0,1,8546,0.4,-69.2,1.7
0.5,9345.139740,117.6,2.18,14.02,81.99,11.24,11.75,1,8445,0.5,-58.8,1.4
0.5,9345.149740,118.04,2.18,13.74,81.98,10.72,11.25,1,9316,0.4,-38.4,0.9
0.5,9345.159740,118.65,2.18,13.75,81.98,10.18,10.75,1,9191,0.2,-19.6,0.6
0.5,9345.169740,119.18,2.18,13.44,81.97,9.64,10.0,1,9069,0.4,-49.7,1.0
0.5,9345.179740,119.62,2.19,12.47,81.95,9.08,9.75,1,8933,0.5,-66.9,1.5
0.5,9345.189740,120.06,2.19,11.8,81.94,8.52,9.25,1,8806,0.3,-49.6,1.2
0.5,9345.199740,121.29,2.19,11.57,81.94,7.94,8.0,1,8687,0.3,-40.1,1.0
0.5,9345.209740,122.7,2.19,11.09,81.92,7.36,6.5,1,8551,0.4,-57.7,1.0
0.5,9345.219740,123.57,2.2,9.72,81.89,6.77,5.75,1,8449,0.8,-119.5,2.2
0.5,9345.229740,123.57,2.21,7.64,81.85,6.18,5.75,1,9320,1.8,-146.1,2.8
0.5,9345.239740,123.4,2.23,6.62,81.83,5.58,5.75,1,9193,0.5,-75.0,2.1
0.5,9345.249740,123.57,2.21,7.38,81.86,4.97,5.75,1,9074,-0.3,4.6,1.0
0.5,9345.259740,124.19,2.2,8.32,81.9,4.36,5.25,1,8939,-0.8,14.1,1.3
0.5,9345.269740,125.16,2.2,8.21,81.89,3.75,4.0,1,8811,0.6,-20.3,-0.9
0.5,9345.279740,126.56,2.21,7.31,81.84,3.13,2.75,1,8683,0.5,-55.4,1.0
0.5,9345.289740,127.44,2.22,5.78,81.82,2.51,1.75,1,8556,0.7,-118.0,2.4
0.5,9345.299740,127.35,2.23,3.78,81.78,1.88,1.75,1,8454,1.2,-137.4,2.8
0.5,9345.309740,127.18,2.24,2.83,81.76,1.26,2.25,1,9325,0.7,-75.2,1.5
0.5,9345.319740,126.91,2.23,3.52,81.79,0.63,2.5,1,9198,-0.2,6.6,0.9
0.5,9345.329740,127.35,2.22,4.53,81.83,0.0,1.75,1,9079,-0.5,19.4,1.2
0.5,9345.339740,128.67,2.22,4.78,81.85,-0.63,0.5,1,8942,-0.2,12.3,0.7
0.5,9345.349740,129.73,2.22,4.25,81.82,-1.26,-0.75,1,8815,-0.0,-45.6,-0.0
0.5,9345.359740,129.9,2.23,2.33,81.75,-1.88,-0.75,1,8688,1.2,-134.0,1.6
0.5,9345.369740,129.9,2.26,0.43,81.71,-2.51,-0.75,1,8560,1.2,-102.1,2.1
0.5,9345.379740,130.52,2.26,0.65,81.73,-3.13,-1.5,1,8459,0.2,-9.9,0.6
0.5,9345.389740,131.84,2.24,1.55,81.75,-3.75,-2.75,1,9329,-0.5,-2.3,0.5
0.5,9345.399740,133.07,2.24,0.92,81.74,-4.36,-4.0,1,9205,0.6,-70.8,0.9
0.5,9345.409740,133.24,2.26,-1.15,81.69,-4.97,-4.25,1,9083,1.1,-137.9,3.0
0.5,9345.419740,133.33,2.28,-2.93,81.66,-5.58,-4.25,1,8947,1.4,-110.9,2.9
0.5,9345.429740,133.95,2.29,-2.81,81.67,-6.18,-4.75,1,8820,0.4,-14.9,0.7
0.5,9345.439740,135.26,2.28,-1.83,81.69,-6.77,-6.25,1,8692,-0.2,1.8,0.5
0.5,9345.449740,136.41,2.28,-2.43,81.68,-7.36,-7.5,1,8556,0.6,-76.7,1.2
0.5,9345.459740,137.11,2.3,-4.61,81.63,-7.94,-8.0,1,8455,1.0,-139.3,3.2
0.5,9345.469740,137.64,2.32,-6.42,81.6,-8.52,-8.5,1,9325,1.3,-118.1,2.6
0.5,9345.479743,137.99,2.33,-6.82,81.58,-9.08,-8.75,1,9201,0.6,-61.6,1.3
0.5,9345.489740,138.52,2.33,-6.7,81.59,-9.64,-9.5,1,9088,0.4,-43.9,1.1
0.5,9345.499742,139.31,2.33,-6.86,81.59,-10.18,-10.25,1,8955,0.3,-33.8,1.0
0.5,9345.509740,140.1,2.34,-7.4,81.57,-10.72,-11.0,1,8827,0.5,-64.1,1.5
0.5,9345.519740,140.54,2.35,-8.57,81.55,-11.24,-11.5,1,8700,0.8,-86.3,2.1
0.5,9345.529740,141.06,2.36,-9.47,81.53,-11.76,-12.0,1,8560,0.7,-68.2,1.6
0.5,9345.539740,141.15,2.37,-9.86,81.52,-12.26,-12.25,1,8462,0.6,-57.4,1.4
0.5,9345.549740,141.33,2.37,-10.13,81.52,-12.75,-12.25,1,9330,0.3,-37.9,0.8
0.5,9345.559740,141.59,2.37,-10.12,81.51,-13.23,-12.5,1,9203,0.1,-18.4,0.5
0.5,9345.569740,142.47,2.37,-9.98,81.52,-13.69,-13.5,1,9095,-0.0,-5.0,0.3
0.5,9345.579740,143.61,2.37,-10.16,81.52,-14.14,-14.5,1,8959,0.2,-31.8,0.7
0.5,9345.589740,144.32,2.38,-11.34,81.49,-14.58,-15.25,1,8820,0.6,-91.1,1.9
0.5,9345.599743,144.32,2.41,-13.1,81.45,-15.0,-15.0,1,8704,0.8,-116.6,2.3
0.5,9345.609740,144.05,2.42,-13.98,81.42,-15.41,-14.25,1,8566,0.7,-62.3,1.2
0.5,9345.619740,143.26,2.42,-13.36,81.44,-15.8,-14.25,1,8464,0.1,7.3,0.5
0.5,9345.629740,143.88,2.41,-12.28,81.48,-16.18,-14.75,1,9334,0.6,39.0,0.2
0.5,9345.639743,144.76,2.41,-11.37,81.51,-16.54,-15.5,1,9210,-0.1,58.9,-0.7
0.5,9345.649740,145.37,2.39,-11.75,81.49,-16.89,-16.25,1,9088,-0.8,-58.0,1.1
0.5,9345.659743,145.63,2.4,-13.77,81.43,-17.21,-16.5,1,8963,0.3,-84.4,1.2
0.5,9345.669740,145.55,2.43,-14.67,81.41,-17.53,-16.25,1,8825,0.5,-63.6,1.3
0.5,9345.679742,146.25,2.43,-14.61,81.41,-17.82,-17.25,1,8708,0.2,-15.2,0.6
0.5,9345.689740,146.95,2.43,-14.18,81.43,-18.1,-17.75,1,8570,0.2,-4.8,0.4
0.5,9345.699740,147.04,2.44,-14.8,81.41,-18.36,-17.75,1,8471,1.3,-72.8,1.5
0.5,9345.709740,147.39,2.46,-16.13,81.38,-18.6,-18.25,1,9339,0.4,-65.1,1.9
0.5,9345.719739,148.01,2.45,-16.11,81.39,-18.82,-18.75,1,9212,0.0,-5.2,0.4
0.5,9345.729740,148.54,2.45,-15.86,81.39,-19.02,-19.25,1,9096,0.2,-35.2,0.5
0.5,9345.739743,149.06,2.47,-16.87,81.36,-19.21,-19.75,1,8959,0.4,-70.7,1.7
0.5,9345.749740,149.06,2.48,-17.75,81.34,-19.37,-19.75,1,8829,0.5,-52.5,1.3
0.5,9345.759741,148.8,2.48,-17.97,81.34,-19.52,-19.25,1,8704,0.3,-40.7,0.9
0.5,9345.769740,148.36,2.48,-17.86,81.34,-19.65,-19.0,1,8574,0.1,-1.0,0.6
0.5,9345.779740,148.18,2.47,-17.2,81.37,-19.75,-19.0,1,8474,0.1,26.7,0.8
0.5,9345.789740,148.97,2.46,-16.4,81.41,-19.84,-19.75,1,9338,-0.2,52.6,0.0
0.5,9345.799739,149.85,2.46,-16.13,81.41,-19.91,-20.75,1,9215,0.4,1.3,-0.5
0.5,9345.809740,150.47,2.48,-17.36,81.35,-19.96,-21.25,1,9100,-0.5,-71.7,0.7
0.5,9345.819742,150.38,2.5,-19.09,81.3,-19.99,-20.75,1,8963,0.9,-99.8,1.8
0.5,9345.829740,149.85,2.53,-19.84,81.29,-20.0,-20.5,1,8835,1.3,-47.0,1.4
0.5,9345.839742,149.77,2.51,-19.12,81.33,-19.99,-20.5,1,8708,-0.4,18.8,0.8
0.5,9345.849743,149.77,2.48,-18.0,81.36,-19.96,-20.5,1,8573,-0.7,46.7,-0.6
0.5,9345.859740,149.85,2.48,-17.7,81.36,-19.91,-20.5,1,8481,0.2,2.3,-0.0
0.5,9345.869740,149.77,2.49,-18.14,81.35,-19.84,-20.5,1,9342,-0.1,-0.2,0.2
0.5,9345.879740,149.68,2.49,-18.17,81.35,-19.75,-20.25,1,9221,-0.0,0.2,0.3
0.5,9345.889740,149.24,2.49,-18.16,81.35,-19.65,-19.75,1,9102,-0.0,0.1,0.2
0.5,9345.899740,148.45,2.49,-18.03,81.36,-19.52,-19.0,1,8965,-0.3,13.2,0.4
0.5,9345.909740,148.18,2.47,-17.38,81.38,-19.37,-18.75,1,8838,-0.5,51.7,-0.3
0.5,9345.919740,148.62,2.45,-16.26,81.42,-19.21,-19.5,1,8711,-0.6,74.2,-0.7
0.5,9345.929743,149.24,2.45,-15.78,81.42,-19.02,-20.0,1,8578,0.1,25.4,-0.7
0.5,9345.939743,149.15,2.47,-16.88,81.38,-18.82,-19.75,1,8485,-0.1,-61.3,0.3
0.5,9345.949740,148.8,2.48,-18.22,81.33,-18.6,-18.75,1,9347,0.2,-46.9,1.0
0.5,9345.959740,147.92,2.48,-17.95,81.36,-18.36,-18.25,1,9217,0.2,12.7,0.7
0.5,9345.969740,146.87,2.47,-16.97,81.4,-18.1,-17.5,1,9106,0.0,38.1,0.3
0.5,9345.979740,146.51,2.45,-15.81,81.44,-17.82,-17.25,1,8970,-0.7,90.6,-0.9
0.5,9345.989740,146.87,2.43,-14.27,81.47,-17.53,-17.75,1,8843,-0.6,101.6,-1.5
0.5,9345.999740,147.13,2.42,-13.98,81.47,-17.21,-17.75,1,8715,-0.4,18.0,-0.4
0.5,9346.009741,147.04,2.43,-15.13,81.44,-16.89,-17.75,1,8581,-0.4,-31.6,0.2
0.5,9346.019743,146.69,2.44,-15.85,81.41,-16.54,-16.75,1,8489,0.0,-22.2,0.1
0.5,9346.029740,145.37,2.44,-15.68,81.42,-16.18,-15.75,1,9348,0.1,7.9,0.3
0.5,9346.039740,144.14,2.44,-14.98,81.45,-15.8,-15.0,1,9221,0.4,40.0,-0.1
0.5,9346.049740,144.32,2.42,-13.2,81.49,-15.41,-15.0,1,9102,-1.0,145.4,-2.5
0.5,9346.059740,144.49,2.39,-10.99,81.54,-15.0,-15.25,1,8974,-0.4,115.9,-1.7
0.5,9346.069740,144.14,2.4,-11.53,81.53,-14.58,-15.0,1,8842,-0.3,-24.6,-0.1
0.5,9346.079739,143.96,2.41,-13.1,81.48,-14.14,-14.5,1,8720,-0.5,-16.6,0.4
0.5,9346.089742,143.44,2.4,-12.74,81.5,-13.69,-13.75,1,8587,0.3,27.7,0.1
0.5,9346.099739,142.82,2.41,-11.95,81.52,-13.23,-13.0,1,8482,0.4,35.0,-0.3
0.5,9346.109739,142.47,2.4,-11.43,81.54,-12.75,-12.5,1,9353,-0.9,45.2,-0.2
0.5,9346.119739,141.86,2.38,-10.83,81.56,-12.26,-12.25,1,9226,-0.3,49.2,-0.3
0.5,9346.129739,141.15,2.37,-10.29,81.57,-11.76,-11.75,1,9107,-1.1,50.5,-0.4
0.5,9346.139739,141.06,2.36,-9.67,81.59,-11.24,-11.75,1,8970,-0.3,60.7,-0.8
0.5,9346.149739,140.89,2.36,-8.9,81.61,-10.72,-11.5,1,8843,-0.3,66.4,-1.1
0.5,9346.159739,140.45,2.36,-8.73,81.61,-10.18,-10.5,1,8716,-0.1,11.6,0.0
0.5,9346.169741,138.96,2.36,-9.16,81.6,-9.64,-9.5,1,8590,-0.5,12.2,-0.0
0.5,9346.179739,138.52,2.35,-8.64,81.61,-9.08,-9.25,1,8486,-0.5,50.8,-0.6
0.5,9346.189739,138.34,2.34,-6.69,81.65,-8.52,-9.0,1,9358,-0.0,157.0,-3.1
0.5,9346.199739,138.25,2.34,-5.31,81.68,-7.94,-8.5,1,9230,-0.9,31.9,-0.5
0.5,9346.209739,137.72,2.33,-6.48,81.66,-7.36,-7.75,1,9112,-0.5,8.3,0.0
0.5,9346.219739,136.85,2.33,-6.52,81.65,-6.77,-7.25,1,8975,-0.2,18.9,-0.2
0.5,9346.229739,136.41,2.33,-5.89,81.67,-6.18,-6.75,1,8848,-0.2,52.6,-0.6
0.5,9346.239739,135.7,2.32,-4.76,81.7,-5.58,-5.75,1,8720,-0.6,79.4,-1.3
0.5,9346.249739,134.74,2.31,-3.91,81.71,-4.97,-4.75,1,8593,-0.5,58.2,-0.9
0.5,9346.259739,133.51,2.3,-3.5,81.72,-4.36,-3.75,1,8492,-1.3,62.4,-0.9
0.5,9346.269739,132.45,2.28,-2.43,81.75,-3.75,-3.5,1,9354,-0.5,103.4,-1.7
0.5,9346.279739,132.63,2.28,-0.8,81.78,-3.13,-3.5,1,9235,-1.2,121.9,-2.1
0.5,9346.289739,132.54,2.26,0.24,81.8,-2.51,-3.25,1,9116,-1.1,85.6,-1.6
0.5,9346.299739,132.45,2.26,-0.22,81.78,-1.88,-2.25,1,8980,-0.1,-10.1,0.1
0.5,9346.309739,130.96,2.27,-1.11,81.77,-1.26,-1.25,1,8852,-0.0,6.5,0.2
0.5,9346.319739,130.34,2.27,-0.57,81.78,-0.63,-1.25,1,8725,-0.0,37.7,-0.2
0.5,9346.329740,130.34,2.27,1.15,81.82,0.0,-0.75,1,8589,0.3,140.9,-2.3
0.5,9346.339739,129.55,2.27,2.66,81.85,0.63,0.5,1,8496,-0.9,48.0,-0.9
0.5,9346.349739,128.23,2.25,1.82,81.83,1.26,1.75,1,9358,-0.6,8.2,0.1
0.5,9346.359739,127.0,2.24,2.21,81.84,1.88,2.5,1,9231,-1.9,79.4,-1.0
0.5,9346.369739,126.83,2.23,4.36,81.89,2.51,2.5,1,9121,1.0,144.0,-2.3
0.5,9346.379739,127.35,2.26,6.1,81.93,3.13,1.75,1,8984,-1.1,109.6,-2.1
0.5,9346.389739,127.53,2.22,5.84,81.91,3.75,1.75,1,8857,-1.2,8.0,-0.5
0.5,9346.399739,127.18,2.21,4.31,81.87,4.36,2.5,1,8730,-1.3,-50.9,0.6
0.5,9346.409739,126.12,2.2,3.67,81.86,4.97,3.75,1,8593,-0.0,-5.4,0.3
0.5,9346.419739,124.72,2.23,4.44,81.88,5.58,5.25,1,8500,0.7,31.7,-0.2
0.5,9346.429739,123.75,2.25,5.95,81.92,6.18,5.5,1,9362,1.4,113.3,-1.5
0.5,9346.439739,123.75,2.25,8.21,81.97,6.77,5.75,1,9235,-1.0,144.9,-2.7
0.5,9346.449739,123.4,2.21,9.37,81.98,7.36,6.75,1,9116,-2.4,84.8,-1.6
0.5,9346.459739,122.7,2.18,8.79,81.97,7.94,7.5,1,8988,-0.9,2.0,-0.1
0.5,9346.469739,122.17,2.2,8.42,81.96,8.52,7.75,1,8865,0.6,45.1,-0.3
0.5,9346.479739,121.82,2.23,9.57,81.99,9.08,8.5,1,8734,0.4,72.2,-1.1
0.5,9346.489739,120.59,2.22,10.33,82.0,9.64,9.25,1,8598,-0.7,49.2,-0.9
0.5,9346.499739,119.71,2.19,10.49,82.01,10.18,10.25,1,8496,-1.7,38.6,-0.3
0.5,9346.509739,118.92,2.19,11.49,82.03,10.72,10.75,1,9367,-0.0,111.0,-1.5
0.5,9346.519739,118.39,2.2,13.14,82.07,11.24,11.25,1,9240,-1.1,92.8,-1.5
0.5,9346.529739,118.04,2.18,13.75,82.08,11.76,11.75,1,9124,-1.1,78.9,-1.1
0.5,9346.539739,118.12,2.18,14.16,82.09,12.26,11.75,1,8993,-0.3,55.2,-0.5
0.5,9346.549742,117.95,2.19,14.09,82.09,12.75,12.25,1,8860,-0.1,17.1,0.1
0.5,9346.559739,117.16,2.19,13.71,82.08,13.23,13.25,1,8739,-0.1,0.0,0.2
0.5,9346.569739,116.54,2.18,13.85,82.09,13.69,13.75,1,8603,-0.6,30.9,-0.3
0.5,9346.579740,115.93,2.19,14.93,82.12,14.14,14.25,1,8501,-0.1,77.5,-0.7
0.5,9346.589740,115.58,2.19,16.01,82.14,14.58,14.75,1,9364,-1.2,61.1,-1.0
0.5,9346.599740,115.4,2.17,16.37,82.14,15.0,14.75,1,9244,-0.3,52.2,-0.5
0.5,9346.609740,115.14,2.18,16.65,82.16,15.41,15.25,1,9126,-0.3,36.7,-0.3
0.5,9346.619740,115.05,2.18,16.74,82.16,15.8,15.25,1,8989,-0.3,25.5,-0.3
0.5,9346.629740,114.61,2.18,16.81,82.16,16.18,15.75,1,8862,-0.3,17.3,-0.2
0.5,9346.639740,113.99,2.18,16.81,82.15,16.54,16.25,1,8734,-0.1,9.0,0.0
0.5,9346.649740,113.38,2.17,17.16,82.16,16.89,16.75,1,8607,-0.7,42.8,-0.7
0.5,9346.659740,112.94,2.17,18.2,82.18,17.21,17.25,1,8506,0.0,70.3,-0.9
0.5,9346.669740,112.5,2.19,19.08,82.21,17.53,17.75,1,9368,-0.0,60.7,-0.5
0.5,9346.679740,112.24,2.19,19.44,82.22,17.82,18.25,1,9249,-0.0,45.7,-0.4
0.5,9346.689740,112.15,2.19,19.68,82.23,18.1,18.0,1,9133,-0.1,39.1,-0.4
0.5,9346.699740,112.06,2.19,19.93,82.23,18.36,17.5,1,8994,-0.3,31.9,-0.5
0.5,9346.709743,112.24,2.19,19.9,82.23,18.6,17.25,1,8870,-0.2,4.4,0.0
0.5,9346.719740,112.24,2.18,19.64,82.22,18.82,18.0,1,8739,-0.1,0.7,0.1
0.5,9346.729740,111.36,2.18,19.56,82.22,19.02,18.75,1,8603,-0.0,-3.9,-0.0
0.5,9346.739740,111.36,2.18,19.53,82.21,19.21,18.75,1,8510,0.1,1.2,0.3
0.5,9346.749740,111.18,2.19,20.31,82.24,19.37,19.25,1,9375,-0.3,73.2,-0.9
0.5,9346.759740,110.57,2.19,21.1,82.25,19.52,19.75,1,9253,-0.2,6.7,-0.1
0.5,9346.769743,109.95,2.19,20.67,82.24,19.65,20.25,1,9129,-0.3,23.8,-0.1
0.5,9346.779740,109.78,2.19,21.48,82.27,19.75,20.5,1,9001,0.1,63.7,-0.5
0.5,9346.789742,109.78,2.21,22.45,82.29,19.84,19.75,1,8873,-0.2,57.4,-0.6
0.5,9346.799740,110.74,2.2,22.52,82.29,19.91,18.75,1,8744,-0.2,13.2,0.1
0.5,9346.809740,111.36,2.19,22.04,82.28,19.96,18.25,1,8607,-0.7,-3.4,0.2
0.5,9346.819740,111.36,2.16,20.89,82.23,19.99,18.75,1,8515,-1.2,-98.2,-0.2
0.5,9346.829740,110.83,2.13,19.43,82.17,20.0,19.25,1,9377,0.2,-51.5,0.4
0.5,9346.839740,110.74,2.16,19.9,82.2,19.99,19.0,1,9252,0.2,0.7,0.4
0.5,9346.849742,110.92,2.18,20.89,82.25,19.96,18.75,1,9133,0.6,46.7,0.7
0.5,9346.859740,110.92,2.2,21.61,82.28,19.91,19.25,1,9002,0.2,25.6,0.4
0.5,9346.869740,110.48,2.18,21.13,82.25,19.84,19.75,1,8876,-0.0,-26.8,-0.1
0.5,9346.879740,110.48,2.17,20.61,82.23,19.75,19.75,1,8750,0.0,0.7,0.3
0.5,9346.889740,110.39,2.19,21.29,82.26,19.65,19.75,1,8612,0.4,40.2,0.7
0.5,9346.899740,110.48,2.21,21.72,82.29,19.52,19.75,1,8519,0.2,3.9,0.2
0.5,9346.909740,110.48,2.2,21.36,82.27,19.37,19.75,1,9384,-0.1,0.3,0.3
0.5,9346.919740,110.48,2.19,21.33,82.27,19.21,19.5,1,9254,0.0,0.2,0.2
0.5,9346.929740,110.74,2.19,21.32,82.27,19.02,18.75,1,9136,0.0,-0.1,0.3
0.5,9346.939740,111.18,2.19,21.32,82.27,18.82,18.25,1,9007,-0.1,-0.4,0.3
0.5,9346.949740,111.53,2.18,21.02,82.25,18.6,18.25,1,8880,-0.5,-29.6,0.0
0.5,9346.959740,111.36,2.16,20.18,82.22,18.36,18.75,1,8753,-0.7,-54.3,-0.0
0.5,9346.969740,111.36,2.15,19.84,82.2,18.1,18.75,1,8617,-0.0,-9.9,0.1
0.5,9346.979740,111.71,2.17,20.29,82.22,17.82,17.75,1,8515,0.1,1.2,0.5
0.5,9346.989743,112.85,2.17,20.4,82.23,17.53,16.75,1,9389,-0.1,0.4,0.4
0.5,9346.999740,113.38,2.17,19.97,82.22,17.21,16.25,1,9258,0.1,-42.6,0.5
0.5,9347.009743,113.2,2.16,18.49,82.18,16.89,16.5,1,9143,0.6,-105.4,1.8
0.5,9347.019740,113.29,2.16,17.39,82.16,16.54,17.0,1,9003,0.5,-46.8,1.2
0.5,9347.029740,113.12,2.17,18.02,82.18,16.18,16.75,1,8886,0.1,4.0,0.5
0.5,9347.039740,113.82,2.17,18.55,82.2,15.8,15.75,1,8748,-0.1,3.1,0.7
0.5,9347.049740,114.96,2.18,18.68,82.21,15.41,14.25,1,8621,0.1,14.1,0.5
0.5,9347.059740,115.66,2.17,17.96,82.19,15.0,13.75,1,8520,0.3,-83.2,1.1
0.5,9347.069743,115.84,2.17,15.73,82.13,14.58,13.75,1,9385,0.6,-125.6,2.8
0.5,9347.079740,115.66,2.18,14.66,82.12,14.14,14.25,1,9263,0.9,-65.1,1.6
0.5,9347.089740,115.58,2.18,15.27,82.14,13.69,13.75,1,9145,0.2,0.9,0.4
0.5,9347.099740,115.66,2.18,16.06,82.16,13.23,13.75,1,9008,0.1,13.1,0.7
0.5,9347.109740,116.1,2.19,16.24,82.17,12.75,13.5,1,8881,0.0,5.9,0.3
0.5,9347.119740,116.81,2.18,16.08,82.16,12.26,12.5,1,8753,-0.1,-9.0,0.3
0.5,9347.129740,117.95,2.18,15.59,82.15,11.76,11.5,1,8620,-0.0,-34.5,0.6
0.5,9347.139740,118.74,2.18,14.44,82.12,11.24,10.5,1,8525,0.9,-89.0,1.8
0.5,9347.149739,119.18,2.19,12.79,82.09,10.72,10.25,1,9385,0.8,-110.9,2.1
0.5,9347.159740,119.0,2.19,11.71,82.07,10.18,10.25,1,9268,0.5,-85.6,2.0
0.5,9347.169740,119.0,2.19,11.66,82.07,9.64,10.25,1,9149,0.5,-29.9,0.9
0.5,9347.179740,119.27,2.2,12.35,82.09,9.08,10.0,1,9012,0.2,12.6,0.4
0.5,9347.189740,120.06,2.2,12.83,82.11,8.52,9.25,1,8885,-0.0,5.7,0.3
0.5,9347.199740,121.29,2.19,12.46,82.1,7.94,8.0,1,8758,-0.2,-30.0,0.6
0.5,9347.209740,122.26,2.19,11.17,82.06,7.36,7.0,1,8621,0.9,-93.1,1.5
0.5,9347.219740,122.78,2.2,9.39,82.02,6.77,6.5,1,8532,0.6,-114.7,1.8
0.5,9347.229742,122.78,2.2,8.22,81.99,6.18,6.5,1,9394,0.6,-96.0,1.6
0.5,9347.239740,123.05,2.21,7.95,81.99,5.58,6.25,1,9264,0.5,-45.3,1.0
0.5,9347.249740,124.01,2.21,8.52,82.0,4.97,5.25,1,9153,0.2,6.6,0.5
0.5,9347.259740,125.24,2.21,8.71,82.01,4.36,4.25,1,9017,0.4,-33.2,0.7
0.5,9347.269740,126.21,2.21,7.31,81.97,3.75,3.0,1,8889,0.5,-99.7,1.8
0.5,9347.279740,126.74,2.22,5.43,81.93,3.13,2.5,1,8762,0.4,-121.4,2.3
0.5,9347.289740,126.65,2.22,4.2,81.91,2.51,2.5,1,8626,1.2,-101.2,2.0
0.5,9347.299740,126.65,2.23,3.96,81.9,1.88,2.5,1,8533,0.3,-44.8,0.8
0.5,9347.309740,127.0,2.23,4.54,81.92,1.26,2.25,1,9396,0.1,1.7,0.4
0.5,9347.319740,127.97,2.23,5.0,81.93,0.63,1.25,1,9269,-0.0,0.1,0.3
0.5,9347.329740,128.76,2.23,4.66,81.92,-0.0,0.5,1,9158,0.1,-32.3,0.7
0.5,9347.339740,128.94,2.23,3.31,81.89,-0.63,0.25,1,9024,0.7,-103.1,2.0
0.5,9347.349740,129.29,2.24,1.84,81.86,-1.26,-0.25,1,8894,0.6,-76.4,1.6
0.5,9347.359740,130.34,2.25,1.93,81.87,-1.88,-1.25,1,8767,0.3,-17.3,0.7
0.5,9347.369740,131.22,2.25,2.12,81.87,-2.51,-2.0,1,8631,0.4,-39.8,1.0
0.5,9347.379740,131.4,2.25,0.86,81.85,-3.13,-2.25,1,8532,0.8,-103.4,2.1
0.5,9347.389740,131.75,2.27,-0.56,81.82,-3.75,-2.75,1,9391,0.7,-78.9,1.9
0.5,9347.399740,132.71,2.27,-0.54,81.82,-4.36,-3.5,1,9275,0.3,-22.0,0.7
0.5,9347.409740,133.95,2.27,-0.37,81.82,-4.97,-4.75,1,9154,0.5,-40.4,1.0
0.5,9347.419740,135.0,2.28,-1.59,81.8,-5.58,-5.75,1,9029,0.9,-103.3,2.3
0.5,9347.429740,135.79,2.29,-3.45,81.76,-6.18,-6.75,1,8899,0.3,-123.2,2.6
0.5,9347.439740,136.32,2.3,-4.72,81.74,-6.77,-7.25,1,8771,1.1,-107.3,2.5
0.5,9347.449740,136.23,2.31,-5.42,81.72,-7.36,-7.25,1,8635,0.6,-86.0,1.9
0.5,9347.459740,136.14,2.31,-5.58,81.72,-7.94,-7.0,1,8537,0.4,-37.2,1.0
0.5,9347.469740,136.41,2.31,-5.01,81.74,-8.52,-7.25,1,9396,0.2,9.1,0.4
0.5,9347.479740,137.37,2.31,-4.47,81.75,-9.08,-8.25,1,9280,0.1,7.7,0.3
0.5,9347.489740,138.25,2.31,-4.76,81.75,-9.64,-9.25,1,9158,0.1,-28.0,0.8
0.5,9347.499740,138.25,2.33,-6.13,81.71,-10.18,-9.25,1,9022,1.4,-100.9,2.0
0.5,9347.509740,138.25,2.35,-7.71,81.68,-10.72,-9.0,1,8903,0.1,-85.0,2.0
0.5,9347.519740,138.78,2.34,-7.57,81.69,-11.24,-9.75,1,8776,0.4,-1.7,0.4
0.5,9347.529740,139.83,2.34,-6.62,81.71,-11.76,-10.75,1,8640,0.8,10.9,0.1
0.5,9347.539740,140.27,2.35,-7.2,81.7,-12.26,-11.25,1,8539,-0.4,-69.8,1.5
0.5,9347.549740,140.54,2.35,-8.97,81.66,-12.75,-11.25,1,9401,1.2,-96.6,2.2
0.5,9347.559740,141.42,2.37,-9.63,81.64,-13.23,-12.25,1,9282,0.4,-39.0,0.9
0.5,9347.569740,142.21,2.38,-9.33,81.65,-13.69,-13.0,1,9163,1.0,-28.2,0.6
0.5,9347.579740,142.38,2.4,-10.14,81.63,-14.14,-13.25,1,9026,1.1,-91.4,1.9
0.5,9347.589740,142.73,2.4,-11.53,81.6,-14.58,-13.75,1,8899,-0.1,-76.1,1.7
0.5,9347.599740,143.53,2.39,-11.57,81.6,-15.0,-14.25,1,8775,0.2,-18.7,0.6
0.5,9347.609740,144.23,2.4,-11.42,81.6,-15.41,-15.0,1,8636,0.5,-42.7,1.0
0.5,9347.619740,144.4,2.41,-12.45,81.58,-15.8,-15.25,1,8543,-0.3,-78.7,1.6
0.5,9347.629740,144.49,2.43,-13.42,81.55,-16.18,-15.25,1,9405,2.1,-61.4,1.2
0.5,9347.639740,145.11,2.45,-13.42,81.55,-16.54,-16.0,1,9281,0.5,-16.5,0.5
0.5,9347.649740,145.9,2.44,-13.0,81.56,-16.89,-16.75,1,9167,0.0,-3.7,0.5
0.5,9347.659740,146.07,2.43,-13.63,81.55,-17.21,-16.75,1,9031,-0.2,-75.2,1.4
0.5,9347.669740,146.34,2.44,-15.02,81.51,-17.53,-17.25,1,8904,0.4,-67.6,1.8
0.5,9347.679740,147.13,2.45,-15.05,81.51,-17.82,-17.75,1,8777,0.6,-10.9,0.3
0.5,9347.689740,147.74,2.47,-14.86,81.51,-18.1,-18.5,1,8643,1.0,-37.2,0.8
0.5,9347.699740,147.92,2.48,-15.88,81.49,-18.36,-18.75,1,8547,0.4,-75.9,1.9
0.5,9347.709740,147.74,2.49,-16.83,81.47,-18.6,-18.25,1,9409,0.7,-56.4,0.8
0.5,9347.719743,147.83,2.5,-16.78,81.46,-18.82,-18.5,1,9285,0.4,-14.1,0.6
0.5,9347.729740,148.36,2.49,-16.11,81.49,-19.02,-19.0,1,9172,0.3,24.7,0.3
0.5,9347.739743,148.71,2.48,-15.9,81.5,-19.21,-19.25,1,9038,-0.3,-17.7,0.5
0.5,9347.749740,148.97,2.48,-16.86,81.47,-19.37,-19.75,1,8908,-0.4,-53.8,1.1
0.5,9347.759740,148.97,2.49,-17.59,81.45,-19.52,-19.75,1,8784,0.3,-36.7,1.0
0.5,9347.769740,148.62,2.5,-17.7,81.45,-19.65,-19.0,1,8645,0.1,-28.5,0.8
0.5,9347.779740,148.18,2.49,-17.56,81.46,-19.75,-18.75,1,8546,-0.4,6.4,0.7
0.5,9347.789740,148.71,2.48,-16.8,81.49,-19.84,-19.5,1,9414,0.3,40.4,0.4
0.5,9347.799740,149.24,2.49,-16.15,81.51,-19.91,-20.0,1,9286,0.8,31.6,-0.3
0.5,9347.809740,149.33,2.5,-16.85,81.48,-19.96,-20.0,1,9168,-0.5,-61.2,1.0
0.5,9347.819743,149.41,2.49,-18.28,81.44,-19.99,-20.0,1,9043,-0.3,-50.4,1.2
0.5,9347.829740,149.24,2.49,-18.17,81.45,-20.0,-20.0,1,8917,0.1,0.1,0.3
0.5,9347.839740,149.41,2.49,-17.67,81.46,-19.99,-20.0,1,8788,-0.0,-0.0,0.3
0.5,9347.849740,149.41,2.49,-17.67,81.46,-19.96,-20.0,1,8650,-0.1,0.2,0.3
0.5,9347.859740,149.33,2.49,-17.66,81.47,-19.91,-20.0,1,8548,-0.1,0.2,0.2
0.5,9347.869740,149.41,2.49,-17.66,81.47,-19.84,-20.0,1,9410,-0.0,0.1,0.2
0.5,9347.879743,149.33,2.49,-17.66,81.47,-19.75,-20.0,1,9294,0.1,0.0,0.2
0.5,9347.889740,149.33,2.49,-17.66,81.47,-19.65,-20.0,1,9172,-0.0,0.1,0.2
0.5,9347.899742,149.33,2.49,-17.66,81.47,-19.52,-20.0,1,9047,0.0,0.0,0.2
0.5,9347.909740,149.24,2.49,-17.66,81.47,-19.37,-19.75,1,8918,0.0,0.0,0.2
0.5,9347.919743,148.71,2.49,-17.66,81.47,-19.21,-19.0,1,8793,-0.0,0.1,0.2
0.5,9347.929740,147.92,2.49,-17.54,81.47,-19.02,-18.25,1,8654,-0.0,11.9,0.3
0.5,9347.939740,147.48,2.49,-16.94,81.5,-18.82,-18.25,1,8556,0.6,48.6,-0.1
0.5,9347.949740,147.74,2.49,-15.71,81.54,-18.6,-18.25,1,9415,0.3,87.0,-0.8
0.5,9347.959742,147.92,2.48,-14.92,81.56,-18.36,-18.5,1,9290,0.6,40.5,-0.8
0.5,9347.969740,147.92,2.49,-15.59,81.53,-18.1,-18.75,1,9177,-0.4,-20.9,0.3
0.5,9347.979743,147.92,2.48,-16.35,81.51,-17.82,-18.25,1,9043,-0.2,-14.8,0.3
0.5,9347.989740,147.57,2.49,-16.39,81.51,-17.53,-17.75,1,8915,0.0,-9.7,0.3
0.5,9347.999740,147.13,2.49,-16.22,81.52,-17.21,-17.25,1,8787,-0.1,11.4,0.4
0.5,9348.009740,146.51,2.48,-15.77,81.54,-16.89,-17.0,1,8658,0.4,24.0,0.1
0.5,9348.019740,145.99,2.48,-15.18,81.56,-16.54,-16.75,1,8557,-0.0,46.5,-0.2
0.5,9348.029740,145.81,2.46,-14.31,81.58,-16.18,-16.5,1,9419,-1.5,65.5,-0.9
0.5,9348.039740,145.63,2.43,-13.62,81.59,-15.8,-16.25,1,9293,-0.4,49.5,-0.8
0.5,9348.049740,145.46,2.45,-13.56,81.59,-15.41,-15.75,1,9184,0.0,21.9,-0.1
0.5,9348.059741,145.11,2.45,-13.68,81.6,-15.0,-15.0,1,9046,0.0,15.7,0.1
0.5,9348.069740,144.23,2.45,-13.58,81.6,-14.58,-14.25,1,8918,-0.2,16.1,0.1
0.5,9348.079743,143.44,2.44,-13.16,81.61,-14.14,-14.25,1,8794,0.3,41.6,-0.2
0.5,9348.089743,143.53,2.45,-11.9,81.65,-13.69,-14.25,1,8657,0.5,101.0,-1.6
0.5,9348.099739,143.61,2.42,-10.72,81.67,-13.23,-14.25,1,8562,-2.1,58.8,-1.2
0.5,9348.109739,143.35,2.4,-11.34,81.65,-12.75,-13.25,1,9423,-0.7,-20.1,0.2
0.5,9348.119739,142.47,2.41,-12.07,81.63,-12.26,-12.5,1,9296,0.1,5.7,0.2
0.5,9348.129739,141.86,2.42,-11.49,81.65,-11.76,-12.25,1,9186,0.6,32.6,-0.1
0.5,9348.139739,141.5,2.42,-10.47,81.68,-11.24,-11.75,1,9050,-0.2,75.2,-1.1
0.5,9348.149739,140.98,2.41,-9.37,81.71,-10.72,-11.0,1,8922,0.1,67.4,-1.0
0.5,9348.159739,140.36,2.42,-8.99,81.72,-10.18,-10.25,1,8795,0.2,45.8,-0.6
0.5,9348.169743,139.83,2.41,-8.73,81.72,-9.64,-9.75,1,8662,-0.5,47.9,-0.6
0.5,9348.179739,139.31,2.4,-8.14,81.74,-9.08,-9.25,1,8566,-0.3,57.0,-0.9
0.5,9348.189739,139.04,2.39,-7.46,81.75,-8.52,-9.25,1,9428,-1.0,58.7,-0.9
0.5,9348.199739,138.87,2.38,-6.95,81.76,-7.94,-8.75,1,9301,-0.2,48.9,-0.7
0.5,9348.209739,137.55,2.38,-6.78,81.77,-7.36,-7.25,1,9190,-0.4,26.8,-0.3
0.5,9348.219739,136.14,2.37,-6.7,81.77,-6.77,-5.75,1,9055,-0.8,30.8,-0.3
0.5,9348.229739,134.91,2.36,-5.42,81.8,-6.18,-5.0,1,8927,-0.5,124.1,-2.2
0.5,9348.239739,134.38,2.36,-3.01,81.85,-5.58,-5.0,1,8799,-0.0,147.3,-2.7
0.5,9348.249739,134.47,2.36,-1.63,81.88,-4.97,-5.25,1,8667,-0.8,115.4,-2.1
0.5,9348.259742,134.3,2.33,-1.44,81.88,-4.36,-4.75,1,8565,-1.9,50.6,-1.1
0.5,9348.269739,134.12,2.31,-2.16,81.86,-3.75,-4.25,1,9433,-0.5,-7.4,0.2
0.5,9348.279739,132.98,2.33,-2.63,81.85,-3.13,-3.0,1,9305,0.2,10.8,0.2
0.5,9348.289739,131.75,2.34,-2.28,81.87,-2.51,-1.5,1,9186,0.4,17.1,-0.1
0.5,9348.299739,130.52,2.32,-1.09,81.89,-1.88,-0.5,1,9059,-2.7,113.0,-1.8
0.5,9348.309739,129.9,2.28,1.25,81.94,-1.26,-0.5,1,8932,-0.4,138.0,-2.3
0.5,9348.319739,129.99,2.3,2.7,81.98,-0.63,-0.5,1,8804,-0.3,120.6,-1.9
1.0,9350.339739,130.52,2.27,-0.84,82.02,-1.26,-1.25,1,9635,-2.0,204.0,-4.0
1.0,9350.349740,129.73,2.24,1.83,82.08,0.0,-0.25,1,9507,-1.8,179.2,-2.9
1.0,9350.359743,128.85,2.23,2.77,82.1,1.26,0.5,1,9383,-1.2,119.0,-2.0
1.0,9350.369739,127.97,2.23,3.01,82.11,2.51,1.5,1,9261,-0.8,84.4,-1.2
1.0,9350.379739,127.0,2.23,3.59,82.12,3.75,3.0,1,9134,-0.9,92.3,-1.5
1.0,9350.389739,125.33,2.22,4.45,82.14,4.97,4.75,1,9006,-0.7,78.4,-1.2
1.0,9350.399743,123.75,2.22,5.37,82.16,6.18,6.25,1,8882,-0.6,106.4,-1.4
1.0,9350.409739,122.52,2.21,7.41,82.2,7.36,7.75,1,8743,-1.5,176.0,-3.6
1.0,9350.419739,121.55,2.19,9.68,82.24,8.52,8.25,1,9639,-1.5,157.2,-2.3
1.0,9350.429739,121.11,2.18,10.71,82.27,9.64,8.5,1,9512,-1.4,122.4,-1.8
1.0,9350.439743,121.03,2.18,11.29,82.28,10.72,9.0,1,9388,-0.8,92.1,-1.6
1.0,9350.449739,120.06,2.18,11.44,82.28,11.76,10.25,1,9266,-0.6,45.6,-0.6
1.0,9350.459741,118.65,2.18,11.02,82.27,12.75,11.5,1,9139,0.0,4.3,-0.1
1.0,9350.469739,117.42,2.18,11.64,82.28,13.69,12.75,1,9011,-0.8,103.6,-1.4
1.0,9350.479741,116.63,2.17,14.02,82.34,14.58,13.75,1,8884,-1.1,138.9,-2.5
1.0,9350.489740,115.75,2.17,15.52,82.36,15.41,14.25,1,8747,-1.1,114.7,-2.0
1.0,9350.499740,114.87,2.16,16.22,82.38,16.18,15.25,1,9635,-1.0,93.6,-1.5
1.0,9350.509740,113.64,2.16,16.81,82.39,16.89,16.75,1,9508,-0.6,81.0,-1.4
1.0,9350.519740,112.5,2.16,17.68,82.4,17.53,17.75,1,9389,-0.6,99.1,-1.7
1.0,9350.529740,111.8,2.16,19.1,82.43,18.1,18.5,1,9270,-0.4,123.7,-2.3
1.0,9350.539740,111.18,2.17,20.4,82.45,18.6,19.0,1,9134,-0.6,105.4,-1.7
1.0,9350.549740,111.18,2.16,21.1,82.47,19.02,18.75,1,9015,-1.1,88.0,-2.0
1.0,9350.559740,111.18,2.15,21.44,82.47,19.37,18.75,1,8888,-0.4,51.5,-0.7
1.0,9350.569740,111.18,2.16,21.08,82.46,19.65,19.0,1,8752,-0.1,1.1,-0.1
1.0,9350.579740,110.57,2.16,20.58,82.45,19.84,19.75,1,9639,-0.0,0.1,0.2
1.0,9350.589740,110.13,2.16,20.58,82.45,19.96,20.25,1,9512,0.1,1.4,0.0
1.0,9350.599740,109.95,2.16,21.17,82.47,20.0,20.25,1,9386,-0.6,57.3,-0.3
1.0,9350.609740,109.95,2.16,22.26,82.5,19.96,20.0,1,9275,-0.8,53.6,-0.8
1.0,9350.619740,109.95,2.15,22.35,82.49,19.84,19.75,1,9139,-0.3,13.0,0.1
1.0,9350.629740,110.13,2.15,21.95,82.49,19.65,19.5,1,9019,0.0,0.5,0.1
1.0,9350.639740,110.21,2.15,21.81,82.48,19.37,19.25,1,8893,-0.0,-1.8,0.2
1.0,9350.649740,110.21,2.15,21.59,82.47,19.02,19.25,1,8757,0.3,-19.2,0.1
1.0,9350.659743,110.21,2.16,21.33,82.46,18.6,19.25,1,9647,0.3,-9.0,0.1
1.0,9350.669740,110.57,2.16,21.42,82.47,18.1,19.0,1,9520,-0.0,-1.7,0.3
1.0,9350.679740,111.53,2.16,21.49,82.47,17.53,18.0,1,9389,-0.1,0.0,0.3
1.0,9350.689740,112.32,2.16,21.22,82.46,16.89,17.25,1,9279,0.4,-28.4,0.4
1.0,9350.699740,112.85,2.16,19.93,82.42,16.18,16.75,1,9143,1.5,-100.9,1.3
1.0,9350.709740,113.38,2.17,18.32,82.39,15.41,16.25,1,9015,0.8,-88.0,2.0
1.0,9350.719740,114.61,2.17,18.07,82.39,14.58,14.75,1,8888,0.4,-38.3,0.9
1.0,9350.729740,116.02,2.17,17.94,82.39,13.69,13.25,1,8761,0.5,-62.9,1.2
1.0,9350.739743,116.89,2.17,16.4,82.35,12.75,12.5,1,9651,1.0,-129.3,2.6
1.0,9350.749740,117.16,2.18,14.3,82.32,11.76,12.25,1,9523,1.0,-143.3,3.3
1.0,9350.759740,117.51,2.18,13.32,82.31,10.72,11.75,1,9394,0.8,-84.0,2.0
1.0,9350.769740,118.65,2.18,13.68,82.31,9.64,10.75,1,9275,0.3,-23.3,0.6
1.0,9350.779740,120.06,2.18,13.86,82.31,8.52,9.0,1,9148,0.4,-42.5,0.8
1.0,9350.789740,121.64,2.19,12.55,82.28,7.36,7.75,1,9020,0.9,-111.9,2.3
1.0,9350.799740,122.34,2.19,10.3,82.24,6.18,6.75,1,8893,0.8,-155.3,3.0
1.0,9350.809740,123.31,2.2,8.48,82.2,4.97,6.0,1,8760,1.7,-138.9,2.6
1.0,9350.819743,124.63,2.22,7.94,82.19,3.75,4.5,1,9656,0.7,-70.2,1.3
1.0,9350.829740,126.47,2.21,7.61,82.18,2.51,2.75,1,9526,0.9,-101.6,1.9
1.0,9350.839740,127.88,2.22,5.76,82.15,1.26,1.25,1,9399,0.7,-153.4,3.5
1.0,9350.849740,129.11,2.23,3.5,82.11,0.0,-0.0,1,9280,1.4,-174.0,3.8
1.0,9350.859740,130.08,2.25,1.84,82.08,-1.26,-1.0,1,9144,1.2,-146.0,3.0
1.0,9350.869740,130.78,2.25,0.91,82.05,-2.51,-1.75,1,9026,1.0,-120.4,2.5
1.0,9350.879740,131.75,2.26,0.21,82.04,-3.75,-2.75,1,8898,0.8,-95.8,1.9
1.0,9350.889740,133.15,2.26,-0.29,82.03,-4.97,-4.25,1,8761,0.6,-74.8,1.6
1.0,9350.899743,135.0,2.27,-1.04,82.01,-6.18,-6.0,1,9652,0.6,-95.7,2.2
1.0,9350.909740,136.58,2.28,-2.79,81.99,-7.36,-7.5,1,9522,1.1,-154.1,3.6
1.0,9350.919740,137.72,2.31,-5.13,81.94,-8.52,-8.75,1,9403,1.9,-175.3,4.1
1.0,9350.929740,138.87,2.33,-6.8,81.91,-9.64,-9.75,1,9284,1.2,-145.6,2.8
1.0,9350.939740,139.66,2.34,-7.76,81.88,-10.72,-10.75,1,9148,1.2,-126.1,2.8
1.0,9350.949740,140.36,2.35,-8.64,81.87,-11.76,-11.25,1,9032,1.0,-107.0,2.4
1.0,9350.959740,141.33,2.36,-9.32,81.85,-12.75,-12.25,1,8894,0.8,-87.9,2.1
1.0,9350.969740,142.38,2.37,-9.82,81.84,-13.69,-13.25,1,8767,0.5,-68.6,1.6
1.0,9350.979740,143.26,2.38,-10.52,81.83,-14.58,-14.25,1,9655,0.8,-89.1,1.8
1.0,9350.989740,144.14,2.39,-11.82,81.79,-15.41,-15.0,1,9526,0.9,-110.0,2.3
1.0,9350.999740,144.76,2.41,-12.94,81.77,-16.18,-15.5,1,9407,0.6,-90.5,1.7
1.0,9351.009740,145.55,2.42,-13.5,81.75,-16.89,-16.5,1,9289,1.0,-75.8,1.5
1.0,9351.019740,146.34,2.43,-13.99,81.74,-17.53,-17.25,1,9153,0.2,-63.6,1.4
1.0,9351.029740,146.6,2.43,-14.72,81.72,-18.1,-17.5,1,9034,0.7,-85.3,1.8
1.0,9351.039740,146.95,2.45,-15.66,81.71,-18.6,-17.75,1,8898,1.1,-72.4,2.4
1.0,9351.049740,148.18,2.45,-15.75,81.72,-19.02,-19.0,1,8771,0.2,-21.6,0.8
1.0,9351.059740,149.59,2.45,-15.76,81.71,-19.37,-20.25,1,9658,0.6,-51.8,0.9
1.0,9351.069740,150.47,2.48,-17.26,81.66,-19.65,-21.25,1,9531,0.7,-119.6,2.2
1.0,9351.079740,150.38,2.51,-19.25,81.61,-19.84,-21.25,1,9403,1.0,-131.4,3.0
1.0,9351.089740,149.94,2.53,-20.13,81.6,-19.96,-20.5,1,9295,1.9,-75.9,1.9
1.0,9351.099740,149.59,2.53,-19.48,81.62,-20.0,-20.25,1,9159,-0.8,9.4,0.8
1.0,9351.109740,149.85,2.48,-18.24,81.66,-19.96,-20.75,1,9029,-0.3,38.7,-0.2
1.0,9351.119740,149.77,2.49,-17.64,81.67,-19.84,-20.5,1,8902,-0.0,31.2,-0.5
1.0,9351.129740,149.41,2.49,-17.95,81.66,-19.65,-20.0,1,8775,0.1,-23.3,0.2
1.0,9351.139740,149.15,2.5,-18.38,81.65,-19.37,-19.75,1,9662,-0.2,11.0,0.7
1.0,9351.149740,149.5,2.48,-17.68,81.68,-19.02,-20.25,1,9536,-0.3,35.4,0.0
1.0,9351.159740,149.5,2.47,-17.16,81.7,-18.6,-20.25,1,9408,-0.6,28.4,-0.3
1.0,9351.169740,149.15,2.48,-17.6,81.67,-18.1,-19.25,1,9290,0.3,-37.2,0.3
1.0,9351.179740,147.92,2.49,-18.23,81.65,-17.53,-18.5,1,9162,-0.1,3.0,0.5
1.0,9351.189740,147.39,2.48,-17.52,81.69,-16.89,-18.25,1,9035,-0.1,30.4,0.0
1.0,9351.199740,146.95,2.45,-15.97,81.73,-16.18,-17.5,1,8898,-0.8,128.0,-1.9
1.0,9351.209740,146.07,2.44,-14.51,81.76,-15.41,-16.25,1,8779,0.2,48.4,-0.7
1.0,9351.219740,144.58,2.44,-14.89,81.76,-14.58,-15.25,1,9667,-0.8,41.1,-0.2
1.0,9351.229739,143.7,2.42,-14.03,81.78,-13.69,-14.5,1,9540,-0.9,93.3,-1.4
1.0,9351.239739,143.26,2.4,-11.94,81.83,-12.75,-13.75,1,9413,-0.9,157.3,-2.9
1.0,9351.249739,142.38,2.39,-10.58,81.86,-11.76,-12.5,1,9297,-0.1,71.8,-1.0
1.0,9351.259739,140.45,2.39,-10.97,81.86,-10.72,-10.75,1,9166,-1.3,46.7,-0.4
1.0,9351.269739,138.69,2.37,-10.28,81.88,-9.64,-9.5,1,9038,-0.6,93.8,-1.2
1.0,9351.279739,137.81,2.36,-7.82,81.93,-8.52,-8.25,1,8903,-0.5,198.8,-3.9
1.0,9351.289739,136.76,2.34,-5.05,81.98,-7.36,-7.5,1,8775,-1.6,172.8,-3.5
1.0,9351.299739,135.79,2.32,-4.4,81.99,-6.18,-6.75,1,9672,-1.4,91.2,-1.4
1.0,9351.309739,135.09,2.31,-4.28,82.0,-4.97,-5.75,1,9546,-1.1,93.7,-1.5
1.0,9351.319739,134.21,2.3,-3.24,82.02,-3.75,-4.25,1,9417,-0.5,101.4,-1.7
1.0,9351.329739,131.84,2.3,-2.46,82.04,-2.51,-2.25,1,9299,-0.8,70.5,-1.2
1.0,9351.339739,130.08,2.29,-1.76,82.05,-1.26,-0.75,1,9165,-0.5,100.0,-1.6
1.0,9351.349740,129.02,2.27,0.74,82.11,0.0,0.25,1,9047,-2.0,220.5,-4.1
1.0,9351.359739,128.67,2.24,3.75,82.17,1.26,0.5,1,8907,-1.8,181.0,-3.4
1.0,9351.369739,128.5,2.24,4.43,82.18,2.51,1.0,1,8783,-1.0,107.3,-1.9
1.0,9351.379739,127.88,2.24,3.99,82.17,3.75,2.25,1,9676,-0.7,29.8,-0.4
1.0,9351.389739,126.21,2.24,3.44,82.16,4.97,4.0,1,9540,-0.1,22.5,-0.3
1.0,9351.399739,124.19,2.24,4.01,82.17,6.18,5.75,1,9425,-0.6,64.0,-0.8
1.0,9351.409739,123.13,2.23,6.2,82.22,7.36,6.25,1,9306,-0.6,178.2,-3.4
1.0,9351.419739,122.87,2.22,9.27,82.27,8.52,6.75,1,9167,-2.2,192.4,-3.9
1.0,9351.429742,122.43,2.19,10.47,82.29,9.64,7.75,1,9051,-1.6,106.3,-1.9
1.0,9351.439739,120.5,2.19,9.81,82.29,10.72,9.75,1,8915,-0.9,19.9,0.4
1.0,9351.449739,118.92,2.19,9.53,82.29,11.76,11.25,1,8784,0.0,58.9,-0.7
1.0,9351.459739,117.86,2.2,11.75,82.33,12.75,11.75,1,9672,-1.7,182.7,-2.8
1.0,9351.469739,117.33,2.19,14.66,82.39,13.69,12.25,1,9545,-0.5,167.4,-3.2
1.0,9351.479740,116.98,2.19,15.61,82.41,14.58,13.25,1,9426,-1.5,109.7,-1.5
1.0,9351.489740,115.66,2.17,15.35,82.41,15.41,14.5,1,9310,-1.0,32.4,-0.4
1.0,9351.499740,114.96,2.17,15.01,82.4,16.18,15.25,1,9171,-0.7,43.6,-0.2
1.0,9351.509743,114.43,2.18,16.49,82.44,16.89,15.75,1,9047,-0.3,136.2,-2.4
1.0,9351.519740,113.2,2.17,18.13,82.46,17.53,17.0,1,8918,-1.1,71.4,-1.8
1.0,9351.529740,112.06,2.15,17.97,82.45,18.1,18.25,1,8789,-1.3,49.3,-0.6
1.0,9351.539740,111.53,2.16,19.01,82.49,18.6,18.75,1,9676,-0.3,126.3,-1.4
1.0,9351.549740,111.09,2.18,20.96,82.53,19.02,19.25,1,9549,-0.3,117.5,-2.6
1.0,9351.559740,110.74,2.17,21.36,82.52,19.37,19.5,1,9422,-0.6,48.7,-0.8
1.0,9351.569743,110.57,2.17,21.11,82.52,19.65,19.75,1,9315,-0.1,44.6,-0.4
1.0,9351.579740,110.48,2.18,21.38,82.54,19.84,19.75,1,9176,-0.0,30.2,-0.1
1.0,9351.589741,110.3,2.18,21.48,82.54,19.96,20.0,1,9049,-0.1,24.8,-0.0
1.0,9351.599740,110.21,2.18,21.62,82.55,20.0,20.25,1,8922,-0.1,19.5,0.0
1.0,9351.609740,110.13,2.18,21.68,82.55,19.96,20.25,1,8794,-0.0,11.7,0.1
1.0,9351.619740,110.13,2.18,21.65,82.55,19.84,20.25,1,9681,-0.1,4.5,0.2
1.0,9351.629740,110.21,2.18,21.58,82.55,19.65,19.75,1,9557,-0.1,0.2,0.2
1.0,9351.639740,110.39,2.18,21.54,82.54,19.37,19.25,1,9426,-0.0,0.1,0.2
1.0,9351.649739,111.01,2.18,21.53,82.54,19.02,18.5,1,9316,-0.1,-0.5,0.2
1.0,9351.659740,111.27,2.17,21.23,82.53,18.6,18.25,1,9180,-0.5,-29.9,-0.2
1.0,9351.669742,111.18,2.14,20.42,82.49,18.1,18.75,1,9056,-0.7,-51.8,-0.1
1.0,9351.679740,111.27,2.14,20.05,82.47,17.53,18.75,1,8917,0.5,-14.4,0.3
1.0,9351.689740,111.71,2.16,20.42,82.5,16.89,17.75,1,8798,0.0,-0.2,0.3
1.0,9351.699740,112.85,2.16,20.56,82.5,16.18,16.75,1,9686,-0.1,-0.1,0.4
1.0,9351.709743,113.73,2.16,20.07,82.49,15.41,15.75,1,9562,0.7,-49.5,0.6
1.0,9351.719740,114.43,2.16,18.46,82.45,14.58,15.0,1,9431,1.0,-111.8,2.2
1.0,9351.729742,115.14,2.17,16.88,82.42,13.69,14.25,1,9315,0.8,-95.4,1.9
1.0,9351.739740,115.93,2.17,16.28,82.41,12.75,13.5,1,9176,0.5,-76.7,1.6
1.0,9351.749740,117.25,2.17,15.82,82.4,11.76,12.25,1,9058,0.4,-64.6,1.5
1.0,9351.759740,118.83,2.17,15.09,82.39,10.72,10.5,1,8921,0.6,-84.4,1.8
1.0,9351.769743,120.06,2.17,13.51,82.36,9.64,9.25,1,8797,0.8,-138.7,3.0
1.0,9351.779740,120.94,2.18,11.4,82.32,8.52,8.25,1,9693,1.4,-156.5,3.4
1.0,9351.789743,120.94,2.19,9.99,82.3,7.36,8.25,1,9566,1.0,-123.4,2.6
1.0,9351.799740,121.46,2.2,9.53,82.29,6.18,7.75,1,9436,1.0,-78.8,1.8
1.0,9351.809742,122.7,2.2,9.84,82.29,4.97,6.75,1,9319,0.3,-13.7,0.5
1.0,9351.819740,124.28,2.2,10.02,82.29,3.75,4.75,1,9181,0.4,-47.0,0.8
1.0,9351.829740,125.77,2.2,8.51,82.26,2.51,3.25,1,9062,1.0,-117.4,2.2
1.0,9351.839740,126.74,2.21,6.05,82.21,1.26,2.5,1,8926,1.1,-176.2,3.6
1.0,9351.849743,127.71,2.22,3.99,82.17,0.0,1.5,1,8801,1.1,-147.0,3.1
1.0,9351.859740,129.2,2.23,3.42,82.16,-1.26,-0.25,1,9695,0.9,-85.7,1.5
1.0,9351.869739,130.61,2.24,2.96,82.14,-2.51,-1.5,1,9559,1.0,-107.2,2.0
1.0,9351.879740,131.66,2.25,1.2,82.11,-3.75,-2.5,1,9440,1.1,-154.6,3.3
1.0,9351.889740,133.07,2.26,-0.56,82.08,-4.97,-4.25,1,9321,1.0,-128.7,2.8
1.0,9351.899740,134.56,2.27,-1.39,82.06,-6.18,-5.5,1,9185,1.2,-109.1,2.1
1.0,9351.909740,135.26,2.28,-2.77,82.03,-7.36,-6.25,1,9066,0.9,-157.1,3.6
1.0,9351.919740,136.32,2.3,-4.7,82.0,-8.52,-7.25,1,8931,1.1,-145.0,3.5
1.0,9351.929743,137.9,2.3,-5.3,81.99,-9.64,-8.75,1,8806,0.6,-72.4,1.7
1.0,9351.939740,139.22,2.31,-5.57,81.98,-10.72,-10.25,1,9694,1.1,-99.8,2.1
1.0,9351.949743,139.66,2.33,-7.41,81.94,-11.76,-10.5,1,9566,1.1,-155.8,3.3
1.0,9351.959740,139.83,2.35,-9.33,81.91,-12.75,-10.75,1,9436,1.2,-136.6,3.1
1.0,9351.969740,140.71,2.36,-9.48,81.9,-13.69,-11.5,1,9326,0.5,-34.4,0.9
1.0,9351.979740,142.21,2.35,-8.7,81.92,-14.58,-13.0,1,9190,0.8,-23.9,0.6
1.0,9351.989740,143.26,2.37,-9.46,81.9,-15.41,-14.25,1,9062,1.1,-86.3,2.0
1.0,9351.999740,144.14,2.39,-11.54,81.86,-16.18,-14.75,1,8938,0.7,-145.2,2.9
1.0,9352.009743,144.93,2.4,-13.34,81.81,-16.89,-15.75,1,8811,0.4,-121.1,2.7
1.0,9352.019740,146.07,2.42,-13.71,81.8,-17.53,-16.75,1,9695,2.3,-61.7,0.9
1.0,9352.029739,147.04,2.45,-13.99,81.78,-18.1,-17.75,1,9568,0.9,-87.4,1.4
1.0,9352.039740,147.39,2.45,-15.36,81.75,-18.6,-18.25,1,9440,0.4,-111.2,2.5
1.0,9352.049740,147.39,2.47,-16.55,81.73,-19.02,-18.25,1,9322,2.0,-95.3,2.1
1.0,9352.059740,147.57,2.49,-16.77,81.72,-19.37,-18.25,1,9198,-0.2,-37.4,0.7
1.0,9352.069740,148.54,2.46,-16.13,81.74,-19.65,-19.25,1,9067,0.1,5.7,0.3
1.0,9352.079740,149.33,2.48,-15.94,81.74,-19.84,-20.0,1,8939,1.2,-23.6,-0.2
1.0,9352.089740,149.5,2.51,-17.17,81.7,-19.96,-20.25,1,8812,0.6,-94.0,1.9
1.0,9352.099740,149.41,2.51,-18.58,81.67,-20.0,-19.75,1,9700,0.1,-70.4,1.9
1.0,9352.109740,149.15,2.51,-18.49,81.68,-19.96,-19.25,1,9573,0.2,-14.5,0.4
1.0,9352.119740,148.45,2.5,-17.86,81.69,-19.84,-19.0,1,9445,-0.0,7.2,0.4
1.0,9352.129740,148.89,2.49,-17.29,81.72,-19.65,-19.5,1,9326,0.2,34.8,0.4
1.0,9352.139740,149.68,2.49,-16.32,81.76,-19.37,-20.25,1,9191,0.3,69.5,-0.6
1.0,9352.149740,150.03,2.49,-16.5,81.74,-19.02,-20.75,1,9072,0.0,-52.2,0.6
1.0,9352.159740,149.94,2.5,-18.56,81.68,-18.6,-20.25,1,8935,-1.2,-84.6,1.6
1.0,9352.169739,149.06,2.5,-19.19,81.66,-18.1,-19.0,1,8807,1.1,-30.4,0.8
1.0,9352.179740,147.22,2.52,-18.42,81.69,-17.53,-17.75,1,9704,0.0,23.2,0.3
1.0,9352.189740,146.69,2.48,-17.0,81.75,-16.89,-17.25,1,9577,-1.5,88.4,-0.4
1.0,9352.199740,146.16,2.46,-14.51,81.81,-16.18,-16.5,1,9453,1.9,183.8,-3.2
1.0,9352.209740,145.11,2.47,-13.17,81.84,-15.41,-15.5,1,9331,-2.0,38.7,-0.0
1.0,9352.219740,143.88,2.42,-14.06,81.83,-14.58,-14.5,1,9195,-1.4,55.8,-0.8
1.0,9352.229739,143.44,2.43,-12.76,81.86,-13.69,-13.75,1,9076,0.4,113.1,-1.6
1.0,9352.239739,142.91,2.43,-10.97,81.9,-12.75,-13.25,1,8940,-0.5,122.2,-2.1
1.0,9352.249739,142.21,2.41,-10.45,81.91,-11.76,-12.5,1,8812,-0.9,42.9,-0.3
1.0,9352.259739,141.24,2.4,-10.7,81.91,-10.72,-11.25,1,9709,-0.4,54.0,-0.7
1.0,9352.269739,139.39,2.4,-9.92,81.93,-9.64,-9.5,1,9573,-0.9,66.7,-1.0
1.0,9352.279739,137.99,2.39,-8.84,81.95,-8.52,-8.25,1,9454,0.2,95.4,-1.5
1.0,9352.289739,136.67,2.39,-6.71,82.0,-7.36,-7.25,1,9336,-0.5,185.0,-3.6
1.0,9352.299739,135.53,2.35,-4.31,82.05,-6.18,-6.25,1,9199,-2.1,150.2,-2.9
1.0,9352.309739,134.56,2.33,-3.39,82.07,-4.97,-5.25,1,9072,-0.5,126.9,-2.2
1.0,9352.319739,133.86,2.33,-2.5,82.09,-3.75,-4.75,1,8945,-1.2,112.3,-2.0
1.0,9352.329739,133.42,2.32,-1.75,82.1,-2.51,-3.75,1,8817,-0.7,89.1,-1.6
1.0,9352.339739,132.1,2.32,-1.29,82.11,-1.26,-2.25,1,9705,-0.7,69.7,-1.2
1.0,9352.349740,130.43,2.31,-0.99,82.12,0.0,-0.25,1,9577,-0.7,48.9,-0.8
1.0,9352.359739,128.94,2.29,0.13,82.14,1.26,1.25,1,9462,-2.5,133.0,-2.5
1.0,9352.369739,127.79,2.28,2.76,82.2,2.51,2.25,1,9340,0.8,179.0,-3.0
1.0,9352.379739,126.74,2.3,4.64,82.24,3.75,3.25,1,9204,-2.0,141.9,-2.7
1.0,9352.389739,125.51,2.25,5.41,82.25,4.97,4.75,1,9076,-1.4,114.6,-2.1
1.0,9352.399739,124.01,2.25,6.14,82.27,6.18,6.25,1,8952,-0.8,99.8,-1.9
1.0,9352.409739,122.52,2.24,7.21,82.28,7.36,7.5,1,8822,-1.7,122.4,-2.6
1.0,9352.419739,121.03,2.23,9.08,82.31,8.52,8.5,1,9709,-0.9,164.3,-3.2
1.0,9352.429739,120.15,2.23,11.02,82.35,9.64,9.5,1,9582,-1.9,152.1,-2.9
1.0,9352.439742,119.44,2.2,12.23,82.38,10.72,10.25,1,9458,-1.9,133.7,-2.2
1.0,9352.449739,119.0,2.2,12.94,82.4,11.76,11.25,1,9344,-0.9,88.9,-1.2
1.0,9352.459739,117.77,2.2,13.12,82.41,12.75,12.25,1,9211,-1.1,62.6,-0.8
1.0,9352.469739,116.89,2.19,13.32,82.41,13.69,13.25,1,9081,-0.7,47.1,-0.6
1.0,9352.479743,116.19,2.2,14.45,82.44,14.58,14.25,1,8956,-1.0,128.5,-1.5
1.0,9352.489740,115.58,2.19,16.11,82.48,15.41,14.75,1,8826,-1.2,84.6,-1.4
1.0,9352.499740,114.79,2.18,16.41,82.48,16.18,15.5,1,9713,-0.6,73.6,-1.0
1.0,9352.509740,113.64,2.19,16.91,82.49,16.89,16.75,1,9586,-0.4,60.7,-0.9
1.0,9352.519740,112.68,2.18,17.65,82.51,17.53,17.75,1,9459,-1.3,87.4,-1.6
1.0,9352.529740,111.88,2.19,19.03,82.54,18.1,18.25,1,9340,0.3,110.9,-1.3
1.0,9352.539743,111.27,2.21,20.21,82.57,18.6,19.25,1,9216,-0.5,94.8,-1.6
1.0,9352.549740,110.92,2.19,20.84,82.57,19.02,19.25,1,9085,-1.2,79.3,-1.9
1.0,9352.559743,111.01,2.18,21.38,82.58,19.37,19.25,1,8952,-0.5,69.4,-0.9
1.0,9352.569740,110.92,2.19,21.51,82.59,19.65,19.0,1,8822,-0.2,23.2,-0.2
1.0,9352.579740,111.01,2.19,21.05,82.58,19.84,19.25,1,9720,-0.0,0.5,0.1
1.0,9352.589740,110.48,2.19,20.83,82.57,19.96,19.75,1,9591,-0.1,0.2,0.2
1.0,9352.599743,110.04,2.19,20.83,82.57,20.0,20.25,1,9467,0.0,0.7,0.1
1.0,9352.609740,109.69,2.19,21.31,82.59,19.96,20.75,1,9345,-0.0,47.2,-0.1
1.0,9352.619742,109.6,2.2,22.26,82.62,19.84,20.75,1,9212,-0.3,48.7,-0.6
1.0,9352.629740,109.69,2.2,22.61,82.62,19.65,19.75,1,9090,-0.1,34.0,-0.2
1.0,9352.639743,110.92,2.2,22.52,82.62,19.37,18.75,1,8957,-0.2,5.0,0.2
1.0,9352.649740,111.45,2.18,22.11,82.61,19.02,18.25,1,8827,-1.1,-11.7,0.1
1.0,9352.659740,111.45,2.14,20.84,82.55,18.6,18.5,1,9723,-0.9,-110.7,-0.3
1.0,9352.669740,110.92,2.12,19.26,82.49,18.1,19.25,1,9596,0.1,-58.6,0.3
1.0,9352.679743,110.39,2.14,19.79,82.51,17.53,19.75,1,9471,0.1,0.5,0.3
1.0,9352.689740,110.3,2.17,20.93,82.56,16.89,19.25,1,9349,0.7,55.2,0.7
1.0,9352.699743,111.53,2.2,21.99,82.62,16.18,18.25,1,9216,0.5,52.2,0.7
1.0,9352.709740,112.94,2.19,21.92,82.61,15.41,16.75,1,9088,-0.7,-4.7,0.2
1.0,9352.719741,113.73,2.14,20.18,82.54,14.58,15.75,1,8960,-1.1,-116.6,0.1
1.0,9352.729740,113.99,2.13,17.68,82.46,13.69,15.75,1,8831,1.5,-138.6,2.6
1.0,9352.739740,114.35,2.16,16.63,82.46,12.75,15.25,1,9730,0.7,-82.6,1.6
1.0,9352.749740,115.4,2.16,17.02,82.47,11.76,14.25,1,9600,0.1,-17.4,0.6
1.0,9352.759739,116.98,2.16,17.25,82.48,10.72,12.25,1,9472,0.3,-42.3,0.9
1.0,9352.769740,118.48,2.16,15.9,82.45,9.64,11.0,1,9357,0.6,-109.6,2.5
1.0,9352.779742,119.18,2.17,13.55,82.41,8.52,10.25,1,9220,1.9,-167.4,3.6
1.0,9352.789740,120.06,2.19,11.5,82.38,7.36,9.25,1,9091,1.0,-147.5,3.6
1.0,9352.799740,121.55,2.19,11.01,82.37,6.18,7.75,1,8963,1.1,-69.0,1.4
1.0,9352.809740,123.22,2.19,10.91,82.36,4.97,6.0,1,8835,0.8,-88.4,1.9
1.0,9352.819740,124.28,2.2,9.21,82.33,3.75,4.75,1,9726,1.2,-149.9,2.9
1.0,9352.829740,125.24,2.2,6.87,82.28,2.51,4.0,1,9604,0.9,-172.8,3.3
1.0,9352.839740,126.65,2.21,5.56,82.25,1.26,2.5,1,9470,1.1,-108.7,2.1
1.0,9352.849740,128.23,2.22,5.29,82.24,-0.0,0.75,1,9360,0.7,-90.2,1.7
1.0,9352.859740,129.38,2.22,3.98,82.22,-1.26,-0.25,1,9223,1.0,-150.3,2.8
1.0,9352.869740,130.17,2.24,1.71,82.17,-2.51,-1.0,1,9095,1.3,-166.6,3.3
1.0,9352.879740,131.31,2.25,0.53,82.15,-3.75,-2.25,1,8967,0.8,-101.5,2.2
1.0,9352.889740,133.15,2.25,0.45,82.15,-4.97,-4.25,1,8840,0.9,-73.4,1.4
1.0,9352.899740,134.74,2.27,-0.58,82.12,-6.18,-5.75,1,9730,1.3,-130.6,2.6
1.0,9352.909740,135.44,2.28,-2.98,82.08,-7.36,-6.25,1,9600,1.2,-183.0,4.2
1.0,9352.919739,135.88,2.3,-5.2,82.05,-8.52,-6.75,1,9472,1.4,-169.5,4.0
1.0,9352.929740,136.93,2.31,-5.6,82.04,-9.64,-7.75,1,9354,0.6,-53.9,1.3
1.0,9352.939740,138.6,2.3,-4.9,82.05,-10.72,-9.5,1,9227,0.4,-45.1,1.0
1.0,9352.949740,140.1,2.31,-5.91,82.02,-11.76,-11.0,1,9099,1.1,-110.1,2.2
1.0,9352.959740,140.62,2.34,-8.27,81.98,-12.75,-11.5,1,8963,1.1,-171.1,3.8
1.0,9352.969740,140.89,2.36,-10.34,81.94,-13.69,-11.75,1,8845,1.7,-146.0,3.4
1.0,9352.979743,141.68,2.38,-10.57,81.94,-14.58,-12.75,1,9735,0.7,-47.7,1.0
1.0,9352.989740,143.26,2.37,-9.86,81.94,-15.41,-14.25,1,9608,0.9,-26.9,0.5
1.0,9352.999740,144.67,2.38,-10.57,81.93,-16.18,-15.5,1,9477,0.2,-92.2,1.8
1.0,9353.009740,145.02,2.39,-12.74,81.88,-16.89,-16.0,1,9359,0.9,-151.4,3.1
1.0,9353.019740,145.2,2.43,-14.71,81.83,-17.53,-16.0,1,9223,1.5,-138.2,3.0
1.0,9353.029740,146.07,2.44,-14.88,81.83,-18.1,-16.75,1,9104,0.3,-29.9,0.7
1.0,9353.039740,147.22,2.42,-13.97,81.85,-18.6,-18.25,1,8967,0.5,-17.3,0.4
1.0,9353.049740,147.92,2.44,-14.73,81.83,-19.02,-18.75,1,8852,0.5,-88.8,1.9
1.0,9353.059743,148.1,2.46,-16.61,81.79,-19.37,-18.75,1,9739,0.9,-115.7,2.6
1.0,9353.069740,148.45,2.48,-17.5,81.76,-19.65,-19.25,1,9609,1.2,-62.1,1.1
1.0,9353.079740,149.06,2.48,-17.09,81.77,-19.84,-19.75,1,9482,0.2,-12.6,0.4
1.0,9353.089740,149.77,2.48,-17.0,81.77,-19.96,-20.5,1,9363,0.8,-40.9,0.6
1.0,9353.099740,149.85,2.49,-17.94,81.74,-20.0,-20.75,1,9229,-0.2,-65.6,1.6
1.0,9353.109740,149.41,2.49,-18.75,81.73,-19.96,-19.75,1,9100,0.4,-56.7,1.4
1.0,9353.119740,148.62,2.5,-18.76,81.73,-19.84,-18.75,1,8972,0.6,-9.0,0.5
1.0,9353.129740,147.66,2.49,-17.91,81.76,-19.65,-18.25,1,8845,-0.6,37.1,0.4
1.0,9353.139743,147.92,2.47,-16.54,81.81,-19.37,-18.75,1,9744,0.5,91.0,-0.8
1.0,9353.149740,148.36,2.47,-15.08,81.85,-19.02,-19.0,1,9613,0.1,92.5,-1.6
1.0,9353.159740,148.18,2.47,-15.41,81.83,-18.6,-18.75,1,9487,-0.2,-34.6,0.5
1.0,9353.169740,148.01,2.48,-17.0,81.78,-18.1,-18.75,1,9368,-0.4,-32.0,0.7
1.0,9353.179740,147.92,2.47,-16.86,81.8,-17.53,-18.5,1,9232,-0.5,11.7,0.8
1.0,9353.189740,147.3,2.45,-16.35,81.82,-16.89,-17.5,1,9105,-0.6,7.1,0.6
1.0,9353.199740,145.81,2.45,-16.29,81.83,-16.18,-16.5,1,8977,-0.4,11.0,0.5
1.0,9353.209740,145.46,2.44,-15.62,81.85,-15.41,-16.25,1,8849,0.1,62.8,-0.1
1.0,9353.219740,145.55,2.42,-13.56,81.91,-14.58,-16.25,1,9737,-1.6,154.3,-3.0
1.0,9353.229739,145.28,2.4,-12.41,81.92,-13.69,-15.5,1,9618,-0.1,23.9,-0.4
1.0,9353.239739,143.88,2.42,-13.69,81.89,-12.75,-14.0,1,9491,0.2,1.8,0.1
1.0,9353.249739,142.29,2.43,-13.68,81.9,-11.76,-12.75,1,9373,0.3,23.1,0.7
1.0,9353.259739,141.06,2.4,-11.97,81.95,-10.72,-12.0,1,9236,-1.1,149.8,-2.6
1.0,9353.269739,140.45,2.36,-9.11,82.01,-9.64,-11.25,1,9112,-1.6,159.9,-2.9
1.0,9353.279739,139.48,2.35,-7.97,82.04,-8.52,-9.75,1,8981,-0.8,103.8,-1.4
1.0,9353.289739,137.81,2.35,-7.97,82.04,-7.36,-7.75,1,8854,-0.6,56.2,-0.8
1.0,9353.299739,136.14,2.34,-7.34,82.05,-6.18,-6.75,1,9742,-1.2,109.9,-2.2
1.0,9353.309739,135.0,2.31,-5.04,82.09,-4.97,-5.75,1,9623,-1.7,177.2,-3.4
1.0,9353.319739,134.21,2.29,-2.85,82.14,-3.75,-4.5,1,9487,-1.6,151.4,-2.8
1.0,9353.329739,132.45,2.28,-2.0,82.16,-2.51,-2.75,1,9380,-1.0,110.6,-1.6
1.0,9353.339739,130.69,2.27,-1.56,82.17,-1.26,-1.25,1,9241,-0.9,85.0,-1.4
1.0,9353.349740,129.29,2.25,-0.07,82.2,-0.0,-0.25,1,9113,-2.0,175.2,-3.0
1.0,9353.359739,128.41,2.23,2.61,82.26,1.26,0.75,1,8985,-1.7,177.0,-3.1
1.0,9353.369739,127.62,2.22,3.98,82.29,2.51,2.0,1,8859,-1.3,135.2,-2.3
1.0,9353.379739,126.65,2.22,4.54,82.3,3.75,3.25,1,9746,-0.8,98.7,-1.5
1.0,9353.389739,125.33,2.22,4.91,82.31,4.97,4.5,1,9619,-0.7,73.4,-1.1
1.0,9353.399739,124.37,2.21,5.66,82.33,6.18,5.25,1,9492,-1.1,100.3,-1.4
1.0,9353.409739,123.49,2.2,7.25,82.36,7.36,6.5,1,9373,-0.9,132.4,-2.8
1.0,9353.419739,122.08,2.19,8.61,82.37,8.52,8.0,1,9245,-0.8,103.5,-1.7
1.0,9353.429739,121.03,2.19,9.13,82.39,9.64,8.75,1,9121,-0.5,80.3,-1.0
1.0,9353.439739,120.41,2.19,10.44,82.42,10.72,9.5,1,8981,-1.5,154.5,-2.6
1.0,9353.449739,119.44,2.17,12.23,82.46,11.76,10.75,1,8863,-1.3,105.0,-1.7
1.0,9353.459739,118.04,2.17,12.25,82.46,12.75,12.25,1,9750,-0.8,51.5,-0.4
1.0,9353.469739,117.16,2.16,12.72,82.47,13.69,13.0,1,9623,-0.9,101.0,-1.4
1.0,9353.479740,116.72,2.16,14.69,82.51,14.58,13.75,1,9496,-0.9,147.2,-3.0
1.0,9353.489740,115.4,2.16,16.04,82.52,15.41,14.75,1,9377,-0.7,89.1,-1.7
1.0,9353.499740,114.08,2.16,15.92,82.53,16.18,16.25,1,9241,-0.8,46.3,-0.5
1.0,9353.509740,112.85,2.15,16.73,82.54,16.89,17.5,1,9125,-0.7,123.8,-2.4
1.0,9353.519740,111.97,2.16,18.94,82.58,17.53,18.25,1,8986,-0.0,143.0,-2.7
1.0,9353.529740,111.8,2.18,20.38,82.62,18.1,18.0,1,8859,-0.5,124.8,-1.8
1.0,9353.539740,112.15,2.17,21.06,82.63,18.6,17.5,1,9755,-0.9,86.6,-2.1
1.0,9353.549740,112.32,2.16,20.85,82.61,19.02,17.25,1,9628,-0.1,16.9,-0.0
1.0,9353.559740,112.32,2.15,19.82,82.59,19.37,17.75,1,9500,-0.5,-33.1,-0.2
1.0,9353.569740,111.53,2.14,19.12,82.56,19.65,18.75,1,9382,-0.0,-19.8,0.0
1.0,9353.579740,111.09,2.15,19.25,82.57,19.84,19.25,1,9246,0.2,0.1,0.2
1.0,9353.589740,111.09,2.16,20.25,82.6,19.96,19.25,1,9118,0.0,80.0,-0.1
1.0,9353.599740,110.92,2.17,21.47,82.65,20.0,19.25,1,8992,-0.4,42.3,-0.3
1.0,9353.609740,109.95,2.16,21.1,82.63,19.96,20.25,1,8864,-0.2,1.0,0.1
1.0,9353.619740,109.07,2.16,20.89,82.62,19.84,21.25,1,9760,0.2,19.9,0.1
1.0,9353.629740,108.9,2.18,22.04,82.66,19.65,21.25,1,9633,-0.1,96.6,-0.6
1.0,9353.639740,108.9,2.19,23.69,82.71,19.37,20.5,1,9505,-0.5,87.7,-1.0
1.0,9353.649740,109.95,2.18,23.67,82.7,19.02,19.75,1,9386,-0.3,7.5,0.2
1.0,9353.659740,109.78,2.17,22.79,82.68,18.6,20.25,1,9250,-1.0,-8.1,0.2
1.0,9353.669743,109.86,2.14,21.86,82.64,18.1,20.5,1,9126,-0.1,-77.2,-0.4
1.0,9353.679740,109.95,2.14,21.16,82.6,17.53,19.75,1,8995,-0.0,-0.9,0.3
1.0,9353.689740,110.83,2.15,21.92,82.64,16.89,18.75,1,8870,-0.1,-1.0,0.5
1.0,9353.699740,112.32,2.15,21.92,82.65,16.18,17.25,1,9764,-0.1,0.2,0.4
1.0,9353.709740,113.12,2.14,20.89,82.61,15.41,16.25,1,9640,-0.2,-103.5,0.5
1.0,9353.719740,113.47,2.14,18.38,82.54,14.58,16.0,1,9504,2.3,-147.2,3.2
1.0,9353.729740,113.91,2.17,17.08,82.54,13.69,15.5,1,9394,0.9,-87.0,2.2
1.0,9353.739740,115.14,2.17,17.39,82.55,12.75,14.25,1,9255,0.5,-28.4,1.0
1.0,9353.749740,116.54,2.17,17.44,82.55,11.76,12.75,1,9128,0.5,-53.9,1.4
1.0,9353.759740,117.33,2.17,16.02,82.52,10.72,12.0,1,8992,0.5,-117.0,2.6
1.0,9353.769740,117.77,2.17,14.01,82.49,9.64,11.5,1,8872,0.9,-137.6,3.2
1.0,9353.779740,118.83,2.18,12.96,82.47,8.52,10.5,1,9760,0.9,-83.9,1.8
1.0,9353.789740,120.5,2.19,13.01,82.46,7.36,8.75,1,9635,1.7,-49.1,0.9
1.0,9353.799740,121.99,2.2,12.27,82.45,6.18,7.25,1,9506,0.1,-108.8,2.5
1.0,9353.809743,122.87,2.19,9.99,82.41,4.97,6.5,1,9399,1.7,-168.2,3.4
1.0,9353.819740,123.84,2.2,7.95,82.36,3.75,5.5,1,9259,0.2,-144.0,2.6
1.0,9353.829740,125.42,2.2,7.38,82.35,2.51,3.75,1,9135,1.1,-81.3,1.4
1.0,9353.839740,126.83,2.21,6.99,82.33,1.26,2.25,1,8996,1.1,-101.8,1.7
1.0,9353.849740,127.62,2.22,5.16,82.3,0.0,1.75,1,8880,0.8,-162.9,3.1
1.0,9353.859740,128.5,2.22,3.15,82.26,-1.26,0.75,1,9764,0.6,-139.9,2.8
1.0,9353.869740,129.99,2.23,2.59,82.25,-2.51,-0.75,1,9637,1.0,-78.6,1.6
1.0,9353.879740,131.57,2.24,2.3,82.24,-3.75,-2.5,1,9513,1.0,-90.1,1.8
1.0,9353.889740,132.63,2.25,0.7,82.21,-4.97,-3.5,1,9394,1.4,-148.8,3.0
1.0,9353.899740,133.51,2.27,-1.53,82.16,-6.18,-4.25,1,9255,1.3,-164.3,3.4
1.0,9353.909743,134.91,2.28,-2.77,82.14,-7.36,-5.75,1,9139,0.8,-108.1,2.6
1.0,9353.919740,136.49,2.29,-3.0,82.14,-8.52,-7.5,1,9000,1.1,-79.5,1.6
1.0,9353.929740,137.64,2.3,-4.18,82.11,-9.64,-8.5,1,8882,1.0,-146.5,3.0
1.0,9353.939740,138.43,2.31,-6.5,82.06,-10.72,-9.25,1,9769,0.9,-164.5,3.5
1.0,9353.949740,139.83,2.33,-7.74,82.04,-11.76,-10.75,1,9645,1.5,-106.0,2.6
1.0,9353.959740,141.06,2.35,-7.95,82.04,-12.75,-11.75,1,9515,1.4,-79.6,1.8
1.0,9353.969743,141.94,2.36,-9.07,82.01,-13.69,-12.75,1,9399,0.9,-139.0,3.0
1.0,9353.979740,142.91,2.38,-10.86,81.98,-14.58,-13.75,1,9260,1.9,-119.0,2.6
1.0,9353.989741,143.88,2.42,-11.48,81.96,-15.41,-14.75,1,9142,1.6,-82.6,1.3
1.0,9353.999740,144.76,2.42,-12.16,81.93,-16.18,-15.25,1,9004,-0.1,-103.7,2.0
1.0,9354.009740,145.55,2.41,-13.25,81.91,-16.89,-16.25,1,8880,0.5,-88.6,1.7
1.0,9354.019740,146.78,2.45,-13.86,81.89,-17.53,-17.5,1,9773,2.5,-75.8,1.2
1.0,9354.029743,147.83,2.48,-14.68,81.86,-18.1,-18.5,1,9649,0.2,-94.8,1.8
1.0,9354.039740,148.45,2.47,-16.09,81.83,-18.6,-19.25,1,9519,1.6,-121.2,2.8
1.0,9354.049742,148.36,2.5,-17.39,81.8,-19.02,-18.75,1,9402,0.5,-104.3,2.1
1.0,9354.059740,147.83,2.5,-17.78,81.79,-19.37,-18.25,1,9264,0.9,-55.3,1.3
1.0,9354.069740,147.3,2.51,-17.15,81.81,-19.65,-17.75,1,9137,0.3,13.3,0.3
1.0,9354.079740,147.83,2.5,-15.83,81.86,-19.84,-18.5,1,9009,1.3,63.7,-0.5
1.0,9354.089743,148.45,2.5,-14.84,81.89,-19.96,-19.0,1,8885,-0.1,49.2,-0.2
1.0,9354.099740,148.54,2.48,-15.59,81.87,-20.0,-19.25,1,9782,-1.3,-60.7,1.1
1.0,9354.109743,148.45,2.48,-17.29,81.81,-19.96,-19.25,1,9653,-0.6,-60.3,1.1
1.0,9354.119740,148.45,2.49,-17.34,81.81,-19.84,-19.25,1,9524,0.3,-5.0,0.3
1.0,9354.129741,148.54,2.49,-16.78,81.83,-19.65,-19.25,1,9406,0.1,0.4,0.3
1.0,9354.139740,148.45,2.49,-16.72,81.83,-19.37,-19.25,1,9269,0.0,0.4,0.3
1.0,9354.149740,148.45,2.49,-16.72,81.83,-19.02,-19.25,1,9141,-0.1,0.1,0.3
1.0,9354.159740,148.45,2.49,-16.73,81.83,-18.6,-19.25,1,9014,-0.0,0.0,0.2
1.0,9354.169740,148.36,2.49,-16.73,81.83,-18.1,-18.75,1,8889,-0.0,0.0,0.3
1.0,9354.179740,147.92,2.49,-16.73,81.84,-17.53,-18.25,1,9774,-0.0,0.0,0.3
1.0,9354.189741,146.95,2.49,-16.61,81.84,-16.89,-17.25,1,9647,0.2,11.6,0.1
1.0,9354.199740,145.9,2.5,-15.97,81.86,-16.18,-16.25,1,9528,1.1,53.0,-0.5
1.0,9354.209740,145.28,2.49,-14.59,81.91,-15.41,-15.75,1,9410,-0.3,96.6,-0.8
1.0,9354.219740,145.02,2.47,-13.11,81.95,-14.58,-15.25,1,9273,0.0,104.0,-1.3
1.0,9354.229739,144.23,2.46,-12.47,81.97,-13.69,-14.0,1,9146,-0.7,56.6,-0.4
1.0,9354.239739,142.73,2.45,-12.66,81.97,-12.75,-12.75,1,9009,-0.4,29.0,-0.0
1.0,9354.249742,141.77,2.45,-12.07,81.98,-11.76,-12.25,1,8894,0.0,86.0,-1.1
1.0,9354.259739,141.5,2.43,-10.01,82.04,-10.72,-11.75,1,9782,-1.4,149.4,-2.5
1.0,9354.269739,140.27,2.41,-8.45,82.07,-9.64,-10.25,1,9651,-0.2,92.8,-1.6
1.0,9354.279739,138.6,2.42,-8.73,82.06,-8.52,-9.25,1,9533,-0.3,28.2,-0.3
1.0,9354.289739,137.55,2.4,-8.24,82.07,-7.36,-8.25,1,9405,-1.4,114.0,-2.0
1.0,9354.299739,136.85,2.38,-5.72,82.13,-6.18,-6.5,1,9278,-0.9,166.5,-3.0
1.0,9354.309739,134.74,2.37,-4.11,82.17,-4.97,-5.25,1,9150,-1.1,107.9,-1.9
1.0,9354.319739,133.86,2.36,-3.89,82.17,-3.75,-4.25,1,9017,-0.4,80.9,-1.3
1.0,9354.329742,133.51,2.35,-2.06,82.21,-2.51,-3.25,1,8898,-1.6,210.7,-4.0
1.0,9354.339739,131.75,2.32,-0.0,82.25,-1.26,-1.75,1,9783,-2.1,75.3,-1.3
1.0,9354.349740,130.08,2.31,-1.0,82.23,0.0,0.25,1,9657,0.0,36.2,-0.5
1.0,9354.359739,128.5,2.32,0.42,82.26,1.26,1.75,1,9529,-1.4,180.4,-3.3
1.0,9354.369739,127.44,2.3,3.54,82.33,2.51,2.75,1,9410,-0.8,168.0,-3.1
1.0,9354.379739,126.56,2.3,4.98,82.35,3.75,2.75,1,9276,-1.0,156.4,-3.1
1.0,9354.389739,126.12,2.28,5.93,82.37,4.97,3.25,1,9155,-1.7,106.8,-2.3
1.0,9354.399739,125.6,2.26,6.25,82.37,6.18,4.75,1,9018,-1.4,81.7,-1.8
1.0,9354.409742,123.66,2.26,6.48,82.37,7.36,6.25,1,8903,-0.7,48.2,-1.0
1.0,9354.419739,121.99,2.27,6.67,82.38,8.52,7.5,1,9787,0.1,52.8,-0.8
1.0,9354.429739,121.03,2.27,8.76,82.42,9.64,8.75,1,9660,-1.4,203.8,-3.8
1.0,9354.439739,120.32,2.24,11.8,82.48,10.72,9.75,1,9533,-2.6,153.5,-3.0
1.0,9354.449739,119.53,2.22,12.22,82.49,11.76,10.75,1,9414,-1.1,92.6,-1.2
1.0,9354.459739,117.86,2.23,12.39,82.5,12.75,12.5,1,9278,-0.7,78.3,-1.1
1.0,9354.469739,116.1,2.23,13.03,82.52,13.69,14.25,1,9151,-0.7,78.2,-1.2
1.0,9354.479740,114.52,2.22,14.74,82.56,14.58,15.5,1,9023,-1.6,170.5,-2.5
1.0,9354.489740,113.73,2.21,17.52,82.62,15.41,15.75,1,8896,-1.3,186.1,-3.2
1.0,9354.499740,113.73,2.21,19.14,82.65,16.18,16.0,1,9792,-1.5,146.1,-2.6
1.0,9354.509740,113.73,2.21,19.5,82.66,16.89,16.75,1,9665,-0.5,76.2,-0.9
1.0,9354.519740,113.38,2.21,18.81,82.65,17.53,17.0,1,9538,-0.2,1.6,0.0
1.0,9354.529740,112.59,2.21,18.07,82.63,18.1,17.75,1,9419,0.0,0.1,0.3
1.0,9354.539740,111.53,2.22,18.5,82.64,18.6,18.75,1,9286,0.2,44.2,-0.3
1.0,9354.549740,110.83,2.23,19.65,82.67,19.02,19.5,1,9155,-0.4,71.7,-1.0
1.0,9354.559740,110.21,2.22,20.94,82.7,19.37,20.0,1,9027,-1.1,100.7,-1.9
1.0,9354.569741,110.3,2.21,22.04,82.72,19.65,19.5,1,8903,-0.5,81.6,-1.3
1.0,9354.579740,110.83,2.22,22.3,82.73,19.84,18.75,1,9788,-0.3,45.0,-0.3
1.0,9354.589740,111.27,2.22,21.93,82.72,19.96,18.25,1,9669,-0.1,-0.1,0.2
1.0,9354.599740,111.18,2.2,20.9,82.68,20.0,19.0,1,9543,-1.0,-57.7,-0.1
1.0,9354.609740,110.57,2.17,19.99,82.64,19.96,19.5,1,9423,-0.4,-34.3,0.1
1.0,9354.619740,110.39,2.18,20.22,82.65,19.84,19.5,1,9287,0.1,0.2,0.3
1.0,9354.629740,110.65,2.21,21.31,82.7,19.65,18.75,1,9160,0.8,74.2,0.2
1.0,9354.639740,110.83,2.23,22.16,82.74,19.37,18.75,1,9023,0.2,11.9,0.2
1.0,9354.649740,110.92,2.21,21.22,82.69,19.02,19.0,1,8905,-0.6,-32.2,0.0
1.0,9354.659740,110.83,2.19,20.61,82.67,18.6,19.25,1,9795,-0.2,-17.3,0.1
1.0,9354.669740,110.92,2.2,20.75,82.67,18.1,19.25,1,9674,-0.0,-0.5,0.3
1.0,9354.679740,111.18,2.2,20.92,82.68,17.53,18.25,1,9550,-0.0,-0.0,0.3
1.0,9354.689740,111.88,2.2,20.92,82.69,16.89,17.5,1,9428,-0.1,-0.3,0.4
1.0,9354.699740,112.24,2.19,20.54,82.67,16.18,17.25,1,9292,-0.9,-37.3,0.3
1.0,9354.709740,112.76,2.16,19.45,82.64,15.41,16.75,1,9165,-0.6,-71.8,0.8
1.0,9354.719743,113.82,2.16,18.86,82.62,14.58,15.75,1,9031,0.1,-24.4,0.7
1.0,9354.729740,115.22,2.17,18.82,82.63,13.69,14.25,1,8909,0.5,-52.2,1.2
1.0,9354.739740,115.93,2.18,17.39,82.6,12.75,13.5,1,9797,0.7,-114.5,2.4
1.0,9354.749740,116.46,2.17,15.41,82.57,11.76,13.0,1,9669,0.5,-135.5,3.1
1.0,9354.759740,117.6,2.18,14.41,82.55,10.72,11.75,1,9551,1.0,-79.0,2.1
1.0,9354.769740,118.92,2.19,14.46,82.56,9.64,10.5,1,9424,0.8,-51.5,1.3
1.0,9354.779740,119.88,2.19,13.6,82.54,8.52,9.25,1,9296,0.8,-113.7,2.4
1.0,9354.789740,120.94,2.19,11.63,82.5,7.36,8.25,1,9169,0.6,-134.5,2.8
1.0,9354.799743,122.08,2.2,10.36,82.48,6.18,7.25,1,9035,1.1,-106.3,2.4
1.0,9354.809740,123.66,2.21,9.68,82.46,4.97,5.5,1,8914,1.3,-96.2,1.7
1.0,9354.819740,125.24,2.22,8.66,82.43,3.75,4.0,1,9804,1.1,-112.4,1.9
1.0,9354.829740,126.12,2.21,6.8,82.39,2.51,3.25,1,9674,0.3,-169.2,2.9
1.0,9354.839740,127.18,2.21,4.69,82.34,1.26,2.25,1,9550,0.7,-154.1,2.9
1.0,9354.849740,128.58,2.23,4.05,82.33,-0.0,0.75,1,9429,1.5,-79.6,1.7
1.0,9354.859743,130.34,2.24,3.79,82.32,-1.26,-1.25,1,9295,0.9,-100.6,1.7
1.0,9354.869740,131.75,2.24,2.01,82.28,-2.51,-2.5,1,9173,0.6,-157.0,2.8
1.0,9354.879740,132.98,2.26,-0.27,82.24,-3.75,-3.75,1,9038,1.9,-171.6,3.6
1.0,9354.889740,134.03,2.3,-1.85,82.21,-4.97,-4.75,1,8919,2.3,-142.8,2.8
1.0,9354.899740,134.91,2.31,-2.78,82.19,-6.18,-5.75,1,9807,0.7,-122.2,2.8
1.0,9354.909740,135.88,2.3,-3.61,82.17,-7.36,-6.75,1,9679,0.3,-103.1,2.2
1.0,9354.919743,137.55,2.3,-4.29,82.16,-8.52,-8.25,1,9555,0.9,-87.7,1.9
1.0,9354.929740,139.22,2.32,-5.2,82.14,-9.64,-10.25,1,9433,1.3,-105.6,2.3
1.0,9354.939743,140.62,2.35,-7.03,82.1,-10.72,-11.25,1,9300,1.7,-164.9,3.4
1.0,9354.949740,141.15,2.37,-9.42,82.05,-11.76,-11.75,1,9172,0.7,-180.3,3.7
1.0,9354.959743,141.59,2.39,-10.77,82.02,-12.75,-12.25,1,9044,2.6,-119.7,2.5
1.0,9354.969740,142.03,2.42,-10.68,82.02,-13.69,-12.75,1,8914,1.2,-51.6,1.2
1.0,9354.979740,142.91,2.4,-10.3,82.03,-14.58,-13.75,1,9810,0.1,-29.6,0.9
1.0,9354.989740,144.49,2.39,-10.6,82.02,-15.41,-15.25,1,9683,-0.0,-52.2,1.2
1.0,9354.999742,145.55,2.41,-11.93,81.99,-16.18,-16.25,1,9559,0.5,-110.4,2.3
1.0,9355.009740,146.6,2.44,-13.93,81.94,-16.89,-17.25,1,9437,1.3,-141.7,2.8
1.0,9355.019743,147.22,2.46,-15.39,81.9,-17.53,-17.75,1,9304,1.1,-114.3,2.3
1.0,9355.029740,147.04,2.48,-16.06,81.89,-18.1,-17.75,1,9175,1.6,-95.0,2.0
1.0,9355.039743,147.3,2.49,-16.32,81.88,-18.6,-17.75,1,9049,0.6,-45.4,1.4
1.0,9355.049740,148.18,2.48,-15.73,81.91,-19.02,-18.75,1,8919,0.2,10.0,0.3
1.0,9355.059740,149.33,2.48,-15.43,81.91,-19.37,-20.0,1,9806,0.2,-25.7,0.7
1.0,9355.069740,149.94,2.5,-16.77,81.87,-19.65,-20.75,1,9687,0.7,-98.3,1.8
1.0,9355.079741,149.94,2.52,-18.66,81.82,-19.84,-20.5,1,9563,0.2,-116.1,2.6
1.0,9355.089740,149.59,2.52,-19.45,81.81,-19.96,-20.25,1,9445,0.2,-60.8,1.4
1.0,9355.099741,149.94,2.52,-18.81,81.83,-20.0,-20.5,1,9308,0.2,8.4,0.2
1.0,9355.109740,150.47,2.51,-17.75,81.86,-19.96,-21.0,1,9178,0.5,37.2,-0.1
1.0,9355.119740,150.29,2.52,-17.83,81.86,-19.84,-20.75,1,9042,-0.0,-37.1,0.6
1.0,9355.129740,149.68,2.53,-19.03,81.82,-19.65,-20.0,1,8924,0.6,-45.5,1.1
1.0,9355.139740,149.24,2.54,-18.91,81.83,-19.37,-19.75,1,9811,0.4,20.4,0.1
1.0,9355.149740,149.33,2.52,-17.62,81.87,-19.02,-20.0,1,9686,-0.5,63.4,-0.2
1.0,9355.159742,149.24,2.5,-16.74,81.9,-18.6,-19.75,1,9568,0.2,44.8,-0.3
1.0,9355.169740,148.89,2.51,-17.16,81.89,-18.1,-18.75,1,9438,-0.2,-23.4,0.4
1.0,9355.179740,147.57,2.51,-17.77,81.87,-17.53,-18.0,1,9310,-0.5,7.0,0.6
1.0,9355.189740,147.13,2.5,-17.08,81.9,-16.89,-17.75,1,9184,0.3,38.7,0.0
1.0,9355.199740,146.87,2.5,-15.3,81.95,-16.18,-17.0,1,9047,0.7,147.0,-2.1
1.0,9355.209740,146.16,2.49,-13.87,81.99,-15.41,-16.25,1,8928,-0.2,34.7,-0.3
1.0,9355.219740,144.84,2.48,-14.71,81.97,-14.58,-15.0,1,9818,-1.2,27.7,-0.2
1.0,9355.229739,143.35,2.45,-14.07,81.98,-13.69,-13.75,1,9688,-0.9,71.8,-1.0
1.0,9355.239740,142.82,2.44,-12.32,82.03,-12.75,-13.5,1,9561,-0.1,130.4,-1.7
1.0,9355.249739,142.65,2.43,-10.26,82.09,-11.76,-12.75,1,9444,-1.0,147.7,-2.5
1.0,9355.259739,141.77,2.41,-9.68,82.1,-10.72,-11.75,1,9306,-1.1,40.9,-0.5
1.0,9355.269739,140.1,2.41,-10.47,82.08,-9.64,-9.75,1,9187,-0.8,27.4,-0.3
1.0,9355.279739,137.9,2.39,-9.67,82.1,-8.52,-7.75,1,9051,-1.2,94.2,-1.3
1.0,9355.289739,136.32,2.39,-7.21,82.16,-7.36,-6.5,1,8924,1.2,179.2,-3.3
1.0,9355.299742,135.35,2.39,-4.34,82.22,-6.18,-6.0,1,9823,-2.3,201.6,-3.9
1.0,9355.309739,135.44,2.34,-2.52,82.26,-4.97,-6.25,1,9695,-1.0,159.6,-2.9
1.0,9355.319739,135.44,2.34,-2.01,82.27,-3.75,-5.75,1,9566,-1.8,93.7,-1.9
1.0,9355.329739,135.0,2.32,-2.74,82.25,-2.51,-4.75,1,9447,-0.5,-7.1,0.1
2.0,9357.359739,129.81,2.33,0.36,82.44,2.51,0.25,1,9133,-2.9,175.6,-3.3
2.0,9357.369739,126.91,2.29,1.05,82.45,4.97,3.25,1,9006,-1.8,139.1,-2.5
2.0,9357.379739,123.75,2.29,3.35,82.5,7.36,6.25,1,9894,-0.7,266.1,-5.0
2.0,9357.389739,120.85,2.27,7.57,82.58,9.64,8.75,1,9766,-4.2,294.8,-6.3
2.0,9357.399739,119.44,2.22,10.98,82.63,11.76,10.25,1,9648,-2.0,312.4,-6.2
2.0,9357.409739,118.3,2.23,14.09,82.7,13.69,11.75,1,9531,-3.2,293.5,-5.2
2.0,9357.419740,116.28,2.2,15.29,82.74,15.41,14.25,1,9393,-2.2,139.2,-2.2
2.0,9357.429740,114.08,2.21,14.87,82.73,16.89,16.0,1,9269,-0.5,112.5,-1.5
2.0,9357.439743,113.03,2.22,16.64,82.78,18.1,17.25,1,9133,-1.7,203.4,-3.4
2.0,9357.449740,111.88,2.22,19.76,82.84,19.02,18.25,1,9002,-0.7,221.7,-4.1
2.0,9357.459740,111.01,2.23,20.96,82.86,19.65,19.25,1,9899,-1.0,101.5,-1.5
2.0,9357.469740,110.57,2.2,20.93,82.86,19.96,19.75,1,9773,-2.2,117.4,-2.2
2.0,9357.479740,110.74,2.2,21.94,82.88,19.96,19.75,1,9652,-0.2,84.5,-1.4
2.0,9357.489740,110.65,2.22,22.0,82.89,19.65,19.75,1,9534,-0.1,38.8,-0.3
2.0,9357.499740,110.65,2.22,21.54,82.88,19.02,19.75,1,9398,-0.1,0.5,0.2
2.0,9357.509740,110.65,2.21,21.16,82.87,18.1,19.25,1,9273,-0.0,0.2,0.2
2.0,9357.519739,111.09,2.21,21.16,82.87,16.89,18.25,1,9133,0.0,0.2,0.2
2.0,9357.529740,112.76,2.21,21.16,82.87,15.41,16.75,1,9007,-0.1,-0.4,0.3
2.0,9357.539740,114.87,2.19,20.55,82.85,13.69,14.75,1,9906,-1.3,-59.4,0.1
2.0,9357.549740,116.98,2.15,18.37,82.77,11.76,12.5,1,9776,-0.2,-160.0,1.7
2.0,9357.559740,118.83,2.16,15.26,82.71,9.64,10.5,1,9657,1.4,-210.4,4.0
2.0,9357.569740,120.85,2.18,12.57,82.67,7.36,8.5,1,9538,1.7,-218.2,4.9
2.0,9357.579740,123.05,2.2,10.52,82.64,4.97,6.25,1,9403,2.2,-196.8,4.0
2.0,9357.589740,125.95,2.22,8.91,82.6,2.51,3.25,1,9275,1.8,-182.9,3.6
2.0,9357.599740,128.41,2.22,6.64,82.55,-0.0,0.75,1,9140,1.0,-240.0,4.3
2.0,9357.609740,130.17,2.23,3.27,82.48,-2.51,-1.0,1,9011,2.1,-280.3,5.2
2.0,9357.619743,131.84,2.26,0.36,82.42,-4.97,-2.75,1,9902,1.8,-250.6,4.8
2.0,9357.629740,134.03,2.27,-1.01,82.39,-7.36,-5.0,1,9780,2.0,-167.3,3.0
2.0,9357.639740,136.93,2.3,-1.93,82.37,-9.64,-7.75,1,9662,2.5,-174.7,3.3
2.0,9357.649740,139.66,2.32,-4.29,82.32,-11.76,-10.5,1,9534,0.7,-229.2,4.7
2.0,9357.659740,141.77,2.34,-7.61,82.26,-13.69,-12.5,1,9407,3.1,-277.1,5.8
2.0,9357.669740,142.91,2.39,-10.89,82.19,-15.41,-13.75,1,9271,1.9,-279.7,6.1
2.0,9357.679740,144.4,2.43,-12.97,82.14,-16.89,-15.25,1,9143,3.7,-205.9,4.2
2.0,9357.689740,146.34,2.45,-13.47,82.12,-18.1,-17.25,1,9015,0.4,-123.5,2.4
2.0,9357.699741,148.18,2.45,-14.07,82.1,-19.02,-18.75,1,9905,2.2,-142.5,2.5
2.0,9357.709740,149.15,2.48,-16.14,82.05,-19.65,-19.75,1,9784,0.2,-188.6,3.9
2.0,9357.719740,149.94,2.51,-18.37,82.0,-19.96,-20.75,1,9666,3.3,-176.2,3.4
2.0,9357.729740,150.38,2.55,-19.24,81.97,-19.96,-21.25,1,9539,0.2,-99.8,2.2
2.0,9357.739740,150.12,2.52,-19.32,81.97,-19.65,-20.75,1,9403,0.5,-84.2,1.8
2.0,9357.749740,149.15,2.54,-19.54,81.96,-19.02,-19.75,1,9275,1.4,-37.1,0.9
2.0,9357.759740,148.8,2.54,-18.78,81.99,-18.1,-19.5,1,9148,-0.4,28.5,0.4
2.0,9357.769740,148.71,2.5,-17.2,82.05,-16.89,-19.25,1,9020,-0.7,92.6,-0.7
2.0,9357.779743,148.36,2.49,-16.13,82.08,-15.41,-18.25,1,9911,0.1,42.7,-0.2
2.0,9357.789739,146.6,2.49,-16.55,82.07,-13.69,-16.75,1,9780,-0.4,8.8,0.3
2.0,9357.799739,144.58,2.49,-16.45,82.07,-11.76,-14.5,1,9670,0.6,43.6,-0.4
2.0,9357.809739,141.94,2.48,-14.33,82.13,-9.64,-11.75,1,9543,-0.9,177.5,-2.9
2.0,9357.819739,139.13,2.44,-11.02,82.21,-7.36,-9.25,1,9407,-1.3,197.1,-3.3
2.0,9357.829739,136.58,2.4,-8.17,82.28,-4.97,-6.75,1,9280,-2.3,264.8,-4.7
2.0,9357.839739,133.86,2.37,-4.74,82.36,-2.51,-4.5,1,9144,-1.2,275.4,-5.1
2.0,9357.849740,131.4,2.35,-2.01,82.42,-0.0,-1.75,1,9027,-3.0,262.4,-4.9
2.0,9357.859741,129.02,2.3,0.53,82.47,2.51,1.25,1,9914,-2.7,267.4,-5.0
2.0,9357.869739,126.47,2.28,3.06,82.52,4.97,3.25,1,9788,-2.2,248.5,-4.8
2.0,9357.879739,124.37,2.28,5.29,82.56,7.36,5.25,1,9675,-1.1,241.0,-4.6
2.0,9357.889739,122.43,2.27,7.69,82.61,9.64,7.25,1,9548,-2.4,247.5,-5.1
2.0,9357.899739,120.06,2.24,9.86,82.64,11.76,10.25,1,9412,-2.8,211.3,-4.4
2.0,9357.909739,117.25,2.22,11.4,82.67,13.69,12.75,1,9285,-1.5,189.5,-3.4
2.0,9357.919740,115.49,2.21,13.68,82.73,15.41,14.25,1,9148,-3.6,250.5,-4.2
2.0,9357.929740,114.87,2.21,17.14,82.81,16.89,15.25,1,9020,-0.6,285.5,-4.8
2.0,9357.939740,113.47,2.23,19.22,82.85,18.1,16.75,1,9917,-2.1,172.6,-3.2
2.0,9357.949740,111.62,2.2,18.61,82.84,19.02,18.75,1,9789,-1.4,52.4,-0.6
2.0,9357.959740,109.95,2.2,18.85,82.85,19.65,20.5,1,9671,-0.5,144.3,-1.7
2.0,9357.969740,108.81,2.23,21.71,82.91,19.96,21.5,1,9556,-0.7,194.0,-4.1
2.0,9357.979740,108.72,2.23,23.85,82.95,19.96,21.75,1,9416,-1.2,163.4,-2.4
2.0,9357.989740,108.63,2.22,24.58,82.97,19.65,21.0,1,9289,-1.0,103.7,-2.1
2.0,9357.999740,109.42,2.21,24.16,82.95,19.02,20.25,1,9153,-0.3,18.7,-0.4
2.0,9358.009740,110.21,2.21,23.31,82.94,18.1,19.5,1,9025,-0.1,-0.3,0.3
2.0,9358.019740,111.18,2.19,22.34,82.9,16.89,18.5,1,9921,-1.0,-77.6,-0.3
2.0,9358.029740,112.59,2.15,20.84,82.83,15.41,17.0,1,9797,-1.0,-72.8,0.0
2.0,9358.039740,114.52,2.14,20.01,82.81,13.69,14.75,1,9675,0.1,-88.4,1.2
2.0,9358.049740,116.37,2.16,18.31,82.79,11.76,13.25,1,9550,1.5,-154.2,3.1
2.0,9358.059740,117.77,2.17,15.63,82.75,9.64,11.5,1,9421,0.8,-202.2,4.7
2.0,9358.069740,119.71,2.18,13.33,82.72,7.36,9.75,1,9296,1.8,-181.4,4.8
2.0,9358.079740,122.17,2.2,12.09,82.7,4.97,7.25,1,9157,2.0,-145.0,3.1
2.0,9358.089740,124.89,2.22,10.49,82.66,2.51,4.25,1,9031,2.1,-196.8,4.0
2.0,9358.099740,127.79,2.23,7.56,82.6,0.0,1.25,1,9917,1.6,-241.0,4.9
2.0,9358.109740,129.9,2.23,4.24,82.53,-2.51,-0.75,1,9799,2.0,-287.5,5.2
2.0,9358.119740,131.75,2.25,0.87,82.45,-4.97,-2.5,1,9680,1.9,-291.2,5.4
2.0,9358.129740,133.86,2.27,-1.28,82.41,-7.36,-4.75,1,9556,1.9,-210.3,4.2
2.0,9358.139740,136.58,2.31,-2.19,82.39,-9.64,-7.5,1,9417,3.4,-172.7,3.0
2.0,9358.149740,139.39,2.33,-4.05,82.35,-11.76,-10.25,1,9289,0.5,-222.8,4.6
2.0,9358.159740,141.5,2.33,-7.28,82.29,-13.69,-12.25,1,9162,2.4,-273.1,5.7
2.0,9358.169740,142.91,2.38,-10.54,82.22,-15.41,-13.75,1,9034,1.8,-275.5,6.2
2.0,9358.179740,145.11,2.42,-12.62,82.18,-16.89,-15.75,1,9922,4.1,-206.1,4.0
2.0,9358.189740,146.95,2.46,-13.42,82.15,-18.1,-17.75,1,9795,0.2,-148.9,2.6
2.0,9358.199740,147.83,2.46,-14.96,82.1,-19.02,-18.5,1,9684,3.4,-211.7,3.8
2.0,9358.209740,148.36,2.52,-17.46,82.04,-19.65,-19.0,1,9557,1.0,-186.4,4.5
2.0,9358.219740,149.41,2.5,-17.95,82.04,-19.96,-20.25,1,9421,0.7,-74.4,1.1
2.0,9358.229740,150.64,2.52,-17.39,82.04,-19.96,-21.25,1,9297,1.5,-56.6,0.9
2.0,9358.239740,150.64,2.53,-18.35,82.01,-19.65,-21.25,1,9166,-0.2,-113.0,2.5
2.0,9358.249740,150.29,2.54,-19.97,81.98,-19.02,-20.75,1,9038,1.8,-105.9,2.7
2.0,9358.259740,149.24,2.57,-20.0,81.98,-18.1,-19.25,1,9926,0.9,-10.2,0.4
2.0,9358.269740,147.48,2.54,-18.6,82.02,-16.89,-17.75,1,9802,-0.5,44.3,0.1
2.0,9358.279740,146.51,2.5,-16.95,82.09,-15.41,-17.25,1,9688,-1.2,111.0,-0.7
2.0,9358.289739,146.07,2.48,-14.67,82.16,-13.69,-16.25,1,9562,0.8,161.3,-2.4
2.0,9358.299739,144.84,2.48,-13.25,82.19,-11.76,-14.75,1,9426,-1.5,91.4,-1.4
2.0,9358.309739,142.56,2.45,-13.36,82.18,-9.64,-12.75,1,9298,-1.3,59.4,-0.9
2.0,9358.319739,140.27,2.44,-12.41,82.21,-7.36,-10.0,1,9165,-0.7,126.6,-1.6
2.0,9358.329739,137.37,2.42,-9.47,82.29,-4.97,-7.25,1,9043,-0.4,226.5,-3.9
2.0,9358.339739,134.82,2.41,-6.14,82.36,-2.51,-5.0,1,9931,-0.6,233.8,-4.2
2.0,9358.349743,132.45,2.37,-3.23,82.42,0.0,-2.75,1,9806,-3.1,283.5,-5.5
2.0,9358.359739,130.08,2.33,-0.24,82.48,2.51,0.25,1,9696,-2.0,249.4,-4.7
2.0,9358.369742,126.74,2.31,1.76,82.53,4.97,3.0,1,9569,-3.3,234.0,-4.3
2.0,9358.379739,124.1,2.28,4.04,82.57,7.36,5.25,1,9430,-1.9,243.6,-4.5
2.0,9358.389739,121.99,2.27,7.41,82.64,9.64,7.75,1,9306,-2.4,327.2,-6.9
2.0,9358.399739,119.79,2.24,11.07,82.7,11.76,10.5,1,9167,-3.5,282.9,-5.8
2.0,9358.409739,117.42,2.22,12.58,82.73,13.69,12.25,1,9051,-2.3,195.4,-3.5
2.0,9358.419740,115.93,2.22,14.0,82.77,15.41,13.75,1,9935,-1.6,229.5,-3.7
2.0,9358.429743,114.35,2.23,16.76,82.83,16.89,15.75,1,9811,-1.6,241.8,-4.1
2.0,9358.439740,112.32,2.22,18.28,82.86,18.1,17.75,1,9689,-1.9,139.3,-2.4
2.0,9358.449743,111.45,2.19,18.8,82.88,19.02,18.25,1,9574,-3.5,154.6,-2.4
2.0,9358.459740,111.36,2.21,20.98,82.93,19.65,19.0,1,9435,1.8,203.1,-3.1
2.0,9358.469743,110.48,2.26,22.4,82.96,19.96,19.75,1,9310,-1.5,93.1,-2.2
2.0,9358.479740,109.78,2.21,21.39,82.92,19.96,20.5,1,9171,0.1,9.0,-0.1
2.0,9358.489740,109.6,2.23,21.38,82.93,19.65,20.75,1,9052,-0.6,83.2,-0.8
2.0,9358.499740,109.51,2.23,22.84,82.97,19.02,20.25,1,9931,-0.6,72.8,-1.1
2.0,9358.509743,110.65,2.22,22.95,82.97,18.1,19.0,1,9815,-0.6,21.0,-0.2
2.0,9358.519740,112.06,2.22,22.43,82.96,16.89,17.5,1,9696,-0.2,0.1,0.3
2.0,9358.529740,113.47,2.18,21.15,82.91,15.41,16.25,1,9568,-1.9,-107.6,-0.2
2.0,9358.539740,114.79,2.13,18.61,82.82,13.69,14.75,1,9439,-0.4,-146.5,1.7
2.0,9358.549742,116.63,2.15,16.91,82.79,11.76,12.75,1,9315,1.5,-130.4,2.6
2.0,9358.559740,118.65,2.19,15.64,82.78,9.64,10.75,1,9176,1.6,-143.0,3.0
2.0,9358.569740,120.59,2.19,13.66,82.75,7.36,8.75,1,9060,1.2,-186.1,4.5
2.0,9358.579740,123.13,2.2,11.12,82.71,4.97,6.25,1,9936,1.9,-210.3,4.4
2.0,9358.589743,125.68,2.22,8.92,82.66,2.51,3.5,1,9811,1.8,-195.9,4.2
2.0,9358.599740,127.88,2.23,6.54,82.61,-0.0,1.25,1,9698,1.9,-252.9,4.6
2.0,9358.609742,130.17,2.24,3.37,82.54,-2.51,-1.0,1,9574,1.9,-259.7,4.9
2.0,9358.619740,132.8,2.26,1.05,82.49,-4.97,-3.75,1,9435,2.4,-225.1,4.0
2.0,9358.629742,135.53,2.28,-0.8,82.45,-7.36,-6.25,1,9319,1.6,-219.5,4.1
2.0,9358.639740,137.9,2.3,-3.4,82.4,-9.64,-8.75,1,9180,2.3,-265.6,5.4
2.0,9358.649740,139.92,2.34,-6.64,82.34,-11.76,-10.75,1,9053,2.7,-278.0,6.1
2.0,9358.659740,142.03,2.37,-9.13,82.29,-13.69,-12.75,1,9940,2.0,-236.5,5.0
2.0,9358.669740,144.14,2.4,-10.77,82.25,-15.41,-15.0,1,9813,2.2,-205.2,4.4
2.0,9358.679740,145.81,2.43,-12.5,82.21,-16.89,-16.5,1,9703,2.7,-204.9,3.7
2.0,9358.689740,146.6,2.46,-14.68,82.15,-18.1,-17.25,1,9577,0.5,-217.4,4.4
2.0,9358.699740,147.57,2.47,-16.32,82.11,-19.02,-18.25,1,9440,2.1,-151.5,2.7
2.0,9358.709740,148.89,2.5,-16.45,82.1,-19.65,-19.75,1,9312,1.6,-79.3,1.7
2.0,9358.719740,149.94,2.5,-16.74,82.09,-19.96,-20.75,1,9185,0.4,-101.6,2.2
2.0,9358.729740,150.56,2.51,-18.25,82.06,-19.96,-21.25,1,9057,1.1,-128.2,2.5
2.0,9358.739740,150.38,2.54,-19.57,82.02,-19.65,-20.75,1,9944,0.5,-105.9,2.3
2.0,9358.749740,149.59,2.56,-19.9,82.01,-19.02,-20.25,1,9817,2.0,-54.5,1.2
2.0,9358.759740,148.71,2.56,-19.15,82.04,-18.1,-19.25,1,9707,-0.5,23.1,0.5
2.0,9358.769740,147.48,2.51,-17.7,82.09,-16.89,-18.0,1,9580,-0.3,68.2,-0.4
2.0,9358.779740,146.07,2.5,-16.34,82.14,-15.41,-16.5,1,9444,-0.3,90.1,-0.7
2.0,9358.789739,144.58,2.5,-14.83,82.18,-13.69,-14.5,1,9315,1.0,130.1,-1.9
2.0,9358.799739,142.38,2.48,-13.0,82.22,-11.76,-12.25,1,9181,-2.4,142.6,-2.6
2.0,9358.809739,140.1,2.44,-11.39,82.26,-9.64,-10.75,1,9065,0.4,148.7,-2.3
2.0,9358.819739,139.66,2.43,-9.1,82.32,-7.36,-9.75,1,9949,-2.2,222.9,-3.9
2.0,9358.829739,138.08,2.39,-6.2,82.38,-4.97,-8.0,1,9822,-0.8,216.1,-4.2
2.0,9358.839739,135.88,2.39,-5.74,82.39,-2.51,-5.75,1,9711,-1.7,52.6,-0.6
2.0,9358.849740,133.07,2.36,-5.82,82.39,-0.0,-2.75,1,9585,-1.7,156.1,-2.7
2.0,9358.859739,130.25,2.36,-2.48,82.47,2.51,-0.0,1,9449,-0.2,229.9,-4.2
2.0,9358.869740,127.44,2.34,1.03,82.54,4.97,2.75,1,9322,-3.2,277.9,-5.4
2.0,9358.879739,124.54,2.3,4.34,82.6,7.36,5.75,1,9185,-1.2,282.5,-5.4
2.0,9358.889743,121.73,2.29,7.17,82.66,9.64,7.75,1,9069,-4.0,278.9,-5.6
2.0,9358.899739,120.41,2.24,10.12,82.71,11.76,9.5,1,9957,-2.3,298.0,-5.9
2.0,9358.909739,118.3,2.25,13.1,82.77,13.69,11.75,1,9826,-2.2,278.9,-5.4
2.0,9358.919740,116.1,2.23,14.18,82.8,15.41,14.25,1,9707,-2.3,127.3,-2.1
2.0,9358.929740,114.08,2.22,14.77,82.82,16.89,16.0,1,9589,-1.6,210.7,-3.3
2.0,9358.939740,113.2,2.24,17.82,82.89,18.1,17.0,1,9453,-1.1,222.2,-4.0
2.0,9358.949740,112.06,2.24,19.89,82.93,19.02,18.25,1,9326,-1.8,194.8,-3.3
2.0,9358.959740,110.65,2.23,20.51,82.95,19.65,19.75,1,9191,-0.6,89.4,-1.2
2.0,9358.969743,109.42,2.22,20.59,82.95,19.96,20.75,1,9074,-2.0,113.9,-2.0
2.0,9358.979740,108.72,2.22,22.27,82.98,19.96,21.5,1,9949,-0.5,143.4,-2.5
2.0,9358.989740,108.72,2.24,23.76,83.02,19.65,21.5,1,9831,-0.4,119.6,-1.9
2.0,9358.999740,108.9,2.24,24.24,83.03,19.02,20.75,1,9712,-0.9,71.4,-1.3
2.0,9359.009740,110.39,2.23,23.78,83.01,18.1,19.25,1,9594,-0.2,2.5,0.2
2.0,9359.019740,111.8,2.22,22.87,82.99,16.89,17.75,1,9459,-1.0,-21.9,0.1
2.0,9359.029740,112.24,2.17,21.17,82.92,15.41,17.25,1,9330,-1.2,-145.3,0.5
2.0,9359.039740,113.12,2.14,18.62,82.84,13.69,16.5,1,9194,0.2,-132.0,2.0
2.0,9359.049743,114.61,2.17,18.18,82.85,11.76,14.75,1,9078,0.6,-57.6,1.2
2.0,9359.059740,116.46,2.18,18.11,82.86,9.64,12.75,1,9956,0.8,-81.0,2.0
2.0,9359.069740,118.92,2.18,16.38,82.83,7.36,10.25,1,9826,0.9,-149.4,3.3
2.0,9359.079740,121.82,2.19,13.71,82.79,4.97,7.5,1,9720,1.8,-198.5,4.7
2.0,9359.089740,124.72,2.22,10.68,82.73,2.51,4.5,1,9590,2.9,-254.2,5.3
2.0,9359.099740,127.35,2.24,7.31,82.66,-0.0,2.0,1,9454,2.7,-281.8,5.8
2.0,9359.109740,129.73,2.25,4.08,82.59,-2.51,-0.5,1,9334,1.1,-294.7,5.0
2.0,9359.119740,132.45,2.25,1.4,82.52,-4.97,-3.5,1,9202,2.0,-255.7,4.7
2.0,9359.129741,135.26,2.29,-0.68,82.48,-7.36,-6.0,1,9082,3.1,-247.0,4.6
2.0,9359.139740,136.93,2.33,-3.46,82.42,-9.64,-7.75,1,9959,2.5,-286.6,5.5
2.0,9359.149740,138.78,2.34,-6.48,82.36,-11.76,-9.75,1,9831,1.3,-262.5,5.8
2.0,9359.159740,141.15,2.36,-7.98,82.34,-13.69,-12.0,1,9723,2.5,-173.7,3.4
2.0,9359.169740,143.61,2.39,-8.98,82.31,-15.41,-14.25,1,9594,1.9,-188.4,4.0
2.0,9359.179740,145.37,2.43,-11.48,82.25,-16.89,-16.25,1,9458,3.6,-235.9,4.6
2.0,9359.189740,146.07,2.47,-14.33,82.18,-18.1,-16.75,1,9330,0.3,-237.1,4.5
2.0,9359.199740,146.43,2.47,-16.07,82.13,-19.02,-17.25,1,9194,2.6,-173.2,3.3
2.0,9359.209740,147.57,2.5,-16.1,82.13,-19.65,-18.25,1,9076,0.1,-66.4,1.5
2.0,9359.219740,148.97,2.48,-15.39,82.15,-19.96,-19.75,1,9963,1.2,-36.0,0.7
2.0,9359.229740,150.12,2.51,-16.22,82.13,-19.96,-20.75,1,9836,1.0,-113.7,2.7
2.0,9359.239740,150.82,2.53,-18.39,82.07,-19.65,-21.5,1,9717,1.1,-139.0,2.7
2.0,9359.249740,150.64,2.55,-19.81,82.03,-19.02,-21.25,1,9598,0.6,-116.6,2.5
2.0,9359.259740,149.94,2.58,-20.22,82.02,-18.1,-20.25,1,9462,2.3,-63.8,1.4
2.0,9359.269740,148.54,2.59,-19.52,82.05,-16.89,-18.25,1,9335,0.2,17.5,0.2
2.0,9359.279740,146.25,2.54,-17.94,82.1,-15.41,-16.75,1,9202,-0.4,76.6,-0.4
2.0,9359.289740,145.55,2.51,-15.95,82.17,-13.69,-15.75,1,9080,-0.5,140.4,-1.4
2.0,9359.299740,143.61,2.48,-12.99,82.25,-11.76,-13.75,1,9967,-1.2,231.7,-4.2
2.0,9359.309740,141.24,2.45,-11.46,82.28,-9.64,-11.25,1,9840,-1.7,62.1,-0.1
2.0,9359.319743,138.69,2.44,-11.25,82.3,-7.36,-8.75,1,9724,-0.5,190.9,-3.0
2.0,9359.329740,136.41,2.41,-7.53,82.39,-4.97,-6.75,1,9603,-2.4,243.0,-4.2
2.0,9359.339740,134.21,2.38,-4.51,82.45,-2.51,-4.75,1,9470,-0.9,250.2,-4.7
2.0,9359.349739,132.19,2.37,-2.12,82.5,0.0,-2.0,1,9339,-2.0,232.2,-4.3
2.0,9359.359743,129.2,2.33,-0.19,82.54,2.51,0.75,1,9207,-2.9,210.5,-3.9
2.0,9359.369740,126.47,2.3,1.67,82.58,4.97,3.25,1,9085,-1.9,207.8,-3.8
2.0,9359.379740,124.37,2.3,4.65,82.64,7.36,5.25,1,9972,-1.2,301.0,-5.8
2.0,9359.389740,122.08,2.28,8.31,82.71,9.64,8.25,1,9844,-4.0,273.1,-6.0
2.0,9359.399743,118.83,2.23,10.21,82.74,11.76,10.75,1,9729,-2.4,217.4,-4.3
2.0,9359.409740,116.98,2.24,11.91,82.78,13.69,12.75,1,9607,-1.8,226.1,-3.9
2.0,9359.419740,116.1,2.23,15.25,82.86,15.41,14.25,1,9475,-2.8,324.9,-5.9
2.0,9359.429740,114.7,2.22,17.99,82.91,16.89,15.75,1,9344,-2.3,175.3,-3.1
2.0,9359.439743,112.5,2.21,17.4,82.9,18.1,17.75,1,9211,-0.5,91.5,-1.2
2.0,9359.449740,110.57,2.22,18.06,82.92,19.02,19.75,1,9089,-1.5,149.2,-2.4
2.0,9359.459740,109.69,2.23,20.78,82.98,19.65,20.75,1,9968,-0.4,214.6,-3.4
2.0,9359.469740,109.6,2.25,23.44,83.04,19.96,20.75,1,9849,-1.2,200.9,-4.0
2.0,9359.479743,109.51,2.24,24.19,83.05,19.96,20.25,1,9733,-0.7,88.1,-1.2
2.0,9359.489740,109.69,2.24,23.17,83.04,19.65,20.0,1,9603,-0.3,10.7,0.1
2.0,9359.499743,109.6,2.23,22.39,83.02,19.02,20.5,1,9479,0.0,0.4,0.2
2.0,9359.509740,109.6,2.23,22.15,83.0,18.1,20.5,1,9349,-0.2,-14.6,-0.2
2.0,9359.519739,109.86,2.22,21.99,83.0,16.89,19.75,1,9212,-0.2,-0.5,0.3
2.0,9359.529740,111.36,2.23,22.13,83.01,15.41,18.25,1,9093,-0.2,-0.4,0.4
2.0,9359.539740,113.38,2.21,21.83,83.0,13.69,16.25,1,9972,-1.2,-29.5,0.2
2.0,9359.549740,115.84,2.17,20.08,82.93,11.76,13.75,1,9845,-1.0,-146.3,1.0
2.0,9359.559743,118.39,2.16,16.92,82.86,9.64,11.0,1,9738,1.6,-199.2,4.1
2.0,9359.569740,120.32,2.2,13.92,82.82,7.36,9.25,1,9607,2.0,-246.9,5.0
2.0,9359.579740,121.55,2.22,10.89,82.76,4.97,7.75,1,9472,2.6,-255.7,5.5
2.0,9359.589740,123.66,2.23,8.85,82.73,2.51,5.75,1,9356,1.4,-195.0,4.4
2.0,9359.599740,126.21,2.24,8.14,82.71,0.0,3.0,1,9217,2.4,-131.6,2.3
2.0,9359.609740,129.2,2.25,6.68,82.67,-2.51,-0.0,1,9098,0.1,-208.9,3.8
2.0,9359.619740,132.1,2.23,3.37,82.6,-4.97,-2.75,1,9980,1.7,-254.4,4.4
2.0,9359.629740,134.56,2.27,-0.05,82.52,-7.36,-5.5,1,9851,2.5,-295.8,5.4
2.0,9359.639740,136.93,2.33,-3.43,82.45,-9.64,-7.75,1,9740,4.3,-296.7,5.7
2.0,9359.649740,139.13,2.36,-6.0,82.39,-11.76,-10.0,1,9616,1.0,-256.7,5.3
2.0,9359.659743,141.86,2.36,-7.88,82.36,-13.69,-12.75,1,9479,2.8,-227.7,4.6
2.0,9359.669740,144.14,2.4,-9.85,82.31,-15.41,-15.0,1,9349,1.7,-226.1,4.7
2.0,9359.679741,145.55,2.44,-12.52,82.26,-16.89,-16.25,1,9213,4.1,-268.8,5.5
2.0,9359.689740,146.43,2.49,-15.31,82.19,-18.1,-17.25,1,9094,0.2,-236.1,4.8
2.0,9359.699740,147.92,2.48,-16.23,82.16,-19.02,-18.75,1,9984,2.8,-125.0,1.9
2.0,9359.709740,149.68,2.52,-15.97,82.15,-19.65,-20.25,1,9854,1.0,-85.0,1.6
2.0,9359.719740,150.64,2.52,-17.1,82.13,-19.96,-21.25,1,9736,1.4,-152.8,3.1
2.0,9359.729740,150.91,2.56,-19.47,82.07,-19.96,-21.5,1,9619,1.0,-168.7,3.5
2.0,9359.739740,150.47,2.59,-20.71,82.04,-19.65,-20.75,1,9481,2.5,-108.1,2.3
2.0,9359.749740,149.41,2.6,-20.2,82.05,-19.02,-20.0,1,9353,0.6,-10.3,0.6
2.0,9359.759740,149.24,2.57,-18.78,82.1,-18.1,-19.75,1,9217,-0.2,44.7,-0.0
2.0,9359.769740,149.15,2.54,-17.14,82.15,-16.89,-19.25,1,9098,-0.1,109.5,-1.2
2.0,9359.779740,148.27,2.53,-16.34,82.18,-15.41,-18.25,1,9986,-0.4,15.4,0.3
2.0,9359.789740,146.34,2.54,-17.1,82.16,-13.69,-16.25,1,9861,0.0,17.9,0.1
2.0,9359.799740,144.23,2.53,-16.26,82.18,-11.76,-14.0,1,9740,0.1,80.9,-0.9
2.0,9359.809740,141.68,2.51,-13.69,82.25,-9.64,-11.5,1,9621,-0.7,194.1,-3.4
2.0,9359.819740,139.22,2.48,-10.33,82.34,-7.36,-9.5,1,9485,-1.1,223.5,-3.5
2.0,9359.829740,136.93,2.43,-7.54,82.41,-4.97,-7.25,1,9358,-2.5,249.6,-4.4
2.0,9359.839740,134.65,2.4,-4.91,82.47,-2.51,-4.75,1,9222,-1.5,237.0,-4.4
2.0,9359.849740,131.75,2.39,-2.79,82.52,0.0,-1.75,1,9103,-2.2,224.7,-4.0
2.0,9359.859743,128.76,2.36,-0.6,82.56,2.51,1.25,1,9993,-2.1,231.7,-4.4
2.0,9359.869740,126.12,2.32,2.32,82.62,4.97,3.75,1,9863,-3.4,285.0,-5.5
2.0,9359.879740,123.93,2.31,5.94,82.69,7.36,5.75,1,9744,-1.0,308.5,-6.1
2.0,9359.889740,121.9,2.31,8.8,82.75,9.64,8.0,1,9617,-2.9,262.1,-5.5
2.0,9359.899740,119.44,2.26,10.5,82.77,11.76,10.75,1,9490,-3.3,216.5,-4.3
2.0,9359.909740,116.98,2.25,12.04,82.81,13.69,13.25,1,9362,-1.1,199.5,-3.5
2.0,9359.919740,115.14,2.25,14.32,82.87,15.41,14.75,1,9226,-3.4,245.5,-4.2
2.0,9359.929740,114.26,2.24,17.42,82.94,16.89,15.75,1,9108,-0.9,264.2,-4.7
2.0,9359.939740,112.85,2.26,19.29,82.98,18.1,17.5,1,9986,-2.2,168.1,-2.9
2.0,9359.949740,111.18,2.24,19.25,82.98,19.02,19.0,1,9859,-1.0,91.9,-1.2
2.0,9359.959740,110.39,2.24,19.92,83.0,19.65,19.75,1,9749,-1.2,143.7,-2.1
2.0,9359.969740,109.78,2.25,22.04,83.04,19.96,20.75,1,9622,-0.4,159.6,-3.3
2.0,9359.979740,109.42,2.26,22.96,83.06,19.96,20.75,1,9486,-0.8,76.6,-1.1
2.0,9359.989740,109.51,2.26,22.84,83.06,19.65,20.75,1,9367,-0.3,71.3,-0.9
2.0,9359.999740,109.42,2.26,23.03,83.07,19.02,20.25,1,9231,-0.2,24.2,-0.1
2.0,9360.009740,110.65,2.26,22.57,83.06,18.1,19.0,1,9112,-0.1,0.5,0.2
2.0,9360.019743,111.97,2.26,22.32,83.05,16.89,17.75,1,9994,-0.2,-0.7,0.3
2.0,9360.029740,113.12,2.22,21.2,83.0,15.41,16.25,1,9863,-1.9,-110.9,0.0
2.0,9360.039740,114.17,2.16,18.73,82.92,13.69,15.25,1,9753,-1.2,-137.3,1.8
2.0,9360.049740,115.31,2.17,17.27,82.9,11.76,14.25,1,9626,0.8,-119.6,2.6
2.0,9360.059740,117.07,2.2,16.42,82.9,9.64,12.5,1,9490,0.8,-102.7,2.3
2.0,9360.069740,119.27,2.2,15.43,82.88,7.36,10.25,1,9363,0.9,-115.7,2.6
2.0,9360.079740,121.73,2.21,13.59,82.85,4.97,7.5,1,9235,1.7,-171.0,3.8
2.0,9360.089740,124.54,2.22,10.81,82.8,2.51,4.75,1,9134,1.5,-222.8,4.7
2.0,9360.099743,126.91,2.24,7.65,82.73,-0.0,2.25,1,9998,3.1,-263.9,5.3
2.0,9360.109740,129.2,2.26,4.47,82.66,-2.51,-0.0,1,9868,1.0,-276.8,4.7
2.0,9360.119740,132.01,2.26,1.95,82.6,-4.97,-2.75,1,9749,2.4,-239.3,4.3
2.0,9360.129740,134.74,2.29,0.01,82.55,-7.36,-5.75,1,9630,2.0,-231.8,4.1
2.0,9360.139740,136.85,2.33,-2.66,82.49,-9.64,-7.75,1,9495,3.6,-274.2,5.2
2.0,9360.149740,138.6,2.35,-5.88,82.43,-11.76,-9.25,1,9367,0.5,-279.0,6.0
2.0,9360.159740,140.8,2.36,-8.05,82.39,-13.69,-11.5,1,9240,2.8,-212.3,4.4
2.0,9360.169740,143.09,2.43,-10.89,82.32,-15.41,-13.75,1,4,1.7,-216.4,4.4
2.0,9360.179743,145.11,2.43,-10.89,82.32,-16.89,-15.75,1,10003,1.7,-216.4,4.4
2.0,9360.189740,146.43,2.45,-13.59,82.26,-18.1,-17.25,1,9873,1.2,-227.3,4.5
2.0,9360.199740,147.22,2.5,-15.7,82.2,-19.02,-17.75,1,9754,3.7,-200.2,3.4
2.0,9360.209740,148.01,2.53,-16.73,82.17,-19.65,-18.75,1,9635,-0.2,-129.8,3.0
2.0,9360.219740,149.15,2.51,-16.76,82.18,-19.96,-19.75,1,9500,2.2,-73.4,1.7
2.0,9360.229740,150.12,2.54,-17.08,82.16,-19.96,-20.75,1,9372,0.8,-88.3,1.5
2.0,9360.239740,150.56,2.54,-18.33,82.13,-19.65,-21.25,1,9236,0.4,-110.5,2.6
2.0,9360.249740,150.29,2.57,-19.76,82.1,-19.02,-20.75,1,4,1.7,-44.8,1.2
2.0,9360.259740,149.5,2.57,-19.76,82.1,-18.1,-19.75,1,10004,1.7,-44.8,1.2
2.0,9360.269740,148.01,2.57,-19.01,82.13,-16.89,-17.75,1,9877,-0.4,26.8,0.5
2.0,9360.279740,145.72,2.52,-17.43,82.19,-15.41,-16.25,1,9758,-1.0,87.0,-0.3
2.0,9360.289740,144.76,2.5,-15.34,82.25,-13.69,-15.25,1,9642,0.8,148.2,-1.7
2.0,9360.299740,143.79,2.48,-12.45,82.33,-11.76,-14.25,1,9504,-2.0,227.9,-4.2
2.0,9360.309740,142.38,2.44,-10.74,82.36,-9.64,-12.5,1,9380,-0.3,91.6,-1.0
2.0,9360.319740,140.27,2.45,-11.16,82.36,-7.36,-10.25,1,9241,-0.9,94.9,-1.3
2.0,9360.329740,137.55,2.41,-7.11,82.46,-4.97,-7.5,1,4,0.0,218.3,-4.0
2.0,9360.339740,134.82,2.41,-7.11,82.46,-2.51,-4.75,1,10000,0.0,218.3,-4.0
2.0,9360.349740,132.28,2.39,-3.64,82.53,-0.0,-2.25,1,9885,-3.2,267.3,-5.2
2.0,9360.359740,129.99,2.35,-0.34,82.6,2.51,0.25,1,9763,-0.6,281.3,-5.3
2.0,9360.369740,127.09,2.33,2.22,82.66,4.97,3.25,1,9636,-4.0,242.2,-4.5
2.0,9360.379740,124.1,2.28,4.27,82.7,7.36,6.0,1,9509,-2.3,244.4,-4.5
2.0,9360.389740,121.2,2.28,7.08,82.75,9.64,8.5,1,9382,-2.0,278.3,-5.6
2.0,9360.399740,118.83,2.27,10.44,82.81,11.76,10.75,1,9245,-2.7,302.2,-6.2
2.0,9360.409740,117.33,2.23,15.81,82.93,13.69,12.5,1,5,-2.4,244.4,-4.1
2.0,9360.419740,115.84,2.23,15.81,82.93,15.41,14.25,1,10005,-2.4,244.4,-4.1
2.0,9360.429740,113.55,2.23,16.86,82.96,16.89,16.75,1,9877,-1.3,146.0,-2.3
2.0,9360.439740,111.09,2.22,17.33,82.97,18.1,19.25,1,9767,-2.4,145.8,-2.1
2.0,9360.449740,109.25,2.23,19.69,83.03,19.02,21.0,1,9642,0.1,236.1,-4.0
2.0,9360.459740,108.46,2.27,23.11,83.1,19.65,21.75,1,9505,-1.5,252.1,-5.0
2.0,9360.469740,108.46,2.26,25.07,83.14,19.96,21.75,1,9386,-1.1,179.3,-2.9
2.0,9360.479740,108.54,2.25,25.09,83.14,19.96,21.25,1,9250,-1.0,75.3,-1.5
2.0,9360.489740,108.54,2.24,23.37,83.1,19.65,21.0,1,10,0.1,0.3,0.1
2.0,9360.499740,108.63,2.24,23.37,83.1,19.02,21.0,1,10010,0.1,0.3,0.1
2.0,9360.509740,109.25,2.24,23.18,83.09,18.1,20.25,1,9882,-0.2,-15.9,-0.2
2.0,9360.519740,110.65,2.23,23.01,83.08,16.89,18.75,1,9772,-0.3,-0.8,0.3
2.0,9360.529740,112.24,2.21,22.51,83.06,15.41,17.25,1,9645,-1.3,-64.9,0.2
2.0,9360.539740,113.99,2.16,20.53,82.99,13.69,15.5,1,9509,-1.2,-134.4,1.0
2.0,9360.549740,116.1,2.15,18.25,82.94,11.76,13.25,1,9385,0.6,-158.5,2.9
2.0,9360.559740,118.3,2.19,16.26,82.92,9.64,11.0,1,9254,2.4,-174.5,4.1
2.0,9360.569740,120.15,2.21,11.22,82.84,7.36,9.25,1,14,1.8,-228.4,5.4
2.0,9360.579740,122.26,2.21,11.22,82.84,4.97,7.25,1,10014,1.8,-228.4,5.4
2.0,9360.589740,124.72,2.23,9.2,82.8,2.51,4.5,1,9889,2.1,-190.2,4.1
2.0,9360.599740,127.35,2.25,7.56,82.76,0.0,1.75,1,9768,2.2,-202.7,3.7
2.0,9360.609740,129.46,2.26,4.9,82.69,-2.51,-0.25,1,9649,1.5,-253.2,4.3
2.0,9360.619740,131.84,2.26,1.79,82.62,-4.97,-2.5,1,9514,0.9,-260.5,5.1
2.0,9360.629740,134.38,2.28,-0.53,82.58,-7.36,-5.25,1,9389,2.7,-224.7,4.2
2.0,9360.639740,137.11,2.33,-2.41,82.53,-9.64,-8.0,1,9262,3.5,-224.0,3.9
2.0,9360.649740,139.57,2.36,-8.28,82.42,-11.76,-10.5,1,19,2.6,-278.1,5.8
2.0,9360.659740,141.68,2.36,-8.28,82.42,-13.69,-12.5,1,10019,2.6,-278.1,5.8
2.0,9360.669740,143.79,2.41,-10.8,82.36,-15.41,-14.5,1,9891,1.9,-240.6,5.1
2.0,9360.679740,146.07,2.44,-12.46,82.32,-16.89,-16.75,1,9773,3.6,-203.8,4.1
2.0,9360.689743,147.83,2.48,-14.17,82.27,-18.1,-18.5,1,9639,0.6,-207.2,3.7
2.0,9360.699740,149.06,2.49,-16.39,82.21,-19.02,-19.75,1,9521,2.4,-218.8,4.1
2.0,9360.709740,149.33,2.54,-18.36,82.16,-19.65,-20.0,1,9395,2.1,-184.9,3.8
2.0,9360.719740,149.33,2.56,-19.28,82.14,-19.96,-20.0,1,9255,1.3,-126.1,2.7
2.0,9360.729740,149.77,2.53,-17.93,82.18,-19.96,-20.5,1,28,0.4,-2.7,0.3
2.0,9360.739740,149.85,2.53,-17.93,82.18,-19.65,-20.5,1,10023,0.4,-2.7,0.3
2.0,9360.749743,149.59,2.53,-18.16,82.17,-19.02,-19.75,1,9899,-0.3,-43.7,0.9
2.0,9360.759740,148.71,2.53,-18.6,82.16,-18.1,-18.75,1,9777,0.2,-3.4,0.4
2.0,9360.769743,147.22,2.54,-17.83,82.18,-16.89,-17.75,1,9644,0.6,36.7,-0.3
2.0,9360.779740,146.07,2.54,-16.6,82.23,-15.41,-16.75,1,9523,1.5,83.3,-0.7
2.0,9360.789742,145.02,2.53,-14.64,82.29,-13.69,-14.75,1,9398,-0.1,149.8,-1.7
2.0,9360.799740,142.47,2.49,-12.85,82.34,-11.76,-13.0,1,9260,-1.5,112.4,-1.8
2.0,9360.809740,140.45,2.45,-9.62,82.43,-9.64,-11.0,1,19,-2.0,247.3,-4.0
2.0,9360.819740,138.52,2.45,-9.62,82.43,-7.36,-8.5,1,10019,-2.0,247.3,-4.0
2.0,9360.829743,135.97,2.41,-6.15,82.51,-4.97,-6.0,1,9895,-1.0,212.5,-3.9
2.0,9360.839740,133.33,2.39,-4.64,82.54,-2.51,-3.75,1,9781,-2.6,185.9,-3.3
2.0,9360.849739,131.13,2.36,-2.32,82.59,-0.0,-1.5,1,9646,-1.4,259.0,-5.0
2.0,9360.859740,129.2,2.35,1.04,82.66,2.51,1.25,1,9527,-2.9,263.0,-5.0
2.0,9360.869742,126.04,2.31,3.23,82.71,4.97,3.75,1,9403,-1.6,214.5,-4.0
2.0,9360.879740,123.13,2.31,4.73,82.74,7.36,6.5,1,9264,-2.2,198.7,-3.8
2.0,9360.889740,120.5,2.25,11.81,82.87,9.64,9.25,1,29,-4.1,286.3,-5.8
2.0,9360.899740,118.12,2.25,11.81,82.87,11.76,11.25,1,10024,-4.1,286.3,-5.8
2.0,9360.909740,116.81,2.23,14.18,82.92,13.69,13.0,1,9896,-1.8,269.5,-4.6
2.0,9360.919740,114.96,2.25,16.35,82.98,15.41,15.25,1,9789,-2.0,233.9,-4.0
2.0,9360.929743,112.85,2.23,17.23,83.0,16.89,17.5,1,9653,-1.8,123.1,-2.1
2.0,9360.939740,111.09,2.22,18.02,83.01,18.1,19.25,1,9523,-2.0,190.1,-3.3
2.0,9360.949740,110.48,2.24,20.88,83.08,19.02,19.75,1,9405,-0.1,219.0,-3.3
2.0,9360.959740,110.04,2.26,22.89,83.13,19.65,20.25,1,9271,-1.7,171.7,-3.4
2.0,9360.969740,109.42,2.24,22.28,83.11,19.96,21.0,1,28,-0.1,37.1,-0.5
2.0,9360.979740,109.07,2.24,22.28,83.11,19.96,21.25,1,10028,-0.1,37.1,-0.5
2.0,9360.989739,108.98,2.25,22.8,83.12,19.65,20.75,1,9901,-0.5,75.5,-1.0
2.0,9360.999740,109.51,2.25,23.51,83.14,19.02,20.25,1,9791,-0.4,32.8,-0.5
2.0,9361.009742,110.48,2.24,23.08,83.13,18.1,19.25,1,9658,-0.1,0.2,0.3
2.0,9361.019740,111.62,2.22,22.28,83.1,16.89,17.75,1,9528,-0.9,-48.2,-0.0
2.0,9361.029740,112.76,2.18,20.84,83.04,15.41,16.75,1,9400,-1.6,-94.8,0.3
2.0,9361.039740,113.91,2.16,19.15,82.99,13.69,15.75,1,9276,0.3,-122.9,1.7
2.0,9361.049740,115.58,2.2,16.81,82.96,11.76,13.75,1,33,1.3,-121.1,2.8
2.0,9361.059740,117.86,2.2,16.81,82.96,9.64,11.5,1,10033,1.3,-121.1,2.8
2.0,9361.069743,120.5,2.2,14.91,82.93,7.36,8.75,1,9909,0.7,-172.7,3.7
2.0,9361.079740,123.13,2.21,12.14,82.88,4.97,6.25,1,9787,2.4,-224.9,5.1
2.0,9361.089740,125.6,2.24,8.99,82.82,2.51,3.75,1,9659,2.6,-263.1,5.3
2.0,9361.099740,127.88,2.25,5.84,82.75,0.0,1.25,1,9532,1.6,-276.8,5.1
2.0,9361.109740,130.61,2.26,3.34,82.69,-2.51,-1.5,1,9406,2.4,-236.1,4.3
2.0,9361.119740,133.33,2.28,1.39,82.65,-4.97,-4.25,1,9269,1.7,-236.0,4.0
2.0,9361.129745,135.79,2.34,-4.48,82.52,-7.36,-6.75,1,43,2.2,-279.0,5.7
2.0,9361.139740,137.99,2.34,-4.48,82.52,-9.64,-8.75,1,10040,2.2,-279.0,5.7
2.0,9361.149740,140.19,2.36,-7.01,82.47,-11.76,-10.75,1,9910,2.0,-245.6,5.2
2.0,9361.159740,142.73,2.39,-8.8,82.43,-13.69,-13.5,1,9791,2.4,-213.0,4.2
2.0,9361.169740,145.37,2.42,-10.62,82.39,-15.41,-16.0,1,9655,2.2,-214.8,4.4
2.0,9361.179740,147.3,2.46,-13.21,82.33,-16.89,-18.0,1,9537,3.2,-257.0,4.8
2.0,9361.189740,148.18,2.52,-16.25,82.24,-18.1,-18.75,1,9410,2.3,-261.7,5.0
2.0,9361.199739,148.71,2.54,-18.25,82.2,-19.02,-19.25,1,9273,2.0,-195.3,4.4
2.0,9361.209745,149.59,2.55,-17.86,82.2,-19.65,-20.25,1,48,0.5,-58.8,1.4
2.0,9361.219740,150.03,2.55,-17.86,82.2,-19.96,-20.75,1,10042,0.5,-58.8,1.4
2.0,9361.229740,149.77,2.54,-18.5,82.19,-19.96,-20.25,1,9914,-0.4,-86.8,2.0
2.0,9361.239740,149.15,2.54,-19.15,82.17,-19.65,-19.75,1,9796,0.3,-37.8,1.1
2.0,9361.249740,149.24,2.54,-18.42,82.2,-19.02,-19.75,1,9660,0.3,24.5,-0.0
2.0,9361.259740,149.06,2.54,-17.19,82.24,-18.1,-19.5,1,9544,0.8,60.4,-0.3
2.0,9361.269740,148.54,2.54,-16.84,82.25,-16.89,-18.5,1,9414,0.2,-0.6,0.1
2.0,9361.279743,146.69,2.54,-17.3,82.23,-15.41,-16.75,1,9281,-0.5,15.5,0.4
2.0,9361.289745,144.67,2.52,-14.25,82.33,-13.69,-14.75,1,44,-0.7,192.9,-2.8
2.0,9361.299740,142.56,2.52,-14.25,82.33,-11.76,-13.25,1,10038,-0.7,192.9,-2.8
2.0,9361.309740,140.98,2.48,-10.85,82.42,-9.64,-11.5,1,9919,-0.7,202.4,-3.2
2.0,9361.319740,139.31,2.44,-8.81,82.48,-7.36,-9.25,1,9800,-2.9,194.8,-3.0
2.0,9361.329740,136.76,2.41,-7.24,82.51,-4.97,-6.75,1,9665,-0.6,165.1,-2.9
2.0,9361.339740,133.86,2.41,-5.86,82.54,-2.51,-3.5,1,9547,-2.1,168.0,-3.0
3.0,9363.359743,139.31,2.47,-10.91,82.55,-3.75,-9.25,1,9364,-2.8,231.5,-3.8
3.0,9363.369740,135.7,2.4,-4.8,82.69,0.0,-5.75,1,121,-2.1,313.8,-5.7
3.0,9363.379740,131.92,2.4,-4.8,82.69,3.75,-1.75,1,10121,-2.1,313.8,-5.7
3.0,9363.389740,127.88,2.35,-0.52,82.78,7.36,2.25,1,9994,-4.1,352.9,-6.8
3.0,9363.399740,123.4,2.29,3.72,82.87,10.72,6.75,1,9875,-3.6,384.9,-7.3
3.0,9363.409740,119.09,2.28,8.11,82.96,13.69,10.75,1,9748,-2.8,407.5,-7.9
3.0,9363.419740,116.19,2.25,12.76,83.05,16.18,13.25,1,9621,-5.1,441.8,-9.1
3.0,9363.429740,114.43,2.23,17.42,83.14,18.1,15.5,1,9494,-2.7,431.8,-7.9
3.0,9363.439741,111.97,2.25,20.48,83.22,19.37,18.25,1,9359,-3.1,316.6,-5.2
3.0,9363.449740,109.69,2.23,22.02,83.26,19.96,20.75,1,125,-1.2,230.7,-4.0
3.0,9363.459740,108.46,2.26,24.96,83.32,19.84,21.75,1,4,-0.3,240.9,-4.4
3.0,9363.469740,108.19,2.26,24.96,83.32,19.02,22.25,1,9999,-0.3,240.9,-4.4
3.0,9363.479740,108.19,2.27,26.31,83.35,17.53,21.5,1,9880,-1.6,125.4,-2.5
3.0,9363.489740,109.34,2.24,25.39,83.32,15.41,20.25,1,9744,-0.4,23.6,-0.3
3.0,9363.499740,111.18,2.25,24.37,83.31,12.75,18.25,1,9625,0.0,0.1,0.2
3.0,9363.509740,113.55,2.21,23.05,83.25,9.64,16.0,1,9498,-1.7,-108.5,-0.2
3.0,9363.519740,116.37,2.15,20.15,83.15,6.18,13.0,1,9363,-0.5,-181.6,2.2
3.0,9363.529740,119.62,2.21,13.55,83.06,2.51,9.75,1,130,2.6,-285.9,6.2
3.0,9363.539740,123.13,2.23,9.84,82.99,-1.26,6.25,1,4,3.1,-326.6,7.1
3.0,9363.549740,126.91,2.23,9.84,82.99,-4.97,2.25,1,10003,3.1,-326.6,7.1
3.0,9363.559740,131.13,2.26,5.83,82.91,-8.52,-2.25,1,9885,2.9,-359.4,7.0
3.0,9363.569740,135.62,2.28,1.55,82.81,-11.76,-6.5,1,9748,2.8,-395.5,7.4
3.0,9363.579740,140.01,2.32,-3.01,82.71,-14.58,-10.75,1,9624,4.4,-419.4,7.8
3.0,9363.589740,143.35,2.38,-7.7,82.61,-16.89,-14.25,1,9503,3.6,-445.4,9.0
3.0,9363.599740,145.55,2.43,-12.31,82.52,-18.6,-16.25,1,9367,3.9,-434.7,9.2
3.0,9363.609740,147.3,2.52,-16.92,82.39,-19.65,-18.0,1,135,3.1,-218.6,3.8
3.0,9363.619740,148.97,2.55,-17.37,82.37,-20.0,-19.75,1,9,2.6,-170.1,3.1
3.0,9363.629740,149.77,2.55,-17.37,82.37,-19.65,-20.5,1,10008,2.6,-170.1,3.1
3.0,9363.639740,150.12,2.56,-18.44,82.34,-18.6,-20.75,1,9889,0.4,-155.2,3.2
3.0,9363.649740,149.85,2.55,-19.16,82.33,-16.89,-20.25,1,9753,0.3,-86.7,1.7
3.0,9363.659740,149.15,2.55,-18.8,82.33,-14.58,-19.0,1,9626,1.2,-32.9,0.8
3.0,9363.669740,147.04,2.56,-17.98,82.36,-11.76,-17.0,1,9499,0.1,28.3,0.1
3.0,9363.679740,144.58,2.53,-16.57,82.41,-8.52,-14.5,1,9371,0.3,80.5,-0.5
3.0,9363.689740,141.59,2.48,-10.33,82.59,-4.97,-11.5,1,139,-3.4,243.7,-4.0
3.0,9363.699740,138.34,2.4,-7.02,82.66,-1.26,-8.25,1,4,-2.2,292.2,-4.9
3.0,9363.709740,134.47,2.4,-7.02,82.66,2.51,-4.25,1,10004,-2.2,292.2,-4.9
3.0,9363.719740,130.43,2.38,-3.16,82.75,6.18,-0.25,1,9894,-2.4,337.6,-6.3
3.0,9363.729740,126.21,2.35,1.03,82.84,9.64,4.25,1,9758,-2.8,373.4,-7.1
3.0,9363.739740,121.73,2.31,5.45,82.93,12.75,8.25,1,9633,-4.5,406.7,-7.9
3.0,9363.749740,117.51,2.26,10.1,83.02,15.41,12.0,1,9503,-3.8,431.5,-8.8
3.0,9363.759740,114.79,2.26,14.82,83.11,17.53,14.75,1,9376,-3.3,446.9,-8.8
3.0,9363.769740,113.03,2.25,21.72,83.27,19.02,16.75,1,135,-1.6,278.3,-5.0
3.0,9363.779740,111.53,2.27,22.1,83.29,19.84,18.75,1,8,-1.1,182.2,-2.7
3.0,9363.789740,110.57,2.27,22.1,83.29,19.96,19.75,1,10008,-1.1,182.2,-2.7
3.0,9363.799740,109.95,2.25,22.56,83.3,19.37,20.25,1,9901,-2.3,141.9,-2.9
3.0,9363.809740,109.86,2.25,23.26,83.3,18.1,20.5,1,9762,0.3,110.5,-1.6
3.0,9363.819740,109.86,2.28,23.5,83.32,16.18,19.75,1,9635,-0.2,55.7,-0.7
3.0,9363.829740,111.36,2.26,23.1,83.31,13.69,18.25,1,9508,-0.3,15.1,0.0
3.0,9363.839740,113.29,2.25,22.65,83.3,10.72,16.25,1,9380,-0.7,-4.6,0.2
3.0,9363.849740,115.84,2.17,17.56,83.13,7.36,13.5,1,139,0.6,-201.3,3.9
3.0,9363.859740,118.83,2.2,14.46,83.1,3.75,10.5,1,13,2.0,-254.3,5.0
3.0,9363.869740,122.08,2.2,14.46,83.1,-0.0,7.25,1,10014,2.0,-254.3,5.0
3.0,9363.879740,125.95,2.24,10.91,83.03,-3.75,3.25,1,9894,3.4,-302.5,6.3
3.0,9363.889740,129.81,2.27,7.12,82.96,-7.36,-0.75,1,9767,2.8,-330.6,6.8
3.0,9363.899740,134.03,2.28,3.07,82.86,-10.72,-5.0,1,9639,2.4,-376.4,6.4
3.0,9363.909740,138.69,2.3,-1.38,82.76,-13.69,-9.5,1,9513,3.0,-399.8,7.4
3.0,9363.919740,142.65,2.36,-5.88,82.66,-16.18,-13.5,1,9376,4.8,-426.4,8.2
3.0,9363.929740,145.37,2.5,-15.09,82.45,-18.1,-16.25,1,144,3.9,-406.4,8.4
3.0,9363.939740,147.04,2.54,-17.28,82.4,-19.37,-17.75,1,17,2.8,-269.6,4.9
3.0,9363.949740,147.66,2.54,-17.28,82.4,-19.96,-18.25,1,10017,2.8,-269.6,4.9
3.0,9363.959740,148.71,2.55,-17.43,82.38,-19.84,-19.25,1,9899,2.3,-151.2,3.0
3.0,9363.969740,149.41,2.55,-17.01,82.39,-19.02,-20.25,1,9763,0.4,-76.4,1.6
3.0,9363.979743,149.5,2.54,-17.24,82.38,-17.53,-20.0,1,9638,1.2,-98.0,1.6
3.0,9363.989740,149.15,2.56,-18.26,82.36,-15.41,-19.0,1,9517,-0.5,-79.8,2.1
3.0,9363.999740,147.3,2.53,-18.03,82.37,-12.75,-17.25,1,9381,0.0,5.1,0.3
3.0,9364.009740,144.93,2.54,-14.59,82.48,-9.64,-15.0,1,149,1.3,181.3,-2.1
3.0,9364.019740,142.29,2.49,-10.93,82.59,-6.18,-12.25,1,28,-3.3,226.9,-3.4
3.0,9364.029740,139.13,2.49,-10.93,82.59,-2.51,-8.75,1,10022,-3.3,226.9,-3.4
3.0,9364.039740,135.44,2.41,-7.77,82.66,1.26,-5.25,1,9903,-1.6,270.6,-4.4
3.0,9364.049740,131.48,2.4,-4.08,82.75,4.97,-1.25,1,9767,-2.0,324.9,-5.8
3.0,9364.059743,127.35,2.36,0.08,82.84,8.52,2.75,1,9643,-3.9,361.9,-6.8
3.0,9364.069740,122.87,2.3,4.39,82.93,11.76,7.25,1,9521,-4.5,393.7,-7.5
3.0,9364.079740,118.56,2.27,8.83,83.01,14.58,11.25,1,9386,-2.8,412.8,-8.1
3.0,9364.089740,115.66,2.24,18.16,83.2,16.89,14.25,1,153,-3.1,433.9,-7.9
3.0,9364.099740,114.08,2.26,21.12,83.28,18.6,15.75,1,28,-2.4,308.5,-5.3
3.0,9364.109740,112.41,2.26,21.12,83.28,19.65,17.75,1,10026,-2.4,308.5,-5.3
3.0,9364.119740,110.74,2.25,21.38,83.29,20.0,19.75,1,9908,-1.4,151.8,-2.2
3.0,9364.129740,109.6,2.26,21.48,83.3,19.65,20.75,1,9771,-1.1,167.3,-2.8
3.0,9364.139743,108.9,2.27,23.46,83.33,18.6,21.25,1,9647,-0.6,182.3,-3.5
3.0,9364.149740,108.9,2.27,24.68,83.36,16.89,21.0,1,9520,-0.9,107.6,-1.6
3.0,9364.159740,109.51,2.26,24.56,83.36,14.58,20.0,1,9390,-1.1,62.2,-1.1
3.0,9364.169740,111.27,2.23,22.91,83.31,11.76,18.25,1,158,-1.2,-60.5,0.1
3.0,9364.179740,113.47,2.18,20.63,83.22,8.52,16.0,1,31,-1.4,-165.1,1.2
3.0,9364.189740,116.1,2.18,20.63,83.22,4.97,13.25,1,10034,-1.4,-165.1,1.2
3.0,9364.199743,119.27,2.17,17.34,83.15,1.26,10.0,1,9915,1.5,-224.6,4.5
3.0,9364.209740,122.78,2.21,14.02,83.11,-2.51,6.5,1,9779,2.3,-272.6,5.6
3.0,9364.219743,126.47,2.24,10.35,83.04,-6.18,2.75,1,9652,3.6,-318.2,6.8
3.0,9364.229740,130.69,2.26,6.44,82.96,-9.64,-1.5,1,9522,2.4,-345.5,6.9
3.0,9364.239740,135.0,2.27,2.28,82.87,-12.75,-6.0,1,9394,2.6,-388.9,7.0
3.0,9364.249740,139.48,2.37,-6.94,82.66,-15.41,-10.25,1,154,3.5,-440.8,8.8
3.0,9364.259740,142.91,2.42,-11.58,82.57,-17.53,-13.75,1,39,4.2,-435.7,9.3
3.0,9364.269740,145.11,2.42,-11.58,82.57,-19.02,-15.75,1,10033,4.2,-435.7,9.3
3.0,9364.279743,146.69,2.49,-14.97,82.49,-19.84,-17.5,1,9920,3.8,-344.1,6.9
3.0,9364.289740,148.45,2.53,-16.23,82.45,-19.96,-19.0,1,9782,3.3,-217.5,3.8
3.0,9364.299743,148.8,2.54,-16.63,82.43,-19.37,-19.5,1,9656,0.9,-166.4,3.0
3.0,9364.309740,148.8,2.54,-17.73,82.4,-18.1,-19.5,1,9527,2.1,-161.1,3.2
3.0,9364.319740,148.62,2.56,-18.17,82.39,-16.18,-19.25,1,9399,0.0,-49.7,1.2
3.0,9364.329740,147.92,2.52,-16.26,82.46,-13.69,-17.75,1,158,-0.2,19.9,0.6
3.0,9364.339740,146.07,2.52,-15.35,82.49,-10.72,-16.25,1,31,1.2,76.5,-0.8
3.0,9364.349740,143.79,2.52,-15.35,82.49,-7.36,-13.75,1,10034,1.2,76.5,-0.8
3.0,9364.359741,140.89,2.5,-12.92,82.56,-3.75,-10.75,1,9915,-1.7,186.5,-2.8
3.0,9364.369740,137.55,2.45,-9.6,82.64,0.0,-7.5,1,9785,-0.0,222.5,-3.5
3.0,9364.379740,133.86,2.43,-6.36,82.72,3.75,-3.75,1,9658,-2.7,288.3,-5.1
3.0,9364.389740,129.9,2.37,-2.38,82.81,7.36,0.25,1,9531,-2.9,332.2,-6.2
3.0,9364.399740,125.68,2.34,1.72,82.9,10.72,4.75,1,9395,-2.4,366.3,-6.9
3.0,9364.409740,121.11,2.26,10.64,83.07,13.69,8.75,1,163,-4.1,424.2,-8.7
3.0,9364.419745,117.07,2.25,15.53,83.17,16.18,12.5,1,42,-3.4,464.9,-8.8
3.0,9364.429740,114.26,2.25,15.53,83.17,18.1,15.25,1,10036,-3.4,464.9,-8.8
3.0,9364.439743,112.5,2.25,19.98,83.27,19.37,17.0,1,9920,-4.1,405.1,-7.3
3.0,9364.449740,112.06,2.25,22.18,83.33,19.96,17.75,1,9782,-1.7,279.9,-4.9
3.0,9364.459740,111.18,2.27,22.62,83.34,19.84,19.25,1,9654,-0.9,169.5,-2.8
3.0,9364.469740,110.21,2.27,22.04,83.32,19.02,20.25,1,9535,-0.5,53.1,-1.1
3.0,9364.479740,109.95,2.25,21.72,83.31,17.53,20.25,1,9400,-1.3,83.6,-1.4
3.0,9364.489740,110.04,2.27,23.5,83.37,15.41,19.5,1,168,-0.2,19.5,-0.1
3.0,9364.499745,111.53,2.25,22.53,83.34,12.75,18.0,1,46,-1.1,-9.9,0.1
3.0,9364.509740,113.64,2.25,22.53,83.34,9.64,15.75,1,10041,-1.1,-9.9,0.1
3.0,9364.519740,116.19,2.2,20.74,83.27,6.18,13.25,1,9923,-1.6,-149.5,0.4
3.0,9364.529740,119.09,2.17,17.31,83.17,2.51,10.25,1,9785,0.9,-204.2,3.7
3.0,9364.539740,122.34,2.21,14.19,83.13,-1.26,6.75,1,9659,2.0,-256.2,5.2
3.0,9364.549740,126.12,2.24,10.63,83.07,-4.97,3.0,1,9540,3.5,-304.1,6.5
3.0,9364.559740,130.17,2.27,6.84,82.99,-8.52,-1.0,1,9404,2.3,-331.0,6.8
3.0,9364.569740,134.47,2.31,-1.69,82.79,-11.76,-5.25,1,172,3.1,-400.9,7.4
3.0,9364.579744,139.04,2.36,-6.2,82.7,-14.58,-9.75,1,49,4.3,-428.4,8.3
3.0,9364.589740,143.09,2.36,-6.2,82.7,-16.89,-13.75,1,10045,4.3,-428.4,8.3
3.0,9364.599740,145.81,2.44,-11.06,82.59,-18.6,-16.5,1,9926,4.6,-458.0,9.2
3.0,9364.609740,147.3,2.5,-15.41,82.49,-19.65,-18.0,1,9790,3.6,-404.6,8.5
3.0,9364.619740,148.1,2.54,-17.6,82.43,-20.0,-18.75,1,9664,3.0,-272.6,4.8
3.0,9364.629740,148.71,2.56,-17.81,82.42,-19.65,-19.25,1,9536,2.6,-152.4,3.1
3.0,9364.639740,148.89,2.56,-17.37,82.43,-18.6,-19.5,1,9409,1.0,-76.3,1.0
3.0,9364.649740,148.62,2.53,-17.26,82.43,-16.89,-18.75,1,168,0.0,-15.2,0.6
3.0,9364.659739,147.39,2.53,-16.45,82.46,-14.58,-17.25,1,49,0.4,33.6,0.2
3.0,9364.669740,145.37,2.53,-16.45,82.46,-11.76,-15.25,1,10049,0.4,33.6,0.2
3.0,9364.679740,142.91,2.53,-14.74,82.52,-8.52,-12.75,1,9931,1.1,122.3,-1.2
3.0,9364.689740,139.92,2.5,-11.78,82.61,-4.97,-9.75,1,9795,-1.6,207.0,-3.1
3.0,9364.699740,136.58,2.43,-8.56,82.69,-1.26,-6.5,1,9667,-2.4,238.1,-3.6
3.0,9364.709740,132.89,2.41,-5.32,82.77,2.51,-2.75,1,9541,-0.7,293.0,-5.2
3.0,9364.719740,128.85,2.38,-1.39,82.85,6.18,1.25,1,9413,-4.4,338.1,-6.3
3.0,9364.729740,124.63,2.29,7.06,83.03,9.64,5.75,1,172,-3.1,401.9,-7.9
3.0,9364.739740,120.15,2.26,11.63,83.11,12.75,9.5,1,53,-5.1,423.4,-8.7
3.0,9364.749740,117.51,2.26,11.63,83.11,15.41,12.25,1,10056,-5.1,423.4,-8.7
3.0,9364.759740,115.14,2.23,16.34,83.2,17.53,15.25,1,9935,-3.0,449.6,-8.2
3.0,9364.769740,112.59,2.25,19.34,83.29,19.02,17.75,1,9799,-3.3,274.3,-4.5
3.0,9364.779740,111.18,2.22,19.99,83.31,19.84,19.0,1,9672,-2.9,240.4,-3.9
3.0,9364.789740,110.74,2.25,22.26,83.36,19.96,19.5,1,9547,0.7,261.6,-4.7
3.0,9364.799740,110.74,2.28,23.83,83.38,19.37,19.25,1,9418,-1.4,135.7,-2.8
3.0,9364.809740,111.09,2.25,22.11,83.35,18.1,18.5,1,177,-0.1,0.1,0.2
3.0,9364.819739,111.97,2.24,21.34,83.32,16.18,17.5,1,49,-0.5,-31.5,-0.2
3.0,9364.829740,113.47,2.24,21.34,83.32,13.69,16.0,1,10049,-0.5,-31.5,-0.2
3.0,9364.839740,115.58,2.2,20.17,83.27,10.72,13.75,1,9931,-1.6,-85.6,0.2
3.0,9364.849740,118.04,2.18,18.09,83.21,7.36,11.25,1,9807,0.3,-153.6,2.1
3.0,9364.859740,120.94,2.19,15.36,83.17,3.75,8.25,1,9677,1.2,-204.5,4.5
3.0,9364.869740,124.19,2.22,12.32,83.12,0.0,5.0,1,9550,2.9,-253.6,5.6
3.0,9364.879740,127.88,2.26,8.91,83.06,-3.75,1.25,1,9413,2.8,-291.5,6.0
3.0,9364.889740,131.66,2.29,1.08,82.88,-7.36,-2.75,1,182,2.9,-366.2,6.7
3.0,9364.899740,135.97,2.33,-3.14,82.79,-10.72,-6.75,1,54,4.0,-390.4,7.5
3.0,9364.909740,140.1,2.33,-3.14,82.79,-13.69,-11.0,1,10057,4.0,-390.4,7.5
3.0,9364.919740,143.26,2.39,-7.62,82.69,-16.18,-14.25,1,9936,3.8,-424.0,8.6
3.0,9364.929740,145.28,2.45,-12.09,82.6,-18.1,-16.25,1,9800,3.9,-412.8,8.7
3.0,9364.939740,146.95,2.5,-15.18,82.53,-19.37,-17.75,1,9673,3.2,-320.0,6.3
3.0,9364.949740,148.71,2.53,-16.28,82.49,-19.96,-19.25,1,9555,3.0,-202.5,3.5
3.0,9364.959740,149.77,2.55,-16.64,82.47,-19.84,-20.5,1,9419,2.0,-153.6,2.7
3.0,9364.969740,149.94,2.56,-19.28,82.4,-19.02,-20.75,1,186,-0.4,-110.9,2.5
3.0,9364.979740,149.59,2.55,-18.75,82.42,-17.53,-20.0,1,59,0.8,-13.8,0.4
3.0,9364.989740,148.45,2.55,-18.75,82.42,-15.41,-18.5,1,10059,0.8,-13.8,0.4
3.0,9364.999740,146.43,2.55,-17.45,82.46,-12.75,-16.5,1,9941,-0.1,33.3,0.0
3.0,9365.009740,143.96,2.52,-15.82,82.52,-9.64,-13.75,1,9806,-0.1,116.5,-0.9
3.0,9365.019740,141.06,2.5,-12.81,82.6,-6.18,-10.75,1,9677,0.1,218.3,-3.5
3.0,9365.029740,137.72,2.48,-9.46,82.69,-2.51,-7.5,1,9559,-1.3,232.9,-3.7
3.0,9365.039740,133.95,2.42,-6.41,82.76,1.26,-3.75,1,9425,-3.4,290.6,-5.0
3.0,9365.049740,129.99,2.36,1.68,82.94,4.97,0.25,1,190,-2.4,367.9,-7.0
3.0,9365.059740,125.77,2.32,5.99,83.03,8.52,4.5,1,63,-4.4,400.3,-7.8
3.0,9365.069740,121.29,2.32,5.99,83.03,11.76,8.75,1,10063,-4.4,400.3,-7.8
3.0,9365.079740,117.42,2.27,10.55,83.11,14.58,12.0,1,9945,-4.1,424.4,-8.8
3.0,9365.089740,115.22,2.26,15.3,83.2,16.89,14.25,1,9810,-3.4,451.2,-8.6
3.0,9365.099740,113.47,2.26,19.44,83.3,18.6,16.75,1,9682,-3.4,387.0,-7.1
3.0,9365.109740,111.27,2.25,21.06,83.34,19.65,19.0,1,9558,-3.0,226.8,-3.9
3.0,9365.119740,110.13,2.26,21.17,83.35,20.0,20.25,1,9427,0.3,171.2,-2.5
3.0,9365.129740,109.69,2.27,24.53,83.42,19.65,20.5,1,186,-0.9,107.9,-1.7
3.0,9365.139740,109.6,2.27,23.79,83.41,18.6,20.75,1,68,-0.3,45.6,-0.5
3.0,9365.149743,109.6,2.27,23.79,83.41,16.89,19.75,1,10071,-0.3,45.6,-0.5
3.0,9365.159740,111.27,2.27,23.26,83.4,14.58,18.25,1,9949,-0.1,9.7,0.1
3.0,9365.169740,113.2,2.26,22.83,83.39,11.76,16.25,1,9817,-0.8,-7.1,0.2
3.0,9365.179740,115.58,2.21,21.17,83.32,8.52,13.75,1,9686,-1.9,-148.4,0.1
3.0,9365.189743,118.65,2.17,17.73,83.22,4.97,10.75,1,9562,0.3,-202.7,3.7
3.0,9365.199740,121.9,2.2,14.67,83.18,1.26,7.25,1,9433,2.0,-251.3,5.2
3.0,9365.209740,125.68,2.27,7.39,83.05,-2.51,3.5,1,191,3.3,-330.0,6.9
3.0,9365.219740,129.55,2.29,3.35,82.96,-6.18,-0.5,1,72,2.3,-373.9,6.5
3.0,9365.229740,133.95,2.29,3.35,82.96,-9.64,-4.75,1,10072,2.3,-373.9,6.5
3.0,9365.239740,138.34,2.3,-1.06,82.85,-12.75,-9.25,1,9945,2.9,-397.5,7.5
3.0,9365.249743,142.29,2.36,-5.53,82.76,-15.41,-13.25,1,9821,4.7,-423.5,8.3
3.0,9365.259740,145.11,2.44,-10.33,82.65,-17.53,-15.75,1,9694,4.3,-453.8,9.1
3.0,9365.269740,146.87,2.5,-14.71,82.55,-19.02,-17.75,1,9567,4.1,-406.9,8.6
3.0,9365.279740,148.1,2.54,-16.93,82.5,-19.84,-18.75,1,9428,2.7,-268.8,5.1
3.0,9365.289740,148.8,2.56,-17.7,82.46,-19.96,-19.25,1,196,0.9,-123.2,2.4
3.0,9365.299740,148.97,2.55,-17.72,82.46,-19.37,-19.5,1,68,0.3,-58.4,1.3
3.0,9365.309741,148.62,2.55,-17.72,82.46,-18.1,-19.25,1,10070,0.3,-58.4,1.3
3.0,9365.319740,148.01,2.54,-17.2,82.48,-16.18,-18.5,1,9959,-0.2,-13.1,0.6
3.0,9365.329743,146.95,2.53,-16.48,82.51,-13.69,-17.25,1,9817,0.3,27.4,0.3
3.0,9365.339740,145.11,2.52,-15.49,82.55,-10.72,-15.25,1,9695,0.1,59.2,0.1
3.0,9365.349743,142.65,2.51,-14.11,82.6,-7.36,-12.75,1,9571,0.3,106.0,-1.3
3.0,9365.359740,139.66,2.47,-11.84,82.65,-3.75,-9.75,1,9435,-3.1,180.5,-2.8
3.0,9365.369740,136.41,2.42,-5.08,82.82,0.0,-6.25,1,200,-2.1,293.2,-5.2
3.0,9365.379740,132.63,2.35,-1.22,82.9,3.75,-2.5,1,72,-4.1,337.5,-6.5
3.0,9365.389740,128.67,2.35,-1.22,82.9,7.36,1.5,1,10072,-4.1,337.5,-6.5
3.0,9365.399740,124.28,2.31,2.96,82.99,10.72,5.75,1,9963,-2.9,373.9,-6.8
3.0,9365.409743,119.88,2.3,7.3,83.08,13.69,10.25,1,9821,-3.0,397.7,-7.7
3.0,9365.419740,116.02,2.26,11.87,83.16,16.18,13.5,1,9699,-5.1,434.1,-8.9
3.0,9365.429743,113.91,2.23,16.64,83.26,18.1,15.75,1,9576,-3.2,440.7,-8.1
3.0,9365.439740,112.24,2.24,20.76,83.36,19.37,18.0,1,9440,-4.1,405.6,-7.4
3.0,9365.449740,110.65,2.25,22.25,83.4,19.96,19.5,1,205,-0.8,164.2,-2.6
3.0,9365.459740,110.3,2.26,23.44,83.43,19.84,19.75,1,77,-1.2,168.4,-3.1
3.0,9365.469743,110.21,2.26,23.44,83.43,19.02,19.75,1,10080,-1.2,168.4,-3.1
3.0,9365.479740,110.3,2.25,23.82,83.43,17.53,19.5,1,9959,-0.4,33.8,-0.6
3.0,9365.489743,111.01,2.25,22.49,83.4,15.41,18.5,1,9826,-0.1,1.3,0.1
3.0,9365.499740,112.76,2.25,22.16,83.39,12.75,16.75,1,9696,-0.1,-0.4,0.3
3.0,9365.509741,114.96,2.22,21.45,83.36,9.64,14.5,1,9579,-1.4,-68.9,0.0
3.0,9365.519743,117.6,2.18,19.07,83.28,6.18,11.75,1,9444,0.1,-169.5,1.9
3.0,9365.529740,120.67,2.23,12.61,83.17,2.51,8.5,1,209,2.7,-268.6,5.8
3.0,9365.539740,124.1,2.25,9.07,83.11,-1.26,5.25,1,82,2.3,-308.0,6.3
3.0,9365.549740,127.88,2.25,9.07,83.11,-4.97,1.25,1,10082,2.3,-308.0,6.3
3.0,9365.559740,132.01,2.26,5.12,83.02,-8.52,-2.75,1,9964,3.1,-354.6,6.8
3.0,9365.569739,136.23,2.29,0.84,82.92,-11.76,-7.25,1,9828,2.8,-381.8,7.1
3.0,9365.579740,140.27,2.33,-3.5,82.83,-14.58,-11.25,1,9700,4.0,-406.0,7.7
3.0,9365.589740,142.82,2.39,-8.14,82.73,-16.89,-13.75,1,9573,3.8,-440.3,9.0
3.0,9365.599743,145.02,2.45,-12.46,82.64,-18.6,-15.75,1,9449,4.1,-397.4,8.5
3.0,9365.609740,147.48,2.53,-15.28,82.55,-19.65,-18.25,1,215,4.2,-206.6,3.1
3.0,9365.619740,149.77,2.57,-17.26,82.49,-20.0,-20.5,1,87,0.8,-249.1,5.1
3.0,9365.629740,150.91,2.57,-17.26,82.49,-19.65,-21.5,1,10087,0.8,-249.1,5.1
3.0,9365.639740,151.0,2.56,-19.91,82.43,-18.6,-21.5,1,9968,0.9,-222.8,4.5
3.0,9365.649740,150.38,2.6,-20.74,82.41,-16.89,-20.75,1,9832,3.0,-108.8,2.3
3.0,9365.659740,149.06,2.62,-19.68,82.44,-14.58,-19.25,1,9705,0.2,-7.3,0.8
3.0,9365.669740,146.87,2.56,-18.13,82.5,-11.76,-17.0,1,9579,-1.3,53.8,0.3
3.0,9365.679743,144.23,2.52,-16.2,82.57,-8.52,-14.25,1,9444,-0.6,132.4,-1.6
3.0,9365.689740,141.33,2.46,-9.73,82.73,-4.97,-11.25,1,209,-2.3,269.4,-4.6
3.0,9365.699740,137.81,2.4,-6.34,82.81,-1.26,-7.75,1,91,-2.8,285.2,-4.9
3.0,9365.709740,134.03,2.4,-6.34,82.81,2.51,-3.75,1,10091,-2.8,285.2,-4.9
3.0,9365.719740,129.9,2.37,-2.7,82.89,6.18,0.25,1,9973,-1.8,349.0,-6.6
3.0,9365.729740,125.51,2.35,1.76,82.99,9.64,4.75,1,9837,-3.3,382.1,-7.3
3.0,9365.739740,121.11,2.3,6.18,83.08,12.75,9.0,1,9709,-4.3,409.1,-8.0
3.0,9365.749740,117.16,2.26,10.82,83.16,15.41,12.25,1,9582,-4.2,437.4,-8.9
3.0,9365.759739,114.96,2.25,15.62,83.26,17.53,14.75,1,9446,-3.4,451.9,-8.5
3.0,9365.769740,112.94,2.24,21.58,83.4,19.02,17.25,1,214,-2.8,217.4,-3.4
3.0,9365.779740,110.74,2.24,21.66,83.42,19.84,19.5,1,86,-1.0,199.1,-2.7
3.0,9365.789740,109.42,2.24,21.66,83.42,19.96,20.75,1,10086,-1.0,199.1,-2.7
3.0,9365.799740,109.42,2.27,23.83,83.46,19.37,20.75,1,9977,-0.8,235.5,-5.0
3.0,9365.809740,109.34,2.27,25.32,83.48,18.1,20.25,1,9841,-1.1,112.7,-2.0
3.0,9365.819740,110.65,2.25,24.28,83.46,16.18,18.75,1,9714,-0.3,19.4,-0.1
3.0,9365.829740,112.68,2.25,23.34,83.44,13.69,16.75,1,9587,-0.2,-0.4,0.2
3.0,9365.839740,115.14,2.21,21.88,83.38,10.72,14.25,1,9451,-2.0,-126.7,-0.2
3.0,9365.849740,117.86,2.2,15.54,83.24,7.36,11.5,1,219,1.7,-242.9,5.4
3.0,9365.859740,121.03,2.23,12.22,83.19,3.75,8.25,1,91,3.0,-284.4,6.2
3.0,9365.869740,124.54,2.23,12.22,83.19,0.0,4.75,1,10091,3.0,-284.4,6.2
3.0,9365.879740,128.5,2.26,8.59,83.12,-3.75,0.75,1,9982,2.9,-321.2,6.5
3.0,9365.889740,132.54,2.27,4.63,83.03,-7.36,-3.5,1,9837,2.3,-358.7,6.9
3.0,9365.899740,136.58,2.29,0.33,82.94,-10.72,-7.5,1,9720,3.5,-391.7,7.2
3.0,9365.909740,140.1,2.35,-4.08,82.84,-13.69,-11.0,1,9591,4.1,-408.7,7.9
3.0,9365.919740,143.26,2.39,-8.34,82.75,-16.18,-14.0,1,9455,2.7,-408.2,8.7
3.0,9365.929740,145.9,2.49,-14.44,82.61,-18.1,-16.75,1,223,2.3,-302.8,6.1
3.0,9365.939740,147.92,2.52,-16.58,82.55,-19.37,-18.75,1,96,3.1,-268.6,4.7
3.0,9365.949740,148.71,2.52,-16.58,82.55,-19.96,-19.5,1,10097,3.1,-268.6,4.7
3.0,9365.959740,148.97,2.56,-18.16,82.5,-19.84,-19.75,1,9979,1.8,-192.9,3.9
3.0,9365.969740,149.15,2.56,-18.29,82.5,-19.02,-19.75,1,9841,1.4,-88.3,1.7
3.0,9365.979740,148.97,2.55,-17.49,82.52,-17.53,-19.75,1,9714,-0.0,-23.6,0.7
3.0,9365.989740,148.36,2.53,-16.97,82.54,-15.41,-18.5,1,9596,-0.2,-13.1,0.5
3.0,9365.999740,146.78,2.52,-16.73,82.55,-12.75,-16.75,1,9460,-0.4,13.6,0.6
3.0,9366.009740,144.4,2.52,-13.71,82.65,-9.64,-14.5,1,227,0.2,161.0,-2.2
3.0,9366.019740,141.68,2.47,-10.46,82.74,-6.18,-11.75,1,100,-2.5,228.6,-3.7
3.0,9366.029740,138.43,2.47,-10.46,82.74,-2.51,-8.25,1,10100,-2.5,228.6,-3.7
3.0,9366.039740,134.82,2.41,-7.05,82.82,1.26,-4.75,1,9982,-2.3,273.9,-4.6
3.0,9366.049740,130.87,2.38,-3.39,82.9,4.97,-0.75,1,9846,-1.7,321.4,-5.9
3.0,9366.059740,126.74,2.35,0.69,82.99,8.52,3.25,1,9719,-3.7,360.5,-6.8
3.0,9366.069740,122.34,2.29,4.98,83.08,11.76,7.75,1,9592,-4.4,390.6,-7.5
3.0,9366.079740,117.95,2.27,9.46,83.16,14.58,11.75,1,9464,-2.7,418.0,-8.3
3.0,9366.089740,115.22,2.23,19.01,83.36,16.89,14.5,1,232,-2.9,442.1,-8.0
3.0,9366.099740,113.73,2.26,21.81,83.43,18.6,16.5,1,105,-2.3,289.8,-5.0
3.0,9366.109740,112.32,2.26,21.81,83.43,19.65,18.0,1,10105,-2.3,289.8,-5.0
3.0,9366.119740,110.92,2.25,21.81,83.44,20.0,19.25,1,9989,-1.4,152.8,-2.0
3.0,9366.129740,110.13,2.25,21.91,83.44,19.65,20.25,1,9851,-1.2,147.7,-3.0
3.0,9366.139740,110.04,2.25,23.23,83.46,18.6,20.25,1,9723,-0.5,136.7,-2.4
3.0,9366.149740,110.39,2.26,23.95,83.48,16.89,19.25,1,9597,-0.8,83.2,-1.3
3.0,9366.159740,111.88,2.25,23.49,83.47,14.58,17.5,1,9460,-0.1,7.6,0.2
3.0,9366.169740,113.99,2.19,20.43,83.36,11.76,15.5,1,228,-1.1,-150.1,1.0
3.0,9366.179740,116.54,2.18,17.15,83.29,8.52,12.75,1,109,2.2,-213.7,4.1
3.0,9366.189740,119.53,2.18,17.15,83.29,4.97,9.75,1,10109,2.2,-213.7,4.1
3.0,9366.199740,122.61,2.23,13.97,83.24,1.26,6.5,1,9992,2.1,-254.6,5.4
3.0,9366.209740,126.47,2.24,10.56,83.18,-2.51,2.75,1,9855,2.6,-299.8,6.4
3.0,9366.219740,130.34,2.26,6.82,83.11,-6.18,-1.25,1,9731,2.6,-328.1,6.6
3.0,9366.229740,134.56,2.28,2.84,83.02,-9.63,-5.5,1,9601,2.5,-369.7,6.7
3.0,9366.239740,138.69,2.31,-1.51,82.92,-12.75,-9.5,1,9465,3.4,-393.0,7.3
3.0,9366.249740,142.03,2.42,-10.44,82.73,-15.41,-12.75,1,233,4.3,-418.8,8.7
3.0,9366.259740,144.32,2.49,-13.73,82.66,-17.53,-15.25,1,105,4.5,-331.5,6.7
3.0,9366.269740,146.34,2.49,-13.73,82.66,-19.02,-17.25,1,10105,4.5,-331.5,6.7
3.0,9366.279740,148.18,2.51,-15.17,82.61,-19.84,-18.75,1,9999,1.0,-232.0,4.5
3.0,9366.289740,149.15,2.51,-16.16,82.58,-19.96,-20.0,1,9861,2.2,-197.7,3.5
3.0,9366.299743,149.59,2.56,-17.58,82.53,-19.37,-20.25,1,9735,2.8,-176.1,3.0
3.0,9366.309740,149.68,2.57,-18.46,82.51,-18.1,-20.25,1,9605,-0.4,-109.4,2.8
3.0,9366.319740,149.33,2.53,-18.25,82.53,-16.18,-19.5,1,9469,-0.0,-44.9,1.0
3.0,9366.329740,147.83,2.53,-16.83,82.58,-13.69,-17.75,1,237,0.0,39.9,0.1
3.0,9366.339740,145.72,2.52,-14.99,82.64,-10.72,-15.75,1,110,1.3,141.0,-1.5
3.0,9366.349740,143.09,2.5,-11.81,82.73,-7.36,-13.0,1,4,-1.8,217.5,-3.6
3.0,9366.359740,140.01,2.5,-11.81,82.73,-3.75,-9.75,1,10000,-1.8,217.5,-3.6
3.0,9366.369740,136.41,2.44,-8.42,82.81,0.0,-6.25,1,9858,-1.1,262.7,-4.1
3.0,9366.379743,132.54,2.41,-4.87,82.9,3.75,-2.5,1,9740,-2.9,309.8,-5.6
3.0,9366.389740,128.5,2.36,-0.87,82.98,7.36,1.75,1,9610,-3.1,353.1,-6.7
3.0,9366.399740,124.1,2.32,3.38,83.07,10.72,6.25,1,9474,-3.9,382.6,-7.1
3.0,9366.409740,119.88,2.27,12.4,83.25,13.69,10.0,1,242,-5.0,439.7,-9.1
3.0,9366.419740,116.63,2.24,17.1,83.34,16.18,13.0,1,115,-2.9,438.6,-8.2
3.0,9366.429740,114.26,2.26,20.38,83.42,18.1,15.5,1,1,-3.3,329.0,-5.6
3.0,9366.439740,112.59,2.26,20.38,83.42,19.37,17.75,1,9999,-3.3,329.0,-5.6
3.0,9366.449740,110.92,2.24,21.5,83.45,19.96,19.25,1,9860,-2.0,221.9,-3.8
3.0,9366.459741,110.3,2.25,22.26,83.47,19.84,19.75,1,9734,-0.9,184.1,-2.9
3.0,9366.469740,110.39,2.27,23.54,83.5,19.02,19.75,1,9617,-0.8,165.7,-3.4
3.0,9366.479740,110.3,2.26,23.9,83.5,17.53,19.5,1,9478,-0.6,55.0,-0.8
3.0,9366.489740,110.92,2.26,22.3,83.47,15.41,18.5,1,246,-0.1,-0.5,0.2
3.0,9366.499740,112.68,2.24,21.7,83.44,12.75,16.75,1,119,-1.2,-55.7,0.1
3.0,9366.509740,114.87,2.19,19.48,83.36,9.64,14.75,1,4,-0.9,-167.2,1.3
3.0,9366.519740,117.42,2.19,19.48,83.36,6.18,11.75,1,10004,-0.9,-167.2,1.3
3.0,9366.529740,120.41,2.18,16.16,83.29,2.51,8.75,1,9868,1.2,-220.3,4.6
3.0,9366.539743,123.93,2.22,12.95,83.25,-1.26,5.25,1,9740,2.7,-266.9,5.8
3.0,9366.549740,127.71,2.25,9.43,83.18,-4.97,1.5,1,9612,2.3,-305.7,6.3
3.0,9366.559740,131.75,2.27,5.5,83.1,-8.52,-2.75,1,9483,3.6,-353.6,6.7
3.0,9366.569740,136.14,2.33,-3.07,82.91,-11.76,-7.0,1,251,4.1,-403.9,7.6
3.0,9366.579740,140.36,2.4,-7.69,82.81,-14.58,-11.25,1,123,3.9,-437.5,8.9
3.0,9366.589740,143.61,2.45,-12.28,82.71,-16.89,-14.5,1,5,4.4,-424.9,8.9
3.0,9366.599743,145.72,2.45,-12.28,82.71,-18.6,-16.5,1,10008,4.4,-424.9,8.9
3.0,9366.609740,147.13,2.51,-15.54,82.63,-19.65,-17.75,1,9870,2.8,-338.0,6.4
3.0,9366.619741,148.62,2.53,-16.79,82.59,-20.0,-19.25,1,9744,2.8,-211.4,3.9
3.0,9366.629740,149.77,2.55,-16.82,82.58,-19.65,-20.5,1,9617,1.8,-129.7,2.7
3.0,9366.639740,149.94,2.56,-17.44,82.56,-18.6,-20.75,1,9479,1.2,-143.3,2.4
3.0,9366.649740,149.68,2.55,-18.79,82.54,-16.89,-20.0,1,247,1.2,-20.5,0.3
3.0,9366.659740,148.54,2.55,-17.45,82.57,-14.58,-18.75,1,128,-0.3,33.1,0.1
3.0,9366.669740,146.43,2.51,-15.83,82.64,-11.76,-16.5,1,10,-0.5,108.5,-0.7
3.0,9366.679739,143.96,2.51,-15.83,82.64,-8.52,-14.0,1,10010,-0.5,108.5,-0.7
3.0,9366.689740,141.06,2.5,-12.98,82.72,-4.97,-10.75,1,9874,0.8,210.1,-3.5
3.0,9366.699740,137.55,2.47,-9.48,82.8,-1.26,-7.5,1,9746,-2.5,248.6,-4.0
3.0,9366.709740,133.77,2.4,-6.19,82.88,2.51,-3.75,1,9619,-2.6,291.3,-4.9
3.0,9366.719740,129.73,2.37,-2.3,82.97,6.18,0.25,1,9486,-2.1,346.3,-6.5
3.0,9366.729740,125.51,2.29,6.34,83.15,9.63,4.75,1,251,-4.3,400.1,-7.8
3.0,9366.739740,120.94,2.26,10.86,83.23,12.75,9.0,1,124,-3.5,429.9,-8.7
3.0,9366.749740,117.25,2.25,15.75,83.33,15.41,12.25,1,14,-4.1,460.1,-8.7
3.0,9366.759740,114.87,2.25,15.75,83.33,17.53,14.75,1,10014,-4.1,460.1,-8.7
3.0,9366.769740,113.12,2.25,19.99,83.43,19.02,16.75,1,9878,-2.7,393.7,-7.3
3.0,9366.779740,111.53,2.25,21.58,83.47,19.84,18.75,1,9751,-3.2,226.0,-3.7
3.0,9366.789740,110.3,2.24,21.61,83.48,19.96,20.0,1,9624,-0.1,171.2,-2.3
3.0,9366.799740,109.69,2.26,22.74,83.5,19.37,20.5,1,9488,-1.9,168.1,-3.7
3.0,9366.809740,109.6,2.26,24.0,83.53,18.1,20.75,1,256,-0.6,57.3,-0.9
3.0,9366.819740,109.6,2.25,23.52,83.52,16.18,19.75,1,128,-0.4,14.8,-0.0
3.0,9366.829740,111.01,2.25,23.08,83.51,13.69,18.5,1,19,-0.3,-1.5,0.2
3.0,9366.839740,113.12,2.25,23.08,83.51,10.72,16.5,1,10019,-0.3,-1.5,0.2
3.0,9366.849740,115.4,2.2,21.57,83.45,7.36,13.75,1,9883,-2.0,-134.0,-0.1
3.0,9366.859740,118.3,2.16,18.23,83.34,3.75,11.0,1,9747,1.3,-201.7,3.5
3.0,9366.869740,121.64,2.21,15.06,83.3,0.0,7.5,1,9628,2.1,-248.7,5.2
3.0,9366.879740,125.42,2.23,11.64,83.25,-3.75,3.75,1,9496,2.8,-295.0,6.4
3.0,9366.889740,129.29,2.29,3.77,83.08,-7.36,-0.25,1,260,2.1,-371.8,6.7
3.0,9366.899740,133.59,2.3,-0.64,82.98,-10.72,-4.5,1,133,3.1,-400.8,7.7
3.0,9366.909740,137.99,2.36,-5.18,82.89,-13.69,-9.0,1,15,4.5,-424.2,8.2
3.0,9366.919740,142.21,2.36,-5.18,82.89,-16.18,-13.0,1,10015,4.5,-424.2,8.2
3.0,9366.929740,144.84,2.43,-9.95,82.78,-18.1,-15.75,1,9888,4.2,-453.9,9.1
3.0,9366.939740,146.34,2.49,-14.35,82.68,-19.37,-17.25,1,9751,4.6,-409.7,8.6
3.0,9366.949740,147.57,2.54,-16.63,82.62,-19.96,-18.25,1,9633,2.6,-271.5,5.2
3.0,9366.959740,148.89,2.53,-16.7,82.61,-19.84,-19.75,1,9498,1.1,-145.5,2.9
3.0,9366.969740,150.03,2.56,-17.62,82.58,-19.02,-20.75,1,265,-0.1,-138.0,2.7
3.0,9366.979740,150.73,2.55,-19.03,82.55,-17.53,-21.25,1,137,0.6,-115.4,2.4
3.0,9366.989740,150.56,2.59,-19.46,82.54,-15.41,-21.25,1,19,2.4,-65.1,1.4
3.0,9366.999740,149.77,2.59,-19.46,82.54,-12.75,-19.75,1,10019,2.4,-65.1,1.4
3.0,9367.009740,148.01,2.59,-18.77,82.56,-9.64,-18.0,1,9883,-0.3,18.9,0.5
3.0,9367.019740,145.63,2.54,-17.16,82.62,-6.18,-15.5,1,9756,-0.5,77.9,-0.5
3.0,9367.029740,142.56,2.51,-14.9,82.69,-2.51,-12.5,1,9631,-0.9,166.7,-2.1
3.0,9367.039740,139.13,2.48,-11.55,82.78,1.26,-9.25,1,9501,-1.4,246.7,-4.4
3.0,9367.049740,135.44,2.4,-3.97,82.96,4.97,-5.25,1,269,-2.9,340.2,-6.4
3.0,9367.059740,131.31,2.35,0.25,83.05,8.52,-1.25,1,142,-3.3,375.2,-7.1
3.0,9367.069740,126.91,2.31,4.69,83.14,11.76,3.25,1,29,-4.2,409.0,-7.8
3.0,9367.079740,122.17,2.31,4.69,83.14,14.58,7.75,1,10024,-4.2,409.0,-7.8
3.0,9367.089740,117.6,2.28,9.4,83.23,16.89,12.0,1,9888,-3.2,437.5,-8.8
3.0,9367.099740,114.96,2.26,14.41,83.33,18.6,14.75,1,9760,-5.3,472.4,-9.4
3.0,9367.109740,113.12,2.24,19.42,83.43,19.65,16.5,1,9633,-3.1,466.4,-8.4
3.0,9367.119740,112.41,2.26,22.27,83.51,20.0,17.25,1,9497,-2.4,291.4,-5.0
3.0,9367.129740,111.8,2.26,22.0,83.52,19.65,18.5,1,265,-0.4,81.1,-1.8
3.0,9367.139740,110.74,2.24,21.56,83.49,18.6,19.5,1,146,-2.2,54.9,-1.0
3.0,9367.149740,110.57,2.24,22.35,83.52,16.89,19.75,1,29,0.8,104.9,-1.3
3.0,9367.159740,110.57,2.24,22.35,83.52,14.58,19.0,1,10029,0.8,104.9,-1.3
3.0,9367.169740,111.88,2.28,23.0,83.54,11.76,17.5,1,9893,-0.1,15.7,-0.0
3.0,9367.179740,113.99,2.26,22.1,83.52,8.52,15.5,1,9765,-0.3,-0.1,0.2
3.0,9367.189740,116.37,2.21,20.68,83.46,4.97,13.0,1,9641,-2.1,-126.7,-0.1
3.0,9367.199740,119.36,2.17,17.41,83.36,1.26,10.0,1,9502,1.1,-199.8,3.5
3.0,9367.209740,122.61,2.24,10.74,83.25,-2.51,6.75,1,270,2.9,-298.4,6.3
3.0,9367.219740,126.3,2.27,6.92,83.18,-6.18,2.75,1,151,2.5,-331.2,6.7
3.0,9367.229740,130.25,2.28,2.82,83.09,-9.63,-1.25,1,33,2.5,-376.3,6.8
3.0,9367.239740,134.56,2.28,2.82,83.09,-12.75,-5.5,1,10033,2.5,-376.3,6.8
3.0,9367.249740,139.13,2.31,-1.63,82.98,-15.41,-10.0,1,9897,3.4,-400.2,7.5
3.0,9367.259740,143.09,2.37,-6.16,82.89,-17.53,-14.0,1,9769,3.9,-428.3,8.4
3.0,9367.269740,145.9,2.43,-11.02,82.78,-19.02,-16.75,1,9645,4.6,-458.2,9.3
3.0,9367.279740,147.39,2.5,-15.37,82.69,-19.84,-18.25,1,9508,3.5,-404.8,8.6
3.0,9367.289740,147.83,2.56,-17.77,82.6,-19.96,-18.5,1,275,2.3,-149.3,3.0
3.0,9367.299740,147.83,2.55,-16.94,82.63,-19.37,-18.5,1,147,0.6,-41.1,0.5
3.0,9367.309745,147.57,2.53,-15.8,82.66,-18.1,-18.25,1,43,0.0,5.3,0.5
3.0,9367.319740,146.95,2.53,-15.8,82.66,-16.18,-17.5,1,10037,0.0,5.3,0.5
3.0,9367.329740,146.07,2.52,-15.1,82.69,-13.69,-16.5,1,9904,0.2,24.5,0.1
3.0,9367.339740,144.84,2.52,-14.23,82.72,-10.72,-14.75,1,9774,0.4,67.7,-0.5
3.0,9367.349740,142.56,2.49,-13.0,82.76,-7.36,-12.75,1,9647,-1.8,80.5,-0.7
4.0,9369.369740,142.12,2.45,-11.29,82.93,-3.96,-12.25,1,357,0.3,53.9,-0.1
4.0,9369.379739,139.92,2.42,-9.46,83.0,0.0,-10.0,1,230,-1.9,129.3,-1.0
4.0,9369.389740,137.11,2.4,-6.41,83.07,3.96,-7.25,1,111,1.3,229.5,-4.0
4.0,9369.399740,133.86,2.4,-6.41,83.07,7.67,-3.75,1,10111,1.3,229.5,-4.0
4.0,9369.409740,130.17,2.39,-2.63,83.15,10.9,-0.25,1,9984,-4.2,278.5,-5.2
4.0,9369.419740,126.21,2.31,1.07,83.22,13.44,3.75,1,9857,-1.7,321.6,-6.0
4.0,9369.429740,121.9,2.31,5.15,83.31,15.14,8.25,1,9721,-3.6,364.7,-6.9
4.0,9369.439740,117.51,2.23,14.23,83.49,15.89,12.0,1,481,-3.9,432.8,-8.2
4.0,9369.449740,115.14,2.24,18.93,83.59,15.64,14.5,1,353,-3.1,436.3,-7.8
4.0,9369.459740,113.47,2.25,21.7,83.66,14.4,15.75,1,234,-2.1,273.9,-4.8
4.0,9369.469740,113.29,2.25,21.66,83.67,12.27,16.25,1,116,-1.2,158.4,-1.9
4.0,9369.479740,113.82,2.25,21.66,83.67,9.36,15.5,1,10116,-1.2,158.4,-1.9
4.0,9369.489740,115.22,2.25,20.78,83.66,5.86,14.25,1,9983,0.1,28.2,-0.3
4.0,9369.499740,117.25,2.23,18.86,83.59,2.0,12.25,1,9862,-1.0,-61.6,-0.0
4.0,9369.509740,119.71,2.19,16.63,83.52,-2.0,9.5,1,9725,-1.2,-132.9,1.1
4.0,9369.519740,122.78,2.23,10.81,83.41,-5.86,6.5,1,486,1.1,-248.7,5.1
4.0,9369.529740,126.21,2.24,7.24,83.34,-9.36,2.75,1,358,3.4,-305.6,6.0
4.0,9369.539740,129.99,2.28,3.15,83.25,-12.27,-1.0,1,239,2.6,-351.9,6.5
4.0,9369.549740,134.21,2.3,-1.13,83.16,-14.4,-5.25,1,120,3.0,-381.3,7.2
4.0,9369.559740,138.25,2.3,-1.13,83.16,-15.64,-9.25,1,10120,3.0,-381.3,7.2
4.0,9369.569740,141.59,2.35,-5.57,83.07,-15.89,-12.25,1,9985,3.8,-414.6,8.3
4.0,9369.579740,143.35,2.42,-10.06,82.97,-15.14,-14.25,1,9858,4.5,-415.6,8.4
4.0,9369.589740,144.14,2.48,-13.33,82.9,-13.44,-15.0,1,9724,3.6,-325.3,6.8
4.0,9369.599740,144.14,2.46,-13.74,82.88,-10.9,-14.75,1,490,2.1,-81.5,1.5
4.0,9369.609740,143.61,2.48,-12.67,82.91,-7.67,-13.75,1,363,0.5,2.0,0.5
4.0,9369.619740,142.21,2.45,-11.28,82.96,-3.96,-12.25,1,235,-0.3,55.3,0.1
4.0,9369.629740,139.92,2.41,-9.38,83.02,0.0,-9.75,1,125,-1.7,136.9,-1.4
4.0,9369.639740,137.11,2.41,-9.38,83.02,3.96,-7.25,1,10125,-1.7,136.9,-1.4
4.0,9369.649740,133.86,2.4,-6.3,83.09,7.67,-3.75,1,9992,0.9,226.8,-3.9
4.0,9369.659740,130.17,2.38,-2.59,83.17,10.9,-0.25,1,9862,-3.5,281.1,-5.1
4.0,9369.669740,126.04,2.32,1.22,83.25,13.44,4.0,1,9726,-2.1,327.1,-6.1
4.0,9369.679740,121.82,2.26,9.83,83.42,15.14,8.25,1,494,-4.2,407.2,-8.3
4.0,9369.689740,117.42,2.23,14.51,83.51,15.89,12.25,1,367,-4.0,428.6,-8.1
4.0,9369.699740,114.79,2.23,19.11,83.62,15.64,14.75,1,240,-2.8,439.2,-7.9
4.0,9369.709740,113.38,2.25,22.09,83.69,14.4,16.25,1,129,-2.4,288.1,-5.1
4.0,9369.719740,113.03,2.25,22.09,83.69,12.27,16.25,1,10129,-2.4,288.1,-5.1
4.0,9369.729743,113.73,2.25,22.08,83.7,9.36,15.75,1,9997,-0.8,150.6,-1.7
4.0,9369.739740,115.22,2.25,21.03,83.68,5.86,14.25,1,9866,-0.4,32.9,-0.6
4.0,9369.749743,117.16,2.23,19.2,83.62,2.0,12.25,1,9734,-0.9,-65.4,-0.0
4.0,9369.759740,119.62,2.19,14.15,83.49,-2.0,9.5,1,499,2.1,-199.8,4.2
4.0,9369.769740,122.78,2.23,10.97,83.44,-5.86,6.5,1,371,1.4,-254.4,5.3
4.0,9369.779740,126.12,2.24,7.34,83.37,-9.36,3.0,1,244,3.4,-307.9,6.0
4.0,9369.789740,129.99,2.28,3.26,83.28,-12.27,-1.0,1,134,2.6,-354.6,6.6
4.0,9369.799740,134.21,2.3,-1.05,83.18,-14.4,-5.25,1,5,3.1,-383.8,7.2
4.0,9369.809742,138.25,2.3,-1.05,83.18,-15.64,-9.25,1,10001,3.1,-383.8,7.2
4.0,9369.819740,141.68,2.35,-5.51,83.09,-15.89,-12.25,1,9871,3.5,-416.9,8.4
4.0,9369.829743,143.44,2.41,-10.03,83.0,-15.14,-14.25,1,9738,4.7,-417.9,8.4
4.0,9369.839740,144.4,2.48,-14.31,82.89,-13.44,-15.0,1,495,0.4,-189.5,3.7
4.0,9369.849740,144.32,2.47,-13.77,82.9,-10.9,-14.75,1,376,2.5,-83.6,1.5
4.0,9369.859740,143.79,2.49,-12.69,82.93,-7.67,-14.0,1,248,0.3,2.4,0.5
4.0,9369.869740,142.21,2.45,-11.27,82.98,-3.96,-12.25,1,130,-0.3,55.9,-0.0
4.0,9369.879740,139.83,2.42,-9.3,83.04,-0.0,-9.75,1,4,-2.1,144.4,-1.5
4.0,9369.889740,137.11,2.42,-9.3,83.04,3.96,-7.25,1,10003,-2.1,144.4,-1.5
4.0,9369.899740,133.77,2.39,-6.07,83.12,7.67,-3.75,1,9878,0.4,234.1,-4.0
4.0,9369.909743,130.08,2.37,-2.38,83.2,10.9,-0.0,1,9742,-3.6,280.3,-5.1
4.0,9369.919740,126.04,2.31,5.56,83.36,13.44,4.25,1,499,-4.0,371.7,-7.0
4.0,9369.929740,121.82,2.25,10.03,83.45,15.14,8.25,1,372,-4.3,404.0,-8.1
4.0,9369.939740,118.12,2.23,14.68,83.54,15.89,11.25,1,253,-3.6,432.3,-8.1
4.0,9369.949740,116.1,2.24,18.69,83.63,15.64,13.25,1,134,-2.1,373.2,-7.0
4.0,9369.959740,115.31,2.23,20.17,83.67,14.4,14.0,1,4,-4.0,207.4,-3.2
4.0,9369.969740,115.49,2.23,20.17,83.67,12.27,13.75,1,9999,-4.0,207.4,-3.2
4.0,9369.979740,116.37,2.2,19.32,83.65,9.36,13.0,1,9881,0.0,81.9,-1.5
4.0,9369.989740,117.86,2.23,17.93,83.61,5.86,11.5,1,9744,-0.0,-13.6,-0.1
4.0,9369.999740,119.97,2.2,13.95,83.51,2.0,9.25,1,504,0.2,-146.4,2.7
4.0,9370.009740,122.52,2.22,11.24,83.46,-2.0,6.75,1,376,2.4,-209.2,4.0
4.0,9370.019740,125.6,2.25,7.99,83.39,-5.86,3.5,1,258,2.3,-261.5,5.4
4.0,9370.029740,129.11,2.27,4.36,83.32,-9.36,-0.0,1,139,2.1,-311.0,5.7
4.0,9370.039740,132.98,2.29,0.35,83.23,-12.27,-3.75,1,4,2.6,-350.9,6.7
4.0,9370.049740,137.11,2.29,0.35,83.23,-14.4,-8.0,1,10003,2.6,-350.9,6.7
4.0,9370.059740,140.8,2.33,-3.86,83.14,-15.64,-11.75,1,9876,4.1,-381.0,7.4
4.0,9370.069740,143.26,2.39,-8.33,83.05,-15.89,-14.25,1,9749,2.9,-416.4,8.7
4.0,9370.079740,144.58,2.48,-14.57,82.91,-15.14,-15.25,1,508,1.4,-241.0,4.4
4.0,9370.089740,145.11,2.49,-14.49,82.9,-13.44,-15.75,1,381,3.2,-132.2,2.1
4.0,9370.099740,145.2,2.5,-13.93,82.91,-10.9,-15.75,1,253,-0.0,-52.5,1.3
4.0,9370.109740,144.76,2.46,-13.23,82.93,-7.67,-15.0,1,144,-0.4,-9.7,0.5
4.0,9370.119740,143.35,2.45,-12.39,82.97,-3.96,-13.25,1,8,-0.2,41.9,0.5
4.0,9370.129740,140.98,2.45,-12.39,82.97,-0.0,-11.25,1,10008,-0.2,41.9,0.5
4.0,9370.139740,138.25,2.44,-10.5,83.03,3.96,-8.25,1,9880,0.6,136.9,-1.8
4.0,9370.149740,135.0,2.42,-7.31,83.11,7.67,-4.75,1,9753,-2.2,224.9,-3.5
4.0,9370.159740,131.13,2.36,0.28,83.27,10.9,-1.25,1,513,-2.5,331.3,-6.1
4.0,9370.169740,127.09,2.29,4.45,83.36,13.44,2.75,1,386,-5.3,368.8,-7.0
4.0,9370.179740,122.78,2.25,8.92,83.44,15.14,7.25,1,258,-2.5,409.8,-7.9
4.0,9370.189740,118.56,2.25,13.59,83.54,15.89,11.25,1,148,-5.1,426.2,-8.5
4.0,9370.199740,115.66,2.22,18.17,83.63,15.64,13.75,1,13,-2.3,442.1,-8.1
4.0,9370.209740,114.35,2.22,18.17,83.63,14.4,15.25,1,10013,-2.3,442.1,-8.1
4.0,9370.219740,113.99,2.25,21.34,83.71,12.27,15.25,1,9885,-2.7,301.5,-5.3
4.0,9370.229740,114.61,2.24,21.29,83.71,9.36,14.75,1,9749,-1.1,135.8,-1.9
4.0,9370.239740,115.84,2.23,18.45,83.64,5.86,13.5,1,517,-0.7,-52.1,0.0
4.0,9370.249740,117.69,2.19,16.36,83.57,2.0,11.75,1,390,-1.0,-121.8,1.1
4.0,9370.259740,120.15,2.19,13.82,83.52,-2.0,9.25,1,263,1.1,-183.5,3.8
4.0,9370.269740,123.05,2.23,10.75,83.47,-5.86,6.25,1,152,2.8,-244.8,4.6
4.0,9370.279740,126.47,2.25,7.19,83.4,-9.36,2.75,1,17,1.9,-295.3,6.1
4.0,9370.289740,130.17,2.25,7.19,83.4,-12.27,-1.25,1,10017,1.9,-295.3,6.1
4.0,9370.299740,134.3,2.26,3.25,83.32,-14.4,-5.25,1,9890,2.6,-343.1,6.4
4.0,9370.309740,138.43,2.3,-0.98,83.22,-15.64,-9.25,1,9754,3.4,-375.1,7.0
4.0,9370.319740,141.68,2.41,-9.85,83.04,-15.89,-12.25,1,513,4.6,-411.3,8.4
4.0,9370.329740,143.35,2.47,-13.1,82.96,-15.14,-14.25,1,394,3.9,-321.8,6.7
4.0,9370.339740,144.14,2.47,-14.04,82.94,-13.44,-14.75,1,267,0.2,-183.2,3.6
4.0,9370.349740,144.05,2.45,-13.43,82.95,-10.9,-14.75,1,148,1.7,-77.5,1.5
4.0,9370.359740,143.35,2.47,-12.35,82.98,-7.67,-13.75,1,27,0.6,2.3,0.4
4.0,9370.369740,142.21,2.47,-12.35,82.98,-3.96,-12.25,1,10022,0.6,2.3,0.4
4.0,9370.379740,139.75,2.44,-10.97,83.02,0.0,-9.75,1,9894,-0.3,58.7,0.1
4.0,9370.389740,136.93,2.41,-9.1,83.09,3.96,-7.25,1,9758,-1.8,131.1,-1.2
4.0,9370.399740,133.86,2.38,-2.24,83.24,7.67,-3.75,1,518,-4.4,268.0,-4.9
4.0,9370.409740,129.99,2.31,1.32,83.31,10.9,-0.0,1,390,-1.2,327.0,-6.1
4.0,9370.419740,126.04,2.3,5.58,83.4,13.44,4.0,1,271,-4.2,367.1,-7.0
4.0,9370.429740,121.82,2.25,9.99,83.48,15.14,8.25,1,153,-3.9,401.0,-8.1
4.0,9370.439740,117.42,2.23,14.69,83.57,15.89,12.25,1,17,-4.1,436.3,-8.2
4.0,9370.449740,114.96,2.23,14.69,83.57,15.64,14.75,1,10017,-4.1,436.3,-8.2
4.0,9370.459740,113.29,2.23,19.43,83.68,14.4,16.25,1,9902,-3.1,438.8,-7.9
4.0,9370.469740,113.03,2.24,22.19,83.75,12.27,16.25,1,9762,-2.2,274.7,-4.8
4.0,9370.479740,113.73,2.25,21.32,83.75,9.36,15.75,1,523,-0.1,32.3,-0.8
4.0,9370.489740,115.14,2.22,19.41,83.67,5.86,14.25,1,395,-1.1,-63.0,-0.1
4.0,9370.499740,117.16,2.18,17.1,83.6,2.0,12.25,1,276,-1.2,-135.8,1.2
4.0,9370.509740,119.53,2.18,14.37,83.55,-2.0,9.5,1,157,2.1,-199.6,4.2
4.0,9370.519740,122.78,2.22,11.18,83.5,-5.86,6.5,1,28,1.5,-255.0,5.3
4.0,9370.529740,126.21,2.22,11.18,83.5,-9.36,2.75,1,10022,1.5,-255.0,5.3
4.0,9370.539740,129.99,2.24,7.54,83.43,-12.27,-1.0,1,9895,3.4,-307.9,6.0
4.0,9370.549740,134.3,2.28,3.46,83.34,-14.4,-5.25,1,9767,2.5,-354.7,6.6
4.0,9370.559740,137.99,2.34,-5.31,83.15,-15.64,-8.75,1,527,3.4,-417.4,8.4
4.0,9370.569740,140.36,2.39,-9.5,83.07,-15.89,-11.25,1,400,3.8,-384.6,7.9
4.0,9370.579740,141.68,2.44,-11.67,83.02,-15.14,-12.5,1,272,3.2,-250.3,5.4
4.0,9370.589740,141.86,2.45,-11.6,83.02,-13.44,-12.75,1,162,1.4,-126.5,2.6
4.0,9370.599740,141.5,2.43,-10.54,83.04,-10.9,-12.0,1,29,0.2,-17.3,0.6
4.0,9370.609740,140.36,2.43,-10.54,83.04,-7.67,-10.5,1,10026,0.2,-17.3,0.6
4.0,9370.619740,138.25,2.41,-9.17,83.08,-3.96,-8.5,1,9899,0.3,28.4,-0.0
4.0,9370.629740,135.7,2.4,-7.57,83.13,0.0,-5.75,1,9772,-1.0,114.5,-1.1
4.0,9370.639740,132.8,2.35,-1.15,83.28,3.96,-2.75,1,531,-1.6,240.0,-4.0
4.0,9370.649740,129.29,2.31,2.18,83.35,7.67,0.75,1,404,-3.0,308.6,-5.8
4.0,9370.659740,125.51,2.28,6.33,83.43,10.9,4.75,1,277,-3.0,346.7,-6.6
4.0,9370.669740,121.55,2.24,10.49,83.51,13.44,8.75,1,158,-4.7,378.3,-7.7
4.0,9370.679740,117.33,2.21,14.88,83.6,15.14,12.5,1,31,-3.2,407.9,-7.3
4.0,9370.689740,114.52,2.21,14.88,83.6,15.89,14.75,1,10031,-3.2,407.9,-7.3
4.0,9370.699740,113.29,2.23,19.29,83.7,15.64,16.25,1,9903,-2.9,411.9,-7.2
4.0,9370.709740,113.03,2.23,22.15,83.77,14.4,16.25,1,9768,-2.0,282.4,-5.2
4.0,9370.719740,113.82,2.24,20.99,83.75,12.27,15.75,1,536,-0.5,27.5,-0.9
4.0,9370.729740,115.05,2.21,19.26,83.68,9.36,14.25,1,408,-0.9,-65.5,-0.0
4.0,9370.739740,116.98,2.18,17.03,83.61,5.86,12.25,1,281,-0.5,-130.7,1.4
4.0,9370.749740,119.36,2.19,14.48,83.57,2.0,9.75,1,162,1.6,-188.7,3.9
4.0,9370.759740,122.26,2.22,11.45,83.52,-2.0,6.75,1,39,1.9,-244.5,5.1
4.0,9370.769740,125.68,2.22,11.45,83.52,-5.86,3.5,1,10033,1.9,-244.5,5.1
4.0,9370.779740,129.38,2.24,7.99,83.46,-9.36,-0.25,1,9908,2.9,-290.7,5.8
4.0,9370.789740,133.42,2.27,4.1,83.37,-12.27,-4.25,1,9772,3.2,-341.7,6.2
4.0,9370.799740,137.81,2.34,-4.52,83.19,-14.4,-8.75,1,532,4.0,-404.8,8.1
4.0,9370.809740,141.5,2.4,-9.16,83.09,-15.64,-12.5,1,413,3.5,-433.3,8.7
4.0,9370.819740,144.05,2.46,-13.42,82.99,-15.89,-14.75,1,286,4.7,-397.0,8.4
4.0,9370.829740,145.37,2.49,-15.58,82.94,-15.14,-16.25,1,167,1.0,-251.3,4.9
4.0,9370.839745,145.55,2.49,-15.39,82.93,-13.44,-16.25,1,46,2.7,-127.4,2.1
4.0,9370.849740,145.11,2.49,-15.39,82.93,-10.9,-15.5,1,10042,2.7,-127.4,2.1
4.0,9370.859740,143.7,2.49,-14.36,82.96,-7.67,-14.0,1,9916,-0.3,-20.1,0.8
4.0,9370.869740,141.5,2.45,-12.99,83.01,-3.96,-11.75,1,9779,-0.3,30.3,0.6
4.0,9370.879740,139.04,2.42,-7.67,83.15,-0.0,-9.25,1,536,-2.5,223.3,-3.5
4.0,9370.889740,135.97,2.37,-4.5,83.23,3.96,-6.0,1,409,-0.7,239.2,-4.2
4.0,9370.899740,132.19,2.35,-1.14,83.3,7.67,-2.25,1,290,-3.3,319.6,-5.9
4.0,9370.909740,128.32,2.29,3.27,83.39,10.9,1.75,1,171,-3.6,361.3,-6.7
4.0,9370.919740,124.19,2.27,7.63,83.48,13.44,5.75,1,39,-3.3,394.4,-7.6
4.0,9370.929740,119.79,2.27,7.63,83.48,15.14,10.25,1,10034,-3.3,394.4,-7.6
4.0,9370.939743,116.1,2.23,12.12,83.56,15.89,13.25,1,9921,-5.2,416.4,-8.5
4.0,9370.949740,114.17,2.21,16.79,83.65,15.64,15.25,1,9782,-2.6,445.8,-7.9
4.0,9370.959740,113.12,2.23,22.45,83.79,14.4,16.25,1,541,-1.5,198.1,-2.8
4.0,9370.969740,113.38,2.24,21.42,83.78,12.27,16.25,1,413,-0.2,91.6,-1.1
4.0,9370.979740,114.35,2.24,20.26,83.74,9.36,15.25,1,295,-0.5,-9.2,-0.3
4.0,9370.989740,115.93,2.19,18.29,83.67,5.86,13.25,1,176,-1.5,-96.0,0.2
4.0,9370.999745,118.12,2.18,15.78,83.6,2.0,11.25,1,46,1.2,-163.3,2.7
4.0,9371.009740,120.94,2.18,15.78,83.6,-2.0,8.25,1,10042,1.2,-163.3,2.7
4.0,9371.019741,124.1,2.21,12.92,83.56,-5.86,5.25,1,9914,1.3,-218.8,4.4
4.0,9371.029740,127.62,2.22,9.66,83.5,-9.36,1.5,1,9786,2.6,-270.0,5.5
4.0,9371.039740,131.57,2.28,1.71,83.33,-12.27,-2.5,1,545,2.8,-360.9,6.7
4.0,9371.049740,135.88,2.32,-2.58,83.24,-14.4,-6.75,1,418,3.3,-393.6,7.5
4.0,9371.059740,139.66,2.37,-7.22,83.14,-15.64,-10.5,1,290,4.2,-430.9,8.9
4.0,9371.069740,142.21,2.42,-11.51,83.06,-15.89,-13.0,1,180,2.3,-391.2,8.6
4.0,9371.079744,143.44,2.45,-13.67,83.01,-15.14,-14.25,1,48,4.1,-255.6,4.7
4.0,9371.089740,143.7,2.45,-13.67,83.01,-13.44,-14.5,1,10044,4.1,-255.6,4.7
4.0,9371.099740,143.44,2.47,-13.59,83.0,-10.9,-14.0,1,9917,0.3,-128.0,2.5
4.0,9371.109740,142.56,2.44,-12.6,83.03,-7.67,-12.75,1,9790,0.6,-28.1,0.8
4.0,9371.119740,140.62,2.42,-9.9,83.11,-3.96,-10.75,1,550,-0.3,84.0,-0.2
4.0,9371.129740,138.08,2.39,-7.4,83.18,0.0,-8.25,1,423,-0.9,195.9,-3.1
4.0,9371.139740,135.18,2.37,-3.81,83.26,3.96,-5.25,1,295,-1.4,247.3,-4.4
4.0,9371.149740,131.66,2.34,-0.34,83.33,7.67,-1.75,1,176,-1.8,295.6,-5.5
4.0,9371.159739,127.97,2.29,3.56,83.41,10.9,2.25,1,48,-4.9,342.7,-6.5
4.0,9371.169740,123.84,2.29,3.56,83.41,13.44,6.25,1,10049,-4.9,342.7,-6.5
4.0,9371.179743,119.53,2.25,7.81,83.49,15.14,10.25,1,9925,-2.0,377.8,-7.2
4.0,9371.189740,115.93,2.24,12.26,83.58,15.89,13.5,1,9786,-5.1,410.6,-8.1
4.0,9371.199740,113.99,2.23,21.0,83.77,15.64,15.5,1,554,-2.7,393.4,-7.4
4.0,9371.209740,113.03,2.23,22.56,83.81,14.4,16.75,1,427,-1.4,192.6,-2.5
4.0,9371.219740,112.94,2.24,21.62,83.81,12.27,17.25,1,300,-0.2,107.4,-1.5
4.0,9371.229740,112.85,2.24,20.89,83.78,9.36,17.0,1,181,-0.7,12.7,-0.4
4.0,9371.239740,113.64,2.22,19.95,83.75,5.86,15.75,1,53,-0.1,0.2,0.2
4.0,9371.249740,115.4,2.22,19.95,83.75,2.0,14.0,1,10053,-0.1,0.2,0.2
4.0,9371.259740,117.77,2.21,19.15,83.72,-2.0,11.5,1,9926,-1.0,-67.0,0.1
4.0,9371.269740,120.59,2.18,16.74,83.65,-5.86,8.5,1,9791,-0.0,-173.9,2.4
4.0,9371.279740,124.1,2.23,9.76,83.52,-9.36,5.25,1,550,2.7,-286.3,5.5
4.0,9371.289740,127.71,2.26,5.85,83.44,-12.27,1.25,1,431,3.1,-343.6,6.9
4.0,9371.299740,131.84,2.28,1.5,83.35,-14.4,-2.75,1,304,2.9,-377.5,7.2
4.0,9371.309740,136.23,2.32,-2.92,83.26,-15.64,-7.25,1,185,3.4,-407.4,7.8
4.0,9371.319740,140.01,2.37,-7.64,83.16,-15.89,-11.0,1,58,4.4,-441.6,9.2
4.0,9371.329740,142.73,2.37,-7.64,83.16,-15.14,-13.5,1,10058,4.4,-441.6,9.2
4.0,9371.339740,143.96,2.43,-11.98,83.07,-13.44,-14.75,1,9931,2.9,-399.1,8.6
4.0,9371.349740,144.32,2.46,-14.15,83.02,-10.9,-15.0,1,9795,3.4,-259.5,4.8
4.0,9371.359740,143.96,2.47,-13.11,83.03,-7.67,-14.5,1,555,2.0,-26.4,0.2
4.0,9371.369740,143.0,2.47,-11.74,83.07,-3.96,-13.0,1,427,-0.2,29.4,0.5
4.0,9371.379739,140.8,2.43,-10.24,83.13,0.0,-11.0,1,308,-0.8,95.1,-0.6
4.0,9371.389740,138.25,2.4,-7.49,83.2,3.96,-8.25,1,190,-1.1,208.9,-3.4
4.0,9371.399740,135.18,2.37,-3.76,83.28,7.67,-5.25,1,54,-2.2,260.2,-4.8
4.0,9371.409740,131.4,2.37,-3.76,83.28,10.9,-1.5,1,10057,-2.2,260.2,-4.8
4.0,9371.419740,127.53,2.34,-0.08,83.36,13.44,2.5,1,9936,-1.6,316.8,-5.8
4.0,9371.429740,123.4,2.3,4.06,83.44,15.14,6.75,1,9799,-4.8,357.6,-6.8
4.0,9371.439740,118.92,2.24,13.01,83.62,15.89,10.5,1,559,-5.2,410.3,-8.1
4.0,9371.449740,116.19,2.21,17.58,83.71,15.64,13.25,1,432,-2.8,448.5,-8.1
4.0,9371.459740,114.96,2.23,20.82,83.79,14.4,14.25,1,313,-3.0,286.1,-4.9
4.0,9371.469740,114.7,2.21,20.5,83.78,12.27,15.0,1,194,-1.4,130.6,-2.3
4.0,9371.479740,114.61,2.23,19.32,83.76,9.36,15.25,1,58,0.7,38.2,-0.1
4.0,9371.489740,115.14,2.23,19.32,83.76,5.86,14.25,1,10061,0.7,38.2,-0.1
4.0,9371.499740,116.46,2.25,18.4,83.75,2.0,12.75,1,9940,0.0,0.8,0.3
4.0,9371.509740,118.56,2.22,17.64,83.72,-2.0,10.75,1,9804,-0.9,-39.0,0.3
4.0,9371.519740,121.11,2.2,12.74,83.59,-5.86,8.0,1,564,1.9,-210.5,3.6
4.0,9371.529740,124.37,2.23,9.45,83.53,-9.36,4.75,1,436,2.0,-256.9,5.4
4.0,9371.539740,127.88,2.25,5.8,83.47,-12.27,1.25,1,309,2.7,-318.1,6.0
4.0,9371.549740,131.75,2.28,1.59,83.37,-14.4,-2.75,1,199,2.7,-360.2,6.7
4.0,9371.559740,136.05,2.32,-2.74,83.28,-15.64,-7.0,1,63,3.4,-389.9,7.5
4.0,9371.569740,139.75,2.32,-2.74,83.28,-15.89,-10.75,1,10066,3.4,-389.9,7.5
4.0,9371.579740,142.29,2.37,-7.31,83.18,-15.14,-13.0,1,9936,4.3,-427.0,8.8
4.0,9371.589740,143.44,2.42,-11.51,83.1,-13.44,-14.25,1,9809,2.4,-382.8,8.5
4.0,9371.599740,143.53,2.47,-13.36,83.04,-10.9,-14.25,1,568,0.1,-118.4,2.3
4.0,9371.609740,143.17,2.43,-12.26,83.07,-7.67,-13.75,1,441,0.5,-18.1,0.6
4.0,9371.619740,142.03,2.44,-10.89,83.11,-3.96,-12.25,1,313,0.5,37.3,-0.1
4.0,9371.629740,139.83,2.42,-9.32,83.17,-0.0,-10.0,1,204,-0.4,102.2,-0.5
4.0,9371.639740,137.29,2.41,-6.36,83.25,3.96,-7.25,1,67,0.6,231.2,-3.8
4.0,9371.649740,134.03,2.41,-6.36,83.25,7.67,-4.25,1,10067,0.6,231.2,-3.8
4.0,9371.659740,130.43,2.38,-2.57,83.33,10.9,-0.5,1,9940,-3.5,250.9,-4.4
4.0,9371.669740,126.56,2.32,0.86,83.39,13.44,3.5,1,9804,-1.3,323.3,-6.1
4.0,9371.679740,122.26,2.24,9.49,83.56,15.14,7.75,1,573,-3.4,402.6,-8.0
4.0,9371.689740,117.95,2.23,14.17,83.66,15.89,11.75,1,445,-4.5,421.9,-8.0
4.0,9371.699740,115.4,2.22,18.72,83.76,15.64,14.25,1,318,-2.8,435.7,-7.8
4.0,9371.709740,113.99,2.24,21.66,83.83,14.4,15.5,1,199,-2.1,281.5,-5.1
4.0,9371.719740,113.64,2.24,21.54,83.83,12.27,15.75,1,72,-1.2,142.6,-1.6
4.0,9371.729740,114.26,2.24,21.54,83.83,9.36,15.25,1,10072,-1.2,142.6,-1.6
4.0,9371.739740,115.58,2.24,20.42,83.82,5.86,13.75,1,9945,0.1,27.2,-0.1
4.0,9371.749740,117.42,2.23,18.75,83.76,2.0,11.75,1,9809,-0.9,-51.2,0.0
4.0,9371.759740,119.97,2.19,14.02,83.63,-2.0,9.25,1,577,2.4,-194.3,3.9
4.0,9371.769740,122.87,2.23,10.87,83.58,-5.86,6.25,1,450,2.0,-246.1,4.7
4.0,9371.779740,126.39,2.24,7.33,83.51,-9.36,2.75,1,323,2.6,-301.7,6.0
4.0,9371.789740,130.17,2.27,3.29,83.43,-12.27,-1.25,1,204,2.6,-348.2,6.5
4.0,9371.799740,134.21,2.3,-0.97,83.33,-14.4,-5.25,1,76,3.3,-379.5,7.1
4.0,9371.809740,138.34,2.3,-0.97,83.33,-15.64,-9.25,1,10079,3.3,-379.5,7.1
4.0,9371.819740,141.59,2.34,-5.42,83.24,-15.89,-12.5,1,9950,3.1,-412.7,8.4
4.0,9371.829740,143.44,2.4,-9.9,83.15,-15.14,-14.25,1,9813,4.8,-415.0,8.4
4.0,9371.839740,144.32,2.47,-14.17,83.05,-13.44,-15.0,1,573,0.4,-187.1,3.7
4.0,9371.849740,144.23,2.46,-13.61,83.06,-10.9,-14.75,1,454,2.6,-82.1,1.4
4.0,9371.859740,143.53,2.48,-12.53,83.08,-7.67,-13.75,1,327,-0.1,3.5,0.7
4.0,9371.869740,142.12,2.44,-11.09,83.14,-3.96,-12.25,1,208,-0.3,58.2,0.0
4.0,9371.879740,139.83,2.4,-9.15,83.2,0.0,-9.75,1,72,-2.0,139.6,-1.5
4.0,9371.889743,137.02,2.4,-9.15,83.2,3.96,-7.25,1,10075,-2.0,139.6,-1.5
4.0,9371.899740,133.68,2.38,-6.06,83.27,7.67,-3.75,1,9954,0.3,228.6,-4.0
4.0,9371.909743,129.99,2.36,-2.33,83.35,10.9,-0.0,1,9821,-3.7,284.7,-5.2
4.0,9371.919740,126.04,2.28,5.67,83.52,13.44,4.25,1,578,-4.1,368.8,-6.9
4.0,9371.929740,121.82,2.24,10.1,83.6,15.14,8.25,1,450,-3.7,404.6,-8.1
4.0,9371.939740,118.12,2.23,14.69,83.69,15.89,11.25,1,331,-3.5,423.7,-7.8
4.0,9371.949740,116.1,2.23,18.76,83.78,15.64,13.25,1,213,-2.3,388.0,-7.3
4.0,9371.959740,115.4,2.22,20.45,83.82,14.4,14.0,1,77,-3.6,204.9,-3.1
4.0,9371.969741,115.58,2.22,20.45,83.82,12.27,13.75,1,10079,-3.6,204.9,-3.1
4.0,9371.979740,116.46,2.2,19.43,83.8,9.36,12.75,1,9962,0.0,82.3,-1.4
4.0,9371.989743,117.86,2.23,18.07,83.76,5.86,11.25,1,9825,-0.1,-12.9,-0.0
4.0,9371.999740,119.88,2.2,14.12,83.66,2.0,9.25,1,582,0.5,-146.3,2.6
4.0,9372.009740,122.52,2.22,11.39,83.61,-2.0,6.75,1,455,2.4,-208.8,3.9
4.0,9372.019740,125.6,2.25,8.15,83.55,-5.86,3.5,1,327,2.5,-261.2,5.3
4.0,9372.029740,129.2,2.26,4.52,83.47,-9.36,-0.0,1,217,2.0,-310.9,5.7
4.0,9372.039740,132.98,2.28,0.51,83.38,-12.27,-3.75,1,81,2.9,-350.8,6.6
4.0,9372.049743,137.02,2.28,0.51,83.38,-14.4,-8.0,1,10084,2.9,-350.8,6.6
4.0,9372.059740,140.89,2.33,-3.71,83.29,-15.64,-11.75,1,9956,3.9,-381.3,7.4
4.0,9372.069740,143.26,2.38,-8.18,83.2,-15.89,-14.25,1,9827,2.8,-416.9,8.7
4.0,9372.079740,144.49,2.48,-14.45,83.07,-15.14,-15.25,1,587,1.3,-241.6,4.4
4.0,9372.089740,145.02,2.48,-14.35,83.05,-13.44,-15.75,1,460,3.3,-131.0,2.0
4.0,9372.099740,145.11,2.5,-13.75,83.06,-10.9,-15.75,1,332,-0.3,-50.4,1.3
4.0,9372.109740,144.58,2.45,-13.04,83.09,-7.67,-15.0,1,222,-0.4,-8.7,0.6
4.0,9372.119740,143.26,2.44,-12.2,83.12,-3.96,-13.25,1,86,-0.1,42.7,0.5
4.0,9372.129743,140.98,2.44,-12.2,83.12,0.0,-11.0,1,10089,-0.1,42.7,0.5
4.0,9372.139740,138.16,2.44,-10.32,83.18,3.96,-8.25,1,9959,0.6,137.1,-1.8
4.0,9372.149740,134.82,2.41,-7.13,83.26,7.67,-4.75,1,9832,-2.1,225.0,-3.5
4.0,9372.159740,131.04,2.34,0.54,83.43,10.9,-1.0,1,591,-2.8,333.7,-6.1
4.0,9372.169740,127.0,2.28,4.77,83.52,13.44,3.25,1,464,-5.1,374.9,-7.1
4.0,9372.179740,122.7,2.24,9.21,83.6,15.14,7.5,1,337,-2.5,403.5,-7.8
4.0,9372.189740,118.39,2.24,13.84,83.69,15.89,11.25,1,218,-4.6,434.1,-8.5
4.0,9372.199740,115.58,2.22,18.49,83.79,15.64,14.0,1,90,-2.7,435.4,-8.0
4.0,9372.209740,114.17,2.22,18.49,83.79,14.4,15.25,1,10090,-2.7,435.4,-8.0
4.0,9372.219740,113.82,2.24,21.6,83.87,12.27,15.75,1,9964,-2.4,310.2,-5.5
4.0,9372.229739,114.43,2.23,21.78,83.88,9.36,15.0,1,9828,-1.5,143.6,-1.8
4.0,9372.239740,115.58,2.23,18.77,83.8,5.86,13.75,1,596,-0.9,-45.2,-0.1
4.0,9372.249740,117.51,2.18,16.83,83.73,2.0,11.75,1,468,-1.1,-121.0,0.8
4.0,9372.259740,119.88,2.19,14.19,83.67,-2.0,9.25,1,341,2.0,-187.7,3.8
4.0,9372.269740,122.87,2.23,11.11,83.63,-5.86,6.25,1,222,2.1,-241.4,4.6
4.0,9372.279740,126.3,2.24,7.6,83.56,-9.36,2.75,1,86,2.6,-296.9,6.0
4.0,9372.289740,129.99,2.24,7.6,83.56,-12.27,-1.0,1,10086,2.6,-296.9,6.0
4.0,9372.299740,134.21,2.27,3.6,83.47,-14.4,-5.25,1,9968,2.6,-344.3,6.5
4.0,9372.309740,137.81,2.3,-0.64,83.38,-15.64,-8.75,1,9832,3.2,-375.6,7.1
4.0,9372.319740,140.27,2.39,-9.19,83.21,-15.89,-11.25,1,600,3.8,-379.5,7.9
4.0,9372.329740,141.5,2.43,-11.36,83.16,-15.14,-12.25,1,473,2.8,-247.1,5.4
4.0,9372.339740,141.68,2.44,-11.29,83.16,-13.44,-12.25,1,345,1.8,-125.2,2.6
4.0,9372.349740,141.24,2.43,-10.17,83.18,-10.9,-11.75,1,227,0.0,-9.3,0.5
4.0,9372.359740,140.1,2.41,-8.66,83.23,-7.67,-10.25,1,90,0.5,35.3,-0.1
4.0,9372.369740,137.99,2.41,-8.66,83.23,-3.96,-8.25,1,10090,0.5,35.3,-0.1
4.0,9372.379740,135.44,2.4,-7.14,83.27,-0.0,-5.5,1,9973,-0.5,107.8,-1.1
4.0,9372.389740,132.36,2.37,-4.3,83.34,3.96,-2.25,1,9836,-1.3,211.7,-3.2
4.0,9372.399740,128.76,2.31,2.82,83.5,7.67,1.25,1,605,-3.3,304.9,-5.6
4.0,9372.409740,125.07,2.28,6.8,83.57,10.9,5.0,1,468,-2.3,351.4,-6.8
4.0,9372.419740,121.03,2.26,11.02,83.65,13.44,9.25,1,350,-4.4,376.6,-7.7
4.0,9372.429740,116.98,2.22,15.37,83.74,15.14,12.75,1,231,-3.0,409.6,-7.4
4.0,9372.439740,114.26,2.25,19.76,83.85,15.89,15.25,1,95,-2.2,406.6,-7.1
4.0,9372.449740,112.85,2.25,19.76,83.85,15.64,16.5,1,10095,-2.2,406.6,-7.1
4.0,9372.459740,112.68,2.26,22.56,83.91,14.4,16.75,1,9977,-1.9,283.9,-5.1
4.0,9372.469740,113.29,2.26,22.7,83.92,12.27,16.25,1,9841,-0.5,136.9,-1.9
4.0,9372.479740,114.7,2.24,19.67,83.84,9.36,14.75,1,601,-1.1,-59.5,0.2
4.0,9372.489740,116.63,2.19,17.51,83.77,5.86,12.75,1,473,-1.4,-135.5,1.2
4.0,9372.499740,119.09,2.19,14.87,83.71,2.0,10.25,1,354,1.1,-188.0,4.0
4.0,9372.509740,121.99,2.23,11.81,83.67,-2.0,7.25,1,236,2.6,-252.5,5.0
4.0,9372.519740,125.51,2.26,8.3,83.6,-5.86,3.75,1,100,2.6,-286.5,6.0
4.0,9372.529740,129.2,2.26,8.3,83.6,-9.36,-0.0,1,10100,2.6,-286.5,6.0
4.0,9372.539740,133.24,2.27,4.53,83.51,-12.27,-4.25,1,9973,2.2,-342.3,5.8
4.0,9372.549740,137.55,2.29,0.19,83.41,-14.4,-8.5,1,9845,3.0,-378.1,7.1
4.0,9372.559740,141.5,2.41,-8.86,83.22,-15.64,-12.25,1,605,2.8,-437.5,8.9
4.0,9372.569740,144.05,2.46,-13.2,83.13,-15.89,-14.75,1,478,4.9,-400.2,8.5
4.0,9372.579740,145.28,2.5,-15.41,83.07,-15.14,-16.0,1,350,1.0,-257.9,4.9
4.0,9372.589740,145.46,2.49,-15.28,83.06,-13.44,-16.25,1,240,2.7,-129.5,2.3
4.0,9372.599740,145.2,2.5,-14.24,83.09,-10.9,-15.5,1,104,0.1,-23.8,0.8
4.0,9372.609740,143.88,2.5,-14.24,83.09,-7.67,-14.0,1,10104,0.1,-23.8,0.8
4.0,9372.619740,141.68,2.47,-12.88,83.13,-3.96,-11.75,1,9980,0.5,30.6,-0.0
4.0,9372.629740,139.22,2.47,-10.97,83.19,-0.0,-9.25,1,9850,0.6,137.0,-1.4
4.0,9372.639740,135.97,2.39,-4.45,83.36,3.96,-5.75,1,610,-0.7,237.6,-4.0
4.0,9372.649740,132.36,2.38,-1.09,83.43,7.67,-2.25,1,482,-2.6,321.5,-5.8
4.0,9372.659740,128.41,2.31,3.29,83.52,10.9,1.75,1,355,-4.7,354.3,-6.8
4.0,9372.669740,124.28,2.28,7.55,83.6,13.44,5.75,1,236,-2.4,394.1,-7.6
4.0,9372.679740,119.88,2.26,12.06,83.69,15.14,10.0,1,108,-5.2,411.8,-8.5
4.0,9372.689740,116.19,2.26,12.06,83.69,15.89,13.25,1,10108,-5.2,411.8,-8.5
4.0,9372.699740,114.26,2.23,16.67,83.78,15.64,15.25,1,9982,-2.7,443.4,-8.1
4.0,9372.709740,113.29,2.26,20.9,83.89,14.4,16.25,1,9846,-3.0,392.2,-7.2
4.0,9372.719740,113.47,2.26,21.32,83.91,12.27,16.0,1,614,0.1,95.7,-1.0
4.0,9372.729740,114.43,2.27,20.24,83.88,9.36,15.0,1,487,-0.4,-8.1,-0.0
4.0,9372.739740,116.02,2.22,18.26,83.81,5.86,13.25,1,360,-1.7,-93.9,0.3
4.0,9372.749740,118.3,2.18,15.79,83.74,2.0,11.0,1,241,-0.3,-161.0,2.7
4.0,9372.759740,120.85,2.2,12.94,83.7,-2.0,8.25,1,104,1.7,-217.7,4.4
4.0,9372.769740,124.1,2.2,12.94,83.7,-5.86,5.25,1,10104,1.7,-217.7,4.4
4.0,9372.779740,127.62,2.24,9.69,83.64,-9.36,1.5,1,9989,2.4,-267.5,5.5
4.0,9372.789740,131.57,2.26,5.96,83.56,-12.27,-2.5,1,9850,2.6,-322.8,6.0
4.0,9372.799740,135.79,2.33,-2.43,83.37,-14.4,-6.75,1,619,4.2,-391.5,7.4
4.0,9372.809740,139.57,2.38,-7.05,83.27,-15.64,-10.5,1,491,3.1,-427.9,8.6
4.0,9372.819740,142.12,2.42,-11.33,83.19,-15.89,-12.75,1,364,3.5,-391.4,8.6
4.0,9372.829740,143.35,2.48,-13.52,83.14,-15.14,-14.25,1,245,4.2,-255.1,4.7
4.0,9372.839740,143.53,2.48,-13.41,83.13,-13.44,-14.25,1,109,-0.1,-125.1,2.5
4.0,9372.849740,143.17,2.48,-13.41,83.13,-10.9,-13.75,1,10109,-0.1,-125.1,2.5
4.0,9372.859740,142.38,2.44,-12.37,83.16,-7.67,-12.25,1,9991,0.4,-25.3,0.8
4.0,9372.869740,140.19,2.44,-11.04,83.2,-3.96,-10.25,1,9855,0.6,34.3,-0.1
4.0,9372.879740,137.81,2.43,-6.82,83.32,-0.0,-7.75,1,624,-0.2,215.4,-3.1
4.0,9372.889740,134.74,2.38,-3.14,83.41,3.96,-4.75,1,487,-2.8,243.9,-4.1
4.0,9372.899740,131.04,2.35,0.24,83.48,7.67,-1.0,1,368,-0.8,309.6,-5.7
4.0,9372.909740,127.18,2.32,4.35,83.56,10.9,2.75,1,249,-4.8,345.6,-6.7
4.0,9372.919740,123.05,2.27,8.64,83.64,13.44,7.0,1,114,-2.9,393.6,-7.8
4.0,9372.929740,118.74,2.27,8.64,83.64,15.14,10.75,1,10114,-2.9,393.6,-7.8
4.0,9372.939740,116.19,2.26,13.22,83.73,15.89,13.25,1,9998,-4.7,411.0,-8.1
4.0,9372.949740,114.79,2.23,17.71,83.83,15.64,14.75,1,9859,-3.1,431.8,-7.7
4.0,9372.959740,114.61,2.24,20.78,83.91,14.4,14.75,1,619,-0.8,136.0,-2.4
4.0,9372.969740,115.14,2.25,19.53,83.88,12.27,14.25,1,492,0.0,30.9,-0.3
4.0,9372.979740,116.37,2.24,17.94,83.84,9.36,13.0,1,373,-0.7,-53.1,0.3
4.0,9372.989740,118.21,2.21,15.89,83.78,5.86,11.25,1,254,-1.0,-121.4,1.9
4.0,9372.999740,120.5,2.2,13.4,83.73,2.0,8.75,1,118,1.0,-180.4,3.2
4.0,9373.009740,123.49,2.2,13.4,83.73,-2.0,5.75,1,10118,1.0,-180.4,3.2
4.0,9373.019740,126.74,2.23,10.48,83.67,-5.86,2.5,1,9995,1.7,-231.8,4.6
4.0,9373.029740,130.34,2.25,7.07,83.6,-9.36,-1.25,1,9864,2.4,-290.0,5.4
4.0,9373.039740,134.3,2.3,-0.88,83.42,-12.27,-5.25,1,624,3.2,-364.3,6.7
4.0,9373.049740,138.6,2.35,-5.21,83.33,-14.4,-9.5,1,496,3.7,-399.2,8.0
4.0,9373.059740,142.38,2.42,-9.87,83.23,-15.64,-13.25,1,368,4.8,-431.0,8.6
4.0,9373.069740,144.84,2.49,-14.07,83.14,-15.89,-15.75,1,259,3.8,-387.3,8.2
4.0,9373.079740,146.43,2.52,-16.13,83.09,-15.14,-17.25,1,123,2.5,-249.9,4.7
4.0,9373.089740,147.48,2.52,-16.13,83.09,-13.44,-18.25,1,10123,2.5,-249.9,4.7
4.0,9373.099743,147.48,2.52,-16.35,83.07,-10.9,-18.25,1,9998,1.1,-158.7,2.8
4.0,9373.109740,147.13,2.52,-16.46,83.07,-7.67,-17.25,1,9869,1.4,-101.7,2.3
4.0,9373.119740,145.2,2.5,-14.43,83.13,-3.96,-15.25,1,628,0.8,45.4,-0.3
4.0,9373.129740,142.91,2.48,-12.3,83.2,-0.0,-13.0,1,501,-1.3,168.0,-1.9
4.0,9373.139740,140.1,2.43,-8.84,83.3,3.96,-10.0,1,373,-1.3,223.9,-3.2
4.0,9373.149740,136.58,2.41,-5.4,83.38,7.67,-6.75,1,254,-0.8,288.7,-5.0
4.0,9373.159740,132.89,2.37,-1.3,83.47,10.9,-2.75,1,127,-4.0,345.0,-6.5
4.0,9373.169740,128.58,2.31,3.04,83.55,13.44,1.5,1,4,-3.2,377.9,-7.1
4.0,9373.179740,124.28,2.31,3.04,83.55,15.14,5.75,1,10001,-3.2,377.9,-7.1
4.0,9373.189740,119.88,2.29,7.48,83.64,15.89,9.75,1,9873,-3.4,412.2,-8.1
4.0,9373.199740,116.81,2.23,16.98,83.83,15.64,12.5,1,632,-2.8,454.8,-8.2
4.0,9373.209740,115.49,2.25,20.29,83.91,14.4,14.0,1,505,-2.9,313.5,-5.5
4.0,9373.219740,115.05,2.24,20.31,83.92,12.27,14.25,1,378,-1.5,144.0,-2.4
4.0,9373.229740,115.58,2.24,19.05,83.89,9.36,13.75,1,259,-0.2,43.2,-0.5
4.0,9373.239740,116.81,2.23,17.54,83.85,5.86,12.5,1,123,-0.8,-49.6,0.1
4.0,9373.249740,118.65,2.2,15.41,83.78,2.0,10.75,1,5,-0.7,-119.5,2.0
4.0,9373.259743,121.11,2.2,15.41,83.78,-2.0,8.25,1,10008,-0.7,-119.5,2.0
4.0,9373.269740,124.01,2.21,12.8,83.73,-5.86,5.25,1,9869,1.8,-190.6,3.4
4.0,9373.279740,127.53,2.25,6.26,83.6,-9.36,1.75,1,637,2.0,-298.2,5.6
4.0,9373.289740,131.13,2.27,2.24,83.51,-12.27,-2.25,1,510,2.5,-340.9,6.2
4.0,9373.299740,135.35,2.32,-1.96,83.42,-14.4,-6.25,1,382,4.3,-377.0,7.1
4.0,9373.309740,139.04,2.37,-6.42,83.33,-15.64,-9.75,1,264,2.4,-409.6,8.3
4.0,9373.319740,141.68,2.4,-10.54,83.25,-15.89,-12.25,1,127,3.7,-378.5,8.4
4.0,9373.329740,142.56,2.47,-12.7,83.2,-15.14,-13.25,1,9,4.6,-247.3,4.5
4.0,9373.339740,142.65,2.47,-12.7,83.2,-13.44,-13.5,1,10010,4.6,-247.3,4.5
4.0,9373.349740,142.38,2.48,-12.58,83.19,-10.9,-13.25,1,9873,-0.5,-118.7,2.5
4.0,9373.359740,141.94,2.43,-10.06,83.26,-7.67,-12.5,1,642,0.5,27.0,0.0
5.0,9375.389740,136.58,2.36,-6.33,83.48,-0.0,-6.75,1,346,-0.0,1.2,0.4
5.0,9375.399740,134.65,2.35,-4.69,83.53,3.93,-4.75,1,210,0.5,78.1,-0.6
5.0,9375.409740,132.01,2.37,-2.03,83.6,7.48,-2.25,1,83,1.3,189.2,-2.6
5.0,9375.419743,129.2,2.37,-2.03,83.6,10.3,0.75,1,10086,1.3,189.2,-2.6
5.0,9375.429740,125.68,2.33,1.58,83.69,12.11,4.25,1,9956,-4.1,250.0,-4.0
5.0,9375.439740,121.9,2.26,9.03,83.83,12.73,7.75,1,716,-3.0,341.0,-6.8
5.0,9375.449740,118.74,2.24,13.31,83.91,12.11,10.5,1,597,-3.2,384.1,-7.1
5.0,9375.459740,117.33,2.23,17.01,83.99,10.3,12.0,1,469,-2.2,327.0,-6.1
5.0,9375.469740,116.89,2.22,17.97,84.02,7.48,12.25,1,351,-2.8,153.9,-2.3
5.0,9375.479740,117.42,2.21,16.62,83.99,3.93,11.75,1,214,0.1,37.6,-0.4
5.0,9375.489740,118.92,2.22,14.88,83.94,0.0,10.25,1,87,-0.6,-56.7,0.2
5.0,9375.499739,121.03,2.22,14.88,83.94,-3.93,8.25,1,10087,-0.6,-56.7,0.2
5.0,9375.509740,123.49,2.2,12.6,83.88,-7.48,5.75,1,9960,0.3,-133.8,1.8
5.0,9375.519740,126.65,2.25,6.56,83.76,-10.3,2.5,1,720,1.9,-264.1,5.3
5.0,9375.529740,130.17,2.26,2.79,83.69,-12.11,-1.25,1,592,1.8,-311.3,5.8
5.0,9375.539740,134.03,2.29,-1.21,83.6,-12.73,-5.0,1,475,3.3,-352.1,6.5
5.0,9375.549740,137.46,2.34,-5.49,83.5,-12.11,-8.5,1,355,3.3,-387.6,7.8
5.0,9375.559740,139.66,2.39,-9.41,83.43,-10.3,-10.5,1,219,3.3,-356.3,7.5
5.0,9375.569740,140.98,2.42,-11.34,83.39,-7.48,-11.75,1,91,2.3,-224.1,4.7
5.0,9375.579743,141.68,2.42,-11.34,83.39,-3.93,-12.5,1,10094,2.3,-224.1,4.7
5.0,9375.589740,141.42,2.43,-11.37,83.39,0.0,-12.0,1,9956,2.7,-134.1,2.8
5.0,9375.599740,140.62,2.41,-10.28,83.41,3.93,-10.75,1,725,-0.0,16.9,0.4
5.0,9375.609740,138.6,2.41,-8.67,83.46,7.48,-8.75,1,597,0.7,78.6,-0.7
5.0,9375.619740,135.79,2.39,-5.99,83.53,10.3,-5.75,1,478,-1.9,205.9,-3.0
5.0,9375.629740,132.54,2.34,-2.0,83.63,12.11,-2.75,1,360,-1.6,272.1,-4.5
5.0,9375.639740,128.94,2.31,1.84,83.71,12.73,1.0,1,224,-3.5,318.5,-5.9
5.0,9375.649740,125.16,2.27,5.93,83.78,12.11,4.25,1,96,-2.8,362.8,-6.9
5.0,9375.659739,122.78,2.27,5.93,83.78,10.3,6.25,1,10096,-2.8,362.8,-6.9
5.0,9375.669740,121.9,2.25,10.15,83.86,7.48,7.25,1,9960,-3.2,377.9,-7.8
5.0,9375.679740,121.55,2.23,12.43,83.91,3.93,7.75,1,729,-1.9,103.7,-1.7
5.0,9375.689740,121.73,2.22,11.37,83.89,0.0,7.5,1,602,-0.5,34.4,-0.3
5.0,9375.699740,122.61,2.23,10.6,83.88,-3.93,6.5,1,474,-0.2,-7.3,0.1
5.0,9375.709740,124.37,2.23,9.3,83.84,-7.48,4.75,1,355,-0.0,-88.4,0.9
5.0,9375.719740,126.65,2.24,6.8,83.77,-10.3,2.5,1,228,1.7,-168.7,2.9
5.0,9375.729740,129.46,2.26,3.71,83.71,-12.11,-0.25,1,101,1.3,-229.1,4.2
5.0,9375.739740,132.63,2.26,3.71,83.71,-12.73,-3.5,1,10102,1.3,-229.1,4.2
5.0,9375.749740,135.62,2.28,0.3,83.64,-12.11,-6.5,1,9965,2.3,-279.9,5.2
5.0,9375.759740,137.37,2.36,-6.91,83.5,-10.3,-8.25,1,734,1.8,-307.2,6.9
5.0,9375.769740,137.99,2.37,-8.58,83.47,-7.48,-8.75,1,606,2.5,-180.2,3.4
5.0,9375.779740,137.81,2.38,-7.9,83.47,-3.93,-8.25,1,479,0.1,-59.2,1.6
5.0,9375.789740,136.93,2.35,-6.64,83.51,-0.0,-7.25,1,360,0.1,5.2,0.4
5.0,9375.799740,135.18,2.36,-5.12,83.55,3.93,-5.25,1,224,0.8,87.8,-0.8
5.0,9375.809740,132.36,2.37,-2.45,83.62,7.48,-2.5,1,105,0.9,184.9,-2.7
5.0,9375.819740,129.29,2.37,-2.45,83.62,10.3,0.75,1,10105,0.9,184.9,-2.7
5.0,9375.829740,125.77,2.33,1.23,83.71,12.11,4.25,1,9970,-4.0,271.3,-4.4
5.0,9375.839740,122.08,2.24,8.99,83.85,12.73,7.75,1,738,-2.5,358.9,-7.1
5.0,9375.849740,118.83,2.23,13.16,83.93,12.11,10.5,1,611,-3.3,359.2,-6.6
5.0,9375.859740,117.51,2.22,16.56,84.01,10.3,11.75,1,483,-3.0,340.6,-6.3
5.0,9375.869740,117.07,2.21,17.72,84.04,7.48,12.25,1,365,-1.4,134.5,-2.1
5.0,9375.879740,117.6,2.22,16.22,84.01,3.93,11.75,1,228,-0.1,55.9,-0.6
5.0,9375.889740,118.92,2.22,14.92,83.97,-0.0,10.25,1,101,-0.7,-50.7,0.1
5.0,9375.899740,121.03,2.22,14.92,83.97,-3.93,8.25,1,10101,-0.7,-50.7,0.1
5.0,9375.909740,123.49,2.2,12.56,83.9,-7.48,5.75,1,9974,0.2,-129.1,1.8
5.0,9375.919740,126.65,2.25,6.55,83.79,-10.3,2.5,1,743,2.1,-260.7,5.3
5.0,9375.929740,130.17,2.26,2.82,83.71,-12.11,-1.0,1,615,1.9,-307.8,5.7
5.0,9375.939740,133.86,2.29,-1.15,83.62,-12.73,-4.75,1,489,3.2,-349.4,6.5
5.0,9375.949740,137.37,2.34,-5.42,83.53,-12.11,-8.25,1,369,3.0,-385.1,7.7
5.0,9375.959740,139.48,2.38,-9.32,83.46,-10.3,-10.25,1,233,3.3,-353.8,7.6
5.0,9375.969740,140.89,2.41,-11.22,83.42,-7.48,-11.75,1,105,2.1,-222.0,4.5
5.0,9375.979740,141.42,2.41,-11.22,83.42,-3.93,-12.25,1,10105,2.1,-222.0,4.5
5.0,9375.989740,141.24,2.43,-11.23,83.41,-0.0,-11.75,1,9981,2.9,-132.5,2.7
5.0,9375.999740,140.45,2.41,-10.13,83.45,3.93,-10.5,1,738,0.0,17.8,0.2
5.0,9376.009740,138.25,2.41,-8.51,83.49,7.48,-8.25,1,620,0.6,80.1,-0.7
5.0,9376.019740,135.53,2.38,-5.78,83.57,10.3,-5.5,1,492,-2.0,210.7,-3.0
5.0,9376.029740,132.19,2.34,-1.73,83.66,12.11,-2.25,1,373,-1.3,274.5,-4.6
5.0,9376.039740,128.58,2.31,2.11,83.74,12.73,1.25,1,237,-3.7,320.6,-6.0
5.0,9376.049740,125.07,2.26,6.23,83.82,12.11,4.75,1,110,-2.6,366.0,-7.0
5.0,9376.059740,122.78,2.26,6.23,83.82,10.3,6.75,1,10110,-2.6,366.0,-7.0
5.0,9376.069740,121.55,2.25,10.31,83.89,7.48,7.75,1,9983,-3.4,362.4,-7.4
5.0,9376.079740,121.11,2.22,12.77,83.95,3.93,8.0,1,743,-2.2,116.3,-1.6
5.0,9376.089740,121.38,2.22,11.79,83.93,-0.0,7.75,1,615,0.1,33.6,-0.2
5.0,9376.099740,122.34,2.24,10.84,83.91,-3.93,6.75,1,496,-0.2,-11.3,0.2
5.0,9376.109740,124.1,2.23,9.44,83.87,-7.48,5.0,1,378,-0.2,-95.5,1.2
5.0,9376.119740,126.56,2.23,6.87,83.8,-10.3,2.75,1,242,1.3,-172.8,2.8
5.0,9376.129740,129.38,2.25,3.75,83.74,-12.11,-0.25,1,114,1.5,-234.2,4.3
5.0,9376.139740,132.54,2.25,3.75,83.74,-12.73,-3.5,1,10115,1.5,-234.2,4.3
5.0,9376.149740,135.53,2.28,0.29,83.67,-12.11,-6.5,1,9978,2.3,-284.6,5.2
5.0,9376.159740,137.37,2.36,-7.0,83.52,-10.3,-8.25,1,748,1.6,-309.9,7.0
5.0,9376.169740,137.99,2.37,-8.67,83.49,-7.48,-8.75,1,620,2.7,-183.3,3.5
5.0,9376.179740,137.9,2.38,-8.02,83.5,-3.93,-8.25,1,501,0.1,-61.8,1.6
5.0,9376.189740,137.02,2.35,-6.76,83.53,-0.0,-7.25,1,374,0.1,4.5,0.4
5.0,9376.199740,135.18,2.36,-5.26,83.57,3.93,-5.25,1,247,0.6,84.5,-0.7
5.0,9376.209740,132.45,2.37,-2.62,83.64,7.48,-2.5,1,119,1.0,184.7,-2.6
5.0,9376.219740,129.46,2.37,-2.62,83.64,10.3,0.5,1,10119,1.0,184.7,-2.6
5.0,9376.229740,125.77,2.33,1.09,83.73,12.11,4.25,1,9983,-3.9,270.2,-4.3
5.0,9376.239740,122.26,2.24,8.76,83.88,12.73,7.25,1,752,-2.7,359.4,-7.2
5.0,9376.249740,120.06,2.23,12.96,83.96,12.11,9.25,1,625,-3.1,357.5,-6.7
5.0,9376.259740,119.0,2.22,15.31,84.01,10.3,10.25,1,497,-2.0,236.6,-4.2
5.0,9376.269740,118.83,2.22,15.15,84.01,7.48,10.5,1,378,-1.1,105.3,-1.3
5.0,9376.279740,119.0,2.23,14.05,84.0,3.93,10.25,1,242,0.0,21.2,-0.1
5.0,9376.289740,120.06,2.23,13.03,83.97,0.0,9.25,1,124,-0.3,-17.1,0.2
5.0,9376.299740,121.82,2.23,13.03,83.97,-3.93,7.25,1,10124,-0.3,-17.1,0.2
5.0,9376.309740,124.19,2.21,11.69,83.93,-7.48,5.0,1,9991,-0.8,-96.2,0.7
5.0,9376.319740,127.09,2.24,6.09,83.81,-10.3,2.25,1,756,1.2,-235.6,4.5
5.0,9376.329740,130.43,2.26,2.53,83.73,-12.11,-1.25,1,629,3.0,-291.2,5.3
5.0,9376.339740,134.12,2.3,-1.34,83.64,-12.73,-5.0,1,503,2.8,-330.6,6.0
5.0,9376.349740,137.37,2.34,-5.43,83.56,-12.11,-8.25,1,383,2.8,-370.0,7.5
5.0,9376.359740,139.39,2.38,-9.24,83.49,-10.3,-10.25,1,247,3.3,-341.4,7.4
5.0,9376.369740,140.62,2.41,-11.06,83.45,-7.48,-11.5,1,128,1.7,-210.4,4.4
5.0,9376.379740,141.15,2.41,-11.06,83.45,-3.93,-12.0,1,10128,1.7,-210.4,4.4
5.0,9376.389740,140.98,2.41,-10.96,83.45,0.0,-11.5,1,9996,2.1,-120.5,2.6
5.0,9376.399740,139.92,2.41,-9.83,83.49,3.93,-10.0,1,761,-0.0,25.1,0.3
5.0,9376.409740,137.64,2.39,-8.08,83.54,7.48,-7.75,1,634,0.0,88.9,-0.9
5.0,9376.419740,135.0,2.36,-5.23,83.61,10.3,-5.25,1,506,-2.3,221.0,-3.4
5.0,9376.429740,131.66,2.32,-1.19,83.7,12.11,-1.75,1,388,-1.5,272.2,-4.7
5.0,9376.439740,127.97,2.29,2.58,83.78,12.73,2.0,1,251,-4.1,326.6,-6.0
5.0,9376.449740,124.28,2.24,6.85,83.85,12.11,5.25,1,124,-2.7,372.7,-7.3
5.0,9376.459740,121.9,2.23,11.01,83.93,10.3,7.25,1,2,-3.6,370.0,-7.1
5.0,9376.469743,120.94,2.23,11.01,83.93,7.48,8.25,1,10000,-3.6,370.0,-7.1
5.0,9376.479740,120.94,2.2,13.44,83.99,3.93,8.25,1,757,-1.3,101.4,-1.4
5.0,9376.489740,121.99,2.21,11.84,83.96,0.0,7.25,1,638,-0.1,-4.0,-0.1
5.0,9376.499740,123.75,2.22,9.83,83.9,-3.93,5.5,1,511,1.1,-95.6,0.9
5.0,9376.509740,126.04,2.24,7.25,83.84,-7.48,3.25,1,392,1.5,-166.7,2.9
5.0,9376.519740,128.76,2.25,4.22,83.78,-10.3,0.25,1,256,1.7,-230.9,4.2
5.0,9376.529740,132.01,2.28,0.74,83.7,-12.11,-3.0,1,128,2.2,-283.8,5.3
5.0,9376.539740,135.7,2.31,-3.01,83.62,-12.73,-6.75,1,5,3.3,-322.2,6.1
5.0,9376.549739,138.96,2.31,-3.01,83.62,-12.11,-9.75,1,10002,3.3,-322.2,6.1
5.0,9376.559740,140.89,2.39,-10.8,83.48,-10.3,-11.75,1,761,2.1,-332.6,7.7
5.0,9376.569740,141.5,2.43,-12.47,83.44,-7.48,-12.25,1,642,3.7,-199.5,3.4
5.0,9376.579740,141.5,2.45,-11.85,83.44,-3.93,-12.0,1,515,0.3,-70.9,1.8
5.0,9376.589740,140.54,2.41,-10.52,83.48,-0.0,-10.75,1,396,-0.0,4.3,0.4
5.0,9376.599740,138.43,2.38,-8.95,83.53,3.93,-8.75,1,260,-1.1,82.5,-0.3
5.0,9376.609740,136.05,2.36,-6.04,83.6,7.48,-6.25,1,133,-0.2,212.6,-3.4
5.0,9376.619740,132.89,2.34,-2.38,83.69,10.3,-3.0,1,2,-2.4,236.9,-3.8
5.0,9376.629740,129.29,2.34,-2.38,83.69,12.11,0.75,1,9997,-2.4,236.9,-3.8
5.0,9376.639740,125.42,2.26,5.36,83.84,12.73,4.75,1,767,-3.2,352.4,-6.8
5.0,9376.649740,121.55,2.23,9.58,83.92,12.11,8.25,1,638,-3.9,386.7,-7.8
5.0,9376.659740,119.09,2.21,13.93,84.0,10.3,10.25,1,519,-3.1,400.4,-7.4
5.0,9376.669740,117.51,2.21,16.64,84.07,7.48,11.75,1,401,-2.2,257.5,-4.4
5.0,9376.679740,116.81,2.2,16.72,84.08,3.93,12.5,1,265,-2.5,151.1,-2.0
5.0,9376.689740,117.16,2.19,16.43,84.07,0.0,12.25,1,137,-0.3,78.2,-1.5
5.0,9376.699740,118.39,2.2,15.4,84.04,-3.93,10.75,1,5,-0.3,-30.7,-0.1
5.0,9376.709739,120.32,2.2,15.4,84.04,-7.48,9.0,1,10001,-0.3,-30.7,-0.1
5.0,9376.719740,122.78,2.21,10.51,83.91,-10.3,6.25,1,771,1.0,-177.9,3.4
5.0,9376.729740,125.95,2.23,7.37,83.86,-12.11,3.25,1,643,2.5,-252.0,4.9
5.0,9376.739740,129.29,2.26,3.56,83.78,-12.73,-0.25,1,525,2.5,-306.5,5.7
5.0,9376.749740,132.36,2.29,-0.44,83.69,-12.11,-3.25,1,405,2.9,-345.1,6.5
5.0,9376.759740,134.3,2.32,-3.98,83.62,-10.3,-5.25,1,261,2.9,-316.0,6.5
5.0,9376.769740,135.0,2.34,-5.68,83.59,-7.48,-5.75,1,142,1.6,-199.0,4.0
5.0,9376.779740,135.0,2.34,-5.36,83.6,-3.93,-5.75,1,6,0.8,-84.6,1.9
5.0,9376.789740,134.21,2.34,-5.36,83.6,-0.0,-4.5,1,10006,0.8,-84.6,1.9
5.0,9376.799740,132.45,2.32,-2.66,83.67,3.93,-2.5,1,775,0.3,65.6,-0.3
5.0,9376.809740,129.99,2.33,-0.23,83.73,7.48,-0.0,1,648,1.0,180.2,-2.1
5.0,9376.819740,126.91,2.31,3.38,83.82,10.3,3.0,1,520,-2.6,246.5,-4.1
5.0,9376.829740,123.49,2.25,7.06,83.88,12.11,6.5,1,401,-3.4,302.7,-5.9
5.0,9376.839740,119.79,2.22,11.02,83.96,12.73,9.5,1,265,-3.4,340.0,-6.3
5.0,9376.849740,118.04,2.22,15.2,84.05,12.11,11.5,1,147,-2.6,380.3,-6.9
5.0,9376.859740,117.16,2.22,17.54,84.1,10.3,12.25,1,11,-1.6,193.7,-3.3
5.0,9376.869740,117.33,2.22,17.54,84.1,7.48,12.0,1,10011,-1.6,193.7,-3.3
5.0,9376.879740,118.39,2.21,15.37,84.05,3.93,10.75,1,779,-0.2,-18.5,-0.1
5.0,9376.889740,119.97,2.2,13.27,83.99,0.0,9.25,1,652,-0.6,-100.5,0.9
5.0,9376.899740,122.26,2.2,10.85,83.93,-3.93,6.75,1,524,1.3,-160.3,3.0
5.0,9376.909740,125.24,2.23,7.96,83.88,-7.48,4.0,1,406,2.6,-228.8,4.3
5.0,9376.919740,128.5,2.26,4.43,83.81,-10.3,0.75,1,270,2.1,-284.1,5.4
5.0,9376.929740,132.1,2.28,0.53,83.73,-12.11,-3.25,1,142,2.9,-334.3,6.2
5.0,9376.939740,135.53,2.32,-3.58,83.64,-12.73,-6.25,1,17,3.0,-360.9,7.1
5.0,9376.949740,137.55,2.32,-3.58,83.64,-12.11,-8.5,1,10016,3.0,-360.9,7.1
5.0,9376.959740,138.43,2.38,-9.34,83.53,-10.3,-9.25,1,775,2.4,-215.8,4.1
5.0,9376.969740,138.6,2.38,-9.02,83.53,-7.48,-9.25,1,656,0.5,-99.7,2.5
5.0,9376.979740,138.25,2.36,-7.94,83.56,-3.93,-8.25,1,529,0.1,-7.9,0.6
5.0,9376.989740,136.41,2.36,-6.75,83.59,0.0,-6.75,1,410,0.7,27.9,0.1
5.0,9376.999740,134.03,2.36,-4.53,83.66,3.93,-4.25,1,274,0.5,186.3,-2.2
5.0,9377.009740,131.31,2.34,-0.71,83.75,7.48,-1.5,1,147,-2.3,223.2,-3.6
5.0,9377.019740,128.06,2.27,2.39,83.81,10.3,1.75,1,20,-3.6,273.2,-4.8
5.0,9377.029740,124.45,2.27,2.39,83.81,12.11,5.75,1,10020,-3.6,273.2,-4.8
5.0,9377.039740,120.59,2.24,10.31,83.96,12.73,9.0,1,779,-3.7,368.4,-7.2
5.0,9377.049740,118.21,2.21,14.63,84.05,12.11,11.25,1,661,-3.3,386.9,-7.0
5.0,9377.059740,117.33,2.21,17.27,84.11,10.3,12.0,1,534,-1.8,246.5,-4.0
5.0,9377.069740,117.33,2.21,16.92,84.11,7.48,12.0,1,415,-1.8,105.5,-1.7
5.0,9377.079740,118.3,2.2,15.48,84.07,3.93,11.0,1,278,-0.2,-3.3,-0.2
5.0,9377.089740,119.88,2.2,13.51,84.01,0.0,9.25,1,151,-0.0,-87.9,0.4
5.0,9377.099740,121.99,2.2,11.15,83.95,-3.93,7.25,1,28,1.6,-151.5,2.6
5.0,9377.109740,124.8,2.2,11.15,83.95,-7.48,4.25,1,10024,1.6,-151.5,2.6
5.0,9377.119740,127.97,2.26,4.93,83.83,-10.3,1.25,1,784,2.4,-276.7,5.4
5.0,9377.129740,131.57,2.28,1.08,83.75,-12.11,-2.5,1,657,2.1,-324.3,6.1
5.0,9377.139740,135.18,2.31,-2.97,83.67,-12.73,-6.25,1,539,3.0,-357.3,6.9
5.0,9377.149740,137.99,2.35,-6.97,83.59,-12.11,-8.75,1,419,2.9,-367.0,7.9
5.0,9377.159740,139.57,2.39,-9.99,83.53,-10.3,-10.5,1,283,2.9,-292.6,6.1
5.0,9377.169740,140.36,2.41,-10.83,83.51,-7.48,-11.25,1,155,1.5,-157.8,3.5
5.0,9377.179740,140.54,2.41,-10.24,83.52,-3.93,-11.5,1,20,1.6,-76.2,1.5
5.0,9377.189740,140.1,2.41,-10.24,83.52,-0.0,-10.75,1,10020,1.6,-76.2,1.5
5.0,9377.199740,139.04,2.4,-8.81,83.56,3.93,-9.25,1,789,0.5,41.5,-0.1
5.0,9377.209740,136.58,2.39,-7.04,83.61,7.48,-6.75,1,661,-0.6,108.0,-1.1
5.0,9377.219740,133.86,2.35,-4.08,83.69,10.3,-3.75,1,542,-1.6,229.8,-3.4
5.0,9377.229740,130.69,2.32,-0.1,83.78,12.11,-0.5,1,424,-1.9,276.4,-4.9
5.0,9377.239740,126.91,2.29,3.67,83.85,12.73,3.25,1,280,-3.0,330.7,-6.1
5.0,9377.249740,122.96,2.26,7.89,83.93,12.11,6.5,1,160,-3.3,368.0,-7.4
5.0,9377.259740,120.67,2.23,12.21,84.01,10.3,8.75,1,29,-3.7,394.7,-7.6
5.0,9377.269740,119.71,2.23,12.21,84.01,7.48,9.5,1,10025,-3.7,394.7,-7.6
5.0,9377.279740,119.79,2.21,14.45,84.07,3.93,9.5,1,793,-0.9,98.6,-1.4
5.0,9377.289740,120.67,2.22,12.94,84.03,0.0,8.5,1,666,-0.1,-2.8,0.0
5.0,9377.299740,122.26,2.21,11.12,83.98,-3.93,6.75,1,547,-0.3,-80.7,0.7
5.0,9377.309740,124.54,2.22,8.77,83.92,-7.48,4.75,1,428,1.9,-157.4,2.8
5.0,9377.319740,127.35,2.26,5.73,83.86,-10.3,1.75,1,284,2.0,-226.5,4.0
5.0,9377.329740,130.52,2.27,2.27,83.79,-12.11,-1.5,1,165,1.7,-277.6,5.2
5.0,9377.339740,134.12,2.29,-1.46,83.71,-12.73,-5.25,1,30,2.5,-321.4,5.9
5.0,9377.349740,137.37,2.29,-1.46,83.71,-12.11,-8.25,1,10029,2.5,-321.4,5.9
5.0,9377.359740,139.31,2.38,-9.21,83.55,-10.3,-10.25,1,798,3.5,-333.0,7.0
5.0,9377.369740,140.54,2.41,-10.98,83.51,-7.48,-11.25,1,671,1.8,-203.6,4.2
5.0,9377.379740,140.98,2.42,-10.79,83.52,-3.93,-11.75,1,552,1.9,-110.8,2.4
5.0,9377.389740,140.71,2.42,-10.43,83.53,-0.0,-11.25,1,424,0.9,-56.3,1.5
5.0,9377.399740,139.75,2.41,-9.62,83.55,3.93,-9.75,1,288,0.4,27.0,0.0
5.0,9377.409740,137.37,2.41,-7.86,83.6,7.48,-7.5,1,161,1.2,92.2,-1.0
5.0,9377.419740,134.74,2.39,-4.94,83.68,10.3,-4.75,1,39,-2.8,227.7,-3.2
5.0,9377.429740,131.48,2.39,-4.94,83.68,12.11,-1.5,1,10033,-2.8,227.7,-3.2
5.0,9377.439740,127.88,2.3,2.78,83.84,12.73,2.25,1,794,-3.9,317.0,-5.8
5.0,9377.449740,124.1,2.27,6.79,83.92,12.11,5.5,1,675,-1.5,357.8,-7.0
5.0,9377.459740,121.64,2.26,10.95,84.0,10.3,7.5,1,556,-4.2,375.6,-7.5
5.0,9377.469740,120.76,2.22,13.71,84.05,7.48,8.5,1,429,-2.6,258.1,-4.7
5.0,9377.479740,120.94,2.22,13.53,84.06,3.93,8.25,1,292,-1.7,100.1,-1.5
5.0,9377.489740,121.82,2.22,11.88,84.02,0.0,7.25,1,165,-0.2,-7.6,0.1
5.0,9377.499745,123.49,2.22,9.84,83.97,-3.93,5.5,1,45,-0.3,-95.6,1.1
5.0,9377.509740,125.95,2.22,9.84,83.97,-7.48,3.25,1,10042,-0.3,-95.6,1.1
5.0,9377.519740,128.76,2.25,4.17,83.84,-10.3,0.25,1,798,2.0,-232.9,4.0
5.0,9377.529740,132.01,2.28,0.69,83.76,-12.11,-3.0,1,680,2.0,-285.9,5.2
5.0,9377.539740,135.79,2.31,-3.06,83.68,-12.73,-6.75,1,553,3.3,-322.4,6.0
5.0,9377.549740,138.96,2.36,-7.09,83.6,-12.11,-9.75,1,434,2.7,-366.4,7.7
5.0,9377.559740,140.89,2.39,-10.88,83.53,-10.3,-11.75,1,297,2.4,-334.9,7.6
5.0,9377.569740,141.59,2.43,-12.58,83.49,-7.48,-12.5,1,170,3.5,-201.0,3.7
5.0,9377.579745,141.5,2.45,-11.98,83.5,-3.93,-12.0,1,49,0.6,-73.7,1.8
5.0,9377.589740,140.71,2.45,-11.98,83.5,-0.0,-10.75,1,10043,0.6,-73.7,1.8
5.0,9377.599740,138.43,2.4,-9.05,83.58,3.93,-8.75,1,803,0.0,79.1,-0.6
5.0,9377.609740,136.05,2.38,-6.18,83.66,7.48,-6.25,1,675,-0.9,214.0,-3.1
5.0,9377.619740,132.8,2.35,-2.46,83.75,10.3,-2.75,1,557,-1.7,238.0,-3.7
5.0,9377.629740,129.29,2.31,1.03,83.82,12.11,0.75,1,438,-3.0,324.4,-5.9
5.0,9377.639740,125.42,2.27,5.39,83.9,12.73,4.75,1,303,-3.4,349.6,-6.8
5.0,9377.649740,121.55,2.24,9.5,83.98,12.11,8.25,1,174,-3.9,386.5,-7.7
5.0,9377.659745,119.09,2.22,13.84,84.07,10.3,10.25,1,45,-2.7,397.5,-7.3
5.0,9377.669740,117.42,2.22,13.84,84.07,7.48,11.75,1,10042,-2.7,397.5,-7.3
5.0,9377.679740,116.81,2.21,16.69,84.14,3.93,12.5,1,808,-2.2,156.4,-2.1
5.0,9377.689740,117.16,2.21,16.47,84.14,0.0,12.25,1,680,-0.1,79.7,-1.5
5.0,9377.699740,118.39,2.22,15.4,84.1,-3.93,11.0,1,561,-0.3,-30.5,0.1
5.0,9377.709740,120.23,2.2,13.14,84.04,-7.48,9.0,1,443,-0.5,-116.0,1.1
5.0,9377.719740,122.7,2.2,10.49,83.98,-10.3,6.5,1,306,1.2,-179.1,3.4
5.0,9377.729740,125.77,2.23,7.35,83.93,-12.11,3.25,1,180,2.6,-251.6,5.0
5.0,9377.739745,129.29,2.26,3.55,83.85,-12.73,-0.25,1,49,2.1,-306.9,5.7
5.0,9377.749740,132.36,2.26,3.55,83.85,-12.11,-3.25,1,10044,2.1,-306.9,5.7
5.0,9377.759740,134.21,2.32,-4.08,83.68,-10.3,-5.25,1,812,3.0,-318.6,6.6
5.0,9377.769740,135.0,2.34,-5.8,83.65,-7.48,-6.0,1,685,1.7,-201.6,4.0
5.0,9377.779740,135.0,2.34,-5.5,83.66,-3.93,-5.75,1,566,0.8,-87.0,2.0
5.0,9377.789740,134.3,2.33,-4.34,83.69,0.0,-4.5,1,447,0.1,2.4,0.4
5.0,9377.799740,132.45,2.32,-2.8,83.73,3.93,-2.5,1,302,-0.1,64.2,-0.2
5.0,9377.809740,129.99,2.32,-0.31,83.8,7.48,-0.0,1,184,0.3,187.0,-2.3
5.0,9377.819741,127.0,2.3,3.33,83.88,10.3,3.0,1,48,-2.5,241.5,-4.1
5.0,9377.829740,123.66,2.3,3.33,83.88,12.11,6.25,1,10047,-2.5,241.5,-4.1
5.0,9377.839740,120.06,2.22,10.69,84.02,12.73,9.5,1,809,-2.7,339.2,-6.1
5.0,9377.849740,118.04,2.22,14.8,84.11,12.11,11.25,1,689,-3.0,364.2,-6.6
5.0,9377.859740,117.25,2.22,17.21,84.16,10.3,12.25,1,570,-1.4,215.8,-3.5
5.0,9377.869740,117.42,2.22,16.65,84.15,7.48,11.75,1,443,-1.3,92.6,-1.6
5.0,9377.879740,118.39,2.2,15.26,84.11,3.93,10.75,1,307,-0.2,-15.7,-0.0
5.0,9377.889740,120.06,2.2,13.19,84.05,-0.0,9.25,1,180,-0.3,-98.6,0.8
5.0,9377.899740,122.34,2.2,10.8,84.0,-3.93,6.75,1,52,1.4,-156.6,3.0
5.0,9377.909740,125.07,2.2,10.8,84.0,-7.48,4.0,1,10052,1.4,-156.6,3.0
5.0,9377.919740,128.41,2.26,4.46,83.88,-10.3,0.75,1,812,2.1,-281.0,5.4
5.0,9377.929740,132.19,2.28,0.59,83.79,-12.11,-3.0,1,695,2.7,-331.5,6.1
5.0,9377.939740,135.7,2.32,-3.5,83.7,-12.73,-6.75,1,576,3.0,-358.8,7.1
5.0,9377.949740,138.52,2.36,-7.52,83.63,-12.11,-9.5,1,449,2.8,-374.3,8.1
5.0,9377.959740,140.1,2.39,-10.6,83.57,-10.3,-11.0,1,311,2.5,-292.6,6.4
5.0,9377.969740,140.45,2.41,-11.42,83.55,-7.48,-11.25,1,184,2.0,-163.3,3.5
5.0,9377.979740,140.27,2.41,-10.59,83.57,-3.93,-10.75,1,57,0.7,-46.8,0.9
5.0,9377.989740,139.39,2.41,-10.59,83.57,-0.0,-9.5,1,10057,0.7,-46.8,0.9
5.0,9377.999740,137.29,2.39,-7.62,83.65,3.93,-7.5,1,817,0.2,86.6,-0.9
5.0,9378.009740,134.74,2.35,-5.01,83.72,7.48,-4.75,1,698,-2.5,198.1,-2.7
5.0,9378.019740,131.57,2.31,-1.25,83.8,10.3,-1.5,1,580,-1.0,264.3,-4.5
5.0,9378.029740,127.97,2.29,2.51,83.88,12.11,2.0,1,452,-3.7,310.3,-5.6
5.0,9378.039740,124.19,2.25,6.52,83.95,12.73,5.75,1,317,-2.1,355.0,-7.0
5.0,9378.049740,120.23,2.24,10.81,84.03,12.11,9.5,1,188,-3.9,384.7,-7.4
5.0,9378.059740,117.95,2.21,15.07,84.12,10.3,11.75,1,61,-3.2,395.8,-7.1
5.0,9378.069740,116.81,2.21,15.07,84.12,7.48,12.5,1,10064,-3.2,395.8,-7.1
5.0,9378.079740,116.81,2.21,17.42,84.18,3.93,12.5,1,822,-1.7,125.8,-2.3
5.0,9378.089740,118.04,2.2,16.12,84.15,0.0,11.25,1,694,0.0,-8.4,0.0
5.0,9378.099740,119.62,2.2,13.82,84.09,-3.93,9.75,1,584,-0.5,-95.7,0.8
5.0,9378.109740,121.99,2.2,11.26,84.02,-7.48,7.25,1,457,1.8,-169.1,2.8
5.0,9378.119740,124.89,2.23,8.21,83.96,-10.3,4.25,1,321,1.5,-230.9,4.7
5.0,9378.129740,128.32,2.25,4.66,83.9,-12.11,0.75,1,194,3.0,-293.4,5.6
5.0,9378.139740,131.92,2.29,0.64,83.81,-12.73,-2.75,1,58,2.7,-339.1,6.2
5.0,9378.149740,135.26,2.29,0.64,83.81,-12.11,-6.25,1,10058,2.7,-339.1,6.2
5.0,9378.159740,137.37,2.35,-7.24,83.65,-10.3,-8.25,1,826,2.6,-347.9,7.8
5.0,9378.169740,138.25,2.38,-9.22,83.61,-7.48,-9.25,1,699,2.4,-217.3,4.1
5.0,9378.179740,138.25,2.38,-8.86,83.61,-3.93,-9.0,1,589,0.7,-94.5,2.4
5.0,9378.189740,137.81,2.36,-7.68,83.65,-0.0,-8.0,1,461,0.1,-4.7,0.5
5.0,9378.199740,136.05,2.36,-6.45,83.68,3.93,-6.25,1,325,0.4,33.7,0.0
5.0,9378.209740,133.51,2.35,-4.27,83.74,7.48,-3.75,1,198,-0.0,179.1,-2.1
5.0,9378.219740,130.69,2.32,-0.45,83.84,10.3,-0.75,1,61,-2.3,236.8,-3.9
5.0,9378.229740,127.18,2.32,-0.45,83.84,12.11,2.75,1,10061,-2.3,236.8,-3.9
5.0,9378.239740,123.49,2.25,7.08,83.98,12.73,6.5,1,830,-2.8,347.1,-6.8
5.0,9378.249740,119.71,2.22,11.3,84.06,12.11,9.75,1,703,-4.1,367.9,-6.9
5.0,9378.259740,117.69,2.2,15.43,84.15,10.3,11.75,1,585,-2.6,392.1,-7.0
5.0,9378.269740,116.46,2.21,17.83,84.21,7.48,12.75,1,466,-1.8,215.6,-3.5
5.0,9378.279740,116.72,2.21,17.29,84.19,3.93,12.5,1,330,-1.4,123.2,-2.2
5.0,9378.289740,117.77,2.2,16.22,84.16,-0.0,11.5,1,202,-0.2,-14.6,-0.1
5.0,9378.299740,119.53,2.2,13.87,84.1,-3.93,9.75,1,66,0.2,-97.7,1.0
5.0,9378.309740,121.82,2.2,13.87,84.1,-7.48,7.25,1,10066,0.2,-97.7,1.0
5.0,9378.319740,124.98,2.23,8.23,83.98,-10.3,4.25,1,835,1.7,-235.6,4.7
5.0,9378.329740,128.32,2.25,4.61,83.91,-12.11,0.75,1,709,3.1,-297.3,5.7
5.0,9378.339740,132.01,2.29,0.57,83.82,-12.73,-3.0,1,590,2.8,-342.3,6.4
5.0,9378.349740,135.35,2.32,-3.57,83.73,-12.11,-6.25,1,463,3.1,-369.3,7.2
5.0,9378.359740,137.46,2.35,-7.34,83.66,-10.3,-8.25,1,334,2.5,-349.7,7.9
5.0,9378.369740,138.25,2.38,-9.32,83.63,-7.48,-9.25,1,207,2.4,-217.6,4.1
5.0,9378.379740,138.25,2.38,-8.97,83.63,-3.93,-9.25,1,71,0.6,-97.2,2.5
5.0,9378.389743,137.9,2.38,-8.97,83.63,0.0,-8.0,1,10074,0.6,-97.2,2.5
5.0,9378.399740,136.05,2.36,-6.53,83.69,3.93,-6.25,1,831,0.6,34.9,0.0
5.0,9378.409740,133.68,2.35,-4.34,83.76,7.48,-3.75,1,712,-0.6,180.2,-2.1
5.0,9378.419740,130.61,2.31,-0.51,83.85,10.3,-0.75,1,594,-2.2,237.9,-3.9
5.0,9378.429740,127.35,2.27,2.98,83.92,12.11,2.75,1,466,-3.0,291.9,-5.1
5.0,9378.439740,123.84,2.24,6.93,83.99,12.73,6.0,1,330,-2.9,340.7,-6.7
5.0,9378.449740,120.41,2.22,10.92,84.07,12.11,8.75,1,202,-3.2,350.4,-6.6
5.0,9378.459740,119.0,2.2,14.44,84.14,10.3,10.25,1,75,-3.7,341.9,-5.9
5.0,9378.469742,118.56,2.2,14.44,84.14,7.48,10.75,1,10078,-3.7,341.9,-5.9
5.0,9378.479740,118.39,2.21,14.7,84.15,3.93,11.0,1,836,-0.5,63.4,-0.5
5.0,9378.489740,118.83,2.21,14.01,84.14,0.0,10.25,1,717,-0.6,24.7,-0.4
5.0,9378.499740,120.41,2.2,13.05,84.1,-3.93,8.75,1,598,0.7,-57.6,-0.4
5.0,9378.509740,122.43,2.22,10.83,84.04,-7.48,6.75,1,471,1.4,-139.5,2.3
5.0,9378.519740,125.24,2.23,7.92,83.99,-10.3,3.75,1,335,1.8,-209.4,3.9
5.0,9378.529740,128.41,2.25,4.49,83.92,-12.11,0.75,1,208,2.2,-272.6,5.4
5.0,9378.539740,132.01,2.28,0.61,83.84,-12.73,-3.0,1,81,3.1,-324.8,6.0
5.0,9378.549741,135.09,2.28,0.61,83.84,-12.11,-6.25,1,10081,3.1,-324.8,6.0
5.0,9378.559740,137.11,2.35,-7.02,83.69,-10.3,-8.0,1,840,2.2,-333.3,7.7
5.0,9378.569740,137.81,2.37,-8.87,83.65,-7.48,-8.75,1,713,2.1,-202.6,3.7
5.0,9378.579740,137.81,2.38,-8.36,83.65,-3.93,-8.5,1,603,0.6,-80.2,2.1
5.0,9378.589740,137.11,2.36,-7.15,83.69,-0.0,-7.25,1,475,0.1,-1.2,0.4
5.0,9378.599740,135.18,2.34,-5.73,83.73,3.93,-5.25,1,339,-0.9,62.9,-0.0
5.0,9378.609740,132.63,2.33,-3.17,83.8,7.48,-2.75,1,212,1.0,192.4,-2.8
5.0,9378.619740,129.73,2.31,0.55,83.88,10.3,0.25,1,76,-3.8,242.6,-4.0
5.0,9378.629743,126.3,2.31,0.55,83.88,12.11,3.75,1,10080,-3.8,242.6,-4.0
5.0,9378.639740,122.7,2.25,7.97,84.03,12.73,7.25,1,845,-3.4,342.4,-6.8
5.0,9378.649740,119.36,2.21,12.09,84.1,12.11,9.75,1,718,-3.2,365.8,-6.7
5.0,9378.659740,118.04,2.2,15.78,84.18,10.3,11.25,1,607,-4.0,345.1,-6.3
5.0,9378.669740,117.6,2.19,16.99,84.21,7.48,11.75,1,480,-0.5,142.3,-2.1
5.0,9378.679740,118.21,2.21,15.46,84.19,3.93,11.25,1,344,-0.9,50.1,-0.6
5.0,9378.689740,119.36,2.19,14.05,84.14,0.0,9.75,1,216,-0.1,-48.8,-0.2
5.0,9378.699740,121.2,2.2,11.91,84.07,-3.93,7.75,1,80,1.7,-115.8,1.3
5.0,9378.709740,123.75,2.2,11.91,84.07,-7.48,5.25,1,10081,1.7,-115.8,1.3
5.0,9378.719740,126.91,2.24,6.06,83.97,-10.3,2.25,1,849,2.5,-256.4,4.9
5.0,9378.729740,130.34,2.27,2.35,83.89,-12.11,-1.25,1,723,2.3,-302.6,5.6
5.0,9378.739740,134.12,2.3,-1.54,83.8,-12.73,-5.25,1,613,2.9,-343.5,6.4
5.0,9378.749740,137.55,2.34,-5.75,83.72,-12.11,-8.5,1,485,3.1,-379.7,7.8
5.0,9378.759740,139.66,2.38,-9.62,83.64,-10.3,-10.5,1,348,3.1,-350.7,7.5
5.0,9378.769740,140.8,2.41,-11.5,83.6,-7.48,-11.75,1,221,2.0,-216.8,4.5
5.0,9378.779740,141.33,2.42,-11.43,83.6,-3.93,-12.25,1,85,2.3,-127.0,2.7
5.0,9378.789740,141.06,2.42,-11.43,83.6,0.0,-11.75,1,10085,2.3,-127.0,2.7
5.0,9378.799740,140.19,2.39,-10.24,83.64,3.93,-10.25,1,854,-0.3,23.1,0.5
5.0,9378.809740,137.99,2.38,-8.54,83.69,7.48,-8.25,1,726,-0.0,86.9,-0.7
5.0,9378.819740,135.26,2.36,-5.77,83.76,10.3,-5.25,1,608,-2.0,212.4,-3.4
5.0,9378.829740,132.01,2.32,-1.81,83.84,12.11,-2.25,1,489,-1.4,270.8,-4.7
5.0,9378.839740,128.32,2.29,2.01,83.92,12.73,1.75,1,354,-3.3,323.7,-6.0
5.0,9378.849740,124.72,2.25,6.22,84.0,12.11,5.0,1,225,-2.8,368.6,-7.1
5.0,9378.859740,122.17,2.23,10.32,84.08,10.3,7.0,1,90,-3.1,364.8,-7.3
5.0,9378.869740,121.11,2.23,10.32,84.08,7.48,8.0,1,10090,-3.1,364.8,-7.3
5.0,9378.879740,121.11,2.21,13.11,84.14,3.93,7.75,1,850,-1.9,105.1,-1.5
5.0,9378.889740,122.17,2.2,11.44,84.11,-0.0,7.0,1,731,-0.2,-0.3,-0.1
5.0,9378.899740,123.84,2.22,9.49,84.05,-3.93,5.25,1,612,0.5,-90.4,0.9
5.0,9378.909740,126.21,2.23,6.96,83.99,-7.48,3.0,1,485,1.6,-162.3,2.6
5.0,9378.919740,129.11,2.25,3.96,83.93,-10.3,-0.0,1,357,1.5,-228.3,4.3
5.0,9378.929740,132.28,2.27,0.49,83.86,-12.11,-3.25,1,222,2.2,-281.4,5.2
5.0,9378.939740,135.79,2.32,-3.28,83.78,-12.73,-6.75,1,95,3.7,-323.1,6.1
5.0,9378.949740,139.13,2.32,-3.28,83.78,-12.11,-10.0,1,10095,3.7,-323.1,6.1
5.0,9378.959740,141.06,2.39,-11.08,83.63,-10.3,-12.0,1,855,2.0,-334.5,7.6
5.0,9378.969740,141.77,2.43,-12.83,83.59,-7.48,-12.5,1,727,3.9,-203.7,3.6
5.0,9378.979740,141.68,2.45,-12.26,83.59,-3.93,-12.25,1,617,-0.4,-74.2,1.8
5.0,9378.989740,140.8,2.39,-10.9,83.63,-0.0,-11.0,1,490,0.0,6.8,0.4
5.0,9378.999740,138.78,2.39,-9.45,83.67,3.93,-9.25,1,353,0.1,64.4,-0.3
5.0,9379.009740,136.41,2.38,-6.74,83.74,7.48,-6.5,1,226,-0.5,213.1,-3.2
5.0,9379.019740,133.15,2.34,-2.9,83.83,10.3,-3.25,1,98,-2.5,235.4,-3.8
5.0,9379.029740,129.73,2.34,-2.9,83.83,12.11,0.25,1,10098,-2.5,235.4,-3.8
5.0,9379.039740,125.86,2.28,4.79,83.99,12.73,4.25,1,860,-3.9,343.8,-6.6
5.0,9379.049740,121.9,2.23,8.88,84.06,12.11,7.75,1,732,-3.1,385.0,-7.7
5.0,9379.059740,119.36,2.22,13.29,84.15,10.3,10.0,1,621,-3.3,399.6,-7.4
5.0,9379.069740,118.3,2.21,16.2,84.22,7.48,11.0,1,494,-2.5,276.3,-4.9
5.0,9379.079740,118.3,2.21,16.05,84.22,3.93,11.0,1,358,-1.4,108.7,-1.4
5.0,9379.089740,119.18,2.21,14.4,84.19,0.0,10.0,1,231,-0.5,2.8,-0.3
5.0,9379.099740,120.76,2.2,12.55,84.13,-3.93,8.25,1,103,-0.3,-79.0,0.4
5.0,9379.109740,123.13,2.2,12.55,84.13,-7.48,6.0,1,10103,-0.3,-79.0,0.4
5.0,9379.119740,125.95,2.23,7.08,84.01,-10.3,3.25,1,863,1.4,-224.9,4.6
5.0,9379.129740,129.2,2.24,3.6,83.94,-12.11,-0.25,1,737,2.1,-283.0,5.1
5.0,9379.139740,132.89,2.27,-0.26,83.85,-12.73,-3.75,1,627,2.6,-327.7,6.1
5.0,9379.149740,136.05,2.32,-4.34,83.77,-12.11,-7.25,1,500,4.0,-363.1,7.0
5.0,9379.159740,138.08,2.37,-8.1,83.7,-10.3,-9.25,1,362,2.2,-341.0,7.6
5.0,9379.169740,138.96,2.38,-9.99,83.67,-7.48,-9.75,1,235,2.3,-211.5,4.4
5.0,9379.179740,138.87,2.38,-9.56,83.67,-3.93,-9.5,1,99,0.5,-86.0,1.9
5.0,9379.189740,138.16,2.38,-9.56,83.67,-0.0,-8.25,1,10099,0.5,-86.0,1.9
5.0,9379.199740,136.32,2.36,-6.79,83.74,3.93,-6.25,1,868,0.0,63.9,-0.4
5.0,9379.209740,133.68,2.36,-4.18,83.81,7.48,-3.75,1,740,1.3,197.9,-2.7
5.0,9379.219740,130.69,2.34,-0.35,83.9,10.3,-0.75,1,631,-3.3,249.1,-4.2
5.0,9379.229740,127.09,2.27,3.14,83.97,12.11,2.75,1,503,-2.6,298.2,-5.4
5.0,9379.239740,123.4,2.25,7.2,84.04,12.73,6.75,1,368,-2.8,357.1,-7.0
5.0,9379.249740,119.44,2.22,11.56,84.13,12.11,10.25,1,239,-4.5,377.2,-7.2
5.0,9379.259740,117.16,2.2,15.73,84.21,10.3,12.25,1,104,-2.4,396.3,-7.2
5.0,9379.269740,116.19,2.2,15.73,84.21,7.48,13.25,1,10104,-2.4,396.3,-7.2
5.0,9379.279740,116.28,2.2,17.97,84.27,3.93,13.0,1,873,-0.5,96.4,-1.7
5.0,9379.289740,117.33,2.21,16.34,84.23,-0.0,12.0,1,745,-0.3,-6.6,-0.1
5.0,9379.299740,118.92,2.19,14.4,84.17,-3.93,10.25,1,626,-0.5,-91.4,0.8
5.0,9379.309740,121.29,2.19,11.92,84.11,-7.48,8.0,1,508,1.0,-163.4,2.8
5.0,9379.319740,124.19,2.22,8.92,84.06,-10.3,5.0,1,372,2.5,-227.7,4.4
5.0,9379.329740,127.62,2.24,5.4,83.99,-12.11,1.5,1,245,1.9,-288.1,5.9
5.0,9379.339740,131.13,2.26,1.43,83.91,-12.73,-2.25,1,109,2.9,-335.9,6.1
5.0,9379.349740,134.56,2.26,1.43,83.91,-12.11,-5.5,1,10109,2.9,-335.9,6.1
5.0,9379.359740,136.58,2.35,-6.54,83.74,-10.3,-7.5,1,869,2.3,-343.0,7.6
5.0,9379.369740,137.55,2.36,-8.44,83.71,-7.48,-8.25,1,750,2.2,-217.6,4.3
6.0,9381.399740,135.26,2.33,-5.49,83.89,0.0,-5.75,1,447,0.3,-48.3,1.4
6.0,9381.409740,134.21,2.32,-4.21,83.92,3.91,-4.25,1,328,0.1,6.3,0.4
6.0,9381.419740,132.19,2.32,-2.69,83.96,7.26,-2.25,1,192,0.7,97.5,-0.8
6.0,9381.429740,129.64,2.31,0.13,84.04,9.6,0.5,1,90,-1.2,191.5,-2.2
6.0,9381.439740,126.47,2.28,3.7,84.12,10.59,3.5,1,952,-1.9,262.8,-4.5
6.0,9381.449740,123.31,2.24,7.53,84.19,10.09,6.25,1,825,-3.5,311.2,-6.1
6.0,9381.459740,121.29,2.21,11.2,84.25,8.18,8.0,1,715,-2.6,319.5,-6.0
6.0,9381.469740,120.32,2.21,13.41,84.3,5.11,9.0,1,579,-1.7,212.4,-3.6
6.0,9381.479740,119.97,2.21,13.4,84.31,1.33,9.25,1,451,-1.4,106.6,-1.4
6.0,9381.489740,120.41,2.21,12.81,84.3,-2.64,8.75,1,333,-0.0,46.9,-0.6
6.0,9381.499740,121.82,2.21,11.75,84.27,-6.24,7.25,1,196,-0.5,-47.3,0.1
6.0,9381.509740,123.75,2.21,9.51,84.2,-8.96,5.25,1,95,1.1,-129.8,1.8
6.0,9381.519740,126.56,2.22,6.65,84.15,-10.42,2.75,1,958,0.6,-203.0,4.0
6.0,9381.529740,129.64,2.24,3.27,84.08,-10.42,-0.5,1,830,2.4,-264.7,4.5
6.0,9381.539740,132.45,2.28,-0.45,83.99,-8.96,-3.25,1,719,3.1,-310.3,5.7
6.0,9381.549740,134.03,2.32,-3.79,83.93,-6.24,-5.0,1,583,2.4,-288.9,6.1
6.0,9381.559740,134.38,2.33,-5.32,83.91,-2.64,-5.25,1,456,1.5,-173.7,3.4
6.0,9381.569740,134.38,2.32,-4.68,83.91,1.33,-4.75,1,328,0.4,-51.6,1.2
6.0,9381.579740,133.33,2.31,-3.39,83.95,5.11,-3.5,1,201,0.1,7.2,0.4
6.0,9381.589740,131.4,2.31,-1.88,83.99,8.18,-1.5,1,99,0.3,92.0,-0.5
6.0,9381.599740,128.76,2.3,0.9,84.07,10.09,1.25,1,961,-1.5,193.6,-2.5
6.0,9381.609740,125.68,2.27,4.53,84.14,10.59,4.25,1,834,-1.5,261.6,-4.5
6.0,9381.619740,122.43,2.24,8.26,84.21,9.6,7.25,1,715,-3.7,304.8,-5.7
6.0,9381.629740,120.5,2.21,12.05,84.28,7.26,8.75,1,588,-2.4,335.9,-6.1
6.0,9381.639740,120.06,2.21,14.45,84.34,3.91,9.25,1,460,-1.9,208.7,-3.5
6.0,9381.649740,120.5,2.21,13.76,84.33,0.0,8.75,1,333,-0.6,58.5,-0.7
6.0,9381.659740,121.73,2.21,11.84,84.28,-3.91,7.5,1,196,-0.5,-41.8,0.1
6.0,9381.669740,123.66,2.21,9.62,84.22,-7.26,5.5,1,104,1.3,-121.8,1.6
6.0,9381.679740,126.3,2.23,6.86,84.16,-9.6,2.75,1,966,1.1,-196.2,4.0
6.0,9381.689740,129.38,2.24,3.56,84.1,-10.59,-0.25,1,839,2.0,-255.0,4.4
6.0,9381.699740,132.36,2.27,-0.06,84.01,-10.09,-3.25,1,720,2.4,-303.4,5.5
6.0,9381.709740,134.82,2.32,-3.67,83.94,-8.18,-5.75,1,583,3.5,-313.0,6.2
6.0,9381.719740,135.88,2.35,-6.2,83.89,-5.11,-6.75,1,465,1.4,-243.1,5.2
6.0,9381.729740,136.05,2.34,-6.72,83.89,-1.33,-6.75,1,337,1.2,-122.5,2.6
6.0,9381.739740,135.97,2.34,-5.75,83.9,2.64,-6.25,1,201,0.5,-23.6,0.8
6.0,9381.749740,134.38,2.33,-4.68,83.93,6.24,-4.5,1,100,0.2,8.9,0.3
6.0,9381.759740,132.1,2.34,-2.89,83.98,8.96,-2.25,1,970,1.2,146.3,-1.4
6.0,9381.769740,129.29,2.31,0.69,84.08,10.42,0.75,1,843,-3.2,220.4,-2.9
6.0,9381.779740,126.12,2.26,4.21,84.15,10.42,3.75,1,724,-1.3,278.6,-5.1
6.0,9381.789740,122.78,2.25,7.99,84.22,8.96,6.75,1,588,-4.2,318.9,-6.2
6.0,9381.799740,120.76,2.21,11.85,84.29,6.24,8.5,1,469,-2.5,346.2,-6.4
6.0,9381.809740,120.15,2.21,14.3,84.35,2.64,9.0,1,342,-2.3,218.3,-3.6
6.0,9381.819740,120.5,2.2,13.67,84.34,-1.33,8.75,1,206,-0.7,64.9,-1.0
6.0,9381.829740,121.9,2.21,11.76,84.29,-5.11,7.25,1,104,-0.4,-37.6,0.1
6.0,9381.839740,123.93,2.21,9.51,84.22,-8.18,5.25,1,966,1.2,-122.6,1.6
6.0,9381.849740,126.65,2.23,6.69,84.17,-10.09,2.75,1,839,1.1,-197.4,3.9
6.0,9381.859740,129.55,2.25,3.35,84.1,-10.59,-0.5,1,730,2.2,-259.0,4.4
6.0,9381.869740,132.28,2.28,-0.32,84.02,-9.6,-3.25,1,593,2.9,-305.5,5.6
6.0,9381.879740,133.95,2.32,-3.64,83.95,-7.26,-4.75,1,474,2.6,-285.6,6.1
6.0,9381.889740,134.38,2.33,-5.18,83.93,-3.91,-5.25,1,347,1.5,-173.4,3.4
6.0,9381.899740,134.3,2.33,-4.59,83.93,0.0,-4.75,1,210,0.4,-53.7,1.2
6.0,9381.909740,133.33,2.32,-3.33,83.97,3.91,-3.5,1,109,0.1,6.3,0.5
6.0,9381.919740,131.48,2.31,-1.94,84.02,7.26,-1.5,1,971,-0.5,79.3,0.3
6.0,9381.929740,128.85,2.29,0.71,84.09,9.6,1.0,1,843,-1.1,192.6,-2.8
6.0,9381.939740,125.86,2.27,4.41,84.16,10.59,4.25,1,734,-1.7,256.4,-4.5
6.0,9381.949740,122.52,2.24,8.0,84.23,10.09,6.75,1,597,-3.4,295.5,-5.3
6.0,9381.959740,120.76,2.21,11.82,84.31,8.18,8.5,1,470,-2.6,342.7,-6.2
6.0,9381.969740,120.23,2.2,14.22,84.36,5.11,9.0,1,351,-2.4,193.0,-3.5
6.0,9381.979740,120.76,2.2,13.32,84.34,1.33,8.5,1,215,-0.6,59.2,-0.7
6.0,9381.989740,121.99,2.2,11.58,84.3,-2.64,7.25,1,114,0.0,-39.8,0.0
6.0,9381.999740,124.01,2.21,9.39,84.23,-6.24,5.25,1,976,1.3,-119.9,1.5
6.0,9382.009740,126.65,2.23,6.66,84.17,-8.96,2.75,1,848,1.4,-192.6,3.7
6.0,9382.019740,129.64,2.25,3.38,84.11,-10.42,-0.5,1,739,2.1,-255.6,4.5
6.0,9382.029740,132.98,2.28,-0.28,84.03,-10.42,-4.0,1,603,2.8,-303.2,5.6
6.0,9382.039740,136.05,2.32,-4.17,83.95,-8.96,-7.0,1,474,3.0,-341.2,6.8
6.0,9382.049740,137.81,2.36,-7.77,83.88,-6.24,-8.75,1,347,2.6,-321.9,7.2
6.0,9382.059740,138.43,2.38,-9.49,83.85,-2.64,-9.25,1,219,1.9,-191.3,4.0
6.0,9382.069740,138.43,2.38,-8.87,83.86,1.33,-8.75,1,118,0.6,-68.6,1.4
6.0,9382.079740,137.37,2.36,-7.62,83.89,5.11,-7.5,1,980,0.0,2.1,0.3
6.0,9382.089740,135.26,2.35,-5.93,83.94,8.18,-5.5,1,853,0.0,98.0,-0.5
6.0,9382.099740,132.45,2.33,-2.98,84.02,10.09,-2.75,1,734,-0.7,200.0,-2.8
6.0,9382.109740,129.38,2.3,0.74,84.1,10.59,0.5,1,606,-3.0,269.3,-4.5
6.0,9382.119740,125.95,2.25,4.53,84.17,9.6,3.25,1,479,-2.7,310.0,-5.8
6.0,9382.129740,124.1,2.24,8.51,84.24,7.26,5.25,1,351,-2.7,357.8,-7.2
6.0,9382.139740,123.4,2.22,11.02,84.29,3.91,5.75,1,224,-2.6,203.3,-3.8
6.0,9382.149740,123.75,2.21,10.19,84.28,0.0,5.5,1,122,-0.7,71.5,-0.9
6.0,9382.159740,124.8,2.22,8.64,84.25,-3.91,4.25,1,984,-0.4,-23.2,0.1
6.0,9382.169740,126.74,2.23,6.68,84.19,-7.26,2.5,1,857,1.0,-102.2,0.9
6.0,9382.179740,129.11,2.25,4.1,84.12,-9.6,0.25,1,738,1.9,-178.9,3.0
6.0,9382.189740,131.84,2.28,1.01,84.06,-10.59,-2.75,1,603,1.8,-232.1,4.3
6.0,9382.199740,134.3,2.3,-2.36,83.99,-10.09,-5.5,1,483,2.7,-283.4,5.4
6.0,9382.209740,135.88,2.34,-5.57,83.94,-8.18,-6.75,1,356,1.9,-270.1,6.4
6.0,9382.219740,136.23,2.34,-6.94,83.92,-5.11,-7.25,1,220,1.2,-150.3,3.0
6.0,9382.229740,136.23,2.34,-6.23,83.92,-1.33,-6.75,1,127,0.6,-48.7,1.1
6.0,9382.239740,134.91,2.33,-5.16,83.95,2.64,-5.25,1,989,0.0,5.9,0.4
6.0,9382.249740,132.98,2.33,-3.58,84.0,6.24,-3.25,1,861,0.1,103.7,-0.4
6.0,9382.259740,130.34,2.3,-0.65,84.08,8.96,-0.5,1,743,-2.2,194.4,-2.6
6.0,9382.269740,127.44,2.26,2.83,84.15,10.42,2.75,1,607,-2.0,258.2,-4.3
6.0,9382.279740,124.01,2.24,6.53,84.22,10.42,5.5,1,488,-2.5,306.3,-5.8
6.0,9382.289740,121.99,2.22,10.37,84.29,8.96,7.25,1,360,-3.1,335.3,-6.2
6.0,9382.299740,121.29,2.2,12.87,84.35,6.24,7.75,1,225,-2.0,221.2,-3.9
6.0,9382.309740,121.73,2.2,12.46,84.34,2.64,7.5,1,132,-1.2,73.2,-0.9
6.0,9382.319740,122.87,2.2,10.72,84.3,-1.33,6.25,1,985,-0.0,-26.0,-0.1
6.0,9382.329740,124.63,2.22,8.66,84.24,-5.11,4.5,1,866,1.9,-107.3,1.1
6.0,9382.339740,127.0,2.24,6.07,84.18,-8.18,2.25,1,747,1.1,-177.0,3.3
6.0,9382.349740,129.9,2.26,2.99,84.12,-10.09,-0.75,1,611,2.2,-238.1,4.2
6.0,9382.359740,133.24,2.29,-0.49,84.04,-10.59,-4.25,1,494,2.6,-287.0,5.2
6.0,9382.369740,136.14,2.32,-4.25,83.96,-9.6,-7.25,1,365,2.3,-327.2,6.7
6.0,9382.379740,137.99,2.35,-7.77,83.9,-7.26,-8.75,1,229,2.4,-311.9,7.0
6.0,9382.389740,138.52,2.37,-9.5,83.87,-3.91,-9.5,1,128,1.8,-187.8,3.8
6.0,9382.399740,138.6,2.38,-8.95,83.87,0.0,-9.0,1,990,0.8,-69.5,1.5
6.0,9382.409740,137.37,2.36,-7.74,83.9,3.91,-7.75,1,871,0.0,2.8,0.4
6.0,9382.419740,135.53,2.35,-6.08,83.96,7.26,-5.75,1,752,0.0,93.6,-0.2
6.0,9382.429740,132.8,2.33,-3.24,84.04,9.6,-3.0,1,616,-0.9,193.8,-2.7
6.0,9382.439740,129.64,2.29,0.42,84.11,10.59,0.25,1,497,-3.0,265.6,-4.5
6.0,9382.449740,126.21,2.25,4.19,84.19,10.09,3.25,1,370,-2.5,305.4,-5.5
6.0,9382.459740,123.4,2.24,8.1,84.26,8.18,5.75,1,233,-2.8,350.9,-7.0
6.0,9382.469740,122.08,2.22,11.63,84.32,5.11,7.25,1,132,-2.9,307.8,-6.1
6.0,9382.479740,121.9,2.2,12.55,84.34,1.33,7.25,1,994,-2.1,134.5,-2.2
6.0,9382.489740,122.7,2.2,11.05,84.32,-2.64,6.5,1,867,-0.0,23.3,0.2
6.0,9382.499740,124.1,2.22,9.33,84.28,-6.24,5.0,1,756,0.5,-60.5,0.3
6.0,9382.509740,126.39,2.23,7.05,84.21,-8.96,2.75,1,620,1.4,-144.1,2.1
6.0,9382.519740,129.02,2.25,4.13,84.15,-10.42,0.25,1,494,1.4,-208.1,3.7
6.0,9382.529740,132.1,2.27,0.83,84.08,-10.42,-3.0,1,367,2.0,-266.8,4.8
6.0,9382.539740,134.74,2.3,-2.86,84.0,-8.96,-5.75,1,238,3.0,-309.8,5.7
6.0,9382.549740,136.41,2.34,-6.17,83.94,-6.24,-7.25,1,128,2.2,-287.9,6.8
6.0,9382.559740,136.85,2.35,-7.68,83.92,-2.64,-7.75,1,998,1.8,-173.3,3.3
6.0,9382.569740,136.76,2.36,-7.04,83.92,1.33,-7.25,1,871,0.6,-50.8,1.3
6.0,9382.579740,135.44,2.34,-5.72,83.96,5.11,-5.75,1,752,0.1,10.4,0.4
6.0,9382.589740,133.33,2.34,-3.94,84.01,8.18,-3.5,1,625,0.5,116.6,-1.1
6.0,9382.599740,130.69,2.31,-0.86,84.09,10.09,-0.75,1,497,-2.4,201.8,-2.7
6.0,9382.609740,127.44,2.27,2.7,84.17,10.59,2.5,1,370,-2.1,270.9,-4.4
6.0,9382.619740,124.28,2.25,6.56,84.24,9.6,5.5,1,243,-2.7,317.6,-6.1
6.0,9382.629740,122.08,2.22,10.37,84.31,7.26,7.25,1,132,-3.1,334.1,-6.4
6.0,9382.639740,121.11,2.21,12.76,84.36,3.91,8.25,1,1003,-1.8,222.6,-4.0
6.0,9382.649740,120.67,2.21,12.69,84.37,0.0,8.5,1,875,-1.5,104.0,-1.2
6.0,9382.659740,121.38,2.21,11.93,84.35,-3.91,7.75,1,757,-0.1,42.9,-0.7
6.0,9382.669740,122.87,2.21,10.81,84.32,-7.26,6.25,1,630,-0.3,-50.6,0.1
6.0,9382.679740,125.07,2.21,8.47,84.25,-9.6,4.25,1,502,1.1,-140.6,2.1
6.0,9382.689740,127.71,2.23,5.47,84.19,-10.59,1.5,1,375,1.3,-210.5,3.9
6.0,9382.699740,130.87,2.25,2.1,84.12,-10.09,-1.75,1,239,2.1,-267.2,4.6
6.0,9382.709740,133.51,2.29,-1.57,84.04,-8.18,-4.5,1,137,3.1,-310.5,5.6
6.0,9382.719740,135.09,2.33,-4.9,83.97,-5.11,-6.0,1,1008,2.7,-289.6,6.3
6.0,9382.729740,135.35,2.35,-6.4,83.95,-1.33,-6.25,1,880,1.6,-170.7,3.3
6.0,9382.739740,135.44,2.34,-5.62,83.96,2.64,-5.75,1,761,0.3,-40.6,1.3
6.0,9382.749740,134.21,2.32,-4.25,84.0,6.24,-4.25,1,626,0.1,7.0,0.4
6.0,9382.759740,132.01,2.32,-2.72,84.05,8.96,-2.25,1,507,0.5,105.2,-0.8
6.0,9382.769740,129.46,2.3,0.28,84.13,10.42,0.5,1,379,-2.6,202.7,-2.4
6.0,9382.779740,126.3,2.26,3.91,84.21,10.42,3.75,1,243,-1.1,265.6,-4.6
6.0,9382.789740,122.96,2.25,7.75,84.27,8.96,6.5,1,142,-3.3,320.4,-6.3
6.0,9382.799740,121.29,2.21,11.58,84.34,6.24,8.0,1,1012,-2.8,328.4,-6.2
6.0,9382.809740,120.67,2.21,13.59,84.39,2.64,8.5,1,885,-1.8,192.6,-3.2
6.0,9382.819740,121.2,2.21,12.86,84.38,-1.33,7.75,1,766,-1.1,63.5,-0.9
6.0,9382.829740,122.7,2.2,11.1,84.33,-5.11,6.5,1,630,-0.4,-46.8,0.1
6.0,9382.839740,124.72,2.21,8.66,84.27,-8.18,4.25,1,511,1.2,-134.0,2.1
6.0,9382.849740,127.44,2.24,5.72,84.21,-10.09,1.75,1,385,2.0,-207.2,3.9
6.0,9382.859740,130.52,2.26,2.37,84.14,-10.59,-1.5,1,248,2.1,-261.0,4.6
6.0,9382.869740,133.24,2.28,-1.21,84.06,-9.6,-4.25,1,147,2.2,-304.6,5.5
6.0,9382.879740,135.0,2.32,-4.59,83.99,-7.26,-5.75,1,1008,2.9,-294.4,6.3
6.0,9382.889740,135.26,2.35,-6.19,83.96,-3.91,-6.25,1,889,1.7,-169.8,3.2
6.0,9382.899740,135.26,2.33,-5.44,83.98,-0.0,-5.75,1,771,0.3,-50.2,1.5
6.0,9382.909740,134.12,2.32,-4.18,84.01,3.91,-4.25,1,634,0.1,6.6,0.4
6.0,9382.919740,132.1,2.32,-2.65,84.06,7.26,-2.25,1,515,0.4,96.3,-0.6
6.0,9382.929740,129.46,2.31,0.15,84.13,9.6,0.5,1,388,-1.3,190.3,-2.2
6.0,9382.939740,126.3,2.27,3.72,84.21,10.59,3.5,1,252,-2.0,262.9,-4.4
6.0,9382.949740,123.13,2.24,7.61,84.28,10.09,6.25,1,151,-3.4,316.6,-6.2
6.0,9382.959740,121.29,2.21,11.4,84.35,8.18,8.0,1,1013,-2.7,325.5,-6.1
6.0,9382.969740,120.23,2.21,13.45,84.39,5.11,9.0,1,885,-1.7,196.4,-3.3
6.0,9382.979740,119.88,2.21,13.27,84.4,1.33,9.25,1,775,-1.3,111.3,-1.6
6.0,9382.989740,120.5,2.21,12.88,84.39,-2.64,8.75,1,639,-0.2,46.1,-0.5
6.0,9382.999740,121.82,2.21,11.77,84.36,-6.24,7.5,1,511,-0.5,-45.9,0.2
6.0,9383.009740,123.84,2.21,9.57,84.3,-8.96,5.25,1,393,1.2,-128.8,1.7
6.0,9383.019740,126.47,2.22,6.71,84.24,-10.42,2.75,1,258,0.7,-202.5,4.1
6.0,9383.029740,129.64,2.24,3.35,84.17,-10.42,-0.5,1,156,2.3,-262.6,4.5
6.0,9383.039740,132.28,2.28,-0.33,84.09,-8.96,-3.25,1,1017,3.1,-307.6,5.6
6.0,9383.049740,133.95,2.32,-3.65,84.02,-6.24,-4.75,1,890,2.6,-286.8,6.0
6.0,9383.059740,134.3,2.33,-5.16,84.0,-2.64,-5.25,1,779,1.5,-171.8,3.4
6.0,9383.069740,134.21,2.32,-4.51,84.01,1.33,-4.75,1,644,0.4,-50.3,1.2
6.0,9383.079740,133.15,2.31,-3.22,84.04,5.11,-3.25,1,516,0.1,7.3,0.5
6.0,9383.089740,131.31,2.31,-1.73,84.09,8.18,-1.25,1,389,0.2,91.5,-0.4
6.0,9383.099740,128.58,2.3,1.06,84.16,10.09,1.25,1,261,-1.1,195.1,-2.6
6.0,9383.109740,125.51,2.27,4.73,84.24,10.59,4.5,1,160,-1.4,263.2,-4.5
6.0,9383.119740,122.26,2.24,8.47,84.31,9.6,7.25,1,1022,-4.1,306.0,-5.7
6.0,9383.129740,120.23,2.2,12.3,84.38,7.26,9.0,1,894,-2.3,340.3,-6.1
6.0,9383.139740,119.79,2.21,14.69,84.44,3.91,9.5,1,775,-2.1,205.2,-3.4
6.0,9383.149740,120.15,2.21,13.96,84.43,-0.0,9.0,1,648,-0.7,61.7,-0.8
6.0,9383.159740,121.38,2.21,12.2,84.38,-3.91,7.75,1,521,-0.4,-32.2,0.0
6.0,9383.169740,123.31,2.2,10.13,84.32,-7.26,5.75,1,393,0.2,-112.7,1.4
6.0,9383.179740,125.86,2.22,7.39,84.26,-9.6,3.25,1,258,2.4,-194.3,3.6
6.0,9383.189740,128.76,2.26,4.08,84.2,-10.59,0.25,1,165,1.7,-248.6,4.5
6.0,9383.199740,132.19,2.27,0.54,84.12,-10.09,-3.25,1,1027,2.3,-299.9,5.4
6.0,9383.209740,135.26,2.31,-3.29,84.04,-8.18,-6.25,1,899,3.3,-331.9,6.2
6.0,9383.219740,136.93,2.35,-6.74,83.97,-5.11,-7.75,1,780,2.1,-312.9,7.0
6.0,9383.229740,137.37,2.36,-8.37,83.94,-1.33,-8.25,1,644,2.0,-182.1,3.4
6.0,9383.239740,137.37,2.36,-7.68,83.95,2.64,-7.75,1,516,0.6,-62.1,1.7
6.0,9383.249740,136.05,2.35,-6.44,83.99,6.24,-6.25,1,398,0.1,4.1,0.3
6.0,9383.259740,133.86,2.34,-4.53,84.04,8.96,-4.0,1,262,0.7,125.4,-1.1
6.0,9383.269740,131.04,2.33,-1.31,84.13,10.42,-1.25,1,160,-2.0,200.9,-2.7
6.0,9383.279740,127.79,2.28,2.27,84.2,10.42,2.25,1,1031,-2.2,282.2,-4.6
6.0,9383.289740,124.37,2.25,6.36,84.28,8.96,5.0,1,903,-3.1,328.2,-6.4
6.0,9383.299740,122.52,2.23,10.31,84.35,6.24,6.75,1,785,-2.7,348.3,-6.8
6.0,9383.309740,121.99,2.22,12.47,84.39,2.64,7.25,1,648,-2.0,196.4,-3.4
6.0,9383.319740,122.26,2.21,11.65,84.38,-1.33,6.75,1,521,-1.2,69.5,-0.9
6.0,9383.329740,123.49,2.21,10.11,84.35,-5.11,5.75,1,403,-0.4,-26.9,0.2
6.0,9383.339740,125.51,2.22,7.97,84.29,-8.18,3.75,1,266,0.5,-117.1,1.6
6.0,9383.349740,127.97,2.24,5.2,84.23,-10.09,1.25,1,166,2.1,-187.6,3.0
6.0,9383.359740,130.96,2.27,2.01,84.15,-10.59,-1.75,1,1028,2.2,-247.8,4.3
6.0,9383.369740,133.59,2.3,-1.51,84.08,-9.6,-4.5,1,909,2.5,-292.3,5.6
6.0,9383.379740,135.26,2.32,-4.77,84.02,-7.26,-6.25,1,789,1.8,-281.6,6.2
6.0,9383.389740,135.44,2.34,-6.36,83.99,-3.91,-6.5,1,653,1.7,-169.6,3.4
6.0,9383.399740,135.44,2.34,-5.66,84.01,0.0,-5.75,1,526,0.3,-41.9,1.3
6.0,9383.409740,134.38,2.32,-4.31,84.04,3.91,-4.5,1,407,0.2,7.5,0.3
6.0,9383.419740,132.36,2.33,-2.91,84.08,7.26,-2.5,1,271,0.8,91.0,-0.7
6.0,9383.429740,129.73,2.31,-0.12,84.16,9.6,0.25,1,169,-1.9,195.2,-2.2
6.0,9383.439740,126.74,2.28,3.49,84.24,10.59,3.25,1,1031,-1.2,257.5,-4.4
6.0,9383.449740,123.66,2.26,7.19,84.31,10.09,6.25,1,912,-3.4,307.3,-6.0
6.0,9383.459740,121.64,2.22,10.91,84.37,8.18,7.75,1,794,-2.7,322.6,-6.1
6.0,9383.469740,121.03,2.22,13.16,84.42,5.11,8.25,1,658,-1.6,209.9,-3.7
6.0,9383.479740,121.46,2.21,12.76,84.42,1.33,7.75,1,530,-1.6,72.4,-0.9
6.0,9383.489740,122.7,2.2,11.03,84.38,-2.64,6.5,1,411,-0.3,-36.0,0.3
6.0,9383.499740,124.72,2.21,8.74,84.31,-6.24,4.5,1,275,0.8,-120.5,1.6
6.0,9383.509740,127.27,2.24,5.93,84.25,-8.96,1.75,1,174,1.9,-195.8,3.7
6.0,9383.519740,130.25,2.26,2.66,84.19,-10.42,-1.25,1,1036,2.2,-252.6,4.4
6.0,9383.529740,133.59,2.29,-0.89,84.11,-10.42,-4.75,1,909,2.2,-297.9,5.4
6.0,9383.539740,136.67,2.32,-4.74,84.03,-8.96,-7.75,1,798,2.9,-339.5,7.0
6.0,9383.549740,138.43,2.36,-8.34,83.96,-6.24,-9.25,1,662,2.6,-318.0,6.9
6.0,9383.559740,138.96,2.39,-10.01,83.93,-2.64,-9.75,1,535,1.9,-188.4,3.8
6.0,9383.569740,138.87,2.38,-9.32,83.94,1.33,-9.25,1,407,0.3,-60.6,1.4
6.0,9383.579740,137.72,2.36,-8.0,83.97,5.11,-7.75,1,280,0.1,4.3,0.4
6.0,9383.589740,135.44,2.35,-6.23,84.02,8.18,-5.75,1,178,0.2,111.6,-0.9
6.0,9383.599740,132.89,2.34,-3.07,84.11,10.09,-2.75,1,1041,-1.0,208.8,-2.8
6.0,9383.609740,129.64,2.3,0.62,84.19,10.59,0.5,1,913,-2.4,272.1,-4.6
6.0,9383.619740,126.12,2.27,4.48,84.27,9.6,3.25,1,794,-2.6,322.4,-6.0
6.0,9383.629740,124.1,2.24,8.44,84.34,7.26,5.25,1,667,-3.0,345.8,-7.1
6.0,9383.639740,123.31,2.22,10.9,84.38,3.91,5.75,1,539,-2.2,223.0,-4.2
6.0,9383.649740,123.66,2.22,10.46,84.38,0.0,5.5,1,412,-1.2,78.5,-1.1
6.0,9383.659740,124.72,2.22,8.82,84.34,-3.91,4.5,1,284,-0.4,-19.2,0.2
6.0,9383.669740,126.65,2.22,6.85,84.29,-7.26,2.75,1,183,0.3,-99.6,1.1
6.0,9383.679740,128.85,2.24,4.29,84.22,-9.6,0.25,1,1045,1.8,-176.0,2.8
6.0,9383.689740,131.84,2.27,1.2,84.16,-10.59,-2.75,1,918,1.8,-232.1,4.2
6.0,9383.699740,134.3,2.3,-2.2,84.09,-10.09,-5.25,1,800,2.3,-283.7,5.3
6.0,9383.709740,135.7,2.33,-5.44,84.03,-8.18,-6.75,1,671,2.3,-272.9,6.3
6.0,9383.719740,136.14,2.35,-6.85,84.01,-5.11,-7.0,1,544,1.4,-150.8,3.2
6.0,9383.729740,136.14,2.34,-6.12,84.02,-1.33,-6.5,1,416,0.5,-50.0,1.0
6.0,9383.739740,135.0,2.33,-5.05,84.04,2.64,-5.25,1,280,0.0,6.5,0.4
6.0,9383.749740,132.98,2.33,-3.5,84.09,6.24,-3.25,1,188,0.5,98.6,-0.7
6.0,9383.759740,130.43,2.31,-0.67,84.17,8.96,-0.5,1,1049,-1.9,191.1,-2.3
6.0,9383.769740,127.35,2.27,2.8,84.25,10.42,2.75,1,922,-1.6,254.5,-4.3
6.0,9383.779740,124.28,2.26,6.56,84.31,10.42,5.5,1,803,-2.7,312.7,-6.0
6.0,9383.789740,122.08,2.22,10.32,84.38,8.96,7.25,1,667,-3.2,317.5,-6.1
6.0,9383.799740,121.38,2.21,12.68,84.43,6.24,7.75,1,540,-1.8,231.5,-4.1
6.0,9383.809740,121.82,2.21,12.55,84.44,2.64,7.5,1,421,-1.3,72.9,-0.8
6.0,9383.819740,122.87,2.21,10.71,84.4,-1.33,6.25,1,284,-0.3,-25.5,0.1
6.0,9383.829740,124.63,2.22,8.66,84.34,-5.11,4.5,1,192,1.1,-106.6,1.2
6.0,9383.839740,127.09,2.24,6.09,84.28,-8.18,2.25,1,1054,1.1,-175.9,3.2
6.0,9383.849740,129.99,2.26,3.02,84.21,-10.09,-0.75,1,928,2.3,-237.3,4.1
6.0,9383.859740,133.15,2.29,-0.46,84.13,-10.59,-4.25,1,809,2.5,-286.2,5.2
6.0,9383.869740,136.23,2.32,-4.21,84.06,-9.6,-7.25,1,672,2.4,-326.9,6.6
6.0,9383.879740,137.99,2.35,-7.74,84.0,-7.26,-8.75,1,544,2.3,-312.1,7.0
6.0,9383.889740,138.6,2.38,-9.48,83.96,-3.91,-9.5,1,425,2.0,-188.5,3.9
6.0,9383.899740,138.52,2.38,-8.94,83.97,-0.0,-9.0,1,289,0.7,-70.0,1.5
6.0,9383.909740,137.46,2.36,-7.73,84.0,3.91,-7.75,1,196,0.1,2.9,0.4
6.0,9383.919739,135.53,2.35,-6.06,84.05,7.26,-5.75,1,1058,0.4,94.4,-0.6
6.0,9383.929740,132.8,2.35,-3.2,84.13,9.6,-3.0,1,931,-0.4,194.2,-2.6
6.0,9383.939740,129.73,2.31,0.48,84.21,10.59,0.25,1,812,-3.1,268.6,-4.5
6.0,9383.949740,126.47,2.26,4.22,84.28,10.09,3.25,1,676,-2.5,299.4,-5.6
6.0,9383.959740,123.4,2.25,8.0,84.35,8.18,5.75,1,548,-2.8,347.3,-6.8
6.0,9383.969740,122.17,2.22,11.62,84.41,5.11,7.25,1,430,-3.4,313.6,-6.4
6.0,9383.979740,121.99,2.2,12.64,84.43,1.33,7.25,1,294,-2.0,135.8,-2.1
6.0,9383.989740,122.7,2.21,11.09,84.42,-2.64,6.5,1,192,0.0,22.9,0.2
6.0,9383.999740,124.19,2.22,9.36,84.38,-6.24,5.25,1,1063,-0.1,-60.2,0.5
6.0,9384.009740,126.3,2.23,7.09,84.31,-8.96,2.75,1,927,1.5,-143.8,2.2
6.0,9384.019740,128.94,2.25,4.17,84.25,-10.42,0.25,1,818,1.3,-207.9,3.7
6.0,9384.029740,132.1,2.27,0.86,84.18,-10.42,-3.0,1,682,2.1,-266.9,4.8
6.0,9384.039740,134.74,2.31,-2.82,84.1,-8.96,-5.75,1,553,3.0,-309.0,5.6
6.0,9384.049740,136.41,2.34,-6.13,84.03,-6.24,-7.25,1,434,2.3,-288.6,6.8
6.0,9384.059740,136.67,2.36,-7.62,84.02,-2.64,-7.75,1,298,1.8,-169.9,3.2
6.0,9384.069740,136.67,2.36,-6.91,84.02,1.33,-7.0,1,197,0.5,-47.9,1.3
6.0,9384.079739,135.44,2.34,-5.62,84.06,5.11,-5.5,1,1059,0.1,7.7,0.4
6.0,9384.089740,133.24,2.34,-3.84,84.11,8.18,-3.25,1,931,0.8,122.5,-1.2
6.0,9384.099740,130.52,2.32,-0.65,84.19,10.09,-0.5,1,812,-2.4,204.4,-2.7
6.0,9384.109740,127.35,2.27,2.9,84.27,10.59,2.75,1,685,-1.9,272.5,-4.5
6.0,9384.119740,123.84,2.25,6.74,84.34,9.6,5.75,1,558,-2.9,316.5,-6.1
6.0,9384.129740,121.9,2.22,10.64,84.41,7.26,7.25,1,430,-3.6,346.0,-6.6
6.0,9384.139740,121.03,2.21,13.1,84.46,3.91,8.25,1,303,-1.9,216.4,-3.7
6.0,9384.149740,120.5,2.21,12.84,84.47,-0.0,8.75,1,202,-1.2,103.4,-1.3
6.0,9384.159740,121.2,2.21,12.17,84.45,-3.91,8.25,1,1064,-0.1,46.1,-0.7
6.0,9384.169740,122.52,2.22,11.1,84.42,-7.26,6.75,1,936,-0.3,-49.4,0.2
6.0,9384.179740,124.72,2.21,8.8,84.36,-9.6,4.5,1,818,0.7,-135.0,2.1
6.0,9384.189740,127.35,2.24,5.81,84.3,-10.59,1.75,1,690,2.2,-212.7,3.9
6.0,9384.199740,130.52,2.27,2.38,84.22,-10.09,-1.5,1,563,2.1,-265.5,4.7
6.0,9384.209740,133.33,2.29,-1.22,84.14,-8.18,-4.25,1,435,2.3,-307.2,5.6
6.0,9384.219740,134.82,2.32,-4.58,84.08,-5.11,-5.75,1,299,3.0,-294.8,6.3
6.0,9384.229740,135.26,2.35,-6.13,84.05,-1.33,-6.25,1,206,1.5,-167.1,3.2
6.0,9384.239740,135.0,2.34,-5.32,84.07,2.64,-5.5,1,1068,0.3,-46.7,1.6
6.0,9384.249740,133.68,2.32,-4.04,84.11,6.24,-4.0,1,941,0.0,8.1,0.6
6.0,9384.259740,131.57,2.31,-2.28,84.16,8.96,-1.75,1,822,-0.2,120.9,-0.6
6.0,9384.269740,128.94,2.28,0.85,84.25,10.42,1.0,1,685,-2.8,200.7,-2.7
6.0,9384.279740,125.86,2.25,4.38,84.31,10.42,4.25,1,567,-1.5,273.4,-5.0
6.0,9384.289740,122.52,2.24,8.26,84.38,8.96,7.0,1,440,-2.7,314.9,-5.9
6.0,9384.299740,120.59,2.22,11.93,84.45,6.24,8.75,1,303,-2.6,325.6,-5.9
6.0,9384.309740,120.15,2.21,14.23,84.5,2.64,9.25,1,210,-1.9,219.4,-3.9
6.0,9384.319740,120.59,2.21,13.77,84.49,-1.33,8.75,1,1072,-0.4,60.5,-0.8
6.0,9384.329740,121.9,2.21,11.76,84.44,-5.11,7.25,1,945,-0.5,-42.0,0.0
6.0,9384.339740,124.01,2.21,9.48,84.38,-8.18,5.25,1,818,1.3,-126.0,1.6
6.0,9384.349740,126.65,2.23,6.64,84.32,-10.09,2.5,1,691,1.3,-199.7,3.8
6.0,9384.359740,129.73,2.25,3.29,84.25,-10.59,-0.75,1,564,2.2,-261.5,4.5
6.0,9384.369740,132.45,2.29,-0.4,84.17,-9.6,-3.5,1,445,3.1,-307.5,5.7
6.0,9384.379740,134.21,2.32,-3.76,84.11,-7.26,-5.0,1,308,2.4,-289.2,6.2
6.0,9384.389740,134.56,2.34,-5.35,84.08,-3.91,-5.5,1,215,1.7,-178.0,3.5
6.0,9384.399740,134.47,2.34,-4.8,84.08,0.0,-5.0,1,1077,0.6,-55.9,1.2
6.0,9384.409740,133.59,2.32,-3.52,84.12,3.91,-3.75,1,949,-0.0,6.2,0.6
6.0,9384.419740,131.57,2.31,-2.1,84.17,7.26,-1.75,1,822,-0.7,79.8,0.5
6.0,9384.429740,128.94,2.28,0.59,84.25,9.6,1.0,1,695,-1.5,195.5,-2.9
6.0,9384.439740,125.95,2.26,4.3,84.31,10.59,4.0,1,567,-2.3,255.6,-4.4
6.0,9384.449740,122.7,2.23,7.9,84.39,10.09,6.75,1,448,-2.9,299.5,-5.3
6.0,9384.459740,120.67,2.21,11.67,84.46,8.18,8.5,1,313,-2.7,333.6,-6.0
6.0,9384.469740,120.15,2.19,14.14,84.51,5.11,9.0,1,211,-2.6,213.0,-3.8
6.0,9384.479740,120.67,2.19,13.56,84.5,1.33,8.5,1,1082,-0.3,62.2,-0.9
6.0,9384.489740,121.9,2.21,11.7,84.45,-2.64,7.25,1,945,0.5,-35.3,-0.2
6.0,9384.499740,123.75,2.22,9.56,84.39,-6.24,5.25,1,827,1.8,-116.0,1.5
6.0,9384.509740,126.39,2.24,6.86,84.34,-8.96,2.75,1,699,1.3,-189.6,3.7
6.0,9384.519740,129.46,2.25,3.6,84.27,-10.42,-0.25,1,573,1.9,-251.9,4.6
6.0,9384.529740,132.8,2.28,-0.03,84.19,-10.42,-3.75,1,445,2.6,-300.7,5.5
6.0,9384.539740,135.88,2.33,-3.91,84.11,-8.96,-6.75,1,317,3.5,-339.2,6.5
6.0,9384.549740,137.72,2.37,-7.52,84.04,-6.24,-8.5,1,215,2.5,-322.2,7.4
6.0,9384.559740,138.25,2.38,-9.26,84.02,-2.64,-9.25,1,1077,2.2,-191.4,3.9
6.0,9384.569740,138.16,2.38,-8.61,84.02,1.33,-8.75,1,950,0.1,-66.3,1.5
6.0,9384.579740,137.11,2.36,-7.34,84.05,5.11,-7.25,1,831,0.0,2.4,0.4
6.0,9384.589740,135.09,2.34,-5.83,84.11,8.18,-5.25,1,704,-0.5,82.1,0.3
6.0,9384.599740,132.36,2.32,-2.99,84.19,10.09,-2.5,1,577,-1.0,205.1,-3.1
6.0,9384.609740,129.29,2.29,0.86,84.26,10.59,0.75,1,449,-2.6,262.0,-4.3
6.0,9384.619740,125.95,2.25,4.57,84.34,9.6,3.5,1,321,-2.7,313.6,-5.9
6.0,9384.629740,123.93,2.23,8.53,84.4,7.26,5.25,1,220,-2.5,344.9,-7.0
6.0,9384.639740,123.31,2.22,10.99,84.45,3.91,5.75,1,1082,-2.0,214.8,-3.9
6.0,9384.649740,123.66,2.22,10.42,84.45,0.0,5.5,1,954,-1.2,72.4,-0.9
6.0,9384.659740,124.72,2.22,8.78,84.41,-3.91,4.5,1,836,-0.1,-20.7,-0.2
6.0,9384.669740,126.56,2.23,6.84,84.35,-7.26,2.75,1,708,1.4,-101.2,0.8
6.0,9384.679740,129.02,2.26,4.26,84.28,-9.6,0.25,1,582,2.0,-177.5,3.0
6.0,9384.689740,131.84,2.28,1.16,84.22,-10.59,-2.75,1,455,1.3,-233.4,4.2
6.0,9384.699740,134.38,2.3,-2.24,84.15,-10.09,-5.25,1,318,2.4,-285.0,5.4
6.0,9384.709740,135.88,2.34,-5.51,84.09,-8.18,-6.75,1,225,2.4,-274.7,6.5
6.0,9384.719739,136.05,2.36,-6.93,84.07,-5.11,-7.25,1,1086,1.2,-152.3,3.0
6.0,9384.729740,136.14,2.35,-6.22,84.08,-1.33,-6.75,1,959,0.6,-51.2,1.1
6.0,9384.739752,135.0,2.34,-5.14,84.11,2.64,-5.25,1,853,-0.0,6.6,0.6
6.0,9384.749752,132.98,2.32,-3.58,84.17,6.24,-3.25,1,717,-0.7,98.6,0.3
6.0,9384.759753,130.34,2.29,-0.73,84.25,8.96,-0.5,1,599,-1.8,192.5,-2.7
6.0,9384.769753,127.35,2.26,2.77,84.32,10.42,2.75,1,472,-2.7,256.4,-3.9
6.0,9384.779752,124.19,2.23,6.46,84.39,10.42,5.5,1,335,-2.4,304.9,-5.5
6.0,9384.789752,121.99,2.22,10.12,84.46,8.96,7.25,1,242,-3.0,317.4,-5.7
6.0,9384.799753,121.2,2.2,12.68,84.51,6.24,7.75,1,1105,-2.3,244.0,-4.5
6.0,9384.809753,121.73,2.19,12.66,84.52,2.64,7.5,1,978,-1.2,71.1,-0.5
6.0,9384.819752,122.87,2.2,10.7,84.47,-1.33,6.25,1,858,0.8,-23.2,-1.0
6.0,9384.829752,124.63,2.23,8.7,84.39,-5.11,4.5,1,722,2.3,-105.0,0.4
6.0,9384.839753,127.0,2.26,6.13,84.33,-8.18,2.25,1,595,1.8,-175.2,3.2
6.0,9384.849753,129.9,2.27,3.06,84.28,-10.09,-0.75,1,476,1.9,-236.7,4.2
6.0,9384.859752,133.15,2.3,-0.42,84.2,-10.59,-4.25,1,339,2.5,-286.6,5.3
6.0,9384.869752,136.14,2.33,-4.17,84.12,-9.6,-7.25,1,247,2.3,-324.8,6.7
6.0,9384.879753,137.9,2.36,-7.67,84.07,-7.26,-8.75,1,1109,2.6,-312.2,7.2
6.0,9384.889753,138.52,2.39,-9.42,84.03,-3.91,-9.5,1,982,1.9,-187.8,3.8
6.0,9384.899756,138.43,2.39,-8.88,84.04,-0.0,-9.0,1,866,0.9,-70.5,1.5
6.0,9384.909752,137.37,2.37,-7.66,84.07,3.91,-7.75,1,726,-0.2,5.1,0.6
6.0,9384.919752,135.35,2.34,-6.03,84.13,7.26,-5.75,1,599,-1.2,87.0,0.9
6.0,9384.929753,132.71,2.31,-3.28,84.22,9.6,-3.0,1,481,-1.5,193.9,-3.0
6.0,9384.939753,129.55,2.28,0.37,84.28,10.59,0.25,1,345,-2.5,258.3,-4.4
6.0,9384.949752,126.47,2.25,4.12,84.36,10.09,3.5,1,242,-3.1,310.1,-5.2
6.0,9384.959752,123.75,2.22,7.84,84.43,8.18,5.75,1,1113,-2.6,320.3,-6.1
6.0,9384.969753,122.08,2.21,10.8,84.49,5.11,7.25,1,987,-2.5,285.4,-5.0
6.0,9384.979753,121.9,2.2,12.32,84.52,1.33,7.25,1,859,-1.5,187.2,-3.8
6.0,9384.989752,122.52,2.2,11.6,84.5,-2.64,6.5,1,731,-0.9,25.9,-0.0
6.0,9384.999752,124.1,2.22,9.4,84.44,-6.24,5.0,1,603,1.9,-58.6,-1.1
6.0,9385.009753,126.12,2.25,7.12,84.36,-8.96,2.75,1,477,2.0,-143.0,2.0
6.0,9385.019753,128.94,2.27,4.2,84.31,-10.42,0.25,1,350,2.2,-207.7,4.1
6.0,9385.029752,132.19,2.29,0.9,84.25,-10.42,-3.0,1,247,1.8,-265.4,4.9
6.0,9385.039752,134.65,2.32,-2.78,84.16,-8.96,-5.75,1,1109,3.9,-310.4,5.8
6.0,9385.049753,136.23,2.37,-6.11,84.1,-6.24,-7.25,1,991,1.4,-287.9,7.0
6.0,9385.059753,136.67,2.36,-7.6,84.08,-2.64,-7.75,1,864,1.7,-171.7,3.1
6.0,9385.069752,136.49,2.37,-6.9,84.08,1.33,-7.0,1,735,0.4,-45.4,1.2
6.0,9385.079752,135.26,2.35,-5.51,84.13,5.11,-5.5,1,608,-0.4,12.1,1.0
6.0,9385.089753,133.07,2.32,-3.82,84.2,8.18,-3.25,1,481,-1.2,112.1,0.2
6.0,9385.099753,130.34,2.3,-0.72,84.28,10.09,-0.5,1,354,-1.4,209.5,-2.9
6.0,9385.109752,127.18,2.27,2.92,84.36,10.59,2.75,1,252,-2.6,267.2,-3.9
6.0,9385.119752,124.1,2.23,6.66,84.43,9.6,5.75,1,1114,-3.4,316.5,-5.9
6.0,9385.129753,121.82,2.2,10.38,84.49,7.26,7.25,1,996,-3.1,322.8,-6.2
6.0,9385.139753,121.03,2.19,12.89,84.54,3.91,8.25,1,868,-2.5,244.5,-4.7
6.0,9385.149755,120.59,2.19,12.9,84.55,-0.0,8.75,1,742,-0.8,79.5,-0.7
6.0,9385.159752,121.11,2.2,11.75,84.53,-3.91,8.25,1,612,-0.2,49.5,-1.0
6.0,9385.169752,122.52,2.21,11.13,84.49,-7.26,6.75,1,485,0.9,-32.2,-0.9
6.0,9385.179753,124.72,2.23,8.97,84.41,-9.6,4.5,1,350,2.3,-134.0,0.9
6.0,9385.189753,127.44,2.27,5.83,84.34,-10.59,1.75,1,257,3.3,-212.3,3.7
6.0,9385.199752,130.52,2.29,2.4,84.28,-10.09,-1.5,1,1118,1.2,-264.6,4.9
6.0,9385.209752,133.15,2.29,-1.2,84.21,-8.18,-4.25,1,991,1.8,-307.9,5.7
6.0,9385.219753,134.82,2.32,-4.58,84.14,-5.11,-5.75,1,873,2.9,-294.4,6.4
6.0,9385.229753,135.18,2.35,-6.14,84.11,-1.33,-6.25,1,736,1.6,-169.8,3.2
6.0,9385.239752,135.0,2.34,-5.36,84.13,2.64,-5.5,1,617,0.3,-46.1,1.6
6.0,9385.249752,133.68,2.32,-4.02,84.17,6.24,-4.0,1,490,-0.2,10.4,0.8
6.0,9385.259753,131.66,2.31,-2.36,84.23,8.96,-1.75,1,354,-1.0,109.0,0.4
6.0,9385.269753,129.02,2.28,0.64,84.33,10.42,0.75,1,261,-1.8,201.9,-1.8
6.0,9385.279752,125.77,2.26,4.25,84.4,10.42,4.25,1,1122,-1.6,268.6,-4.4
6.0,9385.289752,122.78,2.23,8.0,84.47,8.96,6.75,1,995,-3.9,307.5,-5.7
6.0,9385.299753,120.67,2.19,11.59,84.53,6.24,8.5,1,877,-2.4,320.5,-6.4
6.0,9385.309753,120.15,2.2,14.02,84.57,2.64,9.0,1,741,-1.5,230.2,-4.7
6.0,9385.319752,120.59,2.19,13.8,84.57,-1.33,8.5,1,613,-1.9,68.7,-0.6
6.0,9385.329752,121.9,2.19,11.78,84.52,-5.11,7.25,1,494,1.0,-41.5,-0.8
6.0,9385.339753,124.1,2.23,9.43,84.43,-8.18,5.25,1,359,2.6,-124.0,0.8
6.0,9385.349753,126.74,2.26,6.63,84.37,-10.09,2.5,1,266,2.0,-198.2,3.9
6.0,9385.359752,129.81,2.27,3.27,84.32,-10.59,-0.75,1,1127,1.9,-261.1,4.6
6.0,9385.369752,132.45,2.29,-0.42,84.23,-9.6,-3.5,1,999,2.9,-306.6,5.8
6.0,9385.379753,134.12,2.33,-3.77,84.17,-7.26,-5.25,1,882,2.1,-289.6,6.2
8.0,9387.399740,134.03,2.32,-2.1,84.33,-3.83,-5.25,1,692,2.5,-251.5,4.7
8.0,9387.409739,135.09,2.34,-4.92,84.28,0.0,-6.25,1,564,1.1,-237.2,6.1
8.0,9387.419740,135.26,2.34,-5.94,84.27,3.83,-6.0,1,428,1.5,-116.7,2.3
8.0,9387.429740,134.74,2.35,-4.81,84.29,6.72,-4.75,1,327,-0.1,-7.3,0.6
8.0,9387.439740,132.8,2.33,-3.49,84.33,7.94,-3.0,1,1197,0.2,22.6,0.8
8.0,9387.449740,130.43,2.31,-1.26,84.4,7.2,-0.5,1,1070,-2.0,193.7,-1.6
8.0,9387.459740,127.71,2.26,2.72,84.5,4.68,1.75,1,951,-2.4,226.8,-3.7
8.0,9387.469740,126.47,2.25,5.81,84.54,1.0,2.75,1,815,-1.9,275.6,-5.4
8.0,9387.479740,126.39,2.24,7.78,84.58,-2.93,2.75,1,688,-1.6,148.0,-2.5
8.0,9387.489740,127.44,2.23,6.64,84.56,-6.13,1.75,1,569,-0.9,14.5,-0.5
8.0,9387.499740,129.02,2.25,4.46,84.49,-7.82,-0.0,1,432,1.8,-84.5,-0.2
8.0,9387.509740,131.13,2.29,1.9,84.41,-7.57,-2.25,1,331,1.5,-157.9,2.5
8.0,9387.519739,133.15,2.3,-0.91,84.36,-5.45,-4.25,1,1202,1.0,-207.4,3.9
8.0,9387.529739,134.03,2.32,-3.56,84.32,-1.98,-5.0,1,1074,2.3,-215.0,4.9
8.0,9387.539740,134.03,2.34,-4.58,84.3,1.98,-4.75,1,956,0.8,-94.2,2.0
8.0,9387.549740,133.59,2.32,-3.41,84.32,5.45,-3.75,1,819,-0.1,-4.2,0.4
8.0,9387.559740,131.75,2.31,-2.33,84.36,7.57,-1.75,1,692,0.2,18.2,0.5
8.0,9387.569740,129.38,2.3,-0.32,84.42,7.82,0.5,1,565,-1.6,178.4,-1.2
8.0,9387.579740,126.91,2.26,3.64,84.52,6.13,2.75,1,437,-2.1,236.8,-4.2
8.0,9387.589740,125.33,2.25,6.81,84.57,2.93,3.75,1,336,-1.3,258.4,-4.8
8.0,9387.599740,125.24,2.24,8.76,84.6,-1.0,3.75,1,1206,-2.5,173.3,-3.8
8.0,9387.609739,126.12,2.21,8.14,84.58,-4.68,3.25,1,1079,-1.3,23.3,-0.1
8.0,9387.619740,127.62,2.23,5.92,84.53,-7.2,1.5,1,960,1.2,-72.0,0.1
8.0,9387.629740,129.64,2.27,3.46,84.45,-7.94,-0.75,1,824,2.2,-150.8,2.3
8.0,9387.639740,132.01,2.29,0.58,84.4,-6.72,-3.0,1,696,1.1,-209.1,4.1
8.0,9387.649740,133.51,2.31,-2.36,84.35,-3.83,-4.75,1,569,2.9,-235.7,4.5
8.0,9387.659740,134.03,2.34,-4.32,84.31,0.0,-5.0,1,433,0.7,-170.0,4.1
8.0,9387.669740,133.95,2.32,-4.21,84.32,3.83,-4.5,1,340,0.4,-54.1,1.2
8.0,9387.679740,132.98,2.32,-3.0,84.34,6.72,-3.25,1,1202,0.0,5.1,0.4
8.0,9387.689740,130.96,2.31,-1.61,84.39,7.94,-1.25,1,1083,-0.7,79.6,0.6
8.0,9387.699740,128.5,2.29,1.05,84.47,7.2,1.5,1,964,-1.3,192.1,-2.9
8.0,9387.709740,125.95,2.27,4.75,84.53,4.68,3.75,1,828,-1.8,257.8,-4.7
8.0,9387.719740,124.28,2.25,8.01,84.59,1.0,5.0,1,701,-2.0,260.1,-4.8
8.0,9387.729740,124.19,2.23,9.95,84.63,-2.93,5.0,1,574,-2.2,191.4,-4.1
8.0,9387.739740,125.07,2.21,9.43,84.61,-6.13,4.25,1,437,-1.2,16.7,0.0
8.0,9387.749740,126.74,2.23,6.91,84.56,-7.82,2.5,1,344,1.3,-77.0,0.3
8.0,9387.759740,129.02,2.27,4.38,84.48,-7.57,0.25,1,1206,2.3,-159.3,2.8
8.0,9387.769739,130.87,2.29,1.4,84.43,-5.45,-1.75,1,1079,1.5,-215.7,4.1
8.0,9387.779740,131.75,2.3,-1.29,84.38,-1.98,-2.75,1,969,1.4,-212.0,4.5
8.0,9387.789740,131.84,2.31,-2.26,84.36,1.98,-2.75,1,833,1.0,-100.6,1.7
8.0,9387.799740,131.75,2.31,-1.28,84.37,5.45,-1.75,1,705,0.2,-14.0,0.5
8.0,9387.809740,130.17,2.3,-0.36,84.4,7.57,-0.25,1,578,-0.2,6.0,0.5
8.0,9387.819740,127.97,2.29,1.3,84.46,7.82,2.25,1,442,-0.7,145.3,-0.3
8.0,9387.829740,125.51,2.27,4.8,84.56,6.13,4.25,1,349,-1.4,211.0,-3.4
8.0,9387.839739,124.19,2.25,7.93,84.6,2.93,5.0,1,1211,-2.1,247.3,-4.6
8.0,9387.849740,124.28,2.23,9.81,84.63,-1.0,5.0,1,1083,-2.3,152.0,-3.1
8.0,9387.859740,125.07,2.21,8.94,84.61,-4.68,4.0,1,974,-1.1,8.7,0.1
8.0,9387.869740,126.83,2.23,6.67,84.56,-7.2,2.25,1,837,1.5,-84.0,0.4
8.0,9387.879740,129.2,2.27,4.13,84.49,-7.94,-0.0,1,710,2.4,-161.5,2.9
8.0,9387.889740,131.57,2.3,1.14,84.43,-6.72,-2.5,1,582,1.7,-221.5,4.1
8.0,9387.899740,133.15,2.3,-1.89,84.37,-3.83,-4.25,1,447,1.0,-242.3,4.9
8.0,9387.909740,133.77,2.32,-3.96,84.33,-0.0,-4.75,1,354,2.1,-187.0,4.2
8.0,9387.919739,133.68,2.33,-4.08,84.33,3.83,-4.25,1,1216,0.6,-67.0,1.4
8.0,9387.929740,132.63,2.32,-2.83,84.36,6.72,-2.75,1,1088,0.0,5.0,0.4
8.0,9387.939740,130.69,2.3,-1.31,84.42,7.94,-0.75,1,969,-1.0,80.5,0.8
8.0,9387.949740,128.23,2.28,1.36,84.49,7.2,1.75,1,842,-1.5,191.2,-3.0
8.0,9387.959740,125.68,2.26,4.94,84.55,4.68,4.25,1,706,-1.2,247.4,-4.4
8.0,9387.969740,124.1,2.25,8.17,84.62,1.0,5.25,1,587,-2.3,266.9,-4.8
8.0,9387.979740,123.93,2.23,10.15,84.65,-2.93,5.25,1,451,-2.1,179.2,-3.8
8.0,9387.989740,124.89,2.21,9.45,84.63,-6.13,4.25,1,350,-1.3,17.1,0.0
8.0,9387.999740,126.65,2.23,7.06,84.58,-7.82,2.75,1,1220,1.3,-76.3,0.2
8.0,9388.009740,128.76,2.27,4.53,84.5,-7.57,0.25,1,1093,2.6,-159.5,2.7
8.0,9388.019740,130.61,2.3,1.56,84.45,-5.45,-1.75,1,974,1.5,-214.2,4.1
8.0,9388.029740,131.48,2.3,-1.09,84.4,-1.98,-2.5,1,838,1.4,-209.9,4.4
8.0,9388.039740,131.57,2.31,-2.03,84.38,1.98,-2.5,1,711,0.9,-98.3,1.7
8.0,9388.049740,131.48,2.3,-1.0,84.4,5.45,-1.5,1,592,-0.1,-8.6,0.4
8.0,9388.059740,129.81,2.29,-0.04,84.42,7.57,-0.0,1,455,-0.2,6.5,0.5
8.0,9388.069740,127.71,2.29,1.58,84.48,7.82,2.25,1,354,-0.5,146.9,-0.4
8.0,9388.079740,125.42,2.27,5.12,84.58,6.13,4.25,1,1224,-1.5,213.2,-3.5
8.0,9388.089740,123.84,2.25,8.09,84.62,2.93,5.25,1,1097,-2.1,231.4,-4.3
8.0,9388.099740,123.93,2.23,10.01,84.65,-1.0,5.25,1,979,-2.3,173.1,-3.4
8.0,9388.109740,124.89,2.21,9.46,84.64,-4.68,4.25,1,842,-1.0,3.3,0.1
8.0,9388.119740,126.56,2.23,6.94,84.58,-7.2,2.75,1,715,1.1,-81.7,0.5
8.0,9388.129740,128.76,2.27,4.46,84.51,-7.94,0.25,1,588,2.7,-163.0,2.8
8.0,9388.139740,131.13,2.3,1.46,84.45,-6.72,-2.25,1,460,1.4,-218.9,4.2
8.0,9388.149740,132.89,2.3,-1.54,84.39,-3.83,-3.75,1,359,1.6,-243.6,4.9
8.0,9388.159740,133.86,2.33,-3.68,84.35,-0.0,-4.75,1,1229,2.1,-189.7,3.9
8.0,9388.169739,134.21,2.34,-4.13,84.34,3.83,-5.25,1,1102,0.6,-99.0,2.2
8.0,9388.179740,134.03,2.33,-3.67,84.35,6.72,-4.75,1,983,0.3,-44.2,1.2
8.0,9388.189740,132.98,2.32,-3.04,84.37,7.94,-3.25,1,847,0.1,7.9,0.5
8.0,9388.199740,130.87,2.31,-1.55,84.42,7.2,-1.0,1,719,-0.7,96.8,0.0
8.0,9388.209740,128.67,2.29,1.32,84.5,4.68,0.75,1,592,-1.8,198.5,-2.9
8.0,9388.219740,127.44,2.27,4.73,84.56,1.0,1.75,1,456,-1.3,239.2,-4.5
8.0,9388.229740,127.62,2.26,6.47,84.59,-2.93,1.5,1,363,-2.0,133.1,-2.1
8.0,9388.239740,128.5,2.24,5.4,84.57,-6.13,0.5,1,1225,-0.9,0.0,-0.2
8.0,9388.249740,130.17,2.25,3.25,84.51,-7.82,-1.0,1,1106,0.7,-82.3,0.6
8.0,9388.259740,132.28,2.28,0.88,84.44,-7.57,-3.25,1,987,1.9,-155.1,2.3
8.0,9388.269740,134.21,2.32,-1.97,84.38,-5.45,-5.25,1,852,1.8,-212.0,3.8
8.0,9388.279740,135.44,2.34,-4.66,84.34,-1.98,-6.5,1,724,2.0,-211.4,5.1
8.0,9388.289740,136.05,2.36,-5.89,84.32,1.98,-7.0,1,596,1.4,-123.7,2.4
8.0,9388.299740,136.05,2.36,-5.77,84.32,5.45,-6.75,1,460,0.5,-76.3,1.9
8.0,9388.309740,135.0,2.35,-5.27,84.34,7.57,-5.25,1,368,-0.0,3.2,0.5
8.0,9388.319740,132.89,2.33,-3.61,84.39,7.82,-3.0,1,1230,-0.4,86.6,0.2
8.0,9388.329740,130.34,2.3,-0.78,84.47,6.13,-0.25,1,1102,-2.3,199.8,-2.8
8.0,9388.339740,127.53,2.27,2.93,84.54,2.93,2.0,1,992,-2.1,257.8,-4.5
8.0,9388.349740,126.21,2.25,6.37,84.6,-1.0,3.0,1,856,-2.0,285.8,-5.7
8.0,9388.359740,126.12,2.24,8.19,84.64,-4.68,3.25,1,729,-1.7,154.5,-2.6
8.0,9388.369740,126.91,2.23,7.11,84.62,-7.2,2.25,1,601,-1.0,22.7,-0.3
8.0,9388.379740,128.58,2.24,5.01,84.56,-7.94,0.5,1,465,1.1,-78.0,-0.0
8.0,9388.389740,130.69,2.27,2.47,84.48,-6.72,-1.75,1,372,1.1,-153.5,2.6
8.0,9388.399739,132.63,2.3,-0.39,84.43,-3.83,-3.5,1,1234,2.5,-210.4,3.8
8.0,9388.409740,133.33,2.33,-2.99,84.38,0.0,-4.25,1,1107,1.3,-202.5,4.4
8.0,9388.419740,133.33,2.32,-3.81,84.37,3.83,-4.0,1,997,0.6,-90.3,2.1
8.0,9388.429740,132.54,2.31,-2.7,84.39,6.72,-2.75,1,860,-0.0,-1.1,0.3
8.0,9388.439740,130.61,2.3,-1.21,84.44,7.94,-0.75,1,733,-0.5,59.7,0.7
8.0,9388.449740,128.06,2.28,1.3,84.52,7.2,1.75,1,606,-1.2,190.6,-2.6
8.0,9388.459740,125.51,2.27,5.06,84.59,4.68,4.25,1,469,-1.5,244.8,-4.4
8.0,9388.469740,124.01,2.25,8.23,84.65,1.0,5.25,1,368,-2.2,263.0,-4.7
8.0,9388.479740,123.93,2.23,10.22,84.68,-2.93,5.25,1,1239,-2.1,180.7,-3.8
8.0,9388.489740,124.8,2.21,9.56,84.66,-6.13,4.25,1,1068,-1.3,16.8,0.1
8.0,9388.499740,126.47,2.23,7.16,84.61,-7.82,2.75,1,993,1.4,-76.9,0.3
8.0,9388.509740,128.58,2.27,4.63,84.54,-7.57,0.5,1,865,2.4,-158.4,2.7
8.0,9388.519740,130.61,2.29,1.66,84.48,-5.45,-1.5,1,729,1.3,-215.7,4.1
8.0,9388.529740,131.48,2.3,-1.01,84.43,-1.98,-2.25,1,610,1.6,-209.8,4.4
8.0,9388.539740,131.75,2.31,-1.93,84.41,1.98,-2.5,1,474,1.1,-97.6,1.7
8.0,9388.549740,131.57,2.31,-1.03,84.43,5.45,-2.5,1,373,0.1,-22.0,0.6
8.0,9388.559740,131.48,2.3,-0.28,84.45,7.57,-1.5,1,1243,-0.0,-0.6,0.3
8.0,9388.569740,129.64,2.29,0.06,84.46,7.82,0.25,1,1116,0.0,11.9,0.7
8.0,9388.579740,127.62,2.29,1.89,84.53,6.13,2.25,1,997,-0.6,170.9,-1.2
8.0,9388.589740,125.68,2.27,5.43,84.61,2.93,3.5,1,861,-1.9,195.6,-3.5
8.0,9388.599740,125.33,2.24,7.6,84.64,-1.0,3.75,1,733,-1.7,192.3,-3.3
8.0,9388.609740,126.04,2.24,8.2,84.65,-4.68,3.25,1,606,-0.9,63.2,-1.3
8.0,9388.619740,127.44,2.24,6.38,84.6,-7.2,1.75,1,478,-0.4,-53.4,0.2
8.0,9388.629740,129.46,2.25,3.86,84.53,-7.94,-0.25,1,377,1.5,-134.7,1.8
8.0,9388.639740,132.01,2.29,1.03,84.47,-6.72,-3.0,1,1239,2.0,-202.0,3.8
8.0,9388.649739,134.12,2.32,-2.14,84.4,-3.83,-5.25,1,1120,2.9,-249.4,4.5
8.0,9388.659740,135.18,2.34,-4.95,84.35,0.0,-6.25,1,1001,0.8,-233.7,5.9
8.0,9388.669740,135.26,2.34,-5.94,84.35,3.83,-6.0,1,865,1.4,-114.3,2.3
8.0,9388.679740,134.74,2.34,-4.8,84.36,6.72,-4.75,1,738,-0.1,-6.0,0.4
8.0,9388.689740,132.8,2.33,-3.51,84.4,7.94,-3.0,1,611,0.5,21.0,0.3
8.0,9388.699740,130.52,2.32,-1.22,84.47,7.2,-0.5,1,474,-1.5,202.4,-1.8
8.0,9388.709740,127.62,2.27,2.81,84.57,4.68,1.75,1,381,-2.7,221.4,-3.7
8.0,9388.719740,126.47,2.25,5.87,84.61,1.0,2.75,1,1243,-1.7,286.4,-5.9
8.0,9388.729740,126.47,2.25,7.9,84.64,-2.93,2.75,1,1124,-1.3,138.8,-2.2
8.0,9388.739740,127.44,2.25,6.54,84.62,-6.13,1.75,1,1006,-0.8,11.2,-0.5
8.0,9388.749740,129.02,2.25,4.42,84.56,-7.82,-0.0,1,870,0.2,-84.3,0.9
8.0,9388.759740,131.31,2.27,1.89,84.5,-7.57,-2.25,1,742,1.8,-157.5,2.5
8.0,9388.769740,133.15,2.3,-0.91,84.44,-5.45,-4.25,1,615,1.3,-207.1,3.7
8.0,9388.779740,134.03,2.32,-3.56,84.39,-1.98,-5.0,1,479,2.3,-215.1,4.8
8.0,9388.789740,134.03,2.34,-4.59,84.38,1.98,-4.75,1,386,0.6,-94.9,2.1
8.0,9388.799739,133.77,2.32,-3.43,84.4,5.45,-3.75,1,1248,-0.0,-4.3,0.4
8.0,9388.809740,131.84,2.32,-2.35,84.43,7.57,-1.75,1,1129,0.7,17.4,0.2
8.0,9388.819740,129.46,2.31,-0.34,84.49,7.82,0.5,1,1010,-1.2,179.9,-1.5
8.0,9388.829740,127.0,2.28,3.63,84.59,6.13,2.75,1,874,-1.7,234.3,-3.8
8.0,9388.839740,125.51,2.26,6.69,84.64,2.93,3.75,1,747,-2.6,251.5,-5.0
8.0,9388.849740,125.24,2.24,8.67,84.66,-1.0,3.75,1,619,-1.2,180.5,-3.7
8.0,9388.859740,126.12,2.24,8.19,84.66,-4.68,3.0,1,484,-1.7,23.1,0.0
8.0,9388.869740,127.71,2.23,5.9,84.61,-7.2,1.5,1,391,0.6,-70.9,0.6
8.0,9388.879740,129.73,2.26,3.47,84.54,-7.94,-0.75,1,1253,1.7,-149.9,2.2
8.0,9388.889740,132.1,2.29,0.59,84.48,-6.72,-3.0,1,1125,1.6,-208.7,4.0
8.0,9388.899740,133.68,2.32,-2.37,84.42,-3.83,-4.75,1,1015,2.7,-237.4,4.5
8.0,9388.909740,134.12,2.34,-4.39,84.38,-0.0,-5.25,1,879,0.9,-172.7,4.1
8.0,9388.919740,134.12,2.32,-4.31,84.39,3.83,-4.75,1,752,0.3,-56.9,1.3
8.0,9388.929740,133.07,2.32,-3.09,84.41,6.72,-3.25,1,624,0.1,6.1,0.4
8.0,9388.939740,131.04,2.31,-1.68,84.46,7.94,-1.25,1,488,-0.3,78.8,-0.0
8.0,9388.949740,128.58,2.3,0.96,84.53,7.2,1.5,1,386,-1.0,191.5,-2.7
8.0,9388.959739,125.77,2.28,4.61,84.61,4.68,3.75,1,1257,-1.4,251.9,-4.4
8.0,9388.969740,124.37,2.26,8.09,84.67,1.0,4.75,1,1130,-2.6,287.5,-5.3
8.0,9388.979740,124.28,2.23,10.12,84.71,-2.93,5.0,1,1011,-2.6,167.5,-3.6
8.0,9388.989740,125.24,2.22,9.08,84.68,-6.13,4.0,1,883,-0.4,16.0,-0.2
8.0,9388.999740,126.83,2.24,6.79,84.63,-7.82,2.25,1,756,0.3,-77.1,0.8
8.0,9389.009740,129.02,2.26,4.28,84.56,-7.57,0.25,1,629,2.2,-157.8,2.7
8.0,9389.019740,130.96,2.29,1.34,84.5,-5.45,-1.75,1,492,1.3,-213.3,3.9
8.0,9389.029740,131.84,2.3,-1.32,84.45,-1.98,-2.75,1,391,1.8,-211.4,4.5
8.0,9389.039740,132.01,2.31,-2.33,84.43,1.98,-2.75,1,1253,1.0,-102.7,1.8
8.0,9389.049739,131.84,2.31,-1.41,84.45,5.45,-1.75,1,1134,0.1,-16.3,0.6
8.0,9389.059740,130.25,2.3,-0.49,84.48,7.57,-0.25,1,1016,-0.0,5.5,0.5
8.0,9389.069740,128.14,2.29,1.21,84.53,7.82,2.0,1,879,-0.2,148.4,-0.6
8.0,9389.079740,125.6,2.28,4.74,84.63,6.13,4.0,1,760,-2.1,210.3,-3.4
8.0,9389.089740,124.37,2.25,7.85,84.68,2.93,4.75,1,624,-1.8,249.1,-4.6
8.0,9389.099740,124.37,2.24,9.75,84.71,-1.0,4.75,1,497,-2.0,151.5,-3.2
8.0,9389.109740,125.24,2.22,8.86,84.68,-4.68,3.75,1,396,-1.2,8.7,0.0
8.0,9389.119740,126.91,2.23,6.6,84.63,-7.2,2.25,1,1257,1.0,-83.9,0.9
8.0,9389.129740,129.2,2.27,4.07,84.57,-7.94,-0.25,1,1139,2.0,-159.5,2.8
8.0,9389.139740,131.57,2.29,1.12,84.51,-6.72,-2.5,1,1020,1.7,-219.5,4.0
8.0,9389.149740,133.15,2.3,-1.87,84.45,-3.83,-4.25,1,884,1.8,-239.7,4.8
8.0,9389.159740,133.77,2.33,-3.92,84.41,0.0,-4.75,1,765,1.8,-184.9,4.2
8.0,9389.169740,133.77,2.33,-4.04,84.41,3.83,-4.25,1,629,0.4,-66.4,1.5
8.0,9389.179740,132.63,2.31,-2.8,84.44,6.72,-2.75,1,493,0.0,5.2,0.4
8.0,9389.189740,130.69,2.31,-1.26,84.49,7.94,-0.75,1,400,-0.4,82.4,0.1
8.0,9389.199740,128.14,2.29,1.41,84.56,7.2,1.75,1,1262,-1.5,190.6,-2.7
8.0,9389.209739,125.51,2.27,4.98,84.63,4.68,4.25,1,1143,-1.5,248.9,-4.4
8.0,9389.219740,123.93,2.25,8.33,84.69,1.0,5.25,1,1024,-2.2,276.6,-5.1
8.0,9389.229740,123.93,2.23,10.32,84.73,-2.93,5.25,1,888,-2.3,170.8,-3.6
8.0,9389.239740,124.89,2.21,9.46,84.7,-6.13,4.25,1,761,-1.2,20.2,-0.2
8.0,9389.249740,126.47,2.22,7.2,84.66,-7.82,2.75,1,633,1.1,-75.1,0.7
8.0,9389.259740,128.58,2.26,4.68,84.59,-7.57,0.5,1,497,2.1,-156.4,2.5
8.0,9389.269740,130.52,2.29,1.72,84.53,-5.45,-1.5,1,404,1.6,-215.0,4.1
8.0,9389.279740,131.31,2.3,-0.94,84.48,-1.98,-2.25,1,1266,1.5,-207.5,4.4
8.0,9389.289740,131.57,2.31,-1.83,84.46,1.98,-2.5,1,1148,1.3,-96.9,1.7
8.0,9389.299740,131.57,2.31,-0.92,84.47,5.45,-2.25,1,1029,0.1,-18.9,0.6
8.0,9389.309740,131.13,2.29,-0.12,84.5,7.57,-1.25,1,893,-0.0,1.3,0.3
8.0,9389.319740,129.38,2.3,0.26,84.51,7.82,0.5,1,765,0.3,18.3,0.5
8.0,9389.329740,127.44,2.29,2.21,84.58,6.13,2.75,1,638,-0.7,178.2,-1.5
8.0,9389.339740,125.51,2.27,5.79,84.66,2.93,4.0,1,502,-2.4,197.9,-3.5
8.0,9389.349740,124.98,2.24,7.93,84.69,-1.0,4.25,1,409,-1.9,194.7,-3.3
8.0,9389.359739,125.68,2.23,8.63,84.71,-4.68,3.5,1,1271,-0.9,73.4,-1.3
8.0,9389.369740,127.09,2.24,6.81,84.66,-7.2,2.0,1,1143,-0.2,-61.0,0.3
8.0,9389.379740,129.29,2.25,4.09,84.58,-7.94,-0.25,1,1034,1.5,-138.0,2.1
8.0,9389.389740,131.48,2.29,1.25,84.52,-6.72,-2.5,1,897,2.0,-206.9,3.7
8.0,9389.399740,132.98,2.31,-1.68,84.46,-3.83,-4.0,1,770,1.7,-224.1,4.3
8.0,9389.409754,133.95,2.32,-3.6,84.43,0.0,-4.75,1,657,1.7,-174.7,3.9
8.0,9389.419752,134.03,2.33,-3.97,84.43,3.83,-5.25,1,520,0.6,-86.4,1.9
8.0,9389.429753,133.95,2.32,-3.41,84.44,6.72,-4.25,1,428,0.0,-32.2,0.8
8.0,9389.439753,132.63,2.32,-2.78,84.45,7.94,-2.75,1,1290,0.1,9.7,0.4
8.0,9389.449752,130.61,2.31,-1.23,84.51,7.2,-0.75,1,1161,-0.3,113.1,-0.5
8.0,9389.459753,128.14,2.29,1.78,84.59,4.68,1.25,1,1052,-1.7,197.3,-2.8
8.0,9389.469753,127.0,2.26,5.13,84.65,1.0,2.25,1,916,-1.8,250.4,-4.8
8.0,9389.479752,127.27,2.25,7.0,84.68,-2.93,1.75,1,787,-2.1,134.2,-2.2
8.0,9389.489753,128.23,2.23,5.77,84.65,-6.13,0.75,1,661,-0.8,-6.4,-0.2
8.0,9389.499753,129.9,2.25,3.43,84.59,-7.82,-0.75,1,525,0.9,-93.4,1.1
8.0,9389.509752,132.19,2.28,1.02,84.53,-7.57,-3.0,1,423,1.6,-154.4,2.5
8.0,9389.519753,134.03,2.32,-1.78,84.46,-5.45,-5.0,1,1294,2.8,-219.2,3.8
8.0,9389.529753,134.91,2.34,-4.56,84.42,-1.98,-5.75,1,1167,1.2,-212.4,5.3
8.0,9389.539752,135.0,2.34,-5.47,84.41,1.98,-5.75,1,1047,0.9,-98.5,2.1
8.0,9389.549752,134.21,2.33,-4.38,84.43,5.45,-4.25,1,919,0.0,-4.1,0.6
8.0,9389.559753,132.28,2.32,-2.94,84.48,7.57,-2.5,1,793,-0.5,49.2,0.8
8.0,9389.569752,129.9,2.3,-0.57,84.56,7.82,0.25,1,665,-1.3,183.6,-1.9
8.0,9389.579752,126.91,2.27,3.2,84.64,6.13,2.25,1,528,-1.9,243.5,-4.1
8.0,9389.589753,125.6,2.25,6.75,84.69,2.93,3.5,1,428,-2.5,294.9,-5.9
8.0,9389.599752,125.51,2.23,8.8,84.73,-1.0,3.75,1,1289,-1.7,153.4,-2.4
8.0,9389.609752,126.21,2.23,7.68,84.71,-4.68,2.75,1,1170,-0.7,29.3,-0.4
8.0,9389.619753,127.79,2.24,5.79,84.65,-7.2,1.25,1,1053,0.8,-64.9,-0.3
8.0,9389.629752,129.81,2.26,3.43,84.58,-7.94,-0.75,1,915,1.5,-141.5,2.0
8.0,9389.639752,132.36,2.29,0.67,84.53,-6.72,-3.25,1,796,1.6,-199.0,3.8
8.0,9389.649753,134.56,2.32,-2.45,84.47,-3.83,-5.5,1,662,3.4,-255.2,4.6
8.0,9389.659756,135.62,2.35,-5.37,84.41,-0.0,-6.75,1,537,0.9,-235.7,6.0
8.0,9389.669752,135.62,2.34,-6.34,84.41,3.83,-6.5,1,431,1.2,-116.5,2.2
8.0,9389.679753,135.44,2.35,-5.29,84.42,6.72,-5.5,1,1294,0.4,-13.7,0.6
8.0,9389.689753,133.33,2.34,-4.11,84.45,7.94,-3.5,1,1175,0.4,15.5,0.4
8.0,9389.699752,130.96,2.32,-2.03,84.52,7.2,-1.0,1,1056,-1.3,178.7,-1.6
8.0,9389.709753,128.23,2.28,2.0,84.62,4.68,1.25,1,921,-2.5,239.5,-3.8
8.0,9389.719753,126.83,2.25,5.46,84.67,1.0,2.25,1,793,-2.4,285.1,-5.8
8.0,9389.729752,126.91,2.24,7.44,84.7,-2.93,2.25,1,665,-1.9,152.7,-2.7
8.0,9389.739753,127.88,2.23,6.23,84.68,-6.13,1.25,1,530,-0.7,11.7,-0.5
8.0,9389.749753,129.38,2.25,3.98,84.62,-7.82,-0.25,1,437,0.7,-84.3,0.6
8.0,9389.759752,131.66,2.27,1.52,84.55,-7.57,-2.5,1,1298,1.7,-149.8,2.5
8.0,9389.769753,133.51,2.31,-1.23,84.49,-5.45,-4.5,1,1180,2.8,-210.0,3.3
8.0,9389.779752,134.3,2.33,-3.88,84.44,-1.98,-5.25,1,1060,0.9,-204.7,5.0
8.0,9389.789752,134.38,2.33,-4.79,84.44,1.98,-5.25,1,924,0.8,-96.3,1.8
8.0,9389.799752,133.77,2.32,-3.76,84.45,5.45,-4.0,1,797,0.0,-5.2,0.5
8.0,9389.809753,132.01,2.32,-2.6,84.49,7.57,-2.0,1,670,0.5,25.1,0.5
8.0,9389.819752,129.46,2.3,-0.43,84.56,7.82,0.5,1,533,-1.9,187.1,-1.3
8.0,9389.829752,127.0,2.26,3.59,84.66,6.13,2.75,1,440,-2.0,239.7,-3.9
8.0,9389.839753,125.33,2.25,6.74,84.71,2.93,3.75,1,1303,-2.2,262.2,-5.1
8.0,9389.849752,125.16,2.23,8.78,84.74,-1.0,4.0,1,1184,-1.4,181.9,-3.3
8.0,9389.859752,125.86,2.23,8.25,84.73,-4.68,3.25,1,1065,-1.2,27.8,-0.1
8.0,9389.869753,127.53,2.23,6.04,84.68,-7.2,1.5,1,930,0.8,-67.0,-0.2
8.0,9389.879752,129.55,2.26,3.63,84.6,-7.94,-0.75,1,801,1.6,-146.6,2.2
8.0,9389.889752,131.84,2.29,0.75,84.55,-6.72,-2.75,1,674,2.1,-208.4,3.9
8.0,9389.899753,133.42,2.32,-2.2,84.49,-3.83,-4.5,1,539,2.9,-232.7,4.5
8.0,9389.909754,133.95,2.34,-4.13,84.46,0.0,-4.75,1,447,0.5,-169.2,4.1
8.0,9389.919752,133.86,2.32,-4.09,84.47,3.83,-4.5,1,1307,0.4,-59.3,1.3
8.0,9389.929753,132.89,2.32,-2.94,84.49,6.72,-3.25,1,1180,-0.1,4.9,0.5
8.0,9389.939753,130.87,2.3,-1.51,84.54,7.94,-1.0,1,1071,-0.8,78.9,0.7
8.0,9389.949752,128.32,2.28,1.11,84.62,7.2,1.75,1,933,-1.1,188.8,-2.9
8.0,9389.959753,125.6,2.27,4.73,84.68,4.68,3.75,1,807,-1.7,251.3,-4.7
8.0,9389.969753,124.19,2.25,8.19,84.74,1.0,5.25,1,679,-2.4,283.4,-5.3
8.0,9389.979752,124.01,2.23,10.17,84.78,-2.93,5.25,1,542,-1.8,166.9,-3.1
8.0,9389.989753,124.89,2.22,9.27,84.76,-6.13,4.25,1,451,-1.2,26.5,-0.1
8.0,9389.999753,126.56,2.23,7.15,84.71,-7.82,2.75,1,1312,1.2,-71.7,-0.1
8.0,9390.009752,128.67,2.26,4.61,84.63,-7.57,0.5,1,1184,1.8,-155.6,2.7
8.0,9390.019753,130.61,2.28,1.66,84.58,-5.45,-1.5,1,1066,1.3,-211.8,4.3
8.0,9390.029753,131.4,2.3,-0.99,84.53,-1.98,-2.25,1,939,2.4,-208.4,4.3
8.0,9390.039752,131.66,2.32,-1.92,84.51,1.98,-2.5,1,810,0.8,-96.7,1.8
8.0,9390.049752,131.57,2.3,-1.02,84.53,5.45,-2.5,1,683,-0.0,-21.4,0.6
8.0,9390.059753,131.4,2.29,-0.27,84.55,7.57,-1.5,1,548,-0.2,0.3,0.5
8.0,9390.069752,129.64,2.29,0.1,84.57,7.82,0.25,1,446,-0.5,15.5,1.2
8.0,9390.079752,127.62,2.28,1.88,84.64,6.13,2.25,1,1307,-1.0,162.3,-0.7
8.0,9390.089753,125.86,2.26,5.33,84.72,2.93,3.5,1,1190,-2.0,198.6,-3.7
8.0,9390.099752,125.24,2.23,7.53,84.74,-1.0,3.75,1,1070,-1.7,183.2,-3.1
8.0,9390.109752,125.95,2.23,8.11,84.76,-4.68,3.25,1,942,-0.7,74.2,-1.3
8.0,9390.119753,127.35,2.24,6.5,84.71,-7.2,1.75,1,816,-0.1,-52.2,-0.2
8.0,9390.129752,129.46,2.25,3.9,84.63,-7.94,-0.25,1,687,1.5,-133.8,1.6
8.0,9390.139752,132.01,2.29,1.06,84.57,-6.72,-3.0,1,551,2.5,-202.2,3.7
8.0,9390.149753,134.21,2.33,-2.11,84.51,-3.83,-5.25,1,451,2.8,-249.0,4.5
8.0,9390.159754,135.09,2.34,-4.93,84.46,0.0,-6.25,1,1314,1.0,-234.7,5.9
8.0,9390.169752,135.18,2.34,-5.94,84.45,3.83,-6.0,1,1193,1.0,-115.4,2.3
8.0,9390.179753,134.82,2.34,-4.81,84.47,6.72,-4.75,1,1075,-0.1,-6.9,0.5
8.0,9390.189753,132.8,2.32,-3.53,84.5,7.94,-3.0,1,939,0.3,19.5,0.5
8.0,9390.199752,130.52,2.31,-1.28,84.57,7.2,-0.5,1,819,-1.7,198.8,-1.8
8.0,9390.209753,127.62,2.27,2.73,84.67,4.68,1.75,1,684,-2.2,222.5,-3.7
8.0,9390.219753,126.47,2.25,5.78,84.71,1.0,2.75,1,557,-2.0,280.7,-6.1
8.0,9390.229752,126.47,2.23,7.8,84.74,-2.93,2.75,1,454,-1.9,144.2,-2.4
8.0,9390.239753,127.44,2.23,6.57,84.72,-6.13,1.75,1,1317,-0.8,13.2,-0.6
8.0,9390.249753,129.2,2.24,4.42,84.66,-7.82,-0.0,1,1198,1.3,-84.1,0.6
8.0,9390.259752,131.31,2.28,1.87,84.6,-7.57,-2.25,1,1079,1.8,-156.9,2.6
8.0,9390.269753,133.15,2.3,-0.93,84.54,-5.45,-4.25,1,944,1.7,-207.2,3.8
8.0,9390.279753,134.03,2.32,-3.58,84.49,-1.98,-5.0,1,816,2.0,-214.8,4.8
8.0,9390.289752,134.03,2.33,-4.61,84.48,1.98,-4.75,1,688,0.5,-95.8,2.1
8.0,9390.299752,133.68,2.32,-3.48,84.5,5.45,-3.75,1,552,-0.0,-5.7,0.5
8.0,9390.309753,131.75,2.31,-2.43,84.53,7.57,-2.0,1,1450,0.4,15.1,0.4
8.0,9390.319752,129.46,2.3,-0.46,84.59,7.82,0.5,1,1321,-1.4,176.0,-1.0
8.0,9390.329752,127.0,2.27,3.49,84.7,6.13,2.75,1,1193,-2.1,234.6,-4.0
8.0,9390.339753,125.42,2.25,6.67,84.74,2.93,3.75,1,1084,-1.9,259.3,-5.0
8.0,9390.349752,125.24,2.24,8.66,84.77,-1.0,3.75,1,947,-1.8,173.9,-3.3
8.0,9390.359752,126.12,2.22,8.05,84.76,-4.68,3.0,1,820,-1.2,25.0,-0.1
8.0,9390.369753,127.62,2.23,5.88,84.71,-7.2,1.5,1,693,0.8,-68.6,0.1
8.0,9390.379752,129.64,2.26,3.47,84.63,-7.94,-0.75,1,556,1.7,-147.1,2.2
8.0,9390.389752,132.1,2.29,0.62,84.58,-6.72,-3.0,1,1453,1.8,-206.4,4.1
8.0,9390.399753,133.68,2.32,-2.34,84.52,-3.83,-4.75,1,1326,2.8,-236.7,4.5
8.0,9390.409756,134.12,2.34,-4.37,84.48,-0.0,-5.25,1,1202,0.7,-172.4,4.1
8.0,9390.419752,134.03,2.32,-4.29,84.49,3.83,-4.75,1,1088,0.4,-56.6,1.1
8.0,9390.429753,132.98,2.32,-3.08,84.52,6.72,-3.25,1,953,-0.0,5.2,0.5
8.0,9390.439753,131.04,2.3,-1.69,84.57,7.94,-1.25,1,826,-0.8,77.8,0.8
8.0,9390.449752,128.5,2.28,0.96,84.65,7.2,1.5,1,697,-1.0,191.7,-3.1
8.0,9390.459753,125.86,2.27,4.64,84.71,4.68,3.75,1,562,-1.9,254.1,-4.7
8.0,9390.469753,124.37,2.24,7.96,84.77,1.0,4.75,1,1458,-2.3,269.5,-5.2
8.0,9390.479752,124.19,2.23,9.92,84.8,-2.93,5.0,1,1330,-1.3,181.4,-3.7
8.0,9390.489753,125.07,2.22,9.25,84.79,-6.13,4.25,1,1203,-1.4,20.9,-0.1
8.0,9390.499753,126.74,2.22,6.88,84.73,-7.82,2.25,1,1093,0.6,-76.1,0.7
8.0,9390.509752,128.94,2.25,4.33,84.67,-7.57,0.25,1,956,1.4,-158.0,2.7
8.0,9390.519753,130.87,2.27,1.36,84.61,-5.45,-2.0,1,830,1.7,-215.2,4.1
8.0,9390.529753,131.92,2.3,-1.35,84.56,-1.98,-2.75,1,702,2.0,-214.1,4.4
8.0,9390.539752,132.01,2.31,-2.39,84.53,1.98,-2.75,1,565,1.2,-105.3,1.8
8.0,9390.549752,131.92,2.31,-1.47,84.55,5.45,-2.0,1,1462,0.1,-16.9,0.7
8.0,9390.559753,130.25,2.3,-0.54,84.58,7.57,-0.25,1,1335,0.1,5.4,0.4
8.0,9390.569752,128.14,2.29,1.17,84.63,7.82,1.75,1,1207,-0.1,148.6,-0.9
8.0,9390.579752,125.77,2.27,4.67,84.72,6.13,3.75,1,1088,-2.5,206.7,-3.3
8.0,9390.589753,124.37,2.24,7.65,84.77,2.93,4.75,1,962,-1.5,240.0,-4.5
8.0,9390.599752,124.45,2.24,9.6,84.8,-1.0,4.75,1,833,-1.4,161.4,-3.1
8.0,9390.609752,125.42,2.22,8.89,84.79,-4.68,3.75,1,706,-1.7,7.5,0.1
8.0,9390.619753,127.0,2.22,6.48,84.73,-7.2,2.25,1,570,0.9,-86.6,1.0
8.0,9390.629752,129.29,2.25,3.94,84.67,-7.94,-0.25,1,1457,1.1,-160.1,2.8
8.0,9390.639752,131.84,2.28,0.97,84.61,-6.72,-2.75,1,1330,2.4,-223.5,4.0
8.0,9390.649753,133.33,2.31,-2.08,84.54,-3.83,-4.25,1,1212,2.0,-241.5,4.7
8.0,9390.659756,133.86,2.33,-4.1,84.51,-0.0,-4.75,1,1097,1.5,-184.1,4.2
8.0,9390.669752,133.86,2.32,-4.22,84.51,3.83,-4.5,1,956,0.4,-68.6,1.5
8.0,9390.679753,132.98,2.31,-3.02,84.53,6.72,-3.25,1,839,0.0,4.5,0.3
8.0,9390.689753,131.13,2.3,-1.62,84.58,7.94,-1.25,1,711,-0.2,66.9,0.1
8.0,9390.699752,128.5,2.3,0.88,84.65,7.2,1.5,1,574,0.1,187.5,-2.6
8.0,9390.709753,126.04,2.29,4.59,84.72,4.68,3.75,1,1463,-1.9,250.3,-4.3
8.0,9390.719753,124.45,2.25,7.87,84.78,1.0,4.75,1,1336,-2.7,264.9,-5.2
8.0,9390.729752,124.37,2.23,9.83,84.81,-2.93,4.75,1,1216,-1.3,181.7,-3.8
8.0,9390.739753,125.24,2.23,9.16,84.79,-6.13,3.75,1,1098,-1.2,15.8,-0.1
8.0,9390.749753,126.83,2.23,6.7,84.74,-7.82,2.25,1,962,-0.1,-79.6,1.2
8.0,9390.759752,129.11,2.25,4.16,84.68,-7.57,-0.0,1,833,1.4,-158.7,2.7
8.0,9390.769753,131.13,2.28,1.2,84.62,-5.45,-2.0,1,716,2.0,-216.8,3.9
8.0,9390.779753,132.01,2.31,-1.5,84.56,-1.98,-3.0,1,571,1.9,-211.4,4.6
8.0,9390.789752,132.01,2.32,-2.51,84.55,1.98,-3.0,1,1467,1.5,-107.1,1.8
8.0,9390.799752,132.19,2.32,-1.62,84.56,5.45,-2.0,1,1339,-0.1,-14.6,0.7
8.0,9390.809753,130.34,2.3,-0.62,84.59,7.57,-0.25,1,1213,0.1,6.8,0.4
8.0,9390.819752,128.14,2.31,1.19,84.65,7.82,2.0,1,1102,0.7,160.5,-1.3
8.0,9390.829752,125.68,2.29,4.84,84.74,6.13,4.0,1,966,-3.0,210.7,-3.3
8.0,9390.839753,124.37,2.25,7.79,84.79,2.93,5.0,1,839,-1.3,245.6,-4.6
8.0,9390.849752,124.37,2.25,9.76,84.82,-1.0,4.75,1,719,-1.8,161.2,-3.5
8.0,9390.859752,125.33,2.23,9.03,84.8,-4.68,4.0,1,575,-1.8,11.6,0.2
8.0,9390.869753,126.74,2.22,6.7,84.75,-7.2,2.25,1,1472,-0.1,-83.0,1.2
8.0,9390.879752,129.11,2.25,4.15,84.69,-7.94,-0.0,1,1344,1.7,-160.8,2.8
8.0,9390.889752,131.48,2.28,1.17,84.63,-6.72,-2.5,1,1216,2.0,-220.4,4.0
8.0,9390.899753,133.33,2.31,-1.86,84.56,-3.83,-4.25,1,1107,2.0,-242.8,4.8
8.0,9390.909756,133.86,2.33,-3.97,84.52,-0.0,-4.75,1,974,2.1,-188.6,4.1
8.0,9390.919752,133.77,2.33,-4.12,84.52,3.83,-4.25,1,843,0.4,-69.1,1.6
8.0,9390.929753,132.8,2.32,-2.87,84.55,6.72,-3.0,1,716,0.0,5.0,0.3
8.0,9390.939753,130.78,2.31,-1.38,84.59,7.94,-0.75,1,580,-0.2,75.1,-0.2
8.0,9390.949752,128.32,2.31,1.19,84.67,7.2,1.75,1,1476,0.3,187.4,-2.5
8.0,9390.959753,125.51,2.3,4.82,84.75,4.68,4.25,1,1350,-2.2,251.1,-4.3
8.0,9390.969753,124.1,2.25,8.26,84.8,1.0,5.25,1,1222,-3.3,279.5,-5.5
8.0,9390.979752,124.01,2.23,10.24,84.83,-2.93,5.25,1,1111,-1.6,169.9,-3.5
8.0,9390.989753,124.8,2.23,9.39,84.82,-6.13,4.25,1,976,-1.5,24.9,-0.2
8.0,9390.999753,126.47,2.22,7.2,84.77,-7.82,2.75,1,848,0.3,-73.7,0.9
8.0,9391.009752,128.58,2.25,4.66,84.71,-7.57,0.5,1,720,1.4,-156.0,2.7
8.0,9391.019753,130.61,2.28,1.7,84.65,-5.45,-1.5,1,585,1.7,-213.3,4.1
8.0,9391.029753,131.48,2.3,-0.95,84.6,-1.98,-2.25,1,1481,1.8,-207.8,4.3
8.0,9391.039752,131.57,2.31,-1.89,84.57,1.98,-2.5,1,1353,1.5,-99.4,1.7
8.0,9391.049752,131.66,2.31,-1.02,84.59,5.45,-2.25,1,1225,0.2,-21.3,0.7
8.0,9391.059753,131.4,2.3,-0.24,84.61,7.57,-1.25,1,1116,-0.1,-0.4,0.3
8.0,9391.069752,129.55,2.3,0.1,84.62,7.82,0.25,1,979,0.4,13.3,0.4
8.0,9391.079752,127.44,2.3,1.98,84.68,6.13,2.75,1,852,-0.1,174.2,-1.5
8.0,9391.089753,124.89,2.28,5.67,84.77,2.93,4.75,1,725,-3.0,208.8,-3.4
8.0,9391.099752,123.66,2.24,8.49,84.82,-1.0,5.5,1,588,-1.6,246.9,-4.6
8.0,9391.109752,123.75,2.24,10.39,84.85,-4.68,5.25,1,1476,-1.6,152.0,-2.7
8.0,9391.119753,124.8,2.23,9.45,84.83,-7.2,4.25,1,1358,-1.1,1.1,-0.0
8.0,9391.129752,126.56,2.23,7.03,84.77,-7.94,2.75,1,1230,0.6,-91.6,1.3
8.0,9391.139752,128.85,2.26,4.4,84.71,-6.72,0.25,1,1111,1.4,-169.8,2.8
8.0,9391.149753,130.87,2.28,1.39,84.64,-3.83,-1.75,1,985,1.7,-223.3,4.1
8.0,9391.159756,131.75,2.3,-1.3,84.59,-0.0,-2.75,1,860,2.1,-215.3,4.3
8.0,9391.169752,131.84,2.32,-2.27,84.57,3.83,-2.75,1,729,1.3,-104.6,1.9
8.0,9391.179753,131.75,2.31,-1.28,84.59,6.72,-1.75,1,593,0.1,-11.8,0.5
8.0,9391.189753,130.08,2.3,-0.28,84.62,7.94,-0.0,1,1481,0.1,7.5,0.3
8.0,9391.199752,127.79,2.31,1.48,84.67,7.2,2.25,1,1353,1.2,156.2,-1.3
8.0,9391.209753,125.6,2.3,5.08,84.76,4.68,4.25,1,1235,-3.0,211.6,-3.3
8.0,9391.219753,124.1,2.25,7.93,84.81,1.0,5.25,1,1117,-1.3,230.1,-4.2
8.0,9391.229752,124.28,2.25,9.83,84.84,-2.93,5.0,1,979,-2.2,170.9,-3.6
8.0,9391.239753,125.16,2.23,9.24,84.82,-6.13,4.0,1,862,-1.3,0.6,0.4
8.0,9391.249753,126.91,2.22,6.64,84.77,-7.82,2.25,1,734,-0.5,-89.9,1.3
8.0,9391.259752,129.2,2.25,4.08,84.71,-7.57,-0.0,1,597,2.1,-165.6,2.9
8.0,9391.269753,131.22,2.29,1.11,84.64,-5.45,-2.25,1,1486,1.7,-221.6,3.9
8.0,9391.279753,132.19,2.3,-1.61,84.59,-1.98,-3.25,1,1358,1.9,-215.7,4.5
8.0,9391.289752,132.28,2.32,-2.67,84.57,1.98,-3.0,1,1239,1.7,-111.9,1.9
8.0,9391.299752,132.1,2.32,-1.78,84.58,5.45,-2.25,1,1120,0.0,-14.8,0.7
8.0,9391.309753,130.43,2.31,-0.74,84.61,7.57,-0.25,1,985,0.3,7.6,0.3
8.0,9391.319752,128.14,2.32,1.03,84.67,7.82,1.75,1,856,0.5,154.8,-1.2
8.0,9391.329752,125.68,2.3,4.75,84.77,6.13,4.0,1,738,-2.7,225.0,-3.5
8.0,9391.339753,124.28,2.25,7.91,84.82,2.93,5.0,1,603,-2.2,245.7,-4.6
8.0,9391.349752,124.28,2.24,9.76,84.84,-1.0,5.0,1,1490,-1.8,163.6,-3.5
8.0,9391.359752,125.24,2.22,9.08,84.83,-4.68,4.0,1,1362,-1.9,14.2,0.2
8.0,9391.369753,126.83,2.22,6.78,84.78,-7.2,2.25,1,1236,0.3,-80.6,1.2
8.0,9391.379752,129.11,2.26,4.24,84.72,-7.94,-0.0,1,1125,1.9,-159.3,2.8
8.0,9391.389752,131.48,2.29,1.27,84.66,-6.72,-2.25,1,989,1.7,-217.5,4.0
10.0,9393.409740,131.57,2.27,0.93,84.79,-3.74,-2.5,1,799,1.8,-170.2,3.1
10.0,9393.419740,132.1,2.31,-1.46,84.74,-0.0,-3.0,1,671,2.1,-180.1,3.3
10.0,9393.429739,132.1,2.32,-2.32,84.72,3.74,-2.75,1,1568,1.0,-76.6,1.6
10.0,9393.439740,131.57,2.31,-1.3,84.74,6.06,-1.5,1,1431,-0.1,-1.1,0.5
10.0,9393.449740,129.64,2.29,-0.18,84.78,6.06,0.25,1,1313,-0.3,36.4,0.5
10.0,9393.459739,127.53,2.29,1.97,84.84,3.74,2.0,1,1194,0.3,177.6,-2.0
10.0,9393.469740,126.47,2.28,5.53,84.92,0.0,2.75,1,1058,-2.8,215.4,-3.9
10.0,9393.479740,126.83,2.24,7.22,84.94,-3.74,2.25,1,939,-1.5,130.7,-2.7
10.0,9393.489740,128.14,2.23,6.18,84.91,-6.06,1.25,1,804,-1.4,-19.1,0.3
10.0,9393.499740,129.81,2.24,3.57,84.85,-6.06,-0.75,1,677,0.8,-111.6,1.7
10.0,9393.509739,131.48,2.27,0.94,84.79,-3.74,-2.5,1,1564,1.8,-170.2,3.1
10.0,9393.519740,132.1,2.31,-1.44,84.74,-0.0,-3.0,1,1436,2.1,-179.8,3.3
10.0,9393.529739,132.19,2.32,-2.31,84.72,3.74,-2.75,1,1317,1.0,-76.7,1.6
10.0,9393.539740,131.57,2.31,-1.29,84.75,6.06,-1.5,1,1199,-0.1,-1.2,0.5
10.0,9393.549740,129.73,2.29,-0.18,84.79,6.06,0.25,1,1063,-0.3,35.4,0.5
10.0,9393.559740,127.53,2.29,1.96,84.85,3.74,2.0,1,935,0.1,177.7,-2.0
10.0,9393.569740,126.47,2.27,5.52,84.93,0.0,2.75,1,807,-2.8,213.8,-3.8
10.0,9393.579740,126.83,2.23,7.21,84.95,-3.74,2.25,1,680,-1.5,132.4,-2.8
10.0,9393.589740,128.14,2.23,6.2,84.92,-6.06,1.25,1,1568,-1.5,-19.4,0.4
10.0,9393.599740,129.73,2.24,3.56,84.86,-6.06,-0.75,1,1441,0.9,-111.5,1.7
10.0,9393.609739,131.57,2.27,0.94,84.8,-3.74,-2.5,1,1313,1.8,-170.4,3.1
10.0,9393.619740,132.19,2.3,-1.44,84.75,0.0,-3.0,1,1203,2.1,-179.5,3.3
10.0,9393.629739,132.01,2.32,-2.31,84.73,3.74,-2.75,1,1067,1.0,-77.0,1.6
10.0,9393.639740,131.48,2.31,-1.29,84.76,6.06,-1.5,1,940,-0.1,-1.1,0.5
10.0,9393.649740,129.64,2.29,-0.18,84.79,6.06,0.25,1,812,-0.3,35.2,0.5
10.0,9393.659740,127.62,2.29,1.95,84.86,3.74,2.0,1,684,0.1,177.5,-2.0
10.0,9393.669740,126.47,2.27,5.52,84.94,-0.0,2.75,1,1572,-2.9,213.9,-3.8
10.0,9393.679739,126.91,2.23,7.21,84.95,-3.74,2.25,1,1445,-1.5,132.7,-2.8
10.0,9393.689740,128.06,2.23,6.2,84.93,-6.06,1.25,1,1318,-1.3,-19.8,0.3
10.0,9393.699740,129.9,2.24,3.56,84.87,-6.06,-0.75,1,1199,0.9,-111.4,1.7
10.0,9393.709739,131.48,2.27,0.94,84.81,-3.74,-2.5,1,1071,1.8,-170.4,3.1
10.0,9393.719740,132.01,2.31,-1.45,84.76,-0.0,-3.0,1,944,2.1,-179.7,3.4
10.0,9393.729740,132.01,2.32,-2.31,84.74,3.74,-2.75,1,817,1.0,-77.0,1.6
10.0,9393.739740,131.57,2.31,-1.3,84.77,6.06,-1.5,1,689,-0.1,-1.1,0.5
10.0,9393.749740,129.64,2.29,-0.18,84.8,6.06,0.25,1,1577,-0.3,35.8,0.5
10.0,9393.759739,127.53,2.29,1.96,84.87,3.74,2.0,1,1450,0.2,177.5,-2.0
10.0,9393.769740,126.47,2.28,5.53,84.94,0.0,2.75,1,1322,-2.7,215.1,-3.9
10.0,9393.779739,126.83,2.23,7.22,84.96,-3.74,2.25,1,1204,-1.6,131.5,-2.8
10.0,9393.789740,128.14,2.23,6.19,84.93,-6.06,1.25,1,1076,-1.4,-19.5,0.3
10.0,9393.799740,129.73,2.23,3.57,84.88,-6.06,-0.75,1,949,0.9,-111.2,1.7
10.0,9393.809740,131.48,2.27,0.95,84.81,-3.74,-2.5,1,813,1.9,-170.1,3.1
10.0,9393.819740,132.19,2.3,-1.44,84.77,-0.0,-3.0,1,685,2.1,-179.6,3.4
10.0,9393.829739,132.01,2.32,-2.3,84.75,3.74,-2.75,1,1582,1.0,-76.7,1.5
10.0,9393.839740,131.48,2.31,-1.28,84.77,6.06,-1.5,1,1454,-0.1,-1.1,0.5
10.0,9393.849740,129.64,2.29,-0.17,84.81,6.06,0.25,1,1327,-0.3,35.5,0.5
10.0,9393.859739,127.62,2.29,1.97,84.87,3.74,2.0,1,1208,0.2,177.5,-2.0
10.0,9393.869740,126.47,2.28,5.52,84.95,-0.0,2.75,1,1072,-2.7,214.0,-3.9
10.0,9393.879740,126.83,2.23,7.22,84.97,-3.74,2.25,1,953,-1.6,132.6,-2.8
10.0,9393.889740,128.06,2.23,6.21,84.94,-6.06,1.25,1,818,-1.4,-19.4,0.3
10.0,9393.899740,129.73,2.23,3.57,84.88,-6.06,-0.75,1,690,0.8,-111.4,1.7
10.0,9393.909739,131.48,2.27,0.95,84.82,-3.74,-2.5,1,1586,1.8,-170.1,3.1
10.0,9393.919740,132.1,2.3,-1.43,84.77,0.0,-3.0,1,1459,2.1,-179.6,3.4
10.0,9393.929739,132.01,2.32,-2.29,84.75,3.74,-2.75,1,1331,1.0,-76.8,1.5
10.0,9393.939740,131.48,2.31,-1.28,84.78,6.06,-1.5,1,1212,-0.1,-1.3,0.5
10.0,9393.949740,129.73,2.29,-0.18,84.81,6.06,0.25,1,1076,-0.2,34.8,0.5
10.0,9393.959740,127.62,2.29,1.96,84.88,3.74,2.0,1,958,0.0,177.6,-2.0
10.0,9393.969740,126.56,2.27,5.52,84.96,0.0,2.75,1,822,-2.8,213.3,-3.8
10.0,9393.979740,126.74,2.23,7.21,84.97,-3.74,2.25,1,694,-1.5,133.2,-2.8
10.0,9393.989740,128.06,2.23,6.21,84.95,-6.06,1.25,1,1591,-1.4,-19.3,0.4
10.0,9393.999740,129.81,2.23,3.58,84.89,-6.06,-0.75,1,1454,1.0,-111.2,1.7
10.0,9394.009739,131.48,2.27,0.96,84.83,-3.74,-2.5,1,1336,1.8,-170.1,3.1
10.0,9394.019740,132.01,2.3,-1.43,84.78,-0.0,-3.0,1,1217,2.1,-179.4,3.4
10.0,9394.029739,132.19,2.32,-2.29,84.76,3.74,-2.75,1,1081,1.1,-76.8,1.5
10.0,9394.039740,131.4,2.31,-1.27,84.78,6.06,-1.5,1,962,-0.1,-1.2,0.5
10.0,9394.049740,129.64,2.29,-0.17,84.82,6.06,0.25,1,826,-0.2,34.7,0.5
10.0,9394.059740,127.62,2.29,1.96,84.89,3.74,2.0,1,699,-0.1,177.3,-1.9
10.0,9394.069740,126.47,2.27,5.52,84.96,0.0,2.75,1,1587,-2.8,213.7,-3.8
10.0,9394.079739,126.91,2.23,7.22,84.98,-3.74,2.25,1,1459,-1.5,133.3,-2.8
10.0,9394.089740,128.06,2.23,6.22,84.95,-6.06,1.25,1,1340,-1.4,-19.7,0.3
10.0,9394.099740,129.81,2.24,3.57,84.9,-6.06,-0.75,1,1221,1.1,-111.3,1.6
10.0,9394.109739,131.57,2.28,0.95,84.83,-3.74,-2.5,1,1085,1.8,-170.4,3.1
10.0,9394.119740,132.1,2.31,-1.43,84.78,0.0,-3.0,1,958,2.1,-179.6,3.4
10.0,9394.129740,132.1,2.32,-2.3,84.77,3.74,-2.75,1,830,1.1,-77.2,1.5
10.0,9394.139740,131.48,2.31,-1.29,84.79,6.06,-1.5,1,703,-0.1,-1.3,0.5
10.0,9394.149740,129.64,2.29,-0.19,84.83,6.06,0.25,1,1591,-0.3,34.4,0.6
10.0,9394.159739,127.53,2.29,1.94,84.9,3.74,2.0,1,1464,-0.4,177.5,-1.9
10.0,9394.169740,126.56,2.27,5.54,84.97,-0.0,2.75,1,1336,-2.5,216.1,-4.0
10.0,9394.179739,126.83,2.23,7.23,84.99,-3.74,2.25,1,1226,-1.5,130.4,-2.7
10.0,9394.189740,127.97,2.23,6.17,84.96,-6.06,1.25,1,1090,-1.3,-19.4,0.3
10.0,9394.199740,129.81,2.24,3.56,84.9,-6.06,-0.75,1,964,1.1,-111.3,1.6
10.0,9394.209740,131.48,2.28,0.94,84.84,-3.74,-2.5,1,835,1.8,-170.2,3.1
10.0,9394.219740,132.1,2.31,-1.45,84.79,-0.0,-3.0,1,707,2.1,-180.3,3.4
10.0,9394.229739,132.01,2.32,-2.32,84.77,3.74,-2.75,1,1595,1.1,-77.1,1.5
10.0,9394.239740,131.57,2.31,-1.3,84.8,6.06,-1.5,1,1468,-0.1,-1.6,0.5
10.0,9394.249740,129.64,2.29,-0.2,84.84,6.06,0.25,1,1341,-0.4,35.2,0.6
10.0,9394.259739,127.62,2.29,1.94,84.9,3.74,2.0,1,1222,-0.4,177.7,-2.0
10.0,9394.269740,126.56,2.27,5.54,84.98,0.0,2.75,1,1094,-2.4,217.1,-4.0
10.0,9394.279740,126.83,2.23,7.23,84.99,-3.74,2.25,1,967,-1.5,129.5,-2.7
10.0,9394.289740,128.06,2.23,6.16,84.97,-6.06,1.25,1,841,-1.3,-19.0,0.3
10.0,9394.299740,129.9,2.24,3.57,84.91,-6.06,-0.75,1,713,1.1,-111.3,1.7
10.0,9394.309739,131.57,2.28,0.94,84.85,-3.74,-2.5,1,1600,1.8,-170.0,3.1
10.0,9394.319740,132.1,2.31,-1.45,84.8,-0.0,-3.0,1,1472,2.2,-180.2,3.4
10.0,9394.329739,132.1,2.32,-2.32,84.78,3.74,-2.75,1,1345,1.0,-77.1,1.6
10.0,9394.339740,131.57,2.31,-1.31,84.81,6.06,-1.5,1,1227,-0.1,-1.5,0.5
10.0,9394.349740,129.64,2.29,-0.2,84.84,6.06,0.25,1,1090,-0.3,35.0,0.6
10.0,9394.359740,127.62,2.29,1.94,84.91,3.74,2.0,1,971,-0.4,177.8,-2.0
10.0,9394.369740,126.47,2.27,5.54,84.98,-0.0,2.75,1,835,-2.5,216.8,-4.0
10.0,9394.379740,126.83,2.24,7.23,85.0,-3.74,2.25,1,708,-1.5,129.8,-2.7
10.0,9394.389740,128.06,2.23,6.16,84.97,-6.06,1.25,1,1605,-1.3,-19.1,0.2
10.0,9394.399740,129.9,2.24,3.57,84.91,-6.06,-0.75,1,1477,1.0,-111.1,1.7
10.0,9394.409739,131.57,2.28,0.94,84.85,-3.74,-2.5,1,1350,1.8,-170.0,3.1
10.0,9394.419740,132.1,2.31,-1.44,84.81,0.0,-3.0,1,1231,2.2,-180.0,3.4
10.0,9394.429739,132.01,2.32,-2.32,84.79,3.74,-2.75,1,1095,1.0,-77.2,1.6
10.0,9394.439740,131.57,2.31,-1.3,84.81,6.06,-1.5,1,976,-0.1,-1.5,0.5
10.0,9394.449740,129.64,2.29,-0.2,84.85,6.06,0.25,1,840,-0.3,35.1,0.5
10.0,9394.459740,127.62,2.29,1.94,84.91,3.74,2.0,1,712,-0.3,177.6,-2.0
10.0,9394.469740,126.56,2.27,5.54,84.99,0.0,2.75,1,1609,-2.5,217.3,-4.1
10.0,9394.479739,126.83,2.23,7.24,85.01,-3.74,2.25,1,1482,-1.6,130.0,-2.7
10.0,9394.489740,128.06,2.23,6.18,84.98,-6.06,1.25,1,1354,-1.2,-19.0,0.3
10.0,9394.499740,129.73,2.24,3.58,84.92,-6.06,-0.75,1,1235,1.0,-111.0,1.7
10.0,9394.509739,131.57,2.28,0.95,84.86,-3.74,-2.5,1,1099,1.8,-170.1,3.1
10.0,9394.519740,132.1,2.31,-1.43,84.81,-0.0,-3.0,1,972,2.1,-179.7,3.4
10.0,9394.529740,132.01,2.32,-2.3,84.79,3.74,-2.75,1,844,1.0,-77.4,1.5
10.0,9394.539740,131.48,2.31,-1.3,84.82,6.06,-1.5,1,717,-0.1,-1.5,0.5
10.0,9394.549740,129.55,2.29,-0.19,84.86,6.06,0.25,1,1613,-0.3,34.7,0.6
10.0,9394.559739,127.53,2.29,1.94,84.92,3.74,2.0,1,1486,-0.4,177.4,-1.9
10.0,9394.569740,126.47,2.27,5.52,85.0,0.0,2.75,1,1359,-2.5,215.0,-3.9
10.0,9394.579739,126.91,2.23,7.22,85.02,-3.74,2.25,1,1240,-1.6,132.0,-2.7
10.0,9394.589740,128.06,2.23,6.19,84.99,-6.06,1.25,1,1104,-1.3,-19.3,0.3
10.0,9394.599740,129.9,2.24,3.57,84.93,-6.06,-0.75,1,978,1.1,-111.1,1.6
10.0,9394.609740,131.57,2.28,0.95,84.87,-3.74,-2.5,1,849,1.8,-170.0,3.1
10.0,9394.619756,132.1,2.31,-1.44,84.82,-0.0,-3.0,1,739,2.2,-179.8,3.4
10.0,9394.629752,132.19,2.32,-2.31,84.8,3.74,-2.75,1,1622,1.1,-77.4,1.5
10.0,9394.639753,131.57,2.31,-1.3,84.83,6.06,-1.5,1,1505,-0.1,-1.4,0.5
10.0,9394.649752,129.64,2.29,-0.2,84.86,6.06,0.25,1,1368,-0.3,34.7,0.6
10.0,9394.659753,127.53,2.29,1.94,84.93,3.74,2.0,1,1259,-0.4,177.4,-1.9
10.0,9394.669756,126.47,2.27,5.52,85.0,0.0,2.75,1,1125,-2.5,215.4,-4.0
10.0,9394.679752,126.83,2.23,7.22,85.02,-3.74,2.25,1,994,-1.5,132.2,-2.7
10.0,9394.689753,128.06,2.23,6.2,84.99,-6.06,1.25,1,868,-1.4,-18.8,0.3
10.0,9394.699752,129.81,2.24,3.58,84.94,-6.06,-0.75,1,739,1.1,-110.9,1.6
10.0,9394.709753,131.4,2.28,0.96,84.87,-3.74,-2.5,1,1628,1.8,-169.8,3.1
10.0,9394.719756,132.1,2.31,-1.43,84.83,-0.0,-3.0,1,1504,2.2,-180.0,3.4
10.0,9394.729752,132.1,2.32,-2.31,84.81,3.74,-2.75,1,1372,1.1,-77.6,1.6
10.0,9394.739753,131.48,2.31,-1.3,84.83,6.06,-1.5,1,1263,-0.1,-1.6,0.5
10.0,9394.749752,129.64,2.29,-0.2,84.87,6.06,0.25,1,1126,-0.3,34.1,0.6
10.0,9394.759753,127.53,2.29,1.93,84.93,3.74,2.0,1,1000,-0.4,177.3,-1.9
10.0,9394.769756,126.56,2.27,5.52,85.01,0.0,2.75,1,875,-2.4,216.1,-4.0
10.0,9394.779752,126.91,2.24,7.22,85.03,-3.74,2.25,1,744,-1.5,130.8,-2.8
10.0,9394.789753,127.97,2.23,6.18,85.0,-6.06,1.25,1,1633,-1.4,-18.6,0.2
10.0,9394.799752,129.9,2.24,3.58,84.94,-6.06,-0.75,1,1504,0.9,-110.9,1.6
10.0,9394.809753,131.57,2.27,0.96,84.88,-3.74,-2.5,1,1378,1.8,-169.9,3.1
10.0,9394.819756,132.1,2.31,-1.43,84.83,-0.0,-3.0,1,1262,2.2,-179.8,3.4
10.0,9394.829752,132.19,2.32,-2.31,84.81,3.74,-2.75,1,1131,1.1,-78.0,1.5
10.0,9394.839753,131.57,2.31,-1.31,84.84,6.06,-1.5,1,1004,-0.1,-1.5,0.5
10.0,9394.849752,129.73,2.29,-0.2,84.87,6.06,0.25,1,867,-0.2,34.3,0.5
10.0,9394.859753,127.62,2.29,1.92,84.94,3.74,2.0,1,750,-0.2,177.2,-1.9
10.0,9394.869756,126.56,2.27,5.51,85.02,0.0,2.75,1,1640,-2.7,216.1,-3.9
10.0,9394.879752,126.83,2.23,7.22,85.03,-3.74,2.25,1,1509,-1.6,131.6,-2.7
10.0,9394.889753,128.06,2.23,6.19,85.0,-6.06,1.25,1,1382,-1.3,-18.9,0.3
10.0,9394.899752,129.9,2.24,3.57,84.95,-6.06,-0.75,1,1262,1.0,-110.7,1.6
10.0,9394.909753,131.57,2.27,0.96,84.89,-3.74,-2.5,1,1128,1.8,-169.9,3.1
10.0,9394.919756,132.1,2.3,-1.43,84.84,-0.0,-3.0,1,1012,2.2,-179.8,3.4
10.0,9394.929752,132.1,2.32,-2.31,84.82,3.74,-2.75,1,872,1.0,-78.1,1.6
10.0,9394.939753,131.57,2.31,-1.31,84.84,6.06,-1.5,1,754,-0.1,-1.4,0.5
10.0,9394.949752,129.64,2.29,-0.2,84.88,6.06,0.25,1,1641,-0.2,34.5,0.5
10.0,9394.959753,127.62,2.29,1.93,84.94,3.74,2.0,1,1515,-0.2,177.3,-1.9
10.0,9394.969756,126.56,2.27,5.51,85.02,0.0,2.75,1,1390,-2.6,215.4,-3.8
10.0,9394.979752,126.83,2.23,7.21,85.04,-3.74,2.25,1,1267,-1.6,132.1,-2.7
10.0,9394.989753,128.06,2.23,6.19,85.01,-6.06,1.25,1,1132,-1.3,-18.8,0.3
10.0,9394.999752,129.81,2.24,3.57,84.95,-6.06,-0.75,1,1013,1.0,-110.7,1.6
10.0,9395.009753,131.57,2.27,0.96,84.89,-3.74,-2.5,1,877,1.7,-169.7,3.1
10.0,9395.019754,132.19,2.3,-1.43,84.84,0.0,-3.0,1,751,2.2,-179.8,3.3
10.0,9395.029752,132.19,2.32,-2.31,84.82,3.74,-2.75,1,1645,1.0,-77.8,1.6
10.0,9395.039753,131.57,2.31,-1.3,84.85,6.06,-1.5,1,1519,-0.1,-1.4,0.5
10.0,9395.049752,129.64,2.29,-0.2,84.89,6.06,0.25,1,1391,-0.2,34.0,0.6
10.0,9395.059753,127.62,2.29,1.92,84.95,3.74,2.0,1,1273,-0.5,177.1,-1.9
10.0,9395.069756,126.56,2.27,5.5,85.03,0.0,2.75,1,1139,-2.5,215.0,-3.9
10.0,9395.079752,126.83,2.24,7.2,85.05,-3.74,2.25,1,1008,-1.5,132.3,-2.7
10.0,9395.089753,128.06,2.23,6.19,85.02,-6.06,1.25,1,882,-1.3,-19.0,0.3
10.0,9395.099752,129.9,2.24,3.57,84.96,-6.06,-0.75,1,753,1.1,-110.7,1.6
10.0,9395.109753,131.57,2.28,0.96,84.9,-3.74,-2.5,1,1651,1.8,-169.5,3.1
10.0,9395.119756,132.01,2.31,-1.44,84.85,-0.0,-3.0,1,1526,2.2,-180.2,3.4
10.0,9395.129752,132.19,2.32,-2.32,84.83,3.74,-2.75,1,1395,1.1,-77.9,1.6
10.0,9395.139753,131.57,2.31,-1.32,84.86,6.06,-1.5,1,1277,-0.1,-1.8,0.5
10.0,9395.149752,129.64,2.29,-0.22,84.9,6.06,0.25,1,1140,-0.3,33.8,0.7
10.0,9395.159753,127.62,2.29,1.91,84.96,3.74,2.0,1,1014,-0.7,177.5,-1.8
10.0,9395.169756,126.56,2.27,5.53,85.04,0.0,2.75,1,890,-2.3,217.9,-4.1
10.0,9395.179752,126.83,2.24,7.22,85.05,-3.74,2.25,1,758,-1.5,129.2,-2.7
10.0,9395.189753,128.06,2.23,6.15,85.03,-6.06,1.0,1,1647,-1.2,-18.5,0.2
10.0,9395.199752,129.9,2.24,3.57,84.97,-6.06,-0.75,1,1527,1.0,-110.5,1.6
10.0,9395.209753,131.48,2.28,0.96,84.91,-3.74,-2.5,1,1400,1.8,-168.9,3.1
10.0,9395.219756,132.1,2.31,-1.41,84.86,-0.0,-3.0,1,1285,2.2,-178.4,3.3
10.0,9395.229752,132.1,2.32,-2.29,84.84,3.74,-2.75,1,1145,1.0,-78.1,1.6
10.0,9395.239753,131.57,2.31,-1.3,84.86,6.06,-1.5,1,1018,-0.2,-1.9,0.5
10.0,9395.249752,129.64,2.29,-0.22,84.9,6.06,0.25,1,890,-0.3,32.1,0.6
10.0,9395.259753,127.62,2.29,1.89,84.97,3.74,2.0,1,764,-0.7,177.5,-1.9
10.0,9395.269756,126.56,2.26,5.5,85.04,0.0,2.75,1,1655,-2.4,215.4,-4.0
10.0,9395.279752,126.91,2.23,7.2,85.06,-3.74,2.25,1,1523,-1.5,132.2,-2.7
10.0,9395.289753,127.97,2.23,6.18,85.03,-6.06,1.0,1,1396,-1.2,-19.2,0.3
10.0,9395.299752,129.81,2.24,3.56,84.97,-6.06,-0.75,1,1285,1.1,-110.5,1.5
10.0,9395.309753,131.57,2.28,0.96,84.91,-3.74,-2.5,1,1150,1.7,-169.0,3.1
10.0,9395.319756,132.01,2.31,-1.42,84.86,-0.0,-3.0,1,1026,2.2,-178.7,3.3
10.0,9395.329752,132.19,2.32,-2.3,84.84,3.74,-2.75,1,894,1.0,-78.3,1.6
10.0,9395.339753,131.48,2.31,-1.31,84.87,6.06,-1.5,1,768,-0.1,-1.9,0.5
10.0,9395.349752,129.64,2.29,-0.22,84.91,6.06,0.25,1,1655,-0.2,32.5,0.6
10.0,9395.359753,127.62,2.29,1.89,84.97,3.74,2.0,1,1529,-0.5,177.5,-1.9
10.0,9395.369756,126.56,2.27,5.5,85.05,0.0,2.75,1,1404,-2.4,215.3,-4.0
10.0,9395.379752,126.91,2.24,7.2,85.07,-3.74,2.25,1,1281,-1.6,132.2,-2.7
10.0,9395.389753,128.14,2.23,6.17,85.04,-6.06,1.0,1,1155,-1.3,-19.3,0.3
10.0,9395.399752,129.73,2.24,3.55,84.98,-6.06,-0.75,1,1027,1.0,-110.5,1.6
10.0,9395.409753,131.57,2.28,0.95,84.92,-3.74,-2.5,1,891,1.8,-168.8,3.0
10.0,9395.419756,132.1,2.31,-1.42,84.87,-0.0,-3.0,1,775,2.3,-179.1,3.3
10.0,9395.429752,132.19,2.32,-2.31,84.85,3.74,-2.75,1,1659,0.9,-78.1,1.6
10.0,9395.439753,131.4,2.31,-1.32,84.88,6.06,-1.5,1,1533,-0.2,-1.8,0.5
10.0,9395.449752,129.64,2.29,-0.22,84.91,6.06,0.25,1,1405,-0.2,33.1,0.5
10.0,9395.459753,127.62,2.29,1.9,84.98,3.74,2.0,1,1287,-0.3,177.4,-1.9
10.0,9395.469756,126.56,2.27,5.5,85.05,0.0,2.75,1,1154,-2.6,215.6,-3.9
10.0,9395.479752,126.91,2.23,7.2,85.07,-3.74,2.25,1,1031,-1.5,131.9,-2.7
10.0,9395.489753,128.06,2.23,6.17,85.04,-6.06,1.0,1,896,-1.4,-18.9,0.3
10.0,9395.499752,129.9,2.23,3.56,84.98,-6.06,-0.75,1,767,0.9,-110.6,1.7
10.0,9395.509753,131.57,2.27,0.96,84.92,-3.74,-2.5,1,1665,1.7,-168.7,3.1
10.0,9395.519756,132.19,2.3,-1.41,84.87,-0.0,-3.0,1,1540,2.2,-178.9,3.3
10.0,9395.529752,132.19,2.32,-2.3,84.85,3.74,-2.75,1,1409,0.9,-78.3,1.6
10.0,9395.539753,131.57,2.3,-1.31,84.88,6.06,-1.5,1,1292,-0.1,-1.9,0.5
10.0,9395.549752,129.73,2.29,-0.22,84.92,6.06,0.25,1,1154,-0.0,32.6,0.4
10.0,9395.559753,127.62,2.3,1.9,84.98,3.74,2.0,1,1028,0.5,177.6,-2.0
10.0,9395.569755,126.56,2.28,5.48,85.06,-0.0,2.75,1,902,-3.1,213.2,-3.9
10.0,9395.579752,126.83,2.23,7.18,85.07,-3.74,2.25,1,772,-1.4,134.7,-2.8
10.0,9395.589753,128.06,2.23,6.2,85.05,-6.06,1.0,1,1670,-1.7,-19.4,0.4
10.0,9395.599752,129.9,2.23,3.56,84.99,-6.06,-0.75,1,1541,0.8,-110.3,1.7
10.0,9395.609753,131.48,2.27,0.96,84.93,-3.74,-2.5,1,1415,1.8,-168.6,3.0
10.0,9395.619756,132.1,2.3,-1.41,84.88,-0.0,-3.0,1,1299,2.3,-178.7,3.4
10.0,9395.629752,132.1,2.32,-2.29,84.86,3.74,-2.75,1,1159,0.9,-78.3,1.6
10.0,9395.639753,131.57,2.3,-1.31,84.89,6.06,-1.5,1,1041,-0.1,-1.8,0.5
10.0,9395.649752,129.73,2.29,-0.22,84.92,6.06,0.25,1,904,-0.1,32.0,0.5
10.0,9395.659753,127.62,2.29,1.89,84.99,3.74,2.0,1,778,-0.1,177.3,-1.9
10.0,9395.669756,126.56,2.27,5.49,85.07,0.0,2.75,1,1677,-2.7,214.6,-3.9
10.0,9395.679752,126.83,2.23,7.19,85.08,-3.74,2.25,1,1546,-1.5,133.1,-2.8
10.0,9395.689753,128.14,2.23,6.18,85.06,-6.06,1.0,1,1419,-1.4,-19.2,0.3
10.0,9395.699752,129.81,2.23,3.55,85.0,-6.06,-0.75,1,1299,0.8,-110.4,1.7
10.0,9395.709753,131.57,2.27,0.96,84.94,-3.74,-2.5,1,1165,1.8,-168.8,3.1
10.0,9395.719756,132.19,2.3,-1.42,84.89,-0.0,-3.0,1,1040,2.2,-178.8,3.4
10.0,9395.729752,132.1,2.32,-2.31,84.87,3.74,-2.75,1,908,0.9,-79.0,1.6
10.0,9395.739753,131.48,2.3,-1.33,84.89,6.06,-1.75,1,782,-0.1,-1.9,0.5
10.0,9395.749752,129.64,2.29,-0.24,84.93,6.06,0.25,1,1669,-0.2,31.9,0.6
10.0,9395.759753,127.62,2.29,1.87,84.99,3.74,2.0,1,1551,-0.3,177.5,-2.0
10.0,9395.769756,126.56,2.27,5.48,85.07,0.0,2.75,1,1418,-2.5,215.5,-3.9
10.0,9395.779752,126.91,2.23,7.15,85.09,-3.74,2.25,1,1304,-1.6,129.2,-2.6
10.0,9395.789753,128.06,2.22,6.07,85.06,-6.06,1.0,1,1169,-1.2,-21.8,0.3
10.0,9395.799752,129.99,2.23,3.45,85.0,-6.06,-0.75,1,1041,1.0,-111.5,1.7
10.0,9395.809753,131.66,2.27,0.86,84.94,-3.74,-2.5,1,905,1.9,-169.3,3.1
10.0,9395.819754,132.19,2.31,-1.54,84.89,0.0,-3.25,1,788,2.4,-182.3,3.5
10.0,9395.829752,132.28,2.32,-2.45,84.88,3.74,-2.75,1,1673,0.7,-77.9,1.6
10.0,9395.839753,131.57,2.3,-1.44,84.9,6.06,-1.75,1,1547,-0.2,-3.3,0.5
10.0,9395.849752,129.73,2.29,-0.31,84.94,6.06,0.25,1,1419,-0.4,38.7,0.5
10.0,9395.859753,127.53,2.28,1.92,85.0,3.74,2.0,1,1310,-0.5,180.5,-2.1
10.0,9395.869756,126.65,2.27,5.53,85.08,0.0,2.5,1,1176,-2.1,220.2,-4.1
10.0,9395.879752,127.0,2.24,7.19,85.1,-3.74,2.25,1,1045,-1.8,125.6,-2.4
10.0,9395.889753,128.14,2.22,6.04,85.07,-6.06,1.0,1,910,-1.2,-20.2,0.2
10.0,9395.899752,129.99,2.23,3.48,85.01,-6.06,-0.75,1,790,0.8,-110.4,1.7
10.0,9395.909753,131.66,2.27,0.89,84.95,-3.74,-2.5,1,1679,1.9,-168.3,3.0
10.0,9395.919754,132.19,2.31,-1.5,84.9,0.0,-3.25,1,1553,2.4,-180.9,3.4
10.0,9395.929752,132.19,2.32,-2.4,84.88,3.74,-2.75,1,1432,0.7,-77.7,1.6
10.0,9395.939753,131.57,2.3,-1.39,84.91,6.06,-1.75,1,1314,-0.1,-2.5,0.5
10.0,9395.949752,129.64,2.29,-0.27,84.95,6.06,0.25,1,1177,-0.3,37.0,0.6
10.0,9395.959753,127.62,2.28,1.94,85.01,3.74,2.0,1,1049,-1.2,181.9,-2.0
10.0,9395.969756,126.56,2.25,5.59,85.09,0.0,2.75,1,918,-1.8,220.0,-4.1
10.0,9395.979752,126.91,2.23,7.21,85.11,-3.74,2.25,1,795,-1.8,124.0,-2.3
10.0,9395.989753,128.06,2.22,6.04,85.08,-6.06,1.0,1,1684,-0.8,-20.3,0.1
10.0,9395.999752,129.9,2.24,3.5,85.02,-6.06,-0.75,1,1555,1.1,-110.6,1.7
10.0,9396.009753,131.66,2.27,0.91,84.96,-3.74,-2.5,1,1429,1.9,-168.7,3.0
10.0,9396.019756,132.19,2.31,-1.48,84.91,-0.0,-3.25,1,1313,2.4,-180.5,3.4
10.0,9396.029752,132.19,2.32,-2.38,84.89,3.74,-2.75,1,1173,0.7,-78.2,1.6
10.0,9396.039753,131.57,2.3,-1.38,84.92,6.06,-1.75,1,1056,-0.2,-2.3,0.5
10.0,9396.049752,129.64,2.29,-0.27,84.95,6.06,0.25,1,918,-0.2,35.4,0.6
10.0,9396.059753,127.44,2.28,1.91,85.02,3.74,2.0,1,801,-0.9,180.6,-2.0
10.0,9396.069754,126.56,2.26,5.59,85.1,-0.0,2.75,1,1689,-2.1,222.9,-4.2
10.0,9396.079752,126.91,2.23,7.23,85.11,-3.74,2.25,1,1560,-2.0,121.6,-2.3
10.0,9396.089753,128.06,2.22,6.01,85.08,-6.06,1.0,1,1433,-0.9,-20.4,0.1
10.0,9396.099752,129.81,2.24,3.49,85.02,-6.06,-0.75,1,1313,1.1,-110.5,1.7
10.0,9396.109753,131.57,2.27,0.9,84.96,-3.74,-2.5,1,1179,1.9,-168.8,3.0
10.0,9396.119756,132.19,2.31,-1.49,84.91,-0.0,-3.25,1,1063,2.4,-180.9,3.4
10.0,9396.129752,132.19,2.32,-2.39,84.9,3.74,-2.75,1,923,0.7,-78.1,1.7
10.0,9396.139753,131.57,2.3,-1.39,84.92,6.06,-1.75,1,805,-0.1,-2.5,0.5
10.0,9396.149752,129.73,2.29,-0.28,84.96,6.06,0.25,1,1692,-0.3,35.8,0.8
10.0,9396.159753,127.62,2.27,1.92,85.03,3.74,2.0,1,1566,-1.4,181.8,-1.9
10.0,9396.169756,126.47,2.25,5.56,85.1,0.0,2.75,1,1441,-1.7,218.1,-4.2
10.0,9396.179752,126.91,2.23,7.18,85.12,-3.74,2.25,1,1318,-1.7,126.1,-2.4
10.0,9396.189753,128.06,2.22,6.06,85.09,-6.06,1.0,1,1183,-1.1,-20.3,0.1
10.0,9396.199752,129.9,2.23,3.49,85.03,-6.06,-0.75,1,1056,1.2,-110.5,1.6
10.0,9396.209753,131.57,2.27,0.9,84.97,-3.74,-2.5,1,928,1.9,-168.6,3.1
10.0,9396.219756,132.19,2.3,-1.49,84.92,-0.0,-3.25,1,804,2.4,-181.1,3.4
10.0,9396.229752,132.19,2.32,-2.4,84.9,3.74,-2.75,1,1696,0.7,-78.2,1.6
10.0,9396.239753,131.57,2.3,-1.39,84.93,6.06,-1.75,1,1570,-0.1,-2.4,0.5
10.0,9396.249752,129.64,2.29,-0.28,84.97,6.06,0.25,1,1442,-0.3,35.4,0.7
10.0,9396.259753,127.53,2.27,1.91,85.03,3.74,2.0,1,1324,-1.1,181.4,-2.0
10.0,9396.269756,126.65,2.25,5.58,85.11,0.0,2.75,1,1191,-1.9,220.9,-4.3
10.0,9396.279752,126.91,2.23,7.21,85.12,-3.74,2.25,1,1059,-1.8,123.8,-2.4
10.0,9396.289753,128.06,2.22,6.03,85.1,-6.06,1.0,1,933,-1.0,-20.5,0.1
10.0,9396.299752,129.9,2.23,3.48,85.04,-6.06,-0.75,1,804,1.1,-110.6,1.7
10.0,9396.309753,131.57,2.27,0.9,84.98,-3.74,-2.5,1,1693,1.9,-168.6,3.1
10.0,9396.319754,132.28,2.3,-1.49,84.93,0.0,-3.25,1,1575,2.3,-181.1,3.4
10.0,9396.329752,132.19,2.32,-2.4,84.91,3.74,-2.75,1,1446,0.7,-78.4,1.7
10.0,9396.339753,131.48,2.3,-1.4,84.94,6.06,-1.75,1,1328,-0.1,-2.4,0.5
10.0,9396.349752,129.64,2.29,-0.29,84.97,6.06,0.25,1,1191,-0.2,35.6,0.6
10.0,9396.359753,127.62,2.27,1.91,85.04,3.74,2.0,1,1065,-1.2,181.6,-2.0
10.0,9396.369756,126.56,2.25,5.57,85.12,0.0,2.75,1,941,-1.9,220.0,-4.2
10.0,9396.379752,126.91,2.23,7.2,85.13,-3.74,2.25,1,809,-1.9,124.6,-2.4
10.0,9396.389753,128.14,2.22,6.04,85.1,-6.06,1.0,1,1698,-0.9,-20.5,0.1
10.0,9396.399752,129.9,2.23,3.48,85.04,-6.06,-0.75,1,1569,1.1,-110.4,1.6
10.0,9396.409753,131.66,2.27,0.9,84.98,-3.74,-2.5,1,1451,1.9,-168.6,3.0
10.0,9396.419754,132.19,2.3,-1.49,84.93,0.0,-3.25,1,1334,2.4,-180.6,3.4
10.0,9396.429752,132.19,2.32,-2.39,84.92,3.74,-2.75,1,1196,0.7,-78.4,1.7
10.0,9396.439753,131.57,2.3,-1.39,84.94,6.06,-1.75,1,1069,-0.1,-2.2,0.5
10.0,9396.449752,129.64,2.29,-0.28,84.98,6.06,0.25,1,932,-0.3,35.8,0.6
10.0,9396.459753,127.53,2.27,1.92,85.05,3.74,2.0,1,815,-1.0,181.4,-2.0
10.0,9396.469756,126.56,2.25,5.59,85.12,0.0,2.75,1,1706,-1.9,221.6,-4.2
10.0,9396.479752,126.91,2.23,7.22,85.14,-3.74,2.25,1,1574,-1.9,123.2,-2.3
10.0,9396.489753,128.14,2.22,6.03,85.11,-6.06,1.0,1,1456,-0.9,-20.4,0.1
10.0,9396.499752,129.9,2.23,3.49,85.05,-6.06,-0.75,1,1328,1.1,-110.4,1.6
10.0,9396.509753,131.57,2.27,0.91,84.99,-3.74,-2.5,1,1202,1.9,-168.7,3.1
10.0,9396.519756,132.19,2.3,-1.48,84.94,-0.0,-3.25,1,1077,2.3,-180.6,3.4
10.0,9396.529752,132.19,2.31,-2.39,84.92,3.74,-2.75,1,937,0.7,-78.5,1.6
10.0,9396.539753,131.57,2.3,-1.39,84.95,6.06,-1.75,1,819,-0.1,-2.3,0.5
10.0,9396.549752,129.64,2.29,-0.27,84.99,6.06,0.25,1,1706,-0.2,35.3,0.6
10.0,9396.559753,127.44,2.28,1.9,85.05,3.74,2.0,1,1580,-0.9,180.4,-2.0
10.0,9396.569754,126.56,2.25,5.58,85.13,-0.0,2.75,1,1453,-2.0,222.8,-4.2
10.0,9396.579752,126.91,2.23,7.23,85.14,-3.74,2.25,1,1332,-1.9,121.8,-2.3
10.0,9396.589753,128.06,2.22,6.01,85.11,-6.06,1.0,1,1197,-0.9,-20.1,0.1
10.0,9396.599752,129.9,2.23,3.49,85.05,-6.06,-0.75,1,1078,1.1,-110.2,1.7
10.0,9396.609753,131.57,2.27,0.91,85.0,-3.74,-2.5,1,942,1.9,-168.3,3.0
10.0,9396.619756,132.19,2.3,-1.48,84.95,-0.0,-3.25,1,826,2.4,-181.1,3.4
10.0,9396.629752,132.19,2.31,-2.4,84.93,3.74,-2.75,1,1710,0.6,-78.4,1.6
10.0,9396.639753,131.57,2.3,-1.39,84.95,6.06,-1.75,1,1584,-0.1,-2.2,0.5
10.0,9396.649752,129.64,2.29,-0.28,84.99,6.06,0.25,1,1456,-0.2,35.3,0.6
10.0,9396.659753,127.62,2.28,1.9,85.06,3.74,2.0,1,1338,-0.9,180.6,-2.0
10.0,9396.669756,126.56,2.25,5.58,85.13,0.0,2.75,1,1205,-2.0,222.6,-4.2
10.0,9396.679752,126.91,2.23,7.22,85.15,-3.74,2.25,1,1082,-1.9,122.4,-2.3
10.0,9396.689753,128.06,2.22,6.02,85.12,-6.06,1.0,1,947,-0.9,-20.1,0.1
10.0,9396.699752,129.9,2.23,3.49,85.06,-6.06,-0.75,1,818,1.0,-110.3,1.6
10.0,9396.709753,131.57,2.27,0.91,85.0,-3.74,-2.5,1,1716,1.9,-168.3,3.0
10.0,9396.719756,132.19,2.3,-1.48,84.95,-0.0,-3.25,1,1591,2.4,-181.0,3.4
10.0,9396.729752,132.19,2.31,-2.4,84.93,3.74,-2.75,1,1460,0.7,-78.7,1.6
10.0,9396.739753,131.57,2.3,-1.4,84.96,6.06,-1.75,1,1343,-0.1,-2.1,0.5
10.0,9396.749752,129.64,2.29,-0.28,85.0,6.06,0.25,1,1205,-0.2,35.1,0.5
10.0,9396.759753,127.62,2.28,1.9,85.06,3.74,2.0,1,1079,-0.7,180.4,-2.0
10.0,9396.769755,126.65,2.26,5.58,85.14,-0.0,2.75,1,953,-2.0,222.8,-4.2
10.0,9396.779752,126.91,2.23,7.22,85.16,-3.74,2.25,1,823,-1.9,122.0,-2.3
10.0,9396.789753,128.06,2.22,6.01,85.13,-6.06,1.0,1,1721,-1.0,-20.2,0.1
10.0,9396.799752,129.99,2.23,3.48,85.07,-6.06,-0.75,1,1592,0.9,-110.4,1.7
10.0,9396.809753,131.57,2.27,0.9,85.01,-3.74,-2.5,1,1466,1.9,-168.4,3.0
10.0,9396.819754,132.28,2.3,-1.49,84.96,0.0,-3.25,1,1348,2.3,-180.8,3.4
10.0,9396.829752,132.28,2.31,-2.4,84.94,3.74,-2.75,1,1210,0.8,-78.8,1.7
10.0,9396.839753,131.57,2.3,-1.4,84.97,6.06,-1.75,1,1083,-0.0,-2.1,0.5
10.0,9396.849752,129.64,2.29,-0.28,85.0,6.06,0.25,1,955,-0.3,35.6,0.6
10.0,9396.859753,127.53,2.28,1.91,85.07,3.74,2.0,1,829,-1.0,181.5,-2.0
10.0,9396.869756,126.56,2.26,5.57,85.15,0.0,2.75,1,1720,-1.8,220.9,-4.2
10.0,9396.879752,126.83,2.23,7.21,85.16,-3.74,2.25,1,1597,-1.9,124.2,-2.4
10.0,9396.889753,128.06,2.22,6.04,85.13,-6.06,1.0,1,1470,-1.0,-20.2,0.1
10.0,9396.899752,129.9,2.23,3.5,85.07,-6.06,-0.75,1,1350,0.9,-110.2,1.6
10.0,9396.909753,131.66,2.27,0.91,85.01,-3.74,-2.5,1,1216,1.9,-168.4,3.0
10.0,9396.919754,132.19,2.3,-1.48,84.96,0.0,-3.25,1,1089,2.3,-180.5,3.4
10.0,9396.929752,132.19,2.31,-2.38,84.95,3.74,-2.75,1,959,0.7,-78.7,1.6
10.0,9396.939753,131.57,2.3,-1.39,84.97,6.06,-1.75,1,833,-0.1,-2.1,0.5
10.0,9396.949752,129.64,2.29,-0.27,85.01,6.06,0.25,1,1720,-0.3,34.7,0.7
10.0,9396.959753,127.53,2.27,1.89,85.08,3.74,2.0,1,1602,-1.1,180.2,-1.9
10.0,9396.969756,126.47,2.25,5.57,85.15,0.0,2.75,1,1478,-2.0,222.1,-4.2
10.0,9396.979752,126.91,2.23,7.22,85.17,-3.74,2.25,1,1355,-1.8,123.0,-2.3
10.0,9396.989753,128.06,2.22,6.02,85.14,-6.06,1.0,1,1220,-0.9,-20.2,0.0
10.0,9396.999752,129.99,2.23,3.49,85.08,-6.06,-0.75,1,1092,1.2,-110.2,1.6
10.0,9397.009753,131.66,2.27,0.91,85.02,-3.74,-2.5,1,956,1.9,-168.4,3.1
10.0,9397.019756,132.19,2.3,-1.49,84.97,-0.0,-3.25,1,841,2.4,-181.3,3.4
10.0,9397.029752,132.19,2.31,-2.4,84.95,3.74,-2.75,1,1725,0.7,-78.6,1.7
10.0,9397.039753,131.57,2.3,-1.4,84.98,6.06,-1.75,1,1607,-0.1,-2.3,0.5
10.0,9397.049752,129.64,2.29,-0.29,85.02,6.06,0.25,1,1479,-0.3,34.7,0.7
10.0,9397.059753,127.53,2.27,1.89,85.08,3.74,2.0,1,1361,-1.1,180.7,-1.9
10.0,9397.069756,126.65,2.25,5.55,85.16,0.0,2.5,1,1227,-1.8,221.0,-4.2
10.0,9397.079752,126.91,2.23,7.19,85.18,-3.74,2.25,1,1096,-1.8,123.7,-2.4
10.0,9397.089753,128.06,2.22,6.02,85.15,-6.06,1.0,1,961,-1.1,-20.1,0.1
10.0,9397.099752,129.9,2.23,3.48,85.09,-6.06,-0.75,1,833,1.1,-110.1,1.6
10.0,9397.109753,131.57,2.27,0.9,85.03,-3.74,-2.5,1,1730,1.8,-168.2,2.9
10.0,9397.119756,132.19,2.3,-1.49,84.98,-0.0,-3.25,1,1606,2.3,-181.2,3.4
10.0,9397.129752,132.19,2.31,-2.41,84.96,3.74,-2.75,1,1474,0.7,-78.6,1.7
10.0,9397.139753,131.66,2.3,-1.41,84.99,6.06,-1.75,1,1357,-0.1,-2.2,0.5
10.0,9397.149752,129.73,2.29,-0.29,85.02,6.06,0.25,1,1228,-0.3,35.4,0.7
10.0,9397.159753,127.62,2.27,1.9,85.09,3.74,2.0,1,1102,-1.2,181.5,-1.9
10.0,9397.169756,126.65,2.25,5.56,85.17,0.0,2.75,1,969,-1.8,220.0,-4.2
10.0,9397.179752,126.83,2.23,7.2,85.18,-3.74,2.25,1,837,-1.7,125.3,-2.4
10.0,9397.189753,128.14,2.22,6.05,85.15,-6.06,1.0,1,1735,-1.0,-19.9,0.1
10.0,9397.199752,129.99,2.23,3.5,85.09,-6.06,-0.75,1,1606,1.1,-109.9,1.6
10.0,9397.209753,131.57,2.27,0.92,85.03,-3.74,-2.5,1,1480,1.9,-168.1,3.0
10.0,9397.219756,132.19,2.3,-1.47,84.98,-0.0,-3.25,1,1372,2.3,-180.5,3.4
10.0,9397.229752,132.1,2.31,-2.38,84.97,3.74,-2.75,1,1224,0.8,-78.7,1.6
10.0,9397.239753,131.57,2.3,-1.38,84.99,6.06,-1.75,1,1106,-0.1,-2.2,0.5
10.0,9397.249752,129.64,2.29,-0.28,85.03,6.06,0.25,1,969,-0.2,34.4,0.6
10.0,9397.259753,127.44,2.28,1.89,85.09,3.74,2.0,1,843,-0.8,179.8,-1.9
10.0,9397.269754,126.56,2.26,5.58,85.17,-0.0,2.75,1,1741,-2.1,223.6,-4.2
10.0,9397.279752,126.83,2.23,7.26,85.19,-3.74,2.25,1,1611,-1.9,124.8,-2.4
10.0,9397.289753,128.06,2.22,6.1,85.16,-6.06,1.0,1,1484,-1.0,-17.6,0.1
10.0,9397.299752,129.9,2.23,3.58,85.1,-6.06,-0.75,1,1364,1.0,-108.9,1.7
10.0,9397.309753,131.4,2.27,1.0,85.04,-3.74,-2.5,1,1230,1.9,-167.6,3.1
10.0,9397.319754,132.1,2.3,-1.37,84.99,0.0,-3.0,1,1103,2.2,-177.8,3.4
10.0,9397.329752,132.19,2.31,-2.26,84.98,3.74,-2.75,1,974,0.9,-78.8,1.6
10.0,9397.339753,131.4,2.3,-1.29,85.0,6.06,-1.5,1,847,-0.1,-2.1,0.6
10.0,9397.349752,129.64,2.29,-0.23,85.04,6.06,0.25,1,1743,-0.1,29.9,0.6
10.0,9397.359753,127.53,2.28,1.86,85.1,3.74,2.0,1,1617,-0.8,177.0,-1.8
10.0,9397.369756,126.56,2.26,5.47,85.18,0.0,2.75,1,1492,-2.3,213.5,-3.9
10.0,9397.379752,126.91,2.23,7.18,85.19,-3.74,2.25,1,1369,-1.6,134.9,-2.8
10.0,9397.389753,128.06,2.22,6.2,85.17,-6.06,1.0,1,1234,-1.3,-19.1,0.2
10.0,9397.399752,129.9,2.23,3.57,85.11,-6.06,-0.75,1,1106,1.2,-109.8,1.5
