freq_hz,t_s,enc_deg,roll,pitch,yaw,target_deg,inc_deg,valid,imu_age_us
0.5,154.799751,170.42,0.83,-1.69,21.84,0.0,-0.25,1,984
0.5,154.809750,170.42,0.87,-2.0,21.82,0.63,0.25,1,856
0.5,154.819750,169.54,0.85,-2.07,21.82,1.26,0.75,1,728
0.5,154.829750,168.93,0.85,-1.71,21.82,1.88,1.75,1,593
0.5,154.839750,167.17,0.89,-0.29,21.85,2.51,3.25,1,500
0.5,154.849750,165.94,0.85,1.7,21.89,3.13,4.25,1,1362
0.5,154.859750,165.23,0.85,3.11,21.93,3.75,4.25,1,1234
0.5,154.869750,165.5,0.86,3.49,21.92,4.36,4.25,1,1115
0.5,154.879750,165.41,0.89,3.04,21.9,4.97,4.5,1,980
0.5,154.889750,165.32,0.91,2.52,21.89,5.58,5.25,1,861
0.5,154.899750,164.62,0.85,2.46,21.9,6.18,6.0,1,733
0.5,154.909750,163.3,0.88,3.4,21.92,6.77,6.75,1,597
0.5,154.919750,163.04,0.88,4.94,21.95,7.36,7.5,1,505
0.5,154.929750,162.33,0.86,5.46,21.96,7.94,8.0,1,1366
0.5,154.939750,161.98,0.91,5.92,21.97,8.52,8.25,1,1230
0.5,154.949750,161.72,0.87,6.12,21.97,9.08,8.75,1,1120
0.5,154.959750,161.63,0.9,6.35,21.98,9.64,8.75,1,984
0.5,154.969750,161.28,0.89,6.47,21.98,10.18,9.25,1,857
0.5,154.979750,159.96,0.9,6.72,21.98,10.72,10.25,1,729
0.5,154.989750,158.29,0.93,7.9,22.0,11.24,11.25,1,602
0.5,154.999750,158.64,0.9,9.8,22.05,11.76,11.75,1,500
0.5,155.009750,157.85,0.9,10.4,22.06,12.26,12.25,1,1362
0.5,155.019750,157.5,0.94,10.0,22.04,12.75,12.5,1,1235
0.5,155.029750,157.76,0.92,10.28,22.05,13.23,12.75,1,1116
0.5,155.039750,157.24,0.91,10.37,22.05,13.69,13.25,1,980
0.5,155.049751,156.09,0.95,10.71,22.06,14.14,14.0,1,861
0.5,155.059751,155.21,0.93,11.66,22.08,14.58,14.75,1,734
0.5,155.069751,154.6,0.94,12.71,22.11,15.0,15.25,1,598
0.5,155.079751,154.34,0.94,13.18,22.11,15.41,15.75,1,505
0.5,155.089751,154.07,0.96,13.46,22.12,15.8,16.0,1,1367
0.5,155.099751,153.98,0.94,13.76,22.12,16.18,16.25,1,1239
0.5,155.109751,153.81,0.96,13.9,22.13,16.54,16.25,1,1120
0.5,155.119751,153.46,0.95,13.93,22.13,16.89,16.75,1,984
0.5,155.129751,152.75,0.97,14.24,22.14,17.21,17.5,1,857
0.5,155.139751,152.05,0.97,15.15,22.15,17.53,18.25,1,729
0.5,155.149751,151.7,0.96,16.1,22.17,17.82,18.25,1,602
0.5,155.159751,151.79,0.97,16.38,22.18,18.1,18.25,1,501
0.5,155.169751,151.26,0.98,16.1,22.18,18.36,18.75,1,1363
0.5,155.179751,151.17,1.0,16.07,22.18,18.6,18.75,1,1235
0.5,155.189751,151.35,0.96,16.43,22.18,18.82,18.5,1,1125
0.5,155.199751,151.52,0.94,16.35,22.17,19.02,18.5,1,989
0.5,155.209751,151.44,1.03,16.27,22.19,19.21,19.25,1,861
0.5,155.219751,150.12,0.99,16.35,22.17,19.37,20.25,1,734
0.5,155.229751,149.15,0.98,17.44,22.19,19.52,20.75,1,598
0.5,155.239751,149.06,0.99,18.92,22.24,19.65,20.25,1,505
0.5,155.249751,149.5,0.98,18.62,22.23,19.75,20.0,1,1367
0.5,155.259751,149.06,1.02,18.1,22.22,19.84,20.25,1,1240
0.5,155.269751,149.41,1.03,18.05,22.23,19.91,20.0,1,1121
0.5,155.279751,149.94,0.96,17.95,22.21,19.96,19.5,1,985
0.5,155.289751,150.03,0.96,17.67,22.2,19.99,19.5,1,857
0.5,155.299751,149.59,1.04,17.21,22.19,20.0,19.75,1,740
0.5,155.309751,149.77,0.98,17.27,22.19,19.99,20.25,1,602
0.5,155.319751,149.77,0.97,17.45,22.2,19.96,20.25,1,509
0.5,155.329751,149.5,0.99,17.64,22.21,19.91,20.5,1,1371
0.5,155.339751,149.77,0.99,17.89,22.22,19.84,20.25,1,1235
0.5,155.349751,149.5,0.99,17.9,22.22,19.75,19.75,1,1125
0.5,155.359751,149.94,0.98,17.82,22.21,19.65,19.25,1,989
0.5,155.369751,150.21,1.0,17.45,22.2,19.52,19.25,1,862
0.5,155.379751,150.03,1.0,16.96,22.18,19.37,19.75,1,734
0.5,155.389751,149.68,0.97,17.21,22.19,19.21,19.75,1,607
0.5,155.399751,150.38,0.97,17.28,22.19,19.02,19.0,1,505
0.5,155.409751,151.44,0.94,17.23,22.19,18.82,18.0,1,1367
0.5,155.419751,151.79,1.0,16.23,22.18,18.6,17.5,1,1240
0.5,155.429751,151.79,0.97,14.75,22.13,18.36,18.0,1,1121
0.5,155.439751,151.7,0.97,15.17,22.14,18.1,18.25,1,994
0.5,155.449751,151.52,0.96,15.71,22.17,17.82,18.25,1,866
0.5,155.459751,151.26,0.92,15.79,22.16,17.53,18.0,1,739
0.5,155.469751,151.7,0.99,16.0,22.18,17.21,17.25,1,602
0.5,155.479751,152.84,0.96,15.72,22.17,16.89,16.75,1,510
0.5,155.489751,153.02,0.94,14.69,22.13,16.54,16.25,1,1372
0.5,155.499751,153.28,0.97,14.02,22.12,16.18,16.25,1,1244
0.5,155.509751,152.75,0.93,13.91,22.12,15.8,16.75,1,1126
0.5,155.519751,152.49,0.99,14.34,22.15,15.41,16.75,1,989
0.5,155.529751,153.46,0.91,14.6,22.15,15.0,16.0,1,862
0.5,155.539751,154.34,0.92,14.27,22.14,14.58,15.0,1,743
0.5,155.549751,155.04,0.95,12.93,22.11,14.14,14.25,1,607
0.5,155.559751,155.21,0.92,11.66,22.07,13.69,14.25,1,506
0.5,155.569750,155.13,0.95,11.94,22.09,13.23,14.0,1,1376
0.5,155.579750,156.45,0.9,12.21,22.09,12.75,13.0,1,1249
0.5,155.589750,157.24,0.89,11.18,22.07,12.26,11.75,1,1130
0.5,155.599751,158.29,0.92,9.4,22.03,11.76,11.25,1,994
0.5,155.609751,158.38,0.9,8.24,22.0,11.24,11.0,1,866
0.5,155.619751,158.73,0.91,8.44,22.01,10.72,11.0,1,739
0.5,155.629751,158.29,0.88,9.02,22.03,10.18,11.0,1,612
0.5,155.639751,158.55,0.9,9.18,22.03,9.64,10.75,1,510
0.5,155.649750,159.87,0.89,9.01,22.03,9.08,9.75,1,1372
0.5,155.659750,160.4,0.86,8.01,22.01,8.52,9.0,1,1245
0.5,155.669750,160.75,0.9,6.65,21.98,7.94,8.75,1,1126
0.5,155.679751,161.02,0.9,6.26,21.97,7.36,8.25,1,990
0.5,155.689751,161.89,0.86,6.36,21.98,6.77,7.25,1,871
0.5,155.699751,163.3,0.84,5.29,21.96,6.18,6.25,1,743
0.5,155.709751,163.48,0.89,3.59,21.92,5.58,5.75,1,608
0.5,155.719751,164.36,0.88,3.07,21.91,4.97,5.5,1,515
0.5,155.729750,164.18,0.86,3.42,21.93,4.36,5.0,1,1377
0.5,155.739750,165.15,0.84,3.06,21.92,3.75,3.75,1,1249
0.5,155.749750,166.99,0.85,1.89,21.9,3.13,2.5,1,1130
0.5,155.759751,167.78,0.83,0.03,21.86,2.51,1.75,1,995
0.5,155.769751,167.96,0.88,-1.24,21.83,1.88,1.75,1,867
0.5,155.779751,167.52,0.86,-0.99,21.84,1.26,2.25,1,739
0.5,155.789751,167.26,0.85,0.01,21.88,0.63,2.5,1,612
0.5,155.799751,168.05,0.82,0.72,21.89,0.0,1.75,1,511
0.5,155.809750,168.75,0.83,0.76,21.88,-0.63,0.75,1,1372
0.5,155.819750,170.6,0.84,-1.12,21.84,-1.26,-0.75,1,1254
0.5,155.829750,171.83,0.82,-3.53,21.8,-1.88,-1.75,1,1126
0.5,155.839751,171.56,0.86,-4.89,21.77,-2.51,-2.25,1,999
0.5,155.849751,172.27,0.84,-4.9,21.77,-3.13,-2.5,1,872
0.5,155.859751,172.71,0.81,-4.52,21.78,-3.75,-3.0,1,744
0.5,155.869751,173.76,0.82,-4.82,21.78,-4.36,-4.0,1,608
0.5,155.879751,174.81,0.8,-5.97,21.76,-4.97,-5.0,1,515
0.5,155.889750,175.17,0.82,-7.47,21.72,-5.58,-5.25,1,1377
0.5,155.899750,175.87,0.86,-7.91,21.71,-6.18,-6.0,1,1249
0.5,155.909750,176.13,0.78,-7.9,21.73,-6.77,-6.75,1,1131
0.5,155.919751,177.8,0.8,-8.82,21.7,-7.36,-7.5,1,995
0.5,155.929751,177.63,0.85,-9.91,21.67,-7.94,-8.25,1,867
0.5,155.939751,178.24,0.8,-10.54,21.68,-8.52,-8.25,1,748
0.5,155.949751,178.51,0.83,-10.67,21.66,-9.08,-8.25,1,612
0.5,155.959750,177.98,0.83,-10.17,21.68,-9.64,-8.25,1,1500
0.5,155.969750,178.95,0.78,-9.74,21.71,-10.18,-9.0,1,1373
0.5,155.979750,180.09,0.79,-10.28,21.7,-10.72,-10.25,1,1254
0.5,155.989750,180.97,0.83,-12.26,21.65,-11.24,-10.75,1,1135
0.5,155.999751,180.97,0.83,-13.38,21.61,-11.76,-10.75,1,999
0.5,156.009751,180.97,0.84,-13.08,21.62,-12.26,-11.0,1,872
0.5,156.019751,181.76,0.78,-12.65,21.65,-12.75,-12.0,1,744
0.5,156.029751,183.08,0.79,-13.6,21.63,-13.23,-12.75,1,617
0.5,156.039750,182.9,0.83,-15.13,21.58,-13.69,-13.0,1,1505
0.5,156.049751,183.34,0.84,-15.53,21.57,-14.14,-13.5,1,1378
0.5,156.059751,184.57,0.79,-15.36,21.6,-14.58,-14.25,1,1250
0.5,156.069751,185.01,0.79,-16.18,21.58,-15.0,-14.5,1,1131
0.5,156.079751,184.13,0.87,-16.85,21.54,-15.41,-14.75,1,995
0.5,156.089751,185.19,0.8,-16.57,21.57,-15.8,-15.25,1,876
0.5,156.099751,186.59,0.77,-16.97,21.58,-16.18,-16.25,1,740
0.5,156.109751,187.29,0.83,-18.54,21.53,-16.54,-17.25,1,613
0.5,156.119751,187.91,0.85,-19.7,21.5,-16.89,-17.5,1,1509
0.5,156.129751,187.73,0.82,-20.0,21.5,-17.21,-17.25,1,1382
0.5,156.139751,187.56,0.85,-19.59,21.5,-17.53,-17.25,1,1255
0.5,156.149751,187.65,0.79,-19.15,21.54,-17.82,-17.25,1,1136
0.5,156.159751,187.56,0.82,-19.01,21.53,-18.1,-17.75,1,1000
0.5,156.169751,188.79,0.82,-19.1,21.53,-18.36,-18.25,1,872
0.5,156.179751,189.4,0.79,-19.95,21.52,-18.6,-18.75,1,736
0.5,156.189751,189.14,0.86,-20.88,21.48,-18.82,-19.25,1,617
0.5,156.199751,189.76,0.82,-21.31,21.48,-19.02,-19.25,1,1505
0.5,156.209751,189.49,0.83,-21.31,21.48,-19.21,-19.0,1,1378
0.5,156.219751,189.67,0.85,-20.98,21.48,-19.37,-18.75,1,1259
0.5,156.229751,189.05,0.8,-20.67,21.52,-19.52,-18.75,1,1132
0.5,156.239751,190.02,0.81,-20.22,21.52,-19.65,-19.5,1,1004
0.5,156.249751,190.81,0.81,-20.76,21.51,-19.75,-20.5,1,877
0.5,156.259751,191.51,0.82,-22.72,21.45,-19.84,-21.0,1,740
0.5,156.269751,191.6,0.88,-23.69,21.41,-19.91,-20.75,1,613
0.5,156.279751,191.25,0.84,-23.38,21.44,-19.96,-20.0,1,1510
0.5,156.289751,190.81,0.83,-22.45,21.47,-19.99,-19.5,1,1382
0.5,156.299751,190.2,0.8,-21.51,21.5,-20.0,-19.25,1,1256
0.5,156.309751,189.93,0.81,-20.53,21.52,-19.99,-19.75,1,1136
0.5,156.319751,191.16,0.8,-20.76,21.51,-19.96,-20.75,1,1000
0.5,156.329751,191.43,0.83,-22.56,21.45,-19.91,-21.0,1,873
0.5,156.339751,191.25,0.87,-23.57,21.42,-19.84,-20.75,1,745
0.5,156.349751,190.81,0.85,-23.28,21.44,-19.75,-19.75,1,617
0.5,156.359751,190.02,0.82,-22.26,21.48,-19.65,-19.25,1,1505
0.5,156.369751,189.67,0.8,-21.05,21.52,-19.52,-19.0,1,1386
0.5,156.379751,190.02,0.82,-20.06,21.52,-19.37,-19.5,1,1259
0.5,156.389751,190.55,0.79,-20.2,21.53,-19.21,-20.25,1,1141
0.5,156.399751,191.43,0.83,-22.09,21.46,-19.02,-20.5,1,1004
0.5,156.409751,190.81,0.86,-23.0,21.44,-18.82,-20.0,1,877
0.5,156.419751,190.11,0.85,-22.65,21.45,-18.6,-19.25,1,741
0.5,156.429751,189.23,0.82,-21.52,21.5,-18.36,-18.75,1,622
0.5,156.439751,189.05,0.79,-20.04,21.55,-18.1,-18.75,1,1510
0.5,156.449751,188.79,0.81,-19.54,21.54,-17.82,-18.25,1,1382
0.5,156.459751,188.7,0.85,-19.69,21.52,-17.53,-17.75,1,1255
0.5,156.469751,188.17,0.83,-19.66,21.53,-17.21,-17.25,1,1136
0.5,156.479751,188.09,0.79,-19.22,21.55,-16.89,-16.75,1,1000
0.5,156.489751,187.29,0.83,-18.85,21.54,-16.54,-16.25,1,881
0.5,156.499751,186.59,0.81,-18.19,21.57,-16.18,-16.5,1,746
0.5,156.509751,187.03,0.8,-17.75,21.58,-15.8,-16.75,1,618
0.5,156.519751,186.68,0.83,-17.75,21.56,-15.41,-16.0,1,1515
0.5,156.529751,186.06,0.87,-18.29,21.54,-15.0,-15.25,1,1387
0.5,156.539751,185.71,0.8,-17.37,21.59,-14.58,-15.0,1,1260
0.5,156.549750,185.89,0.76,-16.35,21.62,-14.14,-14.75,1,1141
0.5,156.559750,184.66,0.88,-16.67,21.57,-13.69,-13.75,1,1005
0.5,156.569750,183.25,0.84,-16.02,21.59,-13.23,-12.25,1,877
0.5,156.579750,181.76,0.79,-13.96,21.65,-12.75,-11.5,1,750
0.5,156.589750,181.76,0.81,-12.53,21.68,-12.26,-11.75,1,622
0.5,156.599750,181.76,0.78,-12.26,21.69,-11.76,-11.75,1,1510
0.5,156.609750,181.41,0.84,-12.81,21.65,-11.24,-11.25,1,1383
0.5,156.619750,181.14,0.85,-13.29,21.64,-10.72,-11.25,1,1264
0.5,156.629750,181.58,0.78,-13.06,21.68,-10.18,-10.75,1,1145
0.5,156.639750,180.44,0.83,-13.1,21.65,-9.64,-10.0,1,1009
0.5,156.649750,180.26,0.84,-12.3,21.67,-9.08,-9.25,1,882
0.5,156.659750,179.65,0.78,-10.92,21.71,-8.52,-8.75,1,746
0.5,156.669750,179.3,0.83,-10.43,21.71,-7.94,-8.25,1,627
0.5,156.679750,178.77,0.82,-10.15,21.72,-7.36,-8.0,1,1515
0.5,156.689750,178.15,0.8,-9.88,21.72,-6.77,-7.25,1,1387
0.5,156.699750,177.19,0.84,-9.46,21.72,-6.18,-6.5,1,1260
0.5,156.709750,176.84,0.82,-8.53,21.74,-5.58,-5.75,1,1141
0.5,156.719750,175.87,0.81,-7.45,21.77,-4.97,-5.25,1,1005
0.5,156.729750,175.34,0.82,-6.92,21.78,-4.36,-4.75,1,877
0.5,156.739750,174.2,0.83,-6.56,21.78,-3.75,-4.0,1,750
0.5,156.749750,173.58,0.83,-6.02,21.79,-3.13,-2.75,1,623
0.5,156.759750,172.79,0.85,-4.94,21.81,-2.51,-2.25,1,1511
0.5,156.769750,172.53,0.8,-3.81,21.84,-1.88,-2.25,1,1392
0.5,156.779750,172.71,0.82,-3.81,21.84,-1.26,-2.0,1,1264
0.5,156.789750,171.56,0.87,-4.29,21.82,-0.63,-1.0,1,1146
0.5,156.799751,170.6,0.84,-3.65,21.83,0.0,-0.25,1,1010
0.5,156.809750,170.68,0.82,-1.88,21.87,0.63,0.25,1,882
0.5,156.819750,169.63,0.81,-1.36,21.89,1.26,0.75,1,746
0.5,156.829750,168.75,0.86,-1.5,21.87,1.88,2.0,1,619
0.5,156.839750,166.82,0.88,-0.27,21.89,2.51,3.5,1,1515
0.5,156.849750,166.03,0.83,1.74,21.94,3.13,4.25,1,1388
0.5,156.859750,165.59,0.85,3.11,21.97,3.75,4.25,1,1260
0.5,156.869750,165.41,0.83,3.25,21.96,4.36,4.25,1,1141
0.5,156.879750,165.5,0.88,2.99,21.96,4.97,4.75,1,1006
0.5,156.889750,165.23,0.9,2.87,21.96,5.58,4.75,1,887
0.5,156.899750,165.32,0.83,2.57,21.95,6.18,5.25,1,750
0.5,156.909750,164.0,0.86,2.69,21.95,6.77,6.75,1,623
0.5,156.919750,162.33,0.92,3.93,21.97,7.36,8.0,1,1520
0.5,156.929750,161.1,0.86,6.24,22.02,7.94,8.75,1,1392
0.5,156.939750,160.66,0.87,7.61,22.06,8.52,9.0,1,1265
0.5,156.949750,160.93,0.87,7.76,22.05,9.08,8.75,1,1146
0.5,156.959750,160.93,0.9,7.46,22.04,9.64,9.25,1,1010
0.5,156.969750,159.7,0.94,7.14,22.04,10.18,10.25,1,883
0.5,156.979750,159.26,0.88,7.55,22.05,10.72,11.0,1,755
0.5,156.989750,158.55,0.87,8.98,22.08,11.24,11.75,1,628
0.5,156.999750,157.85,0.92,9.81,22.09,11.76,12.0,1,1516
0.5,157.009750,158.2,0.89,10.15,22.09,12.26,11.75,1,1388
0.5,157.019750,157.85,0.9,10.2,22.1,12.75,11.75,1,1269
0.5,157.029750,157.5,0.95,9.92,22.1,13.23,12.75,1,1151
0.5,157.039750,156.27,0.92,10.0,22.08,13.69,13.75,1,1014
0.5,157.049751,156.01,0.89,11.18,22.11,14.14,13.75,1,887
0.5,157.059751,156.01,0.9,12.21,22.15,14.58,14.25,1,751
0.5,157.069751,154.86,0.95,12.01,22.13,15.0,15.25,1,632
0.5,157.079751,154.25,0.95,12.99,22.16,15.41,16.0,1,1520
0.5,157.089751,153.37,0.92,14.06,22.17,15.8,16.25,1,1393
0.5,157.099751,154.07,0.95,14.4,22.19,16.18,16.25,1,1265
0.5,157.109751,153.98,0.93,13.98,22.18,16.54,16.0,1,1146
0.5,157.119751,154.07,0.95,13.66,22.17,16.89,16.25,1,1010
0.5,157.129751,152.84,0.96,13.66,22.17,17.21,17.25,1,892
0.5,157.139751,151.79,0.94,14.36,22.18,17.53,18.25,1,755
0.5,157.149751,151.08,0.98,16.2,22.22,17.82,19.0,1,628
0.5,157.159751,151.0,0.95,17.43,22.24,18.1,18.75,1,1524
0.5,157.169751,151.35,0.96,17.16,22.24,18.36,18.75,1,1397
0.5,157.179751,151.0,0.99,16.51,22.23,18.6,19.0,1,1270
0.5,157.189751,150.82,1.0,16.43,22.23,18.82,19.25,1,1151
0.5,157.199751,150.82,0.95,16.45,22.22,19.02,19.25,1,1015
0.5,157.209751,150.73,0.96,16.72,22.23,19.21,19.25,1,888
0.5,157.219751,151.0,0.99,16.85,22.24,19.37,19.25,1,751
0.5,157.229751,150.38,0.95,16.74,22.23,19.52,19.25,1,632
0.5,157.239751,150.38,0.99,16.7,22.24,19.65,19.25,1,1520
0.5,157.249751,150.29,0.96,16.69,22.23,19.75,19.75,1,1393
0.5,157.259751,149.33,0.98,16.94,22.24,19.84,20.25,1,1266
0.5,157.269751,149.15,0.99,17.8,22.26,19.91,20.75,1,1155
0.5,157.279751,149.06,0.96,18.59,22.28,19.96,20.25,1,1011
0.5,157.289751,149.77,0.97,18.42,22.27,19.99,19.75,1,892
0.5,157.299751,149.5,1.0,17.72,22.25,20.0,19.75,1,757
0.5,157.309751,150.12,1.0,17.34,22.24,19.99,19.75,1,628
0.5,157.319751,149.77,0.96,17.58,22.25,19.96,19.75,1,1525
0.5,157.329751,149.85,0.96,17.66,22.24,19.91,19.75,1,1397
0.5,157.339751,149.77,1.0,17.68,22.26,19.84,19.75,1,1270
0.5,157.349751,149.85,0.96,17.64,22.25,19.75,19.75,1,1151
0.5,157.359751,149.5,0.99,17.66,22.25,19.65,19.75,1,1015
0.5,157.369751,149.77,0.97,17.65,22.25,19.52,19.75,1,888
0.5,157.379751,149.59,0.98,17.65,22.25,19.37,19.75,1,760
0.5,157.389751,149.41,0.98,17.66,22.25,19.21,19.5,1,633
0.5,157.399751,150.38,0.96,17.63,22.25,19.02,19.0,1,1520
0.5,157.409751,150.91,0.97,17.07,22.24,18.82,18.25,1,1393
0.5,157.419751,151.08,0.97,16.02,22.21,18.6,18.25,1,1274
0.5,157.429751,150.73,0.96,15.8,22.2,18.36,18.5,1,1156
0.5,157.439751,150.91,0.96,16.12,22.21,18.1,18.75,1,1020
0.5,157.449751,151.26,0.96,16.34,22.22,17.82,18.75,1,892
0.5,157.459751,151.08,0.94,16.34,22.21,17.53,18.0,1,756
0.5,157.469751,151.96,0.95,16.16,22.22,17.21,17.25,1,628
0.5,157.479751,152.58,0.95,15.16,22.2,16.89,17.0,1,1525
0.5,157.489751,152.67,0.97,14.31,22.17,16.54,16.75,1,1398
0.5,157.499751,152.84,0.92,14.74,22.18,16.18,16.75,1,1270
0.5,157.509751,152.75,0.93,14.76,22.18,15.8,16.25,1,1160
0.5,157.519751,153.46,0.95,14.47,22.18,15.41,15.75,1,1015
0.5,157.529751,154.34,0.89,13.6,22.15,15.0,15.25,1,896
0.5,157.539751,154.6,0.95,12.72,22.14,14.58,14.75,1,761
0.5,157.549751,155.13,0.91,12.33,22.13,14.14,14.25,1,633
0.5,157.559750,155.13,0.9,12.13,22.12,13.69,14.0,1,1530
0.5,157.569750,155.48,0.92,12.0,22.13,13.23,13.5,1,1402
0.5,157.579750,156.45,0.88,11.54,22.11,12.75,12.75,1,1275
0.5,157.589750,157.5,0.9,10.62,22.1,12.26,12.0,1,1156
0.5,157.599751,157.76,0.89,9.59,22.08,11.76,11.5,1,1020
0.5,157.609751,158.2,0.89,9.04,22.07,11.24,11.0,1,892
0.5,157.619751,158.38,0.87,8.67,22.06,10.72,10.75,1,765
0.5,157.629751,158.64,0.89,8.44,22.06,10.18,10.25,1,638
0.5,157.639750,158.99,0.87,8.25,22.05,9.64,10.25,1,1526
0.5,157.649750,159.35,0.88,8.1,22.05,9.08,9.75,1,1398
0.5,157.659750,160.75,0.86,7.78,22.04,8.52,8.5,1,1279
0.5,157.669750,162.07,0.85,6.63,22.02,7.94,7.25,1,1160
0.5,157.679751,162.86,0.86,4.77,21.98,7.36,6.5,1,1025
0.5,157.689751,162.69,0.88,3.59,21.96,6.77,6.75,1,897
0.5,157.699751,162.77,0.87,3.88,21.97,6.18,7.0,1,761
0.5,157.709751,162.07,0.85,4.83,22.01,5.58,7.25,1,633
0.5,157.719750,162.42,0.83,5.59,22.03,4.97,6.75,1,1530
0.5,157.729750,163.65,0.85,5.51,22.01,4.36,5.25,1,1403
0.5,157.739750,165.5,0.85,3.49,21.97,3.75,4.25,1,1275
0.5,157.749750,165.59,0.83,1.6,21.94,3.13,4.0,1,1156
0.5,157.759751,165.67,0.89,1.08,21.93,2.51,4.0,1,1020
0.5,157.769751,166.73,0.83,1.9,21.95,1.88,3.25,1,893
0.5,157.779751,167.78,0.78,1.63,21.95,1.26,2.0,1,765
0.5,157.789751,168.13,0.85,-0.04,21.91,0.63,1.5,1,638
0.5,157.799751,168.22,0.85,-1.22,21.88,0.0,1.25,1,1526
0.5,157.809750,169.19,0.82,-1.16,21.89,-0.63,0.25,1,1407
0.5,157.819750,170.68,0.8,-1.51,21.89,-1.26,-0.75,1,1280
0.5,157.829750,171.21,0.81,-3.2,21.85,-1.88,-1.5,1,1161
0.5,157.839751,171.21,0.86,-4.29,21.82,-2.51,-1.75,1,1025
0.5,157.849751,171.91,0.81,-4.19,21.83,-3.13,-2.25,1,897
0.5,157.859751,173.06,0.8,-3.99,21.84,-3.75,-3.25,1,761
0.5,157.869751,173.94,0.79,-5.08,21.82,-4.36,-4.25,1,634
0.5,157.879750,174.2,0.82,-6.73,21.78,-4.97,-4.5,1,1531
0.5,157.889750,174.55,0.84,-7.17,21.77,-5.58,-5.0,1,1403
0.5,157.899750,176.04,0.78,-7.0,21.79,-6.18,-6.25,1,1284
0.5,157.909750,177.63,0.77,-8.02,21.77,-6.77,-7.5,1,1165
0.5,157.919751,177.98,0.82,-9.94,21.72,-7.36,-8.25,1,1021
0.5,157.929751,178.15,0.81,-11.32,21.69,-7.94,-8.25,1,902
0.5,157.939751,177.98,0.84,-11.03,21.7,-8.52,-8.0,1,766
0.5,157.949751,178.51,0.79,-10.02,21.75,-9.08,-8.5,1,639
0.5,157.959750,179.56,0.75,-10.0,21.77,-9.64,-9.5,1,1535
0.5,157.969750,180.26,0.82,-11.05,21.72,-10.18,-10.25,1,1408
0.5,157.979750,180.79,0.83,-12.68,21.67,-10.72,-10.75,1,1289
0.5,157.989750,181.58,0.78,-13.22,21.67,-11.24,-11.25,1,1161
0.5,157.999751,181.93,0.82,-13.59,21.66,-11.76,-11.75,1,1025
0.5,158.009751,181.76,0.79,-13.96,21.66,-12.26,-12.25,1,898
0.5,158.019751,182.55,0.8,-14.19,21.65,-12.75,-12.25,1,770
0.5,158.029751,182.9,0.8,-14.34,21.65,-13.23,-12.75,1,643
0.5,158.039750,183.87,0.79,-14.73,21.65,-13.69,-13.75,1,1531
0.5,158.049751,184.48,0.79,-15.65,21.64,-14.14,-14.25,1,1403
0.5,158.059751,184.83,0.82,-16.67,21.6,-14.58,-14.75,1,1293
0.5,158.069751,185.36,0.8,-17.17,21.6,-15.0,-15.25,1,1166
0.5,158.079751,185.62,0.8,-17.48,21.6,-15.41,-15.75,1,1030
0.5,158.089751,186.33,0.81,-17.69,21.59,-15.8,-15.75,1,902
0.5,158.099751,186.15,0.79,-17.84,21.59,-16.18,-16.0,1,766
0.5,158.109751,186.42,0.81,-17.95,21.59,-16.54,-16.0,1,647
0.5,158.119751,186.59,0.8,-17.9,21.59,-16.89,-16.25,1,1535
0.5,158.129751,187.56,0.8,-18.05,21.59,-17.21,-17.25,1,1408
0.5,158.139751,188.79,0.77,-19.07,21.59,-17.53,-18.5,1,1289
0.5,158.149751,189.93,0.81,-20.83,21.54,-17.82,-19.25,1,1162
0.5,158.159751,189.4,0.85,-22.0,21.5,-18.1,-19.25,1,1026
0.5,158.169751,189.67,0.83,-21.79,21.51,-18.36,-18.75,1,898
0.5,158.179751,189.93,0.81,-21.07,21.54,-18.6,-18.75,1,770
0.5,158.189751,189.32,0.78,-20.88,21.56,-18.82,-19.0,1,652
0.5,158.199751,189.76,0.8,-20.52,21.56,-19.02,-19.25,1,1531
0.5,158.209751,189.84,0.83,-20.6,21.54,-19.21,-19.5,1,1412
0.5,158.219751,189.84,0.81,-21.37,21.53,-19.37,-19.75,1,1293
0.5,158.229751,189.93,0.8,-21.53,21.53,-19.52,-19.75,1,1166
0.5,158.239751,189.84,0.82,-21.53,21.52,-19.65,-19.75,1,1030
0.5,158.249751,189.93,0.8,-21.46,21.53,-19.75,-19.75,1,903
0.5,158.259751,189.67,0.81,-21.38,21.53,-19.84,-19.75,1,766
0.5,158.269751,190.02,0.81,-21.37,21.54,-19.91,-19.75,1,656
0.5,158.279751,190.2,0.81,-21.37,21.53,-19.96,-19.75,1,1535
0.5,158.289751,190.2,0.81,-21.37,21.53,-19.99,-19.75,1,1408
0.5,158.299751,190.2,0.81,-21.37,21.53,-20.0,-19.75,1,1299
0.5,158.309751,189.93,0.81,-21.37,21.54,-19.99,-19.75,1,1171
0.5,158.319751,190.02,0.81,-21.37,21.54,-19.96,-19.75,1,1034
0.5,158.329751,189.93,0.81,-21.37,21.53,-19.91,-19.75,1,907
0.5,158.339751,189.84,0.81,-21.37,21.54,-19.84,-19.75,1,771
0.5,158.349751,190.2,0.81,-21.37,21.54,-19.75,-19.75,1,652
0.5,158.359751,190.02,0.81,-21.37,21.54,-19.65,-19.75,1,1540
0.5,158.369751,190.37,0.81,-21.37,21.54,-19.52,-19.75,1,1412
0.5,158.379751,189.93,0.8,-21.37,21.54,-19.37,-19.75,1,1294
0.5,158.389751,189.93,0.81,-21.38,21.54,-19.21,-19.5,1,1167
0.5,158.399751,189.58,0.82,-21.34,21.53,-19.02,-18.75,1,1030
0.5,158.409751,189.4,0.82,-21.15,21.54,-18.82,-18.25,1,903
0.5,158.419751,188.7,0.79,-20.48,21.57,-18.6,-18.25,1,767
0.5,158.429751,189.4,0.79,-19.71,21.59,-18.36,-18.5,1,674
0.5,158.439751,188.88,0.8,-19.72,21.59,-18.1,-18.75,1,1536
0.5,158.449751,189.14,0.82,-20.25,21.56,-17.82,-18.75,1,1408
0.5,158.459751,188.96,0.83,-20.72,21.53,-17.53,-17.75,1,1298
0.5,158.469751,187.73,0.82,-20.33,21.55,-17.21,-16.75,1,1171
0.5,158.479751,186.59,0.82,-18.96,21.58,-16.89,-16.0,1,1035
0.5,158.489751,186.15,0.75,-16.93,21.65,-16.54,-16.25,1,907
0.5,158.499751,186.77,0.79,-16.77,21.65,-16.18,-16.5,1,771
0.5,158.509751,187.03,0.82,-17.91,21.6,-15.8,-16.0,1,678
0.5,158.519751,185.8,0.85,-18.41,21.57,-15.41,-15.25,1,1540
0.5,158.529751,185.54,0.8,-17.45,21.63,-15.0,-14.25,1,1413
0.5,158.539751,184.83,0.77,-16.3,21.66,-14.58,-14.0,1,1294
0.5,158.549750,184.83,0.81,-15.46,21.67,-14.14,-14.25,1,1158
0.5,158.559750,184.75,0.78,-15.25,21.68,-13.69,-14.25,1,1030
0.5,158.569750,184.57,0.83,-15.57,21.65,-13.23,-14.25,1,903
0.5,158.579750,184.04,0.82,-16.03,21.63,-12.75,-13.25,1,776
0.5,158.589750,183.16,0.8,-15.66,21.64,-12.26,-12.25,1,674
0.5,158.599750,182.55,0.81,-14.31,21.67,-11.76,-12.0,1,1536
0.5,158.609750,181.93,0.74,-13.0,21.74,-11.24,-11.75,1,1417
0.5,158.619750,181.76,0.83,-12.95,21.7,-10.72,-11.25,1,1299
0.5,158.629750,181.41,0.82,-12.55,21.72,-10.18,-10.5,1,1163
0.5,158.639750,180.62,0.79,-12.54,21.72,-9.64,-9.75,1,1035
0.5,158.649750,180.26,0.8,-12.02,21.73,-9.08,-9.25,1,907
0.5,158.659750,179.65,0.78,-11.08,21.75,-8.52,-8.75,1,772
0.5,158.669750,178.95,0.82,-10.72,21.75,-7.94,-8.5,1,679
0.5,158.679750,178.51,0.79,-10.42,21.76,-7.36,-8.0,1,1541
0.5,158.689750,177.63,0.82,-9.99,21.76,-6.77,-6.75,1,1413
0.5,158.699750,175.69,0.82,-8.76,21.78,-6.18,-5.25,1,1303
0.5,158.709750,174.38,0.81,-6.74,21.83,-5.58,-4.25,1,1167
0.5,158.719750,173.94,0.78,-5.19,21.87,-4.97,-4.25,1,1031
0.5,158.729750,174.46,0.79,-4.62,21.87,-4.36,-4.25,1,912
0.5,158.739750,174.46,0.83,-5.34,21.84,-3.75,-4.0,1,776
0.5,158.749750,174.02,0.85,-6.23,21.82,-3.13,-3.75,1,674
0.5,158.759750,174.29,0.78,-5.98,21.85,-2.51,-3.25,1,1545
0.5,158.769750,172.71,0.82,-5.83,21.83,-1.88,-2.25,1,1418
0.5,158.779750,171.65,0.86,-4.65,21.85,-1.26,-1.25,1,1299
0.5,158.789750,170.95,0.79,-2.58,21.91,-0.63,-0.75,1,1163
0.5,158.799751,170.42,0.81,-1.56,21.93,0.0,-0.25,1,1035
0.5,158.809750,170.24,0.84,-1.69,21.92,0.63,0.25,1,908
0.5,158.819750,169.63,0.83,-1.65,21.92,1.26,0.75,1,772
0.5,158.829750,168.75,0.82,-1.65,21.92,1.88,2.0,1,679
0.5,158.839750,166.99,0.87,-0.59,21.93,2.51,3.25,1,1541
0.5,158.849750,166.03,0.83,1.66,21.99,3.13,4.25,1,1413
0.5,158.859750,165.5,0.82,3.09,22.02,3.75,4.25,1,1304
0.5,158.869750,165.85,0.83,3.55,22.02,4.36,4.25,1,1167
0.5,158.879750,165.23,0.87,3.1,21.99,4.97,4.5,1,1041
0.5,158.889750,165.5,0.89,2.5,21.99,5.58,5.25,1,912
0.5,158.899750,164.44,0.83,2.48,22.0,6.18,6.0,1,777
0.5,158.909750,163.3,0.85,3.34,22.01,6.77,6.75,1,675
0.5,158.919750,163.04,0.86,4.87,22.04,7.36,7.5,1,1546
0.5,158.929750,162.16,0.84,5.43,22.05,7.94,8.0,1,1418
0.5,158.939750,162.07,0.89,5.89,22.06,8.52,8.25,1,1299
0.5,158.949750,161.37,0.85,6.09,22.06,9.08,8.75,1,1172
0.5,158.959750,161.89,0.88,6.31,22.07,9.64,8.75,1,1035
0.5,158.969750,161.63,0.86,6.45,22.07,10.18,9.25,1,917
0.5,158.979750,159.7,0.88,6.69,22.07,10.72,10.25,1,781
0.5,158.989750,158.55,0.91,7.85,22.1,11.24,11.25,1,680
0.5,158.999750,158.55,0.88,9.81,22.14,11.76,11.75,1,1542
0.5,159.009750,158.03,0.87,10.47,22.16,12.26,12.25,1,1423
0.5,159.019750,157.59,0.91,10.01,22.14,12.75,12.75,1,1304
0.5,159.029750,157.24,0.9,10.25,22.15,13.23,12.75,1,1168
0.5,159.039750,157.15,0.88,10.38,22.15,13.69,13.25,1,1041
0.5,159.049751,156.09,0.92,10.71,22.15,14.14,14.0,1,913
0.5,159.059751,155.39,0.91,11.64,22.17,14.58,14.75,1,777
0.5,159.069751,154.69,0.92,12.7,22.2,15.0,15.25,1,684
0.5,159.079751,154.69,0.92,13.19,22.2,15.41,15.75,1,1546
0.5,159.089751,153.98,0.93,13.48,22.21,15.8,16.0,1,1418
0.5,159.099751,153.72,0.92,13.78,22.22,16.18,16.25,1,1300
0.5,159.109751,153.54,0.94,13.92,22.22,16.54,16.25,1,1172
0.5,159.119751,153.72,0.92,13.96,22.22,16.89,16.75,1,1045
0.5,159.129751,152.67,0.94,14.27,22.23,17.21,17.75,1,918
0.5,159.139751,151.7,0.96,15.16,22.25,17.53,17.75,1,781
0.5,159.149751,152.05,0.93,15.95,22.26,17.82,17.75,1,636
0.5,159.159751,152.31,0.94,15.81,22.26,18.1,17.5,1,1542
0.5,159.169751,152.23,0.97,15.35,22.25,18.36,17.75,1,1423
0.5,159.179751,151.61,0.96,15.32,22.25,18.6,18.25,1,1304
0.5,159.189751,151.26,0.95,15.6,22.25,18.82,18.75,1,1168
0.5,159.199751,150.47,0.95,16.31,22.26,19.02,19.25,1,1041
0.5,159.209751,150.38,0.95,16.96,22.28,19.21,19.5,1,913
0.5,159.219751,150.38,0.98,17.23,22.3,19.37,19.75,1,777
0.5,159.229751,150.29,0.95,17.29,22.29,19.52,19.75,1,684
0.5,159.239751,150.38,0.97,17.3,22.3,19.65,19.75,1,1546
0.5,159.249751,150.38,0.96,17.23,22.29,19.75,19.75,1,1427
0.5,159.259751,150.38,0.97,17.16,22.29,19.84,19.75,1,1309
0.5,159.269751,150.38,0.96,17.13,22.29,19.91,19.75,1,1172
0.5,159.279751,150.38,0.96,17.13,22.29,19.96,19.75,1,1045
0.5,159.289751,150.03,0.96,17.13,22.29,19.99,19.75,1,918
0.5,159.299751,150.12,0.96,17.13,22.29,20.0,19.75,1,782
0.5,159.309751,150.38,0.96,17.13,22.29,19.99,19.75,1,689
0.5,159.319751,150.38,0.96,17.13,22.29,19.96,19.75,1,1550
0.5,159.329751,150.12,0.96,17.13,22.29,19.91,19.75,1,1423
0.5,159.339751,150.12,0.96,17.13,22.29,19.84,19.75,1,1313
0.5,159.349751,150.29,0.96,17.13,22.29,19.75,19.75,1,1177
0.5,159.359751,150.21,0.96,17.13,22.29,19.65,19.75,1,1049
0.5,159.369751,150.21,0.96,17.13,22.29,19.52,19.75,1,922
0.5,159.379751,150.12,0.96,17.13,22.29,19.37,19.75,1,786
0.5,159.389751,150.29,0.96,17.13,22.29,19.21,19.5,1,685
0.5,159.399751,150.29,0.95,17.1,22.29,19.02,19.0,1,1546
0.5,159.409751,150.91,0.95,17.07,22.29,18.82,18.25,1,1428
0.5,159.419751,151.52,0.97,16.52,22.28,18.6,18.25,1,1309
0.5,159.429751,151.0,0.95,15.77,22.24,18.36,18.5,1,1173
0.5,159.439751,151.17,0.94,16.1,22.25,18.1,18.75,1,1045
0.5,159.449751,151.35,0.95,16.3,22.27,17.82,18.75,1,918
0.5,159.459751,151.0,0.92,16.32,22.26,17.53,17.75,1,782
0.5,159.469751,152.58,0.95,16.16,22.27,17.21,16.75,1,689
0.5,159.479751,152.84,0.93,14.88,22.24,16.89,16.25,1,1551
0.5,159.489751,153.19,0.94,13.3,22.19,16.54,16.25,1,1424
0.5,159.499751,152.84,0.93,13.61,22.2,16.18,16.75,1,1313
0.5,159.509751,153.19,0.92,14.33,22.24,15.8,16.25,1,1177
0.5,159.519751,153.54,0.88,14.43,22.23,15.41,15.5,1,1050
0.5,159.529751,153.81,0.94,13.89,22.21,15.0,15.0,1,922
0.5,159.539751,155.04,0.94,12.62,22.18,14.58,14.5,1,786
0.5,159.549751,154.86,0.87,12.03,22.17,14.14,14.0,1,685
0.5,159.559750,155.65,0.91,11.77,22.17,13.69,13.75,1,1555
0.5,159.569750,155.83,0.89,11.52,22.16,13.23,13.5,1,1428
0.5,159.579750,155.74,0.9,11.36,22.16,12.75,13.25,1,1309
0.5,159.589750,156.09,0.9,11.34,22.16,12.26,13.0,1,1173
0.5,159.599750,157.85,0.88,11.19,22.16,11.76,12.0,1,1054
0.5,159.609751,158.29,0.87,10.19,22.14,11.24,10.75,1,918
0.5,159.619751,159.35,0.87,8.37,22.1,10.72,10.25,1,791
0.5,159.629751,159.26,0.89,7.23,22.08,10.18,10.0,1,689
0.5,159.639750,159.7,0.87,7.37,22.08,9.64,9.75,1,1551
0.5,159.649750,159.26,0.86,7.91,22.1,9.08,9.75,1,1432
0.5,159.659750,159.79,0.86,8.03,22.1,8.52,9.75,1,1314
0.5,159.669750,160.66,0.86,7.89,22.1,7.94,8.75,1,1178
0.5,159.679750,161.72,0.83,6.86,22.08,7.36,7.75,1,1050
0.5,159.689751,161.72,0.87,5.33,22.04,6.77,7.75,1,923
0.5,159.699751,161.37,0.89,5.14,22.04,6.18,8.0,1,787
0.5,159.709751,161.98,0.85,6.03,22.07,5.58,7.5,1,694
0.5,159.719750,162.95,0.8,6.06,22.08,4.97,6.25,1,1556
0.5,159.729750,164.09,0.85,4.53,22.04,4.36,5.25,1,1428
0.5,159.739750,164.71,0.84,2.55,21.99,3.75,5.0,1,1309
0.5,159.749750,164.27,0.86,2.25,21.99,3.13,5.0,1,1182
0.5,159.759750,164.97,0.85,2.99,22.02,2.51,4.25,1,1055
0.5,159.769751,166.2,0.77,2.66,22.01,1.88,2.75,1,919
0.5,159.779751,168.13,0.84,0.92,21.98,1.26,1.75,1,791
0.5,159.789751,168.31,0.82,-1.09,21.93,0.63,1.25,1,690
0.5,159.799751,167.96,0.85,-1.6,21.92,-0.0,1.25,1,1551
0.5,159.809750,168.66,0.83,-0.71,21.95,-0.63,0.75,1,1433
0.5,159.819750,170.24,0.74,-0.98,21.95,-1.26,-0.75,1,1314
0.5,159.829750,171.56,0.83,-2.77,21.91,-1.88,-2.0,1,1178
0.5,159.839750,172.53,0.81,-4.76,21.87,-2.51,-2.75,1,1051
0.5,159.849751,172.62,0.82,-5.51,21.85,-3.13,-3.25,1,923
0.5,159.859751,173.06,0.81,-5.4,21.86,-3.75,-3.5,1,787
0.5,159.869751,173.41,0.77,-5.66,21.86,-4.36,-3.75,1,694
0.5,159.879750,174.02,0.83,-5.81,21.85,-4.97,-4.25,1,1556
0.5,159.889750,175.17,0.77,-6.22,21.85,-5.58,-5.5,1,1428
0.5,159.899750,176.66,0.78,-7.4,21.83,-6.18,-6.75,1,1319
0.5,159.909750,177.63,0.79,-9.32,21.79,-6.77,-7.75,1,1183
0.5,159.919750,177.63,0.82,-10.66,21.76,-7.36,-7.75,1,1055
0.5,159.929751,177.71,0.82,-10.47,21.76,-7.94,-7.75,1,927
0.5,159.939751,177.8,0.78,-9.57,21.8,-8.52,-7.75,1,792
0.5,159.949751,177.98,0.76,-9.33,21.82,-9.08,-8.25,1,699
0.5,159.959750,178.95,0.81,-9.84,21.79,-9.64,-9.5,1,1552
0.5,159.969750,180.79,0.78,-11.32,21.77,-10.18,-10.75,1,1433
0.5,159.979750,181.76,0.76,-13.31,21.72,-10.72,-11.75,1,1314
0.5,159.989750,181.93,0.85,-14.57,21.67,-11.24,-11.75,1,1178
0.5,159.999750,181.41,0.8,-14.37,21.7,-11.76,-11.5,1,1060
0.5,160.009751,181.76,0.79,-13.49,21.74,-12.26,-11.75,1,923
0.5,160.019751,182.11,0.75,-13.21,21.75,-12.75,-12.25,1,796
0.5,160.029751,182.55,0.8,-13.67,21.72,-13.23,-13.0,1,695
0.5,160.039750,183.96,0.79,-14.93,21.69,-13.69,-13.75,1,1557
0.5,160.049751,184.48,0.78,-16.09,21.67,-14.14,-14.25,1,1438
0.5,160.059751,185.19,0.82,-16.56,21.66,-14.58,-14.75,1,1319
0.5,160.069751,185.01,0.76,-16.96,21.66,-15.0,-15.0,1,1183
0.5,160.079751,185.54,0.81,-17.16,21.65,-15.41,-15.25,1,1056
0.5,160.089751,186.15,0.78,-17.36,21.66,-15.8,-15.5,1,928
0.5,160.099751,185.98,0.79,-17.48,21.65,-16.18,-16.0,1,792
0.5,160.109751,187.47,0.79,-17.76,21.65,-16.54,-16.75,1,1688
0.5,160.119751,187.47,0.77,-18.7,21.64,-16.89,-17.25,1,1561
0.5,160.129751,187.82,0.82,-19.66,21.6,-17.21,-17.5,1,1433
0.5,160.139751,187.82,0.81,-19.79,21.6,-17.53,-17.25,1,1315
0.5,160.149751,187.29,0.8,-19.46,21.62,-17.82,-17.0,1,1187
0.5,160.159751,187.47,0.79,-19.06,21.64,-18.1,-17.25,1,1060
0.5,160.169751,188.26,0.77,-18.76,21.65,-18.36,-18.0,1,924
0.5,160.179751,188.88,0.79,-19.31,21.63,-18.6,-18.75,1,796
0.5,160.189751,189.23,0.8,-21.04,21.58,-18.82,-19.0,1,1684
0.5,160.199751,189.49,0.86,-21.42,21.56,-19.02,-19.0,1,1557
0.5,160.209751,189.14,0.78,-21.0,21.6,-19.21,-19.25,1,1438
0.5,160.219751,189.49,0.78,-20.9,21.6,-19.37,-19.25,1,1319
0.5,160.229751,189.14,0.82,-20.87,21.58,-19.52,-19.25,1,1183
0.5,160.239751,189.4,0.77,-20.89,21.6,-19.65,-19.25,1,1064
0.5,160.249751,189.93,0.82,-20.85,21.59,-19.75,-19.5,1,919
0.5,160.259751,190.46,0.78,-21.06,21.6,-19.84,-20.0,1,792
0.5,160.269751,190.99,0.79,-21.87,21.58,-19.91,-20.5,1,1688
0.5,160.279751,191.16,0.82,-22.72,21.55,-19.96,-20.75,1,1561
0.5,160.289751,190.81,0.81,-22.81,21.55,-19.99,-19.75,1,1434
0.5,160.299751,189.93,0.83,-22.49,21.56,-20.0,-18.75,1,1325
0.5,160.309751,188.88,0.8,-21.27,21.6,-19.99,-18.25,1,1187
0.5,160.319751,188.44,0.75,-19.44,21.65,-19.96,-18.75,1,1060
0.5,160.329751,189.32,0.78,-19.3,21.65,-19.91,-19.0,1,924
0.5,160.339751,189.23,0.81,-20.35,21.61,-19.84,-19.0,1,797
0.5,160.349751,189.58,0.84,-21.09,21.56,-19.75,-19.0,1,1684
0.5,160.359751,189.14,0.78,-20.67,21.62,-19.65,-19.0,1,1566
0.5,160.369751,189.05,0.79,-20.64,21.6,-19.52,-19.0,1,1439
0.5,160.379751,189.4,0.81,-20.62,21.6,-19.37,-19.0,1,1320
0.5,160.389751,189.14,0.78,-20.63,21.61,-19.21,-19.0,1,1192
0.5,160.399751,189.58,0.81,-20.62,21.6,-19.02,-19.0,1,1064
0.5,160.409751,189.4,0.79,-20.63,21.61,-18.82,-19.0,1,929
0.5,160.419751,189.58,0.81,-20.63,21.6,-18.6,-19.0,1,801
0.5,160.429751,188.96,0.8,-20.63,21.61,-18.36,-18.75,1,1689
0.5,160.439751,189.05,0.81,-20.58,21.6,-18.1,-18.0,1,1562
0.5,160.449751,188.09,0.81,-20.33,21.61,-17.82,-17.5,1,1443
0.5,160.459751,188.09,0.78,-19.55,21.65,-17.53,-17.25,1,1324
0.5,160.469751,188.0,0.78,-18.67,21.66,-17.21,-17.5,1,1188
0.5,160.479751,187.82,0.79,-18.76,21.66,-16.89,-17.75,1,1060
0.5,160.489751,188.0,0.8,-19.36,21.63,-16.54,-17.75,1,924
0.5,160.499751,188.0,0.82,-19.71,21.61,-16.18,-16.75,1,797
0.5,160.509751,186.77,0.81,-19.44,21.62,-15.8,-16.25,1,1693
0.5,160.519751,186.5,0.79,-18.29,21.66,-15.41,-16.0,1,1566
0.5,160.529751,186.06,0.74,-16.81,21.71,-15.0,-15.5,1,1439
0.5,160.539751,185.01,0.84,-16.86,21.67,-14.58,-14.75,1,1320
0.5,160.549750,184.57,0.82,-16.34,21.7,-14.14,-14.25,1,1192
0.5,160.559750,184.48,0.75,-15.68,21.73,-13.69,-13.75,1,1065
0.5,160.569750,184.04,0.81,-15.52,21.71,-13.23,-13.25,1,929
0.5,160.579750,183.69,0.78,-15.35,21.72,-12.75,-12.75,1,801
0.5,160.589750,182.9,0.78,-14.75,21.73,-12.26,-12.75,1,1689
0.5,160.599750,182.9,0.8,-14.45,21.74,-11.76,-12.25,1,1562
0.5,160.609750,182.37,0.79,-14.13,21.74,-11.24,-11.25,1,1443
0.5,160.619750,181.14,0.82,-13.35,21.76,-10.72,-10.5,1,1324
0.5,160.629750,180.62,0.77,-12.15,21.79,-10.18,-9.75,1,1188
0.5,160.639750,179.91,0.79,-11.56,21.79,-9.64,-9.75,1,1061
0.5,160.649750,179.65,0.79,-11.25,21.8,-9.08,-10.0,1,925
0.5,160.659750,180.09,0.76,-11.12,21.81,-8.52,-9.75,1,806
0.5,160.669750,180.26,0.84,-11.29,21.78,-7.94,-9.0,1,1694
0.5,160.679750,178.77,0.82,-11.58,21.78,-7.36,-7.75,1,1566
0.5,160.689750,177.54,0.78,-10.33,21.82,-6.77,-7.25,1,1439
0.5,160.699750,177.19,0.78,-8.5,21.86,-6.18,-7.25,1,1329
0.5,160.709750,177.1,0.78,-8.39,21.86,-5.58,-6.75,1,1193
0.5,160.719750,176.48,0.83,-8.36,21.85,-4.97,-5.75,1,1065
0.5,160.729750,175.08,0.83,-8.01,21.85,-4.36,-4.75,1,929
0.5,160.739750,174.9,0.78,-6.89,21.88,-3.75,-4.75,1,802
0.5,160.749750,174.81,0.76,-5.65,21.91,-3.13,-4.75,1,1689
0.5,160.759750,174.81,0.82,-6.19,21.89,-2.51,-3.75,1,1571
0.5,160.769750,173.32,0.86,-6.18,21.88,-1.88,-2.75,1,1443
0.5,160.779750,172.71,0.79,-5.13,21.92,-1.26,-2.25,1,1325
0.5,160.789750,172.35,0.77,-3.67,21.95,-0.63,-1.75,1,1188
0.5,160.799751,171.47,0.83,-3.49,21.93,-0.0,-0.75,1,1070
0.5,160.809750,170.07,0.85,-3.08,21.94,0.63,0.25,1,934
0.5,160.819750,169.8,0.82,-1.39,21.99,1.26,0.25,1,806
0.5,160.829750,169.98,0.76,-0.86,22.0,1.88,0.25,1,1694
0.5,160.839750,169.28,0.85,-1.39,21.98,2.51,1.25,1,1566
0.5,160.849750,168.49,0.88,-1.51,21.96,3.13,2.25,1,1439
0.5,160.859750,167.61,0.8,-0.39,21.99,3.75,3.0,1,1329
0.5,160.869750,167.17,0.81,1.38,22.04,4.36,3.75,1,1193
0.5,160.879750,166.64,0.85,2.03,22.05,4.97,4.5,1,1065
0.5,160.889750,165.06,0.83,2.49,22.05,5.58,5.0,1,930
0.5,160.899750,164.71,0.84,2.89,22.06,6.18,5.75,1,802
0.5,160.909750,163.39,0.85,3.44,22.06,6.77,6.75,1,1699
0.5,160.919750,162.77,0.86,4.53,22.09,7.36,7.75,1,1571
0.5,160.929750,162.07,0.85,5.84,22.12,7.94,8.0,1,1444
0.5,160.939750,161.89,0.84,6.4,22.12,8.52,8.0,1,1334
0.5,160.949750,161.98,0.86,6.43,22.12,9.08,8.25,1,1198
0.5,160.959750,160.66,0.88,6.19,22.12,9.64,9.25,1,1070
0.5,160.969750,159.7,0.89,6.38,22.11,10.18,10.0,1,934
0.5,160.979750,159.35,0.84,7.96,22.14,10.72,10.25,1,807
0.5,160.989750,159.08,0.86,9.33,22.19,11.24,10.75,1,1695
0.5,160.999750,158.64,0.91,9.15,22.18,11.76,11.75,1,1576
0.5,161.009750,157.85,0.9,9.38,22.19,12.26,12.25,1,1448
0.5,161.019750,157.24,0.85,9.98,22.19,12.75,12.75,1,1329
0.5,161.029750,156.88,0.89,10.84,22.2,13.23,13.25,1,1194
0.5,161.039750,156.18,0.91,11.22,22.21,13.69,13.75,1,1066
0.5,161.049751,156.09,0.88,11.56,22.22,14.14,14.0,1,938
0.5,161.059751,155.92,0.91,11.76,22.23,14.58,14.25,1,811
0.5,161.069751,155.13,0.89,11.88,22.23,15.0,14.75,1,1699
0.5,161.079751,154.6,0.92,12.23,22.24,15.41,15.5,1,1571
0.5,161.089751,154.07,0.92,13.11,22.25,15.8,16.25,1,1444
0.5,161.099751,153.72,0.91,14.13,22.28,16.18,16.25,1,1334
0.5,161.109751,153.63,0.92,14.39,22.29,16.54,16.25,1,1198
0.5,161.119751,153.54,0.92,14.04,22.28,16.89,16.25,1,1070
0.5,161.129751,153.02,0.94,13.78,22.27,17.21,17.25,1,934
0.5,161.139751,151.79,0.96,14.39,22.28,17.53,18.25,1,807
0.5,161.149751,151.26,0.92,16.06,22.31,17.82,19.0,1,1695
0.5,161.159751,151.08,0.95,17.3,22.34,18.1,18.75,1,1576
0.5,161.169751,151.52,0.93,17.04,22.33,18.36,18.5,1,1448
0.5,161.179751,150.91,0.96,16.45,22.32,18.6,18.75,1,1330
0.5,161.189751,151.08,0.99,16.36,22.33,18.82,18.75,1,1194
0.5,161.199751,150.91,0.92,16.27,22.32,19.02,19.0,1,1075
0.5,161.209751,151.08,0.93,16.33,22.32,19.21,19.0,1,939
0.5,161.219751,151.26,0.97,16.33,22.32,19.37,19.0,1,811
0.5,161.229751,150.64,0.92,16.3,22.31,19.52,19.25,1,1699
0.5,161.239751,150.38,0.97,16.51,22.32,19.65,19.75,1,1572
0.5,161.249751,149.59,0.96,17.27,22.34,19.75,20.25,1,1444
0.5,161.259751,149.33,0.96,18.21,22.37,19.84,20.5,1,1334
0.5,161.269751,149.06,0.96,18.48,22.37,19.91,20.0,1,1198
0.5,161.279751,150.38,0.95,18.26,22.36,19.96,19.0,1,1071
0.5,161.289751,150.38,0.96,17.28,22.33,19.99,18.75,1,935
0.5,161.299751,150.29,0.98,16.11,22.29,20.0,19.25,1,808
0.5,161.309751,150.29,0.94,16.28,22.3,19.99,19.5,1,1704
0.5,161.319751,150.73,0.94,16.87,22.33,19.96,19.5,1,1577
0.5,161.329751,150.56,0.91,17.07,22.32,19.91,19.5,1,1449
0.5,161.339751,150.12,0.98,17.11,22.34,19.84,19.5,1,1339
0.5,161.349751,150.73,0.97,17.06,22.34,19.75,19.5,1,1202
0.5,161.359751,150.38,0.91,17.0,22.32,19.65,19.5,1,1075
0.5,161.369751,150.12,0.98,17.03,22.34,19.52,19.5,1,939
0.5,161.379751,150.47,0.93,17.01,22.33,19.37,19.5,1,812
0.5,161.389751,150.73,0.96,17.02,22.34,19.21,19.5,1,1700
0.5,161.399751,150.21,0.95,17.02,22.33,19.02,19.25,1,1581
0.5,161.409751,150.64,0.94,16.99,22.33,18.82,18.75,1,1453
0.5,161.419751,151.17,0.94,16.78,22.33,18.6,18.25,1,1335
0.5,161.429751,151.26,0.95,16.08,22.31,18.36,18.0,1,1198
0.5,161.439751,151.61,0.94,15.6,22.29,18.1,18.25,1,1071
0.5,161.449751,151.26,0.93,15.94,22.3,17.82,18.75,1,943
0.5,161.459751,151.26,0.94,16.12,22.32,17.53,18.5,1,816
0.5,161.469751,151.52,0.91,16.19,22.31,17.21,17.75,1,1704
0.5,161.479751,152.4,0.94,16.07,22.33,16.89,17.0,1,1577
0.5,161.489751,152.31,0.93,14.96,22.29,16.54,16.75,1,1449
0.5,161.499751,152.93,0.95,13.95,22.26,16.18,16.25,1,1339
0.5,161.509751,153.37,0.89,14.21,22.26,15.8,16.25,1,1203
0.5,161.519751,153.46,0.91,14.15,22.26,15.41,15.75,1,1076
0.5,161.529751,154.07,0.92,13.91,22.26,15.0,15.0,1,939
0.5,161.539751,155.13,0.87,13.01,22.23,14.58,14.5,1,812
0.5,161.549750,155.21,0.92,12.03,22.22,14.14,14.0,1,1700
0.5,161.559750,155.48,0.89,11.54,22.21,13.69,13.5,1,1581
0.5,161.569750,156.18,0.87,11.22,22.2,13.23,13.25,1,1454
0.5,161.579750,156.01,0.9,11.05,22.21,12.75,13.0,1,1335
0.5,161.589750,156.62,0.87,10.99,22.2,12.26,12.75,1,1199
0.5,161.599750,156.45,0.89,10.94,22.2,11.76,12.5,1,1080
0.5,161.609751,157.85,0.86,10.64,22.19,11.24,11.5,1,944
0.5,161.619751,159.35,0.85,9.54,22.18,10.72,10.25,1,816
0.5,161.629750,160.22,0.86,7.7,22.14,10.18,9.5,1,1704
0.5,161.639750,159.52,0.87,6.49,22.11,9.64,9.75,1,1577
0.5,161.649750,159.7,0.88,6.85,22.12,9.08,10.25,1,1449
0.5,161.659750,159.08,0.86,7.88,22.16,8.52,10.25,1,1340
0.5,161.669750,159.52,0.84,8.77,22.18,7.94,9.75,1,1203
0.5,161.679750,160.58,0.85,8.65,22.18,7.36,8.5,1,1076
0.5,161.689751,162.33,0.85,6.54,22.12,6.77,7.25,1,948
0.5,161.699751,162.16,0.84,4.72,22.08,6.18,7.25,1,821
0.5,161.709750,161.54,0.89,4.44,22.08,5.58,7.25,1,1709
0.5,161.719750,162.6,0.84,5.34,22.11,4.97,6.75,1,1581
0.5,161.729750,163.74,0.78,5.07,22.1,4.36,5.25,1,1454
0.5,161.739750,165.5,0.84,3.39,22.07,3.75,4.25,1,1344
0.5,161.749750,165.76,0.82,1.47,22.03,3.13,3.75,1,1208
0.5,161.759750,165.94,0.85,0.88,22.02,2.51,3.75,1,1080
0.5,161.769751,166.55,0.84,1.7,22.04,1.88,3.0,1,944
0.5,161.779751,167.78,0.75,1.42,22.04,1.26,1.75,1,816
0.5,161.789750,168.22,0.84,-0.27,22.01,0.63,1.25,1,1704
0.5,161.799751,168.31,0.84,-1.43,21.98,0.0,1.0,1,1586
0.5,161.809750,169.37,0.8,-1.4,21.98,-0.63,-0.0,1,1459
0.5,161.819750,171.12,0.78,-1.87,21.99,-1.26,-1.0,1,1340
0.5,161.829750,171.21,0.8,-3.38,21.94,-1.88,-1.25,1,1203
0.5,161.839750,171.56,0.86,-3.85,21.93,-2.51,-1.75,1,1085
0.5,161.849751,172.44,0.76,-3.77,21.95,-3.13,-3.0,1,949
0.5,161.859751,174.02,0.76,-4.88,21.92,-3.75,-4.25,1,821
0.5,161.869750,175.17,0.81,-6.79,21.88,-4.36,-5.25,1,1709
0.5,161.879750,174.81,0.8,-8.09,21.86,-4.97,-5.25,1,1582
0.5,161.889750,174.9,0.83,-7.78,21.86,-5.58,-4.75,1,1463
0.5,161.899750,174.55,0.78,-6.97,21.9,-6.18,-4.5,1,1344
0.5,161.909750,175.17,0.76,-6.44,21.92,-6.77,-5.25,1,1208
0.5,161.919750,175.69,0.78,-6.44,21.91,-7.36,-6.25,1,1080
0.5,161.929751,177.1,0.79,-7.91,21.87,-7.94,-7.0,1,945
0.5,161.939751,177.45,0.8,-9.5,21.84,-8.52,-7.75,1,817
0.5,161.949750,177.98,0.79,-10.18,21.84,-9.08,-8.25,1,1714
0.5,161.959750,178.68,0.78,-10.59,21.83,-9.64,-9.25,1,1586
0.5,161.969750,179.65,0.77,-11.2,21.82,-10.18,-9.75,1,1467
0.5,161.979750,179.56,0.77,-12.08,21.8,-10.72,-10.0,1,1340
0.5,161.989750,180.26,0.83,-12.41,21.78,-11.24,-10.5,1,1213
0.5,161.999750,181.41,0.77,-12.28,21.81,-11.76,-11.25,1,1085
0.5,162.009751,181.76,0.74,-13.09,21.8,-12.26,-11.75,1,949
0.5,162.019751,182.37,0.83,-14.06,21.75,-12.75,-12.25,1,821
0.5,162.029750,182.72,0.77,-14.66,21.75,-13.23,-12.75,1,1709
0.5,162.039750,182.9,0.78,-14.95,21.74,-13.69,-13.25,1,1582
0.5,162.049751,183.43,0.79,-15.18,21.74,-14.14,-13.25,1,1472
0.5,162.059751,183.87,0.77,-15.3,21.74,-14.58,-13.75,1,1344
0.5,162.069751,184.39,0.78,-15.62,21.74,-15.0,-14.75,1,1208
0.5,162.079751,185.45,0.76,-16.53,21.73,-15.41,-15.25,1,1081
0.5,162.089751,185.54,0.8,-17.54,21.69,-15.8,-15.75,1,954
0.5,162.099751,186.33,0.79,-18.04,21.69,-16.18,-16.25,1,817
0.5,162.109751,186.5,0.78,-18.34,21.69,-16.54,-16.5,1,1714
0.5,162.119751,186.94,0.8,-18.59,21.68,-16.89,-16.75,1,1586
0.5,162.129751,187.12,0.77,-18.67,21.69,-17.21,-16.75,1,1468
0.5,162.139751,186.94,0.8,-18.62,21.68,-17.53,-17.0,1,1349
0.5,162.149751,188.0,0.77,-18.76,21.69,-17.82,-17.75,1,1213
0.5,162.159751,188.44,0.77,-19.5,21.68,-18.1,-18.25,1,1085
0.5,162.169751,188.88,0.8,-20.36,21.65,-18.36,-18.5,1,949
0.5,162.179751,188.96,0.79,-20.69,21.65,-18.6,-18.75,1,831
0.5,162.189751,189.05,0.79,-20.97,21.64,-18.82,-19.0,1,1710
0.5,162.199751,189.14,0.79,-21.07,21.64,-19.02,-19.25,1,1582
0.5,162.209751,189.4,0.78,-21.11,21.64,-19.21,-19.25,1,1472
0.5,162.219751,189.4,0.8,-21.18,21.64,-19.37,-19.5,1,1345
0.5,162.229751,189.67,0.78,-21.28,21.64,-19.52,-19.5,1,1209
0.5,162.239751,189.84,0.79,-21.28,21.64,-19.65,-19.5,1,1090
0.5,162.249751,189.84,0.79,-21.22,21.64,-19.75,-19.5,1,954
0.5,162.259751,189.58,0.79,-21.18,21.64,-19.84,-19.5,1,835
0.5,162.269751,189.93,0.79,-21.18,21.64,-19.91,-19.5,1,1714
0.5,162.279751,189.84,0.79,-21.18,21.65,-19.96,-19.5,1,1587
0.5,162.289751,189.58,0.79,-21.18,21.64,-19.99,-19.5,1,1477
0.5,162.299751,189.58,0.79,-21.18,21.65,-20.0,-19.5,1,1350
0.5,162.309751,189.84,0.79,-21.18,21.65,-19.99,-19.5,1,1213
0.5,162.319751,189.93,0.79,-21.18,21.65,-19.96,-19.5,1,1086
0.5,162.329751,189.93,0.79,-21.18,21.65,-19.91,-19.5,1,958
0.5,162.339751,189.84,0.79,-21.18,21.65,-19.84,-19.5,1,831
0.5,162.349751,190.37,0.79,-21.18,21.65,-19.75,-19.5,1,1719
0.5,162.359751,190.02,0.79,-21.18,21.65,-19.65,-19.5,1,1591
0.5,162.369751,189.84,0.79,-21.18,21.65,-19.52,-19.5,1,1473
0.5,162.379751,189.4,0.79,-21.18,21.65,-19.37,-19.5,1,1354
0.5,162.389751,189.58,0.79,-21.18,21.65,-19.21,-19.5,1,1218
0.5,162.399751,189.76,0.79,-21.18,21.65,-19.02,-19.25,1,1090
0.5,162.409751,189.4,0.8,-21.15,21.65,-18.82,-18.75,1,954
0.5,162.419751,189.23,0.8,-21.02,21.65,-18.6,-18.25,1,835
0.5,162.429751,188.53,0.77,-20.41,21.68,-18.36,-18.0,1,1715
0.5,162.439751,188.7,0.77,-19.51,21.7,-18.1,-18.25,1,1587
0.5,162.449751,188.79,0.78,-19.47,21.7,-17.82,-18.75,1,1477
0.5,162.459751,188.88,0.8,-20.1,21.67,-17.53,-18.5,1,1349
0.5,162.469751,188.35,0.81,-20.52,21.65,-17.21,-17.75,1,1214
0.5,162.479751,187.38,0.8,-20.16,21.67,-16.89,-16.75,1,1086
0.5,162.489751,187.12,0.79,-18.97,21.7,-16.54,-16.5,1,958
0.5,162.499751,186.68,0.73,-17.48,21.75,-16.18,-16.25,1,857
0.5,162.509751,186.24,0.82,-17.39,21.72,-15.8,-16.25,1,1719
0.5,162.519751,186.24,0.79,-17.31,21.74,-15.41,-15.75,1,1592
0.5,162.529751,185.8,0.78,-17.69,21.73,-15.0,-15.25,1,1473
0.5,162.539751,185.45,0.83,-17.44,21.71,-14.58,-14.5,1,1345
0.5,162.549750,184.83,0.75,-16.68,21.75,-14.14,-14.0,1,1218
0.5,162.559750,183.69,0.78,-15.8,21.77,-13.69,-13.75,1,1091
0.5,162.569750,183.52,0.8,-15.31,21.78,-13.23,-13.25,1,954
0.5,162.579750,183.25,0.76,-14.67,21.79,-12.75,-13.25,1,853
0.5,162.589750,183.43,0.8,-14.07,21.8,-12.26,-12.75,1,1715
0.5,162.599750,182.37,0.78,-14.26,21.8,-11.76,-11.75,1,1587
0.5,162.609750,181.58,0.8,-14.2,21.79,-11.24,-11.25,1,1478
0.5,162.619750,181.41,0.76,-13.18,21.82,-10.72,-10.75,1,1350
0.5,162.629750,180.97,0.78,-12.35,21.84,-10.18,-10.25,1,1214
0.5,162.639750,180.79,0.8,-11.94,21.84,-9.64,-9.75,1,1095
0.5,162.649750,180.44,0.77,-11.66,21.85,-9.08,-9.5,1,959
0.5,162.659750,180.09,0.8,-11.53,21.85,-8.52,-9.0,1,858
0.5,162.669750,178.77,0.78,-11.24,21.85,-7.94,-8.25,1,1719
0.5,162.679750,178.24,0.81,-10.27,21.87,-7.36,-7.5,1,1592
0.5,162.689750,177.8,0.77,-9.24,21.9,-6.77,-7.0,1,1473
0.5,162.699750,177.01,0.78,-8.7,21.9,-6.18,-6.5,1,1346
0.5,162.709750,177.1,0.8,-8.32,21.91,-5.58,-6.25,1,1218
0.5,162.719750,176.31,0.78,-8.13,21.91,-4.97,-5.5,1,1091
0.5,162.729750,175.08,0.81,-7.72,21.91,-4.36,-4.75,1,955
0.5,162.739750,174.38,0.8,-6.65,21.94,-3.75,-3.75,1,853
0.5,162.749750,173.58,0.79,-5.55,21.96,-3.13,-3.25,1,1724
0.5,162.759750,173.41,0.8,-5.02,21.97,-2.51,-2.75,1,1597
0.5,162.769750,172.88,0.8,-4.58,21.98,-1.88,-2.25,1,1478
0.5,162.779750,172.18,0.79,-4.35,21.98,-1.26,-1.75,1,1341
0.5,162.789750,171.3,0.82,-3.91,21.99,-0.63,-0.25,1,1222
0.5,162.799751,169.54,0.82,-2.6,22.01,0.0,0.75,1,1095
0.5,162.809750,168.75,0.8,-0.64,22.05,0.63,1.0,1,959
0.5,162.819750,168.66,0.78,0.3,22.08,1.26,1.25,1,849
0.5,162.829750,168.31,0.83,-0.13,22.05,1.88,1.75,1,1720
0.5,162.839750,168.66,0.87,-0.31,22.05,2.51,2.0,1,1592
0.5,162.849750,167.96,0.78,-0.52,22.05,3.13,2.75,1,1482
0.5,162.859750,166.99,0.82,-0.12,22.05,3.75,3.5,1,1346
0.5,162.869750,166.46,0.86,1.3,22.08,4.36,4.25,1,1218
0.5,162.879750,165.5,0.79,2.44,22.1,4.97,5.0,1,1091
0.5,162.889750,165.06,0.84,3.05,22.12,5.58,5.5,1,964
0.5,162.899750,164.71,0.84,3.43,22.12,6.18,6.0,1,854
0.5,162.909750,163.65,0.82,3.71,22.12,6.77,6.25,1,1724
0.5,162.919750,163.83,0.85,4.01,22.13,7.36,6.75,1,1597
0.5,162.929750,161.98,0.84,4.35,22.14,7.94,8.0,1,1478
0.5,162.939750,160.93,0.88,5.55,22.16,8.52,9.5,1,1342
0.5,162.949750,159.7,0.86,7.59,22.2,9.08,10.25,1,1223
0.5,162.959750,159.08,0.84,9.09,22.23,9.64,10.25,1,1096
0.5,162.969750,159.7,0.86,9.53,22.24,10.18,10.25,1,959
0.5,162.979750,159.26,0.89,8.97,22.22,10.72,10.75,1,866
0.5,162.989750,158.99,0.9,8.39,22.21,11.24,10.75,1,1728
0.5,162.999750,159.08,0.85,8.36,22.22,11.76,11.25,1,1601
0.5,163.009750,158.2,0.86,8.51,22.21,12.26,12.0,1,1482
0.5,163.019750,157.5,0.91,9.41,22.23,12.75,12.75,1,1346
0.5,163.029750,156.88,0.85,10.68,22.26,13.23,13.25,1,1219
0.5,163.039750,156.62,0.89,11.25,22.27,13.69,13.75,1,1100
0.5,163.049751,156.45,0.9,11.61,22.28,14.14,14.25,1,964
0.5,163.059751,156.09,0.88,11.87,22.28,14.58,14.25,1,862
0.5,163.069751,155.3,0.91,12.06,22.29,15.0,14.75,1,1724
0.5,163.079751,154.69,0.9,12.44,22.29,15.41,15.75,1,1597
0.5,163.089751,153.98,0.93,13.37,22.32,15.8,16.0,1,1478
0.5,163.099751,153.98,0.89,14.25,22.34,16.18,16.0,1,1351
0.5,163.109751,153.98,0.89,14.11,22.33,16.54,16.0,1,1223
0.5,163.119751,153.54,0.94,13.64,22.33,16.89,16.25,1,1096
0.5,163.129751,153.19,0.91,13.57,22.32,17.21,17.25,1,969
0.5,163.139751,151.61,0.93,14.31,22.34,17.53,18.25,1,867
0.5,163.149751,151.0,0.94,16.21,22.37,17.82,19.0,1,1729
0.5,163.159751,150.73,0.92,17.53,22.4,18.1,19.0,1,1601
0.5,163.169751,150.91,0.94,17.48,22.4,18.36,18.5,1,1474
0.5,163.179751,151.26,0.94,16.91,22.39,18.6,18.25,1,1347
0.5,163.189751,150.91,0.96,16.26,22.37,18.82,18.25,1,1228
0.5,163.199751,151.08,0.93,15.71,22.34,19.02,18.75,1,1100
0.5,163.209751,149.77,0.95,16.0,22.35,19.21,20.0,1,964
0.5,163.219751,149.33,0.94,17.06,22.39,19.37,20.5,1,871
0.5,163.229751,148.8,0.92,18.79,22.43,19.52,20.25,1,1724
0.5,163.239751,149.77,0.97,18.99,22.43,19.65,19.75,1,1597
0.5,163.249751,149.59,0.96,18.19,22.4,19.75,20.0,1,1478
0.5,163.259751,149.33,1.0,17.54,22.39,19.84,20.25,1,1351
0.5,163.269751,149.33,0.93,17.89,22.41,19.91,20.0,1,1223
0.5,163.279751,150.12,0.93,17.86,22.4,19.96,19.5,1,1105
0.5,163.289751,150.03,0.96,17.55,22.39,19.99,19.25,1,969
0.5,163.299751,150.38,0.94,17.03,22.37,20.0,20.0,1,868
0.5,163.309751,149.06,0.99,17.14,22.39,19.99,21.0,1,1729
0.5,163.319751,148.27,0.93,18.07,22.4,19.96,21.5,1,1602
0.5,163.329751,148.18,0.95,19.49,22.45,19.91,21.25,1,1483
0.5,163.339751,148.89,0.96,19.56,22.44,19.84,20.5,1,1347
0.5,163.349751,148.8,0.96,18.8,22.43,19.75,20.25,1,1228
0.5,163.359751,149.24,0.99,18.07,22.41,19.65,20.5,1,1100
0.5,163.369751,149.06,0.96,17.95,22.39,19.52,20.5,1,965
0.5,163.379751,149.77,0.93,18.24,22.4,19.37,19.75,1,872
0.5,163.389751,150.38,0.93,17.88,22.4,19.21,19.0,1,1725
0.5,163.399751,150.29,0.96,16.79,22.38,19.02,18.75,1,1606
0.5,163.409751,150.38,0.95,16.22,22.36,18.82,18.75,1,1487
0.5,163.419751,150.73,0.93,16.71,22.37,18.6,18.75,1,1352
0.5,163.429751,150.38,0.92,16.87,22.37,18.36,18.75,1,1233
0.5,163.439751,150.73,0.96,16.92,22.38,18.1,18.5,1,1105
0.5,163.449751,151.17,0.92,16.7,22.37,17.82,18.0,1,969
0.5,163.459751,152.31,0.92,15.95,22.35,17.53,17.25,1,868
0.5,163.469751,152.31,0.92,15.07,22.33,17.21,17.0,1,1729
0.5,163.479751,152.31,0.92,14.66,22.33,16.89,16.75,1,1602
0.5,163.489751,152.58,0.91,14.48,22.32,16.54,16.5,1,1492
0.5,163.499751,153.46,0.92,14.35,22.32,16.18,16.25,1,1356
0.5,163.509751,152.67,0.9,14.17,22.31,15.8,16.25,1,1228
0.5,163.519751,153.28,0.91,14.15,22.31,15.41,15.75,1,1101
0.5,163.529751,153.81,0.89,13.94,22.31,15.0,15.0,1,965
0.5,163.539751,154.78,0.89,13.1,22.29,14.58,14.5,1,872
0.5,163.549750,155.04,0.9,12.11,22.27,14.14,14.0,1,1734
0.5,163.559750,155.65,0.89,11.66,22.26,13.69,13.75,1,1606
0.5,163.569750,156.01,0.87,11.36,22.26,13.23,13.25,1,1488
0.5,163.579750,156.09,0.89,11.17,22.26,12.75,13.25,1,1352
0.5,163.589750,156.36,0.87,11.13,22.25,12.26,12.75,1,1233
0.5,163.599750,157.15,0.88,10.92,22.25,11.76,12.0,1,1105
0.5,163.609751,157.85,0.85,10.03,22.23,11.24,11.5,1,970
0.5,163.619751,158.55,0.87,9.06,22.21,10.72,11.0,1,877
0.5,163.629750,158.55,0.87,8.61,22.21,10.18,10.75,1,1730
0.5,163.639750,159.08,0.84,8.35,22.2,9.64,10.0,1,1602
0.5,163.649750,160.31,0.86,7.95,22.2,9.08,9.0,1,1492
0.5,163.659750,161.1,0.82,6.95,22.18,8.52,8.25,1,1356
0.5,163.669750,161.63,0.86,5.87,22.16,7.94,7.75,1,1229
0.5,163.679750,162.33,0.84,5.29,22.15,7.36,7.25,1,1101
0.5,163.689751,162.16,0.82,4.9,22.14,6.77,6.75,1,974
0.5,163.699751,162.6,0.85,4.71,22.14,6.18,6.75,1,873
0.5,163.709750,163.39,0.82,4.51,22.13,5.58,6.25,1,1734
0.5,163.719750,164.18,0.83,4.22,22.13,4.97,5.0,1,1607
0.5,163.729750,165.67,0.8,3.11,22.11,4.36,3.75,1,1488
0.5,163.739750,166.64,0.82,1.2,22.08,3.75,2.75,1,1352
0.5,163.749750,166.9,0.84,-0.15,22.05,3.13,2.75,1,1233
0.5,163.759750,166.03,0.82,0.1,22.06,2.51,3.0,1,1106
0.5,163.769751,167.17,0.81,1.03,22.09,1.88,2.25,1,970
0.5,163.779751,168.49,0.77,0.98,22.09,1.26,1.5,1,877
0.5,163.789750,168.66,0.81,-0.34,22.05,0.63,0.75,1,1739
0.5,163.799751,169.54,0.82,-1.66,22.03,-0.0,0.25,1,1611
0.5,163.809750,169.89,0.79,-2.16,22.03,-0.63,-0.25,1,1493
0.5,163.819750,170.51,0.81,-2.57,22.01,-1.26,-1.0,1,1356
0.5,163.829750,171.56,0.78,-3.08,22.01,-1.88,-2.0,1,1238
0.5,163.839750,172.53,0.78,-4.17,21.99,-2.51,-2.75,1,1110
0.5,163.849751,173.41,0.8,-5.33,21.96,-3.13,-3.5,1,974
0.5,163.859751,173.23,0.79,-5.95,21.95,-3.75,-3.75,1,873
0.5,163.869750,173.58,0.79,-6.18,21.94,-4.36,-3.75,1,1735
0.5,163.879750,172.97,0.82,-5.7,21.96,-4.97,-3.75,1,1607
0.5,163.889750,174.02,0.76,-5.17,22.0,-5.58,-4.5,1,1497
0.5,163.899750,175.34,0.77,-5.81,21.98,-6.18,-5.5,1,1361
0.5,163.909750,175.78,0.8,-7.63,21.93,-6.77,-6.0,1,1234
0.5,163.919750,176.04,0.79,-8.66,21.9,-7.36,-6.25,1,1106
0.5,163.929751,176.84,0.81,-8.61,21.91,-7.94,-7.25,1,970
0.5,163.939751,178.07,0.73,-9.14,21.92,-8.52,-8.25,1,877
0.5,163.949750,177.98,0.79,-10.67,21.87,-9.08,-8.5,1,1739
0.5,163.959750,178.68,0.85,-11.11,21.85,-9.64,-9.0,1,1612
0.5,163.969750,180.09,0.73,-10.89,21.89,-10.18,-9.75,1,1493
0.5,163.979750,180.09,0.76,-11.71,21.87,-10.72,-10.5,1,1357
0.5,163.989750,180.97,0.81,-12.75,21.83,-11.24,-11.0,1,1238
0.5,163.999750,181.58,0.77,-13.31,21.83,-11.76,-11.5,1,1111
0.5,164.009751,181.58,0.78,-13.52,21.83,-12.26,-11.75,1,974
0.5,164.019751,182.37,0.78,-13.86,21.82,-12.75,-12.25,1,882
0.5,164.029750,183.43,0.76,-14.28,21.82,-13.23,-13.25,1,1735
0.5,164.039750,184.39,0.77,-15.29,21.8,-13.69,-14.0,1,1616
0.5,164.049751,184.75,0.79,-16.52,21.77,-14.14,-14.25,1,1497
0.5,164.059751,184.57,0.8,-16.87,21.76,-14.58,-14.25,1,1361
0.5,164.069751,184.48,0.79,-16.44,21.78,-15.0,-14.25,1,1234
0.5,164.079751,185.19,0.77,-15.95,21.81,-15.41,-15.25,1,1115
0.5,164.089751,186.5,0.74,-16.67,21.8,-15.8,-16.25,1,979
0.5,164.099751,187.21,0.81,-18.52,21.73,-16.18,-16.75,1,878
0.5,164.109751,187.21,0.8,-19.57,21.71,-16.54,-16.75,1,1739
0.5,164.119751,186.59,0.82,-19.22,21.72,-16.89,-16.0,1,1612
0.5,164.129751,185.98,0.78,-18.5,21.75,-17.21,-15.75,1,1493
0.5,164.139751,186.5,0.75,-17.65,21.78,-17.53,-16.25,1,1357
0.5,164.149751,187.47,0.76,-17.13,21.79,-17.82,-17.25,1,1238
0.5,164.159751,188.09,0.79,-18.79,21.74,-18.1,-17.5,1,1111
0.5,164.169751,187.47,0.81,-20.1,21.7,-18.36,-17.5,1,975
0.5,164.179751,188.09,0.8,-19.83,21.72,-18.6,-17.75,1,1871
0.5,164.189751,188.88,0.75,-19.47,21.75,-18.82,-18.5,1,1735
0.5,164.199751,189.32,0.77,-20.15,21.73,-19.02,-18.75,1,1616
0.5,164.209751,188.53,0.83,-20.86,21.68,-19.21,-18.25,1,1498
0.5,164.219751,188.7,0.79,-20.46,21.71,-19.37,-18.5,1,1361
0.5,164.229751,189.4,0.75,-19.95,21.75,-19.52,-19.0,1,1242
0.5,164.239751,189.58,0.78,-20.58,21.72,-19.65,-19.25,1,1115
0.5,164.249751,189.67,0.82,-21.3,21.68,-19.75,-19.0,1,979
0.5,164.259751,189.67,0.8,-20.97,21.7,-19.84,-19.0,1,1867
0.5,164.269751,189.84,0.76,-20.65,21.74,-19.91,-19.75,1,1740
0.5,164.279751,191.43,0.77,-21.33,21.71,-19.96,-20.75,1,1612
0.5,164.289751,192.04,0.79,-22.99,21.66,-19.99,-21.25,1,1502
0.5,164.299751,191.69,0.82,-24.06,21.63,-20.0,-21.25,1,1367
0.5,164.309751,191.43,0.83,-23.78,21.64,-19.99,-20.25,1,1238
0.5,164.319751,189.84,0.79,-22.77,21.67,-19.96,-19.0,1,1102
0.5,164.329751,189.05,0.79,-21.06,21.7,-19.91,-18.25,1,984
0.5,164.339751,188.88,0.75,-19.13,21.78,-19.84,-18.25,1,1872
0.5,164.349751,189.4,0.76,-18.96,21.77,-19.75,-19.25,1,1744
0.5,164.359751,190.46,0.79,-20.38,21.72,-19.65,-20.0,1,1617
0.5,164.369751,190.63,0.8,-22.53,21.65,-19.52,-20.0,1,1498
0.5,164.379751,189.84,0.85,-22.75,21.65,-19.37,-19.0,1,1362
0.5,164.389751,189.05,0.82,-21.71,21.68,-19.21,-18.25,1,1243
0.5,164.399751,188.53,0.74,-20.23,21.73,-19.02,-18.25,1,1107
0.5,164.409751,189.4,0.75,-18.83,21.79,-18.82,-18.75,1,979
0.5,164.419751,189.67,0.78,-19.83,21.75,-18.6,-19.25,1,1876
0.5,164.429751,190.11,0.83,-21.32,21.67,-18.36,-19.25,1,1740
0.5,164.439751,189.76,0.78,-21.48,21.69,-18.1,-18.75,1,1621
0.5,164.449751,188.88,0.83,-21.24,21.69,-17.82,-17.75,1,1502
0.5,164.459751,187.56,0.79,-20.24,21.73,-17.53,-17.0,1,1366
0.5,164.469751,186.77,0.75,-18.51,21.78,-17.21,-16.75,1,1239
0.5,164.479751,186.94,0.78,-17.34,21.79,-16.89,-16.75,1,1111
0.5,164.489751,186.86,0.76,-17.27,21.8,-16.54,-16.75,1,984
0.5,164.499751,187.12,0.81,-18.44,21.75,-16.18,-16.75,1,1872
0.5,164.509751,187.03,0.79,-18.44,21.75,-15.8,-16.5,1,1744
0.5,164.519751,186.15,0.78,-18.38,21.76,-15.41,-15.25,1,1617
0.5,164.529751,185.01,0.84,-17.94,21.74,-15.0,-14.25,1,1498
0.5,164.539751,183.87,0.77,-16.27,21.8,-14.58,-13.25,1,1362
0.5,164.549750,183.69,0.75,-14.3,21.87,-14.14,-13.25,1,1243
0.5,164.559750,183.78,0.77,-13.99,21.86,-13.69,-13.75,1,1107
0.5,164.569750,183.25,0.79,-14.6,21.83,-13.23,-13.25,1,980
0.5,164.579750,183.69,0.83,-15.31,21.8,-12.75,-13.25,1,1877
0.5,164.589750,183.78,0.76,-14.97,21.84,-12.26,-12.75,1,1749
0.5,164.599750,182.9,0.79,-15.05,21.82,-11.76,-11.75,1,1621
0.5,164.609750,182.11,0.82,-14.33,21.83,-11.24,-11.25,1,1502
0.5,164.619750,181.58,0.75,-13.0,21.88,-10.72,-10.75,1,1367
0.5,164.629750,180.79,0.79,-12.39,21.88,-10.18,-10.25,1,1239
0.5,164.639750,180.62,0.79,-12.1,21.89,-9.64,-10.0,1,1112
0.5,164.649750,180.09,0.78,-11.94,21.89,-9.08,-9.25,1,984
0.5,164.659750,178.95,0.8,-11.57,21.89,-8.52,-8.5,1,1872
0.5,164.669750,178.51,0.79,-10.53,21.91,-7.94,-7.75,1,1744
0.5,164.679750,177.8,0.79,-9.4,21.94,-7.36,-7.25,1,1617
0.5,164.689750,177.19,0.78,-8.79,21.95,-6.77,-6.75,1,1507
0.5,164.699750,177.1,0.8,-8.43,21.96,-6.18,-6.25,1,1371
0.5,164.709750,176.48,0.78,-8.19,21.96,-5.58,-5.75,1,1243
0.5,164.719750,176.48,0.8,-7.99,21.96,-4.97,-5.75,1,1116
0.5,164.729750,175.78,0.79,-7.79,21.97,-4.36,-5.25,1,989
0.5,164.739750,174.99,0.8,-7.53,21.97,-3.75,-4.0,1,1877
0.5,164.749750,173.23,0.82,-6.42,21.98,-3.13,-2.75,1,1749
0.5,164.759750,171.91,0.8,-4.44,22.03,-2.51,-1.75,1,1621
0.5,164.769750,171.56,0.78,-2.98,22.07,-1.88,-1.75,1,1503
0.5,164.779750,172.18,0.79,-2.43,22.07,-1.26,-2.25,1,1367
1.0,166.809750,169.54,0.82,-1.76,22.13,1.26,1.25,1,1044
1.0,166.819750,167.96,0.83,-0.21,22.16,2.51,2.75,1,1906
1.0,166.829750,166.73,0.82,1.5,22.19,3.75,4.0,1,1779
1.0,166.839750,165.67,0.82,2.51,22.21,4.97,5.0,1,1660
1.0,166.849750,164.44,0.85,3.34,22.23,6.18,5.75,1,1524
1.0,166.859750,163.39,0.83,4.0,22.24,7.36,6.75,1,1397
1.0,166.869750,161.89,0.87,4.8,22.25,8.52,8.25,1,1269
1.0,166.879750,159.96,0.87,6.35,22.28,9.64,10.25,1,1133
1.0,166.889750,158.55,0.88,8.73,22.33,10.72,11.5,1,1041
1.0,166.899750,157.94,0.86,10.62,22.36,11.76,11.75,1,1902
1.0,166.909750,157.32,0.88,11.2,22.38,12.75,11.75,1,1775
1.0,166.919750,157.76,0.89,10.71,22.36,13.69,11.75,1,1664
1.0,166.929751,157.59,0.92,9.9,22.34,14.58,12.75,1,1520
1.0,166.939751,156.01,0.9,9.82,22.34,15.41,14.25,1,1401
1.0,166.949751,154.34,0.9,11.43,22.37,16.18,15.75,1,1274
1.0,166.959751,153.63,0.91,14.44,22.45,16.89,16.25,1,1137
1.0,166.969751,153.02,0.9,15.4,22.47,17.53,16.5,1,1035
1.0,166.979751,152.49,0.93,15.17,22.46,18.1,17.25,1,1906
1.0,166.989751,151.7,1.01,15.26,22.48,18.6,18.5,1,1779
1.0,166.999751,150.38,0.92,15.98,22.48,19.02,19.75,1,1660
1.0,167.009751,150.03,0.91,17.72,22.5,19.37,20.0,1,1524
1.0,167.019751,150.12,0.99,18.4,22.53,19.65,20.0,1,1397
1.0,167.029751,149.94,0.94,18.06,22.52,19.84,20.25,1,1269
1.0,167.039751,148.89,0.99,17.64,22.51,19.96,21.0,1,1142
1.0,167.049751,148.8,1.0,18.27,22.54,20.0,21.25,1,1042
1.0,167.059751,148.8,0.92,19.15,22.54,19.96,20.75,1,1911
1.0,167.069751,149.24,0.97,18.87,22.54,19.84,20.25,1,1783
1.0,167.079751,148.97,0.97,18.38,22.52,19.65,20.75,1,1665
1.0,167.089751,148.71,1.01,18.17,22.53,19.37,21.0,1,1528
1.0,167.099751,149.33,0.97,18.26,22.52,19.02,20.75,1,1401
1.0,167.109751,149.33,0.89,18.25,22.5,18.6,19.5,1,1274
1.0,167.119751,150.91,0.98,17.85,22.52,18.1,18.75,1,1137
1.0,167.129751,150.82,0.96,16.36,22.48,17.53,18.25,1,1045
1.0,167.139751,151.44,0.94,15.37,22.44,16.89,17.75,1,1907
1.0,167.149751,152.84,0.93,15.44,22.46,16.18,16.5,1,1779
1.0,167.159751,153.81,0.87,14.34,22.42,15.41,15.25,1,1669
1.0,167.169751,154.34,0.93,12.54,22.39,14.58,15.0,1,1524
1.0,167.179750,154.78,0.92,11.89,22.38,13.69,14.25,1,1405
1.0,167.189750,156.45,0.88,12.08,22.39,12.75,13.0,1,1278
1.0,167.199750,157.85,0.85,10.95,22.36,11.76,11.75,1,1142
1.0,167.209750,159.08,0.89,8.94,22.32,10.72,10.25,1,1049
1.0,167.219750,159.96,0.86,7.34,22.29,9.64,9.75,1,1911
1.0,167.229750,160.14,0.86,6.59,22.28,8.52,9.5,1,1784
1.0,167.239750,160.22,0.87,6.85,22.28,7.36,9.25,1,1665
1.0,167.249750,161.1,0.85,7.26,22.3,6.18,8.25,1,1529
1.0,167.259750,162.69,0.82,6.34,22.27,4.97,6.5,1,1358
1.0,167.269750,164.62,0.84,4.37,22.24,3.75,5.25,1,1274
1.0,167.279750,165.23,0.83,2.25,22.2,2.51,4.25,1,1147
1.0,167.289750,167.08,0.85,1.21,22.19,1.26,2.5,1,1045
1.0,167.299751,168.66,0.79,0.14,22.18,0.0,1.0,1,1907
1.0,167.309750,169.28,0.79,-1.89,22.12,-1.26,0.25,1,1788
1.0,167.319750,170.42,0.9,-2.83,22.1,-2.51,-0.75,1,1661
1.0,167.329750,172.18,0.76,-3.14,22.12,-3.75,-2.25,1,1533
1.0,167.339750,173.41,0.76,-4.61,22.09,-4.97,-4.25,1,1406
1.0,167.349750,175.17,0.82,-6.88,22.03,-6.18,-5.25,1,1278
1.0,167.359750,175.87,0.79,-8.52,22.0,-7.36,-6.25,1,1142
1.0,167.369750,177.8,0.82,-8.94,22.0,-8.52,-7.75,1,1049
1.0,167.379750,179.3,0.74,-9.83,22.0,-9.64,-9.25,1,1911
1.0,167.389750,180.44,0.77,-11.99,21.95,-10.72,-10.25,1,1784
1.0,167.399750,180.79,0.84,-13.6,21.91,-11.76,-10.75,1,1665
1.0,167.409750,181.41,0.78,-13.72,21.92,-12.75,-11.5,1,1529
1.0,167.419750,182.55,0.78,-13.5,21.93,-13.69,-12.75,1,1402
1.0,167.429751,184.48,0.74,-14.74,21.92,-14.58,-14.25,1,1283
1.0,167.439751,185.36,0.8,-16.84,21.86,-15.41,-15.25,1,1147
1.0,167.449751,185.8,0.82,-18.31,21.82,-16.18,-15.75,1,1045
1.0,167.459751,186.42,0.81,-18.38,21.83,-16.89,-16.25,1,1916
1.0,167.469751,187.56,0.77,-18.32,21.85,-17.53,-17.5,1,1788
1.0,167.479751,189.14,0.76,-19.54,21.83,-18.1,-19.0,1,1669
1.0,167.489751,190.11,0.8,-21.53,21.78,-18.6,-20.0,1,1534
1.0,167.499751,190.46,0.83,-22.99,21.74,-19.02,-20.0,1,1406
1.0,167.509751,190.55,0.84,-22.92,21.73,-19.37,-19.75,1,1279
1.0,167.519751,190.46,0.79,-22.12,21.78,-19.65,-20.25,1,1142
1.0,167.529751,191.25,0.74,-21.92,21.81,-19.84,-20.75,1,1050
1.0,167.539751,191.25,0.82,-22.49,21.76,-19.96,-20.75,1,1912
1.0,167.549751,190.81,0.87,-23.06,21.72,-20.0,-20.0,1,1785
1.0,167.559751,190.37,0.79,-22.07,21.79,-19.96,-19.5,1,1674
1.0,167.569751,189.67,0.77,-21.56,21.8,-19.84,-19.25,1,1529
1.0,167.579751,190.28,0.8,-21.15,21.8,-19.65,-20.0,1,1402
1.0,167.589751,190.99,0.76,-20.97,21.82,-19.37,-20.5,1,1283
1.0,167.599751,190.72,0.82,-22.14,21.76,-19.02,-20.0,1,1147
1.0,167.609751,190.37,0.86,-22.6,21.73,-18.6,-19.25,1,1054
1.0,167.619751,189.76,0.8,-21.8,21.79,-18.1,-18.75,1,1916
1.0,167.629751,189.4,0.76,-20.95,21.81,-17.53,-18.25,1,1788
1.0,167.639751,188.35,0.8,-19.95,21.83,-16.89,-17.5,1,1670
1.0,167.649751,187.29,0.8,-19.5,21.83,-16.18,-16.5,1,1534
1.0,167.659751,186.59,0.8,-18.33,21.86,-15.41,-16.0,1,1406
1.0,167.669751,186.06,0.77,-17.01,21.9,-14.58,-15.75,1,1279
1.0,167.679750,185.71,0.77,-16.51,21.9,-13.69,-14.75,1,1152
1.0,167.689750,184.48,0.86,-16.49,21.87,-12.75,-13.5,1,1050
1.0,167.699750,183.25,0.79,-15.55,21.92,-11.76,-12.25,1,1912
1.0,167.709750,182.11,0.74,-13.72,21.96,-10.72,-11.5,1,1793
1.0,167.719750,180.97,0.82,-12.78,21.96,-9.64,-10.25,1,1674
1.0,167.729750,179.65,0.78,-12.01,21.97,-8.52,-9.0,1,1539
1.0,167.739750,178.51,0.81,-10.51,22.0,-7.36,-7.75,1,1411
1.0,167.749750,177.8,0.79,-9.02,22.04,-6.18,-6.75,1,1283
1.0,167.759750,176.66,0.78,-8.28,22.05,-4.97,-5.75,1,1147
1.0,167.769750,174.73,0.83,-7.32,22.05,-3.75,-4.0,1,1055
1.0,167.779750,172.71,0.81,-5.67,22.08,-2.51,-2.0,1,1917
1.0,167.789750,170.77,0.82,-3.22,22.14,-1.26,-0.75,1,1789
1.0,167.799751,170.07,0.78,-1.36,22.18,0.0,-0.0,1,1670
1.0,167.809750,168.93,0.81,-0.49,22.19,1.26,0.75,1,1534
1.0,167.819750,168.75,0.84,-0.13,22.19,2.51,1.5,1,1407
1.0,167.829750,167.43,0.83,-0.04,22.2,3.75,3.0,1,1279
1.0,167.839750,165.67,0.84,0.46,22.2,4.97,4.75,1,1152
1.0,167.849750,164.36,0.84,2.63,22.24,6.18,6.0,1,1050
1.0,167.859750,163.48,0.82,4.73,22.29,7.36,7.25,1,1921
1.0,167.869750,162.16,0.86,5.83,22.3,8.52,8.25,1,1793
1.0,167.879750,160.93,0.86,6.68,22.32,9.64,9.25,1,1675
1.0,167.889750,160.14,0.86,7.36,22.33,10.72,10.25,1,1539
1.0,167.899750,158.64,0.88,8.15,22.35,11.76,11.5,1,1411
1.0,167.909750,157.5,0.9,9.61,22.37,12.75,12.75,1,1283
1.0,167.919750,156.36,0.89,11.12,22.41,13.69,13.75,1,1148
1.0,167.929751,156.01,0.89,12.01,22.42,14.58,14.5,1,1055
1.0,167.939751,154.86,0.92,12.69,22.44,15.41,15.25,1,1917
1.0,167.949751,154.34,0.9,13.22,22.45,16.18,15.75,1,1789
1.0,167.959751,153.37,0.93,13.69,22.47,16.89,16.5,1,1679
1.0,167.969751,152.4,0.92,14.29,22.47,17.53,17.75,1,1535
1.0,167.979751,151.52,0.96,15.44,22.5,18.1,18.5,1,1416
1.0,167.989751,151.17,0.94,16.79,22.53,18.6,19.0,1,1288
1.0,167.999751,150.82,0.94,17.3,22.53,19.02,19.0,1,1152
1.0,168.009751,150.91,0.96,17.03,22.53,19.37,19.0,1,1059
1.0,168.019751,150.73,0.94,16.49,22.51,19.65,19.25,1,1921
1.0,168.029751,150.12,0.97,16.53,22.52,19.84,20.0,1,1794
1.0,168.039751,149.59,0.95,17.27,22.53,19.96,20.5,1,1675
1.0,168.049751,149.06,0.97,18.31,22.56,20.0,20.75,1,1539
1.0,168.059751,149.06,0.95,18.62,22.56,19.96,20.0,1,1411
1.0,168.069751,150.03,0.97,18.43,22.56,19.84,19.25,1,1284
1.0,168.079751,150.38,0.95,17.39,22.52,19.65,18.75,1,1148
1.0,168.089751,150.64,0.98,16.15,22.49,19.37,19.25,1,1055
1.0,168.099751,149.94,0.95,16.29,22.49,19.02,20.0,1,1917
1.0,168.109751,149.33,0.96,17.13,22.52,18.6,20.25,1,1798
1.0,168.119751,149.33,0.94,17.99,22.54,18.1,19.75,1,1680
1.0,168.129751,150.73,0.94,18.32,22.56,17.53,18.75,1,1543
1.0,168.139751,152.05,0.96,17.15,22.52,16.89,17.25,1,1416
1.0,168.149751,153.02,0.93,14.73,22.46,16.18,16.25,1,1288
1.0,168.159751,153.46,0.92,13.19,22.43,15.41,16.0,1,1153
1.0,168.169751,153.46,0.93,13.16,22.44,14.58,15.5,1,2049
1.0,168.179750,154.78,0.89,13.44,22.44,13.69,14.25,1,1922
1.0,168.189750,156.09,0.88,12.28,22.41,12.75,13.25,1,1794
1.0,168.199750,156.36,0.9,10.49,22.37,11.76,12.75,1,1675
1.0,168.209750,156.97,0.91,9.87,22.36,10.72,12.0,1,1539
1.0,168.219750,158.29,0.86,9.88,22.37,9.64,10.75,1,1412
1.0,168.229750,160.14,0.83,8.63,22.34,8.52,9.25,1,1284
1.0,168.239750,161.02,0.88,6.63,22.31,7.36,8.25,1,1157
1.0,168.249750,161.81,0.85,5.21,22.27,6.18,7.5,1,2045
1.0,168.259750,162.95,0.86,4.87,22.27,4.97,6.25,1,1917
1.0,168.269750,164.97,0.8,4.06,22.26,3.75,4.25,1,1799
1.0,168.279750,166.73,0.81,1.89,22.22,2.51,2.75,1,1680
1.0,168.289750,167.87,0.85,-0.34,22.18,1.26,1.75,1,1544
1.0,168.299751,168.93,0.83,-1.55,22.16,0.0,0.75,1,1416
1.0,168.309750,170.6,0.81,-1.94,22.16,-1.26,-1.25,1,1280
1.0,168.319750,172.44,0.76,-3.51,22.14,-2.51,-3.0,1,1153
1.0,168.329750,174.29,0.82,-5.84,22.08,-3.75,-4.25,1,2049
1.0,168.339750,174.38,0.81,-7.55,22.04,-4.97,-4.75,1,1922
1.0,168.349750,175.17,0.82,-7.86,22.04,-6.18,-5.25,1,1794
1.0,168.359750,175.69,0.79,-7.57,22.06,-7.36,-6.0,1,1684
1.0,168.369750,176.84,0.78,-7.96,22.05,-8.52,-7.25,1,1540
1.0,168.379750,178.95,0.78,-9.3,22.03,-9.64,-8.75,1,1421
1.0,168.389750,179.91,0.78,-11.44,21.98,-10.72,-9.75,1,1284
1.0,168.399750,180.26,0.83,-12.87,21.94,-11.76,-10.75,1,1157
1.0,168.409750,181.93,0.78,-13.27,21.96,-12.75,-12.0,1,2045
1.0,168.419750,183.43,0.76,-14.07,21.96,-13.69,-13.5,1,1926
1.0,168.429751,184.66,0.78,-16.05,21.9,-14.58,-14.75,1,1799
1.0,168.439751,186.15,0.83,-17.82,21.85,-15.41,-16.0,1,1680
1.0,168.449751,187.03,0.78,-18.87,21.86,-16.18,-16.75,1,1544
1.0,168.459751,187.12,0.81,-19.59,21.83,-16.89,-16.75,1,1417
1.0,168.469751,186.68,0.82,-19.68,21.84,-17.53,-16.75,1,1280
1.0,168.479751,186.94,0.78,-18.97,21.87,-18.1,-17.0,1,1161
1.0,168.489751,188.09,0.77,-18.43,21.89,-18.6,-17.75,1,2049
1.0,168.499751,189.76,0.79,-19.18,21.87,-19.02,-19.0,1,1922
1.0,168.509751,190.55,0.79,-21.42,21.81,-19.37,-20.25,1,1803
1.0,168.519751,191.25,0.84,-22.86,21.76,-19.65,-20.75,1,1685
1.0,168.529751,191.43,0.81,-23.47,21.76,-19.84,-20.25,1,1548
1.0,168.539751,190.63,0.84,-23.11,21.76,-19.96,-19.75,1,1421
1.0,168.549751,190.2,0.79,-22.16,21.81,-20.0,-19.75,1,1285
1.0,168.559751,190.37,0.74,-21.24,21.85,-19.96,-19.75,1,1157
1.0,168.569751,189.93,0.84,-21.1,21.82,-19.84,-19.75,1,2045
1.0,168.579751,190.37,0.82,-21.64,21.81,-19.65,-19.75,1,1926
1.0,168.589751,190.02,0.76,-21.62,21.82,-19.37,-19.75,1,1799
1.0,168.599751,189.93,0.83,-21.6,21.8,-19.02,-19.75,1,1689
1.0,168.609751,189.76,0.79,-21.55,21.82,-18.6,-18.75,1,1544
1.0,168.619751,188.26,0.84,-21.11,21.81,-18.1,-17.25,1,1417
1.0,168.629751,187.21,0.8,-19.58,21.86,-17.53,-16.75,1,1289
1.0,168.639751,186.68,0.75,-17.48,21.92,-16.89,-16.5,1,1162
1.0,168.649751,186.59,0.79,-17.05,21.91,-16.18,-16.25,1,2050
1.0,168.659751,185.45,0.81,-17.51,21.88,-15.41,-15.25,1,1931
1.0,168.669751,185.36,0.82,-17.27,21.9,-14.58,-14.75,1,1804
1.0,168.679750,185.19,0.77,-16.41,21.94,-13.69,-14.25,1,1685
1.0,168.689750,184.57,0.79,-16.05,21.93,-12.75,-13.25,1,1548
1.0,168.699750,183.16,0.81,-15.55,21.93,-11.76,-12.25,1,1421
1.0,168.709750,181.76,0.79,-14.17,21.96,-10.72,-11.5,1,1285
1.0,168.719750,181.41,0.79,-12.71,22.0,-9.64,-10.25,1,1158
1.0,168.729750,179.65,0.79,-12.0,22.0,-8.52,-9.25,1,2054
1.0,168.739750,178.51,0.83,-10.8,22.02,-7.36,-7.75,1,1927
1.0,168.749750,176.57,0.78,-9.0,22.06,-6.18,-6.25,1,1799
1.0,168.759750,175.87,0.81,-7.44,22.09,-4.97,-5.5,1,1689
1.0,168.769750,174.64,0.79,-6.08,22.12,-3.75,-4.75,1,1544
1.0,168.779750,173.85,0.8,-5.58,22.12,-2.51,-3.25,1,1426
1.0,168.789750,171.91,0.89,-4.89,22.13,-1.26,-1.25,1,1289
1.0,168.799751,170.24,0.77,-3.27,22.17,0.0,0.25,1,1162
1.0,168.809750,168.93,0.82,-0.95,22.21,1.26,1.25,1,2050
1.0,168.819750,167.61,0.84,0.17,22.23,2.51,2.5,1,1931
1.0,168.829750,167.08,0.82,1.15,22.24,3.75,3.5,1,1804
1.0,168.839750,166.11,0.84,1.89,22.26,4.97,4.25,1,1685
1.0,168.849750,165.32,0.83,2.49,22.27,6.18,5.25,1,1549
1.0,168.859750,163.83,0.85,3.29,22.28,7.36,6.75,1,1421
1.0,168.869750,161.72,0.88,4.76,22.31,8.52,8.75,1,1294
1.0,168.879750,160.75,0.87,7.02,22.36,9.64,10.25,1,1166
1.0,168.889750,158.38,0.86,8.95,22.39,10.72,11.25,1,2054
1.0,168.899750,158.29,0.89,10.11,22.41,11.76,11.75,1,1927
1.0,168.909750,157.94,0.88,10.44,22.43,12.75,12.0,1,1808
1.0,168.919750,157.76,0.9,10.06,22.42,13.69,12.5,1,1689
1.0,168.929751,156.45,0.91,9.95,22.41,14.58,13.75,1,1553
1.0,168.939751,154.95,0.91,11.24,22.43,15.41,15.25,1,1426
1.0,168.949751,153.72,0.94,13.52,22.49,16.18,16.75,1,1290
1.0,168.959751,151.96,0.9,15.2,22.52,16.89,17.25,1,1162
1.0,168.969751,152.23,0.94,16.12,22.55,17.53,17.5,1,2059
1.0,168.979751,151.79,0.94,16.46,22.55,18.1,17.75,1,1931
1.0,168.989751,152.05,0.96,16.19,22.54,18.6,18.25,1,1804
1.0,168.999751,151.52,0.97,15.7,22.54,19.02,18.75,1,1694
1.0,169.009751,150.47,0.94,16.07,22.54,19.37,19.5,1,1558
1.0,169.019751,149.59,0.97,17.23,22.57,19.65,20.0,1,1422
1.0,169.029751,149.24,0.95,17.93,22.57,19.84,20.25,1,1294
1.0,169.039751,149.5,0.98,18.09,22.58,19.96,19.75,1,1167
1.0,169.049751,149.5,0.94,17.93,22.57,20.0,19.75,1,2054
1.0,169.059751,149.94,0.99,17.67,22.58,19.96,19.5,1,1936
1.0,169.069751,149.94,0.97,17.47,22.56,19.84,19.75,1,1808
1.0,169.079751,149.94,0.95,17.34,22.55,19.65,20.25,1,1690
1.0,169.089751,149.5,1.0,17.48,22.57,19.37,20.5,1,1553
1.0,169.099751,149.41,0.93,17.91,22.57,19.02,20.0,1,1426
1.0,169.109751,149.85,0.94,18.41,22.58,18.6,19.25,1,1290
1.0,169.119751,150.73,0.99,17.39,22.56,18.1,18.5,1,1162
1.0,169.129751,151.17,0.94,16.04,22.51,17.53,18.0,1,2059
1.0,169.139751,152.05,0.94,15.43,22.51,16.89,17.5,1,1931
1.0,169.149751,152.4,0.92,15.1,22.5,16.18,16.75,1,1804
1.0,169.159751,153.54,0.93,14.59,22.49,15.41,15.75,1,1694
1.0,169.169751,153.72,0.9,13.61,22.47,14.58,15.0,1,1558
1.0,169.179750,154.86,0.92,12.52,22.45,13.69,14.5,1,1430
1.0,169.189750,155.57,0.9,11.96,22.44,12.75,13.75,1,1295
1.0,169.199750,157.15,0.88,11.33,22.42,11.76,12.25,1,1167
1.0,169.209750,158.55,0.88,9.94,22.4,10.72,10.75,1,2055
1.0,169.219750,158.82,0.86,8.0,22.36,9.64,10.25,1,1936
1.0,169.229750,159.52,0.91,7.16,22.34,8.52,9.25,1,1809
1.0,169.239750,161.54,0.84,7.01,22.34,7.36,7.75,1,1690
1.0,169.249750,163.04,0.81,5.73,22.32,6.18,6.5,1,1554
1.0,169.259750,163.74,0.87,3.77,22.28,4.97,6.0,1,1426
1.0,169.269750,164.0,0.85,2.88,22.26,3.75,5.0,1,1299
1.0,169.279750,165.76,0.83,2.81,22.27,2.51,3.5,1,1171
1.0,169.289750,167.78,0.79,1.43,22.25,1.26,1.75,1,2059
1.0,169.299751,168.75,0.83,-0.77,22.2,-0.0,0.75,1,1932
1.0,169.309750,169.37,0.83,-2.4,22.17,-1.26,-0.0,1,1813
1.0,169.319750,171.3,0.83,-2.87,22.17,-2.51,-1.5,1,1694
1.0,169.329750,172.97,0.77,-3.72,22.16,-3.75,-3.25,1,1558
1.0,169.339750,174.2,0.79,-5.86,22.11,-4.97,-4.25,1,1431
1.0,169.349750,174.55,0.85,-7.45,22.07,-6.18,-5.0,1,1295
1.0,169.359750,176.04,0.79,-7.8,22.08,-7.36,-6.5,1,1167
1.0,169.369750,177.98,0.77,-8.44,22.08,-8.52,-8.0,1,2064
1.0,169.379750,179.12,0.78,-10.53,22.03,-9.64,-9.0,1,1936
1.0,169.389750,179.65,0.84,-12.13,21.99,-10.72,-9.75,1,1809
1.0,169.399750,180.88,0.79,-12.41,22.0,-11.76,-11.0,1,1690
1.0,169.409750,182.55,0.75,-13.12,22.0,-12.75,-12.75,1,1554
1.0,169.419750,184.04,0.79,-15.19,21.94,-13.69,-14.0,1,1426
1.0,169.429751,184.92,0.83,-16.94,21.9,-14.58,-14.75,1,1299
1.0,169.439751,185.01,0.79,-17.82,21.9,-15.41,-15.0,1,1172
1.0,169.449751,185.45,0.82,-17.62,21.89,-16.18,-15.25,1,2060
1.0,169.459751,186.77,0.77,-17.29,21.93,-16.89,-16.5,1,1941
1.0,169.469751,188.0,0.75,-18.32,21.91,-17.53,-17.5,1,1813
1.0,169.479751,187.82,0.83,-19.92,21.85,-18.1,-17.75,1,1694
1.0,169.489751,188.7,0.83,-20.56,21.84,-18.6,-18.5,1,1559
1.0,169.499751,189.58,0.79,-20.49,21.87,-19.02,-19.5,1,1431
1.0,169.509751,190.11,0.76,-21.44,21.85,-19.37,-20.0,1,1295
1.0,169.519751,190.37,0.86,-22.51,21.79,-19.65,-19.5,1,1176
1.0,169.529751,189.4,0.83,-22.15,21.82,-19.84,-18.75,1,2064
1.0,169.539751,189.23,0.8,-21.11,21.86,-19.96,-18.5,1,1936
1.0,169.549751,189.23,0.77,-20.43,21.88,-20.0,-19.0,1,1810
1.0,169.559751,189.93,0.76,-20.04,21.89,-19.96,-19.5,1,1699
1.0,169.569751,189.76,0.83,-21.0,21.85,-19.84,-19.25,1,1563
1.0,169.579751,189.58,0.85,-21.76,21.8,-19.65,-19.0,1,1435
1.0,169.589751,189.93,0.79,-21.16,21.86,-19.37,-19.0,1,1300
1.0,169.599751,189.93,0.75,-20.99,21.88,-19.02,-19.0,1,1172
1.0,169.609751,188.7,0.85,-20.83,21.84,-18.6,-18.5,1,2060
1.0,169.619751,188.26,0.83,-20.32,21.87,-18.1,-18.0,1,1941
1.0,169.629751,187.65,0.76,-19.43,21.91,-17.53,-17.75,1,1813
1.0,169.639751,187.56,0.81,-18.84,21.9,-16.89,-17.5,1,1695
1.0,169.649751,188.0,0.8,-18.98,21.9,-16.18,-17.0,1,1559
1.0,169.659751,187.29,0.8,-19.02,21.9,-15.41,-16.0,1,1431
1.0,169.669751,185.19,0.84,-18.29,21.89,-14.58,-14.5,1,1304
1.0,169.679750,184.22,0.79,-16.39,21.95,-13.69,-13.25,1,1177
1.0,169.689750,182.72,0.77,-14.4,22.01,-12.75,-12.75,1,2064
1.0,169.699750,182.29,0.79,-13.43,22.01,-11.76,-12.25,1,1937
1.0,169.709750,182.72,0.77,-12.86,22.02,-10.72,-12.0,1,1818
1.0,169.719750,181.41,0.81,-13.19,21.99,-9.64,-10.75,1,1699
1.0,169.729750,180.26,0.84,-13.13,22.0,-8.52,-9.25,1,1563
1.0,169.739750,178.68,0.78,-11.6,22.05,-7.36,-8.5,1,1436
1.0,169.749750,177.8,0.78,-9.39,22.09,-6.18,-7.75,1,1300
1.0,169.759750,177.1,0.79,-8.49,22.1,-4.97,-6.5,1,1172
1.0,169.769750,174.9,0.85,-7.72,22.1,-3.75,-4.75,1,2069
1.0,169.779750,173.41,0.83,-6.53,22.13,-2.51,-3.0,1,1941
1.0,169.789750,172.09,0.77,-4.43,22.17,-1.26,-2.25,1,1814
1.0,169.799751,171.83,0.8,-2.59,22.21,-0.0,-1.75,1,1695
1.0,169.809750,170.86,0.82,-2.78,22.2,1.26,-0.75,1,1568
1.0,169.819750,169.1,0.88,-2.33,22.2,2.51,1.0,1,1431
1.0,169.829750,167.52,0.83,-1.04,22.23,3.75,3.0,1,1304
1.0,169.839750,165.85,0.82,1.2,22.26,4.97,4.25,1,1177
1.0,169.849750,165.15,0.84,3.42,22.32,6.18,5.0,1,2065
1.0,169.859750,164.09,0.82,4.01,22.33,7.36,5.75,1,1946
1.0,169.869750,163.12,0.88,4.49,22.33,8.52,7.25,1,1818
1.0,169.879750,161.02,0.89,5.41,22.35,9.64,9.0,1,1699
1.0,169.889750,159.35,0.85,6.94,22.38,10.72,10.25,1,1564
1.0,169.899750,158.91,0.86,9.21,22.42,11.76,10.75,1,1436
1.0,169.909750,158.47,0.88,9.99,22.44,12.75,11.5,1,1300
1.0,169.919750,157.24,0.91,10.21,22.44,13.69,12.75,1,1172
1.0,169.929751,156.01,0.93,10.64,22.45,14.58,14.5,1,2069
1.0,169.939751,153.81,0.89,12.26,22.47,15.41,15.75,1,1942
1.0,169.949751,153.37,0.92,14.58,22.54,16.18,16.75,1,1823
1.0,169.959751,152.75,0.93,15.51,22.55,16.89,16.75,1,1704
1.0,169.969751,152.84,0.92,15.64,22.56,17.53,16.25,1,1568
1.0,169.979751,153.19,0.94,15.05,22.54,18.1,16.25,1,1441
1.0,169.989751,153.46,0.96,14.36,22.52,18.6,17.25,1,1304
1.0,169.999751,151.7,0.94,14.2,22.51,19.02,17.75,1,1177
1.0,170.009751,151.79,0.93,15.26,22.54,19.37,18.0,1,2065
1.0,170.019751,151.88,0.91,16.43,22.56,19.65,18.5,1,1946
1.0,170.029751,150.29,0.99,15.91,22.56,19.84,19.25,1,1827
1.0,170.039751,150.47,0.98,16.48,22.57,19.96,19.5,1,1700
1.0,170.049751,150.38,0.92,17.56,22.58,20.0,19.25,1,1564
1.0,170.059751,150.64,0.96,17.44,22.59,19.96,19.5,1,1436
1.0,170.069751,149.68,0.98,17.01,22.59,19.84,20.25,1,1309
1.0,170.079751,149.77,0.98,17.31,22.6,19.65,20.25,1,1182
1.0,170.089751,149.68,0.94,17.93,22.6,19.37,19.75,1,2069
1.0,170.099751,151.0,0.94,17.93,22.6,19.02,18.75,1,1951
1.0,170.109751,151.26,0.97,17.02,22.58,18.6,18.0,1,1832
1.0,170.119751,151.26,0.96,15.6,22.53,18.1,17.75,1,1704
1.0,170.129751,151.79,0.94,14.95,22.52,17.53,17.75,1,1568
1.0,170.139751,151.79,0.95,15.23,22.53,16.89,18.0,1,1441
1.0,170.149751,151.35,0.93,15.66,22.55,16.18,17.75,1,1305
1.0,170.159751,152.49,0.92,15.78,22.54,15.41,16.75,1,1186
1.0,170.169751,153.72,0.94,15.31,22.54,14.58,15.75,1,2074
1.0,170.179750,154.6,0.9,13.5,22.49,13.69,14.75,1,1946
1.0,170.189750,155.21,0.93,11.83,22.46,12.75,13.75,1,1828
1.0,170.199750,156.01,0.89,11.06,22.45,11.76,13.0,1,1709
1.0,170.209750,156.71,0.89,10.53,22.44,10.72,12.25,1,1573
1.0,170.219750,158.73,0.89,9.86,22.42,9.64,10.75,1,1436
1.0,170.229750,160.31,0.85,8.39,22.4,8.52,9.0,1,1309
1.0,170.239750,161.63,0.86,6.27,22.35,7.36,8.0,1,1190
1.0,170.249750,162.07,0.87,4.72,22.32,6.18,7.0,1,2070
1.0,170.259750,163.65,0.86,4.31,22.32,4.97,5.75,1,1942
1.0,170.269750,165.15,0.8,3.52,22.31,3.75,4.0,1,1832
1.0,170.279750,166.99,0.82,1.5,22.26,2.51,2.75,1,1705
1.0,170.289750,167.96,0.86,-0.24,22.24,1.26,1.5,1,1569
1.0,170.299751,168.93,0.81,-1.43,22.22,0.0,0.5,1,1441
1.0,170.309750,170.16,0.82,-2.26,22.2,-1.26,-0.75,1,1313
1.0,170.319750,172.18,0.81,-3.15,22.19,-2.51,-2.25,1,1186
1.0,170.329750,173.06,0.79,-4.64,22.16,-3.75,-3.25,1,2074
1.0,170.339750,174.29,0.83,-6.19,22.12,-4.97,-4.75,1,1947
1.0,170.349750,175.87,0.79,-7.34,22.11,-6.18,-6.25,1,1836
1.0,170.359750,177.01,0.77,-8.9,22.09,-7.36,-7.75,1,1709
1.0,170.369750,178.59,0.83,-10.52,22.04,-8.52,-8.5,1,1573
1.0,170.379750,178.33,0.8,-11.46,22.03,-9.64,-8.75,1,1446
1.0,170.389750,179.12,0.81,-11.29,22.04,-10.72,-9.0,1,1309
1.0,170.399750,180.09,0.78,-10.77,22.07,-11.76,-10.25,1,1190
1.0,170.409750,181.14,0.75,-11.81,22.05,-12.75,-11.5,1,2078
1.0,170.419750,182.46,0.81,-13.69,22.0,-13.69,-12.75,1,1951
1.0,170.429751,183.87,0.8,-15.36,21.97,-14.58,-13.75,1,1832
1.0,170.439751,184.57,0.8,-16.3,21.95,-15.41,-14.25,1,1705
1.0,170.449751,185.62,0.8,-16.97,21.94,-16.18,-15.25,1,1569
1.0,170.459751,186.77,0.79,-17.77,21.93,-16.89,-16.75,1,1441
1.0,170.469751,187.82,0.78,-19.06,21.91,-17.53,-17.75,1,1314
1.0,170.479751,188.88,0.82,-20.39,21.87,-18.1,-18.5,1,1195
1.0,170.489751,189.32,0.81,-21.11,21.87,-18.6,-19.0,1,2074
1.0,170.499751,189.05,0.81,-21.57,21.86,-19.02,-18.75,1,1947
1.0,170.509751,189.32,0.84,-21.39,21.86,-19.37,-18.75,1,1837
1.0,170.519751,189.14,0.78,-20.74,21.9,-19.65,-19.0,1,1709
1.0,170.529751,190.2,0.79,-20.6,21.9,-19.84,-19.75,1,1573
1.0,170.539751,190.55,0.81,-21.28,21.87,-19.96,-20.25,1,1446
1.0,170.549751,191.07,0.8,-22.31,21.84,-20.0,-20.25,1,1310
1.0,170.559751,190.55,0.84,-22.45,21.83,-19.96,-19.75,1,1191
1.0,170.569751,190.37,0.8,-22.12,21.86,-19.84,-19.5,1,2079
1.0,170.579751,190.02,0.81,-21.8,21.87,-19.65,-19.5,1,1951
1.0,170.589751,190.55,0.77,-21.22,21.89,-19.37,-19.75,1,1833
1.0,170.599751,190.28,0.8,-21.01,21.88,-19.02,-19.75,1,1705
1.0,170.609751,190.46,0.82,-21.83,21.84,-18.6,-19.25,1,1577
1.0,170.619751,189.05,0.85,-21.65,21.86,-18.1,-18.0,1,1442
1.0,170.629751,188.61,0.79,-20.52,21.91,-17.53,-17.25,1,1314
1.0,170.639751,186.94,0.78,-18.81,21.95,-16.89,-16.5,1,1213
1.0,170.649751,186.33,0.8,-17.84,21.95,-16.18,-15.75,1,2074
1.0,170.659751,185.62,0.79,-16.8,21.97,-15.41,-15.25,1,1947
1.0,170.669751,185.54,0.8,-16.03,21.99,-14.58,-15.0,1,1837
1.0,170.679750,185.19,0.8,-16.22,21.98,-13.69,-14.25,1,1710
1.0,170.689750,184.22,0.8,-16.15,21.98,-12.75,-13.25,1,1573
1.0,170.699750,182.37,0.83,-15.54,21.98,-11.76,-11.75,1,1446
1.0,170.709750,180.97,0.79,-13.55,22.03,-10.72,-10.25,1,1310
1.0,170.719750,179.91,0.77,-11.4,22.09,-9.64,-9.75,1,1217
1.0,170.729750,179.3,0.8,-10.3,22.09,-8.52,-9.25,1,2079
1.0,170.739750,179.3,0.78,-9.72,22.1,-7.36,-9.0,1,1952
1.0,170.749750,178.33,0.82,-10.29,22.08,-6.18,-7.75,1,1841
1.0,170.759750,176.84,0.84,-10.26,22.08,-4.97,-6.0,1,1705
1.0,170.769750,174.64,0.79,-8.44,22.12,-3.75,-4.25,1,1578
1.0,170.779750,173.58,0.81,-5.41,22.19,-2.51,-3.75,1,1450
1.0,170.789750,173.32,0.77,-3.92,22.22,-1.26,-3.25,1,1314
1.0,170.799751,172.35,0.82,-3.96,22.2,0.0,-2.25,1,1213
1.0,170.809750,171.12,0.88,-4.26,22.19,1.26,-0.75,1,2075
1.0,170.819750,169.54,0.81,-3.07,22.23,2.51,1.25,1,1956
1.0,170.829750,167.78,0.81,-0.52,22.27,3.75,2.25,1,1837
1.0,170.839750,166.9,0.83,1.58,22.32,4.97,3.25,1,1701
1.0,170.849750,165.59,0.81,2.35,22.32,6.18,5.0,1,1574
1.0,170.859750,163.48,0.91,3.08,22.33,7.36,6.5,1,1446
1.0,170.869750,163.12,0.85,4.9,22.37,8.52,7.25,1,1319
1.0,170.879750,162.07,0.79,6.17,22.4,9.64,8.25,1,1217
1.0,170.889750,160.84,0.92,6.16,22.4,10.72,9.75,1,2079
1.0,170.899750,158.55,0.9,7.63,22.42,11.76,11.25,1,1952
1.0,170.909750,157.94,0.86,9.99,22.47,12.75,11.75,1,1841
1.0,170.919750,157.76,0.88,11.07,22.5,13.69,12.25,1,1706
1.0,170.929751,157.32,0.89,10.42,22.48,14.58,13.25,1,1578
1.0,170.939751,155.3,0.96,10.53,22.49,15.41,14.5,1,1451
1.0,170.949751,154.69,0.91,12.24,22.51,16.18,15.25,1,1314
1.0,170.959751,154.42,0.88,13.83,22.54,16.89,15.75,1,1213
1.0,170.969751,153.46,0.94,14.01,22.55,17.53,17.0,1,2084
1.0,170.979751,151.52,0.96,14.54,22.56,18.1,18.25,1,1956
1.0,170.989751,151.52,0.96,16.52,22.61,18.6,18.75,1,1837
1.0,170.999751,150.73,0.9,17.24,22.61,19.02,19.25,1,1710
1.0,171.009751,150.47,0.99,16.87,22.62,19.37,19.25,1,1583
1.0,171.019751,150.64,0.97,17.08,22.63,19.65,19.75,1,1455
1.0,171.029751,150.47,0.93,17.24,22.62,19.84,19.75,1,1319
1.0,171.039751,150.12,0.99,17.29,22.63,19.96,19.75,1,1217
1.0,171.049751,150.38,0.94,17.21,22.62,20.0,19.75,1,2080
1.0,171.059751,150.21,0.97,17.15,22.63,19.96,19.75,1,1961
1.0,171.069751,150.38,0.95,17.1,22.62,19.84,19.75,1,1842
1.0,171.079751,150.21,0.96,17.09,22.62,19.65,19.75,1,1706
1.0,171.089751,150.21,0.96,17.1,22.62,19.37,19.75,1,1578
1.0,171.099751,150.29,0.96,17.09,22.62,19.02,19.5,1,1460
1.0,171.109751,150.73,0.95,17.08,22.62,18.6,18.5,1,1315
1.0,171.119751,151.96,0.93,16.84,22.62,18.1,17.25,1,1213
1.0,171.129751,152.58,0.95,15.47,22.59,17.53,16.5,1,2084
1.0,171.139751,153.02,0.94,13.61,22.52,16.89,16.75,1,1956
1.0,171.149751,153.02,0.93,13.76,22.53,16.18,17.25,1,1847
1.0,171.159751,152.49,0.94,14.5,22.56,15.41,17.25,1,1711
1.0,171.169751,152.75,0.9,14.64,22.56,14.58,16.5,1,1583
1.0,171.179750,154.07,0.91,14.85,22.57,13.69,15.25,1,1455
1.0,171.189750,155.74,0.93,13.89,22.55,12.75,13.75,1,1320
1.0,171.199750,156.45,0.89,11.13,22.48,11.76,12.75,1,1218
1.0,171.209750,157.06,0.9,9.6,22.45,10.72,12.0,1,2089
1.0,171.219750,158.64,0.9,9.27,22.45,9.64,10.75,1,1961
1.0,171.229750,160.14,0.84,8.54,22.43,8.52,9.25,1,1842
1.0,171.239750,160.93,0.86,6.6,22.39,7.36,8.25,1,1707
1.0,171.249750,161.72,0.9,5.17,22.36,6.18,7.5,1,1588
1.0,171.259750,163.3,0.84,4.78,22.36,4.97,6.25,1,1460
1.0,171.269750,165.06,0.82,4.0,22.35,3.75,4.25,1,1324
1.0,171.279750,167.08,0.81,1.83,22.31,2.51,2.75,1,1223
1.0,171.289750,168.13,0.85,-0.43,22.26,1.26,1.75,1,2085
1.0,171.299751,169.19,0.84,-1.7,22.24,-0.0,0.5,1,1957
1.0,171.309750,170.51,0.81,-2.1,22.25,-1.26,-1.0,1,1838
1.0,171.319750,171.74,0.78,-3.42,22.22,-2.51,-2.25,1,1711
1.0,171.329750,172.71,0.84,-4.92,22.18,-3.75,-3.25,1,1584
1.0,171.339750,174.02,0.81,-5.83,22.17,-4.97,-4.25,1,1456
1.0,171.349750,175.52,0.78,-6.72,22.16,-6.18,-6.0,1,1320
1.0,171.359750,177.45,0.79,-8.34,22.14,-7.36,-7.75,1,1227
1.0,171.369750,179.3,0.78,-10.72,22.08,-8.52,-9.25,1,2089
1.0,171.379750,179.65,0.84,-12.49,22.03,-9.64,-9.5,1,1962
1.0,171.389750,179.65,0.81,-12.72,22.04,-10.72,-9.5,1,1843
1.0,171.399750,179.3,0.8,-11.85,22.07,-11.76,-9.75,1,1715
1.0,171.409750,180.62,0.77,-11.27,22.09,-12.75,-10.75,1,1588
1.0,171.419750,181.76,0.77,-11.94,22.08,-13.69,-12.25,1,1461
1.0,171.429751,183.96,0.8,-14.29,22.02,-14.58,-13.75,1,1324
1.0,171.439751,184.39,0.8,-16.44,21.97,-15.41,-14.0,1,1223
1.0,171.449751,184.31,0.85,-17.34,21.94,-16.18,-14.25,1,2085
1.0,171.459751,185.19,0.8,-16.74,21.99,-16.89,-15.25,1,1966
1.0,171.469751,186.59,0.73,-16.9,22.0,-17.53,-16.5,1,1848
1.0,171.479751,187.65,0.81,-18.68,21.94,-18.1,-17.25,1,1711
1.0,171.489751,187.65,0.85,-19.95,21.91,-18.6,-17.25,1,1584
1.0,171.499751,188.09,0.81,-19.74,21.92,-19.02,-17.5,1,1456
1.0,171.509751,188.88,0.79,-19.32,21.95,-19.37,-18.5,1,1320
1.0,171.519751,190.02,0.76,-20.26,21.94,-19.65,-19.5,1,1228
1.0,171.529751,189.84,0.83,-21.96,21.87,-19.84,-20.0,1,2089
1.0,171.539751,190.63,0.85,-22.76,21.85,-19.96,-20.25,1,1962
1.0,171.549751,191.43,0.8,-22.53,21.88,-20.0,-20.25,1,1853
1.0,171.559751,190.81,0.81,-22.45,21.88,-19.96,-19.75,1,1716
1.0,171.569751,190.02,0.85,-22.1,21.87,-19.84,-19.25,1,1588
1.0,171.579751,189.4,0.77,-21.52,21.92,-19.65,-19.25,1,1461
1.0,171.589751,190.2,0.79,-20.58,21.93,-19.37,-19.75,1,1325
1.0,171.599751,190.46,0.81,-20.56,21.92,-19.02,-19.75,1,1224
1.0,171.609751,189.76,0.82,-21.71,21.88,-18.6,-18.75,1,2085
1.0,171.619751,188.7,0.86,-21.41,21.88,-18.1,-17.75,1,1967
1.0,171.629751,187.91,0.78,-20.26,21.94,-17.53,-17.25,1,1848
1.0,171.639751,187.47,0.78,-18.39,21.98,-16.89,-17.25,1,1711
1.0,171.649751,187.21,0.78,-17.81,21.99,-16.18,-16.75,1,1593
1.0,171.659751,186.77,0.83,-18.07,21.96,-15.41,-15.75,1,1465
1.0,171.669751,185.19,0.84,-17.94,21.96,-14.58,-14.5,1,1329
1.0,171.679750,184.04,0.79,-16.52,22.01,-13.69,-13.25,1,1228
1.0,171.689750,182.72,0.79,-14.86,22.05,-12.75,-12.75,1,2090
1.0,171.699750,182.72,0.79,-13.77,22.06,-11.76,-12.75,1,1963
1.0,171.709750,182.11,0.79,-13.16,22.07,-10.72,-12.25,1,1852
1.0,171.719750,181.76,0.82,-13.37,22.05,-9.64,-11.0,1,1716
1.0,171.729750,180.26,0.85,-13.47,22.04,-8.52,-9.75,1,1588
1.0,171.739750,179.47,0.78,-11.81,22.1,-7.36,-8.25,1,1461
1.0,171.749750,178.24,0.79,-9.55,22.14,-6.18,-7.25,1,1325
1.0,171.759750,177.1,0.81,-8.71,22.15,-4.97,-6.25,1,1232
1.0,171.769750,174.99,0.81,-7.63,22.17,-3.75,-4.25,1,2094
1.0,171.779750,172.79,0.84,-6.03,22.19,-2.51,-2.75,1,1967
1.0,171.789750,172.18,0.81,-4.0,22.23,-1.26,-1.75,1,1848
2.0,173.819750,169.72,0.81,-2.37,22.32,2.51,1.0,1,1483
2.0,173.829750,166.73,0.86,0.11,22.36,4.97,3.75,1,1356
2.0,173.839750,164.18,0.85,3.29,22.44,7.36,6.25,1,2244
2.0,173.849750,162.33,0.84,5.94,22.48,9.64,8.25,1,2116
2.0,173.859750,159.96,0.88,7.72,22.51,11.76,10.25,1,1997
2.0,173.869750,157.32,0.89,9.47,22.54,13.69,13.0,1,1878
2.0,173.879751,154.34,0.93,11.88,22.59,15.41,15.25,1,1743
2.0,173.889751,153.11,0.94,14.93,22.66,16.89,17.0,1,1615
2.0,173.899751,151.79,0.91,16.72,22.7,18.1,18.25,1,1488
2.0,173.909751,150.47,0.98,17.08,22.71,19.02,19.5,1,1360
2.0,173.919751,149.68,0.98,17.95,22.72,19.65,20.25,1,2248
2.0,173.929751,149.41,0.95,18.69,22.73,19.96,20.0,1,2121
2.0,173.939751,149.59,0.98,18.6,22.74,19.96,19.25,1,1993
2.0,173.949751,150.38,0.95,17.68,22.71,19.65,19.25,1,1874
2.0,173.959751,150.03,1.0,17.01,22.7,19.02,19.25,1,1747
2.0,173.969751,150.38,0.96,16.91,22.68,18.1,18.75,1,1620
2.0,173.979751,150.91,0.92,16.93,22.68,16.89,18.25,1,1484
2.0,173.989751,151.96,0.96,16.25,22.67,15.41,17.0,1,1356
2.0,173.999750,153.81,0.93,14.88,22.64,13.69,15.25,1,2244
2.0,174.009750,156.53,0.87,12.68,22.59,11.76,12.75,1,2125
2.0,174.019750,158.91,0.91,9.89,22.54,9.64,10.75,1,1998
2.0,174.029750,160.22,0.86,6.98,22.48,7.36,9.25,1,1879
2.0,174.039750,162.42,0.9,5.41,22.45,4.97,7.0,1,1743
2.0,174.049750,165.32,0.82,4.24,22.45,2.51,4.25,1,1624
2.0,174.059751,167.96,0.8,1.21,22.38,-0.0,1.75,1,1488
2.0,174.069750,170.6,0.86,-1.9,22.32,-2.51,-1.0,1,1361
2.0,174.079750,173.06,0.79,-4.76,22.27,-4.97,-3.75,1,2249
2.0,174.089750,175.87,0.82,-7.44,22.22,-7.36,-6.0,1,2121
2.0,174.099750,178.15,0.8,-9.97,22.17,-9.64,-8.5,1,2002
2.0,174.109750,180.97,0.81,-11.94,22.14,-11.76,-11.0,1,1883
2.0,174.119750,182.46,0.77,-14.35,22.1,-13.69,-12.75,1,1748
2.0,174.129751,184.13,0.83,-16.55,22.05,-15.41,-14.25,1,1620
2.0,174.139751,186.15,0.83,-17.52,22.04,-16.89,-16.0,1,1492
2.0,174.149751,188.61,0.74,-18.77,22.05,-18.1,-18.25,1,1365
2.0,174.159751,189.84,0.81,-21.24,21.97,-19.02,-20.0,1,2253
2.0,174.169751,191.43,0.86,-23.4,21.91,-19.65,-21.25,1,2126
2.0,174.179751,192.22,0.81,-24.59,21.9,-19.96,-21.25,1,2007
2.0,174.189751,191.95,0.87,-24.71,21.89,-19.96,-21.25,1,1879
2.0,174.199751,191.87,0.82,-24.13,21.93,-19.65,-20.75,1,1743
2.0,174.209751,190.55,0.79,-23.32,21.95,-19.02,-19.75,1,1625
2.0,174.219751,189.58,0.85,-21.86,21.96,-18.1,-19.25,1,1488
2.0,174.229751,189.49,0.78,-20.2,22.03,-16.89,-19.25,1,1369
2.0,174.239751,189.76,0.78,-19.95,22.02,-15.41,-18.25,1,2249
2.0,174.249750,187.82,0.89,-20.59,21.97,-13.69,-16.75,1,2121
2.0,174.259750,185.71,0.82,-19.18,22.03,-11.76,-14.75,1,2012
2.0,174.269750,182.9,0.79,-16.25,22.09,-9.64,-12.0,1,1884
2.0,174.279750,180.26,0.83,-12.87,22.13,-7.36,-9.25,1,1748
2.0,174.289750,177.01,0.79,-9.67,22.21,-4.97,-7.0,1,1620
2.0,174.299750,174.2,0.8,-6.79,22.26,-2.51,-4.75,1,1493
2.0,174.309751,172.09,0.82,-4.35,22.3,-0.0,-1.75,1,1374
2.0,174.319750,169.19,0.85,-2.24,22.34,2.51,1.0,1,2253
2.0,174.329750,166.99,0.83,0.21,22.4,4.97,3.5,1,2126
2.0,174.339750,164.62,0.83,3.31,22.45,7.36,6.0,1,2007
2.0,174.349750,162.07,0.88,5.4,22.47,9.64,8.75,1,1880
2.0,174.359750,158.99,0.89,7.83,22.52,11.76,10.5,1,1752
2.0,174.369750,158.12,0.88,10.26,22.58,13.69,12.0,1,1625
2.0,174.379751,156.01,0.9,11.74,22.61,15.41,14.25,1,1488
2.0,174.389751,153.72,0.98,12.71,22.62,16.89,16.0,1,1370
2.0,174.399751,152.49,0.94,15.01,22.67,18.1,17.25,1,2249
2.0,174.409751,151.52,0.9,17.12,22.72,19.02,18.25,1,2130
2.0,174.419751,151.08,1.01,16.99,22.73,19.65,19.25,1,2012
2.0,174.429751,150.29,0.97,17.1,22.73,19.96,19.5,1,1884
2.0,174.439751,150.47,0.94,17.64,22.73,19.96,19.5,1,1748
2.0,174.449751,150.73,0.98,17.64,22.74,19.65,19.25,1,1629
2.0,174.459751,150.03,0.96,17.08,22.72,19.02,19.25,1,1493
2.0,174.469751,150.64,0.99,16.99,22.73,18.1,19.25,1,1374
2.0,174.479751,150.29,0.95,16.99,22.72,16.89,19.0,1,2254
2.0,174.489751,151.0,0.97,16.99,22.72,15.41,18.25,1,2126
2.0,174.499750,152.4,0.93,16.44,22.7,13.69,16.5,1,2008
2.0,174.509750,154.86,0.93,14.54,22.65,11.76,14.25,1,1889
2.0,174.519750,157.59,0.91,11.66,22.58,9.64,11.75,1,1752
2.0,174.529750,160.31,0.87,8.63,22.53,7.36,9.25,1,1625
2.0,174.539750,162.42,0.87,5.54,22.47,4.97,6.75,1,1498
2.0,174.549750,164.71,0.85,2.98,22.43,2.51,4.5,1,1379
2.0,174.559751,167.7,0.84,1.05,22.4,0.0,1.75,1,2258
2.0,174.569750,170.42,0.8,-1.41,22.35,-2.51,-1.0,1,2131
2.0,174.579750,172.79,0.82,-4.64,22.29,-4.97,-3.25,1,2012
2.0,174.589750,175.52,0.83,-7.38,22.23,-7.36,-5.75,1,1885
2.0,174.599750,179.12,0.79,-9.46,22.2,-9.64,-8.75,1,1748
2.0,174.609750,181.76,0.78,-12.06,22.16,-11.76,-11.25,1,1630
2.0,174.619750,183.08,0.81,-15.18,22.09,-13.69,-12.75,1,1494
2.0,174.629751,183.69,0.86,-16.95,22.04,-15.41,-13.75,1,1392
2.0,174.639751,185.8,0.81,-17.12,22.07,-16.89,-15.25,1,2254
2.0,174.649751,187.65,0.73,-17.86,22.08,-18.1,-17.5,1,2127
2.0,174.659751,189.93,0.81,-20.09,22.01,-19.02,-19.5,1,2016
2.0,174.669751,190.81,0.84,-22.91,21.94,-19.65,-20.25,1,1889
2.0,174.679751,191.51,0.85,-24.15,21.91,-19.96,-20.25,1,1753
2.0,174.689751,190.55,0.88,-23.74,21.92,-19.96,-20.0,1,1625
2.0,174.699751,190.72,0.78,-22.65,21.99,-19.65,-20.25,1,1498
2.0,174.709751,190.81,0.79,-21.39,22.02,-19.02,-20.0,1,1396
2.0,174.719751,190.2,0.84,-21.57,21.98,-18.1,-19.0,1,2258
2.0,174.729751,188.88,0.87,-21.24,21.98,-16.89,-17.75,1,2131
2.0,174.739751,187.82,0.78,-19.82,22.04,-15.41,-16.75,1,2012
2.0,174.749750,186.68,0.8,-18.56,22.06,-13.69,-15.75,1,1876
2.0,174.759750,184.75,0.81,-17.37,22.08,-11.76,-13.75,1,1757
2.0,174.769750,182.55,0.83,-15.51,22.1,-9.64,-11.5,1,1630
2.0,174.779750,179.56,0.81,-12.68,22.16,-7.36,-8.75,1,1494
2.0,174.789750,176.04,0.81,-9.46,22.23,-4.97,-6.0,1,1401
2.0,174.799750,174.11,0.83,-6.25,22.3,-2.51,-3.5,1,2263
2.0,174.809751,171.56,0.8,-3.56,22.34,0.0,-1.25,1,2135
2.0,174.819750,169.8,0.83,-1.63,22.37,2.51,0.75,1,2017
2.0,174.829750,167.17,0.85,0.15,22.4,4.97,3.5,1,1881
2.0,174.839750,164.18,0.86,2.36,22.44,7.36,6.25,1,1753
2.0,174.849750,161.98,0.88,5.46,22.51,9.64,8.5,1,1634
2.0,174.859750,159.35,0.86,8.18,22.55,11.76,10.75,1,1499
2.0,174.869750,156.88,0.91,10.23,22.59,13.69,13.25,1,1397
2.0,174.879751,154.78,0.94,12.58,22.64,15.41,15.25,1,2259
2.0,174.889751,153.19,0.92,14.98,22.69,16.89,16.25,1,2131
2.0,174.899751,152.49,0.94,16.2,22.71,18.1,17.75,1,2013
2.0,174.909751,151.08,0.99,16.37,22.73,19.02,18.75,1,1885
2.0,174.919751,150.73,0.97,17.14,22.74,19.65,19.5,1,1758
2.0,174.929751,149.85,0.94,18.09,22.75,19.96,20.0,1,1630
2.0,174.939751,149.94,1.0,17.8,22.76,19.96,20.25,1,1494
2.0,174.949751,149.77,0.99,17.98,22.76,19.65,20.25,1,1393
2.0,174.959751,149.5,0.95,18.12,22.75,19.02,19.75,1,2264
2.0,174.969751,150.64,0.98,17.96,22.76,18.1,18.25,1,2136
2.0,174.979751,152.67,0.95,16.72,22.71,16.89,16.75,1,2017
2.0,174.989751,153.63,0.95,14.17,22.66,15.41,15.25,1,1881
2.0,174.999750,154.95,0.9,12.29,22.61,13.69,14.25,1,1754
2.0,175.009750,156.27,0.92,11.24,22.6,11.76,13.0,1,1635
2.0,175.019750,158.2,0.89,10.24,22.57,9.64,11.0,1,1499
2.0,175.029750,160.4,0.87,8.49,22.54,7.36,8.75,1,1397
2.0,175.039750,163.65,0.85,5.76,22.49,4.97,6.0,1,2268
2.0,175.049750,166.46,0.84,2.6,22.43,2.51,3.0,1,2132
2.0,175.059751,168.66,0.82,-0.66,22.37,-0.0,1.0,1,2022
2.0,175.069750,170.16,0.85,-3.19,22.32,-2.51,-0.75,1,1886
2.0,175.079750,172.62,0.84,-4.43,22.3,-4.97,-3.0,1,1758
2.0,175.089750,175.52,0.77,-5.77,22.3,-7.36,-5.75,1,1640
2.0,175.099750,178.33,0.79,-8.74,22.23,-9.64,-8.25,1,1503
2.0,175.109750,180.79,0.82,-12.0,22.17,-11.76,-10.75,1,1402
2.0,175.119750,182.72,0.8,-14.68,22.12,-13.69,-12.75,1,2264
2.0,175.129751,184.66,0.83,-16.54,22.08,-15.41,-14.75,1,2136
2.0,175.139751,186.5,0.79,-18.12,22.06,-16.89,-16.25,1,2017
2.0,175.149751,188.26,0.82,-19.46,22.03,-18.1,-17.5,1,1882
2.0,175.159751,189.14,0.8,-20.53,22.01,-19.02,-18.75,1,1763
2.0,175.169751,190.28,0.81,-21.45,22.0,-19.65,-19.5,1,1635
2.0,175.179751,190.99,0.82,-22.22,21.99,-19.96,-20.25,1,1499
2.0,175.189751,191.16,0.82,-22.93,21.97,-19.96,-20.75,1,1406
2.0,175.199751,191.07,0.83,-23.28,21.96,-19.65,-20.25,1,2268
2.0,175.209751,190.02,0.84,-22.88,21.96,-19.02,-19.25,1,2141
2.0,175.219751,189.14,0.82,-21.74,22.01,-18.1,-18.5,1,2022
2.0,175.229751,188.0,0.78,-20.26,22.05,-16.89,-17.5,1,1886
2.0,175.239751,186.77,0.82,-18.8,22.06,-15.41,-15.75,1,1759
2.0,175.249750,185.1,0.83,-17.3,22.08,-13.69,-14.25,1,1640
2.0,175.259750,183.87,0.79,-15.5,22.13,-11.76,-13.25,1,1503
2.0,175.269750,182.46,0.77,-13.77,22.17,-9.64,-11.5,1,1402
2.0,175.279750,180.09,0.85,-12.34,22.17,-7.36,-9.25,1,2264
2.0,175.289750,177.1,0.85,-10.56,22.21,-4.97,-6.5,1,2137
2.0,175.299750,174.2,0.77,-7.63,22.27,-2.51,-3.75,1,2018
2.0,175.309751,171.91,0.85,-4.03,22.34,-0.0,-1.25,1,1890
2.0,175.319750,169.54,0.8,-1.31,22.39,2.51,1.25,1,1763
2.0,175.329750,166.38,0.84,0.77,22.42,4.97,4.25,1,1636
2.0,175.339750,163.56,0.89,3.31,22.46,7.36,6.75,1,1508
2.0,175.349750,161.54,0.85,6.5,22.54,9.64,8.5,1,1407
2.0,175.359750,159.96,0.85,8.74,22.58,11.76,10.5,1,2268
2.0,175.369750,157.32,0.91,9.4,22.59,13.69,12.75,1,2097
2.0,175.379751,154.69,0.95,11.21,22.63,15.41,15.25,1,2023
2.0,175.389751,152.75,0.91,14.44,22.68,16.89,17.5,1,1886
2.0,175.399751,150.91,0.97,16.95,22.75,18.1,19.0,1,1759
2.0,175.409751,149.94,0.96,18.41,22.77,19.02,19.5,1,1640
2.0,175.419751,149.5,0.97,19.25,22.79,19.65,19.75,1,1504
2.0,175.429751,149.59,0.99,18.93,22.79,19.96,20.5,1,1411
2.0,175.439751,148.89,1.03,17.94,22.78,19.96,20.75,1,2273
2.0,175.449751,149.24,0.95,18.16,22.77,19.65,20.25,1,2146
2.0,175.459751,149.68,0.92,18.54,22.76,19.02,19.5,1,2027
2.0,175.469751,150.21,1.01,17.73,22.76,18.1,18.75,1,1891
2.0,175.479751,151.26,0.95,16.67,22.72,16.89,18.0,1,1763
2.0,175.489751,152.49,0.95,15.72,22.7,15.41,16.5,1,1636
2.0,175.499750,154.34,0.9,14.31,22.67,13.69,14.75,1,1508
2.0,175.509750,157.15,0.9,11.98,22.62,11.76,12.5,1,1407
2.0,175.519750,158.73,0.9,9.3,22.57,9.64,10.75,1,2269
2.0,175.529750,160.75,0.87,7.08,22.53,7.36,8.75,1,2142
2.0,175.539750,163.04,0.86,5.51,22.5,4.97,6.25,1,2023
2.0,175.549750,165.67,0.81,3.4,22.46,2.51,3.75,1,1886
2.0,175.559751,167.7,0.83,0.56,22.41,-0.0,1.25,1,1768
2.0,175.569750,171.12,0.83,-2.1,22.36,-2.51,-1.5,1,1640
2.0,175.579750,174.02,0.79,-4.85,22.32,-4.97,-4.25,1,1504
2.0,175.589750,176.48,0.8,-8.17,22.25,-7.36,-6.75,1,1411
2.0,175.599750,179.12,0.83,-10.92,22.19,-9.64,-9.0,1,2273
2.0,175.609750,181.14,0.79,-12.88,22.17,-11.76,-11.0,1,2146
2.0,175.619750,182.72,0.8,-14.56,22.14,-13.69,-13.0,1,2027
2.0,175.629751,185.19,0.79,-16.09,22.11,-15.41,-15.0,1,1891
2.0,175.639751,187.29,0.78,-18.16,22.08,-16.89,-16.75,1,1763
2.0,175.649751,188.61,0.82,-20.38,22.02,-18.1,-18.5,1,1645
2.0,175.659751,190.11,0.82,-21.78,22.01,-19.02,-19.5,1,1509
2.0,175.669751,190.46,0.81,-22.71,21.98,-19.65,-20.0,1,1407
2.0,175.679751,190.81,0.85,-22.89,21.97,-19.96,-20.25,1,2269
2.0,175.689751,190.9,0.79,-22.49,22.01,-19.96,-20.5,1,2142
2.0,175.699751,191.16,0.81,-22.5,22.0,-19.65,-20.25,1,2032
2.0,175.709751,190.46,0.83,-22.47,21.99,-19.02,-19.75,1,1896
2.0,175.719751,190.11,0.81,-21.94,22.01,-18.1,-19.0,1,1768
2.0,175.729751,189.14,0.82,-21.0,22.04,-16.89,-17.75,1,1641
2.0,175.739751,186.59,0.81,-19.8,22.05,-15.41,-16.0,1,1504
2.0,175.749750,185.19,0.82,-17.56,22.09,-13.69,-14.75,1,1412
2.0,175.759750,183.43,0.76,-15.04,22.17,-11.76,-13.0,1,2274
2.0,175.769750,181.76,0.82,-13.45,22.17,-9.64,-11.0,1,2146
2.0,175.779750,179.3,0.83,-11.92,22.2,-7.36,-8.5,1,2028
2.0,175.789750,176.22,0.8,-9.75,22.25,-4.97,-5.75,1,1891
2.0,175.799750,173.94,0.82,-6.61,22.31,-2.51,-3.75,1,1764
2.0,175.809750,172.35,0.79,-3.85,22.37,0.0,-2.25,1,1645
2.0,175.819750,170.24,0.81,-2.23,22.39,2.51,-0.25,1,1509
2.0,175.829750,168.05,0.89,-0.67,22.41,4.97,2.25,1,1416
2.0,175.839750,165.06,0.86,1.18,22.44,7.36,5.25,1,2278
2.0,175.849750,161.72,0.84,4.12,22.48,9.64,8.5,1,2151
2.0,175.859750,158.91,0.9,8.05,22.58,11.76,10.75,1,2032
2.0,175.869750,157.15,0.86,10.95,22.63,13.69,12.25,1,1896
2.0,175.879751,155.39,0.9,12.83,22.67,15.41,14.0,1,1768
2.0,175.889751,153.81,0.96,13.79,22.7,16.89,16.25,1,1650
2.0,175.899751,151.7,0.96,14.58,22.71,18.1,18.25,1,1514
2.0,175.909751,150.38,0.94,16.87,22.74,19.02,19.75,1,1412
2.0,175.919751,149.06,0.96,18.89,22.8,19.65,20.25,1,2274
2.0,175.929751,148.54,0.99,19.23,22.81,19.96,20.5,1,2146
2.0,175.939751,148.54,0.99,19.69,22.83,19.96,20.75,1,2028
2.0,175.949751,148.36,0.99,19.37,22.81,19.65,20.5,1,1892
2.0,175.959751,149.77,0.99,18.68,22.8,19.02,19.5,1,1773
2.0,175.969751,150.82,0.92,17.71,22.76,18.1,18.75,1,1645
2.0,175.979751,151.08,0.97,16.14,22.72,16.89,18.0,1,1510
2.0,175.989751,152.4,0.96,15.4,22.7,15.41,16.75,1,1417
2.0,175.999750,154.34,0.9,14.69,22.7,13.69,15.0,1,2279
2.0,176.009750,156.53,0.87,12.59,22.65,11.76,12.75,1,2151
2.0,176.019750,159.17,0.92,9.83,22.6,9.64,10.25,1,2032
2.0,176.029750,161.1,0.84,6.86,22.54,7.36,8.75,1,1896
2.0,176.039750,162.16,0.89,4.76,22.5,4.97,7.25,1,1769
2.0,176.049750,164.09,0.85,3.86,22.48,2.51,5.25,1,1650
2.0,176.059751,166.64,0.8,2.64,22.46,0.0,2.75,1,1514
2.0,176.069750,169.8,0.82,-0.08,22.41,-2.51,-0.25,1,1412
2.0,176.079750,172.53,0.82,-3.46,22.36,-4.97,-3.25,1,2274
2.0,176.089750,175.34,0.79,-6.96,22.29,-7.36,-5.75,1,2147
2.0,176.099750,177.98,0.83,-9.72,22.23,-9.64,-8.25,1,2037
2.0,176.109750,180.44,0.79,-11.9,22.2,-11.76,-10.75,1,1901
2.0,176.119750,183.25,0.77,-14.41,22.16,-13.69,-13.25,1,1773
2.0,176.129751,184.92,0.82,-16.9,22.1,-15.41,-14.75,1,1646
2.0,176.139751,186.33,0.82,-18.6,22.07,-16.89,-16.0,1,1510
2.0,176.149751,188.0,0.8,-19.43,22.07,-18.1,-17.75,1,1417
2.0,176.159751,190.02,0.78,-20.37,22.06,-19.02,-19.5,1,2279
2.0,176.169751,190.46,0.78,-22.55,22.01,-19.65,-20.0,1,2151
2.0,176.179751,190.55,0.92,-23.62,21.95,-19.96,-20.25,1,2033
2.0,176.189751,190.9,0.8,-22.83,22.01,-19.96,-20.25,1,1897
2.0,176.199751,190.63,0.77,-22.08,22.04,-19.65,-20.25,1,1769
2.0,176.209751,190.46,0.82,-21.82,22.03,-19.02,-19.75,1,1650
2.0,176.219751,189.49,0.81,-21.65,22.03,-18.1,-18.75,1,1514
2.0,176.229751,188.53,0.83,-21.02,22.04,-16.89,-17.5,1,2411
2.0,176.239751,187.21,0.81,-19.54,22.08,-15.41,-16.25,1,2283
2.0,176.249750,186.15,0.77,-17.88,22.12,-13.69,-15.0,1,2156
2.0,176.259750,184.22,0.82,-16.55,22.13,-11.76,-13.25,1,2037
2.0,176.269750,181.41,0.83,-14.83,22.15,-9.64,-10.75,1,1901
2.0,176.279750,178.95,0.81,-12.07,22.22,-7.36,-8.5,1,1774
2.0,176.289750,176.31,0.8,-8.98,22.29,-4.97,-6.0,1,1646
2.0,176.299750,173.94,0.81,-6.35,22.33,-2.51,-3.25,1,1519
2.0,176.309751,171.56,0.82,-4.03,22.36,0.0,-1.25,1,2406
2.0,176.319750,169.19,0.83,-1.52,22.43,2.51,1.0,1,2279
2.0,176.329750,166.99,0.82,0.36,22.44,4.97,3.75,1,2152
2.0,176.339750,163.74,0.89,2.79,22.49,7.36,6.5,1,2033
2.0,176.349750,161.72,0.85,5.88,22.56,9.64,9.0,1,1905
2.0,176.359750,159.52,0.86,8.61,22.6,11.76,11.0,1,1778
2.0,176.369750,156.8,0.9,10.52,22.64,13.69,13.25,1,1642
2.0,176.379751,154.78,0.92,12.26,22.67,15.41,15.25,1,1515
2.0,176.389751,153.46,0.94,14.41,22.72,16.89,16.25,1,2411
2.0,176.399751,152.49,0.92,16.07,22.77,18.1,17.75,1,2284
2.0,176.409751,150.38,0.96,16.24,22.76,19.02,19.0,1,2157
2.0,176.419751,150.38,1.0,17.33,22.79,19.65,19.75,1,2038
2.0,176.429751,149.85,0.92,18.65,22.8,19.96,20.25,1,1901
2.0,176.439751,149.41,1.01,18.25,22.81,19.96,20.5,1,1774
2.0,176.449751,149.85,0.98,18.31,22.81,19.65,19.75,1,1647
2.0,176.459751,150.38,0.92,18.16,22.79,19.02,19.0,1,1519
2.0,176.469751,151.0,0.99,17.29,22.77,18.1,18.25,1,2407
2.0,176.479751,151.0,0.96,15.87,22.72,16.89,17.75,1,2280
2.0,176.489751,152.23,0.93,15.08,22.72,15.41,16.75,1,2152
2.0,176.499750,153.54,0.92,14.54,22.71,13.69,15.25,1,2043
2.0,176.509750,155.83,0.9,13.13,22.68,11.76,13.25,1,1906
2.0,176.519750,158.38,0.88,10.8,22.63,9.64,11.0,1,1778
2.0,176.529750,161.02,0.88,7.94,22.58,7.36,8.5,1,1642
2.0,176.539750,163.74,0.84,4.94,22.52,4.97,6.25,1,1523
2.0,176.549750,165.23,0.86,2.49,22.47,2.51,4.0,1,2411
2.0,176.559751,167.96,0.82,0.63,22.45,-0.0,1.25,1,2284
2.0,176.569750,170.6,0.79,-1.77,22.41,-2.51,-1.25,1,2157
2.0,176.579750,173.58,0.82,-4.9,22.34,-4.97,-4.0,1,2038
2.0,176.589750,176.48,0.8,-7.81,22.29,-7.36,-6.75,1,1901
2.0,176.599750,178.95,0.79,-10.43,22.24,-9.64,-8.75,1,1774
2.0,176.609750,180.09,0.81,-12.82,22.18,-11.76,-10.25,1,1647
2.0,176.619750,182.37,0.83,-14.03,22.18,-13.69,-12.75,1,1519
2.0,176.629751,184.57,0.74,-15.24,22.19,-15.41,-14.5,1,2407
2.0,176.639751,186.33,0.8,-17.97,22.1,-16.89,-15.75,1,2288
2.0,176.649751,187.21,0.88,-19.46,22.05,-18.1,-17.25,1,2161
2.0,176.659751,189.32,0.76,-19.79,22.1,-19.02,-18.75,1,2043
2.0,176.669751,190.55,0.78,-21.31,22.05,-19.65,-20.0,1,1906
2.0,176.679751,191.25,0.85,-23.0,22.0,-19.96,-20.75,1,1779
2.0,176.689751,191.25,0.82,-23.92,22.0,-19.96,-20.75,1,1643
2.0,176.699751,191.43,0.85,-23.62,21.99,-19.65,-20.25,1,1524
2.0,176.709751,191.16,0.83,-22.82,22.02,-19.02,-19.75,1,2412
2.0,176.719751,189.58,0.77,-22.03,22.07,-18.1,-19.25,1,2284
2.0,176.729751,188.79,0.83,-20.72,22.06,-16.89,-17.75,1,2157
2.0,176.739751,187.29,0.83,-19.23,22.09,-15.41,-16.25,1,2038
2.0,176.749750,185.54,0.8,-17.62,22.14,-13.69,-15.0,1,1902
2.0,176.759750,184.22,0.78,-16.07,22.17,-11.76,-13.5,1,1783
2.0,176.769750,182.29,0.8,-14.65,22.18,-9.64,-11.5,1,1647
2.0,176.779750,179.65,0.83,-12.91,22.21,-7.36,-9.0,1,1520
2.0,176.789750,177.19,0.81,-10.18,22.26,-4.97,-6.25,1,2416
2.0,176.799750,174.73,0.8,-6.82,22.34,-2.51,-4.25,1,2289
2.0,176.809751,172.35,0.81,-4.27,22.39,-0.0,-1.75,1,2161
2.0,176.819750,169.72,0.82,-2.32,22.41,2.51,0.75,1,2043
2.0,176.829750,166.38,0.87,0.03,22.46,4.97,4.0,1,1907
2.0,176.839750,163.39,0.85,3.28,22.52,7.36,6.75,1,1779
2.0,176.849750,161.1,0.86,6.77,22.59,9.64,8.5,1,1652
2.0,176.859750,159.26,0.85,9.11,22.63,11.76,9.75,1,1524
2.0,176.869750,158.73,0.88,9.98,22.64,13.69,11.75,1,2412
2.0,176.879751,155.74,0.98,10.68,22.67,15.41,14.25,1,2284
2.0,176.889751,153.63,0.9,12.29,22.69,16.89,16.5,1,2166
2.0,176.899751,151.96,0.91,15.52,22.75,18.1,17.75,1,2047
2.0,176.909751,151.17,0.95,17.36,22.8,19.02,18.25,1,1911
2.0,176.919751,150.82,0.93,17.39,22.79,19.65,18.75,1,1783
2.0,176.929751,149.77,1.03,17.63,22.82,19.96,20.25,1,1648
2.0,176.939751,148.1,0.98,17.87,22.8,19.96,21.5,1,1529
2.0,176.949751,148.01,0.97,19.29,22.82,19.65,21.75,1,2417
2.0,176.959751,148.54,0.97,20.54,22.88,19.02,21.25,1,2289
2.0,176.969751,149.06,0.98,19.56,22.84,18.1,20.0,1,2162
2.0,176.979751,150.64,0.98,18.48,22.82,16.89,18.75,1,2043
2.0,176.989751,152.05,0.94,16.43,22.75,15.41,17.25,1,1907
2.0,176.999750,153.98,0.94,14.28,22.71,13.69,15.0,1,1788
2.0,177.009750,156.27,0.89,12.33,22.68,11.76,13.25,1,1652
2.0,177.019750,157.06,0.88,9.77,22.62,9.64,11.75,1,1525
2.0,177.029750,159.61,0.93,8.27,22.6,7.36,9.75,1,2421
2.0,177.039750,162.16,0.83,7.13,22.58,4.97,7.25,1,2294
2.0,177.049751,165.23,0.81,4.38,22.52,2.51,4.5,1,2166
2.0,177.059751,167.87,0.86,1.23,22.46,0.0,1.5,1,2047
2.0,177.069751,170.68,0.79,-2.2,22.4,-2.51,-1.0,1,1912
2.0,177.079750,173.23,0.85,-4.99,22.36,-4.97,-3.5,1,1784
2.0,177.089750,176.04,0.8,-7.17,22.32,-7.36,-6.5,1,1656
2.0,177.099750,178.95,0.76,-9.81,22.27,-9.64,-9.0,1,1529
2.0,177.109750,180.97,0.82,-12.95,22.2,-11.76,-10.75,1,2417
2.0,177.119750,182.72,0.84,-14.96,22.16,-13.69,-12.75,1,2290
2.0,177.129751,184.92,0.78,-15.89,22.18,-15.41,-14.75,1,2171
2.0,177.139751,186.94,0.76,-17.79,22.14,-16.89,-16.5,1,2043
2.0,177.149751,188.0,0.85,-19.96,22.07,-18.1,-17.75,1,1916
2.0,177.159751,188.35,0.81,-21.11,22.06,-19.02,-18.25,1,1789
2.0,177.169751,189.32,0.82,-21.24,22.06,-19.65,-19.0,1,1652
2.0,177.179751,190.72,0.8,-21.1,22.08,-19.96,-20.0,1,1525
2.0,177.189751,191.51,0.76,-22.22,22.06,-19.96,-21.0,1,2421
2.0,177.199751,192.04,0.86,-23.43,22.0,-19.65,-21.25,1,2294
2.0,177.209751,192.04,0.82,-23.88,22.01,-19.02,-20.75,1,2166
2.0,177.219751,190.63,0.83,-23.52,22.01,-18.1,-19.75,1,2048
2.0,177.229751,189.05,0.84,-22.3,22.04,-16.89,-17.75,1,1912
2.0,177.239751,186.77,0.8,-20.06,22.1,-15.41,-16.25,1,1784
2.0,177.249750,185.54,0.81,-17.04,22.17,-13.69,-15.25,1,1657
2.0,177.259750,184.57,0.75,-15.07,22.21,-11.76,-14.25,1,1529
2.0,177.269750,183.16,0.82,-14.81,22.19,-9.64,-12.25,1,2417
2.0,177.279750,180.97,0.86,-14.3,22.19,-7.36,-10.25,1,2299
2.0,177.289750,178.59,0.77,-11.81,22.26,-4.97,-7.25,1,2171
2.0,177.299751,175.25,0.83,-8.27,22.31,-2.51,-4.5,1,2052
2.0,177.309751,172.18,0.81,-4.92,22.38,-0.0,-2.25,1,1916
2.0,177.319751,169.01,0.8,-1.93,22.44,2.51,0.25,1,1789
2.0,177.329750,167.43,0.85,0.67,22.48,4.97,3.25,1,1653
2.0,177.339750,164.18,0.88,3.12,22.53,7.36,6.25,1,1534
2.0,177.349750,162.07,0.86,5.42,22.58,9.64,8.25,1,2422
2.0,177.359750,160.14,0.85,8.01,22.62,11.76,10.25,1,2295
2.0,177.369750,157.76,0.89,9.58,22.65,13.69,12.5,1,2167
2.0,177.379751,155.3,0.95,11.07,22.69,15.41,14.75,1,2048
2.0,177.389751,153.02,0.94,13.85,22.74,16.89,16.75,1,1912
2.0,177.399751,152.4,0.91,16.22,22.78,18.1,17.75,1,1793
2.0,177.409751,151.35,0.96,16.96,22.81,19.02,19.0,1,1657
2.0,177.419751,149.85,0.98,17.19,22.81,19.65,20.25,1,1530
2.0,177.429751,148.62,1.0,18.39,22.84,19.96,21.25,1,2426
2.0,177.439751,148.27,0.96,19.98,22.87,19.96,21.25,1,2299
2.0,177.449751,148.27,0.98,19.99,22.87,19.65,20.75,1,2172
2.0,177.459751,149.59,0.98,19.17,22.85,19.02,19.75,1,2053
2.0,177.469751,150.12,0.98,17.95,22.82,18.1,19.25,1,1916
2.0,177.479751,150.03,0.98,16.44,22.77,16.89,19.0,1,1789
2.0,177.489751,150.73,0.95,16.59,22.78,15.41,18.25,1,1653
2.0,177.499750,152.4,0.92,16.37,22.78,13.69,16.75,1,1534
2.0,177.509750,154.69,0.91,14.5,22.73,11.76,14.75,1,2422
2.0,177.519750,157.32,0.92,12.01,22.68,9.64,12.0,1,2295
2.0,177.529750,160.22,0.85,9.02,22.62,7.36,9.5,1,2176
2.0,177.539750,162.77,0.87,5.89,22.57,4.97,6.75,1,2049
2.0,177.549751,165.15,0.84,3.14,22.51,2.51,4.25,1,1921
2.0,177.559751,167.78,0.83,0.61,22.47,0.0,1.75,1,1794
2.0,177.569751,170.95,0.82,-2.1,22.42,-2.51,-1.5,1,1657
2.0,177.579750,173.76,0.8,-4.94,22.38,-4.97,-4.25,1,1539
2.0,177.589750,175.87,0.79,-8.22,22.31,-7.36,-6.0,1,2426
2.0,177.599750,177.71,0.86,-10.16,22.26,-9.64,-8.0,1,2299
2.0,177.609750,180.26,0.77,-11.09,22.27,-11.76,-10.25,1,2172
2.0,177.619750,183.34,0.74,-13.3,22.24,-13.69,-13.25,1,2053
2.0,177.629751,186.06,0.82,-16.52,22.16,-15.41,-15.75,1,1917
2.0,177.639751,187.73,0.8,-19.74,22.1,-16.89,-17.25,1,1790
2.0,177.649751,188.7,0.87,-21.5,22.04,-18.1,-17.75,1,1662
2.0,177.659751,189.05,0.84,-21.83,22.06,-19.02,-18.75,1,1534
2.0,177.669751,190.37,0.74,-21.92,22.09,-19.65,-19.75,1,2422
2.0,177.679751,191.25,0.81,-21.89,22.07,-19.96,-21.0,1,2295
2.0,177.689751,191.87,0.83,-23.1,22.04,-19.96,-21.25,1,2176
2.0,177.699751,192.04,0.83,-24.13,22.01,-19.65,-21.25,1,2058
2.0,177.709751,191.07,0.84,-23.79,22.02,-19.02,-20.0,1,1921
2.0,177.719751,189.93,0.84,-22.74,22.04,-18.1,-19.25,1,1794
2.0,177.729751,188.96,0.79,-20.92,22.09,-16.89,-18.25,1,1658
2.0,177.739751,187.73,0.77,-18.84,22.16,-15.41,-17.0,1,1539
2.0,177.749750,185.8,0.84,-18.13,22.13,-13.69,-15.0,1,2427
2.0,177.759750,184.04,0.85,-16.53,22.17,-11.76,-12.75,1,2299
2.0,177.769750,181.76,0.75,-14.03,22.24,-9.64,-11.0,1,2172
2.0,177.779750,179.91,0.81,-11.74,22.27,-7.36,-9.0,1,2053
2.0,177.789750,177.28,0.8,-9.98,22.31,-4.97,-6.75,1,1917
2.0,177.799751,174.64,0.83,-7.73,22.34,-2.51,-3.75,1,1798
3.0,179.829750,174.64,0.82,-8.15,22.39,3.75,-3.75,1,2457
3.0,179.839750,170.51,0.83,-4.16,22.46,7.36,0.25,1,2330
3.0,179.849750,165.94,0.84,0.14,22.53,10.72,4.25,1,2211
3.0,179.859750,161.63,0.87,4.64,22.62,13.69,8.75,1,2074
3.0,179.869751,156.8,0.9,9.22,22.71,16.18,12.75,1,1947
3.0,179.879751,153.9,0.92,13.84,22.81,18.1,15.75,1,1820
3.0,179.889751,151.7,0.92,17.3,22.88,19.37,17.25,1,1692
3.0,179.899751,151.17,0.96,18.41,22.9,19.96,18.25,1,1591
3.0,179.909751,150.21,0.99,17.88,22.9,19.84,19.75,1,2453
3.0,179.919751,148.8,0.99,17.66,22.89,19.02,21.25,1,2334
3.0,179.929751,148.01,0.99,19.17,22.91,17.53,21.75,1,2215
3.0,179.939751,147.48,0.97,20.37,22.94,15.41,21.75,1,2079
3.0,179.949750,148.62,1.0,20.62,22.96,12.75,20.5,1,1952
3.0,179.959750,150.29,0.96,19.39,22.91,9.64,18.75,1,1824
3.0,179.969750,152.49,0.98,16.59,22.85,6.18,16.5,1,1688
3.0,179.979750,155.39,0.89,13.71,22.77,2.51,13.75,1,1595
3.0,179.989750,158.64,0.91,10.46,22.72,-1.26,10.5,1,2457
3.0,179.999750,162.6,0.85,6.73,22.65,-4.97,6.75,1,2330
3.0,180.009750,166.64,0.83,2.77,22.57,-8.52,2.75,1,2211
3.0,180.019750,170.86,0.82,-1.52,22.5,-11.76,-1.5,1,2084
3.0,180.029751,175.87,0.8,-6.12,22.41,-14.58,-6.0,1,1948
3.0,180.039751,180.26,0.8,-10.91,22.31,-16.89,-10.25,1,1829
3.0,180.049751,184.57,0.79,-15.65,22.23,-18.6,-14.0,1,1693
3.0,180.059751,187.21,0.84,-19.58,22.15,-19.65,-16.25,1,1591
3.0,180.069751,188.17,0.85,-21.84,22.1,-20.0,-17.25,1,2454
3.0,180.079751,188.44,0.82,-22.6,22.11,-19.65,-17.75,1,2334
3.0,180.089751,189.14,0.81,-21.99,22.12,-18.6,-17.75,1,2215
3.0,180.099751,187.91,0.81,-20.96,22.15,-16.89,-17.25,1,2079
3.0,180.109751,186.94,0.83,-20.09,22.16,-14.58,-15.75,1,1952
3.0,180.119750,184.92,0.83,-18.09,22.21,-11.76,-13.75,1,1825
3.0,180.129750,181.76,0.79,-15.46,22.26,-8.52,-11.25,1,1688
3.0,180.139750,178.95,0.83,-12.37,22.32,-4.97,-8.25,1,1596
3.0,180.149750,175.61,0.8,-8.93,22.38,-1.26,-4.75,1,2457
3.0,180.159750,171.56,0.83,-5.26,22.45,2.51,-1.25,1,2330
3.0,180.169750,167.52,0.83,-1.26,22.52,6.18,3.0,1,2220
3.0,180.179750,163.39,0.86,3.07,22.6,9.64,7.0,1,2084
3.0,180.189750,159.61,0.88,7.37,22.68,12.75,10.25,1,1956
3.0,180.199751,156.71,0.88,10.91,22.76,15.41,13.75,1,1829
3.0,180.209751,153.02,0.93,13.82,22.81,17.53,16.75,1,1693
3.0,180.219751,151.08,0.98,16.9,22.88,19.02,18.5,1,1591
3.0,180.229751,149.77,0.94,19.11,22.93,19.84,19.75,1,2453
3.0,180.239751,148.62,0.97,19.62,22.94,19.96,20.75,1,2334
3.0,180.249751,148.27,1.05,19.75,22.96,19.37,21.0,1,2216
3.0,180.259751,148.18,0.97,19.75,22.94,18.1,20.75,1,2080
3.0,180.269751,149.59,0.97,19.4,22.93,16.18,19.75,1,1952
3.0,180.279750,151.0,0.97,18.13,22.9,13.69,18.0,1,1825
3.0,180.289750,153.19,0.95,15.69,22.84,10.72,15.75,1,1698
3.0,180.299750,156.09,0.9,13.06,22.78,7.36,13.0,1,2585
3.0,180.309750,159.26,0.89,9.96,22.71,3.75,10.0,1,2458
3.0,180.319751,162.95,0.85,6.34,22.65,-0.0,6.5,1,2340
3.0,180.329750,166.73,0.84,2.51,22.58,-3.75,2.75,1,2220
3.0,180.339750,171.21,0.82,-1.59,22.51,-7.36,-1.5,1,2084
3.0,180.349750,175.52,0.81,-6.04,22.42,-10.72,-5.75,1,1957
3.0,180.359750,179.91,0.8,-10.69,22.33,-13.69,-10.25,1,1829
3.0,180.369751,183.96,0.79,-15.25,22.25,-16.18,-13.5,1,1693
3.0,180.379751,186.42,0.84,-18.94,22.17,-18.1,-16.0,1,2590
3.0,180.389751,188.26,0.84,-20.98,22.13,-19.37,-18.0,1,2462
3.0,180.399751,190.55,0.8,-22.2,22.14,-19.96,-19.5,1,2335
3.0,180.409751,191.07,0.82,-23.38,22.1,-19.84,-20.0,1,2216
3.0,180.419751,190.99,0.88,-24.05,22.07,-19.02,-20.0,1,2089
3.0,180.429751,190.63,0.81,-23.61,22.11,-17.53,-19.5,1,1952
3.0,180.439751,189.49,0.81,-22.41,22.14,-15.41,-18.25,1,1825
3.0,180.449750,187.65,0.84,-21.03,22.15,-12.75,-16.75,1,1698
3.0,180.459750,185.54,0.83,-18.74,22.2,-9.64,-14.25,1,2586
3.0,180.469750,182.29,0.79,-15.88,22.26,-6.18,-11.5,1,2458
3.0,180.479750,179.12,0.83,-12.46,22.31,-2.51,-8.25,1,2339
3.0,180.489751,175.17,0.81,-8.85,22.39,1.26,-4.75,1,2221
3.0,180.499750,171.21,0.83,-4.93,22.47,4.97,-0.75,1,2085
3.0,180.509750,166.55,0.84,-0.71,22.54,8.52,3.5,1,1957
3.0,180.519750,162.33,0.85,3.83,22.62,11.76,8.0,1,1821
3.0,180.529751,157.94,0.9,8.43,22.71,14.58,12.0,1,1694
3.0,180.539751,154.51,0.9,12.98,22.8,16.89,14.75,1,2590
3.0,180.549751,152.49,0.92,16.56,22.88,18.6,16.75,1,2463
3.0,180.559751,150.91,0.96,17.85,22.91,19.65,18.25,1,2335
3.0,180.569751,149.59,1.02,18.15,22.93,20.0,19.75,1,2225
3.0,180.579751,149.06,0.96,18.65,22.92,19.65,20.75,1,2089
3.0,180.589751,148.1,0.99,18.99,22.93,18.6,21.75,1,1962
3.0,180.599751,147.66,0.99,19.78,22.94,16.89,21.25,1,1825
3.0,180.609751,148.8,0.98,20.33,22.96,14.58,20.25,1,1698
3.0,180.619751,149.85,0.99,19.17,22.93,11.76,18.75,1,2586
3.0,180.629751,152.58,0.96,16.58,22.85,8.52,16.5,1,2467
3.0,180.639751,155.39,0.9,13.79,22.8,4.97,13.75,1,2340
3.0,180.649751,158.73,0.9,10.58,22.74,1.26,10.5,1,2221
3.0,180.659751,162.69,0.86,6.92,22.67,-2.51,7.0,1,2085
3.0,180.669751,166.2,0.84,2.99,22.59,-6.18,3.0,1,1966
3.0,180.679751,170.6,0.81,-1.2,22.52,-9.64,-1.25,1,1830
3.0,180.689751,175.34,0.8,-5.73,22.43,-12.75,-5.75,1,1703
3.0,180.699751,179.91,0.8,-10.49,22.34,-15.41,-10.0,1,2591
3.0,180.709751,183.78,0.79,-15.09,22.26,-17.53,-13.25,1,2463
3.0,180.719751,186.59,0.84,-18.95,22.17,-19.02,-15.75,1,2344
3.0,180.729751,187.73,0.85,-21.36,22.13,-19.84,-16.75,1,2226
3.0,180.739751,187.91,0.82,-22.0,22.14,-19.96,-17.25,1,2089
3.0,180.749751,189.32,0.82,-21.25,22.16,-19.37,-18.75,1,1962
3.0,180.759751,190.81,0.77,-20.87,22.19,-18.1,-20.0,1,1826
3.0,180.769751,190.63,0.8,-22.39,22.13,-16.18,-20.25,1,1699
3.0,180.779750,190.37,0.91,-23.63,22.07,-13.69,-19.25,1,2595
3.0,180.789750,188.96,0.83,-22.27,22.14,-10.72,-17.75,1,2468
3.0,180.799750,186.68,0.8,-20.58,22.19,-7.36,-15.75,1,2340
3.0,180.809750,183.78,0.84,-17.7,22.23,-3.75,-13.0,1,2221
3.0,180.819751,180.26,0.8,-14.12,22.3,0.0,-9.75,1,2094
3.0,180.829750,176.66,0.82,-10.39,22.37,3.75,-6.25,1,1967
3.0,180.839750,172.79,0.83,-6.44,22.44,7.36,-2.25,1,1830
3.0,180.849750,168.4,0.83,-2.23,22.52,10.72,2.0,1,1703
3.0,180.859750,163.65,0.86,2.3,22.61,13.69,6.5,1,2591
3.0,180.869751,159.08,0.88,7.01,22.69,16.18,11.0,1,2463
3.0,180.879751,155.04,0.91,11.7,22.78,18.1,14.25,1,2345
3.0,180.889751,152.4,0.92,15.61,22.88,19.37,16.75,1,2226
3.0,180.899751,151.61,0.94,18.09,22.93,19.96,17.75,1,2090
3.0,180.909751,151.17,0.97,18.62,22.94,19.84,18.25,1,1962
3.0,180.919751,150.73,0.97,17.71,22.91,19.02,18.25,1,1826
3.0,180.929751,151.26,0.96,17.08,22.91,17.53,17.75,1,1707
3.0,180.939751,152.75,0.95,16.19,22.87,15.41,16.5,1,2595
3.0,180.949751,153.54,0.92,14.57,22.82,12.75,15.25,1,2468
3.0,180.959751,156.01,0.95,12.86,22.79,9.64,13.5,1,2349
3.0,180.969751,158.38,0.87,11.0,22.75,6.18,11.0,1,2230
3.0,180.979751,161.1,0.87,8.22,22.7,2.51,8.25,1,2094
3.0,180.989751,164.18,0.86,4.88,22.64,-1.26,5.0,1,1967
3.0,180.999751,168.13,0.81,1.15,22.57,-4.97,1.25,1,1830
3.0,181.009751,172.35,0.82,-2.78,22.5,-8.52,-2.75,1,1703
3.0,181.019751,176.66,0.79,-6.97,22.42,-11.76,-7.0,1,2591
3.0,181.029751,180.97,0.8,-11.56,22.34,-14.58,-11.0,1,2472
3.0,181.039751,184.57,0.8,-16.01,22.25,-16.89,-14.25,1,2345
3.0,181.049751,187.21,0.84,-19.69,22.17,-18.6,-16.25,1,2226
3.0,181.059751,188.7,0.85,-21.7,22.13,-19.65,-18.0,1,2090
3.0,181.069751,190.46,0.81,-22.66,22.14,-20.0,-19.25,1,1971
3.0,181.079751,190.81,0.78,-23.41,22.13,-19.65,-19.75,1,1835
3.0,181.089751,190.72,0.87,-23.84,22.09,-18.6,-19.75,1,1707
3.0,181.099751,190.55,0.87,-23.21,22.11,-16.89,-19.5,1,2595
3.0,181.109751,189.49,0.75,-22.07,22.18,-14.58,-18.25,1,2468
3.0,181.119750,187.29,0.87,-20.99,22.16,-11.76,-16.5,1,2349
3.0,181.129750,185.1,0.84,-18.68,22.22,-8.52,-14.25,1,2231
3.0,181.139750,182.11,0.78,-15.73,22.28,-4.97,-11.25,1,2094
3.0,181.149751,178.77,0.84,-12.25,22.33,-1.26,-8.0,1,1967
3.0,181.159750,174.99,0.8,-8.61,22.41,2.51,-4.25,1,1831
3.0,181.169750,170.86,0.83,-4.61,22.49,6.18,-0.25,1,1703
3.0,181.179750,166.2,0.84,-0.3,22.56,9.64,4.0,1,2600
3.0,181.189750,161.89,0.86,4.26,22.64,12.75,8.5,1,2472
3.0,181.199751,157.24,0.91,8.86,22.74,15.41,12.5,1,2345
3.0,181.209751,153.9,0.91,13.45,22.83,17.53,15.25,1,2235
3.0,181.219751,151.96,0.92,17.06,22.9,19.02,17.25,1,2099
3.0,181.229751,150.47,0.97,18.37,22.93,19.84,18.75,1,1971
3.0,181.239751,149.41,1.02,18.52,22.95,19.96,20.0,1,1835
3.0,181.249751,149.24,0.96,19.07,22.95,19.37,20.25,1,1708
3.0,181.259751,149.06,0.98,19.2,22.95,18.1,20.5,1,2596
3.0,181.269751,149.59,0.99,18.85,22.94,16.18,19.75,1,2468
3.0,181.279751,151.0,0.97,18.27,22.93,13.69,18.25,1,2350
3.0,181.289751,152.67,0.93,16.41,22.87,10.72,16.25,1,2231
3.0,181.299751,155.39,0.93,13.7,22.81,7.36,13.75,1,2094
3.0,181.309751,158.55,0.88,10.64,22.75,3.75,10.75,1,1967
3.0,181.319751,162.16,0.87,7.17,22.69,0.0,7.25,1,1831
3.0,181.329751,165.85,0.83,3.42,22.62,-3.75,3.5,1,1712
3.0,181.339751,170.07,0.82,-0.58,22.54,-7.36,-0.75,1,2600
3.0,181.349751,174.38,0.81,-5.0,22.46,-10.72,-4.75,1,2473
3.0,181.359751,179.3,0.79,-9.69,22.38,-13.69,-9.25,1,2354
3.0,181.369751,183.43,0.79,-14.27,22.29,-16.18,-13.25,1,2235
3.0,181.379751,186.59,0.81,-18.78,22.2,-18.1,-16.0,1,2099
3.0,181.389751,188.17,0.87,-21.96,22.13,-19.37,-17.5,1,1972
3.0,181.399751,189.4,0.86,-23.18,22.11,-19.96,-18.25,1,1836
3.0,181.409751,190.02,0.79,-23.1,22.13,-19.84,-19.25,1,1708
3.0,181.419751,190.99,0.8,-22.44,22.16,-19.02,-20.25,1,2596
3.0,181.429751,190.81,0.8,-22.78,22.15,-17.53,-20.25,1,2477
3.0,181.439751,190.2,0.88,-22.65,22.12,-15.41,-19.25,1,2350
3.0,181.449750,188.53,0.86,-21.89,22.16,-12.75,-17.25,1,2231
3.0,181.459750,186.15,0.78,-20.06,22.21,-9.64,-15.25,1,2095
3.0,181.469750,183.25,0.85,-17.03,22.25,-6.18,-12.25,1,1976
3.0,181.479751,180.09,0.8,-13.56,22.33,-2.51,-9.25,1,1840
3.0,181.489751,176.31,0.81,-9.82,22.39,1.26,-5.5,1,1713
3.0,181.499750,172.18,0.83,-5.84,22.47,4.97,-1.75,1,2600
3.0,181.509750,167.96,0.83,-1.65,22.55,8.52,2.75,1,2473
3.0,181.519750,163.12,0.86,2.86,22.63,11.76,7.0,1,2354
3.0,181.529751,158.55,0.89,7.48,22.71,14.58,11.25,1,2235
3.0,181.539751,154.78,0.91,12.08,22.81,16.89,14.75,1,2099
3.0,181.549751,151.96,0.93,15.97,22.89,18.6,17.0,1,1972
3.0,181.559751,150.73,0.95,18.54,22.94,19.65,18.25,1,1836
3.0,181.569751,150.38,0.99,19.26,22.96,20.0,18.75,1,1708
3.0,181.579751,150.38,0.98,17.89,22.93,19.65,19.0,1,2605
3.0,181.589751,150.47,0.97,17.17,22.92,18.6,19.0,1,2477
3.0,181.599751,150.91,0.97,16.85,22.91,16.89,18.25,1,2350
3.0,181.609751,152.05,0.92,16.63,22.9,14.58,17.0,1,2240
3.0,181.619751,154.07,0.95,15.39,22.88,11.76,15.0,1,2104
3.0,181.629751,156.8,0.91,12.46,22.79,8.52,12.5,1,1976
3.0,181.639751,159.61,0.87,9.48,22.73,4.97,9.75,1,1841
3.0,181.649751,162.6,0.87,6.12,22.68,1.26,6.25,1,1713
3.0,181.659751,166.2,0.82,2.49,22.61,-2.51,2.75,1,2601
3.0,181.669751,170.95,0.82,-1.43,22.54,-6.18,-1.25,1,2473
3.0,181.679751,175.25,0.8,-5.67,22.46,-9.64,-5.5,1,2354
3.0,181.689751,179.47,0.8,-10.16,22.37,-12.75,-9.75,1,2236
3.0,181.699751,183.08,0.79,-14.64,22.29,-15.41,-13.0,1,2100
3.0,181.709751,185.54,0.83,-18.29,22.21,-17.53,-15.25,1,1972
3.0,181.719751,187.73,0.85,-20.45,22.18,-19.02,-17.75,1,1836
3.0,181.729751,190.55,0.78,-21.68,22.19,-19.84,-19.75,1,1718
3.0,181.739751,192.22,0.8,-23.69,22.13,-19.96,-21.25,1,2605
3.0,181.749751,193.45,0.89,-25.78,22.06,-19.37,-22.0,1,2478
3.0,181.759751,193.01,0.83,-26.18,22.09,-18.1,-22.0,1,2359
3.0,181.769751,192.22,0.83,-25.75,22.09,-16.18,-21.0,1,2240
3.0,181.779750,190.63,0.89,-24.02,22.11,-13.69,-19.25,1,2104
3.0,181.789750,188.0,0.78,-21.51,22.2,-10.72,-17.0,1,1977
3.0,181.799750,185.19,0.84,-18.71,22.23,-7.36,-14.25,1,1841
3.0,181.809751,181.93,0.81,-15.41,22.3,-3.75,-11.0,1,1713
3.0,181.819751,178.33,0.81,-11.66,22.36,0.0,-7.25,1,2601
3.0,181.829751,173.94,0.83,-7.68,22.45,3.75,-3.25,1,2482
3.0,181.839750,169.54,0.82,-3.41,22.53,7.36,0.75,1,2355
3.0,181.849750,165.06,0.85,1.16,22.6,10.72,5.25,1,2236
3.0,181.859750,160.31,0.87,5.81,22.69,13.69,9.75,1,2100
3.0,181.869751,156.27,0.91,10.39,22.79,16.18,13.25,1,1981
3.0,181.879751,153.54,0.9,14.45,22.87,18.1,15.5,1,1845
3.0,181.889751,152.23,0.94,17.18,22.93,19.37,17.25,1,1718
3.0,181.899751,150.29,0.98,17.81,22.95,19.96,19.25,1,2606
3.0,181.909751,148.8,1.01,17.73,22.94,19.84,20.75,1,2478
3.0,181.919751,148.45,0.96,19.4,22.97,19.02,21.25,1,2359
3.0,181.929751,148.27,0.95,20.35,22.99,17.53,20.75,1,2241
3.0,181.939751,149.5,1.01,19.65,22.99,15.41,19.5,1,2105
3.0,181.949751,151.08,0.95,18.13,22.94,12.75,17.75,1,1977
3.0,181.959751,153.46,0.94,15.35,22.87,9.64,15.25,1,1841
3.0,181.969751,156.62,0.9,12.59,22.81,6.18,12.75,1,1722
3.0,181.979751,159.7,0.89,9.29,22.74,2.51,9.25,1,2610
3.0,181.989751,163.74,0.85,5.58,22.68,-1.26,5.75,1,2483
3.0,181.999751,167.7,0.83,1.67,22.61,-4.97,1.75,1,2355
3.0,182.009751,172.18,0.81,-2.51,22.53,-8.52,-2.5,1,2245
3.0,182.019751,176.22,0.8,-7.01,22.45,-11.76,-6.75,1,2109
3.0,182.029751,180.97,0.79,-11.74,22.36,-14.58,-11.25,1,1982
3.0,182.039751,184.75,0.8,-16.36,22.27,-16.89,-14.75,1,1845
3.0,182.049751,187.73,0.84,-20.27,22.18,-18.6,-16.75,1,1718
3.0,182.059751,189.14,0.85,-22.6,22.14,-19.65,-18.0,1,2606
3.0,182.069751,190.37,0.82,-23.31,22.15,-20.0,-19.25,1,2479
3.0,182.079751,191.25,0.79,-23.18,22.17,-19.65,-20.0,1,2360
3.0,182.089751,190.63,0.83,-23.57,22.14,-18.6,-19.75,1,2241
3.0,182.099751,189.76,0.86,-23.16,22.14,-16.89,-18.75,1,2105
3.0,182.109751,188.0,0.82,-21.45,22.19,-14.58,-16.75,1,1977
3.0,182.119750,185.71,0.81,-19.07,22.24,-11.76,-14.75,1,1841
3.0,182.129750,182.9,0.82,-16.3,22.29,-8.52,-11.75,1,1723
3.0,182.139750,179.3,0.8,-13.05,22.35,-4.97,-8.75,1,2610
3.0,182.149751,175.61,0.82,-9.42,22.42,-1.26,-5.25,1,2483
3.0,182.159751,171.83,0.82,-5.55,22.49,2.51,-1.25,1,2364
3.0,182.169750,167.52,0.84,-1.51,22.57,6.18,2.75,1,2246
3.0,182.179750,163.04,0.85,2.97,22.65,9.64,7.25,1,2109
3.0,182.189750,158.64,0.89,7.53,22.73,12.75,11.25,1,1982
3.0,182.199751,155.65,0.9,12.08,22.83,15.41,13.75,1,1846
3.0,182.209751,153.81,0.9,15.72,22.91,17.53,16.0,1,1719
3.0,182.219751,151.17,0.97,16.69,22.93,19.02,18.75,1,2606
3.0,182.229751,148.54,1.02,17.04,22.94,19.84,21.25,1,2488
3.0,182.239751,146.6,0.98,20.01,22.99,19.96,23.25,1,2369
3.0,182.249751,145.11,1.01,22.96,23.07,19.37,24.25,1,2241
3.0,182.259751,144.93,1.03,24.04,23.09,18.1,24.25,1,2105
3.0,182.269751,145.9,1.03,23.7,23.08,16.18,23.25,1,1987
3.0,182.279751,147.48,1.03,21.96,23.03,13.69,21.75,1,1850
3.0,182.289751,149.59,0.97,19.33,22.95,10.72,19.25,1,1731
3.0,182.299751,152.31,0.95,16.66,22.9,7.36,16.75,1,2611
3.0,182.309751,155.74,0.91,13.57,22.84,3.75,13.5,1,2483
3.0,182.319751,158.99,0.88,10.0,22.77,0.0,10.0,1,2373
3.0,182.329751,163.48,0.86,6.01,22.69,-3.75,6.0,1,2246
3.0,182.339751,167.17,0.82,1.8,22.62,-7.36,1.75,1,2110
3.0,182.349751,172.27,0.81,-2.64,22.54,-10.72,-2.75,1,1982
3.0,182.359751,176.84,0.8,-7.31,22.46,-13.69,-7.25,1,1846
3.0,182.369751,181.76,0.79,-12.14,22.36,-16.18,-11.75,1,1727
3.0,182.379751,185.71,0.79,-17.02,22.27,-18.1,-15.25,1,2615
3.0,182.389751,188.53,0.84,-21.05,22.17,-19.37,-17.75,1,2488
3.0,182.399751,189.76,0.86,-23.64,22.13,-19.96,-18.75,1,2369
3.0,182.409751,190.2,0.83,-24.23,22.14,-19.84,-19.25,1,2250
3.0,182.419751,190.2,0.82,-22.96,22.17,-19.02,-19.25,1,2114
3.0,182.429751,190.02,0.81,-22.21,22.18,-17.53,-18.75,1,1987
3.0,182.439751,188.96,0.81,-21.58,22.19,-15.41,-18.25,1,1850
3.0,182.449750,187.73,0.82,-20.11,22.23,-12.75,-17.0,1,1732
3.0,182.459750,185.89,0.81,-18.5,22.26,-9.64,-15.0,1,2611
3.0,182.469750,183.25,0.85,-16.76,22.29,-6.18,-12.25,1,2484
3.0,182.479751,180.26,0.78,-14.14,22.35,-2.51,-9.25,1,2373
3.0,182.489751,176.48,0.83,-10.27,22.41,1.26,-6.0,1,2246
3.0,182.499750,172.53,0.82,-6.37,22.48,4.97,-2.25,1,2110
3.0,182.509750,168.4,0.83,-2.29,22.56,8.52,2.0,1,1991
3.0,182.519750,164.0,0.86,2.15,22.65,11.76,6.25,1,1846
3.0,182.529751,159.52,0.88,6.73,22.73,14.58,10.75,1,1727
3.0,182.539751,155.92,0.9,11.22,22.82,16.89,14.0,1,2615
3.0,182.549751,153.46,0.91,15.09,22.9,18.6,16.0,1,2488
3.0,182.559751,152.05,0.94,17.59,22.96,19.65,17.75,1,2369
3.0,182.569751,150.47,0.98,18.23,22.98,20.0,19.25,1,2251
3.0,182.579751,149.5,1.0,18.05,22.98,19.65,19.75,1,2114
3.0,182.589751,149.94,0.94,18.65,22.98,18.6,19.75,1,1987
3.0,182.599751,149.77,0.95,18.45,22.97,16.89,19.5,1,1851
3.0,182.609751,150.73,1.03,17.98,22.98,14.58,18.5,1,1732
3.0,182.619751,152.05,0.91,17.01,22.93,11.76,16.75,1,2620
3.0,182.629751,154.78,0.92,14.56,22.88,8.52,14.25,1,2492
3.0,182.639751,157.32,0.91,11.73,22.81,4.97,11.75,1,2374
3.0,182.649751,160.93,0.85,8.44,22.74,1.26,8.5,1,2246
3.0,182.659751,164.44,0.86,4.83,22.68,-2.51,4.75,1,2119
3.0,182.669751,168.75,0.81,0.87,22.61,-6.18,0.75,1,1991
3.0,182.679751,173.06,0.81,-3.33,22.53,-9.63,-3.25,1,1855
3.0,182.689751,176.84,0.8,-7.7,22.46,-12.75,-7.75,1,1736
3.0,182.699751,181.76,0.79,-12.5,22.38,-15.41,-11.75,1,2615
3.0,182.709751,184.92,0.81,-17.1,22.27,-17.53,-14.25,1,2488
3.0,182.719751,187.03,0.87,-20.23,22.19,-19.02,-16.5,1,2378
3.0,182.729751,189.67,0.83,-21.51,22.2,-19.84,-18.5,1,2251
3.0,182.739751,190.55,0.75,-22.91,22.2,-19.96,-19.25,1,2114
3.0,182.749751,190.28,0.89,-23.81,22.13,-19.37,-19.25,1,1987
3.0,182.759751,190.2,0.88,-23.14,22.16,-18.1,-19.0,1,1851
3.0,182.769751,189.49,0.75,-21.83,22.23,-16.18,-18.25,1,1758
3.0,182.779750,187.73,0.85,-20.7,22.22,-13.69,-17.0,1,2620
3.0,182.789750,185.89,0.82,-19.34,22.25,-10.72,-15.0,1,2493
3.0,182.799750,183.25,0.82,-16.79,22.3,-7.36,-12.25,1,2374
3.0,182.809751,179.91,0.81,-13.74,22.36,-3.75,-9.25,1,2255
3.0,182.819751,176.66,0.82,-10.15,22.42,0.0,-6.0,1,2119
3.0,182.829751,172.53,0.81,-6.36,22.49,3.75,-2.25,1,1992
3.0,182.839750,168.4,0.84,-2.32,22.57,7.36,2.0,1,1856
3.0,182.849750,163.39,0.85,2.14,22.66,10.72,6.25,1,1754
3.0,182.859750,159.35,0.88,6.7,22.74,13.69,10.75,1,2616
3.0,182.869751,155.57,0.9,11.21,22.83,16.18,14.0,1,2489
3.0,182.879751,153.19,0.92,15.11,22.91,18.1,16.0,1,2378
3.0,182.889751,151.35,0.94,17.7,22.98,19.37,17.75,1,2242
3.0,182.899751,150.12,0.98,18.22,22.99,19.96,19.75,1,2115
3.0,182.909751,148.71,1.01,17.98,22.98,19.84,21.25,1,1996
3.0,182.919751,147.3,0.97,19.51,23.0,19.02,22.25,1,1860
3.0,182.929751,146.69,0.99,21.22,23.03,17.53,22.25,1,1758
3.0,182.939751,147.66,1.03,21.77,23.07,15.41,21.5,1,2620
3.0,182.949751,149.06,0.98,20.69,23.02,12.75,20.0,1,2493
3.0,182.959751,151.0,0.99,17.95,22.96,9.64,17.75,1,2374
3.0,182.969751,153.72,0.9,15.28,22.89,6.18,15.25,1,2247
3.0,182.979751,157.24,0.92,12.16,22.84,2.51,12.0,1,2119
3.0,182.989751,160.66,0.87,8.61,22.76,-1.26,8.5,1,1992
3.0,182.999751,164.09,0.85,4.68,22.69,-4.97,4.75,1,1856
3.0,183.009751,168.75,0.83,0.46,22.61,-8.52,0.5,1,1754
3.0,183.019751,173.41,0.8,-3.97,22.53,-11.76,-4.0,1,2625
3.0,183.029751,178.33,0.8,-8.53,22.45,-14.58,-8.5,1,2497
3.0,183.039751,182.81,0.78,-13.43,22.37,-16.89,-12.75,1,2379
3.0,183.049751,186.24,0.82,-18.12,22.26,-18.6,-15.5,1,2243
3.0,183.059751,188.17,0.87,-21.26,22.18,-19.65,-17.0,1,2115
3.0,183.069751,188.79,0.85,-22.59,22.18,-20.0,-18.0,1,1997
3.0,183.079751,189.32,0.8,-22.76,22.18,-19.65,-18.25,1,1861
3.0,183.089751,189.05,0.82,-21.77,22.21,-18.6,-17.75,1,1750
3.0,183.099751,187.82,0.83,-21.1,22.22,-16.89,-16.5,1,2621
3.0,183.109751,185.71,0.84,-19.14,22.27,-14.58,-14.75,1,2493
3.0,183.119750,183.25,0.8,-16.7,22.32,-11.76,-12.75,1,2383
3.0,183.129750,180.97,0.82,-13.89,22.36,-8.52,-10.75,1,2247
3.0,183.139750,178.59,0.79,-11.28,22.43,-4.97,-8.0,1,2120
3.0,183.149751,175.17,0.83,-8.66,22.46,-1.26,-5.0,1,1992
3.0,183.159751,172.18,0.84,-5.62,22.52,2.51,-1.25,1,1865
3.0,183.169750,167.96,0.81,-2.06,22.59,6.18,2.25,1,1754
3.0,183.179750,163.65,0.87,2.25,22.67,9.63,6.5,1,2625
3.0,183.189750,158.99,0.87,6.61,22.75,12.75,10.5,1,2498
3.0,183.199751,155.92,0.9,10.99,22.83,15.41,13.75,1,2379
3.0,183.209751,153.46,0.91,14.71,22.91,17.53,15.75,1,2243
3.0,183.219751,152.49,0.93,17.15,22.97,19.02,17.25,1,2124
3.0,183.229751,150.73,0.98,17.6,22.98,19.84,19.25,1,1997
3.0,183.239751,148.62,1.01,17.46,22.97,19.96,21.25,1,1861
3.0,183.249751,147.48,0.99,19.84,23.01,19.37,22.25,1,1759
3.0,183.259751,147.22,0.97,21.67,23.06,18.1,22.0,1,2621
3.0,183.269751,147.92,1.01,21.42,23.06,16.18,21.0,1,2502
3.0,183.279751,149.94,1.0,20.21,23.03,13.69,19.5,1,2383
3.0,183.289751,151.79,0.96,17.29,22.95,10.72,17.25,1,2248
3.0,183.299751,154.34,0.91,14.65,22.89,7.36,14.5,1,2120
3.0,183.309751,157.59,0.9,11.54,22.83,3.75,11.25,1,2001
3.0,183.319751,161.72,0.87,7.91,22.76,0.0,7.75,1,1865
3.0,183.329751,165.5,0.84,4.01,22.68,-3.75,4.0,1,1764
3.0,183.339751,169.54,0.82,-0.12,22.6,-7.36,-0.25,1,2626
3.0,183.349751,174.2,0.8,-4.64,22.53,-10.72,-4.75,1,2498
3.0,183.359751,178.59,0.8,-9.33,22.45,-13.69,-8.75,1,2379
3.0,183.369751,182.72,0.79,-13.82,22.35,-16.18,-12.75,1,2252
3.0,183.379751,185.89,0.82,-17.81,22.28,-18.1,-15.75,1,2125
3.0,183.389751,188.35,0.83,-20.84,22.22,-19.37,-17.25,1,1997
3.0,183.399751,188.96,0.83,-22.87,22.18,-19.96,-18.75,1,1861
3.0,183.409751,190.81,0.83,-23.09,22.19,-19.84,-19.75,1,1759
3.0,183.419751,191.25,0.76,-22.83,22.22,-19.02,-20.5,1,2630
3.0,183.429751,191.43,0.87,-23.73,22.16,-17.53,-20.75,1,2503
3.0,183.439751,190.9,0.85,-23.64,22.17,-15.41,-19.75,1,2384
3.0,183.449750,189.67,0.78,-22.68,22.22,-12.75,-18.25,1,2248
3.0,183.459750,187.21,0.89,-20.84,22.23,-9.64,-16.25,1,2129
3.0,183.469750,184.39,0.77,-17.96,22.31,-6.18,-13.5,1,2002
3.0,183.479751,181.23,0.82,-14.62,22.36,-2.51,-10.25,1,1865
3.0,183.489751,177.45,0.81,-10.93,22.43,1.26,-6.75,1,1764
3.0,183.499750,173.5,0.81,-7.15,22.5,4.97,-2.75,1,2626
3.0,183.509750,169.19,0.84,-2.86,22.58,8.52,1.25,1,2498
3.0,183.519750,164.62,0.84,1.61,22.66,11.76,5.75,1,2388
3.0,183.529751,159.7,0.89,6.25,22.76,14.58,10.25,1,2252
3.0,183.539751,155.83,0.89,10.89,22.84,16.89,13.75,1,2125
3.0,183.549751,153.19,0.91,14.86,22.92,18.6,15.75,1,1997
3.0,183.559751,151.96,0.93,17.45,22.98,19.65,17.75,1,1861
3.0,183.569751,150.47,0.98,18.26,23.0,20.0,19.25,1,1769
3.0,183.579751,149.41,1.01,18.39,23.01,19.65,20.0,1,2630
3.0,183.589751,149.5,0.94,18.91,23.01,18.6,19.75,1,2503
3.0,183.599751,150.38,0.94,18.85,23.01,16.89,18.5,1,2384
3.0,183.609751,152.05,1.0,17.46,22.99,14.58,16.75,1,2256
3.0,183.619751,155.13,0.9,14.68,22.9,11.76,14.75,1,2129
3.0,183.629751,157.5,0.91,11.95,22.85,8.52,11.75,1,2002
3.0,183.639751,160.58,0.87,8.77,22.78,4.97,8.75,1,1866
3.0,183.649751,164.44,0.85,5.19,22.72,1.26,5.25,1,1764
3.0,183.659751,167.78,0.83,1.37,22.65,-2.51,1.25,1,2626
3.0,183.669751,172.18,0.8,-2.7,22.57,-6.18,-2.75,1,2507
3.0,183.679751,176.84,0.81,-7.01,22.5,-9.63,-7.0,1,2389
3.0,183.689751,180.79,0.79,-11.66,22.42,-12.75,-10.75,1,2252
3.0,183.699751,183.6,0.81,-16.02,22.32,-15.41,-13.25,1,2125
3.0,183.709751,185.8,0.86,-19.08,22.25,-17.53,-15.5,1,2006
3.0,183.719751,188.7,0.82,-20.23,22.25,-19.02,-18.0,1,1870
3.0,183.729751,190.72,0.72,-21.44,22.27,-19.84,-20.25,1,1769
3.0,183.739751,192.13,0.83,-23.74,22.18,-19.96,-21.25,1,2631
3.0,183.749751,192.48,0.92,-25.97,22.1,-19.37,-21.75,1,2503
3.0,183.759751,192.22,0.82,-25.72,22.15,-18.1,-21.0,1,2384
3.0,183.769751,190.72,0.82,-24.41,22.18,-16.18,-19.5,1,2257
3.0,183.779750,188.7,0.85,-21.99,22.23,-13.69,-17.5,1,2129
3.0,183.789750,186.24,0.8,-19.45,22.29,-10.72,-15.0,1,2002
3.0,183.799750,182.9,0.82,-16.41,22.34,-7.36,-12.0,1,1866
3.0,183.809751,179.65,0.81,-12.91,22.4,-3.75,-8.75,1,1765
4.0,185.839750,175.96,0.81,-9.31,22.53,3.96,-5.25,1,2414
4.0,185.849750,172.35,0.82,-5.83,22.6,7.67,-1.75,1,2277
4.0,185.859750,167.96,0.83,-1.9,22.67,10.9,2.25,1,2159
4.0,185.869751,163.65,0.84,2.44,22.74,13.44,6.5,1,2023
4.0,185.879751,159.52,0.88,6.96,22.83,15.14,10.25,1,1895
4.0,185.889751,156.88,0.89,11.39,22.92,15.89,12.75,1,2792
4.0,185.899751,155.39,0.88,14.88,22.99,15.64,14.25,1,2656
4.0,185.909751,154.51,0.92,15.86,23.02,14.4,14.25,1,2537
4.0,185.919751,154.95,0.94,14.72,22.99,12.27,14.25,1,2418
4.0,185.929750,155.21,0.89,13.58,22.95,9.36,13.75,1,2282
4.0,185.939750,156.45,0.94,12.44,22.92,5.86,12.5,1,2155
4.0,185.949750,158.82,0.87,11.1,22.89,2.0,10.5,1,2027
4.0,185.959750,161.02,0.85,8.7,22.85,-2.0,8.0,1,1900
4.0,185.969750,164.09,0.87,5.66,22.79,-5.86,5.0,1,2788
4.0,185.979750,167.78,0.8,2.13,22.72,-9.36,1.5,1,2660
4.0,185.989751,171.74,0.82,-1.71,22.65,-12.27,-2.25,1,2533
4.0,185.999751,176.22,0.79,-5.85,22.58,-14.4,-6.5,1,2414
4.0,186.009751,180.09,0.79,-10.39,22.5,-15.64,-10.25,1,2278
4.0,186.019751,182.81,0.8,-14.69,22.41,-15.89,-12.5,1,2159
4.0,186.029751,184.22,0.85,-17.53,22.35,-15.14,-13.75,1,2023
4.0,186.039751,184.92,0.85,-18.44,22.34,-13.44,-14.0,1,1904
4.0,186.049750,184.57,0.77,-18.22,22.36,-10.9,-13.25,1,2792
4.0,186.059750,182.9,0.83,-16.21,22.39,-7.67,-12.0,1,2665
4.0,186.069750,180.79,0.81,-14.02,22.45,-3.96,-9.75,1,2537
4.0,186.079751,177.98,0.8,-11.24,22.5,0.0,-7.25,1,2419
4.0,186.089750,174.99,0.82,-8.1,22.55,3.96,-4.0,1,2282
4.0,186.099750,171.04,0.81,-4.57,22.62,7.67,-0.5,1,2155
4.0,186.109750,166.55,0.84,-0.56,22.69,10.9,3.25,1,2028
4.0,186.119751,162.69,0.85,3.72,22.77,13.44,7.75,1,1900
4.0,186.129751,158.38,0.89,8.2,22.86,15.14,11.5,1,2788
4.0,186.139751,155.39,0.9,12.66,22.95,15.89,14.0,1,2660
4.0,186.149751,153.98,0.89,16.26,23.02,15.64,15.25,1,2542
4.0,186.159751,153.02,0.94,17.17,23.06,14.4,15.75,1,2415
4.0,186.169751,153.98,0.95,15.97,23.03,12.27,15.0,1,2287
4.0,186.179750,155.48,0.89,14.6,22.98,9.36,13.75,1,2159
4.0,186.189750,157.15,0.92,12.56,22.92,5.86,11.75,1,2032
4.0,186.199750,159.7,0.87,10.02,22.87,2.0,9.25,1,1905
4.0,186.209750,162.95,0.85,6.98,22.83,-2.0,6.5,1,2793
4.0,186.219750,166.38,0.83,3.65,22.76,-5.86,3.0,1,2665
4.0,186.229750,170.68,0.81,-0.07,22.69,-9.36,-0.75,1,2546
4.0,186.239751,174.55,0.8,-4.22,22.62,-12.27,-4.75,1,2419
4.0,186.249751,178.77,0.79,-8.71,22.54,-14.4,-9.25,1,2283
4.0,186.259751,182.99,0.78,-13.25,22.45,-15.64,-13.0,1,2155
4.0,186.269751,186.42,0.8,-17.68,22.36,-15.89,-15.5,1,2028
4.0,186.279751,187.82,0.87,-20.77,22.29,-15.14,-16.75,1,1900
4.0,186.289751,188.09,0.84,-21.7,22.28,-13.44,-17.0,1,2788
4.0,186.299750,187.47,0.79,-21.18,22.3,-10.9,-16.25,1,2661
4.0,186.309750,185.71,0.83,-19.08,22.35,-7.67,-14.75,1,2551
4.0,186.319750,183.43,0.81,-16.84,22.41,-3.96,-12.75,1,2423
4.0,186.329751,180.97,0.81,-14.07,22.46,-0.0,-10.0,1,2287
4.0,186.339750,177.63,0.8,-10.82,22.52,3.96,-6.75,1,2159
4.0,186.349750,173.85,0.81,-7.14,22.58,7.67,-3.25,1,2033
4.0,186.359750,169.54,0.83,-3.17,22.65,10.9,0.75,1,1914
4.0,186.369751,165.41,0.84,1.2,22.74,13.44,5.0,1,2793
4.0,186.379751,161.02,0.87,5.76,22.83,15.14,9.25,1,2665
4.0,186.389751,156.97,0.89,10.28,22.92,15.89,12.75,1,2546
4.0,186.399751,154.34,0.89,14.16,22.99,15.64,14.75,1,2419
4.0,186.409751,153.81,0.92,16.61,23.04,14.4,15.5,1,2292
4.0,186.419751,153.37,0.95,17.06,23.06,12.27,15.5,1,2164
4.0,186.429750,154.34,0.93,15.47,23.02,9.36,14.75,1,2028
4.0,186.439750,156.18,0.9,13.74,22.97,5.86,13.0,1,1910
4.0,186.449751,158.2,0.9,11.4,22.91,2.0,10.75,1,2797
4.0,186.459751,161.1,0.86,8.63,22.86,-2.0,8.0,1,2670
4.0,186.469750,164.36,0.85,5.42,22.8,-5.86,4.75,1,2551
4.0,186.479750,168.49,0.82,1.76,22.73,-9.36,1.25,1,2423
4.0,186.489751,172.35,0.8,-2.22,22.66,-12.27,-2.75,1,2287
4.0,186.499751,176.66,0.8,-6.43,22.59,-14.4,-7.0,1,2160
4.0,186.509751,180.97,0.78,-11.06,22.51,-15.64,-10.75,1,2033
4.0,186.519751,183.96,0.8,-15.51,22.41,-15.89,-13.25,1,1870
4.0,186.529751,185.36,0.86,-18.49,22.34,-15.14,-14.75,1,2793
4.0,186.539751,186.06,0.83,-19.46,22.34,-13.44,-15.0,1,2665
4.0,186.549750,184.92,0.78,-19.19,22.35,-10.9,-14.25,1,2547
4.0,186.559750,183.96,0.83,-17.17,22.39,-7.67,-13.0,1,2428
4.0,186.569750,181.76,0.8,-15.12,22.45,-3.96,-11.0,1,2292
4.0,186.579751,179.12,0.81,-12.42,22.49,-0.0,-8.25,1,2164
4.0,186.589750,175.78,0.81,-9.24,22.55,3.96,-5.25,1,2029
4.0,186.599750,172.18,0.82,-5.77,22.62,7.67,-1.75,1,1918
4.0,186.609750,168.13,0.83,-1.83,22.69,10.9,2.25,1,2798
4.0,186.619751,163.83,0.84,2.49,22.76,13.44,6.25,1,2670
4.0,186.629751,159.61,0.88,7.02,22.85,15.14,10.5,1,2551
4.0,186.639751,155.92,0.9,11.5,22.94,15.89,13.75,1,2424
4.0,186.649751,153.46,0.91,15.37,23.02,15.64,15.75,1,2288
4.0,186.659751,152.58,0.92,17.82,23.08,14.4,17.0,1,2160
4.0,186.669751,151.35,0.97,18.11,23.09,12.27,17.75,1,2033
4.0,186.679750,151.52,0.96,17.38,23.06,9.36,17.25,1,1914
4.0,186.689750,152.75,0.93,17.14,23.05,5.86,16.25,1,2802
4.0,186.699751,154.34,0.93,15.26,23.0,2.0,14.25,1,2675
4.0,186.709751,157.15,0.91,12.7,22.94,-2.0,11.75,1,2556
4.0,186.719750,160.22,0.86,9.61,22.88,-5.86,8.75,1,2428
4.0,186.729750,163.74,0.85,6.12,22.82,-9.36,5.5,1,2292
4.0,186.739751,167.96,0.82,2.22,22.75,-12.27,1.75,1,2165
4.0,186.749751,172.09,0.81,-1.93,22.68,-14.4,-2.75,1,2037
4.0,186.759751,176.66,0.79,-6.45,22.6,-15.64,-6.75,1,1936
4.0,186.769751,180.09,0.79,-11.1,22.5,-15.89,-10.0,1,2798
4.0,186.779751,182.46,0.82,-14.73,22.42,-15.14,-11.75,1,2670
4.0,186.789751,183.78,0.84,-16.71,22.39,-13.44,-12.75,1,2551
4.0,186.799750,183.6,0.81,-17.19,22.39,-10.9,-12.5,1,2424
4.0,186.809750,182.29,0.8,-16.13,22.41,-7.67,-11.5,1,2297
4.0,186.819750,180.44,0.81,-13.84,22.47,-3.96,-9.75,1,2169
4.0,186.829751,178.24,0.81,-11.4,22.52,0.0,-7.25,1,2033
4.0,186.839750,174.81,0.81,-8.49,22.58,3.96,-4.5,1,1940
4.0,186.849750,172.0,0.81,-5.12,22.64,7.67,-1.25,1,2802
4.0,186.859750,167.61,0.83,-1.27,22.7,10.9,2.75,1,2675
4.0,186.869751,163.48,0.85,2.85,22.78,13.44,6.75,1,2556
4.0,186.879751,159.26,0.88,7.27,22.86,15.14,10.75,1,2420
4.0,186.889751,155.57,0.9,11.67,22.95,15.89,14.0,1,2293
4.0,186.899751,153.02,0.91,15.47,23.03,15.64,15.75,1,2165
4.0,186.909751,152.58,0.93,17.81,23.08,14.4,17.0,1,2038
4.0,186.919751,151.61,0.96,18.09,23.1,12.27,17.75,1,1936
4.0,186.929750,151.7,0.96,17.36,23.07,9.36,17.25,1,2798
4.0,186.939750,153.02,0.93,16.94,23.06,5.86,16.0,1,2670
4.0,186.949751,154.34,0.92,14.97,23.0,2.0,14.25,1,2552
4.0,186.959751,157.24,0.91,12.46,22.95,-2.0,11.75,1,2424
4.0,186.969750,160.22,0.85,9.37,22.88,-5.86,8.75,1,2297
4.0,186.979750,164.44,0.86,5.87,22.82,-9.36,5.25,1,2169
4.0,186.989751,167.96,0.81,1.96,22.75,-12.27,1.25,1,2033
4.0,186.999751,172.18,0.8,-2.25,22.67,-14.4,-3.0,1,1941
4.0,187.009751,177.19,0.8,-6.76,22.6,-15.64,-7.25,1,2802
4.0,187.019751,181.14,0.78,-11.61,22.51,-15.89,-11.25,1,2675
4.0,187.029751,184.57,0.8,-16.17,22.41,-15.14,-13.75,1,2556
4.0,187.039751,186.24,0.86,-19.24,22.34,-13.44,-15.25,1,2420
4.0,187.049750,186.42,0.84,-20.22,22.33,-10.9,-15.5,1,2293
4.0,187.059750,186.15,0.78,-19.78,22.35,-7.67,-14.75,1,2165
4.0,187.069750,184.39,0.82,-17.74,22.4,-3.96,-13.5,1,2038
4.0,187.079751,182.11,0.82,-15.62,22.46,0.0,-11.25,1,1937
4.0,187.089750,179.56,0.8,-12.87,22.51,3.96,-8.75,1,2807
4.0,187.099750,176.31,0.81,-9.56,22.56,7.67,-5.5,1,2680
4.0,187.109750,172.35,0.82,-5.86,22.63,10.9,-1.75,1,2561
4.0,187.119751,167.96,0.82,-1.88,22.71,13.44,2.25,1,2424
4.0,187.129751,164.0,0.85,2.59,22.78,15.14,6.5,1,2297
4.0,187.139751,159.08,0.88,7.19,22.87,15.89,10.25,1,2170
4.0,187.149751,156.18,0.89,11.7,22.96,15.64,13.0,1,2043
4.0,187.159751,154.78,0.88,15.29,23.04,14.4,14.25,1,1941
4.0,187.169751,154.07,0.92,16.32,23.06,12.27,15.0,1,2803
4.0,187.179750,153.9,0.95,15.2,23.04,9.36,15.25,1,2675
4.0,187.189750,154.34,0.91,14.63,23.02,5.86,14.5,1,2557
4.0,187.199751,156.01,0.93,13.9,23.01,2.0,13.25,1,2420
4.0,187.209751,158.29,0.86,11.84,22.93,-2.0,11.0,1,2301
4.0,187.219750,160.58,0.89,9.2,22.89,-5.86,8.25,1,2174
4.0,187.229750,164.18,0.83,5.95,22.83,-9.36,5.25,1,2038
4.0,187.239751,167.7,0.83,2.21,22.76,-12.27,1.5,1,1945
4.0,187.249751,172.18,0.8,-1.83,22.69,-14.4,-2.5,1,2807
4.0,187.259751,176.04,0.79,-6.11,22.62,-15.64,-6.75,1,2680
4.0,187.269751,180.79,0.79,-10.82,22.53,-15.89,-10.75,1,2561
4.0,187.279751,183.25,0.79,-15.22,22.44,-15.14,-13.0,1,2425
4.0,187.289751,184.83,0.86,-18.17,22.37,-13.44,-14.25,1,2297
4.0,187.299750,185.27,0.83,-19.09,22.37,-10.9,-14.25,1,2170
4.0,187.309750,184.57,0.78,-18.7,22.38,-7.67,-13.75,1,2043
4.0,187.319750,182.9,0.82,-16.37,22.43,-3.96,-12.0,1,1941
4.0,187.329751,180.62,0.8,-13.97,22.49,-0.0,-9.75,1,2803
4.0,187.339750,177.28,0.81,-11.08,22.55,3.96,-7.0,1,2684
4.0,187.349750,174.29,0.81,-7.72,22.6,7.67,-3.75,1,2557
4.0,187.359750,170.24,0.81,-3.99,22.67,10.9,0.25,1,2429
4.0,187.369751,166.11,0.84,0.19,22.75,13.44,4.25,1,2302
4.0,187.379751,161.54,0.85,4.63,22.83,15.14,8.5,1,2175
4.0,187.389751,157.06,0.89,9.16,22.92,15.89,12.25,1,2038
4.0,187.399751,154.34,0.9,13.66,23.01,15.64,15.0,1,1945
4.0,187.409751,152.93,0.9,17.3,23.08,14.4,16.25,1,2807
4.0,187.419751,152.23,0.94,18.22,23.11,12.27,16.75,1,2680
4.0,187.429750,152.93,0.97,16.94,23.09,9.36,16.0,1,2552
4.0,187.439750,154.51,0.89,15.39,23.03,5.86,14.5,1,2425
4.0,187.449751,156.62,0.92,13.27,22.98,2.0,12.5,1,2298
4.0,187.459751,159.26,0.87,10.57,22.92,-2.0,9.75,1,2179
4.0,187.469750,162.33,0.85,7.39,22.86,-5.86,6.75,1,2043
4.0,187.479750,166.03,0.83,3.77,22.8,-9.36,3.25,1,1950
4.0,187.489751,170.86,0.8,-0.15,22.73,-12.27,-0.75,1,2812
4.0,187.499751,174.73,0.8,-4.49,22.65,-14.4,-5.25,1,2684
4.0,187.509751,178.77,0.78,-9.14,22.57,-15.64,-9.0,1,2557
4.0,187.519751,181.58,0.8,-13.61,22.47,-15.89,-11.25,1,2429
4.0,187.529751,183.25,0.85,-16.43,22.41,-15.14,-12.75,1,2302
4.0,187.539751,183.96,0.83,-17.21,22.42,-13.44,-13.0,1,2175
4.0,187.549750,183.08,0.78,-17.18,22.43,-10.9,-12.25,1,2047
4.0,187.559750,181.76,0.82,-15.44,22.46,-7.67,-11.0,1,1946
4.0,187.569750,179.65,0.81,-13.15,22.51,-3.96,-9.0,1,2807
4.0,187.579751,177.28,0.81,-10.51,22.56,0.0,-6.25,1,2680
4.0,187.589750,174.02,0.81,-7.4,22.62,3.96,-3.25,1,2562
4.0,187.599750,170.24,0.82,-3.79,22.68,7.67,0.25,1,2425
4.0,187.609750,166.2,0.83,0.11,22.76,10.9,4.25,1,2306
4.0,187.619751,161.72,0.86,4.31,22.84,13.44,8.25,1,2179
4.0,187.629751,157.59,0.88,8.73,22.92,15.14,12.0,1,2043
4.0,187.639751,154.34,0.9,13.21,23.01,15.89,14.5,1,1950
4.0,187.649751,153.46,0.9,16.75,23.08,15.64,15.75,1,2812
4.0,187.659751,152.67,0.94,17.64,23.1,14.4,16.5,1,2685
4.0,187.669751,152.31,0.96,16.55,23.08,12.27,16.75,1,2566
4.0,187.679750,152.84,0.92,16.0,23.06,9.36,16.0,1,2430
4.0,187.689750,154.6,0.94,15.23,23.05,5.86,14.5,1,2302
4.0,187.699751,156.45,0.87,13.2,22.97,2.0,12.5,1,2175
4.0,187.709751,159.7,0.9,10.54,22.93,-2.0,9.75,1,2047
4.0,187.719750,162.69,0.84,7.32,22.87,-5.86,6.75,1,1946
4.0,187.729750,166.2,0.83,3.71,22.81,-9.36,3.0,1,2808
4.0,187.739751,170.07,0.8,-0.21,22.74,-12.27,-0.75,1,2689
4.0,187.749751,174.55,0.79,-4.54,22.66,-14.4,-5.25,1,2570
4.0,187.759751,179.12,0.79,-9.15,22.58,-15.64,-8.75,1,2434
4.0,187.769751,181.67,0.78,-13.57,22.49,-15.89,-11.25,1,2306
4.0,187.779751,183.43,0.86,-16.4,22.42,-15.14,-12.75,1,2179
4.0,187.789751,183.78,0.83,-17.34,22.42,-13.44,-13.0,1,2043
4.0,187.799750,183.08,0.78,-17.18,22.44,-10.9,-12.25,1,1950
4.0,187.809750,181.93,0.82,-15.18,22.47,-7.67,-11.0,1,2812
4.0,187.819750,179.56,0.8,-13.06,22.52,-3.96,-8.75,1,2685
4.0,187.829750,176.66,0.81,-10.38,22.57,0.0,-6.25,1,2566
4.0,187.839750,173.5,0.8,-7.27,22.63,3.96,-3.25,1,2430
4.0,187.849750,169.8,0.82,-3.68,22.69,7.67,0.25,1,2302
4.0,187.859750,166.2,0.83,0.22,22.77,10.9,4.25,1,2184
4.0,187.869751,161.98,0.85,4.45,22.85,13.44,8.5,1,2048
4.0,187.879751,157.68,0.89,8.86,22.93,15.14,12.25,1,1955
4.0,187.889751,154.51,0.9,13.32,23.01,15.89,14.75,1,2817
4.0,187.899751,153.19,0.9,16.89,23.09,15.64,16.0,1,2689
4.0,187.909751,152.75,0.94,17.84,23.11,14.4,16.25,1,2570
4.0,187.919751,153.46,0.96,16.58,23.09,12.27,15.75,1,2434
4.0,187.929750,154.69,0.89,15.12,23.04,9.36,14.25,1,2307
4.0,187.939750,156.53,0.92,13.05,22.98,5.86,12.25,1,2180
4.0,187.949751,159.52,0.86,10.48,22.93,2.0,9.75,1,2043
4.0,187.959751,162.16,0.86,7.49,22.88,-2.0,6.75,1,1950
4.0,187.969750,165.67,0.83,4.04,22.82,-5.86,3.25,1,2812
4.0,187.979750,169.98,0.8,0.32,22.75,-9.36,-0.25,1,2685
4.0,187.989751,174.02,0.8,-3.89,22.68,-12.27,-4.5,1,2566
4.0,187.999751,178.77,0.78,-8.41,22.6,-14.4,-9.0,1,2430
4.0,188.009751,182.72,0.78,-12.99,22.51,-15.64,-12.75,1,2311
4.0,188.019751,185.98,0.8,-17.52,22.42,-15.89,-15.25,1,2184
4.0,188.029751,187.82,0.86,-20.56,22.35,-15.14,-16.75,1,2048
4.0,188.039751,187.65,0.84,-21.62,22.34,-13.44,-16.75,1,1955
4.0,188.049750,187.21,0.79,-21.24,22.35,-10.9,-16.25,1,2817
4.0,188.059750,186.06,0.83,-19.06,22.41,-7.67,-14.75,1,2689
4.0,188.069750,183.43,0.79,-16.86,22.47,-3.96,-12.75,1,2571
4.0,188.079751,180.62,0.81,-14.13,22.51,-0.0,-10.0,1,2435
4.0,188.089750,177.28,0.8,-10.91,22.57,3.96,-6.75,1,2307
4.0,188.099750,173.85,0.81,-7.26,22.63,7.67,-3.25,1,2180
4.0,188.109750,169.72,0.82,-3.3,22.71,10.9,0.75,1,2043
4.0,188.119751,165.15,0.83,1.06,22.79,13.44,5.0,1,1951
4.0,188.129751,160.75,0.87,5.62,22.88,15.14,9.25,1,2813
4.0,188.139751,157.24,0.88,10.18,22.97,15.89,12.5,1,2694
4.0,188.149751,154.69,0.89,14.22,23.04,15.64,14.5,1,2567
4.0,188.159751,153.54,0.92,16.54,23.09,14.4,15.5,1,2439
4.0,188.169751,153.46,0.93,16.67,23.1,12.27,15.5,1,2312
4.0,188.179750,154.78,0.92,15.49,23.07,9.36,14.5,1,2184
4.0,188.189750,156.09,0.91,13.66,23.02,5.86,13.0,1,2048
4.0,188.199751,158.03,0.89,11.36,22.96,2.0,10.75,1,1955
4.0,188.209751,161.02,0.86,8.61,22.91,-2.0,8.0,1,2817
4.0,188.219750,164.18,0.85,5.39,22.85,-5.86,4.75,1,2690
4.0,188.229750,168.4,0.82,1.74,22.79,-9.36,1.25,1,2571
4.0,188.239751,172.18,0.8,-2.21,22.71,-12.27,-2.75,1,2435
4.0,188.249751,177.19,0.79,-6.42,22.64,-14.4,-7.0,1,2307
4.0,188.259751,180.97,0.78,-11.04,22.56,-15.64,-10.75,1,2188
4.0,188.269751,183.78,0.79,-15.47,22.47,-15.89,-13.25,1,2053
4.0,188.279751,185.45,0.86,-18.39,22.39,-15.14,-14.75,1,1951
4.0,188.289751,185.98,0.83,-19.43,22.39,-13.44,-15.0,1,2822
4.0,188.299750,185.36,0.78,-19.28,22.41,-10.9,-14.25,1,2694
4.0,188.309750,183.96,0.82,-17.18,22.44,-7.67,-13.0,1,2575
4.0,188.319750,181.93,0.8,-15.09,22.5,-3.96,-11.0,1,2440
4.0,188.329751,178.95,0.81,-12.4,22.55,0.0,-8.25,1,2312
4.0,188.339750,175.61,0.8,-9.22,22.61,3.96,-5.25,1,2184
4.0,188.349750,172.18,0.81,-5.74,22.68,7.67,-1.75,1,2049
4.0,188.359750,167.96,0.83,-1.79,22.74,10.9,2.25,1,2945
4.0,188.369751,163.83,0.84,2.56,22.82,13.44,6.5,1,2818
4.0,188.379751,159.08,0.88,7.05,22.9,15.14,10.25,1,2690
4.0,188.389751,156.45,0.89,11.49,22.99,15.89,12.75,1,2580
4.0,188.399751,154.86,0.88,15.12,23.07,15.64,14.25,1,2436
4.0,188.409751,154.34,0.92,16.21,23.1,14.4,14.5,1,2317
4.0,188.419751,155.13,0.94,14.96,23.07,12.27,14.25,1,2189
4.0,188.429750,154.86,0.89,13.77,23.02,9.36,13.75,1,2053
4.0,188.439750,156.8,0.94,12.74,23.0,5.86,12.75,1,2949
4.0,188.449751,158.55,0.87,11.41,22.97,2.0,10.75,1,2822
4.0,188.459751,160.66,0.85,9.0,22.92,-2.0,8.25,1,2695
4.0,188.469750,163.39,0.87,5.94,22.87,-5.86,5.25,1,2576
4.0,188.479750,167.52,0.8,2.43,22.8,-9.36,1.75,1,2440
4.0,188.489751,171.74,0.81,-1.4,22.73,-12.27,-2.25,1,2313
4.0,188.499751,176.22,0.79,-5.53,22.66,-14.4,-6.25,1,2176
4.0,188.509751,180.09,0.79,-10.08,22.58,-15.64,-10.25,1,2058
4.0,188.519751,184.22,0.78,-14.55,22.5,-15.89,-13.5,1,2945
4.0,188.529751,186.59,0.82,-18.35,22.42,-15.14,-15.5,1,2818
4.0,188.539751,187.03,0.84,-20.51,22.37,-13.44,-16.25,1,2699
4.0,188.549750,187.21,0.8,-20.89,22.39,-10.9,-16.0,1,2581
4.0,188.559750,185.71,0.81,-19.37,22.41,-7.67,-14.75,1,2444
4.0,188.569750,183.96,0.82,-17.13,22.46,-3.96,-13.0,1,2317
4.0,188.579751,181.41,0.79,-14.53,22.52,0.0,-10.5,1,2181
4.0,188.589750,177.98,0.81,-11.51,22.57,3.96,-7.5,1,2053
4.0,188.599750,174.99,0.8,-8.0,22.63,7.67,-4.0,1,2950
4.0,188.609750,170.51,0.82,-4.16,22.7,10.9,-0.25,1,2823
4.0,188.619751,166.38,0.83,0.17,22.78,13.44,4.0,1,2695
4.0,188.629751,161.63,0.85,4.67,22.87,15.14,8.75,1,2576
4.0,188.639751,157.06,0.89,9.34,22.96,15.89,12.5,1,2440
4.0,188.649751,153.81,0.9,13.96,23.05,15.64,15.25,1,2313
4.0,188.659751,152.67,0.9,17.63,23.12,14.4,16.75,1,2185
4.0,188.669751,151.96,0.95,18.58,23.15,12.27,17.0,1,2058
4.0,188.679750,153.19,0.96,17.42,23.13,9.36,16.25,1,2946
4.0,188.689750,154.16,0.9,15.99,23.08,5.86,15.25,1,2827
4.0,188.699751,155.83,0.93,14.02,23.03,2.0,13.25,1,2700
4.0,188.709751,158.73,0.87,11.42,22.97,-2.0,10.5,1,2581
4.0,188.719750,161.89,0.86,8.26,22.92,-5.86,7.5,1,2444
4.0,188.729750,165.32,0.83,4.7,22.85,-9.36,4.0,1,2317
4.0,188.739751,169.28,0.81,0.78,22.78,-12.27,-0.0,1,2181
4.0,188.749751,173.85,0.8,-3.55,22.7,-14.4,-4.25,1,2062
4.0,188.759751,178.33,0.78,-8.15,22.63,-15.64,-8.5,1,2950
4.0,188.769751,181.58,0.78,-12.65,22.53,-15.89,-11.75,1,2823
4.0,188.779751,184.39,0.81,-16.42,22.46,-15.14,-13.75,1,2696
4.0,188.789751,185.89,0.84,-18.39,22.42,-13.44,-14.5,1,2585
4.0,188.799750,185.1,0.81,-19.03,22.42,-10.9,-14.25,1,2440
4.0,188.809750,183.87,0.8,-18.09,22.44,-7.67,-13.25,1,2322
4.0,188.819750,182.11,0.81,-15.69,22.5,-3.96,-11.5,1,2186
4.0,188.829751,179.65,0.8,-13.18,22.56,-0.0,-9.25,1,2058
4.0,188.839750,176.92,0.81,-10.12,22.61,3.96,-6.25,1,2955
4.0,188.849750,173.32,0.81,-6.68,22.67,7.67,-2.75,1,2827
4.0,188.859750,169.1,0.81,-2.94,22.74,10.9,1.0,1,2700
4.0,188.869751,165.32,0.85,1.3,22.82,13.44,5.25,1,2581
4.0,188.879751,160.75,0.86,5.74,22.9,15.14,9.25,1,2445
4.0,188.889751,156.71,0.89,10.18,22.99,15.89,12.5,1,2318
4.0,188.899751,154.78,0.89,13.98,23.06,15.64,14.25,1,2182
4.0,188.909751,153.54,0.91,16.34,23.11,14.4,15.25,1,2063
4.0,188.919751,154.07,0.94,16.63,23.13,12.27,15.25,1,2951
4.0,188.929750,155.04,0.92,15.11,23.07,9.36,14.25,1,2823
4.0,188.939751,156.45,0.91,13.48,23.04,5.86,12.75,1,2704
4.0,188.949751,158.55,0.89,11.26,22.98,2.0,10.5,1,2586
4.0,188.959751,161.1,0.86,8.51,22.93,-2.0,7.75,1,2450
4.0,188.969751,164.62,0.84,5.29,22.88,-5.86,4.5,1,2322
4.0,188.979750,168.66,0.81,1.67,22.81,-9.36,1.0,1,2186
4.0,188.989751,172.09,0.81,-2.3,22.73,-12.27,-3.0,1,2058
4.0,188.999751,176.84,0.78,-6.51,22.66,-14.4,-7.25,1,2955
4.0,189.009751,180.79,0.78,-11.13,22.58,-15.64,-11.0,1,2828
4.0,189.019751,184.13,0.79,-15.56,22.49,-15.89,-13.5,1,2700
4.0,189.029751,185.71,0.85,-18.44,22.42,-15.14,-14.75,1,2582
4.0,189.039751,186.24,0.83,-19.34,22.42,-13.44,-15.0,1,2445
4.0,189.049750,185.89,0.77,-19.21,22.44,-10.9,-14.5,1,2318
4.0,189.059750,184.39,0.83,-17.29,22.47,-7.67,-13.25,1,2191
4.0,189.069751,181.93,0.8,-15.19,22.52,-3.96,-11.0,1,2063
4.0,189.079751,179.3,0.81,-12.48,22.57,-0.0,-8.5,1,2951
4.0,189.089751,176.13,0.8,-9.25,22.63,3.96,-5.25,1,2832
4.0,189.099750,172.53,0.81,-5.75,22.7,7.67,-1.75,1,2705
4.0,189.109750,167.96,0.83,-1.84,22.77,10.9,2.25,1,2586
4.0,189.119751,163.83,0.84,2.47,22.84,13.44,6.25,1,2450
4.0,189.129751,159.61,0.88,6.94,22.92,15.14,10.5,1,2322
4.0,189.139751,155.83,0.89,11.42,23.01,15.89,13.75,1,2187
4.0,189.149751,153.54,0.91,15.26,23.1,15.64,15.75,1,2059
4.0,189.159751,152.4,0.92,17.73,23.15,14.4,17.0,1,2956
4.0,189.169751,151.61,0.96,18.14,23.17,12.27,17.75,1,2828
4.0,189.179750,152.05,0.97,17.36,23.15,9.36,17.25,1,2701
4.0,189.189751,153.28,0.92,17.06,23.12,5.86,16.25,1,2591
4.0,189.199751,154.51,0.92,15.29,23.08,2.0,14.25,1,2446
4.0,189.209751,157.24,0.9,12.74,23.02,-2.0,11.75,1,2327
4.0,189.219751,160.31,0.86,9.69,22.96,-5.86,9.0,1,2191
4.0,189.229750,164.0,0.85,6.2,22.9,-9.36,5.5,1,2064
4.0,189.239751,167.78,0.81,2.3,22.83,-12.27,1.75,1,2960
4.0,189.249751,172.18,0.8,-1.82,22.76,-14.4,-2.75,1,2833
4.0,189.259751,176.66,0.79,-6.34,22.68,-15.64,-6.75,1,2705
4.0,189.269751,179.91,0.79,-10.94,22.58,-15.89,-10.0,1,2586
4.0,189.279751,182.29,0.81,-14.59,22.5,-15.14,-11.75,1,2451
4.0,189.289751,183.87,0.84,-16.63,22.47,-13.44,-12.75,1,2323
4.0,189.299750,183.08,0.81,-17.12,22.47,-10.9,-12.5,1,2195
4.0,189.309750,182.46,0.8,-16.1,22.49,-7.67,-11.25,1,2068
4.0,189.319751,180.44,0.81,-13.78,22.55,-3.96,-9.75,1,2956
4.0,189.329751,177.98,0.8,-11.32,22.6,-0.0,-7.25,1,2829
4.0,189.339751,174.81,0.81,-8.41,22.66,3.96,-4.25,1,2710
4.0,189.349750,172.0,0.81,-5.04,22.72,7.67,-1.0,1,2591
4.0,189.359750,167.52,0.83,-1.21,22.78,10.9,2.75,1,2455
4.0,189.369751,163.39,0.84,2.94,22.86,13.44,7.0,1,2328
4.0,189.379751,159.08,0.87,7.35,22.94,15.14,10.75,1,2191
4.0,189.389751,156.45,0.89,11.73,23.03,15.89,13.0,1,2064
4.0,189.399751,154.86,0.88,15.18,23.1,15.64,14.25,1,2960
4.0,189.409751,154.34,0.92,16.06,23.13,14.4,14.5,1,2833
4.0,189.419751,154.86,0.93,14.83,23.1,12.27,14.25,1,2706
4.0,189.429750,155.3,0.89,13.59,23.05,9.36,13.75,1,2587
4.0,189.439751,156.62,0.94,12.53,23.03,5.86,12.5,1,2451
4.0,189.449751,158.29,0.87,11.15,23.0,2.0,10.5,1,2323
4.0,189.459751,161.54,0.84,8.73,22.96,-2.0,8.0,1,2196
4.0,189.469751,164.36,0.86,5.66,22.9,-5.86,5.0,1,2068
4.0,189.479750,167.96,0.81,2.13,22.83,-9.36,1.5,1,2956
4.0,189.489751,171.91,0.81,-1.73,22.76,-12.27,-2.25,1,2838
4.0,189.499751,176.48,0.79,-5.89,22.69,-14.4,-6.75,1,2710
4.0,189.509751,180.44,0.78,-10.44,22.61,-15.64,-10.25,1,2592
4.0,189.519751,183.08,0.79,-14.77,22.52,-15.89,-12.75,1,2455
4.0,189.529751,184.75,0.85,-17.71,22.46,-15.14,-14.0,1,2328
4.0,189.539751,185.36,0.84,-18.7,22.44,-13.44,-14.25,1,2191
4.0,189.549750,184.39,0.77,-18.42,22.46,-10.9,-13.5,1,2073
4.0,189.559750,182.9,0.82,-16.27,22.5,-7.67,-12.0,1,2961
4.0,189.569751,180.44,0.81,-14.04,22.57,-3.96,-10.0,1,2834
4.0,189.579751,177.98,0.8,-11.28,22.61,-0.0,-7.25,1,2706
4.0,189.589751,174.64,0.82,-8.14,22.66,3.96,-4.0,1,2596
4.0,189.599750,171.04,0.81,-4.55,22.73,7.67,-0.5,1,2451
4.0,189.609750,167.17,0.84,-0.52,22.81,10.9,3.5,1,2332
4.0,189.619751,162.16,0.85,3.78,22.89,13.44,7.75,1,2196
4.0,189.629751,158.2,0.88,8.27,22.97,15.14,11.5,1,2069
4.0,189.639751,155.21,0.9,12.76,23.06,15.89,14.0,1,2965
4.0,189.649751,153.46,0.89,16.38,23.14,15.64,15.5,1,2838
4.0,189.659751,153.19,0.94,17.29,23.17,14.4,16.25,1,2711
4.0,189.669751,152.67,0.96,16.31,23.14,12.27,16.25,1,2592
4.0,189.679750,153.28,0.92,15.83,23.12,9.36,15.75,1,2455
4.0,189.689751,154.69,0.94,15.13,23.1,5.86,14.25,1,2328
4.0,189.699751,157.15,0.88,13.12,23.04,2.0,12.25,1,2192
4.0,189.709751,159.35,0.89,10.46,22.99,-2.0,9.75,1,2073
4.0,189.719751,162.95,0.84,7.27,22.93,-5.86,6.5,1,2961
4.0,189.729750,166.38,0.83,3.64,22.87,-9.36,3.0,1,2834
4.0,189.739751,170.42,0.81,-0.25,22.8,-12.27,-1.0,1,2715
4.0,189.749751,174.99,0.8,-4.56,22.72,-14.4,-5.25,1,2596
4.0,189.759751,178.95,0.79,-9.17,22.64,-15.64,-9.25,1,2460
4.0,189.769751,182.81,0.78,-13.69,22.55,-15.89,-12.75,1,2333
4.0,189.779751,185.71,0.83,-17.42,22.47,-15.14,-14.75,1,2197
4.0,189.789751,186.24,0.84,-19.72,22.43,-13.44,-15.25,1,2069
4.0,189.799750,186.24,0.81,-20.12,22.44,-10.9,-15.25,1,2966
4.0,189.809750,185.36,0.8,-18.78,22.47,-7.67,-14.25,1,2838
4.0,189.819751,183.69,0.81,-16.97,22.5,-3.96,-12.75,1,2711
5.0,191.859750,174.99,0.81,-9.24,22.72,7.48,-4.75,1,2227
5.0,191.869751,171.74,0.82,-6.03,22.78,10.3,-1.75,1,2125
5.0,191.879751,168.13,0.83,-2.45,22.85,12.11,2.0,1,2987
5.0,191.889751,164.18,0.83,1.51,22.92,12.73,5.5,1,2861
5.0,191.899751,161.63,0.87,5.64,23.0,12.11,8.25,1,2750
5.0,191.909751,159.61,0.85,9.04,23.07,10.3,9.75,1,2614
5.0,191.919751,158.99,0.86,11.02,23.1,7.48,10.25,1,2486
5.0,191.929751,159.87,0.9,10.9,23.11,3.93,9.75,1,2359
5.0,191.939751,160.93,0.87,8.98,23.05,0.0,8.25,1,2223
5.0,191.949751,162.95,0.85,6.92,23.0,-3.93,6.25,1,2130
5.0,191.959751,165.67,0.84,4.34,22.95,-7.48,3.75,1,2992
5.0,191.969751,168.75,0.82,1.3,22.9,-10.3,0.75,1,2864
5.0,191.979751,172.09,0.81,-2.25,22.84,-12.11,-2.75,1,2755
5.0,191.989751,176.48,0.79,-6.2,22.77,-12.73,-6.75,1,2619
5.0,191.999751,179.91,0.79,-10.34,22.69,-12.11,-10.0,1,2491
5.0,192.009751,182.46,0.8,-14.4,22.61,-10.3,-12.0,1,2363
5.0,192.019750,183.69,0.86,-17.03,22.55,-7.48,-12.75,1,2228
5.0,192.029750,183.6,0.85,-17.61,22.54,-3.93,-12.75,1,2126
5.0,192.039751,182.46,0.78,-16.78,22.56,0.0,-11.75,1,2988
5.0,192.049750,180.79,0.82,-14.35,22.62,3.93,-9.75,1,2869
5.0,192.059750,177.8,0.81,-11.76,22.68,7.48,-7.25,1,2750
5.0,192.069751,174.64,0.81,-8.6,22.74,10.3,-4.25,1,2614
5.0,192.079751,170.77,0.82,-5.03,22.81,12.11,-0.75,1,2487
5.0,192.089751,166.9,0.83,-0.98,22.87,12.73,3.25,1,2359
5.0,192.099751,162.86,0.86,3.33,22.96,12.11,6.75,1,2223
5.0,192.109751,160.4,0.86,7.6,23.04,10.3,9.25,1,2131
5.0,192.119751,158.99,0.85,10.88,23.11,7.48,10.25,1,2993
5.0,192.129751,158.99,0.88,11.62,23.12,3.93,10.25,1,2865
5.0,192.139751,159.96,0.91,9.96,23.09,0.0,9.25,1,2755
5.0,192.149751,161.63,0.84,8.18,23.04,-3.93,7.5,1,2619
5.0,192.159751,164.0,0.87,5.84,22.99,-7.48,5.25,1,2492
5.0,192.169751,167.17,0.82,2.87,22.93,-10.3,2.25,1,2364
5.0,192.179751,170.6,0.81,-0.5,22.87,-12.11,-1.25,1,2228
5.0,192.189751,174.38,0.8,-4.28,22.81,-12.73,-4.75,1,2126
5.0,192.199751,178.07,0.79,-8.47,22.73,-12.11,-8.0,1,2997
5.0,192.209751,180.62,0.8,-12.38,22.65,-10.3,-10.0,1,2869
5.0,192.219750,181.58,0.85,-14.74,22.6,-7.48,-10.75,1,2751
5.0,192.229750,181.41,0.84,-15.24,22.6,-3.93,-10.75,1,2615
5.0,192.239751,180.09,0.77,-14.63,22.63,-0.0,-9.5,1,2496
5.0,192.249750,177.8,0.82,-12.25,22.67,3.93,-7.5,1,2360
5.0,192.259750,175.78,0.81,-9.6,22.72,7.48,-5.0,1,2232
5.0,192.269751,172.53,0.82,-6.43,22.78,10.3,-2.0,1,2131
5.0,192.279751,168.57,0.83,-2.85,22.86,12.11,1.75,1,2993
5.0,192.289751,165.06,0.83,1.16,22.93,12.73,5.25,1,2865
5.0,192.299751,161.54,0.87,5.32,23.01,12.11,8.0,1,2755
5.0,192.309751,159.7,0.85,8.82,23.08,10.3,9.25,1,2619
5.0,192.319751,159.26,0.86,10.65,23.11,7.48,9.75,1,2492
5.0,192.329751,159.7,0.89,10.47,23.12,3.93,9.25,1,2364
5.0,192.339751,160.93,0.87,8.81,23.06,-0.0,8.0,1,2228
5.0,192.349751,163.12,0.85,6.69,23.0,-3.93,6.25,1,3124
5.0,192.359751,165.67,0.84,4.1,22.96,-7.48,3.5,1,2997
5.0,192.369751,168.93,0.81,1.09,22.91,-10.3,0.5,1,2870
5.0,192.379751,172.27,0.81,-2.41,22.85,-12.11,-3.0,1,2760
5.0,192.389751,176.66,0.79,-6.4,22.78,-12.73,-6.75,1,2624
5.0,192.399751,180.09,0.78,-10.48,22.7,-12.11,-10.25,1,2496
5.0,192.409751,182.72,0.8,-14.52,22.62,-10.3,-12.25,1,2369
5.0,192.419750,183.87,0.86,-17.13,22.56,-7.48,-13.0,1,2233
5.0,192.429750,183.6,0.85,-17.66,22.55,-3.93,-12.75,1,3120
5.0,192.439751,182.29,0.77,-16.83,22.58,-0.0,-11.75,1,2993
5.0,192.449750,180.62,0.82,-14.38,22.64,3.93,-9.75,1,2875
5.0,192.459750,177.45,0.81,-11.76,22.69,7.48,-7.25,1,2756
5.0,192.469751,174.64,0.81,-8.58,22.75,10.3,-4.0,1,2619
5.0,192.479751,170.86,0.82,-4.99,22.82,12.11,-0.5,1,2492
5.0,192.489751,166.9,0.83,-0.93,22.89,12.73,3.25,1,2373
5.0,192.499751,162.69,0.85,3.36,22.97,12.11,7.0,1,2228
5.0,192.509751,159.96,0.86,7.62,23.06,10.3,9.25,1,3125
5.0,192.519751,159.17,0.84,10.89,23.12,7.48,10.25,1,2998
5.0,192.529751,158.99,0.88,11.57,23.14,3.93,10.25,1,2870
5.0,192.539751,160.22,0.9,9.98,23.1,-0.0,9.25,1,2760
5.0,192.549751,161.98,0.83,8.18,23.04,-3.93,7.5,1,2624
5.0,192.559751,163.92,0.88,5.84,23.0,-7.48,5.25,1,2496
5.0,192.569751,166.99,0.81,2.88,22.94,-10.3,2.25,1,2360
5.0,192.579751,170.42,0.81,-0.52,22.88,-12.11,-1.0,1,2233
5.0,192.589751,174.2,0.81,-4.27,22.82,-12.73,-4.75,1,3122
5.0,192.599751,178.24,0.78,-8.47,22.74,-12.11,-8.0,1,3002
5.0,192.609751,180.26,0.81,-12.43,22.66,-10.3,-10.0,1,2875
5.0,192.619750,181.76,0.84,-14.82,22.61,-7.48,-10.75,1,2756
5.0,192.629750,181.58,0.85,-15.33,22.61,-3.93,-10.75,1,2620
5.0,192.639751,180.26,0.77,-14.75,22.64,-0.0,-9.5,1,2501
5.0,192.649750,178.33,0.82,-12.43,22.68,3.93,-7.75,1,2365
5.0,192.659750,175.61,0.82,-9.79,22.74,7.48,-5.25,1,2237
5.0,192.669751,172.27,0.82,-6.64,22.79,10.3,-2.0,1,3125
5.0,192.679751,169.01,0.83,-3.02,22.86,12.11,1.5,1,2998
5.0,192.689751,164.71,0.83,1.03,22.94,12.73,5.25,1,2871
5.0,192.699751,160.66,0.87,5.27,23.02,12.11,8.75,1,2760
5.0,192.709751,158.2,0.87,9.51,23.1,10.3,11.0,1,2624
5.0,192.719751,156.88,0.87,12.79,23.17,7.48,12.25,1,2497
5.0,192.729751,156.97,0.9,13.39,23.18,3.93,12.0,1,2370
5.0,192.739751,157.85,0.92,11.87,23.14,0.0,11.0,1,2233
5.0,192.749751,159.87,0.85,9.98,23.08,-3.93,9.25,1,3130
5.0,192.759751,162.16,0.89,7.53,23.03,-7.48,7.0,1,3002
5.0,192.769751,165.59,0.82,4.6,22.98,-10.3,4.0,1,2875
5.0,192.779751,168.4,0.83,1.22,22.92,-12.11,0.75,1,2765
5.0,192.789751,172.71,0.8,-2.61,22.86,-12.73,-3.25,1,2629
5.0,192.799751,176.92,0.79,-6.78,22.78,-12.11,-6.5,1,2501
5.0,192.809751,178.77,0.81,-10.91,22.69,-10.3,-8.5,1,2365
5.0,192.819750,179.65,0.84,-13.43,22.64,-7.48,-9.25,1,2238
5.0,192.829750,179.3,0.85,-13.8,22.64,-3.93,-9.25,1,3126
5.0,192.839751,178.77,0.77,-13.26,22.67,0.0,-8.25,1,2998
5.0,192.849750,177.1,0.82,-11.17,22.7,3.93,-6.25,1,2879
5.0,192.859750,174.2,0.82,-8.59,22.76,7.48,-4.0,1,2761
5.0,192.869751,171.56,0.82,-5.46,22.82,10.3,-1.0,1,2625
5.0,192.879751,167.7,0.83,-1.96,22.89,12.11,2.5,1,2497
5.0,192.889751,164.36,0.85,1.98,22.96,12.73,6.25,1,2370
5.0,192.899751,160.05,0.87,6.18,23.04,12.11,9.75,1,2233
5.0,192.909751,156.97,0.88,10.31,23.12,10.3,11.75,1,3130
5.0,192.919751,156.62,0.87,13.49,23.19,7.48,12.75,1,3003
5.0,192.929751,156.62,0.9,14.03,23.2,3.93,12.75,1,2875
5.0,192.939751,157.59,0.93,12.33,23.16,0.0,11.75,1,2765
5.0,192.949751,159.08,0.86,10.52,23.1,-3.93,9.75,1,2629
5.0,192.959751,161.89,0.89,8.05,23.05,-7.48,7.5,1,2502
5.0,192.969751,164.97,0.83,5.02,22.99,-10.3,4.5,1,2366
5.0,192.979751,168.4,0.83,1.62,22.93,-12.11,1.0,1,2238
5.0,192.989751,172.27,0.8,-2.33,22.86,-12.73,-2.75,1,3127
5.0,192.999751,176.13,0.8,-6.58,22.8,-12.11,-6.25,1,3007
5.0,193.009751,178.33,0.8,-10.78,22.7,-10.3,-8.25,1,2880
5.0,193.019750,179.91,0.85,-13.39,22.64,-7.48,-9.25,1,2761
5.0,193.029750,179.65,0.84,-13.84,22.65,-3.93,-9.25,1,2625
5.0,193.039751,179.12,0.78,-13.2,22.67,-0.0,-8.0,1,2506
5.0,193.049750,177.28,0.82,-11.01,22.71,3.93,-6.25,1,2370
5.0,193.059750,174.64,0.82,-8.48,22.77,7.48,-3.75,1,2243
5.0,193.069751,171.21,0.82,-5.36,22.83,10.3,-0.75,1,3131
5.0,193.079751,167.87,0.83,-1.91,22.89,12.11,2.75,1,3003
5.0,193.089751,164.09,0.85,1.97,22.96,12.73,6.0,1,2877
5.0,193.099751,160.75,0.86,5.96,23.04,12.11,8.75,1,2765
5.0,193.109751,159.17,0.86,9.31,23.11,10.3,10.25,1,2630
5.0,193.119751,158.55,0.86,11.3,23.15,7.48,10.75,1,2502
5.0,193.129751,158.2,0.91,11.23,23.15,3.93,11.25,1,2374
5.0,193.139751,158.55,0.9,10.16,23.12,0.0,10.5,1,2239
5.0,193.149751,160.22,0.87,9.59,23.1,-3.93,9.0,1,3135
5.0,193.159751,162.16,0.85,7.57,23.05,-7.48,7.0,1,3008
5.0,193.169751,164.97,0.85,4.83,23.0,-10.3,4.25,1,2880
5.0,193.179751,168.13,0.81,1.57,22.94,-12.11,1.0,1,2770
5.0,193.189751,172.09,0.81,-2.09,22.87,-12.73,-2.75,1,2634
5.0,193.199751,175.78,0.79,-6.17,22.81,-12.11,-5.75,1,2507
5.0,193.209751,177.45,0.81,-10.16,22.72,-10.3,-7.75,1,2370
5.0,193.219750,178.95,0.85,-12.48,22.67,-7.48,-8.5,1,2243
5.0,193.229750,178.77,0.84,-12.67,22.68,-3.93,-8.25,1,3131
5.0,193.239751,177.63,0.79,-12.21,22.69,-0.0,-7.0,1,3003
5.0,193.249750,175.61,0.83,-10.23,22.73,3.93,-5.25,1,2885
5.0,193.259750,173.32,0.81,-7.17,22.81,7.48,-2.75,1,2766
5.0,193.269751,169.72,0.83,-4.07,22.86,10.3,0.5,1,2630
5.0,193.279751,166.38,0.84,-0.47,22.93,12.11,4.0,1,2502
5.0,193.289751,162.33,0.85,3.5,23.0,12.73,7.5,1,2375
5.0,193.299751,159.52,0.88,7.48,23.09,12.11,10.25,1,2247
5.0,193.309751,157.5,0.87,10.93,23.14,10.3,11.75,1,3135
5.0,193.319751,157.32,0.89,12.78,23.18,7.48,12.0,1,3008
5.0,193.329751,157.76,0.91,12.64,23.19,3.93,11.5,1,2880
5.0,193.339751,159.26,0.88,10.76,23.12,0.0,10.0,1,2771
5.0,193.349751,161.02,0.87,8.51,23.07,-3.93,8.0,1,2634
5.0,193.359751,164.09,0.85,5.83,23.02,-7.48,5.25,1,2507
5.0,193.369751,167.34,0.83,2.63,22.97,-10.3,2.25,1,2371
5.0,193.379751,170.86,0.82,-0.95,22.9,-12.11,-1.25,1,2243
5.0,193.389751,174.64,0.8,-4.82,22.83,-12.73,-5.25,1,3131
5.0,193.399751,179.12,0.79,-9.17,22.75,-12.11,-8.75,1,3013
5.0,193.409751,181.58,0.8,-13.32,22.67,-10.3,-10.75,1,2885
5.0,193.419750,182.29,0.85,-15.9,22.6,-7.48,-11.75,1,2766
5.0,193.429750,182.29,0.85,-16.47,22.61,-3.93,-11.75,1,2630
5.0,193.439751,181.23,0.77,-15.84,22.63,0.0,-10.5,1,2511
5.0,193.449750,179.65,0.83,-13.39,22.68,3.93,-8.75,1,2375
5.0,193.459750,177.1,0.81,-10.88,22.74,7.48,-6.25,1,2248
5.0,193.469751,174.02,0.81,-7.8,22.79,10.3,-3.25,1,3136
5.0,193.479751,169.98,0.83,-4.21,22.87,12.11,0.25,1,3009
5.0,193.489751,166.11,0.83,-0.22,22.94,12.73,4.25,1,2881
5.0,193.499751,162.16,0.87,4.03,23.02,12.11,7.75,1,2771
5.0,193.509751,159.35,0.86,8.22,23.1,10.3,9.75,1,2634
5.0,193.519751,158.55,0.86,11.44,23.16,7.48,10.75,1,2507
5.0,193.529751,158.29,0.89,12.04,23.18,3.93,10.75,1,2380
5.0,193.539751,159.52,0.91,10.49,23.14,0.0,9.75,1,2244
5.0,193.549751,160.75,0.84,8.78,23.09,-3.93,8.25,1,3140
5.0,193.559751,163.65,0.87,6.47,23.04,-7.48,6.0,1,3013
5.0,193.569751,165.76,0.82,3.61,22.98,-10.3,3.0,1,2885
5.0,193.579751,169.63,0.82,0.29,22.93,-12.11,-0.25,1,2775
5.0,193.589751,173.5,0.8,-3.49,22.86,-12.73,-4.0,1,2640
5.0,193.599751,177.28,0.79,-7.64,22.79,-12.11,-7.25,1,2512
5.0,193.609751,179.56,0.8,-11.55,22.71,-10.3,-9.25,1,2376
5.0,193.619750,180.97,0.84,-14.01,22.66,-7.48,-10.0,1,2248
5.0,193.629750,180.44,0.85,-14.51,22.66,-3.93,-9.75,1,3136
5.0,193.639751,178.95,0.77,-13.91,22.69,-0.0,-8.75,1,3009
5.0,193.649750,177.28,0.83,-11.67,22.73,3.93,-6.75,1,2890
5.0,193.659750,174.64,0.81,-8.9,22.79,7.48,-4.25,1,2771
5.0,193.669751,171.56,0.83,-5.79,22.84,10.3,-1.25,1,2635
5.0,193.679751,168.05,0.83,-2.17,22.9,12.11,2.25,1,2508
5.0,193.689751,164.09,0.84,1.77,22.98,12.73,6.25,1,2381
5.0,193.699751,160.05,0.87,5.98,23.06,12.11,9.75,1,2252
5.0,193.709751,157.59,0.88,10.16,23.14,10.3,11.75,1,3140
5.0,193.719751,156.62,0.87,13.38,23.21,7.48,12.75,1,3013
5.0,193.729751,156.27,0.9,13.92,23.22,3.93,12.75,1,2886
5.0,193.739751,157.59,0.92,12.3,23.18,0.0,11.75,1,2767
5.0,193.749751,159.35,0.86,10.49,23.13,-3.93,9.75,1,2639
5.0,193.759751,161.98,0.89,8.04,23.08,-7.48,7.25,1,2512
5.0,193.769751,164.97,0.82,5.0,23.02,-10.3,4.5,1,2376
5.0,193.779751,168.49,0.83,1.61,22.95,-12.11,1.0,1,2248
5.0,193.789751,172.71,0.8,-2.31,22.89,-12.73,-2.75,1,3136
5.0,193.799751,176.13,0.79,-6.51,22.82,-12.11,-6.25,1,3009
5.0,193.809751,178.51,0.8,-10.69,22.73,-10.3,-8.25,1,2890
5.0,193.819750,179.91,0.85,-13.3,22.67,-7.48,-9.0,1,2771
5.0,193.829750,179.56,0.84,-13.76,22.68,-3.93,-9.0,1,2635
5.0,193.839751,178.59,0.77,-13.09,22.7,-0.0,-7.75,1,2516
5.0,193.849750,176.48,0.82,-10.81,22.75,3.93,-6.0,1,2381
5.0,193.859750,173.94,0.82,-8.25,22.81,7.48,-3.5,1,2253
5.0,193.869751,171.12,0.82,-5.1,22.86,10.3,-0.5,1,3141
5.0,193.879751,167.34,0.83,-1.58,22.92,12.11,3.0,1,3013
5.0,193.889751,163.92,0.85,2.27,23.0,12.73,6.25,1,2886
5.0,193.899751,160.58,0.86,6.3,23.07,12.11,9.0,1,2776
5.0,193.909751,158.55,0.86,9.68,23.14,10.3,10.5,1,2640
5.0,193.919751,157.76,0.86,11.64,23.18,7.48,11.25,1,2512
5.0,193.929751,157.59,0.91,11.61,23.18,3.93,11.5,1,2385
5.0,193.939751,158.64,0.9,10.72,23.15,0.0,10.75,1,2249
5.0,193.949751,159.52,0.86,9.87,23.13,-3.93,9.25,1,3145
5.0,193.959751,161.81,0.85,7.78,23.07,-7.48,7.25,1,3018
5.0,193.969751,164.62,0.86,5.04,23.03,-10.3,4.5,1,2890
5.0,193.979751,168.49,0.8,1.78,22.97,-12.11,1.25,1,2772
5.0,193.989751,172.18,0.82,-1.95,22.9,-12.73,-2.5,1,2645
5.0,193.999751,175.61,0.79,-6.08,22.84,-12.11,-5.75,1,2517
5.0,194.009751,177.8,0.8,-10.08,22.75,-10.3,-7.75,1,2381
5.0,194.019750,178.77,0.85,-12.44,22.69,-7.48,-8.5,1,2253
5.0,194.029751,178.77,0.83,-12.68,22.7,-3.93,-8.25,1,3141
5.0,194.039751,177.8,0.79,-12.21,22.71,-0.0,-7.0,1,3014
5.0,194.049751,175.78,0.83,-10.27,22.76,3.93,-5.25,1,2895
5.0,194.059750,172.88,0.81,-7.23,22.83,7.48,-2.75,1,2776
5.0,194.069751,170.16,0.83,-4.14,22.88,10.3,0.5,1,2640
5.0,194.079751,166.38,0.83,-0.55,22.95,12.11,4.0,1,2512
5.0,194.089751,162.77,0.85,3.4,23.02,12.73,7.5,1,2386
5.0,194.099751,159.35,0.87,7.37,23.11,12.11,10.25,1,2258
5.0,194.109751,157.32,0.87,10.84,23.17,10.3,11.75,1,3146
5.0,194.119751,157.06,0.88,12.71,23.2,7.48,12.0,1,3018
5.0,194.129751,157.76,0.91,12.55,23.21,3.93,11.25,1,2899
5.0,194.139751,159.17,0.88,10.64,23.15,0.0,10.0,1,2772
5.0,194.149751,161.1,0.86,8.42,23.09,-3.93,8.0,1,2645
5.0,194.159751,163.74,0.85,5.76,23.05,-7.48,5.25,1,2517
5.0,194.169751,166.99,0.82,2.61,22.99,-10.3,2.25,1,2381
5.0,194.179751,170.68,0.81,-0.97,22.93,-12.11,-1.25,1,2254
5.0,194.189751,174.73,0.79,-4.83,22.85,-12.73,-5.25,1,3142
5.0,194.199751,178.77,0.79,-9.16,22.78,-12.11,-8.75,1,3023
5.0,194.209751,180.97,0.8,-13.33,22.7,-10.3,-10.75,1,2904
5.0,194.219750,182.72,0.85,-15.96,22.63,-7.48,-11.75,1,2776
5.0,194.229751,182.29,0.84,-16.51,22.63,-3.93,-11.75,1,2641
5.0,194.239751,181.41,0.77,-15.8,22.65,0.0,-10.5,1,2522
5.0,194.249751,179.12,0.82,-13.4,22.7,3.93,-8.75,1,2385
5.0,194.259750,176.66,0.81,-10.9,22.76,7.48,-6.25,1,2258
5.0,194.269751,173.67,0.81,-7.82,22.82,10.3,-3.25,1,3146
5.0,194.279751,170.16,0.82,-4.22,22.89,12.11,0.25,1,3019
5.0,194.289751,166.2,0.83,-0.23,22.96,12.73,4.25,1,2901
5.0,194.299751,161.81,0.86,4.01,23.04,12.11,7.75,1,2781
5.0,194.309751,159.61,0.86,8.22,23.12,10.3,9.75,1,2645
5.0,194.319751,158.64,0.85,11.45,23.19,7.48,10.75,1,2518
5.0,194.329751,158.55,0.88,12.04,23.2,3.93,10.75,1,2390
5.0,194.339751,159.7,0.91,10.49,23.16,-0.0,9.75,1,2263
5.0,194.349751,161.02,0.84,8.78,23.11,-3.93,8.25,1,3151
5.0,194.359751,163.48,0.87,6.46,23.06,-7.48,6.0,1,3023
5.0,194.369751,166.03,0.82,3.61,23.01,-10.3,3.0,1,2904
5.0,194.379751,169.63,0.82,0.28,22.95,-12.11,-0.25,1,2777
5.0,194.389751,173.85,0.8,-3.5,22.89,-12.73,-4.0,1,2649
5.0,194.399751,177.1,0.79,-7.66,22.81,-12.11,-7.25,1,2522
5.0,194.409751,178.95,0.8,-11.57,22.73,-10.3,-9.25,1,2386
5.0,194.419750,181.23,0.85,-14.01,22.68,-7.48,-10.0,1,2267
5.0,194.429751,180.79,0.84,-14.49,22.68,-3.93,-9.75,1,3147
5.0,194.439751,179.3,0.78,-13.91,22.71,-0.0,-8.75,1,3019
5.0,194.449751,177.63,0.83,-11.73,22.75,3.93,-6.75,1,2909
5.0,194.459750,174.64,0.8,-8.91,22.81,7.48,-4.25,1,2781
5.0,194.469751,171.83,0.83,-5.82,22.86,10.3,-1.25,1,2645
5.0,194.479751,168.4,0.83,-2.2,22.93,12.11,2.25,1,2518
5.0,194.489751,164.0,0.84,1.76,23.0,12.73,6.25,1,2391
5.0,194.499751,159.96,0.87,5.97,23.08,12.11,9.75,1,2271
5.0,194.509751,157.68,0.88,10.14,23.16,10.3,11.75,1,3151
5.0,194.519751,156.62,0.87,13.38,23.23,7.48,12.75,1,3024
5.0,194.529751,156.62,0.9,13.93,23.24,3.93,12.75,1,2905
5.0,194.539751,157.15,0.93,12.29,23.21,0.0,11.75,1,2777
5.0,194.549751,159.26,0.85,10.5,23.15,-3.93,9.75,1,2650
5.0,194.559751,161.89,0.88,8.05,23.1,-7.48,7.5,1,2523
5.0,194.569751,164.71,0.82,5.01,23.04,-10.3,4.5,1,2386
5.0,194.579751,168.49,0.83,1.61,22.98,-12.11,1.0,1,2267
5.0,194.589751,171.91,0.8,-2.31,22.91,-12.73,-2.75,1,3147
5.0,194.599751,176.13,0.79,-6.51,22.85,-12.11,-6.25,1,3028
5.0,194.609751,178.59,0.8,-10.69,22.75,-10.3,-8.25,1,2909
5.0,194.619750,179.65,0.84,-13.31,22.69,-7.48,-9.0,1,2782
5.0,194.629751,179.91,0.84,-13.78,22.7,-3.93,-9.0,1,2602
5.0,194.639751,178.51,0.78,-13.09,22.72,-0.0,-7.75,1,2527
5.0,194.649751,176.66,0.82,-10.85,22.77,3.93,-6.0,1,2391
5.0,194.659750,174.29,0.82,-8.26,22.83,7.48,-3.5,1,2272
5.0,194.669751,171.12,0.82,-5.11,22.88,10.3,-0.5,1,3151
5.0,194.679751,167.61,0.83,-1.6,22.95,12.11,3.0,1,3024
5.0,194.689751,163.74,0.85,2.25,23.02,12.73,6.25,1,2905
5.0,194.699751,160.58,0.86,6.29,23.09,12.11,9.0,1,2786
5.0,194.709751,158.64,0.86,9.68,23.16,10.3,10.5,1,2650
5.0,194.719751,157.59,0.86,11.64,23.2,7.48,11.25,1,2523
5.0,194.729751,157.59,0.91,11.61,23.21,3.93,11.5,1,2386
5.0,194.739751,158.29,0.9,10.71,23.17,-0.0,10.75,1,2294
5.0,194.749751,160.4,0.86,9.88,23.16,-3.93,9.25,1,3155
5.0,194.759751,162.33,0.84,7.77,23.1,-7.48,7.25,1,3028
5.0,194.769751,164.79,0.86,5.02,23.05,-10.3,4.25,1,2909
5.0,194.779751,168.13,0.8,1.74,22.99,-12.11,1.25,1,2782
5.0,194.789751,172.18,0.81,-1.99,22.92,-12.73,-2.5,1,2655
5.0,194.799751,175.43,0.79,-6.13,22.86,-12.11,-5.75,1,2527
5.0,194.809751,177.98,0.8,-10.15,22.77,-10.3,-7.75,1,2391
5.0,194.819750,179.3,0.85,-12.5,22.71,-7.48,-8.5,1,2298
5.0,194.829751,178.77,0.83,-12.75,22.72,-3.93,-8.25,1,3151
5.0,194.839751,177.8,0.79,-12.31,22.74,0.0,-7.25,1,3024
5.0,194.849751,175.78,0.83,-10.36,22.78,3.93,-5.25,1,2914
5.0,194.859750,173.32,0.81,-7.32,22.85,7.48,-2.75,1,2778
5.0,194.869751,170.24,0.82,-4.22,22.9,10.3,0.25,1,2650
5.0,194.879751,166.46,0.84,-0.63,22.97,12.11,4.0,1,2523
5.0,194.889751,162.6,0.84,3.35,23.04,12.73,7.25,1,2396
5.0,194.899751,160.22,0.87,7.37,23.13,12.11,9.0,1,2294
5.0,194.909751,158.99,0.84,10.54,23.19,10.3,10.0,1,3156
5.0,194.919751,158.99,0.88,10.96,23.2,7.48,9.75,1,3029
5.0,194.929751,160.66,0.9,9.42,23.16,3.93,8.75,1,2910
5.0,194.939751,162.07,0.83,7.67,23.11,0.0,7.25,1,2774
5.0,194.949751,164.71,0.87,5.39,23.06,-3.93,5.0,1,2655
5.0,194.959751,167.34,0.81,2.6,23.01,-7.48,2.0,1,2527
5.0,194.969751,170.68,0.81,-0.66,22.94,-10.3,-1.25,1,2391
5.0,194.979751,174.38,0.79,-4.45,22.89,-12.11,-4.75,1,2299
5.0,194.989751,178.59,0.79,-8.59,22.81,-12.73,-8.5,1,3153
5.0,194.999751,181.32,0.79,-12.63,22.74,-12.11,-11.25,1,3033
5.0,195.009751,183.43,0.81,-15.94,22.66,-10.3,-12.75,1,2914
5.0,195.019750,184.39,0.84,-17.72,22.63,-7.48,-13.25,1,2778
5.0,195.029751,183.78,0.81,-17.88,22.64,-3.93,-12.75,1,2651
5.0,195.039751,182.46,0.79,-16.49,22.67,-0.0,-11.25,1,2532
5.0,195.049751,179.65,0.82,-13.96,22.73,3.93,-9.25,1,2396
5.0,195.059750,177.63,0.81,-11.22,22.78,7.48,-6.5,1,2294
5.0,195.069751,174.02,0.81,-7.92,22.85,10.3,-3.25,1,3156
5.0,195.079751,169.89,0.82,-4.17,22.91,12.11,0.5,1,3029
5.0,195.089751,166.11,0.83,0.01,22.99,12.73,4.5,1,2910
5.0,195.099751,161.63,0.86,4.41,23.07,12.11,8.0,1,2783
5.0,195.109751,158.91,0.87,8.77,23.16,10.3,10.25,1,2655
5.0,195.119751,157.59,0.85,12.07,23.22,7.48,11.75,1,2528
5.0,195.129751,156.53,0.89,12.89,23.24,3.93,12.75,1,2392
5.0,195.139751,156.71,0.95,12.41,23.23,0.0,12.5,1,2290
5.0,195.149751,157.85,0.85,12.02,23.2,-3.93,11.25,1,3161
5.0,195.159751,159.61,0.88,10.21,23.16,-7.48,9.5,1,3033
5.0,195.169751,162.16,0.88,7.59,23.11,-10.3,7.0,1,2914
5.0,195.179751,165.59,0.81,4.44,23.05,-12.11,3.75,1,2779
5.0,195.189751,169.28,0.83,0.95,22.98,-12.73,0.25,1,2661
5.0,195.199751,173.06,0.79,-3.06,22.92,-12.11,-3.25,1,2532
5.0,195.209751,175.34,0.8,-7.14,22.85,-10.3,-5.75,1,2396
5.0,195.219750,177.63,0.81,-10.44,22.77,-7.48,-7.25,1,2295
5.0,195.229751,178.33,0.84,-11.95,22.74,-3.93,-8.0,1,3157
5.0,195.239751,178.95,0.8,-12.02,22.76,0.0,-8.25,1,3029
5.0,195.249751,178.24,0.77,-11.78,22.77,3.93,-7.25,1,2919
5.0,195.259750,176.48,0.83,-10.6,22.78,7.48,-5.75,1,2783
5.0,195.269751,174.29,0.84,-8.17,22.85,10.3,-3.25,1,2656
5.0,195.279751,170.86,0.78,-5.12,22.9,12.11,-0.25,1,2528
5.0,195.289751,167.43,0.85,-1.59,22.96,12.73,3.0,1,2402
5.0,195.299751,164.0,0.83,2.19,23.03,12.11,6.0,1,2299
5.0,195.309751,161.63,0.86,6.08,23.11,10.3,7.75,1,3161
5.0,195.319751,161.1,0.83,8.97,23.17,7.48,8.5,1,3034
5.0,195.329751,161.02,0.85,9.47,23.18,3.93,8.25,1,2915
5.0,195.339751,162.07,0.89,7.82,23.14,-0.0,7.25,1,2779
5.0,195.349751,163.48,0.82,5.87,23.09,-3.93,5.25,1,2660
5.0,195.359751,166.2,0.85,3.45,23.03,-7.48,3.0,1,2533
5.0,195.369751,169.72,0.8,0.55,22.98,-10.3,-0.0,1,2397
5.0,195.379751,173.06,0.81,-2.83,22.93,-12.11,-3.25,1,2304
5.0,195.389751,176.66,0.79,-6.68,22.86,-12.73,-7.0,1,3157
5.0,195.399751,180.26,0.78,-10.67,22.79,-12.11,-10.25,1,3039
5.0,195.409751,182.29,0.8,-14.63,22.71,-10.3,-12.25,1,2910
5.0,195.419750,183.87,0.85,-17.12,22.65,-7.48,-13.0,1,2783
5.0,195.429751,183.78,0.84,-17.7,22.64,-3.93,-12.75,1,2656
5.0,195.439751,182.11,0.77,-17.04,22.67,-0.0,-11.75,1,2537
5.0,195.449751,180.44,0.82,-14.48,22.72,3.93,-9.75,1,2401
5.0,195.459750,177.98,0.81,-11.86,22.78,7.48,-7.25,1,2300
5.0,195.469751,174.64,0.81,-8.65,22.84,10.3,-4.0,1,3162
5.0,195.479751,171.21,0.81,-5.02,22.91,12.11,-0.25,1,3034
5.0,195.489751,167.34,0.83,-0.93,22.97,12.73,3.5,1,2916
5.0,195.499751,162.6,0.85,3.36,23.06,12.11,7.0,1,2788
5.0,195.509751,160.22,0.86,7.64,23.15,10.3,9.25,1,2661
5.0,195.519751,159.17,0.84,10.93,23.21,7.48,10.25,1,2533
5.0,195.529751,158.99,0.88,11.58,23.23,3.93,10.25,1,2397
5.0,195.539751,159.52,0.9,10.02,23.19,0.0,9.25,1,2304
5.0,195.549751,161.37,0.84,8.29,23.13,-3.93,7.75,1,3166
5.0,195.559751,163.92,0.87,6.02,23.09,-7.48,5.25,1,3039
5.0,195.569751,166.82,0.81,3.09,23.03,-10.3,2.5,1,2920
5.0,195.579751,170.07,0.81,-0.3,22.98,-12.11,-0.75,1,2784
5.0,195.589751,173.76,0.8,-4.0,22.91,-12.73,-4.5,1,2665
5.0,195.599751,177.8,0.79,-8.15,22.84,-12.11,-7.75,1,2538
5.0,195.609751,179.65,0.79,-12.14,22.76,-10.3,-9.75,1,2401
5.0,195.619750,181.14,0.85,-14.61,22.7,-7.48,-10.75,1,2300
5.0,195.629751,180.97,0.84,-15.14,22.7,-3.93,-10.25,1,3162
5.0,195.639751,180.26,0.78,-14.56,22.73,-0.0,-9.25,1,3034
5.0,195.649751,178.24,0.82,-12.29,22.77,3.93,-7.25,1,2924
5.0,195.659750,175.61,0.81,-9.56,22.83,7.48,-4.75,1,2788
5.0,195.669751,172.18,0.82,-6.41,22.88,10.3,-1.75,1,2661
5.0,195.679751,168.57,0.82,-2.85,22.96,12.11,1.75,1,2533
5.0,195.689751,164.79,0.83,1.12,23.03,12.73,5.75,1,2407
5.0,195.699751,160.66,0.87,5.39,23.11,12.11,9.25,1,2304
5.0,195.709751,158.2,0.87,9.58,23.19,10.3,11.25,1,3166
5.0,195.719751,156.62,0.86,12.85,23.26,7.48,12.25,1,3039
5.0,195.729751,156.97,0.89,13.5,23.27,3.93,12.25,1,2920
5.0,195.739751,157.94,0.92,11.93,23.24,-0.0,11.25,1,2784
5.0,195.749751,159.52,0.84,10.06,23.18,-3.93,9.5,1,2665
5.0,195.759751,162.07,0.88,7.67,23.13,-7.48,7.25,1,2538
5.0,195.769751,164.97,0.83,4.74,23.07,-10.3,4.25,1,2401
5.0,195.779751,168.49,0.82,1.42,23.01,-12.11,0.75,1,2309
5.0,195.789751,172.53,0.8,-2.44,22.95,-12.73,-3.0,1,3162
5.0,195.799751,176.13,0.78,-6.62,22.88,-12.11,-6.25,1,3043
5.0,195.809751,178.77,0.8,-10.76,22.79,-10.3,-8.25,1,2925
5.0,195.819750,179.91,0.84,-13.33,22.73,-7.48,-9.25,1,2788
5.0,195.829751,179.65,0.84,-13.72,22.73,-3.93,-9.0,1,2661
6.0,197.849751,174.64,0.84,-9.13,22.89,0.0,-4.5,1,2432
6.0,197.859750,173.06,0.77,-8.4,22.91,3.91,-3.25,1,3320
6.0,197.869750,171.56,0.83,-6.11,22.96,7.26,-1.25,1,3192
6.0,197.879751,168.84,0.83,-3.21,23.01,9.6,1.5,1,3064
6.0,197.889751,165.76,0.83,0.02,23.07,10.59,4.5,1,2946
6.0,197.899751,162.16,0.86,3.52,23.14,10.09,7.25,1,2818
6.0,197.909751,160.31,0.85,7.17,23.21,8.18,9.0,1,2691
6.0,197.919751,159.96,0.83,10.07,23.27,5.11,9.25,1,2555
6.0,197.929751,160.31,0.87,10.21,23.28,1.33,9.0,1,2436
6.0,197.939751,161.1,0.89,8.25,23.23,-2.64,7.75,1,3324
6.0,197.949751,163.48,0.82,6.38,23.17,-6.24,5.75,1,3197
6.0,197.959751,166.11,0.85,3.91,23.13,-8.96,3.25,1,3069
6.0,197.969751,169.01,0.8,0.84,23.07,-10.42,0.25,1,2950
6.0,197.979751,172.27,0.8,-2.61,23.01,-10.42,-3.25,1,2814
6.0,197.989751,176.13,0.79,-6.6,22.94,-8.96,-6.25,1,2687
6.0,197.999750,177.8,0.79,-10.35,22.86,-6.24,-8.0,1,2559
6.0,198.009750,179.12,0.85,-12.55,22.81,-2.64,-8.5,1,2432
6.0,198.019751,178.33,0.83,-12.68,22.83,1.33,-8.0,1,3320
6.0,198.029750,177.19,0.78,-11.91,22.86,5.11,-6.5,1,3201
6.0,198.039751,174.99,0.82,-9.39,22.91,8.18,-4.25,1,3074
6.0,198.049751,171.56,0.81,-6.3,22.97,10.09,-1.5,1,2955
6.0,198.059751,168.75,0.82,-2.91,23.03,10.59,1.75,1,2819
6.0,198.069751,165.15,0.83,0.84,23.1,9.6,4.75,1,2691
6.0,198.079751,163.3,0.84,4.63,23.18,7.26,6.25,1,2555
6.0,198.089751,162.6,0.82,7.62,23.24,3.91,6.75,1,2436
6.0,198.099751,162.69,0.84,7.77,23.23,0.0,6.5,1,3324
6.0,198.109751,163.74,0.88,5.92,23.19,-3.91,5.25,1,3197
6.0,198.119751,165.76,0.8,4.05,23.13,-7.26,3.25,1,3078
6.0,198.129751,168.49,0.83,1.56,23.09,-9.6,0.75,1,2951
6.0,198.139751,171.74,0.8,-1.62,23.04,-10.59,-2.25,1,2815
6.0,198.149751,174.99,0.78,-5.15,22.97,-10.09,-5.0,1,2696
6.0,198.159751,175.96,0.8,-8.69,22.9,-8.18,-6.5,1,2559
6.0,198.169750,177.8,0.84,-10.75,22.86,-5.11,-6.75,1,2432
6.0,198.179751,177.1,0.83,-10.9,22.87,-1.33,-6.25,1,3328
6.0,198.189750,175.17,0.77,-10.17,22.9,2.64,-5.0,1,3201
6.0,198.199750,173.76,0.82,-7.86,22.95,6.24,-3.0,1,3083
6.0,198.209751,170.77,0.81,-4.92,23.0,8.96,-0.25,1,2955
6.0,198.219751,167.43,0.82,-1.75,23.05,10.42,2.75,1,2819
6.0,198.229751,164.0,0.85,1.9,23.12,10.42,6.0,1,2692
6.0,198.239751,161.28,0.85,5.62,23.2,8.96,8.5,1,2555
6.0,198.249751,159.61,0.85,8.84,23.26,6.24,9.75,1,2437
6.0,198.259751,158.99,0.85,10.64,23.29,2.64,9.75,1,3324
6.0,198.269751,160.31,0.88,10.25,23.29,-1.33,9.0,1,3197
6.0,198.279751,161.98,0.86,8.08,23.23,-5.11,7.25,1,3087
6.0,198.289751,164.09,0.83,5.81,23.17,-8.18,5.25,1,2951
6.0,198.299751,166.99,0.83,2.97,23.12,-10.09,2.25,1,2823
6.0,198.309751,170.6,0.8,-0.4,23.06,-10.59,-1.0,1,2696
6.0,198.319751,173.32,0.8,-4.1,23.0,-9.6,-4.0,1,2560
6.0,198.329750,175.34,0.79,-7.9,22.92,-7.26,-5.75,1,2441
6.0,198.339750,176.66,0.84,-10.14,22.87,-3.91,-6.25,1,3329
6.0,198.349751,176.13,0.83,-10.49,22.88,0.0,-5.75,1,3202
6.0,198.359750,174.99,0.77,-9.67,22.91,3.91,-4.25,1,3083
6.0,198.369750,172.53,0.83,-7.11,22.96,7.26,-2.25,1,2956
6.0,198.379751,170.16,0.81,-4.29,23.01,9.6,0.25,1,2819
6.0,198.389751,166.73,0.83,-1.07,23.07,10.59,3.5,1,2692
6.0,198.399751,163.04,0.85,2.49,23.14,10.09,6.25,1,2564
6.0,198.409751,161.1,0.85,6.16,23.22,8.18,8.0,1,2446
6.0,198.419751,160.4,0.83,9.11,23.27,5.11,8.75,1,3325
6.0,198.429751,160.31,0.86,9.58,23.28,1.33,9.25,1,3206
6.0,198.439751,160.66,0.92,8.56,23.26,-2.64,8.75,1,3087
6.0,198.449751,162.07,0.82,7.8,23.23,-6.24,7.25,1,2960
6.0,198.459751,164.0,0.84,5.9,23.18,-8.96,5.25,1,2824
6.0,198.469751,166.64,0.85,3.26,23.13,-10.42,2.75,1,2696
6.0,198.479751,170.24,0.79,0.04,23.07,-10.42,-0.5,1,2560
6.0,198.489751,173.14,0.81,-3.53,23.01,-8.96,-3.25,1,2450
6.0,198.499750,174.64,0.79,-7.23,22.94,-6.24,-5.0,1,3329
6.0,198.509750,176.13,0.85,-9.37,22.9,-2.64,-5.25,1,3202
6.0,198.519751,175.34,0.84,-9.64,22.9,1.33,-4.75,1,3083
6.0,198.529750,174.02,0.77,-8.77,22.93,5.11,-3.5,1,2956
6.0,198.539751,172.18,0.83,-6.27,22.98,8.18,-1.25,1,2819
6.0,198.549751,169.19,0.83,-3.44,23.04,10.09,1.25,1,2701
6.0,198.559751,165.94,0.83,-0.19,23.09,10.59,4.25,1,2565
6.0,198.569751,162.16,0.86,3.39,23.16,9.6,7.25,1,2446
6.0,198.579751,160.4,0.85,7.14,23.23,7.26,8.75,1,3334
6.0,198.589751,160.14,0.83,10.03,23.29,3.91,9.25,1,3206
6.0,198.599751,160.31,0.86,10.16,23.3,0.0,8.75,1,3087
6.0,198.609751,161.54,0.89,8.18,23.25,-3.91,7.75,1,2960
6.0,198.619751,163.39,0.82,6.29,23.19,-7.26,5.75,1,2824
6.0,198.629751,165.85,0.85,3.78,23.15,-9.6,3.25,1,2697
6.0,198.639751,169.01,0.8,0.69,23.09,-10.59,0.25,1,2560
6.0,198.649751,173.06,0.8,-2.77,23.03,-10.09,-3.25,1,2451
6.0,198.659751,175.96,0.79,-6.73,22.96,-8.18,-6.25,1,3330
6.0,198.669750,177.98,0.79,-10.4,22.88,-5.11,-8.0,1,3202
6.0,198.679751,178.95,0.85,-12.54,22.83,-1.33,-8.5,1,3092
6.0,198.689750,178.51,0.83,-12.66,22.85,2.64,-7.75,1,2956
6.0,198.699750,177.1,0.78,-11.86,22.88,6.24,-6.25,1,2829
6.0,198.709751,174.64,0.82,-9.24,22.93,8.96,-4.25,1,2701
6.0,198.719751,172.0,0.81,-6.06,22.99,10.42,-1.25,1,2565
6.0,198.729751,168.4,0.82,-2.67,23.05,10.42,2.0,1,2472
6.0,198.739751,164.71,0.83,1.11,23.12,8.96,5.0,1,3334
6.0,198.749751,162.6,0.84,4.91,23.2,6.24,6.75,1,3206
6.0,198.759751,161.98,0.82,7.89,23.26,2.64,7.25,1,3088
6.0,198.769751,162.42,0.84,8.13,23.26,-1.33,6.75,1,2961
6.0,198.779751,163.48,0.88,6.33,23.22,-5.11,5.75,1,2824
6.0,198.789751,165.67,0.8,4.3,23.15,-8.18,3.75,1,2697
6.0,198.799751,167.96,0.83,1.85,23.11,-10.09,1.25,1,2570
6.0,198.809751,171.3,0.79,-1.17,23.06,-10.59,-1.75,1,2468
6.0,198.819751,174.64,0.79,-4.79,23.0,-9.6,-4.75,1,3330
6.0,198.829750,175.96,0.8,-8.36,22.93,-7.26,-6.0,1,3202
6.0,198.839750,176.66,0.84,-10.37,22.88,-3.91,-6.5,1,3092
6.0,198.849751,176.48,0.84,-10.42,22.89,0.0,-5.75,1,2957
6.0,198.859750,175.17,0.77,-9.67,22.92,3.91,-4.25,1,2829
6.0,198.869750,172.35,0.83,-7.3,22.97,7.26,-2.25,1,2701
6.0,198.879751,170.16,0.82,-4.2,23.03,9.6,0.25,1,2565
6.0,198.889751,166.82,0.82,-0.93,23.08,10.59,3.75,1,2473
6.0,198.899751,163.3,0.85,2.65,23.16,10.09,6.5,1,3335
6.0,198.909751,161.1,0.85,6.41,23.23,8.18,8.25,1,3207
6.0,198.919751,160.22,0.83,9.41,23.29,5.11,9.25,1,3088
6.0,198.929751,159.96,0.86,9.86,23.3,1.33,9.75,1,2952
6.0,198.939751,160.22,0.92,8.91,23.28,-2.64,9.0,1,2825
6.0,198.949751,161.54,0.82,8.2,23.25,-6.24,7.75,1,2706
6.0,198.959751,163.48,0.84,6.22,23.2,-8.96,5.5,1,2570
6.0,198.969751,166.2,0.85,3.51,23.15,-10.42,2.75,1,2468
6.0,198.979751,169.54,0.79,0.25,23.1,-10.42,-0.25,1,3339
6.0,198.989751,172.79,0.82,-3.25,23.03,-8.96,-3.0,1,3211
6.0,198.999750,174.64,0.8,-6.9,22.96,-6.24,-4.75,1,3093
6.0,199.009750,175.69,0.85,-8.95,22.91,-2.64,-5.0,1,2957
6.0,199.019751,174.99,0.84,-9.21,22.92,1.33,-4.5,1,2829
6.0,199.029750,173.67,0.77,-8.33,22.95,5.11,-3.0,1,2701
6.0,199.039751,171.21,0.83,-5.77,23.0,8.18,-0.75,1,2566
6.0,199.049751,168.75,0.83,-2.9,23.05,10.09,1.75,1,2473
6.0,199.059751,165.06,0.83,0.44,23.11,10.59,5.0,1,3335
6.0,199.069751,161.98,0.86,4.04,23.18,9.6,7.75,1,3207
6.0,199.079751,159.96,0.86,7.69,23.26,7.26,9.5,1,3097
6.0,199.089751,159.35,0.83,10.63,23.32,3.91,10.0,1,2961
6.0,199.099751,159.61,0.87,10.88,23.32,0.0,9.5,1,2834
6.0,199.109751,160.93,0.89,8.92,23.28,-3.91,8.25,1,2706
6.0,199.119751,163.3,0.82,6.79,23.21,-7.26,6.25,1,2570
6.0,199.129751,166.11,0.85,4.14,23.16,-9.6,3.5,1,2469
6.0,199.139751,169.1,0.8,1.01,23.11,-10.59,0.25,1,3339
6.0,199.149751,172.18,0.8,-2.62,23.05,-10.09,-2.75,1,3212
6.0,199.159751,174.99,0.79,-6.46,22.98,-8.18,-5.25,1,3093
6.0,199.169750,176.66,0.81,-9.49,22.91,-5.11,-6.25,1,2957
6.0,199.179751,176.92,0.84,-10.86,22.89,-1.33,-6.25,1,2830
6.0,199.189750,176.31,0.81,-10.62,22.9,2.64,-5.25,1,2702
6.0,199.199750,174.64,0.8,-8.91,22.94,6.24,-3.75,1,2575
6.0,199.209751,171.65,0.82,-5.99,23.01,8.96,-1.25,1,2473
6.0,199.219751,168.57,0.82,-3.02,23.07,10.42,1.75,1,3335
6.0,199.229751,165.15,0.83,0.43,23.13,10.42,5.0,1,3216
6.0,199.239751,161.54,0.84,4.22,23.19,8.96,8.0,1,3098
6.0,199.249751,159.61,0.86,8.07,23.27,6.24,9.75,1,2961
6.0,199.259751,158.91,0.84,11.02,23.33,2.64,10.25,1,2834
6.0,199.269751,158.99,0.87,11.15,23.33,-1.33,9.75,1,2706
6.0,199.279751,160.93,0.9,9.22,23.29,-5.11,8.5,1,2570
6.0,199.289751,163.12,0.82,7.12,23.23,-8.18,6.25,1,2478
6.0,199.299751,165.67,0.85,4.43,23.17,-10.09,3.75,1,3340
6.0,199.309751,169.28,0.8,1.21,23.12,-10.59,0.5,1,3212
6.0,199.319751,172.18,0.8,-2.46,23.06,-9.6,-2.25,1,3093
6.0,199.329750,173.94,0.8,-6.13,22.98,-7.26,-4.0,1,2957
6.0,199.339751,174.99,0.84,-8.31,22.93,-3.91,-4.5,1,2830
6.0,199.349751,174.46,0.83,-8.63,22.94,-0.0,-3.75,1,2711
6.0,199.359751,172.88,0.78,-7.91,22.97,3.91,-2.5,1,2575
6.0,199.369750,170.77,0.83,-5.35,23.02,7.26,-0.25,1,2482
6.0,199.379751,167.7,0.82,-2.44,23.08,9.6,2.25,1,3344
6.0,199.389751,165.06,0.84,0.75,23.13,10.59,5.25,1,3217
6.0,199.399751,161.37,0.86,4.33,23.2,10.09,8.25,1,3098
6.0,199.409751,159.52,0.85,8.02,23.27,8.18,9.75,1,2962
6.0,199.419751,159.26,0.84,10.86,23.33,5.11,10.25,1,2834
6.0,199.429751,159.26,0.87,11.13,23.33,1.33,9.75,1,2707
6.0,199.439751,160.31,0.9,9.2,23.29,-2.64,8.5,1,2571
6.0,199.449751,163.12,0.82,7.11,23.23,-6.24,6.5,1,2478
6.0,199.459751,165.41,0.85,4.5,23.18,-8.96,3.75,1,3340
6.0,199.469751,168.66,0.8,1.37,23.13,-10.42,0.75,1,3212
6.0,199.479751,172.27,0.8,-2.22,23.07,-10.42,-2.75,1,3094
6.0,199.489751,175.96,0.79,-6.16,23.0,-8.96,-5.75,1,2958
6.0,199.499750,177.63,0.79,-10.12,22.91,-6.24,-7.75,1,2839
6.0,199.509751,178.95,0.85,-12.47,22.86,-2.64,-8.25,1,2711
6.0,199.519751,178.77,0.83,-12.68,22.87,1.33,-7.75,1,2575
6.0,199.529750,177.19,0.78,-11.9,22.9,5.11,-6.5,1,2482
6.0,199.539751,174.99,0.82,-9.39,22.95,8.18,-4.25,1,3344
6.0,199.549751,172.71,0.81,-6.46,23.01,10.09,-1.75,1,3217
6.0,199.559751,168.57,0.82,-3.16,23.07,10.59,1.5,1,3098
6.0,199.569751,165.59,0.83,0.54,23.13,9.6,4.25,1,2962
6.0,199.579751,163.12,0.84,4.32,23.22,7.26,6.0,1,2835
6.0,199.589751,162.77,0.81,7.31,23.28,3.91,6.5,1,2707
6.0,199.599751,163.04,0.83,7.42,23.27,-0.0,6.25,1,2579
6.0,199.609751,164.09,0.87,5.52,23.22,-3.91,4.75,1,2478
6.0,199.619751,166.55,0.8,3.59,23.17,-7.26,2.75,1,3340
6.0,199.629751,169.28,0.83,1.06,23.12,-9.6,0.25,1,3221
6.0,199.639751,171.91,0.79,-2.16,23.07,-10.59,-2.75,1,3103
6.0,199.649751,175.17,0.79,-5.67,23.01,-10.09,-5.25,1,2966
6.0,199.659751,176.48,0.79,-9.17,22.94,-8.18,-7.0,1,2839
6.0,199.669750,177.8,0.84,-11.19,22.89,-5.11,-7.25,1,2712
6.0,199.679751,177.45,0.84,-11.07,22.91,-1.33,-7.0,1,2575
6.0,199.689751,176.66,0.76,-10.63,22.92,2.64,-5.75,1,2483
6.0,199.699750,174.2,0.82,-8.91,22.95,6.24,-3.75,1,3344
6.0,199.709751,171.83,0.81,-5.91,23.03,8.96,-1.25,1,3217
6.0,199.719751,168.4,0.82,-2.72,23.08,10.42,1.75,1,3099
6.0,199.729751,164.71,0.84,0.85,23.15,10.42,5.25,1,2962
6.0,199.739751,160.58,0.85,4.77,23.22,8.96,8.5,1,2835
6.0,199.749751,158.64,0.87,8.65,23.3,6.24,10.25,1,2716
6.0,199.759751,158.2,0.84,11.74,23.36,2.64,11.0,1,2580
6.0,199.769751,158.55,0.88,12.04,23.36,-1.33,10.75,1,2479
6.0,199.779751,159.87,0.91,10.23,23.33,-5.11,9.75,1,3349
6.0,199.789751,161.54,0.83,8.31,23.27,-8.18,7.75,1,3222
6.0,199.799751,164.0,0.86,5.8,23.21,-10.09,5.0,1,3103
6.0,199.809751,167.52,0.81,2.63,23.16,-10.59,2.0,1,2967
6.0,199.819751,170.68,0.81,-0.96,23.1,-9.6,-1.25,1,2839
6.0,199.829750,173.32,0.8,-4.59,23.03,-7.26,-3.5,1,2712
6.0,199.839751,174.64,0.81,-7.7,22.97,-3.91,-4.5,1,2575
6.0,199.849751,174.81,0.84,-9.06,22.95,0.0,-4.5,1,2483
6.0,199.859751,174.29,0.81,-8.8,22.95,3.91,-3.75,1,3345
6.0,199.869750,172.18,0.81,-7.07,22.99,7.26,-1.75,1,3218
6.0,199.879751,169.72,0.82,-4.18,23.06,9.6,0.75,1,3107
6.0,199.889751,166.82,0.83,-1.11,23.12,10.59,3.5,1,2962
6.0,199.899751,163.3,0.84,2.36,23.18,10.09,6.25,1,2843
6.0,199.909751,161.63,0.84,5.99,23.25,8.18,7.75,1,2716
6.0,199.919751,161.28,0.82,8.74,23.31,5.11,8.25,1,2580
6.0,199.929751,161.98,0.85,8.87,23.31,1.33,7.5,1,2479
6.0,199.939751,163.12,0.88,6.89,23.26,-2.64,6.25,1,3349
6.0,199.949751,164.62,0.81,4.76,23.2,-6.24,4.25,1,3222
6.0,199.959751,168.05,0.84,2.18,23.16,-8.96,1.5,1,3103
6.0,199.969751,170.6,0.79,-0.92,23.1,-10.42,-1.75,1,2967
6.0,199.979751,174.29,0.8,-4.56,23.04,-10.42,-4.75,1,2839
6.0,199.989751,177.1,0.79,-8.36,22.97,-8.96,-7.0,1,2712
6.0,199.999750,178.24,0.81,-11.33,22.91,-6.24,-8.25,1,2576
6.0,200.009751,179.12,0.83,-12.48,22.88,-2.64,-8.25,1,2483
6.0,200.019751,177.98,0.81,-12.49,22.89,1.33,-7.5,1,3345
6.0,200.029750,176.13,0.8,-11.17,22.92,5.11,-5.75,1,3226
6.0,200.039751,174.29,0.8,-8.07,23.0,8.18,-3.25,1,3107
6.0,200.049751,170.77,0.82,-5.07,23.05,10.09,-0.25,1,2972
6.0,200.059751,167.34,0.82,-1.55,23.11,10.59,3.0,1,2844
6.0,200.069751,163.39,0.84,2.23,23.18,9.6,6.0,1,2717
6.0,200.079751,161.72,0.85,6.13,23.25,7.26,7.75,1,2580
6.0,200.089751,160.4,0.82,9.12,23.32,3.91,8.5,1,2487
6.0,200.099751,160.93,0.85,9.63,23.33,0.0,8.25,1,3349
6.0,200.109751,162.33,0.88,7.75,23.29,-3.91,7.0,1,3222
6.0,200.119751,163.92,0.82,5.79,23.23,-7.26,5.25,1,3103
6.0,200.129751,167.08,0.84,3.29,23.17,-9.6,2.75,1,2967
6.0,200.139751,169.8,0.8,0.24,23.12,-10.59,-0.25,1,2840
6.0,200.149751,173.32,0.8,-3.3,23.07,-10.09,-3.75,1,2721
6.0,200.159751,176.75,0.78,-7.19,23.0,-8.18,-6.75,1,2585
6.0,200.169750,178.77,0.79,-10.88,22.92,-5.11,-8.5,1,2483
6.0,200.179751,179.56,0.84,-13.03,22.88,-1.33,-9.0,1,3354
6.0,200.189751,178.95,0.84,-13.31,22.88,2.64,-8.25,1,3226
6.0,200.199750,177.45,0.76,-12.44,22.91,6.24,-6.75,1,3108
6.0,200.209751,175.52,0.82,-9.73,22.97,8.96,-4.75,1,2972
6.0,200.219751,172.35,0.82,-6.64,23.03,10.42,-1.75,1,2844
6.0,200.229751,169.1,0.81,-3.2,23.08,10.42,1.25,1,2717
6.0,200.239751,164.79,0.83,0.57,23.16,8.96,4.25,1,2581
6.0,200.249751,163.12,0.84,4.5,23.24,6.24,6.25,1,2488
6.0,200.259751,162.42,0.82,7.45,23.3,2.64,7.0,1,3350
6.0,200.269751,161.37,0.84,7.64,23.29,-1.33,7.5,1,3222
6.0,200.279751,162.6,0.91,6.69,23.27,-5.11,6.75,1,3112
6.0,200.289751,164.18,0.8,6.24,23.27,-8.18,5.25,1,2977
6.0,200.299751,166.03,0.82,4.08,23.2,-10.09,3.25,1,2849
6.0,200.309751,169.28,0.84,1.25,23.15,-10.59,0.75,1,2721
6.0,200.319751,171.91,0.77,-2.02,23.1,-9.6,-2.5,1,2585
6.0,200.329750,174.81,0.81,-5.66,23.03,-7.26,-5.25,1,3473
6.0,200.339751,177.1,0.78,-9.25,22.96,-3.91,-6.75,1,3354
6.0,200.349751,177.63,0.85,-11.42,22.91,-0.0,-7.0,1,3227
6.0,200.359751,177.1,0.84,-11.41,22.92,3.91,-6.25,1,3108
6.0,200.369750,175.34,0.76,-10.16,22.96,7.26,-4.75,1,2972
6.0,200.379751,173.32,0.83,-7.46,23.02,9.6,-2.75,1,2844
6.0,200.389751,170.33,0.82,-4.61,23.07,10.59,0.25,1,2717
6.0,200.399751,166.9,0.82,-1.27,23.13,10.09,3.0,1,2590
6.0,200.409751,164.62,0.84,2.42,23.21,8.18,5.25,1,3478
6.0,200.419751,163.04,0.82,5.39,23.27,5.11,6.25,1,3350
6.0,200.429751,163.12,0.82,6.87,23.29,1.33,6.25,1,3231
6.0,200.439751,163.74,0.85,6.43,23.29,-2.64,5.25,1,3113
6.0,200.449751,165.76,0.84,4.12,23.21,-6.24,3.25,1,2977
6.0,200.459751,168.4,0.81,1.79,23.17,-8.96,1.0,1,2849
6.0,200.469751,171.3,0.81,-1.24,23.12,-10.42,-1.75,1,2713
6.0,200.479751,174.64,0.78,-4.66,23.05,-10.42,-5.25,1,2586
6.0,200.489751,177.98,0.79,-8.38,22.99,-8.96,-8.0,1,3482
6.0,200.499750,179.91,0.79,-11.96,22.92,-6.24,-9.75,1,3355
6.0,200.509751,180.79,0.85,-14.16,22.86,-2.64,-10.25,1,3227
6.0,200.519751,180.44,0.83,-14.6,22.87,1.33,-9.5,1,3108
6.0,200.529750,178.77,0.76,-13.61,22.91,5.11,-8.0,1,2981
6.0,200.539751,176.48,0.83,-10.79,22.96,8.18,-5.75,1,2845
6.0,200.549751,173.5,0.81,-7.85,23.02,10.09,-3.0,1,2717
6.0,200.559751,170.07,0.81,-4.38,23.08,10.59,0.25,1,2590
6.0,200.569751,165.94,0.82,-0.61,23.15,9.6,3.25,1,3478
6.0,200.579751,164.18,0.83,3.34,23.23,7.26,5.0,1,3359
6.0,200.589751,163.65,0.81,6.42,23.3,3.91,5.75,1,3232
6.0,200.599751,164.36,0.83,6.69,23.29,-0.0,5.25,1,3113
6.0,200.609751,165.32,0.87,4.95,23.25,-3.91,4.25,1,2977
6.0,200.619751,166.99,0.79,2.97,23.2,-7.26,2.25,1,2849
6.0,200.629751,169.72,0.83,0.42,23.15,-9.6,-0.25,1,2713
6.0,200.639751,172.71,0.79,-2.71,23.1,-10.59,-3.25,1,2586
6.0,200.649751,175.61,0.79,-6.19,23.03,-10.09,-6.0,1,3482
6.0,200.659751,177.28,0.8,-9.66,22.96,-8.18,-7.5,1,3355
6.0,200.669750,177.98,0.84,-11.64,22.91,-5.11,-8.0,1,3227
6.0,200.679751,178.24,0.84,-11.68,22.93,-1.33,-7.25,1,3118
6.0,200.689751,176.48,0.76,-11.03,22.95,2.64,-6.0,1,2981
6.0,200.699750,174.64,0.83,-9.08,22.98,6.24,-4.0,1,2854
6.0,200.709751,171.83,0.8,-5.95,23.06,8.96,-1.25,1,2718
6.0,200.719751,168.57,0.83,-2.73,23.12,10.42,2.0,1,2590
6.0,200.729751,165.32,0.84,0.96,23.19,10.42,5.25,1,3478
6.0,200.739751,161.98,0.84,4.82,23.25,8.96,7.75,1,3360
6.0,200.749751,160.75,0.85,8.0,23.32,6.24,8.75,1,3232
6.0,200.759751,160.14,0.83,9.91,23.36,2.64,9.25,1,3113
6.0,200.769751,160.58,0.88,9.6,23.36,-1.33,8.5,1,2977
6.0,200.779751,162.42,0.86,7.53,23.29,-5.11,7.0,1,2850
6.0,200.789751,164.62,0.83,5.45,23.24,-8.18,4.75,1,2722
6.0,200.799751,166.82,0.83,2.81,23.19,-10.09,2.25,1,2595
6.0,200.809751,170.6,0.8,-0.39,23.13,-10.59,-1.0,1,3483
6.0,200.819751,173.5,0.8,-4.11,23.08,-9.6,-4.0,1,3355
6.0,200.829750,175.78,0.79,-7.83,23.0,-7.26,-5.5,1,3237
6.0,200.839751,176.66,0.85,-9.99,22.95,-3.91,-6.0,1,3118
6.0,200.849751,176.31,0.83,-10.18,22.97,0.0,-5.5,1,2982
6.0,200.859751,174.38,0.77,-9.46,22.99,3.91,-4.25,1,2854
6.0,200.869750,172.88,0.83,-7.11,23.04,7.26,-2.25,1,2718
6.0,200.879751,169.89,0.81,-4.22,23.09,9.6,0.5,1,2591
6.0,200.889751,166.73,0.83,-0.99,23.15,10.59,3.75,1,3487
6.0,200.899751,163.39,0.84,2.6,23.22,10.09,6.5,1,3360
6.0,200.909751,161.28,0.85,6.29,23.3,8.18,8.0,1,3232
6.0,200.919751,160.4,0.82,9.17,23.36,5.11,9.0,1,3113
6.0,200.929751,159.61,0.86,9.51,23.36,1.33,9.25,1,2986
6.0,200.939751,161.02,0.91,8.64,23.34,-2.64,8.75,1,2850
6.0,200.949751,162.16,0.82,7.89,23.31,-6.24,7.25,1,2722
6.0,200.959751,163.56,0.84,5.98,23.26,-8.96,5.25,1,2595
6.0,200.969751,166.99,0.84,3.34,23.21,-10.42,2.75,1,3483
6.0,200.979751,169.98,0.79,0.13,23.15,-10.42,-0.5,1,3364
6.0,200.989751,173.23,0.81,-3.43,23.09,-8.96,-3.25,1,3237
6.0,200.999750,174.81,0.79,-7.14,23.02,-6.24,-5.0,1,3118
6.0,201.009751,175.96,0.84,-9.29,22.98,-2.64,-5.25,1,2982
6.0,201.019751,175.34,0.84,-9.55,22.99,1.33,-4.75,1,2855
6.0,201.029750,173.5,0.77,-8.71,23.01,5.11,-3.25,1,2718
6.0,201.039751,171.56,0.82,-6.25,23.06,8.18,-1.25,1,2591
6.0,201.049751,169.1,0.82,-3.37,23.12,10.09,1.25,1,3487
6.0,201.059751,165.94,0.82,-0.09,23.17,10.59,4.5,1,3360
6.0,201.069751,162.16,0.85,3.47,23.24,9.6,7.25,1,3233
6.0,201.079751,160.66,0.85,7.2,23.31,7.26,9.0,1,3123
6.0,201.089751,159.96,0.83,10.13,23.37,3.91,9.5,1,2986
6.0,201.099751,160.31,0.86,10.37,23.38,0.0,9.0,1,2859
6.0,201.109751,161.89,0.89,8.4,23.34,-3.91,7.75,1,2723
6.0,201.119751,163.48,0.82,6.45,23.28,-7.26,5.75,1,2595
6.0,201.129751,166.38,0.85,3.91,23.23,-9.6,3.25,1,3483
6.0,201.139751,169.37,0.8,0.8,23.17,-10.59,0.25,1,3364
6.0,201.149751,172.88,0.8,-2.66,23.11,-10.09,-3.25,1,3237
6.0,201.159751,175.96,0.79,-6.64,23.04,-8.18,-6.25,1,3118
6.0,201.169750,178.07,0.79,-10.36,22.96,-5.11,-8.0,1,2982
6.0,201.179751,178.95,0.85,-12.54,22.91,-1.33,-8.5,1,2855
6.0,201.189763,178.24,0.83,-12.71,22.93,2.64,-7.75,1,2740
6.0,201.199763,176.84,0.77,-11.92,22.96,6.24,-6.25,1,2612
6.0,201.209764,174.64,0.82,-9.25,23.01,8.96,-4.25,1,3501
6.0,201.219764,172.0,0.81,-6.1,23.07,10.42,-1.25,1,3374
6.0,201.229763,168.4,0.82,-2.71,23.13,10.42,2.0,1,3255
6.0,201.239763,164.36,0.83,1.06,23.2,8.96,5.0,1,3136
6.0,201.249764,162.42,0.84,4.88,23.29,6.24,6.75,1,3000
6.0,201.259764,161.89,0.82,7.9,23.34,2.64,7.25,1,2873
6.0,201.269763,162.33,0.83,8.16,23.35,-1.33,6.75,1,2736
6.0,201.279763,163.48,0.88,6.35,23.3,-5.11,5.75,1,2608
6.0,201.289764,165.41,0.8,4.34,23.24,-8.18,3.75,1,3506
6.0,201.299764,168.49,0.83,1.89,23.19,-10.09,1.25,1,3379
6.0,201.309763,170.95,0.79,-1.12,23.14,-10.59,-1.75,1,3250
6.0,201.319763,173.94,0.79,-4.74,23.09,-9.6,-4.75,1,3132
6.0,201.329764,175.78,0.8,-8.32,23.01,-7.26,-6.25,1,3005
6.0,201.339764,177.1,0.84,-10.36,22.97,-3.91,-6.5,1,2869
6.0,201.349767,176.31,0.84,-10.39,22.97,-0.0,-5.75,1,2745
6.0,201.359763,174.99,0.77,-9.63,23.0,3.91,-4.25,1,2613
6.0,201.369763,172.88,0.82,-7.29,23.05,7.26,-2.25,1,3501
6.0,201.379764,169.72,0.81,-4.13,23.11,9.6,0.5,1,3383
6.0,201.389764,166.9,0.82,-0.87,23.16,10.59,3.75,1,3256
6.0,201.399763,162.95,0.85,2.71,23.24,10.09,6.75,1,3136
6.0,201.409763,161.02,0.84,6.44,23.31,8.18,8.25,1,3000
6.0,201.419764,160.14,0.82,9.44,23.37,5.11,9.25,1,2873
6.0,201.429764,159.7,0.86,9.94,23.38,1.33,9.75,1,2737
6.0,201.439763,160.31,0.91,8.91,23.36,-2.64,9.0,1,2617
6.0,201.449763,161.63,0.82,8.21,23.33,-6.24,7.75,1,3505
6.0,201.459764,163.48,0.83,6.19,23.28,-8.96,5.5,1,3379
6.0,201.469764,166.46,0.85,3.48,23.23,-10.42,2.75,1,3252
6.0,201.479763,169.54,0.78,0.23,23.17,-10.42,-0.25,1,3140
6.0,201.489763,173.23,0.81,-3.3,23.11,-8.96,-3.25,1,3004
6.0,201.499764,174.64,0.8,-6.97,23.04,-6.24,-4.75,1,2878
6.0,201.509764,175.61,0.84,-9.07,22.99,-2.64,-5.25,1,2742
6.0,201.519763,175.17,0.84,-9.38,23.0,1.33,-4.5,1,2613
6.0,201.529763,173.67,0.77,-8.49,23.03,5.11,-3.25,1,3501
6.0,201.539764,171.56,0.83,-5.9,23.08,8.18,-1.0,1,3383
6.0,201.549764,168.84,0.82,-3.04,23.13,10.09,1.75,1,3256
6.0,201.559763,165.32,0.82,0.27,23.19,10.59,4.75,1,3136
6.0,201.569763,162.16,0.86,3.83,23.26,9.6,7.75,1,3000
6.0,201.579764,159.96,0.85,7.5,23.34,7.26,9.25,1,2874
6.0,201.589764,159.26,0.83,10.48,23.39,3.91,9.75,1,2746
6.0,201.599765,159.7,0.86,10.73,23.4,-0.0,9.25,1,2620
6.0,201.609763,161.28,0.89,8.75,23.36,-3.91,8.0,1,3506
6.0,201.619763,163.3,0.82,6.67,23.3,-7.26,6.0,1,3378
6.0,201.629764,166.03,0.85,4.06,23.24,-9.6,3.25,1,3260
6.0,201.639764,169.1,0.8,0.99,23.19,-10.59,0.25,1,3142
6.0,201.649763,172.53,0.8,-2.57,23.13,-10.09,-3.25,1,3005
6.0,201.659763,176.13,0.79,-6.56,23.06,-8.18,-6.25,1,2877
6.0,201.669764,178.33,0.78,-10.36,22.98,-5.11,-8.0,1,2742
6.0,201.679764,179.12,0.85,-12.62,22.93,-1.33,-8.5,1,2614
6.0,201.689763,178.51,0.83,-12.81,22.94,2.64,-8.0,1,3510
6.0,201.699763,177.1,0.77,-11.97,22.97,6.24,-6.25,1,3383
6.0,201.709764,174.64,0.82,-9.25,23.03,8.96,-4.25,1,3256
6.0,201.719764,171.65,0.81,-6.14,23.09,10.42,-1.25,1,3137
6.0,201.729763,167.96,0.82,-2.75,23.15,10.42,1.75,1,3009
6.0,201.739763,164.79,0.83,1.0,23.22,8.96,4.75,1,2873
6.0,201.749764,163.04,0.84,4.8,23.3,6.24,6.5,1,2747
6.0,201.759764,161.98,0.81,7.83,23.36,2.64,7.5,1,2619
6.0,201.769763,161.54,0.84,8.21,23.35,-1.33,7.75,1,3506
6.0,201.779763,162.07,0.91,7.25,23.33,-5.11,7.25,1,3378
6.0,201.789764,163.3,0.8,6.5,23.31,-8.18,5.75,1,3261
6.0,201.799764,165.41,0.82,4.27,23.25,-10.09,3.5,1,3142
6.0,201.809763,168.49,0.84,1.52,23.2,-10.59,0.75,1,3005
6.0,201.819763,171.47,0.77,-1.72,23.15,-9.6,-2.0,1,2877
6.0,201.829764,173.76,0.81,-5.31,23.09,-7.26,-4.25,1,2742
6.0,201.839764,175.61,0.81,-8.09,23.03,-3.91,-5.0,1,2624
8.0,203.859750,173.94,0.8,-6.38,23.12,0.0,-4.25,1,3395
8.0,203.869750,175.17,0.85,-8.24,23.08,3.83,-4.25,1,3276
8.0,203.879751,174.11,0.84,-8.22,23.09,6.72,-3.25,1,3149
8.0,203.889751,171.83,0.79,-7.0,23.13,7.94,-1.5,1,3022
8.0,203.899751,169.72,0.83,-4.13,23.19,7.2,0.75,1,2894
8.0,203.909750,167.08,0.84,-0.94,23.25,4.68,3.0,1,2758
8.0,203.919751,165.32,0.83,2.16,23.31,1.0,4.0,1,2656
8.0,203.929750,165.67,0.8,4.48,23.35,-2.93,3.75,1,3518
8.0,203.939751,166.55,0.81,4.31,23.34,-6.13,2.75,1,3399
8.0,203.949751,168.4,0.86,1.93,23.29,-7.82,1.0,1,3281
8.0,203.959751,170.6,0.79,-0.68,23.24,-7.57,-1.25,1,3145
8.0,203.969750,172.97,0.82,-3.65,23.18,-5.45,-3.5,1,3017
8.0,203.979750,174.29,0.79,-6.7,23.12,-1.98,-4.5,1,2898
8.0,203.989750,174.02,0.85,-8.32,23.08,1.98,-4.25,1,2754
8.0,203.999750,173.94,0.85,-7.66,23.11,5.45,-3.25,1,2661
8.0,204.009751,171.83,0.78,-6.44,23.13,7.57,-1.25,1,3523
8.0,204.019751,169.19,0.84,-4.0,23.17,7.82,1.25,1,3395
8.0,204.029751,166.46,0.83,-0.5,23.26,6.13,3.5,1,3276
8.0,204.039750,164.88,0.84,2.76,23.33,2.93,4.5,1,3149
8.0,204.049751,164.79,0.81,5.23,23.37,-1.0,4.75,1,3022
8.0,204.059750,165.32,0.82,5.18,23.37,-4.68,3.75,1,2894
8.0,204.069751,167.17,0.87,3.1,23.32,-7.2,2.25,1,2758
8.0,204.079751,169.63,0.79,0.69,23.26,-7.94,-0.0,1,2657
8.0,204.089751,172.0,0.82,-2.15,23.21,-6.72,-2.5,1,3527
8.0,204.099750,174.11,0.8,-5.29,23.15,-3.83,-4.25,1,3400
8.0,204.109751,174.46,0.82,-7.8,23.1,0.0,-4.75,1,3281
8.0,204.119750,174.64,0.85,-8.38,23.09,3.83,-4.25,1,3145
8.0,204.129751,173.06,0.82,-7.35,23.12,6.72,-2.75,1,3026
8.0,204.139751,171.21,0.81,-5.81,23.15,7.94,-0.75,1,2899
8.0,204.149751,168.4,0.83,-3.12,23.21,7.2,2.0,1,2762
8.0,204.159750,165.59,0.84,0.49,23.28,4.68,4.25,1,2661
8.0,204.169751,163.3,0.85,3.83,23.34,1.0,5.75,1,3523
8.0,204.179750,163.48,0.8,6.32,23.4,-2.93,5.75,1,3395
8.0,204.189751,164.71,0.83,6.38,23.39,-6.13,4.75,1,3286
8.0,204.199751,166.2,0.87,4.08,23.35,-7.82,3.25,1,3149
8.0,204.209751,168.49,0.79,1.63,23.28,-7.57,1.0,1,3022
8.0,204.219750,170.95,0.83,-1.22,23.23,-5.45,-1.25,1,2894
8.0,204.229750,172.09,0.8,-4.3,23.17,-1.98,-2.0,1,2758
8.0,204.239750,172.09,0.86,-5.86,23.14,1.98,-2.25,1,2666
8.0,204.249750,171.74,0.85,-5.14,23.17,5.45,-2.25,1,3528
8.0,204.259751,171.83,0.76,-4.36,23.18,7.57,-1.0,1,3400
8.0,204.269751,169.63,0.86,-3.78,23.19,7.82,0.75,1,3281
8.0,204.279751,166.9,0.85,-1.95,23.24,6.13,3.0,1,3153
8.0,204.289750,165.15,0.8,1.4,23.3,2.93,4.25,1,3026
8.0,204.299751,164.71,0.86,3.79,23.35,-1.0,4.75,1,2899
8.0,204.309750,165.41,0.79,4.85,23.37,-4.68,4.25,1,2763
8.0,204.319751,166.55,0.85,4.31,23.35,-7.2,2.75,1,3651
8.0,204.329751,169.01,0.84,1.34,23.28,-7.94,0.75,1,3523
8.0,204.339751,171.3,0.78,-1.39,23.24,-6.72,-2.0,1,3405
8.0,204.349750,173.76,0.83,-4.58,23.18,-3.83,-4.25,1,3286
8.0,204.359751,175.08,0.79,-7.68,23.11,-0.0,-5.25,1,3149
8.0,204.369750,175.34,0.86,-9.25,23.07,3.83,-5.25,1,3022
8.0,204.379751,174.99,0.85,-8.64,23.1,6.72,-4.25,1,2904
8.0,204.389751,172.79,0.78,-7.57,23.12,7.94,-2.5,1,2767
8.0,204.399751,170.68,0.84,-5.49,23.16,7.2,-0.25,1,3655
8.0,204.409750,167.78,0.83,-1.86,23.24,4.68,2.0,1,3528
8.0,204.419751,166.03,0.83,1.36,23.31,1.0,3.0,1,3400
8.0,204.429751,166.38,0.8,3.78,23.36,-2.93,3.25,1,3281
8.0,204.439751,167.17,0.81,3.64,23.35,-6.13,2.25,1,3154
8.0,204.449751,168.93,0.86,1.48,23.3,-7.82,0.75,1,3027
8.0,204.459751,170.95,0.78,-0.82,23.24,-7.57,-1.5,1,2899
8.0,204.469750,172.88,0.82,-3.6,23.19,-5.45,-3.5,1,2763
8.0,204.479751,174.11,0.8,-6.52,23.14,-1.98,-4.25,1,3651
8.0,204.489751,173.85,0.85,-8.01,23.1,1.98,-4.0,1,3532
8.0,204.499750,172.97,0.86,-7.34,23.13,5.45,-2.75,1,3405
8.0,204.509751,171.65,0.79,-6.01,23.15,7.57,-0.75,1,3286
8.0,204.519751,169.1,0.84,-3.57,23.2,7.82,1.75,1,3150
8.0,204.529751,166.2,0.84,-0.05,23.28,6.13,4.0,1,3031
8.0,204.539751,164.18,0.84,3.35,23.35,2.93,5.0,1,2895
8.0,204.549751,164.09,0.81,5.91,23.41,-1.0,5.25,1,2767
8.0,204.559750,164.36,0.82,5.82,23.39,-4.68,4.5,1,3655
8.0,204.569751,166.38,0.87,3.66,23.35,-7.2,3.0,1,3528
8.0,204.579751,168.49,0.79,1.53,23.29,-7.94,0.75,1,3400
8.0,204.589751,171.39,0.83,-1.27,23.24,-6.72,-1.75,1,3290
8.0,204.599750,174.02,0.8,-4.53,23.19,-3.83,-4.25,1,3154
8.0,204.609751,175.25,0.8,-7.65,23.12,-0.0,-5.25,1,3027
8.0,204.619750,174.99,0.86,-9.29,23.08,3.83,-5.25,1,2899
8.0,204.629751,174.99,0.84,-8.79,23.1,6.72,-4.25,1,2772
8.0,204.639751,173.14,0.79,-7.6,23.13,7.94,-2.5,1,3660
8.0,204.649751,170.24,0.83,-5.31,23.17,7.2,-0.25,1,3532
8.0,204.659750,167.78,0.83,-1.83,23.25,4.68,2.25,1,3405
8.0,204.669751,166.03,0.83,1.37,23.32,1.0,3.25,1,3286
8.0,204.679751,166.2,0.8,3.71,23.37,-2.93,3.25,1,3159
8.0,204.689751,167.52,0.81,3.65,23.36,-6.13,2.25,1,3031
8.0,204.699751,168.57,0.86,1.56,23.31,-7.82,0.75,1,2895
8.0,204.709751,170.24,0.78,-0.82,23.25,-7.57,-1.25,1,2767
8.0,204.719750,173.32,0.82,-3.56,23.2,-5.45,-3.25,1,3655
8.0,204.729751,174.38,0.8,-6.48,23.14,-1.98,-4.25,1,3528
8.0,204.739751,174.02,0.85,-7.96,23.11,1.98,-4.0,1,3409
8.0,204.749750,173.32,0.86,-7.28,23.14,5.45,-2.75,1,3291
8.0,204.759751,171.39,0.79,-5.97,23.16,7.57,-0.75,1,3154
8.0,204.769751,168.75,0.84,-3.55,23.21,7.82,1.75,1,3027
8.0,204.779751,165.76,0.84,-0.02,23.29,6.13,4.0,1,2900
8.0,204.789751,164.18,0.84,3.37,23.36,2.93,5.25,1,2772
8.0,204.799751,164.09,0.81,5.89,23.41,-1.0,5.25,1,3660
8.0,204.809750,164.97,0.82,5.84,23.4,-4.68,4.5,1,3533
8.0,204.819751,166.2,0.88,3.76,23.36,-7.2,3.0,1,3405
8.0,204.829751,168.49,0.79,1.6,23.3,-7.94,0.75,1,3287
8.0,204.839751,171.21,0.83,-1.13,23.25,-6.72,-1.75,1,3159
8.0,204.849750,173.5,0.8,-4.35,23.2,-3.83,-4.0,1,3031
8.0,204.859751,175.34,0.81,-7.46,23.13,0.0,-5.5,1,2895
8.0,204.869750,175.96,0.85,-9.24,23.09,3.83,-6.25,1,2768
8.0,204.879751,176.4,0.81,-9.59,23.1,6.72,-5.75,1,3656
8.0,204.889751,175.17,0.8,-9.61,23.1,7.94,-4.25,1,3537
8.0,204.899751,172.79,0.87,-7.61,23.14,7.2,-2.0,1,3410
8.0,204.909750,169.72,0.77,-4.03,23.22,4.68,-0.0,1,3291
8.0,204.919751,168.22,0.84,-0.91,23.28,1.0,1.0,1,3154
8.0,204.929751,168.05,0.78,1.17,23.33,-2.93,1.25,1,3035
8.0,204.939751,168.22,0.79,1.33,23.31,-6.13,1.25,1,2900
8.0,204.949751,169.28,0.9,0.37,23.29,-7.82,0.25,1,2772
8.0,204.959751,170.68,0.77,-0.98,23.28,-7.57,-1.5,1,3660
8.0,204.969750,172.18,0.79,-3.13,23.22,-5.45,-3.0,1,3533
8.0,204.979751,173.06,0.84,-5.57,23.16,-1.98,-3.5,1,3406
8.0,204.989751,173.06,0.83,-6.75,23.14,1.98,-3.25,1,3295
8.0,204.999750,172.0,0.86,-5.95,23.17,5.45,-1.75,1,3159
8.0,205.009751,170.51,0.79,-4.83,23.2,7.57,-0.0,1,3032
8.0,205.019751,167.61,0.85,-2.77,23.23,7.82,2.75,1,2904
8.0,205.029751,164.79,0.84,0.98,23.32,6.13,4.75,1,2777
8.0,205.039751,163.04,0.85,4.22,23.38,2.93,6.0,1,3665
8.0,205.049751,163.3,0.82,6.73,23.44,-1.0,6.25,1,3537
8.0,205.059750,164.18,0.83,6.62,23.42,-4.68,5.25,1,3410
8.0,205.069751,165.67,0.88,4.41,23.37,-7.2,3.5,1,3291
8.0,205.079751,168.05,0.79,2.07,23.32,-7.94,1.25,1,3164
8.0,205.089751,171.21,0.83,-0.86,23.27,-6.72,-1.5,1,3035
8.0,205.099750,173.76,0.79,-4.17,23.2,-3.83,-4.0,1,2900
8.0,205.109751,175.34,0.8,-7.48,23.14,0.0,-5.5,1,2772
8.0,205.119750,176.48,0.85,-9.35,23.1,3.83,-6.25,1,3660
8.0,205.129751,176.48,0.81,-9.75,23.1,6.72,-6.0,1,3533
8.0,205.139751,174.99,0.8,-9.87,23.1,7.94,-4.25,1,3414
8.0,205.149751,172.88,0.87,-7.93,23.15,7.2,-2.25,1,3295
8.0,205.159750,170.42,0.77,-4.3,23.23,4.68,-0.25,1,3159
8.0,205.169751,168.93,0.84,-1.14,23.28,1.0,0.75,1,3032
8.0,205.179751,168.66,0.78,1.03,23.34,-2.93,1.0,1,2905
8.0,205.189751,168.57,0.8,1.05,23.32,-6.13,0.75,1,2777
8.0,205.199751,169.72,0.89,-0.15,23.29,-7.82,-0.25,1,3665
8.0,205.209751,171.56,0.77,-1.44,23.28,-7.57,-2.0,1,3537
8.0,205.219750,173.32,0.79,-3.65,23.22,-5.45,-3.5,1,3410
8.0,205.229751,173.76,0.83,-6.15,23.17,-1.98,-4.0,1,3291
8.0,205.239751,173.85,0.82,-7.37,23.14,1.98,-3.5,1,3164
8.0,205.249750,172.62,0.87,-6.49,23.17,5.45,-2.25,1,3035
8.0,205.259751,170.51,0.79,-5.17,23.2,7.57,-0.25,1,2900
8.0,205.269751,167.87,0.84,-2.78,23.23,7.82,2.5,1,2773
8.0,205.279751,164.97,0.85,0.93,23.33,6.13,4.75,1,3661
8.0,205.289751,163.21,0.84,4.1,23.39,2.93,6.25,1,3542
8.0,205.299751,163.12,0.82,6.48,23.43,-1.0,6.25,1,3414
8.0,205.309750,164.18,0.82,6.7,23.42,-4.68,5.25,1,3296
8.0,205.319751,165.5,0.88,4.82,23.38,-7.2,3.75,1,3160
8.0,205.329751,168.31,0.8,2.21,23.33,-7.94,1.25,1,3042
8.0,205.339751,170.42,0.83,-0.72,23.28,-6.72,-1.0,1,2905
8.0,205.349750,172.35,0.8,-3.93,23.22,-3.83,-2.75,1,2777
8.0,205.359751,172.88,0.83,-6.46,23.17,-0.0,-3.5,1,3665
8.0,205.369750,173.5,0.85,-7.05,23.15,3.83,-3.25,1,3538
8.0,205.379751,172.53,0.81,-6.29,23.18,6.72,-2.0,1,3410
8.0,205.389751,170.51,0.82,-5.14,23.19,7.94,-0.25,1,3300
8.0,205.399751,167.87,0.83,-2.79,23.24,7.2,2.25,1,3164
8.0,205.409750,165.32,0.84,0.65,23.33,4.68,4.5,1,3035
8.0,205.419751,163.48,0.85,3.8,23.39,1.0,6.0,1,2909
8.0,205.429751,162.33,0.81,6.33,23.43,-2.93,6.75,1,2782
8.0,205.439751,162.69,0.86,7.14,23.44,-6.13,6.75,1,3670
8.0,205.449751,164.0,0.88,6.28,23.43,-7.82,5.5,1,3542
8.0,205.459751,165.59,0.78,4.46,23.38,-7.57,3.75,1,3415
8.0,205.469750,168.31,0.88,1.99,23.32,-5.45,1.25,1,3296
8.0,205.479751,170.16,0.79,-1.02,23.28,-1.98,-0.75,1,3160
8.0,205.489751,171.12,0.82,-4.05,23.22,1.98,-1.75,1,3042
8.0,205.499750,171.56,0.87,-5.57,23.18,5.45,-1.75,1,2905
8.0,205.509751,170.86,0.84,-4.99,23.2,7.57,-0.5,1,2778
8.0,205.519751,169.19,0.8,-3.85,23.22,7.82,1.25,1,3666
8.0,205.529751,167.17,0.85,-1.5,23.27,6.13,3.25,1,3538
8.0,205.539751,165.15,0.84,1.65,23.36,2.93,4.75,1,3419
8.0,205.549751,164.18,0.83,3.93,23.4,-1.0,4.75,1,3300
8.0,205.559750,165.5,0.82,5.03,23.42,-4.68,4.25,1,3164
8.0,205.569751,166.2,0.85,4.22,23.41,-7.2,2.75,1,3038
8.0,205.579751,168.4,0.84,1.52,23.32,-7.94,0.75,1,2909
8.0,205.589751,171.74,0.8,-1.21,23.27,-6.72,-1.75,1,2782
8.0,205.599750,173.94,0.82,-4.42,23.22,-3.83,-4.25,1,3670
8.0,205.609751,175.08,0.8,-7.48,23.15,0.0,-5.25,1,3542
8.0,205.619750,175.34,0.86,-9.11,23.11,3.83,-5.0,1,3415
8.0,205.629751,174.46,0.85,-8.71,23.14,6.72,-4.0,1,3296
8.0,205.639751,172.79,0.78,-7.34,23.17,7.94,-2.0,1,3169
8.0,205.649751,169.89,0.84,-4.76,23.22,7.2,0.25,1,3042
8.0,205.659750,167.34,0.83,-1.35,23.3,4.68,2.75,1,2905
8.0,205.669751,165.41,0.83,1.95,23.36,1.0,3.75,1,2787
8.0,205.679751,165.76,0.81,4.36,23.42,-2.93,3.75,1,3666
8.0,205.689751,166.73,0.81,4.27,23.4,-6.13,2.75,1,3547
8.0,205.699751,168.49,0.86,1.89,23.35,-7.82,1.0,1,3419
8.0,205.709751,170.68,0.79,-0.54,23.3,-7.57,-1.25,1,3300
8.0,205.719750,172.79,0.82,-3.42,23.24,-5.45,-3.25,1,3165
8.0,205.729751,174.11,0.8,-6.4,23.18,-1.98,-4.25,1,3046
8.0,205.739751,174.11,0.86,-7.97,23.14,1.98,-4.0,1,2910
8.0,205.749750,173.5,0.85,-7.3,23.17,5.45,-2.75,1,2782
8.0,205.759751,171.47,0.79,-6.11,23.18,7.57,-1.0,1,3670
8.0,205.769751,168.84,0.84,-3.73,23.23,7.82,1.5,1,3543
8.0,205.779751,165.94,0.84,-0.22,23.32,6.13,3.75,1,3415
8.0,205.789751,164.36,0.84,3.17,23.39,2.93,5.0,1,3305
8.0,205.799751,164.36,0.81,5.7,23.45,-1.0,5.0,1,3169
8.0,205.809750,164.97,0.82,5.56,23.43,-4.68,4.25,1,3043
8.0,205.819751,166.73,0.87,3.43,23.38,-7.2,2.75,1,2914
8.0,205.829751,168.93,0.79,1.32,23.33,-7.94,0.75,1,2787
8.0,205.839751,171.56,0.83,-1.47,23.28,-6.72,-2.25,1,3675
8.0,205.849750,173.94,0.8,-4.74,23.22,-3.83,-4.5,1,3547
8.0,205.859765,175.25,0.8,-7.89,23.16,0.0,-5.5,1,3434
8.0,205.869763,175.52,0.86,-9.51,23.12,3.83,-5.5,1,3314
8.0,205.879764,175.17,0.84,-8.99,23.14,6.72,-4.75,1,3179
8.0,205.889764,173.32,0.79,-8.07,23.16,7.94,-2.75,1,3060
8.0,205.899763,170.77,0.84,-5.89,23.2,7.2,-0.5,1,2923
8.0,205.909764,168.22,0.83,-2.38,23.29,4.68,1.75,1,2797
8.0,205.919764,166.73,0.83,0.77,23.35,1.0,2.75,1,3685
8.0,205.929763,166.82,0.79,2.85,23.39,-2.93,2.75,1,3556
8.0,205.939764,167.52,0.81,2.91,23.38,-6.13,1.75,1,3438
8.0,205.949764,169.28,0.86,1.23,23.34,-7.82,0.25,1,3319
8.0,205.959763,171.56,0.79,-1.38,23.29,-7.57,-2.0,1,3183
8.0,205.969764,173.76,0.81,-4.21,23.23,-5.45,-4.25,1,3057
8.0,205.979764,174.64,0.81,-7.16,23.18,-1.98,-5.0,1,2928
8.0,205.989763,174.73,0.85,-8.68,23.14,1.98,-4.75,1,2800
8.0,205.999763,174.29,0.85,-7.88,23.16,5.45,-3.75,1,3688
8.0,206.009764,171.91,0.78,-6.74,23.19,7.57,-1.75,1,3562
8.0,206.019763,169.72,0.84,-4.76,23.23,7.82,0.75,1,3442
8.0,206.029763,166.64,0.83,-1.0,23.32,6.13,3.0,1,3314
8.0,206.039764,165.23,0.84,2.18,23.38,2.93,4.0,1,3188
8.0,206.049763,165.15,0.81,4.37,23.42,-1.0,4.25,1,3060
8.0,206.059763,165.94,0.81,4.51,23.41,-4.68,3.25,1,2923
8.0,206.069764,167.78,0.87,2.9,23.38,-7.2,1.75,1,2797
8.0,206.079763,169.8,0.8,0.21,23.32,-7.94,-0.5,1,3692
8.0,206.089763,172.53,0.82,-2.6,23.27,-6.72,-2.75,1,3565
8.0,206.099764,174.64,0.8,-5.77,23.21,-3.83,-4.75,1,3439
8.0,206.109767,174.81,0.82,-8.22,23.15,-0.0,-5.0,1,3323
8.0,206.119763,174.81,0.85,-8.75,23.14,3.83,-4.75,1,3183
8.0,206.129764,173.5,0.81,-7.66,23.18,6.72,-3.25,1,3065
8.0,206.139764,171.56,0.81,-6.23,23.21,7.94,-1.0,1,2929
8.0,206.149763,169.19,0.83,-3.65,23.26,7.2,1.75,1,2800
8.0,206.159764,165.94,0.83,0.09,23.34,4.68,4.0,1,3689
8.0,206.169764,164.0,0.85,3.42,23.4,1.0,5.25,1,3562
8.0,206.179763,164.18,0.81,6.0,23.46,-2.93,5.25,1,3442
8.0,206.189764,164.62,0.83,6.06,23.45,-6.13,4.5,1,3325
8.0,206.199764,166.46,0.88,3.82,23.41,-7.82,3.0,1,3188
8.0,206.209763,168.49,0.79,1.54,23.34,-7.57,0.75,1,3060
8.0,206.219764,170.77,0.83,-1.24,23.29,-5.45,-1.25,1,2933
8.0,206.229763,171.91,0.8,-4.27,23.24,-1.98,-2.0,1,2805
8.0,206.239763,171.91,0.86,-5.79,23.2,1.98,-2.25,1,3693
8.0,206.249763,172.09,0.85,-5.12,23.23,5.45,-2.0,1,3565
8.0,206.259764,171.3,0.76,-4.26,23.25,7.57,-0.75,1,3448
8.0,206.269763,169.28,0.86,-3.63,23.26,7.82,1.0,1,3319
8.0,206.279763,167.52,0.85,-1.88,23.31,6.13,3.25,1,3183
8.0,206.289764,165.23,0.8,1.53,23.37,2.93,4.5,1,3065
8.0,206.299763,164.44,0.86,3.92,23.42,-1.0,4.75,1,2928
8.0,206.309763,164.79,0.79,5.04,23.44,-4.68,4.25,1,2809
8.0,206.319764,166.29,0.85,4.47,23.43,-7.2,3.0,1,3698
8.0,206.329763,168.57,0.84,1.59,23.35,-7.94,0.75,1,3561
8.0,206.339763,171.39,0.78,-1.1,23.3,-6.72,-1.75,1,3451
8.0,206.349764,173.5,0.82,-4.27,23.25,-3.83,-4.0,1,3325
8.0,206.359765,174.81,0.79,-7.36,23.18,0.0,-5.5,1,3189
8.0,206.369763,176.13,0.85,-9.11,23.14,3.83,-6.25,1,3060
8.0,206.379764,175.96,0.82,-9.34,23.15,6.72,-5.5,1,2934
8.0,206.389764,174.64,0.79,-9.26,23.15,7.94,-4.0,1,2815
8.0,206.399763,172.35,0.88,-7.32,23.2,7.2,-1.75,1,3693
8.0,206.409764,169.8,0.77,-3.97,23.28,4.68,0.25,1,3567
8.0,206.419764,168.4,0.84,-0.76,23.33,1.0,1.25,1,3448
8.0,206.429763,168.31,0.79,1.47,23.38,-2.93,1.5,1,3320
8.0,206.439764,168.4,0.79,1.55,23.37,-6.13,1.25,1,3184
8.0,206.449764,169.28,0.89,0.42,23.34,-7.82,0.25,1,3066
8.0,206.459763,171.04,0.77,-0.86,23.33,-7.57,-1.25,1,2929
8.0,206.469764,172.53,0.79,-3.03,23.27,-5.45,-3.0,1,2811
8.0,206.479764,173.76,0.84,-5.55,23.22,-1.98,-3.5,1,3699
8.0,206.489763,173.06,0.82,-6.77,23.19,1.98,-3.25,1,3562
8.0,206.499763,172.35,0.86,-5.93,23.22,5.45,-1.75,1,3451
8.0,206.509764,170.42,0.78,-4.87,23.25,7.57,-0.0,1,3325
8.0,206.519763,167.7,0.85,-2.84,23.28,7.82,2.5,1,3188
8.0,206.529763,164.71,0.84,0.89,23.36,6.13,4.75,1,3069
8.0,206.539764,163.3,0.85,4.12,23.43,2.93,6.0,1,2934
8.0,206.549763,163.48,0.82,6.7,23.49,-1.0,6.0,1,2815
8.0,206.559763,164.18,0.82,6.56,23.47,-4.68,5.0,1,3694
8.0,206.569764,165.85,0.87,4.24,23.42,-7.2,3.25,1,3567
8.0,206.579763,168.13,0.79,1.9,23.36,-7.94,1.25,1,3447
8.0,206.589763,171.04,0.83,-1.03,23.31,-6.72,-1.75,1,3328
8.0,206.599764,173.76,0.79,-4.35,23.25,-3.83,-4.25,1,3194
8.0,206.609765,175.43,0.8,-7.65,23.19,0.0,-5.25,1,3067
8.0,206.619763,175.87,0.85,-9.45,23.14,3.83,-5.25,1,2929
8.0,206.629764,174.64,0.84,-9.18,23.16,6.72,-4.5,1,2820
8.0,206.639764,173.14,0.78,-8.0,23.19,7.94,-2.75,1,3699
8.0,206.649763,171.04,0.83,-5.56,23.24,7.2,-0.25,1,3570
8.0,206.659764,168.05,0.83,-2.23,23.31,4.68,1.75,1,3453
8.0,206.669764,166.29,0.83,0.9,23.37,1.0,2.75,1,3325
8.0,206.679763,166.38,0.79,3.04,23.42,-2.93,2.75,1,3188
8.0,206.689764,167.52,0.8,3.16,23.41,-6.13,2.0,1,3071
8.0,206.699764,169.28,0.86,1.49,23.37,-7.82,0.5,1,2935
8.0,206.709763,171.21,0.78,-1.06,23.31,-7.57,-1.75,1,2832
8.0,206.719764,173.32,0.81,-3.88,23.26,-5.45,-3.75,1,3704
8.0,206.729764,174.46,0.8,-6.79,23.21,-1.98,-4.75,1,3567
8.0,206.739763,174.2,0.85,-8.28,23.17,1.98,-4.25,1,3456
8.0,206.749763,173.67,0.85,-7.6,23.2,5.45,-3.25,1,3329
8.0,206.759764,171.39,0.78,-6.31,23.22,7.57,-1.25,1,3194
8.0,206.769763,169.01,0.84,-4.02,23.26,7.82,1.25,1,3065
8.0,206.779763,166.2,0.83,-0.34,23.35,6.13,3.75,1,2938
8.0,206.789764,164.62,0.84,2.99,23.42,2.93,4.75,1,2838
8.0,206.799763,164.62,0.81,5.58,23.47,-1.0,5.0,1,3699
8.0,206.809763,165.23,0.82,5.49,23.46,-4.68,4.25,1,3571
8.0,206.819764,166.99,0.87,3.4,23.41,-7.2,2.75,1,3453
8.0,206.829763,169.28,0.79,1.18,23.36,-7.94,0.25,1,3316
8.0,206.839763,171.56,0.82,-1.64,23.31,-6.72,-2.0,1,3198
8.0,206.849764,173.5,0.8,-4.79,23.25,-3.83,-3.75,1,3071
8.0,206.859767,174.64,0.82,-7.19,23.2,-0.0,-4.75,1,2938
8.0,206.869763,174.81,0.84,-7.9,23.19,3.83,-5.0,1,2841
8.0,206.879764,174.81,0.78,-7.71,23.21,6.72,-4.25,1,3704
8.0,206.889764,173.32,0.82,-7.27,23.2,7.94,-2.75,1,3568
8.0,206.899763,171.3,0.85,-5.83,23.24,7.2,-0.75,1,3457
8.0,206.909764,169.1,0.79,-3.11,23.3,4.68,1.25,1,3322
8.0,206.919764,166.9,0.84,0.26,23.37,1.0,2.25,1,3194
8.0,206.929763,167.43,0.78,2.17,23.41,-2.93,2.0,1,3075
8.0,206.939764,168.22,0.79,2.17,23.4,-6.13,1.0,1,2939
8.0,206.949764,170.6,0.86,0.38,23.35,-7.82,-0.75,1,2838
8.0,206.959763,172.71,0.77,-2.57,23.29,-7.57,-3.25,1,3699
8.0,206.969764,175.17,0.81,-5.42,23.24,-5.45,-5.25,1,3572
8.0,206.979764,176.13,0.8,-8.45,23.19,-1.98,-6.75,1,3454
8.0,206.989763,176.84,0.84,-10.12,23.15,1.98,-7.25,1,3325
8.0,206.999763,177.28,0.82,-10.19,23.15,5.45,-7.0,1,3198
8.0,207.009764,176.31,0.77,-9.9,23.16,7.57,-5.75,1,3071
8.0,207.019763,174.29,0.88,-8.81,23.18,7.82,-3.75,1,2934
8.0,207.029763,171.47,0.78,-6.55,23.24,6.13,-1.0,1,2833
8.0,207.039764,168.49,0.82,-2.58,23.31,2.93,1.25,1,3704
8.0,207.049763,166.99,0.85,0.65,23.39,-1.0,2.25,1,3576
8.0,207.059763,167.17,0.77,3.13,23.43,-4.68,2.5,1,3457
8.0,207.069764,167.78,0.82,3.05,23.42,-7.2,1.5,1,3322
8.0,207.079763,169.72,0.85,0.75,23.37,-7.94,-0.25,1,3194
8.0,207.089763,172.09,0.77,-1.72,23.32,-6.72,-2.25,1,3075
8.0,207.099764,173.76,0.82,-4.55,23.26,-3.83,-4.25,1,2939
8.0,207.109767,175.34,0.8,-7.45,23.2,-0.0,-5.25,1,2841
8.0,207.119763,174.2,0.85,-8.83,23.17,3.83,-4.75,1,3708
8.0,207.129764,173.94,0.85,-7.84,23.2,6.72,-3.75,1,3573
8.0,207.139764,171.83,0.78,-6.73,23.23,7.94,-1.75,1,3463
8.0,207.149763,169.37,0.84,-4.67,23.27,7.2,0.75,1,3325
8.0,207.159764,166.9,0.83,-0.82,23.36,4.68,3.25,1,3199
8.0,207.169764,165.15,0.83,2.36,23.42,1.0,4.25,1,3072
8.0,207.179763,165.41,0.8,4.53,23.46,-2.93,4.25,1,2943
8.0,207.189764,165.76,0.81,4.67,23.45,-6.13,3.25,1,2843
8.0,207.199764,167.78,0.87,2.96,23.41,-7.82,1.75,1,3704
8.0,207.209763,169.8,0.79,0.2,23.35,-7.57,-0.5,1,3576
8.0,207.219764,172.35,0.81,-2.65,23.3,-5.45,-2.75,1,3459
8.0,207.229764,173.23,0.81,-5.65,23.24,-1.98,-3.5,1,3322
8.0,207.239763,173.67,0.84,-7.21,23.2,1.98,-3.25,1,3202
8.0,207.249763,172.97,0.85,-6.67,23.22,5.45,-2.25,1,3075
8.0,207.259764,170.86,0.78,-5.65,23.26,7.57,-0.75,1,2940
8.0,207.269763,168.66,0.85,-3.69,23.3,7.82,1.75,1,2846
8.0,207.279763,166.03,0.83,-0.21,23.36,6.13,3.75,1,3708
8.0,207.289764,164.27,0.84,2.93,23.43,2.93,4.75,1,3582
8.0,207.299763,164.62,0.8,5.22,23.48,-1.0,5.0,1,3454
8.0,207.309763,164.97,0.82,5.29,23.46,-4.68,4.0,1,3326
8.0,207.319764,166.82,0.87,3.47,23.42,-7.2,2.5,1,3199
8.0,207.329763,169.54,0.79,1.0,23.38,-7.94,0.25,1,3079
8.0,207.339763,171.56,0.82,-1.84,23.32,-6.72,-2.25,1,2944
8.0,207.349764,173.94,0.8,-5.0,23.26,-3.83,-4.0,1,2843
8.0,207.359767,174.2,0.81,-7.5,23.21,-0.0,-4.75,1,3708
8.0,207.369763,174.99,0.85,-8.22,23.2,3.83,-5.25,1,3577
8.0,207.379764,175.43,0.78,-7.94,23.22,6.72,-4.5,1,3459
8.0,207.389764,173.5,0.82,-7.51,23.22,7.94,-3.0,1,3332
8.0,207.399763,171.65,0.86,-6.09,23.25,7.2,-0.75,1,3203
8.0,207.409764,168.75,0.79,-3.34,23.31,4.68,1.25,1,3076
8.0,207.419764,167.26,0.84,0.2,23.38,1.0,2.0,1,2940
8.0,207.429763,167.61,0.78,2.24,23.43,-2.93,1.75,1,2847
8.0,207.439764,168.05,0.8,2.09,23.41,-6.13,0.75,1,3710
8.0,207.449764,170.24,0.85,0.08,23.36,-7.82,-1.0,1,3582
8.0,207.459763,172.79,0.77,-2.66,23.31,-7.57,-3.25,1,3462
8.0,207.469764,174.81,0.81,-5.54,23.26,-5.45,-5.5,1,3327
8.0,207.479764,176.48,0.79,-8.56,23.2,-1.98,-6.75,1,3200
8.0,207.489763,177.28,0.84,-10.24,23.16,1.98,-7.5,1,3080
8.0,207.499763,177.1,0.81,-10.33,23.17,5.45,-7.25,1,2944
8.0,207.509764,176.22,0.78,-10.16,23.17,7.57,-5.75,1,2843
8.0,207.519763,174.46,0.88,-8.97,23.19,7.82,-3.75,1,3713
8.0,207.529763,171.74,0.78,-6.65,23.25,6.13,-1.25,1,3577
8.0,207.539764,168.75,0.82,-2.73,23.33,2.93,1.25,1,3468
8.0,207.549763,167.17,0.84,0.52,23.4,-1.0,2.25,1,3331
8.0,207.559763,166.82,0.77,3.0,23.45,-4.68,2.25,1,3203
8.0,207.569764,168.05,0.81,2.87,23.44,-7.2,1.25,1,3077
8.0,207.579763,169.72,0.85,0.49,23.38,-7.94,-0.25,1,2949
8.0,207.589763,171.74,0.77,-2.01,23.32,-6.72,-2.75,1,2847
8.0,207.599764,174.64,0.82,-4.8,23.27,-3.83,-4.75,1,3710
8.0,207.609767,175.43,0.79,-7.77,23.21,-0.0,-5.25,1,3585
8.0,207.619763,175.17,0.85,-9.12,23.18,3.83,-5.25,1,3462
8.0,207.629764,174.64,0.85,-8.14,23.21,6.72,-4.0,1,3328
8.0,207.639764,172.71,0.77,-7.1,23.24,7.94,-2.0,1,3209
8.0,207.649763,169.89,0.85,-4.94,23.27,7.2,0.5,1,3080
8.0,207.659764,167.26,0.82,-1.14,23.36,4.68,2.75,1,2946
8.0,207.669764,165.59,0.83,2.13,23.43,1.0,4.0,1,2853
8.0,207.679763,165.32,0.81,4.46,23.48,-2.93,4.0,1,3714
8.0,207.689764,165.94,0.81,4.41,23.46,-6.13,3.0,1,3587
8.0,207.699764,167.96,0.86,2.44,23.42,-7.82,1.25,1,3468
8.0,207.709763,169.98,0.79,-0.19,23.36,-7.57,-1.0,1,3331
8.0,207.719764,172.79,0.82,-3.1,23.31,-5.45,-3.0,1,3205
8.0,207.729764,173.94,0.8,-6.1,23.25,-1.98,-4.0,1,3077
8.0,207.739763,174.02,0.85,-7.7,23.21,1.98,-3.75,1,2949
8.0,207.749763,173.5,0.85,-7.06,23.23,5.45,-2.75,1,2847
8.0,207.759764,171.3,0.78,-5.97,23.25,7.57,-0.75,1,3710
8.0,207.769763,168.93,0.84,-3.81,23.3,7.82,1.75,1,3582
8.0,207.779763,166.29,0.83,-0.22,23.38,6.13,3.75,1,3463
8.0,207.789764,164.36,0.84,3.1,23.44,2.93,5.0,1,3337
8.0,207.799763,164.62,0.8,5.62,23.5,-1.0,5.0,1,3208
8.0,207.809763,165.23,0.82,5.52,23.49,-4.68,4.25,1,3081
8.0,207.819764,166.73,0.87,3.4,23.44,-7.2,2.75,1,2946
8.0,207.829763,168.93,0.79,1.25,23.39,-7.94,0.5,1,2852
8.0,207.839763,171.74,0.83,-1.54,23.34,-6.72,-2.25,1,3714
8.0,207.849764,174.46,0.79,-4.82,23.28,-3.83,-4.75,1,3587
10.0,209.879750,172.0,0.87,-5.32,23.32,3.74,-1.5,1,3217
10.0,209.889751,170.51,0.85,-4.81,23.34,6.06,-0.25,1,3089
10.0,209.899751,168.4,0.78,-3.35,23.38,6.06,2.0,1,2962
10.0,209.909751,165.94,0.85,-0.45,23.45,3.74,3.75,1,3850
10.0,209.919751,164.62,0.83,2.63,23.5,0.0,5.0,1,3731
10.0,209.929751,164.09,0.8,4.84,23.54,-3.74,5.75,1,3604
10.0,209.939751,163.92,0.85,5.66,23.56,-6.06,5.25,1,3485
10.0,209.949751,165.41,0.86,4.94,23.55,-6.06,3.75,1,3349
10.0,209.959750,167.26,0.77,2.7,23.48,-3.74,2.0,1,3222
10.0,209.969751,169.45,0.86,0.13,23.44,-0.0,0.25,1,3085
10.0,209.979750,170.24,0.8,-2.61,23.38,3.74,-0.75,1,2967
10.0,209.989751,171.04,0.86,-3.99,23.35,6.06,-1.0,1,3854
10.0,209.999751,170.77,0.83,-3.81,23.37,6.06,-0.5,1,3727
10.0,210.009751,169.28,0.78,-3.55,23.37,3.74,0.75,1,3608
10.0,210.019751,167.78,0.89,-2.1,23.4,0.0,2.25,1,3490
10.0,210.029751,166.82,0.78,0.29,23.45,-3.74,2.25,1,3345
10.0,210.039751,167.78,0.79,2.44,23.51,-6.06,1.75,1,3226
10.0,210.049751,169.37,0.81,1.5,23.49,-6.06,-0.0,1,3090
10.0,210.059750,170.77,0.82,-1.44,23.41,-3.74,-1.25,1,2962
10.0,210.069751,171.74,0.79,-3.91,23.36,0.0,-1.75,1,3859
10.0,210.079750,171.39,0.87,-5.12,23.33,3.74,-1.25,1,3732
10.0,210.089751,170.33,0.85,-4.54,23.35,6.06,-0.0,1,3613
10.0,210.099751,168.05,0.79,-3.18,23.39,6.06,2.0,1,3486
10.0,210.109751,166.03,0.85,-0.43,23.45,3.74,4.0,1,3349
10.0,210.119751,164.36,0.84,2.69,23.5,-0.0,5.0,1,3222
10.0,210.129751,163.74,0.8,4.87,23.54,-3.74,5.75,1,3095
10.0,210.139751,164.0,0.85,5.71,23.56,-6.06,5.25,1,2967
10.0,210.149751,165.41,0.86,4.96,23.55,-6.06,3.75,1,3855
10.0,210.159750,167.17,0.77,2.69,23.49,-3.74,2.0,1,3727
10.0,210.169751,169.63,0.86,0.11,23.44,-0.0,0.25,1,3617
10.0,210.179750,170.16,0.79,-2.65,23.38,3.74,-0.75,1,3490
10.0,210.189751,170.86,0.86,-4.03,23.35,6.06,-1.25,1,3354
10.0,210.199751,170.6,0.83,-3.86,23.37,6.06,-0.5,1,3226
10.0,210.209751,169.8,0.79,-3.62,23.38,3.74,0.75,1,3090
10.0,210.219751,168.05,0.88,-2.18,23.4,0.0,2.0,1,2972
10.0,210.229751,167.17,0.78,0.14,23.45,-3.74,2.25,1,3859
10.0,210.239751,167.96,0.79,2.25,23.51,-6.06,1.25,1,3732
10.0,210.249751,169.63,0.81,1.33,23.49,-6.06,-0.25,1,3613
10.0,210.259750,171.3,0.83,-1.67,23.41,-3.74,-1.75,1,3486
10.0,210.269751,171.91,0.78,-4.12,23.36,-0.0,-2.0,1,3349
10.0,210.279750,171.74,0.87,-5.39,23.33,3.74,-1.5,1,3222
10.0,210.289751,170.86,0.85,-4.88,23.35,6.06,-0.25,1,3095
10.0,210.299751,168.84,0.78,-3.41,23.39,6.06,1.75,1,2976
10.0,210.309751,166.46,0.85,-0.54,23.46,3.74,3.75,1,3864
10.0,210.319751,164.36,0.84,2.52,23.51,-0.0,4.75,1,3736
10.0,210.329751,164.0,0.8,4.8,23.55,-3.74,5.5,1,3618
10.0,210.339751,164.18,0.85,5.57,23.56,-6.06,5.0,1,3490
10.0,210.349751,165.41,0.86,4.76,23.55,-6.06,3.75,1,3354
10.0,210.359750,167.34,0.77,2.63,23.5,-3.74,1.75,1,3227
10.0,210.369751,169.37,0.86,0.1,23.45,0.0,0.25,1,3091
10.0,210.379750,170.33,0.8,-2.63,23.39,3.74,-0.75,1,2972
10.0,210.389751,170.86,0.86,-4.04,23.36,6.06,-1.25,1,3860
10.0,210.399751,170.6,0.83,-3.9,23.38,6.06,-0.75,1,3732
10.0,210.409751,169.28,0.78,-3.57,23.38,3.74,0.75,1,3613
10.0,210.419751,167.52,0.89,-2.19,23.41,0.0,2.0,1,3495
10.0,210.429751,166.99,0.78,0.1,23.45,-3.74,2.25,1,3350
10.0,210.439751,167.78,0.79,2.31,23.52,-6.06,1.5,1,3231
10.0,210.449751,169.37,0.81,1.42,23.5,-6.06,-0.25,1,3095
10.0,210.459750,171.12,0.83,-1.58,23.42,-3.74,-1.5,1,2977
10.0,210.469751,171.83,0.79,-4.03,23.37,-0.0,-2.0,1,3865
10.0,210.479750,172.0,0.87,-5.29,23.33,3.74,-1.25,1,3737
10.0,210.489751,170.51,0.85,-4.78,23.36,6.06,-0.0,1,3618
10.0,210.499751,168.4,0.78,-3.32,23.4,6.06,2.0,1,3490
10.0,210.509751,166.38,0.85,-0.41,23.46,3.74,3.75,1,3355
10.0,210.519751,164.18,0.84,2.65,23.52,0.0,5.0,1,3227
10.0,210.529751,164.09,0.8,4.87,23.56,-3.74,5.75,1,3100
10.0,210.539751,164.18,0.85,5.72,23.58,-6.06,5.25,1,2981
10.0,210.549751,165.76,0.86,4.98,23.57,-6.06,4.0,1,3860
10.0,210.559750,167.26,0.77,2.72,23.5,-3.74,2.0,1,3733
10.0,210.569751,169.89,0.86,0.15,23.45,0.0,0.25,1,3623
10.0,210.579750,170.16,0.79,-2.64,23.4,3.74,-0.75,1,3495
10.0,210.589751,170.51,0.86,-4.05,23.37,6.06,-1.25,1,3359
10.0,210.599751,170.6,0.83,-3.88,23.39,6.06,-0.75,1,3232
10.0,210.609751,169.28,0.78,-3.66,23.39,3.74,0.75,1,3096
10.0,210.619751,167.96,0.89,-2.22,23.41,-0.0,2.0,1,2977
10.0,210.629751,167.08,0.78,0.11,23.46,-3.74,2.25,1,3865
10.0,210.639751,168.13,0.79,2.26,23.53,-6.06,1.25,1,3737
10.0,210.649751,169.8,0.81,1.39,23.5,-6.06,-0.25,1,3618
10.0,210.659750,171.12,0.83,-1.62,23.43,-3.74,-1.75,1,3491
10.0,210.669751,171.91,0.79,-4.07,23.37,-0.0,-2.0,1,3355
10.0,210.679750,171.74,0.87,-5.33,23.34,3.74,-1.5,1,3227
10.0,210.689751,170.51,0.85,-4.8,23.37,6.06,-0.25,1,3100
10.0,210.699751,168.4,0.78,-3.36,23.41,6.06,1.75,1,2999
10.0,210.709751,166.29,0.85,-0.52,23.47,3.74,3.75,1,3869
10.0,210.719751,164.71,0.84,2.55,23.52,0.0,5.0,1,3742
10.0,210.729751,163.74,0.8,4.79,23.56,-3.74,5.5,1,3623
10.0,210.739751,164.18,0.85,5.58,23.58,-6.06,5.0,1,3495
10.0,210.749751,165.59,0.86,4.84,23.57,-6.06,3.75,1,3360
10.0,210.759750,167.52,0.77,2.69,23.51,-3.74,2.0,1,3232
10.0,210.769751,169.1,0.86,0.2,23.46,-0.0,0.25,1,3096
10.0,210.779750,170.51,0.79,-2.55,23.4,3.74,-0.75,1,3003
10.0,210.789751,170.68,0.86,-3.93,23.37,6.06,-1.0,1,3865
10.0,210.799751,170.77,0.83,-3.73,23.4,6.06,-0.25,1,3738
10.0,210.809751,169.19,0.78,-3.52,23.4,3.74,1.0,1,3627
10.0,210.819751,167.52,0.89,-2.04,23.43,-0.0,2.25,1,3491
10.0,210.829751,166.82,0.78,0.36,23.47,-3.74,2.25,1,3364
10.0,210.839751,167.96,0.8,2.47,23.54,-6.06,1.75,1,3237
10.0,210.849751,169.01,0.81,1.55,23.51,-6.06,-0.0,1,3100
10.0,210.859750,170.77,0.83,-1.4,23.44,-3.74,-1.25,1,2999
10.0,210.869751,171.65,0.79,-3.87,23.39,0.0,-1.75,1,3869
10.0,210.879750,171.56,0.87,-5.07,23.36,3.74,-1.25,1,3742
10.0,210.889751,170.16,0.85,-4.47,23.38,6.06,-0.0,1,3623
10.0,210.899751,168.4,0.78,-3.17,23.41,6.06,2.0,1,3487
10.0,210.909751,165.67,0.85,-0.43,23.47,3.74,4.0,1,3360
10.0,210.919751,164.09,0.84,2.71,23.53,0.0,5.0,1,3232
10.0,210.929751,163.74,0.8,4.93,23.57,-3.74,5.75,1,3096
10.0,210.939751,164.36,0.85,5.75,23.59,-6.06,5.25,1,3004
10.0,210.949751,165.5,0.86,4.93,23.58,-6.06,3.75,1,3865
10.0,210.959750,167.52,0.77,2.69,23.51,-3.74,2.0,1,3738
10.0,210.969751,169.45,0.86,0.11,23.46,-0.0,0.25,1,3628
10.0,210.979750,170.16,0.8,-2.65,23.41,3.74,-0.75,1,3492
10.0,210.989751,171.12,0.86,-4.04,23.38,6.06,-1.25,1,3364
10.0,210.999751,170.77,0.83,-3.87,23.4,6.06,-0.5,1,3237
10.0,211.009751,169.8,0.78,-3.6,23.4,3.74,0.75,1,3100
10.0,211.019751,167.61,0.89,-2.19,23.43,0.0,2.0,1,3000
10.0,211.029751,167.17,0.78,0.11,23.47,-3.74,2.25,1,3870
10.0,211.039751,168.31,0.79,2.23,23.54,-6.06,1.25,1,3742
10.0,211.049751,169.72,0.81,1.29,23.51,-6.06,-0.25,1,3624
10.0,211.059750,171.39,0.82,-1.68,23.44,-3.74,-1.75,1,3496
10.0,211.069767,172.09,0.79,-4.13,23.38,-0.0,-2.0,1,3377
10.0,211.079763,171.56,0.87,-5.42,23.35,3.74,-1.5,1,3246
10.0,211.089764,170.51,0.85,-4.94,23.38,6.06,-0.25,1,3119
10.0,211.099763,168.31,0.78,-3.43,23.42,6.06,1.75,1,3017
10.0,211.109764,165.76,0.85,-0.55,23.48,3.74,3.75,1,3879
10.0,211.119767,164.71,0.84,2.5,23.53,0.0,4.75,1,3764
10.0,211.129763,163.74,0.79,4.8,23.57,-3.74,5.5,1,3641
10.0,211.139764,164.18,0.85,5.57,23.59,-6.06,5.0,1,3506
10.0,211.149763,165.76,0.86,4.74,23.58,-6.06,3.75,1,3377
10.0,211.159764,167.34,0.77,2.63,23.52,-3.74,1.75,1,3251
10.0,211.169767,169.63,0.86,0.11,23.47,-0.0,0.25,1,3118
10.0,211.179763,169.89,0.79,-2.63,23.41,3.74,-0.75,1,3021
10.0,211.189764,170.86,0.86,-4.03,23.38,6.06,-1.25,1,3884
10.0,211.199763,170.77,0.83,-3.89,23.4,6.06,-0.5,1,3756
10.0,211.209764,169.54,0.78,-3.6,23.4,3.74,0.75,1,3646
10.0,211.219767,167.96,0.88,-2.21,23.43,0.0,2.0,1,3514
10.0,211.229763,166.9,0.78,0.1,23.48,-3.74,2.25,1,3373
10.0,211.239764,167.96,0.79,2.24,23.54,-6.06,1.25,1,3255
10.0,211.249763,169.63,0.81,1.34,23.52,-6.06,-0.25,1,3118
10.0,211.259764,171.47,0.83,-1.66,23.44,-3.74,-1.75,1,3018
10.0,211.269767,171.65,0.79,-4.11,23.39,-0.0,-2.0,1,3883
10.0,211.279763,172.18,0.87,-5.4,23.36,3.74,-1.5,1,3760
10.0,211.289764,170.77,0.85,-4.91,23.38,6.06,-0.25,1,3642
10.0,211.299763,168.4,0.78,-3.42,23.42,6.06,1.75,1,3505
10.0,211.309764,166.03,0.84,-0.55,23.48,3.74,3.75,1,3379
10.0,211.319767,164.44,0.84,2.49,23.54,0.0,4.75,1,3254
10.0,211.329763,164.0,0.79,4.78,23.58,-3.74,5.5,1,3114
10.0,211.339764,164.18,0.85,5.56,23.59,-6.06,5.0,1,3022
10.0,211.349763,165.85,0.86,4.76,23.58,-6.06,3.75,1,3883
10.0,211.359764,167.34,0.77,2.63,23.53,-3.74,1.75,1,3766
10.0,211.369767,169.45,0.86,0.11,23.48,-0.0,0.25,1,3641
10.0,211.379763,170.07,0.79,-2.63,23.42,3.74,-0.75,1,3510
10.0,211.389764,171.04,0.86,-4.05,23.39,6.06,-1.25,1,3383
10.0,211.399763,170.95,0.83,-3.91,23.41,6.06,-0.75,1,3255
10.0,211.409764,169.28,0.78,-3.61,23.41,3.74,0.75,1,3120
10.0,211.419767,167.52,0.89,-2.21,23.44,0.0,2.0,1,3030
10.0,211.429763,166.99,0.78,0.07,23.48,-3.74,2.25,1,3888
10.0,211.439764,167.78,0.8,2.26,23.55,-6.06,1.5,1,3761
10.0,211.449763,169.54,0.81,1.42,23.52,-6.06,-0.25,1,3642
10.0,211.459764,171.12,0.83,-1.59,23.45,-3.74,-1.5,1,3515
10.0,211.469765,171.65,0.79,-4.04,23.4,0.0,-2.0,1,3380
10.0,211.479763,172.18,0.87,-5.31,23.37,3.74,-1.5,1,3259
10.0,211.489764,170.33,0.85,-4.79,23.39,6.06,-0.25,1,3125
10.0,211.499763,168.05,0.78,-3.35,23.43,6.06,2.0,1,3022
10.0,211.509764,165.67,0.85,-0.46,23.49,3.74,3.75,1,3885
10.0,211.519767,164.36,0.83,2.61,23.55,0.0,5.0,1,3769
10.0,211.529763,163.92,0.8,4.81,23.59,-3.74,5.75,1,3646
10.0,211.539764,164.18,0.85,5.66,23.6,-6.06,5.25,1,3511
10.0,211.549763,165.5,0.86,4.98,23.6,-6.06,4.0,1,3383
10.0,211.559764,167.26,0.77,2.73,23.53,-3.74,2.0,1,3256
10.0,211.569767,169.63,0.86,0.16,23.48,-0.0,0.25,1,3123
10.0,211.579763,170.24,0.8,-2.63,23.42,3.74,-0.75,1,3026
10.0,211.589764,170.86,0.86,-4.04,23.39,6.06,-1.25,1,3889
10.0,211.599763,170.6,0.83,-3.86,23.42,6.06,-0.5,1,3761
10.0,211.609764,169.72,0.78,-3.65,23.42,3.74,0.75,1,3652
10.0,211.619767,167.7,0.89,-2.23,23.44,0.0,2.0,1,3519
10.0,211.629763,167.34,0.78,0.07,23.49,-3.74,2.25,1,3387
10.0,211.639764,167.7,0.79,2.2,23.55,-6.06,1.25,1,3261
10.0,211.649763,169.63,0.81,1.32,23.53,-6.06,-0.25,1,3124
10.0,211.659764,171.56,0.82,-1.7,23.45,-3.74,-1.75,1,3023
10.0,211.669767,172.27,0.79,-4.14,23.4,-0.0,-2.0,1,3888
10.0,211.679763,172.18,0.87,-5.43,23.37,3.74,-1.75,1,3765
10.0,211.689764,170.77,0.85,-4.96,23.4,6.06,-0.25,1,3648
10.0,211.699763,168.75,0.78,-3.44,23.43,6.06,1.75,1,3511
10.0,211.709764,166.03,0.85,-0.53,23.5,3.74,3.75,1,3384
10.0,211.719767,164.79,0.84,2.55,23.55,0.0,5.0,1,3259
10.0,211.729763,163.92,0.79,4.85,23.59,-3.74,5.5,1,3128
10.0,211.739764,164.18,0.86,5.68,23.61,-6.06,5.25,1,3028
10.0,211.749763,165.41,0.86,4.92,23.6,-6.06,4.0,1,3889
10.0,211.759764,166.9,0.77,2.78,23.54,-3.74,2.0,1,3771
10.0,211.769767,169.1,0.86,0.29,23.49,-0.0,0.25,1,3655
10.0,211.779763,170.16,0.79,-2.47,23.43,3.74,-0.5,1,3515
10.0,211.789764,170.51,0.86,-3.85,23.4,6.06,-0.75,1,3389
10.0,211.799763,170.6,0.83,-3.61,23.43,6.06,-0.25,1,3260
10.0,211.809764,169.01,0.79,-3.42,23.43,3.74,1.0,1,3125
10.0,211.819767,167.26,0.89,-1.93,23.45,0.0,2.25,1,3036
10.0,211.829763,166.29,0.79,0.49,23.51,-3.74,2.75,1,3893
10.0,211.839764,167.52,0.8,2.61,23.57,-6.06,1.75,1,3767
10.0,211.849763,168.66,0.81,1.82,23.54,-6.06,0.25,1,3647
10.0,211.859764,170.86,0.83,-1.0,23.47,-3.74,-1.0,1,3520
10.0,211.869767,171.3,0.78,-3.5,23.42,-0.0,-1.25,1,3388
10.0,211.879763,171.39,0.87,-4.69,23.39,3.74,-0.75,1,3265
10.0,211.889764,169.72,0.85,-3.96,23.42,6.06,0.25,1,3129
10.0,211.899763,167.87,0.79,-2.72,23.44,6.06,2.25,1,3027
10.0,211.909764,165.67,0.86,-0.22,23.49,3.74,4.25,1,3890
10.0,211.919767,164.09,0.83,3.09,23.57,0.0,5.0,1,3774
10.0,211.929763,164.71,0.8,5.33,23.61,-3.74,4.75,1,3652
10.0,211.939764,165.76,0.82,5.14,23.6,-6.06,3.75,1,3516
10.0,211.949763,167.34,0.87,2.67,23.55,-6.06,2.0,1,3388
10.0,211.959764,169.37,0.78,0.28,23.5,-3.74,-0.0,1,3261
10.0,211.969767,170.95,0.83,-2.48,23.44,-0.0,-1.25,1,3128
10.0,211.979763,171.39,0.83,-4.73,23.4,3.74,-1.75,1,3032
10.0,211.989764,171.21,0.84,-5.26,23.39,6.06,-1.0,1,3894
10.0,211.999763,169.89,0.83,-4.23,23.42,6.06,0.5,1,3766
10.0,212.009764,167.78,0.81,-2.5,23.46,3.74,2.0,1,3657
10.0,212.019765,167.17,0.84,0.18,23.52,-0.0,2.25,1,3522
10.0,212.029763,167.52,0.78,2.2,23.56,-3.74,1.75,1,3392
10.0,212.039764,168.84,0.81,1.86,23.54,-6.06,0.5,1,3266
10.0,212.049763,170.86,0.85,-0.42,23.49,-6.06,-1.25,1,3129
10.0,212.059764,172.62,0.77,-3.3,23.44,-3.74,-3.25,1,3029
10.0,212.069767,173.94,0.83,-6.12,23.38,-0.0,-4.0,1,3893
10.0,212.079763,174.29,0.84,-7.61,23.35,3.74,-3.75,1,3771
10.0,212.089764,172.88,0.85,-6.98,23.37,6.06,-2.25,1,3653
10.0,212.099763,171.12,0.79,-5.66,23.39,6.06,-0.5,1,3515
10.0,212.109764,168.93,0.83,-3.21,23.44,3.74,1.25,1,3398
10.0,212.119767,167.34,0.83,-0.11,23.52,0.0,1.75,1,3265
10.0,212.129763,167.78,0.78,1.68,23.55,-3.74,1.75,1,3125
10.0,212.139764,168.84,0.8,1.59,23.55,-6.06,0.5,1,3033
10.0,212.149763,170.86,0.84,-0.17,23.51,-6.06,-1.25,1,3894
10.0,212.159764,172.79,0.78,-3.14,23.44,-3.74,-3.0,1,3776
10.0,212.169767,173.32,0.82,-5.86,23.39,-0.0,-3.75,1,3660
10.0,212.179763,173.76,0.85,-7.19,23.35,3.74,-3.25,1,3520
10.0,212.189764,172.53,0.84,-6.44,23.39,6.06,-2.25,1,3393
10.0,212.199763,170.68,0.79,-5.33,23.41,6.06,-0.25,1,3265
10.0,212.209764,168.4,0.84,-3.05,23.45,3.74,1.75,1,3130
10.0,212.219767,166.9,0.83,0.42,23.53,0.0,2.25,1,3040
10.0,212.229763,167.17,0.79,2.34,23.57,-3.74,2.25,1,3898
10.0,212.239764,168.13,0.8,2.2,23.56,-6.06,1.0,1,3772
10.0,212.249763,170.42,0.85,0.26,23.51,-6.06,-0.75,1,3652
10.0,212.259764,172.0,0.78,-2.59,23.45,-3.74,-2.5,1,3526
10.0,212.269765,172.97,0.82,-5.2,23.4,0.0,-3.0,1,3399
10.0,212.279763,172.71,0.86,-6.64,23.37,3.74,-2.75,1,3270
10.0,212.289764,172.0,0.84,-5.96,23.4,6.06,-1.5,1,3135
10.0,212.299763,169.89,0.79,-4.68,23.42,6.06,0.25,1,4021
10.0,212.309764,167.96,0.84,-2.36,23.46,3.74,2.25,1,3895
10.0,212.319767,166.38,0.83,0.91,23.55,0.0,3.0,1,3779
10.0,212.329763,166.73,0.79,2.91,23.58,-3.74,2.75,1,3656
10.0,212.339764,167.52,0.81,2.86,23.57,-6.06,1.75,1,3521
10.0,212.349763,169.54,0.85,1.1,23.53,-6.06,-0.0,1,3393
10.0,212.359764,171.39,0.78,-1.52,23.48,-3.74,-1.5,1,3258
10.0,212.369765,171.56,0.82,-4.21,23.42,0.0,-2.0,1,3131
10.0,212.379763,171.65,0.85,-5.59,23.39,3.74,-1.75,1,4026
10.0,212.389764,170.86,0.85,-4.82,23.42,6.06,-0.25,1,3899
10.0,212.399763,168.4,0.8,-3.42,23.44,6.06,1.75,1,3771
10.0,212.409764,166.29,0.84,-0.99,23.49,3.74,3.5,1,3662
10.0,212.419767,165.06,0.84,2.23,23.57,0.0,4.75,1,3529
10.0,212.429763,163.74,0.8,4.37,23.61,-3.74,5.25,1,3397
10.0,212.439764,163.92,0.85,5.14,23.63,-6.06,4.75,1,3263
10.0,212.449763,165.85,0.86,4.68,23.62,-6.06,3.75,1,3134
10.0,212.459764,167.34,0.78,2.55,23.55,-3.74,1.75,1,4023
10.0,212.469767,168.93,0.86,0.13,23.5,-0.0,0.25,1,3898
10.0,212.479763,169.98,0.8,-2.56,23.45,3.74,-0.75,1,3775
10.0,212.489764,170.95,0.87,-3.93,23.42,6.06,-1.0,1,3658
10.0,212.499763,170.95,0.83,-3.79,23.44,6.06,-0.5,1,3521
10.0,212.509764,169.1,0.79,-3.44,23.45,3.74,1.0,1,3403
10.0,212.519765,167.26,0.89,-2.05,23.47,-0.0,2.25,1,3259
10.0,212.529763,166.9,0.78,0.29,23.52,-3.74,2.5,1,3139
10.0,212.539764,167.52,0.8,2.51,23.59,-6.06,1.75,1,4028
10.0,212.549763,169.28,0.81,1.65,23.56,-6.06,0.25,1,3899
10.0,212.559764,170.77,0.83,-1.22,23.49,-3.74,-1.25,1,3781
10.0,212.569767,171.56,0.79,-3.66,23.44,-0.0,-1.75,1,3665
10.0,212.579763,171.39,0.87,-4.84,23.41,3.74,-1.25,1,3525
10.0,212.589764,170.16,0.85,-4.19,23.44,6.06,0.25,1,3399
10.0,212.599763,168.22,0.79,-2.97,23.46,6.06,2.25,1,3262
10.0,212.609764,165.67,0.85,-0.39,23.51,3.74,4.25,1,3135
10.0,212.619767,164.18,0.84,2.94,23.58,0.0,4.75,1,4035
10.0,212.629763,164.36,0.8,5.25,23.63,-3.74,4.75,1,3903
10.0,212.639764,165.67,0.82,5.09,23.63,-6.06,3.75,1,3777
10.0,212.649763,167.17,0.87,2.61,23.57,-6.06,1.75,1,3657
10.0,212.659764,169.28,0.78,0.23,23.52,-3.74,0.25,1,3531
10.0,212.669767,169.98,0.83,-2.43,23.46,-0.0,-0.25,1,3406
10.0,212.679763,169.8,0.86,-3.82,23.43,3.74,-0.25,1,3266
10.0,212.689764,170.16,0.84,-3.18,23.46,6.06,0.25,1,3140
10.0,212.699763,169.28,0.78,-2.32,23.48,6.06,1.25,1,4027
10.0,212.709764,167.17,0.85,-1.4,23.5,3.74,3.0,1,3900
10.0,212.719767,166.38,0.87,0.53,23.55,0.0,4.0,1,3784
10.0,212.729763,165.59,0.77,2.73,23.59,-3.74,3.75,1,3662
10.0,212.739764,165.85,0.83,3.6,23.6,-6.06,2.75,1,3527
10.0,212.749763,168.31,0.82,2.72,23.58,-6.06,1.0,1,3398
10.0,212.759764,170.24,0.83,-0.51,23.51,-3.74,-0.5,1,3263
10.0,212.769765,171.12,0.8,-3.24,23.46,0.0,-1.0,1,3137
10.0,212.779763,171.21,0.86,-4.65,23.42,3.74,-0.75,1,4031
10.0,212.789764,170.16,0.86,-4.16,23.44,6.06,0.75,1,3905
10.0,212.799763,167.87,0.78,-2.72,23.47,6.06,2.75,1,3776
10.0,212.809764,165.59,0.86,0.13,23.53,3.74,4.25,1,3667
10.0,212.819767,164.44,0.84,3.27,23.6,0.0,5.25,1,3534
10.0,212.829763,164.44,0.8,5.49,23.65,-3.74,4.75,1,3403
10.0,212.839764,165.41,0.83,5.11,23.64,-6.06,3.75,1,3267
10.0,212.849763,167.43,0.86,2.73,23.58,-6.06,2.0,1,3139
10.0,212.859764,169.54,0.79,0.36,23.52,-3.74,-0.0,1,4028
10.0,212.869765,171.3,0.82,-2.42,23.47,0.0,-1.25,1,3902
10.0,212.879763,171.83,0.83,-4.67,23.42,3.74,-1.75,1,3781
10.0,212.889764,171.47,0.85,-5.2,23.42,6.06,-0.75,1,3663
10.0,212.899763,169.72,0.83,-4.17,23.45,6.06,0.75,1,3526
10.0,212.909764,168.13,0.82,-2.49,23.49,3.74,2.0,1,3408
10.0,212.919767,167.17,0.84,0.14,23.54,0.0,2.25,1,3266
10.0,212.929763,167.52,0.78,2.2,23.59,-3.74,1.75,1,3144
10.0,212.939764,169.19,0.81,1.88,23.57,-6.06,0.75,1,4033
10.0,212.949763,170.77,0.85,-0.42,23.51,-6.06,-1.25,1,3904
10.0,212.959764,173.23,0.77,-3.29,23.46,-3.74,-3.25,1,3786
10.0,212.969767,173.94,0.83,-6.12,23.41,-0.0,-4.0,1,3671
10.0,212.979763,174.11,0.85,-7.68,23.37,3.74,-3.75,1,3530
10.0,212.989764,172.79,0.85,-7.09,23.39,6.06,-2.25,1,3404
10.0,212.999763,170.95,0.79,-5.7,23.42,6.06,-0.5,1,3267
10.0,213.009764,168.66,0.83,-3.14,23.48,3.74,1.25,1,3140
10.0,213.019765,167.52,0.83,-0.07,23.55,-0.0,2.0,1,4038
10.0,213.029763,167.96,0.78,1.84,23.58,-3.74,1.75,1,3909
10.0,213.039764,168.75,0.8,1.74,23.57,-6.06,0.5,1,3782
10.0,213.049763,170.95,0.84,-0.19,23.52,-6.06,-1.25,1,3662
10.0,213.059764,172.79,0.78,-3.04,23.47,-3.74,-3.0,1,3527
10.0,213.069767,173.06,0.82,-5.76,23.42,-0.0,-3.75,1,3411
10.0,213.079763,173.32,0.85,-7.09,23.38,3.74,-3.25,1,3271
10.0,213.089764,172.79,0.85,-6.3,23.41,6.06,-2.0,1,3145
10.0,213.099763,170.51,0.79,-5.23,23.44,6.06,-0.25,1,4032
10.0,213.109764,168.22,0.84,-3.05,23.48,3.74,1.75,1,3906
10.0,213.119767,166.9,0.83,0.49,23.56,0.0,2.25,1,3790
10.0,213.129763,167.17,0.79,2.53,23.61,-3.74,2.25,1,3667
10.0,213.139764,168.22,0.81,2.34,23.59,-6.06,1.0,1,3531
10.0,213.149763,170.42,0.85,0.18,23.53,-6.06,-0.75,1,3403
10.0,213.159764,172.0,0.78,-2.52,23.48,-3.74,-2.5,1,3268
10.0,213.169767,172.97,0.82,-5.12,23.43,-0.0,-3.0,1,3144
10.0,213.179763,172.88,0.86,-6.55,23.4,3.74,-2.75,1,4036
10.0,213.189764,171.91,0.85,-5.86,23.43,6.06,-1.25,1,3910
10.0,213.199763,169.72,0.8,-4.57,23.45,6.06,0.5,1,3782
10.0,213.209764,167.61,0.85,-2.22,23.5,3.74,2.25,1,3672
10.0,213.219765,166.55,0.83,1.06,23.58,-0.0,3.0,1,3537
10.0,213.229763,166.46,0.79,3.07,23.61,-3.74,3.0,1,3408
10.0,213.239764,167.26,0.82,3.03,23.6,-6.06,2.0,1,3273
10.0,213.249763,168.75,0.85,1.25,23.56,-6.06,0.25,1,3144
10.0,213.259764,170.77,0.79,-1.33,23.51,-3.74,-1.25,1,4033
10.0,213.269765,171.56,0.83,-3.95,23.45,0.0,-1.75,1,3907
10.0,213.279763,171.65,0.86,-5.28,23.43,3.74,-1.5,1,3786
10.0,213.289764,170.33,0.85,-4.5,23.45,6.06,-0.25,1,3668
10.0,213.299763,168.57,0.8,-3.29,23.47,6.06,1.75,1,3531
10.0,213.309764,166.55,0.85,-1.07,23.52,3.74,3.75,1,3413
10.0,213.319767,165.15,0.84,2.22,23.6,0.0,4.75,1,3271
10.0,213.329763,164.09,0.8,4.18,23.63,-3.74,5.25,1,3149
10.0,213.339764,164.62,0.85,5.08,23.65,-6.06,4.75,1,4037
10.0,213.349763,165.85,0.87,4.89,23.65,-6.06,3.75,1,3909
10.0,213.359764,167.52,0.79,2.49,23.58,-3.74,1.75,1,3783
10.0,213.369765,169.45,0.86,0.1,23.53,0.0,0.25,1,3674
10.0,213.379763,170.16,0.8,-2.61,23.48,3.74,-0.75,1,3535
10.0,213.389764,170.68,0.87,-4.0,23.45,6.06,-1.25,1,3409
10.0,213.399763,170.6,0.83,-3.88,23.47,6.06,-0.5,1,3272
10.0,213.409764,169.37,0.79,-3.6,23.47,3.74,0.75,1,3145
10.0,213.419767,167.52,0.89,-2.17,23.5,0.0,2.25,1,4045
10.0,213.429763,166.9,0.79,0.17,23.55,-3.74,2.25,1,3913
10.0,213.439764,167.96,0.8,2.33,23.61,-6.06,1.5,1,3787
10.0,213.449763,169.28,0.81,1.49,23.59,-6.06,-0.0,1,3668
10.0,213.459764,171.56,0.83,-1.5,23.51,-3.74,-1.5,1,3532
10.0,213.469767,171.74,0.79,-3.97,23.46,-0.0,-1.75,1,3416
10.0,213.479763,171.83,0.87,-5.23,23.43,3.74,-1.25,1,3277
10.0,213.489764,170.51,0.86,-4.7,23.45,6.06,-0.25,1,3150
10.0,213.499763,168.4,0.79,-3.38,23.49,6.06,2.0,1,4037
10.0,213.509764,166.03,0.85,-0.58,23.55,3.74,3.75,1,3910
10.0,213.519767,164.71,0.84,2.51,23.6,0.0,5.0,1,3795
10.0,213.529763,163.74,0.8,4.76,23.64,-3.74,5.5,1,3672
10.0,213.539764,163.56,0.85,5.62,23.66,-6.06,5.25,1,3537
10.0,213.549763,165.41,0.87,4.92,23.66,-6.06,4.0,1,3408
10.0,213.559764,167.26,0.78,2.75,23.59,-3.74,2.0,1,3273
10.0,213.569767,169.28,0.87,0.27,23.55,-0.0,0.25,1,3158
10.0,213.579763,170.16,0.8,-2.48,23.49,3.74,-0.75,1,4042
10.0,213.589764,170.68,0.87,-3.88,23.46,6.06,-1.0,1,3915
10.0,213.599763,170.95,0.84,-3.68,23.48,6.06,-0.25,1,3787
10.0,213.609764,169.54,0.79,-3.51,23.48,3.74,1.0,1,3677
10.0,213.619767,167.52,0.9,-2.04,23.51,0.0,2.25,1,3545
10.0,213.629763,166.64,0.79,0.36,23.56,-3.74,2.5,1,3413
10.0,213.639764,167.52,0.8,2.48,23.62,-6.06,1.75,1,3278
10.0,213.649763,169.37,0.82,1.62,23.59,-6.06,0.25,1,3149
10.0,213.659764,171.3,0.83,-1.3,23.52,-3.74,-1.25,1,4038
10.0,213.669767,171.3,0.8,-3.75,23.47,-0.0,-1.75,1,3914
10.0,213.679763,171.47,0.87,-4.97,23.44,3.74,-1.25,1,3791
10.0,213.689764,170.24,0.85,-4.4,23.46,6.06,0.25,1,3673
10.0,213.699763,168.05,0.79,-3.13,23.5,6.06,2.25,1,3536
10.0,213.709764,165.94,0.86,-0.46,23.55,3.74,4.0,1,3418
10.0,213.719765,164.36,0.84,2.75,23.61,-0.0,5.25,1,3275
10.0,213.729763,163.39,0.81,5.05,23.66,-3.74,5.75,1,3154
10.0,213.739764,164.18,0.86,5.83,23.67,-6.06,5.25,1,4043
10.0,213.749763,165.32,0.87,4.89,23.66,-6.06,4.0,1,3914
10.0,213.759764,166.99,0.78,2.8,23.6,-3.74,2.0,1,3788
10.0,213.769765,169.19,0.87,0.27,23.55,0.0,0.25,1,3679
10.0,213.779763,169.98,0.8,-2.54,23.49,3.74,-0.75,1,3541
10.0,213.789764,170.86,0.87,-3.95,23.46,6.06,-1.0,1,3414
10.0,213.799763,170.6,0.84,-3.72,23.48,6.06,-0.25,1,3277
10.0,213.809764,169.72,0.79,-3.56,23.48,3.74,0.75,1,3151
10.0,213.819767,167.43,0.89,-2.13,23.51,0.0,2.25,1,4051
10.0,213.829763,166.99,0.79,0.22,23.56,-3.74,2.25,1,3919
10.0,213.839764,167.96,0.8,2.36,23.63,-6.06,1.5,1,3792
10.0,213.849763,169.28,0.82,1.43,23.6,-6.06,-0.0,1,3672
10.0,213.859764,171.12,0.83,-1.5,23.52,-3.74,-1.5,1,3546
