freq_hz,t_s,enc_deg,roll,pitch,yaw,target_deg,inc_deg,valid,imu_age_us,gx,gy,gz
0.5,1131.199739,239.59,-0.55,-72.63,5.12,0.63,-0.25,1,258,3.2,117.0,0.5
0.5,1131.209739,238.8,-0.58,-71.46,5.19,1.26,0.25,1,1146,4.0,73.6,3.0
0.5,1131.219739,237.66,-0.49,-71.4,5.08,1.88,1.5,1,1019,-2.0,50.2,-5.7
0.5,1131.229739,236.87,-0.13,-70.52,4.69,2.51,2.75,1,900,5.4,110.5,-2.9
0.5,1131.239739,236.25,-0.26,-68.81,4.96,3.13,3.25,1,772,5.0,111.1,7.2
0.5,1131.249739,235.9,-0.44,-68.23,5.12,3.75,3.5,1,645,-3.4,57.2,-3.7
0.5,1131.259739,235.55,-0.19,-68.43,4.78,4.36,3.75,1,518,2.8,34.2,-1.1
0.5,1131.269739,234.93,-0.24,-68.39,4.9,4.97,4.25,1,381,-0.6,27.5,1.8
0.5,1131.279739,233.7,-0.22,-67.9,4.86,5.58,5.75,1,254,1.6,55.6,-3.9
0.5,1131.289739,232.38,0.03,-66.42,4.66,6.18,7.25,1,1150,4.8,119.4,-1.3
0.5,1131.299739,231.42,-0.02,-64.32,4.77,6.77,8.25,1,1023,2.0,146.9,2.0
0.5,1131.309739,231.33,-0.09,-63.01,4.87,7.36,8.25,1,905,4.2,103.3,1.7
0.5,1131.319739,231.42,-0.05,-63.28,4.84,7.94,8.0,1,777,-1.3,15.9,-0.9
0.5,1131.329739,231.15,-0.0,-64.28,4.68,8.52,8.25,1,641,-3.2,-12.4,-3.8
0.5,1131.339739,231.06,0.08,-64.37,4.63,9.08,8.5,1,514,4.9,19.5,0.7
0.5,1131.349739,230.27,0.01,-63.82,4.78,9.64,9.0,1,386,-1.0,23.3,2.5
0.5,1131.359739,229.66,0.03,-63.27,4.71,10.18,9.75,1,259,1.6,50.9,-4.5
0.5,1131.369739,228.96,0.19,-62.19,4.59,10.72,10.75,1,1146,2.5,80.6,1.5
0.5,1131.379739,228.25,0.06,-61.12,4.75,11.24,11.25,1,1019,0.1,77.2,1.6
0.5,1131.389739,227.99,0.11,-60.56,4.69,11.76,11.75,1,901,2.4,59.8,-2.5
0.5,1131.399739,227.46,0.2,-60.25,4.62,12.26,12.0,1,773,1.4,48.1,0.8
0.5,1131.409739,227.2,0.15,-60.03,4.68,12.75,12.25,1,645,1.1,34.2,-0.1
0.5,1131.419739,226.49,0.17,-59.86,4.67,13.23,12.75,1,518,1.2,30.7,0.7
0.5,1131.429739,225.7,0.21,-59.35,4.64,13.69,13.75,1,382,0.9,54.9,-2.4
0.5,1131.439740,225.0,0.28,-58.23,4.6,14.14,14.5,1,263,3.5,87.0,0.6
0.5,1131.449739,224.74,0.25,-57.15,4.66,14.58,14.75,1,1151,0.0,76.0,0.4
0.5,1131.459740,224.74,0.24,-56.88,4.66,15.0,14.75,1,1024,2.2,38.9,0.5
0.5,1131.469740,224.91,0.25,-57.32,4.64,15.41,14.5,1,905,-2.3,-7.8,-0.9
0.5,1131.479740,224.74,0.28,-57.96,4.57,15.8,14.75,1,778,1.2,-16.5,-1.9
0.5,1131.489740,223.86,0.33,-57.96,4.55,16.18,15.75,1,641,-0.4,8.2,0.2
0.5,1131.499740,223.07,0.33,-56.81,4.58,16.54,16.75,1,514,4.4,90.7,-0.7
0.5,1131.509740,222.63,0.35,-55.03,4.64,16.89,16.75,1,386,2.1,95.3,3.5
0.5,1131.519740,222.45,0.28,-54.65,4.68,17.21,17.0,1,268,-1.8,33.7,-1.9
0.5,1131.529739,222.45,0.37,-55.06,4.55,17.53,17.25,1,1147,3.4,20.7,-1.1
0.5,1131.539740,222.36,0.38,-55.09,4.6,17.82,17.25,1,1020,-0.2,9.7,2.3
0.5,1131.549740,222.01,0.31,-55.17,4.64,18.1,17.5,1,901,-0.2,3.5,-0.8
0.5,1131.559740,221.48,0.38,-54.99,4.57,18.36,18.25,1,773,0.9,23.9,-1.0
0.5,1131.569740,220.96,0.41,-54.21,4.58,18.6,18.75,1,646,3.0,57.3,0.6
0.5,1131.579740,220.61,0.38,-53.32,4.63,18.82,19.0,1,518,-1.3,56.2,1.1
0.5,1131.589740,220.34,0.38,-52.91,4.6,19.02,19.25,1,382,2.4,41.7,-1.8
0.5,1131.599740,219.99,0.45,-52.77,4.57,19.21,19.5,1,264,0.8,29.1,1.0
0.5,1131.609740,219.9,0.42,-52.64,4.61,19.37,19.75,1,1151,1.2,25.2,-0.4
0.5,1131.619740,219.73,0.44,-52.5,4.59,19.52,19.75,1,1016,0.3,17.9,0.5
0.5,1131.629740,219.73,0.42,-52.47,4.6,19.65,19.75,1,905,-0.1,10.4,0.2
0.5,1131.639740,219.73,0.43,-52.51,4.59,19.75,19.75,1,778,0.1,3.7,0.2
0.5,1131.649740,219.81,0.43,-52.58,4.59,19.84,19.75,1,642,-0.1,0.2,0.2
0.5,1131.659740,219.64,0.43,-52.61,4.59,19.91,19.75,1,514,0.3,-0.1,0.3
0.5,1131.669740,219.73,0.43,-52.62,4.59,19.96,19.75,1,387,0.1,-0.1,0.2
0.5,1131.679740,219.73,0.43,-52.62,4.59,19.99,19.75,1,285,0.0,0.1,0.4
0.5,1131.689740,219.81,0.43,-52.61,4.59,20.0,19.75,1,1148,-0.1,0.2,0.3
0.5,1131.699740,219.73,0.43,-52.61,4.59,19.99,19.75,1,1020,0.1,-0.0,0.3
0.5,1131.709740,219.73,0.43,-52.61,4.59,19.96,19.75,1,901,0.1,0.0,0.3
0.5,1131.719740,219.73,0.43,-52.61,4.59,19.91,19.75,1,774,0.1,0.0,0.3
0.5,1131.729740,219.81,0.43,-52.61,4.59,19.84,19.75,1,646,-0.0,0.0,0.3
0.5,1131.739740,219.64,0.43,-52.61,4.59,19.75,19.75,1,519,0.0,0.1,0.3
0.5,1131.749740,219.73,0.43,-52.61,4.59,19.65,19.75,1,383,0.1,0.1,0.3
0.5,1131.759740,219.73,0.43,-52.61,4.59,19.52,19.75,1,290,0.0,0.0,0.3
0.5,1131.769740,219.73,0.43,-52.61,4.6,19.37,19.75,1,1152,0.1,0.0,0.3
0.5,1131.779740,219.81,0.43,-52.61,4.6,19.21,19.5,1,1016,0.0,0.0,0.3
0.5,1131.789740,219.99,0.42,-52.67,4.61,19.02,19.0,1,906,0.2,-5.4,1.2
0.5,1131.799740,220.69,0.41,-52.96,4.59,18.82,18.5,1,770,-2.4,-24.1,-1.2
0.5,1131.809740,221.22,0.44,-53.79,4.52,18.6,18.25,1,642,-0.6,-63.9,-1.0
0.5,1131.819740,220.78,0.46,-54.79,4.51,18.36,18.75,1,515,-1.1,-60.0,-0.1
0.5,1131.829740,220.78,0.43,-54.42,4.56,18.1,18.75,1,387,2.0,33.2,2.0
0.5,1131.839740,220.96,0.38,-53.41,4.65,17.82,17.75,1,286,-0.9,7.3,3.2
0.5,1131.849739,222.19,0.34,-53.82,4.63,17.53,16.75,1,1148,-2.5,-15.2,-1.9
0.5,1131.859740,223.07,0.37,-55.21,4.53,17.21,16.25,1,1020,-2.9,-116.6,0.5
0.5,1131.869740,222.98,0.35,-57.25,4.53,16.89,16.5,1,901,-2.4,-101.9,-0.7
0.5,1131.879740,222.63,0.38,-57.01,4.52,16.54,17.0,1,766,2.4,9.1,1.0
0.5,1131.889740,222.71,0.33,-55.5,4.66,16.18,16.75,1,638,1.2,40.2,5.2
0.5,1131.899740,223.33,0.25,-55.26,4.7,15.8,15.5,1,519,-2.7,-7.6,-1.4
0.5,1131.909740,224.38,0.3,-56.19,4.59,15.41,14.5,1,383,-1.2,-45.1,0.7
0.5,1131.919740,224.82,0.29,-57.87,4.56,15.0,14.5,1,282,-4.6,-129.8,-2.0
0.5,1131.929739,224.91,0.38,-59.3,4.46,14.58,14.75,1,1153,3.6,-58.2,-1.8
0.5,1131.939740,225.0,0.33,-58.43,4.62,14.14,14.25,1,1016,0.8,14.9,8.4
0.5,1131.949740,225.18,0.14,-57.9,4.75,13.69,14.25,1,906,-5.1,-20.1,-3.4
0.5,1131.959740,225.18,0.3,-58.48,4.51,13.23,13.75,1,770,1.5,-22.8,-0.1
0.5,1131.969740,225.88,0.25,-58.57,4.64,12.75,12.75,1,643,-0.5,-6.0,3.7
0.5,1131.979740,226.49,0.19,-58.97,4.66,12.26,12.25,1,515,-2.8,-57.3,-2.3
0.5,1131.989740,227.2,0.28,-60.14,4.54,11.76,11.75,1,388,1.3,-64.9,0.6
0.5,1131.999740,228.08,0.2,-60.9,4.65,11.24,11.25,1,287,-3.0,-68.8,3.1
0.5,1132.009739,228.52,0.07,-61.88,4.71,10.72,10.75,1,1149,-3.2,-93.6,0.6
0.5,1132.019740,228.6,0.11,-62.49,4.65,10.18,10.5,1,1021,-0.4,-36.4,0.6
0.5,1132.029740,228.69,0.14,-62.07,4.66,9.64,10.0,1,902,-0.0,-15.3,0.3
0.5,1132.039740,229.48,0.11,-61.92,4.69,9.08,9.25,1,766,0.1,-6.1,2.2
0.5,1132.049740,230.27,0.05,-62.65,4.72,8.52,8.25,1,647,-4.1,-82.3,-0.3
0.5,1132.059740,230.71,0.07,-64.15,4.65,7.94,7.75,1,520,-0.2,-73.2,-0.1
0.5,1132.069740,231.42,0.04,-64.68,4.7,7.36,7.25,1,384,-2.1,-62.8,2.6
0.5,1132.079740,231.86,-0.05,-65.13,4.76,6.77,7.0,1,291,-1.3,-55.3,-0.0
0.5,1132.089739,232.47,-0.02,-65.64,4.73,6.18,6.75,1,1153,-0.6,-58.5,1.6
0.5,1132.099740,232.91,-0.09,-66.24,4.79,5.58,6.25,1,1026,-2.3,-56.3,1.1
0.5,1132.109740,233.44,-0.14,-66.61,4.82,4.97,5.0,1,907,0.1,-39.0,2.0
0.5,1132.119740,234.84,-0.18,-66.96,4.86,4.36,3.5,1,770,-3.1,-52.8,0.9
0.5,1132.129740,235.9,-0.22,-68.53,4.83,3.75,2.75,1,643,-3.5,-142.7,-0.4
0.5,1132.139740,236.34,-0.21,-70.59,4.79,3.13,2.75,1,516,-2.9,-116.0,-0.4
0.5,1132.149740,236.25,-0.24,-70.85,4.82,2.51,2.75,1,388,0.0,-53.4,1.1
0.5,1132.159740,236.34,-0.35,-70.09,5.01,1.88,2.75,1,287,3.5,13.7,5.4
0.5,1132.169739,236.6,-0.4,-69.46,5.04,1.26,2.0,1,1149,-5.3,-4.0,-2.2
0.5,1132.179740,237.3,-0.31,-69.9,4.88,0.63,1.25,1,1021,2.2,-26.2,1.8
0.5,1132.189740,237.92,-0.37,-70.73,4.97,0.0,0.25,1,903,-4.5,-60.9,-1.0
0.5,1132.199740,238.62,-0.39,-71.83,4.92,-0.63,-0.25,1,766,-0.3,-75.1,0.8
0.5,1132.209740,239.33,-0.5,-72.66,5.06,-1.26,-1.25,1,639,-2.1,-68.5,2.0
0.5,1132.219740,240.38,-0.61,-73.37,5.14,-1.88,-2.25,1,520,-1.3,-77.9,1.0
0.5,1132.229740,241.0,-0.68,-74.56,5.17,-2.51,-2.75,1,384,-5.1,-109.3,0.7
0.5,1132.239740,241.17,-0.7,-75.6,5.13,-3.13,-3.0,1,291,-2.1,-72.5,-1.7
0.5,1132.249739,241.17,-0.67,-75.35,5.15,-3.75,-3.0,1,1153,2.3,-12.6,3.4
0.5,1132.259740,241.44,-0.79,-74.78,5.31,-4.36,-3.25,1,1026,-1.1,-2.4,0.2
0.5,1132.269740,242.4,-0.74,-74.91,5.24,-4.97,-4.25,1,907,1.6,-23.7,1.6
0.5,1132.279740,243.19,-0.87,-76.05,5.37,-5.58,-5.25,1,771,-3.3,-92.1,0.5
0.5,1132.289740,243.46,-0.98,-77.69,5.36,-6.18,-5.25,1,644,-6.5,-96.2,-1.3
0.5,1132.299740,243.46,-0.94,-77.92,5.31,-6.77,-5.25,1,516,1.6,-18.4,0.5
0.5,1132.309740,243.81,-1.0,-77.18,5.49,-7.36,-5.75,1,389,4.5,-4.1,3.8
0.5,1132.319740,245.21,-1.16,-77.32,5.66,-7.94,-7.25,1,287,-3.7,-28.4,0.3
0.5,1132.329739,246.09,-1.33,-78.83,5.72,-8.52,-8.25,1,1149,-2.0,-126.1,1.8
0.5,1132.339740,246.71,-1.6,-81.05,5.94,-9.08,-8.75,1,1022,-7.7,-124.3,-2.9
0.5,1132.349740,247.06,-1.61,-81.64,5.91,-9.64,-9.25,1,903,2.2,-61.0,2.7
0.5,1132.359740,247.41,-1.96,-81.43,6.36,-10.18,-9.75,1,767,-0.0,-42.5,2.3
0.5,1132.369740,247.76,-1.97,-81.6,6.32,-10.72,-10.0,1,639,-2.6,-35.4,-0.6
0.5,1132.379740,248.2,-1.93,-81.8,6.26,-11.24,-10.5,1,521,0.5,-27.0,1.7
0.5,1132.389740,248.82,-2.22,-82.13,6.59,-11.76,-11.25,1,384,0.5,-41.4,1.4
0.5,1132.399740,249.61,-2.47,-83.12,6.8,-12.26,-11.75,1,292,-4.2,-84.5,-0.7
0.5,1132.409739,250.22,-2.85,-84.19,7.12,-12.75,-12.5,1,1154,-0.8,-64.4,1.0
0.5,1132.419740,250.49,-3.35,-84.57,7.66,-13.23,-12.75,1,1026,-0.7,-57.8,1.9
0.5,1132.429740,251.28,-3.73,-84.92,8.02,-13.69,-13.5,1,907,-1.7,-42.1,0.5
0.5,1132.439740,252.07,-4.19,-85.4,8.48,-14.14,-14.5,1,771,0.7,-63.3,2.2
0.5,1132.449740,252.51,-5.71,-86.54,9.98,-14.58,-15.25,1,644,-5.0,-93.5,-0.7
0.5,1132.459740,252.6,-6.88,-87.4,11.08,-15.0,-14.75,1,517,-1.9,-55.7,-0.5
0.5,1132.469740,252.51,-6.26,-87.04,10.5,-15.41,-14.25,1,389,1.4,-2.4,1.4
0.5,1132.479740,252.33,-5.66,-86.46,9.94,-15.8,-13.75,1,287,1.1,4.7,1.2
0.5,1132.489740,252.33,-5.58,-86.02,9.91,-16.18,-14.25,1,1149,4.3,37.0,4.7
0.5,1132.499740,253.21,-5.5,-85.69,9.85,-16.54,-15.75,1,1022,-0.9,1.3,-0.3
0.5,1132.509740,254.0,-6.79,-86.93,11.05,-16.89,-16.75,1,903,-2.7,-88.5,-0.2
0.5,1132.519740,254.71,-17.63,-88.91,21.81,-17.21,-17.25,1,767,-7.3,-111.3,-3.3
0.5,1132.529740,254.97,-51.6,-89.59,55.76,-17.53,-17.75,1,640,2.8,-55.6,2.5
0.5,1132.539740,255.32,-39.59,-89.38,43.85,-17.82,-17.75,1,521,-0.9,-33.5,2.0
0.5,1132.549740,255.5,-43.02,-89.43,47.22,-18.1,-18.0,1,385,-1.4,-28.1,0.1
0.5,1132.559740,255.59,-56.5,-89.54,60.71,-18.36,-18.25,1,283,0.5,-21.7,1.6
0.5,1132.569740,255.67,-62.84,-89.56,67.05,-18.6,-18.25,1,1154,-0.5,-11.5,0.1
0.5,1132.579740,255.85,-54.93,-89.53,59.14,-18.82,-18.5,1,1027,0.2,-3.3,0.9
0.5,1132.589740,256.46,-72.64,-89.58,76.87,-19.02,-19.25,1,908,1.1,-22.8,1.0
0.5,1132.599740,256.9,-147.21,-89.26,151.42,-19.21,-19.5,1,772,-3.1,-55.1,-0.1
0.5,1132.609740,257.26,-164.92,-88.48,169.09,-19.37,-20.0,1,644,-0.5,-52.0,0.9
0.5,1132.619740,257.34,-167.14,-88.14,171.33,-19.52,-20.0,1,517,0.0,-37.7,1.2
0.5,1132.629740,257.26,-166.5,-88.22,170.68,-19.65,-19.5,1,390,-1.8,-6.4,0.3
0.5,1132.639740,257.17,-160.35,-88.72,164.55,-19.75,-19.25,1,288,3.5,21.4,2.7
0.5,1132.649740,257.17,-148.9,-89.1,153.15,-19.84,-19.0,1,1150,0.0,15.8,1.2
0.5,1132.659740,257.26,-151.26,-89.06,155.48,-19.91,-19.75,1,1022,1.1,0.2,0.6
0.5,1132.669740,258.05,-156.66,-88.88,160.88,-19.96,-20.75,1,904,-0.8,-5.0,0.2
0.5,1132.679740,258.57,-168.9,-87.86,173.06,-19.99,-21.25,1,768,-4.7,-101.6,-2.4
0.5,1132.689740,258.4,-173.95,-86.35,178.07,-20.0,-21.0,1,641,-1.1,-56.4,0.5
0.5,1132.699740,258.22,-171.69,-87.01,175.85,-19.99,-20.25,1,513,1.6,21.8,1.9
0.5,1132.709740,258.13,-164.27,-88.21,168.49,-19.96,-19.75,1,386,3.7,45.1,4.0
0.5,1132.719740,257.7,-160.53,-88.49,164.77,-19.91,-19.25,1,284,-0.7,6.9,-0.1
0.5,1132.729740,257.52,-161.2,-88.58,165.41,-19.84,-19.0,1,1146,0.7,46.6,-0.2
0.5,1132.739740,257.52,-148.74,-89.12,152.97,-19.75,-19.75,1,1027,2.3,18.9,0.5
0.5,1132.749740,258.13,-155.66,-88.87,159.9,-19.65,-20.75,1,908,-0.9,0.6,0.2
0.5,1132.759740,258.49,-167.7,-88.02,171.86,-19.52,-21.25,1,772,-4.6,-72.4,-3.4
0.5,1132.769740,258.31,-173.45,-86.8,177.56,-19.37,-20.75,1,645,-2.4,-51.3,-1.5
0.5,1132.779740,258.05,-171.59,-87.19,175.74,-19.21,-20.25,1,517,2.2,19.0,2.8
0.5,1132.789740,257.87,-164.22,-88.22,168.45,-19.02,-19.5,1,382,3.2,35.9,3.1
0.5,1132.799740,257.7,-159.58,-88.62,163.82,-18.82,-19.25,1,289,0.1,24.8,-0.2
0.5,1132.809740,257.7,-157.93,-88.78,162.15,-18.6,-19.5,1,1151,2.1,27.7,1.3
0.5,1132.819740,257.61,-156.73,-88.83,160.95,-18.36,-19.5,1,1023,-2.8,3.3,-1.1
0.5,1132.829740,257.08,-162.13,-88.6,166.29,-18.1,-18.5,1,904,-0.7,-1.3,-0.3
0.5,1132.839740,256.46,-152.73,-89.07,156.93,-17.82,-17.75,1,768,2.1,54.4,-0.6
0.5,1132.849740,256.11,-40.19,-89.29,44.48,-17.53,-17.5,1,641,7.0,81.8,3.7
0.5,1132.859740,256.03,-23.26,-88.78,27.56,-17.21,-17.25,1,513,-3.9,30.5,-1.8
0.5,1132.869740,255.94,-28.49,-89.15,32.69,-16.89,-17.25,1,386,0.5,13.6,-2.1
0.5,1132.879740,255.5,-33.02,-89.25,37.27,-16.54,-17.0,1,1274,0.7,5.1,1.0
0.5,1132.889740,255.23,-28.08,-89.1,32.32,-16.18,-16.25,1,1146,-1.7,25.1,-1.2
0.5,1132.899740,254.71,-14.7,-88.36,18.96,-15.8,-15.75,1,1028,5.2,59.4,1.9
0.5,1132.909740,254.27,-10.28,-87.49,14.62,-15.41,-15.25,1,909,1.3,53.8,0.6
0.5,1132.919740,253.92,-8.28,-87.14,12.56,-15.0,-15.0,1,773,-1.3,42.0,-2.2
0.5,1132.929740,253.65,-7.38,-86.96,11.66,-14.58,-14.75,1,646,2.4,29.8,0.9
0.5,1132.939739,253.65,-7.5,-86.85,11.81,-14.14,-14.75,1,509,-0.1,23.6,-0.5
0.5,1132.949739,253.12,-7.12,-86.78,11.41,-13.69,-14.25,1,390,0.3,13.1,0.4
0.5,1132.959739,252.51,-6.42,-86.58,10.7,-13.23,-13.5,1,1278,-0.8,31.1,-2.3
0.5,1132.969739,251.98,-4.87,-85.7,9.19,-12.75,-13.0,1,1151,4.2,70.9,1.6
0.5,1132.979739,251.46,-4.4,-84.69,8.78,-12.26,-12.5,1,1024,1.8,60.8,1.0
0.5,1132.989739,251.19,-3.74,-84.27,8.08,-11.76,-12.0,1,905,-1.1,52.3,-2.9
0.5,1132.999739,250.84,-3.35,-83.99,7.69,-11.24,-11.75,1,769,3.2,37.4,2.1
0.5,1133.009739,250.14,-3.51,-83.8,7.89,-10.72,-11.25,1,641,-0.7,32.9,-1.4
0.5,1133.019739,249.43,-2.81,-83.32,7.15,-10.18,-10.25,1,514,0.6,53.3,-1.8
0.5,1133.029739,248.64,-2.41,-82.25,6.81,-9.64,-9.5,1,386,4.6,86.6,1.3
0.5,1133.039739,247.94,-2.31,-81.13,6.77,-9.08,-8.75,1,1274,2.1,79.0,1.2
0.5,1133.049739,247.85,-1.96,-80.53,6.38,-8.52,-8.75,1,1155,-0.7,68.1,-3.4
0.5,1133.059739,247.94,-1.75,-80.39,6.18,-7.94,-8.75,1,1028,4.0,25.2,2.1
0.5,1133.069739,247.68,-2.06,-80.95,6.49,-7.36,-8.75,1,910,-5.0,-13.7,-2.1
0.5,1133.079739,246.97,-1.87,-81.29,6.21,-6.77,-7.75,1,773,0.3,4.7,-1.0
0.5,1133.089739,246.27,-1.62,-80.35,6.04,-6.18,-7.0,1,646,2.7,76.2,-0.6
0.5,1133.099739,245.83,-1.51,-78.73,6.02,-5.58,-6.75,1,509,7.1,90.0,4.0
0.5,1133.109739,245.3,-1.58,-78.23,6.11,-4.97,-6.25,1,391,-3.2,36.5,-1.5
0.5,1133.119739,244.16,-1.17,-78.32,5.59,-4.36,-5.0,1,1279,1.2,44.6,-4.6
0.5,1133.129739,243.28,-0.87,-77.14,5.37,-3.75,-3.75,1,1151,3.5,109.6,0.7
0.5,1133.139739,242.67,-1.02,-75.35,5.61,-3.13,-3.25,1,1024,6.6,114.7,3.8
0.5,1133.149739,242.23,-1.0,-74.74,5.6,-2.51,-3.0,1,905,-2.8,55.9,-2.1
0.5,1133.159739,241.7,-0.74,-74.93,5.26,-1.88,-2.25,1,769,2.2,40.1,-2.8
0.5,1133.169739,240.73,-0.68,-74.55,5.24,-1.26,-1.25,1,642,0.0,53.5,1.0
0.5,1133.179739,240.03,-0.68,-73.46,5.26,-0.63,-0.75,1,514,4.0,95.9,-1.6
0.5,1133.189740,239.33,-0.54,-72.25,5.17,0.0,-0.0,1,387,1.2,78.2,1.4
0.5,1133.199739,238.71,-0.54,-71.75,5.16,0.63,0.75,1,1274,1.4,67.9,-2.4
0.5,1133.209739,238.27,-0.42,-71.28,5.04,1.26,1.0,1,1147,0.8,57.4,0.6
0.5,1133.219739,238.01,-0.46,-70.93,5.09,1.88,1.25,1,1029,1.0,45.6,-0.9
0.5,1133.229739,237.39,-0.39,-70.72,5.03,2.51,1.75,1,910,1.3,32.5,0.2
0.5,1133.239739,236.16,-0.33,-70.3,4.98,3.13,3.25,1,774,0.7,55.4,-2.2
0.5,1133.249739,234.84,-0.16,-68.92,4.84,3.75,4.75,1,646,4.9,115.5,-1.6
0.5,1133.259739,233.88,-0.15,-66.83,4.9,4.36,5.5,1,510,2.4,148.7,2.3
0.5,1133.269739,233.7,-0.22,-65.47,4.99,4.97,5.75,1,391,3.9,102.8,0.8
0.5,1133.279739,233.7,-0.16,-65.77,4.93,5.58,5.5,1,1279,-1.0,15.5,-0.9
0.5,1133.289739,233.53,-0.1,-66.69,4.8,6.18,5.75,1,1152,-1.1,-4.1,-3.5
0.5,1133.299739,233.09,0.0,-66.78,4.73,6.77,6.25,1,1025,3.4,10.9,0.2
0.5,1133.309739,231.77,-0.05,-66.13,4.83,7.36,7.5,1,906,-0.2,49.2,0.7
0.5,1133.319739,230.54,0.01,-64.59,4.77,7.94,9.25,1,769,4.8,116.5,-2.5
0.5,1133.329739,229.48,0.1,-62.43,4.75,8.52,10.0,1,642,1.8,148.5,2.4
0.5,1133.339739,229.48,0.01,-61.06,4.85,9.08,10.0,1,515,3.1,105.2,0.2
0.5,1133.349739,229.57,0.06,-61.34,4.8,9.64,9.75,1,387,-0.6,15.3,-0.2
0.5,1133.359739,229.22,0.1,-62.39,4.7,10.18,10.25,1,1275,-1.7,-15.1,-3.8
0.5,1133.369739,229.04,0.21,-62.45,4.63,10.72,10.5,1,1148,5.5,24.4,0.5
0.5,1133.379739,228.87,0.11,-61.79,4.79,11.24,10.75,1,1029,-2.5,26.6,3.1
0.5,1133.389739,228.34,0.04,-61.56,4.78,11.76,11.25,1,910,0.8,20.5,-2.4
0.5,1133.399739,227.64,0.2,-61.24,4.65,12.26,11.75,1,774,0.3,38.0,-0.8
0.5,1133.409739,226.93,0.19,-60.31,4.69,12.75,12.5,1,646,3.3,75.6,0.7
0.5,1133.419739,226.58,0.17,-59.29,4.75,13.23,13.0,1,511,0.6,64.3,1.5
0.5,1133.429739,226.05,0.18,-58.84,4.73,13.69,13.25,1,383,1.9,56.2,-1.6
0.5,1133.439740,225.35,0.25,-58.54,4.68,14.14,14.25,1,1280,1.0,38.7,0.5
0.5,1133.449739,224.56,0.27,-58.07,4.66,14.58,15.0,1,1152,1.3,63.8,-3.0
0.5,1133.459740,224.21,0.35,-56.89,4.62,15.0,15.5,1,1025,4.6,93.8,0.8
0.5,1133.469740,223.86,0.28,-56.05,4.76,15.41,15.5,1,906,0.6,53.8,3.7
0.5,1133.479740,223.95,0.24,-56.36,4.74,15.8,15.5,1,770,-1.5,8.5,-3.6
0.5,1133.489740,223.59,0.37,-56.83,4.59,16.18,15.75,1,642,2.5,-0.8,-0.3
0.5,1133.499740,222.63,0.36,-56.65,4.64,16.54,17.0,1,515,-0.2,27.1,-0.4
0.5,1133.509740,221.84,0.39,-55.4,4.61,16.89,18.0,1,388,3.8,96.6,-1.8
0.5,1133.519739,221.57,0.4,-53.68,4.68,17.21,18.0,1,1276,1.7,103.0,4.3
0.5,1133.529739,221.66,0.29,-53.4,4.77,17.53,17.75,1,1148,-1.7,22.0,-0.7
0.5,1133.539740,221.84,0.37,-54.34,4.62,17.82,17.25,1,1029,-0.3,-13.3,-2.8
0.5,1133.549740,222.19,0.43,-54.87,4.57,18.1,17.25,1,902,1.2,-17.5,0.1
0.5,1133.559740,221.66,0.41,-55.28,4.6,18.36,18.0,1,775,-1.4,-36.8,-0.8
0.5,1133.569740,220.96,0.43,-54.95,4.58,18.6,18.75,1,647,2.9,51.5,0.1
0.5,1133.579740,220.78,0.4,-53.34,4.68,18.82,18.75,1,511,0.8,72.9,4.0
0.5,1133.589740,220.69,0.33,-52.93,4.71,19.02,18.75,1,392,-2.1,20.4,-1.9
0.5,1133.599740,220.78,0.45,-53.42,4.58,19.21,18.75,1,1280,3.7,3.5,-1.4
0.5,1133.609740,220.52,0.47,-53.6,4.61,19.37,19.25,1,1153,-0.7,-1.7,1.9
0.5,1133.619740,219.81,0.43,-53.42,4.63,19.52,19.75,1,1025,1.8,23.7,-1.8
0.5,1133.629740,219.38,0.5,-52.52,4.6,19.65,20.25,1,906,1.8,64.0,1.3
0.5,1133.639740,219.2,0.42,-51.58,4.68,19.75,20.5,1,771,-1.2,54.6,1.4
0.5,1133.649740,219.38,0.41,-51.49,4.67,19.84,19.75,1,643,1.7,18.1,-0.4
0.5,1133.659740,220.25,0.44,-51.89,4.65,19.91,18.75,1,515,-1.8,-4.1,1.2
0.5,1133.669740,221.31,0.42,-53.23,4.62,19.96,18.25,1,388,-1.6,-110.8,-2.2
0.5,1133.679740,220.87,0.5,-55.32,4.5,19.99,18.5,1,1276,-1.0,-103.2,-1.6
0.5,1133.689740,220.08,0.49,-54.99,4.54,20.0,19.5,1,1149,1.1,25.7,1.6
0.5,1133.699740,219.81,0.41,-52.93,4.66,19.99,19.75,1,1030,0.4,76.9,2.8
0.5,1133.709740,219.81,0.36,-51.93,4.72,19.96,19.75,1,902,-0.4,49.6,1.6
0.5,1133.719740,219.81,0.39,-52.22,4.65,19.91,19.75,1,775,-1.0,-1.7,-2.2
0.5,1133.729740,219.81,0.48,-52.76,4.57,19.84,19.75,1,648,2.4,-2.5,-0.7
0.5,1133.739740,219.9,0.48,-52.79,4.61,19.75,19.75,1,511,0.2,-2.8,1.2
0.5,1133.749740,219.99,0.44,-52.86,4.62,19.65,19.75,1,393,-0.3,-7.0,-0.4
0.5,1133.759740,219.9,0.46,-52.91,4.6,19.52,19.75,1,1281,0.2,-0.2,0.7
0.5,1133.769740,219.9,0.44,-52.84,4.62,19.37,19.75,1,1153,-0.5,0.4,0.1
0.5,1133.779740,219.9,0.44,-52.83,4.61,19.21,19.25,1,1026,-0.1,0.4,0.5
0.5,1133.789740,220.17,0.42,-52.87,4.64,19.02,18.75,1,907,-0.3,-3.7,1.3
0.5,1133.799740,221.04,0.4,-53.13,4.64,18.82,18.25,1,771,-2.4,-22.5,-0.2
0.5,1133.809740,221.31,0.43,-54.05,4.58,18.6,18.25,1,643,0.5,-73.5,-1.0
0.5,1133.819740,220.96,0.47,-55.13,4.55,18.36,18.5,1,507,-1.0,-56.9,0.2
0.5,1133.829740,220.78,0.42,-54.6,4.61,18.1,18.75,1,389,1.8,37.2,2.5
0.5,1133.839739,220.69,0.37,-53.34,4.69,17.82,18.75,1,1276,-1.8,31.3,1.6
0.5,1133.849739,220.96,0.37,-53.35,4.66,17.53,17.75,1,1149,1.4,5.5,-0.3
0.5,1133.859740,222.19,0.4,-53.73,4.65,17.21,16.75,1,1030,-2.1,-12.1,1.4
0.5,1133.869740,223.15,0.36,-55.16,4.62,16.89,16.25,1,903,-1.7,-125.4,-1.7
0.5,1133.879740,222.98,0.41,-57.35,4.54,16.54,16.5,1,775,-2.8,-105.8,0.2
0.5,1133.889740,222.36,0.37,-57.15,4.59,16.18,17.25,1,648,1.8,-0.1,0.9
0.5,1133.899740,222.01,0.37,-55.42,4.67,15.8,17.5,1,512,2.1,68.2,3.1
0.5,1133.909740,222.28,0.3,-54.36,4.75,15.41,17.0,1,385,-0.7,37.1,2.2
0.5,1133.919739,223.07,0.3,-54.76,4.7,15.0,15.75,1,1281,-1.8,-8.9,-1.6
0.5,1133.929739,224.03,0.31,-56.0,4.64,14.58,14.75,1,1154,-2.7,-78.1,1.3
0.5,1133.939740,224.91,0.31,-57.84,4.61,14.14,14.25,1,1026,-1.5,-114.9,-3.1
0.5,1133.949740,225.44,0.4,-59.16,4.53,13.69,13.75,1,907,0.9,-95.2,1.2
0.5,1133.959740,225.62,0.23,-59.47,4.7,13.23,13.75,1,771,-4.6,-49.8,5.2
0.5,1133.969740,225.79,0.15,-59.31,4.72,12.75,13.25,1,644,-1.0,-29.3,-3.1
0.5,1133.979740,226.32,0.29,-59.19,4.62,12.26,12.25,1,516,1.7,-9.4,3.6
0.5,1133.989740,226.93,0.18,-59.52,4.73,11.76,11.75,1,389,-4.0,-52.1,-0.7
0.5,1133.999739,227.72,0.22,-60.61,4.62,11.24,11.25,1,1277,0.6,-66.4,-0.4
0.5,1134.009739,228.52,0.17,-61.42,4.69,10.72,10.75,1,1150,-3.7,-67.3,4.0
0.5,1134.019740,228.87,0.05,-62.38,4.77,10.18,10.25,1,1031,-1.1,-94.4,-0.6
0.5,1134.029740,229.13,0.16,-63.03,4.68,9.64,10.0,1,903,-0.1,-37.9,0.8
0.5,1134.039740,229.22,0.11,-62.67,4.73,9.08,9.5,1,776,-1.2,-21.0,1.2
0.5,1134.049740,229.83,0.06,-62.67,4.76,8.52,8.75,1,648,-0.7,-16.1,1.6
0.5,1134.059740,230.54,0.04,-63.13,4.75,7.94,8.0,1,512,-2.8,-51.6,-0.5
0.5,1134.069740,231.15,0.09,-64.19,4.68,7.36,7.5,1,385,0.1,-70.5,-0.7
0.5,1134.079739,231.59,0.04,-64.91,4.74,6.77,7.0,1,1281,-2.0,-52.5,3.4
0.5,1134.089739,232.29,-0.06,-65.26,4.83,6.18,6.75,1,1154,-0.7,-53.0,-0.2
0.5,1134.099740,232.82,-0.02,-65.89,4.78,5.58,6.25,1,1027,-1.5,-62.9,1.7
0.5,1134.109740,233.53,-0.12,-66.58,4.87,4.97,5.0,1,908,-0.9,-58.4,2.2
0.5,1134.119740,234.84,-0.19,-67.1,4.91,4.36,3.5,1,771,-3.6,-57.0,1.3
0.5,1134.129740,235.99,-0.23,-68.57,4.89,3.75,2.5,1,644,-3.6,-148.0,-0.5
0.5,1134.139740,236.43,-0.2,-70.69,4.83,3.13,2.5,1,517,-2.5,-120.9,-0.5
0.5,1134.149740,236.34,-0.22,-71.03,4.86,2.51,2.75,1,389,-0.1,-61.1,1.1
0.5,1134.159739,236.43,-0.35,-70.23,5.06,1.88,2.5,1,1277,3.5,19.5,5.6
0.5,1134.169739,236.78,-0.4,-69.46,5.1,1.26,2.0,1,1150,-5.3,-2.6,-2.1
0.5,1134.179739,237.57,-0.31,-69.97,4.92,0.63,0.75,1,1041,1.7,-29.3,1.6
0.5,1134.189740,238.89,-0.4,-71.03,5.06,0.0,-0.75,1,904,-3.4,-79.2,0.6
0.5,1134.199740,239.85,-0.53,-72.95,5.08,-0.63,-1.75,1,776,-5.9,-142.2,0.2
0.5,1134.209740,240.47,-0.61,-74.7,5.12,-1.26,-1.5,1,649,-2.0,-111.7,0.0
0.5,1134.219740,240.21,-0.57,-75.02,5.1,-1.88,-1.0,1,513,-1.4,-62.6,-0.2
0.5,1134.229740,240.12,-0.65,-74.12,5.23,-2.51,-0.75,1,394,4.3,41.1,5.0
0.5,1134.239739,240.03,-0.75,-72.88,5.42,-3.13,-1.5,1,1282,2.3,19.6,2.0
0.5,1134.249739,241.08,-0.67,-73.19,5.3,-3.75,-2.75,1,1154,-1.7,-8.8,-0.6
0.5,1134.259740,242.31,-0.67,-74.46,5.21,-4.36,-4.25,1,1035,-4.0,-98.3,-1.1
0.5,1134.269740,243.02,-0.8,-76.67,5.25,-4.97,-4.75,1,908,-7.3,-132.2,-1.0
0.5,1134.279740,243.02,-0.96,-77.79,5.4,-5.58,-5.0,1,772,1.6,-77.4,1.7
0.5,1134.289740,243.63,-1.0,-77.35,5.52,-6.18,-5.75,1,645,-0.9,-11.4,1.2
0.5,1134.299740,244.6,-1.04,-77.24,5.54,-6.77,-6.75,1,517,0.3,-55.2,1.4
0.5,1134.309740,245.48,-1.22,-78.67,5.69,-7.36,-7.5,1,390,-4.7,-99.3,0.5
0.5,1134.319739,246.01,-1.47,-79.96,5.87,-7.94,-8.25,1,1278,-1.4,-84.8,1.5
0.5,1134.329739,246.27,-1.54,-80.49,5.97,-8.52,-8.5,1,1150,-1.7,-67.5,-0.5
0.5,1134.339739,246.36,-1.47,-80.63,5.87,-9.08,-8.25,1,1041,-2.1,-30.9,0.3
0.5,1134.349740,246.27,-1.53,-80.27,5.95,-9.64,-8.25,1,913,2.7,-0.6,1.8
0.5,1134.359740,246.97,-1.55,-79.88,6.04,-10.18,-9.25,1,777,1.3,8.5,1.4
0.5,1134.369740,247.68,-1.68,-80.45,6.13,-10.72,-10.0,1,649,-2.4,-65.8,0.6
0.5,1134.379740,248.03,-1.96,-82.07,6.31,-11.24,-10.25,1,513,-5.7,-87.3,-1.2
0.5,1134.389740,248.38,-2.03,-82.5,6.38,-11.76,-10.5,1,394,2.9,-21.5,1.6
0.5,1134.399739,249.17,-2.22,-82.16,6.68,-12.26,-11.5,1,1282,0.9,-32.2,2.8
0.5,1134.409739,250.14,-2.68,-83.24,7.07,-12.75,-12.5,1,1155,-3.9,-97.3,-0.5
0.5,1134.419740,250.58,-3.29,-84.9,7.59,-13.23,-12.75,1,1035,-4.9,-100.8,0.2
0.5,1134.429740,251.1,-3.81,-85.32,8.12,-13.69,-13.5,1,909,1.7,-39.1,1.5
0.5,1134.439740,251.98,-4.15,-85.25,8.53,-14.14,-14.25,1,772,0.6,-54.9,3.1
0.5,1134.449740,252.69,-5.35,-86.27,9.67,-14.58,-15.25,1,645,-5.6,-86.3,-1.4
0.5,1134.459740,253.04,-6.76,-87.35,11.01,-15.0,-15.5,1,509,-0.2,-76.9,0.7
0.5,1134.469740,253.04,-8.21,-87.65,12.49,-15.41,-15.25,1,399,-2.3,-40.0,0.8
0.5,1134.479740,253.04,-7.48,-87.3,11.77,-15.8,-15.25,1,1278,2.6,-1.1,1.8
0.5,1134.489740,252.95,-6.59,-86.8,10.94,-16.18,-15.25,1,1150,0.4,10.8,1.1
0.5,1134.499740,253.56,-6.34,-86.67,10.68,-16.54,-16.25,1,1042,1.2,1.1,1.0
0.5,1134.509740,254.27,-8.08,-87.39,12.4,-16.89,-16.75,1,913,-2.0,-62.6,0.2
0.5,1134.519740,254.53,-16.47,-88.81,20.71,-17.21,-17.25,1,768,-5.5,-80.7,-2.2
0.5,1134.529740,254.79,-27.57,-89.28,31.8,-17.53,-17.25,1,650,2.9,-32.3,2.1
0.5,1134.539740,254.88,-21.9,-88.97,26.21,-17.82,-17.5,1,514,-0.6,-16.4,1.4
0.5,1134.549740,254.88,-20.17,-88.9,24.44,-18.1,-17.5,1,412,-0.7,-7.7,0.6
0.5,1134.559740,255.15,-18.93,-88.86,23.2,-18.36,-17.75,1,1283,0.5,-4.1,0.2
0.5,1134.569740,255.85,-23.83,-89.07,28.12,-18.6,-18.5,1,1155,0.8,-26.2,1.4
0.5,1134.579740,256.38,-97.71,-89.61,101.97,-18.82,-19.0,1,1038,-3.6,-68.6,0.4
0.5,1134.589740,256.9,-159.8,-88.88,164.02,-19.02,-19.5,1,909,-0.0,-57.5,0.9
0.5,1134.599740,256.99,-164.43,-88.51,168.69,-19.21,-19.75,1,773,-0.7,-49.8,1.2
0.5,1134.609740,256.9,-164.81,-88.47,169.04,-19.37,-19.25,1,645,-2.1,-11.7,0.2
0.5,1134.619740,256.82,-155.77,-88.99,160.01,-19.52,-18.75,1,510,3.7,18.1,2.5
0.5,1134.629740,256.82,-134.46,-89.37,138.76,-19.65,-18.75,1,417,0.1,18.0,1.5
0.5,1134.639740,257.08,-134.87,-89.38,139.15,-19.75,-19.5,1,1279,1.2,0.2,0.7
0.5,1134.649740,258.05,-154.18,-89.03,158.45,-19.84,-20.75,1,1151,-1.9,-25.5,-0.8
0.5,1134.659740,258.49,-169.58,-87.81,173.78,-19.91,-21.25,1,1042,-4.0,-102.7,-0.6
0.5,1134.669740,258.4,-173.63,-86.42,177.8,-19.96,-21.0,1,906,-1.3,-62.3,0.3
0.5,1134.679740,258.22,-171.97,-86.99,176.19,-19.99,-20.25,1,769,1.6,17.1,1.5
0.5,1134.689740,257.96,-164.66,-88.21,168.93,-20.0,-19.75,1,651,3.6,45.9,4.2
0.5,1134.699740,257.7,-159.21,-88.59,163.5,-19.99,-19.25,1,514,-0.3,12.2,0.3
0.5,1134.709740,257.7,-160.92,-88.61,165.18,-19.96,-19.25,1,413,0.3,34.0,-0.2
0.5,1134.719740,257.61,-154.92,-88.93,159.2,-19.91,-19.5,1,1283,2.2,12.5,0.7
0.5,1134.729740,257.7,-158.49,-88.76,162.76,-19.84,-19.5,1,1156,-3.1,3.3,-0.6
0.5,1134.739740,257.43,-161.11,-88.67,165.32,-19.75,-19.0,1,1038,-0.7,-1.5,-0.6
0.5,1134.749740,257.43,-161.03,-88.68,165.29,-19.65,-18.75,1,901,2.6,5.8,0.1
0.5,1134.759740,257.52,-154.17,-88.94,158.48,-19.52,-19.5,1,774,1.7,22.4,2.8
0.5,1134.769740,257.96,-148.57,-89.07,152.86,-19.37,-20.5,1,646,-0.7,0.0,-0.3
0.5,1134.779740,258.22,-166.38,-88.25,170.61,-19.21,-20.75,1,510,-4.5,-68.3,-3.7
0.5,1134.789740,258.13,-173.07,-87.08,177.23,-19.02,-20.5,1,408,-2.9,-52.2,-1.8
0.5,1134.799740,257.96,-171.11,-87.41,175.31,-18.82,-19.5,1,1279,2.2,18.9,2.9
0.5,1134.809740,257.17,-162.85,-88.43,167.11,-18.6,-18.5,1,1152,1.3,34.2,1.8
0.5,1134.819740,256.73,-128.73,-89.39,133.05,-18.36,-18.0,1,1033,6.7,96.3,3.0
0.5,1134.829740,256.46,-34.3,-89.15,38.65,-18.1,-17.75,1,905,-2.1,47.0,-0.7
0.5,1134.839740,256.55,-48.34,-89.44,52.62,-17.82,-18.25,1,769,1.4,16.5,-1.7
0.5,1134.849740,256.64,-81.05,-89.59,85.34,-17.53,-18.25,1,651,-2.1,-0.8,-0.2
0.5,1134.859740,256.11,-128.22,-89.48,132.45,-17.21,-17.5,1,514,-2.3,-21.1,-1.5
0.5,1134.869740,255.23,-102.53,-89.6,106.78,-16.89,-16.25,1,413,2.4,43.7,-0.1
0.5,1134.879740,254.88,-14.83,-88.34,19.18,-16.54,-15.75,1,1283,6.0,104.6,2.6
0.5,1134.889740,254.79,-9.24,-87.06,13.66,-16.18,-16.0,1,1156,4.1,68.4,2.6
0.5,1134.899740,254.88,-10.4,-87.45,14.79,-15.8,-16.75,1,1038,-1.7,-3.3,-1.0
0.5,1134.909740,255.15,-14.42,-88.39,18.72,-15.41,-17.0,1,901,-4.1,-22.8,-2.3
0.5,1134.919740,255.15,-18.7,-88.9,22.94,-15.0,-16.5,1,774,-3.6,-31.9,-3.2
0.5,1134.929740,254.0,-22.2,-89.12,26.44,-14.58,-15.25,1,647,0.3,-14.0,-0.9
0.5,1134.939739,253.12,-10.37,-87.86,14.7,-14.14,-14.0,1,510,4.9,111.6,3.5
0.5,1134.949739,252.42,-5.49,-85.41,9.93,-13.69,-13.5,1,418,7.7,120.4,2.0
0.5,1134.959739,251.98,-4.47,-84.67,8.92,-13.23,-13.0,1,1279,-1.8,65.5,-0.5
0.5,1134.969739,251.72,-3.95,-84.78,8.3,-12.75,-12.75,1,1152,-0.4,44.4,-3.5
0.5,1134.979739,251.37,-3.69,-84.66,8.09,-12.26,-12.5,1,1042,3.0,33.7,2.1
0.5,1134.989739,251.28,-3.96,-84.49,8.38,-11.76,-12.25,1,906,-1.2,27.8,-1.5
0.5,1134.999739,250.75,-3.63,-84.35,8.01,-11.24,-11.75,1,770,1.7,19.9,1.3
0.5,1135.009739,249.87,-3.37,-84.0,7.77,-10.72,-10.75,1,651,-1.4,42.6,-2.9
0.5,1135.019739,249.26,-2.56,-82.96,6.96,-10.18,-10.25,1,515,4.0,82.1,0.8
0.5,1135.029739,248.64,-2.52,-81.84,7.01,-9.64,-9.5,1,413,3.6,72.2,2.1
0.5,1135.039739,248.38,-2.29,-81.32,6.77,-9.08,-9.25,1,1284,-0.4,61.5,-2.3
0.5,1135.049739,247.76,-1.94,-80.95,6.4,-8.52,-8.75,1,1156,2.2,48.1,0.5
0.5,1135.059739,247.59,-1.95,-80.7,6.43,-7.94,-8.5,1,1038,-0.1,39.0,-1.2
0.5,1135.069739,246.88,-1.85,-80.53,6.32,-7.36,-7.75,1,902,1.3,25.8,0.7
0.5,1135.079739,246.09,-1.68,-80.12,6.16,-6.77,-6.75,1,774,-0.4,54.1,-3.0
0.5,1135.089739,245.48,-1.32,-78.96,5.82,-6.18,-6.25,1,647,4.2,88.6,0.9
0.5,1135.099739,244.69,-1.38,-77.82,5.96,-5.58,-5.5,1,510,2.9,78.6,1.7
0.5,1135.109739,244.42,-1.21,-77.26,5.77,-4.97,-5.0,1,418,-0.5,66.2,-3.2
0.5,1135.119739,243.98,-1.04,-76.88,5.59,-4.36,-4.5,1,1280,3.3,50.5,2.1
0.5,1135.129739,243.63,-1.13,-76.64,5.71,-3.75,-4.25,1,1152,-0.6,40.0,-1.9
0.5,1135.139739,242.93,-0.97,-76.41,5.53,-3.13,-3.75,1,1043,1.2,33.5,0.4
0.5,1135.149739,241.7,-0.88,-75.93,5.46,-2.51,-2.25,1,906,0.8,54.4,-2.8
0.5,1135.159739,240.29,-0.57,-74.52,5.19,-1.88,-0.75,1,770,5.1,120.4,-1.7
0.5,1135.169739,239.41,-0.55,-72.4,5.24,-1.26,0.25,1,651,3.6,146.2,2.9
0.5,1135.179739,239.33,-0.61,-71.04,5.33,-0.63,0.25,1,515,3.5,110.2,-0.1
0.5,1135.189740,239.33,-0.53,-71.23,5.23,0.0,-0.0,1,414,-0.7,17.4,-0.2
0.5,1135.199739,238.97,-0.49,-72.34,5.11,0.63,0.25,1,1275,-3.7,-19.1,-4.4
0.5,1135.209739,238.45,-0.33,-72.41,4.97,1.26,0.75,1,1157,5.2,29.9,0.2
0.5,1135.219739,236.95,-0.42,-71.35,5.14,1.88,2.25,1,1039,-1.1,57.2,1.7
0.5,1135.229739,236.16,-0.29,-69.84,4.99,2.51,3.25,1,902,4.7,123.9,-5.1
0.5,1135.239739,235.81,-0.14,-67.96,4.95,3.13,3.75,1,774,5.5,120.7,6.2
0.5,1135.249739,235.72,-0.41,-67.62,5.22,3.75,3.5,1,647,-2.7,37.5,-0.5
0.5,1135.259739,235.9,-0.27,-68.6,4.96,4.36,3.25,1,511,-1.5,-14.5,-3.1
0.5,1135.269739,235.72,-0.17,-69.23,4.88,4.97,3.75,1,418,1.1,-11.6,-0.4
0.5,1135.279739,234.67,-0.2,-69.03,4.93,5.58,4.75,1,1280,-0.4,17.4,-0.5
0.5,1135.289739,233.88,-0.13,-67.8,4.89,6.18,5.75,1,1153,4.4,94.2,-0.6
0.5,1135.299739,233.7,-0.1,-66.01,4.95,6.77,5.75,1,1034,3.2,101.8,3.0
0.5,1135.309739,233.61,-0.22,-65.7,5.04,7.36,5.75,1,907,-1.3,23.6,0.8
0.5,1135.319739,232.91,-0.09,-66.5,4.85,7.94,6.5,1,770,-1.2,-1.5,-5.5
0.5,1135.329739,231.86,0.11,-66.08,4.67,8.52,7.75,1,651,3.3,66.9,-0.7
0.5,1135.339739,231.33,-0.01,-64.3,4.88,9.08,8.25,1,516,3.3,110.0,4.1
0.5,1135.349739,230.62,-0.09,-63.15,5.0,9.64,8.75,1,414,3.2,71.4,1.0
0.5,1135.359739,229.57,0.05,-63.14,4.82,10.18,9.75,1,1285,-2.4,39.7,-4.6
0.5,1135.369739,228.78,0.22,-62.46,4.63,10.72,10.75,1,1157,5.5,100.0,-2.8
0.5,1135.379739,228.25,0.18,-60.79,4.81,11.24,11.25,1,1039,4.3,106.7,6.3
0.5,1135.389739,227.99,0.05,-60.26,4.92,11.76,11.5,1,903,-2.5,46.5,-3.6
0.5,1135.399739,227.9,0.22,-60.58,4.68,12.26,11.75,1,775,3.5,28.7,-1.4
0.5,1135.409739,227.37,0.19,-60.55,4.77,12.75,12.25,1,647,-1.4,20.5,2.6
0.5,1135.419739,226.58,0.14,-60.22,4.78,13.23,13.0,1,512,1.2,41.3,-3.2
0.5,1135.429739,225.79,0.28,-59.15,4.7,13.69,13.75,1,419,4.6,86.2,1.5
0.5,1135.439740,225.18,0.21,-57.97,4.81,14.14,14.25,1,1281,-1.4,73.0,0.8
0.5,1135.449739,224.82,0.23,-57.47,4.74,14.58,14.75,1,1153,2.7,63.6,-2.7
0.5,1135.459740,224.38,0.33,-57.08,4.7,15.0,15.25,1,1034,1.6,47.9,1.2
0.5,1135.469740,224.12,0.27,-56.83,4.76,15.41,15.5,1,907,1.0,40.8,-0.3
0.5,1135.479740,223.86,0.3,-56.62,4.73,15.8,15.75,1,771,0.9,27.7,-0.0
0.5,1135.489740,223.77,0.31,-56.54,4.73,16.18,15.75,1,652,0.5,21.5,-0.1
0.5,1135.499740,223.24,0.31,-56.42,4.72,16.54,16.25,1,516,0.4,17.8,0.0
0.5,1135.509740,222.45,0.35,-56.05,4.69,16.89,17.25,1,415,1.2,41.3,-2.1
0.5,1135.519739,222.19,0.42,-55.02,4.66,17.21,17.5,1,1285,4.0,79.2,0.4
0.5,1135.529739,222.19,0.35,-54.21,4.78,17.53,17.5,1,1158,-0.5,42.9,3.9
0.5,1135.539740,222.28,0.3,-54.63,4.76,17.82,17.25,1,1039,-1.9,-5.4,-3.7
0.5,1135.549740,222.01,0.43,-55.24,4.61,18.1,17.5,1,903,2.0,-12.4,-0.6
0.5,1135.559740,221.66,0.41,-55.18,4.67,18.36,18.0,1,776,-1.0,13.2,0.2
0.5,1135.569740,221.13,0.39,-54.42,4.7,18.6,18.5,1,648,3.1,49.7,0.9
0.5,1135.579740,220.69,0.39,-53.57,4.73,18.82,18.75,1,512,-0.9,48.9,1.1
0.5,1135.589740,220.61,0.39,-53.19,4.71,19.02,19.0,1,419,1.8,38.7,-1.6
0.5,1135.599740,220.43,0.44,-53.06,4.68,19.21,19.25,1,1281,0.2,23.2,0.9
0.5,1135.609740,220.34,0.41,-53.06,4.71,19.37,19.25,1,1154,1.1,15.7,-0.2
0.5,1135.619740,220.34,0.44,-53.04,4.69,19.52,19.25,1,1035,0.7,9.6,0.4
0.5,1135.629740,220.25,0.43,-53.06,4.7,19.65,19.25,1,907,0.1,3.8,0.3
0.5,1135.639740,219.9,0.43,-53.12,4.7,19.75,19.75,1,771,-0.1,0.5,0.2
0.5,1135.649740,219.38,0.46,-52.87,4.67,19.84,20.25,1,644,1.4,28.3,-1.4
0.5,1135.659740,219.2,0.5,-51.93,4.67,19.91,20.5,1,517,2.3,65.7,0.9
0.5,1135.669740,219.29,0.43,-51.29,4.75,19.96,20.0,1,415,-1.1,27.0,2.8
0.5,1135.679740,220.08,0.39,-51.81,4.74,19.99,19.0,1,1277,-1.5,-13.4,-1.9
0.5,1135.689740,220.96,0.46,-53.0,4.63,20.0,18.5,1,1158,-0.8,-78.7,-0.6
0.5,1135.699740,220.52,0.49,-54.67,4.59,19.99,19.0,1,1040,-2.1,-101.1,-2.3
0.5,1135.709740,220.25,0.5,-54.58,4.58,19.96,19.5,1,903,2.2,31.4,1.8
0.5,1135.719740,220.17,0.4,-52.76,4.75,19.91,19.25,1,776,-0.7,49.1,4.6
0.5,1135.729740,220.43,0.33,-52.62,4.77,19.84,18.75,1,648,-1.9,-4.0,-1.0
0.5,1135.739740,220.25,0.44,-53.41,4.61,19.75,19.25,1,512,-0.8,-25.1,-3.5
0.5,1135.749740,219.81,0.53,-53.5,4.56,19.65,19.75,1,1409,3.9,11.9,-0.0
0.5,1135.759740,219.73,0.45,-52.58,4.72,19.52,19.75,1,1282,-0.3,54.4,5.6
0.5,1135.769740,219.73,0.36,-52.11,4.77,19.37,19.75,1,1154,-0.6,5.2,-2.5
0.5,1135.779740,219.81,0.52,-52.6,4.61,19.21,19.5,1,1035,3.2,-0.0,-0.9
0.5,1135.789740,220.08,0.46,-52.7,4.69,19.02,19.0,1,908,-3.6,-4.6,3.5
0.5,1135.799740,220.69,0.35,-52.94,4.72,18.82,18.25,1,772,-1.5,-19.7,-1.9
0.5,1135.809740,221.13,0.48,-53.73,4.6,18.6,18.25,1,644,1.3,-64.1,-1.1
0.5,1135.819740,220.87,0.48,-54.78,4.61,18.36,18.75,1,517,-1.6,-60.6,0.9
0.5,1135.829739,220.78,0.42,-54.43,4.67,18.1,18.75,1,1405,2.0,31.6,1.7
0.5,1135.839739,220.96,0.39,-53.43,4.75,17.82,17.75,1,1278,-0.9,8.4,3.3
0.5,1135.849739,222.19,0.34,-53.79,4.73,17.53,16.75,1,1159,-2.7,-13.2,-1.8
0.5,1135.859740,223.07,0.38,-55.15,4.63,17.21,16.25,1,1040,-2.4,-113.7,0.4
0.5,1135.869740,222.89,0.37,-57.11,4.63,16.89,16.5,1,903,-1.9,-95.7,-0.7
0.5,1135.879740,222.63,0.4,-56.95,4.62,16.54,17.0,1,776,1.9,-1.8,1.0
0.5,1135.889740,222.71,0.33,-55.59,4.76,16.18,16.75,1,640,0.7,41.6,5.2
0.5,1135.899740,223.24,0.26,-55.24,4.81,15.8,15.5,1,513,-2.2,-7.6,-1.2
0.5,1135.909739,224.38,0.32,-56.16,4.68,15.41,14.5,1,1409,-1.1,-42.8,0.3
0.5,1135.919739,224.82,0.3,-57.8,4.66,15.0,14.5,1,1282,-4.8,-129.0,-1.5
0.5,1135.929739,224.91,0.38,-59.26,4.56,14.58,14.75,1,1155,3.7,-59.8,-2.1
0.5,1135.939740,225.0,0.34,-58.42,4.71,14.14,14.25,1,1035,0.3,14.8,8.4
0.5,1135.949740,225.18,0.14,-57.87,4.85,13.69,14.25,1,908,-4.7,-19.9,-3.1
0.5,1135.959740,225.26,0.31,-58.45,4.61,13.23,13.75,1,772,1.5,-23.3,-0.5
0.5,1135.969740,225.79,0.27,-58.56,4.73,12.75,12.75,1,593,-0.5,-7.3,3.8
0.5,1135.979740,226.41,0.2,-58.94,4.76,12.26,12.25,1,517,-2.8,-54.1,-2.3
0.5,1135.989739,227.2,0.3,-60.07,4.63,11.76,11.75,1,1405,1.5,-66.1,0.4
0.5,1135.999739,228.16,0.22,-60.88,4.74,11.24,11.25,1,1286,-3.1,-68.8,3.2
0.5,1136.009739,228.52,0.09,-61.84,4.8,10.72,10.75,1,1159,-3.4,-93.4,0.6
0.5,1136.019739,228.6,0.12,-62.47,4.75,10.18,10.5,1,1041,-0.4,-38.6,0.6
0.5,1136.029740,228.69,0.15,-62.11,4.75,9.64,10.0,1,904,-0.1,-18.4,0.3
0.5,1136.039740,229.39,0.13,-61.98,4.78,9.08,9.25,1,777,0.1,-7.4,2.1
0.5,1136.049740,230.19,0.06,-62.64,4.81,8.52,8.25,1,641,-4.0,-76.6,-0.0
0.5,1136.059740,230.8,0.08,-64.05,4.74,7.94,7.75,1,513,-0.0,-71.9,-0.5
0.5,1136.069739,231.33,0.06,-64.65,4.78,7.36,7.25,1,1410,-2.3,-64.0,2.8
0.5,1136.079739,231.94,-0.04,-65.11,4.85,6.77,7.0,1,1282,-1.5,-54.7,0.0
0.5,1136.089739,232.38,-0.0,-65.59,4.82,6.18,6.75,1,1155,-0.4,-56.7,1.5
0.5,1136.099740,232.91,-0.06,-66.17,4.87,5.58,6.25,1,1035,-2.1,-55.9,1.2
0.5,1136.109740,233.53,-0.12,-66.64,4.92,4.97,5.0,1,900,-0.6,-48.5,2.2
0.5,1136.119740,234.93,-0.17,-66.98,4.96,4.36,3.5,1,773,-2.7,-41.1,0.9
0.5,1136.129740,235.81,-0.2,-68.47,4.92,3.75,2.75,1,645,-3.7,-156.5,-0.3
0.5,1136.139740,236.43,-0.2,-70.7,4.88,3.13,2.75,1,518,-2.6,-107.0,-0.6
0.5,1136.149739,236.34,-0.2,-70.76,4.89,2.51,2.75,1,1405,0.2,-56.1,1.1
0.5,1136.159739,236.34,-0.32,-70.12,5.09,1.88,2.5,1,1278,3.0,13.5,5.5
0.5,1136.169739,236.6,-0.39,-69.46,5.14,1.26,2.0,1,1159,-5.0,-3.4,-2.0
0.5,1136.179739,237.48,-0.29,-69.91,4.97,0.63,0.75,1,1041,1.9,-28.6,1.5
0.5,1136.189740,238.8,-0.38,-70.94,5.1,-0.0,-0.75,1,906,-3.5,-77.0,0.7
0.5,1136.199740,239.85,-0.51,-72.85,5.12,-0.63,-1.5,1,777,-5.8,-142.5,0.2
0.5,1136.209740,240.38,-0.58,-74.58,5.15,-1.26,-1.5,1,641,-1.9,-108.4,-0.1
0.5,1136.219740,240.12,-0.55,-74.86,5.14,-1.88,-1.0,1,513,-1.1,-61.9,0.2
0.5,1136.229739,240.03,-0.63,-74.04,5.27,-2.51,-0.75,1,1410,3.4,35.5,4.5
0.5,1136.239739,240.03,-0.72,-72.88,5.43,-3.13,-1.5,1,1283,2.5,18.9,2.0
0.5,1136.249739,241.08,-0.64,-73.13,5.33,-3.75,-2.75,1,1155,-1.9,-8.8,-0.6
0.5,1136.259740,242.23,-0.64,-74.39,5.24,-4.36,-4.25,1,1035,-3.9,-97.8,-1.1
0.5,1136.269740,242.84,-0.77,-76.6,5.28,-4.97,-4.75,1,909,-7.0,-131.9,-0.8
0.5,1136.279740,243.02,-0.94,-77.71,5.44,-5.58,-5.0,1,773,1.4,-76.8,1.7
0.5,1136.289740,243.63,-0.98,-77.29,5.55,-6.18,-5.75,1,646,-1.0,-13.7,1.2
0.5,1136.299740,244.6,-1.01,-77.22,5.56,-6.77,-6.75,1,518,0.4,-55.3,1.3
0.5,1136.309739,245.48,-1.19,-78.62,5.71,-7.36,-7.5,1,1406,-4.6,-99.1,0.7
0.5,1136.319739,246.01,-1.44,-79.9,5.91,-7.94,-8.25,1,1278,-1.2,-83.7,1.5
0.5,1136.329739,246.18,-1.5,-80.41,5.99,-8.52,-8.25,1,1160,-1.8,-67.0,-0.4
0.5,1136.339739,246.36,-1.45,-80.58,5.9,-9.08,-8.25,1,1042,-2.2,-32.8,0.3
0.5,1136.349740,246.27,-1.5,-80.25,5.98,-9.64,-8.25,1,905,2.8,-1.3,1.8
0.5,1136.359740,246.88,-1.52,-79.86,6.06,-10.18,-9.25,1,777,1.2,6.9,1.3
0.5,1136.369740,247.68,-1.64,-80.41,6.14,-10.72,-9.75,1,642,-2.3,-62.5,0.7
0.5,1136.379740,248.2,-1.9,-81.96,6.31,-11.24,-10.25,1,514,-5.9,-86.3,-1.3
0.5,1136.389739,249.26,-2.14,-82.67,6.56,-11.76,-11.5,1,1411,4.1,-46.7,3.0
0.5,1136.399739,250.49,-2.72,-83.35,7.21,-12.26,-12.75,1,1283,-3.3,-107.6,1.3
0.5,1136.409739,251.28,-3.79,-85.27,8.16,-12.75,-13.75,1,1155,-5.8,-131.8,0.2
0.5,1136.419739,251.37,-4.94,-86.47,9.26,-13.23,-13.75,1,1038,-2.6,-95.8,0.1
0.5,1136.429740,251.46,-4.51,-86.19,8.85,-13.69,-13.25,1,910,-0.2,-8.1,0.2
0.5,1136.439740,251.54,-3.97,-85.3,8.38,-14.14,-13.75,1,773,4.6,1.3,3.4
0.5,1136.449740,252.33,-4.41,-85.25,8.86,-14.58,-14.75,1,646,-1.5,-4.8,1.3
0.5,1136.459740,253.12,-4.92,-86.19,9.26,-15.0,-15.5,1,519,-4.4,-88.0,-2.3
0.5,1136.469740,253.48,-8.14,-87.82,12.45,-15.41,-15.75,1,1407,-0.4,-80.4,2.0
0.5,1136.479740,253.39,-10.79,-88.11,15.13,-15.8,-15.75,1,1279,-2.1,-37.9,0.6
0.5,1136.489740,253.39,-8.79,-87.71,13.13,-16.18,-15.5,1,1160,2.5,-1.1,1.4
0.5,1136.499740,253.48,-7.58,-87.23,11.97,-16.54,-15.75,1,1042,0.1,11.0,1.2
0.5,1136.509740,254.0,-7.33,-87.09,11.71,-16.89,-16.5,1,906,1.5,1.9,1.1
0.5,1136.519740,254.79,-9.44,-87.8,13.8,-17.21,-17.5,1,778,-2.6,-62.5,-0.7
0.5,1136.529740,255.15,-28.93,-89.32,33.21,-17.53,-17.75,1,642,-4.8,-92.4,-1.2
0.5,1136.539740,255.23,-93.5,-89.66,97.79,-17.82,-17.75,1,514,2.4,-31.8,1.9
0.5,1136.549740,255.41,-44.15,-89.44,48.5,-18.1,-18.0,1,1402,-0.5,-18.5,2.2
0.5,1136.559740,255.41,-41.41,-89.41,45.72,-18.36,-18.0,1,1284,-0.9,-9.0,0.1
0.5,1136.569740,255.67,-36.51,-89.38,40.82,-18.6,-18.25,1,1156,0.5,-3.8,0.3
0.5,1136.579740,256.29,-50.65,-89.5,54.99,-18.82,-19.0,1,1038,0.9,-23.8,1.4
0.5,1136.589740,256.82,-139.21,-89.4,143.52,-19.02,-19.5,1,901,-3.2,-56.7,-0.0
0.5,1136.599740,256.9,-164.35,-88.59,168.62,-19.21,-19.5,1,774,-0.1,-57.7,0.7
0.5,1136.609740,256.82,-165.76,-88.4,170.05,-19.37,-19.25,1,646,-1.4,-17.8,0.8
0.5,1136.619740,256.73,-157.62,-88.92,161.92,-19.52,-18.75,1,519,2.6,14.7,2.3
0.5,1136.629740,256.82,-138.25,-89.34,142.59,-19.65,-19.0,1,1407,0.6,18.3,1.6
0.5,1136.639740,256.9,-136.29,-89.37,140.63,-19.75,-19.25,1,1279,1.1,0.2,0.5
0.5,1136.649740,257.17,-150.4,-89.16,154.71,-19.84,-19.75,1,1161,-2.8,-9.5,-0.6
0.5,1136.659740,257.43,-161.85,-88.75,166.12,-19.91,-20.0,1,1043,-0.4,-35.4,-1.3
0.5,1136.669740,257.52,-167.16,-88.24,171.46,-19.96,-20.25,1,906,-0.1,-26.8,1.2
0.5,1136.679740,257.61,-167.14,-88.13,171.43,-19.99,-20.0,1,778,-0.6,-19.6,0.5
0.5,1136.689740,257.52,-166.39,-88.26,170.67,-20.0,-19.5,1,643,-0.9,5.6,0.5
0.5,1136.699740,257.43,-161.55,-88.65,165.85,-19.99,-19.25,1,515,3.2,16.5,1.8
0.5,1136.709740,257.43,-157.27,-88.84,161.62,-19.96,-19.75,1,1403,1.0,9.7,1.2
0.5,1136.719740,258.05,-158.63,-88.78,162.95,-19.91,-20.75,1,1284,-0.5,0.6,0.5
0.5,1136.729740,258.49,-168.45,-87.96,172.73,-19.84,-21.25,1,1156,-3.7,-77.1,-2.5
0.5,1136.739740,258.31,-173.58,-86.71,177.82,-19.75,-20.75,1,1039,-2.0,-49.2,-0.6
0.5,1136.749740,258.05,-171.61,-87.2,175.87,-19.65,-20.25,1,902,1.9,22.2,2.3
0.5,1136.759740,258.22,-164.1,-88.27,168.45,-19.52,-20.75,1,774,4.9,38.5,3.8
0.5,1136.769740,258.4,-163.16,-88.33,167.51,-19.37,-21.0,1,647,-2.9,-9.3,-0.3
0.5,1136.779740,258.31,-170.41,-87.57,174.65,-19.21,-20.5,1,519,-3.8,-32.3,-3.1
0.5,1136.789740,258.13,-170.81,-87.54,175.07,-19.02,-19.75,1,1407,2.8,19.9,1.8
0.5,1136.799740,257.96,-164.5,-88.26,168.84,-18.82,-19.25,1,1280,2.2,23.6,2.2
0.5,1136.809740,257.87,-159.33,-88.63,163.68,-18.6,-19.75,1,1161,2.3,35.7,1.8
0.5,1136.819740,257.96,-157.74,-88.75,162.09,-18.36,-20.25,1,1043,-0.6,0.5,-0.4
0.5,1136.829740,257.96,-166.53,-88.19,170.81,-18.1,-20.0,1,906,-5.2,-25.4,-2.3
0.5,1136.839740,257.34,-168.9,-87.97,173.13,-17.82,-18.75,1,779,1.0,3.2,-0.8
0.5,1136.849740,256.73,-162.19,-88.67,166.51,-17.53,-17.75,1,642,2.1,43.6,0.2
0.5,1136.859740,256.11,-66.9,-89.5,71.29,-17.21,-17.5,1,515,7.0,105.7,4.5
0.5,1136.869740,255.76,-20.07,-88.58,24.49,-16.89,-17.25,1,1403,-2.1,51.3,-1.4
0.5,1136.879740,255.67,-19.65,-88.83,23.97,-16.54,-17.0,1,1284,-0.4,31.6,-3.1
0.5,1136.889740,255.5,-20.04,-88.86,24.39,-16.18,-16.75,1,1157,1.7,16.9,1.9
0.5,1136.899740,255.15,-23.23,-88.89,27.61,-15.8,-16.5,1,1039,-0.2,9.4,-0.1
0.5,1136.909740,254.18,-17.63,-88.66,21.98,-15.41,-15.25,1,902,-0.2,32.9,-1.1
0.5,1136.919740,253.04,-8.68,-87.52,13.05,-15.0,-14.0,1,775,2.1,94.7,-1.6
0.5,1136.929740,252.42,-4.84,-85.62,9.28,-14.58,-13.25,1,647,5.4,129.0,0.7
0.5,1136.939739,252.33,-4.21,-84.39,8.73,-14.14,-13.25,1,520,5.5,89.4,3.0
0.5,1136.949739,252.33,-4.61,-84.74,9.12,-13.69,-13.5,1,1407,-1.8,4.2,-1.1
0.5,1136.959739,252.16,-4.8,-85.87,9.17,-13.23,-13.25,1,1280,-6.3,-27.3,-4.3
0.5,1136.969739,252.16,-4.52,-86.0,8.88,-12.75,-13.25,1,1162,4.1,18.4,0.3
0.5,1136.979739,251.54,-4.6,-85.36,9.08,-12.26,-12.75,1,1043,0.5,18.2,2.3
0.5,1136.989739,250.93,-4.15,-84.96,8.57,-11.76,-11.75,1,906,-1.8,40.3,-2.8
0.5,1136.999739,250.31,-3.1,-84.04,7.54,-11.24,-11.25,1,779,4.7,70.2,1.3
0.5,1137.009739,249.87,-3.04,-83.08,7.56,-10.72,-10.75,1,643,1.8,66.3,1.4
0.5,1137.019739,249.52,-2.73,-82.61,7.23,-10.18,-10.25,1,516,0.3,50.8,-1.5
0.5,1137.029739,249.17,-2.47,-82.36,6.97,-9.64,-10.25,1,1403,2.8,40.9,1.1
0.5,1137.039739,248.55,-2.47,-82.1,6.99,-9.08,-9.5,1,1285,-0.4,35.7,-1.0
0.5,1137.049739,247.68,-2.07,-81.64,6.56,-8.52,-8.5,1,1166,-0.2,51.3,-1.8
0.5,1137.059739,246.88,-1.7,-80.57,6.22,-7.94,-7.75,1,1039,3.6,91.5,-0.7
0.5,1137.069739,246.27,-1.58,-79.37,6.17,-7.36,-7.0,1,902,3.0,80.4,1.7
0.5,1137.079739,246.09,-1.51,-78.81,6.09,-6.77,-6.75,1,783,0.2,66.3,-2.0
0.5,1137.089739,246.18,-1.37,-78.65,5.96,-6.18,-7.0,1,648,4.0,30.3,1.8
0.5,1137.099739,246.09,-1.51,-79.18,6.09,-5.58,-7.0,1,520,-4.9,-16.2,-2.4
0.5,1137.109739,245.13,-1.35,-79.62,5.84,-4.97,-6.25,1,1408,-0.3,2.5,-1.3
0.5,1137.119739,244.25,-1.2,-78.67,5.76,-4.36,-4.75,1,1281,3.0,75.7,-0.2
0.5,1137.129739,243.72,-1.04,-76.79,5.67,-3.75,-4.25,1,1170,4.0,114.9,1.0
0.5,1137.139739,242.93,-1.06,-75.66,5.75,-3.13,-3.75,1,1043,5.5,74.3,3.2
0.5,1137.149739,241.79,-0.92,-75.58,5.59,-2.51,-2.75,1,907,-3.2,47.9,-5.9
0.5,1137.159739,240.73,-0.42,-74.78,5.06,-1.88,-1.25,1,779,6.1,107.0,-3.1
0.5,1137.169739,239.77,-0.53,-72.82,5.29,-1.26,-0.25,1,643,3.1,136.9,5.4
0.5,1137.179739,239.59,-0.71,-71.5,5.47,-0.63,-0.25,1,525,1.7,102.4,-1.2
0.5,1137.189740,239.59,-0.51,-71.71,5.24,-0.0,-0.25,1,1404,-0.3,12.9,-0.4
0.5,1137.199739,239.41,-0.5,-72.76,5.17,0.63,-0.25,1,1285,-3.9,-15.3,-3.7
0.5,1137.209739,238.71,-0.36,-72.76,5.04,1.26,0.5,1,1166,5.3,28.1,-0.0
0.5,1137.219739,237.74,-0.41,-71.76,5.18,1.88,1.5,1,1039,-1.1,56.7,1.3
0.5,1137.229739,237.39,-0.34,-70.48,5.09,2.51,2.25,1,903,5.3,99.8,-2.8
0.5,1137.239739,237.13,-0.27,-69.43,5.11,3.13,2.25,1,784,2.2,61.4,5.2
0.5,1137.249739,236.78,-0.46,-69.74,5.22,3.75,2.25,1,648,-4.5,7.5,-3.7
0.5,1137.259739,235.9,-0.18,-70.04,4.89,4.36,3.5,1,520,2.3,23.7,-2.3
0.5,1137.269739,235.02,-0.13,-68.9,4.94,4.97,4.5,1,1408,3.5,98.8,1.0
0.5,1137.279739,234.84,-0.21,-67.08,5.08,5.58,4.5,1,1281,4.4,106.3,2.9
0.5,1137.289739,234.76,-0.25,-66.8,5.13,6.18,4.5,1,1171,-1.4,20.4,0.3
0.5,1137.299739,234.14,-0.15,-67.75,4.92,6.77,5.25,1,1043,-3.4,-8.6,-5.5
0.5,1137.309739,233.09,0.04,-67.39,4.75,7.36,6.25,1,907,5.2,64.8,-0.3
0.5,1137.319739,232.12,-0.04,-65.62,4.94,7.94,7.25,1,780,1.6,103.6,2.7
0.5,1137.329739,231.77,-0.09,-64.31,4.99,8.52,7.75,1,644,2.1,92.1,-0.6
0.5,1137.339739,231.24,-0.01,-63.88,4.92,9.08,8.0,1,525,2.7,54.9,0.9
0.5,1137.349739,230.36,0.01,-63.98,4.88,9.64,9.0,1,1404,-2.7,26.8,-3.0
0.5,1137.359739,229.66,0.17,-63.38,4.72,10.18,10.0,1,1277,6.3,88.3,-3.1
0.5,1137.369739,229.13,0.19,-61.78,4.84,10.72,10.25,1,1167,4.2,98.5,5.5
0.5,1137.379739,228.52,0.03,-61.19,4.97,11.24,11.0,1,1040,-2.6,49.6,-2.5
0.5,1137.389739,227.55,0.22,-61.12,4.71,11.76,11.75,1,903,3.6,55.7,-3.9
0.5,1137.399739,226.85,0.27,-60.13,4.75,12.26,12.75,1,784,2.0,93.0,3.2
0.5,1137.409739,226.58,0.13,-58.93,4.9,12.75,13.0,1,640,0.9,82.5,0.4
0.5,1137.419739,226.49,0.2,-58.62,4.84,13.23,13.0,1,530,2.7,41.8,-0.2
0.5,1137.429739,226.58,0.22,-59.08,4.8,13.69,12.75,1,1409,-2.9,-5.3,-0.8
0.5,1137.439740,226.23,0.22,-59.64,4.75,14.14,13.25,1,1281,0.8,-9.2,-1.5
0.5,1137.449739,225.7,0.27,-59.47,4.73,14.58,13.75,1,1171,-0.1,20.7,0.1
0.5,1137.459739,225.09,0.26,-58.52,4.78,15.0,14.25,1,1044,3.5,65.8,0.4
0.5,1137.469740,224.65,0.27,-57.49,4.8,15.41,14.75,1,908,-0.2,57.6,0.6
0.5,1137.479740,224.3,0.27,-57.09,4.78,15.8,15.25,1,780,2.1,48.6,-1.0
0.5,1137.489740,224.03,0.31,-56.8,4.77,16.18,15.5,1,644,0.5,37.4,1.1
0.5,1137.499740,223.51,0.29,-56.66,4.79,16.54,16.0,1,543,1.4,25.7,-0.8
0.5,1137.509739,222.71,0.37,-56.3,4.72,16.89,16.75,1,1405,2.1,47.6,-1.5
0.5,1137.519739,222.01,0.42,-55.24,4.72,17.21,17.75,1,1277,3.8,84.3,0.3
0.5,1137.529739,221.66,0.38,-54.08,4.79,17.53,18.0,1,1167,-0.6,79.2,1.5
0.5,1137.539740,221.66,0.34,-53.78,4.8,17.82,17.75,1,1031,1.7,34.6,-0.2
0.5,1137.549740,221.92,0.38,-54.25,4.75,18.1,17.75,1,904,-2.6,-2.3,-0.6
0.5,1137.559740,221.84,0.39,-54.82,4.7,18.36,17.75,1,785,1.7,-19.1,-2.0
0.5,1137.569740,220.78,0.45,-54.91,4.68,18.6,18.75,1,640,-0.6,7.2,0.6
0.5,1137.579740,219.46,0.44,-53.79,4.71,18.82,20.0,1,547,4.2,85.9,-1.3
0.5,1137.589739,218.94,0.5,-51.74,4.72,19.02,20.75,1,1409,2.0,126.6,1.4
0.5,1137.599740,218.85,0.43,-50.52,4.81,19.21,20.5,1,1282,1.8,80.7,1.9
0.5,1137.609740,219.2,0.43,-50.91,4.79,19.37,19.75,1,1172,-1.1,7.4,-1.1
0.5,1137.619740,219.73,0.47,-51.86,4.7,19.52,19.75,1,1035,-0.0,-21.7,-1.1
0.5,1137.629740,219.55,0.54,-52.85,4.64,19.65,20.0,1,908,1.1,-70.5,-2.7
0.5,1137.639740,219.55,0.55,-53.18,4.66,19.75,20.0,1,781,1.6,15.9,3.2
0.5,1137.649740,219.9,0.4,-52.29,4.81,19.84,19.5,1,645,-3.2,3.0,3.1
0.5,1137.659740,220.17,0.39,-52.73,4.75,19.91,19.25,1,543,-1.8,-31.5,-3.0
0.5,1137.669740,219.46,0.53,-53.43,4.6,19.96,20.0,1,1405,0.9,-34.7,-1.9
0.5,1137.679740,218.5,0.52,-52.86,4.66,19.99,21.25,1,1286,1.5,59.7,2.3
0.5,1137.689740,217.97,0.47,-50.91,4.77,20.0,21.75,1,1168,2.4,101.1,0.8
0.5,1137.699740,218.14,0.47,-49.88,4.77,19.99,21.25,1,1032,0.3,61.2,1.4
0.5,1137.709740,218.23,0.45,-50.34,4.76,19.96,21.0,1,904,-1.4,-6.2,-0.6
0.5,1137.719740,218.5,0.49,-51.19,4.66,19.91,21.0,1,785,-2.3,-16.8,-3.2
0.5,1137.729740,218.5,0.54,-51.58,4.62,19.84,20.75,1,641,3.2,-29.0,0.7
0.5,1137.739740,218.94,0.49,-51.75,4.74,19.75,20.25,1,539,-1.2,-4.9,4.0
0.5,1137.749740,219.29,0.43,-51.89,4.75,19.65,20.25,1,1410,-0.7,-37.4,-2.3
0.5,1137.759740,219.38,0.57,-52.72,4.6,19.52,20.25,1,1282,1.1,-51.0,-1.9
0.5,1137.769740,219.46,0.49,-52.78,4.7,19.37,19.5,1,1172,-1.6,8.1,5.8
0.5,1137.779740,220.69,0.34,-52.23,4.83,19.21,18.5,1,1035,-1.9,-4.3,0.1
0.5,1137.789740,221.57,0.43,-53.61,4.69,19.02,17.75,1,909,-1.9,-125.7,-1.4
0.5,1137.799740,221.22,0.49,-55.79,4.62,18.82,18.25,1,781,-0.1,-96.5,-0.2
0.5,1137.809740,220.87,0.48,-55.25,4.66,18.6,18.75,1,645,1.1,24.9,1.1
0.5,1137.819740,220.78,0.39,-53.53,4.79,18.36,18.75,1,544,-0.1,50.2,4.8
0.5,1137.829739,220.78,0.34,-53.24,4.81,18.1,18.25,1,1406,-2.4,4.0,-2.1
0.5,1137.839739,221.22,0.45,-53.79,4.68,17.82,17.75,1,1287,2.9,-8.4,-0.3
0.5,1137.849739,221.84,0.42,-54.21,4.73,17.53,17.0,1,1168,-4.2,-29.8,2.1
0.5,1137.859740,222.36,0.39,-55.05,4.7,17.21,16.75,1,1032,2.5,-62.2,-3.3
0.5,1137.869740,222.45,0.48,-55.96,4.64,16.89,17.0,1,905,-3.4,-59.3,2.9
0.5,1137.879740,222.36,0.33,-56.03,4.76,16.54,17.25,1,777,1.0,-9.3,0.9
0.5,1137.889740,222.28,0.35,-55.32,4.78,16.18,17.25,1,641,-0.7,21.4,2.8
0.5,1137.899740,222.54,0.32,-55.05,4.8,15.8,16.25,1,548,0.5,-3.7,-0.4
0.5,1137.909739,223.59,0.36,-55.51,4.75,15.41,15.5,1,1410,-2.1,-21.5,0.8
0.5,1137.919739,224.12,0.33,-56.71,4.7,15.0,15.25,1,1283,-3.2,-101.6,-2.7
0.5,1137.929739,224.3,0.43,-58.16,4.62,14.58,15.0,1,1164,3.3,-65.0,0.4
0.5,1137.939740,224.56,0.31,-58.01,4.77,14.14,14.75,1,1035,-4.9,-21.9,5.4
0.5,1137.949740,225.09,0.17,-57.85,4.85,13.69,13.5,1,909,-0.1,-26.5,-1.1
0.5,1137.959740,226.41,0.27,-58.34,4.76,13.23,12.25,1,782,-2.1,-45.0,2.3
0.5,1137.969740,227.46,0.21,-59.89,4.78,12.75,11.25,1,645,-3.0,-136.3,-1.5
0.5,1137.979740,227.9,0.26,-61.96,4.68,12.26,11.25,1,544,-2.1,-115.6,0.5
0.5,1137.989739,227.81,0.21,-62.23,4.75,11.76,11.5,1,1406,0.3,-47.2,1.7
0.5,1137.999739,227.9,0.13,-61.35,4.87,11.24,11.25,1,1287,0.5,19.6,4.6
0.5,1138.009739,228.08,0.08,-60.82,4.89,10.72,11.25,1,1168,-3.6,-13.7,-2.0
0.5,1138.019740,228.16,0.19,-61.32,4.73,10.18,10.75,1,1032,0.9,-16.8,-0.6
0.5,1138.029740,228.6,0.16,-61.4,4.82,9.64,10.0,1,905,0.6,-5.3,3.2
0.5,1138.039740,229.04,0.1,-61.7,4.86,9.08,9.5,1,778,-2.4,-41.4,-1.5
0.5,1138.049740,229.75,0.19,-62.68,4.74,8.52,8.75,1,641,1.5,-62.0,-0.5
0.5,1138.059740,230.27,0.12,-63.5,4.82,7.94,8.5,1,549,-3.8,-60.7,3.2
0.5,1138.069739,230.8,-0.0,-64.07,4.88,7.36,7.75,1,1410,-1.6,-59.0,-0.7
0.5,1138.079739,231.59,0.04,-64.54,4.85,6.77,6.75,1,1283,-0.6,-48.2,3.1
0.5,1138.089739,232.38,-0.04,-65.25,4.92,6.18,6.0,1,1173,-3.1,-82.2,-0.5
0.5,1138.099740,233.44,-0.0,-66.45,4.84,5.58,5.5,1,1038,-0.9,-85.5,0.4
0.5,1138.109740,234.14,-0.11,-67.35,4.94,4.97,4.75,1,909,-3.5,-86.8,3.5
0.5,1138.119740,234.58,-0.21,-68.18,5.0,4.36,4.25,1,782,-1.9,-81.4,-0.7
0.5,1138.129740,235.02,-0.14,-68.64,4.94,3.75,4.0,1,646,-1.0,-51.6,1.9
0.5,1138.139740,235.28,-0.23,-68.75,5.02,3.13,3.75,1,544,-1.5,-40.5,0.8
0.5,1138.149739,235.2,-0.21,-68.92,4.99,2.51,3.25,1,1406,-0.9,-28.3,0.1
0.5,1138.159739,236.25,-0.21,-68.85,5.0,1.88,2.25,1,1279,1.7,-5.0,1.6
0.5,1138.169739,237.3,-0.27,-69.42,5.07,1.26,1.0,1,1169,-3.1,-80.2,0.9
0.5,1138.179740,237.92,-0.35,-71.37,5.05,0.63,0.5,1,1033,-5.3,-120.4,-0.7
0.5,1138.189740,238.27,-0.36,-72.44,5.05,0.0,0.25,1,905,1.3,-66.8,1.1
0.5,1138.199740,238.45,-0.44,-72.29,5.18,-0.63,-0.25,1,778,-1.8,-37.9,3.0
0.5,1138.209740,238.89,-0.52,-72.26,5.21,-1.26,-0.75,1,641,-2.0,-26.2,-0.8
0.5,1138.219740,240.03,-0.44,-72.49,5.14,-1.88,-1.75,1,549,1.7,-34.5,1.6
0.5,1138.229739,241.35,-0.58,-73.65,5.28,-2.51,-3.25,1,1411,-3.5,-107.6,1.2
0.5,1138.239739,242.49,-0.77,-75.78,5.38,-3.13,-4.25,1,1283,-5.2,-140.1,0.6
0.5,1138.249739,242.93,-0.89,-77.29,5.44,-3.75,-4.0,1,1173,-4.2,-118.0,0.1
0.5,1138.259740,242.4,-0.89,-77.64,5.45,-4.36,-3.5,1,1038,0.1,-57.7,0.6
0.5,1138.269740,242.49,-0.94,-76.51,5.6,-4.97,-3.25,1,910,4.8,52.7,4.9
0.5,1138.279740,242.49,-1.02,-75.17,5.75,-5.58,-4.0,1,782,2.7,23.5,2.1
0.5,1138.289740,243.02,-0.93,-75.56,5.62,-6.18,-5.0,1,646,-1.9,-9.6,-0.9
0.5,1138.299740,243.98,-0.85,-76.55,5.44,-6.77,-5.75,1,545,-5.2,-66.1,-2.5
0.5,1138.309739,244.6,-0.93,-77.99,5.46,-7.36,-6.5,1,1406,-1.9,-86.7,0.2
0.5,1138.319739,245.13,-1.2,-78.97,5.77,-7.94,-7.25,1,1288,-0.6,-77.8,1.9
0.5,1138.329739,245.74,-1.38,-79.46,5.95,-8.52,-7.75,1,1169,-2.0,-58.1,0.9
0.5,1138.339740,246.27,-1.38,-79.76,5.91,-9.08,-8.5,1,1033,-1.5,-49.8,-0.0
0.5,1138.349740,247.32,-1.46,-80.31,6.0,-9.64,-9.5,1,905,0.3,-63.4,1.3
0.5,1138.359740,248.12,-1.83,-81.42,6.35,-10.18,-10.25,1,778,-4.3,-97.1,1.4
0.5,1138.369740,248.82,-2.25,-82.69,6.71,-10.72,-11.0,1,642,-1.6,-92.9,0.7
0.5,1138.379740,249.35,-2.43,-83.42,6.91,-11.24,-11.75,1,549,-1.5,-77.2,0.5
0.5,1138.389739,249.52,-2.66,-83.83,7.12,-11.76,-11.75,1,1411,-1.9,-56.9,1.1
0.5,1138.399739,249.52,-2.76,-83.86,7.21,-12.26,-11.25,1,1284,-1.4,-23.7,0.4
0.5,1138.409739,249.52,-2.61,-83.55,7.09,-12.75,-11.5,1,1174,2.6,-1.5,1.2
0.5,1138.419739,249.87,-2.62,-83.24,7.15,-13.23,-12.25,1,1038,1.1,7.9,1.6
0.5,1138.429740,251.02,-2.86,-83.55,7.35,-13.69,-13.25,1,910,-1.7,-40.2,0.8
0.5,1138.439740,251.54,-3.71,-85.13,8.14,-14.14,-14.0,1,782,-4.2,-110.2,-0.3
0.5,1138.449740,251.72,-4.87,-86.51,9.24,-14.58,-14.0,1,647,-3.2,-67.4,-0.8
0.5,1138.459740,251.89,-4.53,-86.15,8.95,-15.0,-14.25,1,545,2.9,-6.7,1.9
0.5,1138.469740,252.77,-4.64,-85.76,9.12,-15.41,-15.25,1,1407,0.7,-22.4,1.9
0.5,1138.479740,253.74,-6.04,-86.74,10.47,-15.8,-16.5,1,1288,-3.2,-82.1,0.0
0.5,1138.489740,254.53,-13.14,-88.5,17.5,-16.18,-17.25,1,1169,-3.2,-119.1,1.5
0.5,1138.499740,254.44,-46.34,-89.53,50.68,-16.54,-17.0,1,1034,-2.7,-76.0,-1.1
0.5,1138.509740,254.44,-24.14,-89.2,28.49,-16.89,-16.75,1,906,0.9,-2.4,1.6
0.5,1138.519740,254.44,-13.2,-88.33,17.63,-17.21,-16.75,1,778,4.1,16.3,3.3
0.5,1138.529740,254.62,-11.86,-88.01,16.3,-17.53,-17.25,1,642,-2.2,13.3,1.3
0.5,1138.539740,255.23,-13.3,-88.36,17.68,-17.82,-18.0,1,550,0.9,-32.5,-1.1
0.5,1138.549740,255.94,-38.42,-89.45,42.8,-18.1,-18.5,1,1412,-3.9,-70.2,-0.3
0.5,1138.559740,256.2,-148.43,-89.29,152.76,-18.36,-18.75,1,1284,-0.3,-66.7,2.3
0.5,1138.569740,256.2,-155.27,-89.06,159.62,-18.6,-18.75,1,1165,-1.2,-28.2,-0.2
0.5,1138.579740,256.2,-141.87,-89.38,146.23,-18.82,-18.5,1,1038,1.5,-1.7,1.6
0.5,1138.589740,256.29,-107.17,-89.57,111.55,-19.02,-18.75,1,911,-0.0,9.7,1.1
0.5,1138.599740,256.73,-92.4,-89.59,96.78,-19.21,-19.25,1,783,1.2,-0.5,0.9
0.5,1138.609740,257.17,-150.53,-89.21,154.89,-19.37,-19.75,1,647,-3.5,-56.6,-1.8
0.5,1138.619740,257.26,-167.61,-88.25,171.93,-19.52,-19.75,1,1535,0.3,-46.4,1.9
0.5,1138.629740,257.26,-166.57,-88.22,170.91,-19.65,-19.5,1,1407,-1.3,-12.4,0.4
0.5,1138.639740,257.08,-161.09,-88.71,165.45,-19.75,-19.25,1,1280,2.7,17.1,2.2
0.5,1138.649740,257.17,-149.31,-89.12,153.71,-19.84,-19.25,1,1170,0.2,17.2,1.4
0.5,1138.659740,257.34,-149.6,-89.13,153.98,-19.91,-19.75,1,1034,1.3,0.1,0.5
0.5,1138.669740,258.13,-157.93,-88.86,162.31,-19.96,-20.75,1,906,-1.6,-13.4,0.0
0.5,1138.679740,258.75,-169.89,-87.74,174.2,-19.99,-21.5,1,779,-4.3,-103.5,-2.2
0.5,1138.689740,258.57,-174.23,-86.25,178.51,-20.0,-21.25,1,644,-0.9,-60.3,0.7
0.5,1138.699740,258.22,-172.21,-86.87,176.53,-19.99,-20.25,1,1539,1.3,20.4,1.8
0.5,1138.709740,258.13,-165.14,-88.15,169.52,-19.96,-19.75,1,1412,4.2,49.9,4.2
0.5,1138.719740,257.78,-160.58,-88.51,164.98,-19.91,-19.25,1,1284,-0.8,9.0,-0.1
0.5,1138.729740,257.61,-161.5,-88.6,165.86,-19.84,-19.0,1,1166,0.5,48.7,-0.4
0.5,1138.739740,257.61,-148.27,-89.15,152.66,-19.75,-19.75,1,1039,2.4,21.3,0.5
0.5,1138.749740,258.05,-155.37,-88.91,159.77,-19.65,-20.75,1,911,-1.0,0.7,0.2
0.5,1138.759740,258.4,-167.37,-88.12,171.7,-19.52,-21.25,1,775,-4.4,-64.4,-3.3
0.5,1138.769740,258.22,-173.35,-86.98,177.62,-19.37,-20.75,1,648,-2.6,-51.2,-2.1
0.5,1138.779740,258.13,-171.87,-87.26,176.18,-19.21,-20.0,1,1535,2.0,15.8,2.7
0.5,1138.789740,258.05,-164.5,-88.25,168.88,-19.02,-19.75,1,1408,3.2,35.7,3.2
0.5,1138.799740,258.05,-161.31,-88.5,165.71,-18.82,-19.75,1,1289,1.4,7.0,0.9
0.5,1138.809740,257.96,-164.76,-88.28,169.12,-18.6,-19.75,1,1170,-2.4,4.2,0.2
0.5,1138.819740,257.34,-165.45,-88.28,169.76,-18.36,-18.75,1,1034,-0.8,2.2,-0.8
0.5,1138.829740,256.73,-160.19,-88.8,164.54,-18.1,-17.75,1,907,1.6,55.9,-1.4
0.5,1138.839740,256.73,-56.28,-89.47,60.72,-17.82,-17.75,1,779,7.2,88.8,4.4
0.5,1138.849740,256.73,-32.75,-89.07,37.24,-17.53,-18.5,1,643,-0.9,15.6,0.4
0.5,1138.859740,256.82,-107.63,-89.55,112.0,-17.21,-18.5,1,1540,-3.9,-18.5,-2.6
0.5,1138.869740,256.55,-149.53,-89.25,153.85,-16.89,-18.0,1,1413,-1.8,-16.9,-1.7
0.5,1138.879740,255.85,-142.05,-89.37,146.4,-16.54,-17.0,1,1285,1.2,13.8,-0.1
0.5,1138.889740,255.5,-30.59,-89.16,35.02,-16.18,-16.5,1,1166,5.0,91.3,2.9
0.5,1138.899740,255.41,-12.97,-87.92,17.46,-15.8,-16.5,1,1039,3.1,52.6,1.3
0.5,1138.909740,254.97,-14.3,-88.25,18.74,-15.41,-16.25,1,911,-3.9,5.9,-1.7
0.5,1138.919740,254.09,-14.53,-88.48,18.9,-15.0,-15.25,1,775,0.3,24.2,-1.9
0.5,1138.929740,252.86,-8.14,-87.44,12.57,-14.58,-13.75,1,648,1.9,87.9,-1.2
0.5,1138.939739,252.33,-4.73,-85.53,9.21,-14.14,-13.25,1,1536,5.2,128.3,0.6
0.5,1138.949739,252.16,-4.1,-84.28,8.68,-13.69,-13.25,1,1408,5.9,85.0,3.4
0.5,1138.959739,252.33,-4.52,-84.63,9.08,-13.23,-13.5,1,1290,-2.3,7.7,-1.3
0.5,1138.969739,252.16,-4.53,-85.64,8.95,-12.75,-13.25,1,1171,-6.1,-23.3,-4.0
0.5,1138.979739,251.63,-4.35,-85.89,8.76,-12.26,-12.75,1,1035,3.5,6.0,-0.4
0.5,1138.989739,250.93,-4.11,-85.15,8.61,-11.76,-11.75,1,907,-0.8,45.5,1.1
0.5,1138.999739,250.31,-3.35,-83.98,7.84,-11.24,-11.25,1,780,3.1,77.8,-0.9
0.5,1139.009739,249.79,-2.82,-82.95,7.39,-10.72,-10.75,1,644,4.1,70.6,2.6
0.5,1139.019739,249.43,-2.72,-82.46,7.28,-10.18,-10.25,1,1540,-0.8,55.8,-2.2
0.5,1139.029739,248.99,-2.36,-82.15,6.91,-9.64,-9.75,1,1413,3.2,46.1,1.7
0.5,1139.039739,248.73,-2.39,-81.85,6.98,-9.08,-9.75,1,1285,0.2,40.3,-1.4
0.5,1139.049739,248.03,-2.16,-81.66,6.72,-8.52,-9.0,1,1167,0.7,24.8,0.5
0.5,1139.059739,247.41,-2.0,-81.32,6.56,-7.94,-8.25,1,1039,-0.8,49.1,-2.9
0.5,1139.069739,246.71,-1.54,-80.28,6.11,-7.36,-7.5,1,912,3.3,80.6,-0.3
0.5,1139.079739,246.09,-1.56,-79.18,6.21,-6.77,-6.75,1,775,3.4,78.3,2.4
0.5,1139.089739,245.65,-1.48,-78.59,6.12,-6.18,-6.25,1,648,-0.5,60.9,-2.5
0.5,1139.099739,245.21,-1.25,-78.29,5.87,-5.58,-6.0,1,1536,2.7,48.0,0.9
0.5,1139.109739,244.6,-1.26,-78.07,5.91,-4.97,-5.25,1,1409,-0.6,34.6,-1.8
0.5,1139.119739,243.63,-1.05,-77.61,5.68,-4.36,-4.25,1,1281,1.0,59.1,-0.9
0.5,1139.129739,242.93,-0.94,-76.44,5.62,-3.75,-3.5,1,1171,4.1,93.3,0.0
0.5,1139.139739,242.23,-0.88,-75.25,5.61,-3.13,-2.75,1,1035,2.1,85.0,1.1
0.5,1139.149739,241.96,-0.79,-74.6,5.5,-2.51,-2.75,1,908,0.5,72.6,-2.5
0.5,1139.159739,242.05,-0.71,-74.43,5.44,-1.88,-2.75,1,780,3.8,29.3,2.4
0.5,1139.169739,242.05,-0.83,-75.02,5.55,-1.26,-2.75,1,644,-5.1,-15.2,-2.5
0.5,1139.179739,241.17,-0.7,-75.46,5.32,-0.63,-1.75,1,1540,0.2,0.3,-1.0
0.5,1139.189740,240.03,-0.61,-74.59,5.33,0.0,-0.75,1,1413,4.3,71.5,0.0
0.5,1139.199739,239.68,-0.52,-72.72,5.31,0.63,-0.25,1,1286,3.0,116.7,0.4
0.5,1139.209739,238.89,-0.54,-71.48,5.36,1.26,0.25,1,1167,3.9,78.3,2.7
0.5,1139.219739,237.57,-0.46,-71.38,5.26,1.88,1.5,1,1040,-2.2,48.6,-5.2
0.5,1139.229739,236.87,-0.12,-70.59,4.89,2.51,2.75,1,912,5.5,108.1,-3.3
0.5,1139.239739,236.25,-0.21,-68.85,5.12,3.13,3.25,1,776,5.0,114.6,6.9
0.5,1139.249739,235.81,-0.41,-68.21,5.3,3.75,3.5,1,648,-2.9,58.2,-3.1
0.5,1139.259739,235.55,-0.15,-68.42,4.97,4.36,3.75,1,1536,3.1,35.1,-1.7
0.5,1139.269739,234.93,-0.19,-68.37,5.07,4.97,4.25,1,1409,-0.9,28.1,2.4
0.5,1139.279739,233.7,-0.21,-67.91,5.06,5.58,5.75,1,1282,1.4,53.4,-3.8
0.5,1139.289739,232.38,0.06,-66.48,4.85,6.18,7.25,1,1172,5.0,117.2,-1.5
0.5,1139.299739,231.5,0.02,-64.37,4.95,6.77,8.25,1,1035,1.7,147.1,2.0
0.5,1139.309739,231.33,-0.07,-63.02,5.06,7.36,8.25,1,908,4.3,105.4,1.8
0.5,1139.319739,231.33,-0.03,-63.26,5.03,7.94,8.0,1,781,-1.0,17.7,-0.9
0.5,1139.329739,231.24,0.02,-64.25,4.88,8.52,8.25,1,644,-3.1,-10.9,-3.6
0.5,1139.339739,231.06,0.11,-64.36,4.81,9.08,8.5,1,1541,4.8,17.0,0.1
0.5,1139.349739,230.45,0.05,-63.85,4.96,9.64,9.0,1,1413,-1.0,23.3,3.0
0.5,1139.359739,229.57,0.04,-63.31,4.91,10.18,9.75,1,1286,1.5,48.3,-4.6
0.5,1139.369739,228.78,0.22,-62.25,4.77,10.72,10.75,1,1167,2.7,80.5,1.2
0.5,1139.379739,228.25,0.09,-61.15,4.94,11.24,11.25,1,1041,-0.1,78.0,2.0
0.5,1139.389739,227.81,0.12,-60.58,4.89,11.76,11.75,1,912,2.4,60.0,-2.8
0.5,1139.399739,227.46,0.23,-60.27,4.81,12.26,12.0,1,776,1.2,48.7,0.8
0.5,1139.409739,227.37,0.17,-60.04,4.88,12.75,12.25,1,649,1.1,34.6,-0.0
0.5,1139.419739,226.49,0.19,-59.87,4.87,13.23,12.75,1,1537,1.3,31.0,0.6
0.5,1139.429739,225.7,0.24,-59.38,4.83,13.69,13.75,1,1409,1.2,52.5,-2.2
0.5,1139.439740,225.0,0.31,-58.29,4.79,14.14,14.5,1,1282,3.4,87.4,0.2
0.5,1139.449739,224.74,0.27,-57.18,4.85,14.58,14.75,1,1172,-0.4,76.4,0.9
0.5,1139.459740,224.82,0.25,-56.87,4.86,15.0,14.75,1,1035,2.5,41.9,-0.1
0.5,1139.469740,224.91,0.28,-57.29,4.83,15.41,14.5,1,908,-2.5,-7.8,-0.4
0.5,1139.479740,224.82,0.3,-57.95,4.77,15.8,14.75,1,781,1.4,-16.2,-2.2
0.5,1139.489740,223.86,0.36,-57.98,4.73,16.18,15.75,1,644,-0.5,6.0,0.5
0.5,1139.499739,223.07,0.35,-56.87,4.78,16.54,16.5,1,1541,4.5,89.2,-0.9
0.5,1139.509739,222.71,0.37,-55.06,4.83,16.89,16.75,1,1414,1.8,97.6,3.4
0.5,1139.519739,222.45,0.29,-54.63,4.87,17.21,17.0,1,1286,-1.6,34.0,-1.5
0.5,1139.529739,222.54,0.39,-55.06,4.75,17.53,17.25,1,1168,3.5,21.3,-1.5
0.5,1139.539740,222.36,0.41,-55.08,4.79,17.82,17.25,1,1031,-0.2,10.4,2.6
0.5,1139.549740,222.01,0.33,-55.15,4.84,18.1,17.5,1,913,-0.2,3.7,-0.9
0.5,1139.559740,221.57,0.4,-55.0,4.76,18.36,18.25,1,777,0.8,21.8,-0.9
0.5,1139.569740,220.96,0.43,-54.25,4.77,18.6,18.75,1,649,3.1,56.8,0.4
0.5,1139.579739,220.61,0.4,-53.34,4.82,18.82,19.0,1,1537,-1.5,56.9,1.2
0.5,1139.589739,220.34,0.39,-52.91,4.8,19.02,19.25,1,1410,2.1,42.2,-1.8
0.5,1139.599740,220.08,0.47,-52.77,4.77,19.21,19.5,1,1282,1.2,29.1,0.9
0.5,1139.609740,219.81,0.44,-52.65,4.8,19.37,19.75,1,1172,1.2,25.3,-0.4
0.5,1139.619740,219.73,0.46,-52.5,4.78,19.52,19.75,1,1035,0.3,18.0,0.4
0.5,1139.629740,219.73,0.44,-52.47,4.8,19.65,19.75,1,908,-0.0,10.6,0.2
0.5,1139.639740,219.81,0.44,-52.51,4.79,19.75,19.75,1,773,0.0,4.0,0.2
0.5,1139.649740,219.81,0.45,-52.57,4.79,19.84,19.75,1,654,-0.1,0.2,0.2
0.5,1139.659740,219.81,0.45,-52.61,4.79,19.91,19.75,1,1542,0.3,-0.2,0.4
0.5,1139.669740,219.81,0.45,-52.62,4.79,19.96,19.75,1,1414,0.1,-0.1,0.2
0.5,1139.679740,219.73,0.45,-52.61,4.79,19.99,19.75,1,1287,0.0,0.1,0.4
0.5,1139.689740,219.81,0.45,-52.61,4.79,20.0,19.75,1,1169,-0.0,0.2,0.3
0.5,1139.699740,219.73,0.45,-52.61,4.79,19.99,19.75,1,1041,0.0,0.0,0.3
0.5,1139.709740,219.73,0.45,-52.61,4.79,19.96,19.75,1,913,0.1,0.0,0.3
0.5,1139.719740,219.73,0.45,-52.61,4.79,19.91,19.75,1,777,0.1,0.0,0.3
0.5,1139.729740,219.73,0.45,-52.61,4.79,19.84,19.75,1,650,0.0,0.0,0.3
0.5,1139.739740,219.81,0.45,-52.61,4.79,19.75,19.75,1,1538,-0.0,0.1,0.3
0.5,1139.749740,219.81,0.45,-52.61,4.79,19.65,19.75,1,1410,-0.0,0.1,0.3
0.5,1139.759740,219.81,0.45,-52.61,4.79,19.52,19.75,1,1291,0.0,0.0,0.3
0.5,1139.769740,219.73,0.45,-52.61,4.79,19.37,19.75,1,1172,0.1,-0.0,0.3
0.5,1139.779740,219.73,0.45,-52.61,4.79,19.21,19.5,1,1035,0.1,0.0,0.3
0.5,1139.789740,219.99,0.44,-52.67,4.8,19.02,19.0,1,909,0.5,-5.5,1.0
0.5,1139.799740,220.52,0.43,-52.96,4.79,18.82,18.5,1,781,-2.8,-24.2,-1.0
0.5,1139.809740,221.13,0.45,-53.73,4.72,18.6,18.25,1,654,-0.1,-57.6,-1.2
0.5,1139.819739,220.87,0.48,-54.67,4.7,18.36,18.75,1,1542,-1.5,-60.3,0.3
0.5,1139.829739,220.78,0.44,-54.42,4.75,18.1,18.75,1,1415,2.0,27.2,1.6
0.5,1139.839739,220.96,0.4,-53.46,4.84,17.82,17.75,1,1287,-1.1,8.8,3.5
0.5,1139.849739,222.19,0.35,-53.8,4.83,17.53,16.75,1,1168,-2.3,-15.4,-2.0
0.5,1139.859740,223.07,0.4,-55.16,4.72,17.21,16.25,1,1032,-2.6,-111.8,0.4
0.5,1139.869740,222.8,0.37,-57.14,4.73,16.89,16.5,1,914,-2.5,-101.4,-0.6
0.5,1139.879740,222.63,0.4,-57.02,4.72,16.54,17.0,1,777,2.1,1.5,0.9
0.5,1139.889740,222.71,0.35,-55.57,4.85,16.18,16.5,1,650,1.1,42.1,5.1
0.5,1139.899739,223.15,0.27,-55.24,4.9,15.8,15.75,1,1538,-2.3,-7.5,-1.1
0.5,1139.909739,223.51,0.35,-56.15,4.75,15.41,15.25,1,1410,-1.6,-41.0,-1.6
0.5,1139.919739,224.03,0.36,-56.91,4.74,15.0,14.75,1,1292,0.0,-43.2,0.7
0.5,1139.929739,224.47,0.33,-57.42,4.78,14.58,14.25,1,1173,-0.5,-48.1,0.9
0.5,1139.939740,225.35,0.31,-58.0,4.79,14.14,14.0,1,1038,-1.5,-52.9,1.0
0.5,1139.949740,225.44,0.26,-58.82,4.81,13.69,13.75,1,909,-2.3,-77.9,1.2
0.5,1139.959740,225.44,0.26,-59.29,4.8,13.23,13.75,1,782,-0.5,-21.6,-0.0
0.5,1139.969740,225.53,0.29,-58.74,4.79,12.75,13.25,1,655,0.1,-0.9,0.7
0.5,1139.979739,226.05,0.27,-58.56,4.83,12.26,12.75,1,1543,1.3,-3.4,1.5
0.5,1139.989739,226.49,0.24,-59.14,4.83,11.76,12.25,1,1415,-3.4,-54.8,0.2
0.5,1139.999739,227.11,0.25,-60.21,4.78,11.24,11.75,1,1296,0.5,-55.5,-0.6
0.5,1140.009739,227.72,0.23,-60.69,4.82,10.72,11.25,1,1169,-2.2,-47.8,3.1
0.5,1140.019740,228.25,0.11,-61.28,4.89,10.18,11.0,1,1033,-2.6,-66.0,0.5
0.5,1140.029740,228.43,0.15,-62.01,4.84,9.64,10.5,1,914,-0.6,-55.4,0.6
0.5,1140.039740,229.39,0.13,-62.1,4.88,9.08,9.25,1,778,-0.1,-19.0,2.1
0.5,1140.049740,230.62,0.06,-62.48,4.93,8.52,7.75,1,659,-2.9,-75.1,1.1
0.5,1140.059739,231.77,0.03,-64.49,4.89,7.94,7.0,1,1538,-3.7,-144.1,-0.3
0.5,1140.069739,232.03,0.06,-66.3,4.83,7.36,7.0,1,1411,-1.8,-112.3,-0.5
0.5,1140.079739,232.21,0.07,-66.58,4.85,6.77,7.25,1,1292,0.5,-60.2,1.3
0.5,1140.089739,232.29,-0.07,-65.91,5.03,6.18,6.5,1,1173,0.7,15.8,5.8
0.5,1140.099739,233.0,-0.15,-65.25,5.1,5.58,5.5,1,1038,-2.3,-10.5,-1.2
0.5,1140.109740,233.7,-0.07,-66.19,4.93,4.97,4.75,1,910,-3.4,-67.0,0.4
0.5,1140.119740,234.49,-0.11,-67.56,4.95,4.36,4.0,1,774,-2.1,-81.4,-0.8
0.5,1140.129740,235.02,-0.13,-68.42,4.97,3.75,3.75,1,655,-1.2,-70.8,2.2
0.5,1140.139739,235.2,-0.21,-68.9,5.04,3.13,4.0,1,1543,-2.2,-59.2,-0.5
0.5,1140.149739,235.2,-0.15,-69.07,4.99,2.51,3.75,1,1416,2.1,-28.3,1.3
0.5,1140.159739,235.46,-0.23,-68.73,5.12,1.88,3.0,1,1297,0.3,3.5,3.4
0.5,1140.169739,236.6,-0.3,-68.49,5.16,1.26,1.75,1,1169,-2.0,-8.0,-0.4
0.5,1140.179739,237.3,-0.27,-69.8,5.06,0.63,1.25,1,1042,-3.9,-119.9,-0.2
0.5,1140.189740,237.74,-0.31,-71.7,5.05,-0.0,0.75,1,914,-2.4,-78.1,-1.0
0.5,1140.199740,238.62,-0.36,-71.79,5.14,-0.63,-0.5,1,778,1.9,-50.4,3.8
0.5,1140.209740,240.03,-0.53,-72.37,5.33,-1.26,-1.75,1,659,-3.7,-85.5,1.0
0.5,1140.219739,240.73,-0.61,-74.09,5.3,-1.88,-2.75,1,1539,-5.2,-137.3,0.4
0.5,1140.229739,240.91,-0.67,-75.56,5.31,-2.51,-2.75,1,1411,-3.5,-95.0,-0.6
0.5,1140.239739,240.91,-0.61,-75.28,5.27,-3.13,-2.25,1,1293,0.6,-14.1,0.6
0.5,1140.249739,240.91,-0.64,-74.51,5.36,-3.75,-2.25,1,1174,2.0,-3.6,2.5
0.5,1140.259739,241.0,-0.69,-74.41,5.44,-4.36,-2.75,1,1038,0.5,-0.6,0.5
0.5,1140.269740,242.31,-0.66,-74.39,5.38,-4.97,-4.25,1,910,-0.5,-1.0,0.8
0.5,1140.279740,243.46,-0.81,-75.66,5.49,-5.58,-5.5,1,774,-2.9,-126.9,1.2
0.5,1140.289740,244.07,-1.01,-78.22,5.61,-6.18,-6.0,1,664,-7.2,-130.5,-1.5
0.5,1140.299739,244.42,-1.06,-78.88,5.63,-6.77,-6.5,1,1543,1.4,-61.7,2.2
0.5,1140.309739,244.95,-1.23,-78.67,5.88,-7.36,-6.75,1,1416,-0.4,-48.5,2.0
0.5,1140.319739,245.48,-1.28,-78.87,5.9,-7.94,-7.5,1,1297,-1.8,-33.0,0.5
0.5,1140.329739,246.18,-1.34,-79.29,5.96,-8.52,-8.5,1,1170,1.1,-57.1,1.8
0.5,1140.339739,246.97,-1.51,-80.39,6.1,-9.08,-9.25,1,1043,-5.6,-86.1,-1.1
0.5,1140.349740,247.59,-1.69,-81.47,6.22,-9.64,-9.75,1,915,-0.1,-78.4,2.0
0.5,1140.359740,248.2,-2.04,-82.11,6.61,-10.18,-10.25,1,778,-1.6,-72.0,0.8
0.5,1140.369740,248.55,-2.2,-82.55,6.74,-10.72,-10.75,1,677,-1.5,-50.4,1.4
0.5,1140.379739,248.91,-2.25,-82.79,6.77,-11.24,-11.25,1,1539,-1.4,-45.7,-0.8
0.5,1140.389739,249.08,-2.24,-83.11,6.76,-11.76,-11.25,1,1412,-0.5,-36.6,1.1
0.5,1140.399739,249.52,-2.44,-83.25,6.97,-12.26,-11.75,1,1293,-0.7,-23.6,0.3
0.5,1140.409739,250.4,-2.61,-83.53,7.15,-12.75,-12.75,1,1174,1.3,-41.0,1.9
0.5,1140.419739,251.1,-3.35,-84.54,7.87,-13.23,-13.5,1,1039,-4.0,-83.0,1.0
0.5,1140.429740,251.72,-4.32,-85.73,8.78,-13.69,-14.25,1,911,-1.4,-77.5,0.8
0.5,1140.439740,251.72,-4.86,-86.26,9.34,-14.14,-14.25,1,774,-1.0,-59.2,0.1
0.5,1140.449740,251.89,-4.88,-86.33,9.34,-14.58,-14.0,1,681,-2.2,-24.6,0.5
0.5,1140.459740,251.81,-4.63,-85.99,9.1,-15.0,-14.0,1,1543,2.4,-0.9,1.2
0.5,1140.469740,252.33,-4.47,-85.63,9.0,-15.41,-14.75,1,1416,1.6,12.4,1.8
0.5,1140.479740,252.95,-4.99,-86.0,9.49,-15.8,-15.5,1,1297,-2.4,-50.9,0.1
0.5,1140.489740,253.04,-7.15,-87.45,11.56,-16.18,-15.25,1,1161,-4.6,-81.9,-1.5
0.5,1140.499740,253.12,-8.29,-87.85,12.7,-16.54,-15.25,1,1043,1.4,-8.9,1.2
0.5,1140.509740,253.12,-7.11,-87.08,11.62,-16.89,-15.5,1,915,3.9,3.7,3.2
0.5,1140.519740,254.09,-7.19,-86.89,11.71,-17.21,-16.75,1,779,-0.9,6.7,1.3
0.5,1140.529740,254.88,-9.43,-87.78,13.87,-17.53,-17.75,1,677,-2.9,-92.9,-0.8
0.5,1140.539740,255.5,-69.53,-89.65,73.91,-17.82,-18.0,1,1539,-5.3,-106.9,-1.3
0.5,1140.549740,255.67,-145.47,-89.4,149.84,-18.1,-18.25,1,1412,1.8,-47.5,1.9
0.5,1140.559740,255.94,-115.42,-89.56,119.87,-18.36,-18.5,1,1293,0.1,-28.9,3.0
0.5,1140.569740,256.03,-111.48,-89.57,115.9,-18.6,-18.75,1,1166,-1.3,-15.5,-0.4
0.5,1140.579740,256.03,-108.78,-89.61,113.19,-18.82,-18.75,1,1039,0.4,-10.4,1.0
0.5,1140.589740,256.11,-109.13,-89.59,113.55,-19.02,-18.75,1,911,-0.2,-5.7,0.1
0.5,1140.599740,256.03,-109.77,-89.6,114.19,-19.21,-18.75,1,775,0.0,-4.9,0.6
0.5,1140.609740,256.29,-111.46,-89.59,115.87,-19.37,-19.0,1,673,0.1,-2.3,0.3
0.5,1140.619740,256.9,-131.84,-89.48,136.27,-19.52,-19.75,1,1544,0.9,-22.6,1.4
0.5,1140.629740,257.52,-160.7,-88.79,165.11,-19.65,-20.25,1,1416,-3.1,-59.2,0.1
0.5,1140.639740,257.52,-168.93,-87.94,173.3,-19.75,-20.25,1,1298,-0.0,-50.6,1.0
0.5,1140.649740,257.52,-169.06,-87.85,173.45,-19.84,-19.75,1,1162,-1.0,-18.2,0.8
0.5,1140.659740,257.43,-165.03,-88.35,169.44,-19.91,-19.5,1,1043,2.4,19.4,2.3
0.5,1140.669740,257.34,-156.58,-88.86,161.02,-19.96,-19.75,1,915,0.4,17.5,1.3
0.5,1140.679740,257.52,-157.06,-88.86,161.49,-19.99,-20.25,1,779,1.4,1.4,0.5
0.5,1140.689740,257.96,-163.74,-88.5,168.15,-20.0,-20.5,1,679,-3.8,-22.3,-1.5
0.5,1140.699740,257.96,-169.61,-87.86,173.96,-19.99,-20.5,1,1540,-0.3,-42.7,-0.9
0.5,1140.709740,257.87,-170.61,-87.57,175.0,-19.96,-20.25,1,1412,-0.6,-9.1,0.7
0.5,1140.719740,257.87,-166.55,-88.12,170.96,-19.91,-19.75,1,1294,2.7,23.8,2.6
0.5,1140.729740,257.78,-160.93,-88.58,165.37,-19.84,-19.5,1,1166,0.3,15.3,1.1
0.5,1140.739740,257.78,-162.5,-88.51,166.92,-19.75,-19.5,1,1039,-0.1,0.3,0.3
0.5,1140.749740,257.78,-164.31,-88.37,168.74,-19.65,-20.25,1,911,1.6,0.7,0.2
0.5,1140.759740,257.87,-163.89,-88.41,168.31,-19.52,-20.25,1,775,-2.1,4.0,0.4
0.5,1140.769740,257.78,-165.51,-88.31,169.88,-19.37,-19.5,1,682,-1.5,-14.8,-1.4
0.5,1140.779740,257.08,-166.81,-88.2,171.19,-19.21,-18.5,1,1544,0.8,7.9,0.6
0.5,1140.789740,256.82,-148.83,-89.14,153.28,-19.02,-17.75,1,1417,3.9,78.5,1.7
0.5,1140.799740,256.9,-40.34,-89.25,44.86,-18.82,-18.25,1,1298,5.2,60.0,3.3
0.5,1140.809740,256.73,-55.83,-89.41,60.35,-18.6,-18.75,1,1162,-2.1,-5.3,-0.8
0.5,1140.819740,256.9,-142.42,-89.32,146.81,-18.36,-18.75,1,1034,-5.5,-21.7,-3.3
0.5,1140.829740,256.9,-158.24,-89.01,162.61,-18.1,-18.25,1,916,0.8,-21.7,-1.8
0.5,1140.839740,256.38,-155.4,-89.08,159.81,-17.82,-17.75,1,780,-1.4,7.7,0.7
0.5,1140.849740,255.85,-85.39,-89.56,89.83,-17.53,-17.25,1,678,5.3,58.5,2.9
0.5,1140.859740,255.5,-22.54,-88.81,27.06,-17.21,-16.75,1,1540,1.2,56.0,0.3
0.5,1140.869740,255.5,-15.92,-88.48,20.39,-16.89,-16.75,1,1413,-0.3,38.7,-1.2
0.5,1140.879740,255.5,-16.05,-88.51,20.54,-16.54,-17.0,1,1294,2.8,14.1,1.3
0.5,1140.889740,255.67,-21.54,-88.85,26.02,-16.18,-17.25,1,1167,-3.7,-11.8,-1.2
0.5,1140.899740,255.15,-35.58,-89.37,39.97,-15.8,-16.25,1,1039,-2.6,-29.3,-2.6
0.5,1140.909740,254.71,-21.92,-89.01,26.36,-15.41,-15.75,1,911,3.9,57.7,1.9
0.5,1140.919740,254.44,-9.97,-87.43,14.54,-15.0,-15.5,1,776,6.5,74.5,3.8
0.5,1140.929740,253.92,-8.76,-87.08,13.3,-14.58,-15.25,1,683,-4.4,18.9,-1.8
0.5,1140.939739,252.95,-7.63,-87.36,12.05,-14.14,-14.25,1,1545,-0.8,28.4,-4.0
0.5,1140.949739,251.72,-5.17,-86.35,9.66,-13.69,-12.75,1,1417,3.4,92.1,0.7
0.5,1140.959739,251.19,-3.83,-84.39,8.42,-13.23,-11.75,1,1298,5.3,132.9,0.9
0.5,1140.969739,251.1,-3.19,-83.07,7.83,-12.75,-12.0,1,1163,5.0,91.2,1.8
0.5,1140.979739,251.19,-3.42,-83.4,8.06,-12.26,-12.25,1,1035,-0.8,8.1,0.1
0.5,1140.989739,251.1,-3.56,-84.52,8.08,-11.76,-12.25,1,916,-6.4,-28.5,-4.5
0.5,1140.999739,250.58,-3.19,-84.82,7.69,-11.24,-11.75,1,780,3.4,7.4,-0.5
0.5,1141.009739,249.87,-3.2,-84.05,7.78,-10.72,-10.75,1,679,-0.6,41.1,1.5
0.5,1141.019739,249.17,-2.76,-82.89,7.33,-10.18,-10.0,1,1541,3.3,82.0,-0.8
0.5,1141.029739,248.55,-2.33,-81.73,6.99,-9.64,-9.5,1,1413,4.5,75.5,3.1
0.5,1141.039739,248.12,-2.22,-81.17,6.88,-9.08,-8.75,1,1294,-1.3,61.8,-3.1
0.5,1141.049739,248.03,-1.8,-80.83,6.41,-8.52,-8.75,1,1167,2.2,48.9,0.6
0.5,1141.059739,248.12,-1.96,-80.79,6.63,-7.94,-9.25,1,1040,1.9,16.0,0.3
0.5,1141.069739,248.12,-1.97,-81.3,6.59,-7.36,-9.25,1,912,-4.5,-18.2,-1.9
0.5,1141.079739,247.41,-1.81,-81.84,6.35,-6.77,-8.25,1,776,-1.6,-18.9,-2.8
0.5,1141.089739,246.53,-1.69,-81.17,6.29,-6.18,-7.25,1,683,3.2,67.1,2.4
0.5,1141.099739,245.57,-1.62,-79.21,6.32,-5.58,-6.25,1,1536,5.5,109.8,1.2
0.5,1141.109739,245.13,-1.33,-77.82,6.06,-4.97,-5.75,1,1418,1.9,97.2,-0.1
0.5,1141.119739,244.86,-1.21,-77.44,5.93,-4.36,-5.75,1,1299,2.7,50.4,-0.2
0.5,1141.129739,243.9,-1.12,-77.67,5.82,-3.75,-4.75,1,1163,-3.4,23.7,-2.5
0.5,1141.139739,242.67,-0.87,-77.09,5.56,-3.13,-3.25,1,1035,5.1,85.2,-2.0
0.5,1141.149739,241.7,-0.77,-75.23,5.58,-2.51,-2.25,1,917,4.3,124.6,2.8
0.5,1141.159739,240.64,-0.81,-73.7,5.61,-1.88,-1.25,1,780,0.2,113.4,-1.4
0.5,1141.169739,240.29,-0.58,-72.84,5.36,-1.26,-0.75,1,679,3.7,97.4,-1.4
0.5,1141.179739,240.29,-0.55,-72.5,5.4,-0.63,-1.0,1,1541,2.8,50.0,1.7
1.0,1143.209739,240.64,-0.57,-75.05,5.4,0.0,-1.25,1,1168,3.7,124.8,-1.2
1.0,1143.219739,239.24,-0.59,-72.77,5.47,1.26,0.25,1,1041,3.8,163.7,1.5
1.0,1143.229739,238.01,-0.54,-70.93,5.45,2.51,1.25,1,913,3.1,145.1,-1.1
1.0,1143.239739,236.6,-0.33,-69.86,5.26,3.75,2.75,1,794,3.5,125.9,-2.7
1.0,1143.249739,235.11,-0.19,-68.74,5.14,4.97,4.25,1,1674,2.3,130.6,-1.8
1.0,1143.259739,233.7,-0.13,-67.13,5.12,6.18,5.75,1,1546,5.1,157.0,-1.0
1.0,1143.269739,233.0,-0.11,-65.45,5.15,7.36,6.5,1,1427,2.9,141.1,1.2
1.0,1143.279739,232.38,-0.1,-64.67,5.15,8.52,7.0,1,1300,2.7,93.8,-1.9
1.0,1143.289739,231.15,-0.01,-64.62,5.04,9.64,8.25,1,1164,-0.8,52.6,-1.3
1.0,1143.299739,229.83,0.08,-63.93,4.96,10.72,9.75,1,1045,5.1,110.3,-3.8
1.0,1143.309739,228.87,0.16,-61.89,4.97,11.76,10.75,1,909,2.9,146.2,2.9
1.0,1143.319739,228.08,0.05,-60.43,5.11,12.75,11.25,1,808,4.2,110.8,0.3
1.0,1143.329739,226.85,0.19,-60.15,4.97,13.69,12.75,1,1670,0.4,63.2,-4.1
1.0,1143.339739,225.79,0.34,-59.44,4.83,14.58,13.75,1,1551,6.5,118.6,-2.9
1.0,1143.349739,225.0,0.3,-57.58,4.97,15.41,14.5,1,1432,2.5,130.6,5.5
1.0,1143.359739,224.12,0.17,-56.74,5.07,16.18,15.25,1,1305,-1.2,72.2,-2.9
1.0,1143.369739,222.71,0.4,-56.5,4.83,16.89,16.75,1,1169,6.8,82.4,-4.4
1.0,1143.379739,220.87,0.48,-55.05,4.84,17.53,18.5,1,1042,0.8,134.6,0.9
1.0,1143.389740,219.9,0.38,-52.85,4.94,18.1,19.75,1,905,4.8,168.0,-0.2
1.0,1143.399740,219.73,0.43,-51.23,4.96,18.6,19.75,1,812,1.7,128.2,0.9
1.0,1143.409739,219.64,0.4,-51.27,4.96,19.02,19.75,1,1674,0.3,36.7,-0.6
1.0,1143.419740,218.85,0.47,-52.19,4.87,19.37,20.75,1,1547,0.8,-0.8,-3.3
1.0,1143.429740,218.14,0.6,-51.93,4.79,19.65,21.5,1,1428,6.2,63.7,-2.2
1.0,1143.439740,218.14,0.54,-50.43,4.9,19.84,21.5,1,1292,-2.3,85.5,5.1
1.0,1143.449740,218.32,0.37,-50.14,5.0,19.96,20.75,1,1164,-1.1,7.4,-1.0
1.0,1143.459740,218.58,0.5,-51.15,4.84,20.0,20.75,1,1039,-0.1,-23.1,-3.0
1.0,1143.469740,218.32,0.55,-51.72,4.78,19.96,21.25,1,909,-0.5,-26.3,-0.8
1.0,1143.479740,218.5,0.52,-51.63,4.84,19.84,21.25,1,808,2.1,12.0,1.7
1.0,1143.489740,218.76,0.45,-51.17,4.94,19.65,20.25,1,1678,-1.6,7.5,3.6
1.0,1143.499740,219.29,0.42,-51.51,4.93,19.37,19.75,1,1551,-0.4,-29.1,-1.6
1.0,1143.509739,219.81,0.52,-52.55,4.8,19.02,19.5,1,1432,-1.2,-67.7,-1.8
1.0,1143.519739,219.99,0.54,-53.54,4.78,18.6,19.25,1,1296,1.3,-59.8,0.6
1.0,1143.529739,220.52,0.42,-53.63,4.91,18.1,18.25,1,1169,-4.2,-16.9,5.5
1.0,1143.539739,221.84,0.29,-53.57,4.97,17.53,17.0,1,1042,-2.0,-37.5,-1.0
1.0,1143.549740,223.07,0.41,-55.12,4.84,16.89,16.25,1,905,-1.5,-134.3,0.0
1.0,1143.559740,222.89,0.39,-57.35,4.83,16.18,16.25,1,804,-4.0,-126.0,0.2
1.0,1143.569739,222.54,0.37,-57.4,4.83,15.41,17.0,1,1674,1.3,-13.3,0.5
1.0,1143.579739,222.36,0.37,-55.71,4.92,14.58,17.25,1,1547,2.4,56.9,3.7
1.0,1143.589739,222.45,0.3,-54.67,5.02,13.69,16.75,1,1428,-0.6,33.0,2.1
1.0,1143.599739,223.33,0.3,-55.08,4.95,12.75,15.25,1,1292,-1.9,-17.0,-1.6
1.0,1143.609739,224.91,0.31,-56.37,4.89,11.76,13.75,1,1165,-2.9,-78.7,1.5
1.0,1143.619739,226.32,0.25,-58.53,4.91,10.72,12.5,1,1046,-3.9,-154.7,-0.8
1.0,1143.629740,227.99,0.3,-60.79,4.85,9.64,11.25,1,910,0.7,-149.9,0.6
1.0,1143.639740,228.78,0.18,-62.34,4.95,8.52,10.5,1,808,-7.0,-159.1,4.4
1.0,1143.649739,229.66,0.02,-63.43,5.03,7.36,9.25,1,1679,-1.6,-100.2,0.3
1.0,1143.659739,230.89,0.08,-63.71,4.99,6.18,7.5,1,1551,-2.9,-87.2,2.7
1.0,1143.669739,232.65,-0.08,-64.8,5.1,4.97,6.0,1,1433,-4.7,-121.5,2.4
1.0,1143.679739,233.96,-0.08,-66.95,5.04,3.75,5.25,1,1297,-4.1,-180.8,-2.1
1.0,1143.689739,234.67,-0.01,-68.89,4.95,2.51,4.25,1,1169,-0.7,-133.9,1.5
1.0,1143.699739,235.9,-0.24,-69.24,5.22,1.26,2.5,1,1043,-2.0,-82.0,6.4
1.0,1143.709740,237.66,-0.42,-69.73,5.35,0.0,0.75,1,906,-4.7,-101.3,-0.3
1.0,1143.719740,238.71,-0.37,-71.83,5.2,-1.26,0.25,1,813,-6.1,-190.2,0.4
1.0,1143.729739,238.8,-0.4,-73.9,5.19,-2.51,0.25,1,1675,-2.6,-118.4,-1.9
1.0,1143.739739,239.15,-0.45,-73.26,5.32,-3.75,-1.0,1,1547,3.6,-8.4,6.6
1.0,1143.749739,240.64,-0.67,-72.44,5.57,-4.97,-2.75,1,1420,-4.1,-27.3,0.0
1.0,1143.759739,242.49,-0.65,-74.2,5.44,-6.18,-4.5,1,1293,-2.7,-156.9,1.3
1.0,1143.769739,243.98,-0.95,-77.36,5.68,-7.36,-6.0,1,1165,-7.4,-186.5,0.7
1.0,1143.779739,245.39,-1.23,-79.2,5.9,-8.52,-7.25,1,1038,-2.6,-154.9,1.5
1.0,1143.789740,246.45,-1.51,-80.29,6.2,-9.64,-8.5,1,911,-2.6,-139.8,2.6
1.0,1143.799740,247.32,-1.78,-81.3,6.44,-10.72,-9.5,1,809,-3.9,-116.3,0.1
1.0,1143.809739,248.47,-1.94,-82.03,6.58,-11.76,-10.75,1,1680,-1.3,-97.1,2.3
1.0,1143.819739,249.79,-2.47,-82.94,7.13,-12.75,-12.0,1,1552,-1.2,-109.6,1.8
1.0,1143.829739,251.02,-3.17,-84.45,7.77,-13.69,-13.25,1,1425,-5.6,-138.8,0.5
1.0,1143.839740,251.46,-4.54,-85.98,9.08,-14.58,-13.75,1,1297,-1.7,-124.7,2.0
1.0,1143.849740,251.98,-5.42,-86.61,9.97,-15.41,-14.25,1,1170,-3.4,-77.0,-0.8
1.0,1143.859740,252.95,-5.16,-86.47,9.72,-16.18,-15.25,1,1043,2.9,-33.8,2.9
1.0,1143.869740,254.09,-6.81,-86.91,11.41,-16.89,-16.75,1,907,-2.5,-87.6,1.9
1.0,1143.879740,255.06,-15.39,-88.65,19.9,-17.53,-17.75,1,814,-4.9,-123.0,-0.0
1.0,1143.889740,256.03,-114.21,-89.61,118.69,-18.1,-18.5,1,1676,-0.6,-110.4,1.6
1.0,1143.899740,256.38,-158.43,-88.95,162.93,-18.6,-19.0,1,1548,-2.1,-94.8,2.3
1.0,1143.909740,256.55,-163.68,-88.61,168.15,-19.02,-19.0,1,1429,-2.2,-50.5,-0.2
1.0,1143.919740,256.55,-158.14,-88.99,162.62,-19.37,-19.0,1,1293,1.9,-4.7,1.4
1.0,1143.929740,256.73,-139.32,-89.38,143.84,-19.65,-19.25,1,1166,-0.2,0.5,1.8
1.0,1143.939740,257.26,-144.18,-89.29,148.69,-19.84,-19.75,1,1039,0.6,-15.5,0.8
1.0,1143.949740,257.78,-163.14,-88.62,167.64,-19.96,-20.5,1,911,-2.3,-58.4,-0.3
1.0,1143.959740,257.87,-170.15,-87.67,174.61,-20.0,-20.5,1,811,-0.4,-54.2,1.3
1.0,1143.969740,257.7,-170.38,-87.53,174.85,-19.96,-20.25,1,1672,-1.3,-18.6,0.2
1.0,1143.979740,257.61,-166.2,-88.19,170.69,-19.84,-19.75,1,1553,3.3,32.7,3.0
1.0,1143.989740,257.61,-155.34,-88.88,159.88,-19.65,-19.75,1,1434,0.3,21.8,1.2
1.0,1143.999740,257.52,-158.07,-88.79,162.57,-19.37,-19.5,1,1298,-0.1,1.3,0.3
1.0,1144.009740,257.52,-161.5,-88.62,166.0,-19.02,-19.5,1,1171,0.3,1.3,0.1
1.0,1144.019740,257.61,-161.6,-88.62,166.11,-18.6,-19.0,1,1043,-0.2,0.0,0.3
1.0,1144.029740,256.99,-161.53,-88.63,166.02,-18.1,-18.25,1,907,-1.7,2.9,-0.3
1.0,1144.039740,256.46,-144.4,-89.26,148.91,-17.53,-17.75,1,814,4.4,66.3,0.8
1.0,1144.049740,255.94,-37.08,-89.25,41.66,-16.89,-17.25,1,1676,1.3,56.8,1.0
1.0,1144.059740,255.32,-23.49,-88.91,28.03,-16.18,-16.5,1,1549,-0.0,50.2,-1.4
1.0,1144.069740,254.44,-14.82,-88.46,19.36,-15.41,-15.5,1,1430,0.4,55.1,-1.5
1.0,1144.079740,253.65,-8.9,-87.46,13.48,-14.58,-14.75,1,1250,4.7,97.2,0.4
1.0,1144.089739,252.95,-6.28,-86.22,10.93,-13.69,-14.0,1,1167,2.1,83.1,0.8
1.0,1144.099739,252.07,-5.16,-85.68,9.77,-12.75,-13.25,1,1039,-0.2,67.9,-2.8
1.0,1144.109739,250.49,-3.98,-85.02,8.58,-11.76,-11.75,1,911,1.4,82.4,-0.4
1.0,1144.119739,248.91,-2.84,-83.45,7.49,-10.72,-9.75,1,810,3.3,143.0,-3.8
1.0,1144.129739,248.03,-1.91,-81.09,6.64,-9.64,-8.75,1,1672,8.0,175.1,2.2
1.0,1144.139739,247.15,-1.94,-79.48,6.77,-8.52,-8.25,1,1553,5.4,128.6,1.8
1.0,1144.149739,246.8,-1.72,-79.32,6.49,-7.36,-7.75,1,1435,-3.6,62.8,-4.0
1.0,1144.159739,246.09,-1.43,-79.52,6.13,-6.18,-7.0,1,1298,2.2,46.4,-0.8
1.0,1144.169739,244.78,-1.42,-79.09,6.18,-4.97,-5.5,1,1171,0.6,58.8,-1.1
1.0,1144.179739,243.37,-1.06,-77.77,5.84,-3.75,-4.0,1,1044,3.8,120.1,-3.3
1.0,1144.189739,241.96,-0.81,-75.58,5.67,-2.51,-2.75,1,907,5.2,158.2,2.1
1.0,1144.199739,240.82,-0.83,-73.77,5.72,-1.26,-1.5,1,815,2.3,142.4,-1.2
1.0,1144.209740,239.85,-0.58,-72.74,5.47,0.0,-0.5,1,1676,3.3,118.5,-2.2
1.0,1144.219739,238.62,-0.49,-71.98,5.4,1.26,0.75,1,1549,1.5,100.6,-0.3
1.0,1144.229739,237.13,-0.38,-71.02,5.3,2.51,2.25,1,1430,3.7,114.2,-3.9
1.0,1144.239739,235.99,-0.17,-69.4,5.15,3.75,3.25,1,1294,4.1,147.5,-0.6
1.0,1144.249739,234.4,-0.25,-67.82,5.27,4.97,4.75,1,1167,2.9,125.4,2.1
1.0,1144.259739,232.91,-0.15,-66.68,5.18,6.18,6.5,1,1040,2.9,136.5,-5.5
1.0,1144.269739,232.12,0.08,-64.97,4.98,7.36,7.5,1,912,4.8,159.1,0.0
1.0,1144.279739,231.42,-0.05,-63.56,5.19,8.52,8.0,1,811,4.8,119.0,3.8
1.0,1144.289739,230.71,-0.06,-63.34,5.19,9.64,8.75,1,1672,-1.6,61.6,-3.8
1.0,1144.299739,229.31,0.12,-63.29,4.95,10.72,10.25,1,1554,3.0,62.4,-2.6
1.0,1144.309739,228.16,0.21,-62.0,4.95,11.76,11.25,1,1435,4.3,128.7,-1.4
1.0,1144.319739,227.37,0.18,-59.92,5.03,12.75,12.25,1,1299,3.0,141.3,2.5
1.0,1144.329739,226.85,0.12,-59.06,5.09,13.69,12.75,1,1171,0.4,73.7,-1.0
1.0,1144.339739,226.05,0.23,-59.13,4.97,14.58,13.5,1,1044,3.8,60.3,-2.3
1.0,1144.349740,224.56,0.29,-58.6,4.95,15.41,14.75,1,908,0.2,66.7,0.4
1.0,1144.359740,223.51,0.33,-57.21,4.93,16.18,16.25,1,815,6.4,133.2,-3.9
1.0,1144.369739,222.71,0.4,-55.13,4.94,16.89,16.75,1,1677,1.8,141.1,3.5
1.0,1144.379739,222.19,0.27,-54.31,5.05,17.53,17.25,1,1549,-0.1,73.9,-1.2
1.0,1144.389739,221.75,0.41,-54.41,4.9,18.1,17.75,1,1431,4.8,57.6,-3.2
1.0,1144.399739,221.4,0.43,-54.17,4.92,18.6,18.25,1,1295,-1.4,40.5,3.2
1.0,1144.409739,221.13,0.33,-54.01,4.99,19.02,18.25,1,1167,1.8,33.0,-2.3
1.0,1144.419740,220.61,0.44,-53.83,4.91,19.37,18.75,1,1040,1.2,25.3,0.8
1.0,1144.429740,219.81,0.43,-53.46,4.92,19.65,19.75,1,913,1.0,45.0,-2.3
1.0,1144.439740,219.29,0.5,-52.44,4.88,19.84,20.5,1,1800,3.2,82.4,0.1
1.0,1144.449740,218.94,0.44,-51.34,4.96,19.96,20.75,1,1673,-0.9,72.9,2.1
1.0,1144.459740,218.94,0.42,-51.07,4.98,20.0,20.25,1,1554,2.6,36.5,-1.0
1.0,1144.469740,219.81,0.48,-51.5,4.93,19.96,19.25,1,1435,-1.4,-7.1,0.7
1.0,1144.479740,220.69,0.45,-52.71,4.9,19.84,18.75,1,1300,-1.1,-77.0,-2.0
1.0,1144.489740,220.43,0.51,-54.42,4.8,19.65,19.25,1,1172,-1.8,-101.5,-1.5
1.0,1144.499740,219.99,0.49,-54.45,4.84,19.37,19.75,1,1044,1.7,21.2,1.9
1.0,1144.509740,220.08,0.41,-52.72,4.98,19.02,19.25,1,908,-1.1,50.8,3.8
1.0,1144.519739,220.25,0.34,-52.46,5.0,18.6,18.5,1,1805,-1.9,-3.3,-0.2
1.0,1144.529739,220.87,0.43,-53.26,4.88,18.1,18.0,1,1678,-0.3,-26.2,-2.5
1.0,1144.539739,221.22,0.47,-54.03,4.84,17.53,17.5,1,1550,-0.5,-54.5,0.6
1.0,1144.549739,221.92,0.42,-54.82,4.89,16.89,17.25,1,1431,0.0,-50.0,0.9
1.0,1144.559739,222.89,0.41,-55.35,4.9,16.18,16.5,1,1295,-1.1,-57.2,1.2
1.0,1144.569739,223.59,0.32,-56.3,4.95,15.41,15.5,1,1168,-4.0,-88.3,3.1
1.0,1144.579739,224.38,0.24,-57.45,4.97,14.58,14.75,1,1041,-3.6,-84.0,-0.2
1.0,1144.589740,225.09,0.33,-58.27,4.87,13.69,14.0,1,913,1.0,-85.7,-1.0
1.0,1144.599739,225.88,0.3,-59.02,4.92,12.75,13.25,1,1801,-4.6,-73.2,4.0
1.0,1144.609739,226.93,0.16,-59.59,5.01,11.76,11.75,1,1673,0.5,-69.5,0.4
1.0,1144.619739,228.78,0.2,-60.47,4.98,10.72,10.0,1,1555,-3.6,-91.8,2.9
1.0,1144.629739,230.19,0.07,-62.6,5.03,9.64,8.75,1,1436,-5.6,-190.9,0.2
1.0,1144.639739,230.45,0.12,-65.21,4.92,8.52,8.75,1,1300,-1.9,-162.0,-1.1
1.0,1144.649739,230.27,0.17,-65.35,4.91,7.36,9.0,1,1173,0.2,-42.5,1.4
1.0,1144.659740,230.27,0.06,-63.88,5.06,6.18,9.0,1,1035,1.4,27.4,4.0
1.0,1144.669740,230.36,-0.02,-63.1,5.16,4.97,8.25,1,909,-1.3,8.4,2.1
1.0,1144.679739,231.94,-0.0,-63.42,5.08,3.75,6.75,1,1805,-2.2,-12.7,-1.2
1.0,1144.689739,233.7,-0.02,-64.88,5.05,2.51,4.75,1,1678,-3.9,-125.5,2.2
1.0,1144.699739,235.63,-0.21,-67.95,5.18,1.26,2.75,1,1551,-5.1,-193.8,1.5
1.0,1144.709740,236.87,-0.26,-70.77,5.16,0.0,2.0,1,1432,-5.3,-213.4,-0.9
1.0,1144.719739,237.48,-0.17,-72.44,5.07,-1.26,1.5,1,1296,0.1,-147.7,-0.6
1.0,1144.729739,237.92,-0.35,-72.19,5.3,-2.51,0.25,1,1168,-1.6,-40.8,7.3
1.0,1144.739739,239.59,-0.62,-71.41,5.54,-3.75,-1.25,1,1042,-3.5,-29.3,0.2
1.0,1144.749740,241.7,-0.54,-72.98,5.39,-4.97,-3.75,1,913,-3.9,-167.9,1.4
1.0,1144.759739,243.54,-0.86,-76.52,5.65,-6.18,-5.75,1,1801,-5.6,-215.9,1.9
1.0,1144.769739,244.86,-1.19,-79.21,5.89,-7.36,-6.5,1,1674,-8.8,-220.7,-0.2
1.0,1144.779739,245.57,-1.29,-80.48,5.95,-8.52,-7.25,1,1555,-0.7,-122.0,0.5
1.0,1144.789739,246.27,-1.47,-80.3,6.23,-9.64,-8.5,1,1437,2.0,-81.4,5.1
1.0,1144.799739,247.85,-1.81,-80.56,6.55,-10.72,-10.0,1,1300,-4.7,-66.0,0.4
1.0,1144.809739,248.64,-1.98,-81.95,6.62,-11.76,-11.0,1,1173,-4.3,-154.7,1.2
1.0,1144.819740,249.52,-2.59,-83.95,7.2,-12.75,-11.75,1,1038,-4.0,-111.7,-1.2
1.0,1144.829740,250.75,-2.77,-84.19,7.39,-13.69,-13.25,1,909,2.0,-67.1,3.6
1.0,1144.839740,251.81,-4.0,-84.98,8.68,-14.58,-14.25,1,1806,-1.9,-123.8,3.1
1.0,1144.849740,252.51,-5.9,-86.84,10.46,-15.41,-14.75,1,1678,-8.0,-129.8,-2.8
1.0,1144.859740,253.3,-6.94,-87.59,11.46,-16.18,-15.75,1,1551,1.7,-68.5,2.5
1.0,1144.869740,254.27,-9.24,-87.7,13.86,-16.89,-16.75,1,1433,-0.1,-73.2,3.6
1.0,1144.879740,255.23,-17.28,-88.74,21.83,-17.53,-17.75,1,1296,-5.2,-102.7,-0.8
1.0,1144.889740,255.94,-94.72,-89.66,99.22,-18.1,-18.5,1,1169,-0.1,-93.1,1.4
1.0,1144.899740,256.2,-153.33,-89.14,157.87,-18.6,-18.75,1,1042,-1.7,-83.3,2.6
1.0,1144.909740,256.29,-159.91,-88.87,164.4,-19.02,-18.75,1,914,-2.3,-39.1,-0.6
1.0,1144.919740,256.29,-150.52,-89.25,155.03,-19.37,-18.75,1,1802,2.5,-3.6,1.6
1.0,1144.929740,256.46,-126.12,-89.5,130.67,-19.65,-19.0,1,1674,-0.5,0.6,1.3
1.0,1144.939740,257.08,-131.37,-89.46,135.9,-19.84,-19.75,1,1556,0.4,-10.5,0.9
1.0,1144.949740,257.52,-160.09,-88.85,164.62,-19.96,-20.25,1,1437,-2.2,-62.0,-0.4
1.0,1144.959740,257.7,-169.59,-87.84,174.09,-20.0,-20.25,1,1302,-0.5,-52.3,1.4
1.0,1144.969740,257.52,-169.57,-87.74,174.07,-19.96,-20.0,1,1173,-1.2,-19.7,0.5
1.0,1144.979740,257.52,-165.27,-88.32,169.79,-19.84,-19.75,1,1038,3.1,27.8,2.7
1.0,1144.989740,257.43,-154.49,-88.93,159.05,-19.65,-19.5,1,910,0.2,18.4,1.4
1.0,1144.999740,257.52,-156.91,-88.86,161.44,-19.37,-19.25,1,1806,-0.0,1.1,0.4
1.0,1145.009740,257.43,-160.27,-88.71,164.81,-19.02,-19.25,1,1679,0.3,1.0,0.0
1.0,1145.019740,257.52,-160.45,-88.72,164.98,-18.6,-19.25,1,1552,-0.1,0.1,0.3
1.0,1145.029740,257.43,-160.5,-88.71,165.03,-18.1,-19.0,1,1433,-0.2,0.1,0.2
1.0,1145.039740,256.64,-160.31,-88.74,164.83,-17.53,-18.0,1,1297,-1.2,2.9,-0.1
1.0,1145.049740,255.94,-130.6,-89.45,135.13,-16.89,-17.0,1,1169,2.6,80.7,-0.4
1.0,1145.059740,255.41,-17.17,-88.52,21.8,-16.18,-16.75,1,1043,7.0,99.1,2.7
1.0,1145.069740,254.79,-12.97,-87.97,17.61,-15.41,-16.25,1,914,-3.2,37.9,-0.9
1.0,1145.079740,253.56,-11.51,-88.09,16.06,-14.58,-14.75,1,1802,1.0,51.2,-3.6
1.0,1145.089739,252.25,-6.31,-86.88,10.92,-13.69,-13.25,1,1675,2.2,109.4,-0.8
1.0,1145.099739,251.37,-4.05,-84.8,8.71,-12.75,-12.25,1,1556,5.3,150.1,0.3
1.0,1145.109739,250.93,-3.37,-83.32,8.13,-11.76,-11.75,1,1437,6.3,107.8,2.7
1.0,1145.119739,250.58,-3.25,-83.26,7.97,-10.72,-11.75,1,1301,-3.9,48.1,-3.6
1.0,1145.129739,249.96,-2.82,-83.56,7.45,-9.64,-11.0,1,1174,1.4,29.8,-0.8
1.0,1145.139739,248.82,-2.77,-83.26,7.46,-8.52,-9.75,1,1038,0.3,48.7,-1.0
1.0,1145.149739,247.5,-2.13,-81.93,6.85,-7.36,-8.25,1,910,4.1,114.0,-1.7
1.0,1145.159739,246.18,-1.63,-79.83,6.43,-6.18,-7.0,1,1807,5.0,145.4,1.3
1.0,1145.169739,245.13,-1.44,-78.17,6.26,-4.97,-5.75,1,1679,1.7,134.8,-1.6
1.0,1145.179739,244.16,-1.11,-77.17,5.92,-3.75,-5.0,1,1552,2.6,109.8,-1.6
1.0,1145.189739,243.02,-1.0,-76.47,5.84,-2.51,-3.75,1,1433,3.2,95.3,-0.3
1.0,1145.199739,241.35,-0.83,-75.58,5.7,-1.26,-2.25,1,1297,1.5,104.1,-3.2
1.0,1145.209739,239.59,-0.5,-73.88,5.39,0.0,-0.25,1,1170,5.7,160.8,-2.8
1.0,1145.219739,237.92,-0.4,-71.38,5.38,1.26,1.5,1,1034,4.4,193.1,1.3
1.0,1145.229739,236.43,-0.4,-69.34,5.4,2.51,2.75,1,915,3.7,171.8,-1.6
1.0,1145.239739,235.28,-0.2,-68.09,5.21,3.75,4.25,1,1803,2.9,146.8,-2.7
1.0,1145.249739,234.76,-0.15,-67.11,5.18,4.97,4.75,1,1675,2.8,123.3,0.3
1.0,1145.259739,234.4,-0.18,-66.52,5.25,6.18,4.75,1,1557,3.5,81.6,0.2
1.0,1145.269739,233.96,-0.15,-66.82,5.21,7.36,5.25,1,1438,-1.4,12.5,-1.2
1.0,1145.279739,233.09,-0.06,-67.22,5.09,8.52,6.25,1,1302,2.6,29.1,-3.1
1.0,1145.289739,231.42,0.07,-66.15,5.02,9.64,8.0,1,1174,3.2,90.1,-0.4
1.0,1145.299739,230.1,0.06,-63.94,5.08,10.72,9.5,1,1039,3.6,159.7,-0.3
1.0,1145.309739,229.04,0.08,-61.58,5.12,11.76,10.25,1,911,4.8,167.0,1.7
1.0,1145.319739,227.81,0.08,-60.52,5.12,12.75,11.5,1,1807,0.0,98.9,-1.5
1.0,1145.329739,226.85,0.24,-60.17,4.95,13.69,12.75,1,1680,4.9,103.2,-5.2
1.0,1145.339739,225.53,0.33,-58.83,4.94,14.58,14.0,1,1552,3.8,129.7,2.9
1.0,1145.349739,225.0,0.19,-57.38,5.1,15.41,14.5,1,1434,0.7,118.3,-0.1
1.0,1145.359739,224.56,0.27,-56.78,5.01,16.18,14.75,1,1298,4.0,71.6,-1.5
1.0,1145.369739,223.42,0.33,-56.9,4.97,16.89,16.0,1,1170,-1.5,34.3,-0.6
1.0,1145.379739,222.71,0.4,-56.33,4.9,17.53,17.0,1,1043,7.0,94.5,-4.8
1.0,1145.389740,222.45,0.44,-54.67,4.94,18.1,17.25,1,915,-0.4,106.0,5.8
1.0,1145.399739,222.36,0.23,-54.27,5.11,18.6,17.0,1,1803,-0.2,28.7,-0.4
1.0,1145.409739,221.66,0.4,-55.13,4.91,19.02,17.75,1,1676,0.5,-9.1,-4.9
1.0,1145.419740,220.78,0.5,-54.94,4.84,19.37,18.75,1,1557,3.3,56.5,0.6
1.0,1145.429740,220.34,0.42,-53.32,4.98,19.65,19.25,1,1438,0.9,96.7,1.8
1.0,1145.439740,220.17,0.37,-52.3,5.02,19.84,19.25,1,1294,0.9,62.1,1.0
1.0,1145.449740,219.99,0.41,-52.57,4.98,19.96,19.75,1,1175,-0.0,7.2,-1.5
1.0,1145.459740,219.29,0.51,-52.86,4.88,20.0,20.25,1,1039,2.9,25.7,-2.6
1.0,1145.469740,218.67,0.53,-52.02,4.91,19.96,20.75,1,911,1.5,66.0,2.3
1.0,1145.479740,218.58,0.44,-51.06,5.01,19.84,21.0,1,1808,0.0,56.0,0.6
1.0,1145.489740,218.67,0.48,-50.9,4.96,19.65,20.25,1,1681,2.1,25.5,-0.7
1.0,1145.499740,219.38,0.48,-51.29,4.95,19.37,19.75,1,1553,-2.5,-8.4,1.1
1.0,1145.509739,219.64,0.47,-52.41,4.9,19.02,19.75,1,1434,-0.9,-77.8,-3.7
1.0,1145.519739,219.9,0.58,-53.46,4.81,18.6,19.5,1,1298,2.7,-35.3,0.5
1.0,1145.529739,220.34,0.44,-53.15,4.97,18.1,18.5,1,1171,-4.7,-12.1,5.7
1.0,1145.539740,221.22,0.31,-53.37,5.02,17.53,17.75,1,1035,-1.7,-45.2,-1.8
1.0,1145.549740,221.75,0.47,-54.61,4.84,16.89,17.25,1,916,-1.6,-90.9,-1.7
1.0,1145.559739,222.19,0.5,-55.65,4.82,16.18,16.75,1,1804,1.8,-57.8,-0.0
1.0,1145.569739,223.15,0.38,-55.75,4.96,15.41,15.5,1,1676,-4.9,-43.7,6.4
1.0,1145.579739,224.65,0.19,-56.44,5.06,14.58,14.25,1,1558,-3.4,-82.8,-0.4
1.0,1145.589739,225.97,0.3,-58.33,4.92,13.69,13.25,1,1439,-2.7,-150.0,0.3
1.0,1145.599739,226.14,0.31,-60.52,4.89,12.75,13.25,1,1294,-2.0,-151.6,-0.4
1.0,1145.609739,226.23,0.33,-60.82,4.88,11.76,13.25,1,1175,0.5,-28.6,0.6
1.0,1145.619739,226.23,0.24,-59.53,5.01,10.72,12.5,1,1039,0.3,6.2,5.5
1.0,1145.629740,227.55,0.13,-59.34,5.1,9.64,11.25,1,912,-3.3,-15.8,-0.2
1.0,1145.639739,228.96,0.15,-60.61,5.0,8.52,9.5,1,1800,-3.0,-104.5,1.0
1.0,1145.649739,230.19,0.1,-63.01,5.01,7.36,8.5,1,1681,-4.2,-150.9,0.4
1.0,1145.659739,231.42,0.13,-64.87,4.96,6.18,7.75,1,1554,-1.6,-140.1,-1.3
1.0,1145.669739,232.21,0.08,-65.84,5.02,4.97,6.25,1,1435,-1.3,-107.7,4.9
1.0,1145.679739,233.7,-0.16,-66.41,5.25,3.75,4.75,1,1298,-4.1,-89.2,3.4
1.0,1145.689739,235.11,-0.18,-67.69,5.18,2.51,3.25,1,1171,-4.4,-146.7,-1.3
1.0,1145.699739,236.16,-0.16,-69.68,5.11,1.26,2.25,1,1044,-4.0,-141.2,2.0
1.0,1145.709740,237.48,-0.34,-70.77,5.28,-0.0,0.75,1,917,-3.6,-114.4,2.1
1.0,1145.719739,238.89,-0.45,-71.76,5.37,-1.26,-0.75,1,1804,-1.6,-126.2,2.7
1.0,1145.729739,240.29,-0.57,-73.43,5.45,-2.51,-2.25,1,1677,-6.5,-154.8,0.7
1.0,1145.739739,241.35,-0.66,-75.09,5.47,-3.75,-3.25,1,1558,-2.2,-138.0,0.9
1.0,1145.749739,242.58,-0.74,-76.06,5.57,-4.97,-4.5,1,1439,-2.8,-112.8,1.6
1.0,1145.759739,243.98,-0.94,-77.02,5.75,-6.18,-6.0,1,1294,-1.8,-121.7,2.3
1.0,1145.769739,245.21,-1.16,-78.57,5.93,-7.36,-7.25,1,1176,-6.1,-146.1,0.5
1.0,1145.779739,246.27,-1.44,-80.19,6.15,-8.52,-8.5,1,1040,-1.9,-137.1,2.3
1.0,1145.789740,247.32,-1.7,-81.22,6.42,-9.64,-9.5,1,912,-3.0,-112.5,0.3
1.0,1145.799739,247.94,-1.87,-81.9,6.56,-10.72,-10.25,1,1800,-1.6,-92.8,2.3
1.0,1145.809739,249.08,-2.23,-82.56,6.93,-11.76,-11.25,1,1681,-1.8,-85.7,0.9
1.0,1145.819739,250.14,-2.53,-83.42,7.22,-12.75,-12.5,1,1562,-0.5,-92.6,1.6
1.0,1145.829739,251.1,-3.32,-84.66,7.98,-13.69,-13.5,1,1435,-4.9,-117.4,1.1
1.0,1145.839740,251.98,-4.53,-85.99,9.13,-14.58,-14.25,1,1299,-2.0,-108.2,1.0
1.0,1145.849740,253.04,-5.72,-86.78,10.33,-15.41,-15.25,1,1171,-1.9,-89.2,1.0
1.0,1145.859740,254.09,-7.79,-87.52,12.4,-16.18,-16.75,1,1044,-0.6,-93.2,1.9
1.0,1145.869740,254.79,-17.0,-88.78,21.58,-16.89,-17.5,1,917,-4.3,-125.2,1.4
1.0,1145.879740,254.97,-94.53,-89.67,99.05,-17.53,-17.5,1,1805,-3.0,-87.3,-1.6
1.0,1145.889740,255.06,-61.87,-89.62,66.43,-18.1,-17.5,1,1677,2.3,-17.4,3.3
1.0,1145.899740,255.32,-25.3,-89.09,29.91,-18.6,-17.75,1,1567,-0.4,-4.9,1.3
1.0,1145.909740,256.2,-27.87,-89.19,32.46,-19.02,-19.0,1,1440,0.9,-23.3,1.2
1.0,1145.919740,257.43,-130.81,-89.49,135.39,-19.37,-20.25,1,1295,-2.4,-86.9,1.0
1.0,1145.929740,258.22,-169.71,-87.77,174.23,-19.65,-20.75,1,1176,-3.4,-122.0,1.7
1.0,1145.939740,258.05,-173.33,-86.57,177.82,-19.84,-20.75,1,1041,-1.9,-86.3,-0.3
1.0,1145.949740,257.78,-172.81,-86.93,177.32,-19.96,-20.25,1,922,0.5,-0.2,0.9
1.0,1145.959740,257.78,-165.33,-88.26,169.89,-20.0,-20.0,1,1801,3.5,50.7,4.4
1.0,1145.969740,257.87,-152.38,-88.94,156.99,-19.96,-20.25,1,1682,2.3,23.0,2.0
1.0,1145.979740,257.87,-162.81,-88.48,167.36,-19.84,-20.25,1,1563,-4.2,-22.7,-1.7
1.0,1145.989740,257.87,-168.43,-88.01,172.92,-19.65,-19.5,1,1435,-0.3,-4.4,-0.7
1.0,1145.999740,256.82,-165.41,-88.33,169.96,-19.37,-18.25,1,1300,1.2,15.4,1.2
1.0,1146.009740,256.46,-137.73,-89.34,142.32,-19.02,-17.5,1,1172,3.6,92.6,0.8
1.0,1146.019740,256.46,-25.13,-88.89,29.79,-18.6,-17.75,1,1035,5.7,72.4,3.5
1.0,1146.029740,256.46,-30.56,-89.03,35.22,-18.1,-18.25,1,918,-1.9,2.7,-0.6
1.0,1146.039740,256.46,-79.56,-89.58,84.09,-17.53,-18.0,1,1805,-5.5,-5.9,-4.0
1.0,1146.049740,256.11,-123.94,-89.58,128.45,-16.89,-17.5,1,1678,0.9,-22.2,-2.4
1.0,1146.059740,255.15,-113.35,-89.6,117.92,-16.18,-16.5,1,1568,-0.7,23.7,0.9
1.0,1146.069740,254.53,-17.81,-88.67,22.4,-15.41,-15.25,1,1440,3.8,96.5,0.8
1.0,1146.079740,253.74,-7.86,-86.84,12.57,-14.58,-14.75,1,1304,8.6,113.5,3.4
1.0,1146.089739,253.48,-6.62,-86.15,11.34,-13.69,-14.75,1,1177,-3.8,52.3,-1.1
1.0,1146.099739,252.95,-5.81,-86.46,10.41,-12.75,-14.0,1,1041,0.1,31.9,-4.2
1.0,1146.109739,251.63,-5.09,-86.22,9.73,-11.76,-12.75,1,922,0.8,44.5,1.2
1.0,1146.119739,250.31,-4.08,-84.97,8.75,-10.72,-11.25,1,1801,2.6,112.4,-2.6
1.0,1146.129739,249.61,-2.57,-82.8,7.31,-9.64,-10.25,1,1683,6.4,150.0,1.5
1.0,1146.139739,248.55,-2.43,-81.33,7.26,-8.52,-9.5,1,1564,4.9,109.1,1.8
1.0,1146.149739,247.24,-2.11,-81.01,6.89,-7.36,-8.25,1,1436,-3.2,73.1,-4.4
1.0,1146.159739,245.83,-1.31,-80.15,6.05,-6.18,-6.5,1,1300,5.0,122.6,-4.5
1.0,1146.169739,244.95,-1.13,-78.08,6.01,-4.97,-5.5,1,1173,6.0,156.9,3.9
1.0,1146.179739,243.98,-1.33,-76.57,6.26,-3.75,-4.75,1,1035,3.6,116.8,0.5
1.0,1146.189739,242.67,-1.01,-76.25,5.88,-2.51,-3.25,1,926,-2.1,72.7,-4.3
1.0,1146.199739,241.17,-0.58,-75.42,5.43,-1.26,-1.75,1,1806,5.0,126.7,-4.7
1.0,1146.209740,239.68,-0.5,-73.31,5.47,-0.0,-0.25,1,1678,3.7,157.5,3.4
1.0,1146.219739,238.45,-0.64,-71.5,5.62,1.26,0.75,1,1568,2.7,149.7,-1.3
1.0,1146.229739,237.13,-0.34,-70.33,5.33,2.51,2.25,1,1441,3.7,124.8,-3.3
1.0,1146.239739,235.72,-0.2,-69.27,5.22,3.75,3.75,1,1296,1.9,130.9,-1.3
1.0,1146.249739,234.32,-0.16,-67.64,5.21,4.97,5.25,1,1177,5.2,157.4,-1.4
1.0,1146.259739,233.09,-0.12,-66.01,5.23,6.18,6.25,1,1042,2.8,136.4,1.5
1.0,1146.269739,232.21,-0.07,-65.04,5.19,7.36,7.25,1,940,4.3,118.0,-3.9
1.0,1146.279739,231.33,0.06,-64.23,5.08,8.52,8.0,1,1802,1.3,99.3,0.9
1.0,1146.289739,230.27,-0.02,-63.56,5.16,9.64,9.25,1,1683,1.9,86.2,-0.9
1.0,1146.299739,229.13,0.11,-62.75,5.05,10.72,10.25,1,1564,3.0,93.7,-3.0
1.0,1146.309739,227.9,0.22,-61.37,5.0,11.76,11.5,1,1428,4.8,130.8,-0.6
1.0,1146.319739,226.93,0.17,-59.84,5.08,12.75,12.5,1,1300,0.2,115.4,1.4
1.0,1146.329739,226.32,0.18,-59.03,5.06,13.69,13.25,1,1173,4.3,96.5,-2.9
1.0,1146.339740,225.18,0.28,-58.42,5.01,14.58,14.25,1,1038,1.4,80.1,1.4
1.0,1146.349740,224.03,0.28,-57.65,5.02,15.41,15.5,1,944,3.0,93.2,-3.7
1.0,1146.359739,222.98,0.41,-56.27,4.93,16.18,16.5,1,1806,4.9,125.4,-0.1
1.0,1146.369739,222.45,0.34,-54.85,5.04,16.89,17.25,1,1679,-0.4,109.2,1.8
1.0,1146.379739,222.36,0.31,-54.31,5.04,17.53,17.25,1,1568,3.3,70.5,-1.5
1.0,1146.389739,222.36,0.38,-54.62,4.99,18.1,17.25,1,1433,-1.5,7.4,0.7
1.0,1146.399739,222.01,0.35,-55.26,4.98,18.6,17.5,1,1305,1.2,-0.4,-2.1
1.0,1146.409739,221.31,0.42,-55.14,4.93,19.02,18.25,1,1178,0.5,19.7,0.4
1.0,1146.419740,219.9,0.44,-54.12,4.95,19.37,19.75,1,1042,4.3,82.2,-2.0
1.0,1146.429740,219.29,0.51,-52.23,4.95,19.65,20.5,1,940,2.6,126.4,1.3
1.0,1146.439740,219.2,0.42,-50.88,5.04,19.84,20.25,1,1802,0.7,90.9,1.8
1.0,1146.449740,219.29,0.41,-51.16,5.03,19.96,20.0,1,1683,-1.0,7.5,-0.9
1.0,1146.459740,219.38,0.48,-52.12,4.92,20.0,20.25,1,1564,0.4,-12.6,-3.1
1.0,1146.469740,219.38,0.58,-52.48,4.86,19.96,20.25,1,1428,4.5,-16.4,-0.7
1.0,1146.479740,219.2,0.49,-52.39,4.97,19.84,20.25,1,1301,-4.6,12.8,4.8
1.0,1146.489740,219.29,0.37,-52.01,5.03,19.65,20.25,1,1174,1.5,8.9,-2.1
1.0,1146.499740,219.9,0.5,-52.09,4.94,19.37,19.0,1,1038,0.3,-3.7,1.8
1.0,1146.509740,221.04,0.38,-52.67,5.02,19.02,18.25,1,936,-4.6,-45.2,1.8
1.0,1146.519739,221.22,0.4,-54.37,4.92,18.6,18.25,1,1807,-1.1,-128.7,-4.5
1.0,1146.529739,221.13,0.58,-55.58,4.77,18.1,18.5,1,1679,2.1,-37.3,-0.6
1.0,1146.539739,221.31,0.42,-54.43,4.98,17.53,17.75,1,1569,-2.0,23.4,7.6
1.0,1146.549739,221.84,0.27,-54.04,5.09,16.89,16.75,1,1433,-1.9,-21.3,-1.9
1.0,1146.559739,222.8,0.43,-55.01,4.89,16.18,16.0,1,1306,0.0,-52.4,-1.3
1.0,1146.569739,223.51,0.4,-56.2,4.92,15.41,15.25,1,1178,-3.6,-87.8,2.1
1.0,1146.579739,224.38,0.3,-57.33,4.98,14.58,14.75,1,1043,-1.3,-78.0,0.9
1.0,1146.589740,224.91,0.32,-58.12,4.96,13.69,14.25,1,940,-1.3,-88.1,1.0
1.0,1146.599739,225.53,0.28,-58.94,4.98,12.75,13.75,1,1802,-2.7,-72.4,1.7
1.0,1146.609739,226.32,0.22,-59.22,5.02,11.76,12.25,1,1684,-0.9,-43.0,1.7
1.0,1146.619739,227.81,0.18,-59.61,5.05,10.72,11.25,1,1565,-3.1,-68.9,1.9
1.0,1146.629739,228.87,0.16,-61.43,5.0,9.64,10.5,1,1429,-4.5,-156.1,-1.8
1.0,1146.639739,229.22,0.23,-63.44,4.92,8.52,9.75,1,1301,1.3,-113.6,0.9
1.0,1146.649739,230.36,0.11,-63.46,5.09,7.36,8.25,1,1174,-2.6,-44.7,5.5
1.0,1146.659739,231.94,-0.06,-63.71,5.19,6.18,6.5,1,1039,-3.8,-93.4,0.1
1.0,1146.669740,233.44,-0.01,-65.94,5.08,4.97,5.5,1,945,-3.7,-174.4,1.1
1.0,1146.679739,234.32,-0.07,-68.29,5.1,3.75,4.75,1,1807,-4.0,-153.8,-0.1
1.0,1146.689739,235.2,-0.14,-69.01,5.15,2.51,3.25,1,1679,-2.1,-92.9,3.2
1.0,1146.699739,236.87,-0.31,-69.01,5.34,1.26,1.75,1,1561,-1.6,-60.4,3.5
1.0,1146.709740,238.27,-0.34,-70.59,5.32,0.0,0.25,1,1433,-5.3,-190.8,-1.4
1.0,1146.719739,239.24,-0.42,-73.43,5.32,-1.26,-1.0,1,1306,-4.3,-154.0,3.3
1.0,1146.729739,240.21,-0.63,-74.12,5.51,-2.51,-2.0,1,1179,-3.8,-105.6,0.1
1.0,1146.739739,241.26,-0.62,-74.61,5.49,-3.75,-3.25,1,1043,-1.5,-96.7,2.4
1.0,1146.749740,242.58,-0.76,-75.56,5.64,-4.97,-4.5,1,941,-1.5,-104.4,1.0
1.0,1146.759739,243.72,-0.88,-76.99,5.71,-6.18,-5.75,1,1803,-5.3,-134.9,1.4
1.0,1146.769739,244.78,-1.12,-78.51,5.88,-7.36,-6.75,1,1684,-2.7,-121.3,0.7
1.0,1146.779739,245.83,-1.26,-79.44,6.04,-8.52,-8.0,1,1566,-1.6,-106.7,2.2
1.0,1146.789739,247.15,-1.56,-80.36,6.34,-9.64,-9.5,1,1429,-1.4,-106.8,1.8
1.0,1146.799739,248.38,-1.88,-81.75,6.61,-10.72,-10.75,1,1302,-5.3,-139.4,0.8
1.0,1146.809739,249.43,-2.45,-83.37,7.12,-11.76,-11.75,1,1174,-2.5,-129.0,1.7
1.0,1146.819739,250.31,-2.97,-84.36,7.65,-12.75,-12.75,1,1039,-2.3,-109.3,0.6
1.0,1146.829740,251.02,-3.51,-85.06,8.18,-13.69,-13.25,1,946,-1.7,-90.6,2.2
1.0,1146.839740,251.89,-4.27,-85.63,8.93,-14.58,-14.25,1,1808,-1.8,-75.6,1.0
1.0,1146.849740,253.12,-5.09,-86.32,9.75,-15.41,-15.5,1,1680,-0.3,-84.0,1.6
1.0,1146.859740,254.0,-8.06,-87.57,12.68,-16.18,-16.5,1,1570,-4.8,-117.9,0.9
1.0,1146.869740,254.44,-18.74,-88.93,23.32,-16.89,-17.0,1,1434,-1.6,-104.9,1.1
1.0,1146.879740,254.53,-34.13,-89.4,38.71,-17.53,-17.0,1,1307,-2.4,-64.3,-0.2
1.0,1146.889740,254.79,-21.71,-89.08,26.3,-18.1,-17.25,1,1179,1.8,-4.7,1.9
1.0,1146.899740,255.85,-16.63,-88.7,21.27,-18.6,-18.25,1,1043,0.6,-21.0,1.3
1.0,1146.909740,256.64,-61.0,-89.56,65.6,-19.02,-19.25,1,942,-2.4,-86.8,2.2
1.0,1146.919740,257.08,-165.62,-88.47,170.16,-19.37,-19.75,1,1804,-4.6,-104.3,-1.1
1.0,1146.929740,257.26,-170.52,-87.86,175.05,-19.65,-19.75,1,1686,1.5,-44.5,0.6
1.0,1146.939740,257.08,-165.7,-88.37,170.28,-19.84,-19.25,1,1566,-0.9,-7.3,3.7
1.0,1146.949740,256.99,-158.55,-88.81,163.12,-19.96,-19.0,1,1430,2.1,9.9,0.6
1.0,1146.959740,257.26,-148.8,-89.17,153.43,-20.0,-19.75,1,1304,2.3,23.4,2.4
1.0,1146.969740,257.96,-147.25,-89.18,151.85,-19.96,-20.75,1,1175,-2.0,-12.0,0.3
1.0,1146.979740,258.31,-168.78,-87.99,173.31,-19.84,-21.25,1,1039,-3.7,-92.1,-2.9
1.0,1146.989740,258.31,-173.82,-86.65,178.33,-19.65,-20.75,1,946,-0.9,-56.4,0.7
1.0,1146.999740,258.05,-171.73,-87.15,176.27,-19.37,-20.0,1,1808,0.9,15.4,1.5
1.0,1147.009740,257.96,-164.51,-88.29,169.11,-19.02,-19.75,1,1681,3.8,45.5,4.0
1.0,1147.019740,257.87,-158.0,-88.69,162.64,-18.6,-19.5,1,1562,1.5,13.5,1.1
1.0,1147.029740,257.17,-162.78,-88.52,167.34,-18.1,-18.75,1,1434,-5.0,12.4,-2.0
1.0,1147.039740,256.29,-157.81,-88.98,162.34,-17.53,-17.5,1,1307,2.9,47.9,-1.8
1.0,1147.049740,255.23,-39.95,-89.35,44.61,-16.89,-16.5,1,1180,6.1,109.1,3.6
1.0,1147.059740,254.88,-12.29,-87.85,16.98,-16.18,-16.0,1,1043,0.6,98.1,-1.5
1.0,1147.069740,254.71,-8.75,-87.33,13.43,-15.41,-16.0,1,942,4.1,64.8,0.4
1.0,1147.079740,254.36,-9.99,-87.62,14.67,-14.58,-15.75,1,1804,-3.5,4.0,-1.0
1.0,1147.089739,253.39,-10.73,-88.01,15.32,-13.69,-14.5,1,1685,-0.5,21.9,-2.8
1.0,1147.099739,252.6,-6.28,-86.92,10.93,-12.75,-13.5,1,1566,2.5,93.1,-0.9
1.0,1147.109739,251.98,-4.51,-85.12,9.26,-11.76,-13.25,1,1430,7.5,109.4,3.8
1.0,1147.119739,251.28,-4.38,-84.47,9.16,-10.72,-12.5,1,1303,-1.9,48.3,-0.5
1.0,1147.129739,250.05,-3.34,-84.5,8.02,-9.64,-11.25,1,1176,-0.6,59.0,-6.4
1.0,1147.139739,248.73,-2.26,-83.23,6.99,-8.52,-9.5,1,1040,3.9,116.1,1.4
1.0,1147.149739,247.94,-2.16,-81.08,6.98,-7.36,-8.5,1,946,5.7,158.2,0.8
1.0,1147.159739,246.8,-1.8,-79.55,6.69,-6.18,-7.75,1,1808,5.3,111.2,1.2
1.0,1147.169739,245.39,-1.55,-79.25,6.39,-4.97,-6.25,1,1681,-3.1,76.7,-4.8
1.0,1147.179739,244.07,-0.95,-78.25,5.76,-3.75,-4.75,1,1571,5.3,135.3,-3.7
1.0,1147.189739,242.4,-0.88,-76.09,5.82,-2.51,-3.25,1,1435,5.6,157.0,3.8
1.0,1147.199739,241.35,-0.93,-74.39,5.89,-1.26,-2.0,1,1307,1.2,148.4,-2.8
1.0,1147.209740,240.21,-0.56,-73.25,5.51,0.0,-1.0,1,1180,4.2,123.1,-1.8
1.0,1147.219739,238.97,-0.52,-72.44,5.51,1.26,0.25,1,1044,1.6,105.7,0.0
1.0,1147.229739,237.13,-0.41,-71.42,5.4,2.51,2.25,1,942,2.9,119.4,-4.2
1.0,1147.239739,235.37,-0.11,-69.55,5.16,3.75,4.0,1,1804,5.8,174.0,-2.8
1.0,1147.249739,233.53,-0.12,-67.01,5.24,4.97,5.75,1,1685,3.9,199.7,2.2
1.0,1147.259739,232.47,-0.14,-64.96,5.29,6.18,6.75,1,1567,4.5,179.1,-1.9
1.0,1147.269739,232.12,0.01,-63.91,5.16,7.36,7.25,1,1431,3.0,125.4,-1.0
1.0,1147.279739,231.68,-0.03,-63.91,5.19,8.52,7.75,1,1303,0.4,53.5,0.6
1.0,1147.289739,230.89,-0.01,-64.21,5.16,9.64,8.5,1,1176,2.3,41.9,-2.5
1.0,1147.299739,229.57,0.09,-63.77,5.09,10.72,9.75,1,1041,1.1,55.6,-0.1
1.0,1147.309739,227.99,0.17,-62.37,5.05,11.76,11.25,1,947,5.7,126.5,-4.0
1.0,1147.319739,227.11,0.26,-60.08,5.02,12.75,12.5,1,1809,2.2,158.6,2.0
1.0,1147.329739,226.58,0.14,-58.57,5.17,13.69,12.75,1,1681,3.7,118.9,1.2
1.0,1147.339739,225.97,0.19,-58.46,5.11,14.58,13.5,1,1563,-1.0,50.3,-1.8
1.0,1147.349739,224.65,0.28,-58.64,4.98,15.41,14.75,1,1436,2.6,50.7,-3.4
1.0,1147.359739,223.68,0.4,-57.45,4.94,16.18,16.0,1,1308,5.0,119.0,-0.9
1.0,1147.369739,222.89,0.36,-55.43,5.05,16.89,16.75,1,1180,2.3,132.9,2.4
1.0,1147.379739,222.45,0.29,-54.59,5.1,17.53,17.25,1,1045,-0.1,70.9,-0.6
1.0,1147.389739,222.1,0.4,-54.72,4.98,18.1,17.5,1,1932,3.7,48.7,-3.3
1.0,1147.399739,221.4,0.42,-54.57,4.99,18.6,18.0,1,1805,-0.9,37.2,3.1
1.0,1147.409739,220.61,0.36,-54.18,5.04,19.02,19.0,1,1686,2.6,50.8,-3.5
1.0,1147.419740,219.9,0.53,-53.12,4.93,19.37,19.75,1,1567,4.2,91.8,-0.2
1.0,1147.429740,219.46,0.45,-51.89,5.03,19.65,20.25,1,1431,-1.2,82.3,2.0
1.0,1147.439740,219.46,0.41,-51.52,5.05,19.84,19.75,1,1304,2.8,47.0,-1.1
1.0,1147.449740,220.17,0.46,-51.89,5.01,19.96,18.75,1,1176,-2.1,-2.1,1.3
1.0,1147.459740,221.13,0.43,-53.1,4.99,20.0,18.5,1,1042,-0.1,-72.0,-2.6
1.0,1147.469740,220.52,0.53,-54.72,4.86,19.96,18.75,1,1937,-1.6,-92.0,-1.8
1.0,1147.479740,219.81,0.51,-54.63,4.9,19.84,19.75,1,1810,1.9,29.1,1.6
1.0,1147.489740,219.02,0.45,-52.58,5.02,19.65,20.5,1,1682,0.2,83.8,2.4
1.0,1147.499740,218.76,0.42,-51.27,5.04,19.37,20.75,1,1563,0.9,76.6,0.0
1.0,1147.509739,218.76,0.47,-50.94,5.01,19.02,20.25,1,1436,1.7,39.7,0.5
1.0,1147.519739,219.81,0.45,-51.32,5.02,18.6,19.25,1,1309,-1.7,-1.0,0.8
1.0,1147.529739,220.61,0.45,-52.64,4.97,18.1,18.75,1,1172,-0.8,-90.7,-2.0
1.0,1147.539739,220.69,0.53,-54.57,4.86,17.53,18.75,1,1045,-1.0,-104.0,-1.5
1.0,1147.549739,220.78,0.49,-54.73,4.92,16.89,18.5,1,1933,0.6,-2.1,3.1
1.0,1147.559739,221.22,0.37,-53.8,5.06,16.18,17.5,1,1805,-3.0,-8.6,3.0
1.0,1147.569739,222.54,0.34,-54.21,5.03,15.41,16.25,1,1687,-1.6,-34.9,-0.7
1.0,1147.579739,223.51,0.38,-55.78,4.95,14.58,15.25,1,1568,-3.5,-130.4,0.3
1.0,1147.589739,224.12,0.37,-57.81,4.93,13.69,15.25,1,1432,-1.9,-107.4,-0.7
1.0,1147.599739,224.56,0.4,-58.28,4.92,12.75,14.75,1,1304,1.2,-70.1,1.5
1.0,1147.609739,225.18,0.29,-58.2,5.05,11.76,13.75,1,1168,-2.9,-29.8,4.9
1.0,1147.619739,226.76,0.16,-58.47,5.11,10.72,11.75,1,1041,-3.9,-66.6,-0.1
1.0,1147.629739,228.52,0.19,-60.24,5.03,9.64,10.25,1,1937,-2.7,-140.6,1.7
1.0,1147.639739,229.48,0.13,-62.83,5.04,8.52,9.75,1,1810,-6.7,-184.9,-0.2
1.0,1147.649739,229.83,0.22,-64.55,4.93,7.36,9.25,1,1682,3.0,-127.6,-2.2
1.0,1147.659739,230.19,0.17,-64.22,5.05,6.18,8.5,1,1564,-2.9,-23.7,8.0
1.0,1147.669739,231.77,-0.1,-63.55,5.27,4.97,6.75,1,1436,-2.4,-37.2,-0.7
1.0,1147.679739,233.44,0.01,-65.07,5.11,3.75,5.0,1,1309,-3.3,-138.5,1.9
1.0,1147.689739,234.49,-0.16,-67.86,5.22,2.51,3.75,1,1173,-6.5,-177.5,1.9
1.0,1147.699739,235.55,-0.15,-69.55,5.14,1.26,2.75,1,1045,-2.5,-130.2,-3.1
1.0,1147.709740,236.95,-0.13,-69.99,5.16,-0.0,1.25,1,1933,-0.2,-90.7,6.0
1.0,1147.719739,238.71,-0.48,-70.97,5.51,-1.26,-0.5,1,1806,-4.1,-138.1,2.6
1.0,1147.729739,239.77,-0.53,-73.26,5.46,-2.51,-1.5,1,1687,-6.3,-181.3,0.0
1.0,1147.739739,240.64,-0.57,-74.96,5.44,-3.75,-2.5,1,1569,-3.7,-126.7,0.5
1.0,1147.749739,241.96,-0.65,-75.14,5.55,-4.97,-3.75,1,1432,0.0,-72.7,2.7
1.0,1147.759739,243.81,-0.85,-75.92,5.76,-6.18,-5.75,1,1305,-3.4,-131.6,2.5
1.0,1147.769739,245.65,-1.16,-78.38,5.99,-7.36,-7.75,1,1168,-4.7,-187.0,1.1
1.0,1147.779739,246.09,-1.54,-80.97,6.29,-8.52,-8.5,1,1042,-7.5,-203.7,1.1
1.0,1147.789739,246.36,-1.61,-81.95,6.31,-9.64,-8.5,1,1938,-2.2,-81.3,-2.3
1.0,1147.799739,246.8,-1.43,-80.9,6.21,-10.72,-8.75,1,1810,3.2,-17.3,5.1
1.0,1147.809739,247.76,-1.77,-80.53,6.6,-11.76,-10.0,1,1683,-0.8,-27.0,0.2
1.0,1147.819739,249.08,-1.85,-81.55,6.63,-12.75,-11.25,1,1573,-1.8,-92.2,2.4
1.0,1147.829739,250.22,-2.61,-83.59,7.33,-13.69,-12.5,1,1437,-5.2,-139.2,-0.8
1.0,1147.839740,251.19,-3.38,-85.24,8.05,-14.58,-13.5,1,1309,-2.1,-118.2,1.8
1.0,1147.849740,251.98,-4.71,-86.05,9.39,-15.41,-14.25,1,1173,-1.7,-102.1,2.4
1.0,1147.859740,252.86,-5.66,-86.71,10.32,-16.18,-15.25,1,1045,-2.9,-82.7,-0.4
1.0,1147.869740,254.0,-7.13,-87.41,11.78,-16.89,-16.75,1,1933,0.4,-89.6,2.7
1.0,1147.879740,255.06,-15.54,-88.66,20.19,-17.53,-17.75,1,1806,-4.8,-121.2,0.9
1.0,1147.889740,255.94,-106.77,-89.64,111.35,-18.1,-18.5,1,1688,-1.5,-107.8,0.6
1.0,1147.899740,256.29,-157.8,-89.02,162.41,-18.6,-19.0,1,1569,-1.0,-94.2,3.3
1.0,1147.909740,256.38,-163.08,-88.67,167.67,-19.02,-19.0,1,1432,-2.9,-49.3,-0.9
1.0,1147.919740,256.38,-157.62,-89.06,162.21,-19.37,-19.0,1,1305,2.0,-4.7,1.7
1.0,1147.929740,256.55,-136.45,-89.42,141.08,-19.65,-19.25,1,1169,0.0,0.4,1.7
1.0,1147.939740,257.26,-142.63,-89.33,147.25,-19.84,-19.75,1,1042,0.4,-16.2,0.9
1.0,1147.949740,257.78,-163.09,-88.65,167.69,-19.96,-20.25,1,1938,-2.3,-59.2,-0.1
1.0,1147.959740,257.78,-170.21,-87.72,174.79,-20.0,-20.5,1,1811,-0.3,-53.3,1.0
1.0,1147.969740,257.7,-170.44,-87.58,175.02,-19.96,-19.75,1,1683,-1.3,-19.7,0.6
1.0,1147.979740,257.17,-166.38,-88.22,170.97,-19.84,-18.75,1,1565,1.6,32.1,2.5
1.0,1147.989740,256.9,-149.7,-89.12,154.35,-19.65,-18.25,1,1437,3.5,45.4,0.7
1.0,1147.999740,256.82,-87.25,-89.53,91.95,-19.37,-18.25,1,1310,3.9,65.2,4.6
1.0,1148.009740,256.82,-63.61,-89.45,68.3,-19.02,-19.0,1,1174,-1.1,2.6,-1.0
1.0,1148.019740,257.08,-135.03,-89.4,139.65,-18.6,-19.75,1,1046,-2.2,-4.6,-1.2
1.0,1148.029740,257.26,-158.18,-88.96,162.76,-18.1,-19.75,1,1934,-3.0,-46.2,-3.5
1.0,1148.039740,257.26,-167.36,-88.39,171.91,-17.53,-19.0,1,1807,-2.3,-19.4,-0.6
1.0,1148.049740,256.55,-161.83,-88.74,166.4,-16.89,-17.75,1,1688,1.7,10.5,1.4
1.0,1148.059740,256.2,-110.98,-89.54,115.64,-16.18,-17.25,1,1569,4.2,73.2,2.3
1.0,1148.069740,255.5,-22.43,-88.75,27.16,-15.41,-16.75,1,1433,5.5,69.7,3.8
1.0,1148.079740,254.71,-17.05,-88.49,21.73,-14.58,-15.75,1,1305,-6.0,31.9,-4.8
1.0,1148.089739,253.56,-9.94,-88.07,14.56,-13.69,-14.75,1,1170,5.3,84.1,-1.9
1.0,1148.099739,252.42,-5.96,-86.34,10.73,-12.75,-13.5,1,1043,4.3,121.5,2.5
1.0,1148.109739,251.63,-4.5,-84.85,9.26,-11.76,-12.75,1,1939,1.0,112.3,-1.6
1.0,1148.119739,250.4,-3.33,-84.0,8.08,-10.72,-11.5,1,1811,2.7,94.2,-1.2
1.0,1148.129739,249.17,-2.67,-83.15,7.43,-9.64,-10.0,1,1684,0.3,103.4,-3.0
1.0,1148.139739,248.55,-2.03,-81.68,6.82,-8.52,-9.25,1,1565,5.4,138.0,0.1
1.0,1148.149739,247.76,-2.07,-80.37,6.99,-7.36,-8.75,1,1438,7.7,96.8,4.5
1.0,1148.159739,246.36,-1.92,-80.18,6.8,-6.18,-7.25,1,1310,-5.4,60.3,-6.8
1.0,1148.169739,245.13,-1.04,-79.43,5.84,-4.97,-5.75,1,1174,6.0,111.3,-3.2
1.0,1148.179739,243.63,-1.09,-77.45,6.05,-3.75,-4.5,1,1047,4.1,147.2,4.3
1.0,1148.189739,242.49,-1.15,-75.73,6.09,-2.51,-3.25,1,1935,1.1,136.3,-2.7
2.0,1150.219739,240.38,-0.6,-75.04,5.59,0.0,-1.25,1,1562,7.8,222.4,-8.1
2.0,1150.229739,237.39,-0.29,-71.97,5.39,2.51,1.75,1,1443,5.1,272.9,1.9
2.0,1150.239739,235.55,-0.33,-68.46,5.48,4.97,4.0,1,1316,7.7,300.3,-4.5
2.0,1150.249739,233.44,-0.08,-65.81,5.33,7.36,5.75,1,1180,8.0,237.5,1.4
2.0,1150.259739,231.15,-0.08,-64.69,5.33,9.64,8.0,1,1079,0.9,174.9,-5.3
2.0,1150.269739,228.52,0.21,-63.13,5.04,11.76,10.75,1,1940,9.2,218.6,-5.5
2.0,1150.279739,226.05,0.28,-59.98,5.1,13.69,13.25,1,1813,3.8,271.3,1.6
2.0,1150.289739,224.74,0.22,-56.74,5.21,15.41,14.75,1,1695,8.9,271.3,-2.1
2.0,1150.299739,223.59,0.33,-55.15,5.19,16.89,15.75,1,1567,3.8,159.2,1.6
2.0,1150.309739,221.92,0.35,-55.23,5.13,18.1,17.5,1,1439,2.6,103.6,-6.6
2.0,1150.319739,220.52,0.56,-54.25,4.94,19.02,19.0,1,1312,6.7,153.8,-2.9
2.0,1150.329740,219.64,0.47,-52.1,5.11,19.65,19.75,1,1176,1.1,164.8,4.7
2.0,1150.339740,218.85,0.37,-51.04,5.18,19.96,20.75,1,2064,1.4,95.8,-3.4
2.0,1150.349740,218.67,0.57,-51.01,5.01,19.96,20.75,1,1936,5.6,71.9,-2.7
2.0,1150.359740,218.76,0.52,-50.88,5.08,19.65,20.75,1,1818,-3.1,36.4,4.3
2.0,1150.369739,219.02,0.39,-51.32,5.13,19.02,20.25,1,1699,-0.0,-8.2,-3.1
2.0,1150.379739,219.9,0.56,-52.01,4.99,18.1,19.0,1,1563,2.8,-24.9,-0.6
2.0,1150.389739,221.48,0.45,-52.88,5.09,16.89,17.5,1,1444,-6.7,-69.5,4.5
2.0,1150.399739,222.98,0.34,-55.0,5.09,15.41,16.25,1,1316,-1.5,-167.5,-3.4
2.0,1150.409739,224.3,0.47,-57.5,4.94,13.69,15.0,1,1180,-4.0,-152.1,2.3
2.0,1150.419739,225.7,0.23,-58.67,5.13,11.76,13.0,1,2068,-5.8,-132.4,4.7
2.0,1150.429739,227.99,0.13,-59.92,5.19,9.64,10.5,1,1941,-3.5,-144.7,1.3
2.0,1150.439739,230.27,0.13,-62.17,5.15,7.36,8.25,1,1814,-5.2,-212.7,2.5
2.0,1150.449739,232.38,0.03,-65.42,5.17,4.97,6.75,1,1695,-7.0,-257.4,0.6
2.0,1150.459739,233.88,0.03,-67.93,5.13,2.51,4.25,1,1567,-1.0,-205.6,0.7
2.0,1150.469740,236.69,-0.16,-69.11,5.33,-0.0,1.5,1,1440,-6.7,-169.4,7.6
2.0,1150.479739,239.33,-0.5,-71.26,5.56,-2.51,-1.25,1,1304,-6.9,-251.8,-0.2
2.0,1150.489739,241.61,-0.58,-74.91,5.54,-4.97,-3.75,1,1176,-9.1,-282.0,4.1
2.0,1150.499739,244.07,-1.0,-77.66,5.89,-7.36,-6.25,1,2073,-6.6,-244.7,0.3
2.0,1150.509739,246.27,-1.23,-79.66,6.11,-9.64,-8.75,1,1945,-3.1,-237.6,4.7
2.0,1150.519739,248.64,-2.0,-82.07,6.84,-11.76,-10.75,1,1818,-8.7,-248.8,1.0
2.0,1150.529739,250.75,-2.89,-84.48,7.64,-13.69,-13.25,1,1699,-4.7,-229.0,2.6
2.0,1150.539740,252.6,-5.37,-86.47,10.13,-15.41,-15.25,1,1563,-2.8,-219.7,4.3
2.0,1150.549740,253.83,-12.43,-88.42,17.13,-16.89,-16.5,1,1444,-8.9,-206.8,-0.6
2.0,1150.559740,255.23,-47.86,-89.58,52.49,-18.1,-17.75,1,1308,-0.0,-138.9,1.6
2.0,1150.569740,256.73,-130.57,-89.51,135.29,-19.02,-19.5,1,1181,-0.6,-128.0,4.9
2.0,1150.579740,257.78,-166.78,-88.19,171.45,-19.65,-20.5,1,2069,-5.9,-155.4,1.2
2.0,1150.589740,257.87,-173.36,-86.75,177.96,-19.96,-20.5,1,1941,-2.1,-119.1,0.2
2.0,1150.599740,257.87,-173.1,-86.89,177.73,-19.96,-20.25,1,1814,0.2,-22.1,1.0
2.0,1150.609740,257.96,-167.89,-88.0,172.57,-19.65,-20.75,1,1695,3.0,16.2,3.9
2.0,1150.619740,257.96,-166.37,-88.14,171.06,-19.02,-20.5,1,1568,-2.7,-23.1,-0.9
2.0,1150.629740,257.7,-170.13,-87.76,174.76,-18.1,-19.75,1,1440,-0.1,-0.7,-0.1
2.0,1150.639740,256.55,-164.64,-88.42,169.31,-16.89,-18.25,1,1304,2.0,46.2,2.8
2.0,1150.649740,255.15,-104.61,-89.55,109.31,-15.41,-16.25,1,1177,2.0,93.9,-1.2
2.0,1150.659739,254.18,-11.77,-88.0,16.54,-13.69,-15.25,1,2065,6.5,159.0,1.8
2.0,1150.669739,253.04,-6.58,-86.06,11.45,-11.76,-14.25,1,1946,6.7,131.0,2.2
2.0,1150.679739,251.54,-5.05,-85.49,9.86,-9.64,-12.75,1,1818,-5.1,85.5,-6.0
2.0,1150.689739,249.61,-2.92,-84.61,7.65,-7.36,-10.75,1,1700,4.5,135.3,-3.8
2.0,1150.699739,246.97,-2.13,-82.13,7.02,-4.97,-8.0,1,1564,5.3,197.8,1.2
2.0,1150.709739,244.07,-1.47,-79.0,6.4,-2.51,-5.0,1,1445,5.6,250.3,-4.9
2.0,1150.719740,241.17,-0.72,-75.55,5.71,-0.0,-1.75,1,1309,6.9,293.1,-2.1
2.0,1150.729739,238.89,-0.51,-72.0,5.6,2.51,0.5,1,1181,9.6,312.0,-1.8
2.0,1150.739739,236.78,-0.35,-69.27,5.55,4.97,2.25,1,2069,8.0,254.0,0.0
2.0,1150.749739,234.32,-0.22,-67.85,5.4,7.36,4.75,1,1942,2.0,199.9,-6.1
2.0,1150.759739,231.59,0.09,-66.11,5.1,9.64,7.75,1,1814,7.8,228.1,-4.8
2.0,1150.769739,229.04,0.14,-63.05,5.16,11.76,10.25,1,1695,4.9,278.5,0.5
2.0,1150.779739,227.2,0.11,-59.81,5.25,13.69,12.25,1,1568,9.2,272.9,-0.7
2.0,1150.789739,225.26,0.22,-57.88,5.21,15.41,14.0,1,1441,2.4,198.6,-1.9
2.0,1150.799739,222.98,0.34,-56.84,5.07,16.89,16.5,1,1304,6.9,178.3,-5.9
2.0,1150.809739,220.96,0.49,-54.74,5.01,18.1,18.5,1,1177,5.4,230.5,-1.0
2.0,1150.819739,219.9,0.43,-51.95,5.14,19.02,19.75,1,2065,5.7,226.8,1.0
2.0,1150.829740,219.73,0.42,-50.7,5.18,19.65,19.75,1,1947,2.1,128.7,-0.4
2.0,1150.839740,219.73,0.46,-51.35,5.11,19.96,19.5,1,1819,2.7,33.0,-2.0
2.0,1150.849740,219.81,0.48,-52.33,5.07,19.96,19.5,1,1700,-2.6,-2.4,-0.0
2.0,1150.859740,219.46,0.47,-52.94,5.02,19.65,20.0,1,1564,1.7,-25.3,-3.6
2.0,1150.869739,219.29,0.56,-52.74,5.0,19.02,20.25,1,1445,2.8,43.2,2.4
2.0,1150.879739,219.55,0.43,-51.88,5.16,18.1,19.25,1,1309,-2.2,17.6,3.2
2.0,1150.889739,220.61,0.38,-52.3,5.13,16.89,18.25,1,1182,-1.4,-16.2,-1.8
2.0,1150.899739,221.57,0.46,-53.67,5.01,15.41,17.0,1,2070,-2.9,-103.6,-0.8
2.0,1150.909739,223.42,0.43,-55.52,5.02,13.69,15.25,1,1942,-0.4,-97.6,1.4
2.0,1150.919739,225.7,0.31,-57.14,5.12,11.76,12.75,1,1815,-7.0,-167.3,4.5
2.0,1150.929739,228.25,0.14,-60.14,5.17,9.64,10.75,1,1696,-5.3,-230.9,0.8
2.0,1150.939739,229.75,0.16,-63.38,5.09,7.36,9.25,1,1568,-7.2,-260.1,1.3
2.0,1150.949739,231.5,0.11,-65.31,5.12,4.97,7.0,1,1441,-0.6,-164.2,1.4
2.0,1150.959739,234.14,-0.03,-65.9,5.27,2.51,4.25,1,1305,-6.7,-154.5,6.7
2.0,1150.969740,236.78,-0.31,-68.61,5.44,0.0,1.5,1,1178,-7.2,-280.4,0.1
2.0,1150.979739,239.15,-0.36,-72.58,5.39,-2.51,-0.75,1,2066,-7.5,-270.9,3.5
2.0,1150.989739,241.17,-0.66,-74.97,5.63,-4.97,-3.25,1,1947,-6.7,-249.0,1.4
2.0,1150.999739,243.98,-0.84,-76.93,5.79,-7.36,-6.25,1,1820,-2.7,-217.2,3.8
2.0,1151.009739,246.45,-1.29,-79.29,6.22,-9.64,-8.75,1,1701,-8.1,-268.5,2.6
2.0,1151.019739,248.2,-2.0,-82.6,6.78,-11.76,-10.5,1,1564,-9.8,-279.1,0.6
2.0,1151.029739,249.87,-2.74,-84.47,7.49,-13.69,-12.25,1,1446,-2.0,-177.0,2.3
2.0,1151.039740,252.16,-3.75,-85.16,8.57,-15.41,-14.75,1,1310,-1.3,-171.3,4.9
2.0,1151.049740,254.09,-7.65,-87.3,12.42,-16.89,-16.75,1,1182,-6.3,-221.1,1.6
2.0,1151.059740,255.41,-103.04,-89.66,107.69,-18.1,-18.0,1,2070,-7.6,-225.6,0.4
2.0,1151.069740,256.46,-167.02,-88.54,171.66,-19.02,-19.25,1,1943,-0.1,-129.9,0.9
2.0,1151.079740,257.34,-166.45,-88.35,171.15,-19.65,-20.25,1,1815,-1.8,-114.2,5.9
2.0,1151.089740,257.78,-169.99,-87.57,174.65,-19.96,-20.5,1,1697,-2.5,-94.4,-1.1
2.0,1151.099740,257.78,-172.52,-87.18,177.17,-19.96,-20.5,1,1569,-1.1,-60.0,1.8
2.0,1151.109740,257.78,-170.53,-87.55,175.2,-19.65,-20.25,1,1442,1.3,3.3,0.9
2.0,1151.119740,257.78,-166.46,-88.24,171.15,-19.02,-20.25,1,1305,0.2,7.9,2.0
2.0,1151.129740,257.7,-165.24,-88.33,169.92,-18.1,-20.0,1,1187,0.4,4.9,0.7
2.0,1151.139740,257.17,-164.8,-88.42,169.48,-16.89,-18.75,1,2066,-0.9,12.3,0.4
2.0,1151.149740,255.67,-161.36,-88.72,166.04,-15.41,-17.0,1,1939,1.8,23.8,0.0
2.0,1151.159739,253.92,-35.5,-89.3,40.25,-13.69,-15.25,1,1820,4.4,166.9,0.5
2.0,1151.169739,251.72,-5.89,-86.08,10.71,-11.76,-13.25,1,1701,6.4,189.5,-0.3
2.0,1151.179739,249.35,-3.36,-83.91,8.22,-9.64,-10.5,1,1565,1.9,195.4,-3.2
2.0,1151.189739,247.59,-1.83,-81.47,6.7,-7.36,-8.25,1,1446,7.1,239.1,-4.8
2.0,1151.199739,245.3,-1.4,-78.7,6.44,-4.97,-6.25,1,1310,12.0,232.9,4.9
2.0,1151.209739,243.02,-1.35,-76.86,6.42,-2.51,-4.0,1,1182,-1.3,189.6,-5.8
2.0,1151.219740,240.29,-0.51,-75.07,5.51,0.0,-1.25,1,2070,8.0,223.3,-7.2
2.0,1151.229739,237.48,-0.32,-71.98,5.46,2.51,1.75,1,1943,5.1,274.7,1.9
2.0,1151.239739,235.37,-0.32,-68.45,5.5,4.97,4.0,1,1816,8.1,301.5,-4.9
2.0,1151.249739,233.44,-0.07,-65.78,5.34,7.36,5.75,1,1697,7.3,241.0,1.5
2.0,1151.259739,231.24,-0.09,-64.65,5.36,9.64,8.25,1,1561,0.8,173.6,-5.2
2.0,1151.269739,228.96,0.22,-63.13,5.06,11.76,10.5,1,1442,9.5,219.1,-5.9
2.0,1151.279739,226.76,0.25,-60.19,5.16,13.69,12.75,1,1306,3.5,248.2,3.9
2.0,1151.289739,224.82,0.14,-57.69,5.28,15.41,14.5,1,1187,6.1,221.0,-3.7
2.0,1151.299739,223.33,0.38,-56.03,5.1,16.89,16.25,1,2075,5.7,193.9,-3.0
2.0,1151.309739,221.92,0.38,-54.72,5.12,18.1,17.5,1,1947,2.4,158.0,-0.0
2.0,1151.319739,220.87,0.39,-53.67,5.13,19.02,18.5,1,1820,4.8,140.2,-2.5
2.0,1151.329740,219.99,0.47,-52.69,5.1,19.65,19.5,1,1701,2.7,116.1,-0.4
2.0,1151.339740,219.2,0.47,-51.98,5.12,19.96,20.25,1,1565,3.4,95.8,-1.1
2.0,1151.349740,218.85,0.5,-51.31,5.1,19.96,20.75,1,1438,1.9,87.2,-0.4
2.0,1151.359740,218.85,0.47,-50.98,5.13,19.65,20.25,1,1311,0.6,41.6,1.2
2.0,1151.369739,219.55,0.43,-51.53,5.14,19.02,19.25,1,1183,-2.0,-9.2,-0.3
2.0,1151.379739,220.43,0.47,-52.57,5.07,18.1,18.5,1,2071,0.2,-53.3,-1.8
2.0,1151.389739,221.48,0.52,-53.9,5.02,16.89,17.5,1,1943,-0.8,-89.0,-0.2
2.0,1151.399739,222.89,0.41,-55.34,5.09,15.41,16.0,1,1816,-4.5,-108.1,3.8
2.0,1151.409739,224.65,0.24,-56.87,5.18,13.69,14.25,1,1697,-5.6,-134.2,2.3
2.0,1151.419739,226.49,0.26,-58.82,5.11,11.76,12.75,1,1570,-2.6,-169.1,-0.8
2.0,1151.429739,228.08,0.33,-60.99,5.05,9.64,11.0,1,1442,-1.8,-182.1,1.4
2.0,1151.439739,229.57,0.13,-62.76,5.19,7.36,8.75,1,1307,-8.2,-164.0,5.4
2.0,1151.449739,232.29,-0.09,-64.22,5.32,4.97,6.25,1,1179,-4.1,-163.3,1.7
2.0,1151.459739,235.11,-0.07,-66.7,5.28,2.51,3.5,1,2076,-5.2,-249.0,2.4
2.0,1151.469740,237.66,-0.28,-70.48,5.39,-0.0,1.25,1,1939,-9.6,-292.2,2.8
2.0,1151.479739,239.77,-0.49,-73.63,5.51,-2.51,-1.25,1,1820,-5.0,-272.0,1.0
2.0,1151.489739,242.14,-0.66,-75.66,5.69,-4.97,-4.0,1,1702,-4.3,-223.2,5.2
2.0,1151.499739,244.86,-1.09,-77.31,6.07,-7.36,-7.0,1,1566,-7.4,-213.4,2.5
2.0,1151.509739,246.8,-1.44,-80.07,6.31,-9.64,-9.25,1,1447,-8.6,-285.9,1.4
2.0,1151.519739,248.29,-2.08,-83.08,6.86,-11.76,-10.5,1,1311,-6.9,-228.7,0.4
2.0,1151.529739,249.7,-2.62,-84.04,7.41,-13.69,-12.0,1,1184,-1.3,-153.0,3.6
2.0,1151.539740,251.72,-3.52,-84.71,8.36,-15.41,-14.25,1,2072,-1.2,-142.9,3.1
2.0,1151.549740,253.56,-5.81,-86.57,10.61,-16.89,-16.0,1,1944,-5.1,-197.4,2.7
2.0,1151.559740,254.62,-21.3,-89.07,26.0,-18.1,-17.25,1,1816,-7.5,-199.5,-0.7
2.0,1151.569740,255.5,-139.61,-89.52,144.27,-19.02,-18.25,1,1698,-0.8,-121.4,0.8
2.0,1151.579740,256.29,-146.02,-89.34,150.74,-19.65,-18.75,1,1570,-1.3,-96.5,4.9
2.0,1151.589740,257.34,-159.3,-88.86,164.0,-19.96,-19.75,1,1443,-1.9,-76.3,-0.7
2.0,1151.599740,258.4,-168.06,-88.16,172.76,-19.96,-21.25,1,1307,0.5,-94.0,3.8
2.0,1151.609740,259.1,-172.29,-86.76,176.98,-19.65,-21.75,1,1188,-3.9,-123.4,1.3
2.0,1151.619740,259.01,-174.7,-85.63,179.32,-19.02,-21.75,1,2076,-2.3,-84.5,-0.0
2.0,1151.629740,258.49,-174.03,-86.1,178.68,-18.1,-20.5,1,1949,1.6,8.5,1.7
2.0,1151.639740,257.61,-168.16,-87.74,172.87,-16.89,-19.25,1,1821,2.6,74.2,4.0
2.0,1151.649740,256.11,-151.13,-89.02,155.88,-15.41,-17.5,1,1702,2.8,69.5,-1.2
2.0,1151.659739,254.62,-39.41,-89.35,44.16,-13.69,-15.75,1,1566,0.6,140.4,-0.8
2.0,1151.669739,252.86,-7.48,-87.04,12.26,-11.76,-14.0,1,1448,6.2,172.5,-2.3
2.0,1151.679739,250.49,-4.19,-85.03,9.05,-9.64,-11.75,1,1311,3.1,170.6,-0.1
2.0,1151.689739,247.85,-2.47,-82.81,7.34,-7.36,-8.75,1,1184,5.1,224.5,-6.8
2.0,1151.699739,245.57,-1.28,-79.57,6.23,-4.97,-6.25,1,2072,6.8,269.7,0.6
2.0,1151.709739,243.72,-1.19,-76.53,6.25,-2.51,-4.75,1,1944,10.5,259.0,-0.2
2.0,1151.719740,241.88,-0.95,-74.82,6.06,-0.0,-2.75,1,1826,2.0,181.8,-0.7
2.0,1151.729739,239.59,-0.58,-73.85,5.65,2.51,-0.25,1,1698,4.9,174.5,-8.6
2.0,1151.739739,236.78,-0.18,-71.65,5.31,4.97,2.5,1,1571,4.3,227.3,-0.7
2.0,1151.749739,233.53,-0.22,-68.3,5.41,7.36,5.75,1,1444,7.4,282.4,-2.7
2.0,1151.759739,230.8,0.05,-64.56,5.25,9.64,8.75,1,1307,8.5,318.6,-3.9
2.0,1151.769739,228.96,0.15,-61.15,5.24,11.76,10.25,1,1188,8.5,305.0,0.9
2.0,1151.779739,227.46,0.09,-59.23,5.35,13.69,11.75,1,2076,4.1,205.3,0.3
2.0,1151.789739,225.7,0.23,-58.87,5.18,15.41,13.75,1,1940,4.0,136.1,-7.7
2.0,1151.799739,223.59,0.45,-57.73,5.01,16.89,16.0,1,1830,5.9,182.8,-1.7
2.0,1151.809739,222.01,0.38,-55.05,5.16,18.1,17.5,1,1703,4.8,221.5,1.0
2.0,1151.819739,221.04,0.36,-53.02,5.22,19.02,18.25,1,1567,3.6,164.0,-0.1
2.0,1151.829740,220.08,0.41,-52.65,5.16,19.65,19.25,1,1439,1.4,95.0,-2.6
2.0,1151.839740,219.2,0.52,-52.37,5.05,19.96,20.25,1,1312,4.8,96.6,-3.8
2.0,1151.849740,219.02,0.54,-51.27,5.09,19.96,20.25,1,1193,2.1,109.3,2.7
2.0,1151.859740,219.2,0.41,-50.94,5.21,19.65,19.75,1,2072,-1.2,19.5,1.2
2.0,1151.869739,219.81,0.48,-52.01,5.1,19.02,19.5,1,1945,1.5,-16.8,-4.1
2.0,1151.879739,220.17,0.57,-52.83,5.01,18.1,19.0,1,1826,-0.7,-45.3,0.5
2.0,1151.889739,220.87,0.43,-53.6,5.11,16.89,17.75,1,1699,-3.7,-49.0,2.5
2.0,1151.899739,222.54,0.33,-54.35,5.16,15.41,16.25,1,1563,-2.9,-70.9,1.3
2.0,1151.909739,224.38,0.36,-56.14,5.1,13.69,15.0,1,1444,-2.7,-157.0,-0.8
2.0,1151.919739,225.62,0.37,-58.74,5.05,11.76,13.5,1,1307,-3.0,-173.7,1.7
2.0,1151.929739,227.02,0.21,-60.27,5.17,9.64,11.5,1,1189,-5.8,-136.7,4.6
2.0,1151.939739,229.57,0.08,-61.33,5.26,7.36,9.0,1,2077,-3.2,-143.3,1.8
2.0,1151.949739,231.94,0.08,-63.7,5.22,4.97,6.5,1,1941,-5.1,-229.8,2.0
2.0,1151.959739,234.49,-0.06,-67.1,5.27,2.51,3.75,1,1831,-7.9,-253.1,2.1
2.0,1151.969740,237.04,-0.24,-69.84,5.36,-0.0,1.25,1,1703,-5.9,-251.4,2.7
2.0,1151.979739,239.77,-0.47,-72.5,5.56,-2.51,-1.5,1,1567,-7.4,-267.2,4.6
2.0,1151.989739,242.14,-0.76,-75.38,5.77,-4.97,-4.25,1,1440,-7.1,-272.7,1.1
2.0,1151.999739,244.51,-1.01,-77.98,5.96,-7.36,-6.5,1,1312,-6.2,-254.0,4.2
2.0,1152.009739,246.71,-1.45,-80.14,6.35,-9.64,-8.75,1,1193,-7.3,-235.0,-0.0
2.0,1152.019739,249.43,-1.92,-82.23,6.78,-11.76,-11.75,1,2072,-2.4,-228.3,4.9
2.0,1152.029739,252.07,-3.67,-84.9,8.51,-13.69,-14.5,1,1945,-8.0,-273.8,2.2
2.0,1152.039740,254.09,-10.75,-88.21,15.47,-15.41,-16.75,1,1827,-7.0,-287.4,2.6
2.0,1152.049740,254.97,-154.19,-89.22,158.87,-16.89,-17.75,1,1699,-6.6,-232.5,0.5
2.0,1152.059740,255.76,-165.47,-88.71,170.14,-18.1,-18.25,1,1571,-1.0,-109.4,0.7
2.0,1152.069740,256.64,-149.92,-89.25,154.66,-19.02,-19.25,1,1444,1.5,-63.2,5.4
2.0,1152.079740,257.34,-158.26,-88.85,162.99,-19.65,-20.0,1,1308,-3.9,-88.6,0.9
2.0,1152.089740,257.78,-170.0,-87.85,174.67,-19.96,-20.25,1,1215,-0.9,-78.9,-0.7
2.0,1152.099740,257.7,-171.28,-87.48,175.97,-19.96,-20.25,1,2077,-1.1,-46.7,2.7
2.0,1152.109740,257.52,-168.22,-87.91,172.92,-19.65,-20.0,1,1941,2.0,12.1,1.3
2.0,1152.119740,257.52,-162.11,-88.62,166.85,-19.02,-20.0,1,1831,0.6,14.3,1.4
2.0,1152.129740,257.52,-159.99,-88.73,164.72,-18.1,-19.5,1,1704,0.4,9.8,1.4
2.0,1152.139740,256.9,-160.14,-88.74,164.85,-16.89,-18.5,1,1567,-1.6,5.6,-0.4
2.0,1152.149740,255.41,-153.9,-89.1,158.61,-15.41,-16.75,1,1440,2.2,41.6,-1.0
2.0,1152.159739,253.48,-19.78,-88.83,24.56,-13.69,-14.75,1,1313,4.0,155.5,0.9
2.0,1152.169739,251.98,-5.47,-85.87,10.32,-11.76,-13.25,1,1211,6.2,186.1,-1.6
2.0,1152.179739,250.14,-3.39,-83.86,8.3,-9.64,-11.25,1,2073,4.7,171.6,0.2
2.0,1152.189739,248.03,-2.43,-82.32,7.33,-7.36,-9.0,1,1902,0.8,169.1,-5.3
2.0,1152.199739,245.3,-1.42,-80.17,6.34,-4.97,-6.25,1,1827,6.3,218.0,-1.8
2.0,1152.209739,242.58,-1.03,-77.07,6.06,-2.51,-3.5,1,1691,7.0,261.1,-2.3
2.0,1152.219739,240.12,-0.65,-73.85,5.74,0.0,-1.0,1,1572,7.0,278.7,-2.4
2.0,1152.229739,237.57,-0.46,-71.16,5.63,2.51,1.5,1,1444,7.3,251.8,-0.6
2.0,1152.239739,234.76,-0.23,-68.96,5.44,4.97,4.25,1,1309,5.6,246.8,-6.5
2.0,1152.249739,232.03,0.06,-66.2,5.19,7.36,7.25,1,1216,7.4,280.6,-2.8
2.0,1152.259739,229.39,0.06,-62.9,5.28,9.64,9.75,1,2078,5.7,296.8,-0.1
2.0,1152.269739,227.2,0.11,-60.07,5.28,11.76,12.25,1,1941,7.7,266.7,-2.3
2.0,1152.279739,225.79,0.28,-58.06,5.18,13.69,13.75,1,1831,5.9,230.5,-3.6
2.0,1152.289740,224.74,0.3,-56.64,5.19,15.41,14.75,1,1696,5.3,178.4,1.5
2.0,1152.299740,223.77,0.26,-56.23,5.23,16.89,15.75,1,1568,-0.0,93.2,-2.7
2.0,1152.309740,221.92,0.41,-56.05,5.08,18.1,17.5,1,1440,6.7,103.7,-4.1
2.0,1152.319740,220.61,0.53,-54.4,5.07,19.02,19.0,1,1313,4.9,154.0,-0.4
2.0,1152.329740,219.55,0.43,-52.19,5.18,19.65,19.75,1,1212,1.6,170.9,1.7
2.0,1152.339740,218.76,0.39,-51.03,5.2,19.96,20.75,1,2074,1.0,98.7,-1.4
2.0,1152.349740,218.67,0.53,-51.0,5.09,19.96,20.75,1,1946,5.9,75.7,-3.5
2.0,1152.359740,218.76,0.53,-50.83,5.13,19.65,20.75,1,1827,-2.4,39.7,4.2
2.0,1152.369740,218.85,0.4,-51.29,5.19,19.02,20.25,1,1691,0.3,-9.5,-2.8
2.0,1152.379740,219.81,0.57,-52.09,5.05,18.1,19.0,1,1564,2.7,-31.0,-1.0
2.0,1152.389740,221.4,0.46,-52.84,5.14,16.89,17.75,1,1445,-6.5,-52.8,4.7
2.0,1152.399740,222.71,0.33,-54.77,5.15,15.41,16.5,1,1309,-2.4,-171.8,-3.4
2.0,1152.409739,224.03,0.47,-57.44,5.0,13.69,15.0,1,1207,-2.8,-147.6,2.0
2.0,1152.419739,225.7,0.26,-58.5,5.18,11.76,13.25,1,2078,-5.8,-130.5,5.0
2.0,1152.429739,227.99,0.12,-59.84,5.25,9.64,10.75,1,1951,-4.1,-151.2,1.3
2.0,1152.439739,230.45,0.14,-62.06,5.2,7.36,8.25,1,1832,-4.2,-201.2,2.1
2.0,1152.449739,232.65,0.01,-65.25,5.25,4.97,6.0,1,1696,-8.0,-268.7,2.5
2.0,1152.459739,235.11,-0.09,-68.3,5.28,2.51,3.75,1,1568,-3.5,-237.6,0.6
2.0,1152.469740,237.3,-0.22,-70.39,5.39,0.0,1.0,1,1441,-7.0,-239.9,5.9
2.0,1152.479739,239.77,-0.6,-72.66,5.69,-2.51,-1.75,1,1313,-6.4,-225.0,2.6
2.0,1152.489739,242.05,-0.7,-75.05,5.72,-4.97,-4.0,1,1212,-8.1,-253.3,1.6
2.0,1152.499739,244.42,-0.95,-77.76,5.9,-7.36,-6.5,1,2074,-5.8,-243.0,1.5
2.0,1152.509739,246.71,-1.36,-79.94,6.3,-9.64,-9.0,1,1946,-3.8,-228.4,3.9
2.0,1152.519739,248.82,-2.09,-82.25,6.97,-11.76,-11.25,1,1828,-8.5,-245.8,1.5
2.0,1152.529739,250.66,-3.13,-84.69,7.92,-13.69,-13.0,1,1692,-4.4,-226.7,2.0
2.0,1152.539740,252.42,-5.14,-86.42,9.94,-15.41,-14.75,1,1573,-3.6,-192.0,3.3
2.0,1152.549740,254.44,-9.59,-87.88,14.38,-16.89,-17.0,1,1445,-3.1,-182.5,2.2
2.0,1152.559740,256.11,-64.64,-89.61,69.38,-18.1,-18.75,1,1309,-6.1,-201.8,1.5
2.0,1152.569740,257.17,-169.03,-88.08,173.71,-19.02,-20.0,1,1217,-3.4,-186.2,1.9
2.0,1152.579740,257.34,-172.7,-86.95,177.39,-19.65,-20.25,1,2079,-2.5,-129.3,2.2
2.0,1152.589740,257.61,-172.1,-87.18,176.79,-19.96,-20.25,1,1951,-0.9,-33.9,0.1
2.0,1152.599740,258.13,-167.1,-88.18,171.84,-19.96,-20.75,1,1823,4.1,6.4,4.2
2.0,1152.609740,258.75,-167.09,-88.01,171.85,-19.65,-21.5,1,1696,-3.1,-56.8,0.0
2.0,1152.619740,258.66,-173.13,-86.67,177.79,-19.02,-21.25,1,1569,-2.9,-73.2,0.1
2.0,1152.629740,258.22,-173.39,-86.55,178.07,-18.1,-20.25,1,1441,1.2,4.5,0.0
2.0,1152.639740,256.9,-167.48,-87.96,172.22,-16.89,-18.5,1,1314,2.7,65.4,4.7
2.0,1152.649740,255.94,-135.53,-89.35,140.29,-15.41,-17.0,1,1213,0.6,92.5,-3.3
2.0,1152.659739,254.44,-16.24,-88.54,21.07,-13.69,-15.75,1,2074,9.5,159.1,3.9
2.0,1152.669739,252.77,-7.98,-86.76,12.86,-11.76,-14.0,1,1947,-1.7,114.7,-2.7
2.0,1152.679739,250.58,-3.96,-85.58,8.78,-9.64,-11.75,1,1828,5.3,163.9,-7.6
2.0,1152.689739,247.68,-2.24,-82.87,7.17,-7.36,-8.75,1,1692,4.6,222.5,3.4
2.0,1152.699739,245.57,-1.74,-79.53,6.71,-4.97,-6.25,1,1573,6.3,275.0,-6.0
2.0,1152.709739,243.72,-0.9,-76.43,5.99,-2.51,-4.5,1,1446,11.0,258.1,1.9
2.0,1152.719740,241.7,-1.04,-74.77,6.19,0.0,-2.75,1,1310,1.4,182.5,-0.3
2.0,1152.729739,239.5,-0.56,-73.76,5.67,2.51,-0.25,1,1217,6.8,177.4,-9.8
2.0,1152.739739,236.6,-0.14,-71.55,5.32,4.97,2.5,1,2079,3.0,225.4,0.4
2.0,1152.749739,233.35,-0.26,-68.23,5.48,7.36,5.75,1,1943,7.5,284.3,-2.9
2.0,1152.759739,230.8,0.06,-64.46,5.28,9.64,8.75,1,1833,9.2,318.0,-3.9
2.0,1152.769739,228.87,0.14,-61.05,5.29,11.76,10.5,1,1696,6.8,307.4,0.8
2.0,1152.779739,227.46,0.08,-59.14,5.38,13.69,11.75,1,1569,4.5,202.2,0.2
2.0,1152.789740,225.53,0.24,-58.8,5.22,15.41,13.75,1,1442,4.4,138.3,-7.6
2.0,1152.799740,223.42,0.45,-57.65,5.05,16.89,16.0,1,1314,6.1,179.2,-1.7
2.0,1152.809740,221.92,0.38,-55.04,5.2,18.1,17.5,1,1213,4.8,220.3,0.9
2.0,1152.819740,221.22,0.36,-53.01,5.25,19.02,18.25,1,2075,3.7,162.3,-0.1
2.0,1152.829740,220.08,0.41,-52.65,5.2,19.65,19.25,1,1948,1.4,93.7,-2.3
2.0,1152.839740,219.29,0.51,-52.39,5.1,19.96,20.25,1,1829,4.3,94.5,-3.9
2.0,1152.849740,219.02,0.54,-51.3,5.13,19.96,20.25,1,1692,2.3,108.5,2.6
2.0,1152.859740,219.29,0.4,-50.97,5.25,19.65,19.75,1,1565,-1.3,18.5,1.5
2.0,1152.869740,219.73,0.47,-52.05,5.15,19.02,19.5,1,1446,1.9,-17.4,-4.3
2.0,1152.879740,220.17,0.57,-52.89,5.05,18.1,19.0,1,1310,-1.0,-48.1,0.6
2.0,1152.889740,220.96,0.42,-53.67,5.16,16.89,17.75,1,1217,-3.9,-47.7,2.6
2.0,1152.899740,222.71,0.33,-54.38,5.2,15.41,16.25,1,2079,-2.3,-71.1,1.5
2.0,1152.909739,224.38,0.36,-56.2,5.14,13.69,14.75,1,1952,-3.1,-158.3,-0.9
2.0,1152.919739,225.62,0.36,-58.82,5.09,11.76,13.5,1,1833,-3.0,-175.1,1.7
2.0,1152.929739,227.29,0.21,-60.33,5.21,9.64,11.5,1,1697,-5.4,-134.2,4.5
2.0,1152.939739,229.57,0.07,-61.42,5.3,7.36,9.0,1,1569,-4.1,-150.0,2.2
2.0,1152.949739,232.03,0.05,-63.75,5.28,4.97,6.25,1,1442,-4.8,-216.8,1.6
2.0,1152.959739,234.67,-0.06,-67.11,5.31,2.51,4.25,1,1315,-7.7,-269.6,2.2
2.0,1152.969740,237.13,-0.22,-70.25,5.38,-0.0,1.75,1,1213,-7.2,-261.3,1.3
2.0,1152.979739,239.15,-0.46,-72.64,5.58,-2.51,-1.0,1,2075,-5.2,-246.4,6.3
2.0,1152.989739,241.96,-0.81,-74.69,5.9,-4.97,-3.75,1,1948,-6.9,-220.7,2.1
2.0,1152.999739,244.07,-0.93,-77.09,5.92,-7.36,-6.25,1,1829,-7.3,-265.1,1.2
2.0,1153.009739,246.18,-1.32,-79.93,6.25,-9.64,-8.25,1,1693,-6.8,-240.0,2.2
2.0,1153.019739,248.29,-1.91,-81.84,6.79,-11.76,-10.5,1,1574,-5.3,-216.2,2.5
2.0,1153.029739,250.49,-2.81,-83.72,7.68,-13.69,-12.75,1,1447,-3.3,-211.9,3.5
2.0,1153.039740,252.42,-4.74,-85.97,9.57,-15.41,-14.75,1,1310,-7.0,-230.1,1.5
2.0,1153.049740,254.0,-10.23,-88.14,14.99,-16.89,-16.5,1,1218,-4.1,-199.5,1.6
2.0,1153.059740,255.32,-42.49,-89.48,47.24,-18.1,-17.75,1,2080,-4.0,-175.7,2.3
2.0,1153.069740,256.64,-154.83,-89.13,159.56,-19.02,-19.25,1,1944,-2.7,-140.4,1.3
2.0,1153.079740,257.7,-166.96,-88.29,171.69,-19.65,-20.25,1,1833,-1.9,-123.5,3.1
2.0,1153.089740,258.05,-170.89,-87.41,175.6,-19.96,-20.75,1,1697,-2.1,-106.1,1.0
2.0,1153.099740,257.96,-172.67,-86.9,177.36,-19.96,-20.25,1,1570,-2.1,-69.0,1.0
2.0,1153.109740,257.7,-171.06,-87.41,175.76,-19.65,-20.0,1,1443,1.1,14.7,0.9
2.0,1153.119740,257.7,-160.0,-88.69,164.79,-19.02,-20.0,1,1315,5.5,48.9,4.7
2.0,1153.129740,257.7,-153.45,-88.94,158.24,-18.1,-19.75,1,1213,-3.9,-5.9,-0.9
2.0,1153.139740,257.26,-164.89,-88.44,169.58,-16.89,-18.75,1,2075,-0.5,-0.3,-0.7
2.0,1153.149740,255.76,-162.65,-88.65,167.38,-15.41,-17.0,1,1948,1.3,15.8,-0.3
2.0,1153.159739,254.09,-41.56,-89.4,46.34,-13.69,-15.25,1,1829,3.3,157.9,-0.3
2.0,1153.169739,251.98,-6.06,-86.28,10.92,-11.76,-13.25,1,1693,7.2,182.8,-0.1
2.0,1153.179739,249.61,-3.56,-84.17,8.48,-9.64,-10.75,1,1575,2.5,186.9,-2.7
2.0,1153.189739,247.41,-1.93,-81.79,6.86,-7.36,-8.25,1,1447,6.3,234.3,-5.1
2.0,1153.199739,244.95,-1.31,-78.79,6.36,-4.97,-6.0,1,1311,8.8,252.7,2.6
2.0,1153.209739,242.75,-1.2,-76.3,6.3,-2.51,-3.75,1,1218,3.5,230.6,-3.5
2.0,1153.219740,240.12,-0.64,-74.41,5.73,-0.0,-1.0,1,2080,6.1,211.3,-4.5
2.0,1153.229739,237.48,-0.34,-72.0,5.51,2.51,1.75,1,1944,6.7,260.7,-3.2
2.0,1153.239739,235.02,-0.23,-68.63,5.47,4.97,4.25,1,1834,6.8,287.7,-0.6
2.0,1153.249739,233.0,-0.16,-65.87,5.46,7.36,6.25,1,1698,5.5,248.4,-1.7
2.0,1153.259739,230.98,-0.0,-64.08,5.34,9.64,8.5,1,1570,6.4,218.5,-3.6
2.0,1153.269739,228.25,0.13,-62.34,5.24,11.76,11.0,1,1443,3.9,204.3,-2.3
2.0,1153.279739,226.14,0.24,-59.97,5.2,13.69,13.25,1,1316,8.8,250.4,-3.9
2.0,1153.289740,224.91,0.32,-56.97,5.22,15.41,14.75,1,2204,5.7,253.9,1.5
2.0,1153.299740,223.77,0.23,-55.49,5.33,16.89,15.5,1,2076,2.7,145.1,0.4
2.0,1153.309740,222.36,0.35,-55.64,5.2,18.1,17.25,1,1948,4.7,93.3,-6.0
2.0,1153.319740,221.13,0.54,-54.77,5.06,19.02,18.5,1,1830,5.2,139.3,-2.1
2.0,1153.329740,220.61,0.43,-52.78,5.21,19.65,19.0,1,1694,1.2,152.5,4.0
2.0,1153.339740,220.25,0.32,-52.01,5.3,19.96,19.25,1,1575,0.2,64.2,-0.4
2.0,1153.349740,219.29,0.47,-52.72,5.14,19.96,20.25,1,1439,3.1,17.8,-4.9
2.0,1153.359740,218.58,0.61,-52.38,5.06,19.65,21.0,1,1312,4.0,80.3,-0.7
2.0,1153.369740,218.58,0.49,-50.81,5.21,19.02,21.0,1,2200,-1.2,94.6,4.0
2.0,1153.379740,218.67,0.38,-50.5,5.27,18.1,20.25,1,2081,-0.5,15.9,-0.2
2.0,1153.389740,220.17,0.5,-51.5,5.15,16.89,18.75,1,1953,2.2,-20.4,-2.3
2.0,1153.399740,221.84,0.46,-53.1,5.15,15.41,17.0,1,1834,-7.2,-124.2,3.5
2.0,1153.409739,223.68,0.31,-55.85,5.19,13.69,15.5,1,1698,-1.6,-171.1,-1.6
2.0,1153.419739,225.44,0.42,-58.07,5.08,11.76,13.75,1,1571,-3.7,-174.5,1.4
2.0,1153.429739,227.11,0.21,-59.99,5.22,9.64,11.75,1,1435,-7.3,-188.6,5.3
2.0,1153.439739,229.31,0.03,-61.83,5.34,7.36,9.25,1,1316,-4.5,-170.3,2.4
2.0,1153.449739,232.03,0.06,-63.79,5.29,4.97,6.5,1,2204,-4.5,-214.5,1.1
2.0,1153.459740,234.67,-0.06,-66.98,5.32,2.51,4.25,1,2077,-8.6,-274.4,3.0
2.0,1153.469740,237.13,-0.26,-70.35,5.42,0.0,1.75,1,1949,-6.8,-276.9,0.8
2.0,1153.479740,239.06,-0.45,-72.73,5.58,-2.51,-1.0,1,1830,-5.0,-236.1,6.4
2.0,1153.489739,241.96,-0.81,-74.41,5.91,-4.97,-3.75,1,1694,-6.4,-208.5,2.4
2.0,1153.499739,244.16,-0.96,-77.11,5.96,-7.36,-6.25,1,1576,-8.9,-297.0,1.2
2.0,1153.509739,246.27,-1.42,-80.36,6.34,-9.64,-8.25,1,1439,-6.2,-237.4,2.2
2.0,1153.519739,248.38,-1.93,-81.86,6.83,-11.76,-10.5,1,1312,-5.1,-209.6,2.6
2.0,1153.529739,250.49,-2.85,-83.72,7.73,-13.69,-12.75,1,2208,-3.1,-213.8,3.5
2.0,1153.539740,252.42,-4.9,-86.06,9.74,-15.41,-14.75,1,2081,-7.1,-229.9,1.6
2.0,1153.549740,254.0,-10.89,-88.22,15.65,-16.89,-16.5,1,1954,-4.3,-201.7,1.5
2.0,1153.559740,255.06,-51.4,-89.55,56.16,-18.1,-17.75,1,1835,-3.8,-174.9,2.2
2.0,1153.569740,255.67,-151.98,-89.25,156.71,-19.02,-18.0,1,1699,-4.0,-121.6,-0.3
2.0,1153.579740,256.2,-151.77,-89.25,156.51,-19.65,-18.75,1,1572,1.2,-52.5,2.6
2.0,1153.589740,257.08,-141.66,-89.35,146.45,-19.96,-19.75,1,1435,0.2,-54.5,2.7
2.0,1153.599740,257.78,-164.03,-88.51,168.78,-19.96,-20.5,1,1316,-3.7,-89.6,0.6
2.0,1153.609740,258.13,-171.29,-87.38,176.0,-19.65,-20.75,1,2205,-0.2,-80.5,1.1
2.0,1153.619740,257.87,-172.17,-87.04,176.89,-19.02,-20.25,1,2077,-1.9,-43.8,0.5
2.0,1153.629740,257.61,-169.62,-87.68,174.34,-18.1,-19.0,1,1949,1.4,28.7,2.3
2.0,1153.639740,256.2,-158.22,-88.81,162.99,-16.89,-17.5,1,1831,1.6,44.6,1.0
2.0,1153.649740,254.88,-41.95,-89.36,46.76,-15.41,-16.25,1,1695,4.5,142.4,0.0
2.0,1153.659739,253.39,-8.83,-87.25,13.7,-13.69,-14.75,1,1576,4.9,126.7,1.0
2.0,1153.669739,251.46,-5.51,-86.07,10.39,-11.76,-12.75,1,1439,-0.2,135.0,-5.2
2.0,1153.679739,249.61,-2.84,-84.13,7.7,-9.64,-10.5,1,1312,4.5,186.5,-1.9
2.0,1153.689739,247.59,-2.12,-81.44,7.11,-7.36,-8.75,1,2209,8.6,217.7,1.0
2.0,1153.699739,245.74,-1.69,-79.22,6.75,-4.97,-6.75,1,2081,3.7,191.1,-1.6
2.0,1153.709740,243.37,-1.12,-77.59,6.15,-2.51,-4.25,1,1954,3.6,189.2,-4.8
2.0,1153.719740,240.47,-0.63,-75.26,5.72,-0.0,-1.25,1,1835,7.3,235.2,-3.0
2.0,1153.729740,238.01,-0.42,-72.01,5.62,2.51,1.25,1,1699,7.6,279.7,-1.6
2.0,1153.739739,235.63,-0.29,-68.73,5.55,4.97,3.75,1,1572,6.9,283.4,-1.1
2.0,1153.749739,233.0,-0.2,-66.48,5.49,7.36,6.25,1,1435,3.2,221.3,-1.7
2.0,1153.759739,230.54,0.11,-64.5,5.24,9.64,9.0,1,1317,11.5,259.9,-9.2
2.0,1153.769739,228.25,0.26,-61.38,5.21,11.76,11.25,1,2204,3.2,273.4,4.7
2.0,1153.779739,226.93,0.03,-58.97,5.44,13.69,12.25,1,2077,6.8,227.1,-1.9
2.0,1153.789740,225.44,0.25,-58.08,5.26,15.41,13.75,1,1950,3.1,135.6,-3.1
2.0,1153.799740,223.59,0.33,-57.62,5.17,16.89,15.75,1,1831,4.2,137.6,-3.1
2.0,1153.809740,221.84,0.44,-55.63,5.14,18.1,17.75,1,1695,7.0,196.9,-2.8
2.0,1153.819740,221.04,0.44,-53.11,5.22,19.02,18.5,1,1576,3.2,192.4,2.5
2.0,1153.829740,220.52,0.33,-52.11,5.31,19.65,19.0,1,1440,1.1,105.1,0.1
2.0,1153.839740,219.2,0.45,-52.51,5.17,19.96,20.25,1,1312,2.3,46.9,-5.4
2.0,1153.849740,218.32,0.61,-52.04,5.06,19.96,21.25,1,2209,5.8,105.6,-1.7
2.0,1153.859740,217.97,0.52,-50.26,5.2,19.65,21.5,1,2082,-1.0,119.6,4.1
2.0,1153.869740,218.32,0.38,-49.8,5.29,19.02,20.75,1,1954,0.0,31.2,-0.4
2.0,1153.879740,219.38,0.5,-50.84,5.16,18.1,19.5,1,1836,1.4,-15.3,-2.1
2.0,1153.889740,220.96,0.48,-52.29,5.16,16.89,18.0,1,1699,-4.4,-98.0,3.0
2.0,1153.899740,222.54,0.36,-54.65,5.19,15.41,16.75,1,1572,-3.1,-153.8,-1.5
2.0,1153.909739,224.3,0.45,-56.81,5.08,13.69,15.25,1,1436,-1.5,-159.6,0.6
2.0,1153.919739,225.97,0.29,-58.58,5.2,11.76,13.25,1,1317,-7.2,-171.7,5.7
2.0,1153.929739,227.99,0.08,-60.44,5.32,9.64,10.5,1,2205,-5.0,-174.0,1.7
2.0,1153.939739,230.36,0.12,-62.41,5.26,7.36,8.25,1,2078,-4.3,-194.1,1.6
2.0,1153.949739,232.47,0.03,-65.14,5.27,4.97,6.5,1,1950,-7.7,-253.2,1.6
2.0,1153.959740,234.23,0.0,-67.86,5.27,2.51,4.25,1,1832,-0.1,-213.0,-0.1
2.0,1153.969740,236.95,-0.17,-69.37,5.44,0.0,1.25,1,1695,-8.5,-190.8,8.8
2.0,1153.979740,239.5,-0.61,-71.66,5.76,-2.51,-1.25,1,1568,-6.4,-251.4,-0.4
2.0,1153.989739,241.44,-0.58,-75.12,5.62,-4.97,-3.25,1,1441,-11.2,-285.5,2.4
2.0,1153.999739,243.72,-0.94,-77.61,5.92,-7.36,-5.75,1,1313,-2.8,-215.0,0.9
2.0,1154.009739,246.53,-1.26,-78.92,6.29,-9.64,-8.75,1,2210,-4.1,-201.0,7.3
2.0,1154.019739,249.08,-2.13,-81.57,7.07,-11.76,-11.25,1,2082,-8.7,-279.4,-0.8
2.0,1154.029739,250.58,-3.3,-85.21,8.1,-13.69,-12.75,1,1955,-8.8,-285.0,2.9
2.0,1154.039740,251.72,-5.78,-86.95,10.56,-15.41,-14.0,1,1836,-4.0,-169.6,-0.4
2.0,1154.049740,253.39,-6.05,-86.92,10.9,-16.89,-15.75,1,1700,2.7,-112.6,5.9
2.0,1154.059740,255.06,-10.57,-87.86,15.44,-18.1,-17.75,1,1572,-5.5,-152.7,1.3
2.0,1154.069740,256.2,-121.15,-89.58,125.89,-19.02,-19.0,1,1436,-5.5,-191.8,0.9
2.0,1154.079740,256.99,-169.82,-87.97,174.54,-19.65,-19.5,1,1318,-2.8,-138.5,0.6
2.0,1154.089740,257.52,-170.58,-87.72,175.32,-19.96,-20.25,1,2207,-0.7,-78.9,2.1
2.0,1154.099740,257.7,-169.27,-87.75,174.03,-19.96,-20.25,1,2078,0.1,-55.4,3.3
2.0,1154.109740,257.43,-169.29,-87.75,174.03,-19.65,-20.0,1,1951,-2.1,-23.5,-0.8
2.0,1154.119740,257.52,-165.87,-88.35,170.63,-19.02,-19.75,1,1832,3.4,28.8,2.9
2.0,1154.129740,257.34,-152.2,-89.02,157.01,-18.1,-19.25,1,1696,0.6,21.3,1.8
2.0,1154.139740,256.46,-154.26,-88.98,159.03,-16.89,-17.75,1,1577,-1.2,2.4,0.1
2.0,1154.149740,255.15,-133.64,-89.44,138.41,-15.41,-16.25,1,1441,2.1,72.2,-1.8
2.0,1154.159739,254.0,-12.93,-88.23,17.78,-13.69,-15.25,1,1313,5.5,141.0,1.4
2.0,1154.169739,252.33,-6.47,-86.24,11.38,-11.76,-13.75,1,2210,3.3,132.3,0.1
2.0,1154.179739,250.49,-4.08,-85.01,8.97,-9.64,-11.75,1,2083,1.0,132.7,-5.3
2.0,1154.189739,247.94,-2.3,-83.11,7.21,-7.36,-9.25,1,1955,4.2,190.3,-1.8
2.0,1154.199739,245.57,-1.64,-80.1,6.64,-4.97,-6.5,1,1836,7.0,244.1,-1.3
3.0,1156.229740,245.13,-1.56,-80.15,6.61,0.0,-6.25,1,1446,7.8,285.9,-1.8
3.0,1156.239739,241.44,-0.95,-76.34,6.1,3.75,-2.25,1,2334,8.1,335.6,-3.9
3.0,1156.249739,237.39,-0.45,-72.17,5.67,7.36,1.75,1,2206,9.8,367.3,-3.8
3.0,1156.259739,233.09,-0.13,-67.75,5.48,10.72,6.25,1,2088,11.2,410.1,-4.3
3.0,1156.269739,229.39,0.11,-62.96,5.35,13.69,10.25,1,1969,11.2,436.1,-4.5
3.0,1156.279740,226.67,0.22,-58.57,5.35,16.18,12.75,1,1833,11.2,413.1,-0.6
3.0,1156.289740,224.38,0.23,-55.79,5.42,18.1,15.0,1,1705,6.8,301.3,-1.0
3.0,1156.299740,221.75,0.36,-54.74,5.29,19.37,17.75,1,1570,6.2,216.8,-7.3
3.0,1156.309740,219.46,0.57,-53.04,5.13,19.96,20.0,1,1442,9.3,254.7,-4.1
3.0,1156.319740,217.79,0.52,-50.17,5.27,19.84,21.75,1,2330,2.8,249.3,2.9
3.0,1156.329740,216.74,0.43,-48.45,5.34,19.02,22.75,1,2211,2.7,176.9,-3.4
3.0,1156.339740,216.74,0.6,-47.97,5.2,17.53,22.75,1,2083,6.6,120.7,-2.7
3.0,1156.349740,217.18,0.56,-48.36,5.27,15.41,21.75,1,1965,-2.9,17.4,3.8
3.0,1156.359739,218.67,0.45,-49.54,5.3,12.75,20.25,1,1829,1.3,-14.3,-2.8
3.0,1156.369739,220.78,0.51,-51.32,5.21,9.64,18.0,1,1701,-5.1,-147.0,2.7
3.0,1156.379739,223.42,0.34,-54.73,5.28,6.18,15.25,1,1574,-5.0,-208.3,1.6
3.0,1156.389739,226.41,0.28,-57.85,5.27,2.51,12.0,1,1447,-7.1,-249.8,2.7
3.0,1156.399739,230.01,0.14,-61.33,5.33,-1.26,8.5,1,2335,-7.4,-306.3,3.1
3.0,1156.409739,233.79,-0.02,-65.39,5.4,-4.97,4.5,1,2207,-8.7,-349.9,3.7
3.0,1156.419739,238.01,-0.32,-69.69,5.58,-8.52,0.25,1,2088,-11.5,-386.8,5.5
3.0,1156.429739,242.31,-0.73,-74.16,5.89,-11.76,-4.25,1,1969,-9.8,-409.9,3.6
3.0,1156.439740,246.8,-1.23,-78.86,6.31,-14.58,-9.0,1,1833,-10.8,-446.7,4.4
3.0,1156.449740,251.02,-2.88,-83.86,7.84,-16.89,-13.25,1,1706,-12.2,-464.0,4.6
3.0,1156.459740,253.65,-12.51,-88.46,17.33,-18.6,-16.25,1,1570,-13.2,-444.8,1.6
3.0,1156.469740,255.15,-168.1,-88.48,172.85,-19.65,-17.75,1,1442,-6.6,-317.9,1.0
3.0,1156.479740,256.11,-170.05,-87.97,174.83,-20.0,-18.5,1,2341,-3.4,-178.0,5.0
3.0,1156.489740,256.73,-165.13,-88.44,169.94,-19.65,-19.25,1,2213,-0.7,-90.5,1.2
3.0,1156.499740,256.99,-163.65,-88.6,168.49,-18.6,-19.5,1,2084,-0.1,-71.3,3.5
3.0,1156.509740,256.82,-165.11,-88.42,169.93,-16.89,-18.75,1,1965,-2.7,-37.2,-0.9
3.0,1156.519740,256.03,-159.5,-88.92,164.31,-14.58,-17.5,1,1829,2.0,17.2,2.1
3.0,1156.529739,254.18,-70.05,-89.56,74.92,-11.76,-15.5,1,1702,2.0,61.6,0.4
3.0,1156.539739,251.81,-9.02,-87.54,13.93,-8.52,-13.0,1,1574,4.3,184.0,-0.2
3.0,1156.549739,248.91,-3.34,-84.04,8.33,-4.97,-10.0,1,1447,6.5,229.4,-2.4
3.0,1156.559739,245.57,-1.76,-80.72,6.82,-1.26,-6.75,1,2335,6.2,286.9,-2.9
3.0,1156.569739,241.96,-1.0,-76.87,6.13,2.51,-2.75,1,2216,8.8,327.6,-3.1
3.0,1156.579739,237.92,-0.52,-72.85,5.76,6.18,1.25,1,2089,9.3,361.3,-4.1
3.0,1156.589739,233.7,-0.17,-68.48,5.51,9.64,5.5,1,1970,11.3,403.0,-4.1
3.0,1156.599739,229.66,0.07,-63.77,5.38,12.75,9.75,1,1834,10.1,430.1,-4.5
3.0,1156.609740,226.41,0.2,-59.21,5.33,15.41,13.0,1,1706,10.3,428.0,-2.5
3.0,1156.619740,223.86,0.27,-55.6,5.38,17.53,15.5,1,1570,10.4,363.9,-0.9
3.0,1156.629740,221.84,0.34,-53.68,5.34,19.02,17.5,1,1443,4.5,256.4,-4.3
3.0,1156.639740,220.52,0.46,-52.6,5.23,19.84,19.0,1,2331,8.3,215.3,-3.7
3.0,1156.649740,219.99,0.48,-51.38,5.29,19.96,19.5,1,2212,2.7,162.8,1.9
3.0,1156.659740,220.17,0.38,-51.25,5.35,19.37,19.25,1,2084,0.7,65.6,-1.4
3.0,1156.669740,220.34,0.45,-52.3,5.25,18.1,18.25,1,1966,1.5,-7.2,-1.3
3.0,1156.679740,221.04,0.45,-53.2,5.23,16.18,17.75,1,1830,-2.6,-17.2,-0.3
3.0,1156.689739,221.84,0.43,-54.01,5.2,13.69,17.0,1,1702,0.3,-71.2,-1.8
3.0,1156.699739,223.07,0.42,-55.31,5.22,10.72,15.5,1,1574,-2.9,-76.2,3.6
3.0,1156.709739,225.26,0.23,-56.56,5.35,7.36,13.25,1,1447,-5.2,-119.2,2.8
3.0,1156.719739,227.81,0.2,-58.96,5.32,3.75,10.75,1,2335,-3.9,-197.2,0.4
3.0,1156.729740,230.8,0.12,-62.26,5.33,-0.0,7.5,1,2208,-7.1,-251.7,4.5
3.0,1156.739739,234.14,-0.11,-65.75,5.47,-3.75,4.0,1,2089,-7.4,-295.3,2.3
3.0,1156.749739,238.01,-0.28,-69.64,5.56,-7.36,0.25,1,1970,-8.8,-344.7,4.5
3.0,1156.759739,242.05,-0.66,-73.9,5.85,-10.72,-4.0,1,1834,-9.4,-376.3,3.7
3.0,1156.769739,246.18,-1.16,-78.27,6.25,-13.69,-8.5,1,1707,-10.1,-406.0,3.8
3.0,1156.779740,249.96,-2.42,-82.93,7.4,-16.18,-12.25,1,1570,-10.8,-435.9,4.5
3.0,1156.789740,252.69,-7.0,-87.35,11.85,-18.1,-15.0,1,1443,-13.9,-413.8,1.0
3.0,1156.799740,254.36,-113.3,-89.67,118.08,-19.37,-16.75,1,2332,-5.4,-297.8,1.6
3.0,1156.809740,255.94,-154.85,-89.15,159.69,-19.96,-18.25,1,2214,-2.1,-179.4,5.5
3.0,1156.819740,256.73,-160.22,-88.79,165.06,-19.84,-19.25,1,2085,-3.7,-155.4,1.4
3.0,1156.829740,256.73,-169.52,-87.93,174.32,-19.02,-19.5,1,1966,-2.6,-113.3,1.0
3.0,1156.839740,256.64,-168.74,-88.13,173.55,-17.53,-18.5,1,1830,-0.5,-22.7,-0.3
3.0,1156.849740,255.59,-150.3,-89.22,155.15,-15.41,-17.0,1,1703,1.7,25.7,3.5
3.0,1156.859739,253.65,-31.68,-89.2,36.56,-12.75,-15.0,1,1575,2.8,87.6,0.3
3.0,1156.869739,251.1,-6.85,-86.79,11.79,-9.64,-12.25,1,1447,4.9,187.9,-0.3
3.0,1156.879739,248.12,-2.86,-83.32,7.86,-6.18,-9.25,1,2335,5.2,248.3,-3.4
3.0,1156.889739,244.86,-1.49,-79.82,6.56,-2.51,-5.75,1,2208,8.0,290.6,-2.2
3.0,1156.899740,241.17,-0.91,-76.04,6.07,1.26,-2.0,1,2090,7.9,335.2,-3.4
3.0,1156.909739,237.04,-0.44,-71.92,5.69,4.97,2.25,1,1971,10.6,367.6,-4.0
3.0,1156.919739,233.09,-0.11,-67.48,5.48,8.52,6.25,1,1834,10.8,411.8,-4.4
3.0,1156.929739,229.75,0.07,-62.95,5.4,11.76,9.75,1,1707,9.9,408.6,-2.4
3.0,1156.939740,226.67,0.14,-59.36,5.41,14.58,12.75,1,1571,8.4,363.0,-1.9
3.0,1156.949740,224.03,0.27,-56.66,5.34,16.89,15.25,1,1443,8.5,315.2,-4.9
3.0,1156.959740,221.92,0.39,-54.45,5.27,18.6,17.5,1,2331,6.8,269.1,-1.6
3.0,1156.969740,220.43,0.42,-52.56,5.3,19.65,19.25,1,2213,6.9,235.2,-3.1
3.0,1156.979740,219.73,0.47,-51.09,5.29,20.0,19.75,1,2085,4.0,180.2,0.1
3.0,1156.989740,219.55,0.42,-50.84,5.33,19.65,19.75,1,1967,1.5,80.5,-0.1
3.0,1156.999740,219.55,0.45,-51.72,5.28,18.6,19.75,1,1830,1.2,11.9,-2.2
3.0,1157.009740,219.73,0.5,-52.41,5.23,16.89,19.5,1,1703,1.2,-0.5,-0.0
3.0,1157.019740,220.34,0.46,-52.6,5.28,14.58,18.5,1,1576,-0.1,-6.6,1.3
3.0,1157.029740,221.92,0.39,-53.08,5.31,11.76,16.75,1,1448,-3.2,-41.3,1.2
3.0,1157.039740,224.03,0.35,-54.92,5.28,8.52,14.5,1,2336,-2.6,-149.8,-0.1
3.0,1157.049740,226.85,0.3,-58.12,5.27,4.97,11.75,1,2209,-7.0,-211.4,2.9
3.0,1157.059740,229.92,0.12,-61.43,5.36,1.26,8.5,1,2090,-5.9,-268.6,2.7
3.0,1157.069740,233.53,-0.0,-65.13,5.41,-2.51,4.75,1,1971,-7.9,-313.7,3.7
3.0,1157.079740,237.48,-0.28,-69.11,5.59,-6.18,0.75,1,1835,-10.0,-352.6,4.9
3.0,1157.089740,241.44,-0.62,-73.37,5.82,-9.64,-3.5,1,1707,-9.8,-386.9,3.3
3.0,1157.099740,245.83,-1.07,-77.85,6.18,-12.75,-8.0,1,1571,-10.3,-413.0,4.4
3.0,1157.109740,249.61,-2.27,-82.48,7.27,-15.41,-12.0,1,1444,-11.3,-437.8,4.3
3.0,1157.119740,252.42,-6.01,-86.95,10.88,-17.53,-14.75,1,2332,-13.9,-422.3,1.4
3.0,1157.129740,254.09,-67.57,-89.67,72.36,-19.02,-16.5,1,2213,-6.1,-306.4,1.2
3.0,1157.139740,255.94,-146.87,-89.36,151.72,-19.84,-18.5,1,2086,-1.6,-182.4,5.5
3.0,1157.149740,257.34,-158.46,-88.87,163.33,-19.96,-20.25,1,1967,-2.9,-175.3,2.6
3.0,1157.159740,258.05,-171.88,-87.13,176.69,-19.37,-20.75,1,1831,-5.8,-185.8,2.3
3.0,1157.169740,257.87,-174.19,-86.2,178.96,-18.1,-20.5,1,1703,-0.9,-83.5,-1.4
3.0,1157.179740,257.61,-171.78,-87.29,176.61,-16.18,-19.25,1,1576,1.2,8.1,3.9
3.0,1157.189739,256.2,-160.34,-88.63,165.19,-13.69,-17.75,1,1448,1.6,47.5,2.3
3.0,1157.199739,254.0,-53.36,-89.47,58.24,-10.72,-15.25,1,2336,2.7,121.5,-1.4
3.0,1157.209739,251.28,-6.59,-86.8,11.53,-7.36,-12.5,1,2209,5.1,212.2,-1.9
3.0,1157.219739,248.12,-2.76,-83.26,7.77,-3.75,-9.25,1,2090,6.4,264.8,-2.9
3.0,1157.229740,244.6,-1.5,-79.62,6.59,0.0,-5.5,1,1971,7.8,311.7,-2.8
3.0,1157.239739,240.73,-0.86,-75.63,6.03,3.75,-1.75,1,1835,8.2,352.0,-3.6
3.0,1157.249739,236.51,-0.4,-71.4,5.68,7.36,2.75,1,1708,11.5,382.5,-4.1
3.0,1157.259739,232.47,-0.07,-66.85,5.48,10.72,6.75,1,1572,10.3,424.8,-4.9
3.0,1157.269739,228.96,0.1,-62.21,5.39,13.69,10.25,1,1444,10.6,421.9,-2.4
3.0,1157.279740,225.7,0.17,-58.51,5.41,16.18,13.5,1,2332,9.1,372.6,-2.0
3.0,1157.289740,223.51,0.32,-55.69,5.33,18.1,15.75,1,2213,9.8,330.8,-5.6
3.0,1157.299740,221.84,0.42,-53.51,5.3,19.37,17.5,1,2086,6.2,259.8,0.4
3.0,1157.309740,220.52,0.37,-52.5,5.35,19.96,18.75,1,1967,3.0,172.2,-3.3
3.0,1157.319740,219.64,0.49,-51.95,5.24,19.84,19.75,1,1831,6.0,142.4,-3.3
3.0,1157.329740,219.46,0.48,-51.28,5.29,19.02,20.0,1,1704,0.2,97.2,2.6
3.0,1157.339740,219.46,0.39,-51.37,5.34,17.53,19.75,1,1576,1.1,36.1,-1.8
3.0,1157.349740,220.08,0.51,-51.95,5.25,15.41,18.75,1,1449,3.5,3.8,-0.8
3.0,1157.359740,221.4,0.43,-52.5,5.31,12.75,17.25,1,2337,-5.3,-22.7,3.5
3.0,1157.369740,223.42,0.32,-54.26,5.32,9.64,15.25,1,2209,-1.5,-150.1,-2.1
3.0,1157.379740,226.14,0.35,-57.54,5.24,6.18,12.25,1,2090,-6.9,-200.0,3.6
3.0,1157.389740,229.22,0.11,-60.66,5.38,2.51,9.25,1,1972,-6.8,-261.8,2.6
3.0,1157.399740,232.82,0.02,-64.27,5.4,-1.26,5.5,1,1836,-7.6,-299.8,3.0
3.0,1157.409740,236.6,-0.21,-68.19,5.54,-4.97,1.75,1,1708,-8.7,-353.3,4.9
3.0,1157.419740,240.56,-0.54,-72.56,5.77,-8.52,-2.5,1,1572,-10.4,-384.0,3.4
3.0,1157.429740,244.86,-0.97,-76.88,6.11,-11.76,-7.0,1,1445,-9.3,-400.8,4.8
3.0,1157.439740,248.55,-1.88,-81.42,6.93,-14.58,-11.0,1,2332,-11.5,-437.4,3.3
3.0,1157.449740,251.37,-4.34,-85.95,9.25,-16.89,-13.75,1,2214,-12.6,-417.2,2.5
3.0,1157.459740,253.39,-13.68,-88.7,18.5,-18.6,-15.75,1,2086,-7.8,-296.8,0.7
3.0,1157.469740,255.67,-42.2,-89.48,47.07,-19.65,-18.25,1,1968,-0.1,-208.2,6.7
3.0,1157.479740,257.87,-160.08,-88.74,164.98,-20.0,-20.75,1,1832,-6.1,-245.3,2.5
3.0,1157.489740,259.19,-174.25,-86.02,179.03,-19.65,-21.75,1,1704,-6.8,-240.8,1.7
3.0,1157.499740,259.28,-175.71,-84.67,-179.53,-18.6,-21.75,1,1577,-1.2,-139.5,1.2
3.0,1157.509740,258.93,-174.66,-85.38,179.48,-16.89,-21.0,1,1450,0.3,-29.8,3.6
3.0,1157.519740,258.05,-170.69,-87.01,175.54,-14.58,-19.5,1,2338,2.2,55.1,3.1
3.0,1157.529739,255.85,-159.56,-88.65,164.44,-11.76,-17.25,1,2209,2.0,83.3,-0.4
3.0,1157.539739,253.3,-24.69,-89.06,29.58,-8.52,-14.5,1,2091,2.0,184.3,-4.0
3.0,1157.549739,250.31,-4.43,-85.56,9.39,-4.97,-11.25,1,1972,7.7,256.0,-0.7
3.0,1157.559740,246.8,-2.22,-81.8,7.29,-1.26,-7.75,1,1836,6.6,305.1,-4.7
3.0,1157.569739,242.93,-1.11,-77.86,6.24,2.51,-3.75,1,1709,8.7,344.9,-2.5
3.0,1157.579739,238.71,-0.64,-73.66,5.89,6.18,0.25,1,1573,11.2,380.2,-4.3
3.0,1157.589739,234.32,-0.21,-69.13,5.57,9.64,4.75,1,1445,9.9,417.7,-4.9
3.0,1157.599739,230.1,0.03,-64.3,5.42,12.75,9.25,1,2333,11.4,446.1,-4.1
3.0,1157.609740,226.67,0.19,-59.6,5.38,15.41,12.75,1,2214,11.3,441.7,-3.1
3.0,1157.619740,224.47,0.28,-55.85,5.4,17.53,14.75,1,2095,10.9,378.7,-0.9
3.0,1157.629740,222.63,0.31,-53.97,5.4,19.02,16.75,1,1968,4.0,251.4,-3.2
3.0,1157.639740,220.69,0.41,-53.47,5.27,19.84,18.75,1,1832,6.0,177.0,-5.0
3.0,1157.649740,219.38,0.55,-52.25,5.21,19.96,20.25,1,1704,7.3,196.6,-2.9
3.0,1157.659740,218.94,0.5,-50.46,5.34,19.37,20.5,1,1577,3.1,159.6,4.3
3.0,1157.669740,219.11,0.4,-50.26,5.4,18.1,19.75,1,1450,-0.5,56.8,-2.8
3.0,1157.679740,220.17,0.47,-51.32,5.27,16.18,18.5,1,2338,0.4,-2.6,0.1
3.0,1157.689739,221.92,0.42,-52.81,5.3,13.69,16.75,1,2210,-3.3,-89.9,0.7
3.0,1157.699739,224.38,0.35,-55.38,5.3,10.72,14.25,1,2100,-3.9,-170.0,1.2
3.0,1157.709739,227.11,0.26,-58.47,5.32,7.36,11.25,1,1972,-6.3,-228.0,2.5
3.0,1157.719740,230.27,0.12,-61.84,5.38,3.75,8.0,1,1837,-6.4,-279.0,2.9
3.0,1157.729740,233.96,-0.04,-65.52,5.46,0.0,4.5,1,1709,-9.1,-316.7,4.0
3.0,1157.739740,237.74,-0.33,-69.52,5.63,-3.75,0.5,1,1573,-10.2,-362.2,4.5
3.0,1157.749739,241.88,-0.66,-73.76,5.87,-7.36,-3.75,1,1454,-9.4,-378.6,3.5
3.0,1157.759739,245.74,-1.13,-78.11,6.25,-10.72,-8.0,1,2342,-10.2,-419.1,3.9
3.0,1157.769739,248.99,-2.25,-82.69,7.26,-13.69,-11.25,1,2215,-12.1,-417.4,3.3
3.0,1157.779740,251.72,-4.67,-86.2,9.56,-16.18,-14.0,1,2096,-10.1,-353.1,1.7
3.0,1157.789740,254.62,-11.08,-88.24,15.97,-18.1,-17.25,1,1968,-3.0,-270.3,4.8
3.0,1157.799740,257.17,-137.09,-89.4,141.99,-19.37,-19.75,1,1832,-6.7,-298.9,4.6
3.0,1157.809740,258.75,-173.74,-86.42,178.52,-19.96,-21.5,1,1705,-9.2,-283.3,-1.0
3.0,1157.819740,259.19,-175.99,-84.79,-179.25,-19.84,-22.0,1,1578,-0.3,-179.7,3.3
3.0,1157.829740,259.01,-174.79,-85.08,179.62,-19.02,-21.5,1,1459,-1.2,-73.3,4.0
3.0,1157.839740,258.4,-172.55,-86.4,177.38,-17.53,-20.25,1,2339,1.1,26.5,1.5
3.0,1157.849740,256.73,-164.98,-88.19,169.86,-15.41,-18.25,1,2211,3.7,82.4,2.8
3.0,1157.859739,254.53,-86.87,-89.57,91.77,-12.75,-15.75,1,2100,-0.3,121.2,-4.6
3.0,1157.869739,251.72,-7.73,-87.37,12.65,-9.64,-13.0,1,1973,6.5,219.9,-0.0
3.0,1157.879739,248.47,-3.21,-83.66,8.25,-6.18,-9.75,1,1837,6.7,273.4,-3.5
3.0,1157.889740,245.04,-1.53,-79.92,6.64,-2.51,-6.0,1,1710,7.8,320.6,-3.6
3.0,1157.899740,241.17,-0.87,-75.86,6.06,1.26,-1.75,1,1573,8.7,359.0,-3.2
3.0,1157.909739,237.3,-0.44,-71.63,5.73,4.97,2.0,1,1454,10.3,385.4,-4.6
3.0,1157.919739,233.53,-0.14,-67.34,5.54,8.52,5.75,1,2334,10.2,402.4,-2.8
3.0,1157.929739,229.66,-0.0,-63.41,5.48,11.76,9.75,1,2206,8.6,375.6,-3.6
3.0,1157.939740,226.14,0.24,-59.7,5.32,14.58,13.25,1,2096,11.7,398.1,-7.0
3.0,1157.949740,223.68,0.38,-55.63,5.33,16.89,15.75,1,1969,11.3,384.8,1.7
3.0,1157.959740,222.01,0.3,-53.09,5.46,18.6,17.25,1,1833,4.5,267.3,-2.1
3.0,1157.969740,220.34,0.41,-52.59,5.32,19.65,19.0,1,1705,5.6,167.2,-4.5
3.0,1157.979740,218.85,0.52,-51.97,5.24,20.0,20.5,1,1569,4.4,162.3,-2.7
3.0,1157.989740,218.41,0.52,-50.32,5.29,19.65,21.25,1,1476,4.1,169.8,0.1
3.0,1157.999740,218.5,0.45,-49.53,5.37,18.6,20.75,1,2338,0.4,71.5,2.1
3.0,1158.009740,219.29,0.46,-50.55,5.33,16.89,19.75,1,2211,1.6,-3.9,-3.7
3.0,1158.019740,220.78,0.48,-51.83,5.26,14.58,17.75,1,2101,-4.3,-52.1,3.1
3.0,1158.029739,222.98,0.33,-53.84,5.35,11.76,15.75,1,1973,-3.0,-153.2,-0.2
3.0,1158.039739,225.7,0.34,-56.94,5.28,8.52,12.75,1,1837,-5.3,-208.4,2.1
3.0,1158.049739,228.78,0.17,-60.2,5.36,4.97,9.75,1,1710,-8.3,-270.7,3.6
3.0,1158.059740,232.38,-0.01,-63.88,5.44,1.26,6.25,1,1573,-7.5,-305.0,2.9
3.0,1158.069740,236.16,-0.17,-67.71,5.53,-2.51,2.25,1,1472,-8.8,-348.7,4.3
3.0,1158.079739,240.12,-0.49,-71.96,5.75,-6.18,-2.0,1,2334,-10.1,-382.1,3.8
3.0,1158.089739,244.16,-0.91,-76.27,6.07,-9.64,-6.5,1,2207,-9.7,-397.5,4.4
3.0,1158.099739,248.2,-1.71,-80.76,6.78,-12.75,-10.25,1,2097,-11.1,-433.4,3.7
3.0,1158.109740,251.02,-3.75,-85.35,8.69,-15.41,-13.25,1,1960,-13.1,-423.4,2.1
3.0,1158.119740,253.56,-10.16,-88.27,15.03,-17.53,-15.75,1,1833,-5.6,-303.1,1.4
3.0,1158.129740,255.5,-49.85,-89.53,54.75,-19.02,-18.25,1,1706,-4.5,-260.3,7.2
3.0,1158.139740,256.99,-165.08,-88.43,169.93,-19.84,-19.75,1,1569,-6.7,-224.8,-1.1
3.0,1158.149740,257.87,-172.9,-87.09,177.71,-19.96,-20.5,1,1478,-2.7,-172.1,4.0
3.0,1158.159740,258.22,-172.69,-86.7,177.53,-19.37,-20.75,1,2340,-0.6,-91.3,1.2
3.0,1158.169740,257.96,-172.02,-87.01,176.87,-18.1,-20.25,1,2212,-1.3,-49.4,2.6
3.0,1158.179740,257.61,-169.33,-87.64,174.19,-16.18,-19.25,1,2101,1.3,22.1,1.1
3.0,1158.189739,255.76,-157.75,-88.85,162.65,-13.69,-17.25,1,1965,1.8,53.8,1.7
3.0,1158.199739,253.56,-30.42,-89.18,35.33,-10.72,-14.75,1,1837,1.8,146.0,-2.2
3.0,1158.209739,250.66,-5.27,-86.09,10.23,-7.36,-11.75,1,1710,6.8,226.2,-1.3
3.0,1158.219740,247.5,-2.47,-82.55,7.53,-3.75,-8.5,1,1574,5.9,274.8,-3.6
3.0,1158.229740,243.98,-1.31,-78.83,6.44,0.0,-4.75,1,1473,8.7,323.4,-2.6
3.0,1158.239740,240.03,-0.77,-74.84,6.0,3.75,-0.75,1,2334,8.6,351.2,-3.6
3.0,1158.249739,235.63,-0.34,-70.65,5.67,7.36,3.5,1,2216,11.8,390.4,-4.3
3.0,1158.259739,231.77,-0.03,-65.95,5.48,10.72,7.5,1,2097,10.0,430.7,-4.6
3.0,1158.269739,228.08,0.11,-61.34,5.42,13.69,11.25,1,1961,9.9,420.8,-2.4
3.0,1158.279740,225.35,0.2,-57.68,5.42,16.18,14.0,1,1833,9.3,376.5,-2.6
3.0,1158.289740,222.98,0.31,-54.99,5.38,18.1,16.25,1,1706,8.6,313.2,-3.3
3.0,1158.299740,220.61,0.4,-53.31,5.33,19.37,18.75,1,1570,5.0,231.1,-2.9
3.0,1158.309740,219.11,0.52,-51.68,5.26,19.96,20.5,1,1477,10.8,245.5,-5.4
3.0,1158.319740,218.23,0.57,-49.55,5.33,19.84,21.25,1,2339,4.4,198.8,4.8
3.0,1158.329740,218.23,0.42,-49.09,5.42,19.02,21.0,1,2212,-0.9,92.1,-3.9
3.0,1158.339740,218.85,0.49,-50.11,5.27,17.53,20.0,1,2101,0.3,4.9,0.1
3.0,1158.349740,220.34,0.44,-51.29,5.33,15.41,18.5,1,1965,-2.1,-30.1,1.2
3.0,1158.359740,222.36,0.39,-53.12,5.33,12.75,16.25,1,1838,-2.3,-148.3,0.1
3.0,1158.369740,225.0,0.36,-56.27,5.3,9.64,13.5,1,1710,-5.0,-197.0,2.3
3.0,1158.379740,227.99,0.21,-59.39,5.36,6.18,10.5,1,1574,-7.6,-263.3,2.8
3.0,1158.389740,231.5,0.04,-63.0,5.43,2.51,7.0,1,1473,-7.8,-294.2,3.7
3.0,1158.399740,235.2,-0.15,-66.71,5.54,-1.26,3.25,1,2335,-9.5,-339.9,3.7
3.0,1158.409740,239.06,-0.41,-70.97,5.7,-4.97,-1.0,1,2216,-9.3,-379.8,3.8
3.0,1158.419740,243.37,-0.79,-75.29,6.0,-8.52,-5.5,1,2097,-9.6,-392.9,4.5
3.0,1158.429740,247.24,-1.51,-79.76,6.62,-11.76,-9.25,1,1961,-11.0,-433.5,4.1
3.0,1158.439740,250.05,-2.99,-84.34,7.96,-14.58,-12.25,1,1834,-13.3,-418.0,1.2
3.0,1158.449740,252.86,-6.22,-87.34,11.11,-16.89,-15.25,1,1715,-6.1,-315.8,1.5
3.0,1158.459740,255.15,-19.98,-88.94,24.91,-18.6,-17.75,1,1570,-3.7,-266.6,8.1
3.0,1158.469740,256.46,-161.27,-88.74,166.14,-19.65,-19.25,1,1477,-10.3,-268.5,-1.8
3.0,1158.479740,256.99,-173.55,-87.17,178.33,-20.0,-19.5,1,2341,-1.6,-159.9,1.2
3.0,1158.489740,257.17,-170.69,-87.57,175.56,-19.65,-19.75,1,2213,-0.5,-66.7,4.7
3.0,1158.499740,257.7,-164.42,-88.36,169.31,-18.6,-20.25,1,2093,2.5,-11.8,1.6
3.0,1158.509740,257.78,-164.45,-88.41,169.36,-16.89,-20.5,1,1966,-2.1,-49.3,1.8
3.0,1158.519740,257.61,-169.4,-87.8,174.24,-14.58,-19.75,1,1838,-2.1,-25.3,-1.8
3.0,1158.529739,256.46,-165.27,-88.44,170.13,-11.76,-18.25,1,1711,2.4,40.7,3.2
3.0,1158.539739,254.53,-106.78,-89.54,111.71,-8.52,-15.75,1,1575,2.1,72.1,-1.0
3.0,1158.549739,251.98,-10.37,-87.86,15.33,-4.97,-13.25,1,1473,4.7,192.6,-0.4
3.0,1158.559740,248.82,-3.44,-84.09,8.47,-1.26,-9.75,1,2335,6.1,259.0,-2.9
3.0,1158.569740,245.3,-1.66,-80.31,6.77,2.51,-6.25,1,2216,7.7,311.6,-3.4
3.0,1158.579739,241.35,-0.91,-76.26,6.12,6.18,-2.25,1,2097,9.3,353.2,-3.4
3.0,1158.589739,237.04,-0.46,-71.99,5.77,9.64,2.25,1,1962,9.5,385.0,-4.2
3.0,1158.599739,232.56,-0.12,-67.38,5.53,12.75,6.75,1,1834,12.2,429.3,-4.6
3.0,1158.609740,228.25,0.12,-62.42,5.42,15.41,11.0,1,1715,11.1,451.9,-4.4
3.0,1158.619740,224.91,0.24,-57.71,5.39,17.53,14.5,1,1571,9.6,447.8,-2.9
3.0,1158.629740,222.54,0.31,-53.95,5.41,19.02,16.75,1,1478,11.8,380.7,-1.2
3.0,1158.639740,221.57,0.38,-52.03,5.41,19.84,17.75,1,2340,4.5,259.0,-3.4
3.0,1158.649740,220.61,0.39,-51.9,5.35,19.96,18.75,1,2212,3.6,134.2,-0.6
3.0,1158.659740,219.81,0.44,-52.35,5.32,19.37,19.75,1,2102,3.0,79.9,-4.1
3.0,1158.669740,219.81,0.55,-51.94,5.24,18.1,19.75,1,1966,5.6,96.2,-1.5
3.0,1158.679740,219.99,0.45,-51.59,5.37,16.18,18.75,1,1839,-3.0,18.4,5.2
3.0,1158.689740,221.31,0.35,-52.63,5.39,13.69,17.25,1,1711,0.4,-26.0,-4.3
3.0,1158.699740,223.24,0.43,-54.11,5.26,10.72,15.25,1,1575,-5.3,-103.7,3.2
3.0,1158.709740,225.88,0.22,-56.8,5.38,7.36,12.75,1,1473,-5.5,-191.2,1.0
3.0,1158.719740,228.78,0.18,-60.18,5.36,3.75,9.5,1,2335,-6.1,-250.6,2.7
3.0,1158.729740,232.29,0.01,-63.7,5.46,0.0,6.25,1,2217,-7.7,-292.6,3.9
3.0,1158.739740,235.99,-0.19,-67.51,5.57,-3.75,2.25,1,2098,-7.9,-338.4,3.2
3.0,1158.749740,239.94,-0.44,-71.74,5.73,-7.36,-1.75,1,1962,-9.7,-377.8,4.4
3.0,1158.759740,244.16,-0.92,-76.08,6.11,-10.72,-6.25,1,1834,-10.4,-394.2,4.2
3.0,1158.769740,248.03,-1.7,-80.58,6.78,-13.69,-10.25,1,1716,-10.7,-433.5,3.9
3.0,1158.779740,250.75,-3.63,-85.2,8.59,-16.18,-12.75,1,1571,-13.2,-422.7,1.6
3.0,1158.789740,252.51,-8.94,-88.12,13.81,-18.1,-15.0,1,1478,-6.6,-304.4,0.4
3.0,1158.799740,255.15,-16.95,-88.83,21.89,-19.37,-17.5,1,2340,-0.2,-191.6,7.2
3.0,1158.809740,256.99,-97.08,-89.57,102.02,-19.96,-19.75,1,2212,-6.8,-230.2,3.0
3.0,1158.819740,258.66,-172.36,-87.1,177.17,-19.84,-21.25,1,2103,-7.1,-242.7,-0.3
3.0,1158.829740,259.45,-175.26,-85.37,-179.92,-19.02,-22.25,1,1968,0.3,-162.3,3.4
3.0,1158.839740,259.54,-174.48,-85.08,179.35,-17.53,-22.25,1,1839,-2.6,-107.8,5.5
3.0,1158.849740,259.1,-173.83,-85.55,178.68,-15.41,-21.25,1,1711,0.5,-7.4,-1.2
3.0,1158.859739,258.05,-170.99,-87.15,175.88,-12.75,-19.5,1,1576,2.4,60.3,3.5
3.0,1158.869739,255.76,-158.49,-88.68,163.4,-9.64,-17.25,1,1474,0.6,91.6,-0.9
3.0,1158.879739,253.21,-20.84,-88.89,25.76,-6.18,-14.5,1,2336,3.4,194.6,-4.1
3.0,1158.889740,249.96,-4.19,-85.3,9.2,-2.51,-11.25,1,2217,7.8,262.1,-1.1
3.0,1158.899740,246.53,-2.14,-81.51,7.24,1.26,-7.5,1,2098,6.5,312.2,-4.4
3.0,1158.909739,242.58,-1.08,-77.51,6.25,4.97,-3.5,1,1963,9.0,350.5,-2.9
3.0,1158.919739,238.36,-0.59,-73.2,5.88,8.52,0.75,1,1835,11.3,392.2,-4.5
3.0,1158.929739,233.79,-0.19,-68.51,5.59,11.76,5.25,1,1707,10.4,427.3,-4.6
3.0,1158.939740,229.48,0.05,-63.63,5.45,14.58,9.75,1,1572,11.3,453.5,-4.6
3.0,1158.949740,226.14,0.21,-58.84,5.4,16.89,13.25,1,1479,11.4,452.8,-3.1
3.0,1158.959740,223.77,0.29,-55.01,5.44,18.6,15.75,1,2341,10.9,383.7,-1.0
3.0,1158.969740,222.28,0.33,-53.12,5.43,19.65,17.25,1,2213,5.1,258.4,-3.1
3.0,1158.979740,220.96,0.39,-52.77,5.34,20.0,18.5,1,2103,3.9,159.6,-3.2
3.0,1158.989740,220.25,0.46,-52.45,5.31,19.65,19.25,1,1967,5.4,130.7,-2.0
3.0,1158.999740,220.34,0.45,-51.86,5.36,18.6,19.0,1,1840,1.2,88.8,1.5
3.0,1159.009740,220.43,0.37,-52.18,5.4,16.89,18.25,1,1712,-0.6,10.1,-0.3
3.0,1159.019740,222.01,0.41,-53.15,5.33,14.58,16.5,1,1576,0.1,-18.9,-1.5
3.0,1159.029740,224.3,0.37,-54.78,5.32,11.76,14.25,1,1474,-5.1,-133.7,2.1
3.0,1159.039740,226.85,0.23,-57.98,5.38,8.52,11.75,1,2336,-4.5,-205.0,1.5
3.0,1159.049740,230.01,0.16,-61.26,5.39,4.97,8.5,1,2218,-5.5,-256.9,2.9
3.0,1159.059740,233.26,-0.01,-64.81,5.48,1.26,5.0,1,2099,-7.8,-302.2,3.6
3.0,1159.069740,236.95,-0.25,-68.6,5.63,-2.51,1.25,1,1963,-9.3,-334.3,4.4
3.0,1159.079740,241.0,-0.57,-72.65,5.84,-6.18,-3.0,1,1835,-10.0,-372.3,3.6
3.0,1159.089740,244.78,-1.02,-77.07,6.2,-9.63,-7.0,1,1708,-9.8,-404.0,4.3
3.0,1159.099740,248.29,-1.88,-81.48,6.94,-12.75,-10.5,1,1572,-12.7,-409.4,2.4
3.0,1159.109740,251.37,-3.59,-85.12,8.55,-15.41,-13.75,1,1479,-7.8,-358.9,3.2
3.0,1159.119740,253.56,-9.06,-87.8,14.0,-17.53,-16.0,1,2341,-7.9,-319.7,4.0
3.0,1159.129740,254.97,-81.92,-89.64,86.8,-19.02,-17.5,1,2213,-7.3,-251.6,0.8
3.0,1159.139740,256.64,-159.24,-89.02,164.11,-19.84,-19.25,1,2103,-1.7,-164.7,2.0
3.0,1159.149740,257.87,-165.05,-88.42,169.96,-19.96,-20.5,1,1967,-0.9,-147.8,5.3
3.0,1159.159740,258.31,-171.38,-87.07,176.25,-19.37,-21.0,1,1840,-6.5,-153.7,0.4
3.0,1159.169740,257.96,-173.97,-86.42,178.79,-18.1,-20.5,1,1712,0.7,-60.2,-1.0
3.0,1159.179740,257.78,-170.51,-87.55,175.41,-16.18,-19.25,1,1576,1.0,20.6,4.2
3.0,1159.189739,255.94,-157.57,-88.77,162.47,-13.69,-17.5,1,2466,1.3,47.2,1.7
3.0,1159.199739,253.65,-36.67,-89.3,41.61,-10.72,-15.0,1,2337,3.0,143.9,-2.1
3.0,1159.209739,250.84,-5.39,-86.16,10.39,-7.36,-12.25,1,2218,6.0,229.1,-1.6
3.0,1159.219740,247.59,-2.51,-82.6,7.59,-3.75,-8.75,1,2099,6.0,272.1,-3.1
3.0,1159.229740,244.07,-1.37,-78.97,6.52,0.0,-5.0,1,1963,8.8,320.5,-2.9
3.0,1159.239740,240.12,-0.78,-74.95,6.03,3.75,-1.25,1,1836,8.2,352.9,-3.6
3.0,1159.249739,235.81,-0.36,-70.74,5.71,7.36,3.25,1,1708,11.9,389.1,-4.3
3.0,1159.259739,231.86,-0.04,-66.08,5.52,10.72,7.5,1,1572,9.9,430.0,-4.7
3.0,1159.269739,228.69,0.1,-61.42,5.44,13.69,10.75,1,2468,10.2,424.5,-2.4
3.0,1159.279740,225.7,0.18,-57.9,5.49,16.18,13.5,1,2341,11.6,357.8,-0.3
3.0,1159.289740,222.63,0.31,-55.75,5.42,18.1,16.75,1,2214,5.9,282.0,-7.1
3.0,1159.299740,219.99,0.53,-53.4,5.22,19.37,19.5,1,2104,10.7,310.6,-5.8
3.0,1159.309740,217.79,0.52,-50.16,5.35,19.96,21.5,1,1967,5.1,295.3,3.7
3.0,1159.319740,216.56,0.44,-48.13,5.44,19.84,22.75,1,1840,4.9,218.9,-4.2
3.0,1159.329740,216.3,0.62,-47.27,5.29,19.02,23.25,1,1704,6.2,162.0,-3.1
3.0,1159.339740,216.21,0.56,-47.37,5.36,17.53,22.75,1,1576,-1.1,46.8,4.1
3.0,1159.349740,217.53,0.48,-48.56,5.39,15.41,21.25,1,2464,1.7,-3.1,-3.9
3.0,1159.359740,219.38,0.55,-50.01,5.29,12.75,19.25,1,2337,-4.7,-95.0,2.8
3.0,1159.369740,221.57,0.38,-52.7,5.37,9.64,16.75,1,2218,-4.0,-177.4,1.0
3.0,1159.379740,224.65,0.36,-55.8,5.33,6.18,13.75,1,2100,-6.2,-227.3,1.8
3.0,1159.389740,227.99,0.21,-59.17,5.38,2.51,10.5,1,1963,-7.9,-286.8,3.9
3.0,1159.399740,231.86,0.03,-63.07,5.47,-1.26,6.75,1,1836,-8.4,-330.4,3.5
3.0,1159.409740,235.72,-0.18,-67.22,5.58,-4.97,2.5,1,1709,-10.4,-371.0,4.6
3.0,1159.419740,239.94,-0.49,-71.69,5.79,-8.52,-1.75,1,1572,-9.7,-406.6,4.0
3.0,1159.429740,244.42,-0.91,-76.28,6.12,-11.76,-6.5,1,2469,-10.9,-423.7,4.7
3.0,1159.439740,248.38,-1.84,-81.02,6.93,-14.58,-10.75,1,2341,-11.8,-456.6,4.1
3.0,1159.449740,251.28,-4.22,-85.73,9.19,-16.89,-13.5,1,2214,-13.5,-438.3,2.0
3.0,1159.459740,253.39,-13.19,-88.66,18.06,-18.6,-15.75,1,2104,-7.6,-313.9,0.7
3.0,1159.469740,255.41,-38.54,-89.43,43.47,-19.65,-18.25,1,1968,-0.7,-210.0,7.0
3.0,1159.479740,257.08,-154.91,-88.99,159.84,-20.0,-19.75,1,1841,-7.4,-239.5,1.7
3.0,1159.489740,258.13,-173.11,-86.92,177.94,-19.65,-20.75,1,1704,-4.1,-184.4,-0.3
3.0,1159.499740,258.49,-173.71,-86.41,178.58,-18.6,-21.25,1,1578,0.6,-106.4,4.6
3.0,1159.509740,258.31,-172.22,-86.61,177.11,-16.89,-20.75,1,2466,-2.3,-57.0,2.0
3.0,1159.519740,257.87,-170.81,-87.28,175.69,-14.58,-19.75,1,2339,1.6,17.4,0.6
3.0,1159.529739,256.29,-161.95,-88.56,166.89,-11.76,-17.75,1,2219,1.9,58.2,2.5
3.0,1159.539739,254.09,-45.28,-89.4,50.22,-8.52,-15.25,1,2100,1.5,138.4,-2.9
3.0,1159.549739,251.02,-5.98,-86.55,10.97,-4.97,-12.25,1,1964,6.5,220.2,-1.2
3.0,1159.559740,247.68,-2.71,-82.97,7.8,-1.26,-8.75,1,1836,6.3,277.3,-3.5
3.0,1159.569740,244.16,-1.39,-79.13,6.55,2.51,-5.25,1,1709,8.6,327.6,-2.9
3.0,1159.579739,240.03,-0.8,-74.99,6.06,6.18,-1.0,1,1573,8.3,364.0,-3.5
3.0,1159.589739,235.72,-0.35,-70.61,5.71,9.63,3.5,1,2469,12.7,401.7,-4.7
3.0,1159.599739,231.42,-0.02,-65.8,5.52,12.75,8.0,1,2342,9.9,443.3,-4.6
3.0,1159.609740,227.2,0.15,-60.84,5.42,15.41,12.25,1,2215,11.4,454.1,-4.2
3.0,1159.619740,224.38,0.28,-56.33,5.42,17.53,15.0,1,2104,12.1,440.3,-1.9
3.0,1159.629740,222.45,0.32,-53.29,5.48,19.02,17.0,1,1968,7.5,317.9,-0.7
3.0,1159.639740,220.69,0.4,-52.45,5.4,19.84,18.75,1,1841,6.7,206.6,-6.0
3.0,1159.649740,219.64,0.51,-51.85,5.3,19.96,19.75,1,1705,3.8,171.4,-0.9
3.0,1159.659740,219.11,0.44,-50.88,5.39,19.37,20.25,1,1577,2.5,131.9,0.0
3.0,1159.669740,219.02,0.44,-50.68,5.38,18.1,20.25,1,2465,1.6,60.3,-1.1
3.0,1159.679740,219.2,0.5,-51.21,5.34,16.18,19.5,1,2338,3.0,17.9,-1.0
3.0,1159.689740,220.61,0.45,-51.69,5.37,13.69,18.0,1,2211,-4.0,-5.2,2.6
3.0,1159.699740,222.71,0.34,-53.22,5.39,10.72,16.0,1,2100,-2.4,-130.0,-1.5
3.0,1159.709740,225.26,0.35,-56.36,5.32,7.36,13.25,1,1964,-5.5,-189.0,3.0
3.0,1159.719740,228.25,0.17,-59.49,5.43,3.75,10.25,1,1836,-7.0,-254.2,2.6
3.0,1159.729740,231.68,0.05,-63.17,5.46,0.0,6.75,1,1709,-7.0,-301.9,3.2
3.0,1159.739740,235.55,-0.15,-67.02,5.58,-3.75,2.75,1,1573,-9.3,-337.7,4.3
3.0,1159.749740,239.41,-0.44,-71.2,5.77,-7.36,-1.5,1,2470,-9.7,-381.7,3.6
3.0,1159.759740,243.81,-0.83,-75.63,6.06,-10.72,-5.75,1,2342,-9.9,-399.1,4.6
3.0,1159.769740,247.85,-1.62,-80.19,6.75,-13.69,-10.25,1,2215,-11.3,-438.9,4.1
3.0,1159.779740,251.46,-3.54,-84.9,8.54,-16.18,-13.5,1,2105,-12.0,-431.1,2.7
3.0,1159.789740,253.92,-14.02,-88.64,18.92,-18.1,-16.0,1,1969,-10.7,-385.1,2.4
3.0,1159.799740,255.59,-160.59,-88.93,165.48,-19.37,-18.25,1,1841,-4.2,-278.6,3.4
3.0,1159.809740,256.9,-167.31,-88.2,172.22,-19.96,-19.75,1,1705,-4.3,-180.9,3.5
3.0,1159.819740,257.87,-170.5,-87.6,175.37,-19.84,-20.5,1,1578,-3.6,-158.3,0.2
3.0,1159.829740,258.13,-172.7,-86.96,177.59,-19.02,-20.75,1,2467,0.1,-87.7,2.7
3.0,1159.839740,257.96,-171.03,-87.21,175.93,-17.53,-20.25,1,2339,-1.4,-44.7,2.7
3.0,1159.849740,257.34,-167.87,-87.89,172.77,-15.41,-18.75,1,2221,1.7,26.7,1.1
3.0,1159.859739,255.5,-154.2,-89.0,159.15,-12.75,-16.75,1,2100,1.5,44.6,1.1
3.0,1159.869739,253.12,-22.26,-88.93,27.22,-9.64,-14.25,1,1965,2.8,171.8,-2.7
3.0,1159.879739,250.22,-4.45,-85.44,9.48,-6.18,-11.25,1,1837,6.9,227.6,-0.8
3.0,1159.889740,247.06,-2.31,-82.05,7.43,-2.51,-8.0,1,1710,5.6,284.5,-4.1
3.0,1159.899740,243.37,-1.22,-78.23,6.39,1.26,-4.25,1,1573,8.3,325.0,-2.2
3.0,1159.909739,239.41,-0.71,-74.26,6.01,4.97,-0.25,1,2470,10.7,356.7,-4.1
3.0,1159.919739,235.02,-0.27,-69.97,5.68,8.52,4.25,1,2343,10.4,397.2,-4.2
3.0,1159.929739,230.98,-0.02,-65.23,5.52,11.76,8.25,1,2215,10.7,434.1,-4.5
3.0,1159.939740,227.29,0.14,-60.6,5.46,14.58,12.0,1,2096,10.3,425.5,-2.6
3.0,1159.949740,224.56,0.23,-56.8,5.46,16.89,14.75,1,1969,9.0,388.8,-2.8
3.0,1159.959740,222.54,0.33,-54.01,5.41,18.6,16.75,1,1842,8.1,316.3,-3.4
3.0,1159.969740,220.69,0.39,-52.59,5.39,19.65,18.75,1,1706,5.2,213.8,-1.5
3.0,1159.979740,219.55,0.46,-51.86,5.36,20.0,19.75,1,1578,7.4,175.8,-4.0
3.0,1159.989740,219.02,0.5,-50.89,5.36,19.65,20.25,1,2466,1.6,135.3,1.8
3.0,1159.999740,218.94,0.41,-50.64,5.42,18.6,20.5,1,2338,1.6,64.9,-1.8
3.0,1160.009740,219.11,0.52,-51.14,5.33,16.89,19.75,1,2211,3.7,21.0,-1.0
3.0,1160.019740,220.61,0.46,-51.64,5.38,14.58,18.25,1,2101,-4.1,-5.8,3.0
3.0,1160.029740,222.36,0.35,-53.16,5.4,11.76,16.25,1,1965,-1.9,-124.8,-1.7
3.0,1160.039740,225.0,0.37,-56.2,5.33,8.52,13.5,1,1838,-5.3,-185.1,3.0
3.0,1160.049740,228.08,0.18,-59.26,5.43,4.97,10.5,1,1710,-7.0,-245.6,2.5
3.0,1160.059740,231.42,0.07,-62.79,5.47,1.26,7.0,1,1574,-6.9,-292.6,3.3
3.0,1160.069740,235.11,-0.13,-66.6,5.58,-2.51,3.25,1,2471,-9.7,-333.6,4.2
3.0,1160.079740,238.97,-0.42,-70.81,5.76,-6.18,-1.0,1,2343,-9.4,-380.2,3.6
3.0,1160.089740,243.19,-0.77,-75.2,6.03,-9.63,-5.25,1,2216,-9.6,-392.0,4.4
3.0,1160.099740,247.24,-1.48,-79.58,6.64,-12.75,-9.5,1,2097,-10.9,-426.6,4.3
3.0,1160.109740,250.75,-3.08,-84.23,8.11,-15.41,-12.75,1,1970,-12.7,-430.2,2.7
3.0,1160.119740,253.21,-9.03,-87.96,13.95,-17.53,-15.25,1,1842,-9.5,-371.6,1.8
3.0,1160.129740,254.97,-119.96,-89.61,124.88,-19.02,-17.5,1,1706,-4.9,-279.2,3.4
3.0,1160.139740,256.29,-160.63,-88.83,165.55,-19.84,-19.0,1,1579,-4.7,-183.3,3.8
3.0,1160.149740,256.82,-167.5,-88.21,172.39,-19.96,-19.5,1,2468,-3.7,-160.1,-0.2
3.0,1160.159740,256.73,-170.86,-87.75,175.75,-19.37,-19.0,1,2341,-0.9,-70.1,1.3
3.0,1160.169740,256.73,-161.81,-88.74,166.73,-18.1,-18.25,1,2213,0.9,12.4,2.3
3.0,1160.179740,256.11,-114.01,-89.53,118.97,-16.18,-17.5,1,2102,2.7,18.3,2.5
3.0,1160.189739,255.32,-46.77,-89.39,51.77,-13.69,-16.75,1,1966,2.3,55.2,2.4
3.0,1160.199739,253.65,-15.45,-88.38,20.44,-10.72,-15.0,1,1838,0.2,77.0,-1.3
3.0,1160.209739,251.72,-6.41,-86.8,11.41,-7.36,-12.75,1,1711,2.7,140.1,-3.4
4.0,1162.239739,246.27,-2.26,-81.53,7.46,0.0,-7.5,1,2345,4.0,187.0,-1.4
4.0,1162.249739,243.28,-1.2,-78.38,6.44,3.96,-4.25,1,2226,7.1,251.2,-3.2
4.0,1162.259739,239.85,-0.66,-74.79,6.0,7.67,-0.75,1,2099,7.9,294.3,-2.3
4.0,1162.269739,235.9,-0.36,-70.92,5.78,10.9,3.25,1,1972,9.0,344.7,-3.6
4.0,1162.279740,231.77,-0.05,-66.49,5.58,13.44,7.5,1,1835,10.2,392.7,-4.4
4.0,1162.289740,228.16,0.15,-61.83,5.48,15.14,11.25,1,1708,10.1,418.3,-3.5
4.0,1162.299740,225.44,0.25,-57.54,5.5,15.89,13.75,1,2605,11.9,403.4,-1.1
4.0,1162.309740,224.03,0.29,-54.74,5.55,15.64,15.25,1,2477,7.2,294.2,-0.5
4.0,1162.319740,223.86,0.32,-54.16,5.5,14.4,15.5,1,2350,3.5,168.1,-3.3
4.0,1162.329740,223.95,0.34,-54.88,5.46,12.27,15.0,1,2231,1.3,54.1,0.8
4.0,1162.339739,225.0,0.29,-56.16,5.48,9.36,13.75,1,2095,-0.6,-14.5,-1.9
4.0,1162.349739,226.76,0.29,-57.51,5.43,5.86,11.75,1,1968,-2.5,-66.0,1.0
4.0,1162.359739,229.04,0.19,-59.87,5.48,2.0,9.5,1,1840,-4.0,-183.8,0.8
4.0,1162.369739,232.03,0.07,-63.27,5.51,-2.0,6.5,1,1713,-7.3,-222.8,2.9
4.0,1162.379739,235.28,-0.14,-66.53,5.62,-5.86,3.0,1,2600,-7.9,-286.6,2.7
4.0,1162.389739,238.97,-0.33,-70.37,5.74,-9.36,-0.75,1,2473,-7.3,-320.1,3.3
4.0,1162.399740,243.02,-0.66,-74.43,6.0,-12.27,-5.0,1,2346,-8.7,-371.7,4.2
4.0,1162.409740,247.24,-1.3,-78.97,6.54,-14.4,-9.25,1,2227,-10.2,-403.0,4.0
4.0,1162.419740,250.93,-2.68,-83.55,7.8,-15.64,-13.25,1,2099,-11.2,-426.3,3.7
4.0,1162.429740,253.56,-9.19,-87.98,14.19,-15.89,-15.75,1,1972,-12.4,-421.6,1.7
4.0,1162.439740,255.06,-161.16,-89.05,166.09,-15.14,-17.5,1,1836,-6.9,-293.5,0.4
4.0,1162.449740,255.85,-164.8,-88.66,169.76,-13.44,-18.5,1,1709,-1.6,-167.9,6.5
4.0,1162.459739,256.11,-161.75,-88.69,166.73,-10.9,-18.5,1,2606,-4.1,-120.2,0.1
4.0,1162.469739,256.03,-161.34,-88.94,166.3,-7.67,-17.75,1,2470,0.5,-23.4,-0.6
4.0,1162.479739,254.88,-70.45,-89.62,75.46,-3.96,-16.25,1,2352,0.9,16.4,3.2
4.0,1162.489740,252.69,-15.67,-88.49,20.71,0.0,-13.75,1,2232,3.4,93.3,1.4
4.0,1162.499739,249.61,-4.9,-85.68,10.01,3.96,-11.0,1,2095,5.5,207.5,-1.6
4.0,1162.509739,246.53,-2.06,-81.8,7.25,7.67,-7.5,1,1968,6.7,274.9,-3.2
4.0,1162.519739,242.84,-1.12,-77.91,6.39,10.9,-3.75,1,1841,7.8,322.2,-2.4
4.0,1162.529740,238.62,-0.6,-73.75,5.98,13.44,0.5,1,1713,10.7,368.8,-4.3
4.0,1162.539740,234.23,-0.19,-69.16,5.68,15.14,5.0,1,2601,9.9,412.2,-4.2
4.0,1162.549740,230.62,0.04,-64.27,5.54,15.89,9.0,1,2474,11.8,446.0,-4.5
4.0,1162.559740,227.64,0.19,-59.75,5.53,15.64,11.75,1,2346,12.1,418.5,-0.8
4.0,1162.569740,226.23,0.2,-56.91,5.61,14.4,13.25,1,2228,7.4,311.3,-0.5
4.0,1162.579740,225.79,0.25,-56.18,5.54,12.27,13.5,1,2100,3.9,179.9,-4.0
4.0,1162.589739,225.97,0.28,-56.82,5.49,9.36,13.0,1,1973,2.1,67.7,1.6
4.0,1162.599739,226.93,0.21,-58.05,5.53,5.86,11.75,1,1837,-1.2,-10.4,-2.8
4.0,1162.609739,228.87,0.22,-59.61,5.45,2.0,9.75,1,1709,-2.1,-78.1,1.4
4.0,1162.619739,231.24,0.09,-62.11,5.54,-2.0,7.25,1,2606,-5.7,-181.9,0.9
4.0,1162.629739,234.14,-0.05,-65.46,5.57,-5.86,4.25,1,2478,-7.0,-230.9,2.5
4.0,1162.639739,237.48,-0.26,-68.79,5.7,-9.36,0.75,1,2351,-6.8,-284.1,3.0
4.0,1162.649740,241.17,-0.51,-72.67,5.89,-12.27,-3.25,1,2232,-8.2,-335.0,3.3
4.0,1162.659740,245.3,-0.96,-76.93,6.25,-14.4,-7.25,1,2096,-8.8,-374.5,4.0
4.0,1162.669740,248.82,-1.83,-81.33,7.02,-15.64,-11.0,1,1969,-10.2,-401.1,3.6
4.0,1162.679740,251.37,-3.89,-85.52,8.95,-15.89,-13.5,1,1841,-12.8,-392.5,1.8
4.0,1162.689740,252.69,-9.8,-88.26,14.77,-15.14,-14.75,1,1714,-7.6,-283.4,0.4
4.0,1162.699740,253.04,-17.51,-88.95,22.5,-13.44,-15.0,1,2603,-2.6,-180.4,4.0
4.0,1162.709739,252.86,-12.64,-88.42,17.67,-10.9,-14.25,1,2475,-1.3,-48.4,-0.1
4.0,1162.719739,251.72,-6.35,-87.08,11.41,-7.67,-13.0,1,2348,1.8,4.1,2.2
4.0,1162.729739,249.7,-4.49,-85.37,9.61,-3.96,-10.75,1,2228,4.2,118.7,2.4
4.0,1162.739740,247.06,-2.5,-82.38,7.68,-0.0,-8.25,1,2101,4.5,184.8,-2.2
4.0,1162.749739,244.25,-1.36,-79.27,6.6,3.96,-5.25,1,1973,5.7,245.8,-1.8
4.0,1162.759739,240.73,-0.84,-75.69,6.15,7.67,-1.75,1,1837,7.7,297.0,-2.9
4.0,1162.769739,236.78,-0.4,-71.78,5.82,10.9,2.25,1,1710,10.4,340.3,-3.6
4.0,1162.779740,232.73,-0.08,-67.44,5.62,13.44,6.75,1,2606,9.9,390.7,-4.3
4.0,1162.789740,228.96,0.13,-62.71,5.5,15.14,10.5,1,2479,11.1,422.7,-3.9
4.0,1162.799740,226.41,0.24,-58.35,5.52,15.89,13.0,1,2351,10.9,403.3,-0.8
4.0,1162.809740,225.0,0.25,-55.63,5.58,15.64,14.25,1,2232,6.9,291.6,-0.5
4.0,1162.819740,224.74,0.29,-55.09,5.52,14.4,14.75,1,2097,3.0,165.7,-3.4
4.0,1162.829740,224.91,0.31,-55.81,5.47,12.27,14.25,1,1969,2.1,54.2,0.9
4.0,1162.839739,225.97,0.26,-57.04,5.51,9.36,12.75,1,1842,-0.8,-11.3,-1.5
4.0,1162.849739,227.81,0.25,-58.44,5.46,5.86,10.75,1,1714,-2.5,-73.8,0.9
4.0,1162.859740,230.19,0.15,-60.91,5.5,2.0,8.25,1,2602,-4.6,-184.8,0.6
4.0,1162.869740,233.0,0.02,-64.34,5.54,-2.0,5.25,1,2475,-7.7,-232.4,3.1
4.0,1162.879739,236.34,-0.2,-67.67,5.68,-5.86,1.75,1,2347,-6.5,-285.0,2.7
4.0,1162.889739,240.12,-0.4,-71.49,5.81,-9.36,-2.0,1,2228,-8.7,-329.2,3.5
4.0,1162.899740,243.98,-0.82,-75.64,6.13,-12.27,-6.25,1,2101,-8.7,-370.2,3.9
4.0,1162.909740,247.94,-1.51,-80.11,6.74,-14.4,-10.25,1,1974,-10.3,-405.8,3.7
4.0,1162.919740,251.19,-3.12,-84.51,8.23,-15.64,-13.25,1,1837,-11.1,-405.3,2.6
4.0,1162.929740,253.3,-9.21,-88.06,14.22,-15.89,-15.25,1,1719,-10.7,-356.4,1.8
4.0,1162.939740,254.0,-103.43,-89.67,108.39,-15.14,-16.0,1,2608,-5.2,-248.1,2.2
4.0,1162.949740,253.92,-98.78,-89.65,103.78,-13.44,-15.75,1,2480,-1.8,-105.8,2.0
4.0,1162.959739,253.3,-13.98,-88.57,19.01,-10.9,-14.75,1,2353,0.1,1.8,0.8
4.0,1162.969739,251.63,-6.6,-87.01,11.67,-7.67,-12.75,1,2233,2.9,50.5,1.5
4.0,1162.979739,249.35,-4.14,-84.94,9.29,-3.96,-10.5,1,2097,5.7,159.0,2.4
4.0,1162.989740,246.53,-2.21,-81.61,7.43,-0.0,-7.5,1,1969,5.4,225.5,-3.9
4.0,1162.999739,243.37,-1.11,-78.23,6.38,3.96,-4.25,1,1842,6.6,272.1,-1.9
4.0,1163.009739,239.5,-0.71,-74.56,6.07,7.67,-0.5,1,1715,8.6,319.9,-3.2
4.0,1163.019739,235.55,-0.3,-70.43,5.76,10.9,3.75,1,2603,9.7,366.2,-4.0
4.0,1163.029740,231.24,-0.01,-65.84,5.58,13.44,8.0,1,2475,10.7,412.2,-4.5
4.0,1163.039740,227.46,0.17,-61.1,5.49,15.14,12.0,1,2347,9.9,427.7,-3.7
4.0,1163.049740,224.82,0.28,-56.78,5.5,15.89,14.75,1,2229,12.1,417.5,-1.5
4.0,1163.059740,223.42,0.32,-53.87,5.56,15.64,16.0,1,2101,7.4,300.6,-0.5
4.0,1163.069740,223.07,0.35,-53.31,5.51,14.4,16.5,1,1974,4.0,173.6,-3.7
4.0,1163.079740,223.15,0.37,-54.01,5.47,12.27,15.75,1,1838,1.5,56.4,1.2
4.0,1163.089739,224.3,0.32,-55.29,5.5,9.36,14.5,1,1719,-0.6,-10.7,-2.0
4.0,1163.099739,226.05,0.32,-56.78,5.44,5.86,12.5,1,2607,-2.6,-81.2,1.2
4.0,1163.109740,228.6,0.21,-59.28,5.49,2.0,10.0,1,2480,-4.7,-179.1,1.0
4.0,1163.119740,231.42,0.09,-62.64,5.52,-2.0,7.0,1,2352,-7.9,-238.4,2.7
4.0,1163.129739,234.84,-0.12,-66.12,5.63,-5.86,3.5,1,2234,-7.4,-288.4,3.1
4.0,1163.139739,238.62,-0.3,-69.99,5.75,-9.36,-0.5,1,2097,-7.8,-337.1,3.3
4.0,1163.149740,242.75,-0.64,-74.24,6.0,-12.27,-4.75,1,1970,-9.0,-375.9,4.4
4.0,1163.159740,246.45,-1.25,-78.67,6.51,-14.4,-8.75,1,1842,-10.2,-404.1,3.9
4.0,1163.169740,249.61,-2.43,-83.11,7.57,-15.64,-12.0,1,1715,-12.3,-416.3,3.2
4.0,1163.179740,251.89,-5.29,-86.72,10.32,-15.89,-14.0,1,2604,-10.0,-348.9,0.7
4.0,1163.189740,252.95,-11.75,-88.51,16.75,-15.14,-14.75,1,2477,-5.3,-248.2,2.7
4.0,1163.199740,252.95,-16.29,-88.82,21.31,-13.44,-14.75,1,2349,-2.6,-132.8,1.4
4.0,1163.209739,252.51,-9.02,-87.86,14.07,-10.9,-13.75,1,2229,-0.1,-17.4,2.1
4.0,1163.219739,251.19,-5.56,-86.44,10.65,-7.67,-12.25,1,2102,2.4,28.1,0.8
4.0,1163.229739,249.08,-3.67,-84.64,8.82,-3.96,-10.25,1,1975,4.2,135.0,1.9
4.0,1163.239740,246.27,-2.17,-81.52,7.38,0.0,-7.5,1,1838,4.8,205.3,-2.2
4.0,1163.249739,243.28,-1.15,-78.22,6.43,3.96,-4.25,1,1719,7.3,259.8,-2.7
4.0,1163.259739,239.77,-0.67,-74.63,6.04,7.67,-0.5,1,2607,8.1,304.7,-2.7
4.0,1163.269739,235.63,-0.33,-70.65,5.79,10.9,3.5,1,2480,9.2,353.9,-3.7
4.0,1163.279740,231.33,-0.03,-66.15,5.6,13.44,7.75,1,2353,10.5,400.8,-4.4
4.0,1163.289740,227.81,0.17,-61.46,5.5,15.14,11.75,1,2234,10.0,422.4,-3.7
4.0,1163.299740,225.0,0.27,-57.13,5.52,15.89,14.25,1,2098,12.0,411.5,-1.2
4.0,1163.309740,223.68,0.31,-54.3,5.58,15.64,15.75,1,1971,7.3,293.5,-0.5
4.0,1163.319740,222.98,0.34,-53.77,5.52,14.4,16.5,1,1843,3.7,171.2,-3.7
4.0,1163.329740,222.8,0.38,-54.19,5.45,12.27,16.75,1,1715,1.2,80.7,-0.6
4.0,1163.339739,222.89,0.38,-54.71,5.46,9.36,16.0,1,2603,3.3,38.5,-1.5
4.0,1163.349739,224.12,0.37,-55.3,5.47,5.86,14.5,1,2476,-2.6,-17.4,1.8
4.0,1163.359740,226.14,0.27,-56.79,5.49,2.0,12.5,1,2357,-1.8,-92.8,-0.9
4.0,1163.369740,228.78,0.24,-59.44,5.46,-2.0,9.75,1,2230,-6.3,-189.6,2.7
4.0,1163.379739,231.94,0.03,-62.98,5.56,-5.86,6.5,1,2102,-7.9,-256.6,2.2
4.0,1163.389739,235.46,-0.13,-66.74,5.63,-9.36,2.75,1,1975,-7.3,-308.9,3.6
4.0,1163.399740,239.33,-0.35,-70.76,5.8,-12.27,-1.25,1,1839,-8.0,-349.2,3.3
4.0,1163.409740,243.46,-0.71,-75.09,6.06,-14.4,-5.5,1,1720,-9.1,-392.4,4.5
4.0,1163.419740,247.32,-1.44,-79.71,6.69,-15.64,-9.5,1,2609,-11.2,-419.3,4.1
4.0,1163.429740,249.87,-2.8,-84.11,7.9,-15.89,-12.0,1,2482,-13.3,-412.8,1.2
4.0,1163.439740,251.46,-5.12,-87.03,10.13,-15.14,-13.25,1,2353,-7.3,-298.9,-0.1
4.0,1163.449740,251.98,-7.65,-87.71,12.7,-13.44,-13.75,1,2234,-3.1,-182.8,6.0
4.0,1163.459739,251.72,-7.67,-87.38,12.73,-10.9,-13.0,1,2098,-2.9,-82.7,-1.1
4.0,1163.469739,250.49,-4.59,-86.14,9.67,-7.67,-11.75,1,1971,3.0,24.6,3.4
4.0,1163.479739,248.29,-3.39,-83.87,8.58,-3.96,-9.75,1,1844,4.7,120.4,2.2
4.0,1163.489740,245.92,-1.96,-81.04,7.19,0.0,-7.0,1,1716,4.0,187.6,-3.4
4.0,1163.499739,242.84,-1.07,-77.94,6.34,3.96,-3.75,1,2604,6.2,242.8,-1.3
4.0,1163.509739,239.41,-0.68,-74.43,6.06,7.67,-0.25,1,2476,8.2,296.4,-3.3
4.0,1163.519739,235.46,-0.29,-70.46,5.76,10.9,3.75,1,2357,9.2,343.3,-3.4
4.0,1163.529740,231.42,-0.03,-66.06,5.6,13.44,7.75,1,2230,10.1,393.1,-4.2
4.0,1163.539740,227.81,0.16,-61.42,5.51,15.14,11.75,1,2103,9.8,414.3,-3.6
4.0,1163.549740,225.18,0.27,-57.17,5.52,15.89,14.25,1,1975,12.0,403.3,-1.1
4.0,1163.559740,223.86,0.31,-54.4,5.58,15.64,15.5,1,1840,7.2,288.3,-0.3
4.0,1163.569740,223.24,0.33,-53.93,5.53,14.4,16.25,1,1721,3.3,162.5,-3.5
4.0,1163.579740,223.07,0.37,-54.45,5.45,12.27,16.5,1,2609,0.9,74.3,-0.7
4.0,1163.589739,223.24,0.37,-54.97,5.47,9.36,15.75,1,2481,3.8,36.2,-1.5
4.0,1163.599739,224.38,0.37,-55.56,5.47,5.86,14.25,1,2362,-3.0,-21.1,1.8
4.0,1163.609740,226.58,0.27,-57.13,5.49,2.0,12.25,1,2235,-1.8,-99.2,-1.2
4.0,1163.619740,229.13,0.24,-59.85,5.46,-2.0,9.25,1,2099,-6.2,-193.5,3.4
4.0,1163.629739,232.38,0.02,-63.33,5.58,-5.86,6.25,1,1971,-7.7,-253.7,1.9
4.0,1163.639739,235.72,-0.13,-67.02,5.64,-9.36,2.5,1,1844,-8.0,-309.5,3.9
4.0,1163.649740,239.68,-0.39,-71.04,5.83,-12.27,-1.5,1,1725,-8.0,-345.7,3.5
4.0,1163.659740,243.72,-0.75,-75.34,6.1,-14.4,-5.75,1,2606,-9.4,-393.7,4.2
4.0,1163.669740,247.59,-1.49,-80.0,6.73,-15.64,-9.75,1,2477,-11.1,-417.3,4.0
4.0,1163.679740,250.05,-2.94,-84.36,8.05,-15.89,-12.25,1,2358,-13.2,-413.1,1.4
4.0,1163.689740,251.63,-5.51,-87.23,10.53,-15.14,-13.5,1,2231,-7.0,-291.5,-0.4
4.0,1163.699740,252.07,-7.89,-87.8,12.94,-13.44,-13.75,1,2103,-2.9,-179.3,6.1
4.0,1163.709739,251.98,-7.89,-87.44,12.96,-10.9,-13.25,1,1976,-3.0,-76.3,-1.1
4.0,1163.719739,250.58,-4.57,-86.21,9.65,-7.67,-11.75,1,1840,3.0,21.7,2.7
4.0,1163.729739,248.47,-3.42,-84.0,8.61,-3.96,-9.75,1,1721,4.7,123.0,3.0
4.0,1163.739740,245.92,-2.07,-81.11,7.31,-0.0,-7.0,1,2609,4.4,187.9,-3.0
4.0,1163.749739,243.02,-1.09,-78.01,6.37,3.96,-4.0,1,2482,5.7,246.4,-1.9
4.0,1163.759739,239.5,-0.68,-74.45,6.05,7.67,-0.25,1,2363,8.6,297.2,-3.1
4.0,1163.769739,235.55,-0.3,-70.51,5.78,10.9,3.5,1,2235,9.1,343.3,-3.5
4.0,1163.779740,231.42,-0.03,-66.12,5.61,13.44,7.75,1,2099,10.1,392.7,-4.3
4.0,1163.789740,227.9,0.16,-61.49,5.51,15.14,11.75,1,1972,9.8,413.6,-3.6
4.0,1163.799740,225.18,0.27,-57.24,5.52,15.89,14.25,1,1844,11.8,404.1,-1.2
4.0,1163.809740,223.86,0.31,-54.43,5.58,15.64,15.5,1,1725,7.4,291.4,-0.3
4.0,1163.819740,223.24,0.33,-53.88,5.54,14.4,16.25,1,2605,3.3,167.9,-3.5
4.0,1163.829740,223.15,0.37,-54.47,5.46,12.27,16.25,1,2477,0.9,64.3,-0.7
4.0,1163.839739,223.33,0.37,-55.12,5.47,9.36,15.5,1,2359,3.3,38.5,-1.6
4.0,1163.849739,224.56,0.36,-55.6,5.47,5.86,14.25,1,2231,-2.6,-21.7,1.8
4.0,1163.859740,226.67,0.27,-57.15,5.49,2.0,12.0,1,2104,-1.8,-95.2,-1.2
4.0,1163.869740,229.13,0.23,-59.86,5.47,-2.0,9.25,1,1977,-6.1,-197.1,3.4
4.0,1163.879739,232.29,0.02,-63.4,5.58,-5.86,6.0,1,1840,-7.4,-252.2,1.8
4.0,1163.889739,235.9,-0.13,-67.07,5.64,-9.36,2.25,1,1747,-8.1,-310.8,4.1
4.0,1163.899740,239.85,-0.41,-71.12,5.85,-12.27,-1.75,1,2609,-8.2,-346.9,3.5
4.0,1163.909740,243.9,-0.75,-75.42,6.11,-14.4,-6.0,1,2482,-9.3,-393.4,4.2
4.0,1163.919740,247.76,-1.51,-80.12,6.76,-15.64,-9.75,1,2363,-11.3,-423.1,4.0
4.0,1163.929740,250.31,-3.1,-84.59,8.2,-15.89,-12.5,1,2236,-13.2,-418.4,1.5
4.0,1163.939740,251.81,-6.07,-87.46,11.09,-15.14,-13.75,1,2100,-6.8,-292.0,-0.5
4.0,1163.949740,252.25,-8.6,-87.98,13.66,-13.44,-14.0,1,1972,-2.9,-178.8,6.1
4.0,1163.959739,251.89,-8.23,-87.56,13.3,-10.9,-13.25,1,1845,-3.0,-71.7,-1.5
4.0,1163.969739,250.66,-4.57,-86.29,9.66,-7.67,-11.75,1,1743,2.9,21.9,2.6
4.0,1163.979739,248.55,-3.47,-84.1,8.66,-3.96,-9.75,1,2605,4.9,125.3,3.2
4.0,1163.989740,246.01,-2.1,-81.18,7.35,0.0,-7.25,1,2478,4.4,189.7,-2.7
4.0,1163.999739,243.02,-1.1,-78.04,6.39,3.96,-4.0,1,2359,5.9,250.1,-2.2
4.0,1164.009739,239.5,-0.66,-74.45,6.04,7.67,-0.25,1,2223,8.7,298.6,-3.1
4.0,1164.019739,235.63,-0.3,-70.52,5.78,10.9,3.5,1,2104,9.0,344.5,-3.4
4.0,1164.029740,231.42,-0.03,-66.12,5.61,13.44,7.75,1,1977,10.2,393.9,-4.2
4.0,1164.039740,227.81,0.17,-61.49,5.52,15.14,11.75,1,1840,9.9,414.4,-3.6
4.0,1164.049740,225.09,0.27,-57.23,5.53,15.89,14.25,1,1748,11.8,405.3,-1.2
4.0,1164.059740,223.86,0.31,-54.39,5.59,15.64,15.5,1,2610,7.4,292.9,-0.3
4.0,1164.069740,223.24,0.34,-53.81,5.54,14.4,16.25,1,2482,3.4,170.8,-3.5
4.0,1164.079740,223.07,0.37,-54.4,5.47,12.27,16.25,1,2364,0.8,63.3,-0.5
4.0,1164.089739,223.24,0.37,-55.08,5.48,9.36,15.75,1,2227,3.6,39.3,-1.7
4.0,1164.099739,224.47,0.37,-55.54,5.48,5.86,14.25,1,2100,-2.8,-22.2,1.9
4.0,1164.109740,226.58,0.27,-57.11,5.5,2.0,12.0,1,1973,-1.8,-95.1,-1.2
4.0,1164.119740,229.13,0.23,-59.83,5.48,-2.0,9.25,1,1845,-6.2,-198.4,3.4
4.0,1164.129739,232.47,0.02,-63.41,5.59,-5.86,6.0,1,1744,-7.5,-254.5,1.7
4.0,1164.139739,235.99,-0.13,-67.09,5.65,-9.36,2.25,1,2605,-8.0,-312.4,4.1
4.0,1164.149740,239.85,-0.41,-71.16,5.85,-12.27,-1.75,1,2478,-8.4,-348.8,3.5
4.0,1164.159740,243.98,-0.76,-75.47,6.12,-14.4,-6.0,1,2360,-9.3,-394.2,4.2
4.0,1164.169740,247.76,-1.52,-80.17,6.77,-15.64,-10.0,1,2232,-11.4,-425.1,4.0
4.0,1164.179740,250.31,-3.15,-84.67,8.26,-15.89,-12.5,1,2105,-13.1,-418.6,1.6
4.0,1164.189740,251.89,-6.19,-87.51,11.22,-15.14,-13.75,1,1977,-6.8,-291.1,-0.6
4.0,1164.199740,252.16,-8.74,-88.02,13.8,-13.44,-14.25,1,1841,-2.8,-179.1,6.2
4.0,1164.209739,251.98,-8.36,-87.6,13.44,-10.9,-13.5,1,1748,-3.0,-70.2,-1.5
4.0,1164.219739,250.84,-4.75,-86.49,9.83,-7.67,-12.25,1,2611,1.8,4.1,2.1
4.0,1164.229739,248.82,-3.63,-84.54,8.81,-3.96,-10.25,1,2483,5.3,120.6,3.1
4.0,1164.239739,246.45,-2.25,-81.52,7.51,0.0,-7.5,1,2364,4.3,185.7,-1.1
4.0,1164.249739,243.37,-1.2,-78.37,6.5,3.96,-4.25,1,2228,6.9,250.3,-3.3
4.0,1164.259739,239.77,-0.66,-74.8,6.05,7.67,-0.75,1,2100,7.8,293.2,-2.3
4.0,1164.269739,236.07,-0.36,-70.93,5.83,10.9,3.25,1,1973,8.9,344.2,-3.6
4.0,1164.279740,231.77,-0.04,-66.5,5.62,13.44,7.5,1,1846,10.3,391.5,-4.5
4.0,1164.289740,228.25,0.16,-61.85,5.53,15.14,11.25,1,1744,10.3,417.9,-3.5
4.0,1164.299740,225.44,0.26,-57.55,5.55,15.89,13.75,1,2606,11.7,403.9,-1.1
4.0,1164.309740,224.21,0.29,-54.73,5.6,15.64,15.25,1,2479,7.3,295.8,-0.5
4.0,1164.319740,223.77,0.33,-54.09,5.55,14.4,15.5,1,2360,3.5,172.7,-3.4
4.0,1164.329740,223.95,0.34,-54.75,5.5,12.27,15.0,1,2224,1.4,56.5,0.8
4.0,1164.339739,225.0,0.3,-56.08,5.52,9.36,13.75,1,2105,-0.6,-16.5,-2.0
4.0,1164.349739,226.76,0.29,-57.54,5.48,5.86,11.75,1,1978,-3.1,-72.3,1.4
4.0,1164.359740,229.13,0.18,-59.92,5.53,2.0,9.25,1,1842,-3.7,-182.4,0.6
4.0,1164.369740,232.12,0.09,-63.23,5.55,-2.0,6.5,1,1749,-7.0,-220.7,2.8
4.0,1164.379739,235.28,-0.13,-66.49,5.67,-5.86,3.0,1,2611,-8.0,-286.9,2.7
4.0,1164.389739,239.06,-0.33,-70.34,5.79,-9.36,-0.75,1,2483,-7.5,-319.3,3.5
4.0,1164.399740,243.02,-0.66,-74.38,6.05,-12.27,-5.0,1,2364,-8.8,-371.2,4.2
4.0,1164.409740,246.88,-1.28,-78.95,6.57,-14.4,-9.25,1,2229,-10.1,-405.0,4.0
4.0,1164.419740,249.96,-2.53,-83.41,7.69,-15.64,-12.25,1,2101,-12.4,-412.6,2.7
4.0,1164.429740,252.25,-5.59,-86.94,10.64,-15.89,-14.25,1,1973,-9.5,-345.6,1.0
4.0,1164.439740,253.04,-14.14,-88.76,19.18,-15.14,-15.0,1,1846,-5.1,-250.6,2.7
4.0,1164.449740,253.12,-19.49,-89.0,24.54,-13.44,-15.25,1,1745,-2.7,-121.2,1.8
4.0,1164.459739,253.04,-9.4,-87.87,14.49,-10.9,-15.0,1,2608,1.6,-13.6,2.6
4.0,1164.469739,252.69,-6.35,-86.75,11.48,-7.67,-14.0,1,2488,-0.6,5.9,1.0
4.0,1164.479739,250.93,-5.27,-86.29,10.4,-3.96,-12.25,1,2360,2.3,26.4,0.0
4.0,1164.489740,248.64,-3.54,-84.53,8.73,-0.0,-9.75,1,2233,4.3,156.3,1.4
4.0,1164.499739,245.65,-1.96,-81.0,7.21,3.96,-6.75,1,2106,4.9,223.7,-3.1
4.0,1164.509739,242.4,-1.03,-77.52,6.34,7.67,-3.5,1,1978,7.4,281.2,-2.2
4.0,1164.519739,238.71,-0.6,-73.69,6.01,10.9,0.25,1,1842,8.7,325.3,-3.4
4.0,1164.529740,234.67,-0.23,-69.54,5.75,13.44,4.5,1,1750,9.7,371.0,-3.9
4.0,1164.539740,230.62,0.02,-64.91,5.6,15.14,8.75,1,2611,10.8,417.8,-4.1
4.0,1164.549740,227.37,0.18,-60.3,5.55,15.89,12.0,1,2484,11.0,414.4,-2.5
4.0,1164.559740,225.44,0.26,-56.69,5.59,15.64,13.75,1,2365,10.9,364.4,-0.5
4.0,1164.569740,224.56,0.29,-54.86,5.6,14.4,14.75,1,2229,3.7,233.2,-2.6
4.0,1164.579740,224.47,0.3,-55.04,5.53,12.27,14.75,1,2102,2.7,112.9,-1.2
4.0,1164.589739,225.0,0.29,-56.09,5.54,9.36,13.75,1,1974,0.3,16.0,-0.1
4.0,1164.599739,226.41,0.27,-57.34,5.52,5.86,12.25,1,1846,-0.8,-28.7,-0.9
4.0,1164.609740,228.69,0.24,-59.17,5.5,2.0,9.75,1,1745,-3.3,-137.4,0.9
4.0,1164.619740,231.42,0.09,-62.36,5.56,-2.0,7.0,1,2607,-7.2,-210.8,2.2
4.0,1164.629739,234.58,-0.09,-65.77,5.64,-5.86,3.75,1,2480,-7.4,-267.2,2.6
4.0,1164.639739,238.27,-0.28,-69.42,5.76,-9.36,-0.0,1,2361,-7.1,-308.3,3.4
4.0,1164.649740,242.14,-0.58,-73.44,5.99,-12.27,-4.0,1,2233,-8.7,-361.3,3.8
4.0,1164.659740,246.09,-1.09,-77.89,6.4,-14.4,-8.25,1,2106,-9.5,-391.3,3.7
4.0,1164.669740,249.87,-2.16,-82.36,7.37,-15.64,-12.25,1,1979,-10.5,-417.3,4.4
4.0,1164.679740,252.42,-5.45,-86.66,10.52,-15.89,-14.75,1,1842,-13.9,-404.5,1.1
4.0,1164.689740,253.74,-28.65,-89.38,33.63,-15.14,-15.75,1,1750,-5.8,-290.5,0.7
4.0,1164.699740,253.65,-87.72,-89.67,92.77,-13.44,-16.0,1,2613,-2.8,-166.9,4.9
4.0,1164.709739,253.74,-19.59,-88.92,24.65,-10.9,-15.25,1,2485,-1.2,-22.8,-0.8
4.0,1164.719739,252.33,-7.32,-87.46,12.41,-7.67,-13.75,1,2367,1.4,5.7,2.1
4.0,1164.729739,250.22,-5.31,-86.07,10.46,-3.96,-11.5,1,2229,4.0,111.0,1.7
4.0,1164.739740,247.59,-2.81,-82.98,8.04,0.0,-8.75,1,2102,6.5,205.4,-0.4
4.0,1164.749739,244.51,-1.45,-79.37,6.75,3.96,-5.5,1,1975,6.1,266.6,-4.0
4.0,1164.759739,240.82,-0.78,-75.72,6.14,7.67,-1.75,1,1847,7.9,303.7,-1.9
4.0,1164.769739,236.87,-0.45,-71.86,5.92,10.9,2.25,1,1746,9.4,349.9,-4.0
4.0,1164.779740,232.65,-0.09,-67.37,5.66,13.44,6.75,1,2607,10.7,402.7,-4.4
4.0,1164.789740,228.96,0.14,-62.54,5.55,15.14,10.5,1,2480,11.5,429.7,-4.1
4.0,1164.799740,226.23,0.24,-58.16,5.57,15.89,13.25,1,2362,11.1,411.4,-0.9
4.0,1164.809740,224.91,0.26,-55.32,5.63,15.64,14.5,1,2234,7.2,302.4,-0.6
4.0,1164.819740,224.38,0.3,-54.65,5.57,14.4,15.0,1,2106,3.1,176.3,-3.6
4.0,1164.829740,224.56,0.32,-55.32,5.52,12.27,14.5,1,1979,2.3,59.3,0.9
4.0,1164.839739,225.44,0.28,-56.59,5.55,9.36,13.25,1,1843,-0.8,-10.2,-1.7
4.0,1164.849739,227.37,0.26,-57.92,5.51,5.86,11.25,1,1750,-2.7,-63.0,1.0
4.0,1164.859740,229.66,0.17,-60.22,5.54,2.0,8.75,1,2612,-3.4,-177.0,0.4
4.0,1164.869740,232.47,0.07,-63.66,5.57,-2.0,5.75,1,2485,-7.0,-229.4,3.0
4.0,1164.879739,235.9,-0.15,-67.05,5.7,-5.86,2.25,1,2366,-7.4,-286.7,2.6
4.0,1164.889739,239.59,-0.37,-70.85,5.83,-9.36,-1.5,1,2230,-8.5,-322.3,3.9
4.0,1164.899740,243.46,-0.75,-74.87,6.13,-12.27,-5.5,1,2102,-8.7,-366.4,3.8
4.0,1164.909740,247.76,-1.36,-79.35,6.65,-14.4,-9.75,1,1975,-10.1,-403.5,3.9
4.0,1164.919740,251.37,-2.87,-83.95,8.06,-15.64,-13.75,1,1839,-10.5,-423.1,3.5
4.0,1164.929740,253.83,-11.23,-88.31,16.29,-15.89,-16.25,1,1746,-13.2,-419.1,2.4
4.0,1164.939740,255.06,-164.54,-88.81,169.52,-15.14,-17.5,1,2609,-6.0,-284.0,-0.2
4.0,1164.949740,255.23,-165.93,-88.63,170.96,-13.44,-17.75,1,2491,-2.2,-153.3,4.9
4.0,1164.959739,255.23,-138.54,-89.43,143.58,-10.9,-17.0,1,2363,-1.5,-40.3,-0.3
4.0,1164.969739,254.18,-22.31,-89.09,27.38,-7.67,-15.5,1,2227,1.7,14.0,2.3
4.0,1164.979739,252.07,-9.6,-87.71,14.73,-3.96,-13.25,1,2107,3.3,87.2,1.5
4.0,1164.989740,249.43,-4.32,-85.13,9.51,0.0,-10.75,1,1980,5.0,186.8,0.0
4.0,1164.999739,246.27,-2.11,-81.54,7.36,3.96,-7.25,1,1843,6.4,260.4,-2.9
4.0,1165.009739,242.75,-1.08,-77.72,6.42,7.67,-3.75,1,1750,7.6,309.2,-3.1
4.0,1165.019739,238.71,-0.59,-73.7,6.02,10.9,0.25,1,2612,9.9,353.2,-3.5
4.0,1165.029740,234.32,-0.23,-69.28,5.77,13.44,4.75,1,2485,9.8,398.0,-4.2
4.0,1165.039740,230.19,0.04,-64.46,5.61,15.14,9.25,1,2366,11.4,437.9,-4.4
4.0,1165.049740,226.85,0.2,-59.74,5.56,15.89,12.5,1,2230,11.4,431.6,-2.5
4.0,1165.059740,224.91,0.27,-56.04,5.61,15.64,14.5,1,2103,11.0,377.0,-0.7
4.0,1165.069740,223.77,0.31,-54.18,5.6,14.4,15.5,1,1976,3.9,240.8,-2.7
4.0,1165.079740,223.77,0.33,-54.26,5.54,12.27,15.5,1,1839,3.5,127.5,-1.3
4.0,1165.089739,224.03,0.32,-55.17,5.54,9.36,14.75,1,2736,0.3,23.1,-0.5
4.0,1165.099739,225.53,0.3,-56.46,5.52,5.86,13.25,1,2608,-0.5,-25.1,-0.9
4.0,1165.109740,227.46,0.26,-58.1,5.52,2.0,11.25,1,2481,-3.9,-115.5,1.4
4.0,1165.119740,230.1,0.14,-60.94,5.56,-2.0,8.25,1,2362,-4.5,-193.0,1.1
4.0,1165.129739,233.35,0.02,-64.25,5.6,-5.86,5.25,1,2235,-7.9,-253.1,3.1
4.0,1165.139739,236.87,-0.23,-67.99,5.75,-9.36,1.5,1,2107,-7.6,-314.3,3.6
4.0,1165.149740,240.64,-0.47,-72.0,5.93,-12.27,-2.5,1,1972,-8.7,-339.2,3.6
4.0,1165.159740,244.78,-0.87,-76.16,6.24,-14.4,-6.75,1,1844,-8.6,-391.6,3.9
4.0,1165.169740,248.38,-1.67,-80.88,6.94,-15.64,-10.75,1,2742,-11.2,-419.0,3.7
4.0,1165.179740,250.93,-3.66,-85.28,8.79,-15.89,-13.25,1,2614,-12.8,-413.4,2.0
4.0,1165.189740,252.33,-8.39,-88.03,13.43,-15.14,-14.5,1,2487,-6.9,-281.3,-0.2
4.0,1165.199740,252.6,-12.38,-88.55,17.45,-13.44,-14.75,1,2368,-3.1,-184.6,5.2
4.0,1165.209739,252.6,-10.34,-88.06,15.43,-10.9,-14.25,1,2231,-1.7,-47.5,-1.2
4.0,1165.219739,251.63,-5.36,-86.69,10.48,-7.67,-12.75,1,2103,1.6,1.2,2.9
4.0,1165.229739,249.7,-4.3,-85.35,9.48,-3.96,-10.75,1,1967,2.1,86.0,0.7
4.0,1165.239740,247.06,-2.58,-82.72,7.82,-0.0,-8.25,1,1849,7.1,179.0,1.1
4.0,1165.249739,244.25,-1.54,-79.34,6.87,3.96,-5.25,1,2736,5.1,245.0,-2.9
4.0,1165.259739,240.82,-0.81,-75.73,6.17,7.67,-1.75,1,2609,6.8,295.6,-3.1
4.0,1165.269739,236.87,-0.43,-71.86,5.9,10.9,2.25,1,2490,10.2,336.5,-3.1
4.0,1165.279740,232.82,-0.11,-67.57,5.71,13.44,6.5,1,2371,10.4,387.6,-4.7
4.0,1165.289740,229.13,0.13,-62.88,5.57,15.14,10.25,1,2227,11.1,418.9,-3.6
4.0,1165.299740,226.32,0.22,-58.53,5.6,15.89,12.75,1,2108,10.6,403.6,-1.0
4.0,1165.309740,225.0,0.24,-55.73,5.65,15.64,14.25,1,1972,7.2,295.5,-0.4
4.0,1165.319740,224.65,0.28,-55.13,5.6,14.4,14.5,1,1844,3.0,167.5,-3.4
4.0,1165.329740,224.82,0.3,-55.86,5.54,12.27,14.25,1,2741,2.0,55.3,0.6
4.0,1165.339739,225.26,0.27,-57.05,5.56,9.36,13.75,1,2614,-1.3,-6.0,-2.4
4.0,1165.349740,226.23,0.3,-58.0,5.49,5.86,12.75,1,2486,0.9,-33.9,0.1
4.0,1165.359740,227.9,0.23,-59.21,5.56,2.0,10.75,1,2367,-3.4,-92.8,2.1
4.0,1165.369740,230.36,0.11,-61.22,5.59,-2.0,8.25,1,2231,-4.4,-142.4,0.5
4.0,1165.379740,233.26,0.02,-64.08,5.61,-5.86,5.0,1,2104,-6.7,-236.0,3.0
4.0,1165.389739,236.87,-0.2,-67.92,5.75,-9.36,1.5,1,1976,-7.2,-289.7,2.8
4.0,1165.399740,240.56,-0.45,-71.84,5.91,-12.27,-2.5,1,1849,-8.5,-338.7,4.1
4.0,1165.409740,244.51,-0.89,-76.14,6.27,-14.4,-6.75,1,2738,-8.7,-380.7,3.7
4.0,1165.419740,248.12,-1.61,-80.67,6.89,-15.64,-10.5,1,2611,-10.8,-411.3,3.6
4.0,1165.429740,250.66,-3.46,-85.07,8.6,-15.89,-12.75,1,2492,-12.9,-409.1,2.0
4.0,1165.439740,251.98,-7.37,-87.8,12.43,-15.14,-14.25,1,2372,-6.6,-276.3,-0.5
4.0,1165.449740,252.33,-9.73,-88.18,14.83,-13.44,-14.5,1,2227,-2.6,-171.4,5.7
4.0,1165.459739,252.33,-8.52,-87.65,13.63,-10.9,-13.75,1,2108,-2.5,-51.6,-1.6
4.0,1165.469739,251.02,-4.76,-86.44,9.89,-7.67,-12.25,1,1972,1.5,2.7,2.3
4.0,1165.479740,249.08,-3.82,-84.87,9.02,-3.96,-10.25,1,1845,3.7,103.3,1.6
4.0,1165.489740,246.53,-2.35,-81.96,7.63,-0.0,-7.75,1,2741,6.5,190.7,0.9
4.0,1165.499740,243.46,-1.33,-78.57,6.68,3.96,-4.5,1,2614,6.2,252.1,-4.1
4.0,1165.509739,239.94,-0.67,-75.03,6.09,7.67,-0.75,1,2487,7.4,293.0,-1.9
4.0,1165.519739,235.99,-0.4,-71.17,5.9,10.9,3.25,1,2368,9.0,345.4,-3.7
4.0,1165.529740,231.77,-0.06,-66.73,5.67,13.44,7.25,1,2231,10.4,391.3,-4.7
4.0,1165.539740,227.72,0.15,-62.09,5.57,15.14,11.5,1,2104,10.3,418.7,-3.3
4.0,1165.549740,224.65,0.26,-57.57,5.56,15.89,14.75,1,1968,10.1,423.9,-3.1
4.0,1165.559740,222.63,0.35,-53.87,5.58,15.64,16.75,1,1849,11.8,365.2,-0.4
4.0,1165.569740,221.92,0.39,-52.18,5.59,14.4,17.5,1,2736,3.3,228.1,-3.1
4.0,1165.579740,221.84,0.39,-52.42,5.54,12.27,17.5,1,2610,3.6,113.1,0.0
4.0,1165.589739,222.1,0.37,-53.42,5.56,9.36,16.75,1,2491,-0.0,15.6,-1.0
4.0,1165.599740,223.77,0.37,-54.66,5.51,5.86,15.0,1,2372,-0.4,-27.0,-0.7
4.0,1165.609740,225.79,0.32,-56.45,5.52,2.0,12.75,1,2227,-4.2,-135.5,1.6
4.0,1165.619740,228.6,0.18,-59.52,5.56,-2.0,9.75,1,2109,-6.4,-199.0,1.5
4.0,1165.629740,231.86,0.05,-62.84,5.6,-5.86,6.5,1,1973,-7.3,-268.1,3.0
4.0,1165.639739,235.37,-0.13,-66.73,5.71,-9.36,2.75,1,1845,-7.9,-320.0,3.4
4.0,1165.649740,239.41,-0.36,-70.86,5.86,-12.27,-1.25,1,2743,-8.3,-360.4,3.6
4.0,1165.659740,243.63,-0.73,-75.16,6.14,-14.4,-5.75,1,2616,-9.1,-389.8,4.4
4.0,1165.669740,247.41,-1.46,-79.74,6.77,-15.64,-9.5,1,2487,-11.3,-428.7,4.2
4.0,1165.679740,249.96,-2.95,-84.32,8.11,-15.89,-12.25,1,2368,-13.4,-419.1,1.3
4.0,1165.689740,251.63,-5.65,-87.28,10.72,-15.14,-13.5,1,2232,-7.4,-305.0,-0.2
4.0,1165.699740,252.16,-8.85,-88.02,13.95,-13.44,-13.75,1,2105,-3.3,-189.3,6.0
4.0,1165.709739,251.81,-8.71,-87.68,13.82,-10.9,-13.25,1,1977,-2.9,-81.4,-1.0
4.0,1165.719739,250.58,-4.85,-86.31,9.99,-7.67,-11.75,1,1850,3.1,29.7,3.3
4.0,1165.729740,248.38,-3.48,-84.0,8.73,-3.96,-9.75,1,2738,4.8,120.3,2.3
4.0,1165.739740,246.01,-2.07,-81.24,7.36,-0.0,-7.25,1,2610,4.0,186.2,-2.8
4.0,1165.749740,243.11,-1.14,-78.13,6.47,3.96,-4.0,1,2491,6.1,245.3,-1.7
4.0,1165.759739,239.5,-0.69,-74.59,6.12,7.67,-0.5,1,2373,8.4,295.5,-3.4
4.0,1165.769739,235.63,-0.31,-70.67,5.84,10.9,3.5,1,2228,9.0,341.4,-3.2
4.0,1165.779740,231.5,-0.05,-66.3,5.68,13.44,7.75,1,2109,10.2,391.9,-4.3
4.0,1165.789740,227.9,0.15,-61.64,5.57,15.14,11.5,1,1973,9.8,415.1,-3.6
4.0,1165.799740,225.26,0.26,-57.38,5.59,15.89,14.0,1,1845,12.3,403.6,-1.0
4.0,1165.809740,224.03,0.3,-54.59,5.65,15.64,15.25,1,2743,7.0,290.4,-0.5
4.0,1165.819740,223.68,0.32,-54.07,5.6,14.4,15.75,1,2615,3.2,165.2,-3.4
4.0,1165.829740,223.77,0.34,-54.8,5.55,12.27,15.25,1,2487,1.4,52.3,0.9
4.0,1165.839739,224.65,0.29,-56.05,5.57,9.36,14.0,1,2368,-0.5,-12.3,-1.9
4.0,1165.849740,226.49,0.3,-57.28,5.52,5.86,12.25,1,2232,-1.9,-57.5,0.7
4.0,1165.859740,228.87,0.21,-59.55,5.57,2.0,9.75,1,2105,-4.1,-182.2,1.3
4.0,1165.869740,231.86,0.07,-63.04,5.61,-2.0,6.75,1,1969,-7.8,-224.1,2.8
4.0,1165.879740,235.11,-0.14,-66.31,5.71,-5.86,3.25,1,1850,-7.6,-285.1,2.7
4.0,1165.889739,238.8,-0.31,-70.15,5.82,-9.36,-0.75,1,2738,-7.3,-322.1,3.2
4.0,1165.899740,242.84,-0.64,-74.23,6.08,-12.27,-4.75,1,2610,-8.7,-370.6,4.3
4.0,1165.909740,246.88,-1.26,-78.74,6.59,-14.4,-9.25,1,2492,-10.2,-402.9,3.9
4.0,1165.919740,250.75,-2.59,-83.37,7.81,-15.64,-13.25,1,2373,-11.2,-430.7,4.0
4.0,1165.929740,253.3,-8.48,-87.81,13.58,-15.89,-15.75,1,2237,-12.5,-417.5,1.6
4.0,1165.939740,254.88,-155.21,-89.28,160.24,-15.14,-17.25,1,2109,-6.8,-295.5,0.4
4.0,1165.949740,255.76,-162.65,-88.82,167.71,-13.44,-18.25,1,1974,-1.7,-169.2,6.6
4.0,1165.959739,255.94,-159.51,-88.83,164.59,-10.9,-18.5,1,1846,-4.2,-122.8,-0.0
4.0,1165.969740,255.76,-159.22,-89.05,164.28,-7.67,-17.5,1,2744,0.6,-25.0,-0.5
4.0,1165.979740,254.62,-48.7,-89.51,53.81,-3.96,-16.0,1,2616,1.0,23.1,3.8
4.0,1165.989740,252.33,-13.56,-88.23,18.71,-0.0,-13.75,1,2487,3.7,91.8,0.9
4.0,1165.999740,249.52,-4.61,-85.48,9.83,3.96,-10.75,1,2369,5.0,209.6,-1.6
4.0,1166.009739,246.18,-1.99,-81.54,7.27,7.67,-7.25,1,2233,6.7,277.2,-3.2
4.0,1166.019739,242.4,-1.07,-77.61,6.44,10.9,-3.25,1,2105,8.5,325.8,-2.7
4.0,1166.029740,238.27,-0.57,-73.41,6.05,13.44,0.75,1,1970,10.0,372.0,-4.1
4.0,1166.039740,233.79,-0.19,-68.81,5.77,15.14,5.25,1,1851,10.4,414.0,-4.2
4.0,1166.049740,230.1,0.06,-63.92,5.63,15.89,9.25,1,2739,11.3,446.7,-4.6
4.0,1166.059740,227.29,0.2,-59.36,5.62,15.64,12.25,1,2611,12.4,424.1,-1.0
4.0,1166.069740,225.79,0.22,-56.43,5.7,14.4,13.5,1,2492,7.7,314.7,-0.3
4.0,1166.079740,225.35,0.25,-55.69,5.63,12.27,14.0,1,2374,3.2,184.2,-4.0
4.0,1166.089739,225.44,0.29,-56.27,5.57,9.36,13.5,1,2229,2.3,72.8,0.7
4.0,1166.099740,226.41,0.25,-57.48,5.6,5.86,12.25,1,2110,-0.8,-9.9,-2.2
4.0,1166.109740,228.08,0.25,-58.98,5.54,2.0,10.25,1,1974,-1.6,-66.9,1.0
4.0,1166.119740,230.54,0.12,-61.26,5.61,-2.0,7.75,1,1847,-5.5,-171.1,1.3
4.0,1166.129740,233.53,-0.02,-64.62,5.66,-5.86,4.75,1,2743,-6.7,-231.5,2.2
4.0,1166.139739,236.87,-0.21,-68.1,5.77,-9.36,1.25,1,2616,-7.4,-287.9,3.4
4.0,1166.149740,240.64,-0.47,-72.0,5.96,-12.27,-2.5,1,2488,-8.0,-332.9,3.1
4.0,1166.159740,244.69,-0.87,-76.21,6.27,-14.4,-6.75,1,2369,-8.6,-375.6,4.2
4.0,1166.169740,248.12,-1.65,-80.7,6.96,-15.64,-10.5,1,2234,-10.6,-407.0,3.3
4.0,1166.179740,250.66,-3.38,-85.0,8.54,-15.89,-12.75,1,2106,-12.7,-398.8,1.9
4.0,1166.189740,252.16,-7.07,-87.71,12.15,-15.14,-14.25,1,1978,-6.7,-279.4,-0.5
4.0,1166.199740,252.33,-10.35,-88.28,15.46,-13.44,-14.25,1,1851,-2.9,-176.9,5.9
4.0,1166.209739,252.25,-9.04,-87.78,14.17,-10.9,-13.75,1,2740,-2.5,-52.5,-1.9
4.0,1166.219739,250.93,-4.83,-86.52,9.97,-7.67,-12.25,1,2613,1.8,3.5,2.5
5.0,1168.249739,250.22,-4.53,-85.62,9.77,-0.0,-11.75,1,2247,-4.8,-61.1,0.3
5.0,1168.259739,248.99,-3.0,-84.58,8.21,3.93,-10.25,1,2103,0.6,-13.1,-1.0
5.0,1168.269739,246.88,-2.48,-83.02,7.8,7.48,-8.0,1,1984,5.6,108.3,4.6
5.0,1168.279740,244.16,-1.77,-79.81,7.17,10.3,-5.25,1,2872,4.3,199.6,-2.8
5.0,1168.289740,241.0,-0.82,-76.28,6.26,12.11,-1.75,1,2745,7.3,261.9,-2.9
5.0,1168.299740,237.13,-0.47,-72.5,6.02,12.73,2.0,1,2626,8.6,315.8,-2.0
5.0,1168.309740,234.14,-0.18,-68.28,5.83,12.11,5.25,1,2507,10.1,368.4,-4.6
5.0,1168.319740,231.94,0.03,-64.05,5.74,10.3,7.5,1,2371,10.8,370.5,-0.2
5.0,1168.329739,230.98,-0.01,-61.66,5.86,7.48,8.25,1,2243,6.9,237.3,1.3
5.0,1168.339739,230.89,0.02,-61.72,5.8,3.93,8.25,1,2107,1.6,126.9,-4.0
5.0,1168.349740,231.33,0.07,-62.66,5.71,0.0,7.25,1,1980,1.3,17.0,1.5
5.0,1168.359739,233.09,-0.01,-63.94,5.78,-3.93,5.5,1,2868,-1.3,-18.3,-2.1
5.0,1168.369739,235.2,-0.05,-65.93,5.73,-7.48,3.25,1,2740,-5.0,-163.6,1.9
5.0,1168.379740,238.01,-0.3,-69.51,5.9,-10.3,0.25,1,2622,-6.4,-212.6,1.4
5.0,1168.389740,241.35,-0.51,-72.72,6.03,-12.11,-3.25,1,2503,-7.1,-272.3,2.9
5.0,1168.399740,244.6,-0.91,-76.54,6.36,-12.73,-6.75,1,2367,-7.5,-321.4,2.9
5.0,1168.409740,247.15,-1.52,-80.44,6.87,-12.11,-9.25,1,2248,-10.8,-341.2,2.2
5.0,1168.419740,248.91,-2.36,-83.53,7.6,-10.3,-10.75,1,2103,-8.0,-289.0,0.5
5.0,1168.429739,249.43,-3.16,-85.09,8.38,-7.48,-10.75,1,1984,-5.6,-208.7,2.3
5.0,1168.439739,249.08,-3.61,-85.2,8.84,-3.93,-10.25,1,2873,-1.0,-91.5,1.8
5.0,1168.449740,247.85,-2.85,-83.75,8.14,0.0,-9.0,1,2746,1.5,28.6,2.4
5.0,1168.459739,245.92,-2.15,-81.44,7.5,3.93,-7.0,1,2626,4.2,111.0,1.4
5.0,1168.469739,243.46,-1.31,-78.74,6.73,7.48,-4.25,1,2507,4.9,187.7,-3.8
5.0,1168.479740,240.21,-0.7,-75.51,6.18,10.3,-1.0,1,2371,6.9,246.6,-0.9
5.0,1168.489740,236.51,-0.46,-71.88,6.04,12.11,2.75,1,2244,8.6,304.4,-3.0
5.0,1168.499740,233.17,-0.11,-67.71,5.78,12.73,6.25,1,2108,9.3,358.7,-4.3
5.0,1168.509740,230.36,0.07,-63.46,5.7,12.11,9.0,1,1980,9.3,371.1,-1.6
5.0,1168.519740,228.69,0.1,-60.24,5.77,10.3,10.75,1,2868,9.5,309.5,0.2
5.0,1168.529739,227.99,0.14,-58.91,5.76,7.48,11.25,1,2741,3.4,195.2,-2.2
5.0,1168.539739,228.08,0.17,-59.1,5.69,3.93,10.5,1,2622,2.8,95.2,-0.7
5.0,1168.549740,229.39,0.15,-60.11,5.69,0.0,9.25,1,2503,-0.9,-0.7,-0.9
5.0,1168.559739,231.42,0.1,-62.01,5.68,-3.93,7.25,1,2367,-2.5,-94.0,0.6
5.0,1168.569739,233.79,-0.01,-64.81,5.73,-7.48,4.5,1,2248,-5.9,-186.5,1.0
5.0,1168.579740,236.87,-0.19,-68.15,5.82,-10.3,1.5,1,2104,-6.0,-241.7,2.9
5.0,1168.589740,240.29,-0.44,-71.64,6.0,-12.11,-2.25,1,1985,-7.8,-293.5,2.6
5.0,1168.599740,243.72,-0.8,-75.59,6.27,-12.73,-5.75,1,2874,-8.1,-343.4,3.9
5.0,1168.609740,246.45,-1.43,-79.76,6.8,-12.11,-8.5,1,2746,-11.4,-367.2,2.4
5.0,1168.619740,248.38,-2.18,-83.08,7.44,-10.3,-10.0,1,2628,-7.6,-308.3,0.7
5.0,1168.629739,248.91,-2.89,-84.71,8.13,-7.48,-10.25,1,2509,-6.0,-221.8,2.4
5.0,1168.639739,248.55,-3.22,-84.78,8.45,-3.93,-9.75,1,2372,-2.8,-93.0,1.2
5.0,1168.649740,247.24,-2.51,-83.19,7.8,-0.0,-8.5,1,2244,2.6,29.7,2.6
5.0,1168.659739,245.21,-1.91,-80.85,7.29,3.93,-6.25,1,2108,4.1,112.4,1.0
5.0,1168.669739,242.67,-1.21,-78.13,6.64,7.48,-3.75,1,1981,4.2,189.2,-2.5
5.0,1168.679740,239.5,-0.68,-74.86,6.17,10.3,-0.25,1,2870,7.8,249.7,-1.5
5.0,1168.689740,235.99,-0.37,-71.17,5.97,12.11,3.25,1,2751,8.4,309.4,-3.5
5.0,1168.699740,232.47,-0.06,-66.96,5.76,12.73,7.0,1,2622,9.6,361.5,-3.7
5.0,1168.709740,229.75,0.08,-62.75,5.71,12.11,9.75,1,2504,8.5,368.1,-1.5
5.0,1168.719740,227.99,0.13,-59.6,5.76,10.3,11.25,1,2368,11.0,309.1,0.2
5.0,1168.729739,227.37,0.18,-58.19,5.75,7.48,11.75,1,2249,2.7,199.7,-2.7
5.0,1168.739739,227.46,0.2,-58.32,5.68,3.93,11.25,1,2113,2.7,96.9,-0.3
5.0,1168.749740,228.6,0.18,-59.4,5.7,-0.0,10.0,1,1986,0.0,-5.3,-0.6
5.0,1168.759739,230.45,0.13,-61.36,5.68,-3.93,8.0,1,2873,-3.2,-93.6,0.3
5.0,1168.769739,233.0,0.02,-63.96,5.71,-7.48,5.5,1,2746,-5.2,-171.4,1.2
5.0,1168.779740,235.99,-0.14,-67.22,5.8,-10.3,2.25,1,2627,-6.2,-248.2,2.6
5.0,1168.789740,239.59,-0.38,-70.84,5.96,-12.11,-1.25,1,2508,-8.0,-285.6,3.0
5.0,1168.799740,243.19,-0.71,-74.64,6.2,-12.73,-5.25,1,2373,-8.0,-342.6,3.6
5.0,1168.809740,246.62,-1.28,-79.03,6.69,-12.11,-8.75,1,2245,-9.6,-381.3,3.4
5.0,1168.819740,249.17,-2.34,-83.19,7.62,-10.3,-10.75,1,2108,-12.6,-377.3,1.6
5.0,1168.829739,250.4,-3.9,-86.05,9.09,-7.48,-11.75,1,1981,-6.4,-290.6,-0.2
5.0,1168.839739,250.14,-5.03,-86.67,10.24,-3.93,-11.5,1,2870,-3.1,-149.1,5.0
5.0,1168.849740,249.17,-4.13,-85.35,9.38,-0.0,-10.25,1,2752,-0.6,-8.8,-0.2
5.0,1168.859739,247.24,-2.6,-83.07,7.92,3.93,-8.25,1,2623,5.1,87.4,4.1
5.0,1168.869739,244.78,-1.87,-80.39,7.28,7.48,-5.75,1,2504,3.6,171.9,-2.8
5.0,1168.879740,241.7,-0.92,-77.15,6.36,10.3,-2.75,1,2368,6.2,239.9,-2.6
5.0,1168.889740,238.18,-0.57,-73.55,6.1,12.11,1.0,1,2249,8.3,292.3,-1.7
5.0,1168.899740,234.32,-0.25,-69.54,5.89,12.73,4.75,1,2104,10.3,349.2,-4.4
5.0,1168.909740,231.15,0.04,-65.08,5.71,12.11,8.5,1,1986,9.6,389.3,-3.3
5.0,1168.919740,228.78,0.13,-60.9,5.73,10.3,10.75,1,2874,11.1,377.5,-0.4
5.0,1168.929739,227.46,0.14,-58.41,5.8,7.48,11.75,1,2747,6.8,260.7,0.3
5.0,1168.939739,227.37,0.18,-58.01,5.73,3.93,11.5,1,2628,2.1,156.7,-4.2
5.0,1168.949740,228.08,0.21,-58.68,5.66,-0.0,10.75,1,2509,2.3,37.7,1.9
5.0,1168.959739,229.57,0.12,-60.29,5.74,-3.93,9.0,1,2372,-2.9,-41.7,-1.6
5.0,1168.969739,231.94,0.09,-62.54,5.68,-7.48,6.75,1,2245,-3.5,-145.5,1.1
5.0,1168.979740,234.58,-0.05,-65.81,5.76,-10.3,3.75,1,2109,-6.9,-223.5,1.4
5.0,1168.989740,238.01,-0.26,-69.27,5.86,-12.11,0.25,1,1982,-7.1,-268.2,3.1
5.0,1168.999740,241.7,-0.55,-72.98,6.08,-12.73,-3.5,1,2872,-7.8,-326.3,3.2
5.0,1169.009740,245.13,-0.99,-77.24,6.44,-12.11,-7.0,1,2752,-9.0,-367.8,3.8
5.0,1169.019740,247.59,-1.73,-81.4,7.05,-10.3,-9.0,1,2624,-12.4,-374.2,1.3
5.0,1169.029739,248.47,-2.49,-84.39,7.72,-7.48,-10.0,1,2506,-6.5,-292.8,-0.4
5.0,1169.039739,248.2,-3.02,-84.87,8.27,-3.93,-9.75,1,2368,-3.2,-129.6,5.2
5.0,1169.049740,247.41,-2.64,-83.3,7.93,-0.0,-8.5,1,2250,-0.6,-5.4,-1.2
5.0,1169.059739,245.57,-1.79,-81.21,7.14,3.93,-6.75,1,2105,4.7,85.2,4.1
5.0,1169.069739,243.11,-1.44,-78.6,6.88,7.48,-4.0,1,1986,4.2,170.4,-2.1
5.0,1169.079740,240.12,-0.7,-75.39,6.2,10.3,-1.0,1,2875,7.8,236.0,-2.6
5.0,1169.089740,236.51,-0.39,-71.84,6.0,12.11,2.75,1,2748,7.8,289.2,-1.7
5.0,1169.099740,233.17,-0.14,-67.83,5.83,12.73,6.25,1,2628,9.2,347.6,-4.5
5.0,1169.109740,230.54,0.07,-63.63,5.71,12.11,8.75,1,2509,8.9,362.2,-1.5
5.0,1169.119740,228.96,0.09,-60.47,5.79,10.3,10.5,1,2373,9.5,301.0,0.5
5.0,1169.129739,228.08,0.13,-59.2,5.79,7.48,11.25,1,2246,2.9,188.4,-2.1
5.0,1169.139739,227.72,0.17,-59.4,5.68,3.93,11.5,1,2109,1.2,92.6,-2.2
5.0,1169.149740,227.99,0.21,-59.85,5.65,0.0,10.75,1,1982,3.2,51.2,-1.0
5.0,1169.159739,229.13,0.17,-60.3,5.7,-3.93,9.5,1,2870,-1.1,-3.7,1.6
5.0,1169.169739,231.24,0.08,-61.76,5.73,-7.48,7.25,1,2751,-2.1,-91.1,-0.5
5.0,1169.179740,233.88,0.02,-64.63,5.71,-10.3,4.5,1,2624,-6.9,-198.9,1.9
5.0,1169.189740,237.04,-0.23,-68.26,5.86,-12.11,1.25,1,2505,-7.4,-255.8,2.9
5.0,1169.199740,240.64,-0.47,-71.95,6.02,-12.73,-2.5,1,2369,-7.1,-311.9,2.9
5.0,1169.209740,243.98,-0.82,-76.06,6.31,-12.11,-5.75,1,2250,-8.0,-354.9,3.9
5.0,1169.219740,246.27,-1.44,-80.18,6.8,-10.3,-7.75,1,2114,-13.0,-368.7,1.2
5.0,1169.229739,247.24,-1.87,-83.16,7.14,-7.48,-8.75,1,1986,-4.9,-283.7,-1.3
5.0,1169.239739,247.15,-2.18,-83.54,7.48,-3.93,-8.5,1,2876,-4.4,-122.7,6.1
5.0,1169.249740,246.18,-2.23,-81.96,7.54,0.0,-7.25,1,2748,-0.2,-4.0,-0.5
5.0,1169.259739,244.42,-1.49,-79.95,6.87,3.93,-5.5,1,2620,4.5,82.8,2.9
5.0,1169.269739,242.05,-1.19,-77.49,6.66,7.48,-3.0,1,2509,3.4,159.9,-1.7
5.0,1169.279740,239.15,-0.62,-74.42,6.14,10.3,-0.0,1,2373,7.6,230.2,-2.6
5.0,1169.289740,235.63,-0.3,-70.88,5.93,12.11,3.5,1,2246,8.2,283.9,-2.2
5.0,1169.299740,232.29,-0.08,-66.91,5.79,12.73,7.0,1,2110,8.4,342.6,-3.9
5.0,1169.309740,229.75,0.08,-62.81,5.71,12.11,9.75,1,1982,8.4,351.7,-1.2
5.0,1169.319740,228.08,0.12,-59.75,5.78,10.3,11.25,1,2870,10.9,296.9,0.6
5.0,1169.329739,227.55,0.17,-58.43,5.77,7.48,11.5,1,2751,2.2,186.4,-2.7
5.0,1169.339739,227.81,0.19,-58.67,5.69,3.93,10.75,1,2624,2.6,87.0,-0.3
5.0,1169.349740,229.13,0.17,-59.73,5.71,0.0,9.5,1,2505,-0.6,-6.7,-0.7
5.0,1169.359739,231.06,0.12,-61.76,5.69,-3.93,7.5,1,2369,-3.2,-108.6,0.4
5.0,1169.369739,233.53,-0.01,-64.63,5.74,-7.48,4.75,1,2250,-5.9,-185.5,1.5
5.0,1169.379740,236.69,-0.19,-67.85,5.84,-10.3,1.75,1,2115,-6.3,-244.7,2.8
5.0,1169.389740,240.12,-0.41,-71.42,5.99,-12.11,-2.0,1,1987,-7.5,-297.4,2.6
5.0,1169.399740,243.46,-0.76,-75.39,6.26,-12.73,-5.5,1,2877,-8.3,-344.9,4.0
5.0,1169.409740,246.27,-1.4,-79.55,6.78,-12.11,-8.25,1,2749,-11.3,-368.6,2.5
5.0,1169.419740,248.29,-2.12,-82.88,7.41,-10.3,-9.75,1,2630,-7.7,-308.5,0.8
5.0,1169.429739,248.73,-2.76,-84.49,8.02,-7.48,-10.25,1,2510,-6.2,-221.4,2.0
5.0,1169.439739,248.55,-3.07,-84.64,8.32,-3.93,-9.75,1,2374,-2.5,-102.2,1.2
5.0,1169.449740,247.24,-2.47,-83.17,7.78,-0.0,-8.25,1,2246,2.0,27.8,2.4
5.0,1169.459739,245.21,-1.89,-80.78,7.29,3.93,-6.25,1,2110,4.6,109.8,1.4
5.0,1169.469739,242.75,-1.22,-78.09,6.67,7.48,-3.75,1,1983,4.1,186.6,-2.6
5.0,1169.479740,239.5,-0.68,-74.87,6.19,10.3,-0.25,1,2872,7.1,245.8,-1.4
5.0,1169.489740,235.9,-0.38,-71.23,5.99,12.11,3.25,1,2753,8.5,304.5,-3.6
5.0,1169.499740,232.47,-0.06,-67.07,5.78,12.73,6.75,1,2633,9.6,357.3,-3.5
5.0,1169.509740,229.92,0.07,-62.9,5.73,12.11,9.75,1,2506,8.6,365.0,-1.5
5.0,1169.519740,228.08,0.12,-59.74,5.78,10.3,11.25,1,2370,10.7,308.1,0.1
5.0,1169.529739,227.46,0.18,-58.33,5.77,7.48,11.75,1,2251,2.9,197.3,-2.4
5.0,1169.539739,227.55,0.19,-58.47,5.7,3.93,11.25,1,2106,2.7,96.8,-0.5
5.0,1169.549740,228.78,0.17,-59.52,5.72,0.0,9.75,1,1987,-0.2,-3.6,-0.6
5.0,1169.559739,230.62,0.13,-61.46,5.7,-3.93,7.75,1,2875,-3.0,-93.8,0.3
5.0,1169.569739,233.17,0.02,-64.09,5.73,-7.48,5.25,1,2748,-5.3,-172.9,1.2
5.0,1169.579740,236.16,-0.15,-67.36,5.82,-10.3,2.25,1,2629,-6.3,-247.2,2.7
5.0,1169.589740,239.59,-0.39,-70.99,5.98,-12.11,-1.5,1,2510,-7.9,-289.3,2.8
5.0,1169.599740,243.37,-0.72,-74.84,6.23,-12.73,-5.25,1,2374,-8.1,-342.7,3.7
5.0,1169.609740,246.88,-1.33,-79.2,6.75,-12.11,-8.75,1,2247,-9.7,-382.4,3.4
5.0,1169.619740,249.43,-2.43,-83.4,7.72,-10.3,-11.0,1,2111,-12.3,-380.5,1.6
5.0,1169.629739,250.58,-4.19,-86.3,9.39,-7.48,-12.0,1,1992,-6.8,-292.2,-0.0
5.0,1169.639739,250.49,-5.54,-86.94,10.77,-3.93,-11.75,1,2872,-3.0,-152.7,4.9
5.0,1169.649740,249.52,-4.49,-85.68,9.76,-0.0,-10.75,1,2753,-0.6,-13.0,-0.0
5.0,1169.659739,247.59,-2.73,-83.38,8.06,3.93,-8.75,1,2635,4.9,90.5,3.6
5.0,1169.669739,245.04,-1.95,-80.67,7.36,7.48,-6.25,1,2506,3.8,168.4,-1.9
5.0,1169.679740,242.14,-1.01,-77.49,6.47,10.3,-3.0,1,2370,6.8,240.5,-2.9
5.0,1169.689740,238.45,-0.59,-73.88,6.14,12.11,0.75,1,2251,7.5,288.9,-1.8
5.0,1169.699740,234.76,-0.29,-69.92,5.93,12.73,4.5,1,2115,10.0,347.2,-4.2
5.0,1169.709740,231.42,0.01,-65.44,5.75,12.11,8.0,1,1988,9.9,390.3,-3.4
5.0,1169.719740,229.04,0.12,-61.25,5.75,10.3,10.25,1,2876,10.7,375.4,-0.6
5.0,1169.729739,227.55,0.13,-58.74,5.82,7.48,11.75,1,2749,7.6,265.9,0.6
5.0,1169.739739,227.02,0.2,-58.27,5.73,3.93,12.5,1,2629,1.8,157.3,-6.0
5.0,1169.749740,227.02,0.28,-58.33,5.62,0.0,12.25,1,2511,3.9,102.2,1.2
5.0,1169.759739,227.81,0.17,-58.81,5.77,-3.93,10.75,1,2375,-0.3,7.3,1.0
5.0,1169.769739,229.57,0.15,-60.27,5.72,-7.48,8.75,1,2247,-1.7,-51.4,-1.5
5.0,1169.779740,232.29,0.11,-62.6,5.69,-10.3,6.25,1,2111,-5.8,-173.7,1.9
5.0,1169.789740,235.28,-0.11,-66.34,5.81,-12.11,3.0,1,1992,-7.2,-251.3,2.0
5.0,1169.799740,238.89,-0.32,-70.05,5.93,-12.73,-0.5,1,2873,-7.6,-293.8,3.4
5.0,1169.809740,242.05,-0.64,-74.01,6.18,-12.11,-3.75,1,2745,-8.1,-353.0,3.5
5.0,1169.819740,244.51,-1.04,-78.13,6.47,-10.3,-5.75,1,2635,-11.5,-352.8,1.2
5.0,1169.829739,245.39,-1.27,-81.06,6.6,-7.48,-6.75,1,2508,-7.0,-293.7,-1.3
5.0,1169.839739,245.21,-1.6,-81.62,6.94,-3.93,-6.5,1,2371,-2.9,-114.7,6.9
5.0,1169.849740,244.51,-1.69,-79.98,7.07,0.0,-5.75,1,2252,-0.9,-15.2,-1.1
5.0,1169.859739,242.84,-1.12,-78.37,6.55,3.93,-3.75,1,2115,3.3,62.0,2.4
5.0,1169.869739,240.56,-0.95,-76.11,6.46,7.48,-1.5,1,2014,4.5,149.1,-1.1
5.0,1169.879740,237.74,-0.5,-73.06,6.08,10.3,1.25,1,2877,6.8,217.7,-2.4
5.0,1169.889740,234.4,-0.23,-69.61,5.9,12.11,4.75,1,2749,7.8,277.0,-2.0
5.0,1169.899740,231.68,-0.02,-65.75,5.78,12.73,7.75,1,2630,8.7,326.2,-3.8
5.0,1169.909740,229.66,0.11,-62.0,5.74,12.11,9.75,1,2511,8.6,326.1,0.3
5.0,1169.919740,228.96,0.07,-59.79,5.85,10.3,10.5,1,2375,7.1,220.9,1.3
5.0,1169.929739,228.78,0.12,-59.74,5.79,7.48,10.5,1,2248,0.7,110.6,-3.9
5.0,1169.939739,228.78,0.14,-60.62,5.69,3.93,10.25,1,2111,-0.2,22.7,0.9
5.0,1169.949740,229.39,0.13,-61.57,5.72,0.0,9.25,1,2010,3.0,-7.7,-2.7
5.0,1169.959739,231.24,0.16,-62.31,5.69,-3.93,7.25,1,2872,-3.3,-43.0,2.5
5.0,1169.969739,233.7,-0.05,-64.25,5.79,-7.48,4.75,1,2744,-6.1,-159.0,-0.2
5.0,1169.979740,236.51,-0.17,-67.68,5.83,-10.3,1.75,1,2635,-5.4,-226.6,3.8
5.0,1169.989740,239.94,-0.43,-71.2,6.03,-12.11,-1.75,1,2498,-7.9,-284.2,1.9
5.0,1169.999740,243.63,-0.72,-75.09,6.23,-12.73,-5.5,1,2372,-7.1,-331.5,4.0
5.0,1170.009740,246.97,-1.36,-79.29,6.8,-12.11,-9.0,1,2252,-9.9,-372.8,3.3
5.0,1170.019740,249.43,-2.45,-83.41,7.75,-10.3,-11.25,1,2107,-11.8,-370.3,1.3
5.0,1170.029739,250.49,-4.07,-86.23,9.28,-7.48,-12.0,1,2015,-7.0,-285.5,-0.2
5.0,1170.039739,250.4,-5.4,-86.87,10.64,-3.93,-11.75,1,2878,-2.8,-148.9,4.9
5.0,1170.049740,249.43,-4.42,-85.59,9.7,-0.0,-10.5,1,2750,-0.3,-8.6,0.1
5.0,1170.059739,247.41,-2.69,-83.26,8.03,3.93,-8.75,1,2630,4.7,93.3,3.4
5.0,1170.069739,244.95,-1.91,-80.54,7.33,7.48,-6.0,1,2503,4.0,170.6,-2.0
5.0,1170.079740,242.05,-0.99,-77.35,6.46,10.3,-2.75,1,2375,6.5,242.7,-2.8
5.0,1170.089740,238.45,-0.58,-73.69,6.14,12.11,0.75,1,2248,7.8,293.7,-1.9
5.0,1170.099740,234.49,-0.27,-69.68,5.93,12.73,4.75,1,2112,10.2,350.4,-4.2
5.0,1170.109740,231.24,0.03,-65.19,5.75,12.11,8.25,1,2011,10.1,391.8,-3.5
5.0,1170.119740,228.87,0.13,-60.99,5.76,10.3,10.5,1,2874,10.9,378.8,-0.5
5.0,1170.129739,227.46,0.14,-58.51,5.83,7.48,11.75,1,2755,7.0,261.0,0.5
5.0,1170.139739,226.76,0.2,-58.1,5.74,3.93,12.75,1,2635,2.0,159.1,-5.8
5.0,1170.149740,226.85,0.28,-58.12,5.63,0.0,12.25,1,2499,3.8,100.0,1.1
5.0,1170.159739,227.72,0.17,-58.64,5.77,-3.93,11.0,1,2371,-0.3,7.1,0.9
5.0,1170.169739,229.57,0.15,-60.12,5.73,-7.48,9.0,1,2252,-1.9,-55.1,-1.3
5.0,1170.179740,232.21,0.1,-62.55,5.7,-10.3,6.25,1,2107,-5.8,-180.6,1.7
5.0,1170.189740,235.2,-0.11,-66.35,5.81,-12.11,3.0,1,2015,-7.3,-254.6,2.2
5.0,1170.199740,238.89,-0.32,-70.06,5.94,-12.73,-0.75,1,2878,-7.6,-296.4,3.2
5.0,1170.209740,241.96,-0.64,-74.02,6.18,-12.11,-3.75,1,2751,-8.0,-354.2,3.6
5.0,1170.219740,244.6,-1.04,-78.09,6.48,-10.3,-5.75,1,2632,-11.5,-349.2,1.2
5.0,1170.229739,245.39,-1.27,-80.97,6.61,-7.48,-6.75,1,2504,-6.9,-293.6,-1.3
5.0,1170.239739,245.39,-1.61,-81.61,6.96,-3.93,-6.5,1,2376,-3.2,-118.8,6.8
5.0,1170.249739,244.6,-1.7,-80.0,7.08,-0.0,-5.5,1,2248,-0.8,-14.1,-1.2
5.0,1170.259739,242.84,-1.12,-78.32,6.55,3.93,-3.75,1,2112,3.4,63.4,2.4
5.0,1170.269739,240.56,-0.95,-76.04,6.46,7.48,-1.5,1,2011,4.6,150.4,-1.2
5.0,1170.279740,237.74,-0.5,-72.98,6.08,10.3,1.5,1,2874,6.7,219.2,-2.4
5.0,1170.289740,234.32,-0.22,-69.49,5.9,12.11,4.75,1,2754,7.9,280.6,-2.0
5.0,1170.299740,231.06,-0.02,-65.59,5.78,12.73,8.25,1,2635,8.9,328.7,-3.7
5.0,1170.309740,228.52,0.13,-61.66,5.72,12.11,10.75,1,2499,7.9,344.5,-1.4
5.0,1170.319740,227.11,0.16,-58.61,5.78,10.3,12.25,1,2371,9.9,289.2,0.5
5.0,1170.329739,226.85,0.21,-57.33,5.78,7.48,12.5,1,2253,2.5,183.4,-2.5
5.0,1170.339740,226.93,0.21,-57.78,5.72,3.93,11.75,1,2117,3.1,61.6,1.0
5.0,1170.349740,228.34,0.19,-59.13,5.74,0.0,10.25,1,2015,-1.4,-13.8,-1.7
5.0,1170.359740,230.54,0.14,-61.1,5.69,-3.93,8.0,1,2878,-4.6,-121.2,0.9
5.0,1170.369739,233.26,-0.0,-64.07,5.76,-7.48,5.25,1,2750,-5.1,-189.5,1.3
5.0,1170.379740,236.34,-0.16,-67.45,5.85,-10.3,2.0,1,2631,-6.9,-269.6,3.0
5.0,1170.389740,239.94,-0.43,-71.29,6.03,-12.11,-1.75,1,2504,-8.4,-303.4,3.2
5.0,1170.399740,243.72,-0.77,-75.17,6.29,-12.73,-5.75,1,2377,-8.3,-354.6,3.6
5.0,1170.409740,247.32,-1.4,-79.6,6.83,-12.11,-9.25,1,2249,-10.0,-391.6,3.5
5.0,1170.419740,249.87,-2.67,-83.86,7.97,-10.3,-11.5,1,2113,-12.5,-389.5,1.5
5.0,1170.429739,251.02,-4.81,-86.76,10.01,-7.48,-12.5,1,2020,-7.3,-292.2,-0.3
5.0,1170.439740,250.93,-6.64,-87.39,11.87,-3.93,-12.5,1,2883,-2.6,-160.9,5.4
5.0,1170.449740,250.22,-5.4,-86.29,10.66,-0.0,-11.5,1,2756,-1.3,-20.6,-0.3
5.0,1170.459740,248.38,-3.18,-84.18,8.5,3.93,-9.75,1,2637,5.1,71.6,4.0
5.0,1170.469739,246.09,-2.29,-81.65,7.71,7.48,-7.25,1,2500,3.9,161.3,-1.7
5.0,1170.479740,243.11,-1.22,-78.49,6.66,10.3,-4.0,1,2381,5.1,226.4,-2.2
5.0,1170.489740,239.77,-0.73,-74.98,6.26,12.11,-0.5,1,2253,8.8,286.2,-2.3
5.0,1170.499740,235.72,-0.36,-71.01,6.01,12.73,3.25,1,2117,9.1,337.4,-3.4
5.0,1170.509740,232.65,-0.07,-66.63,5.81,12.11,6.75,1,2016,9.8,386.6,-4.1
5.0,1170.519740,230.36,0.07,-62.39,5.78,10.3,9.0,1,2879,10.9,375.0,-0.3
5.0,1170.529739,229.39,0.07,-59.91,5.87,7.48,10.0,1,2750,7.0,259.7,0.3
5.0,1170.539740,229.22,0.1,-59.71,5.81,3.93,10.0,1,2631,1.6,134.7,-3.3
5.0,1170.549740,229.57,0.12,-60.68,5.75,0.0,9.0,1,2504,2.1,28.3,1.2
5.0,1170.559740,231.24,0.07,-61.95,5.79,-3.93,7.25,1,2377,-1.5,-20.8,-2.0
5.0,1170.569739,233.53,0.04,-63.87,5.73,-7.48,5.0,1,2249,-4.8,-142.4,1.1
5.0,1170.579740,236.25,-0.17,-67.24,5.87,-10.3,2.25,1,2113,-6.2,-215.6,2.3
5.0,1170.589740,239.5,-0.39,-70.66,6.01,-12.11,-1.25,1,2011,-7.4,-268.7,2.5
5.0,1170.599740,243.19,-0.7,-74.44,6.23,-12.73,-5.25,1,2875,-7.4,-324.1,3.3
5.0,1170.609740,246.36,-1.24,-78.63,6.7,-12.11,-8.5,1,2756,-9.4,-363.8,3.4
5.0,1170.619740,248.73,-2.19,-82.64,7.52,-10.3,-10.5,1,2637,-12.0,-361.1,1.4
5.0,1170.629739,250.14,-3.25,-85.29,8.49,-7.48,-11.75,1,2501,-5.8,-268.0,-0.4
5.0,1170.639740,250.58,-4.4,-86.11,9.68,-3.93,-12.25,1,2381,-2.0,-175.6,5.9
5.0,1170.649740,250.49,-4.79,-85.76,10.08,0.0,-11.75,1,2254,-4.3,-57.7,-0.2
5.0,1170.659740,249.35,-3.14,-84.74,8.4,3.93,-10.5,1,2118,0.3,-14.2,-0.5
5.0,1170.669739,247.24,-2.64,-83.24,8.0,7.48,-8.25,1,2016,4.9,106.1,3.9
5.0,1170.679740,244.69,-1.86,-80.16,7.3,10.3,-5.5,1,2878,4.6,188.3,-2.1
5.0,1170.689740,241.35,-0.93,-76.73,6.42,12.11,-2.25,1,2752,6.8,260.6,-2.9
5.0,1170.699740,237.66,-0.53,-72.89,6.11,12.73,1.5,1,2632,8.6,312.1,-2.0
5.0,1170.709740,234.58,-0.22,-68.73,5.91,12.11,4.75,1,2504,10.4,364.3,-4.4
5.0,1170.719740,232.56,0.0,-64.5,5.81,10.3,6.75,1,2377,10.7,371.1,-0.5
5.0,1170.729739,231.59,-0.04,-62.1,5.94,7.48,7.75,1,2249,7.6,233.3,2.2
5.0,1170.739740,231.24,-0.02,-62.23,5.89,3.93,8.25,1,2114,0.9,124.7,-4.7
5.0,1170.749740,231.24,0.04,-62.92,5.75,-0.0,8.0,1,2012,0.1,39.7,0.9
5.0,1170.759740,231.77,0.01,-63.71,5.81,-3.93,6.75,1,2883,2.9,6.0,-2.6
5.0,1170.769739,233.7,0.04,-64.32,5.78,-7.48,5.0,1,2755,-2.5,-26.5,2.5
5.0,1170.779740,235.9,-0.19,-66.45,5.91,-10.3,2.5,1,2636,-6.3,-181.2,-0.1
5.0,1170.789740,238.71,-0.31,-70.19,5.93,-12.11,-0.5,1,2500,-6.1,-219.2,2.2
5.0,1170.799740,241.88,-0.59,-73.19,6.15,-12.73,-3.75,1,2382,-6.6,-261.4,2.9
5.0,1170.809740,245.13,-0.97,-76.89,6.46,-12.11,-7.0,1,2254,-7.7,-327.7,2.6
5.0,1170.819740,247.41,-1.63,-80.99,7.01,-10.3,-8.75,1,2118,-11.8,-343.8,1.9
5.0,1170.829739,248.2,-2.38,-83.89,7.66,-7.48,-9.5,1,2017,-5.9,-273.8,-1.0
5.0,1170.839740,247.85,-2.65,-84.16,7.96,-3.93,-9.25,1,2880,-2.3,-97.5,5.4
5.0,1170.849740,246.8,-2.47,-82.4,7.83,-0.0,-7.75,1,2752,0.0,0.7,0.2
5.0,1170.859740,244.95,-1.69,-80.51,7.1,3.93,-6.0,1,2632,3.7,90.8,1.6
5.0,1170.869739,242.49,-1.21,-77.87,6.69,7.48,-3.5,1,2505,4.9,174.1,-2.2
5.0,1170.879740,239.59,-0.68,-74.75,6.23,10.3,-0.25,1,2378,6.6,228.8,-1.5
5.0,1170.889740,235.99,-0.39,-71.26,6.03,12.11,3.25,1,2250,8.1,294.1,-3.0
5.0,1170.899740,232.65,-0.09,-67.13,5.83,12.73,6.75,1,2114,9.8,348.3,-3.6
5.0,1170.909740,230.01,0.07,-62.99,5.77,12.11,9.5,1,2012,8.9,359.3,-1.5
5.0,1170.919740,228.34,0.11,-59.86,5.82,10.3,11.0,1,2874,9.8,302.0,0.3
5.0,1170.929739,227.72,0.15,-58.52,5.81,7.48,11.25,1,2756,2.9,192.2,-2.4
5.0,1170.939740,227.9,0.18,-58.69,5.74,3.93,10.75,1,2637,2.5,92.5,-0.6
5.0,1170.949740,229.13,0.16,-59.71,5.75,0.0,9.5,1,2509,-0.4,-2.4,-0.6
5.0,1170.959740,231.15,0.1,-61.63,5.74,-3.93,7.5,1,2373,-3.0,-97.3,0.5
5.0,1170.969739,233.61,-0.01,-64.43,5.78,-7.48,4.75,1,2255,-5.8,-184.6,1.2
5.0,1170.979740,236.69,-0.19,-67.76,5.88,-10.3,1.75,1,2118,-6.2,-245.2,2.9
5.0,1170.989740,240.03,-0.42,-71.32,6.04,-12.11,-2.0,1,2017,-7.6,-295.1,2.5
5.0,1170.999740,243.54,-0.77,-75.25,6.3,-12.73,-5.5,1,2880,-8.1,-343.4,4.1
5.0,1171.009740,246.36,-1.39,-79.4,6.82,-12.11,-8.25,1,2752,-11.3,-366.5,2.4
5.0,1171.019740,248.38,-2.11,-82.73,7.43,-10.3,-9.75,1,2634,-7.9,-310.5,0.9
5.0,1171.029739,248.73,-2.8,-84.44,8.09,-7.48,-10.25,1,2505,-6.2,-226.7,2.0
5.0,1171.039740,248.47,-3.08,-84.55,8.37,-3.93,-9.75,1,2378,-2.8,-94.7,1.3
5.0,1171.049740,247.24,-2.43,-82.98,7.77,-0.0,-8.25,1,2251,2.4,25.1,2.2
5.0,1171.059740,245.13,-1.88,-80.69,7.31,3.93,-6.25,1,2114,4.2,109.9,1.4
5.0,1171.069739,242.49,-1.23,-77.98,6.72,7.48,-3.5,1,3003,4.5,186.1,-2.5
5.0,1171.079740,239.41,-0.69,-74.76,6.24,10.3,-0.25,1,2876,7.1,245.7,-1.5
5.0,1171.089740,235.9,-0.38,-71.11,6.03,12.11,3.25,1,2757,8.5,305.5,-3.5
5.0,1171.099740,232.47,-0.07,-66.93,5.82,12.73,7.0,1,2637,9.6,358.7,-3.6
5.0,1171.109740,229.75,0.07,-62.72,5.77,12.11,9.75,1,2501,8.7,368.2,-1.6
5.0,1171.119740,227.99,0.13,-59.52,5.82,10.3,11.25,1,2382,10.8,310.6,0.2
5.0,1171.129739,227.37,0.18,-58.08,5.81,7.48,11.75,1,2255,2.8,200.9,-2.7
5.0,1171.139740,227.46,0.19,-58.2,5.73,3.93,11.25,1,2119,2.7,98.6,-0.4
5.0,1171.149740,228.6,0.17,-59.26,5.76,-0.0,10.0,1,3007,0.0,-4.0,-0.6
5.0,1171.159740,230.45,0.13,-61.2,5.74,-3.93,8.25,1,2879,-3.2,-91.1,0.3
5.0,1171.169739,233.0,0.02,-63.77,5.77,-7.48,5.5,1,2752,-5.0,-170.1,1.2
5.0,1171.179740,236.07,-0.14,-67.03,5.86,-10.3,2.25,1,2633,-6.3,-246.9,2.6
5.0,1171.189740,239.41,-0.38,-70.67,6.01,-12.11,-1.25,1,2506,-8.0,-287.1,2.9
5.0,1171.199740,243.19,-0.7,-74.49,6.25,-12.73,-5.25,1,2379,-7.8,-341.5,3.6
5.0,1171.209740,246.53,-1.26,-78.82,6.73,-12.11,-8.5,1,2242,-9.7,-378.7,3.4
5.0,1171.219740,248.99,-2.3,-82.94,7.63,-10.3,-10.75,1,2114,-12.5,-375.1,1.8
5.0,1171.229739,250.14,-3.71,-85.77,8.95,-7.48,-11.75,1,3003,-6.3,-286.6,-0.3
5.0,1171.239740,250.14,-4.73,-86.44,10.01,-3.93,-11.5,1,2877,-3.3,-155.9,4.9
5.0,1171.249740,249.17,-4.11,-85.26,9.41,0.0,-10.25,1,2758,-0.8,-12.2,-0.1
5.0,1171.259740,247.24,-2.6,-82.98,7.97,3.93,-8.25,1,2638,5.2,85.1,3.9
5.0,1171.269739,244.86,-1.86,-80.31,7.32,7.48,-5.75,1,2501,3.5,170.1,-2.7
5.0,1171.279740,241.79,-0.94,-77.09,6.43,10.3,-2.75,1,2383,6.1,237.1,-2.4
5.0,1171.289740,238.45,-0.6,-73.55,6.18,12.11,0.75,1,2247,8.1,287.5,-1.6
5.0,1171.299740,234.49,-0.27,-69.6,5.96,12.73,4.75,1,2119,10.1,344.6,-4.5
5.0,1171.309740,231.24,0.03,-65.16,5.77,12.11,8.25,1,3008,9.6,386.1,-3.2
5.0,1171.319740,228.96,0.11,-60.99,5.79,10.3,10.5,1,2880,10.9,375.8,-0.6
5.0,1171.329739,227.46,0.13,-58.52,5.86,7.48,11.75,1,2754,7.0,257.9,0.5
5.0,1171.339740,227.02,0.19,-58.15,5.77,3.93,12.5,1,2634,1.9,155.2,-5.7
5.0,1171.349740,227.02,0.27,-58.22,5.66,0.0,12.25,1,2506,3.9,95.7,1.1
5.0,1171.359740,227.9,0.17,-58.77,5.8,-3.93,10.75,1,2378,-0.6,4.1,0.7
5.0,1171.369739,229.75,0.15,-60.21,5.75,-7.48,8.75,1,2243,-1.8,-52.3,-1.3
5.0,1171.379740,232.29,0.1,-62.55,5.73,-10.3,6.25,1,2115,-5.6,-177.4,1.8
5.0,1171.389740,235.37,-0.12,-66.34,5.84,-12.11,3.0,1,3004,-7.1,-253.5,2.2
5.0,1171.399740,238.97,-0.33,-70.06,5.97,-12.73,-0.75,1,2886,-7.8,-296.1,3.4
5.0,1171.409740,242.23,-0.66,-74.04,6.23,-12.11,-4.0,1,2758,-8.1,-355.1,3.6
5.0,1171.419740,244.78,-1.07,-78.18,6.53,-10.3,-6.0,1,2639,-11.5,-355.2,1.3
5.0,1171.429739,245.57,-1.34,-81.16,6.69,-7.48,-6.75,1,2503,-7.4,-297.8,-1.4
5.0,1171.439740,245.57,-1.65,-81.76,7.02,-3.93,-6.75,1,2383,-2.8,-117.0,6.6
5.0,1171.449740,244.86,-1.7,-80.13,7.1,-0.0,-5.75,1,2203,-1.3,-17.9,-1.6
5.0,1171.459740,243.28,-1.16,-78.51,6.6,3.93,-4.25,1,2120,3.5,62.8,3.3
5.0,1171.469739,241.0,-1.04,-76.29,6.58,7.48,-1.75,1,3007,4.3,141.4,-0.9
5.0,1171.479740,238.1,-0.53,-73.34,6.13,10.3,1.25,1,2881,7.8,217.5,-2.9
5.0,1171.489740,234.67,-0.23,-69.84,5.93,12.11,4.5,1,2753,7.1,273.8,-1.8
5.0,1171.499740,231.59,-0.06,-66.03,5.83,12.73,7.75,1,2634,8.4,324.7,-3.5
5.0,1171.509740,229.04,0.1,-62.09,5.75,12.11,10.25,1,2507,7.6,342.9,-1.6
5.0,1171.519740,227.46,0.14,-59.04,5.82,10.3,11.75,1,2379,10.4,287.3,1.0
5.0,1171.529739,227.11,0.19,-57.7,5.82,7.48,12.25,1,2243,2.2,189.2,-3.1
5.0,1171.539740,227.29,0.21,-57.99,5.74,3.93,11.5,1,2115,3.3,68.8,0.9
5.0,1171.549740,228.6,0.17,-59.34,5.78,0.0,10.0,1,3003,-1.3,-13.9,-1.5
5.0,1171.559740,230.8,0.13,-61.28,5.72,-3.93,7.75,1,2886,-3.8,-111.0,0.6
5.0,1171.569739,233.26,-0.0,-64.11,5.79,-7.48,5.25,1,2757,-5.4,-186.1,1.4
5.0,1171.579740,236.43,-0.17,-67.46,5.88,-10.3,1.75,1,2638,-6.8,-260.2,2.9
5.0,1171.589740,239.94,-0.42,-71.19,6.05,-12.11,-1.75,1,2502,-7.8,-297.8,2.9
5.0,1171.599740,243.72,-0.76,-75.08,6.31,-12.73,-5.75,1,2385,-8.3,-351.2,3.7
5.0,1171.609740,247.32,-1.4,-79.5,6.86,-12.11,-9.25,1,2247,-9.9,-388.9,3.4
5.0,1171.619740,249.79,-2.62,-83.76,7.95,-10.3,-11.5,1,2120,-12.3,-388.2,1.5
5.0,1171.629739,251.02,-4.7,-86.67,9.93,-7.48,-12.5,1,3009,-7.4,-292.7,-0.3
5.0,1171.639740,251.02,-6.34,-87.27,11.6,-3.93,-12.25,1,2881,-2.4,-155.8,5.3
5.0,1171.649740,250.14,-5.16,-86.12,10.46,0.0,-11.25,1,2754,-1.1,-21.4,-0.1
5.0,1171.659740,248.29,-3.11,-84.04,8.46,3.93,-9.5,1,2636,4.8,74.7,3.6
5.0,1171.669739,245.92,-2.21,-81.45,7.66,7.48,-7.0,1,2507,4.1,162.9,-1.7
5.0,1171.679740,243.02,-1.19,-78.31,6.67,10.3,-3.75,1,2379,5.3,226.4,-2.3
5.0,1171.689740,239.5,-0.71,-74.8,6.28,12.11,-0.25,1,2243,8.5,287.9,-2.2
5.0,1171.699740,235.63,-0.35,-70.8,6.03,12.73,3.5,1,2116,9.2,338.1,-3.5
5.0,1171.709740,232.47,-0.06,-66.41,5.83,12.11,7.0,1,3005,9.9,388.4,-4.1
5.0,1171.719740,230.19,0.08,-62.16,5.8,10.3,9.25,1,2886,10.6,375.4,-0.3
5.0,1171.729739,229.22,0.08,-59.67,5.89,7.48,10.25,1,2757,7.5,262.1,0.4
5.0,1171.739740,229.13,0.11,-59.44,5.83,3.93,10.25,1,2639,1.4,136.5,-3.3
5.0,1171.749740,229.39,0.13,-60.4,5.78,-0.0,9.25,1,2503,2.3,28.9,1.4
5.0,1171.759740,231.06,0.08,-61.7,5.82,-3.93,7.5,1,2384,-1.6,-22.0,-2.2
5.0,1171.769739,233.35,0.05,-63.66,5.75,-7.48,5.25,1,2248,-5.1,-144.8,1.3
5.0,1171.779740,236.16,-0.17,-67.06,5.89,-10.3,2.25,1,2120,-6.3,-217.2,2.2
5.0,1171.789740,239.33,-0.38,-70.51,6.02,-12.11,-1.25,1,3009,-7.1,-272.6,2.4
5.0,1171.799740,243.11,-0.68,-74.32,6.25,-12.73,-5.0,1,2882,-7.6,-325.2,3.4
5.0,1171.809740,246.45,-1.22,-78.49,6.71,-12.11,-8.25,1,2755,-9.3,-364.3,3.2
5.0,1171.819740,248.82,-2.15,-82.52,7.51,-10.3,-10.5,1,2644,-12.1,-363.7,1.8
5.0,1171.829739,250.05,-3.33,-85.31,8.59,-7.48,-11.75,1,2509,-6.3,-279.5,-0.4
5.0,1171.839740,250.31,-4.33,-86.09,9.65,-3.93,-12.25,1,2380,-1.5,-163.2,5.4
5.0,1171.849740,250.4,-4.33,-85.35,9.65,-0.0,-11.75,1,2244,-3.9,-42.3,0.3
5.0,1171.859740,249.35,-2.9,-84.23,8.2,3.93,-10.5,1,2125,0.5,-8.0,-0.8
5.0,1171.869739,247.32,-2.46,-83.11,7.84,7.48,-8.25,1,3005,3.5,78.0,2.7
5.0,1171.879740,244.69,-1.87,-80.38,7.32,10.3,-5.5,1,2886,5.6,187.1,-0.3
5.0,1171.889740,241.35,-0.98,-76.69,6.51,12.11,-2.25,1,2759,6.6,260.6,-3.7
5.0,1171.899740,237.66,-0.49,-72.84,6.1,12.73,1.5,1,2639,8.6,311.5,-1.9
5.0,1171.909740,234.58,-0.22,-68.69,5.95,12.11,4.75,1,2503,10.1,363.9,-4.1
5.0,1171.919740,232.56,-0.0,-64.45,5.84,10.3,6.75,1,2384,10.6,372.1,-0.9
5.0,1171.929739,231.5,-0.03,-62.05,5.96,7.48,7.75,1,2248,7.9,231.5,2.4
5.0,1171.939740,231.15,-0.02,-62.2,5.92,3.93,8.25,1,2121,0.6,125.7,-4.5
5.0,1171.949740,231.24,0.04,-62.85,5.78,0.0,8.0,1,3009,0.3,41.0,0.7
5.0,1171.959740,231.77,0.02,-63.64,5.83,-3.93,6.75,1,2881,3.1,6.1,-2.5
5.0,1171.969739,233.7,0.04,-64.26,5.81,-7.48,5.0,1,2754,-2.6,-27.1,2.6
5.0,1171.979740,235.81,-0.19,-66.38,5.93,-10.3,2.5,1,2635,-6.4,-178.5,-0.1
5.0,1171.989740,238.71,-0.31,-70.08,5.95,-12.11,-0.5,1,2508,-5.9,-218.8,2.2
5.0,1171.999740,242.05,-0.58,-73.1,6.18,-12.73,-3.75,1,2380,-6.7,-261.8,2.8
5.0,1172.009740,245.04,-0.96,-76.81,6.48,-12.11,-7.0,1,2244,-7.8,-327.9,2.7
5.0,1172.019740,247.41,-1.62,-80.9,7.02,-10.3,-8.75,1,2125,-11.7,-342.0,1.7
5.0,1172.029739,248.2,-2.32,-83.77,7.63,-7.48,-9.5,1,3005,-5.9,-273.4,-0.9
5.0,1172.039740,247.85,-2.66,-84.14,8.0,-3.93,-9.25,1,2887,-2.5,-105.6,5.5
5.0,1172.049740,246.88,-2.49,-82.42,7.87,-0.0,-7.75,1,2759,0.2,4.2,0.1
5.0,1172.059740,244.95,-1.67,-80.42,7.11,3.93,-6.0,1,2640,3.7,90.7,1.7
5.0,1172.069739,242.49,-1.21,-77.82,6.72,7.48,-3.5,1,2503,4.9,173.6,-2.2
5.0,1172.079740,239.5,-0.68,-74.71,6.26,10.3,-0.25,1,2385,6.5,228.8,-1.5
5.0,1172.089740,235.99,-0.39,-71.22,6.06,12.11,3.25,1,2248,8.1,293.9,-2.9
5.0,1172.099740,232.65,-0.09,-67.08,5.86,12.73,6.75,1,2121,9.8,348.2,-3.6
5.0,1172.109740,230.01,0.07,-62.95,5.8,12.11,9.5,1,3010,8.9,359.7,-1.6
5.0,1172.119740,228.34,0.11,-59.81,5.85,10.3,11.0,1,2882,9.8,302.6,0.2
5.0,1172.129739,227.72,0.16,-58.45,5.84,7.48,11.25,1,2754,2.9,192.8,-2.4
5.0,1172.139740,227.9,0.18,-58.62,5.77,3.93,10.75,1,2635,2.5,93.3,-0.5
5.0,1172.149740,229.13,0.16,-59.63,5.78,-0.0,9.5,1,2508,-0.4,-2.0,-0.7
5.0,1172.159740,231.06,0.11,-61.56,5.77,-3.93,7.5,1,2381,-2.9,-97.5,0.5
5.0,1172.169739,233.61,-0.01,-64.36,5.81,-7.48,4.75,1,2244,-5.7,-184.3,1.2
5.0,1172.179740,236.78,-0.19,-67.69,5.91,-10.3,1.75,1,2125,-6.2,-246.0,2.8
5.0,1172.189740,240.03,-0.42,-71.26,6.07,-12.11,-2.0,1,3014,-7.5,-294.6,2.6
5.0,1172.199740,243.54,-0.76,-75.18,6.33,-12.73,-5.5,1,2888,-8.1,-343.5,4.0
5.0,1172.209740,246.36,-1.38,-79.34,6.83,-12.11,-8.25,1,2760,-11.3,-367.0,2.4
5.0,1172.219740,248.47,-2.09,-82.69,7.44,-10.3,-9.75,1,2641,-7.9,-311.4,0.9
5.0,1172.229739,248.73,-2.77,-84.41,8.1,-7.48,-10.25,1,2504,-6.2,-227.8,2.0
6.0,1174.249739,244.6,-1.07,-80.06,6.54,-3.91,-5.5,1,2249,-5.2,-251.2,-1.6
6.0,1174.259740,243.98,-1.28,-80.35,6.77,0.0,-5.0,1,3147,-2.2,-93.7,6.0
6.0,1174.269739,242.75,-1.41,-78.57,6.95,3.91,-3.75,1,3019,1.2,20.4,0.1
6.0,1174.279739,240.82,-0.88,-76.33,6.48,7.26,-1.75,1,2891,3.5,109.6,0.4
6.0,1174.289740,238.18,-0.6,-73.61,6.27,9.6,1.0,1,2772,5.5,182.9,-1.9
6.0,1174.299740,235.11,-0.27,-70.36,6.03,10.59,4.25,1,2636,7.8,252.0,-2.3
6.0,1174.309740,232.47,-0.05,-66.66,5.91,10.09,7.0,1,2509,8.0,300.7,-2.9
6.0,1174.319740,230.8,0.04,-63.13,5.89,8.18,8.75,1,2381,7.1,304.9,0.4
6.0,1174.329740,230.36,0.02,-61.07,5.98,5.11,9.25,1,2254,7.3,201.6,1.3
6.0,1174.339740,230.45,0.05,-61.3,5.95,1.33,8.75,1,3143,0.1,80.5,-2.6
6.0,1174.349740,231.42,0.05,-62.48,5.86,-2.64,7.25,1,3015,0.1,2.8,0.5
6.0,1174.359740,233.35,-0.03,-63.96,5.92,-6.24,5.25,1,2887,-3.0,-69.6,-0.0
6.0,1174.369740,235.63,-0.11,-66.49,5.93,-8.96,2.75,1,2769,-4.3,-180.5,0.9
6.0,1174.379740,238.8,-0.3,-69.9,6.04,-10.42,-0.5,1,2640,-6.7,-230.1,2.4
6.0,1174.389740,242.23,-0.61,-73.39,6.27,-10.42,-4.0,1,2513,-7.7,-299.5,3.1
6.0,1174.399740,245.39,-1.04,-77.48,6.62,-8.96,-7.25,1,2377,-8.5,-339.6,2.6
6.0,1174.409739,247.68,-1.72,-81.35,7.18,-6.24,-9.0,1,2250,-12.0,-346.9,1.7
6.0,1174.419739,248.29,-2.4,-84.04,7.77,-2.64,-9.75,1,3147,-5.4,-261.3,-1.2
6.0,1174.429740,248.03,-2.75,-84.43,8.16,1.33,-9.25,1,3019,-3.0,-124.7,5.7
6.0,1174.439739,246.71,-2.64,-82.93,8.08,5.11,-7.75,1,2893,0.5,13.1,-0.4
6.0,1174.449740,244.78,-1.65,-80.5,7.15,8.18,-5.75,1,2773,4.0,105.6,2.1
6.0,1174.459740,242.23,-1.18,-77.64,6.76,10.09,-3.0,1,2636,5.4,194.1,-2.5
6.0,1174.469740,238.89,-0.6,-74.27,6.27,10.59,0.25,1,2509,7.7,248.9,-1.7
6.0,1174.479740,236.16,-0.33,-70.63,6.09,9.6,3.25,1,2382,8.1,308.9,-2.9
6.0,1174.489740,234.4,-0.13,-66.77,5.98,7.26,5.0,1,2254,9.0,326.4,-0.9
6.0,1174.499740,233.79,-0.13,-64.49,6.09,3.91,5.75,1,3143,9.4,210.6,3.3
6.0,1174.509740,233.79,-0.14,-64.72,6.08,0.0,5.25,1,3015,-1.6,92.8,-4.5
6.0,1174.519740,234.49,-0.09,-65.83,5.91,-3.91,4.25,1,2887,0.2,6.8,1.0
6.0,1174.529740,236.25,-0.2,-67.06,6.03,-7.26,2.25,1,2769,-2.0,-36.7,-0.8
6.0,1174.539740,238.71,-0.25,-69.24,6.02,-9.6,-0.25,1,2641,-3.9,-174.4,0.9
6.0,1174.549740,241.52,-0.52,-72.97,6.21,-10.59,-3.25,1,2514,-6.5,-235.6,2.5
6.0,1174.559740,244.34,-0.91,-76.4,6.51,-10.09,-6.25,1,2377,-7.7,-281.7,2.3
6.0,1174.569740,246.27,-1.37,-79.91,6.86,-8.18,-7.75,1,2259,-10.6,-305.3,0.7
6.0,1174.579739,246.88,-1.73,-82.53,7.14,-5.11,-8.0,1,3148,-5.1,-238.3,-1.2
6.0,1174.589740,246.27,-1.94,-82.72,7.39,-1.33,-7.5,1,3020,-2.2,-85.2,5.0
6.0,1174.599739,245.04,-1.95,-80.86,7.44,2.64,-6.0,1,2893,1.8,32.6,1.2
6.0,1174.609739,242.84,-1.25,-78.45,6.81,6.24,-3.75,1,2773,3.5,123.2,-0.4
6.0,1174.619740,240.12,-0.81,-75.67,6.44,8.96,-1.0,1,2637,5.7,187.5,-1.4
6.0,1174.629740,236.87,-0.47,-72.44,6.18,10.42,2.25,1,2509,7.4,258.9,-2.2
6.0,1174.639740,233.79,-0.17,-68.58,5.98,10.42,5.5,1,2382,9.3,315.4,-3.5
6.0,1174.649740,231.42,0.03,-64.65,5.88,8.96,8.0,1,2254,8.5,335.7,-1.8
6.0,1174.659740,230.1,0.05,-61.67,5.95,6.24,9.25,1,3144,9.6,278.5,1.6
6.0,1174.669740,229.92,0.06,-60.59,5.97,2.64,9.5,1,3015,1.7,164.9,-2.4
6.0,1174.679740,229.92,0.08,-61.15,5.88,-1.33,8.75,1,2888,1.8,58.1,0.2
6.0,1174.689740,231.5,0.05,-62.3,5.9,-5.11,7.25,1,2769,-1.0,-8.4,-1.2
6.0,1174.699740,233.53,0.02,-64.18,5.87,-8.18,5.0,1,2641,-3.5,-121.1,0.6
6.0,1174.709740,236.16,-0.15,-67.24,5.96,-10.09,2.25,1,2514,-5.6,-193.2,1.9
6.0,1174.719740,239.33,-0.37,-70.5,6.1,-10.59,-1.25,1,2378,-7.0,-253.9,2.5
6.0,1174.729740,242.4,-0.67,-74.23,6.33,-9.6,-4.0,1,2250,-7.5,-312.3,3.2
6.0,1174.739739,244.51,-1.07,-78.14,6.62,-7.26,-5.75,1,3148,-10.7,-332.9,0.7
6.0,1174.749739,245.21,-1.25,-81.0,6.69,-3.91,-6.25,1,3020,-7.0,-265.3,-1.8
6.0,1174.759740,244.78,-1.49,-81.22,6.97,0.0,-5.75,1,2894,-1.3,-88.8,6.6
6.0,1174.769739,243.63,-1.6,-79.31,7.14,3.91,-4.5,1,2773,0.5,13.6,0.1
6.0,1174.779739,241.52,-0.99,-77.21,6.58,7.26,-2.5,1,2637,4.2,107.8,0.2
6.0,1174.789740,238.97,-0.66,-74.45,6.34,9.6,0.25,1,2510,5.3,182.0,-1.9
6.0,1174.799740,235.9,-0.35,-71.24,6.08,10.59,3.25,1,2383,6.2,247.5,-2.1
6.0,1174.809740,233.44,-0.11,-67.5,5.94,10.09,6.25,1,2255,9.0,308.4,-3.0
6.0,1174.819740,231.59,0.02,-63.86,5.92,8.18,7.75,1,3144,9.0,302.9,0.6
6.0,1174.829740,231.06,-0.01,-61.92,6.03,5.11,8.25,1,3015,6.5,200.3,1.7
6.0,1174.839740,231.06,0.0,-62.11,5.97,1.33,7.75,1,2896,-0.3,83.0,-3.3
6.0,1174.849740,232.21,0.04,-63.27,5.87,-2.64,6.5,1,2778,0.3,1.3,0.7
6.0,1174.859740,234.05,-0.06,-64.75,5.96,-6.24,4.5,1,2642,-2.5,-65.8,0.1
6.0,1174.869740,236.51,-0.15,-67.26,5.96,-8.96,1.75,1,2514,-4.9,-183.7,0.7
6.0,1174.879740,239.5,-0.34,-70.78,6.08,-10.42,-1.25,1,2378,-6.3,-234.3,2.6
6.0,1174.889740,242.93,-0.68,-74.24,6.34,-10.42,-4.75,1,2260,-8.0,-295.8,3.1
6.0,1174.899740,246.01,-1.18,-78.26,6.75,-8.96,-8.0,1,3149,-8.4,-340.5,3.0
6.0,1174.909739,248.03,-1.98,-82.12,7.43,-6.24,-9.75,1,3021,-12.0,-340.6,1.4
6.0,1174.919739,248.99,-2.7,-84.58,8.06,-2.64,-10.25,1,2894,-5.4,-246.1,-1.3
6.0,1174.929740,248.64,-3.03,-85.01,8.44,1.33,-9.75,1,2775,-2.4,-137.6,4.6
6.0,1174.939739,247.32,-3.01,-83.77,8.45,5.11,-8.5,1,2638,0.2,15.6,1.2
6.0,1174.949740,245.39,-1.91,-81.18,7.41,8.18,-6.25,1,2510,4.1,106.5,1.3
6.0,1174.959740,242.75,-1.26,-78.37,6.84,10.09,-3.75,1,2383,5.0,189.7,-2.1
6.0,1174.969740,239.5,-0.7,-75.03,6.35,10.59,-0.25,1,2256,7.8,251.7,-1.8
6.0,1174.979740,236.87,-0.38,-71.33,6.13,9.6,2.5,1,3145,8.4,307.2,-3.0
6.0,1174.989740,235.2,-0.17,-67.58,6.02,7.26,4.25,1,3017,9.6,319.7,-0.5
6.0,1174.999740,234.49,-0.19,-65.37,6.14,3.91,4.75,1,2897,8.3,209.3,3.2
6.0,1175.009740,234.49,-0.19,-65.51,6.11,0.0,4.5,1,2770,-1.4,96.0,-4.8
6.0,1175.019740,235.28,-0.12,-66.61,5.94,-3.91,3.25,1,2642,0.3,3.4,1.1
6.0,1175.029740,237.13,-0.26,-67.9,6.08,-7.26,1.25,1,2515,-2.1,-35.8,-0.3
6.0,1175.039740,239.59,-0.32,-70.06,6.07,-9.6,-1.25,1,2379,-4.5,-177.3,0.2
6.0,1175.049740,242.4,-0.58,-73.8,6.26,-10.59,-4.25,1,2260,-6.0,-232.7,2.7
6.0,1175.059740,245.04,-1.02,-77.21,6.62,-10.09,-7.0,1,3149,-7.6,-284.6,2.1
6.0,1175.069740,246.88,-1.55,-80.7,7.03,-8.18,-8.5,1,3021,-10.9,-297.0,0.9
6.0,1175.079739,247.59,-1.91,-83.04,7.32,-5.11,-8.75,1,2894,-4.4,-221.9,-1.8
6.0,1175.089740,247.32,-2.12,-83.35,7.56,-1.33,-8.25,1,2775,-2.4,-106.2,5.2
6.0,1175.099739,245.92,-2.3,-81.99,7.78,2.64,-7.0,1,2639,0.7,20.3,1.3
6.0,1175.109739,243.9,-1.49,-79.64,7.03,6.24,-5.0,1,2511,4.2,108.5,0.1
6.0,1175.119740,241.35,-0.99,-76.97,6.61,8.96,-2.25,1,2383,4.8,179.2,-1.5
6.0,1175.129740,238.1,-0.59,-73.73,6.27,10.42,1.0,1,2256,6.3,253.1,-2.1
6.0,1175.139740,235.02,-0.26,-69.88,6.04,10.42,4.25,1,3145,9.5,311.6,-3.3
6.0,1175.149740,232.65,-0.03,-65.94,5.93,8.96,6.75,1,3017,9.9,335.5,-1.9
6.0,1175.159740,231.33,0.0,-62.93,5.99,6.24,8.0,1,2898,8.8,276.8,1.9
6.0,1175.169740,231.06,-0.01,-61.86,6.01,2.64,8.25,1,2779,1.6,165.7,-2.9
6.0,1175.179740,231.15,0.04,-62.48,5.91,-1.33,7.5,1,2643,2.4,49.6,0.8
6.0,1175.189740,232.82,-0.01,-63.73,5.95,-5.11,5.75,1,2516,-1.5,-9.0,-1.5
6.0,1175.199740,234.93,-0.05,-65.54,5.92,-8.18,3.5,1,2379,-3.3,-122.5,1.1
6.0,1175.209740,237.57,-0.22,-68.69,6.02,-10.09,0.75,1,2260,-6.1,-201.4,0.8
6.0,1175.219740,240.73,-0.44,-71.99,6.15,-10.59,-2.5,1,3150,-6.5,-250.9,3.2
6.0,1175.229740,243.63,-0.83,-75.59,6.47,-9.6,-5.5,1,3022,-8.1,-309.8,3.0
6.0,1175.239739,245.83,-1.32,-79.42,6.83,-7.26,-7.0,1,2895,-11.5,-324.6,1.1
6.0,1175.249739,246.45,-1.6,-82.04,7.04,-3.91,-8.0,1,2776,-4.0,-246.9,-1.4
6.0,1175.259740,246.45,-1.8,-82.34,7.29,0.0,-8.25,1,2640,-2.5,-107.8,5.8
6.0,1175.269739,246.45,-1.99,-81.03,7.48,3.91,-7.75,1,2511,-2.1,-8.6,0.1
6.0,1175.279739,245.04,-1.39,-80.14,6.88,7.26,-6.25,1,2384,0.2,-9.9,-1.2
6.0,1175.289740,242.93,-1.23,-79.16,6.78,9.6,-3.75,1,2256,3.8,99.5,2.0
6.0,1175.299740,240.21,-0.96,-76.1,6.6,10.59,-1.0,1,3146,6.2,197.4,-1.0
6.0,1175.309740,236.87,-0.46,-72.42,6.2,10.09,2.25,1,3017,8.9,270.1,-2.9
6.0,1175.319740,234.23,-0.14,-68.46,5.98,8.18,5.25,1,2900,8.5,322.8,-3.0
6.0,1175.329740,232.47,-0.03,-64.73,5.94,5.11,7.0,1,2771,8.4,320.3,-0.4
6.0,1175.339740,231.86,-0.04,-62.65,6.05,1.33,7.5,1,2643,7.8,211.0,2.5
6.0,1175.349740,231.94,-0.04,-62.89,6.02,-2.64,7.25,1,2516,-0.8,85.5,-3.9
6.0,1175.359740,232.91,0.0,-64.11,5.89,-6.24,5.75,1,2380,0.8,3.1,1.0
6.0,1175.369740,234.76,-0.09,-65.38,5.99,-8.96,3.75,1,2261,-2.3,-44.6,-0.4
6.0,1175.379740,237.22,-0.16,-67.79,5.97,-10.42,1.25,1,3150,-5.2,-193.2,0.4
6.0,1175.389740,240.21,-0.4,-71.61,6.12,-10.42,-1.75,1,3022,-6.5,-233.3,2.9
6.0,1175.399740,242.93,-0.75,-74.93,6.41,-8.96,-4.75,1,2904,-7.7,-291.3,2.7
6.0,1175.409739,245.13,-1.15,-78.59,6.7,-6.24,-6.25,1,2777,-10.7,-308.5,1.1
6.0,1175.419739,245.39,-1.34,-81.15,6.8,-2.64,-7.0,1,2640,-5.5,-238.5,-2.1
6.0,1175.429740,245.39,-1.5,-81.3,7.0,1.33,-7.25,1,2512,-0.1,-84.4,6.5
6.0,1175.439739,245.3,-1.69,-79.82,7.23,5.11,-6.5,1,2384,-2.6,-6.2,-0.3
6.0,1175.449740,243.9,-1.13,-79.18,6.65,8.18,-4.75,1,2257,0.5,-14.4,-2.1
6.0,1175.459740,241.7,-1.03,-78.01,6.62,10.09,-2.75,1,3146,4.8,125.6,3.9
6.0,1175.469740,238.97,-0.81,-74.58,6.5,10.59,0.25,1,3018,5.3,203.1,-3.2
6.0,1175.479740,236.6,-0.29,-71.11,6.05,9.6,2.75,1,2908,8.6,269.7,-2.2
6.0,1175.489740,235.11,-0.17,-67.57,6.05,7.26,4.25,1,2780,8.9,287.3,0.4
6.0,1175.499740,234.67,-0.2,-65.6,6.15,3.91,4.75,1,2644,6.7,179.7,2.5
6.0,1175.509740,234.84,-0.2,-65.96,6.11,0.0,4.0,1,2516,-1.3,71.0,-3.6
6.0,1175.519740,235.9,-0.15,-67.07,5.97,-3.91,2.75,1,2380,-0.1,-1.5,0.6
6.0,1175.529740,237.83,-0.26,-68.65,6.08,-7.26,0.5,1,2262,-2.5,-85.7,-0.2
6.0,1175.539740,240.38,-0.38,-71.3,6.13,-9.6,-2.25,1,3151,-4.7,-180.5,1.1
6.0,1175.549740,243.37,-0.68,-74.71,6.35,-10.59,-5.25,1,3023,-6.7,-246.3,2.3
6.0,1175.559740,246.18,-1.2,-78.35,6.77,-10.09,-8.0,1,2904,-8.5,-298.8,3.1
6.0,1175.569740,248.03,-1.97,-81.95,7.43,-8.18,-9.75,1,2777,-10.5,-307.3,0.9
6.0,1175.579739,248.73,-2.43,-84.23,7.83,-5.11,-10.0,1,2641,-4.8,-219.4,-1.7
6.0,1175.589740,248.38,-2.68,-84.54,8.11,-1.33,-9.5,1,2514,-2.2,-118.5,4.6
6.0,1175.599739,246.97,-2.74,-83.23,8.21,2.64,-8.0,1,2385,0.8,29.8,1.1
6.0,1175.609739,244.86,-1.74,-80.6,7.28,6.24,-5.75,1,2266,4.5,114.7,1.1
6.0,1175.619740,242.23,-1.13,-77.81,6.75,8.96,-3.25,1,3146,5.2,194.3,-2.6
6.0,1175.629740,238.97,-0.63,-74.5,6.31,10.42,0.25,1,3019,6.8,251.8,-1.4
6.0,1175.639740,235.72,-0.34,-70.78,6.11,10.42,3.5,1,2909,8.7,314.4,-3.5
6.0,1175.649740,233.44,-0.07,-66.66,5.95,8.96,6.25,1,2780,9.5,349.0,-2.3
6.0,1175.659739,231.94,-0.01,-63.49,6.01,6.24,7.5,1,2644,11.1,283.3,2.2
6.0,1175.669740,231.68,-0.02,-62.43,6.04,2.64,7.75,1,2517,0.7,171.6,-3.0
6.0,1175.679740,231.77,0.0,-63.02,5.92,-1.33,7.0,1,2381,2.2,52.8,0.5
6.0,1175.689739,233.0,-0.03,-64.27,5.98,-5.11,5.75,1,2262,-0.8,-6.2,-1.0
6.0,1175.699740,235.02,-0.07,-65.72,5.95,-8.18,3.5,1,3151,-2.7,-85.9,0.6
6.0,1175.709740,237.48,-0.2,-68.39,6.01,-10.09,0.75,1,3023,-5.5,-187.8,0.6
6.0,1175.719740,240.64,-0.43,-71.96,6.15,-10.59,-2.5,1,2905,-6.9,-254.6,3.1
6.0,1175.729740,243.63,-0.83,-75.64,6.48,-9.6,-5.25,1,2777,-7.6,-301.6,2.9
6.0,1175.739739,245.57,-1.28,-79.32,6.81,-7.26,-6.75,1,2640,-11.4,-320.5,1.1
6.0,1175.749740,246.18,-1.56,-82.0,7.02,-3.91,-7.5,1,2513,-4.0,-248.7,-1.6
6.0,1175.759740,245.65,-1.69,-82.19,7.18,-0.0,-6.75,1,2385,-3.5,-90.9,5.1
6.0,1175.769740,244.51,-1.75,-80.43,7.26,3.91,-5.5,1,2266,1.0,18.1,0.1
6.0,1175.779739,242.49,-1.17,-78.27,6.76,7.26,-3.5,1,3147,3.4,107.1,1.4
6.0,1175.789740,239.85,-0.82,-75.49,6.48,9.6,-0.75,1,3019,6.3,188.9,-2.3
6.0,1175.799740,236.69,-0.38,-72.16,6.14,10.59,2.5,1,2910,7.3,251.1,-2.1
6.0,1175.809740,233.96,-0.16,-68.41,6.0,10.09,5.5,1,2772,8.4,313.4,-2.7
6.0,1175.819740,232.21,-0.01,-64.59,5.95,8.18,7.25,1,2645,8.8,319.0,-0.6
6.0,1175.829739,231.59,-0.02,-62.44,6.04,5.11,7.75,1,2517,8.1,210.1,2.6
6.0,1175.839740,231.5,-0.01,-62.55,6.02,1.33,7.5,1,2381,-0.6,98.0,-4.1
6.0,1175.849740,232.38,0.03,-63.57,5.89,-2.64,6.5,1,2289,0.9,9.8,1.5
6.0,1175.859739,234.05,-0.06,-64.81,5.99,-6.24,4.5,1,3150,-1.9,-35.2,-1.1
6.0,1175.869740,236.51,-0.12,-67.08,5.96,-8.96,2.0,1,3024,-5.2,-182.5,1.4
6.0,1175.879740,239.33,-0.35,-70.76,6.12,-10.42,-1.0,1,2905,-5.9,-219.9,1.9
6.0,1175.889740,242.67,-0.63,-73.95,6.32,-10.42,-4.5,1,2778,-7.4,-282.2,3.2
6.0,1175.899740,245.48,-1.1,-77.81,6.7,-8.96,-7.5,1,2642,-8.1,-323.1,2.6
6.0,1175.909739,247.5,-1.74,-81.48,7.23,-6.24,-9.25,1,2513,-11.8,-326.0,1.4
6.0,1175.919740,248.38,-2.28,-83.89,7.68,-2.64,-9.75,1,2386,-4.8,-238.3,-1.6
6.0,1175.929740,248.12,-2.62,-84.43,8.07,1.33,-9.25,1,2284,-2.6,-141.5,5.3
6.0,1175.939739,246.71,-2.72,-83.23,8.2,5.11,-7.75,1,3148,0.2,22.6,0.4
6.0,1175.949740,244.69,-1.66,-80.47,7.2,8.18,-5.5,1,3020,4.4,112.7,1.8
6.0,1175.959740,241.88,-1.13,-77.56,6.76,10.09,-2.75,1,2909,5.1,201.0,-2.5
6.0,1175.969740,238.71,-0.58,-74.12,6.28,10.59,0.5,1,2774,7.9,255.8,-1.8
6.0,1175.979740,235.9,-0.3,-70.43,6.1,9.6,3.5,1,2645,8.3,313.7,-3.0
6.0,1175.989739,234.05,-0.11,-66.55,6.0,7.26,5.25,1,2518,9.2,330.4,-0.9
6.0,1175.999740,233.44,-0.11,-64.22,6.12,3.91,6.0,1,2381,10.0,216.9,3.6
6.0,1176.009740,233.44,-0.12,-64.39,6.1,-0.0,5.75,1,2289,-2.2,96.1,-5.2
6.0,1176.019740,234.14,-0.06,-65.53,5.92,-3.91,4.5,1,3152,0.5,7.0,1.3
6.0,1176.029739,235.9,-0.18,-66.72,6.05,-7.26,2.5,1,3024,-2.1,-29.6,-1.0
6.0,1176.039740,238.27,-0.23,-68.91,6.04,-9.6,0.25,1,2906,-4.0,-182.5,1.2
6.0,1176.049740,241.17,-0.49,-72.61,6.22,-10.59,-2.75,1,2770,-6.4,-216.9,2.2
6.0,1176.059740,243.81,-0.83,-75.79,6.48,-10.09,-5.5,1,2643,-7.1,-284.2,2.7
6.0,1176.069740,245.74,-1.28,-79.47,6.83,-8.18,-7.25,1,2514,-10.9,-299.8,0.5
6.0,1176.079739,246.27,-1.55,-81.93,7.01,-5.11,-7.5,1,2386,-4.1,-230.6,-0.9
6.0,1176.089740,245.83,-1.73,-82.12,7.22,-1.33,-7.0,1,2285,-3.5,-88.4,4.4
6.0,1176.099740,244.6,-1.75,-80.5,7.27,2.64,-5.5,1,3148,1.3,20.3,0.5
6.0,1176.109739,242.49,-1.2,-78.3,6.8,6.24,-3.5,1,3029,3.7,111.4,1.2
6.0,1176.119740,239.85,-0.81,-75.49,6.48,8.96,-0.75,1,2909,6.2,189.6,-2.6
6.0,1176.129740,236.69,-0.39,-72.2,6.15,10.42,2.5,1,2773,7.0,250.7,-1.8
6.0,1176.139740,233.61,-0.17,-68.46,6.01,10.42,5.75,1,2646,8.5,313.3,-3.0
6.0,1176.149740,231.15,0.03,-64.48,5.91,8.96,8.25,1,2518,9.1,335.3,-2.0
6.0,1176.159739,229.92,0.08,-61.51,5.97,6.24,9.5,1,2382,9.5,275.1,1.6
6.0,1176.169740,229.57,0.07,-60.43,6.0,2.64,9.75,1,2289,1.9,168.6,-2.4
6.0,1176.179740,229.57,0.1,-60.93,5.9,-1.33,9.0,1,3152,1.3,56.5,-0.1
6.0,1176.189739,231.06,0.07,-62.12,5.91,-5.11,7.5,1,3025,-0.7,-7.4,-1.0
6.0,1176.199740,233.17,0.04,-63.81,5.89,-8.18,5.25,1,2905,-3.2,-105.0,0.2
6.0,1176.209740,235.63,-0.11,-66.76,5.97,-10.09,2.75,1,2769,-5.4,-197.1,2.3
6.0,1176.219740,238.8,-0.33,-70.2,6.11,-10.59,-0.75,1,2641,-7.0,-251.9,2.1
6.0,1176.229740,241.88,-0.61,-73.82,6.31,-9.6,-3.5,1,2514,-7.4,-307.2,3.5
6.0,1176.239739,244.07,-0.99,-77.61,6.58,-7.26,-5.25,1,2387,-10.9,-322.9,0.5
6.0,1176.249740,244.69,-1.1,-80.39,6.6,-3.91,-5.75,1,2285,-5.3,-262.6,-1.8
6.0,1176.259740,244.16,-1.32,-80.75,6.86,0.0,-5.25,1,3148,-2.3,-95.9,6.5
6.0,1176.269740,242.84,-1.46,-78.85,7.04,3.91,-3.75,1,3029,0.9,22.3,-0.2
6.0,1176.279739,241.0,-0.87,-76.58,6.51,7.26,-1.75,1,2910,3.9,109.6,0.4
6.0,1176.289740,238.27,-0.6,-73.83,6.32,9.6,0.75,1,2774,5.7,187.4,-1.8
6.0,1176.299740,235.2,-0.27,-70.54,6.08,10.59,4.0,1,2646,7.7,251.7,-2.4
6.0,1176.309740,232.56,-0.05,-66.87,5.95,10.09,7.0,1,2518,7.7,303.0,-2.8
6.0,1176.319740,230.8,0.04,-63.26,5.93,8.18,8.75,1,2383,7.4,309.7,0.2
6.0,1176.329740,230.19,0.03,-61.13,6.02,5.11,9.25,1,2290,7.7,206.0,1.5
6.0,1176.339740,230.27,0.06,-61.3,5.99,1.33,8.75,1,3153,-0.1,86.3,-2.8
6.0,1176.349740,231.33,0.07,-62.45,5.9,-2.64,7.5,1,3025,0.3,5.5,0.6
6.0,1176.359740,233.09,-0.02,-63.86,5.96,-6.24,5.5,1,2905,-2.8,-60.3,-0.1
6.0,1176.369740,235.46,-0.09,-66.26,5.96,-8.96,2.75,1,2771,-4.0,-174.6,0.8
6.0,1176.379740,238.54,-0.26,-69.69,6.06,-10.42,-0.25,1,2642,-6.5,-228.3,2.3
6.0,1176.389740,241.79,-0.56,-73.16,6.28,-10.42,-3.75,1,2514,-7.8,-293.5,3.1
6.0,1176.399740,244.86,-0.99,-77.14,6.61,-8.96,-6.75,1,2387,-8.3,-332.6,2.9
6.0,1176.409739,247.06,-1.57,-80.92,7.09,-6.24,-8.5,1,2286,-11.2,-338.9,1.2
6.0,1176.419740,247.94,-2.04,-83.55,7.48,-2.64,-9.25,1,3149,-5.3,-256.9,-1.5
6.0,1176.429740,247.59,-2.41,-83.98,7.87,1.33,-8.75,1,3030,-3.3,-125.1,5.9
6.0,1176.439739,246.36,-2.55,-82.6,8.04,5.11,-7.5,1,2911,0.3,6.2,0.8
6.0,1176.449740,244.51,-1.59,-80.29,7.14,8.18,-5.5,1,2774,3.6,100.2,0.4
6.0,1176.459740,241.96,-1.07,-77.51,6.7,10.09,-2.75,1,2647,4.8,183.8,-1.4
6.0,1176.469740,238.71,-0.61,-74.21,6.32,10.59,0.5,1,2519,8.3,247.2,-2.2
6.0,1176.479740,236.16,-0.29,-70.55,6.1,9.6,3.25,1,2383,8.2,302.0,-2.8
6.0,1176.489740,234.23,-0.12,-66.79,6.02,7.26,5.25,1,2282,8.5,321.3,-0.6
6.0,1176.499740,233.61,-0.13,-64.49,6.14,3.91,5.75,1,3154,9.5,211.3,3.3
6.0,1176.509740,233.53,-0.13,-64.65,6.12,0.0,5.5,1,3026,-1.8,93.6,-4.7
6.0,1176.519740,234.32,-0.07,-65.76,5.94,-3.91,4.25,1,2906,0.2,6.5,1.1
6.0,1176.529740,236.07,-0.18,-66.92,6.06,-7.26,2.5,1,2770,-1.5,-28.0,-1.1
6.0,1176.539740,238.45,-0.22,-68.99,6.04,-9.6,-0.0,1,2643,-4.1,-173.2,1.4
6.0,1176.549740,241.26,-0.5,-72.69,6.25,-10.59,-3.0,1,2515,-6.3,-224.3,2.2
6.0,1176.559740,243.9,-0.85,-76.0,6.51,-10.09,-5.75,1,2388,-7.3,-280.4,2.5
6.0,1176.569740,245.92,-1.29,-79.54,6.84,-8.18,-7.25,1,2287,-11.0,-297.9,0.4
6.0,1176.579739,246.27,-1.58,-81.97,7.05,-5.11,-7.75,1,3150,-4.0,-225.4,-0.6
6.0,1176.589740,246.01,-1.77,-82.17,7.28,-1.33,-7.25,1,3030,-3.5,-92.1,4.3
6.0,1176.599740,244.78,-1.76,-80.65,7.29,2.64,-5.75,1,2912,1.8,18.5,0.2
6.0,1176.609739,242.58,-1.2,-78.4,6.81,6.24,-3.5,1,2774,3.5,114.5,1.5
6.0,1176.619740,240.03,-0.84,-75.56,6.52,8.96,-0.75,1,2647,6.4,188.4,-2.5
6.0,1176.629740,236.69,-0.4,-72.3,6.17,10.42,2.25,1,2520,6.6,252.2,-1.9
6.0,1176.639740,233.61,-0.18,-68.53,6.03,10.42,5.75,1,2383,8.8,313.2,-2.9
6.0,1176.649740,231.33,0.03,-64.58,5.93,8.96,8.25,1,2282,9.1,334.2,-2.2
6.0,1176.659740,229.92,0.08,-61.62,5.98,6.24,9.25,1,3154,9.4,275.0,1.7
6.0,1176.669740,229.57,0.07,-60.54,6.01,2.64,9.75,1,3026,1.8,167.2,-2.5
6.0,1176.679740,229.75,0.09,-61.04,5.91,-1.33,8.75,1,2907,1.5,58.2,-0.0
6.0,1176.689740,231.33,0.07,-62.2,5.93,-5.11,7.5,1,2770,-0.7,-7.6,-1.1
6.0,1176.699740,233.35,0.03,-63.98,5.91,-8.18,5.25,1,2643,-3.4,-111.6,0.4
6.0,1176.709740,235.99,-0.12,-66.92,5.99,-10.09,2.5,1,2516,-5.3,-189.9,2.0
6.0,1176.719740,239.15,-0.33,-70.25,6.12,-10.59,-0.75,1,2388,-7.1,-254.7,2.2
6.0,1176.729740,242.05,-0.64,-74.02,6.34,-9.6,-3.75,1,2287,-7.5,-312.0,3.6
6.0,1176.739739,244.34,-1.02,-77.87,6.62,-7.26,-5.5,1,3150,-10.6,-328.3,0.4
6.0,1176.749740,244.78,-1.14,-80.68,6.65,-3.91,-6.0,1,3030,-6.2,-263.8,-1.6
6.0,1176.759740,244.42,-1.41,-81.04,6.94,-0.0,-5.5,1,2913,-2.0,-100.7,6.4
6.0,1176.769740,243.11,-1.53,-79.19,7.12,3.91,-4.25,1,2776,0.8,21.6,0.2
6.0,1176.779739,241.17,-0.94,-76.88,6.58,7.26,-2.0,1,2647,3.9,108.5,0.3
6.0,1176.789740,238.54,-0.62,-74.11,6.35,9.6,0.75,1,2520,6.0,191.0,-2.0
6.0,1176.799740,235.37,-0.29,-70.78,6.1,10.59,3.75,1,2384,6.8,249.8,-2.2
6.0,1176.809740,232.82,-0.08,-67.13,5.97,10.09,6.75,1,2283,8.2,306.8,-2.9
6.0,1176.819740,231.06,0.04,-63.48,5.95,8.18,8.25,1,3154,8.2,307.9,0.3
6.0,1176.829740,230.01,0.02,-61.43,6.04,5.11,9.25,1,3026,7.0,203.5,1.3
6.0,1176.839740,229.75,0.07,-61.41,5.97,1.33,9.75,1,2907,-0.2,106.4,-4.3
6.0,1176.849740,229.83,0.13,-61.79,5.84,-2.64,9.0,1,2771,2.3,59.3,0.3
6.0,1176.859740,231.06,0.06,-62.29,5.94,-6.24,7.75,1,2643,-0.6,-2.7,0.4
6.0,1176.869740,232.91,0.01,-63.72,5.94,-8.96,5.5,1,2516,-3.0,-80.8,-0.0
6.0,1176.879740,235.55,-0.08,-66.38,5.96,-10.42,2.75,1,2380,-4.3,-187.8,1.8
6.0,1176.889740,238.62,-0.29,-69.88,6.1,-10.42,-0.25,1,2287,-7.2,-242.9,2.5
6.0,1176.899740,241.44,-0.59,-73.45,6.3,-8.96,-3.25,1,3150,-7.4,-301.8,3.1
6.0,1176.909739,243.63,-0.92,-77.25,6.54,-6.24,-4.75,1,3031,-10.3,-321.0,0.8
6.0,1176.919740,244.16,-1.03,-79.99,6.57,-2.64,-5.25,1,2913,-4.8,-255.1,-1.6
6.0,1176.929740,243.72,-1.15,-80.14,6.73,1.33,-4.75,1,2777,-2.1,-81.1,5.4
6.0,1176.939739,242.4,-1.3,-78.2,6.92,5.11,-3.25,1,2648,0.6,20.5,0.9
6.0,1176.949740,240.47,-0.84,-76.09,6.51,8.18,-1.25,1,2521,3.6,109.5,-0.4
6.0,1176.959740,237.74,-0.52,-73.39,6.27,10.09,1.25,1,2385,6.1,181.4,-1.4
6.0,1176.969740,234.67,-0.27,-70.14,6.09,10.59,4.5,1,2283,6.1,252.8,-2.0
6.0,1176.979740,232.12,-0.04,-66.39,5.95,9.6,7.5,1,3155,9.2,304.0,-3.2
6.0,1176.989740,230.36,0.09,-62.8,5.92,7.26,9.0,1,3027,7.6,307.9,0.1
6.0,1176.999740,229.83,0.05,-60.73,6.03,3.91,9.5,1,2907,7.6,202.7,2.2
6.0,1177.009740,229.92,0.07,-60.92,6.0,-0.0,9.0,1,2772,-0.8,86.2,-3.5
6.0,1177.019740,230.89,0.09,-62.05,5.89,-3.91,7.75,1,2644,0.6,4.1,0.8
6.0,1177.029740,232.73,0.01,-63.54,5.96,-7.26,5.75,1,2516,-3.3,-67.6,-0.3
6.0,1177.039740,235.2,-0.07,-66.05,5.97,-9.6,3.25,1,2389,-3.6,-178.5,1.3
6.0,1177.049740,238.18,-0.24,-69.44,6.07,-10.59,0.25,1,3278,-6.7,-228.7,1.9
6.0,1177.059740,241.52,-0.53,-72.89,6.26,-10.09,-3.5,1,3151,-7.9,-294.8,3.4
6.0,1177.069740,244.69,-0.98,-76.93,6.63,-8.18,-6.5,1,3032,-8.4,-337.8,3.0
6.0,1177.079739,246.88,-1.53,-80.79,7.07,-5.11,-8.25,1,2913,-11.4,-342.7,0.9
6.0,1177.089740,247.5,-1.96,-83.48,7.42,-1.33,-8.75,1,2777,-5.5,-264.3,-1.3
6.0,1177.099740,247.15,-2.28,-83.7,7.76,2.64,-8.25,1,2650,-3.1,-99.9,5.8
6.0,1177.109739,245.74,-2.26,-81.94,7.78,6.24,-7.0,1,2512,0.8,10.8,0.4
6.0,1177.119740,243.81,-1.44,-79.72,7.03,8.96,-4.75,1,2385,4.2,112.0,1.0
6.0,1177.129740,241.17,-0.99,-76.85,6.66,10.42,-2.0,1,3283,5.5,185.4,-1.8
6.0,1177.139740,237.92,-0.54,-73.56,6.29,10.42,1.25,1,3155,6.8,256.3,-2.0
6.0,1177.149740,235.37,-0.25,-69.72,6.09,8.96,4.25,1,3028,8.8,312.8,-3.1
6.0,1177.159740,233.61,-0.06,-65.96,6.01,6.24,5.75,1,2908,10.0,319.6,-0.5
6.0,1177.169740,233.09,-0.09,-63.85,6.14,2.64,6.25,1,2772,8.3,204.5,3.7
6.0,1177.179740,232.91,-0.09,-64.09,6.1,-1.33,6.0,1,2644,-1.9,91.4,-5.8
6.0,1177.189740,233.88,-0.02,-65.16,5.92,-5.11,4.75,1,2508,0.3,5.7,1.9
6.0,1177.199740,235.81,-0.18,-66.63,6.08,-8.18,2.5,1,2390,-3.2,-60.6,-1.1
6.0,1177.209740,238.54,-0.23,-69.07,6.05,-10.09,-0.0,1,3279,-3.5,-177.9,1.5
6.0,1177.219740,241.35,-0.49,-72.72,6.25,-10.59,-3.25,1,3151,-7.1,-247.5,2.1
6.0,1177.229740,243.98,-0.88,-76.32,6.55,-9.6,-6.0,1,3032,-7.5,-290.8,3.1
6.0,1177.239739,246.18,-1.35,-79.82,6.91,-7.26,-7.5,1,2914,-11.0,-306.9,0.2
6.0,1177.249740,246.71,-1.64,-82.36,7.12,-3.91,-8.25,1,2778,-4.6,-237.5,-0.6
6.0,1177.259740,246.71,-1.94,-82.58,7.47,0.0,-8.5,1,2650,-1.6,-91.8,5.3
6.0,1177.269740,246.71,-2.0,-81.17,7.55,3.91,-7.75,1,2513,-1.7,-4.4,0.3
6.0,1177.279739,245.21,-1.45,-80.41,6.99,7.26,-6.25,1,2386,0.1,-11.0,-1.3
6.0,1177.289740,242.93,-1.25,-79.31,6.85,9.6,-3.75,1,3275,4.5,116.0,2.1
6.0,1177.299740,240.12,-0.94,-76.02,6.63,10.59,-1.0,1,3156,5.5,203.0,-1.5
6.0,1177.309740,236.69,-0.44,-72.41,6.22,10.09,2.25,1,3028,9.2,274.1,-2.8
6.0,1177.319740,234.14,-0.14,-68.43,6.03,8.18,5.25,1,2910,8.5,326.5,-2.9
6.0,1177.329740,232.21,-0.02,-64.66,5.99,5.11,7.25,1,2772,8.5,324.4,-0.6
6.0,1177.339740,231.86,-0.03,-62.55,6.09,1.33,7.75,1,2645,8.2,213.7,2.6
6.0,1177.349740,231.77,-0.02,-62.74,6.07,-2.64,7.25,1,2517,-0.6,90.8,-4.1
6.0,1177.359740,232.65,0.02,-63.91,5.93,-6.24,6.0,1,2390,0.8,6.7,1.2
6.0,1177.369740,234.49,-0.08,-65.25,6.03,-8.96,4.0,1,3279,-2.3,-50.0,-0.7
6.0,1177.379740,237.04,-0.14,-67.61,6.01,-10.42,1.25,1,3152,-5.2,-179.3,0.7
6.0,1177.389740,239.94,-0.38,-71.32,6.16,-10.42,-1.75,1,3032,-6.5,-241.4,2.5
6.0,1177.399740,242.93,-0.72,-74.83,6.43,-8.96,-4.5,1,2914,-7.6,-288.7,3.0
6.0,1177.409739,244.86,-1.13,-78.44,6.72,-6.24,-6.0,1,2778,-10.5,-314.0,0.9
6.0,1177.419740,245.3,-1.29,-81.15,6.8,-2.64,-6.75,1,2651,-5.9,-245.7,-2.2
6.0,1177.429740,245.39,-1.49,-81.3,7.04,1.33,-7.25,1,2513,-0.2,-83.7,6.9
6.0,1177.439739,245.3,-1.7,-79.84,7.29,5.11,-6.5,1,2386,-2.5,-16.1,-0.4
6.0,1177.449740,243.9,-1.11,-79.27,6.67,8.18,-4.75,1,3275,0.5,-10.3,-2.3
6.0,1177.459740,241.7,-1.03,-77.98,6.67,10.09,-2.75,1,3156,5.0,123.3,4.7
6.0,1177.469740,238.97,-0.83,-74.65,6.56,10.59,0.25,1,3028,4.9,199.8,-3.8
6.0,1177.479740,236.6,-0.28,-71.23,6.08,9.6,2.75,1,2910,8.5,266.0,-1.9
6.0,1177.489740,235.11,-0.18,-67.72,6.1,7.26,4.25,1,2773,8.8,284.6,0.4
6.0,1177.499740,234.76,-0.2,-65.73,6.2,3.91,4.5,1,2645,6.9,179.9,2.7
6.0,1177.509740,234.76,-0.2,-66.09,6.17,0.0,4.0,1,2518,-1.5,69.6,-3.7
6.0,1177.519740,236.07,-0.15,-67.21,6.01,-3.91,2.5,1,2390,-0.2,-1.8,0.5
6.0,1177.529740,238.1,-0.27,-68.8,6.13,-7.26,0.5,1,3280,-2.5,-88.2,-0.1
6.0,1177.539740,240.56,-0.39,-71.47,6.18,-9.6,-2.25,1,3152,-4.8,-180.1,1.3
6.0,1177.549740,243.54,-0.69,-74.87,6.41,-10.59,-5.5,1,3033,-6.5,-247.8,2.3
6.0,1177.559740,246.18,-1.22,-78.52,6.84,-10.09,-8.25,1,2915,-8.5,-298.0,3.1
6.0,1177.569740,248.12,-2.03,-82.12,7.53,-8.18,-9.75,1,2778,-10.8,-309.6,1.0
6.0,1177.579739,248.82,-2.53,-84.41,7.96,-5.11,-10.25,1,2651,-4.6,-217.0,-1.8
6.0,1177.589740,248.47,-2.82,-84.77,8.3,-1.33,-9.75,1,2515,-2.4,-129.0,4.8
6.0,1177.599752,247.24,-2.96,-83.6,8.48,2.64,-8.25,1,2399,0.9,29.2,1.5
6.0,1177.609752,245.13,-1.84,-80.91,7.42,6.24,-6.25,1,3288,4.2,110.5,0.6
6.0,1177.619753,242.4,-1.19,-78.2,6.84,8.96,-3.25,1,3171,4.6,190.2,-2.0
6.0,1177.629753,239.24,-0.69,-74.88,6.4,10.42,-0.25,1,3043,7.3,252.2,-1.7
6.0,1177.639752,235.63,-0.35,-71.15,6.17,10.42,3.5,1,2924,8.8,311.6,-3.4
6.0,1177.649752,232.73,-0.06,-66.95,5.98,8.96,6.75,1,2786,9.8,360.1,-3.5
6.0,1177.659753,230.71,0.06,-62.98,5.97,6.24,8.75,1,2660,9.9,348.6,-0.0
6.0,1177.669753,229.92,0.05,-60.74,6.06,2.64,9.5,1,2533,7.0,235.4,0.9
6.0,1177.679752,229.83,0.07,-60.72,6.01,-1.33,9.25,1,2404,0.9,115.5,-3.1
6.0,1177.689752,230.71,0.09,-61.78,5.93,-5.11,8.25,1,3293,1.0,13.7,0.8
6.0,1177.699753,232.47,0.03,-63.11,5.97,-8.18,6.25,1,3167,-1.9,-31.0,-1.3
6.0,1177.709753,234.84,-0.02,-65.38,5.96,-10.09,3.75,1,3047,-4.1,-181.9,1.6
6.0,1177.719752,237.83,-0.24,-69.15,6.09,-10.59,0.5,1,2928,-7.4,-226.3,1.7
6.0,1177.729752,240.64,-0.5,-72.46,6.25,-9.6,-2.25,1,2792,-7.3,-286.9,3.3
6.0,1177.739753,242.75,-0.79,-76.17,6.46,-7.26,-3.75,1,2665,-8.8,-309.7,0.4
6.0,1177.749753,243.19,-0.81,-78.84,6.41,-3.91,-4.25,1,2529,-5.6,-244.6,-1.8
6.0,1177.759756,242.67,-0.98,-79.05,6.58,-0.0,-3.75,1,2404,-3.5,-86.3,5.6
6.0,1177.769752,241.44,-1.12,-77.28,6.77,3.91,-2.25,1,3289,1.9,19.1,-0.1
6.0,1177.779752,239.33,-0.66,-75.09,6.39,7.26,-0.25,1,3170,4.4,113.5,0.4
6.0,1177.789753,236.6,-0.47,-72.31,6.26,9.6,2.5,1,3043,4.0,184.3,-1.1
6.0,1177.799753,233.61,-0.19,-69.03,6.05,10.59,5.75,1,2925,8.2,256.8,-3.1
6.0,1177.809752,230.98,0.04,-65.28,5.93,10.09,8.5,1,2787,8.1,302.9,-1.9
6.0,1177.819752,229.31,0.11,-61.76,5.95,8.18,10.25,1,2659,8.6,305.2,-0.3
6.0,1177.829753,228.69,0.11,-59.66,6.03,5.11,10.75,1,2524,6.8,207.7,2.2
6.0,1177.839753,228.78,0.12,-59.77,6.0,1.33,10.25,1,2406,-0.3,87.1,-4.0
6.0,1177.849752,229.92,0.15,-60.94,5.88,-2.64,8.75,1,3294,0.2,3.5,1.1
6.0,1177.859752,231.94,0.05,-62.54,5.97,-6.24,6.75,1,3165,-2.7,-76.3,-0.3
6.0,1177.869753,234.49,-0.01,-65.18,5.95,-8.96,4.25,1,3048,-4.7,-183.7,1.2
6.0,1177.879753,237.48,-0.2,-68.71,6.06,-10.42,0.75,1,2929,-7.1,-245.6,2.5
6.0,1177.889752,240.91,-0.49,-72.23,6.26,-10.42,-2.75,1,2793,-7.6,-290.6,3.3
6.0,1177.899752,244.07,-0.86,-76.09,6.56,-8.96,-5.75,1,2665,-8.5,-340.7,3.2
6.0,1177.909753,246.27,-1.41,-80.14,6.98,-6.24,-7.75,1,2529,-12.4,-355.0,1.1
6.0,1177.919753,247.06,-1.85,-83.03,7.34,-2.64,-8.25,1,2402,-4.6,-274.8,-1.1
6.0,1177.929752,246.71,-2.13,-83.36,7.65,1.33,-7.75,1,3289,-3.8,-113.2,5.5
6.0,1177.939752,245.48,-2.14,-81.65,7.69,5.11,-6.5,1,3171,0.8,9.3,0.4
6.0,1177.949753,243.63,-1.39,-79.4,7.01,8.18,-4.5,1,3043,3.6,103.1,1.2
6.0,1177.959753,240.91,-0.96,-76.63,6.65,10.09,-1.75,1,2924,5.5,182.9,-2.1
6.0,1177.969752,237.74,-0.49,-73.38,6.27,10.59,1.25,1,2789,8.1,245.7,-2.1
6.0,1177.979752,235.11,-0.23,-69.7,6.1,9.6,4.25,1,2660,7.4,305.1,-2.8
6.0,1177.989753,233.44,-0.07,-65.9,6.03,7.26,6.0,1,2525,9.7,320.3,-0.5
6.0,1177.999753,232.82,-0.08,-63.74,6.15,3.91,6.5,1,2406,8.3,201.3,3.3
6.0,1178.009754,232.82,-0.09,-64.03,6.12,-0.0,6.0,1,3296,-2.4,90.1,-5.1
6.0,1178.019752,233.79,-0.03,-65.09,5.94,-3.91,4.75,1,3167,0.8,5.3,1.5
6.0,1178.029752,235.72,-0.16,-66.56,6.09,-7.26,2.75,1,3047,-3.0,-62.1,-0.6
6.0,1178.039753,238.27,-0.23,-68.97,6.08,-9.6,0.25,1,2930,-3.7,-173.4,1.3
6.0,1178.049753,241.26,-0.47,-72.51,6.26,-10.59,-3.0,1,2794,-6.8,-242.8,2.1
6.0,1178.059752,243.98,-0.86,-76.13,6.55,-10.09,-5.75,1,2666,-7.3,-293.0,3.1
6.0,1178.069752,246.09,-1.34,-79.75,6.93,-8.18,-7.5,1,2528,-11.5,-311.5,0.3
6.0,1178.079753,246.71,-1.64,-82.3,7.14,-5.11,-7.75,1,2402,-4.2,-236.5,-0.6
6.0,1178.089753,246.27,-1.91,-82.6,7.44,-1.33,-7.25,1,3291,-3.8,-105.5,4.7
6.0,1178.099752,245.04,-1.93,-81.07,7.49,2.64,-6.0,1,3171,1.8,22.2,0.7
6.0,1178.109752,242.84,-1.25,-78.64,6.89,6.24,-3.75,1,3043,3.7,115.8,0.6
6.0,1178.119753,240.21,-0.85,-75.87,6.56,8.96,-1.0,1,2926,5.6,183.6,-2.0
6.0,1178.129753,236.95,-0.45,-72.61,6.24,10.42,2.25,1,2789,7.5,257.5,-2.1
6.0,1178.139752,233.88,-0.17,-68.74,6.07,10.42,5.5,1,2660,9.1,313.7,-3.2
6.0,1178.149752,231.42,0.03,-64.82,5.96,8.96,8.0,1,2533,8.7,335.7,-2.1
6.0,1178.159753,230.1,0.07,-61.79,6.02,6.24,9.25,1,2406,9.8,280.3,1.7
6.0,1178.169753,229.83,0.07,-60.68,6.05,2.64,9.5,1,3296,1.7,167.0,-2.5
6.0,1178.179752,229.83,0.09,-61.22,5.96,-1.33,8.75,1,3167,2.0,59.7,0.3
6.0,1178.189752,231.5,0.06,-62.37,5.98,-5.11,7.25,1,3047,-1.1,-8.3,-1.3
6.0,1178.199753,233.44,0.03,-64.21,5.95,-8.18,5.0,1,2929,-3.3,-115.6,0.5
6.0,1178.209753,236.07,-0.13,-67.19,6.03,-10.09,2.25,1,2793,-5.5,-191.1,1.9
6.0,1178.219752,239.33,-0.35,-70.48,6.17,-10.59,-1.0,1,2666,-7.0,-252.6,2.3
6.0,1178.229752,242.23,-0.64,-74.19,6.38,-9.6,-4.0,1,2529,-7.4,-310.0,3.3
6.0,1178.239753,244.51,-1.03,-78.06,6.67,-7.26,-5.75,1,2402,-10.7,-329.8,0.7
8.0,1180.259739,242.05,-0.62,-73.96,6.41,-3.83,-3.75,1,3160,-4.8,-198.1,1.6
8.0,1180.269739,243.81,-0.86,-76.91,6.58,0.0,-5.0,1,3050,-8.1,-226.3,-0.2
8.0,1180.279739,244.51,-0.94,-79.14,6.58,3.83,-5.5,1,2914,-4.2,-195.2,-1.5
8.0,1180.289740,243.98,-1.29,-79.81,6.94,6.72,-5.0,1,2786,-3.2,-97.8,7.0
8.0,1180.299740,242.49,-1.34,-78.67,7.02,7.94,-3.5,1,2649,1.3,16.7,-4.1
8.0,1180.309740,240.38,-0.7,-76.31,6.45,7.2,-1.25,1,2522,4.0,121.9,3.3
8.0,1180.319739,238.62,-0.66,-73.29,6.5,4.68,0.75,1,3411,5.8,196.6,-2.3
8.0,1180.329740,237.66,-0.31,-70.24,6.23,1.0,1.75,1,3283,7.0,229.7,0.1
8.0,1180.339739,237.66,-0.38,-68.67,6.39,-2.93,1.75,1,3164,7.5,124.6,4.5
8.0,1180.349740,237.83,-0.41,-69.49,6.39,-6.13,0.75,1,3046,-3.4,22.7,-5.1
8.0,1180.359740,239.41,-0.29,-70.65,6.14,-7.82,-1.25,1,2910,-0.6,-14.0,1.0
8.0,1180.369740,241.7,-0.52,-72.34,6.37,-7.57,-3.5,1,2782,-4.5,-131.9,0.2
8.0,1180.379739,243.63,-0.77,-75.61,6.53,-5.45,-5.5,1,2653,-5.2,-209.6,2.0
8.0,1180.389739,245.3,-1.15,-78.76,6.82,-1.98,-6.75,1,2518,-9.4,-237.0,-0.3
8.0,1180.399739,246.09,-1.28,-80.74,6.88,1.98,-7.5,1,3415,-2.5,-170.1,-0.8
8.0,1180.409739,245.92,-1.65,-81.26,7.29,5.45,-7.0,1,3288,-3.6,-119.5,6.2
8.0,1180.419740,244.69,-1.73,-80.85,7.35,7.57,-5.5,1,3160,-1.1,-9.4,-4.6
8.0,1180.429740,242.49,-1.04,-78.63,6.73,7.82,-3.25,1,3050,5.5,112.1,5.5
8.0,1180.439740,239.77,-0.98,-75.43,6.78,6.13,-0.75,1,2913,5.4,198.1,-3.1
8.0,1180.449739,237.66,-0.36,-72.03,6.22,2.93,1.75,1,2786,7.7,254.0,-2.6
8.0,1180.459740,236.43,-0.24,-68.77,6.22,-1.0,3.0,1,2649,9.6,270.5,1.6
8.0,1180.469739,236.16,-0.3,-67.03,6.36,-4.68,3.0,1,2522,5.3,157.8,2.0
8.0,1180.479740,236.25,-0.29,-67.73,6.28,-7.2,2.25,1,3411,-1.7,42.5,-3.6
8.0,1180.489740,238.1,-0.23,-68.96,6.14,-7.94,0.5,1,3284,-0.5,-7.7,0.2
8.0,1180.499740,240.03,-0.39,-70.73,6.28,-6.72,-1.75,1,3165,-4.7,-127.3,0.4
8.0,1180.509739,241.96,-0.62,-73.92,6.42,-3.83,-3.75,1,3046,-4.9,-199.3,1.6
8.0,1180.519740,243.81,-0.87,-76.9,6.59,0.0,-5.0,1,2910,-8.0,-225.3,-0.3
8.0,1180.529739,244.42,-0.94,-79.11,6.59,3.83,-5.5,1,2783,-4.2,-195.3,-1.4
8.0,1180.539740,243.9,-1.3,-79.82,6.96,6.72,-5.0,1,2655,-3.2,-100.9,7.0
8.0,1180.549740,242.58,-1.35,-78.7,7.04,7.94,-3.5,1,2526,1.5,17.8,-4.0
8.0,1180.559740,240.38,-0.7,-76.29,6.46,7.2,-1.25,1,3416,3.9,121.7,3.1
8.0,1180.569739,238.71,-0.66,-73.29,6.5,4.68,0.75,1,3288,5.9,196.4,-2.3
8.0,1180.579740,237.66,-0.31,-70.25,6.24,1.0,1.75,1,3161,7.0,229.3,0.1
8.0,1180.589739,237.66,-0.38,-68.68,6.4,-2.93,1.5,1,3051,7.3,124.2,4.5
8.0,1180.599740,237.83,-0.41,-69.51,6.4,-6.13,0.75,1,2913,-3.5,22.6,-5.0
8.0,1180.609740,239.5,-0.29,-70.67,6.15,-7.82,-1.25,1,2786,-0.7,-14.3,0.9
8.0,1180.619740,241.7,-0.52,-72.35,6.37,-7.57,-3.5,1,2650,-4.5,-131.6,0.3
8.0,1180.629739,243.81,-0.78,-75.62,6.54,-5.45,-5.5,1,2522,-5.2,-209.4,1.9
8.0,1180.639739,245.3,-1.16,-78.76,6.83,-1.98,-6.75,1,3412,-9.3,-236.7,-0.2
8.0,1180.649739,246.09,-1.29,-80.73,6.89,1.98,-7.5,1,3293,-2.5,-169.6,-0.8
8.0,1180.659739,245.83,-1.65,-81.25,7.3,5.45,-7.0,1,3166,-3.6,-119.4,6.2
8.0,1180.669740,244.6,-1.72,-80.86,7.35,7.57,-5.5,1,3047,-1.1,-10.6,-4.8
8.0,1180.679740,242.4,-1.04,-78.65,6.74,7.82,-3.25,1,2910,5.5,112.5,5.7
8.0,1180.689740,239.77,-0.99,-75.44,6.8,6.13,-0.75,1,2782,5.4,198.0,-3.1
8.0,1180.699739,237.66,-0.36,-72.04,6.23,2.93,1.75,1,2655,7.7,254.1,-2.7
8.0,1180.709740,236.43,-0.24,-68.77,6.23,-1.0,3.0,1,2518,9.6,271.0,1.6
8.0,1180.719739,236.16,-0.3,-67.02,6.37,-4.68,3.0,1,3416,5.3,157.8,2.1
8.0,1180.729740,236.25,-0.29,-67.73,6.29,-7.2,2.25,1,3289,-1.7,43.0,-3.6
8.0,1180.739740,237.92,-0.23,-68.95,6.14,-7.94,0.5,1,3161,-0.6,-7.9,0.2
8.0,1180.749740,240.03,-0.39,-70.73,6.28,-6.72,-1.75,1,3051,-4.7,-126.5,0.4
8.0,1180.759739,242.05,-0.62,-73.9,6.43,-3.83,-3.75,1,2915,-5.0,-198.8,1.6
8.0,1180.769740,243.72,-0.87,-76.88,6.6,-0.0,-4.75,1,2788,-8.0,-225.4,-0.3
8.0,1180.779739,244.42,-0.95,-79.1,6.6,3.83,-5.5,1,2651,-4.2,-195.3,-1.5
8.0,1180.789740,243.98,-1.3,-79.81,6.97,6.72,-5.0,1,2523,-3.2,-100.9,7.0
8.0,1180.799740,242.49,-1.36,-78.68,7.05,7.94,-3.5,1,3412,1.4,17.9,-4.0
8.0,1180.809740,240.38,-0.71,-76.28,6.47,7.2,-1.25,1,3285,3.8,121.3,3.1
8.0,1180.819739,238.62,-0.66,-73.29,6.51,4.68,0.75,1,3166,5.9,196.3,-2.3
8.0,1180.829740,237.66,-0.32,-70.25,6.25,1.0,1.75,1,3047,7.0,228.9,0.1
8.0,1180.839740,237.57,-0.38,-68.68,6.41,-2.93,1.5,1,2910,7.4,124.5,4.5
8.0,1180.849740,237.83,-0.41,-69.5,6.4,-6.13,0.75,1,2782,-3.5,22.5,-5.1
8.0,1180.859740,239.41,-0.29,-70.66,6.16,-7.82,-1.25,1,2655,-0.7,-14.2,1.0
8.0,1180.869740,241.7,-0.53,-72.34,6.38,-7.57,-3.5,1,2527,-4.5,-131.7,0.3
8.0,1180.879739,243.72,-0.78,-75.61,6.55,-5.45,-5.5,1,3416,-5.2,-209.4,1.9
8.0,1180.889740,245.3,-1.15,-78.76,6.83,-1.98,-6.75,1,3289,-9.3,-236.8,-0.3
8.0,1180.899740,246.09,-1.29,-80.73,6.9,1.98,-7.5,1,3162,-2.5,-169.8,-0.8
8.0,1180.909739,245.74,-1.66,-81.25,7.31,5.45,-7.0,1,3052,-3.6,-119.7,6.2
8.0,1180.919740,244.69,-1.73,-80.86,7.36,7.57,-5.5,1,2915,-1.1,-10.5,-4.8
8.0,1180.929740,242.49,-1.04,-78.65,6.74,7.82,-3.25,1,2788,5.4,112.3,5.6
8.0,1180.939740,239.77,-0.98,-75.44,6.8,6.13,-0.75,1,2651,5.4,197.9,-3.1
8.0,1180.949740,237.66,-0.36,-72.05,6.23,2.93,1.75,1,2523,7.6,253.9,-2.7
8.0,1180.959740,236.43,-0.24,-68.77,6.23,-1.0,3.0,1,3412,9.6,271.0,1.5
8.0,1180.969739,236.07,-0.3,-67.02,6.37,-4.68,3.0,1,3285,5.2,158.1,2.0
8.0,1180.979740,236.25,-0.29,-67.72,6.29,-7.2,2.25,1,3166,-1.6,43.1,-3.6
8.0,1180.989740,237.92,-0.23,-68.95,6.15,-7.94,0.5,1,3047,-0.5,-7.8,0.2
8.0,1180.999740,240.03,-0.39,-70.72,6.29,-6.72,-1.75,1,2910,-4.6,-126.4,0.4
8.0,1181.009739,242.14,-0.62,-73.9,6.43,-3.83,-3.75,1,2784,-4.9,-199.1,1.6
8.0,1181.019740,243.81,-0.87,-76.88,6.6,-0.0,-4.75,1,2655,-8.0,-225.4,-0.2
8.0,1181.029739,244.42,-0.95,-79.1,6.61,3.83,-5.5,1,2528,-4.2,-195.6,-1.5
8.0,1181.039740,243.98,-1.29,-79.79,6.97,6.72,-5.0,1,3417,-3.2,-98.5,7.0
8.0,1181.049740,242.49,-1.35,-78.66,7.05,7.94,-3.5,1,3289,1.3,15.8,-4.1
8.0,1181.059740,240.38,-0.71,-76.31,6.48,7.2,-1.25,1,3162,4.1,121.4,3.2
8.0,1181.069739,238.62,-0.66,-73.29,6.52,4.68,0.75,1,3043,5.8,196.3,-2.3
8.0,1181.079740,237.66,-0.32,-70.25,6.25,1.0,1.75,1,2915,7.0,229.1,0.0
8.0,1181.089740,237.57,-0.38,-68.67,6.41,-2.93,1.75,1,2787,7.4,125.1,4.6
8.0,1181.099740,237.74,-0.41,-69.48,6.41,-6.13,0.75,1,2651,-3.4,23.1,-5.1
8.0,1181.109740,239.41,-0.29,-70.63,6.16,-7.82,-1.25,1,2524,-0.6,-13.6,1.1
8.0,1181.119740,241.7,-0.53,-72.32,6.39,-7.57,-3.25,1,3413,-4.6,-131.8,0.2
8.0,1181.129739,243.72,-0.78,-75.6,6.55,-5.45,-5.5,1,3285,-5.1,-209.6,2.0
8.0,1181.139740,245.3,-1.16,-78.74,6.85,-1.98,-6.75,1,3167,-9.3,-236.5,-0.2
8.0,1181.149740,246.09,-1.28,-80.71,6.9,1.98,-7.5,1,3048,-2.5,-169.6,-0.9
8.0,1181.159739,245.83,-1.65,-81.23,7.3,5.45,-7.0,1,2912,-3.5,-119.5,6.3
8.0,1181.169740,244.51,-1.73,-80.84,7.37,7.57,-5.5,1,2784,-1.1,-11.5,-4.8
8.0,1181.179740,242.49,-1.04,-78.65,6.75,7.82,-3.25,1,2655,5.4,111.7,5.6
8.0,1181.189740,239.77,-0.99,-75.44,6.81,6.13,-0.75,1,2528,5.4,197.7,-3.1
8.0,1181.199740,237.66,-0.36,-72.05,6.24,2.93,1.75,1,3418,7.7,253.6,-2.7
8.0,1181.209740,236.34,-0.24,-68.78,6.24,-1.0,3.0,1,3290,9.5,270.6,1.6
8.0,1181.219739,236.16,-0.31,-67.03,6.39,-4.68,3.0,1,3162,5.2,157.8,2.1
8.0,1181.229740,236.25,-0.29,-67.73,6.3,-7.2,2.25,1,3044,-1.7,43.0,-3.6
8.0,1181.239740,237.92,-0.23,-68.96,6.16,-7.94,0.5,1,2917,-0.5,-7.8,0.2
8.0,1181.249740,240.03,-0.39,-70.73,6.3,-6.72,-1.75,1,2788,-4.6,-126.2,0.4
8.0,1181.259739,242.05,-0.62,-73.9,6.44,-3.83,-3.75,1,2652,-5.0,-199.2,1.6
8.0,1181.269740,243.81,-0.87,-76.89,6.61,0.0,-5.0,1,2524,-7.9,-225.6,-0.2
8.0,1181.279739,244.51,-0.95,-79.11,6.62,3.83,-5.5,1,3413,-4.2,-195.4,-1.5
8.0,1181.289740,243.98,-1.29,-79.81,6.98,6.72,-5.0,1,3286,-3.2,-100.1,7.0
8.0,1181.299740,242.58,-1.35,-78.68,7.06,7.94,-3.5,1,3167,1.4,17.0,-4.0
8.0,1181.309740,240.29,-0.71,-76.3,6.49,7.2,-1.25,1,3048,3.9,121.4,3.2
8.0,1181.319739,238.71,-0.66,-73.29,6.53,4.68,0.75,1,2911,5.8,196.3,-2.3
8.0,1181.329740,237.66,-0.32,-70.25,6.26,1.0,1.75,1,2784,7.0,229.5,0.0
8.0,1181.339740,237.57,-0.38,-68.67,6.42,-2.93,1.75,1,2656,7.5,125.1,4.6
8.0,1181.349740,237.83,-0.41,-69.48,6.42,-6.13,0.75,1,2529,-3.4,23.0,-5.1
8.0,1181.359740,239.41,-0.29,-70.64,6.17,-7.82,-1.25,1,3418,-0.7,-13.8,1.0
8.0,1181.369740,241.7,-0.53,-72.32,6.39,-7.57,-3.5,1,3290,-4.6,-131.4,0.2
8.0,1181.379739,243.63,-0.78,-75.59,6.56,-5.45,-5.5,1,3172,-5.2,-209.3,2.0
8.0,1181.389740,245.3,-1.16,-78.74,6.85,-1.98,-6.75,1,3044,-9.3,-236.6,-0.2
8.0,1181.399740,246.18,-1.29,-80.71,6.92,1.98,-7.5,1,2917,-2.5,-170.0,-0.9
8.0,1181.409739,245.83,-1.65,-81.24,7.31,5.45,-7.0,1,2790,-3.6,-119.9,6.2
8.0,1181.419740,244.6,-1.73,-80.85,7.38,7.57,-5.5,1,2652,-1.1,-10.6,-4.8
8.0,1181.429740,242.49,-1.05,-78.64,6.76,7.82,-3.25,1,2533,5.4,111.6,5.7
8.0,1181.439740,239.85,-0.99,-75.44,6.82,6.13,-0.75,1,3414,5.4,197.7,-3.2
8.0,1181.449740,237.57,-0.36,-72.05,6.25,2.93,1.75,1,3286,7.7,253.6,-2.7
8.0,1181.459740,236.43,-0.24,-68.78,6.25,-1.0,3.0,1,3176,9.5,270.5,1.6
8.0,1181.469739,236.16,-0.31,-67.03,6.39,-4.68,3.0,1,3049,5.3,158.0,2.1
8.0,1181.479740,236.25,-0.29,-67.73,6.31,-7.2,2.25,1,2911,-1.7,43.1,-3.7
8.0,1181.489740,237.83,-0.23,-68.96,6.16,-7.94,0.5,1,2784,-0.5,-7.8,0.2
8.0,1181.499740,240.03,-0.39,-70.72,6.3,-6.72,-1.75,1,2657,-4.6,-125.5,0.4
8.0,1181.509739,242.05,-0.62,-73.89,6.44,-3.83,-3.75,1,2529,-4.9,-199.1,1.6
8.0,1181.519740,243.81,-0.87,-76.87,6.62,0.0,-4.75,1,3418,-7.9,-224.7,-0.2
8.0,1181.529739,244.42,-0.95,-79.08,6.62,3.83,-5.5,1,3291,-4.2,-195.0,-1.5
8.0,1181.539740,243.98,-1.3,-79.81,6.98,6.72,-5.0,1,3172,-3.3,-102.5,6.9
8.0,1181.549740,242.49,-1.36,-78.7,7.07,7.94,-3.5,1,3045,1.5,18.5,-3.8
8.0,1181.559740,240.38,-0.71,-76.28,6.5,7.2,-1.25,1,2916,3.8,121.1,3.1
8.0,1181.569739,238.62,-0.66,-73.29,6.53,4.68,0.75,1,2788,5.9,195.9,-2.3
8.0,1181.579740,237.66,-0.32,-70.25,6.27,1.0,1.75,1,2652,6.9,229.5,0.0
8.0,1181.589740,237.66,-0.39,-68.66,6.43,-2.93,1.75,1,2534,7.5,125.1,4.6
8.0,1181.599740,237.74,-0.41,-69.48,6.42,-6.13,0.75,1,3414,-3.4,22.7,-5.1
8.0,1181.609740,239.59,-0.3,-70.65,6.18,-7.82,-1.25,1,3287,-0.7,-14.1,1.0
8.0,1181.619740,241.7,-0.52,-72.33,6.4,-7.57,-3.5,1,3177,-4.5,-131.2,0.2
8.0,1181.629739,243.72,-0.78,-75.59,6.57,-5.45,-5.5,1,3049,-5.2,-209.2,2.0
8.0,1181.639740,245.3,-1.16,-78.73,6.86,-1.98,-6.75,1,2913,-9.2,-236.5,-0.2
8.0,1181.649740,246.18,-1.28,-80.7,6.92,1.98,-7.5,1,2786,-2.5,-169.6,-0.9
8.0,1181.659739,245.74,-1.65,-81.23,7.32,5.45,-7.0,1,2657,-3.5,-119.6,6.3
8.0,1181.669740,244.6,-1.73,-80.85,7.38,7.57,-5.5,1,2529,-1.2,-11.7,-4.9
8.0,1181.679740,242.49,-1.04,-78.65,6.76,7.82,-3.25,1,3419,5.4,111.7,5.7
8.0,1181.689740,239.77,-0.99,-75.45,6.83,6.13,-0.75,1,3291,5.4,197.2,-3.1
8.0,1181.699740,237.66,-0.36,-72.06,6.26,2.93,1.75,1,3173,7.7,253.6,-2.7
8.0,1181.709740,236.34,-0.24,-68.79,6.26,-1.0,3.0,1,3045,9.5,270.7,1.6
8.0,1181.719739,236.25,-0.31,-67.03,6.4,-4.68,3.0,1,2916,5.3,158.2,2.0
8.0,1181.729740,236.34,-0.29,-67.73,6.32,-7.2,2.25,1,2789,-1.8,43.2,-3.6
8.0,1181.739740,237.92,-0.23,-68.96,6.17,-7.94,0.5,1,2653,-0.5,-7.9,0.2
8.0,1181.749740,240.03,-0.39,-70.72,6.31,-6.72,-1.75,1,2534,-4.5,-125.4,0.4
8.0,1181.759739,242.05,-0.62,-73.89,6.45,-3.83,-3.75,1,3414,-4.9,-199.1,1.6
8.0,1181.769740,243.81,-0.87,-76.88,6.63,-0.0,-5.0,1,3287,-8.0,-225.7,-0.2
8.0,1181.779739,244.42,-0.95,-79.11,6.63,3.83,-5.5,1,3177,-4.2,-195.7,-1.5
8.0,1181.789740,243.98,-1.3,-79.82,6.99,6.72,-5.0,1,3050,-3.3,-101.4,6.9
8.0,1181.799740,242.49,-1.36,-78.69,7.08,7.94,-3.5,1,2913,1.5,18.3,-3.9
8.0,1181.809740,240.38,-0.71,-76.29,6.51,7.2,-1.25,1,2785,3.8,121.1,3.1
8.0,1181.819739,238.71,-0.66,-73.3,6.54,4.68,0.75,1,2658,5.8,195.7,-2.3
8.0,1181.829740,237.74,-0.32,-70.26,6.27,1.0,1.75,1,2556,6.9,229.9,0.0
8.0,1181.839740,237.57,-0.38,-68.67,6.43,-2.93,1.5,1,3419,7.6,124.8,4.5
8.0,1181.849740,237.83,-0.41,-69.49,6.43,-6.13,0.75,1,3292,-3.4,23.1,-5.0
8.0,1181.859740,239.5,-0.29,-70.65,6.18,-7.82,-1.25,1,3173,-0.7,-14.4,1.0
8.0,1181.869740,241.61,-0.52,-72.33,6.41,-7.57,-3.5,1,3036,-4.5,-130.5,0.3
8.0,1181.879739,243.72,-0.78,-75.58,6.57,-5.45,-5.5,1,2918,-5.2,-209.0,1.9
8.0,1181.889740,245.3,-1.16,-78.73,6.86,-1.98,-6.75,1,2790,-9.3,-236.5,-0.2
8.0,1181.899740,246.09,-1.28,-80.7,6.93,1.98,-7.5,1,2655,-2.4,-169.2,-0.9
8.0,1181.909739,245.83,-1.64,-81.22,7.32,5.45,-7.0,1,2561,-3.5,-119.6,6.3
8.0,1181.919740,244.69,-1.72,-80.85,7.38,7.57,-5.5,1,3415,-1.2,-12.4,-4.9
8.0,1181.929740,242.49,-1.04,-78.66,6.76,7.82,-3.25,1,3288,5.4,111.5,5.8
8.0,1181.939740,239.85,-1.0,-75.45,6.84,6.13,-0.75,1,3177,5.4,197.0,-3.1
8.0,1181.949740,237.66,-0.36,-72.06,6.27,2.93,1.75,1,3041,7.7,253.6,-2.7
8.0,1181.959740,236.34,-0.24,-68.79,6.26,-1.0,3.0,1,2913,9.5,270.8,1.6
8.0,1181.969739,236.16,-0.3,-67.03,6.4,-4.68,3.0,1,2785,5.3,158.4,2.0
8.0,1181.979740,236.25,-0.29,-67.73,6.32,-7.2,2.25,1,2658,-1.7,43.2,-3.6
8.0,1181.989740,238.01,-0.23,-68.96,6.18,-7.94,0.5,1,2557,-0.5,-7.9,0.2
8.0,1181.999740,240.12,-0.39,-70.72,6.32,-6.72,-1.75,1,3420,-4.6,-125.3,0.4
8.0,1182.009739,242.05,-0.62,-73.89,6.46,-3.83,-3.75,1,3292,-4.9,-199.3,1.6
8.0,1182.019740,243.81,-0.88,-76.89,6.64,0.0,-5.0,1,3173,-8.0,-226.4,-0.1
8.0,1182.029739,244.34,-0.96,-79.13,6.65,3.83,-5.5,1,3037,-4.2,-196.3,-1.6
8.0,1182.039740,243.9,-1.3,-79.83,7.0,6.72,-5.0,1,2919,-3.3,-100.5,7.0
8.0,1182.049740,242.58,-1.36,-78.7,7.09,7.94,-3.5,1,2791,1.5,17.9,-4.0
8.0,1182.059740,240.38,-0.71,-76.3,6.51,7.2,-1.25,1,2654,3.8,121.1,3.1
8.0,1182.069739,238.62,-0.66,-73.31,6.54,4.68,0.75,1,2552,5.7,195.6,-2.2
8.0,1182.079740,237.74,-0.32,-70.27,6.28,1.0,1.75,1,3415,7.0,230.0,-0.0
8.0,1182.089740,237.66,-0.38,-68.68,6.44,-2.93,1.5,1,3288,7.4,124.6,4.6
8.0,1182.099740,237.83,-0.41,-69.5,6.44,-6.13,0.75,1,3178,-3.4,23.1,-5.0
8.0,1182.109740,239.5,-0.29,-70.67,6.19,-7.82,-1.25,1,3041,-0.7,-15.4,0.9
8.0,1182.119740,241.7,-0.52,-72.34,6.41,-7.57,-3.5,1,2914,-4.4,-128.8,0.3
8.0,1182.129739,243.72,-0.78,-75.57,6.58,-5.45,-5.5,1,2787,-5.3,-209.0,1.9
8.0,1182.139740,245.3,-1.16,-78.73,6.87,-1.98,-6.75,1,2658,-9.1,-236.3,-0.2
8.0,1182.149740,246.01,-1.28,-80.69,6.93,1.98,-7.5,1,2557,-2.5,-168.1,-0.9
8.0,1182.159739,245.92,-1.64,-81.19,7.32,5.45,-7.0,1,3420,-3.5,-118.6,6.3
8.0,1182.169740,244.69,-1.71,-80.84,7.38,7.57,-5.5,1,3292,-1.2,-14.8,-5.1
8.0,1182.179740,242.49,-1.03,-78.69,6.77,7.82,-3.25,1,3174,5.4,111.8,6.0
8.0,1182.189740,239.85,-1.01,-75.46,6.86,6.13,-0.75,1,3037,5.3,196.8,-3.0
8.0,1182.199740,237.74,-0.36,-72.07,6.27,2.93,1.75,1,2919,7.7,253.7,-2.8
8.0,1182.209740,236.34,-0.24,-68.79,6.27,-1.0,3.0,1,2791,9.5,271.3,1.6
8.0,1182.219739,236.16,-0.31,-67.03,6.41,-4.68,3.0,1,2654,5.3,158.7,2.0
8.0,1182.229740,236.25,-0.29,-67.72,6.33,-7.2,2.25,1,2561,-1.6,43.5,-3.6
8.0,1182.239740,237.92,-0.23,-68.95,6.19,-7.94,0.5,1,3416,-0.5,-7.9,0.2
8.0,1182.249740,240.03,-0.39,-70.71,6.32,-6.72,-1.75,1,3297,-4.5,-124.9,0.4
8.0,1182.259739,242.05,-0.61,-73.87,6.46,-3.83,-3.75,1,3170,-4.9,-198.8,1.6
8.0,1182.269754,243.81,-0.87,-76.87,6.64,0.0,-4.75,1,3057,-8.0,-226.3,-0.2
8.0,1182.279752,244.42,-0.95,-79.11,6.64,3.83,-5.5,1,2928,-4.2,-196.2,-1.6
8.0,1182.289753,243.98,-1.29,-79.81,7.0,6.72,-5.0,1,2801,-3.3,-100.2,7.0
8.0,1182.299753,242.67,-1.36,-78.68,7.09,7.94,-3.5,1,2673,1.4,17.2,-4.0
8.0,1182.309752,240.38,-0.71,-76.3,6.52,7.2,-1.25,1,2570,3.8,120.6,3.1
8.0,1182.319753,238.71,-0.66,-73.31,6.55,4.68,0.75,1,3435,5.8,195.3,-2.2
8.0,1182.329753,237.74,-0.32,-70.27,6.29,1.0,1.75,1,3307,7.1,229.5,-0.0
8.0,1182.339752,237.57,-0.38,-68.68,6.44,-2.93,1.5,1,3187,7.4,125.0,4.6
8.0,1182.349753,237.83,-0.41,-69.49,6.44,-6.13,0.75,1,3052,-3.4,23.3,-5.0
8.0,1182.359753,239.41,-0.29,-70.66,6.2,-7.82,-1.25,1,2933,-0.7,-15.4,0.9
8.0,1182.369752,241.7,-0.52,-72.34,6.42,-7.57,-3.5,1,2805,-4.4,-128.5,0.3
8.0,1182.379753,243.63,-0.77,-75.55,6.59,-5.45,-5.5,1,2669,-5.2,-208.8,2.0
8.0,1182.389753,245.21,-1.16,-78.72,6.88,-1.98,-6.75,1,2576,-9.2,-236.7,-0.1
8.0,1182.399752,246.09,-1.28,-80.69,6.93,1.98,-7.5,1,3430,-2.6,-168.6,-1.0
8.0,1182.409752,245.92,-1.63,-81.2,7.32,5.45,-7.0,1,3302,-3.5,-119.0,6.3
8.0,1182.419753,244.6,-1.71,-80.85,7.39,7.57,-5.5,1,3193,-1.3,-14.8,-5.1
8.0,1182.429752,242.4,-1.03,-78.7,6.77,7.82,-3.25,1,3055,5.3,111.5,5.9
8.0,1182.439752,239.85,-1.01,-75.47,6.86,6.13,-0.75,1,2928,5.4,196.2,-3.0
8.0,1182.449753,237.74,-0.37,-72.09,6.28,2.93,1.75,1,2801,7.6,253.3,-2.8
8.0,1182.459752,236.34,-0.24,-68.8,6.27,-1.0,3.0,1,2672,9.5,271.8,1.6
8.0,1182.469752,236.16,-0.31,-67.03,6.42,-4.68,3.0,1,2571,5.4,158.8,2.1
8.0,1182.479753,236.34,-0.29,-67.72,6.34,-7.2,2.25,1,3435,-1.6,43.8,-3.6
8.0,1182.489752,237.83,-0.23,-68.95,6.19,-7.94,0.5,1,3307,-0.6,-7.9,0.2
8.0,1182.499752,240.12,-0.39,-70.71,6.33,-6.72,-1.75,1,3188,-4.5,-123.9,0.4
8.0,1182.509753,241.96,-0.61,-73.86,6.47,-3.83,-3.75,1,3052,-4.9,-198.6,1.5
8.0,1182.519756,243.72,-0.87,-76.86,6.64,-0.0,-4.75,1,2937,-8.0,-225.8,-0.2
8.0,1182.529752,244.34,-0.94,-79.09,6.65,3.83,-5.5,1,2806,-4.2,-195.7,-1.6
8.0,1182.539753,243.9,-1.29,-79.81,7.0,6.72,-5.0,1,2670,-3.3,-102.3,7.0
8.0,1182.549753,242.49,-1.36,-78.7,7.1,7.94,-3.5,1,2576,1.3,17.6,-4.0
8.0,1182.559752,240.29,-0.71,-76.3,6.52,7.2,-1.25,1,3430,3.8,120.3,3.0
8.0,1182.569753,238.62,-0.66,-73.32,6.55,4.68,0.75,1,3303,5.8,195.3,-2.2
8.0,1182.579753,237.66,-0.32,-70.28,6.29,1.0,1.75,1,3193,7.1,229.4,-0.0
8.0,1182.589752,237.66,-0.38,-68.69,6.45,-2.93,1.5,1,3056,7.4,124.9,4.5
8.0,1182.599753,237.83,-0.41,-69.5,6.45,-6.13,0.75,1,2930,-3.4,23.4,-5.0
8.0,1182.609753,239.5,-0.29,-70.67,6.2,-7.82,-1.25,1,2801,-0.8,-15.8,0.8
8.0,1182.619752,241.61,-0.52,-72.34,6.42,-7.57,-3.5,1,2673,-4.3,-127.6,0.3
8.0,1182.629753,243.63,-0.77,-75.55,6.59,-5.45,-5.5,1,2572,-5.3,-208.8,1.9
8.0,1182.639752,245.3,-1.15,-78.72,6.88,-1.98,-6.75,1,3434,-9.1,-236.4,-0.1
8.0,1182.649752,246.18,-1.28,-80.68,6.94,1.98,-7.5,1,3307,-2.6,-168.2,-1.0
8.0,1182.659752,245.83,-1.63,-81.18,7.32,5.45,-7.0,1,3188,-3.5,-118.5,6.3
8.0,1182.669753,244.51,-1.71,-80.85,7.38,7.57,-5.5,1,3053,-1.3,-16.0,-5.2
8.0,1182.679752,242.4,-1.03,-78.71,6.77,7.82,-3.25,1,2933,5.3,111.6,6.0
8.0,1182.689752,239.68,-1.01,-75.47,6.87,6.13,-0.75,1,2804,5.4,196.1,-2.9
8.0,1182.699753,237.74,-0.37,-72.1,6.29,2.93,1.75,1,2670,7.6,253.0,-2.8
8.0,1182.709752,236.43,-0.24,-68.81,6.28,-1.0,3.0,1,2576,9.5,271.9,1.6
8.0,1182.719752,236.16,-0.3,-67.03,6.42,-4.68,3.0,1,3430,5.4,159.2,2.0
8.0,1182.729753,236.25,-0.29,-67.72,6.34,-7.2,2.25,1,3304,-1.7,43.8,-3.6
8.0,1182.739752,237.83,-0.23,-68.95,6.2,-7.94,0.5,1,3193,-0.5,-7.8,0.2
8.0,1182.749752,240.12,-0.39,-70.71,6.34,-6.72,-1.75,1,3057,-4.5,-124.5,0.4
8.0,1182.759753,242.14,-0.62,-73.87,6.48,-3.83,-3.75,1,2930,-4.9,-198.8,1.6
8.0,1182.769754,243.81,-0.87,-76.87,6.66,0.0,-5.0,1,2804,-8.0,-226.5,-0.1
8.0,1182.779752,244.42,-0.95,-79.12,6.66,3.83,-5.5,1,2674,-4.2,-196.2,-1.7
8.0,1182.789753,243.98,-1.29,-79.83,7.01,6.72,-5.0,1,2573,-3.3,-101.5,7.1
8.0,1182.799753,242.58,-1.37,-78.71,7.12,7.94,-3.5,1,3436,1.4,17.4,-3.9
8.0,1182.809752,240.29,-0.71,-76.31,6.53,7.2,-1.25,1,3307,3.9,120.5,3.0
8.0,1182.819753,238.62,-0.67,-73.33,6.57,4.68,0.75,1,3189,5.8,195.4,-2.2
8.0,1182.829753,237.66,-0.32,-70.28,6.3,1.0,1.75,1,3053,7.2,229.8,-0.1
8.0,1182.839752,237.57,-0.38,-68.69,6.46,-2.93,1.5,1,2934,7.3,124.9,4.6
8.0,1182.849753,237.83,-0.42,-69.5,6.46,-6.13,0.75,1,2806,-3.4,23.8,-5.0
8.0,1182.859753,239.59,-0.3,-70.67,6.21,-7.82,-1.25,1,2670,-0.7,-16.2,0.8
8.0,1182.869752,241.7,-0.52,-72.34,6.43,-7.57,-3.5,1,2576,-4.3,-126.6,0.3
8.0,1182.879753,243.54,-0.77,-75.53,6.6,-5.45,-5.5,1,3431,-5.3,-208.9,1.9
8.0,1182.889753,245.21,-1.16,-78.72,6.89,-1.98,-6.75,1,3313,-9.1,-236.0,-0.1
8.0,1182.899752,246.09,-1.28,-80.67,6.95,1.98,-7.5,1,3193,-2.6,-167.6,-1.1
8.0,1182.909752,245.74,-1.62,-81.16,7.33,5.45,-7.0,1,3057,-3.4,-118.0,6.3
8.0,1182.919753,244.6,-1.7,-80.85,7.39,7.57,-5.5,1,2930,-1.4,-18.2,-5.3
8.0,1182.929752,242.58,-1.03,-78.73,6.78,7.82,-3.25,1,2802,5.3,111.6,6.2
8.0,1182.939752,239.77,-1.02,-75.48,6.89,6.13,-0.75,1,2673,5.4,195.9,-2.9
8.0,1182.949753,237.66,-0.37,-72.11,6.3,2.93,1.75,1,3564,7.6,252.9,-2.9
8.0,1182.959752,236.43,-0.24,-68.82,6.29,-1.0,3.0,1,3435,9.5,271.8,1.6
8.0,1182.969752,236.25,-0.31,-67.03,6.43,-4.68,3.0,1,3307,5.3,159.5,2.0
8.0,1182.979753,236.34,-0.29,-67.72,6.35,-7.2,2.25,1,3190,-1.6,43.4,-3.6
8.0,1182.989752,237.92,-0.23,-68.96,6.21,-7.94,0.5,1,3052,-0.5,-7.6,0.2
8.0,1182.999752,240.03,-0.39,-70.72,6.35,-6.72,-1.75,1,2934,-4.5,-124.5,0.4
8.0,1183.009753,241.96,-0.62,-73.88,6.49,-3.83,-3.75,1,2807,-5.0,-199.0,1.6
8.0,1183.019754,243.72,-0.88,-76.88,6.67,0.0,-5.0,1,2673,-8.0,-225.8,-0.1
8.0,1183.029752,244.42,-0.96,-79.11,6.67,3.83,-5.5,1,3567,-4.2,-196.1,-1.6
8.0,1183.039753,243.98,-1.3,-79.85,7.02,6.72,-5.0,1,3432,-3.3,-103.4,7.0
8.0,1183.049753,242.49,-1.37,-78.74,7.13,7.94,-3.5,1,3313,1.4,17.9,-3.8
8.0,1183.059752,240.38,-0.72,-76.32,6.55,7.2,-1.25,1,3193,3.9,120.4,3.1
8.0,1183.069753,238.71,-0.67,-73.34,6.58,4.68,0.75,1,3059,5.7,195.4,-2.2
8.0,1183.079753,237.66,-0.32,-70.29,6.31,1.0,1.75,1,2931,7.2,230.1,-0.1
8.0,1183.089752,237.66,-0.38,-68.7,6.46,-2.93,1.5,1,2801,7.4,124.8,4.6
8.0,1183.099753,237.83,-0.42,-69.51,6.47,-6.13,0.75,1,2675,-3.4,24.0,-5.0
8.0,1183.109753,239.5,-0.3,-70.69,6.22,-7.82,-1.25,1,3564,-0.8,-16.6,0.8
8.0,1183.119752,241.79,-0.52,-72.35,6.44,-7.57,-3.5,1,3436,-4.2,-125.4,0.3
8.0,1183.129753,243.63,-0.77,-75.53,6.61,-5.45,-5.5,1,3309,-5.4,-209.0,1.9
8.0,1183.139753,245.21,-1.16,-78.72,6.9,-1.98,-6.75,1,3190,-9.1,-236.0,-0.1
8.0,1183.149752,246.01,-1.28,-80.68,6.95,1.98,-7.5,1,3052,-2.5,-168.2,-1.0
8.0,1183.159752,245.74,-1.63,-81.18,7.35,5.45,-7.0,1,2935,-3.5,-118.5,6.4
8.0,1183.169753,244.51,-1.71,-80.85,7.41,7.57,-5.5,1,2799,-1.4,-16.8,-5.3
8.0,1183.179752,242.49,-1.03,-78.72,6.79,7.82,-3.25,1,2670,5.4,111.5,6.1
8.0,1183.189752,239.85,-1.02,-75.48,6.9,6.13,-0.75,1,3567,5.3,196.0,-3.0
8.0,1183.199753,237.66,-0.37,-72.11,6.31,2.93,1.75,1,3432,7.7,253.1,-2.9
8.0,1183.209752,236.34,-0.24,-68.82,6.3,-1.0,3.0,1,3313,9.5,271.8,1.6
8.0,1183.219752,236.16,-0.31,-67.03,6.44,-4.68,3.0,1,3194,5.3,159.9,1.9
8.0,1183.229753,236.25,-0.29,-67.71,6.36,-7.2,2.25,1,3059,-1.6,44.0,-3.5
8.0,1183.239752,237.92,-0.23,-68.95,6.22,-7.94,0.5,1,2931,-0.5,-7.8,0.2
8.0,1183.249752,240.03,-0.39,-70.71,6.35,-6.72,-1.75,1,2802,-4.5,-124.3,0.4
8.0,1183.259753,242.14,-0.62,-73.86,6.49,-3.83,-3.75,1,2676,-5.0,-198.9,1.5
8.0,1183.269756,243.81,-0.87,-76.87,6.67,-0.0,-5.0,1,3567,-8.0,-226.2,-0.1
8.0,1183.279752,244.42,-0.96,-79.11,6.68,3.83,-5.5,1,3436,-4.3,-196.3,-1.7
8.0,1183.289753,243.9,-1.29,-79.83,7.03,6.72,-5.0,1,3310,-3.3,-102.2,7.0
8.0,1183.299753,242.58,-1.37,-78.72,7.13,7.94,-3.5,1,3191,1.4,17.2,-3.9
8.0,1183.309752,240.38,-0.72,-76.32,6.55,7.2,-1.25,1,3053,3.9,120.2,3.1
8.0,1183.319753,238.71,-0.67,-73.34,6.58,4.68,0.75,1,2936,5.7,195.0,-2.2
8.0,1183.329753,237.74,-0.32,-70.29,6.31,1.0,1.75,1,2799,7.1,230.1,-0.1
8.0,1183.339752,237.57,-0.38,-68.69,6.47,-2.93,1.5,1,2670,7.5,124.9,4.5
8.0,1183.349753,237.83,-0.41,-69.51,6.47,-6.13,0.75,1,3560,-3.4,23.9,-5.0
8.0,1183.359753,239.5,-0.29,-70.69,6.22,-7.82,-1.25,1,3433,-0.7,-17.1,0.8
8.0,1183.369752,241.79,-0.52,-72.35,6.44,-7.57,-3.5,1,3313,-4.3,-125.0,0.3
8.0,1183.379753,243.63,-0.77,-75.52,6.61,-5.45,-5.5,1,3196,-5.4,-209.0,1.9
8.0,1183.389753,245.3,-1.15,-78.72,6.9,-1.98,-6.75,1,3059,-9.1,-236.1,-0.1
8.0,1183.399752,246.09,-1.27,-80.67,6.96,1.98,-7.5,1,2931,-2.5,-167.9,-1.0
8.0,1183.409752,245.74,-1.62,-81.17,7.34,5.45,-7.0,1,2803,-3.4,-118.3,6.4
8.0,1183.419753,244.6,-1.7,-80.85,7.4,7.57,-5.5,1,2676,-1.5,-17.9,-5.4
8.0,1183.429752,242.4,-1.02,-78.74,6.78,7.82,-3.25,1,3564,5.4,111.5,6.2
8.0,1183.439752,239.85,-1.02,-75.49,6.9,6.13,-0.75,1,3436,5.3,195.7,-2.9
8.0,1183.449753,237.66,-0.37,-72.11,6.31,2.93,1.75,1,3310,7.6,253.1,-2.9
8.0,1183.459752,236.34,-0.24,-68.82,6.29,-1.0,3.0,1,3190,9.4,271.9,1.6
8.0,1183.469752,236.16,-0.3,-67.03,6.44,-4.68,3.0,1,3054,5.4,160.2,1.9
8.0,1183.479753,236.34,-0.28,-67.71,6.36,-7.2,2.25,1,2936,-1.6,43.7,-3.4
8.0,1183.489752,237.92,-0.23,-68.95,6.22,-7.94,0.5,1,2798,-0.5,-7.7,0.2
8.0,1183.499752,240.03,-0.39,-70.71,6.35,-6.72,-1.75,1,2670,-4.5,-124.0,0.4
8.0,1183.509753,242.05,-0.61,-73.86,6.49,-3.83,-3.75,1,3569,-4.9,-198.9,1.6
8.0,1183.519756,243.72,-0.87,-76.87,6.67,-0.0,-5.0,1,3436,-8.1,-226.4,-0.1
8.0,1183.529752,244.42,-0.95,-79.11,6.68,3.83,-5.5,1,3314,-4.2,-196.3,-1.7
8.0,1183.539753,243.9,-1.29,-79.84,7.03,6.72,-5.0,1,3196,-3.3,-102.8,7.0
8.0,1183.549753,242.58,-1.36,-78.73,7.13,7.94,-3.5,1,3059,1.4,17.3,-3.9
8.0,1183.559752,240.29,-0.71,-76.33,6.55,7.2,-1.25,1,2931,3.9,120.1,3.1
8.0,1183.569753,238.71,-0.66,-73.35,6.58,4.68,0.75,1,2804,5.7,194.8,-2.2
8.0,1183.579753,237.74,-0.32,-70.3,6.32,1.0,1.75,1,2676,7.0,230.4,-0.1
8.0,1183.589752,237.66,-0.38,-68.7,6.47,-2.93,1.5,1,3564,7.6,124.5,4.6
8.0,1183.599753,237.83,-0.41,-69.52,6.48,-6.13,0.75,1,3438,-3.4,24.0,-5.0
8.0,1183.609753,239.5,-0.29,-70.69,6.22,-7.82,-1.25,1,3311,-0.7,-16.6,0.8
8.0,1183.619752,241.7,-0.51,-72.35,6.44,-7.57,-3.5,1,3191,-4.2,-125.3,0.3
8.0,1183.629753,243.72,-0.77,-75.53,6.61,-5.45,-5.5,1,3055,-5.4,-209.1,2.0
8.0,1183.639753,245.39,-1.15,-78.73,6.91,-1.98,-6.75,1,2936,-9.2,-236.4,-0.1
8.0,1183.649752,246.09,-1.27,-80.69,6.96,1.98,-7.5,1,2800,-2.5,-168.5,-1.0
8.0,1183.659752,245.83,-1.63,-81.2,7.35,5.45,-7.0,1,2672,-3.5,-118.8,6.4
8.0,1183.669753,244.69,-1.71,-80.87,7.41,7.57,-5.5,1,3570,-1.4,-16.5,-5.4
8.0,1183.679752,242.49,-1.02,-78.73,6.79,7.82,-3.25,1,3433,5.4,111.8,6.2
8.0,1183.689752,239.85,-1.02,-75.49,6.91,6.13,-0.75,1,3314,5.3,195.6,-2.9
8.0,1183.699753,237.66,-0.37,-72.12,6.31,2.93,1.75,1,3196,7.6,253.3,-2.9
8.0,1183.709752,236.34,-0.24,-68.82,6.3,-1.0,3.0,1,3059,9.4,272.2,1.5
8.0,1183.719752,236.16,-0.3,-67.03,6.44,-4.68,3.0,1,2931,5.4,160.3,1.9
8.0,1183.729753,236.34,-0.28,-67.71,6.36,-7.2,2.25,1,2804,-1.6,44.3,-3.5
8.0,1183.739752,238.01,-0.22,-68.94,6.22,-7.94,0.5,1,2676,-0.5,-7.7,0.2
8.0,1183.749752,240.12,-0.38,-70.7,6.36,-6.72,-1.75,1,3565,-4.5,-123.2,0.4
8.0,1183.759753,242.05,-0.61,-73.83,6.49,-3.83,-3.75,1,3438,-4.9,-198.5,1.6
8.0,1183.769756,243.72,-0.86,-76.85,6.67,-0.0,-4.75,1,3314,-8.0,-226.3,-0.1
8.0,1183.779752,244.42,-0.94,-79.09,6.68,3.83,-5.5,1,3191,-4.2,-196.1,-1.7
8.0,1183.789753,243.98,-1.27,-79.81,7.02,6.72,-5.0,1,3056,-3.3,-102.0,7.0
8.0,1183.799753,242.58,-1.35,-78.7,7.13,7.94,-3.5,1,2937,1.3,16.4,-3.8
8.0,1183.809752,240.29,-0.71,-76.33,6.56,7.2,-1.25,1,2799,3.9,119.6,3.1
8.0,1183.819753,238.71,-0.66,-73.35,6.59,4.68,0.75,1,2673,5.7,194.3,-2.1
8.0,1183.829753,237.57,-0.32,-70.3,6.32,1.0,1.75,1,3561,7.0,230.2,-0.1
8.0,1183.839752,237.57,-0.38,-68.69,6.48,-2.93,1.5,1,3433,7.5,125.0,4.6
8.0,1183.849753,237.83,-0.41,-69.5,6.48,-6.13,0.75,1,3315,-3.4,24.1,-5.0
8.0,1183.859753,239.5,-0.29,-70.69,6.23,-7.82,-1.25,1,3196,-0.8,-17.3,0.8
8.0,1183.869752,241.7,-0.52,-72.34,6.45,-7.57,-3.5,1,3060,-4.1,-124.3,0.4
8.0,1183.879753,243.72,-0.77,-75.5,6.62,-5.45,-5.5,1,2933,-5.4,-208.7,2.0
8.0,1183.889753,245.3,-1.16,-78.71,6.92,-1.98,-6.75,1,2806,-9.1,-236.3,-0.1
8.0,1183.899752,246.09,-1.27,-80.67,6.97,1.98,-7.5,1,2677,-2.5,-168.1,-1.1
8.0,1183.909752,245.83,-1.62,-81.17,7.35,5.45,-7.0,1,3565,-3.4,-118.7,6.4
8.0,1183.919753,244.6,-1.71,-80.86,7.42,7.57,-5.5,1,3439,-1.5,-17.8,-5.3
8.0,1183.929752,242.49,-1.03,-78.74,6.8,7.82,-3.25,1,3310,5.3,111.2,6.1
8.0,1183.939752,239.85,-1.02,-75.5,6.91,6.13,-0.75,1,3191,5.4,195.1,-2.9
8.0,1183.949753,237.66,-0.37,-72.13,6.32,2.93,1.75,1,3056,7.6,252.8,-2.9
8.0,1183.959752,236.34,-0.24,-68.83,6.31,-1.0,3.0,1,2937,9.4,272.1,1.5
8.0,1183.969752,236.16,-0.3,-67.04,6.45,-4.68,3.0,1,2799,5.5,159.9,2.0
8.0,1183.979753,236.25,-0.28,-67.73,6.37,-7.2,2.25,1,2673,-1.6,43.9,-3.5
8.0,1183.989752,237.92,-0.23,-68.96,6.23,-7.94,0.5,1,3561,-0.5,-7.4,0.2
8.0,1183.999752,240.03,-0.39,-70.72,6.37,-6.72,-1.75,1,3433,-4.5,-124.2,0.4
8.0,1184.009753,242.05,-0.61,-73.87,6.51,-3.83,-3.75,1,3316,-4.9,-198.9,1.6
8.0,1184.019756,243.81,-0.87,-76.87,6.69,-0.0,-5.0,1,3200,-8.0,-225.4,-0.1
8.0,1184.029752,244.42,-0.95,-79.1,6.69,3.83,-5.5,1,3060,-4.3,-196.1,-1.6
8.0,1184.039753,243.9,-1.3,-79.85,7.05,6.72,-5.0,1,2933,-3.3,-104.7,6.9
8.0,1184.049753,242.49,-1.37,-78.77,7.15,7.94,-3.5,1,2806,1.4,17.4,-3.9
8.0,1184.059752,240.38,-0.72,-76.35,6.57,7.2,-1.25,1,2676,4.0,120.2,3.1
8.0,1184.069753,238.71,-0.67,-73.37,6.6,4.68,0.75,1,3567,5.6,194.9,-2.2
8.0,1184.079753,237.66,-0.32,-70.32,6.33,1.0,1.75,1,3439,7.2,230.5,-0.2
8.0,1184.089752,237.66,-0.38,-68.71,6.49,-2.93,1.5,1,3310,7.3,124.7,4.7
8.0,1184.099753,237.83,-0.42,-69.53,6.5,-6.13,0.75,1,3193,-3.4,24.6,-5.0
8.0,1184.109753,239.59,-0.3,-70.69,6.24,-7.82,-1.25,1,3056,-0.7,-16.1,0.8
8.0,1184.119752,241.79,-0.52,-72.35,6.46,-7.57,-3.5,1,2937,-4.3,-125.1,0.3
8.0,1184.129753,243.63,-0.78,-75.53,6.63,-5.45,-5.5,1,2802,-5.4,-208.8,2.0
8.0,1184.139753,245.39,-1.17,-78.73,6.93,-1.98,-6.75,1,2675,-9.2,-236.6,-0.1
8.0,1184.149752,246.01,-1.29,-80.69,6.98,1.98,-7.5,1,3570,-2.6,-167.9,-1.0
8.0,1184.159752,245.83,-1.64,-81.18,7.37,5.45,-7.0,1,3443,-3.4,-118.2,6.4
8.0,1184.169753,244.69,-1.72,-80.87,7.43,7.57,-5.5,1,3307,-1.5,-18.5,-5.4
8.0,1184.179752,242.49,-1.03,-78.76,6.81,7.82,-3.25,1,3196,5.4,111.8,6.3
8.0,1184.189752,239.77,-1.03,-75.5,6.93,6.13,-0.75,1,3060,5.4,195.0,-2.8
8.0,1184.199753,237.66,-0.38,-72.14,6.34,2.93,1.75,1,2934,7.6,252.9,-2.9
8.0,1184.209752,236.25,-0.25,-68.84,6.32,-1.0,3.0,1,2804,9.5,272.6,1.5
8.0,1184.219752,236.16,-0.31,-67.04,6.46,-4.68,3.0,1,2676,5.5,160.1,2.0
8.0,1184.229753,236.34,-0.29,-67.72,6.38,-7.2,2.25,1,3567,-1.6,44.2,-3.5
8.0,1184.239752,237.92,-0.24,-68.96,6.24,-7.94,0.5,1,3439,-0.5,-7.7,0.2
8.0,1184.249752,240.12,-0.4,-70.71,6.38,-6.72,-1.75,1,3311,-4.5,-123.0,0.4
10.0,1186.269739,240.64,-0.51,-71.77,6.51,-3.74,-2.25,1,3053,-5.0,-163.9,0.5
10.0,1186.279739,241.88,-0.74,-75.21,6.63,-0.0,-3.0,1,2916,-7.3,-202.8,0.7
10.0,1186.289739,241.7,-0.7,-77.1,6.55,3.74,-2.75,1,2789,-2.3,-149.3,-4.4
10.0,1186.299740,240.64,-0.71,-76.83,6.59,6.06,-1.5,1,3685,-0.9,-26.2,6.9
10.0,1186.309740,238.89,-0.95,-74.77,6.89,6.06,0.25,1,3558,3.4,82.4,-0.6
10.0,1186.319739,237.3,-0.4,-72.01,6.42,3.74,2.25,1,3431,5.3,167.5,-2.5
10.0,1186.329740,236.6,-0.28,-69.17,6.36,0.0,2.75,1,3312,4.7,199.4,2.0
10.0,1186.339739,236.51,-0.39,-67.79,6.54,-3.74,2.5,1,3176,6.2,105.7,3.4
10.0,1186.349740,237.13,-0.35,-68.63,6.49,-6.06,1.25,1,3048,-2.6,9.7,-3.8
10.0,1186.359740,238.89,-0.29,-69.81,6.32,-6.06,-0.5,1,2920,-1.1,-22.1,1.0
10.0,1186.369739,240.64,-0.51,-71.77,6.51,-3.74,-2.25,1,2793,-5.0,-164.4,0.5
10.0,1186.379740,242.05,-0.74,-75.22,6.64,-0.0,-3.0,1,3681,-7.3,-202.7,0.6
10.0,1186.389739,241.79,-0.7,-77.1,6.55,3.74,-2.75,1,3563,-2.3,-149.3,-4.4
10.0,1186.399740,240.56,-0.71,-76.83,6.59,6.06,-1.5,1,3435,-0.9,-26.7,6.8
10.0,1186.409740,238.89,-0.95,-74.78,6.89,6.06,0.25,1,3317,3.4,82.5,-0.6
10.0,1186.419739,237.3,-0.4,-72.01,6.42,3.74,2.25,1,3180,5.3,167.7,-2.5
10.0,1186.429740,236.51,-0.28,-69.16,6.36,0.0,2.75,1,3053,4.7,199.8,2.0
10.0,1186.439739,236.43,-0.39,-67.78,6.55,-3.74,2.5,1,2916,6.2,106.0,3.4
10.0,1186.449740,237.22,-0.35,-68.62,6.49,-6.06,1.25,1,2788,-2.6,9.8,-3.8
10.0,1186.459740,238.89,-0.29,-69.81,6.32,-6.06,-0.5,1,3686,-1.0,-21.9,0.9
10.0,1186.469739,240.73,-0.5,-71.77,6.51,-3.74,-2.25,1,3558,-5.1,-164.1,0.5
10.0,1186.479740,241.88,-0.74,-75.22,6.64,0.0,-3.0,1,3431,-7.3,-202.8,0.6
10.0,1186.489739,241.79,-0.7,-77.1,6.55,3.74,-2.75,1,3312,-2.3,-149.8,-4.3
10.0,1186.499740,240.64,-0.71,-76.83,6.6,6.06,-1.5,1,3176,-0.8,-25.4,6.8
10.0,1186.509740,238.89,-0.94,-74.76,6.89,6.06,0.25,1,3049,3.4,82.2,-0.6
10.0,1186.519739,237.22,-0.39,-72.01,6.42,3.74,2.25,1,2920,5.3,167.6,-2.5
10.0,1186.529740,236.51,-0.27,-69.16,6.36,-0.0,2.75,1,2793,4.6,199.6,1.9
10.0,1186.539739,236.51,-0.39,-67.78,6.54,-3.74,2.5,1,3682,6.3,105.8,3.4
10.0,1186.549740,237.13,-0.35,-68.62,6.49,-6.06,1.25,1,3563,-2.7,9.9,-3.8
10.0,1186.559740,238.97,-0.29,-69.8,6.33,-6.06,-0.5,1,3436,-1.0,-22.5,1.0
10.0,1186.569739,240.73,-0.51,-71.77,6.51,-3.74,-2.25,1,3317,-5.1,-163.8,0.5
10.0,1186.579740,241.96,-0.74,-75.21,6.64,-0.0,-3.0,1,3180,-7.3,-202.8,0.6
10.0,1186.589739,241.7,-0.7,-77.1,6.55,3.74,-2.75,1,3053,-2.4,-150.0,-4.3
10.0,1186.599740,240.56,-0.71,-76.83,6.6,6.06,-1.5,1,2917,-0.8,-25.7,6.8
10.0,1186.609740,238.89,-0.94,-74.76,6.9,6.06,0.25,1,2788,3.4,82.2,-0.6
10.0,1186.619739,237.3,-0.4,-72.01,6.43,3.74,2.25,1,3686,5.3,167.4,-2.5
10.0,1186.629740,236.6,-0.27,-69.17,6.37,0.0,2.75,1,3559,4.7,199.3,1.9
10.0,1186.639739,236.51,-0.39,-67.79,6.55,-3.74,2.5,1,3432,6.3,106.0,3.4
10.0,1186.649740,237.13,-0.35,-68.62,6.49,-6.06,1.25,1,3313,-2.6,9.8,-3.8
10.0,1186.659740,238.97,-0.29,-69.81,6.33,-6.06,-0.5,1,3176,-1.0,-22.5,0.9
10.0,1186.669739,240.64,-0.5,-71.77,6.51,-3.74,-2.25,1,3049,-5.1,-163.7,0.5
10.0,1186.679740,241.96,-0.74,-75.21,6.64,-0.0,-3.0,1,2922,-7.3,-202.6,0.6
10.0,1186.689739,241.79,-0.7,-77.1,6.55,3.74,-2.75,1,2794,-2.3,-149.9,-4.3
10.0,1186.699740,240.64,-0.7,-76.83,6.6,6.06,-1.5,1,3691,-0.8,-25.6,6.8
10.0,1186.709740,238.89,-0.94,-74.76,6.89,6.06,0.25,1,3563,3.4,82.2,-0.6
10.0,1186.719739,237.22,-0.4,-72.01,6.43,3.74,2.25,1,3436,5.3,167.4,-2.5
10.0,1186.729740,236.43,-0.27,-69.17,6.37,-0.0,2.75,1,3317,4.7,199.5,1.9
10.0,1186.739739,236.51,-0.39,-67.78,6.55,-3.74,2.5,1,3181,6.2,106.2,3.4
10.0,1186.749740,237.13,-0.35,-68.62,6.49,-6.06,1.25,1,3053,-2.6,10.0,-3.8
10.0,1186.759740,238.89,-0.29,-69.8,6.33,-6.06,-0.5,1,2918,-1.0,-22.2,1.0
10.0,1186.769739,240.64,-0.5,-71.76,6.52,-3.74,-2.25,1,2790,-5.1,-163.3,0.5
10.0,1186.779740,241.96,-0.74,-75.19,6.64,0.0,-3.0,1,3687,-7.3,-202.6,0.7
10.0,1186.789739,241.79,-0.7,-77.09,6.56,3.74,-2.75,1,3559,-2.4,-150.1,-4.4
10.0,1186.799740,240.56,-0.7,-76.81,6.6,6.06,-1.5,1,3432,-0.7,-24.9,6.8
10.0,1186.809740,238.89,-0.94,-74.74,6.9,6.06,0.25,1,3313,3.3,81.8,-0.6
10.0,1186.819739,237.22,-0.39,-72.01,6.43,3.74,2.25,1,3177,5.3,167.2,-2.5
10.0,1186.829740,236.6,-0.27,-69.16,6.37,0.0,2.75,1,3049,4.7,199.1,2.0
10.0,1186.839739,236.51,-0.39,-67.78,6.55,-3.74,2.5,1,2921,6.3,105.9,3.4
10.0,1186.849740,237.22,-0.35,-68.61,6.5,-6.06,1.25,1,2794,-2.6,10.3,-3.9
10.0,1186.859740,238.89,-0.29,-69.79,6.33,-6.06,-0.5,1,3682,-1.0,-22.0,1.0
10.0,1186.869739,240.64,-0.51,-71.74,6.52,-3.74,-2.25,1,3564,-5.1,-163.3,0.4
10.0,1186.879740,241.88,-0.74,-75.18,6.64,-0.0,-3.0,1,3436,-7.3,-202.6,0.6
10.0,1186.889739,241.79,-0.7,-77.08,6.56,3.74,-2.75,1,3317,-2.4,-149.7,-4.4
10.0,1186.899740,240.64,-0.7,-76.81,6.6,6.06,-1.5,1,3182,-0.8,-25.9,6.8
10.0,1186.909740,238.89,-0.94,-74.75,6.9,6.06,0.25,1,3054,3.4,81.6,-0.6
10.0,1186.919739,237.22,-0.4,-72.01,6.43,3.74,2.25,1,2917,5.3,167.1,-2.5
10.0,1186.929740,236.43,-0.28,-69.16,6.37,0.0,2.75,1,2789,4.6,199.0,2.0
10.0,1186.939739,236.51,-0.39,-67.78,6.56,-3.74,2.5,1,3687,6.4,105.8,3.4
10.0,1186.949740,237.13,-0.35,-68.62,6.5,-6.06,1.25,1,3559,-2.6,10.0,-3.9
10.0,1186.959740,238.97,-0.29,-69.8,6.33,-6.06,-0.5,1,3432,-1.0,-22.6,1.0
10.0,1186.969739,240.56,-0.5,-71.76,6.52,-3.74,-2.25,1,3313,-5.1,-163.4,0.4
10.0,1186.979740,241.88,-0.74,-75.19,6.64,0.0,-3.0,1,3177,-7.3,-202.3,0.6
10.0,1186.989739,241.79,-0.7,-77.08,6.56,3.74,-2.75,1,3050,-2.4,-150.1,-4.4
10.0,1186.999740,240.64,-0.7,-76.82,6.61,6.06,-1.5,1,2923,-0.9,-26.0,6.8
10.0,1187.009740,238.89,-0.94,-74.76,6.9,6.06,0.25,1,2794,3.4,81.7,-0.6
10.0,1187.019739,237.3,-0.39,-72.02,6.43,3.74,2.25,1,3683,5.3,167.0,-2.5
10.0,1187.029740,236.51,-0.27,-69.17,6.38,-0.0,2.75,1,3564,4.7,199.2,2.0
10.0,1187.039739,236.6,-0.39,-67.79,6.56,-3.74,2.5,1,3436,6.3,106.0,3.4
10.0,1187.049740,237.22,-0.35,-68.63,6.5,-6.06,1.25,1,3318,-2.6,9.8,-3.8
10.0,1187.059740,238.97,-0.29,-69.81,6.34,-6.06,-0.5,1,3182,-1.0,-22.3,1.0
10.0,1187.069739,240.73,-0.5,-71.77,6.53,-3.74,-2.25,1,3054,-5.1,-163.7,0.5
10.0,1187.079740,241.88,-0.74,-75.21,6.65,-0.0,-3.0,1,2919,-7.3,-202.1,0.7
10.0,1187.089739,241.79,-0.7,-77.09,6.56,3.74,-2.75,1,2800,-2.3,-149.9,-4.4
10.0,1187.099740,240.64,-0.7,-76.83,6.6,6.06,-1.5,1,3688,-0.9,-26.4,6.7
10.0,1187.109740,238.89,-0.94,-74.78,6.9,6.06,0.25,1,3560,3.5,82.0,-0.5
10.0,1187.119739,237.22,-0.4,-72.02,6.44,3.74,2.25,1,3432,5.3,167.4,-2.4
10.0,1187.129740,236.43,-0.27,-69.17,6.38,0.0,2.75,1,3314,4.7,199.8,1.9
10.0,1187.139739,236.6,-0.38,-67.79,6.56,-3.74,2.5,1,3178,6.3,106.1,3.4
10.0,1187.149740,237.22,-0.35,-68.62,6.5,-6.06,1.25,1,3050,-2.6,10.1,-3.9
10.0,1187.159740,238.97,-0.29,-69.8,6.33,-6.06,-0.5,1,2923,-0.9,-22.1,1.0
10.0,1187.169739,240.64,-0.5,-71.76,6.52,-3.74,-2.25,1,2796,-5.1,-163.5,0.4
10.0,1187.179740,241.96,-0.73,-75.2,6.65,-0.0,-3.0,1,3692,-7.4,-202.2,0.7
10.0,1187.189739,241.79,-0.7,-77.09,6.57,3.74,-2.75,1,3565,-2.4,-150.1,-4.4
10.0,1187.199740,240.64,-0.7,-76.83,6.61,6.06,-1.5,1,3437,-0.8,-25.9,6.8
10.0,1187.209740,238.89,-0.94,-74.76,6.9,6.06,0.25,1,3318,3.4,81.7,-0.6
10.0,1187.219739,237.3,-0.39,-72.02,6.44,3.74,2.25,1,3182,5.3,167.2,-2.5
10.0,1187.229740,236.51,-0.27,-69.17,6.38,-0.0,2.75,1,3055,4.6,199.5,2.0
10.0,1187.239739,236.51,-0.39,-67.78,6.56,-3.74,2.5,1,2917,6.3,106.4,3.4
10.0,1187.249740,237.22,-0.35,-68.62,6.51,-6.06,1.25,1,2790,-2.6,9.8,-3.8
10.0,1187.259740,238.89,-0.29,-69.8,6.34,-6.06,-0.5,1,3688,-1.0,-22.1,1.0
10.0,1187.269739,240.64,-0.5,-71.76,6.53,-3.74,-2.25,1,3561,-5.1,-163.5,0.5
10.0,1187.279740,241.96,-0.73,-75.19,6.65,0.0,-3.0,1,3442,-7.3,-202.2,0.6
10.0,1187.289739,241.79,-0.7,-77.08,6.56,3.74,-2.75,1,3323,-2.4,-150.3,-4.3
10.0,1187.299740,240.64,-0.7,-76.83,6.61,6.06,-1.5,1,3178,-0.8,-26.1,6.8
10.0,1187.309740,238.8,-0.94,-74.77,6.91,6.06,0.25,1,3051,3.4,81.7,-0.6
10.0,1187.319739,237.3,-0.39,-72.02,6.44,3.74,2.25,1,2922,5.3,167.3,-2.5
10.0,1187.329740,236.43,-0.27,-69.17,6.38,0.0,2.75,1,2794,4.5,199.4,2.0
10.0,1187.339739,236.6,-0.39,-67.78,6.56,-3.74,2.5,1,3684,6.4,106.4,3.4
10.0,1187.349740,237.22,-0.35,-68.61,6.51,-6.06,1.25,1,3565,-2.6,9.9,-3.8
10.0,1187.359740,238.97,-0.29,-69.8,6.34,-6.06,-0.5,1,3446,-1.0,-22.4,1.0
10.0,1187.369739,240.73,-0.5,-71.76,6.53,-3.74,-2.25,1,3319,-5.1,-163.0,0.5
10.0,1187.379740,242.05,-0.73,-75.18,6.65,-0.0,-3.0,1,3183,-7.3,-201.8,0.6
10.0,1187.389739,241.79,-0.69,-77.07,6.57,3.74,-2.75,1,3055,-2.4,-150.0,-4.4
10.0,1187.399740,240.73,-0.7,-76.82,6.61,6.06,-1.5,1,2919,-0.9,-26.5,6.8
10.0,1187.409740,238.89,-0.93,-74.76,6.91,6.06,0.25,1,2799,3.5,81.6,-0.6
10.0,1187.419739,237.22,-0.39,-72.02,6.44,3.74,2.25,1,3688,5.3,167.0,-2.4
10.0,1187.429740,236.6,-0.27,-69.17,6.39,0.0,2.75,1,3561,4.6,199.2,2.0
10.0,1187.439739,236.6,-0.38,-67.78,6.56,-3.74,2.5,1,3442,6.3,106.7,3.4
10.0,1187.449740,237.22,-0.35,-68.61,6.51,-6.06,1.25,1,3315,-2.6,9.7,-3.8
10.0,1187.459740,238.97,-0.29,-69.8,6.34,-6.06,-0.5,1,3179,-1.0,-22.3,1.0
10.0,1187.469739,240.64,-0.5,-71.75,6.53,-3.74,-2.25,1,3051,-5.1,-163.0,0.4
10.0,1187.479756,241.96,-0.73,-75.18,6.65,-0.0,-3.0,1,2940,-7.3,-202.1,0.7
10.0,1187.489752,241.79,-0.7,-77.07,6.57,3.74,-2.75,1,2818,-2.4,-149.5,-4.4
10.0,1187.499753,240.64,-0.7,-76.81,6.61,6.06,-1.5,1,3706,-0.9,-27.2,6.8
10.0,1187.509752,238.8,-0.94,-74.77,6.91,6.06,0.25,1,3578,3.5,81.5,-0.6
10.0,1187.519753,237.22,-0.39,-72.02,6.45,3.74,2.25,1,3461,5.3,166.9,-2.5
10.0,1187.529756,236.43,-0.27,-69.17,6.39,0.0,2.75,1,3336,4.7,199.5,1.9
10.0,1187.539752,236.51,-0.38,-67.78,6.57,-3.74,2.5,1,3196,6.3,106.9,3.4
10.0,1187.549753,237.22,-0.34,-68.6,6.51,-6.06,1.25,1,3070,-2.6,10.1,-3.8
10.0,1187.559752,238.89,-0.28,-69.79,6.34,-6.06,-0.5,1,2932,-0.9,-21.8,1.0
10.0,1187.569753,240.73,-0.5,-71.73,6.53,-3.74,-2.25,1,2814,-5.0,-162.5,0.4
10.0,1187.579756,241.79,-0.73,-75.16,6.65,-0.0,-3.0,1,3705,-7.3,-202.3,0.7
10.0,1187.589752,241.7,-0.69,-77.06,6.57,3.74,-2.75,1,3574,-2.5,-149.7,-4.4
10.0,1187.599753,240.64,-0.7,-76.81,6.61,6.06,-1.5,1,3457,-0.9,-27.5,6.8
10.0,1187.609752,238.89,-0.94,-74.77,6.91,6.06,0.25,1,3337,3.5,81.1,-0.6
10.0,1187.619753,237.13,-0.39,-72.02,6.45,3.74,2.25,1,3193,5.3,166.8,-2.5
10.0,1187.629756,236.6,-0.27,-69.17,6.39,0.0,2.75,1,3077,4.7,199.3,2.0
10.0,1187.639752,236.6,-0.38,-67.78,6.57,-3.74,2.5,1,2936,6.3,106.8,3.4
10.0,1187.649753,237.22,-0.34,-68.6,6.51,-6.06,1.25,1,2818,-2.6,10.1,-3.8
10.0,1187.659752,238.97,-0.28,-69.79,6.34,-6.06,-0.5,1,3706,-0.9,-22.0,1.0
10.0,1187.669753,240.64,-0.49,-71.74,6.53,-3.74,-2.25,1,3527,-5.1,-162.8,0.4
10.0,1187.679756,241.88,-0.72,-75.17,6.65,-0.0,-3.0,1,3464,-7.3,-202.2,0.6
10.0,1187.689752,241.79,-0.68,-77.06,6.57,3.74,-2.75,1,3333,-2.4,-149.9,-4.4
10.0,1187.699753,240.64,-0.69,-76.82,6.61,6.06,-1.5,1,3197,-1.0,-27.7,6.8
10.0,1187.709752,238.89,-0.93,-74.78,6.91,6.06,0.25,1,3069,3.5,81.3,-0.6
10.0,1187.719753,237.39,-0.38,-72.03,6.44,3.74,2.25,1,2933,5.3,167.0,-2.5
10.0,1187.729756,236.43,-0.27,-69.17,6.39,0.0,2.75,1,2843,4.5,199.5,2.0
10.0,1187.739752,236.51,-0.38,-67.78,6.57,-3.74,2.5,1,3702,6.4,106.8,3.4
10.0,1187.749753,237.22,-0.34,-68.61,6.52,-6.06,1.25,1,3575,-2.6,9.9,-3.8
10.0,1187.759752,238.89,-0.28,-69.8,6.35,-6.06,-0.5,1,3456,-1.0,-22.0,1.0
10.0,1187.769753,240.73,-0.5,-71.75,6.54,-3.74,-2.25,1,3338,-5.0,-162.7,0.5
10.0,1187.779756,242.05,-0.72,-75.17,6.66,-0.0,-3.0,1,3196,-7.3,-202.1,0.6
10.0,1187.789752,241.79,-0.69,-77.07,6.57,3.74,-2.75,1,3073,-2.4,-150.4,-4.4
10.0,1187.799753,240.64,-0.69,-76.83,6.61,6.06,-1.5,1,2938,-1.0,-27.2,6.8
10.0,1187.809752,238.89,-0.93,-74.78,6.91,6.06,0.25,1,2834,3.5,81.4,-0.6
10.0,1187.819753,237.22,-0.38,-72.03,6.45,3.74,2.25,1,3708,5.3,166.9,-2.5
10.0,1187.829756,236.51,-0.27,-69.18,6.39,0.0,2.75,1,3583,4.7,199.7,1.9
10.0,1187.839752,236.51,-0.38,-67.78,6.57,-3.74,2.5,1,3460,6.3,107.0,3.4
10.0,1187.849753,237.22,-0.34,-68.6,6.51,-6.06,1.25,1,3325,-2.6,10.3,-3.8
10.0,1187.859752,238.97,-0.28,-69.79,6.35,-6.06,-0.5,1,3197,-1.0,-22.1,1.0
10.0,1187.869753,240.64,-0.49,-71.74,6.54,-3.74,-2.25,1,3070,-5.1,-162.3,0.5
10.0,1187.879754,241.96,-0.72,-75.17,6.66,0.0,-3.0,1,2935,-7.3,-202.6,0.7
10.0,1187.889752,241.79,-0.68,-77.08,6.57,3.74,-2.75,1,2840,-2.5,-150.7,-4.4
10.0,1187.899753,240.73,-0.69,-76.82,6.61,6.06,-1.5,1,3703,-0.8,-26.2,6.8
10.0,1187.909752,238.8,-0.93,-74.76,6.91,6.06,0.25,1,3575,3.4,81.2,-0.6
10.0,1187.919753,237.22,-0.38,-72.03,6.45,3.74,2.25,1,3457,5.3,166.7,-2.5
10.0,1187.929756,236.51,-0.26,-69.17,6.39,0.0,2.75,1,3333,4.7,199.6,2.0
10.0,1187.939752,236.51,-0.38,-67.77,6.57,-3.74,2.5,1,3192,6.3,107.2,3.3
10.0,1187.949753,237.04,-0.34,-68.6,6.52,-6.06,1.25,1,3075,-2.6,10.3,-3.8
10.0,1187.959752,238.97,-0.28,-69.78,6.35,-6.06,-0.5,1,2938,-0.9,-21.5,1.0
10.0,1187.969753,240.64,-0.49,-71.72,6.54,-3.74,-2.25,1,2837,-5.1,-162.6,0.5
10.0,1187.979756,241.96,-0.72,-75.16,6.66,-0.0,-3.0,1,3702,-7.3,-202.8,0.7
10.0,1187.989752,241.7,-0.69,-77.07,6.57,3.74,-2.75,1,3579,-2.5,-150.7,-4.4
10.0,1187.999753,240.56,-0.69,-76.82,6.62,6.06,-1.5,1,3462,-0.8,-26.6,6.8
10.0,1188.009752,238.8,-0.93,-74.77,6.92,6.06,0.25,1,3325,3.4,80.9,-0.6
10.0,1188.019753,237.3,-0.39,-72.03,6.45,3.74,2.25,1,3198,5.2,166.8,-2.5
10.0,1188.029756,236.43,-0.27,-69.17,6.39,0.0,2.75,1,3074,4.6,199.5,1.9
10.0,1188.039752,236.51,-0.38,-67.78,6.57,-3.74,2.5,1,2933,6.4,107.0,3.4
10.0,1188.049753,237.13,-0.34,-68.6,6.52,-6.06,1.25,1,2832,-2.6,10.4,-3.8
10.0,1188.059752,238.8,-0.28,-69.78,6.35,-6.06,-0.5,1,3703,-0.9,-21.8,1.0
10.0,1188.069753,240.73,-0.49,-71.73,6.54,-3.74,-2.25,1,3576,-5.0,-162.5,0.5
10.0,1188.079756,241.96,-0.72,-75.16,6.66,-0.0,-3.0,1,3460,-7.3,-202.2,0.6
10.0,1188.089752,241.79,-0.68,-77.06,6.57,3.74,-2.75,1,3329,-2.5,-150.1,-4.4
10.0,1188.099753,240.56,-0.69,-76.82,6.62,6.06,-1.5,1,3194,-0.9,-27.8,6.8
10.0,1188.109752,238.8,-0.93,-74.78,6.92,6.06,0.25,1,3074,3.5,81.0,-0.6
10.0,1188.119753,237.13,-0.38,-72.03,6.45,3.74,2.25,1,2938,5.3,166.8,-2.5
10.0,1188.129756,236.51,-0.27,-69.17,6.39,0.0,2.75,1,2840,4.5,199.4,2.0
10.0,1188.139752,236.6,-0.38,-67.78,6.57,-3.74,2.5,1,3699,6.4,107.2,3.3
10.0,1188.149753,237.13,-0.34,-68.6,6.52,-6.06,1.25,1,3581,-2.6,10.2,-3.7
10.0,1188.159752,239.06,-0.28,-69.79,6.36,-6.06,-0.5,1,3461,-1.0,-21.9,1.0
10.0,1188.169753,240.64,-0.49,-71.73,6.54,-3.74,-2.25,1,3326,-5.0,-162.3,0.4
10.0,1188.179756,241.96,-0.72,-75.16,6.66,-0.0,-3.0,1,3202,-7.3,-202.7,0.7
10.0,1188.189752,241.79,-0.68,-77.07,6.58,3.74,-2.75,1,3070,-2.5,-150.6,-4.4
10.0,1188.199753,240.56,-0.69,-76.82,6.62,6.06,-1.5,1,2935,-0.9,-26.8,6.8
10.0,1188.209752,238.89,-0.93,-74.77,6.92,6.06,0.25,1,2840,3.5,80.9,-0.6
10.0,1188.219753,237.3,-0.38,-72.03,6.46,3.74,2.25,1,3704,5.3,166.7,-2.4
10.0,1188.229756,236.51,-0.27,-69.18,6.4,0.0,2.75,1,3580,4.6,199.5,1.9
10.0,1188.239752,236.51,-0.38,-67.78,6.58,-3.74,2.5,1,3457,6.3,107.2,3.4
10.0,1188.249753,237.13,-0.34,-68.6,6.52,-6.06,1.25,1,3330,-2.6,10.4,-3.8
10.0,1188.259752,238.97,-0.28,-69.79,6.36,-6.06,-0.5,1,3193,-0.9,-21.9,1.0
10.0,1188.269753,240.56,-0.49,-71.73,6.54,-3.74,-2.25,1,3076,-5.0,-162.1,0.5
10.0,1188.279756,241.79,-0.72,-75.16,6.66,-0.0,-3.0,1,2943,-7.3,-202.6,0.7
10.0,1188.289752,241.79,-0.68,-77.07,6.58,3.74,-2.75,1,2837,-2.5,-150.4,-4.4
10.0,1188.299753,240.64,-0.68,-76.82,6.62,6.06,-1.5,1,3700,-0.9,-27.1,6.8
10.0,1188.309752,238.89,-0.93,-74.78,6.92,6.06,0.25,1,3580,3.4,80.7,-0.6
10.0,1188.319753,237.22,-0.38,-72.03,6.45,3.74,2.25,1,3463,5.3,166.5,-2.5
10.0,1188.329756,236.43,-0.26,-69.18,6.4,0.0,2.75,1,3329,4.7,199.4,1.9
10.0,1188.339752,236.6,-0.37,-67.78,6.58,-3.74,2.5,1,3198,6.3,107.3,3.4
10.0,1188.349753,237.22,-0.34,-68.6,6.52,-6.06,1.25,1,3071,-2.7,10.4,-3.8
10.0,1188.359752,238.97,-0.28,-69.79,6.36,-6.06,-0.5,1,2935,-0.9,-21.6,1.0
10.0,1188.369753,240.64,-0.49,-71.73,6.54,-3.74,-2.25,1,2843,-5.1,-162.5,0.4
10.0,1188.379756,241.96,-0.72,-75.17,6.66,-0.0,-3.0,1,3708,-7.3,-202.6,0.7
10.0,1188.389752,241.79,-0.68,-77.07,6.58,3.74,-2.75,1,3576,-2.5,-150.4,-4.4
10.0,1188.399753,240.64,-0.68,-76.82,6.62,6.06,-1.5,1,3467,-0.9,-27.4,6.8
10.0,1188.409752,238.89,-0.93,-74.79,6.92,6.06,0.25,1,3330,3.5,80.7,-0.6
10.0,1188.419753,237.3,-0.38,-72.04,6.46,3.74,2.25,1,3195,5.3,166.7,-2.5
10.0,1188.429754,236.51,-0.26,-69.18,6.4,-0.0,2.75,1,3077,4.6,199.6,1.9
10.0,1188.439752,236.6,-0.37,-67.78,6.58,-3.74,2.5,1,2939,6.4,107.4,3.4
10.0,1188.449753,237.13,-0.33,-68.6,6.53,-6.06,1.25,1,2837,-2.6,10.4,-3.8
10.0,1188.459752,238.97,-0.28,-69.79,6.36,-6.06,-0.5,1,3700,-0.9,-21.5,1.0
10.0,1188.469753,240.56,-0.49,-71.73,6.54,-3.74,-2.25,1,3582,-5.0,-162.3,0.4
10.0,1188.479756,241.88,-0.71,-75.16,6.66,-0.0,-3.0,1,3466,-7.3,-202.6,0.7
10.0,1188.489752,241.79,-0.68,-77.07,6.58,3.74,-2.75,1,3326,-2.5,-150.8,-4.4
10.0,1188.499753,240.56,-0.68,-76.82,6.62,6.06,-1.5,1,3199,-0.8,-26.8,6.8
10.0,1188.509752,238.8,-0.92,-74.78,6.92,6.06,0.25,1,3071,3.4,80.8,-0.6
10.0,1188.519753,237.3,-0.38,-72.03,6.45,3.74,2.25,1,2934,5.3,166.7,-2.5
10.0,1188.529756,236.51,-0.26,-69.18,6.4,0.0,2.75,1,2845,4.5,199.2,2.0
10.0,1188.539752,236.6,-0.38,-67.79,6.58,-3.74,2.5,1,3704,6.4,106.9,3.4
10.0,1188.549753,237.13,-0.33,-68.6,6.53,-6.06,1.25,1,3578,-2.6,11.1,-3.8
10.0,1188.559752,238.97,-0.27,-69.78,6.36,-6.06,-0.5,1,3458,-0.9,-21.9,1.0
10.0,1188.569753,240.64,-0.48,-71.73,6.54,-3.74,-2.25,1,3331,-5.0,-161.9,0.4
10.0,1188.579756,241.96,-0.71,-75.16,6.66,-0.0,-3.0,1,3198,-7.3,-203.0,0.6
10.0,1188.589752,241.79,-0.67,-77.08,6.57,3.74,-2.75,1,3076,-2.5,-151.1,-4.4
10.0,1188.599753,240.73,-0.68,-76.83,6.62,6.06,-1.5,1,2940,-0.8,-26.5,6.8
10.0,1188.609752,238.8,-0.92,-74.77,6.92,6.06,0.25,1,2837,3.4,80.6,-0.6
10.0,1188.619753,237.13,-0.38,-72.04,6.46,3.74,2.25,1,3701,5.3,166.5,-2.5
10.0,1188.629756,236.51,-0.26,-69.19,6.4,0.0,2.75,1,3585,4.6,199.5,1.9
10.0,1188.639752,236.51,-0.37,-67.79,6.58,-3.74,2.5,1,3462,6.4,107.1,3.4
10.0,1188.649753,237.13,-0.33,-68.6,6.53,-6.06,1.25,1,3327,-2.7,10.7,-3.8
10.0,1188.659752,238.89,-0.27,-69.79,6.36,-6.06,-0.5,1,3199,-0.9,-22.2,0.9
10.0,1188.669753,240.73,-0.48,-71.74,6.55,-3.74,-2.25,1,3072,-5.0,-161.8,0.5
10.0,1188.679754,241.88,-0.71,-75.16,6.67,0.0,-3.0,1,2937,-7.4,-202.5,0.7
10.0,1188.689752,241.7,-0.68,-77.08,6.58,3.74,-2.75,1,2842,-2.4,-151.4,-4.4
10.0,1188.699753,240.56,-0.67,-76.83,6.62,6.06,-1.5,1,3705,-0.7,-25.9,6.8
10.0,1188.709752,238.89,-0.92,-74.77,6.92,6.06,0.25,1,3577,3.3,80.6,-0.6
10.0,1188.719753,237.13,-0.38,-72.04,6.46,3.74,2.25,1,3459,5.2,166.4,-2.5
10.0,1188.729756,236.43,-0.26,-69.19,6.4,0.0,2.75,1,3335,4.7,199.5,2.0
10.0,1188.739752,236.51,-0.37,-67.78,6.59,-3.74,2.5,1,3195,6.4,107.4,3.4
10.0,1188.749753,237.13,-0.33,-68.6,6.53,-6.06,1.25,1,3077,-2.7,10.7,-3.8
10.0,1188.759752,238.8,-0.27,-69.78,6.36,-6.06,-0.5,1,2939,-0.9,-21.8,1.0
10.0,1188.769753,240.64,-0.48,-71.73,6.55,-3.74,-2.25,1,2839,-5.1,-161.9,0.5
10.0,1188.779754,241.96,-0.71,-75.15,6.67,0.0,-3.0,1,3702,-7.4,-202.8,0.7
10.0,1188.789752,241.7,-0.68,-77.08,6.58,3.74,-2.75,1,3581,-2.5,-151.8,-4.4
10.0,1188.799753,240.56,-0.68,-76.83,6.62,6.06,-1.5,1,3464,-0.7,-25.4,6.7
10.0,1188.809752,238.89,-0.91,-74.76,6.92,6.06,0.25,1,3326,3.3,80.5,-0.6
10.0,1188.819753,237.22,-0.38,-72.04,6.46,3.74,2.25,1,3200,5.3,166.3,-2.5
10.0,1188.829756,236.34,-0.26,-69.18,6.4,0.0,2.75,1,3076,4.6,199.5,1.9
10.0,1188.839752,236.6,-0.37,-67.78,6.58,-3.74,2.5,1,2934,6.4,107.5,3.4
10.0,1188.849753,237.04,-0.33,-68.6,6.53,-6.06,1.25,1,2842,-2.7,10.1,-3.8
10.0,1188.859752,238.97,-0.27,-69.79,6.36,-6.06,-0.5,1,3704,-0.9,-21.8,1.0
10.0,1188.869753,240.56,-0.48,-71.72,6.55,-3.74,-2.25,1,3578,-5.0,-161.5,0.5
10.0,1188.879756,241.88,-0.71,-75.15,6.67,-0.0,-2.75,1,3471,-7.3,-203.0,0.7
10.0,1188.889752,241.79,-0.67,-77.09,6.58,3.74,-2.75,1,3331,-2.5,-152.5,-4.4
10.0,1188.899753,240.64,-0.67,-76.83,6.62,6.06,-1.5,1,3204,-0.6,-24.5,6.7
10.0,1188.909752,238.8,-0.91,-74.75,6.92,6.06,0.25,1,3076,3.2,80.3,-0.6
10.0,1188.919753,237.3,-0.37,-72.04,6.46,3.74,2.25,1,2940,5.3,166.3,-2.5
10.0,1188.929754,236.51,-0.26,-69.18,6.41,-0.0,2.75,1,3830,4.5,199.4,2.0
10.0,1188.939752,236.51,-0.37,-67.78,6.59,-3.74,2.5,1,3700,6.5,107.5,3.4
10.0,1188.949753,237.04,-0.33,-68.6,6.53,-6.06,1.25,1,3583,-2.7,10.1,-3.8
10.0,1188.959752,238.89,-0.27,-69.79,6.37,-6.06,-0.5,1,3463,-0.9,-22.0,1.0
10.0,1188.969753,240.73,-0.48,-71.73,6.55,-3.74,-2.25,1,3328,-5.0,-161.2,0.4
10.0,1188.979756,241.88,-0.71,-75.15,6.67,-0.0,-3.0,1,3203,-7.4,-202.7,0.7
10.0,1188.989752,241.79,-0.67,-77.08,6.58,3.74,-2.75,1,3072,-2.5,-152.0,-4.4
10.0,1188.999753,240.64,-0.67,-76.83,6.62,6.06,-1.5,1,2937,-0.7,-25.6,6.7
10.0,1189.009752,238.8,-0.91,-74.76,6.92,6.06,0.25,1,3832,3.3,80.3,-0.6
10.0,1189.019753,237.22,-0.37,-72.04,6.46,3.74,2.25,1,3706,5.2,166.1,-2.5
10.0,1189.029756,236.43,-0.25,-69.19,6.41,0.0,2.75,1,3582,4.6,199.4,1.9
10.0,1189.039752,236.51,-0.37,-67.78,6.59,-3.74,2.5,1,3467,6.4,107.7,3.3
10.0,1189.049753,237.22,-0.33,-68.6,6.53,-6.06,1.25,1,3332,-2.7,10.0,-3.8
10.0,1189.059752,238.89,-0.27,-69.79,6.37,-6.06,-0.5,1,3204,-0.9,-21.7,1.0
10.0,1189.069753,240.56,-0.48,-71.73,6.55,-3.74,-2.25,1,3069,-5.0,-161.5,0.5
10.0,1189.079756,241.88,-0.71,-75.15,6.67,-0.0,-3.0,1,2944,-7.4,-202.9,0.7
10.0,1189.089752,241.79,-0.67,-77.09,6.58,3.74,-2.75,1,3828,-2.5,-152.0,-4.4
10.0,1189.099753,240.64,-0.67,-76.84,6.62,6.06,-1.5,1,3702,-0.8,-25.6,6.7
10.0,1189.109752,238.8,-0.91,-74.77,6.92,6.06,0.25,1,3582,3.3,80.4,-0.6
10.0,1189.119753,237.13,-0.37,-72.05,6.46,3.74,2.25,1,3464,5.2,166.3,-2.5
10.0,1189.129756,236.34,-0.25,-69.19,6.41,0.0,2.75,1,3331,4.6,199.7,1.9
10.0,1189.139752,236.51,-0.36,-67.78,6.59,-3.74,2.5,1,3199,6.4,108.0,3.3
10.0,1189.149753,237.13,-0.32,-68.6,6.53,-6.06,1.25,1,3065,-2.7,9.8,-3.8
10.0,1189.159752,238.89,-0.27,-69.79,6.36,-6.06,-0.5,1,2936,-0.9,-21.3,0.9
10.0,1189.169753,240.64,-0.47,-71.72,6.55,-3.74,-2.25,1,3834,-5.0,-161.6,0.5
10.0,1189.179754,241.88,-0.7,-75.15,6.67,0.0,-3.0,1,3707,-7.4,-202.7,0.7
10.0,1189.189752,241.79,-0.66,-77.09,6.58,3.74,-2.75,1,3578,-2.5,-152.3,-4.4
10.0,1189.199753,240.64,-0.66,-76.83,6.62,6.06,-1.5,1,3469,-0.7,-25.2,6.7
10.0,1189.209752,238.89,-0.9,-74.76,6.92,6.06,0.25,1,3332,3.3,80.1,-0.5
10.0,1189.219753,237.13,-0.37,-72.05,6.46,3.74,2.25,1,3205,5.2,166.2,-2.5
10.0,1189.229756,236.51,-0.25,-69.19,6.41,0.0,2.75,1,3072,4.5,199.6,2.0
10.0,1189.239752,236.43,-0.36,-67.78,6.59,-3.74,2.5,1,2940,6.5,107.9,3.4
10.0,1189.249753,237.13,-0.32,-68.6,6.53,-6.06,1.25,1,3830,-2.7,9.9,-3.8
10.0,1189.259752,238.97,-0.27,-69.79,6.37,-6.06,-0.5,1,3701,-0.9,-21.6,1.0
10.0,1189.269753,240.64,-0.47,-71.72,6.55,-3.74,-2.25,1,3583,-5.0,-161.3,0.5
10.0,1189.279754,241.96,-0.7,-75.15,6.67,0.0,-3.0,1,3465,-7.3,-202.5,0.7
10.0,1189.289752,241.79,-0.67,-77.08,6.59,3.74,-2.75,1,3328,-2.6,-152.2,-4.3
10.0,1189.299753,240.56,-0.67,-76.83,6.62,6.06,-1.5,1,3201,-0.8,-25.7,6.7
10.0,1189.309752,238.8,-0.91,-74.77,6.92,6.06,0.25,1,3064,3.3,80.2,-0.5
10.0,1189.319753,237.3,-0.37,-72.04,6.47,3.74,2.25,1,2937,5.3,166.3,-2.5
10.0,1189.329756,236.51,-0.25,-69.19,6.41,0.0,2.75,1,3837,4.5,199.4,1.9
10.0,1189.339752,236.43,-0.36,-67.78,6.59,-3.74,2.5,1,3706,6.5,108.0,3.3
10.0,1189.349753,237.22,-0.32,-68.59,6.54,-6.06,1.25,1,3579,-2.7,9.9,-3.7
10.0,1189.359752,239.06,-0.27,-69.79,6.37,-6.06,-0.5,1,3468,-0.9,-21.7,1.0
10.0,1189.369753,240.64,-0.48,-71.72,6.56,-3.74,-2.25,1,3333,-5.0,-160.9,0.5
10.0,1189.379756,241.88,-0.7,-75.14,6.67,-0.0,-2.75,1,3209,-7.4,-202.7,0.7
10.0,1189.389752,241.79,-0.67,-77.08,6.59,3.74,-2.75,1,3068,-2.5,-152.3,-4.4
10.0,1189.399753,240.64,-0.67,-76.83,6.63,6.06,-1.5,1,2942,-0.7,-25.6,6.8
10.0,1189.409752,238.89,-0.91,-74.76,6.93,6.06,0.25,1,3829,3.3,80.0,-0.5
10.0,1189.419753,237.22,-0.37,-72.05,6.47,3.74,2.25,1,3702,5.2,165.9,-2.5
10.0,1189.429754,236.43,-0.26,-69.2,6.41,-0.0,2.75,1,3585,4.6,199.4,1.9
10.0,1189.439752,236.51,-0.37,-67.78,6.59,-3.74,2.5,1,3464,6.4,108.0,3.3
10.0,1189.449753,237.13,-0.33,-68.6,6.54,-6.06,1.25,1,3329,-2.7,10.0,-3.7
10.0,1189.459752,238.89,-0.27,-69.79,6.37,-6.06,-0.5,1,3200,-0.8,-21.6,1.0
10.0,1189.469753,240.73,-0.47,-71.72,6.56,-3.74,-2.25,1,3065,-5.0,-161.0,0.4
10.0,1189.479756,241.88,-0.71,-75.14,6.68,-0.0,-3.0,1,2950,-7.4,-202.5,0.7
10.0,1189.489752,241.7,-0.67,-77.07,6.59,3.74,-2.75,1,3834,-2.5,-151.7,-4.4
10.0,1189.499753,240.64,-0.67,-76.83,6.63,6.06,-1.5,1,3707,-0.7,-26.3,6.7
10.0,1189.509752,238.97,-0.91,-74.77,6.93,6.06,0.25,1,3578,3.3,80.1,-0.5
10.0,1189.519753,237.3,-0.37,-72.05,6.47,3.74,2.25,1,3470,5.2,166.0,-2.5
10.0,1189.529756,236.51,-0.25,-69.2,6.41,0.0,2.75,1,3336,4.6,199.5,1.9
10.0,1189.539752,236.51,-0.36,-67.78,6.59,-3.74,2.5,1,3205,6.4,108.1,3.3
10.0,1189.549753,237.22,-0.32,-68.6,6.54,-6.06,1.25,1,3070,-2.6,10.1,-3.8
10.0,1189.559752,238.89,-0.27,-69.79,6.37,-6.06,-0.5,1,2942,-0.8,-21.1,1.0
10.0,1189.569753,240.64,-0.47,-71.71,6.56,-3.74,-2.25,1,3831,-5.0,-161.2,0.5
10.0,1189.579756,241.88,-0.7,-75.14,6.68,-0.0,-2.75,1,3706,-7.4,-202.8,0.7
10.0,1189.589752,241.79,-0.67,-77.08,6.59,3.74,-2.75,1,3583,-2.5,-152.4,-4.4
10.0,1189.599753,240.64,-0.67,-76.83,6.63,6.06,-1.5,1,3465,-0.7,-25.4,6.7
10.0,1189.609752,238.89,-0.9,-74.76,6.93,6.06,0.25,1,3328,3.3,79.8,-0.5
10.0,1189.619753,237.22,-0.37,-72.05,6.47,3.74,2.25,1,3202,5.3,165.8,-2.5
10.0,1189.629754,236.51,-0.25,-69.2,6.42,-0.0,2.75,1,3067,4.5,199.3,1.9
10.0,1189.639752,236.6,-0.36,-67.79,6.59,-3.74,2.5,1,2938,6.5,108.0,3.3
10.0,1189.649753,237.13,-0.32,-68.6,6.54,-6.06,1.25,1,3835,-2.7,9.9,-3.8
10.0,1189.659752,238.97,-0.27,-69.8,6.38,-6.06,-0.5,1,3707,-0.9,-21.4,1.0
10.0,1189.669753,240.64,-0.47,-71.72,6.56,-3.74,-2.25,1,3580,-5.0,-161.2,0.5
10.0,1189.679754,241.88,-0.7,-75.14,6.68,0.0,-3.0,1,3471,-7.4,-202.5,0.7
10.0,1189.689752,241.79,-0.66,-77.08,6.59,3.74,-2.75,1,3333,-2.5,-151.8,-4.4
10.0,1189.699753,240.64,-0.66,-76.84,6.63,6.06,-1.5,1,3207,-0.8,-26.7,6.7
10.0,1189.709752,238.8,-0.9,-74.78,6.93,6.06,0.25,1,3069,3.4,80.2,-0.5
10.0,1189.719753,237.22,-0.37,-72.05,6.47,3.74,2.25,1,2941,5.2,166.2,-2.5
10.0,1189.729756,236.43,-0.25,-69.2,6.42,0.0,2.75,1,3834,4.5,199.5,2.0
10.0,1189.739752,236.51,-0.36,-67.78,6.6,-3.74,2.5,1,3703,6.4,108.3,3.3
10.0,1189.749753,237.13,-0.32,-68.6,6.54,-6.06,1.25,1,3585,-2.6,9.9,-3.7
10.0,1189.759752,238.89,-0.27,-69.8,6.38,-6.06,-0.5,1,3465,-0.8,-21.5,1.0
10.0,1189.769753,240.64,-0.47,-71.71,6.56,-3.74,-2.25,1,3330,-5.0,-160.5,0.5
10.0,1189.779754,241.88,-0.7,-75.13,6.68,0.0,-2.75,1,3204,-7.3,-202.6,0.8
10.0,1189.789752,241.7,-0.67,-77.08,6.6,3.74,-2.75,1,3065,-2.5,-152.5,-4.4
10.0,1189.799753,240.64,-0.67,-76.83,6.64,6.06,-1.5,1,2947,-0.7,-25.3,6.8
10.0,1189.809752,238.89,-0.91,-74.76,6.94,6.06,0.25,1,3834,3.3,79.8,-0.5
10.0,1189.819753,237.22,-0.37,-72.05,6.48,3.74,2.25,1,3708,5.2,165.6,-2.5
10.0,1189.829756,236.51,-0.26,-69.2,6.42,0.0,2.75,1,3584,4.6,199.2,2.0
10.0,1189.839752,236.51,-0.37,-67.79,6.6,-3.74,2.5,1,3469,6.4,108.0,3.3
10.0,1189.849753,237.04,-0.33,-68.6,6.55,-6.06,1.25,1,3334,-2.6,10.5,-3.8
10.0,1189.859752,238.97,-0.27,-69.79,6.38,-6.06,-0.5,1,3206,-0.8,-21.6,1.0
10.0,1189.869753,240.73,-0.48,-71.71,6.57,-3.74,-2.25,1,3071,-5.0,-160.5,0.5
10.0,1189.879756,241.79,-0.71,-75.13,6.69,-0.0,-2.75,1,2946,-7.3,-202.6,0.7
10.0,1189.889752,241.79,-0.67,-77.08,6.6,3.74,-2.75,1,3830,-2.6,-152.2,-4.4
10.0,1189.899753,240.56,-0.67,-76.83,6.64,6.06,-1.5,1,3704,-0.7,-25.9,6.7
10.0,1189.909752,238.8,-0.91,-74.77,6.94,6.06,0.25,1,3584,3.3,79.7,-0.5
10.0,1189.919753,237.22,-0.38,-72.06,6.49,3.74,2.25,1,3466,5.2,165.6,-2.5
10.0,1189.929756,236.43,-0.26,-69.21,6.43,0.0,2.75,1,3333,4.6,199.2,1.9
10.0,1189.939752,236.6,-0.37,-67.79,6.61,-3.74,2.5,1,3202,6.4,108.1,3.4
10.0,1189.949753,237.13,-0.33,-68.6,6.55,-6.06,1.25,1,3067,-2.6,10.4,-3.8
10.0,1189.959752,238.97,-0.27,-69.79,6.39,-6.06,-0.5,1,2947,-0.8,-21.1,1.0
10.0,1189.969753,240.73,-0.48,-71.71,6.57,-3.74,-2.25,1,3836,-5.0,-160.9,0.5
10.0,1189.979756,241.88,-0.71,-75.14,6.69,-0.0,-2.75,1,3711,-7.4,-202.8,0.7
10.0,1189.989752,241.79,-0.67,-77.08,6.61,3.74,-2.75,1,3580,-2.6,-152.0,-4.4
10.0,1189.999753,240.64,-0.67,-76.83,6.65,6.06,-1.5,1,3471,-0.7,-26.3,6.7
10.0,1190.009752,238.8,-0.91,-74.78,6.95,6.06,0.25,1,3334,3.4,79.8,-0.5
10.0,1190.019753,237.22,-0.38,-72.06,6.49,3.74,2.25,1,3207,5.3,165.7,-2.5
10.0,1190.029756,236.51,-0.26,-69.21,6.43,0.0,2.75,1,3075,4.5,199.4,1.9
10.0,1190.039752,236.6,-0.37,-67.79,6.61,-3.74,2.5,1,2942,6.5,108.2,3.3
10.0,1190.049753,237.22,-0.33,-68.6,6.56,-6.06,1.25,1,3832,-2.6,10.0,-3.7
10.0,1190.059752,238.97,-0.27,-69.8,6.39,-6.06,-0.5,1,3703,-0.9,-21.1,1.0
10.0,1190.069753,240.64,-0.48,-71.71,6.58,-3.74,-2.25,1,3585,-5.0,-160.6,0.5
10.0,1190.079756,241.88,-0.7,-75.13,6.69,-0.0,-2.75,1,3470,-7.4,-202.5,0.7
10.0,1190.089752,241.79,-0.67,-77.07,6.61,3.74,-2.75,1,3330,-2.5,-151.8,-4.4
10.0,1190.099753,240.73,-0.67,-76.83,6.65,6.06,-1.5,1,3203,-0.8,-26.9,6.7
10.0,1190.109752,238.89,-0.91,-74.78,6.95,6.06,0.25,1,3067,3.5,79.8,-0.5
10.0,1190.119753,237.3,-0.37,-72.06,6.49,3.74,2.25,1,2947,5.3,165.8,-2.5
10.0,1190.129754,236.51,-0.25,-69.21,6.43,-0.0,2.75,1,3838,4.5,199.3,2.0
10.0,1190.139752,236.6,-0.37,-67.79,6.61,-3.74,2.5,1,3708,6.5,108.4,3.3
10.0,1190.149753,237.22,-0.32,-68.6,6.56,-6.06,1.25,1,3581,-2.6,10.1,-3.7
10.0,1190.159752,238.97,-0.27,-69.8,6.39,-6.06,-0.5,1,3471,-0.8,-21.3,1.0
10.0,1190.169753,240.64,-0.48,-71.71,6.58,-3.74,-2.25,1,3336,-5.0,-160.2,0.5
10.0,1190.179754,241.96,-0.7,-75.12,6.7,0.0,-2.75,1,3209,-7.3,-202.4,0.7
10.0,1190.189752,241.7,-0.67,-77.07,6.61,3.74,-2.75,1,3071,-2.5,-152.0,-4.4
10.0,1190.199753,240.64,-0.67,-76.83,6.65,6.06,-1.5,1,2945,-0.8,-26.4,6.7
10.0,1190.209752,238.89,-0.91,-74.78,6.95,6.06,0.25,1,3832,3.4,79.5,-0.6
10.0,1190.219753,237.13,-0.37,-72.06,6.49,3.74,2.25,1,3705,5.2,165.5,-2.5
10.0,1190.229756,236.43,-0.25,-69.21,6.43,0.0,2.75,1,3589,4.6,199.1,1.9
10.0,1190.239752,236.6,-0.36,-67.79,6.61,-3.74,2.5,1,3466,6.4,108.5,3.3
10.0,1190.249753,237.04,-0.32,-68.6,6.56,-6.06,1.25,1,3331,-2.7,10.1,-3.7
10.0,1190.259752,238.89,-0.27,-69.79,6.39,-6.06,-0.5,1,3203,-0.8,-21.2,1.0
