freq_hz,t_s,enc_deg,roll,pitch,yaw,target_deg,inc_deg,valid,imu_age_us,gx,gy,gz
0.5,8844.009739,118.04,3.27,13.81,44.27,0.63,1.25,1,6211,-1.4,133.1,-4.0
0.5,8844.019739,117.77,3.27,15.71,44.32,1.26,1.25,1,6076,-0.0,127.4,-2.8
0.5,8844.029740,117.69,3.3,16.41,44.36,1.88,0.75,1,5948,0.1,76.0,-1.1
0.5,8844.039739,117.95,3.29,16.03,44.35,2.51,0.75,1,6835,-0.0,12.4,-0.2
0.5,8844.049739,117.86,3.3,15.24,44.31,3.13,1.75,1,6708,1.4,-14.6,0.2
0.5,8844.059739,116.72,3.31,14.96,44.3,3.75,2.75,1,6589,0.2,-1.0,0.4
0.5,8844.069739,115.84,3.29,15.51,44.33,4.36,3.75,1,6470,-1.7,41.1,-0.7
0.5,8844.079739,115.4,3.28,16.98,44.37,4.97,4.0,1,6337,-0.3,104.5,-3.0
0.5,8844.089739,115.22,3.32,18.34,44.41,5.58,4.25,1,6215,1.4,72.7,-1.0
0.5,8844.099739,114.26,3.34,18.21,44.42,6.18,5.25,1,6080,0.2,19.2,-0.4
0.5,8844.109740,113.2,3.3,18.15,44.4,6.77,6.25,1,5952,-1.7,47.1,-1.6
0.5,8844.119739,112.94,3.34,19.59,44.45,7.36,6.25,1,6840,4.2,116.3,-2.9
0.5,8844.129739,112.94,3.42,21.05,44.5,7.94,6.25,1,6712,0.3,76.7,-2.0
0.5,8844.139739,112.5,3.37,20.75,44.49,8.52,6.75,1,6593,-1.0,9.2,0.1
0.5,8844.149739,111.01,3.35,20.12,44.47,9.08,8.25,1,6475,0.2,5.2,-0.4
0.5,8844.159739,109.78,3.38,20.86,44.48,9.64,9.75,1,6339,1.5,78.2,-2.0
0.5,8844.169739,108.98,3.41,23.08,44.56,10.18,10.25,1,6211,-1.4,148.9,-3.7
0.5,8844.179739,108.54,3.42,24.84,44.63,10.72,10.75,1,6078,1.4,105.3,-2.9
0.5,8844.189739,108.11,3.42,25.04,44.63,11.24,11.25,1,5957,-3.2,62.9,-1.1
0.5,8844.199739,107.84,3.39,25.09,44.64,11.76,11.5,1,6845,1.9,47.7,-0.9
0.5,8844.209739,107.67,3.45,25.27,44.64,12.26,11.75,1,6717,0.3,32.8,-0.9
0.5,8844.219742,107.31,3.43,25.33,44.64,12.75,12.0,1,6592,0.3,21.2,-0.3
0.5,8844.229739,106.17,3.44,25.37,44.65,13.23,13.25,1,6479,-0.1,15.4,-0.0
0.5,8844.239739,104.85,3.43,25.91,44.66,13.69,14.5,1,6347,-0.9,59.9,-1.8
0.5,8844.249740,104.06,3.45,27.62,44.72,14.14,15.25,1,6216,0.2,126.8,-3.0
0.5,8844.259740,104.06,3.5,29.51,44.8,14.58,15.25,1,6080,0.4,121.6,-3.0
0.5,8844.269740,104.06,3.53,29.88,44.82,15.0,14.75,1,5952,1.0,42.4,-0.3
0.5,8844.279740,104.24,3.51,29.11,44.79,15.41,15.25,1,6849,-0.6,2.1,-0.3
0.5,8844.289740,104.06,3.48,28.69,44.76,15.8,15.25,1,6721,0.3,-1.2,0.3
0.5,8844.299743,103.62,3.5,28.65,44.77,16.18,15.75,1,6597,1.0,-1.5,0.3
0.5,8844.309740,102.92,3.5,28.74,44.77,16.54,16.25,1,6484,-1.7,9.2,0.2
0.5,8844.319743,102.22,3.48,29.45,44.8,16.89,17.0,1,6351,-0.3,61.0,-1.6
0.5,8844.329740,101.69,3.54,30.72,44.85,17.21,17.5,1,6220,2.3,75.5,-1.4
0.5,8844.339740,101.25,3.56,31.42,44.88,17.53,18.0,1,6087,-2.0,55.0,-1.6
0.5,8844.349740,101.16,3.53,31.73,44.89,17.82,18.0,1,5957,0.5,51.5,-0.8
0.5,8844.359740,101.16,3.56,32.07,44.91,18.1,17.75,1,6856,-0.3,37.8,-1.0
0.5,8844.369740,101.07,3.55,31.93,44.9,18.36,17.5,1,6726,0.6,-0.8,0.5
0.5,8844.379743,100.99,3.55,31.54,44.89,18.6,18.25,1,6601,-0.3,-0.1,-0.1
0.5,8844.389740,100.28,3.54,31.55,44.88,18.82,19.0,1,6489,0.4,-0.1,0.3
0.5,8844.399743,100.02,3.55,32.11,44.91,19.02,19.25,1,6355,-2.1,56.4,-1.0
0.5,8844.409740,99.93,3.57,33.07,44.96,19.21,19.25,1,6225,2.6,39.3,-0.5
0.5,8844.419743,100.02,3.6,33.0,44.96,19.37,19.25,1,6091,-1.5,10.2,0.1
0.5,8844.429740,100.02,3.56,32.74,44.95,19.52,19.25,1,5961,0.2,3.4,0.2
0.5,8844.439740,100.02,3.57,32.67,44.94,19.65,19.25,1,6849,-0.2,-0.8,0.4
0.5,8844.449740,99.84,3.57,32.63,44.94,19.75,19.5,1,6730,0.1,-0.1,0.4
0.5,8844.459743,99.05,3.57,32.66,44.95,19.84,20.25,1,6606,-0.4,2.6,0.2
0.5,8844.469740,98.79,3.56,33.16,44.97,19.91,20.25,1,6484,-0.9,47.4,-1.1
0.5,8844.479739,98.88,3.62,34.23,45.01,19.96,20.0,1,6348,3.0,61.9,-1.1
0.5,8844.489740,98.7,3.66,34.46,45.03,19.99,19.75,1,6232,-0.6,8.6,0.1
0.5,8844.499743,98.79,3.6,33.93,45.0,20.0,19.75,1,6096,-0.5,0.1,0.2
0.5,8844.509740,98.88,3.6,33.85,45.0,19.99,19.75,1,5965,0.5,0.5,0.3
0.5,8844.519740,98.88,3.61,33.85,45.0,19.96,19.75,1,6857,-0.0,-0.4,0.2
0.5,8844.529740,98.79,3.61,33.8,45.0,19.91,19.75,1,6726,0.1,-3.5,0.7
0.5,8844.539740,98.7,3.61,33.77,45.0,19.84,19.75,1,6609,-0.2,0.4,0.3
0.5,8844.549740,98.79,3.61,33.81,45.0,19.75,19.75,1,6492,0.1,0.0,0.3
0.5,8844.559743,98.79,3.61,33.81,45.01,19.65,19.75,1,6355,-0.1,-0.4,0.4
0.5,8844.569740,98.7,3.61,33.81,45.01,19.52,19.75,1,6225,0.0,0.3,0.3
0.5,8844.579743,98.79,3.61,33.81,45.01,19.37,19.75,1,6092,-0.1,-0.5,0.5
0.5,8844.589740,99.14,3.61,33.81,45.01,19.21,19.25,1,5961,-0.1,0.5,0.2
0.5,8844.599740,99.67,3.61,33.8,45.01,19.02,18.75,1,6858,0.2,-2.2,0.7
0.5,8844.609740,100.2,3.63,33.29,44.99,18.82,18.25,1,6731,2.2,-47.9,1.2
0.5,8844.619740,100.37,3.61,32.24,44.93,18.6,18.25,1,6604,-0.6,-59.1,1.4
0.5,8844.629740,100.46,3.57,31.66,44.91,18.36,18.5,1,6493,-0.1,-47.2,1.9
0.5,8844.639742,100.2,3.57,31.75,44.92,18.1,18.75,1,6360,-1.3,-2.7,0.1
0.5,8844.649740,100.2,3.57,32.19,44.94,17.82,18.75,1,6233,0.6,-0.8,0.8
0.5,8844.659743,100.46,3.57,32.46,44.96,17.53,18.0,1,6097,-2.9,25.8,-0.4
0.5,8844.669740,101.43,3.56,32.73,44.97,17.21,17.25,1,5966,1.8,-0.4,1.0
0.5,8844.679740,101.69,3.6,31.72,44.93,16.89,17.0,1,6854,1.6,-74.3,1.4
0.5,8844.689740,101.78,3.54,30.39,44.86,16.54,16.75,1,6735,-2.0,-59.4,2.2
0.5,8844.699740,101.87,3.54,30.41,44.88,16.18,16.75,1,6608,2.0,-12.9,0.8
0.5,8844.709740,102.22,3.57,30.71,44.89,15.8,16.25,1,6497,-1.1,-16.0,0.7
0.5,8844.719740,103.01,3.54,30.57,44.89,15.41,15.5,1,6362,-0.3,-10.8,0.9
0.5,8844.729740,103.62,3.55,30.03,44.87,15.0,14.75,1,6234,1.4,-59.4,2.2
0.5,8844.739740,104.06,3.53,28.87,44.82,14.58,14.25,1,6099,-1.2,-67.7,1.9
0.5,8844.749740,104.5,3.51,28.19,44.8,14.14,14.0,1,5970,1.7,-59.5,2.5
0.5,8844.759743,104.85,3.53,27.84,44.79,13.69,13.75,1,6861,-0.3,-43.2,1.2
0.5,8844.769740,104.85,3.5,27.67,44.78,13.23,13.75,1,6743,-0.2,-34.0,1.7
0.5,8844.779740,105.21,3.5,27.56,44.79,12.75,13.25,1,6612,-0.6,-20.2,0.8
0.5,8844.789740,105.73,3.5,27.58,44.79,12.26,12.75,1,6493,0.2,-11.3,0.9
0.5,8844.799740,106.17,3.5,27.21,44.78,11.76,12.25,1,6357,-0.2,-46.4,1.7
0.5,8844.809740,106.52,3.46,26.32,44.74,11.24,12.0,1,6239,-1.8,-53.2,1.6
0.5,8844.819740,106.88,3.45,25.88,44.73,10.72,11.5,1,6103,0.7,-37.6,1.8
0.5,8844.829740,107.58,3.47,25.8,44.73,10.18,10.75,1,5975,-0.5,-23.7,1.0
0.5,8844.839740,108.11,3.47,25.36,44.72,9.64,10.25,1,6863,1.6,-57.4,2.6
0.5,8844.849740,108.63,3.46,24.34,44.69,9.08,9.75,1,6736,-1.7,-68.3,2.0
0.5,8844.859740,109.16,3.43,23.73,44.66,8.52,9.25,1,6617,1.4,-50.3,1.8
0.5,8844.869740,110.3,3.45,23.48,44.65,7.94,8.0,1,6498,-0.4,-43.0,1.5
0.5,8844.879740,111.8,3.42,22.79,44.63,7.36,6.5,1,6362,-0.2,-75.9,2.6
0.5,8844.889740,112.76,3.4,21.08,44.58,6.77,5.75,1,6234,-0.7,-138.1,4.3
0.5,8844.899741,112.76,3.37,19.08,44.51,6.18,5.75,1,6108,0.4,-137.9,3.8
0.5,8844.909740,112.76,3.39,18.62,44.5,5.58,5.75,1,5971,0.6,-46.1,2.5
0.5,8844.919740,112.68,3.4,19.57,44.55,4.97,5.75,1,6871,-0.3,3.0,0.5
0.5,8844.929740,113.38,3.39,20.09,44.56,4.36,5.25,1,6743,-0.7,2.9,0.5
0.5,8844.939740,114.43,3.39,19.95,44.55,3.75,4.0,1,6612,0.4,-14.6,0.6
0.5,8844.949740,115.75,3.39,19.04,44.53,3.13,2.5,1,6503,0.4,-73.0,3.1
0.5,8844.959740,116.63,3.37,17.13,44.47,2.51,1.75,1,6367,-0.2,-132.4,3.0
0.5,8844.969740,116.72,3.33,15.25,44.39,1.88,1.75,1,6239,-1.0,-129.2,4.2
0.5,8844.979740,116.63,3.31,14.82,44.38,1.26,2.25,1,6111,-1.2,-46.5,0.7
0.5,8844.989740,116.54,3.32,15.65,44.41,0.63,2.5,1,5975,0.3,1.0,0.9
0.5,8844.999743,116.72,3.33,16.21,44.44,0.0,1.75,1,6875,-1.2,8.0,0.3
0.5,8845.009740,118.04,3.31,16.33,44.45,-0.63,0.5,1,6746,-0.3,5.4,0.8
0.5,8845.019740,119.18,3.35,15.81,44.43,-1.26,-0.75,1,6617,2.7,-49.8,1.1
0.5,8845.029740,119.44,3.36,13.89,44.36,-1.88,-0.75,1,6507,-0.1,-136.9,4.6
0.5,8845.039740,119.27,3.32,12.22,44.32,-2.51,-0.75,1,6371,-0.1,-80.1,2.2
0.5,8845.049740,119.88,3.32,12.77,44.34,-3.13,-1.5,1,6244,0.0,-1.8,1.0
0.5,8845.059740,121.11,3.33,13.38,44.37,-3.75,-2.75,1,6107,-0.3,-17.0,1.1
0.5,8845.069740,122.43,3.31,12.35,44.34,-4.36,-4.25,1,5979,-0.7,-87.6,2.8
0.5,8845.079740,122.96,3.29,10.18,44.27,-4.97,-4.5,1,6869,-0.6,-146.5,4.5
0.5,8845.089740,123.57,3.29,8.76,44.22,-5.58,-5.25,1,6749,1.3,-83.4,1.9
0.5,8845.099740,124.63,3.31,8.87,44.22,-6.18,-6.25,1,6622,-0.3,-51.6,2.7
0.5,8845.109740,125.6,3.29,8.28,44.22,-6.77,-7.25,1,6503,-0.8,-90.6,2.8
0.5,8845.119740,125.95,3.27,6.93,44.18,-7.36,-7.5,1,6375,-0.8,-96.0,3.5
0.5,8845.129740,125.95,3.27,6.13,44.15,-7.94,-7.25,1,6248,0.4,-75.0,1.6
0.5,8845.139740,126.04,3.28,6.2,44.15,-8.52,-7.5,1,6112,-0.3,-13.8,1.1
0.5,8845.149740,126.91,3.27,6.83,44.18,-9.08,-8.5,1,5987,-0.0,2.1,0.5
0.5,8845.159743,127.79,3.27,6.68,44.18,-9.64,-9.25,1,6875,-0.2,-31.6,1.6
0.5,8845.169740,128.14,3.27,5.27,44.14,-10.18,-9.75,1,6745,-0.1,-107.0,3.3
0.5,8845.179740,128.32,3.27,3.91,44.1,-10.72,-9.75,1,6626,0.7,-60.5,2.2
0.5,8845.189740,128.58,3.28,4.15,44.11,-11.24,-10.25,1,6508,0.0,-22.6,1.1
0.5,8845.199740,129.46,3.27,4.37,44.12,-11.76,-11.25,1,6371,-0.6,-16.3,1.4
0.5,8845.209740,130.61,3.26,3.8,44.11,-12.26,-12.25,1,6252,-0.1,-63.0,1.7
0.5,8845.219740,130.78,3.25,2.21,44.06,-12.75,-12.25,1,6116,-1.3,-112.2,3.7
0.5,8845.229740,131.13,3.24,1.19,44.04,-13.23,-12.5,1,5992,0.6,-52.9,1.9
0.5,8845.239740,132.1,3.26,1.67,44.05,-13.69,-13.5,1,6878,0.5,-11.7,0.7
0.5,8845.249740,133.33,3.25,1.52,44.06,-14.14,-14.75,1,6749,-1.0,-55.6,3.1
0.5,8845.259740,133.86,3.23,-0.02,44.03,-14.58,-15.5,1,6622,-0.4,-110.1,4.2
0.5,8845.269740,133.95,3.24,-1.69,43.97,-15.0,-15.25,1,6512,0.3,-112.8,2.2
0.5,8845.279740,133.86,3.26,-2.09,43.93,-15.41,-14.5,1,6376,0.9,-37.5,0.3
0.5,8845.289740,133.68,3.25,-1.22,43.96,-15.8,-14.25,1,6249,-1.2,11.8,0.5
0.5,8845.299740,133.51,3.21,-0.52,44.01,-16.18,-14.75,1,6121,-2.4,20.8,0.8
0.5,8845.309740,134.03,3.21,-0.07,44.04,-16.54,-15.5,1,5993,1.4,35.9,0.3
0.5,8845.319740,134.65,3.26,-0.23,44.02,-16.89,-16.25,1,6881,1.8,-30.5,0.5
0.5,8845.329740,134.82,3.27,-1.61,43.95,-17.21,-16.5,1,6754,0.4,-72.7,0.4
0.5,8845.339740,134.82,3.26,-2.59,43.91,-17.53,-16.5,1,6627,0.2,-55.3,1.4
0.5,8845.349740,135.53,3.25,-2.4,43.94,-17.82,-17.25,1,6518,-1.0,1.8,1.1
0.5,8845.359740,136.14,3.24,-2.04,43.96,-18.1,-17.75,1,6380,0.6,-21.1,0.6
0.5,8845.369740,136.14,3.25,-3.11,43.92,-18.36,-17.75,1,6256,-1.0,-84.3,3.6
0.5,8845.379740,136.58,3.24,-4.11,43.91,-18.6,-18.0,1,6117,0.3,-37.0,1.3
0.5,8845.389740,137.2,3.25,-3.67,43.91,-18.82,-18.75,1,5989,0.4,-3.0,0.4
0.5,8845.399740,137.81,3.24,-3.82,43.91,-19.02,-19.25,1,6886,-0.9,-48.6,1.8
0.5,8845.409740,138.25,3.24,-4.93,43.88,-19.21,-19.75,1,6758,0.3,-66.1,1.7
0.5,8845.419740,138.34,3.26,-5.58,43.85,-19.37,-19.75,1,6631,0.7,-47.3,2.0
0.5,8845.429740,137.99,3.26,-5.79,43.86,-19.52,-19.25,1,6521,-0.2,-39.4,1.4
0.5,8845.439740,137.9,3.23,-5.54,43.87,-19.65,-18.75,1,6385,-1.8,16.2,0.9
0.5,8845.449740,137.46,3.19,-4.73,43.91,-19.75,-18.75,1,6257,-2.5,26.0,0.3
0.5,8845.459740,138.08,3.19,-4.18,43.93,-19.84,-19.75,1,6121,1.2,45.5,-0.3
0.5,8845.469740,139.13,3.25,-4.1,43.92,-19.91,-20.75,1,5994,2.7,-12.0,-0.5
0.5,8845.479740,139.66,3.28,-5.58,43.86,-19.96,-21.25,1,6882,0.4,-90.2,2.1
0.5,8845.489740,139.48,3.27,-7.3,43.79,-19.99,-20.75,1,6763,1.0,-94.5,0.9
0.5,8845.499740,139.31,3.28,-7.58,43.77,-20.0,-20.5,1,6636,0.3,-23.9,0.9
0.5,8845.509740,139.13,3.23,-6.62,43.83,-19.99,-20.5,1,6518,-3.6,26.0,1.1
0.5,8845.519740,139.13,3.15,-5.74,43.89,-19.96,-20.5,1,6381,-4.3,37.8,0.6
0.5,8845.529740,139.13,3.15,-5.68,43.89,-19.91,-20.5,1,6262,1.1,-5.9,0.4
0.5,8845.539740,139.22,3.21,-6.11,43.86,-19.84,-20.5,1,6126,0.8,1.1,-0.1
0.5,8845.549740,139.13,3.21,-6.04,43.86,-19.75,-20.25,1,5998,-0.1,-0.4,0.3
0.5,8845.559740,139.04,3.2,-6.05,43.86,-19.65,-19.5,1,6886,-0.2,1.2,0.3
0.5,8845.569740,138.08,3.18,-5.91,43.87,-19.52,-19.0,1,6761,-1.4,11.8,0.5
0.5,8845.579740,137.46,3.16,-5.46,43.9,-19.37,-18.75,1,6640,-0.7,34.8,0.1
0.5,8845.589740,137.99,3.22,-4.12,43.95,-19.21,-19.25,1,6521,5.2,110.6,-1.8
0.5,8845.599740,138.78,3.29,-3.35,43.96,-19.02,-20.25,1,6385,1.5,1.4,-0.8
0.5,8845.609740,139.13,3.26,-5.21,43.89,-18.82,-20.75,1,6261,0.3,-76.7,2.0
0.5,8845.619740,139.04,3.26,-6.81,43.83,-18.6,-20.25,1,6130,0.6,-82.7,0.8
0.5,8845.629740,138.6,3.27,-6.99,43.81,-18.36,-19.5,1,6002,0.5,-11.5,0.3
0.5,8845.639740,138.08,3.23,-6.02,43.86,-18.1,-19.25,1,6891,-3.5,25.5,0.8
0.5,8845.649740,137.55,3.16,-5.27,43.91,-17.82,-18.75,1,6763,-2.4,38.7,0.7
0.5,8845.659740,137.2,3.2,-4.29,43.95,-17.53,-18.25,1,6639,3.4,84.2,-1.2
0.5,8845.669740,137.11,3.24,-3.5,43.98,-17.21,-17.75,1,6529,-1.6,33.9,0.0
0.5,8845.679740,136.76,3.2,-3.68,43.96,-16.89,-17.5,1,6390,1.2,31.9,-1.6
0.5,8845.689743,136.23,3.22,-3.46,43.97,-16.54,-16.75,1,6265,-1.0,24.5,1.1
0.5,8845.699740,135.44,3.2,-3.38,43.99,-16.18,-15.75,1,6135,0.2,15.7,-0.9
0.5,8845.709740,134.82,3.19,-2.64,44.0,-15.8,-15.5,1,5998,-2.1,82.4,-0.8
0.5,8845.719740,134.82,3.17,-1.12,44.06,-15.41,-15.5,1,6895,0.3,85.2,-2.2
0.5,8845.729740,134.82,3.19,-0.69,44.05,-15.0,-15.5,1,6768,0.1,40.1,-1.1
0.5,8845.739740,134.74,3.19,-1.11,44.04,-14.58,-15.25,1,6640,0.2,3.5,0.1
0.5,8845.749739,133.68,3.19,-1.45,44.03,-14.14,-14.25,1,6525,-0.2,2.0,-0.1
0.5,8845.759739,132.45,3.18,-1.29,44.04,-13.69,-13.0,1,6394,-0.9,17.9,0.2
0.5,8845.769739,131.4,3.22,0.04,44.08,-13.23,-12.25,1,6270,5.2,116.7,-3.3
0.5,8845.779739,130.96,3.28,2.3,44.13,-12.75,-12.25,1,6130,-0.7,126.8,-3.5
0.5,8845.789739,131.22,3.22,3.51,44.17,-12.26,-12.5,1,6006,0.3,110.9,-3.0
0.5,8845.799739,131.13,3.24,3.08,44.15,-11.76,-12.25,1,6899,1.0,-26.6,0.7
0.5,8845.809739,131.13,3.25,1.73,44.11,-11.24,-11.75,1,6772,0.0,1.9,0.4
0.5,8845.819739,130.52,3.24,2.06,44.13,-10.72,-11.0,1,6648,-0.1,5.3,-0.1
0.5,8845.829743,130.08,3.23,2.12,44.13,-10.18,-10.25,1,6529,-0.6,2.2,0.9
0.5,8845.839739,129.55,3.21,2.92,44.16,-9.64,-9.75,1,6398,-1.6,83.2,-2.6
0.5,8845.849742,129.2,3.18,4.21,44.19,-9.08,-9.5,1,6274,-2.1,47.5,0.0
0.5,8845.859739,128.58,3.18,4.3,44.21,-8.52,-8.75,1,6138,0.5,45.6,-0.6
0.5,8845.869739,127.62,3.21,4.66,44.21,-7.94,-8.0,1,6007,0.2,37.0,-1.3
0.5,8845.879739,126.74,3.23,5.39,44.22,-7.36,-7.25,1,6895,1.8,81.5,-2.2
0.5,8845.889739,126.12,3.26,6.68,44.26,-6.77,-6.5,1,6771,1.9,85.3,-2.5
0.5,8845.899739,125.51,3.27,7.46,44.29,-6.18,-6.0,1,6649,-0.2,74.2,-1.4
0.5,8845.909742,125.24,3.25,7.95,44.3,-5.58,-5.75,1,6534,-0.2,60.0,-1.8
0.5,8845.919739,124.72,3.25,8.3,44.31,-4.97,-5.25,1,6394,-0.0,48.5,-0.9
0.5,8845.929742,124.72,3.24,8.54,44.32,-4.36,-5.0,1,6278,-0.9,36.1,-0.3
0.5,8845.939739,124.19,3.23,8.72,44.34,-3.75,-4.5,1,6140,-0.7,30.0,-0.3
0.5,8845.949739,122.96,3.23,8.91,44.34,-3.13,-3.25,1,6015,0.3,25.5,-0.6
0.5,8845.959739,121.29,3.24,9.54,44.35,-2.51,-1.75,1,6900,-0.6,67.0,-1.8
0.5,8845.969739,120.32,3.26,11.28,44.4,-1.88,-1.0,1,6773,2.5,132.6,-3.2
0.5,8845.979739,119.97,3.31,13.38,44.47,-1.26,-1.25,1,6645,0.7,144.7,-4.0
0.5,8845.989742,120.15,3.3,14.31,44.5,-0.63,-1.5,1,6538,-0.3,80.8,-1.8
0.5,8845.999740,120.23,3.3,13.85,44.48,0.0,-1.5,1,6402,1.6,17.7,-0.8
0.5,8846.009741,120.23,3.33,12.9,44.44,0.63,-0.75,1,6273,1.6,-31.6,0.8
0.5,8846.019739,119.27,3.32,12.44,44.43,1.26,0.25,1,6147,0.1,3.1,0.3
0.5,8846.029739,118.48,3.29,13.04,44.45,1.88,1.25,1,6010,-2.7,25.5,-0.3
0.5,8846.039739,117.86,3.27,14.37,44.49,2.51,1.5,1,6905,0.2,110.1,-3.0
0.5,8846.049739,117.86,3.32,15.93,44.55,3.13,1.75,1,6780,1.0,71.8,-0.8
0.5,8846.059739,117.16,3.34,15.99,44.56,3.75,2.25,1,6650,0.2,44.2,-1.4
0.5,8846.069739,115.58,3.32,15.75,44.54,4.36,3.75,1,6530,-0.4,3.5,0.2
0.5,8846.079739,114.26,3.31,16.29,44.55,4.97,5.25,1,6404,-0.2,94.8,-3.0
0.5,8846.089739,113.47,3.33,18.81,44.63,5.58,6.0,1,6276,-1.2,160.3,-3.5
0.5,8846.099739,113.03,3.36,20.6,44.7,6.18,6.25,1,6148,1.8,113.6,-3.1
0.5,8846.109739,112.94,3.36,20.78,44.7,6.77,6.0,1,6012,-2.9,65.0,-1.5
0.5,8846.119739,113.03,3.35,20.52,44.7,7.36,6.25,1,6909,3.7,22.2,0.1
0.5,8846.129742,112.32,3.4,20.1,44.69,7.94,7.25,1,6784,-0.5,1.0,-0.1
0.5,8846.139739,111.36,3.36,19.9,44.67,8.52,8.0,1,6654,0.5,1.0,0.3
0.5,8846.149739,111.01,3.38,21.05,44.71,9.08,8.25,1,6535,-0.3,114.7,-3.3
0.5,8846.159739,110.48,3.4,22.87,44.77,9.64,9.0,1,6408,0.6,68.6,-1.3
0.5,8846.169740,109.51,3.38,22.64,44.77,10.18,9.75,1,6281,-2.7,23.6,-0.6
0.5,8846.179739,108.81,3.36,22.95,44.78,10.72,10.75,1,6144,0.5,75.4,-1.5
0.5,8846.189739,108.28,3.42,24.29,44.83,11.24,11.25,1,6017,1.2,82.3,-2.3
0.5,8846.199739,107.84,3.43,25.06,44.85,11.76,11.5,1,6908,-0.8,70.5,-1.8
0.5,8846.209743,107.58,3.43,25.43,44.87,12.26,11.75,1,6789,0.7,48.9,-0.6
0.5,8846.219739,106.96,3.44,25.6,44.88,12.75,12.25,1,6658,-0.4,38.8,-1.2
0.5,8846.229741,106.17,3.44,25.78,44.87,13.23,13.25,1,6541,1.2,27.8,-0.5
0.5,8846.239739,105.47,3.46,26.35,44.9,13.69,13.75,1,6404,-1.1,67.6,-1.8
0.5,8846.249740,104.85,3.46,27.54,44.94,14.14,14.25,1,6285,1.0,78.9,-1.8
0.5,8846.259740,104.59,3.47,28.26,44.97,14.58,14.75,1,6149,-2.4,60.7,-1.5
0.5,8846.269740,104.24,3.46,28.58,44.99,15.0,15.25,1,6021,1.5,50.5,-0.5
0.5,8846.279740,104.06,3.5,28.82,45.0,15.41,15.25,1,6910,-0.4,34.5,-1.0
0.5,8846.289740,103.89,3.49,28.93,45.0,15.8,15.25,1,6782,1.0,27.1,-0.4
0.5,8846.299740,103.54,3.51,29.04,45.0,16.18,15.75,1,6663,-0.3,17.6,-0.2
0.5,8846.309740,102.74,3.49,29.09,45.0,16.54,16.5,1,6544,0.1,14.8,-0.2
0.5,8846.319740,102.04,3.5,29.63,45.02,16.89,17.25,1,6408,-0.2,57.1,-1.4
0.5,8846.329740,101.87,3.54,30.83,45.07,17.21,17.25,1,6281,1.7,77.1,-1.7
0.5,8846.339740,101.78,3.56,31.58,45.1,17.53,17.25,1,6153,-1.9,55.0,-1.4
0.5,8846.349743,101.95,3.53,31.44,45.1,17.82,17.0,1,6028,1.1,8.1,0.2
0.5,8846.359740,101.78,3.55,30.97,45.08,18.1,17.25,1,6917,-0.5,-0.3,0.1
0.5,8846.369743,101.25,3.53,30.89,45.07,18.36,18.0,1,6790,0.5,1.1,0.2
0.5,8846.379740,100.55,3.54,30.9,45.07,18.6,18.75,1,6659,-0.4,-0.3,0.2
0.5,8846.389740,100.11,3.54,31.82,45.11,18.82,19.0,1,6549,-1.0,93.2,-2.0
0.5,8846.399740,100.02,3.58,33.32,45.18,19.02,19.25,1,6413,0.8,56.0,-1.0
0.5,8846.409740,100.02,3.57,33.15,45.18,19.21,19.25,1,6286,-1.8,20.2,-0.1
0.5,8846.419740,99.93,3.56,32.92,45.17,19.37,19.25,1,6161,1.4,12.8,-0.1
0.5,8846.429743,99.93,3.59,32.89,45.17,19.52,19.25,1,6033,-0.0,4.5,0.0
0.5,8846.439740,99.93,3.57,32.8,45.16,19.65,19.25,1,6918,-0.1,-0.1,0.5
0.5,8846.449739,99.76,3.57,32.76,45.17,19.75,19.5,1,6791,-0.2,0.3,0.2
0.5,8846.459740,98.96,3.56,32.79,45.16,19.84,20.25,1,6664,-0.1,2.6,0.2
0.5,8846.469740,98.79,3.57,33.29,45.18,19.91,20.5,1,6545,-0.9,47.5,-1.2
0.5,8846.479740,98.7,3.62,34.36,45.23,19.96,19.75,1,6420,2.8,62.6,-0.9
0.5,8846.489740,99.67,3.65,34.57,45.25,19.99,18.75,1,6290,-1.0,6.1,0.1
0.5,8846.499740,100.28,3.6,33.71,45.21,20.0,18.5,1,6155,1.5,-30.2,1.0
0.5,8846.509740,100.37,3.61,32.51,45.15,19.99,18.75,1,6038,1.1,-83.9,2.1
0.5,8846.519740,99.49,3.55,31.45,45.09,19.96,19.75,1,6914,-2.0,-51.9,1.2
0.5,8846.529741,98.7,3.53,32.19,45.13,19.91,20.25,1,6796,-1.3,41.6,-0.4
0.5,8846.539740,98.53,3.59,33.86,45.22,19.84,20.75,1,6668,0.9,74.3,-1.4
0.5,8846.549740,98.53,3.64,34.78,45.26,19.75,20.0,1,6549,-0.1,59.1,-0.8
0.5,8846.559740,99.58,3.63,34.7,45.26,19.65,19.25,1,6425,-0.0,6.6,0.2
0.5,8846.569740,99.84,3.62,33.92,45.22,19.52,18.75,1,6294,1.2,-24.9,0.7
0.5,8846.579740,99.84,3.61,32.7,45.16,19.37,19.0,1,6161,1.3,-91.1,2.6
0.5,8846.589743,99.58,3.58,31.86,45.12,19.21,19.5,1,6033,-1.1,-17.7,0.2
0.5,8846.599740,99.67,3.57,32.57,45.15,19.02,19.25,1,6918,-0.1,-1.8,0.8
0.5,8846.609740,100.02,3.59,32.97,45.19,18.82,18.5,1,6791,-0.6,23.4,0.2
0.5,8846.619740,100.11,3.59,33.22,45.2,18.6,18.25,1,6675,-0.7,0.3,0.4
0.5,8846.629740,100.2,3.58,32.49,45.16,18.36,18.75,1,6554,1.6,-50.2,1.2
0.5,8846.639740,100.37,3.58,31.92,45.13,18.1,18.5,1,6417,-0.7,-6.3,0.4
0.5,8846.649740,100.46,3.57,32.34,45.16,17.82,18.25,1,6299,0.3,-1.9,0.8
0.5,8846.659740,100.81,3.58,32.39,45.17,17.53,17.75,1,6163,-0.5,0.4,0.4
0.5,8846.669740,101.16,3.56,32.04,45.15,17.21,17.25,1,6035,-0.4,-37.5,1.1
0.5,8846.679740,101.34,3.56,31.36,45.12,16.89,17.25,1,6923,1.2,-30.1,1.3
0.5,8846.689740,101.87,3.56,31.14,45.12,16.54,16.75,1,6796,-0.7,-29.2,1.0
0.5,8846.699740,102.66,3.55,30.89,45.11,16.18,15.75,1,6668,0.8,-26.0,1.5
0.5,8846.709740,103.1,3.55,30.3,45.09,15.8,15.5,1,6558,-0.5,-61.9,2.1
0.5,8846.719740,103.1,3.51,29.19,45.05,15.41,15.75,1,6423,-0.9,-75.6,2.4
0.5,8846.729740,103.01,3.51,28.93,45.04,15.0,15.5,1,6294,0.6,-12.3,0.9
0.5,8846.739740,103.8,3.54,29.55,45.07,14.58,14.75,1,6167,0.2,-1.0,0.5
0.5,8846.749740,104.85,3.54,29.48,45.07,14.14,13.5,1,6039,1.0,-18.6,1.1
0.5,8846.759740,105.47,3.53,28.29,45.03,13.69,13.0,1,6928,-0.4,-101.1,3.5
0.5,8846.769740,105.56,3.47,26.45,44.96,13.23,13.25,1,6800,-1.5,-101.9,2.7
0.5,8846.779740,105.56,3.44,26.13,44.94,12.75,13.75,1,6673,-0.2,-30.8,1.0
0.5,8846.789740,105.29,3.47,26.83,44.97,12.26,14.0,1,6562,0.2,-1.6,0.8
0.5,8846.799740,105.21,3.47,27.37,45.0,11.76,13.25,1,6427,-2.5,25.0,0.3
0.5,8846.809740,106.0,3.44,27.78,45.03,11.24,12.5,1,6299,-0.4,14.3,0.1
0.5,8846.819740,106.79,3.49,27.32,45.0,10.72,11.75,1,6163,3.1,-34.9,1.2
0.5,8846.829740,107.14,3.49,26.05,44.95,10.18,11.25,1,6044,-0.5,-77.7,2.3
0.5,8846.839740,107.84,3.45,25.09,44.92,9.64,10.75,1,6932,1.3,-54.0,1.6
0.5,8846.849740,109.07,3.47,24.86,44.91,9.08,9.25,1,6805,0.4,-46.8,2.0
0.5,8846.859740,110.48,3.46,24.13,44.89,8.52,7.75,1,6677,-0.3,-79.8,2.7
0.5,8846.869740,111.62,3.41,22.39,44.83,7.94,7.0,1,6558,-1.2,-141.1,4.0
0.5,8846.879740,111.62,3.37,20.35,44.76,7.36,7.0,1,6434,-0.8,-142.9,4.5
0.5,8846.889740,111.71,3.36,19.73,44.74,6.77,7.25,1,6304,-0.3,-60.1,1.5
0.5,8846.899742,112.06,3.38,20.54,44.76,6.18,6.5,1,6170,0.4,-1.4,0.7
0.5,8846.909740,113.03,3.4,21.13,44.8,5.58,5.5,1,6049,-0.2,-0.4,0.9
0.5,8846.919740,113.82,3.39,20.44,44.78,4.97,4.75,1,6928,0.5,-69.3,2.3
0.5,8846.929740,114.43,3.38,18.84,44.73,4.36,4.0,1,6809,0.3,-91.9,3.4
0.5,8846.939740,114.79,3.37,17.85,44.7,3.75,3.75,1,6685,0.3,-75.8,2.2
0.5,8846.949740,114.7,3.37,17.38,44.67,3.13,4.0,1,6563,0.1,-63.4,1.9
0.5,8846.959743,114.61,3.36,17.48,44.68,2.51,3.75,1,6438,-0.6,-2.2,0.4
0.5,8846.969740,115.4,3.36,18.14,44.71,1.88,3.0,1,6308,-0.8,4.7,0.8
0.5,8846.979740,116.54,3.37,18.04,44.71,1.26,1.75,1,6175,1.4,-17.0,0.9
0.5,8846.989740,117.16,3.37,16.81,44.67,0.63,1.25,1,6045,-0.9,-101.6,3.5
0.5,8846.999740,117.77,3.31,14.96,44.61,0.0,0.75,1,6933,-1.8,-100.5,2.5
0.5,8847.009740,118.65,3.3,14.56,44.59,-0.63,-0.25,1,6805,0.6,-40.8,1.7
0.5,8847.019742,119.62,3.34,14.58,44.61,-1.26,-1.25,1,6689,0.7,-57.4,3.1
0.5,8847.029740,119.79,3.33,13.28,44.58,-1.88,-1.25,1,6568,-0.5,-114.0,3.6
0.5,8847.039743,120.23,3.31,12.05,44.53,-2.51,-1.75,1,6434,0.6,-66.3,2.0
0.5,8847.049740,121.55,3.33,12.3,44.54,-3.13,-3.0,1,6313,0.5,-22.6,1.1
0.5,8847.059743,122.78,3.32,12.02,44.55,-3.75,-4.25,1,6179,-1.3,-71.9,3.1
0.5,8847.069740,123.57,3.28,10.24,44.5,-4.36,-5.25,1,6049,-0.6,-128.0,4.2
0.5,8847.079740,123.57,3.28,8.45,44.44,-4.97,-5.25,1,6937,0.2,-123.4,3.4
0.5,8847.089740,123.49,3.29,8.0,44.42,-5.58,-4.75,1,6810,0.3,-49.3,1.4
0.5,8847.099743,123.31,3.29,8.81,44.45,-6.18,-4.5,1,6685,-0.7,6.4,0.7
0.5,8847.109740,123.49,3.26,9.52,44.49,-6.77,-5.25,1,6572,-2.2,15.4,0.4
0.5,8847.119743,124.45,3.23,9.77,44.5,-7.36,-6.0,1,6439,-1.9,16.1,0.6
0.5,8847.129740,125.24,3.27,9.2,44.48,-7.94,-6.75,1,6312,3.6,-57.1,0.9
0.5,8847.139741,125.95,3.31,7.57,44.41,-8.52,-7.5,1,6183,0.0,-90.0,2.7
0.5,8847.149740,126.47,3.27,6.48,44.39,-9.08,-8.0,1,6053,0.2,-76.4,2.5
0.5,8847.159740,127.18,3.27,6.01,44.37,-9.64,-8.75,1,6943,-0.3,-60.8,1.8
0.5,8847.169740,128.23,3.27,5.63,44.37,-10.18,-9.75,1,6814,-0.0,-53.7,2.9
0.5,8847.179743,128.67,3.26,4.81,44.36,-10.72,-10.25,1,6690,-0.3,-88.7,2.3
0.5,8847.189740,128.67,3.26,3.54,44.31,-11.24,-10.25,1,6571,-0.0,-92.5,3.3
0.5,8847.199742,129.02,3.27,3.27,44.31,-11.76,-10.5,1,6443,0.7,-23.2,0.6
0.5,8847.209740,129.73,3.27,3.96,44.32,-12.26,-11.25,1,6313,-0.2,0.3,0.6
0.5,8847.219740,130.96,3.26,3.74,44.32,-12.75,-12.5,1,6177,-0.6,-45.8,1.5
0.5,8847.229740,131.75,3.24,2.28,44.28,-13.23,-13.25,1,6058,-0.9,-100.0,3.7
0.5,8847.239740,132.54,3.24,0.74,44.26,-13.69,-14.0,1,6946,-0.1,-99.1,3.9
0.5,8847.249740,132.71,3.25,-0.0,44.24,-14.14,-14.25,1,6818,0.2,-75.6,2.2
0.5,8847.259743,132.71,3.25,-0.43,44.23,-14.58,-14.0,1,6694,-0.1,-66.0,3.4
0.5,8847.269740,132.71,3.24,-0.33,44.24,-15.0,-14.25,1,6573,-0.6,-0.0,0.1
0.5,8847.279740,133.51,3.23,0.43,44.26,-15.41,-15.0,1,6437,-0.1,10.4,0.7
0.5,8847.289740,134.12,3.24,0.26,44.26,-15.8,-15.75,1,6319,0.5,-28.0,1.0
0.5,8847.299743,134.21,3.25,-1.06,44.2,-16.18,-15.75,1,6184,-0.2,-93.3,1.5
0.5,8847.309740,134.56,3.25,-2.15,44.14,-16.54,-16.25,1,6054,1.2,-43.5,0.1
0.5,8847.319740,135.35,3.27,-1.74,44.16,-16.89,-16.75,1,6945,-0.2,-9.2,0.6
0.5,8847.329740,135.97,3.25,-1.98,44.17,-17.21,-17.5,1,6814,-0.5,-58.4,2.3
0.5,8847.339739,136.49,3.24,-3.12,44.14,-17.53,-18.0,1,6696,-0.2,-65.0,2.6
0.5,8847.349740,136.49,3.24,-3.79,44.13,-17.82,-18.0,1,6577,-0.2,-60.3,2.3
0.5,8847.359740,136.32,3.24,-4.17,44.12,-18.1,-17.75,1,6441,-0.6,-42.8,1.5
0.5,8847.369740,136.23,3.23,-3.94,44.13,-18.36,-17.5,1,6322,-0.7,5.5,0.6
0.5,8847.379740,136.85,3.2,-3.19,44.16,-18.6,-18.25,1,6186,-2.4,27.5,0.7
0.5,8847.389740,137.64,3.19,-2.98,44.18,-18.82,-19.0,1,6058,1.3,-0.8,0.2
0.5,8847.399740,137.72,3.25,-4.12,44.12,-19.02,-19.25,1,6946,1.8,-86.3,1.5
0.5,8847.409740,137.72,3.27,-5.48,44.07,-19.21,-19.25,1,6822,0.8,-50.3,1.3
0.5,8847.419740,137.81,3.26,-5.26,44.08,-19.37,-19.25,1,6700,0.3,-14.3,0.7
0.5,8847.429740,137.81,3.25,-4.97,44.1,-19.52,-19.25,1,6581,-0.2,-7.0,1.0
0.5,8847.439740,137.81,3.24,-4.89,44.11,-19.65,-19.25,1,6445,-0.1,0.2,0.1
0.5,8847.449740,138.08,3.25,-4.82,44.1,-19.75,-19.75,1,6326,0.2,-0.1,0.4
0.5,8847.459740,138.78,3.25,-4.85,44.11,-19.84,-20.25,1,6190,0.2,-2.0,0.5
0.5,8847.469740,138.87,3.25,-5.39,44.09,-19.91,-20.5,1,6063,-0.2,-52.6,1.7
0.5,8847.479740,138.78,3.25,-6.5,44.05,-19.96,-20.0,1,6954,0.1,-60.7,1.0
0.5,8847.489740,138.43,3.25,-6.56,44.04,-19.99,-19.0,1,6823,-0.7,1.8,0.2
0.5,8847.499740,137.2,3.2,-5.62,44.09,-20.0,-18.75,1,6697,-3.7,31.5,1.0
0.5,8847.509740,137.37,3.18,-4.61,44.15,-19.99,-18.75,1,6586,2.0,71.5,-0.0
0.5,8847.519740,138.34,3.26,-3.39,44.18,-19.96,-19.75,1,6450,1.9,82.0,-2.6
0.5,8847.529740,139.66,3.26,-3.83,44.14,-19.91,-21.25,1,6322,0.1,-54.3,1.3
0.5,8847.539740,140.36,3.26,-6.37,44.06,-19.84,-21.75,1,6195,0.8,-117.7,2.4
0.5,8847.549740,140.27,3.28,-8.21,43.99,-19.75,-21.75,1,6067,0.7,-120.3,2.6
0.5,8847.559740,139.83,3.28,-8.58,43.98,-19.65,-20.75,1,6958,-0.1,-34.8,1.4
0.5,8847.569740,138.34,3.23,-7.49,44.04,-19.52,-19.75,1,6828,-3.2,23.7,0.9
0.5,8847.579740,137.9,3.12,-6.18,44.11,-19.37,-19.25,1,6701,-7.1,72.3,0.9
0.5,8847.589740,137.81,3.16,-4.17,44.17,-19.21,-19.0,1,6581,8.6,152.5,-4.5
0.5,8847.599740,137.46,3.31,-3.26,44.18,-19.02,-18.75,1,6454,-1.0,11.0,0.5
0.5,8847.609740,137.29,3.21,-4.41,44.16,-18.82,-18.75,1,6327,-0.9,26.4,-0.2
0.5,8847.619740,137.29,3.21,-4.0,44.17,-18.6,-18.75,1,6191,0.5,25.9,-0.5
0.5,8847.629740,137.29,3.22,-3.89,44.17,-18.36,-18.75,1,6075,-0.1,10.9,0.0
0.5,8847.639743,137.2,3.22,-4.03,44.16,-18.1,-18.25,1,6962,0.1,1.2,0.3
0.5,8847.649740,137.2,3.22,-4.12,44.16,-17.82,-17.75,1,6833,-0.3,1.1,0.1
0.5,8847.659740,136.67,3.21,-4.02,44.17,-17.53,-17.25,1,6705,-0.8,10.0,0.6
0.5,8847.669740,136.14,3.2,-3.79,44.18,-17.21,-16.75,1,6586,0.5,13.7,-0.2
0.5,8847.679740,136.14,3.21,-3.1,44.2,-16.89,-16.75,1,6450,-1.1,65.6,-0.7
0.5,8847.689740,136.05,3.18,-2.27,44.24,-16.54,-17.25,1,6331,-0.5,31.1,-0.0
0.5,8847.699740,136.14,3.19,-2.57,44.23,-16.18,-17.25,1,6195,-0.1,4.3,0.0
0.5,8847.709740,136.05,3.19,-2.82,44.22,-15.8,-16.25,1,6069,-0.2,2.0,0.3
0.5,8847.719743,134.82,3.19,-2.82,44.22,-15.41,-15.75,1,6967,0.5,1.6,0.0
0.5,8847.729740,134.21,3.19,-2.22,44.24,-15.0,-15.5,1,6828,-1.3,61.1,-0.8
0.5,8847.739740,134.12,3.17,-0.62,44.28,-14.58,-15.0,1,6709,0.4,100.4,-3.3
0.5,8847.749739,133.95,3.19,0.07,44.28,-14.14,-14.25,1,6591,0.5,28.9,-1.0
0.5,8847.759739,133.33,3.2,-0.52,44.27,-13.69,-13.75,1,6454,0.2,12.5,-0.3
0.5,8847.769739,132.8,3.21,-0.31,44.28,-13.23,-13.25,1,6336,1.8,37.6,-0.5
0.5,8847.779739,132.45,3.24,0.56,44.32,-12.75,-12.75,1,6199,1.7,62.4,-0.2
0.5,8847.789739,132.19,3.24,1.23,44.35,-12.26,-12.75,1,6075,-0.2,42.4,-0.7
0.5,8847.799742,132.01,3.22,1.33,44.34,-11.76,-12.25,1,6963,-0.2,29.3,-0.9
0.5,8847.809739,131.13,3.22,1.4,44.33,-11.24,-11.75,1,6833,-0.1,20.5,-0.7
0.5,8847.819739,130.61,3.22,1.79,44.34,-10.72,-11.25,1,6714,-0.4,47.3,-1.2
0.5,8847.829739,130.34,3.22,2.72,44.37,-10.18,-10.75,1,6595,1.0,66.5,-2.1
0.5,8847.839739,129.99,3.22,3.29,44.38,-9.64,-10.5,1,6459,-1.5,37.1,-0.6
0.5,8847.849739,129.73,3.19,3.32,44.39,-9.08,-10.0,1,6332,-0.6,32.9,-0.4
0.5,8847.859739,128.58,3.19,3.48,44.4,-8.52,-8.75,1,6204,-1.2,20.4,-0.1
0.5,8847.869739,127.09,3.17,4.03,44.42,-7.94,-7.5,1,6079,-1.4,67.7,-1.0
0.5,8847.879739,125.95,3.19,5.86,44.47,-7.36,-6.75,1,6964,2.2,135.3,-4.0
0.5,8847.889739,125.33,3.27,7.86,44.52,-6.77,-6.75,1,6837,3.4,131.8,-3.0
0.5,8847.899739,125.77,3.29,8.98,44.56,-6.18,-7.0,1,6710,-0.0,115.7,-3.4
0.5,8847.909739,125.86,3.27,8.79,44.54,-5.58,-7.25,1,6594,2.0,-3.1,0.0
0.5,8847.919739,125.77,3.28,7.22,44.49,-4.97,-6.25,1,6463,0.2,-37.5,0.7
0.5,8847.929739,124.72,3.26,6.91,44.48,-4.36,-5.25,1,6336,-0.3,3.0,0.2
0.5,8847.939739,124.19,3.24,7.62,44.51,-3.75,-4.75,1,6209,-2.3,31.0,-0.0
0.5,8847.949739,123.75,3.22,8.91,44.56,-3.13,-4.25,1,6081,-0.4,100.6,-2.2
0.5,8847.959739,122.78,3.25,9.97,44.59,-2.51,-3.0,1,6969,0.5,36.0,-1.0
0.5,8847.969739,121.2,3.23,9.94,44.58,-1.88,-2.0,1,6841,-2.3,62.2,-1.3
0.5,8847.979739,120.59,3.26,11.53,44.63,-1.26,-1.5,1,6714,4.0,133.0,-3.2
0.5,8847.989739,120.59,3.32,13.44,44.7,-0.63,-1.25,1,6596,-1.2,120.1,-3.0
0.5,8847.999740,120.41,3.26,13.76,44.71,0.0,-0.75,1,6459,-1.2,44.4,-0.4
0.5,8848.009739,119.09,3.26,13.04,44.69,0.63,0.5,1,6343,0.9,4.3,-0.3
0.5,8848.019739,117.86,3.27,13.12,44.68,1.26,1.75,1,6205,-1.3,47.7,-1.2
0.5,8848.029739,116.72,3.29,14.8,44.73,1.88,2.75,1,6086,2.8,124.9,-2.9
0.5,8848.039739,116.37,3.35,16.91,44.8,2.51,2.5,1,6973,0.0,133.0,-3.8
0.5,8848.049739,116.63,3.32,17.78,44.82,3.13,2.0,1,6846,-0.6,79.4,-1.9
0.5,8848.059739,116.81,3.31,17.43,44.82,3.75,1.75,1,6719,0.2,18.3,-0.3
0.5,8848.069739,116.81,3.33,16.36,44.78,4.36,2.75,1,6600,1.6,-45.8,1.1
0.5,8848.079739,115.58,3.34,15.71,44.75,4.97,3.75,1,6464,0.4,-1.2,-0.0
0.5,8848.089739,114.87,3.31,16.45,44.78,5.58,4.75,1,6348,-2.1,29.6,0.2
0.5,8848.099739,114.17,3.3,17.91,44.84,6.18,5.25,1,6209,-0.0,115.1,-2.7
0.5,8848.109739,114.08,3.34,19.59,44.89,6.77,5.25,1,6081,0.4,82.5,-2.1
0.5,8848.119739,113.12,3.36,19.64,44.89,7.36,6.25,1,6977,0.8,38.2,-0.8
0.5,8848.129739,111.8,3.34,19.44,44.88,7.94,7.5,1,6842,-1.6,24.1,-0.4
0.5,8848.139739,111.18,3.34,20.43,44.91,8.52,8.25,1,6723,1.2,113.2,-3.0
0.5,8848.149739,111.01,3.39,22.45,44.98,9.08,8.25,1,6605,-0.2,112.4,-2.7
0.5,8848.159739,110.65,3.38,23.03,45.0,9.64,8.75,1,6468,-0.5,59.0,-1.2
0.5,8848.169739,109.6,3.37,22.52,44.99,10.18,9.75,1,6350,-0.1,2.5,0.2
0.5,8848.179739,108.54,3.36,22.55,44.98,10.72,10.75,1,6213,-1.0,59.3,-1.6
0.5,8848.189739,108.28,3.39,24.31,45.04,11.24,11.25,1,6086,0.9,119.2,-2.9
0.5,8848.199739,108.11,3.44,25.6,45.1,11.76,11.25,1,6973,1.5,69.5,-1.1
0.5,8848.209739,107.58,3.42,25.36,45.1,12.26,11.75,1,6847,-2.4,25.8,-0.5
0.5,8848.219739,106.88,3.4,25.13,45.08,12.75,12.5,1,6728,2.1,20.3,-0.2
0.5,8848.229739,106.26,3.44,25.68,45.1,13.23,13.25,1,6609,-0.5,60.8,-2.0
0.5,8848.239739,105.91,3.46,26.73,45.13,13.69,13.5,1,6473,2.8,64.5,-1.1
0.5,8848.249740,105.64,3.48,27.3,45.16,14.14,13.75,1,6348,-2.7,53.1,-1.8
0.5,8848.259740,105.03,3.42,27.51,45.16,14.58,14.25,1,6218,-0.2,32.7,-0.2
0.5,8848.269740,104.24,3.45,27.6,45.17,15.0,15.25,1,6091,-0.7,29.5,-0.8
0.5,8848.279740,103.36,3.45,28.33,45.2,15.41,15.75,1,6978,-0.5,75.6,-1.4
0.5,8848.289740,102.66,3.48,29.64,45.25,15.8,16.5,1,6851,0.7,85.6,-1.9
0.5,8848.299740,102.48,3.5,30.43,45.28,16.18,16.75,1,6732,-0.3,69.0,-1.8
0.5,8848.309740,102.48,3.5,30.85,45.3,16.54,16.5,1,6607,-0.2,57.9,-0.8
0.5,8848.319740,102.66,3.51,30.8,45.31,16.89,16.25,1,6477,0.6,6.6,0.2
0.5,8848.329743,102.48,3.51,30.28,45.28,17.21,16.25,1,6353,-0.1,-1.2,0.3
0.5,8848.339740,102.04,3.5,30.22,45.28,17.53,17.25,1,6225,0.5,1.6,0.1
0.5,8848.349740,100.63,3.5,30.24,45.27,17.82,18.75,1,6095,-0.2,-0.1,0.2
0.5,8848.359740,99.84,3.51,31.23,45.31,18.1,19.25,1,6982,-0.7,100.0,-2.4
0.5,8848.369740,99.84,3.56,33.41,45.41,18.36,19.25,1,6859,0.3,118.0,-2.7
0.5,8848.379740,99.84,3.6,34.04,45.44,18.6,18.75,1,6737,1.1,45.4,-0.7
0.5,8848.389740,100.28,3.59,33.32,45.41,18.82,18.25,1,6609,-0.2,0.3,0.2
0.5,8848.399740,100.37,3.57,32.72,45.38,19.02,18.25,1,6476,1.3,-14.4,0.3
0.5,8848.409740,99.93,3.58,32.19,45.35,19.21,19.25,1,6357,1.0,-39.2,1.2
0.5,8848.419740,98.88,3.55,31.87,45.33,19.37,20.25,1,6218,-1.6,-6.9,-0.1
0.5,8848.429740,98.26,3.55,33.04,45.38,19.52,21.0,1,6093,0.2,84.5,-1.5
0.5,8848.439740,98.26,3.64,34.97,45.48,19.65,20.75,1,6987,0.9,102.1,-2.4
0.5,8848.449743,98.44,3.65,35.43,45.5,19.75,20.0,1,6863,-0.4,28.6,-0.4
0.5,8848.459740,98.96,3.61,34.7,45.47,19.84,19.5,1,6744,-0.1,0.7,0.3
0.5,8848.469740,99.32,3.6,34.04,45.43,19.91,19.25,1,6617,0.4,-38.1,0.9
0.5,8848.479740,99.14,3.6,33.17,45.38,19.96,20.25,1,6478,2.3,-48.7,1.3
0.5,8848.489743,98.26,3.61,32.97,45.38,19.99,20.75,1,6362,-1.0,-9.5,0.5
0.5,8848.499740,98.17,3.58,33.91,45.43,20.0,20.5,1,6225,-1.9,55.0,-0.7
0.5,8848.509740,98.44,3.62,35.03,45.48,19.99,20.0,1,6095,1.1,47.1,-1.0
0.5,8848.519740,99.05,3.64,34.95,45.48,19.96,19.5,1,6992,-0.7,-0.1,0.4
0.5,8848.529743,99.05,3.6,33.99,45.43,19.91,19.25,1,6859,0.5,-48.6,1.5
0.5,8848.539740,99.05,3.61,33.07,45.39,19.84,20.25,1,6745,1.9,-43.9,1.3
0.5,8848.549743,98.09,3.61,33.05,45.39,19.75,20.75,1,6621,-1.0,-6.3,0.6
0.5,8848.559740,98.09,3.59,34.01,45.44,19.65,20.75,1,6485,-2.2,58.2,-0.8
0.5,8848.569743,98.7,3.62,35.15,45.5,19.52,19.75,1,6358,1.2,50.1,-1.0
0.5,8848.579740,99.93,3.64,35.06,45.49,19.37,18.5,1,6227,-0.6,-1.2,0.5
0.5,8848.589740,100.72,3.61,33.52,45.43,19.21,17.75,1,6103,1.9,-103.1,3.4
0.5,8848.599740,100.99,3.58,31.29,45.33,19.02,18.25,1,6987,-0.2,-121.2,3.3
0.5,8848.609739,100.72,3.52,30.53,45.29,18.82,18.25,1,6860,-1.5,-58.1,1.7
0.5,8848.619740,100.81,3.53,31.15,45.33,18.6,18.25,1,6750,0.1,-0.7,1.0
0.5,8848.629743,100.72,3.56,31.91,45.37,18.36,18.25,1,6626,-1.1,18.5,-0.1
0.5,8848.639740,100.81,3.54,32.09,45.38,18.1,18.25,1,6486,-0.5,-1.4,0.6
0.5,8848.649740,100.81,3.55,31.91,45.37,17.82,18.25,1,6359,1.0,2.4,-0.1
0.5,8848.659740,100.81,3.56,31.94,45.36,17.53,17.75,1,6232,-0.3,-1.3,0.6
0.5,8848.669740,101.25,3.56,31.88,45.37,17.21,17.25,1,6104,0.0,-1.8,0.7
0.5,8848.679740,101.87,3.57,31.83,45.37,16.89,16.75,1,6992,0.8,-5.0,0.2
0.5,8848.689743,102.3,3.55,31.09,45.34,16.54,16.25,1,6867,-0.4,-70.8,2.4
0.5,8848.699740,102.39,3.53,29.96,45.3,16.18,16.25,1,6746,1.4,-47.2,1.8
0.5,8848.709740,102.57,3.54,29.79,45.29,15.8,16.75,1,6620,-0.5,-40.7,1.2
0.5,8848.719740,102.48,3.52,29.82,45.29,15.41,16.75,1,6491,-0.5,-2.7,0.6
0.5,8848.729740,102.39,3.53,30.2,45.32,15.0,15.75,1,6363,0.3,-0.7,0.7
0.5,8848.739740,103.45,3.54,30.22,45.32,14.58,15.25,1,6236,-0.5,-0.0,0.6
0.5,8848.749740,103.54,3.53,29.69,45.3,14.14,15.0,1,6112,1.3,-53.3,1.7
0.5,8848.759740,103.89,3.51,28.69,45.25,13.69,14.75,1,6996,-2.0,-46.6,1.5
0.5,8848.769739,105.03,3.49,28.71,45.26,13.23,13.5,1,6868,1.4,-5.1,0.8
0.5,8848.779740,106.35,3.54,28.49,45.27,12.75,12.25,1,6750,0.8,-63.7,2.8
0.5,8848.789742,106.96,3.49,26.69,45.2,12.26,11.5,1,6625,-1.2,-121.0,3.4
0.5,8848.799740,106.88,3.43,24.92,45.12,11.76,11.75,1,6487,-0.9,-120.2,3.5
0.5,8848.809740,106.96,3.44,24.62,45.12,11.24,12.25,1,6369,2.0,-30.9,1.3
0.5,8848.819740,106.52,3.49,25.52,45.15,10.72,12.5,1,6232,-0.3,1.3,0.4
0.5,8848.829740,106.7,3.46,25.99,45.18,10.18,11.75,1,6116,-1.5,14.1,0.6
0.5,8848.839740,107.67,3.45,26.37,45.2,9.64,10.75,1,7001,-1.1,25.3,-0.4
0.5,8848.849740,107.93,3.47,26.05,45.18,9.08,10.5,1,6866,3.3,-43.3,1.5
0.5,8848.859740,108.19,3.48,24.49,45.13,8.52,10.25,1,6755,-1.0,-86.6,2.8
0.5,8848.869740,109.07,3.42,23.89,45.11,7.94,9.25,1,6628,-1.4,-17.1,0.6
0.5,8848.879740,110.13,3.44,24.16,45.12,7.36,8.25,1,6491,1.9,-42.3,2.4
0.5,8848.889740,110.92,3.42,22.89,45.09,6.77,7.75,1,6364,-3.9,-102.3,3.4
0.5,8848.899740,111.18,3.35,21.27,45.04,6.18,7.25,1,6239,0.5,-102.1,3.5
0.5,8848.909740,111.97,3.38,20.92,45.02,5.58,6.25,1,6121,-0.3,-34.7,0.8
0.5,8848.919740,113.03,3.39,21.09,45.03,4.97,5.5,1,6996,1.2,-51.0,2.3
0.5,8848.929739,113.38,3.39,19.82,45.0,4.36,5.25,1,6868,-0.4,-110.1,3.9
0.5,8848.939740,113.99,3.37,18.64,44.97,3.75,4.5,1,6751,0.4,-58.9,2.3
0.5,8848.949740,114.79,3.38,18.8,44.97,3.13,3.75,1,6632,0.3,-35.5,1.5
0.5,8848.959740,115.58,3.36,18.28,44.96,2.51,2.75,1,6496,-1.4,-75.3,2.8
0.5,8848.969740,116.19,3.32,17.05,44.91,1.88,2.25,1,6368,-0.5,-83.5,2.0
0.5,8848.979740,116.98,3.33,16.26,44.88,1.26,1.5,1,6241,0.5,-70.3,2.5
0.5,8848.989743,118.04,3.34,15.82,44.88,0.63,0.5,1,6125,0.1,-57.6,1.8
0.5,8848.999740,118.83,3.32,14.98,44.85,-0.0,-0.25,1,7005,-0.3,-96.5,3.0
0.5,8849.009740,119.53,3.3,13.61,44.81,-0.63,-1.0,1,6874,-0.6,-98.4,3.4
0.5,8849.019740,119.62,3.32,12.84,44.79,-1.26,-1.25,1,6755,2.2,-75.1,2.3
0.5,8849.029740,119.62,3.34,12.49,44.77,-1.88,-1.0,1,6637,0.2,-58.2,1.3
0.5,8849.039740,119.62,3.32,12.66,44.77,-2.51,-1.0,1,6500,-0.6,-0.4,0.6
0.5,8849.049740,120.32,3.31,13.32,44.81,-3.13,-2.0,1,6373,-1.0,8.5,0.2
0.5,8849.059740,121.46,3.32,13.21,44.8,-3.75,-3.25,1,6245,1.6,-19.8,1.0
0.5,8849.069743,122.17,3.33,11.94,44.76,-4.36,-3.75,1,6130,-0.7,-99.3,3.3
0.5,8849.079740,122.34,3.29,10.07,44.71,-4.97,-4.25,1,7005,-0.1,-107.1,3.1
0.5,8849.089740,123.4,3.3,9.61,44.69,-5.58,-5.25,1,6879,0.8,-38.0,1.0
0.5,8849.099740,124.45,3.31,9.73,44.7,-6.18,-6.25,1,6760,-0.4,-57.6,2.5
0.5,8849.109740,124.72,3.28,8.32,44.66,-6.77,-6.25,1,6632,-1.3,-120.8,3.7
0.5,8849.119740,125.42,3.26,7.06,44.62,-7.36,-6.75,1,6505,0.2,-63.5,1.8
0.5,8849.129740,126.47,3.28,7.35,44.63,-7.94,-8.0,1,6378,0.4,-27.8,1.5
0.5,8849.139740,127.71,3.28,6.97,44.63,-8.52,-9.5,1,6241,-0.8,-74.0,2.9
0.5,8849.149739,128.58,3.26,5.21,44.59,-9.08,-10.25,1,6122,-0.5,-129.3,4.5
0.5,8849.159740,128.67,3.26,3.37,44.53,-9.64,-10.25,1,7010,0.2,-128.6,3.5
0.5,8849.169740,128.67,3.27,2.87,44.5,-10.18,-9.75,1,6883,0.6,-51.2,1.2
0.5,8849.179740,129.02,3.27,3.74,44.53,-10.72,-10.5,1,6764,-0.7,9.2,0.7
0.5,8849.189740,129.9,3.24,4.45,44.57,-11.24,-11.25,1,6637,-1.6,11.3,0.5
0.5,8849.199740,130.52,3.24,3.77,44.55,-11.76,-12.0,1,6501,1.3,-70.7,1.8
0.5,8849.209740,130.96,3.27,2.16,44.49,-12.26,-12.5,1,6382,0.1,-78.8,2.8
0.5,8849.219740,131.4,3.25,1.49,44.48,-12.75,-12.75,1,6246,-0.3,-59.1,2.1
0.5,8849.229740,131.48,3.25,1.27,44.48,-13.23,-13.0,1,6127,-0.2,-41.5,2.2
0.5,8849.239740,131.57,3.25,1.17,44.49,-13.69,-13.0,1,7015,-0.1,-27.1,1.4
0.5,8849.249740,131.92,3.25,1.17,44.49,-14.14,-13.25,1,6887,0.1,-14.8,0.8
0.5,8849.259740,132.98,3.25,1.21,44.49,-14.58,-14.25,1,6769,0.3,-7.9,0.7
0.5,8849.269740,133.68,3.25,0.81,44.49,-15.0,-15.25,1,6641,-0.1,-47.6,2.3
0.5,8849.279740,134.12,3.24,-0.72,44.45,-15.41,-15.75,1,6508,-0.6,-113.0,3.4
0.5,8849.289740,134.3,3.25,-2.06,44.39,-15.8,-15.75,1,6378,0.8,-68.6,0.7
0.5,8849.299743,134.47,3.26,-1.88,44.37,-16.18,-16.0,1,6253,0.2,-26.8,0.3
0.5,8849.309743,134.47,3.25,-1.64,44.39,-16.54,-16.0,1,6135,-0.4,-17.7,1.0
0.5,8849.319740,134.82,3.25,-1.66,44.4,-16.89,-16.25,1,7011,0.3,-11.3,0.7
0.5,8849.329740,135.88,3.26,-1.64,44.39,-17.21,-17.25,1,6892,0.1,-4.4,-0.0
0.5,8849.339740,137.11,3.26,-2.15,44.38,-17.53,-18.75,1,6773,0.0,-57.2,2.6
0.5,8849.349740,137.99,3.24,-3.84,44.36,-17.82,-19.25,1,6646,-1.2,-116.9,5.3
0.5,8849.359740,137.81,3.22,-5.61,44.32,-18.1,-19.25,1,6513,-1.6,-116.7,3.1
0.5,8849.369740,137.46,3.23,-6.03,44.29,-18.36,-18.5,1,6382,1.7,-42.4,2.1
0.5,8849.379743,136.93,3.24,-5.08,44.33,-18.6,-18.0,1,6258,-2.7,20.5,0.4
0.5,8849.389740,136.58,3.18,-4.02,44.37,-18.82,-17.75,1,6136,-0.9,43.4,-0.1
0.5,8849.399740,137.11,3.19,-3.08,44.41,-19.02,-18.5,1,7015,-0.6,71.0,-0.9
0.5,8849.409740,137.81,3.22,-2.84,44.41,-19.21,-19.25,1,6888,2.7,-3.4,-0.5
0.5,8849.419740,137.81,3.26,-4.39,44.34,-19.37,-19.25,1,6770,0.9,-80.9,1.6
0.5,8849.429740,137.9,3.26,-5.57,44.3,-19.52,-19.25,1,6642,0.7,-40.2,1.2
0.5,8849.439740,137.81,3.26,-5.2,44.32,-19.65,-19.25,1,6514,0.2,-4.4,0.2
0.5,8849.449740,138.08,3.25,-4.86,44.34,-19.75,-19.75,1,6386,-0.2,-1.6,1.0
0.5,8849.459741,138.87,3.24,-4.84,44.34,-19.84,-20.25,1,6261,0.1,-0.7,0.1
0.5,8849.469740,139.04,3.25,-5.35,44.32,-19.91,-20.5,1,6140,0.1,-51.6,1.6
0.5,8849.479740,138.78,3.25,-6.48,44.28,-19.96,-19.75,1,7019,0.2,-62.2,1.3
0.5,8849.489740,138.52,3.25,-6.56,44.27,-19.99,-19.0,1,6892,-0.9,2.5,0.1
0.5,8849.499740,137.29,3.19,-5.58,44.32,-20.0,-18.5,1,6774,-3.8,33.4,0.8
0.5,8849.509740,137.46,3.18,-4.62,44.38,-19.99,-18.75,1,6646,1.8,64.8,0.2
0.5,8849.519740,138.08,3.25,-3.39,44.41,-19.96,-19.5,1,6513,2.0,92.2,-2.9
0.5,8849.529740,138.34,3.26,-3.69,44.38,-19.91,-19.75,1,6391,0.3,-57.9,1.5
0.5,8849.539743,138.08,3.25,-5.79,44.31,-19.84,-19.5,1,6258,0.5,-60.1,1.3
0.5,8849.549740,138.25,3.25,-5.81,44.31,-19.75,-19.75,1,6136,-0.8,-0.2,0.8
0.5,8849.559740,138.69,3.21,-5.04,44.36,-19.65,-20.25,1,7024,-1.7,18.0,0.5
0.5,8849.569740,138.87,3.22,-5.09,44.35,-19.52,-20.25,1,6897,2.0,-24.1,0.3
0.5,8849.579740,138.52,3.27,-5.98,44.3,-19.37,-19.5,1,6778,0.2,-47.0,0.9
0.5,8849.589740,137.72,3.23,-6.09,44.3,-19.21,-18.25,1,6650,-1.8,12.6,-0.1
0.5,8849.599740,136.32,3.18,-5.23,44.34,-19.02,-17.75,1,6515,-2.5,26.8,0.8
0.5,8849.609740,136.58,3.19,-3.92,44.4,-18.82,-18.25,1,6387,2.3,116.9,-2.4
0.5,8849.619741,137.02,3.24,-2.19,44.45,-18.6,-18.5,1,6261,0.2,82.3,-1.8
0.5,8849.629740,136.93,3.23,-2.93,44.41,-18.36,-18.25,1,6141,1.1,-39.1,0.6
0.5,8849.639740,136.93,3.25,-4.25,44.36,-18.1,-18.25,1,7030,0.7,-11.7,0.1
0.5,8849.649740,136.93,3.24,-3.94,44.37,-17.82,-18.25,1,6901,-0.2,4.2,0.3
0.5,8849.659743,136.76,3.22,-3.76,44.39,-17.53,-17.75,1,6786,-0.8,2.4,0.8
0.5,8849.669740,136.58,3.21,-3.69,44.4,-17.21,-17.25,1,6655,-0.8,8.1,0.1
0.5,8849.679740,135.88,3.19,-3.43,44.41,-16.89,-16.5,1,6522,-2.1,20.6,0.6
0.5,8849.689740,135.62,3.17,-2.95,44.43,-16.54,-16.25,1,6391,-0.1,35.8,-0.6
0.5,8849.699740,135.53,3.18,-2.11,44.47,-16.18,-16.5,1,6264,-1.1,68.8,-0.3
0.5,8849.709740,135.44,3.17,-1.69,44.48,-15.8,-16.25,1,6145,0.0,8.5,-0.7
0.5,8849.719740,135.18,3.18,-2.24,44.45,-15.41,-15.5,1,7024,-0.2,5.4,0.6
0.5,8849.729740,133.86,3.18,-2.25,44.46,-15.0,-14.25,1,6906,0.2,2.2,-0.3
0.5,8849.739743,132.71,3.18,-1.37,44.47,-14.58,-13.5,1,6781,-0.3,90.7,-2.1
0.5,8849.749739,132.36,3.23,0.77,44.54,-14.14,-13.75,1,6660,5.7,125.9,-3.6
0.5,8849.759743,132.8,3.28,2.17,44.58,-13.69,-14.25,1,6526,-1.0,105.0,-2.5
0.5,8849.769739,132.63,3.22,1.58,44.56,-13.23,-13.5,1,6398,1.0,-38.5,1.0
0.5,8849.779739,132.28,3.25,0.11,44.51,-12.75,-12.75,1,6268,0.6,-3.2,0.3
0.5,8849.789739,131.57,3.24,0.55,44.53,-12.26,-12.0,1,6150,-0.3,8.1,0.1
0.5,8849.799739,130.78,3.22,1.33,44.55,-11.76,-11.5,1,7030,-1.6,67.5,-1.7
0.5,8849.809739,130.25,3.21,2.65,44.58,-11.24,-11.0,1,6902,0.5,72.0,-1.9
0.5,8849.819739,130.08,3.22,3.29,44.6,-10.72,-10.75,1,6786,-0.9,59.3,-1.7
0.5,8849.829739,129.99,3.2,3.63,44.61,-10.18,-10.75,1,6655,-1.4,46.8,-0.7
0.5,8849.839743,129.99,3.19,3.56,44.62,-9.64,-10.25,1,6531,0.1,6.1,0.2
0.5,8849.849739,129.29,3.21,3.16,44.6,-9.08,-9.75,1,6401,0.3,0.4,0.3
0.5,8849.859739,128.41,3.19,3.48,44.62,-8.52,-8.75,1,6264,-1.9,38.0,-0.2
0.5,8849.869739,127.27,3.18,4.5,44.65,-7.94,-7.75,1,6154,1.2,63.8,-1.9
0.5,8849.879739,126.3,3.23,5.8,44.68,-7.36,-6.75,1,7033,1.3,104.2,-2.8
0.5,8849.889739,125.42,3.26,7.31,44.72,-6.77,-6.25,1,6909,2.6,110.4,-2.9
0.5,8849.899742,124.98,3.26,8.27,44.75,-6.18,-6.25,1,6790,-2.0,90.4,-1.7
0.5,8849.909739,125.24,3.22,8.79,44.77,-5.58,-6.25,1,6660,0.8,72.1,-1.9
0.5,8849.919740,125.24,3.25,8.73,44.77,-4.97,-5.75,1,6524,-0.4,11.7,0.3
0.5,8849.929739,124.45,3.23,8.14,44.75,-4.36,-4.75,1,6407,0.1,1.9,-0.3
0.5,8849.939739,123.31,3.24,8.04,44.74,-3.75,-3.75,1,6269,0.0,-0.2,0.5
0.5,8849.949739,122.87,3.23,9.14,44.78,-3.13,-3.25,1,6150,-0.7,111.7,-3.0
0.5,8849.959739,122.7,3.26,11.15,44.84,-2.51,-3.25,1,7041,1.9,89.3,-2.1
0.5,8849.969739,122.17,3.27,11.23,44.85,-1.88,-2.5,1,6910,-1.5,30.9,0.1
0.5,8849.979741,121.46,3.24,10.79,44.84,-1.26,-1.75,1,6793,1.0,14.2,-0.7
0.5,8849.989739,120.76,3.27,11.33,44.84,-0.63,-1.0,1,6667,0.4,70.5,-1.7
0.5,8849.999741,120.23,3.29,12.66,44.89,-0.0,-0.5,1,6530,1.7,76.9,-1.9
0.5,8850.009739,119.53,3.28,13.31,44.91,0.63,0.25,1,6401,-2.5,58.0,-1.1
0.5,8850.019739,118.48,3.26,13.62,44.92,1.26,1.25,1,6273,1.1,49.6,-1.4
0.5,8850.029739,117.6,3.29,14.41,44.93,1.88,2.0,1,6172,-0.2,88.1,-2.5
0.5,8850.039743,116.89,3.32,15.74,44.98,2.51,2.75,1,7045,2.8,94.0,-1.8
0.5,8850.049739,116.28,3.34,16.57,45.02,3.13,3.25,1,6915,-2.0,76.9,-2.0
0.5,8850.059740,116.02,3.29,17.0,45.02,3.75,3.5,1,6796,0.0,60.9,-1.5
0.5,8850.069739,115.66,3.31,17.37,45.03,4.36,3.75,1,6669,-0.3,52.3,-1.1
0.5,8850.079740,114.96,3.32,17.66,45.05,4.97,4.5,1,6534,0.3,37.7,-0.6
0.5,8850.089739,113.99,3.32,17.81,45.06,5.58,5.5,1,6408,-0.7,29.9,-0.4
0.5,8850.099739,113.2,3.31,18.58,45.07,6.18,6.25,1,6269,-0.5,84.8,-2.7
0.5,8850.109739,112.5,3.35,20.05,45.12,6.77,7.0,1,6176,2.1,91.9,-1.9
0.5,8850.119739,111.8,3.37,20.91,45.15,7.36,7.5,1,7041,-1.1,79.0,-2.1
0.5,8850.129739,111.36,3.37,21.45,45.17,7.94,8.0,1,6911,2.1,67.1,-1.3
0.5,8850.139739,111.01,3.4,21.83,45.18,8.52,8.25,1,6792,-0.8,50.1,-1.5
0.5,8850.149739,110.83,3.38,22.1,45.19,9.08,8.75,1,6673,1.1,44.0,-0.9
0.5,8850.159739,110.65,3.4,22.38,45.2,9.64,8.75,1,6537,-0.9,33.8,-0.7
0.5,8850.169739,110.21,3.37,22.49,45.2,10.18,9.25,1,6409,-0.3,21.0,-0.4
0.5,8850.179739,109.16,3.37,22.53,45.2,10.72,10.25,1,6277,-0.7,16.9,-0.1
0.5,8850.189739,108.11,3.37,23.17,45.23,11.24,11.25,1,6181,-0.6,67.8,-1.5
0.5,8850.199742,107.67,3.4,24.87,45.29,11.76,11.75,1,7045,0.5,119.7,-2.9
0.5,8850.209739,107.49,3.44,26.13,45.34,12.26,12.0,1,6915,0.8,73.7,-1.5
0.5,8850.219739,107.23,3.43,26.04,45.34,12.75,12.25,1,6796,-1.0,36.7,-0.9
0.5,8850.229739,106.88,3.43,25.9,45.33,13.23,12.5,1,6669,1.4,22.9,-0.0
0.5,8850.239739,105.91,3.45,25.87,45.33,13.69,13.5,1,6542,-0.4,11.0,-0.5
0.5,8850.249740,104.5,3.43,26.29,45.34,14.14,14.75,1,6414,-0.2,54.2,-1.2
0.5,8850.259740,103.71,3.45,27.95,45.4,14.58,15.75,1,6278,-0.6,122.8,-3.0
0.5,8850.269740,103.62,3.49,29.83,45.48,15.0,15.5,1,6189,0.9,119.0,-2.9
0.5,8850.279743,103.62,3.53,30.36,45.5,15.41,15.25,1,7050,1.2,57.4,-1.0
0.5,8850.289740,103.62,3.52,29.77,45.48,15.8,15.5,1,6920,-0.0,2.1,-0.2
0.5,8850.299740,103.18,3.5,29.2,45.45,16.18,16.25,1,6801,0.2,-1.3,0.2
0.5,8850.309740,102.3,3.51,29.16,45.45,16.54,17.0,1,6673,1.2,-1.3,0.2
0.5,8850.319740,101.87,3.51,29.86,45.47,16.89,17.5,1,6538,-2.4,70.3,-1.9
0.5,8850.329740,101.87,3.53,31.4,45.54,17.21,17.25,1,6419,1.9,82.3,-1.0
0.5,8850.339740,102.3,3.57,31.78,45.56,17.53,16.5,1,6282,-1.4,26.0,-1.2
0.5,8850.349740,102.57,3.52,31.21,45.53,17.82,16.25,1,6193,0.6,-0.4,0.9
0.5,8850.359739,102.39,3.54,30.34,45.5,18.1,16.75,1,7051,0.8,-61.2,1.0
0.5,8850.369740,101.25,3.52,29.53,45.45,18.36,18.0,1,6924,0.5,-20.3,0.9
0.5,8850.379740,100.81,3.53,30.58,45.5,18.6,18.5,1,6806,-1.3,64.2,-1.1
0.5,8850.389740,100.63,3.55,32.34,45.58,18.82,18.5,1,6678,0.2,92.1,-2.1
0.5,8850.399740,100.37,3.57,32.87,45.61,19.02,18.75,1,6542,-0.9,25.3,0.2
0.5,8850.409740,99.76,3.55,32.22,45.58,19.21,19.5,1,6414,-0.4,1.6,-0.1
0.5,8850.419740,99.58,3.54,32.5,45.59,19.37,19.75,1,6287,-0.9,51.2,-0.9
0.5,8850.429740,99.49,3.59,33.61,45.64,19.52,19.5,1,6189,2.4,61.6,-1.1
0.5,8850.439740,99.49,3.63,33.83,45.66,19.65,19.5,1,7048,-0.3,11.8,0.2
0.5,8850.449740,99.4,3.58,33.34,45.63,19.75,19.5,1,6929,-0.3,1.2,-0.0
0.5,8850.459740,99.4,3.58,33.24,45.62,19.84,19.5,1,6810,0.6,0.3,0.3
0.5,8850.469740,99.58,3.59,33.23,45.63,19.91,19.5,1,6674,-0.3,-0.9,0.4
0.5,8850.479740,99.4,3.59,33.21,45.63,19.96,19.5,1,6546,-0.1,-0.0,0.4
0.5,8850.489740,99.49,3.59,33.22,45.63,19.99,19.5,1,6422,-0.1,-0.0,0.4
0.5,8850.499740,99.49,3.59,33.22,45.63,20.0,19.5,1,6292,-0.1,0.3,0.2
0.5,8850.509740,99.4,3.59,33.23,45.63,19.99,19.5,1,6190,0.2,-0.2,0.4
0.5,8850.519741,99.4,3.59,33.22,45.63,19.96,19.5,1,7053,-0.1,0.2,0.3
0.5,8850.529740,99.49,3.59,33.22,45.64,19.91,19.5,1,6926,-0.1,-0.4,0.5
0.5,8850.539740,99.4,3.59,33.21,45.64,19.84,19.5,1,6814,-0.2,-0.4,0.5
0.5,8850.549740,99.4,3.59,33.23,45.64,19.75,19.5,1,6681,0.1,1.2,0.1
0.5,8850.559740,99.49,3.59,33.23,45.64,19.65,19.5,1,6551,0.0,-1.1,0.6
0.5,8850.569740,99.58,3.59,33.21,45.64,19.52,19.5,1,6424,-0.1,0.0,0.3
0.5,8850.579740,99.49,3.59,33.23,45.64,19.37,19.5,1,6287,0.2,0.7,0.3
0.5,8850.589740,99.4,3.59,33.22,45.65,19.21,19.5,1,6194,-0.2,-0.8,0.5
0.5,8850.599740,99.58,3.59,33.22,45.65,19.02,19.25,1,7056,0.0,0.7,0.2
0.5,8850.609740,100.11,3.59,33.22,45.65,18.82,18.5,1,6929,0.1,-1.6,0.7
0.5,8850.619740,100.37,3.61,33.06,45.64,18.6,18.25,1,6810,1.6,-13.0,0.5
0.5,8850.629740,100.46,3.6,32.28,45.6,18.36,18.5,1,6674,-0.2,-66.6,1.5
0.5,8850.639740,100.37,3.56,31.64,45.56,18.1,18.75,1,6547,-0.3,-11.2,0.3
0.5,8850.649740,100.28,3.57,32.18,45.6,17.82,18.75,1,6431,0.1,-1.3,0.6
0.5,8850.659740,100.72,3.57,32.33,45.61,17.53,17.75,1,6292,-1.7,5.6,0.5
0.5,8850.669740,101.95,3.56,32.41,45.62,17.21,16.75,1,6199,0.5,0.4,0.5
0.5,8850.679740,102.57,3.57,31.54,45.58,16.89,16.0,1,7061,1.2,-81.1,2.3
0.5,8850.689740,102.74,3.53,29.66,45.5,16.54,16.25,1,6934,-1.2,-107.2,3.1
0.5,8850.699740,102.48,3.5,29.01,45.48,16.18,16.75,1,6815,0.4,-39.0,1.5
0.5,8850.709740,102.39,3.53,29.67,45.51,15.8,16.25,1,6682,0.2,-1.5,0.7
0.5,8850.719740,103.01,3.55,30.27,45.55,15.41,15.5,1,6551,-0.0,22.7,0.5
0.5,8850.729740,103.71,3.55,30.48,45.56,15.0,14.75,1,6432,-0.6,-3.5,0.1
0.5,8850.739740,104.06,3.52,29.47,45.51,14.58,14.25,1,6296,0.6,-74.7,2.3
0.5,8850.749740,104.5,3.52,28.11,45.46,14.14,13.75,1,6195,1.5,-65.4,2.1
0.5,8850.759740,104.85,3.52,27.72,45.45,13.69,13.75,1,7066,-0.5,-48.5,2.0
0.5,8850.769740,105.03,3.49,27.51,45.45,13.23,13.5,1,6938,-0.9,-38.0,1.3
0.5,8850.779740,105.12,3.48,27.37,45.44,12.75,13.25,1,6819,-0.1,-23.9,1.2
0.5,8850.789740,105.47,3.49,27.39,45.44,12.26,13.25,1,6683,-0.2,-12.7,0.6
0.5,8850.799740,106.35,3.49,27.43,45.44,11.76,12.25,1,6556,0.3,-6.7,0.7
0.5,8850.809740,107.05,3.49,27.07,45.44,11.24,11.5,1,6428,-0.5,-41.9,1.7
0.5,8850.819740,107.23,3.45,25.68,45.39,10.72,11.25,1,6301,-1.2,-104.0,3.6
0.5,8850.829740,107.58,3.43,24.61,45.36,10.18,11.0,1,6199,0.6,-45.4,1.6
0.5,8850.839740,108.46,3.47,25.08,45.37,9.64,10.0,1,7061,1.3,-11.4,0.8
0.5,8850.849740,109.42,3.47,24.87,45.38,9.08,9.0,1,6945,-0.3,-54.9,2.7
0.5,8850.859740,109.86,3.43,23.35,45.33,8.52,8.5,1,6824,-1.1,-108.0,3.1
0.5,8850.869740,110.13,3.39,22.13,45.27,7.94,8.25,1,6688,-0.9,-69.0,1.8
0.5,8850.879740,110.65,3.42,22.14,45.28,7.36,7.75,1,6560,2.3,-38.6,2.0
0.5,8850.889740,111.45,3.44,22.16,45.29,6.77,6.75,1,6432,-1.7,-28.3,1.1
0.5,8850.899740,112.32,3.39,21.54,45.26,6.18,6.25,1,6297,0.2,-71.9,2.4
0.5,8850.909740,112.94,3.38,20.26,45.22,5.58,5.5,1,6195,-1.0,-84.1,2.2
0.5,8850.919740,113.47,3.38,19.45,45.19,4.97,5.0,1,7066,2.3,-69.8,2.8
0.5,8850.929743,113.82,3.41,19.06,45.19,4.36,4.75,1,6941,0.0,-52.8,1.7
0.5,8850.939740,114.43,3.38,18.76,45.17,3.75,4.0,1,6828,-0.1,-47.4,1.9
0.5,8850.949740,115.31,3.38,18.45,45.17,3.13,3.25,1,6695,-0.4,-35.8,1.1
0.5,8850.959740,116.1,3.37,17.75,45.14,2.51,2.25,1,6565,0.1,-81.6,2.8
0.5,8850.969740,116.89,3.34,16.36,45.1,1.88,1.75,1,6437,-2.2,-92.9,3.2
0.5,8850.979740,117.25,3.32,15.53,45.08,1.26,1.25,1,6301,0.6,-72.2,2.4
0.5,8850.989740,117.69,3.33,15.14,45.06,0.63,0.75,1,6200,-0.5,-60.2,1.7
0.5,8850.999740,117.95,3.32,14.82,45.05,0.0,0.5,1,7070,0.4,-43.3,1.9
0.5,8851.009740,118.3,3.33,14.68,45.06,-0.63,0.25,1,6946,-0.2,-31.0,1.6
0.5,8851.019740,119.44,3.33,14.6,45.06,-1.26,-1.0,1,6824,0.4,-20.4,1.1
0.5,8851.029740,120.5,3.34,14.09,45.04,-1.88,-2.25,1,6688,0.6,-61.3,2.1
0.5,8851.039740,121.46,3.33,12.46,44.99,-2.51,-3.0,1,6563,-0.4,-123.0,3.8
0.5,8851.049740,121.55,3.3,10.7,44.94,-3.13,-3.0,1,6445,-0.8,-114.4,3.5
0.5,8851.059740,121.38,3.29,10.28,44.93,-3.75,-2.5,1,6306,0.2,-50.6,1.5
0.5,8851.069740,121.29,3.3,10.95,44.95,-4.36,-2.25,1,6207,-0.6,3.9,0.7
0.5,8851.079740,121.46,3.28,11.62,44.99,-4.97,-3.0,1,7075,-1.6,11.9,0.6
0.5,8851.089743,122.61,3.26,11.83,45.0,-5.58,-4.25,1,6950,-1.5,13.6,0.2
0.5,8851.099740,123.84,3.29,11.29,44.97,-6.18,-5.25,1,6829,3.5,-55.4,1.4
0.5,8851.109740,124.01,3.33,9.24,44.9,-6.77,-5.75,1,6695,0.0,-136.4,3.7
0.5,8851.119740,123.93,3.28,7.56,44.85,-7.36,-5.5,1,6565,-0.0,-86.9,2.1
0.5,8851.129743,124.72,3.29,8.03,44.86,-7.94,-6.25,1,6449,-0.0,-3.2,0.7
0.5,8851.139740,125.86,3.29,8.71,44.89,-8.52,-7.25,1,6310,-0.1,-15.4,1.0
0.5,8851.149740,126.83,3.27,7.64,44.87,-9.08,-8.25,1,6209,-1.2,-95.2,3.6
0.5,8851.159740,127.18,3.26,5.82,44.82,-9.64,-8.75,1,7079,0.5,-101.4,2.8
0.5,8851.169742,127.44,3.27,4.94,44.78,-10.18,-8.75,1,6955,-0.0,-82.0,2.9
0.5,8851.179740,128.32,3.27,4.96,44.79,-10.72,-9.75,1,6833,0.5,-17.9,1.0
0.5,8851.189743,129.11,3.28,5.2,44.8,-11.24,-10.75,1,6700,-0.1,-40.1,1.4
0.5,8851.199740,129.11,3.26,3.97,44.77,-11.76,-10.75,1,6571,-0.9,-100.8,3.5
0.5,8851.209741,129.11,3.26,2.78,44.73,-12.26,-10.5,1,6443,0.8,-58.0,1.0
0.5,8851.219740,129.64,3.27,3.25,44.73,-12.75,-11.25,1,6314,-0.1,3.8,0.5
0.5,8851.229740,130.34,3.26,3.83,44.76,-13.23,-12.0,1,6214,-0.2,-3.8,0.8
0.5,8851.239740,131.13,3.25,2.98,44.75,-13.69,-12.75,1,7075,-1.0,-76.5,3.2
0.5,8851.249741,131.66,3.24,1.48,44.71,-14.14,-13.25,1,6958,-0.0,-77.3,2.3
0.5,8851.259740,131.92,3.25,0.85,44.69,-14.58,-13.5,1,6840,-0.0,-62.3,2.9
0.5,8851.269743,132.71,3.25,0.53,44.7,-15.0,-14.25,1,6652,0.1,-47.1,2.3
0.5,8851.279740,133.51,3.25,0.38,44.69,-15.41,-15.0,1,6574,-0.2,-30.5,1.3
0.5,8851.289743,133.86,3.25,-0.25,44.68,-15.8,-15.5,1,6450,-0.1,-79.1,3.2
0.5,8851.299740,133.86,3.25,-1.53,44.63,-16.18,-15.25,1,6310,-0.2,-80.2,1.1
0.5,8851.309740,133.95,3.25,-1.71,44.6,-16.54,-15.5,1,6217,0.7,-16.8,0.4
0.5,8851.319740,134.82,3.25,-1.0,44.64,-16.89,-16.5,1,7079,-0.8,8.0,0.2
0.5,8851.329740,135.7,3.24,-1.17,44.63,-17.21,-17.25,1,6952,0.5,-42.0,1.1
0.5,8851.339740,136.23,3.25,-2.76,44.58,-17.53,-17.75,1,6842,-0.3,-109.1,3.3
0.5,8851.349740,136.41,3.25,-4.05,44.55,-17.82,-17.75,1,6707,0.4,-62.4,2.5
0.5,8851.359740,136.49,3.26,-3.86,44.56,-18.1,-17.75,1,6578,-0.2,-26.8,1.2
0.5,8851.369741,136.85,3.24,-3.67,44.57,-18.36,-18.25,1,6452,-0.5,-17.0,1.1
0.5,8851.379743,137.46,3.24,-3.66,44.57,-18.6,-19.0,1,6318,0.1,-9.3,0.6
0.5,8851.389740,137.64,3.24,-4.08,44.56,-18.82,-19.25,1,6225,-0.5,-49.1,1.3
0.5,8851.399740,137.64,3.24,-5.14,44.52,-19.02,-19.0,1,7084,0.4,-66.3,2.0
0.5,8851.409741,137.55,3.25,-5.32,44.52,-19.21,-18.75,1,6958,-0.1,-1.2,0.8
0.5,8851.419740,137.37,3.23,-4.53,44.56,-19.37,-18.75,1,6841,-1.5,14.6,0.3
0.5,8851.429742,138.43,3.19,-4.2,44.58,-19.52,-19.75,1,6704,-1.9,16.7,1.1
0.5,8851.439740,139.31,3.23,-4.47,44.57,-19.65,-20.75,1,6574,3.6,-28.7,-0.2
0.5,8851.449740,140.01,3.29,-5.94,44.49,-19.75,-21.5,1,6455,0.7,-101.6,2.8
0.5,8851.459742,139.83,3.28,-7.73,44.44,-19.84,-21.25,1,6322,0.9,-106.5,1.7
0.5,8851.469743,139.48,3.29,-8.11,44.42,-19.91,-20.5,1,6230,0.1,-33.1,1.3
0.5,8851.479740,139.31,3.23,-7.11,44.48,-19.96,-20.25,1,7091,-3.8,27.0,1.0
0.5,8851.489740,139.31,3.14,-6.06,44.54,-19.99,-20.75,1,6961,-5.1,45.0,1.1
0.5,8851.499740,139.75,3.11,-5.7,44.57,-20.0,-21.25,1,6843,-1.0,17.5,0.7
0.5,8851.509741,139.66,3.22,-6.3,44.52,-19.99,-20.75,1,6707,5.8,-31.9,-0.7
0.5,8851.519740,139.31,3.32,-6.98,44.46,-19.96,-20.5,1,6579,2.5,-19.5,-0.5
0.5,8851.529740,139.39,3.24,-6.6,44.49,-19.91,-20.5,1,6451,-3.8,25.5,1.0
0.5,8851.539741,139.31,3.14,-5.96,44.55,-19.84,-20.5,1,6326,-2.5,20.0,0.9
0.5,8851.549743,139.31,3.14,-5.87,44.56,-19.75,-20.25,1,6234,-1.6,13.8,0.6
0.5,8851.559740,139.04,3.15,-5.91,44.55,-19.65,-19.5,1,7096,0.3,2.9,-0.2
0.5,8851.569740,137.99,3.18,-6.01,44.53,-19.52,-19.0,1,6965,0.4,0.5,0.4
0.5,8851.579740,137.55,3.21,-5.44,44.56,-19.37,-18.75,1,6847,3.8,59.1,-1.4
0.5,8851.589740,137.99,3.27,-3.76,44.61,-19.21,-19.25,1,6711,2.6,109.4,-1.8
0.5,8851.599740,138.78,3.27,-3.29,44.63,-19.02,-20.25,1,6583,1.0,-3.2,-0.6
0.5,8851.609740,139.13,3.26,-5.16,44.55,-18.82,-20.75,1,6455,0.5,-74.4,1.6
0.5,8851.619742,139.04,3.27,-6.73,44.49,-18.6,-20.25,1,6330,0.6,-85.7,1.5
0.5,8851.629743,138.78,3.27,-6.94,44.47,-18.36,-19.25,1,6230,-0.2,-9.9,-0.4
0.5,8851.639740,138.16,3.22,-5.93,44.52,-18.1,-19.0,1,7089,-3.2,25.1,1.3
0.5,8851.649740,137.55,3.18,-5.17,44.58,-17.82,-18.75,1,6970,-1.1,41.8,0.4
0.5,8851.659740,137.11,3.22,-4.27,44.61,-17.53,-17.75,1,6851,2.5,72.8,-0.9
0.5,8851.669740,136.05,3.23,-3.36,44.64,-17.21,-16.75,1,6715,-2.3,60.3,-1.0
0.5,8851.679740,135.0,3.2,-3.09,44.64,-16.89,-16.0,1,6588,1.4,38.9,-1.2
0.5,8851.689740,134.82,3.21,-2.07,44.67,-16.54,-16.25,1,6460,-2.1,123.5,-2.3
0.5,8851.699740,134.91,3.17,-0.33,44.73,-16.18,-16.5,1,6324,-0.2,89.4,-2.1
0.5,8851.709743,135.0,3.24,-0.95,44.68,-15.8,-16.0,1,6235,4.8,-28.0,-1.2
0.5,8851.719740,134.65,3.29,-2.16,44.62,-15.41,-15.25,1,7093,0.2,-4.2,0.0
0.5,8851.729740,133.86,3.23,-1.79,44.66,-15.0,-14.25,1,6966,-1.7,14.2,0.5
0.5,8851.739740,133.15,3.19,-0.99,44.7,-14.58,-14.0,1,6856,-2.2,61.2,-0.8
0.5,8851.749739,132.89,3.2,0.23,44.74,-14.14,-14.25,1,6719,1.6,75.2,-1.0
0.5,8851.759739,133.07,3.24,1.08,44.77,-13.69,-14.25,1,6592,0.3,70.9,-0.9
0.5,8851.769739,132.98,3.24,0.97,44.77,-13.23,-14.0,1,6465,1.5,-7.0,0.3
0.5,8851.779739,132.71,3.26,0.17,44.73,-12.75,-13.0,1,6329,0.5,-2.0,-0.1
0.5,8851.789742,131.13,3.24,0.28,44.74,-12.26,-11.75,1,6239,-0.8,6.3,0.4
0.5,8851.799739,129.9,3.21,1.2,44.77,-11.76,-11.25,1,7098,-1.8,83.4,-1.6
0.5,8851.809739,129.73,3.2,3.35,44.83,-11.24,-11.25,1,6970,0.0,137.5,-4.0
0.5,8851.819739,129.73,3.21,4.77,44.87,-10.72,-11.25,1,6852,-1.3,88.5,-2.1
0.5,8851.829739,129.81,3.2,4.28,44.86,-10.18,-10.75,1,6715,0.4,-0.9,0.4
0.5,8851.839739,129.9,3.22,3.4,44.83,-9.64,-10.25,1,6597,0.3,1.8,-0.2
0.5,8851.849739,129.38,3.22,3.41,44.83,-9.08,-9.75,1,6469,0.3,-1.4,0.5
0.5,8851.859739,128.67,3.21,3.52,44.84,-8.52,-9.0,1,6333,-1.3,14.4,0.0
0.5,8851.869739,127.71,3.18,4.13,44.86,-7.94,-8.0,1,6232,-0.8,45.2,-0.8
0.5,8851.879739,126.91,3.21,5.33,44.88,-7.36,-7.25,1,7102,2.5,88.9,-2.9
0.5,8851.889739,126.04,3.27,6.7,44.91,-6.77,-6.5,1,6974,1.8,93.4,-2.4
0.5,8851.899739,125.42,3.27,7.55,44.95,-6.18,-5.75,1,6856,0.5,80.3,-1.6
0.5,8851.909739,125.24,3.26,8.1,44.97,-5.58,-5.75,1,6720,-0.4,68.3,-2.1
0.5,8851.919739,125.24,3.24,8.5,44.97,-4.97,-6.0,1,6595,-0.3,51.7,-0.7
0.5,8851.929739,125.24,3.25,8.43,44.98,-4.36,-5.75,1,6465,0.1,9.7,0.0
0.5,8851.939739,124.63,3.25,8.02,44.97,-3.75,-5.0,1,6337,-0.2,1.2,0.3
0.5,8851.949739,123.49,3.25,7.95,44.96,-3.13,-3.75,1,6236,0.4,1.1,-0.0
0.5,8851.959739,122.7,3.24,8.87,44.99,-2.51,-3.25,1,7106,-1.4,91.7,-1.9
0.5,8851.969739,122.26,3.26,10.84,45.05,-1.88,-2.75,1,6979,2.2,107.0,-2.8
0.5,8851.979739,121.29,3.3,11.7,45.07,-1.26,-1.75,1,6855,-0.1,70.3,-1.8
0.5,8851.989739,120.41,3.25,11.63,45.07,-0.63,-0.75,1,6724,-2.1,29.7,-0.2
0.5,8851.999740,119.97,3.25,12.39,45.1,0.0,-0.5,1,6600,0.9,117.2,-3.0
0.5,8852.009739,119.44,3.28,14.13,45.15,0.63,0.25,1,6470,-1.4,85.6,-1.8
0.5,8852.019739,118.65,3.25,13.98,45.15,1.26,1.25,1,6333,-0.4,17.0,-0.1
0.5,8852.029739,117.77,3.26,14.06,45.15,1.88,1.75,1,6241,0.8,76.9,-2.5
0.5,8852.039739,117.33,3.32,15.51,45.19,2.51,2.25,1,7102,3.3,84.9,-1.3
0.5,8852.049739,116.89,3.36,16.24,45.23,3.13,2.75,1,6983,0.4,65.1,-1.6
0.5,8852.059739,116.19,3.32,16.61,45.23,3.75,3.5,1,6856,-0.8,57.0,-1.9
0.5,8852.069739,115.14,3.31,16.96,45.23,4.36,4.5,1,6729,-0.2,42.3,-1.1
0.5,8852.079739,114.26,3.31,17.64,45.26,4.97,5.25,1,6601,-0.9,83.1,-1.6
0.5,8852.089739,113.64,3.34,18.98,45.3,5.58,5.75,1,6474,1.8,93.3,-2.8
0.5,8852.099739,113.03,3.37,19.85,45.32,6.18,6.5,1,6338,-0.1,76.7,-1.8
0.5,8852.109739,112.85,3.36,20.35,45.35,6.77,6.75,1,6245,0.0,66.9,-1.4
0.5,8852.119739,112.85,3.36,20.75,45.37,7.36,6.25,1,7107,-0.2,49.4,-1.0
0.5,8852.129739,112.68,3.37,20.65,45.36,7.94,6.25,1,6979,1.0,7.7,0.2
0.5,8852.139739,112.06,3.37,20.25,45.35,8.52,7.25,1,6861,-0.5,1.1,0.1
0.5,8852.149739,111.09,3.36,20.19,45.34,9.08,8.5,1,6734,0.5,0.8,0.1
0.5,8852.159739,110.3,3.39,21.11,45.37,9.64,9.25,1,6609,0.4,92.4,-2.4
0.5,8852.169739,110.3,3.4,23.13,45.44,10.18,9.25,1,6478,-0.7,111.0,-2.6
0.5,8852.179739,109.86,3.39,23.77,45.47,10.72,9.5,1,6342,-0.9,44.9,-1.0
0.5,8852.189739,108.81,3.38,23.17,45.45,11.24,10.5,1,6249,-0.1,6.2,0.3
0.5,8852.199739,108.02,3.39,23.3,45.45,11.76,11.5,1,7114,-0.2,51.0,-1.4
0.5,8852.209739,107.75,3.41,24.85,45.5,12.26,11.75,1,6984,0.3,110.5,-2.5
0.5,8852.219739,107.23,3.44,26.07,45.56,12.75,12.25,1,6868,0.5,62.5,-1.2
0.5,8852.229739,106.26,3.43,25.9,45.55,13.23,13.25,1,6738,-1.5,31.7,-0.7
0.5,8852.239743,105.64,3.42,26.3,45.56,13.69,13.75,1,6604,0.5,70.2,-1.5
0.5,8852.249740,105.03,3.45,27.51,45.6,14.14,14.25,1,6483,-0.7,82.8,-2.4
0.5,8852.259740,104.5,3.44,28.26,45.63,14.58,14.75,1,6347,-1.1,62.0,-1.0
0.5,8852.269740,104.33,3.45,28.59,45.66,15.0,15.25,1,6245,0.5,54.0,-0.7
0.5,8852.279740,104.06,3.47,28.87,45.67,15.41,15.25,1,7119,0.2,36.2,-0.7
0.5,8852.289740,103.97,3.48,28.98,45.67,15.8,15.5,1,6988,0.6,28.5,-0.4
0.5,8852.299740,103.36,3.48,29.1,45.67,16.18,15.75,1,6870,0.0,19.4,-0.3
0.5,8852.309740,102.3,3.48,29.16,45.68,16.54,17.0,1,6734,0.2,15.8,-0.2
0.5,8852.319743,101.07,3.49,29.74,45.69,16.89,18.25,1,6609,0.3,61.8,-1.8
0.5,8852.329740,100.9,3.55,31.51,45.76,17.21,18.25,1,6479,1.7,130.5,-3.1
0.5,8852.339740,100.9,3.6,33.04,45.83,17.53,17.75,1,6351,-0.3,84.7,-2.1
0.5,8852.349740,101.07,3.56,32.61,45.81,17.82,17.75,1,6250,-0.6,2.6,0.3
0.5,8852.359740,101.25,3.54,31.79,45.78,18.1,17.5,1,7121,0.7,-0.0,-0.0
0.5,8852.369740,101.25,3.56,31.71,45.77,18.36,17.5,1,6996,1.1,-5.6,0.4
0.5,8852.379740,100.81,3.57,31.47,45.76,18.6,18.25,1,6877,0.7,-18.2,0.4
0.5,8852.389740,99.93,3.55,31.34,45.75,18.82,19.25,1,6738,-0.8,-0.9,0.0
0.5,8852.399743,99.93,3.54,32.21,45.79,19.02,19.25,1,6614,-1.8,69.8,-1.0
0.5,8852.409740,100.02,3.59,33.5,45.86,19.21,18.75,1,6483,2.4,59.0,-1.0
0.5,8852.419740,99.76,3.62,33.4,45.85,19.37,18.75,1,6347,-0.8,0.8,0.3
0.5,8852.429740,99.76,3.57,32.84,45.82,19.52,19.5,1,6254,0.2,1.8,-0.2
0.5,8852.439740,98.61,3.58,32.84,45.81,19.65,20.5,1,7119,0.3,-0.7,0.0
0.5,8852.449740,98.17,3.59,33.31,45.84,19.75,21.25,1,6998,-0.9,49.5,-0.7
0.5,8852.459743,98.17,3.63,34.77,45.91,19.84,20.75,1,6882,0.9,95.2,-2.0
0.5,8852.469740,98.09,3.66,35.52,45.95,19.91,20.5,1,6744,-0.3,29.2,-0.5
0.5,8852.479743,98.17,3.63,34.86,45.91,19.96,20.75,1,6618,-0.4,0.3,0.1
0.5,8852.489740,97.56,3.6,34.58,45.89,19.99,21.5,1,6488,-0.6,1.1,-0.6
0.5,8852.499740,97.56,3.61,34.64,45.89,20.0,21.25,1,6353,0.8,5.0,1.0
0.5,8852.509740,98.0,3.66,35.13,45.94,19.99,20.75,1,6259,0.7,45.4,-0.9
0.5,8852.519740,98.09,3.66,35.55,45.94,19.96,20.5,1,7121,-0.7,0.9,0.1
0.5,8852.529740,98.0,3.61,34.63,45.9,19.91,20.75,1,6993,-0.1,-46.9,1.2
0.5,8852.539742,98.35,3.61,34.08,45.87,19.84,20.75,1,6886,0.8,-7.2,0.4
0.5,8852.549740,98.53,3.64,34.45,45.9,19.75,20.0,1,6747,0.2,-3.3,1.0
0.5,8852.559740,99.67,3.64,34.48,45.91,19.65,18.75,1,6620,-0.4,-0.2,0.4
0.5,8852.569740,100.37,3.61,33.8,45.87,19.52,18.25,1,6493,0.4,-71.4,2.2
0.5,8852.579740,100.37,3.59,32.04,45.8,19.37,18.75,1,6356,0.9,-105.0,3.2
0.5,8852.589740,100.02,3.56,31.24,45.76,19.21,19.0,1,6255,-1.2,-45.9,1.1
0.5,8852.599740,99.93,3.56,31.84,45.79,19.02,19.0,1,7128,0.0,0.2,1.1
0.5,8852.609740,99.84,3.59,32.74,45.85,18.82,19.0,1,6997,-0.4,44.3,-0.7
0.5,8852.619740,100.02,3.59,33.18,45.86,18.6,19.0,1,6889,-1.0,-0.2,0.4
0.5,8852.629740,99.93,3.58,32.75,45.84,18.36,18.75,1,6751,0.9,1.4,0.1
0.5,8852.639740,100.46,3.6,32.75,45.84,18.1,18.0,1,6624,0.0,-1.6,0.6
0.5,8852.649740,101.16,3.59,32.67,45.84,17.82,17.5,1,6497,0.4,-5.0,0.6
0.5,8852.659740,101.25,3.58,31.96,45.81,17.53,17.25,1,6360,-0.3,-67.7,2.1
0.5,8852.669740,101.34,3.55,30.86,45.76,17.21,17.5,1,6259,0.3,-47.0,1.5
0.5,8852.679743,101.25,3.55,30.99,45.77,16.89,17.75,1,7132,-0.7,-8.0,0.5
0.5,8852.689740,101.25,3.55,31.37,45.79,16.54,17.5,1,7002,0.4,-1.0,0.7
0.5,8852.699743,101.78,3.56,31.43,45.8,16.18,16.75,1,6887,-0.5,-1.2,0.5
0.5,8852.709740,102.57,3.56,31.43,45.8,15.8,16.0,1,6747,0.4,0.4,0.4
0.5,8852.719740,102.66,3.55,30.66,45.77,15.41,15.75,1,6621,-0.2,-79.1,2.3
0.5,8852.729740,103.01,3.51,29.29,45.71,15.0,15.5,1,6493,-0.8,-56.9,2.0
0.5,8852.739740,103.89,3.52,29.48,45.73,14.58,14.5,1,6365,1.3,-3.0,0.8
0.5,8852.749740,105.38,3.55,29.49,45.74,14.14,13.25,1,6264,0.6,-53.0,2.1
0.5,8852.759742,105.91,3.52,27.83,45.67,13.69,12.5,1,7128,0.8,-115.9,3.6
0.5,8852.769740,106.17,3.47,26.03,45.6,13.23,12.75,1,7006,-2.1,-117.5,3.6
0.5,8852.779740,106.08,3.43,25.57,45.58,12.75,13.25,1,6889,-0.4,-45.0,1.0
0.5,8852.789740,106.08,3.47,26.27,45.61,12.26,12.75,1,6752,0.7,-2.4,1.1
0.5,8852.799740,106.7,3.48,26.69,45.64,11.76,11.75,1,6624,-0.6,-0.0,0.7
0.5,8852.809740,107.05,3.46,26.7,45.64,11.24,11.25,1,6497,-0.6,-1.3,0.5
0.5,8852.819740,107.49,3.47,26.04,45.62,10.72,11.0,1,6364,1.3,-65.3,2.2
0.5,8852.829740,107.75,3.48,24.89,45.57,10.18,10.75,1,6268,1.5,-51.0,1.5
0.5,8852.839743,108.28,3.48,24.65,45.57,9.64,10.25,1,7133,-0.2,-38.5,2.0
0.5,8852.849740,108.98,3.46,24.56,45.57,9.08,9.25,1,7002,-0.7,-21.1,0.5
0.5,8852.859740,109.95,3.44,24.06,45.55,8.52,8.75,1,6892,0.0,-67.1,3.0
0.5,8852.869740,110.3,3.41,22.85,45.52,7.94,8.25,1,6756,-2.8,-75.4,2.6
0.5,8852.879740,110.74,3.39,22.08,45.5,7.36,7.75,1,6629,1.9,-68.7,2.8
0.5,8852.889740,111.18,3.42,21.64,45.49,6.77,7.25,1,6501,-1.5,-50.8,1.8
0.5,8852.899740,111.36,3.37,21.4,45.47,6.18,7.25,1,6365,-1.0,-41.5,1.3
0.5,8852.909740,111.8,3.38,21.18,45.47,5.58,6.5,1,6275,0.2,-31.1,1.4
0.5,8852.919742,112.76,3.39,21.08,45.47,4.97,5.75,1,7137,-0.1,-20.9,0.7
0.5,8852.929740,113.55,3.39,20.47,45.45,4.36,5.0,1,7007,1.3,-71.3,2.8
0.5,8852.939740,113.99,3.4,19.17,45.42,3.75,4.25,1,6888,0.4,-78.9,2.9
0.5,8852.949740,114.52,3.38,18.4,45.39,3.13,3.75,1,6761,0.6,-70.3,2.1
0.5,8852.959740,115.31,3.37,17.93,45.36,2.51,3.25,1,6633,-0.5,-55.4,1.6
0.5,8852.969740,116.54,3.37,17.61,45.35,1.88,2.0,1,6506,1.0,-47.0,1.6
0.5,8852.979740,118.12,3.37,16.81,45.33,1.26,0.5,1,6373,-0.7,-88.0,3.0
0.5,8852.989740,119.0,3.32,14.98,45.28,0.63,-0.5,1,6271,-2.0,-142.3,4.3
0.5,8852.999741,118.92,3.3,13.03,45.22,-0.0,-0.25,1,7141,0.4,-140.3,4.7
0.5,8853.009740,118.83,3.33,12.5,45.21,-0.63,0.25,1,7011,1.1,-54.9,1.9
0.5,8853.019740,118.74,3.33,13.39,45.24,-1.26,0.25,1,6892,-1.1,3.6,0.5
0.5,8853.029740,119.0,3.3,14.11,45.27,-1.88,-0.5,1,6757,-1.7,13.6,0.8
0.5,8853.039740,120.06,3.29,14.31,45.29,-2.51,-1.5,1,6629,-0.9,9.2,0.2
0.5,8853.049740,120.85,3.32,13.6,45.26,-3.13,-2.5,1,6510,3.5,-66.0,1.9
0.5,8853.059740,121.29,3.35,11.94,45.19,-3.75,-2.75,1,6374,0.1,-91.5,2.2
0.5,8853.069740,121.55,3.31,10.94,45.16,-4.36,-3.0,1,6276,-0.8,-74.7,2.7
0.5,8853.079740,122.26,3.3,10.9,45.18,-4.97,-4.0,1,7135,-0.3,-20.6,1.2
0.5,8853.089740,123.57,3.31,11.0,45.18,-5.58,-5.25,1,7019,0.4,-43.4,1.6
0.5,8853.099740,124.28,3.3,9.71,45.14,-6.18,-5.75,1,6897,-0.3,-107.0,3.1
0.5,8853.109740,124.72,3.29,7.95,45.08,-6.77,-6.25,1,6761,0.1,-112.6,3.0
0.5,8853.119740,125.68,3.29,7.44,45.06,-7.36,-7.25,1,6634,0.4,-45.2,1.8
0.5,8853.129740,127.0,3.29,7.56,45.08,-7.94,-8.5,1,6509,-0.7,-54.6,2.7
0.5,8853.139740,127.79,3.27,6.3,45.05,-8.52,-9.25,1,6379,-0.8,-117.4,3.5
0.5,8853.149740,127.71,3.27,4.51,44.99,-9.08,-9.25,1,6277,0.8,-116.0,3.6
0.5,8853.159740,127.71,3.28,4.06,44.97,-9.64,-8.5,1,7139,0.0,-46.5,1.2
0.5,8853.169740,127.53,3.27,4.85,45.0,-10.18,-8.25,1,7021,-0.6,9.2,0.9
0.5,8853.179740,127.62,3.26,5.49,45.04,-10.72,-9.0,1,6902,-1.3,8.3,0.4
0.5,8853.189740,128.5,3.22,5.69,45.05,-11.24,-9.75,1,6765,-2.6,21.0,0.5
0.5,8853.199740,129.2,3.25,5.44,45.04,-11.76,-10.75,1,6638,4.2,-37.6,0.5
0.5,8853.209740,129.38,3.32,3.98,44.97,-12.26,-11.0,1,6511,0.3,-86.9,2.6
0.5,8853.219740,129.55,3.27,2.79,44.94,-12.75,-11.0,1,6375,-0.6,-70.3,1.9
0.5,8853.229740,130.43,3.26,2.85,44.95,-13.23,-11.75,1,6282,0.1,-10.2,0.9
0.5,8853.239740,131.57,3.27,3.16,44.97,-13.69,-13.0,1,7144,-0.3,-29.5,1.5
0.5,8853.249740,132.01,3.25,1.99,44.94,-14.14,-13.5,1,7016,-1.3,-97.4,3.6
0.5,8853.259740,131.92,3.24,0.34,44.9,-14.58,-13.5,1,6906,0.4,-97.7,3.7
0.5,8853.269740,132.28,3.26,0.1,44.9,-15.0,-13.75,1,6770,0.6,-23.2,0.9
0.5,8853.279740,133.24,3.26,0.83,44.92,-15.41,-14.75,1,6643,-0.3,-1.8,0.8
0.5,8853.289740,134.03,3.25,0.53,44.93,-15.8,-15.5,1,6518,-0.6,-51.7,3.0
0.5,8853.299740,134.12,3.24,-1.06,44.88,-16.18,-15.5,1,6379,-0.1,-108.5,2.1
0.5,8853.309740,133.95,3.26,-2.19,44.8,-16.54,-15.25,1,6286,0.9,-56.8,-0.1
0.5,8853.319740,134.3,3.26,-1.58,44.82,-16.89,-15.75,1,7148,-0.8,9.3,0.7
0.5,8853.329740,135.18,3.23,-0.8,44.87,-17.21,-16.75,1,7023,-1.5,12.0,0.6
0.5,8853.339740,135.62,3.24,-1.44,44.85,-17.53,-17.25,1,6911,1.6,-66.0,1.3
0.5,8853.349740,135.44,3.27,-3.07,44.78,-17.82,-17.25,1,6774,0.2,-85.7,2.8
0.5,8853.359740,135.79,3.26,-3.47,44.79,-18.1,-17.25,1,6647,0.2,-19.9,1.2
0.5,8853.369740,136.85,3.25,-2.79,44.81,-18.36,-18.25,1,6520,-0.3,2.2,0.7
0.5,8853.379740,138.08,3.25,-3.09,44.81,-18.6,-19.75,1,6383,-0.3,-52.5,2.3
0.5,8853.389740,138.87,3.24,-4.8,44.76,-18.82,-20.25,1,6282,-1.1,-116.4,3.2
0.5,8853.399740,138.78,3.25,-6.62,44.7,-19.02,-20.25,1,7152,1.2,-117.8,3.8
0.5,8853.409740,138.52,3.28,-7.03,44.69,-19.21,-19.5,1,7025,0.5,-40.2,0.5
0.5,8853.419740,137.99,3.25,-6.07,44.71,-19.37,-19.25,1,6907,-2.3,18.4,0.7
0.5,8853.429740,138.08,3.18,-5.11,44.78,-19.52,-19.5,1,6773,-3.0,38.2,0.9
0.5,8853.439740,138.25,3.21,-4.41,44.81,-19.65,-19.75,1,6643,3.7,50.0,-0.7
0.5,8853.449740,138.34,3.29,-4.53,44.79,-19.75,-19.75,1,6515,1.3,-23.6,0.6
0.5,8853.459740,138.34,3.27,-5.41,44.75,-19.84,-19.75,1,6388,0.4,-15.2,0.1
0.5,8853.469740,138.43,3.26,-5.42,44.75,-19.91,-19.75,1,6287,-0.1,-9.0,0.5
0.5,8853.479740,138.34,3.26,-5.38,44.76,-19.96,-19.75,1,7157,-0.0,-2.2,0.5
0.5,8853.489740,138.25,3.25,-5.31,44.76,-19.99,-19.75,1,7032,-0.1,0.3,0.3
0.5,8853.499740,138.34,3.25,-5.28,44.76,-20.0,-19.75,1,6912,0.1,0.0,0.3
0.5,8853.509743,138.34,3.26,-5.29,44.76,-19.99,-19.75,1,6778,0.1,-0.1,0.4
0.5,8853.519740,138.43,3.26,-5.29,44.76,-19.96,-19.75,1,6656,-0.1,-0.0,0.4
0.5,8853.529743,138.34,3.25,-5.29,44.77,-19.91,-19.75,1,6523,-0.0,0.0,0.4
0.5,8853.539740,138.34,3.25,-5.29,44.77,-19.84,-19.75,1,6395,0.0,-0.0,0.4
0.5,8853.549740,138.16,3.25,-5.29,44.77,-19.75,-19.75,1,6291,0.0,-0.1,0.4
0.5,8853.559740,138.34,3.25,-5.29,44.77,-19.65,-19.75,1,7153,0.0,-0.0,0.4
0.5,8853.569743,138.34,3.25,-5.29,44.77,-19.52,-19.75,1,7037,-0.0,0.0,0.3
0.5,8853.579740,138.34,3.25,-5.29,44.77,-19.37,-19.75,1,6915,0.0,0.0,0.3
0.5,8853.589740,138.34,3.25,-5.29,44.77,-19.21,-19.5,1,6782,0.0,-0.0,0.4
0.5,8853.599740,138.08,3.25,-5.27,44.77,-19.02,-18.75,1,6652,-0.3,1.8,0.3
0.5,8853.609740,137.37,3.23,-5.09,44.79,-18.82,-18.25,1,6524,-1.7,15.8,0.6
0.5,8853.619740,136.67,3.18,-4.68,44.82,-18.6,-17.75,1,6388,-2.6,27.8,0.5
0.5,8853.629740,137.11,3.19,-3.6,44.85,-18.36,-18.5,1,6298,1.8,95.4,-2.1
0.5,8853.639740,137.99,3.25,-2.59,44.87,-18.1,-19.25,1,7157,1.7,33.6,-1.0
0.5,8853.649743,138.34,3.26,-3.93,44.82,-17.82,-19.75,1,7032,0.6,-72.0,1.3
0.5,8853.659740,138.25,3.26,-5.8,44.75,-17.53,-19.25,1,6920,0.5,-82.4,2.2
0.5,8853.669743,137.72,3.26,-6.04,44.75,-17.21,-18.25,1,6787,-0.0,-12.7,0.7
0.5,8853.679740,136.41,3.23,-5.16,44.79,-16.89,-17.75,1,6659,-2.1,17.7,0.7
0.5,8853.689743,136.41,3.19,-3.96,44.84,-16.54,-17.75,1,6532,-0.9,90.4,-1.6
0.5,8853.699740,136.67,3.22,-2.52,44.88,-16.18,-17.75,1,6393,1.6,71.2,-1.6
0.5,8853.709740,135.97,3.24,-2.66,44.87,-15.8,-16.5,1,6301,-0.5,4.7,-0.0
0.5,8853.719740,134.91,3.21,-3.25,44.85,-15.41,-15.5,1,7162,-1.1,7.5,-0.0
0.5,8853.729743,134.56,3.18,-2.29,44.89,-15.0,-15.25,1,7037,-2.3,93.6,-0.9
0.5,8853.739740,134.21,3.16,-0.59,44.95,-14.58,-15.0,1,6918,0.2,84.0,-2.7
0.5,8853.749742,134.03,3.18,-0.39,44.94,-14.14,-14.5,1,6790,-0.6,29.4,-0.1
0.5,8853.759739,133.33,3.2,-0.65,44.93,-13.69,-13.75,1,6661,2.0,28.2,-2.1
0.5,8853.769743,132.63,3.23,-0.3,44.92,-13.23,-13.25,1,6536,0.8,36.1,-0.3
0.5,8853.779739,132.19,3.24,0.48,44.97,-12.75,-12.75,1,6397,2.3,69.9,-1.1
0.5,8853.789739,131.75,3.25,1.44,45.01,-12.26,-12.25,1,6299,-1.1,62.2,-0.7
0.5,8853.799739,130.96,3.22,1.86,45.01,-11.76,-12.25,1,7158,0.5,50.0,-1.7
0.5,8853.809742,130.78,3.23,2.3,45.01,-11.24,-11.75,1,7042,-0.2,56.6,-1.6
0.5,8853.819739,130.52,3.23,2.86,45.03,-10.72,-10.75,1,6920,0.3,48.8,-1.5
0.5,8853.829740,129.81,3.22,2.91,45.03,-10.18,-10.25,1,6784,-0.8,13.2,0.2
0.5,8853.839739,129.46,3.21,3.11,45.04,-9.64,-9.75,1,6667,-0.5,55.4,-1.5
0.5,8853.849740,129.02,3.19,3.97,45.07,-9.08,-9.5,1,6530,-2.2,43.5,0.1
0.5,8853.859739,128.5,3.18,4.31,45.09,-8.52,-8.75,1,6402,0.9,46.6,-1.1
0.5,8853.869739,127.71,3.21,4.69,45.09,-7.94,-8.0,1,6301,-0.6,33.9,-1.0
0.5,8853.879739,126.83,3.2,5.34,45.1,-7.36,-7.25,1,7162,0.9,78.2,-2.1
0.5,8853.889742,126.39,3.23,6.63,45.14,-6.77,-6.75,1,7045,1.0,84.4,-1.9
0.5,8853.899739,125.6,3.24,7.43,45.18,-6.18,-6.0,1,6925,-0.1,73.7,-1.2
0.5,8853.909743,125.33,3.23,7.91,45.19,-5.58,-5.75,1,6792,-0.1,59.0,-1.4
0.5,8853.919739,124.89,3.23,8.25,45.19,-4.97,-5.25,1,6662,0.3,48.8,-1.4
0.5,8853.929743,124.72,3.24,8.5,45.2,-4.36,-5.0,1,6536,0.4,35.6,-0.4
0.5,8853.939739,124.28,3.24,8.66,45.21,-3.75,-4.5,1,6401,-0.5,29.2,-0.5
0.5,8853.949739,123.05,3.23,8.84,45.21,-3.13,-3.5,1,6305,0.0,24.1,-0.5
0.5,8853.959739,121.82,3.23,9.43,45.23,-2.51,-2.25,1,7170,-0.4,64.0,-1.7
0.5,8853.969739,121.03,3.27,11.14,45.28,-1.88,-1.75,1,7048,3.2,130.7,-3.3
0.5,8853.979739,120.85,3.33,12.89,45.33,-1.26,-1.25,1,6929,1.1,108.6,-2.8
0.5,8853.989739,120.76,3.28,13.27,45.35,-0.63,-1.25,1,6793,-2.4,59.8,-1.3
1.0,8856.019740,121.38,3.24,10.27,45.46,0.0,-1.75,1,6470,-0.0,12.0,-0.1
1.0,8856.029739,119.71,3.27,10.55,45.48,1.26,-0.25,1,7367,2.1,109.1,-2.7
1.0,8856.039739,118.83,3.29,13.25,45.57,2.51,0.75,1,7240,-1.4,173.4,-3.8
1.0,8856.049739,117.86,3.27,15.29,45.63,3.75,1.75,1,7112,-0.0,140.2,-4.2
1.0,8856.059739,116.02,3.28,15.83,45.64,4.97,3.5,1,6993,-0.6,87.0,-1.6
1.0,8856.069739,114.52,3.3,16.55,45.67,6.18,5.0,1,6869,1.5,125.2,-3.2
1.0,8856.079739,113.55,3.34,18.74,45.74,7.36,5.75,1,6738,-0.0,180.7,-5.0
1.0,8856.089739,112.59,3.36,20.5,45.79,8.52,6.75,1,6602,1.7,119.8,-3.2
1.0,8856.099739,110.83,3.37,20.73,45.8,9.64,8.5,1,6475,-1.5,84.4,-2.3
1.0,8856.109739,109.16,3.35,21.65,45.83,10.72,10.25,1,7363,1.0,126.8,-3.2
1.0,8856.119739,108.72,3.4,23.81,45.9,11.76,10.75,1,7244,-0.6,173.9,-4.8
1.0,8856.129739,108.28,3.41,25.61,45.96,12.75,11.0,1,7119,-0.3,133.4,-3.2
1.0,8856.139739,107.49,3.41,25.48,45.97,13.69,11.75,1,6998,-0.6,27.4,-0.1
1.0,8856.149743,105.91,3.39,24.87,45.94,14.58,13.5,1,6865,-0.3,45.2,-1.5
1.0,8856.159740,104.41,3.42,26.16,45.98,15.41,14.75,1,6743,0.6,111.2,-2.8
1.0,8856.169740,103.97,3.47,28.46,46.07,16.18,15.25,1,6610,-0.0,163.4,-4.0
1.0,8856.179740,103.8,3.51,30.2,46.15,16.89,15.5,1,6480,1.3,121.8,-2.7
1.0,8856.189740,102.83,3.52,29.99,46.14,17.53,16.25,1,7367,-0.3,20.9,-0.4
1.0,8856.199740,101.51,3.47,29.34,46.1,18.1,17.75,1,7240,-0.8,35.9,-1.4
1.0,8856.209743,100.81,3.5,30.61,46.14,18.6,18.25,1,7124,1.2,111.9,-2.7
1.0,8856.219740,100.63,3.57,32.58,46.23,19.02,18.5,1,7002,-0.3,121.2,-3.0
1.0,8856.229742,100.2,3.56,33.13,46.26,19.37,18.75,1,6869,-0.5,45.3,-0.5
1.0,8856.239740,99.14,3.53,32.5,46.23,19.65,20.0,1,6747,-1.2,13.4,-0.6
1.0,8856.249743,98.26,3.54,32.82,46.23,19.84,21.0,1,6614,1.5,63.6,-1.6
1.0,8856.259740,97.91,3.63,34.53,46.31,19.96,21.0,1,6484,1.8,120.8,-3.3
1.0,8856.269740,98.0,3.67,35.79,46.37,20.0,20.75,1,7376,1.2,68.4,-1.3
1.0,8856.279740,98.09,3.64,35.33,46.35,19.96,20.25,1,7244,-1.9,6.8,-0.4
1.0,8856.289743,98.26,3.59,34.72,46.31,19.84,20.5,1,7129,0.7,0.8,0.2
1.0,8856.299740,98.35,3.63,34.47,46.3,19.65,20.75,1,7006,1.3,-18.8,0.4
1.0,8856.309743,98.35,3.61,34.19,46.29,19.37,20.25,1,6874,-1.0,-9.4,0.5
1.0,8856.319740,99.32,3.61,34.22,46.3,19.02,19.25,1,6745,1.3,-5.5,1.0
1.0,8856.329743,100.02,3.63,34.01,46.29,18.6,18.5,1,6619,-0.3,-25.8,0.6
1.0,8856.339740,100.63,3.59,32.95,46.24,18.1,17.75,1,6480,1.1,-85.2,3.0
1.0,8856.349740,100.81,3.58,31.56,46.19,17.53,17.75,1,7377,-0.3,-79.9,2.5
1.0,8856.359740,100.81,3.55,31.06,46.17,16.89,17.75,1,7249,-0.6,-55.1,1.7
1.0,8856.369742,100.99,3.54,31.21,46.18,16.18,17.75,1,7124,-0.9,-10.5,0.9
1.0,8856.379740,101.6,3.55,31.64,46.2,15.41,17.0,1,7014,0.1,-0.7,0.6
1.0,8856.389743,102.92,3.56,31.73,46.21,14.58,15.5,1,6878,-0.2,-0.9,0.7
1.0,8856.399740,104.33,3.54,30.8,46.18,13.69,14.25,1,6748,0.6,-92.8,3.0
1.0,8856.409743,104.68,3.51,28.4,46.08,12.75,14.0,1,6614,0.7,-148.1,4.4
1.0,8856.419740,104.68,3.47,26.79,46.02,11.76,13.75,1,6484,-1.1,-106.4,3.2
1.0,8856.429740,105.29,3.48,27.05,46.03,10.72,13.25,1,7380,1.2,-15.5,1.3
1.0,8856.439740,106.7,3.52,27.81,46.07,9.64,11.75,1,7253,0.7,-14.6,1.0
1.0,8856.449742,108.19,3.48,26.91,46.04,8.52,10.25,1,7129,-2.4,-90.9,3.0
1.0,8856.459740,109.51,3.43,24.69,45.96,7.36,8.75,1,7007,1.6,-146.0,4.7
1.0,8856.469740,110.83,3.44,22.64,45.89,6.18,7.75,1,6879,-0.5,-150.2,4.6
1.0,8856.479740,112.06,3.4,21.31,45.85,4.97,6.25,1,6754,0.1,-128.1,4.0
1.0,8856.489740,113.73,3.39,20.43,45.82,3.75,4.75,1,6617,-0.9,-110.7,3.7
1.0,8856.499740,114.87,3.37,19.2,45.78,2.51,3.5,1,6488,0.6,-140.6,4.4
1.0,8856.509740,116.46,3.36,17.46,45.73,1.26,2.25,1,7377,-0.4,-144.1,4.8
1.0,8856.519740,118.3,3.35,16.17,45.69,0.0,0.25,1,7249,0.7,-125.0,3.6
1.0,8856.529741,120.32,3.34,14.8,45.65,-1.26,-1.75,1,7131,-0.8,-156.9,4.9
1.0,8856.539740,121.82,3.31,12.47,45.58,-2.51,-3.25,1,7014,-0.5,-200.6,6.3
1.0,8856.549740,122.26,3.29,10.08,45.52,-3.75,-3.75,1,6875,-0.8,-195.1,5.9
1.0,8856.559740,122.17,3.28,8.99,45.48,-4.97,-3.75,1,6756,0.3,-115.2,3.3
1.0,8856.569740,122.26,3.3,9.61,45.49,-6.18,-3.75,1,6621,0.0,-17.8,0.9
1.0,8856.579740,123.31,3.29,10.65,45.54,-7.36,-4.75,1,6493,-0.9,6.8,0.7
1.0,8856.589740,124.89,3.28,10.52,45.54,-8.52,-6.5,1,7381,0.4,-37.6,1.5
1.0,8856.599740,126.83,3.29,8.9,45.49,-9.64,-8.25,1,7256,-0.3,-117.0,4.0
1.0,8856.609740,127.97,3.26,6.3,45.42,-10.72,-9.5,1,7135,-0.9,-181.0,5.6
1.0,8856.619740,128.58,3.25,3.99,45.35,-11.76,-10.0,1,7017,0.2,-166.9,4.9
1.0,8856.629740,129.2,3.26,3.18,45.33,-12.75,-10.75,1,6880,0.3,-95.6,3.1
1.0,8856.639740,130.61,3.26,3.37,45.34,-13.69,-12.0,1,6761,-0.2,-51.9,1.9
1.0,8856.649740,132.01,3.25,2.92,45.33,-14.58,-13.5,1,6625,-0.9,-88.5,2.9
1.0,8856.659740,132.98,3.23,1.17,45.28,-15.41,-14.5,1,6497,-0.7,-138.9,4.9
1.0,8856.669740,133.33,3.24,-0.74,45.25,-16.18,-14.75,1,7388,0.3,-139.8,5.2
1.0,8856.679740,134.03,3.25,-1.43,45.23,-16.89,-15.25,1,7258,0.3,-68.0,2.2
1.0,8856.689740,135.18,3.25,-1.04,45.23,-17.53,-16.75,1,7131,0.1,-33.2,0.9
1.0,8856.699740,136.32,3.24,-1.5,45.2,-18.1,-17.75,1,7020,-0.4,-80.9,1.5
1.0,8856.709740,136.41,3.23,-3.33,45.14,-18.6,-17.75,1,6884,-0.6,-135.6,4.4
1.0,8856.719740,136.41,3.23,-4.77,45.12,-19.02,-17.75,1,6757,-0.1,-88.7,2.8
1.0,8856.729740,137.11,3.24,-4.33,45.13,-19.37,-18.5,1,6629,0.4,-3.4,0.7
1.0,8856.739740,137.81,3.24,-3.55,45.16,-19.65,-19.25,1,6502,0.0,-7.6,1.0
1.0,8856.749743,137.72,3.23,-4.42,45.13,-19.84,-19.0,1,7393,-0.7,-82.3,2.1
1.0,8856.759740,137.55,3.24,-5.57,45.09,-19.96,-18.75,1,7265,1.0,-40.1,1.3
1.0,8856.769740,137.72,3.24,-4.98,45.12,-20.0,-19.25,1,7136,-1.6,16.5,1.0
1.0,8856.779740,138.16,3.2,-4.23,45.17,-19.96,-19.75,1,7016,-0.8,18.4,0.5
1.0,8856.789740,138.08,3.23,-4.69,45.14,-19.84,-19.5,1,6889,1.6,-47.5,1.0
1.0,8856.799740,138.25,3.26,-5.52,45.1,-19.65,-19.75,1,6761,0.6,-17.7,0.5
1.0,8856.809740,138.87,3.24,-5.16,45.12,-19.37,-20.25,1,6625,-0.6,6.7,0.8
1.0,8856.819740,139.04,3.24,-5.36,45.13,-19.02,-20.5,1,6510,0.7,-44.3,1.3
1.0,8856.829743,138.69,3.26,-6.4,45.07,-18.6,-19.75,1,7398,0.1,-54.0,0.3
1.0,8856.839740,138.25,3.24,-6.45,45.06,-18.1,-18.75,1,7270,-1.2,4.6,0.5
1.0,8856.849740,137.2,3.18,-5.5,45.12,-17.53,-18.25,1,7139,-4.1,37.5,0.8
1.0,8856.859740,136.76,3.18,-4.41,45.18,-16.89,-17.75,1,7020,3.1,75.9,-0.7
1.0,8856.869740,136.23,3.24,-2.91,45.22,-16.18,-16.75,1,6893,-0.7,111.4,-2.3
1.0,8856.879740,134.74,3.18,-2.39,45.23,-15.41,-15.5,1,6766,-2.3,16.3,-0.2
1.0,8856.889740,133.59,3.15,-2.37,45.23,-14.58,-14.25,1,6630,-0.5,97.2,-1.8
1.0,8856.899739,132.54,3.18,-0.11,45.29,-13.69,-13.75,1,6502,0.7,145.4,-4.7
1.0,8856.909739,132.28,3.24,1.48,45.33,-12.75,-13.75,1,7389,5.0,110.5,-2.2
1.0,8856.919739,132.19,3.27,2.01,45.35,-11.76,-13.25,1,7271,-0.9,88.1,-3.0
1.0,8856.929739,131.84,3.22,1.82,45.33,-10.72,-12.25,1,7144,0.3,3.5,0.0
1.0,8856.939739,130.17,3.23,1.06,45.31,-9.64,-10.75,1,7028,-0.2,8.4,-0.1
1.0,8856.949739,128.41,3.22,1.95,45.34,-8.52,-8.75,1,6898,0.2,84.2,-2.3
1.0,8856.959739,126.91,3.21,4.24,45.41,-7.36,-7.25,1,6770,-2.5,153.3,-3.2
1.0,8856.969739,125.42,3.22,6.69,45.48,-6.18,-6.25,1,6634,2.8,175.4,-5.3
1.0,8856.979739,124.37,3.28,8.4,45.52,-4.97,-5.0,1,6510,0.7,148.5,-3.7
1.0,8856.989742,123.57,3.25,9.43,45.56,-3.75,-4.0,1,7398,-1.1,130.6,-3.3
1.0,8856.999739,122.78,3.24,10.23,45.58,-2.51,-3.25,1,7267,-0.3,97.3,-2.4
1.0,8857.009739,121.73,3.26,10.72,45.59,-1.26,-2.25,1,7148,1.4,82.2,-2.3
1.0,8857.019740,120.5,3.29,11.31,45.61,0.0,-0.75,1,7029,0.5,74.8,-1.8
1.0,8857.029739,118.56,3.29,12.36,45.65,1.26,1.0,1,6894,0.7,112.1,-2.6
1.0,8857.039739,117.07,3.29,14.42,45.71,2.51,2.5,1,6778,-1.5,168.8,-4.9
1.0,8857.049739,115.58,3.32,16.58,45.77,3.75,3.75,1,6638,3.4,159.5,-3.8
1.0,8857.059739,114.7,3.37,17.9,45.82,4.97,4.75,1,6514,-1.6,140.9,-4.0
1.0,8857.069742,113.82,3.32,18.86,45.84,6.18,5.75,1,7401,-0.3,114.9,-2.6
1.0,8857.079739,112.76,3.35,19.62,45.87,7.36,6.75,1,7272,0.8,102.0,-3.4
1.0,8857.089739,111.09,3.37,20.35,45.88,8.52,8.25,1,7144,0.1,85.3,-1.9
1.0,8857.099739,108.98,3.37,21.45,45.93,9.64,10.25,1,7037,-0.4,127.2,-3.2
1.0,8857.109739,107.67,3.41,23.67,46.0,10.72,11.5,1,6898,1.1,179.4,-4.8
1.0,8857.119739,107.05,3.44,25.98,46.08,11.76,11.75,1,6771,-1.2,179.6,-5.1
1.0,8857.129739,107.05,3.47,27.2,46.13,12.75,11.75,1,6643,2.8,121.5,-2.7
1.0,8857.139739,107.05,3.5,26.96,46.13,13.69,11.75,1,6515,-1.1,34.4,-0.9
1.0,8857.149740,106.35,3.44,26.11,46.08,14.58,12.75,1,7403,-0.1,1.6,-0.0
1.0,8857.159740,104.94,3.44,25.78,46.07,15.41,14.5,1,7276,0.4,-0.2,0.1
1.0,8857.169740,103.27,3.46,26.72,46.1,16.18,16.0,1,7149,-0.3,96.0,-2.5
1.0,8857.179740,102.48,3.49,29.41,46.21,16.89,16.75,1,7030,-1.1,172.9,-4.1
1.0,8857.189740,101.78,3.56,31.39,46.3,17.53,17.5,1,6902,3.0,121.5,-2.9
1.0,8857.199740,101.16,3.57,31.67,46.3,18.1,18.0,1,6778,-3.1,79.2,-2.7
1.0,8857.209740,100.81,3.52,31.89,46.3,18.6,18.5,1,6639,1.7,64.2,-1.2
1.0,8857.219740,100.37,3.58,32.27,46.33,19.02,18.75,1,6520,-1.0,52.8,-1.3
1.0,8857.229740,100.11,3.55,32.57,46.34,19.37,19.0,1,7408,-0.9,41.5,-0.5
1.0,8857.239740,99.93,3.56,32.79,46.35,19.65,19.25,1,7280,0.3,33.1,-0.6
1.0,8857.249740,99.93,3.57,32.95,46.36,19.84,19.25,1,7153,-0.1,24.7,-0.3
1.0,8857.259740,99.49,3.57,33.01,46.36,19.96,19.75,1,7034,0.4,13.9,-0.1
1.0,8857.269740,98.7,3.58,33.0,46.36,20.0,20.25,1,6908,-0.2,9.7,-0.0
1.0,8857.279740,98.17,3.58,33.49,46.38,19.96,21.0,1,6782,-0.2,53.0,-1.4
1.0,8857.289740,98.17,3.63,34.63,46.43,19.84,21.25,1,6643,2.1,71.7,-1.3
1.0,8857.299740,98.0,3.65,35.33,46.46,19.65,20.5,1,6516,-1.9,51.3,-1.7
1.0,8857.309740,98.88,3.61,35.18,46.45,19.37,20.0,1,7404,1.2,5.3,0.7
1.0,8857.319740,99.23,3.64,34.53,46.43,19.02,20.0,1,7285,0.5,-19.5,0.1
1.0,8857.329740,99.23,3.6,33.47,46.37,18.6,19.75,1,7158,0.5,-81.2,2.5
1.0,8857.339740,99.76,3.61,32.63,46.34,18.1,18.75,1,7041,2.1,-22.7,1.2
1.0,8857.349740,100.72,3.63,33.2,46.37,17.53,17.75,1,6911,-0.9,-0.8,0.5
1.0,8857.359740,101.07,3.59,32.48,46.34,16.89,17.5,1,6784,0.1,-93.9,2.9
1.0,8857.369740,101.6,3.52,30.83,46.27,16.18,17.0,1,6648,-3.6,-72.0,1.9
1.0,8857.379740,102.74,3.52,30.86,46.27,15.41,15.75,1,6520,3.2,-19.4,1.4
1.0,8857.389740,103.8,3.59,30.67,46.28,14.58,14.75,1,7408,-0.4,-71.4,2.6
1.0,8857.399740,104.33,3.51,28.89,46.21,13.69,14.25,1,7282,-0.7,-125.6,3.9
1.0,8857.409740,104.85,3.48,27.54,46.16,12.75,13.5,1,7162,0.1,-81.2,2.5
1.0,8857.419740,106.08,3.51,27.56,46.16,11.76,12.25,1,7043,1.7,-41.9,2.0
1.0,8857.429740,107.49,3.51,27.12,46.15,10.72,10.75,1,6910,-1.0,-84.2,2.9
1.0,8857.439743,108.81,3.44,25.34,46.09,9.64,9.75,1,6791,-1.6,-135.1,4.2
1.0,8857.449740,109.69,3.42,23.54,46.03,8.52,8.75,1,6652,1.2,-129.3,4.2
1.0,8857.459740,110.65,3.43,22.48,45.99,7.36,7.75,1,6525,-0.5,-112.3,3.2
1.0,8857.469740,111.53,3.41,21.67,45.96,6.18,6.75,1,7413,0.8,-98.1,3.3
1.0,8857.479740,113.12,3.4,21.0,45.95,4.97,5.25,1,7288,-1.0,-80.9,2.9
1.0,8857.489740,114.96,3.37,19.98,45.91,3.75,3.25,1,7161,-0.2,-118.7,3.4
1.0,8857.499740,116.1,3.36,17.88,45.85,2.51,2.25,1,7047,-0.0,-172.1,6.6
1.0,8857.509740,116.72,3.35,15.66,45.79,1.26,1.75,1,6912,0.3,-168.8,4.1
1.0,8857.519743,117.33,3.33,14.82,45.74,0.0,1.25,1,6787,-1.1,-87.9,3.0
1.0,8857.529740,118.56,3.33,15.15,45.77,-1.26,-0.25,1,6660,0.8,-47.5,1.6
1.0,8857.539740,120.06,3.34,14.78,45.76,-2.51,-1.75,1,6529,-0.7,-77.7,3.1
1.0,8857.549740,121.38,3.31,13.08,45.72,-3.75,-2.75,1,7417,-0.0,-140.0,4.8
1.0,8857.559740,122.61,3.31,11.06,45.66,-4.97,-4.25,1,7291,-0.0,-139.8,4.3
1.0,8857.569740,124.45,3.29,9.84,45.63,-6.18,-5.75,1,7162,-0.6,-121.9,4.5
1.0,8857.579742,125.6,3.28,8.49,45.59,-7.36,-7.0,1,7046,-0.4,-152.7,4.5
1.0,8857.589740,126.12,3.26,6.64,45.53,-8.52,-7.5,1,6919,-0.7,-154.2,4.5
1.0,8857.599741,126.83,3.26,5.79,45.5,-9.64,-8.25,1,6791,0.4,-84.2,2.6
1.0,8857.609740,127.97,3.27,6.03,45.51,-10.72,-9.5,1,6661,-0.1,-45.2,1.7
1.0,8857.619740,129.55,3.26,5.5,45.51,-11.76,-11.25,1,6536,-0.7,-92.1,4.1
1.0,8857.629740,130.52,3.25,3.56,45.47,-12.75,-12.25,1,7422,-0.3,-147.0,4.4
1.0,8857.639740,130.96,3.24,1.51,45.39,-13.69,-12.25,1,7294,-0.3,-150.5,4.2
1.0,8857.649740,131.31,3.25,0.81,45.37,-14.58,-12.75,1,7170,0.2,-66.3,2.5
1.0,8857.659740,132.36,3.25,1.46,45.4,-15.41,-13.75,1,7051,-0.1,-19.3,1.4
1.0,8857.669740,133.68,3.24,1.32,45.41,-16.18,-15.25,1,6912,-0.7,-61.3,3.0
1.0,8857.679743,134.21,3.23,-0.29,45.38,-16.89,-15.75,1,6796,-0.2,-118.4,4.6
1.0,8857.689740,134.82,3.24,-2.12,45.31,-17.53,-16.25,1,6658,0.6,-126.1,1.6
1.0,8857.699740,136.05,3.26,-2.71,45.25,-18.1,-17.5,1,6530,0.8,-51.4,0.8
1.0,8857.709740,137.02,3.26,-2.64,45.27,-18.6,-18.5,1,7418,-0.4,-67.8,2.5
1.0,8857.719740,137.37,3.23,-4.07,45.25,-19.02,-19.0,1,7299,-1.4,-126.9,5.1
1.0,8857.729740,137.81,3.22,-5.42,45.22,-19.37,-19.25,1,7174,-0.2,-75.6,2.0
1.0,8857.739743,137.99,3.25,-5.35,45.21,-19.65,-19.5,1,7055,0.9,-44.1,1.4
1.0,8857.749740,138.25,3.26,-5.33,45.22,-19.84,-19.75,1,6917,0.1,-29.8,1.9
1.0,8857.759741,138.43,3.25,-5.41,45.22,-19.96,-19.75,1,6800,0.1,-21.9,1.0
1.0,8857.769740,138.34,3.25,-5.46,45.22,-20.0,-19.75,1,6662,-0.0,-13.5,0.5
1.0,8857.779740,138.25,3.25,-5.44,45.22,-19.96,-19.75,1,6536,0.2,-6.8,0.6
1.0,8857.789740,138.43,3.25,-5.39,45.22,-19.84,-19.75,1,7422,0.0,-0.8,0.5
1.0,8857.799743,138.16,3.25,-5.32,45.22,-19.65,-19.75,1,7306,-0.1,0.4,0.3
1.0,8857.809740,138.34,3.25,-5.31,45.22,-19.37,-19.75,1,7176,0.0,0.1,0.3
1.0,8857.819742,138.16,3.25,-5.31,45.23,-19.02,-19.5,1,7060,0.0,-0.0,0.4
1.0,8857.829740,137.99,3.25,-5.3,45.23,-18.6,-18.5,1,6921,-0.2,1.7,0.2
1.0,8857.839740,135.97,3.21,-5.03,45.24,-18.1,-17.25,1,6802,-2.9,24.9,0.5
1.0,8857.849740,134.82,3.17,-3.95,45.29,-17.53,-16.25,1,6666,-1.0,84.8,-0.9
1.0,8857.859740,134.82,3.18,-1.57,45.37,-16.89,-16.25,1,6538,-0.4,177.8,-4.5
1.0,8857.869740,135.0,3.18,0.1,45.41,-16.18,-16.5,1,7426,-0.8,73.9,-1.6
1.0,8857.879740,134.82,3.22,-1.15,45.36,-15.41,-15.75,1,7302,3.9,-20.7,-0.7
1.0,8857.889740,134.21,3.26,-2.06,45.31,-14.58,-14.75,1,7171,-0.2,3.2,-0.1
1.0,8857.899740,133.33,3.21,-1.73,45.34,-13.69,-13.75,1,7062,-1.0,9.5,0.4
1.0,8857.909739,132.63,3.22,-0.69,45.37,-12.75,-13.25,1,6925,1.6,98.0,-2.8
1.0,8857.919739,131.4,3.25,1.08,45.43,-11.76,-12.25,1,6798,0.3,88.0,-0.7
1.0,8857.929739,130.25,3.23,1.88,45.47,-10.72,-11.25,1,6670,-0.8,90.2,-2.3
1.0,8857.939739,129.9,3.22,3.01,45.48,-9.64,-10.25,1,6543,0.2,110.9,-3.1
1.0,8857.949739,128.94,3.22,4.16,45.51,-8.52,-9.25,1,7431,-1.2,94.1,-2.6
1.0,8857.959739,127.27,3.18,4.37,45.52,-7.36,-7.75,1,7307,-2.1,38.1,-0.0
1.0,8857.969739,125.24,3.19,5.07,45.55,-6.18,-6.25,1,7176,1.3,125.9,-4.1
1.0,8857.979739,124.28,3.27,7.79,45.61,-4.97,-5.25,1,7057,4.4,183.8,-4.8
1.0,8857.989739,123.49,3.3,10.07,45.69,-3.75,-4.25,1,6929,-1.3,170.3,-4.4
1.0,8857.999739,123.05,3.23,10.84,45.71,-2.51,-3.5,1,6802,-2.1,90.1,-2.1
1.0,8858.009739,121.46,3.24,10.65,45.7,-1.26,-1.75,1,6666,2.2,61.2,-2.1
1.0,8858.019743,119.71,3.27,11.14,45.71,0.0,-0.25,1,6550,-1.4,78.2,-1.3
1.0,8858.029739,118.74,3.25,12.98,45.79,1.26,0.5,1,7438,0.1,167.2,-3.7
1.0,8858.039742,118.04,3.29,15.28,45.85,2.51,1.5,1,7311,1.1,140.6,-4.4
1.0,8858.049739,116.54,3.32,15.72,45.85,3.75,3.0,1,7181,1.0,70.8,-1.3
1.0,8858.059740,114.7,3.33,15.99,45.87,4.97,4.75,1,7062,1.0,96.7,-2.6
1.0,8858.069739,113.12,3.35,17.89,45.92,6.18,6.25,1,6925,0.2,164.5,-4.6
1.0,8858.079739,111.88,3.37,20.23,45.99,7.36,7.5,1,6807,1.0,166.1,-5.0
1.0,8858.089739,110.83,3.39,21.69,46.04,8.52,8.5,1,6671,-0.5,143.6,-3.0
1.0,8858.099743,109.86,3.39,22.7,46.09,9.64,9.5,1,6546,0.3,124.4,-3.6
1.0,8858.109739,109.16,3.4,23.52,46.1,10.72,10.25,1,7440,-0.4,100.4,-2.6
1.0,8858.119741,108.11,3.41,24.18,46.13,11.76,11.25,1,7313,0.2,90.0,-2.4
1.0,8858.129739,107.14,3.42,24.77,46.15,12.75,12.25,1,7185,-0.3,69.7,-1.3
1.0,8858.139739,106.0,3.42,25.65,46.19,13.69,13.25,1,7066,-0.6,108.2,-3.0
1.0,8858.149740,105.38,3.47,27.12,46.23,14.58,14.0,1,6930,2.8,108.5,-2.7
1.0,8858.159740,104.33,3.5,28.02,46.27,15.41,15.0,1,6811,-2.1,90.3,-2.6
1.0,8858.169740,103.01,3.46,28.59,46.29,16.18,16.25,1,6675,0.4,74.7,-1.4
1.0,8858.179739,101.95,3.5,29.58,46.33,16.89,17.25,1,6547,-0.6,114.7,-3.2
1.0,8858.189740,101.25,3.55,31.2,46.39,17.53,17.75,1,7444,2.5,121.9,-2.9
1.0,8858.199740,101.34,3.58,32.26,46.43,18.1,17.75,1,7308,-2.1,99.1,-3.0
1.0,8858.209740,100.99,3.55,32.4,46.44,18.6,18.25,1,7189,1.3,36.2,-0.2
1.0,8858.219740,100.2,3.57,31.8,46.42,19.02,19.0,1,7071,-0.5,3.8,-0.2
1.0,8858.229740,99.67,3.53,31.98,46.42,19.37,19.5,1,6934,-1.9,49.8,-1.1
1.0,8858.239740,98.96,3.57,33.18,46.47,19.65,20.25,1,6816,2.3,74.2,-1.6
1.0,8858.249740,98.96,3.62,33.97,46.51,19.84,20.25,1,6683,-1.2,54.3,-1.2
1.0,8858.259743,98.96,3.6,34.25,46.52,19.96,19.75,1,6555,1.0,48.0,-0.6
1.0,8858.269740,99.05,3.63,34.22,46.53,20.0,19.5,1,7441,0.7,3.1,0.1
1.0,8858.279741,98.96,3.61,33.77,46.5,19.96,19.5,1,7313,-0.3,0.2,0.0
1.0,8858.289740,99.14,3.61,33.59,46.49,19.84,20.25,1,7186,2.1,-15.5,0.4
1.0,8858.299740,98.79,3.62,33.4,46.48,19.65,20.25,1,7075,-1.2,-3.0,0.1
1.0,8858.309740,98.88,3.59,33.71,46.5,19.37,19.5,1,6942,-0.4,17.9,0.3
1.0,8858.319740,100.02,3.61,34.01,46.52,19.02,18.25,1,6811,-0.3,9.8,0.3
1.0,8858.329740,100.81,3.62,33.36,46.49,18.6,17.75,1,6684,2.1,-57.1,1.6
1.0,8858.339739,100.9,3.59,31.7,46.41,18.1,18.25,1,6556,-0.7,-99.4,2.8
1.0,8858.349740,100.02,3.52,30.78,46.37,17.53,19.25,1,7445,-2.1,-49.3,1.5
1.0,8858.359740,99.67,3.52,31.51,46.41,16.89,19.25,1,7317,-0.8,22.4,0.1
1.0,8858.369740,99.67,3.57,33.0,46.48,16.18,19.0,1,7190,0.3,77.7,-1.5
1.0,8858.379740,100.63,3.61,33.75,46.52,15.41,17.75,1,7071,0.5,19.6,0.6
1.0,8858.389740,102.04,3.6,33.13,46.5,14.58,16.25,1,6947,0.1,-4.2,0.3
1.0,8858.399740,103.01,3.57,31.56,46.43,13.69,15.5,1,6816,1.4,-133.1,3.9
1.0,8858.409740,103.71,3.51,28.85,46.31,12.75,14.75,1,6680,-1.0,-142.0,3.3
1.0,8858.419740,104.85,3.48,28.07,46.28,11.76,13.75,1,6561,0.8,-69.1,3.1
1.0,8858.429740,106.52,3.53,28.15,46.31,10.72,12.0,1,7449,1.5,-65.0,2.4
1.0,8858.439740,108.11,3.5,26.83,46.26,9.64,10.25,1,7321,-1.6,-136.4,4.4
1.0,8858.449740,108.37,3.43,24.37,46.17,8.52,9.75,1,7195,0.1,-174.6,5.1
1.0,8858.459740,108.81,3.42,22.67,46.11,7.36,9.75,1,7075,-0.0,-131.2,4.2
1.0,8858.469740,109.6,3.42,22.88,46.11,6.18,8.75,1,6939,0.1,-22.5,0.7
1.0,8858.479740,111.18,3.44,23.58,46.14,4.97,7.25,1,6820,0.4,-39.0,2.3
1.0,8858.489742,112.76,3.42,22.41,46.12,3.75,5.75,1,6687,-1.0,-99.9,3.0
1.0,8858.499740,114.26,3.38,20.21,46.03,2.51,4.25,1,6566,0.1,-159.4,4.8
1.0,8858.509740,115.49,3.37,18.03,45.97,1.26,3.0,1,7453,0.6,-158.5,4.9
1.0,8858.519740,116.81,3.37,16.67,45.92,-0.0,1.75,1,7327,0.5,-137.5,4.2
1.0,8858.529740,118.74,3.35,15.69,45.9,-1.26,-0.25,1,7198,-1.0,-119.0,3.9
1.0,8858.539740,120.23,3.32,14.41,45.86,-2.51,-1.75,1,7080,-0.9,-146.4,4.3
1.0,8858.549740,121.2,3.3,12.2,45.79,-3.75,-2.75,1,6947,-0.1,-193.3,6.1
1.0,8858.559740,122.34,3.31,10.39,45.74,-4.97,-4.0,1,6825,0.7,-134.4,3.8
1.0,8858.569740,123.66,3.31,10.08,45.73,-6.18,-5.25,1,6689,-0.8,-89.9,3.7
1.0,8858.579740,124.89,3.29,9.27,45.72,-7.36,-6.5,1,6562,-0.3,-125.4,3.8
1.0,8858.589740,125.95,3.28,7.59,45.66,-8.52,-7.5,1,7458,-0.4,-132.9,3.8
1.0,8858.599740,127.09,3.27,6.4,45.63,-9.64,-8.75,1,7322,-0.7,-111.4,4.0
1.0,8858.609740,128.5,3.26,5.65,45.62,-10.72,-10.0,1,7203,0.1,-96.4,3.1
1.0,8858.619740,129.73,3.27,4.52,45.58,-11.76,-11.25,1,7084,-0.1,-128.4,4.2
1.0,8858.629743,130.61,3.26,2.85,45.54,-12.75,-12.25,1,6951,-0.2,-135.0,4.3
1.0,8858.639740,131.4,3.25,1.68,45.51,-13.69,-12.75,1,6829,-0.6,-110.1,3.6
1.0,8858.649743,132.28,3.24,1.06,45.5,-14.58,-13.75,1,6696,-0.3,-86.5,3.2
1.0,8858.659740,133.51,3.24,0.58,45.5,-15.41,-15.0,1,6566,0.1,-72.0,3.2
1.0,8858.669740,134.03,3.24,-0.28,45.49,-16.18,-15.5,1,7454,-0.4,-100.1,4.1
1.0,8858.679740,134.38,3.24,-1.68,45.43,-16.89,-16.0,1,7326,-0.0,-112.2,2.0
1.0,8858.689743,135.53,3.26,-2.21,45.38,-17.53,-17.0,1,7202,1.2,-41.7,0.2
1.0,8858.699740,136.41,3.27,-2.07,45.39,-18.1,-18.0,1,7089,-0.3,-56.4,1.9
1.0,8858.709740,136.76,3.24,-3.4,45.37,-18.6,-18.25,1,6956,-0.7,-117.8,4.5
1.0,8858.719740,137.37,3.24,-4.76,45.34,-19.02,-18.75,1,6825,-0.4,-74.8,2.5
1.0,8858.729743,138.08,3.24,-4.58,45.34,-19.37,-19.75,1,6701,0.2,-25.0,1.0
1.0,8858.739740,138.34,3.25,-4.78,45.33,-19.65,-19.75,1,6570,-0.2,-70.2,2.1
1.0,8858.749740,138.25,3.25,-5.97,45.3,-19.84,-19.75,1,7458,0.6,-72.8,3.1
1.0,8858.759740,138.25,3.26,-6.07,45.31,-19.96,-19.5,1,7331,-0.5,-8.2,0.1
1.0,8858.769743,138.34,3.22,-5.24,45.33,-20.0,-19.75,1,7207,-1.9,18.6,1.1
1.0,8858.779740,138.96,3.19,-4.84,45.37,-19.96,-20.25,1,7093,-1.3,13.0,0.7
1.0,8858.789743,138.96,3.24,-5.3,45.34,-19.84,-20.5,1,6960,3.5,-39.7,-0.1
1.0,8858.799740,138.78,3.29,-6.38,45.27,-19.65,-19.75,1,6832,0.5,-56.5,0.8
1.0,8858.809743,138.25,3.26,-6.53,45.27,-19.37,-18.75,1,6705,-0.5,2.3,0.1
1.0,8858.819740,136.93,3.2,-5.64,45.32,-19.02,-18.5,1,6574,-4.0,30.5,0.9
1.0,8858.829740,137.02,3.19,-4.45,45.39,-18.6,-18.25,1,7465,2.4,90.5,-0.5
1.0,8858.839740,137.02,3.26,-2.99,45.43,-18.1,-18.25,1,7335,1.0,86.8,-2.6
1.0,8858.849743,136.93,3.24,-2.99,45.41,-17.53,-18.25,1,7211,-0.3,3.3,0.3
1.0,8858.859740,136.85,3.23,-3.82,45.39,-16.89,-18.25,1,7092,0.2,0.5,0.1
1.0,8858.869742,136.67,3.24,-3.84,45.39,-16.18,-17.0,1,6964,-0.2,0.5,0.4
1.0,8858.879740,134.82,3.22,-3.73,45.4,-15.41,-16.0,1,6834,-1.3,11.0,0.4
1.0,8858.889740,134.47,3.18,-2.72,45.44,-14.58,-15.75,1,6698,-1.9,90.9,-1.1
1.0,8858.899739,134.21,3.18,-0.41,45.5,-13.69,-15.0,1,6579,0.4,150.5,-4.7
1.0,8858.909739,133.15,3.2,0.26,45.5,-12.75,-13.75,1,7467,-0.4,7.4,-0.1
1.0,8858.919739,131.57,3.19,-0.91,45.48,-11.76,-12.25,1,7339,-0.7,26.8,-0.7
1.0,8858.929742,130.17,3.23,0.79,45.52,-10.72,-11.25,1,7215,4.4,150.3,-3.8
1.0,8858.939739,129.64,3.28,3.5,45.61,-9.64,-10.75,1,7094,0.2,147.2,-4.1
1.0,8858.949740,129.64,3.23,4.69,45.64,-8.52,-10.5,1,6958,-1.4,121.8,-2.7
1.0,8858.959739,128.76,3.19,4.8,45.65,-7.36,-9.25,1,6840,-2.1,37.0,-0.5
1.0,8858.969740,127.18,3.19,3.97,45.62,-6.18,-7.5,1,6703,0.7,1.1,-0.0
1.0,8858.979739,125.16,3.23,4.74,45.63,-4.97,-5.75,1,6575,1.0,112.7,-3.4
1.0,8858.989739,124.19,3.28,7.75,45.72,-3.75,-5.25,1,7473,4.3,190.2,-4.9
1.0,8858.999739,123.57,3.31,10.15,45.8,-2.51,-4.75,1,7335,-2.0,162.0,-4.1
1.0,8859.009742,123.22,3.23,10.75,45.82,-1.26,-3.75,1,7220,-1.5,88.1,-2.2
1.0,8859.019740,121.64,3.24,10.54,45.8,-0.0,-2.0,1,7101,0.2,52.9,-1.8
1.0,8859.029743,119.62,3.27,10.69,45.81,1.26,-0.25,1,6965,1.2,49.9,-0.8
1.0,8859.039739,118.04,3.31,12.51,45.87,2.51,1.5,1,6834,1.7,185.6,-4.9
1.0,8859.049740,116.89,3.34,15.72,45.96,3.75,2.5,1,6707,0.7,184.8,-5.4
1.0,8859.059739,115.84,3.35,17.19,46.01,4.97,3.25,1,6579,0.6,148.1,-3.1
1.0,8859.069739,114.96,3.35,18.0,46.05,6.18,4.75,1,7467,-1.1,117.8,-3.5
1.0,8859.079739,113.2,3.31,18.28,46.04,7.36,6.25,1,7340,-2.1,58.9,-1.2
1.0,8859.089739,111.71,3.34,19.19,46.07,8.52,7.75,1,7213,3.3,149.0,-4.7
1.0,8859.099739,110.57,3.43,21.66,46.15,9.64,8.75,1,7104,0.4,157.7,-3.8
1.0,8859.109740,109.25,3.42,23.08,46.21,10.72,10.25,1,6966,-0.0,133.0,-3.3
1.0,8859.119739,107.84,3.41,23.99,46.24,11.76,11.5,1,6839,-1.8,115.8,-3.1
1.0,8859.129739,107.23,3.4,25.3,46.28,12.75,12.0,1,6711,-0.4,148.0,-4.0
1.0,8859.139739,106.44,3.48,26.66,46.33,13.69,12.75,1,6584,4.0,104.2,-2.6
1.0,8859.149740,105.12,3.49,26.67,46.33,14.58,14.25,1,7475,-3.2,44.4,-1.3
1.0,8859.159740,103.8,3.43,27.03,46.34,15.41,15.5,1,7344,1.1,95.7,-2.3
1.0,8859.169741,103.18,3.5,29.06,46.41,16.18,16.25,1,7218,-1.1,151.8,-4.2
1.0,8859.179740,102.48,3.54,30.65,46.48,16.89,16.75,1,7098,3.3,103.3,-2.2
1.0,8859.189740,102.3,3.56,30.79,46.49,17.53,17.25,1,6970,-2.9,62.2,-1.9
1.0,8859.199740,101.87,3.52,30.93,46.48,18.1,17.5,1,6843,1.7,54.6,-1.0
1.0,8859.209740,101.25,3.56,31.21,46.5,18.6,18.0,1,6707,-0.9,35.9,-0.8
1.0,8859.219740,100.28,3.53,31.36,46.5,19.02,18.75,1,6589,-0.4,34.1,-0.8
1.0,8859.229743,99.67,3.55,32.1,46.54,19.37,19.75,1,7479,-0.6,75.2,-1.6
1.0,8859.239740,99.14,3.58,33.39,46.59,19.65,20.0,1,7352,0.6,88.1,-2.2
1.0,8859.249740,99.23,3.61,34.21,46.63,19.84,19.75,1,7221,-0.0,68.6,-1.2
1.0,8859.259740,99.14,3.62,34.18,46.63,19.96,19.75,1,7103,0.8,16.7,-0.1
1.0,8859.269740,99.14,3.61,33.67,46.6,20.0,19.75,1,6976,-0.2,0.9,-0.1
1.0,8859.279740,99.14,3.6,33.5,46.6,19.96,19.75,1,6848,0.5,-1.0,0.7
1.0,8859.289740,99.23,3.61,33.49,46.6,19.84,19.75,1,6712,-0.5,0.5,0.1
1.0,8859.299740,99.14,3.59,33.5,46.6,19.65,19.75,1,6596,0.1,-0.5,0.5
1.0,8859.309743,99.23,3.6,33.49,46.61,19.37,19.75,1,7484,-0.3,0.0,0.3
1.0,8859.319740,99.23,3.6,33.5,46.61,19.02,19.25,1,7354,0.2,0.4,0.4
1.0,8859.329740,99.67,3.6,33.49,46.61,18.6,18.75,1,7226,-0.0,-1.4,0.5
1.0,8859.339740,100.37,3.62,33.3,46.6,18.1,18.25,1,7107,1.7,-16.9,0.8
1.0,8859.349740,100.72,3.61,32.51,46.56,17.53,17.75,1,6971,-0.3,-63.3,1.5
1.0,8859.359740,100.9,3.56,31.56,46.51,16.89,17.5,1,6853,0.1,-48.4,1.5
1.0,8859.369740,101.51,3.56,31.36,46.51,16.18,17.0,1,6716,-0.2,-34.9,1.1
1.0,8859.379740,102.66,3.56,31.22,46.51,15.41,15.75,1,6589,-0.2,-27.9,1.6
1.0,8859.389742,103.71,3.55,30.59,46.5,14.58,14.75,1,7488,0.4,-70.3,2.5
1.0,8859.399740,104.33,3.52,28.9,46.43,13.69,14.25,1,7358,-0.9,-126.6,3.9
1.0,8859.409740,104.85,3.48,27.51,46.37,12.75,13.5,1,7231,0.5,-83.0,2.6
1.0,8859.419740,106.17,3.52,27.53,46.38,11.76,12.25,1,7112,1.6,-41.4,1.9
1.0,8859.429740,107.58,3.51,27.09,46.37,10.72,10.75,1,6975,-1.1,-85.5,3.0
1.0,8859.439740,108.72,3.44,25.31,46.31,9.64,9.75,1,6848,-1.6,-134.3,4.2
1.0,8859.449740,109.86,3.42,23.51,46.25,8.52,8.75,1,6721,1.3,-130.8,4.2
1.0,8859.459740,110.65,3.43,22.41,46.21,7.36,7.75,1,6596,-0.4,-113.4,3.2
1.0,8859.469740,111.71,3.41,21.61,46.18,6.18,6.75,1,7481,0.8,-97.3,3.3
1.0,8859.479740,113.2,3.41,20.97,46.17,4.97,5.25,1,7362,-1.3,-80.9,2.9
1.0,8859.489740,114.96,3.37,19.95,46.13,3.75,3.25,1,7227,0.0,-117.5,3.4
1.0,8859.499740,116.28,3.37,17.87,46.07,2.51,2.25,1,7116,-0.0,-171.7,6.4
1.0,8859.509740,116.81,3.35,15.65,46.01,1.26,1.75,1,6980,0.3,-167.9,4.3
1.0,8859.519740,117.33,3.33,14.8,45.96,0.0,1.25,1,6856,-1.1,-88.5,2.9
1.0,8859.529740,118.65,3.33,15.13,45.98,-1.26,-0.25,1,6726,0.8,-47.4,1.6
1.0,8859.539740,120.06,3.34,14.77,45.98,-2.51,-1.75,1,6598,-0.6,-76.8,3.1
1.0,8859.549741,121.29,3.32,13.08,45.94,-3.75,-3.0,1,7487,-0.0,-138.9,4.6
1.0,8859.559740,122.43,3.31,11.07,45.87,-4.97,-4.0,1,7358,-0.0,-139.5,4.1
1.0,8859.569740,123.66,3.3,9.86,45.84,-6.18,-5.25,1,7231,-0.7,-120.1,4.3
1.0,8859.579740,125.07,3.29,9.04,45.82,-7.36,-6.75,1,7124,0.3,-101.4,2.8
1.0,8859.589740,126.39,3.29,7.86,45.78,-8.52,-7.75,1,6985,-0.7,-136.6,4.5
1.0,8859.599740,127.71,3.26,6.12,45.74,-9.64,-9.25,1,6857,-1.0,-139.1,4.5
1.0,8859.609740,128.94,3.26,4.91,45.71,-10.72,-10.5,1,6730,0.5,-118.6,4.1
1.0,8859.619740,129.46,3.27,3.68,45.67,-11.76,-11.0,1,6603,-0.5,-143.7,4.5
1.0,8859.629740,130.17,3.26,2.45,45.63,-12.75,-11.75,1,7491,0.5,-98.0,2.5
1.0,8859.639740,131.57,3.27,2.41,45.63,-13.69,-13.0,1,7363,-0.1,-49.8,2.0
1.0,8859.649740,133.15,3.25,1.93,45.63,-14.58,-14.5,1,7235,-1.6,-95.3,4.0
1.0,8859.659740,134.47,3.23,0.07,45.6,-15.41,-15.75,1,7117,-0.0,-140.8,5.3
1.0,8859.669740,135.18,3.25,-1.83,45.54,-16.18,-16.75,1,6980,0.6,-144.8,3.9
1.0,8859.679740,135.0,3.26,-3.11,45.47,-16.89,-16.5,1,6865,0.1,-124.0,2.0
1.0,8859.689740,134.82,3.25,-3.41,45.45,-17.53,-16.25,1,6726,-0.1,-50.7,2.2
1.0,8859.699740,135.26,3.23,-2.52,45.51,-18.1,-16.75,1,6607,-1.8,15.3,0.7
1.0,8859.709740,136.49,3.19,-1.63,45.55,-18.6,-18.0,1,7495,-2.5,23.6,0.8
1.0,8859.719740,137.64,3.21,-2.26,45.53,-19.02,-19.25,1,7368,3.1,-71.6,1.8
1.0,8859.729740,138.25,3.27,-4.53,45.45,-19.37,-19.75,1,7240,-0.5,-132.2,3.8
1.0,8859.739740,138.34,3.25,-6.08,45.41,-19.65,-19.75,1,7121,1.0,-93.6,3.0
1.0,8859.749740,138.08,3.26,-6.17,45.41,-19.84,-19.25,1,6985,0.2,-47.7,1.8
1.0,8859.759740,138.08,3.23,-5.59,45.44,-19.96,-19.25,1,6867,-2.0,11.8,0.8
1.0,8859.769740,138.69,3.18,-4.67,45.48,-20.0,-20.0,1,6731,-2.8,32.4,0.5
1.0,8859.779740,139.57,3.2,-4.59,45.48,-19.96,-21.25,1,6603,3.1,-12.1,0.1
1.0,8859.789740,140.19,3.28,-5.97,45.41,-19.84,-21.75,1,7499,1.6,-94.0,1.5
1.0,8859.799740,140.01,3.28,-7.8,45.34,-19.65,-21.25,1,7375,0.6,-100.6,2.2
1.0,8859.809740,139.83,3.26,-8.14,45.33,-19.37,-20.5,1,7245,-0.8,-27.4,0.8
1.0,8859.819740,139.57,3.21,-7.1,45.39,-19.02,-20.25,1,7126,-3.7,30.3,1.6
1.0,8859.829740,139.48,3.13,-6.19,45.46,-18.6,-19.75,1,6989,-4.0,33.7,0.6
1.0,8859.839740,138.78,3.12,-6.0,45.46,-18.1,-19.25,1,6862,-1.0,15.8,0.7
1.0,8859.849740,138.16,3.11,-5.86,45.47,-17.53,-18.5,1,6735,-3.1,31.9,0.0
1.0,8859.859740,136.85,3.17,-5.07,45.47,-16.89,-17.25,1,6607,8.0,62.5,-3.1
1.0,8859.869740,135.62,3.28,-3.82,45.51,-16.18,-16.75,1,7495,-0.0,94.8,-0.3
1.0,8859.879740,135.44,3.2,-2.23,45.58,-15.41,-16.25,1,7378,0.6,126.7,-3.8
1.0,8859.889740,134.74,3.19,-0.91,45.59,-14.58,-15.25,1,7249,-1.5,99.7,-2.5
1.0,8859.899739,132.89,3.16,-1.05,45.6,-13.69,-13.75,1,7131,-1.2,13.2,-0.0
1.0,8859.909739,131.66,3.17,-0.82,45.59,-12.75,-12.75,1,6994,1.2,108.9,-3.8
1.0,8859.919742,130.52,3.25,1.73,45.66,-11.76,-11.75,1,6870,4.7,159.4,-3.8
1.0,8859.929739,129.64,3.28,3.53,45.72,-10.72,-10.75,1,6742,-0.4,129.5,-4.0
1.0,8859.939739,129.55,3.22,4.32,45.73,-9.64,-10.25,1,6612,-0.9,109.4,-3.0
1.0,8859.949739,129.11,3.19,4.74,45.75,-8.52,-9.5,1,7500,-2.2,61.7,-0.7
1.0,8859.959739,127.62,3.19,4.35,45.75,-7.36,-8.0,1,7375,1.2,9.0,-0.1
1.0,8859.969739,126.12,3.21,4.55,45.74,-6.18,-6.75,1,7248,-1.0,72.4,-2.1
1.0,8859.979739,125.16,3.24,6.7,45.8,-4.97,-6.0,1,7138,4.1,151.6,-4.0
1.0,8859.989739,124.63,3.3,8.9,45.86,-3.75,-5.0,1,6999,0.2,140.5,-4.2
1.0,8859.999742,123.05,3.23,9.64,45.89,-2.51,-3.5,1,6874,-3.1,85.5,-1.2
1.0,8860.009739,121.11,3.2,9.75,45.9,-1.26,-1.75,1,6747,-0.2,65.8,-1.7
1.0,8860.019740,119.88,3.27,11.15,45.93,0.0,-0.5,1,6616,3.2,159.6,-4.4
1.0,8860.029739,119.18,3.33,13.96,46.02,1.26,0.25,1,7504,1.0,187.2,-5.2
1.0,8860.039739,118.83,3.32,15.29,46.05,2.51,0.75,1,7380,-0.1,105.2,-2.8
1.0,8860.049739,117.42,3.31,15.05,46.05,3.75,2.25,1,7250,0.1,58.5,-1.0
1.0,8860.059739,115.75,3.3,15.22,46.06,4.97,3.75,1,7131,-1.0,63.4,-1.6
1.0,8860.069739,114.35,3.32,16.78,46.1,6.18,5.25,1,6997,1.7,151.5,-4.5
1.0,8860.079742,113.12,3.36,19.16,46.18,7.36,6.25,1,6879,-0.7,149.9,-3.5
1.0,8860.089739,111.71,3.36,20.51,46.23,8.52,7.75,1,6740,1.0,136.0,-3.7
1.0,8860.099739,110.13,3.38,21.55,46.26,9.64,9.25,1,6622,-0.7,117.8,-3.1
1.0,8860.109739,108.98,3.39,22.85,46.3,10.72,10.25,1,7509,0.8,148.1,-4.1
1.0,8860.119739,108.63,3.44,24.67,46.36,11.76,10.75,1,7381,0.8,151.7,-4.1
1.0,8860.129739,108.19,3.44,25.44,46.39,12.75,11.25,1,7257,-0.6,74.4,-1.6
1.0,8860.139739,106.96,3.41,24.96,46.38,13.69,12.25,1,7138,-1.3,29.2,-0.5
1.0,8860.149740,105.21,3.41,25.21,46.38,14.58,14.25,1,6999,0.6,69.6,-1.9
1.0,8860.159743,103.45,3.47,26.95,46.44,15.41,15.75,1,6883,1.7,133.3,-3.9
1.0,8860.169740,102.83,3.51,29.51,46.53,16.18,16.25,1,6745,-1.7,192.3,-4.9
1.0,8860.179740,102.57,3.55,31.47,46.62,16.89,16.25,1,6617,3.2,137.7,-3.2
1.0,8860.189740,102.57,3.58,31.38,46.62,17.53,16.75,1,7514,-2.2,45.0,-1.4
1.0,8860.199740,101.51,3.5,30.47,46.57,18.1,17.75,1,7389,0.4,2.5,-0.1
1.0,8860.209740,100.46,3.53,30.45,46.57,18.6,18.75,1,7258,-0.2,39.6,-1.0
1.0,8860.219743,100.02,3.55,32.04,46.63,19.02,19.25,1,7142,0.2,122.3,-3.0
1.0,8860.229740,99.67,3.6,33.62,46.71,19.37,19.5,1,7005,0.4,75.7,-1.2
1.0,8860.239740,99.49,3.57,33.54,46.71,19.65,19.75,1,6877,-3.0,38.7,-1.1
1.0,8860.249740,99.32,3.56,33.43,46.7,19.84,19.75,1,6749,2.4,25.5,-0.0
1.0,8860.259740,99.14,3.62,33.52,46.71,19.96,20.0,1,6623,-0.1,21.9,-0.7
1.0,8860.269740,99.23,3.59,33.64,46.71,20.0,20.0,1,7510,0.3,15.5,0.2
1.0,8860.279743,99.23,3.6,33.66,46.71,19.96,20.0,1,7394,-0.5,8.9,0.0
1.0,8860.289740,99.14,3.58,33.61,46.71,19.84,20.0,1,7263,-0.3,1.9,0.2
1.0,8860.299743,99.23,3.59,33.54,46.71,19.65,20.0,1,7147,0.2,-0.2,0.3
1.0,8860.309740,99.32,3.59,33.52,46.71,19.37,19.75,1,7008,0.1,-0.1,0.4
1.0,8860.319739,99.49,3.59,33.51,46.71,19.02,19.0,1,6881,-0.0,-0.8,0.4
1.0,8860.329740,100.02,3.6,33.5,46.71,18.6,18.5,1,6753,0.8,-0.5,0.5
1.0,8860.339740,100.63,3.6,33.02,46.69,18.1,18.0,1,6626,0.7,-49.0,0.9
1.0,8860.349740,100.9,3.58,32.01,46.63,17.53,17.75,1,7514,1.2,-52.5,1.7
1.0,8860.359743,100.99,3.57,31.53,46.62,16.89,17.5,1,7389,-1.0,-44.6,1.2
1.0,8860.369740,101.6,3.55,31.33,46.61,16.18,17.0,1,7268,0.6,-27.6,1.6
1.0,8860.379740,102.74,3.56,31.26,46.62,15.41,15.75,1,7149,-1.4,-23.8,0.9
1.0,8860.389740,103.71,3.54,30.64,46.6,14.58,14.75,1,7012,1.3,-65.7,2.6
1.0,8860.399740,104.15,3.52,28.99,46.54,13.69,14.25,1,6886,-0.9,-123.5,3.6
1.0,8860.409740,104.94,3.48,27.61,46.48,12.75,13.75,1,6749,0.5,-80.4,2.6
1.0,8860.419740,106.0,3.52,27.63,46.49,11.76,12.5,1,6633,1.7,-41.0,2.1
1.0,8860.429740,107.49,3.51,27.19,46.48,10.72,11.0,1,7518,-1.2,-83.3,2.6
1.0,8860.439740,108.63,3.44,25.43,46.41,9.64,9.75,1,7392,-1.6,-133.4,4.2
1.0,8860.449740,109.6,3.42,23.61,46.35,8.52,8.75,1,7272,1.0,-132.0,4.2
1.0,8860.459740,110.57,3.43,22.51,46.32,7.36,8.0,1,7145,0.1,-111.6,3.3
1.0,8860.469740,111.53,3.41,21.77,46.29,6.18,7.0,1,7017,0.2,-94.6,3.2
1.0,8860.479740,113.03,3.4,21.12,46.28,4.97,5.25,1,6890,-0.7,-81.5,3.0
1.0,8860.489740,114.96,3.38,20.11,46.24,3.75,3.5,1,6753,-0.3,-114.6,3.0
1.0,8860.499743,116.37,3.36,18.02,46.18,2.51,2.0,1,6638,0.1,-175.9,6.9
1.0,8860.509740,117.51,3.35,15.73,46.12,1.26,1.0,1,7526,0.4,-167.5,4.0
1.0,8860.519740,117.86,3.33,14.38,46.05,-0.0,0.75,1,7395,-0.7,-143.6,4.4
1.0,8860.529740,118.39,3.3,13.91,46.05,-1.26,0.25,1,7276,-1.5,-70.9,2.9
1.0,8860.539740,119.62,3.32,14.29,46.08,-2.51,-1.25,1,7149,1.4,-35.0,1.8
1.0,8860.549740,121.03,3.34,13.92,46.07,-3.75,-2.5,1,7013,-0.3,-72.8,2.5
1.0,8860.559740,122.34,3.3,12.2,46.02,-4.97,-4.25,1,6894,-0.6,-133.8,4.7
1.0,8860.569740,123.93,3.29,10.27,45.97,-6.18,-5.5,1,6758,-0.6,-132.7,4.0
1.0,8860.579742,124.89,3.28,8.6,45.91,-7.36,-6.25,1,6633,0.1,-167.8,5.2
1.0,8860.589740,125.68,3.28,7.05,45.86,-8.52,-7.25,1,7527,0.3,-119.6,2.9
1.0,8860.599740,127.18,3.28,6.84,45.85,-9.64,-8.75,1,7400,-0.2,-69.3,3.0
1.0,8860.609740,128.5,3.26,6.28,45.85,-10.72,-10.0,1,7281,-1.0,-106.7,3.3
1.0,8860.619740,129.11,3.25,4.29,45.79,-11.76,-10.75,1,7154,0.1,-162.0,5.2
1.0,8860.629740,129.9,3.26,2.65,45.75,-12.75,-11.5,1,7017,0.5,-108.2,3.1
1.0,8860.639740,131.48,3.26,2.54,45.74,-13.69,-12.75,1,6890,-0.3,-64.7,2.3
1.0,8860.649740,133.15,3.24,2.0,45.74,-14.58,-14.5,1,6763,-1.3,-98.1,4.1
1.0,8860.659743,134.3,3.23,0.17,45.71,-15.41,-15.75,1,6638,-0.2,-149.0,5.4
1.0,8860.669740,135.18,3.24,-1.82,45.65,-16.18,-16.75,1,7523,0.3,-148.5,4.3
1.0,8860.679740,135.18,3.26,-3.1,45.58,-16.89,-16.5,1,7404,0.5,-128.0,2.1
1.0,8860.689740,134.91,3.26,-3.45,45.56,-17.53,-16.25,1,7289,-0.2,-56.0,2.3
1.0,8860.699740,135.26,3.23,-2.6,45.61,-18.1,-16.75,1,7158,-1.7,13.5,0.7
1.0,8860.709740,136.67,3.19,-1.7,45.65,-18.6,-18.0,1,7022,-2.0,19.8,0.8
1.0,8860.719740,137.81,3.22,-2.35,45.64,-19.02,-19.25,1,6894,2.6,-71.0,2.0
1.0,8860.729740,138.25,3.26,-4.59,45.55,-19.37,-19.75,1,6762,-0.4,-133.0,3.6
1.0,8860.739743,138.52,3.25,-6.15,45.51,-19.65,-19.75,1,6643,1.0,-94.8,3.1
1.0,8860.749740,138.08,3.26,-6.27,45.51,-19.84,-19.25,1,7528,0.1,-49.5,1.4
1.0,8860.759740,137.99,3.23,-5.7,45.53,-19.96,-19.25,1,7400,-2.0,11.8,0.8
1.0,8860.769740,138.78,3.18,-4.7,45.59,-20.0,-20.25,1,7291,-2.2,38.4,0.4
1.0,8860.779740,139.75,3.21,-4.63,45.58,-19.96,-21.25,1,7154,3.3,-19.8,0.3
1.0,8860.789740,140.27,3.29,-6.17,45.51,-19.84,-21.75,1,7029,1.4,-95.5,1.3
1.0,8860.799740,140.27,3.28,-7.95,45.43,-19.65,-21.25,1,6899,0.6,-102.2,2.2
1.0,8860.809740,139.83,3.28,-8.29,45.44,-19.37,-20.75,1,6763,0.0,-28.2,1.4
1.0,8860.819741,139.48,3.22,-7.27,45.5,-19.02,-19.75,1,6645,-4.2,29.0,1.1
1.0,8860.829740,138.6,3.12,-6.22,45.56,-18.6,-19.75,1,7532,-5.2,47.5,1.1
1.0,8860.839740,138.43,3.11,-5.51,45.59,-18.1,-19.75,1,7405,0.3,52.5,-0.7
1.0,8860.849740,138.08,3.24,-4.67,45.59,-17.53,-18.75,1,7298,7.5,78.5,-3.0
1.0,8860.859740,136.76,3.29,-4.3,45.58,-16.89,-17.5,1,7158,-1.6,11.7,-0.0
1.0,8860.869740,135.79,3.21,-4.56,45.6,-16.18,-16.75,1,7031,0.4,40.0,0.1
1.0,8860.879740,135.62,3.22,-2.73,45.66,-15.41,-16.75,1,6904,-0.6,155.5,-3.6
1.0,8860.889740,135.53,3.19,-0.82,45.71,-14.58,-16.25,1,6770,-1.5,74.9,-2.1
1.0,8860.899740,134.82,3.18,-1.57,45.68,-13.69,-15.25,1,6649,-0.1,6.1,0.4
1.0,8860.909739,133.07,3.19,-2.19,45.67,-12.75,-13.5,1,7537,-0.8,6.9,-0.2
1.0,8860.919739,131.22,3.18,-1.02,45.69,-11.76,-12.0,1,7410,0.4,115.8,-3.4
1.0,8860.929739,129.81,3.24,1.79,45.78,-10.72,-11.25,1,7294,4.1,172.3,-3.7
1.0,8860.939739,129.46,3.26,4.14,45.85,-9.64,-10.25,1,7163,-1.5,177.9,-5.2
1.0,8860.949739,128.06,3.18,5.32,45.87,-8.52,-8.5,1,7026,-2.7,112.4,-2.6
1.0,8860.959739,126.3,3.17,4.97,45.87,-7.36,-6.75,1,6908,-0.2,30.6,-0.5
1.0,8860.969739,124.98,3.22,5.85,45.89,-6.18,-5.5,1,6772,2.8,170.2,-5.0
1.0,8860.979739,124.63,3.27,9.02,45.98,-4.97,-5.25,1,6645,0.6,177.5,-4.5
1.0,8860.989739,124.54,3.24,10.1,46.02,-3.75,-5.5,1,7541,-1.5,100.0,-2.0
1.0,8860.999739,124.45,3.22,9.61,46.01,-2.51,-5.25,1,7414,0.2,28.7,-0.5
2.0,8863.029739,117.86,3.3,13.02,46.32,2.51,1.25,1,7101,1.1,288.3,-8.3
2.0,8863.039739,116.02,3.33,16.31,46.41,4.97,3.0,1,6973,1.8,282.8,-7.5
2.0,8863.049743,114.08,3.35,18.5,46.49,7.36,5.25,1,6849,-1.1,224.0,-6.1
2.0,8863.059742,111.36,3.31,19.52,46.52,9.64,8.25,1,6747,-1.9,160.5,-4.1
2.0,8863.069739,108.72,3.36,21.17,46.57,11.76,10.5,1,7615,4.2,228.8,-6.9
2.0,8863.079739,106.96,3.46,24.55,46.68,13.69,12.25,1,7488,-0.7,269.4,-7.1
2.0,8863.089740,105.12,3.45,27.19,46.78,15.41,14.0,1,7369,-0.0,223.5,-6.1
2.0,8863.099740,103.1,3.47,28.38,46.82,16.89,16.25,1,7233,-0.7,164.8,-4.6
2.0,8863.109740,100.72,3.48,29.67,46.86,18.1,18.25,1,7106,-0.6,188.5,-5.1
2.0,8863.119740,99.23,3.57,32.28,46.96,19.02,19.75,1,6978,3.2,237.4,-6.8
2.0,8863.129740,98.7,3.65,34.63,47.07,19.65,20.5,1,6851,-1.3,185.5,-4.6
2.0,8863.139743,98.53,3.61,35.43,47.1,19.96,20.25,1,6752,-1.1,131.7,-3.9
2.0,8863.149740,98.44,3.64,35.43,47.1,19.96,20.25,1,7611,2.3,53.9,-0.3
2.0,8863.159740,98.7,3.64,34.67,47.08,19.65,20.25,1,7492,-1.1,1.9,-0.6
2.0,8863.169740,98.61,3.58,34.14,47.03,19.02,20.25,1,7374,-0.2,-1.0,-0.0
2.0,8863.179740,99.05,3.61,34.01,47.04,18.1,19.25,1,7237,1.8,-10.3,0.9
2.0,8863.189740,100.28,3.63,33.88,47.04,16.89,18.25,1,7110,-0.7,-2.9,0.7
2.0,8863.199740,101.6,3.6,33.24,47.01,15.41,16.75,1,6982,1.9,-72.0,1.9
2.0,8863.209740,103.45,3.57,31.38,46.92,13.69,15.0,1,6846,-1.7,-116.9,3.3
2.0,8863.219741,105.73,3.5,29.5,46.86,11.76,12.75,1,6756,0.5,-143.3,4.7
2.0,8863.229740,108.19,3.49,27.22,46.78,9.64,10.25,1,7615,0.7,-201.7,6.1
2.0,8863.239740,109.95,3.44,24.26,46.68,7.36,8.5,1,7488,-1.0,-237.7,7.5
2.0,8863.249740,111.45,3.39,21.66,46.59,4.97,7.0,1,7378,0.1,-224.0,6.4
2.0,8863.259740,113.38,3.39,20.25,46.55,2.51,5.25,1,7242,0.5,-154.4,5.2
2.0,8863.269740,115.93,3.38,19.43,46.53,-0.0,2.75,1,7116,-0.6,-152.4,4.9
2.0,8863.279740,118.65,3.34,17.34,46.47,-2.51,-0.25,1,6987,-0.9,-210.6,7.1
2.0,8863.289740,121.55,3.3,14.23,46.38,-4.97,-3.25,1,6851,-1.9,-252.9,7.9
2.0,8863.299740,124.28,3.28,10.9,46.28,-7.36,-5.75,1,6759,1.9,-291.0,7.9
2.0,8863.309740,126.65,3.3,7.74,46.17,-9.64,-8.25,1,7620,-0.5,-277.2,8.4
2.0,8863.319740,129.29,3.26,5.42,46.12,-11.76,-10.75,1,7493,-0.7,-246.2,7.3
2.0,8863.329740,131.4,3.24,3.19,46.06,-13.69,-13.0,1,7382,-0.9,-254.4,8.3
2.0,8863.339740,133.33,3.24,0.64,45.99,-15.41,-14.75,1,7247,-0.4,-246.6,6.9
2.0,8863.349740,134.91,3.24,-1.41,45.94,-16.89,-16.25,1,7119,-0.5,-212.7,7.9
2.0,8863.359740,136.41,3.24,-2.84,45.91,-18.1,-17.75,1,6991,0.3,-177.1,4.5
2.0,8863.369740,137.2,3.25,-4.01,45.84,-19.02,-18.5,1,6856,0.1,-152.8,3.9
2.0,8863.379740,137.72,3.24,-5.08,45.82,-19.65,-19.25,1,6754,-1.1,-131.1,4.7
2.0,8863.389740,138.52,3.23,-5.43,45.83,-19.96,-20.0,1,7625,0.0,-56.7,1.8
2.0,8863.399740,139.13,3.25,-5.39,45.82,-19.96,-20.75,1,7497,0.6,-70.1,2.5
2.0,8863.409740,139.39,3.26,-6.37,45.79,-19.65,-20.75,1,7378,0.4,-84.3,2.3
2.0,8863.419740,139.13,3.27,-7.12,45.75,-19.02,-20.25,1,7251,0.7,-61.3,0.6
2.0,8863.429740,138.6,3.26,-6.94,45.75,-18.1,-19.25,1,7118,-1.0,-4.6,0.9
2.0,8863.439740,136.23,3.19,-6.01,45.81,-16.89,-17.5,1,6996,-4.7,35.7,0.8
2.0,8863.449740,135.44,3.16,-4.37,45.89,-15.41,-16.5,1,6860,1.8,124.6,-1.1
2.0,8863.459739,134.91,3.23,-1.38,45.98,-13.69,-15.75,1,6758,0.9,209.3,-5.8
2.0,8863.469739,133.68,3.19,0.14,46.01,-11.76,-14.25,1,7620,-3.2,67.1,-0.7
2.0,8863.479739,131.66,3.15,-0.82,45.99,-9.64,-12.25,1,7502,-0.4,46.2,-1.1
2.0,8863.489739,129.38,3.23,0.49,46.01,-7.36,-9.75,1,7386,5.6,152.8,-4.5
2.0,8863.499739,126.39,3.3,3.49,46.09,-4.97,-6.75,1,7247,0.3,193.1,-5.9
2.0,8863.509739,123.22,3.22,6.48,46.18,-2.51,-4.25,1,7119,-3.5,258.6,-6.6
2.0,8863.519740,120.76,3.22,10.18,46.29,-0.0,-2.0,1,6992,2.7,304.9,-7.9
2.0,8863.529739,118.92,3.33,13.58,46.39,2.51,0.75,1,6865,2.7,293.6,-8.7
2.0,8863.539739,115.93,3.31,15.67,46.45,4.97,3.25,1,6754,-2.9,219.9,-5.7
2.0,8863.549739,113.29,3.3,17.09,46.5,7.36,6.25,1,7628,3.0,216.2,-5.7
2.0,8863.559739,110.57,3.39,19.9,46.59,9.64,8.5,1,7506,0.2,283.8,-8.3
2.0,8863.569739,108.72,3.39,23.2,46.69,11.76,10.5,1,7390,-1.4,263.0,-7.2
2.0,8863.579739,106.44,3.43,25.35,46.77,13.69,13.0,1,7251,2.9,235.4,-6.0
2.0,8863.589740,103.89,3.44,26.99,46.82,15.41,15.25,1,7124,-5.4,191.4,-6.3
2.0,8863.599740,102.48,3.45,29.02,46.88,16.89,16.75,1,6996,6.4,247.1,-5.9
2.0,8863.609740,101.25,3.63,31.57,47.0,18.1,17.75,1,6861,-0.2,199.8,-6.1
2.0,8863.619740,99.93,3.56,32.48,47.02,19.02,19.25,1,6759,-1.4,138.4,-3.5
2.0,8863.629740,98.26,3.56,33.06,47.05,19.65,20.75,1,7630,0.1,118.9,-3.3
2.0,8863.639740,97.21,3.59,34.37,47.1,19.96,21.75,1,7502,-1.4,151.1,-4.3
2.0,8863.649740,97.03,3.65,36.23,47.19,19.96,22.0,1,7392,2.6,153.7,-3.2
2.0,8863.659740,97.03,3.7,36.99,47.23,19.65,21.25,1,7256,-2.0,73.6,-2.3
2.0,8863.669743,98.17,3.64,36.27,47.19,19.02,20.25,1,7131,0.8,7.7,0.7
2.0,8863.679740,98.96,3.66,35.31,47.15,18.1,19.5,1,7001,1.3,-29.7,0.4
2.0,8863.689740,99.93,3.61,33.86,47.08,16.89,18.5,1,6865,-0.5,-108.5,3.5
2.0,8863.699740,101.51,3.58,32.42,47.03,15.41,17.0,1,6764,1.5,-65.0,1.8
2.0,8863.709740,103.45,3.59,31.75,47.0,13.69,14.75,1,7637,0.3,-110.9,4.2
2.0,8863.719740,105.38,3.52,29.56,46.92,11.76,13.0,1,7509,-2.4,-172.3,4.8
2.0,8863.729743,106.96,3.47,26.78,46.82,9.64,11.5,1,7399,2.7,-216.7,7.0
2.0,8863.739740,108.98,3.45,24.74,46.75,7.36,9.5,1,7263,-3.9,-160.1,4.4
2.0,8863.749743,111.45,3.4,23.69,46.72,4.97,6.75,1,7136,3.6,-161.7,5.8
2.0,8863.759740,114.26,3.44,21.59,46.66,2.51,4.25,1,7005,-2.2,-208.5,6.3
2.0,8863.769740,116.72,3.34,18.52,46.55,0.0,1.75,1,6869,-0.3,-260.2,7.6
2.0,8863.779740,119.62,3.34,15.52,46.46,-2.51,-1.25,1,6768,1.5,-248.4,7.6
2.0,8863.789740,122.34,3.33,13.0,46.38,-4.97,-3.75,1,7638,-1.1,-264.0,7.9
2.0,8863.799740,124.54,3.28,9.84,46.3,-7.36,-6.0,1,7511,-0.8,-300.5,9.5
2.0,8863.809743,127.0,3.28,7.22,46.22,-9.64,-8.5,1,7395,0.8,-225.4,6.0
2.0,8863.819740,129.73,3.27,5.67,46.18,-11.76,-11.25,1,7266,-1.9,-229.5,8.6
2.0,8863.829743,131.75,3.24,2.96,46.13,-13.69,-13.25,1,7140,-0.1,-267.4,7.9
2.0,8863.839740,132.98,3.24,0.04,46.02,-15.41,-14.25,1,7004,-1.2,-253.7,7.4
2.0,8863.849740,134.03,3.23,-1.48,45.99,-16.89,-15.5,1,6874,-0.0,-165.5,6.3
2.0,8863.859740,135.7,3.24,-1.69,46.01,-18.1,-17.25,1,6772,-0.1,-109.2,4.0
2.0,8863.869740,137.64,3.24,-2.51,45.96,-19.02,-19.0,1,7634,-0.0,-138.7,2.2
2.0,8863.879740,138.6,3.24,-4.76,45.88,-19.65,-20.0,1,7518,-1.1,-195.9,6.8
2.0,8863.889740,139.04,3.24,-6.72,45.85,-19.96,-20.5,1,7400,1.2,-138.9,3.6
2.0,8863.899740,138.78,3.27,-7.1,45.82,-19.96,-20.25,1,7261,0.4,-94.4,2.7
2.0,8863.909743,138.43,3.26,-6.88,45.82,-19.65,-19.25,1,7136,-0.3,-22.5,0.5
2.0,8863.919740,137.64,3.21,-5.81,45.87,-19.02,-18.75,1,7008,-4.2,34.3,0.9
2.0,8863.929740,137.72,3.17,-4.52,45.94,-18.1,-19.0,1,6879,1.4,73.3,0.0
2.0,8863.939740,137.55,3.24,-3.7,45.97,-16.89,-18.75,1,6777,1.5,42.0,-1.1
2.0,8863.949743,137.46,3.26,-4.12,45.93,-15.41,-17.75,1,7642,1.0,-10.0,-0.0
2.0,8863.959739,135.88,3.23,-4.47,45.92,-13.69,-16.25,1,7520,-1.8,16.5,0.0
2.0,8863.969743,133.59,3.19,-3.59,45.96,-11.76,-14.25,1,7404,-1.4,61.7,-0.2
2.0,8863.979739,130.96,3.17,-1.42,46.04,-9.64,-11.5,1,7266,-1.9,171.5,-4.5
2.0,8863.989739,128.32,3.21,1.97,46.12,-7.36,-9.25,1,7138,4.7,229.2,-6.4
2.0,8863.999739,126.12,3.28,5.25,46.2,-4.97,-7.25,1,7013,-0.8,271.0,-8.2
2.0,8864.009739,124.19,3.24,8.1,46.27,-2.51,-4.75,1,6874,0.5,243.2,-6.5
2.0,8864.019740,121.11,3.27,9.81,46.33,0.0,-1.75,1,6781,1.1,198.4,-5.5
2.0,8864.029743,118.3,3.27,11.71,46.39,2.51,1.25,1,7646,-1.7,234.8,-6.4
2.0,8864.039739,115.93,3.29,14.96,46.49,4.97,3.25,1,7525,3.2,288.7,-7.4
2.0,8864.049740,114.26,3.38,18.21,46.6,7.36,5.25,1,7407,1.0,270.7,-7.7
2.0,8864.059739,111.8,3.38,20.18,46.65,9.64,7.5,1,7270,0.1,215.7,-5.5
2.0,8864.069739,108.98,3.35,21.39,46.69,11.76,10.5,1,7142,-3.0,175.6,-6.0
2.0,8864.079739,106.26,3.4,23.48,46.74,13.69,13.0,1,7015,5.4,248.9,-6.5
2.0,8864.089740,104.77,3.5,27.06,46.88,15.41,14.25,1,6882,-3.7,284.3,-8.3
2.0,8864.099740,103.89,3.49,29.75,46.97,16.89,15.25,1,6786,3.4,234.5,-5.6
2.0,8864.109743,102.13,3.55,30.56,47.02,18.1,17.25,1,7651,-2.9,130.6,-4.1
2.0,8864.119740,100.46,3.48,30.58,47.0,19.02,18.75,1,7520,0.1,105.3,-2.8
2.0,8864.129739,99.58,3.57,32.06,47.07,19.65,19.5,1,7411,2.6,174.1,-4.2
2.0,8864.139740,98.88,3.64,34.11,47.16,19.96,20.25,1,7274,-1.0,136.2,-3.7
2.0,8864.149740,98.53,3.6,34.58,47.17,19.96,20.5,1,7147,-1.1,84.7,-2.1
2.0,8864.159740,98.53,3.62,34.81,47.19,19.65,20.0,1,7019,1.1,74.1,-1.4
2.0,8864.169740,99.49,3.65,34.83,47.19,19.02,19.0,1,6886,0.6,13.2,-0.3
2.0,8864.179740,100.11,3.62,34.1,47.15,18.1,18.25,1,6791,0.2,-12.4,0.4
2.0,8864.189743,100.81,3.6,32.79,47.09,16.89,17.75,1,7656,1.6,-105.6,3.0
2.0,8864.199740,101.87,3.57,31.15,47.02,15.41,16.75,1,7525,-0.3,-70.8,1.8
2.0,8864.209740,103.18,3.55,30.95,47.02,13.69,15.25,1,7406,-0.7,-55.0,2.3
2.0,8864.219740,105.21,3.53,30.11,47.0,11.76,13.25,1,7279,0.2,-99.3,3.4
2.0,8864.229740,107.58,3.5,28.06,46.92,9.64,10.75,1,7151,-0.4,-161.0,5.0
2.0,8864.239740,110.13,3.46,25.37,46.83,7.36,8.25,1,7023,0.2,-207.4,6.9
2.0,8864.249740,112.41,3.42,22.36,46.73,4.97,6.25,1,6891,0.4,-254.3,7.2
2.0,8864.259740,114.52,3.38,19.51,46.63,2.51,3.75,1,6787,-1.0,-239.1,7.5
2.0,8864.269741,117.16,3.36,17.55,46.58,-0.0,1.25,1,7650,0.7,-210.9,6.5
2.0,8864.279740,120.23,3.35,15.51,46.52,-2.51,-1.75,1,7530,-0.5,-232.3,7.4
2.0,8864.289740,122.7,3.3,12.62,46.44,-4.97,-4.5,1,7411,-1.8,-267.3,7.9
2.0,8864.299740,124.98,3.27,9.27,46.34,-7.36,-6.25,1,7274,0.2,-299.9,9.3
2.0,8864.309740,126.91,3.28,6.51,46.25,-9.64,-8.25,1,7156,-0.1,-244.1,6.6
2.0,8864.319740,129.2,3.26,5.23,46.22,-11.76,-10.75,1,7019,-0.8,-183.8,6.5
2.0,8864.329740,131.84,3.25,3.79,46.2,-13.69,-13.25,1,6892,-0.6,-204.4,6.6
2.0,8864.339740,133.59,3.24,1.08,46.11,-15.41,-15.0,1,6791,-0.9,-249.7,6.9
2.0,8864.349740,134.74,3.23,-1.76,46.04,-16.89,-16.25,1,7653,-0.4,-239.2,8.8
2.0,8864.359740,135.88,3.24,-3.21,46.01,-18.1,-17.25,1,7534,0.3,-155.2,3.3
2.0,8864.369740,137.81,3.25,-3.42,45.96,-19.02,-19.25,1,7415,0.3,-105.7,2.7
2.0,8864.379740,139.66,3.24,-4.33,45.96,-19.65,-21.25,1,7279,-1.3,-139.8,5.5
2.0,8864.389740,141.06,3.24,-6.54,45.91,-19.96,-22.5,1,7152,0.6,-187.4,5.5
2.0,8864.399740,141.42,3.28,-8.94,45.82,-19.96,-22.75,1,7024,0.8,-192.0,4.4
2.0,8864.409740,141.24,3.28,-10.01,45.78,-19.65,-22.25,1,6888,-0.3,-102.8,4.0
2.0,8864.419740,140.8,3.25,-9.25,45.83,-19.02,-21.25,1,6797,-0.7,-12.7,0.9
2.0,8864.429740,138.96,3.2,-8.05,45.88,-18.1,-19.75,1,7657,-4.4,29.8,1.2
2.0,8864.439740,137.55,3.1,-6.64,45.95,-16.89,-18.75,1,7538,-4.8,98.8,-0.3
2.0,8864.449740,137.37,3.16,-4.26,46.01,-15.41,-18.25,1,7420,6.4,168.6,-5.3
2.0,8864.459739,136.49,3.29,-2.53,46.03,-13.69,-16.75,1,7284,2.1,102.4,-3.2
2.0,8864.469739,134.47,3.21,-2.74,46.04,-11.76,-14.75,1,7156,-3.6,45.5,0.4
2.0,8864.479739,132.01,3.16,-2.12,46.07,-9.64,-12.5,1,7028,1.0,119.1,-3.4
2.0,8864.489739,129.2,3.2,0.56,46.13,-7.36,-9.75,1,6893,-1.3,194.7,-5.6
2.0,8864.499739,126.12,3.23,3.78,46.2,-4.97,-6.75,1,6800,5.4,246.2,-7.8
2.0,8864.509739,123.75,3.27,7.22,46.3,-2.51,-4.5,1,7662,-4.0,291.8,-7.3
2.0,8864.519740,121.99,3.23,10.5,46.41,-0.0,-2.75,1,7534,4.1,282.8,-7.9
2.0,8864.529739,119.88,3.31,12.56,46.47,2.51,-0.5,1,7424,-1.2,215.1,-6.0
2.0,8864.539739,117.33,3.29,13.7,46.5,4.97,2.25,1,7290,2.7,181.4,-4.2
2.0,8864.549739,113.99,3.34,15.53,46.56,7.36,5.5,1,7161,-0.8,216.6,-6.8
2.0,8864.559739,110.92,3.33,18.73,46.65,9.64,8.5,1,7033,0.7,285.1,-7.4
2.0,8864.569739,109.16,3.4,22.69,46.79,11.76,10.25,1,6897,-0.1,327.2,-9.4
2.0,8864.579739,107.93,3.45,25.76,46.89,13.69,11.5,1,6804,2.1,265.7,-6.6
2.0,8864.589740,106.0,3.46,26.78,46.93,15.41,13.25,1,7666,-3.2,163.1,-5.2
2.0,8864.599740,103.36,3.41,27.04,46.92,16.89,15.75,1,7542,0.6,128.2,-3.1
2.0,8864.609740,101.34,3.5,28.66,46.99,18.1,17.75,1,7420,2.2,197.0,-5.5
2.0,8864.619740,100.11,3.58,31.87,47.1,19.02,19.0,1,7293,0.4,252.1,-7.8
2.0,8864.629740,99.67,3.63,34.29,47.21,19.65,19.5,1,7165,1.2,187.3,-3.3
2.0,8864.639740,99.23,3.61,34.56,47.24,19.96,19.75,1,7039,-4.3,92.1,-3.6
2.0,8864.649740,98.96,3.55,33.95,47.19,19.96,20.0,1,6902,2.0,34.0,0.2
2.0,8864.659740,98.88,3.62,33.73,47.2,19.65,20.25,1,6800,0.7,35.8,-1.4
2.0,8864.669740,98.88,3.61,33.99,47.2,19.02,20.0,1,7662,0.3,24.6,-0.3
2.0,8864.679740,99.4,3.61,34.05,47.21,18.1,19.25,1,7543,-0.3,17.0,0.1
2.0,8864.689740,100.81,3.61,33.96,47.21,16.89,17.5,1,7425,0.2,-1.3,0.6
2.0,8864.699740,102.39,3.6,32.95,47.16,15.41,16.25,1,7289,1.9,-82.5,2.0
2.0,8864.709740,103.62,3.55,30.5,47.05,13.69,15.25,1,7170,-0.8,-164.2,4.8
2.0,8864.719740,104.94,3.47,28.16,46.97,11.76,13.5,1,7033,-2.0,-152.3,4.3
2.0,8864.729740,107.14,3.48,27.45,46.96,9.64,11.25,1,6906,3.5,-83.3,3.9
2.0,8864.739740,109.78,3.5,26.33,46.92,7.36,8.75,1,6805,-2.9,-180.5,4.8
2.0,8864.749740,112.41,3.41,23.15,46.8,4.97,6.0,1,7667,2.7,-221.0,7.2
2.0,8864.759740,114.7,3.42,20.14,46.71,2.51,3.75,1,7548,-1.3,-260.1,7.8
2.0,8864.769740,117.07,3.35,17.18,46.62,-0.0,1.5,1,7430,0.0,-257.6,7.8
2.0,8864.779740,119.71,3.34,15.02,46.55,-2.51,-1.25,1,7293,0.1,-218.4,6.8
2.0,8864.789740,122.43,3.31,13.06,46.49,-4.97,-4.0,1,7166,-1.9,-234.9,6.9
2.0,8864.799740,124.89,3.27,10.12,46.42,-7.36,-6.25,1,7039,-0.3,-277.9,9.4
2.0,8864.809740,127.35,3.28,7.13,46.33,-9.64,-8.75,1,6902,0.5,-256.2,6.7
2.0,8864.819740,129.81,3.26,4.99,46.26,-11.76,-11.25,1,6809,-1.3,-235.7,7.9
2.0,8864.829740,131.48,3.24,2.71,46.22,-13.69,-13.0,1,7671,-0.1,-248.0,7.6
2.0,8864.839740,132.98,3.24,0.23,46.14,-15.41,-14.25,1,7544,-1.0,-235.9,7.1
2.0,8864.849740,134.65,3.23,-1.13,46.11,-16.89,-16.25,1,7425,0.1,-148.5,5.5
2.0,8864.859740,136.41,3.24,-1.71,46.12,-18.1,-17.75,1,7300,-0.5,-145.3,5.7
2.0,8864.869740,137.02,3.23,-3.63,46.05,-19.02,-18.5,1,7170,-0.5,-195.4,3.7
2.0,8864.879740,137.55,3.22,-5.57,45.96,-19.65,-18.75,1,7042,-1.5,-143.8,4.9
2.0,8864.889740,138.52,3.22,-5.44,45.99,-19.96,-19.75,1,6908,1.2,-38.7,0.9
2.0,8864.899740,139.75,3.25,-4.99,46.0,-19.96,-21.25,1,6814,0.5,-59.6,2.5
2.0,8864.909740,140.54,3.26,-6.38,45.97,-19.65,-22.0,1,7676,0.5,-118.5,3.8
2.0,8864.919740,140.45,3.27,-8.22,45.9,-19.02,-21.75,1,7548,0.4,-125.3,2.6
2.0,8864.929740,140.27,3.26,-8.75,45.88,-18.1,-20.75,1,7430,-0.4,-46.5,2.4
2.0,8864.939743,138.43,3.22,-7.76,45.94,-16.89,-19.0,1,7305,-3.2,20.5,0.7
2.0,8864.949740,136.32,3.12,-6.36,46.0,-15.41,-17.25,1,7177,-6.5,73.5,0.5
2.0,8864.959740,134.3,3.15,-3.87,46.08,-13.69,-15.5,1,7050,7.4,195.4,-5.3
2.0,8864.969740,132.89,3.27,-0.57,46.16,-11.76,-13.75,1,6911,-1.5,208.3,-5.6
2.0,8864.979740,131.04,3.16,1.26,46.2,-9.64,-11.5,1,6821,-1.7,170.5,-4.5
2.0,8864.989740,128.23,3.19,2.52,46.25,-7.36,-8.75,1,7680,2.8,163.0,-2.9
2.0,8864.999740,125.6,3.24,4.43,46.31,-4.97,-6.0,1,7556,0.2,198.6,-6.3
2.0,8865.009740,123.22,3.25,7.5,46.37,-2.51,-3.75,1,7434,2.8,272.0,-8.4
2.0,8865.019743,120.85,3.29,10.88,46.47,0.0,-1.25,1,7310,-0.1,263.8,-6.8
2.0,8865.029740,118.12,3.25,13.04,46.54,2.51,1.5,1,7182,-2.5,224.9,-6.1
2.0,8865.039743,115.14,3.26,15.05,46.6,4.97,4.25,1,7055,1.3,240.1,-6.3
2.0,8865.049740,112.41,3.33,18.05,46.7,7.36,6.75,1,6917,1.4,284.5,-7.8
2.0,8865.059740,110.48,3.37,21.25,46.79,9.64,8.75,1,6814,0.2,275.4,-7.9
2.0,8865.069740,108.28,3.4,23.56,46.86,11.76,11.0,1,7685,1.3,240.4,-6.6
2.0,8865.079743,106.08,3.45,25.24,46.93,13.69,13.25,1,7560,1.0,202.5,-5.2
2.0,8865.089740,104.33,3.45,27.11,46.99,15.41,14.75,1,7438,-2.3,224.9,-6.9
2.0,8865.099740,103.27,3.47,29.49,47.07,16.89,16.0,1,7302,2.0,215.8,-4.8
2.0,8865.109740,101.43,3.55,30.77,47.14,18.1,17.75,1,7187,-0.1,137.0,-4.4
2.0,8865.119743,99.67,3.53,31.27,47.14,19.02,19.5,1,7051,0.1,129.2,-3.4
2.0,8865.129740,98.96,3.58,33.17,47.22,19.65,20.25,1,6920,0.9,198.2,-5.5
2.0,8865.139740,98.96,3.65,35.24,47.31,19.96,19.75,1,6821,1.4,137.7,-3.1
2.0,8865.149740,99.14,3.65,35.1,47.32,19.96,19.25,1,7680,-1.2,46.8,-1.0
2.0,8865.159741,99.76,3.6,34.21,47.27,19.65,18.75,1,7563,0.3,1.6,0.2
2.0,8865.169740,99.67,3.6,33.19,47.22,19.02,19.5,1,7446,1.4,-57.0,0.9
2.0,8865.179743,99.23,3.59,32.34,47.17,18.1,20.0,1,7310,0.4,-26.1,1.1
2.0,8865.189740,99.32,3.58,32.94,47.21,16.89,19.75,1,7179,-2.4,28.5,-0.2
2.0,8865.199741,99.76,3.58,33.79,47.26,15.41,18.5,1,7062,1.1,30.8,-0.1
2.0,8865.209740,101.69,3.62,33.8,47.26,13.69,16.75,1,6928,0.0,-1.1,0.6
2.0,8865.219740,103.89,3.59,32.34,47.2,11.76,14.5,1,6823,1.6,-114.8,3.4
2.0,8865.229740,106.52,3.53,29.35,47.07,9.64,11.75,1,7685,-1.5,-185.5,5.2
2.0,8865.239740,109.34,3.47,26.31,46.97,7.36,9.25,1,7557,1.8,-233.4,7.7
2.0,8865.249740,111.53,3.44,23.12,46.87,4.97,6.75,1,7448,-1.4,-270.9,7.9
2.0,8865.259743,114.08,3.35,20.16,46.77,2.51,4.25,1,7314,-2.5,-258.8,8.7
2.0,8865.269740,116.81,3.31,17.99,46.72,0.0,1.75,1,7184,-1.3,-228.3,7.1
2.0,8865.279743,120.06,3.33,15.85,46.65,-2.51,-1.5,1,7059,2.6,-245.3,7.7
2.0,8865.289740,122.7,3.32,12.82,46.56,-4.97,-4.25,1,6924,-1.8,-285.5,8.2
2.0,8865.299740,124.89,3.26,9.32,46.45,-7.36,-6.25,1,6828,0.3,-310.0,9.4
2.0,8865.309740,126.91,3.26,6.54,46.37,-9.64,-8.25,1,7690,-1.5,-253.9,7.0
2.0,8865.319740,129.29,3.24,5.19,46.33,-11.76,-10.75,1,7562,0.8,-191.2,6.4
2.0,8865.329740,132.01,3.26,3.7,46.3,-13.69,-13.25,1,7452,-0.3,-211.4,6.4
2.0,8865.339740,133.68,3.24,0.96,46.22,-15.41,-15.25,1,7316,-0.8,-254.2,7.3
2.0,8865.349740,134.82,3.23,-1.87,46.16,-16.89,-16.25,1,7189,-0.6,-240.0,9.0
2.0,8865.359741,135.97,3.24,-3.36,46.12,-18.1,-17.5,1,7062,0.4,-163.0,3.2
2.0,8865.369743,137.64,3.25,-3.66,46.07,-19.02,-19.0,1,6928,0.3,-107.5,3.0
2.0,8865.379743,138.96,3.24,-4.53,46.07,-19.65,-20.25,1,6835,-1.3,-141.8,5.6
2.0,8865.389740,139.48,3.23,-6.29,46.04,-19.96,-21.25,1,7697,0.8,-142.4,4.1
2.0,8865.399740,139.66,3.27,-7.51,45.97,-19.96,-20.75,1,7567,0.6,-120.9,2.1
2.0,8865.409740,139.39,3.27,-7.81,45.94,-19.65,-20.75,1,7457,0.6,-51.7,1.4
2.0,8865.419740,139.31,3.24,-6.9,46.0,-19.02,-20.5,1,7320,-2.9,21.4,0.9
2.0,8865.429740,139.04,3.18,-5.99,46.04,-18.1,-19.75,1,7193,-1.8,18.0,0.5
2.0,8865.439740,137.29,3.16,-5.81,46.05,-16.89,-18.25,1,7066,-2.5,21.9,0.5
2.0,8865.449743,135.44,3.13,-5.42,46.07,-15.41,-16.25,1,6932,-2.4,35.0,-0.0
2.0,8865.459743,134.03,3.18,-3.18,46.14,-13.69,-15.25,1,6831,5.7,211.1,-4.9
2.0,8865.469740,133.24,3.23,0.3,46.25,-11.76,-14.25,1,7699,-2.9,171.3,-3.7
2.0,8865.479740,132.45,3.2,1.22,46.26,-9.64,-12.75,1,7571,5.1,132.5,-4.7
2.0,8865.489740,130.43,3.26,1.43,46.26,-7.36,-10.75,1,7453,-1.4,59.0,-0.3
2.0,8865.499740,127.88,3.21,1.87,46.29,-4.97,-8.25,1,7325,1.1,118.0,-3.2
2.0,8865.509740,124.98,3.21,4.58,46.35,-2.51,-5.25,1,7197,-2.7,212.0,-6.2
2.0,8865.519740,121.55,3.22,8.11,46.44,0.0,-2.25,1,7070,4.1,259.2,-7.4
2.0,8865.529743,118.74,3.3,11.6,46.55,2.51,0.25,1,6937,-1.3,301.1,-8.3
2.0,8865.539740,116.37,3.28,15.12,46.66,4.97,2.75,1,6836,1.1,310.5,-8.2
2.0,8865.549740,113.55,3.36,17.98,46.75,7.36,5.75,1,7694,3.3,276.7,-7.9
2.0,8865.559740,110.74,3.37,19.85,46.8,9.64,8.5,1,7576,-2.9,221.0,-6.2
2.0,8865.569740,109.07,3.37,22.34,46.88,11.76,10.25,1,7457,3.1,304.2,-8.5
2.0,8865.579740,108.02,3.48,25.65,47.0,13.69,11.25,1,7321,0.1,248.1,-6.7
2.0,8865.589740,106.26,3.43,26.41,47.03,15.41,13.25,1,7196,-2.6,131.5,-3.6
2.0,8865.599740,104.41,3.42,26.51,47.02,16.89,15.25,1,7074,1.4,127.0,-3.5
2.0,8865.609739,102.48,3.5,28.38,47.09,18.1,16.75,1,6929,1.2,191.7,-5.3
2.0,8865.619743,100.99,3.55,30.9,47.18,19.02,18.25,1,6840,0.2,186.9,-5.2
2.0,8865.629740,100.2,3.58,32.45,47.25,19.65,19.0,1,7700,0.4,160.1,-3.8
2.0,8865.639740,99.67,3.58,33.55,47.3,19.96,19.25,1,7572,-2.3,136.4,-3.8
2.0,8865.649740,99.23,3.58,34.0,47.31,19.96,19.75,1,7461,2.0,68.9,-1.4
2.0,8865.659740,98.44,3.6,33.59,47.3,19.65,20.75,1,7325,-2.2,26.6,-0.7
2.0,8865.669740,98.09,3.57,33.85,47.31,19.02,21.25,1,7198,1.5,68.6,-1.8
2.0,8865.679740,98.0,3.65,35.08,47.36,18.1,20.75,1,7070,1.3,80.7,-1.9
2.0,8865.689740,98.79,3.65,35.41,47.38,16.89,19.5,1,6934,-1.1,20.8,-0.2
2.0,8865.699740,100.81,3.61,34.81,47.36,15.41,17.75,1,6842,0.1,0.0,0.4
2.0,8865.709740,102.92,3.61,33.37,47.29,13.69,15.5,1,7703,2.1,-123.6,3.4
2.0,8865.719740,105.21,3.55,30.24,47.17,11.76,13.25,1,7576,-1.0,-189.4,6.0
2.0,8865.729740,107.23,3.47,27.24,47.06,9.64,11.25,1,7466,-0.2,-234.0,6.6
2.0,8865.739740,109.51,3.43,24.52,46.96,7.36,9.0,1,7330,0.1,-227.2,7.2
2.0,8865.749740,111.97,3.42,22.67,46.91,4.97,6.5,1,7203,0.7,-191.9,5.6
2.0,8865.759740,114.79,3.4,20.93,46.85,2.51,3.75,1,7075,-0.1,-209.2,7.2
2.0,8865.769740,117.69,3.36,18.16,46.77,-0.0,0.75,1,6939,-0.9,-259.7,7.4
2.0,8865.779740,119.97,3.32,14.7,46.66,-2.51,-1.5,1,6846,-0.2,-296.0,9.9
2.0,8865.789740,121.55,3.28,11.56,46.58,-4.97,-3.25,1,7708,-3.2,-277.3,7.9
2.0,8865.799740,123.66,3.27,9.89,46.52,-7.36,-5.25,1,7580,3.5,-186.2,5.5
2.0,8865.809740,126.47,3.32,8.96,46.49,-9.64,-8.0,1,7472,-1.2,-184.3,5.5
2.0,8865.819740,129.29,3.26,6.61,46.43,-11.76,-10.75,1,7334,-0.8,-236.2,7.2
2.0,8865.829740,131.48,3.24,3.37,46.34,-13.69,-12.75,1,7207,-0.7,-272.5,8.6
2.0,8865.839740,132.71,3.24,0.35,46.25,-15.41,-14.0,1,7079,-0.4,-265.6,7.3
2.0,8865.849740,133.95,3.24,-1.3,46.21,-16.89,-15.25,1,6944,0.1,-172.0,6.6
2.0,8865.859740,135.79,3.25,-1.54,46.24,-18.1,-17.25,1,6842,-0.1,-118.1,4.9
2.0,8865.869740,137.46,3.24,-2.46,46.19,-19.02,-19.0,1,7713,-0.4,-145.6,2.5
2.0,8865.879740,138.52,3.24,-4.72,46.1,-19.65,-20.0,1,7585,-0.7,-198.3,6.6
2.0,8865.889740,138.96,3.25,-6.7,46.07,-19.96,-20.5,1,7466,1.1,-145.4,4.0
2.0,8865.899740,138.78,3.27,-7.13,46.04,-19.96,-20.25,1,7338,0.1,-96.3,2.6
2.0,8865.909740,138.25,3.26,-6.92,46.05,-19.65,-19.25,1,7214,-0.2,-28.0,1.0
2.0,8865.919740,137.81,3.21,-5.89,46.09,-19.02,-19.0,1,7084,-4.3,34.3,0.5
2.0,8865.929740,137.9,3.17,-4.54,46.16,-18.1,-19.25,1,6948,0.9,73.1,0.0
2.0,8865.939740,137.72,3.24,-3.78,46.19,-16.89,-18.75,1,6846,2.4,37.6,-0.5
2.0,8865.949740,137.46,3.26,-4.22,46.15,-15.41,-17.75,1,7708,0.0,-9.1,-0.6
2.0,8865.959740,135.88,3.23,-4.53,46.14,-13.69,-16.25,1,7590,-1.0,15.4,0.6
2.0,8865.969740,133.59,3.19,-3.6,46.19,-11.76,-14.25,1,7473,-1.8,69.1,-1.1
2.0,8865.979740,130.87,3.16,-1.44,46.25,-9.64,-11.5,1,7334,-2.4,162.4,-3.6
2.0,8865.989742,128.23,3.21,1.88,46.34,-7.36,-9.25,1,7219,6.0,238.8,-7.0
2.0,8865.999740,126.12,3.29,5.36,46.42,-4.97,-7.25,1,7089,-1.3,271.0,-8.2
2.0,8866.009740,124.19,3.23,8.19,46.5,-2.51,-4.75,1,6952,0.1,250.5,-6.7
2.0,8866.019740,121.29,3.26,10.1,46.56,-0.0,-1.75,1,6851,0.7,212.4,-5.9
2.0,8866.029740,118.3,3.25,11.7,46.61,2.51,1.25,1,7713,-2.0,197.6,-5.3
2.0,8866.039740,115.84,3.27,14.49,46.69,4.97,3.5,1,7585,3.0,294.2,-7.7
2.0,8866.049740,114.08,3.35,18.27,46.82,7.36,5.25,1,7475,-0.5,281.1,-7.5
2.0,8866.059740,111.8,3.35,20.28,46.88,9.64,7.75,1,7339,1.8,214.0,-5.6
2.0,8866.069742,109.16,3.36,21.38,46.91,11.76,10.0,1,7215,-2.4,177.6,-5.7
2.0,8866.079740,106.79,3.38,23.5,46.97,13.69,12.5,1,7093,3.1,248.3,-6.1
2.0,8866.089740,104.5,3.47,26.56,47.09,15.41,14.75,1,6948,-1.4,235.0,-7.3
2.0,8866.099740,103.18,3.47,28.92,47.16,16.89,15.75,1,6855,1.8,249.6,-6.4
2.0,8866.109740,102.39,3.56,31.12,47.26,18.1,16.75,1,7717,0.7,205.1,-5.1
2.0,8866.119740,100.9,3.54,31.72,47.28,19.02,18.25,1,7590,-1.7,105.1,-3.4
2.0,8866.129740,99.4,3.51,31.59,47.25,19.65,19.75,1,7471,-0.2,86.5,-2.5
2.0,8866.139740,98.61,3.56,33.0,47.32,19.96,20.5,1,7344,0.9,159.4,-3.9
2.0,8866.149743,98.26,3.65,34.98,47.41,19.96,20.75,1,7219,2.1,125.3,-3.1
2.0,8866.159740,98.17,3.65,35.35,47.43,19.65,20.25,1,7089,-2.1,71.6,-1.8
2.0,8866.169740,99.4,3.61,34.94,47.41,19.02,19.25,1,6952,1.3,12.1,0.2
2.0,8866.179740,99.93,3.63,34.31,47.39,18.1,18.5,1,6860,0.0,-3.4,0.2
2.0,8866.189740,100.9,3.6,33.11,47.32,16.89,17.5,1,7724,1.8,-105.0,2.7
2.0,8866.199740,102.39,3.59,31.51,47.25,15.41,16.0,1,7594,0.8,-57.8,1.8
2.0,8866.209743,104.24,3.55,30.86,47.24,13.69,14.25,1,7479,-1.8,-112.6,4.0
2.0,8866.219740,105.64,3.49,28.64,47.17,11.76,12.75,1,7351,-0.0,-167.5,5.2
2.0,8866.229743,107.23,3.48,26.45,47.08,9.64,11.25,1,7224,1.0,-163.8,5.0
2.0,8866.239740,109.34,3.45,25.05,47.03,7.36,9.0,1,7093,-1.8,-143.8,4.6
2.0,8866.249740,111.8,3.41,23.55,47.0,4.97,6.5,1,6957,0.4,-169.7,6.1
2.0,8866.259740,114.87,3.39,21.14,46.93,2.51,3.5,1,6856,-1.1,-215.6,6.6
2.0,8866.269740,117.6,3.35,18.04,46.82,0.0,0.75,1,7726,1.1,-263.8,7.8
2.0,8866.279740,119.53,3.33,14.55,46.71,-2.51,-1.0,1,7602,-1.1,-301.3,9.0
2.0,8866.289743,121.29,3.26,11.85,46.63,-4.97,-2.75,1,7483,-2.7,-232.1,6.6
2.0,8866.299740,123.75,3.27,10.78,46.6,-7.36,-5.25,1,7353,3.3,-176.6,5.9
2.0,8866.309739,126.56,3.31,9.41,46.57,-9.64,-8.0,1,7224,-1.5,-192.4,5.7
2.0,8866.319740,129.29,3.25,6.79,46.49,-11.76,-10.75,1,7100,-0.2,-246.2,7.3
2.0,8866.329740,131.57,3.25,3.37,46.39,-13.69,-12.75,1,6961,-0.3,-288.0,9.0
2.0,8866.339740,132.89,3.24,0.2,46.31,-15.41,-14.25,1,6860,-0.7,-275.3,7.8
2.0,8866.349740,134.12,3.24,-1.46,46.26,-16.89,-15.5,1,7725,-0.3,-179.2,6.2
2.0,8866.359740,136.05,3.24,-1.77,46.28,-18.1,-17.5,1,7604,0.0,-127.1,5.2
2.0,8866.369740,137.9,3.24,-2.72,46.24,-19.02,-19.25,1,7487,-0.7,-147.1,2.7
2.0,8866.379740,138.87,3.22,-5.0,46.15,-19.65,-20.25,1,7349,-1.2,-207.4,6.8
2.0,8866.389740,139.31,3.24,-7.05,46.12,-19.96,-20.75,1,7231,1.7,-145.3,4.6
2.0,8866.399740,139.22,3.27,-7.46,46.09,-19.96,-20.5,1,7104,-0.1,-102.9,1.9
2.0,8866.409740,138.87,3.26,-7.33,46.07,-19.65,-19.75,1,6966,0.3,-29.6,1.0
2.0,8866.419740,137.99,3.21,-6.25,46.13,-19.02,-19.25,1,6865,-4.6,34.3,0.5
2.0,8866.429740,137.55,3.15,-4.97,46.2,-18.1,-18.75,1,7727,0.3,64.4,0.3
2.0,8866.439740,137.2,3.22,-3.9,46.24,-16.89,-18.0,1,7599,1.8,77.3,-1.2
2.0,8866.449743,136.14,3.22,-3.37,46.25,-15.41,-16.75,1,7492,-1.3,39.8,-0.7
2.0,8866.459740,134.3,3.18,-3.3,46.25,-13.69,-14.75,1,7353,-0.6,44.9,-0.6
2.0,8866.469740,131.75,3.17,-1.86,46.29,-11.76,-12.5,1,7226,-1.4,138.4,-3.8
2.0,8866.479740,129.64,3.17,0.99,46.36,-9.64,-10.75,1,7110,0.9,192.0,-5.3
2.0,8866.489740,128.23,3.25,3.93,46.43,-7.36,-8.75,1,6961,4.8,239.5,-7.9
2.0,8866.499740,126.04,3.23,6.34,46.5,-4.97,-6.75,1,6869,-6.1,194.2,-3.8
2.0,8866.509740,123.31,3.17,7.25,46.55,-2.51,-3.75,1,7734,4.0,135.7,-3.9
2.0,8866.519740,120.5,3.27,9.17,46.59,-0.0,-1.25,1,7604,-0.1,250.9,-7.2
2.0,8866.529739,118.04,3.28,13.05,46.7,2.51,0.75,1,7494,2.8,272.9,-7.4
2.0,8866.539740,116.02,3.34,16.01,46.8,4.97,3.5,1,7357,0.6,274.1,-7.3
2.0,8866.549740,112.94,3.31,18.16,46.86,7.36,6.25,1,7230,-2.2,213.2,-5.9
2.0,8866.559740,110.83,3.3,19.88,46.91,9.64,8.5,1,7103,-0.1,233.1,-5.8
2.0,8866.569740,108.54,3.39,22.85,47.01,11.76,10.75,1,6969,3.1,276.9,-8.2
2.0,8866.579740,106.26,3.45,25.13,47.08,13.69,13.25,1,6874,-0.2,183.9,-4.6
2.0,8866.589743,104.41,3.41,26.65,47.14,15.41,14.75,1,7739,-2.7,245.6,-7.4
2.0,8866.599740,103.01,3.48,29.56,47.24,16.89,16.25,1,7608,4.3,229.1,-5.5
2.0,8866.609740,101.43,3.57,30.99,47.31,18.1,17.75,1,7489,-1.8,159.5,-4.9
2.0,8866.619740,100.46,3.51,31.64,47.32,19.02,18.75,1,7362,-0.3,135.1,-3.4
2.0,8866.629740,100.02,3.56,32.96,47.38,19.65,19.25,1,7234,0.9,156.4,-3.9
2.0,8866.639740,99.32,3.6,33.95,47.43,19.96,19.75,1,7107,-0.4,77.1,-1.8
2.0,8866.649740,98.44,3.57,33.54,47.4,19.96,20.75,1,6974,-0.6,38.3,-1.0
2.0,8866.659740,98.09,3.58,33.91,47.41,19.65,21.25,1,6878,1.2,76.4,-2.2
2.0,8866.669743,98.09,3.64,35.14,47.47,19.02,20.75,1,7743,1.4,84.6,-1.8
2.0,8866.679740,98.79,3.65,35.48,47.49,18.1,19.75,1,7613,-1.0,25.8,-0.4
2.0,8866.689740,100.63,3.61,34.9,47.46,16.89,18.0,1,7494,0.1,0.6,0.2
2.0,8866.699740,102.13,3.6,33.53,47.4,15.41,16.25,1,7366,1.8,-112.1,3.2
2.0,8866.709740,103.18,3.56,30.53,47.28,13.69,15.5,1,7239,0.5,-187.4,5.5
2.0,8866.719740,104.15,3.48,28.28,47.19,11.76,14.5,1,7112,-2.2,-149.4,3.8
2.0,8866.729740,105.64,3.48,27.82,47.18,9.64,12.75,1,6978,3.0,-84.0,3.9
2.0,8866.739740,107.84,3.53,27.5,47.19,7.36,10.5,1,6874,-0.6,-97.2,3.0
2.0,8866.749740,110.57,3.43,25.6,47.11,4.97,8.0,1,7737,-2.1,-177.1,5.8
2.0,8866.759740,113.47,3.39,22.63,47.02,2.51,5.0,1,7617,0.3,-216.8,7.2
2.0,8866.769740,116.54,3.36,19.5,46.92,0.0,1.75,1,7498,-1.4,-273.9,8.0
2.0,8866.779740,118.65,3.32,15.86,46.81,-2.51,-0.25,1,7362,1.2,-306.6,9.9
2.0,8866.789740,120.76,3.3,12.65,46.71,-4.97,-2.25,1,7243,-2.7,-288.3,7.8
2.0,8866.799740,122.87,3.27,10.83,46.65,-7.36,-4.5,1,7116,2.9,-200.3,6.3
2.0,8866.809740,125.68,3.32,9.81,46.64,-9.64,-7.25,1,6980,-1.0,-190.4,6.7
2.0,8866.819740,128.67,3.26,7.5,46.57,-11.76,-10.0,1,6881,-0.6,-240.5,6.5
2.0,8866.829740,130.69,3.24,4.19,46.46,-13.69,-12.25,1,7740,-1.0,-280.8,8.3
2.0,8866.839740,132.01,3.24,1.09,46.38,-15.41,-13.25,1,7621,0.5,-269.8,7.6
2.0,8866.849740,133.24,3.24,-0.63,46.34,-16.89,-14.75,1,7503,-1.0,-183.0,6.4
2.0,8866.859740,135.18,3.23,-0.89,46.35,-18.1,-16.75,1,7367,-0.1,-113.1,4.6
2.0,8866.869740,136.85,3.24,-1.71,46.33,-19.02,-18.25,1,7239,0.1,-151.7,4.2
2.0,8866.879740,137.55,3.24,-4.08,46.24,-19.65,-19.0,1,7123,-0.7,-199.3,5.1
2.0,8866.889740,137.9,3.22,-6.0,46.18,-19.96,-19.25,1,6984,-1.8,-143.9,4.7
2.0,8866.899740,137.99,3.23,-5.96,46.19,-19.96,-19.5,1,6884,2.0,-51.8,0.9
2.0,8866.909743,138.78,3.26,-5.17,46.21,-19.65,-20.25,1,7748,0.4,-13.0,1.5
2.0,8866.919740,139.04,3.25,-5.27,46.23,-19.02,-20.5,1,7617,-0.0,-48.7,2.0
2.0,8866.929740,138.78,3.25,-6.31,46.18,-18.1,-19.75,1,7507,0.1,-68.6,1.0
2.0,8866.939740,137.99,3.25,-6.56,46.16,-16.89,-18.5,1,7372,0.0,-5.1,0.7
2.0,8866.949740,136.05,3.2,-5.58,46.21,-15.41,-16.5,1,7244,-4.3,34.6,0.4
2.0,8866.959740,133.95,3.16,-3.91,46.29,-13.69,-14.75,1,7117,1.2,127.8,-1.6
2.0,8866.969740,132.45,3.2,-1.11,46.38,-11.76,-13.75,1,6988,-1.3,187.2,-4.3
2.0,8866.979740,131.66,3.2,1.55,46.43,-9.64,-12.5,1,6888,2.0,206.1,-6.2
2.0,8866.989740,130.25,3.24,3.02,46.47,-7.36,-10.75,1,7749,1.2,128.1,-2.6
2.0,8866.999740,127.97,3.22,3.08,46.48,-4.97,-8.5,1,7622,-1.2,83.8,-2.8
2.0,8867.009740,125.24,3.19,4.27,46.5,-2.51,-5.75,1,7503,-1.1,163.3,-4.0
3.0,8869.029740,127.71,3.22,1.89,46.66,-3.75,-8.25,1,7318,3.7,225.1,-5.9
3.0,8869.039740,124.28,3.25,5.15,46.75,0.0,-4.75,1,7190,-1.4,275.6,-7.9
3.0,8869.049740,120.41,3.22,8.78,46.84,3.75,-1.0,1,7062,0.8,312.3,-8.7
3.0,8869.059740,116.46,3.28,12.62,46.95,7.36,3.25,1,7950,1.8,346.9,-9.6
3.0,8869.069743,111.88,3.31,16.77,47.08,10.72,7.5,1,7826,-1.3,380.0,-10.4
3.0,8869.079740,108.02,3.35,21.25,47.22,13.69,11.25,1,7696,3.1,414.8,-11.5
3.0,8869.089740,105.21,3.47,25.99,47.38,16.18,13.75,1,7577,1.0,439.3,-12.7
3.0,8869.099740,103.27,3.54,29.83,47.52,18.1,16.0,1,7449,2.7,360.1,-9.6
3.0,8869.109740,100.81,3.55,31.56,47.59,19.37,18.25,1,7323,-4.0,251.7,-7.6
3.0,8869.119740,99.14,3.51,32.46,47.6,19.96,20.0,1,7186,1.0,198.4,-5.5
3.0,8869.129743,98.26,3.61,34.16,47.69,19.84,20.75,1,7061,1.3,223.7,-5.9
3.0,8869.139740,97.73,3.66,35.78,47.76,19.02,21.25,1,7958,0.1,136.9,-3.6
3.0,8869.149743,97.91,3.64,35.83,47.76,17.53,21.0,1,7830,-0.9,91.4,-2.3
3.0,8869.159740,98.61,3.63,35.62,47.75,15.41,19.75,1,7700,0.8,24.3,-0.4
3.0,8869.169741,100.37,3.63,34.94,47.72,12.75,18.0,1,7582,-0.1,-0.8,0.5
3.0,8869.179740,102.66,3.6,33.56,47.66,9.64,15.75,1,7445,1.1,-113.0,3.2
3.0,8869.189740,105.64,3.55,30.45,47.53,6.18,12.75,1,7326,0.4,-199.0,5.9
3.0,8869.199740,108.81,3.48,27.2,47.41,2.51,9.5,1,7190,-0.0,-238.6,6.9
3.0,8869.209743,112.41,3.42,23.9,47.31,-1.26,5.75,1,7066,-1.1,-290.9,9.5
3.0,8869.219740,116.46,3.35,20.12,47.2,-4.97,2.0,1,7961,-2.4,-325.9,10.0
3.0,8869.229739,120.67,3.32,16.11,47.08,-8.52,-2.25,1,7832,3.0,-365.4,11.2
3.0,8869.239740,125.24,3.3,11.74,46.94,-11.76,-6.75,1,7705,-4.1,-398.3,11.9
3.0,8869.249740,129.11,3.22,7.25,46.83,-14.58,-10.5,1,7586,0.6,-416.4,13.0
3.0,8869.259740,132.01,3.24,2.57,46.69,-16.89,-13.5,1,7450,-1.1,-449.4,12.1
3.0,8869.269740,134.47,3.24,-1.34,46.55,-18.6,-16.0,1,7322,1.3,-357.9,9.5
3.0,8869.279740,136.41,3.25,-3.22,46.52,-19.65,-17.75,1,7195,-0.9,-279.6,10.7
3.0,8869.289743,137.2,3.23,-4.86,46.49,-20.0,-18.5,1,7071,-0.0,-242.2,5.1
3.0,8869.299740,137.37,3.22,-6.1,46.42,-19.65,-18.75,1,7963,-2.5,-162.6,6.0
3.0,8869.309740,137.2,3.2,-5.8,46.46,-18.6,-18.5,1,7828,0.4,-48.8,1.8
3.0,8869.319740,136.85,3.23,-4.81,46.48,-16.89,-18.0,1,7709,0.7,-15.0,0.3
3.0,8869.329740,136.49,3.21,-4.23,46.5,-14.58,-17.25,1,7590,-2.4,24.2,0.9
3.0,8869.339740,135.35,3.17,-3.46,46.54,-11.76,-15.75,1,7454,-0.7,37.9,-0.4
3.0,8869.349740,133.07,3.17,-2.81,46.56,-8.52,-13.5,1,7326,-1.2,50.5,-0.2
3.0,8869.359740,130.25,3.17,-1.13,46.62,-4.97,-10.75,1,7202,0.1,156.1,-4.1
3.0,8869.369743,127.35,3.23,2.14,46.7,-1.26,-7.75,1,7075,4.8,221.0,-5.6
3.0,8869.379740,123.75,3.25,5.54,46.8,2.51,-4.25,1,7959,-3.1,274.6,-8.1
3.0,8869.389739,119.97,3.2,9.22,46.89,6.18,-0.5,1,7832,1.5,314.9,-8.5
3.0,8869.399740,115.93,3.29,13.15,47.01,9.64,3.75,1,7707,2.1,352.6,-10.2
3.0,8869.409740,111.18,3.32,17.39,47.13,12.75,8.25,1,7595,-0.2,386.1,-10.4
3.0,8869.419740,107.31,3.37,21.9,47.28,15.41,12.0,1,7462,2.1,417.4,-11.7
3.0,8869.429740,104.33,3.47,26.61,47.44,17.53,14.75,1,7331,0.8,439.5,-12.5
3.0,8869.439740,102.57,3.54,30.5,47.58,19.02,16.5,1,7204,2.3,366.9,-10.0
3.0,8869.449740,100.81,3.57,32.4,47.66,19.84,18.25,1,7078,-2.9,263.3,-7.9
3.0,8869.459740,99.05,3.54,32.96,47.67,19.96,20.0,1,7964,1.9,159.2,-3.7
3.0,8869.469740,98.0,3.59,33.75,47.71,19.37,21.0,1,7837,-1.8,183.3,-6.0
3.0,8869.479740,97.56,3.64,35.65,47.78,18.1,21.5,1,7709,4.4,166.1,-3.4
3.0,8869.489740,97.47,3.69,36.35,47.83,16.18,21.25,1,7590,-4.1,86.9,-3.1
3.0,8869.499740,98.26,3.6,35.83,47.79,13.69,20.25,1,7464,2.1,27.4,0.3
3.0,8869.509740,100.02,3.66,35.24,47.78,10.72,18.25,1,7336,-0.1,0.1,0.1
3.0,8869.519740,102.39,3.61,33.94,47.71,7.36,16.25,1,7208,1.1,-103.0,2.9
3.0,8869.529739,105.21,3.57,31.01,47.59,3.75,13.25,1,7081,1.0,-189.6,5.5
3.0,8869.539740,108.28,3.49,27.74,47.47,-0.0,10.0,1,7969,-1.0,-240.4,6.8
3.0,8869.549740,112.06,3.43,24.33,47.36,-3.75,6.25,1,7841,0.0,-290.8,10.0
3.0,8869.559740,116.1,3.37,20.58,47.25,-7.36,2.25,1,7717,-2.9,-324.8,9.5
3.0,8869.569740,120.41,3.31,16.55,47.12,-10.72,-1.75,1,7595,1.7,-369.4,11.4
3.0,8869.579740,124.89,3.3,12.11,47.0,-13.69,-6.25,1,7459,-2.5,-398.6,12.7
3.0,8869.589740,129.29,3.23,7.55,46.88,-16.18,-10.75,1,7340,-1.5,-427.2,12.5
3.0,8869.599740,132.45,3.22,2.7,46.73,-18.1,-14.0,1,7204,-0.4,-456.5,13.2
3.0,8869.609740,134.74,3.23,-1.68,46.6,-19.37,-16.25,1,7077,0.7,-408.7,11.2
3.0,8869.619740,135.88,3.25,-4.27,46.53,-19.96,-17.0,1,7973,0.3,-307.0,10.9
3.0,8869.629740,136.49,3.25,-5.07,46.51,-19.84,-17.75,1,7846,-0.2,-182.0,2.8
3.0,8869.639740,137.02,3.24,-4.59,46.5,-19.02,-18.25,1,7718,-0.6,-77.7,4.0
3.0,8869.649740,137.2,3.22,-4.41,46.55,-17.53,-18.25,1,7600,-0.9,-85.9,2.9
3.0,8869.659740,136.85,3.2,-4.91,46.52,-15.41,-17.25,1,7466,-1.8,-41.9,1.7
3.0,8869.669740,135.18,3.19,-4.35,46.54,-12.75,-15.75,1,7345,-0.3,11.7,0.1
3.0,8869.679740,132.89,3.18,-3.24,46.58,-9.64,-13.25,1,7208,-2.4,57.6,-0.1
3.0,8869.689740,130.17,3.15,-0.98,46.66,-6.18,-10.75,1,7081,0.3,180.3,-4.5
3.0,8869.699740,126.91,3.22,2.66,46.76,-2.51,-7.5,1,7978,3.8,240.7,-5.6
3.0,8869.709740,123.57,3.24,5.89,46.85,1.26,-4.0,1,7850,-2.8,262.6,-7.9
3.0,8869.719740,119.71,3.22,9.38,46.92,4.97,-0.25,1,7726,4.1,327.3,-9.4
3.0,8869.729740,115.49,3.33,13.56,47.05,8.52,4.0,1,7604,1.3,353.0,-10.3
3.0,8869.739740,111.01,3.33,17.7,47.17,11.76,8.5,1,7468,-0.0,388.2,-10.5
3.0,8869.749740,106.88,3.39,22.21,47.32,14.58,12.25,1,7341,1.4,416.2,-11.7
3.0,8869.759740,103.71,3.47,26.88,47.48,16.89,15.0,1,7216,0.1,438.6,-12.4
3.0,8869.769740,101.87,3.55,30.95,47.63,18.6,16.75,1,7085,2.9,385.4,-10.7
3.0,8869.779740,100.46,3.61,33.23,47.72,19.65,18.75,1,7975,-2.2,280.8,-8.6
3.0,8869.789740,98.7,3.57,33.88,47.73,20.0,20.5,1,7855,0.2,169.6,-4.1
3.0,8869.799740,98.09,3.59,34.3,47.77,19.65,21.0,1,7722,-1.3,153.6,-4.5
3.0,8869.809740,98.09,3.66,35.64,47.82,18.6,20.75,1,7609,4.4,149.3,-3.0
3.0,8869.819740,98.53,3.7,35.97,47.85,16.89,19.75,1,7472,-3.2,37.7,-1.6
3.0,8869.829740,100.28,3.59,34.85,47.78,14.58,18.25,1,7345,0.7,-0.5,0.7
3.0,8869.839743,102.48,3.61,33.65,47.74,11.76,16.0,1,7221,1.3,-81.7,1.9
3.0,8869.849740,105.03,3.57,31.0,47.62,8.52,13.25,1,7090,0.9,-184.3,5.7
3.0,8869.859740,108.19,3.49,27.72,47.51,4.97,10.25,1,7978,-1.3,-225.9,6.8
3.0,8869.869740,111.62,3.43,24.54,47.4,1.26,6.75,1,7850,0.6,-276.1,9.0
3.0,8869.879740,115.49,3.4,20.97,47.28,-2.51,3.0,1,7726,-0.7,-307.5,8.5
3.0,8869.889740,119.53,3.34,17.14,47.16,-6.18,-1.25,1,7605,-0.3,-351.7,11.1
3.0,8869.899743,123.75,3.31,12.86,47.04,-9.64,-5.25,1,7480,-0.2,-383.3,11.2
3.0,8869.909740,128.32,3.28,8.49,46.91,-12.75,-9.75,1,7352,-1.0,-405.5,12.9
3.0,8869.919742,132.45,3.25,3.92,46.8,-15.41,-13.75,1,7225,-0.9,-434.8,12.8
3.0,8869.929740,135.0,3.24,-0.83,46.65,-17.53,-16.5,1,7095,-0.8,-446.7,13.2
3.0,8869.939740,136.41,3.24,-4.6,46.56,-19.02,-17.75,1,7984,-0.4,-364.4,11.6
3.0,8869.949740,137.64,3.25,-6.18,46.51,-19.84,-18.75,1,7855,-0.3,-240.4,5.9
3.0,8869.959743,138.96,3.24,-6.17,46.49,-19.96,-20.25,1,7732,-0.8,-122.9,4.3
3.0,8869.969740,139.48,3.24,-6.14,46.52,-19.37,-20.75,1,7609,0.6,-115.0,3.7
3.0,8869.979743,139.31,3.26,-7.27,46.47,-18.1,-20.75,1,7476,0.4,-121.0,2.9
3.0,8869.989740,139.04,3.27,-7.78,46.44,-16.18,-19.75,1,7354,1.0,-45.7,0.7
3.0,8869.999743,137.2,3.24,-6.8,46.48,-13.69,-18.0,1,7221,-3.6,23.5,1.0
3.0,8870.009740,134.91,3.13,-5.63,46.55,-10.72,-15.75,1,7090,-5.3,47.6,0.9
3.0,8870.019740,132.63,3.16,-3.14,46.63,-7.36,-13.0,1,7986,5.5,225.2,-5.7
3.0,8870.029740,129.46,3.23,0.77,46.74,-3.75,-9.75,1,7860,-3.6,213.2,-5.2
3.0,8870.039743,125.68,3.2,3.32,46.8,0.0,-6.25,1,7735,5.2,266.8,-6.9
3.0,8870.049740,121.82,3.25,7.08,46.92,3.75,-2.25,1,7613,-4.6,322.6,-9.0
3.0,8870.059740,117.77,3.21,11.26,47.02,7.36,1.75,1,7480,4.4,361.5,-10.2
3.0,8870.069740,113.12,3.33,15.56,47.15,10.72,6.25,1,7350,0.3,390.9,-11.2
3.0,8870.079742,108.81,3.36,20.0,47.28,13.69,10.25,1,7224,2.8,414.6,-11.7
3.0,8870.089740,105.82,3.42,24.75,47.44,16.18,12.75,1,7095,-2.8,451.5,-12.8
3.0,8870.099740,103.89,3.48,29.07,47.59,18.1,15.0,1,7994,4.4,395.7,-10.3
3.0,8870.109740,101.6,3.58,31.26,47.69,19.37,17.75,1,7864,-1.6,274.2,-8.3
3.0,8870.119740,98.88,3.51,31.69,47.68,19.96,20.0,1,7737,-0.5,164.6,-4.8
3.0,8870.129740,97.47,3.59,33.33,47.76,19.84,21.75,1,7621,2.5,273.1,-7.0
3.0,8870.139743,96.42,3.7,36.65,47.91,19.02,22.5,1,7485,-0.0,224.2,-6.6
3.0,8870.149740,96.33,3.68,37.55,47.93,17.53,22.5,1,7354,-1.8,138.5,-3.5
3.0,8870.159740,96.86,3.67,37.43,47.94,15.41,21.75,1,7227,1.0,74.0,-1.6
3.0,8870.169740,98.26,3.68,36.82,47.91,12.75,20.25,1,7100,-0.2,2.9,0.2
3.0,8870.179743,100.46,3.64,35.39,47.84,9.64,18.0,1,7990,1.7,-71.4,1.7
3.0,8870.189740,103.18,3.61,33.14,47.74,6.18,15.25,1,7872,-0.1,-151.5,4.6
3.0,8870.199740,106.26,3.53,29.94,47.62,2.51,12.25,1,7741,0.2,-239.6,7.0
3.0,8870.209740,109.78,3.47,26.36,47.49,-1.26,8.5,1,7622,-0.1,-270.4,8.4
3.0,8870.219740,113.64,3.41,22.86,47.38,-4.97,4.75,1,7487,-0.9,-318.7,9.7
3.0,8870.229740,117.95,3.36,18.83,47.26,-8.52,0.5,1,7359,0.5,-355.5,10.8
3.0,8870.239740,122.34,3.33,14.52,47.12,-11.76,-3.75,1,7231,-0.4,-394.1,12.0
3.0,8870.249740,127.09,3.29,9.93,46.99,-14.58,-8.5,1,7104,-0.2,-420.0,12.2
3.0,8870.259740,131.22,3.26,5.26,46.85,-16.89,-12.75,1,7994,-1.5,-441.7,13.1
3.0,8870.269740,133.95,3.23,0.39,46.73,-18.6,-15.25,1,7865,-1.0,-465.4,14.2
3.0,8870.279740,135.97,3.23,-3.66,46.62,-19.65,-17.25,1,7737,-1.0,-381.5,11.5
3.0,8870.289740,137.11,3.24,-5.3,46.56,-20.0,-18.5,1,7628,1.0,-247.9,6.0
3.0,8870.299740,137.46,3.26,-5.76,46.54,-19.65,-18.75,1,7491,-0.9,-180.2,6.5
3.0,8870.309740,137.2,3.22,-6.1,46.55,-18.6,-18.25,1,7363,-1.7,-100.9,3.1
3.0,8870.319740,136.76,3.21,-5.44,46.56,-16.89,-17.25,1,7236,0.5,-13.7,0.3
3.0,8870.329740,134.82,3.19,-4.21,46.6,-14.58,-15.5,1,7108,-3.9,35.2,1.0
3.0,8870.339743,132.71,3.14,-2.99,46.67,-11.76,-13.25,1,7999,-0.1,73.3,-0.8
3.0,8870.349740,130.08,3.18,-0.67,46.73,-8.52,-10.25,1,7869,-0.2,194.1,-5.2
3.0,8870.359740,126.83,3.23,2.91,46.82,-4.97,-7.25,1,7742,4.7,237.5,-6.1
3.0,8870.369740,123.13,3.24,6.11,46.92,-1.26,-3.75,1,7623,-4.1,276.6,-7.5
3.0,8870.379740,119.36,3.22,9.77,47.01,2.51,0.25,1,7486,4.9,326.9,-9.3
3.0,8870.389740,115.22,3.34,13.82,47.13,6.18,4.25,1,7368,0.8,354.1,-10.4
3.0,8870.399740,111.09,3.34,17.85,47.25,9.64,8.25,1,7232,1.0,375.5,-10.1
3.0,8870.409740,107.93,3.39,22.17,47.39,12.75,11.25,1,7116,0.0,410.5,-11.4
3.0,8870.419743,105.21,3.45,26.44,47.53,15.41,14.0,1,8004,1.1,392.8,-11.3
3.0,8870.429740,102.48,3.52,29.23,47.63,17.53,16.75,1,7873,1.1,295.9,-8.5
3.0,8870.439740,100.55,3.51,30.89,47.69,19.02,18.75,1,7746,-3.7,263.8,-7.8
3.0,8870.449740,99.23,3.56,33.17,47.78,19.84,20.0,1,7627,5.2,260.1,-6.5
3.0,8870.459740,98.09,3.67,34.88,47.86,19.96,21.0,1,7491,-2.8,174.6,-5.2
3.0,8870.469740,97.56,3.59,35.3,47.86,19.37,21.5,1,7372,-0.2,127.4,-3.3
3.0,8870.479740,97.65,3.65,35.83,47.9,18.1,21.25,1,7236,1.5,99.8,-2.5
3.0,8870.489740,98.17,3.66,35.89,47.9,16.18,20.25,1,7109,-0.9,33.2,-0.5
3.0,8870.499739,99.76,3.62,35.21,47.88,13.69,18.75,1,8005,0.2,-0.8,0.5
3.0,8870.509740,102.04,3.61,34.04,47.82,10.72,16.5,1,7878,0.9,-83.0,2.1
3.0,8870.519740,104.59,3.58,31.48,47.7,7.36,13.75,1,7750,2.1,-174.2,4.8
3.0,8870.529740,107.84,3.51,28.23,47.58,3.75,10.5,1,7588,-2.1,-233.8,7.4
3.0,8870.539740,111.36,3.43,24.87,47.48,0.0,7.0,1,7495,1.1,-276.7,8.7
3.0,8870.549740,115.22,3.41,21.31,47.36,-3.75,3.25,1,7368,-0.6,-313.2,9.2
3.0,8870.559740,119.36,3.33,17.33,47.23,-7.36,-1.0,1,7241,-1.7,-362.0,10.9
3.0,8870.569740,123.66,3.29,12.93,47.11,-10.72,-5.25,1,7113,0.6,-391.2,11.9
3.0,8870.579740,128.41,3.28,8.5,46.98,-13.69,-9.75,1,8009,-0.9,-413.6,12.5
3.0,8870.589740,132.45,3.25,3.83,46.85,-16.18,-13.75,1,7882,-1.0,-445.0,13.2
3.0,8870.599740,135.18,3.23,-1.04,46.72,-18.1,-16.75,1,7755,-0.9,-455.7,13.6
3.0,8870.609740,136.76,3.24,-4.85,46.62,-19.37,-18.0,1,7636,-0.1,-370.6,11.7
3.0,8870.619740,137.9,3.24,-6.47,46.57,-19.96,-19.25,1,7501,-0.7,-246.9,6.1
3.0,8870.629740,138.69,3.23,-6.46,46.55,-19.84,-20.0,1,7376,-1.1,-123.4,4.5
3.0,8870.639740,139.04,3.23,-6.37,46.58,-19.02,-20.25,1,7245,1.0,-114.0,3.4
3.0,8870.649740,138.96,3.26,-6.99,46.54,-17.53,-20.25,1,7119,0.8,-71.8,1.6
3.0,8870.659740,138.6,3.26,-6.78,46.54,-15.41,-19.25,1,8005,0.2,-21.1,0.3
3.0,8870.669740,136.76,3.22,-6.02,46.58,-12.75,-17.5,1,7887,-3.1,24.9,1.1
3.0,8870.679740,134.82,3.15,-5.09,46.63,-9.64,-15.25,1,7751,-3.6,47.7,-0.1
3.0,8870.689740,131.92,3.17,-2.81,46.69,-6.18,-12.25,1,7640,3.5,204.9,-4.8
3.0,8870.699740,128.85,3.22,0.95,46.8,-2.51,-9.25,1,7505,-2.7,218.8,-5.5
3.0,8870.709740,124.89,3.21,3.98,46.88,1.26,-5.5,1,7377,5.2,288.5,-8.3
3.0,8870.719740,121.11,3.27,7.94,46.99,4.97,-1.5,1,7241,-3.3,326.5,-9.1
3.0,8870.729740,116.81,3.24,11.96,47.1,8.52,2.75,1,7122,3.8,364.2,-9.6
3.0,8870.739740,112.32,3.33,16.29,47.24,11.76,7.25,1,8009,-0.9,394.6,-11.6
3.0,8870.749740,108.11,3.35,20.85,47.36,14.58,11.25,1,7883,2.3,425.5,-12.1
3.0,8870.759740,105.03,3.46,25.68,47.53,16.89,13.75,1,7755,1.1,452.7,-12.9
3.0,8870.769740,103.01,3.54,29.76,47.68,18.6,16.0,1,7637,2.5,380.8,-10.5
3.0,8870.779740,100.72,3.57,31.79,47.76,19.65,18.25,1,7509,-2.3,274.5,-8.0
3.0,8870.789740,99.23,3.52,32.52,47.77,20.0,20.0,1,7385,-0.8,179.8,-5.2
3.0,8870.799740,98.0,3.6,34.01,47.84,19.65,21.0,1,7245,2.8,242.9,-6.3
3.0,8870.809740,97.65,3.67,35.99,47.93,18.6,21.5,1,7127,-1.6,135.2,-4.0
3.0,8870.819740,97.56,3.62,35.85,47.92,16.89,21.0,1,8014,-0.2,94.1,-2.1
3.0,8870.829740,98.44,3.64,35.69,47.92,14.58,20.0,1,7887,0.6,24.6,-0.3
3.0,8870.839740,100.11,3.64,34.99,47.89,11.76,18.25,1,7760,0.2,-0.4,0.5
3.0,8870.849740,102.57,3.61,33.71,47.83,8.52,15.75,1,7641,1.1,-103.7,2.6
3.0,8870.859740,105.29,3.55,30.69,47.7,4.97,13.0,1,7505,0.3,-197.9,6.0
3.0,8870.869740,108.54,3.48,27.39,47.59,1.26,9.75,1,7386,-0.7,-236.6,6.9
3.0,8870.879740,112.32,3.42,24.11,47.48,-2.51,6.25,1,7250,-0.2,-288.8,9.5
3.0,8870.889740,116.19,3.38,20.38,47.36,-6.18,2.25,1,7123,-0.7,-321.6,8.9
3.0,8870.899740,120.5,3.33,16.38,47.23,-9.64,-2.0,1,8019,0.6,-367.1,11.7
3.0,8870.909740,124.72,3.3,11.97,47.11,-12.75,-6.25,1,7892,-1.8,-395.9,11.5
3.0,8870.919740,129.46,3.24,7.45,46.99,-15.41,-11.0,1,7764,-1.1,-423.4,13.7
3.0,8870.929740,133.68,3.23,2.61,46.86,-17.53,-15.0,1,7647,-1.0,-456.0,13.3
3.0,8870.939740,136.58,3.22,-2.31,46.71,-19.02,-17.75,1,7509,-1.1,-459.8,13.4
3.0,8870.949740,138.08,3.23,-6.09,46.6,-19.84,-19.25,1,7383,0.3,-374.6,10.3
3.0,8870.959740,138.52,3.24,-7.77,46.55,-19.96,-19.75,1,7255,-0.5,-253.4,7.9
3.0,8870.969740,138.43,3.24,-7.76,46.56,-19.37,-19.75,1,7127,0.9,-119.7,3.8
3.0,8870.979740,138.08,3.25,-6.69,46.59,-18.1,-19.25,1,8023,0.2,-27.1,1.3
3.0,8870.989740,137.64,3.23,-5.64,46.63,-16.18,-18.0,1,7898,-1.6,12.5,0.6
3.0,8870.999740,135.79,3.16,-4.87,46.67,-13.69,-16.25,1,7769,-4.3,37.2,0.6
3.0,8871.009740,133.24,3.15,-3.79,46.71,-10.72,-13.75,1,7650,1.6,83.7,-1.9
3.0,8871.019740,130.52,3.2,-1.48,46.77,-7.36,-11.0,1,7514,-1.0,184.3,-4.4
3.0,8871.029740,127.27,3.22,2.01,46.87,-3.75,-7.75,1,7390,4.7,248.3,-6.6
3.0,8871.039740,123.75,3.26,5.61,46.96,0.0,-4.25,1,7259,-2.4,295.9,-8.8
3.0,8871.049740,119.79,3.2,9.38,47.06,3.75,-0.25,1,7131,0.2,329.6,-8.9
3.0,8871.059740,115.58,3.28,13.22,47.17,7.36,3.75,1,8019,3.7,349.9,-10.2
3.0,8871.069740,111.09,3.33,17.32,47.3,10.72,8.25,1,7901,-2.4,389.4,-10.8
3.0,8871.079740,107.05,3.34,21.93,47.44,13.69,12.25,1,7773,2.4,422.3,-11.3
3.0,8871.089740,104.33,3.46,26.68,47.61,16.18,14.75,1,7654,0.4,441.3,-12.7
3.0,8871.099740,102.13,3.49,30.54,47.75,18.1,17.0,1,7518,-1.4,367.6,-9.8
3.0,8871.109740,99.93,3.54,32.29,47.82,19.37,19.25,1,7391,3.1,248.9,-6.8
3.0,8871.119740,97.91,3.59,33.34,47.85,19.96,21.25,1,7258,-1.5,222.6,-7.1
3.0,8871.129740,96.33,3.62,35.34,47.92,19.84,22.75,1,7136,3.6,226.4,-5.8
3.0,8871.139740,96.15,3.71,37.31,48.03,19.02,23.0,1,8024,-2.4,193.7,-5.6
3.0,8871.149740,96.15,3.67,38.09,48.06,17.53,22.5,1,7899,0.3,110.6,-2.4
3.0,8871.159740,97.12,3.69,37.37,48.04,15.41,21.25,1,7777,0.3,11.0,-0.0
3.0,8871.169743,99.05,3.66,36.35,47.98,12.75,19.25,1,7662,0.2,-2.4,0.1
3.0,8871.179740,101.51,3.62,34.8,47.91,9.64,16.75,1,7526,0.7,-141.6,4.2
3.0,8871.189740,104.41,3.57,31.44,47.77,6.18,14.0,1,7398,1.7,-197.6,5.7
3.0,8871.199740,107.75,3.51,28.35,47.66,2.51,10.75,1,7259,-1.0,-252.8,8.0
3.0,8871.209740,111.45,3.44,24.82,47.54,-1.26,7.0,1,7143,0.7,-298.2,8.6
3.0,8871.219740,115.49,3.4,21.07,47.41,-4.97,3.0,1,8028,-0.3,-329.2,10.1
3.0,8871.229740,119.79,3.33,17.0,47.29,-8.52,-1.25,1,7901,-1.8,-377.0,11.6
3.0,8871.239740,124.28,3.28,12.48,47.17,-11.76,-5.75,1,7776,-1.2,-403.7,12.7
3.0,8871.249740,128.58,3.26,7.97,47.04,-14.58,-10.25,1,7658,0.5,-424.4,12.4
3.0,8871.259740,132.28,3.25,3.23,46.9,-16.89,-13.5,1,7518,-1.3,-454.0,13.4
3.0,8871.269743,134.3,3.23,-1.24,46.77,-18.6,-15.75,1,7404,0.1,-417.0,11.8
3.0,8871.279740,135.79,3.25,-3.99,46.7,-19.65,-17.25,1,7266,-0.3,-312.2,10.5
3.0,8871.289740,137.02,3.25,-4.89,46.68,-20.0,-18.25,1,7137,-0.1,-195.3,4.1
3.0,8871.299740,137.55,3.24,-5.04,46.66,-19.65,-18.75,1,8033,-0.7,-132.3,5.7
3.0,8871.309740,137.55,3.22,-5.52,46.68,-18.6,-18.75,1,7905,-1.3,-110.4,3.5
3.0,8871.319740,137.29,3.22,-5.79,46.65,-16.89,-18.25,1,7781,1.0,-49.0,1.3
3.0,8871.329740,136.85,3.22,-4.95,46.68,-14.58,-17.25,1,7662,-2.7,22.7,0.8
3.0,8871.339740,135.35,3.17,-3.84,46.74,-11.76,-15.75,1,7523,-0.5,38.6,-0.2
3.0,8871.349742,133.24,3.18,-3.14,46.76,-8.52,-13.75,1,7398,-1.5,54.3,-0.2
3.0,8871.359740,130.61,3.16,-1.31,46.81,-4.97,-11.0,1,7268,-0.2,167.6,-4.6
3.0,8871.369740,127.09,3.23,2.12,46.9,-1.26,-7.75,1,7141,4.9,229.5,-5.9
3.0,8871.379740,123.75,3.26,5.4,47.0,2.51,-4.25,1,8037,-2.3,265.7,-7.9
3.0,8871.389743,119.97,3.22,9.01,47.08,6.18,-0.5,1,7913,2.1,325.0,-9.2
3.0,8871.399740,115.75,3.3,13.15,47.21,9.64,3.75,1,7782,1.7,354.4,-10.0
3.0,8871.409743,111.27,3.32,17.26,47.33,12.75,8.25,1,7667,-0.8,381.2,-10.4
3.0,8871.419740,107.31,3.36,21.73,47.47,15.41,12.0,1,7528,1.9,420.8,-11.7
3.0,8871.429740,104.41,3.46,26.55,47.63,17.53,14.75,1,7401,0.7,441.9,-13.0
3.0,8871.439740,102.48,3.55,30.43,47.77,19.02,16.5,1,7272,2.7,367.2,-9.9
3.0,8871.449740,100.72,3.58,32.34,47.85,19.84,18.25,1,7145,-3.1,265.7,-8.1
3.0,8871.459740,98.7,3.54,32.97,47.86,19.96,20.25,1,8036,1.6,163.9,-4.1
3.0,8871.469743,98.17,3.59,33.8,47.91,19.37,20.75,1,7918,-2.1,185.1,-5.6
3.0,8871.479740,98.09,3.64,35.69,47.98,18.1,20.5,1,7787,4.2,167.6,-3.9
3.0,8871.489741,98.96,3.69,35.94,48.01,16.18,19.5,1,7669,-2.1,42.5,-1.1
3.0,8871.499740,100.63,3.59,34.71,47.94,13.69,17.75,1,7532,-0.1,1.7,0.1
3.0,8871.509741,102.83,3.6,33.24,47.88,10.72,15.5,1,7407,2.0,-106.6,2.9
3.0,8871.519740,105.64,3.55,30.33,47.76,7.36,12.75,1,7268,-1.1,-182.5,6.0
3.0,8871.529740,108.63,3.46,27.24,47.66,3.75,9.75,1,7153,-0.4,-233.1,6.6
3.0,8871.539740,112.32,3.42,23.93,47.54,0.0,6.25,1,8037,0.6,-280.3,9.1
3.0,8871.549743,116.19,3.37,20.34,47.43,-3.75,2.25,1,7913,-1.6,-312.4,8.9
3.0,8871.559740,120.32,3.33,16.4,47.31,-7.36,-1.75,1,7792,1.3,-362.0,11.5
3.0,8871.569740,124.8,3.31,12.05,47.19,-10.72,-6.25,1,7673,-1.9,-385.8,11.8
3.0,8871.579740,128.67,3.25,7.63,47.06,-13.69,-10.25,1,7536,-0.6,-417.5,12.4
3.0,8871.589740,131.4,3.22,2.92,46.94,-16.18,-12.75,1,7409,-2.5,-439.7,13.5
3.0,8871.599740,133.42,3.22,-0.83,46.82,-18.1,-14.75,1,7273,2.3,-353.2,8.6
3.0,8871.609743,135.97,3.26,-2.26,46.76,-19.37,-17.25,1,7157,-0.8,-229.4,8.2
3.0,8871.619740,138.08,3.23,-3.16,46.78,-19.96,-19.25,1,8046,-0.1,-213.5,6.9
3.0,8871.629743,139.22,3.23,-5.56,46.7,-19.84,-20.5,1,7919,-0.9,-256.8,7.7
3.0,8871.639740,139.22,3.24,-7.95,46.63,-19.02,-20.5,1,7787,0.7,-195.4,5.5
3.0,8871.649740,138.96,3.27,-8.19,46.61,-17.53,-19.75,1,7669,0.8,-86.2,1.7
3.0,8871.659740,137.72,3.25,-7.0,46.64,-15.41,-18.25,1,7541,-1.8,9.7,0.5
3.0,8871.669740,135.79,3.16,-5.59,46.71,-12.75,-16.25,1,7414,-5.5,45.9,0.6
3.0,8871.679740,133.07,3.15,-3.69,46.79,-9.64,-13.5,1,7280,3.1,153.2,-2.7
3.0,8871.689743,129.9,3.2,-0.48,46.88,-6.18,-10.25,1,7162,-2.4,213.9,-5.4
3.0,8871.699740,126.56,3.21,2.8,46.96,-2.51,-7.0,1,8046,5.8,267.7,-7.2
3.0,8871.709739,122.7,3.26,6.42,47.06,1.26,-3.25,1,7919,-3.7,308.1,-8.9
3.0,8871.719740,118.56,3.21,10.35,47.15,4.97,0.75,1,7792,3.1,351.6,-10.3
3.0,8871.729740,114.26,3.33,14.56,47.27,8.52,5.25,1,7673,2.5,377.5,-11.1
3.0,8871.739740,109.95,3.37,18.88,47.41,11.76,9.25,1,7540,0.2,406.4,-11.0
3.0,8871.749740,106.88,3.4,23.51,47.57,14.58,11.75,1,7418,0.6,434.2,-12.5
3.0,8871.759740,105.64,3.49,27.84,47.72,16.89,13.75,1,7282,1.4,405.1,-10.6
3.0,8871.769740,102.74,3.53,30.22,47.81,18.6,16.5,1,7154,-0.5,267.4,-8.6
3.0,8871.779740,100.02,3.46,30.29,47.79,19.65,18.75,1,8051,-4.5,144.5,-3.5
3.0,8871.789741,98.61,3.51,31.85,47.86,20.0,20.25,1,7924,5.1,278.8,-7.7
3.0,8871.799740,98.17,3.7,35.6,48.02,19.65,20.75,1,7796,0.2,240.5,-6.7
3.0,8871.809740,98.17,3.65,36.27,48.05,18.6,21.0,1,7678,-0.9,105.3,-2.5
3.0,8871.819740,98.09,3.61,35.33,48.01,16.89,20.25,1,7541,-0.8,41.2,-1.3
3.0,8871.829740,99.49,3.61,34.76,47.98,14.58,19.0,1,7414,1.5,6.8,0.6
3.0,8871.839740,101.43,3.63,34.28,47.97,11.76,17.0,1,7287,0.4,-13.4,0.3
3.0,8871.849743,103.89,3.6,32.59,47.89,8.52,14.5,1,7162,2.1,-148.7,4.3
3.0,8871.859740,106.88,3.52,29.06,47.75,4.97,11.5,1,8047,-2.2,-217.9,6.5
3.0,8871.869740,110.21,3.44,25.87,47.64,1.26,8.25,1,7928,1.3,-250.2,7.8
3.0,8871.879740,113.99,3.43,22.56,47.53,-2.51,4.5,1,7803,-0.2,-299.1,8.9
3.0,8871.889740,117.86,3.36,18.66,47.41,-6.18,0.5,1,7682,-1.2,-340.7,10.7
3.0,8871.899740,122.26,3.31,14.49,47.29,-9.63,-3.75,1,7549,-0.2,-375.8,11.5
3.0,8871.909740,126.74,3.29,10.12,47.16,-12.75,-8.25,1,7418,-0.5,-402.5,11.5
3.0,8871.919740,130.78,3.25,5.57,47.03,-15.41,-12.25,1,7291,-1.5,-428.1,13.4
3.0,8871.929740,133.51,3.23,0.81,46.91,-17.53,-14.75,1,7164,-1.0,-450.9,13.0
3.0,8871.939740,135.62,3.22,-3.11,46.78,-19.02,-17.0,1,8052,-1.2,-369.6,10.7
3.0,8871.949740,137.72,3.23,-4.67,46.74,-19.84,-19.0,1,7925,1.3,-237.4,7.1
3.0,8871.959740,138.52,3.25,-5.62,46.72,-19.96,-19.75,1,7806,-0.8,-226.4,7.3
3.0,8871.969740,138.6,3.25,-7.25,46.67,-19.37,-20.0,1,7686,0.9,-174.1,4.5
3.0,8871.979740,138.6,3.27,-7.34,46.66,-18.1,-19.75,1,7551,0.1,-61.8,1.9
3.0,8871.989740,138.08,3.25,-6.37,46.69,-16.18,-18.75,1,7423,-0.2,-16.0,1.1
3.0,8871.999740,136.32,3.21,-5.64,46.73,-13.69,-17.0,1,7287,-3.5,27.5,0.3
3.0,8872.009740,134.3,3.15,-4.63,46.78,-10.72,-14.75,1,7168,-1.9,57.7,0.5
3.0,8872.019740,131.66,3.18,-2.29,46.85,-7.36,-12.0,1,8056,2.1,204.0,-5.8
3.0,8872.029740,128.32,3.21,1.39,46.94,-3.75,-8.75,1,7928,-1.8,221.6,-5.6
3.0,8872.039740,124.72,3.2,4.41,47.03,0.0,-5.25,1,7813,3.0,284.2,-7.0
3.0,8872.049740,120.94,3.25,8.25,47.14,3.75,-1.25,1,7682,-1.2,320.7,-9.6
3.0,8872.059740,116.63,3.24,12.1,47.24,7.36,2.75,1,7555,1.2,349.0,-9.0
3.0,8872.069740,112.06,3.3,16.28,47.37,10.72,7.25,1,7427,0.3,389.5,-11.6
3.0,8872.079740,108.19,3.35,20.84,47.5,13.69,11.25,1,7294,1.7,415.2,-11.7
3.0,8872.089740,105.38,3.43,25.57,47.66,16.18,13.75,1,7164,1.1,446.9,-13.0
3.0,8872.099740,103.36,3.52,29.59,47.81,18.1,15.75,1,8060,2.5,370.8,-9.3
3.0,8872.109740,100.55,3.54,31.38,47.89,19.37,18.5,1,7933,-3.6,255.1,-8.0
3.0,8872.119740,98.17,3.51,32.25,47.89,19.96,20.75,1,7805,2.5,202.3,-5.4
3.0,8872.129740,96.86,3.62,34.44,47.99,19.84,22.25,1,7687,-0.2,271.5,-7.9
3.0,8872.139740,96.68,3.68,37.25,48.11,19.02,22.25,1,7554,1.5,212.2,-5.2
3.0,8872.149740,96.59,3.69,37.73,48.15,17.53,21.75,1,7432,-2.5,107.1,-3.1
3.0,8872.159740,98.09,3.62,36.79,48.09,15.41,20.25,1,7296,0.4,11.2,0.2
3.0,8872.169740,100.11,3.64,35.47,48.04,12.75,18.25,1,7168,1.8,-36.2,0.9
3.0,8872.179740,102.48,3.61,33.59,47.96,9.64,15.75,1,8065,0.8,-140.4,4.7
3.0,8872.189740,105.38,3.54,30.45,47.84,6.18,12.75,1,7938,0.3,-210.7,5.9
3.0,8872.199740,108.72,3.47,27.22,47.71,2.51,9.5,1,7813,-0.9,-252.9,7.6
3.0,8872.209740,112.5,3.41,23.82,47.61,-1.26,5.75,1,7691,-0.3,-298.2,9.4
3.0,8872.219740,116.63,3.37,20.03,47.48,-4.97,1.75,1,7555,-0.1,-333.6,9.6
3.0,8872.229740,120.85,3.34,15.93,47.36,-8.52,-2.5,1,7428,1.1,-374.4,11.8
3.0,8872.239743,125.33,3.29,11.5,47.24,-11.76,-6.75,1,7303,-3.4,-402.4,12.6
3.0,8872.249740,129.81,3.23,6.96,47.12,-14.58,-11.25,1,7173,0.4,-426.1,13.0
3.0,8872.259740,133.24,3.25,2.18,46.97,-16.89,-14.5,1,8071,-0.8,-454.2,12.5
3.0,8872.269740,135.44,3.22,-2.31,46.84,-18.6,-16.75,1,7942,-1.3,-421.5,12.1
3.0,8872.279740,136.76,3.23,-5.07,46.77,-19.65,-18.0,1,7819,0.6,-308.5,9.6
3.0,8872.289740,137.81,3.25,-5.83,46.75,-20.0,-19.25,1,7697,-0.1,-189.9,5.0
3.0,8872.299740,138.34,3.23,-5.96,46.74,-19.65,-19.75,1,7560,-0.5,-130.9,4.5
3.0,8872.309740,138.43,3.24,-6.42,46.73,-18.6,-19.75,1,7432,0.7,-105.9,3.0
3.0,8872.319743,138.08,3.26,-6.55,46.72,-16.89,-19.25,1,7308,0.5,-37.6,1.4
3.0,8872.329740,137.9,3.25,-5.85,46.75,-14.58,-18.25,1,7177,-0.2,0.9,0.6
3.0,8872.339740,135.79,3.2,-5.15,46.79,-11.76,-16.5,1,8065,-4.3,31.8,0.7
3.0,8872.349740,133.59,3.15,-4.04,46.84,-8.52,-14.0,1,7946,-0.5,79.9,-0.9
3.0,8872.359743,130.52,3.18,-1.53,46.91,-4.97,-11.25,1,7822,-0.2,203.3,-5.3
3.0,8872.369740,127.27,3.21,2.12,47.0,-1.26,-7.75,1,7700,2.9,241.2,-6.3
3.0,8872.379743,123.66,3.25,5.33,47.09,2.51,-4.25,1,7567,0.1,282.8,-8.4
3.0,8872.389740,119.53,3.24,9.12,47.18,6.18,-0.25,1,7437,0.5,337.7,-9.7
3.0,8872.399741,115.4,3.29,13.31,47.3,9.63,4.25,1,7302,2.3,363.4,-10.1
3.0,8872.409740,111.09,3.33,17.56,47.44,12.75,8.25,1,7182,-1.2,399.8,-11.2
3.0,8872.419740,107.4,3.35,22.18,47.59,15.41,11.75,1,8072,0.7,425.6,-11.1
3.0,8872.429740,104.33,3.43,26.58,47.74,17.53,15.0,1,7942,-0.3,413.8,-12.0
3.0,8872.439739,101.87,3.46,29.83,47.83,19.02,17.25,1,7823,-0.2,337.1,-10.2
3.0,8872.449740,100.37,3.52,32.1,47.93,19.84,18.5,1,7708,1.0,303.8,-7.3
3.0,8872.459743,99.93,3.62,33.97,48.03,19.96,19.25,1,7572,3.0,220.0,-5.9
3.0,8872.469740,99.76,3.61,34.18,48.02,19.37,19.25,1,7441,-2.4,104.5,-3.5
3.0,8872.479740,99.76,3.55,33.55,47.98,18.1,19.0,1,7305,1.5,53.2,-1.0
3.0,8872.489740,99.93,3.6,33.07,47.98,16.18,18.5,1,7186,0.9,3.3,0.4
3.0,8872.499740,101.16,3.57,32.58,47.95,13.69,17.25,1,8074,-0.4,0.2,-0.2
3.0,8872.509740,103.1,3.58,32.21,47.94,10.72,15.25,1,7946,2.7,-34.2,1.5
3.0,8872.519741,105.56,3.55,30.43,47.87,7.36,12.75,1,7820,-2.1,-143.0,3.8
3.0,8872.529740,108.46,3.45,27.42,47.75,3.75,10.0,1,7709,0.2,-193.2,5.9
3.0,8872.539742,111.62,3.42,24.39,47.66,0.0,6.75,1,7575,-0.7,-253.0,8.0
3.0,8872.549740,115.4,3.37,20.88,47.55,-3.75,3.0,1,7445,-0.3,-290.5,8.9
3.0,8872.559743,119.36,3.32,17.15,47.43,-7.36,-1.0,1,7313,-1.4,-336.5,10.2
3.0,8872.569740,123.66,3.3,12.96,47.31,-10.72,-5.25,1,7182,1.8,-372.7,11.5
3.0,8872.579740,128.14,3.27,8.57,47.19,-13.69,-9.75,1,8082,-3.4,-403.0,12.5
3.0,8872.589740,132.1,3.22,4.02,47.07,-16.18,-13.5,1,7951,1.3,-424.4,12.2
3.0,8872.599739,134.82,3.25,-0.61,46.92,-18.1,-16.25,1,7824,-0.6,-442.6,12.5
3.0,8872.609740,136.23,3.24,-4.45,46.82,-19.37,-17.75,1,7708,0.4,-365.9,11.4
3.0,8872.619740,136.85,3.25,-6.07,46.77,-19.96,-18.25,1,7570,-0.3,-238.0,5.3
3.0,8872.629740,137.99,3.23,-6.07,46.75,-19.84,-19.25,1,7451,-1.4,-128.6,5.3
3.0,8872.639740,138.78,3.22,-5.64,46.8,-19.02,-20.0,1,7314,-0.1,-66.2,2.1
3.0,8872.649740,138.6,3.24,-6.01,46.78,-17.53,-19.75,1,7187,0.7,-99.6,3.5
3.0,8872.659743,138.43,3.26,-6.93,46.75,-15.41,-18.75,1,8086,0.6,-59.1,1.1
3.0,8872.669740,136.41,3.23,-6.33,46.76,-12.75,-17.0,1,7959,-2.7,19.9,0.4
3.0,8872.679740,134.21,3.15,-4.87,46.84,-9.64,-14.75,1,7828,-3.3,66.6,0.7
3.0,8872.689740,131.22,3.16,-2.32,46.92,-6.18,-11.75,1,7709,1.9,208.4,-5.6
3.0,8872.699740,128.06,3.21,1.42,47.01,-2.51,-8.5,1,7575,-0.6,231.6,-6.4
3.0,8872.709740,124.37,3.22,4.61,47.09,1.26,-4.75,1,7446,3.2,295.8,-7.9
3.0,8872.719740,120.41,3.25,8.46,47.21,4.97,-1.0,1,7318,-1.7,321.3,-9.2
3.0,8872.729740,116.28,3.25,12.32,47.31,8.52,3.25,1,7191,2.9,360.1,-9.3
3.0,8872.739743,111.62,3.32,16.66,47.45,11.76,7.75,1,8082,-0.9,394.9,-11.5
3.0,8872.749740,107.58,3.35,21.28,47.58,14.58,11.75,1,7960,2.6,427.2,-12.2
3.0,8872.759740,104.85,3.47,26.12,47.75,16.89,14.25,1,7833,1.3,451.9,-12.9
3.0,8872.769740,102.66,3.54,30.03,47.89,18.6,16.75,1,7714,1.8,366.6,-10.2
3.0,8872.779740,100.55,3.56,31.82,47.96,19.65,18.75,1,7578,-2.3,263.5,-7.6
3.0,8872.789740,99.49,3.54,32.98,47.99,20.0,19.5,1,7451,0.5,219.8,-6.2
3.0,8872.799740,99.32,3.62,34.29,48.06,19.65,19.75,1,7314,2.0,173.9,-4.2
3.0,8872.809740,99.23,3.63,34.66,48.08,18.6,19.25,1,7196,-1.7,83.1,-2.4
3.0,8872.819740,99.76,3.58,33.81,48.03,16.89,18.75,1,8083,0.7,6.1,0.3
3.0,8872.829740,100.99,3.59,33.04,48.01,14.58,17.25,1,7964,0.0,0.1,0.0
3.0,8872.839740,103.01,3.59,32.3,47.97,11.76,15.25,1,7837,2.6,-68.4,2.2
3.0,8872.849740,105.47,3.54,30.14,47.88,8.52,13.0,1,7719,-2.2,-148.3,3.8
3.0,8872.859740,108.19,3.46,27.39,47.78,4.97,10.25,1,7582,1.0,-195.2,6.6
3.0,8872.869740,111.71,3.44,24.42,47.69,1.26,6.75,1,7455,-1.0,-249.8,7.6
3.0,8872.879740,115.22,3.37,21.0,47.58,-2.51,3.25,1,7319,-0.9,-287.4,9.1
3.0,8872.889740,119.18,3.33,17.28,47.47,-6.18,-0.75,1,7203,-0.1,-334.6,10.3
3.0,8872.899743,123.4,3.32,13.14,47.34,-9.63,-5.0,1,8091,0.8,-367.8,10.9
3.0,8872.909740,127.62,3.28,8.84,47.23,-12.75,-9.0,1,7960,-2.2,-396.6,13.5
3.0,8872.919740,131.13,3.24,4.42,47.12,-15.41,-12.5,1,7842,0.5,-412.8,10.9
3.0,8872.929740,133.77,3.25,0.3,46.97,-17.53,-15.25,1,7723,-0.8,-396.5,12.1
3.0,8872.939740,135.88,3.23,-2.95,46.91,-19.02,-17.25,1,7587,-1.4,-341.3,10.9
3.0,8872.949740,137.37,3.22,-4.89,46.85,-19.84,-18.75,1,7460,-0.4,-249.0,6.5
3.0,8872.959740,138.6,3.24,-5.78,46.81,-19.96,-19.75,1,7324,0.2,-181.9,6.3
3.0,8872.969740,138.78,3.24,-6.71,46.8,-19.37,-20.25,1,7196,-0.4,-160.4,4.7
3.0,8872.979739,138.87,3.25,-7.27,46.77,-18.1,-20.25,1,8092,1.0,-77.0,1.5
3.0,8872.989740,138.43,3.26,-6.79,46.78,-16.18,-19.25,1,7964,-0.1,-35.7,1.5
3.0,8872.999740,136.67,3.22,-6.14,46.81,-13.69,-17.5,1,7838,-3.1,23.3,-0.0
3.0,8873.009740,134.82,3.15,-5.08,46.86,-10.72,-15.25,1,7727,-2.9,47.2,0.5
3.0,8873.019740,131.92,3.18,-2.91,46.93,-7.36,-12.5,1,7583,2.7,192.8,-4.4
4.0,8875.039740,130.61,3.22,1.25,47.25,-3.96,-11.0,1,7396,-1.1,18.2,-0.1
4.0,8875.049739,128.5,3.19,1.84,47.26,0.0,-9.0,1,7277,-1.9,43.5,-0.2
4.0,8875.059740,125.86,3.18,3.37,47.31,3.96,-6.25,1,8168,-0.1,128.5,-3.8
4.0,8875.069740,122.61,3.21,6.36,47.38,7.67,-3.25,1,8037,-0.1,213.2,-5.7
4.0,8875.079740,119.18,3.26,9.93,47.49,10.9,0.25,1,7928,3.3,272.3,-7.3
4.0,8875.089740,115.05,3.3,13.77,47.6,13.44,4.25,1,7801,-0.9,325.1,-9.3
4.0,8875.099740,110.92,3.32,17.82,47.72,15.14,8.5,1,7664,3.1,352.2,-9.5
4.0,8875.109740,106.88,3.4,22.07,47.86,15.89,12.25,1,7537,-1.7,397.3,-11.2
4.0,8875.119740,104.06,3.44,26.74,48.01,15.64,14.75,1,7401,2.5,422.5,-11.7
4.0,8875.129740,102.48,3.56,30.69,48.16,14.4,16.0,1,7273,0.8,369.2,-10.7
4.0,8875.139740,102.22,3.58,32.82,48.24,12.27,16.25,1,8173,-0.5,266.5,-7.5
4.0,8875.149740,103.01,3.58,32.96,48.25,9.36,15.5,1,8042,0.7,117.1,-2.6
4.0,8875.159740,104.41,3.56,31.52,48.19,5.86,14.0,1,7924,0.2,4.9,-0.5
4.0,8875.169740,106.44,3.53,29.53,48.11,2.0,11.75,1,7805,1.8,-86.9,2.8
4.0,8875.179740,108.98,3.5,27.06,48.02,-2.0,9.25,1,7669,-0.1,-155.6,4.7
4.0,8875.189740,112.24,3.42,24.21,47.92,-5.86,6.25,1,7541,-2.0,-216.5,6.6
4.0,8875.199740,115.93,3.37,20.94,47.82,-9.36,2.75,1,7405,0.2,-265.6,8.4
4.0,8875.209740,119.79,3.36,17.24,47.71,-12.27,-1.25,1,7290,0.6,-321.3,9.2
4.0,8875.219743,123.84,3.31,13.05,47.58,-14.4,-5.5,1,8177,-1.6,-363.6,11.6
4.0,8875.229740,127.62,3.26,8.71,47.47,-15.64,-9.25,1,8047,-0.6,-391.5,11.6
4.0,8875.239740,130.25,3.25,4.21,47.33,-15.89,-11.75,1,7928,-0.5,-422.9,12.4
4.0,8875.249740,131.57,3.25,0.44,47.22,-15.14,-12.75,1,7801,0.2,-345.2,9.7
4.0,8875.259740,131.84,3.24,-1.03,47.18,-13.44,-13.0,1,7673,-1.6,-224.4,7.6
4.0,8875.269740,131.48,3.22,-0.77,47.21,-10.9,-12.25,1,7537,-0.0,-95.0,4.0
4.0,8875.279740,130.43,3.23,0.51,47.25,-7.67,-11.0,1,7410,-0.4,-1.5,0.3
4.0,8875.289740,128.58,3.21,1.67,47.28,-3.96,-9.0,1,7291,-2.2,22.0,0.7
4.0,8875.299740,125.86,3.18,3.23,47.33,0.0,-6.5,1,8170,-1.5,132.2,-3.7
4.0,8875.309740,122.7,3.2,6.43,47.41,3.96,-3.25,1,8051,0.8,210.3,-5.5
4.0,8875.319740,119.18,3.26,9.92,47.52,7.67,0.25,1,7933,2.5,270.3,-7.4
4.0,8875.329740,115.31,3.29,13.65,47.62,10.9,4.0,1,7805,-0.7,313.5,-9.1
4.0,8875.339740,111.09,3.33,17.57,47.73,13.44,8.25,1,7669,3.8,348.1,-9.2
4.0,8875.349740,107.31,3.39,21.84,47.89,15.14,12.0,1,7550,-3.5,392.5,-10.8
4.0,8875.359740,104.33,3.41,26.48,48.03,15.89,14.5,1,7414,3.6,419.6,-11.8
4.0,8875.369740,102.66,3.57,30.4,48.18,15.64,15.75,1,7299,1.8,365.4,-10.4
4.0,8875.379743,102.48,3.57,32.5,48.26,14.4,16.25,1,8178,-2.2,263.8,-7.6
4.0,8875.389740,102.39,3.56,32.78,48.27,12.27,16.5,1,8047,2.1,129.7,-2.8
4.0,8875.399740,102.66,3.56,31.58,48.22,9.36,15.75,1,7937,-1.3,14.5,-1.2
4.0,8875.409740,104.15,3.52,30.4,48.17,5.86,14.25,1,7810,2.0,-3.0,1.3
4.0,8875.419740,106.26,3.55,29.74,48.16,2.0,12.25,1,7674,0.0,-48.6,0.8
4.0,8875.429740,108.72,3.49,27.79,48.07,-2.0,9.5,1,7549,0.5,-149.7,5.1
4.0,8875.439740,111.97,3.42,24.56,47.97,-5.86,6.5,1,7419,-3.0,-222.3,6.2
4.0,8875.449740,115.58,3.36,21.21,47.85,-9.36,2.75,1,7293,1.8,-262.6,8.3
4.0,8875.459739,119.44,3.37,17.55,47.74,-12.27,-1.25,1,8179,0.1,-326.2,9.4
4.0,8875.469740,123.75,3.31,13.26,47.61,-14.4,-5.25,1,8054,-1.5,-364.9,11.7
4.0,8875.479740,127.97,3.27,8.95,47.5,-15.64,-9.25,1,7942,-0.1,-393.2,11.4
4.0,8875.489740,131.22,3.25,4.45,47.36,-15.89,-12.5,1,7814,-1.1,-421.0,12.9
4.0,8875.499740,133.07,3.23,0.23,47.26,-15.14,-14.5,1,7678,-0.9,-394.7,11.7
4.0,8875.509740,133.95,3.22,-2.43,47.19,-13.44,-15.25,1,7551,-1.1,-292.3,9.8
4.0,8875.519740,133.95,3.23,-3.06,47.18,-10.9,-15.25,1,7415,0.4,-165.1,4.9
4.0,8875.529740,133.59,3.25,-2.41,47.18,-7.67,-14.0,1,7296,0.5,-62.5,0.8
4.0,8875.539740,131.66,3.22,-1.22,47.2,-3.96,-12.25,1,8184,-2.1,16.5,0.4
4.0,8875.549740,129.64,3.17,0.11,47.28,-0.0,-10.0,1,8056,-2.7,53.6,0.5
4.0,8875.559740,126.56,3.2,2.62,47.35,3.96,-7.25,1,7946,3.7,213.5,-6.2
4.0,8875.569740,123.22,3.23,6.35,47.45,7.67,-3.75,1,7820,-4.9,213.8,-4.7
4.0,8875.579740,119.36,3.19,9.34,47.54,10.9,-0.0,1,7683,3.5,298.3,-8.1
4.0,8875.589740,115.22,3.31,13.59,47.65,13.44,4.25,1,7558,1.1,340.1,-10.3
4.0,8875.599740,111.18,3.35,17.79,47.77,15.14,8.25,1,7419,3.3,378.9,-10.4
4.0,8875.609740,108.02,3.41,22.28,47.93,15.89,11.25,1,7292,-1.5,410.0,-11.5
4.0,8875.619740,105.56,3.44,26.58,48.07,15.64,13.25,1,8188,2.0,399.0,-11.1
4.0,8875.629740,104.33,3.53,29.5,48.18,14.4,14.0,1,8061,0.4,302.4,-8.8
4.0,8875.639740,104.59,3.52,30.64,48.22,12.27,13.75,1,7942,-1.0,210.6,-5.5
4.0,8875.649740,105.56,3.51,30.46,48.21,9.36,12.75,1,7823,1.1,74.0,-2.2
4.0,8875.659740,106.96,3.53,28.81,48.14,5.86,11.25,1,7687,3.0,-28.6,0.7
4.0,8875.669740,109.25,3.5,26.78,48.06,2.0,9.25,1,7560,-1.0,-101.0,2.8
4.0,8875.679740,111.88,3.43,24.39,47.98,-2.0,6.5,1,7423,0.7,-165.9,5.2
4.0,8875.689740,115.05,3.4,21.56,47.9,-5.86,3.25,1,7296,-2.0,-218.2,7.3
4.0,8875.699740,118.56,3.32,18.24,47.8,-9.36,-0.25,1,8184,-1.6,-280.2,8.5
4.0,8875.709740,122.52,3.31,14.38,47.68,-12.27,-4.25,1,8065,1.8,-323.7,9.8
4.0,8875.719740,126.74,3.31,10.37,47.56,-14.4,-8.25,1,7946,-1.2,-357.5,10.5
4.0,8875.729740,130.61,3.26,6.15,47.44,-15.64,-12.0,1,7823,-0.4,-388.6,11.7
4.0,8875.739740,132.89,3.24,1.6,47.32,-15.89,-14.25,1,7691,-1.2,-424.3,13.0
4.0,8875.749740,134.03,3.22,-2.18,47.21,-15.14,-15.5,1,7564,-1.6,-342.0,9.5
4.0,8875.759740,134.21,3.23,-3.47,47.18,-13.44,-15.75,1,7428,0.9,-211.3,7.6
4.0,8875.769740,133.86,3.26,-3.14,47.18,-10.9,-14.75,1,7300,0.3,-98.1,0.7
4.0,8875.779740,132.8,3.24,-2.01,47.19,-7.67,-13.25,1,8188,-0.8,-0.9,1.2
4.0,8875.789740,130.78,3.17,-0.6,47.27,-3.96,-11.25,1,8064,-5.2,44.1,0.3
4.0,8875.799740,127.97,3.17,1.29,47.34,-0.0,-8.75,1,7951,4.2,144.5,-2.6
4.0,8875.809740,124.72,3.25,4.43,47.43,3.96,-5.5,1,7824,-2.1,213.6,-6.0
4.0,8875.819740,121.29,3.21,7.87,47.51,7.67,-1.75,1,7690,1.0,274.9,-7.4
4.0,8875.829740,117.42,3.27,11.69,47.63,10.9,2.25,1,7568,1.2,320.7,-8.5
4.0,8875.839740,113.03,3.3,15.79,47.75,13.44,6.25,1,7433,0.5,364.0,-10.4
4.0,8875.849740,108.9,3.33,20.16,47.88,15.14,10.5,1,7314,-0.8,393.5,-10.8
4.0,8875.859740,105.21,3.4,24.8,48.03,15.89,13.75,1,8193,3.1,434.3,-12.5
4.0,8875.869740,102.66,3.54,29.12,48.19,15.64,15.75,1,8068,2.6,391.6,-10.4
4.0,8875.879740,101.87,3.58,32.15,48.31,14.4,17.0,1,7955,-1.8,346.1,-10.2
4.0,8875.889740,101.51,3.6,33.76,48.36,12.27,17.75,1,7831,3.3,206.3,-5.3
4.0,8875.899740,101.34,3.59,32.98,48.33,9.36,17.25,1,7692,-3.8,61.1,-2.6
4.0,8875.909743,102.13,3.53,31.99,48.29,5.86,16.25,1,7567,3.6,46.3,0.0
4.0,8875.919740,103.89,3.6,31.85,48.3,2.0,14.5,1,7440,-1.3,0.6,-0.1
4.0,8875.929740,106.26,3.52,30.34,48.22,-2.0,12.25,1,7309,0.6,-105.3,2.9
4.0,8875.939740,109.07,3.5,27.46,48.12,-5.86,9.25,1,8197,1.1,-182.4,5.5
4.0,8875.949743,112.76,3.43,24.14,48.01,-9.36,5.75,1,8073,-2.2,-254.4,8.0
4.0,8875.959740,116.54,3.37,20.47,47.9,-12.27,1.75,1,7960,0.8,-295.0,8.9
4.0,8875.969743,120.59,3.36,16.58,47.77,-14.4,-2.25,1,7835,0.4,-349.4,10.4
4.0,8875.979740,125.07,3.3,12.15,47.64,-15.64,-6.75,1,7699,-2.4,-388.1,11.7
4.0,8875.989740,129.02,3.24,7.63,47.52,-15.89,-10.5,1,7573,-0.4,-413.2,12.9
4.0,8875.999740,131.66,3.24,2.91,47.38,-15.14,-13.0,1,7433,-1.1,-447.6,12.6
4.0,8876.009740,132.89,3.24,-1.09,47.26,-13.44,-14.25,1,7316,0.5,-365.0,10.4
4.0,8876.019740,133.07,3.25,-2.5,47.23,-10.9,-14.5,1,8202,-0.3,-223.5,7.8
4.0,8876.029743,132.98,3.24,-2.04,47.26,-7.67,-13.75,1,8077,-0.3,-95.5,3.5
4.0,8876.039740,132.01,3.23,-0.84,47.29,-3.96,-12.5,1,7955,-0.3,-8.5,1.1
4.0,8876.049743,129.99,3.2,0.31,47.33,0.0,-10.5,1,7840,-3.4,28.3,0.1
4.0,8876.059740,127.35,3.17,1.88,47.38,3.96,-7.75,1,7701,-0.1,119.7,-3.0
4.0,8876.069743,124.19,3.2,4.92,47.46,7.67,-4.75,1,7576,-0.8,212.7,-5.4
4.0,8876.079740,120.5,3.23,8.54,47.56,10.9,-1.25,1,7437,2.8,269.3,-7.5
4.0,8876.089740,116.63,3.29,12.34,47.67,13.44,2.75,1,7321,0.2,323.1,-9.2
4.0,8876.099740,112.24,3.3,16.49,47.79,15.14,7.25,1,8207,0.3,361.3,-9.9
4.0,8876.109743,108.19,3.36,20.9,47.93,15.89,10.75,1,8083,1.6,402.2,-11.3
4.0,8876.119740,105.38,3.45,25.62,48.09,15.64,13.25,1,7963,2.2,431.3,-12.4
4.0,8876.129739,103.97,3.55,29.58,48.23,14.4,14.75,1,7831,2.5,367.2,-9.8
4.0,8876.139740,103.62,3.56,31.57,48.32,12.27,14.75,1,7705,-4.1,263.6,-7.8
4.0,8876.149742,104.33,3.52,31.61,48.3,9.36,14.0,1,7581,3.2,106.8,-2.4
4.0,8876.159740,105.73,3.56,30.1,48.26,5.86,12.5,1,7442,-0.1,6.0,-0.3
4.0,8876.169740,107.75,3.5,28.24,48.17,2.0,10.5,1,7325,1.3,-85.7,2.6
4.0,8876.179740,110.48,3.46,25.76,48.08,-2.0,8.0,1,8202,-1.3,-156.3,4.2
4.0,8876.189740,113.64,3.41,23.02,47.99,-5.86,4.75,1,8075,0.6,-203.6,6.5
4.0,8876.199740,116.98,3.37,19.84,47.9,-9.36,1.25,1,7964,-1.9,-270.6,8.1
4.0,8876.209743,120.85,3.32,16.01,47.78,-12.27,-2.5,1,7840,0.8,-316.4,10.2
4.0,8876.219740,125.24,3.3,11.99,47.66,-14.4,-6.75,1,7701,-1.4,-356.3,9.6
4.0,8876.229740,129.02,3.26,7.71,47.53,-15.64,-10.5,1,7583,0.2,-387.4,12.5
4.0,8876.239740,131.4,3.25,3.14,47.42,-15.89,-12.75,1,7446,-1.6,-426.3,12.3
4.0,8876.249740,132.71,3.24,-0.7,47.3,-15.14,-14.0,1,7327,1.2,-345.4,9.7
4.0,8876.259740,132.63,3.25,-2.01,47.27,-13.44,-14.25,1,8207,-1.5,-211.7,7.4
4.0,8876.269740,132.45,3.23,-1.59,47.31,-10.9,-13.25,1,8079,-0.1,-92.2,4.1
4.0,8876.279740,131.13,3.23,-0.36,47.34,-7.67,-11.75,1,7968,-0.8,3.8,0.3
4.0,8876.289742,129.29,3.2,0.89,47.38,-3.96,-9.75,1,7844,-2.7,29.4,0.6
4.0,8876.299740,126.56,3.19,2.87,47.44,0.0,-7.25,1,7706,0.6,172.3,-5.3
4.0,8876.309743,123.49,3.2,6.22,47.52,3.96,-4.0,1,7590,-2.7,191.7,-4.6
4.0,8876.319740,119.88,3.22,9.22,47.61,7.67,-0.25,1,7442,4.8,280.5,-7.9
4.0,8876.329740,115.93,3.31,13.23,47.72,10.9,3.5,1,7332,-0.8,311.9,-9.0
4.0,8876.339740,111.71,3.32,17.1,47.84,13.44,7.75,1,8211,2.8,355.7,-9.5
4.0,8876.349740,107.84,3.39,21.48,47.98,15.14,11.5,1,8084,-1.0,394.2,-11.2
4.0,8876.359740,105.03,3.44,26.1,48.13,15.89,13.75,1,7964,3.0,423.5,-12.0
4.0,8876.369740,103.27,3.56,29.89,48.28,15.64,15.25,1,7846,1.3,350.2,-9.6
4.0,8876.379740,103.1,3.55,31.69,48.35,14.4,15.5,1,7710,-2.8,253.1,-7.0
4.0,8876.389740,103.45,3.55,32.2,48.36,12.27,14.75,1,7583,2.6,148.1,-4.0
4.0,8876.399740,104.85,3.58,31.3,48.32,9.36,13.75,1,7446,-0.2,14.7,-0.6
4.0,8876.409743,106.7,3.52,29.26,48.24,5.86,11.75,1,7330,1.6,-70.2,2.0
4.0,8876.419740,108.98,3.5,27.04,48.16,2.0,9.25,1,8218,-0.5,-136.8,4.6
4.0,8876.429740,112.15,3.43,24.46,48.07,-2.0,6.25,1,8088,-1.0,-191.8,5.5
4.0,8876.439740,115.4,3.38,21.42,47.98,-5.86,3.0,1,7969,-0.2,-249.7,8.3
4.0,8876.449740,119.0,3.35,17.83,47.86,-9.36,-0.75,1,7851,-0.2,-301.0,8.1
4.0,8876.459740,123.22,3.32,13.87,47.74,-12.27,-4.75,1,7714,0.1,-344.8,11.1
4.0,8876.469740,127.44,3.29,9.66,47.63,-14.4,-9.0,1,7587,-0.7,-376.9,11.0
4.0,8876.479740,131.22,3.26,5.34,47.5,-15.64,-12.75,1,7454,-0.7,-400.0,12.3
4.0,8876.489743,133.77,3.24,0.78,47.38,-15.89,-15.25,1,7336,-1.5,-432.5,13.1
4.0,8876.499740,134.91,3.23,-3.08,47.27,-15.14,-16.5,1,8220,-0.6,-354.0,10.4
4.0,8876.509740,135.18,3.25,-4.51,47.22,-13.44,-16.75,1,8093,0.6,-221.7,5.6
4.0,8876.519740,134.82,3.25,-4.17,47.22,-10.9,-15.75,1,7975,-0.2,-98.7,3.4
4.0,8876.529740,133.68,3.23,-2.94,47.27,-7.67,-14.25,1,7855,-1.3,0.9,0.8
4.0,8876.539740,131.48,3.17,-1.5,47.33,-3.96,-12.25,1,7719,-5.1,43.7,0.7
4.0,8876.549740,129.2,3.17,0.48,47.4,-0.0,-9.75,1,7591,3.7,156.0,-3.8
4.0,8876.559740,125.86,3.27,3.86,47.49,3.96,-6.5,1,7458,0.9,225.0,-5.9
4.0,8876.569743,122.26,3.21,7.09,47.58,7.67,-2.75,1,7340,-3.6,254.1,-6.3
4.0,8876.579740,118.39,3.22,10.53,47.68,10.9,1.25,1,8216,4.0,314.9,-9.0
4.0,8876.589740,114.17,3.32,14.77,47.8,13.44,5.25,1,8097,0.2,363.2,-10.5
4.0,8876.599740,109.6,3.35,19.18,47.93,15.14,9.75,1,7978,2.6,393.3,-10.5
4.0,8876.609740,105.29,3.41,23.77,48.09,15.89,13.75,1,7851,-2.2,429.0,-12.5
4.0,8876.619740,102.3,3.45,28.6,48.25,15.64,16.25,1,7724,1.5,447.1,-11.3
4.0,8876.629740,100.63,3.59,32.63,48.42,14.4,17.75,1,7596,1.6,384.6,-11.4
4.0,8876.639740,100.37,3.65,34.82,48.49,12.27,18.25,1,7460,1.6,282.1,-7.6
4.0,8876.649743,100.81,3.64,35.07,48.51,9.36,17.5,1,7344,-2.0,127.5,-3.9
4.0,8876.659740,102.3,3.57,33.61,48.44,5.86,16.25,1,8220,0.7,7.8,0.3
4.0,8876.669740,104.33,3.58,31.71,48.37,2.0,14.25,1,8093,2.4,-70.6,1.4
4.0,8876.679740,106.88,3.54,29.43,48.26,-2.0,11.5,1,7985,-0.3,-149.7,4.4
4.0,8876.689740,110.04,3.48,26.55,48.17,-5.86,8.25,1,7855,1.0,-208.8,6.9
4.0,8876.699740,113.64,3.44,23.29,48.06,-9.36,4.75,1,7719,-1.1,-266.5,7.6
4.0,8876.709740,117.51,3.36,19.57,47.95,-12.27,0.75,1,7600,-0.8,-314.7,10.7
4.0,8876.719740,121.73,3.33,15.44,47.84,-14.4,-3.25,1,7468,-0.3,-364.9,10.7
4.0,8876.729740,126.3,3.29,11.03,47.69,-15.64,-7.75,1,7346,-1.5,-390.6,11.9
4.0,8876.739740,130.34,3.26,6.5,47.56,-15.89,-11.75,1,8225,0.5,-427.2,11.9
4.0,8876.749740,132.98,3.26,1.72,47.43,-15.14,-14.25,1,8097,-1.3,-442.1,14.1
4.0,8876.759740,134.21,3.22,-2.12,47.33,-13.44,-15.5,1,7988,-2.7,-368.7,10.1
4.0,8876.769740,134.3,3.22,-3.66,47.29,-10.9,-15.75,1,7860,1.5,-227.2,8.4
4.0,8876.779740,134.12,3.26,-3.34,47.29,-7.67,-15.0,1,7724,0.5,-109.8,1.1
4.0,8876.789740,132.98,3.24,-2.18,47.29,-3.96,-13.5,1,7605,-0.6,-1.6,0.9
4.0,8876.799743,130.69,3.18,-0.65,47.38,0.0,-11.25,1,7463,-5.1,44.5,0.4
4.0,8876.809740,127.97,3.17,1.27,47.46,3.96,-8.5,1,7350,3.5,145.9,-2.3
4.0,8876.819740,124.54,3.25,4.63,47.55,7.67,-5.25,1,8229,-1.5,234.5,-7.1
4.0,8876.829740,120.85,3.22,8.35,47.63,10.9,-1.25,1,8102,1.5,283.3,-7.6
4.0,8876.839740,116.81,3.28,12.15,47.75,13.44,2.75,1,7986,0.8,331.6,-8.7
4.0,8876.849740,112.15,3.3,16.42,47.88,15.14,7.0,1,7864,-0.7,378.3,-10.6
4.0,8876.859740,108.37,3.34,20.95,48.01,15.89,10.75,1,7728,1.6,407.1,-11.6
4.0,8876.869740,105.21,3.44,25.64,48.17,15.64,13.5,1,7601,1.0,440.0,-12.6
4.0,8876.879740,103.62,3.55,29.72,48.33,14.4,14.75,1,7473,4.8,375.0,-9.3
4.0,8876.889740,103.54,3.59,31.76,48.42,12.27,15.0,1,7372,-4.5,269.0,-8.4
4.0,8876.899740,104.06,3.52,31.93,48.4,9.36,14.25,1,8234,3.7,123.3,-3.1
4.0,8876.909740,105.29,3.59,30.56,48.35,5.86,13.0,1,8106,0.3,8.5,-0.3
4.0,8876.919743,107.4,3.52,28.66,48.27,2.0,11.0,1,7990,0.7,-75.3,2.2
4.0,8876.929740,109.95,3.48,26.36,48.19,-2.0,8.5,1,7869,-0.9,-146.5,4.3
4.0,8876.939740,113.03,3.43,23.54,48.1,-5.86,5.25,1,7736,0.5,-210.4,6.7
4.0,8876.949740,116.63,3.39,20.3,48.0,-9.36,1.75,1,7605,-1.2,-260.1,8.3
4.0,8876.959740,120.41,3.34,16.67,47.89,-12.27,-2.0,1,7469,0.4,-313.6,9.1
4.0,8876.969740,124.63,3.3,12.58,47.76,-14.4,-6.25,1,7368,-2.1,-355.5,10.9
4.0,8876.979740,128.5,3.26,8.27,47.64,-15.64,-9.75,1,8238,-0.0,-389.4,11.5
4.0,8876.989740,130.96,3.25,3.71,47.51,-15.89,-12.25,1,8111,-1.5,-422.2,12.7
4.0,8876.999740,132.01,3.23,-0.04,47.41,-15.14,-13.5,1,7992,-0.3,-341.9,9.8
4.0,8877.009740,132.19,3.24,-1.36,47.37,-13.44,-13.5,1,7864,0.1,-212.2,6.9
4.0,8877.019743,132.01,3.24,-0.99,47.39,-10.9,-13.25,1,7740,-0.1,-92.5,3.4
4.0,8877.029740,131.75,3.24,0.21,47.43,-7.67,-12.5,1,7610,-0.4,0.4,0.8
4.0,8877.039740,130.61,3.23,1.32,47.47,-3.96,-11.25,1,7473,-1.0,17.9,0.3
4.0,8877.049739,128.67,3.2,1.94,47.49,0.0,-9.25,1,7372,-2.2,44.1,-0.5
4.0,8877.059740,126.04,3.19,3.47,47.53,3.96,-6.5,1,8234,0.6,127.5,-4.1
4.0,8877.069740,122.7,3.22,6.44,47.6,7.67,-3.25,1,8107,-0.8,212.7,-5.2
4.0,8877.079743,119.09,3.26,10.07,47.72,10.9,0.25,1,7999,3.8,278.5,-7.7
4.0,8877.089740,115.14,3.31,13.87,47.82,13.44,4.25,1,7869,-1.7,314.3,-9.1
4.0,8877.099743,110.74,3.33,17.83,47.94,15.14,8.5,1,7736,3.8,359.7,-9.5
4.0,8877.109740,106.88,3.41,22.27,48.09,15.89,12.25,1,7614,-1.7,398.4,-11.7
4.0,8877.119740,103.89,3.43,26.89,48.24,15.64,14.75,1,7478,0.6,424.3,-11.0
4.0,8877.129740,102.48,3.56,30.84,48.4,14.4,16.0,1,7377,3.3,369.2,-11.0
4.0,8877.139740,102.13,3.62,33.01,48.47,12.27,16.25,1,8238,-0.6,271.3,-7.5
4.0,8877.149740,103.01,3.59,33.22,48.49,9.36,15.5,1,8114,0.2,119.6,-3.1
4.0,8877.159743,104.41,3.57,31.72,48.43,5.86,14.0,1,8003,0.7,1.5,0.0
4.0,8877.169740,106.44,3.54,29.68,48.34,2.0,11.75,1,7874,1.0,-86.0,2.4
4.0,8877.179743,109.07,3.51,27.24,48.25,-2.0,9.25,1,7740,0.4,-156.2,5.1
4.0,8877.189740,112.32,3.44,24.37,48.16,-5.86,6.25,1,7613,-2.1,-217.3,6.1
4.0,8877.199740,115.84,3.37,21.1,48.05,-9.36,2.5,1,7482,-0.1,-266.4,8.8
4.0,8877.209740,119.97,3.36,17.37,47.94,-12.27,-1.25,1,7381,0.4,-323.3,9.6
4.0,8877.219740,123.93,3.31,13.19,47.82,-14.4,-5.5,1,8243,-2.2,-361.0,11.7
4.0,8877.229740,127.97,3.26,8.82,47.7,-15.64,-9.25,1,8116,-0.2,-399.5,11.4
4.0,8877.239740,130.34,3.26,4.18,47.55,-15.89,-11.75,1,7997,-0.1,-425.5,12.1
4.0,8877.249740,131.57,3.25,0.42,47.44,-15.14,-13.0,1,7878,-0.0,-350.5,9.8
4.0,8877.259743,131.84,3.24,-1.07,47.4,-13.44,-13.25,1,7745,-1.2,-223.7,7.4
4.0,8877.269740,131.66,3.23,-0.74,47.43,-10.9,-12.75,1,7614,-0.1,-94.1,3.6
4.0,8877.279740,131.4,3.24,0.52,47.47,-7.67,-12.25,1,7487,-0.2,-3.2,1.1
4.0,8877.289740,130.34,3.22,1.62,47.51,-3.96,-11.0,1,7385,-1.5,18.8,0.3
4.0,8877.299740,128.5,3.19,2.15,47.53,-0.0,-9.0,1,8247,-1.8,31.0,-0.1
4.0,8877.309740,125.77,3.19,3.44,47.56,3.96,-6.25,1,8123,-0.2,116.7,-3.4
4.0,8877.319743,122.7,3.22,6.36,47.63,7.67,-3.25,1,8004,0.3,206.7,-5.6
4.0,8877.329740,119.18,3.27,9.97,47.74,10.9,0.25,1,7874,3.3,270.8,-7.5
4.0,8877.339741,115.14,3.31,13.84,47.85,13.44,4.25,1,7747,-0.9,322.9,-9.1
4.0,8877.349740,110.92,3.34,17.88,47.97,15.14,8.5,1,7622,3.4,351.7,-9.6
4.0,8877.359740,106.96,3.41,22.08,48.11,15.89,12.25,1,7483,-2.1,391.5,-11.1
4.0,8877.369740,104.06,3.44,26.67,48.26,15.64,14.75,1,7390,2.5,419.1,-11.4
4.0,8877.379740,102.57,3.56,30.59,48.42,14.4,15.75,1,8255,-0.0,364.5,-10.6
4.0,8877.389740,102.22,3.57,32.68,48.49,12.27,16.25,1,8124,0.1,263.8,-7.1
4.0,8877.399739,103.01,3.6,32.92,48.51,9.36,15.25,1,8005,1.5,124.7,-3.4
4.0,8877.409740,104.5,3.58,31.56,48.44,5.86,14.0,1,7878,-0.1,3.5,-0.3
4.0,8877.419740,106.44,3.54,29.53,48.36,2.0,11.75,1,7752,1.5,-82.3,2.8
4.0,8877.429740,108.98,3.51,27.13,48.28,-2.0,9.25,1,7623,-0.1,-153.9,4.4
4.0,8877.439740,112.15,3.43,24.27,48.17,-5.86,6.25,1,7487,-1.6,-215.3,6.7
4.0,8877.449740,115.75,3.38,21.01,48.08,-9.36,2.5,1,7386,-0.0,-263.7,8.2
4.0,8877.459740,119.71,3.36,17.31,47.95,-12.27,-1.25,1,8250,0.7,-321.7,9.0
4.0,8877.469740,123.93,3.32,13.1,47.83,-14.4,-5.5,1,8129,-1.2,-363.5,11.6
4.0,8877.479743,127.79,3.28,8.78,47.71,-15.64,-9.25,1,8014,-0.8,-390.2,11.5
4.0,8877.489740,130.25,3.25,4.28,47.58,-15.89,-11.75,1,7874,-0.9,-423.5,13.1
4.0,8877.499740,131.66,3.25,0.45,47.48,-15.14,-12.75,1,7755,0.0,-349.3,9.6
4.0,8877.509740,131.75,3.24,-1.03,47.43,-13.44,-13.0,1,7628,-1.3,-222.5,7.8
4.0,8877.519740,131.48,3.23,-0.71,47.47,-10.9,-12.25,1,7492,-0.5,-94.9,4.3
4.0,8877.529740,130.43,3.23,0.56,47.51,-7.67,-11.0,1,7390,-0.8,-0.9,0.4
4.0,8877.539740,128.5,3.21,1.81,47.55,-3.96,-9.0,1,8255,-1.7,31.9,0.4
4.0,8877.549740,125.77,3.19,3.42,47.59,0.0,-6.25,1,8124,-1.4,127.9,-3.9
4.0,8877.559739,122.61,3.2,6.47,47.66,3.96,-3.25,1,8013,0.4,208.6,-6.0
4.0,8877.569740,119.09,3.26,9.97,47.76,7.67,0.25,1,7879,2.7,269.6,-7.2
4.0,8877.579740,115.31,3.3,13.78,47.88,10.9,4.25,1,7751,-0.2,320.4,-9.3
4.0,8877.589740,111.09,3.32,17.73,47.99,13.44,8.25,1,7632,1.7,343.8,-9.1
4.0,8877.599740,107.23,3.39,21.83,48.14,15.14,12.0,1,7499,-0.2,386.6,-10.9
4.0,8877.609740,104.41,3.46,26.46,48.28,15.89,14.5,1,7395,2.6,419.9,-11.8
4.0,8877.619743,102.74,3.56,30.38,48.43,15.64,15.75,1,8261,0.8,359.2,-10.3
4.0,8877.629740,102.3,3.58,32.38,48.51,14.4,16.25,1,8129,-0.3,260.4,-7.0
4.0,8877.639740,102.48,3.58,32.71,48.52,12.27,16.5,1,8019,0.6,132.0,-3.7
4.0,8877.649740,102.74,3.56,31.6,48.47,9.36,15.75,1,7883,-0.5,17.0,-0.7
4.0,8877.659740,104.24,3.54,30.4,48.43,5.86,14.25,1,7756,1.6,-5.0,1.0
4.0,8877.669740,106.35,3.55,29.62,48.4,2.0,12.0,1,7628,0.4,-55.2,1.1
4.0,8877.679740,108.98,3.51,27.63,48.32,-2.0,9.25,1,7500,0.5,-149.1,5.0
4.0,8877.689740,112.15,3.43,24.46,48.21,-5.86,6.25,1,7402,-2.7,-223.7,6.1
4.0,8877.699743,115.66,3.37,21.06,48.1,-9.36,2.75,1,8264,1.1,-265.5,8.6
4.0,8877.709740,119.79,3.37,17.36,47.99,-12.27,-1.25,1,8134,0.2,-327.4,9.4
4.0,8877.719740,123.93,3.31,13.09,47.86,-14.4,-5.5,1,8015,-2.3,-366.1,12.3
4.0,8877.729740,127.71,3.27,8.74,47.75,-15.64,-9.25,1,7887,0.7,-396.0,10.8
4.0,8877.739740,130.34,3.27,4.16,47.59,-15.89,-11.75,1,7760,-0.7,-428.1,12.9
4.0,8877.749740,131.57,3.25,0.35,47.49,-15.14,-13.0,1,7636,-0.1,-349.0,9.4
4.0,8877.759740,131.66,3.25,-1.14,47.44,-13.44,-13.25,1,7505,-1.2,-228.1,7.5
4.0,8877.769740,131.66,3.24,-0.88,47.47,-10.9,-12.75,1,7405,-0.0,-94.6,3.6
4.0,8877.779740,131.48,3.24,0.41,47.52,-7.67,-12.25,1,8265,-0.4,-4.4,1.0
4.0,8877.789740,130.52,3.22,1.49,47.55,-3.96,-11.0,1,8138,-1.6,17.8,0.4
4.0,8877.799740,128.5,3.19,2.02,47.57,0.0,-9.0,1,8019,-1.8,30.6,-0.0
4.0,8877.809740,125.86,3.19,3.31,47.61,3.96,-6.5,1,7883,-0.0,115.8,-3.3
4.0,8877.819740,122.7,3.22,6.21,47.68,7.67,-3.25,1,7764,-0.1,205.1,-5.6
4.0,8877.829740,119.18,3.26,9.81,47.79,10.9,0.25,1,7637,3.4,270.5,-7.3
4.0,8877.839740,115.22,3.31,13.7,47.9,13.44,4.25,1,7501,-1.0,323.2,-9.3
4.0,8877.849740,110.83,3.34,17.75,48.02,15.14,8.5,1,7400,3.8,352.5,-9.6
4.0,8877.859740,106.88,3.41,22.0,48.17,15.89,12.25,1,8270,-2.3,395.3,-11.2
4.0,8877.869740,104.15,3.44,26.62,48.31,15.64,14.75,1,8143,2.5,419.8,-11.7
4.0,8877.879740,102.48,3.57,30.54,48.46,14.4,16.0,1,8024,1.4,367.8,-10.6
4.0,8877.889740,102.3,3.59,32.7,48.54,12.27,16.25,1,7889,-1.7,267.5,-7.4
4.0,8877.899740,103.01,3.57,32.91,48.56,9.36,15.5,1,7769,1.4,122.1,-3.0
4.0,8877.909740,104.41,3.58,31.5,48.5,5.86,14.0,1,7644,0.4,4.2,-0.3
4.0,8877.919740,106.44,3.54,29.47,48.41,2.0,11.75,1,7506,1.6,-85.1,2.5
4.0,8877.929740,109.07,3.51,27.01,48.32,-2.0,9.25,1,7404,0.1,-156.8,4.8
4.0,8877.939740,112.24,3.43,24.15,48.22,-5.86,6.25,1,8266,-1.9,-214.9,6.4
4.0,8877.949740,115.93,3.38,20.89,48.12,-9.36,2.5,1,8149,0.3,-267.5,8.3
4.0,8877.959740,119.88,3.36,17.16,48.0,-12.27,-1.5,1,8028,0.4,-321.1,9.4
4.0,8877.969740,124.1,3.32,12.97,47.87,-14.4,-5.75,1,7893,-1.3,-365.4,11.2
4.0,8877.979740,127.71,3.27,8.6,47.76,-15.64,-9.25,1,7774,-0.7,-392.9,12.2
4.0,8877.989740,130.34,3.25,4.03,47.64,-15.89,-11.75,1,7646,-1.5,-429.1,13.0
4.0,8877.999740,131.75,3.24,0.16,47.52,-15.14,-13.0,1,7510,0.6,-350.4,9.3
4.0,8878.009740,131.84,3.24,-1.27,47.48,-13.44,-13.25,1,7409,-2.0,-222.6,8.2
4.0,8878.019740,131.57,3.22,-0.95,47.52,-10.9,-12.75,1,8271,0.4,-95.7,3.9
4.0,8878.029740,131.13,3.24,0.3,47.55,-7.67,-12.25,1,8153,-0.3,-1.3,0.5
4.0,8878.039740,130.61,3.22,1.53,47.59,-3.96,-11.0,1,8033,-1.7,28.3,0.4
4.0,8878.049740,128.5,3.19,2.23,47.62,-0.0,-9.0,1,7900,-1.8,40.7,-0.4
4.0,8878.059740,125.86,3.18,3.38,47.64,3.96,-6.25,1,7770,-1.0,102.2,-3.2
4.0,8878.069740,122.7,3.19,6.03,47.7,7.67,-3.25,1,7651,0.1,203.1,-5.8
4.0,8878.079740,119.18,3.27,9.74,47.81,10.9,0.25,1,7515,5.0,270.4,-7.9
4.0,8878.089740,115.22,3.32,13.61,47.92,13.44,4.25,1,7413,-1.8,319.9,-9.2
4.0,8878.099740,111.09,3.33,17.64,48.04,15.14,8.5,1,8275,4.6,353.2,-9.5
4.0,8878.109740,106.96,3.42,21.9,48.19,15.89,12.25,1,8150,-2.8,392.8,-11.3
4.0,8878.119740,104.06,3.43,26.52,48.33,15.64,14.75,1,8029,2.4,422.5,-11.5
4.0,8878.129740,102.57,3.56,30.51,48.49,14.4,15.75,1,7901,1.3,369.8,-10.6
4.0,8878.139740,102.39,3.59,32.65,48.57,12.27,16.25,1,7774,-0.7,266.4,-7.5
4.0,8878.149740,103.1,3.58,32.8,48.57,9.36,15.25,1,7650,1.4,119.1,-3.0
4.0,8878.159740,104.33,3.57,31.38,48.52,5.86,14.0,1,7519,0.1,5.3,-0.5
4.0,8878.169740,106.52,3.54,29.43,48.43,2.0,11.75,1,7418,1.6,-81.6,2.8
4.0,8878.179740,108.98,3.51,27.02,48.35,-2.0,9.25,1,8280,0.0,-153.7,4.3
4.0,8878.189740,112.24,3.43,24.16,48.25,-5.86,6.25,1,8152,-2.5,-214.5,7.0
4.0,8878.199740,115.66,3.37,20.92,48.15,-9.36,2.75,1,8033,0.9,-263.0,7.6
4.0,8878.209740,119.79,3.37,17.22,48.02,-12.27,-1.25,1,7909,0.3,-322.2,9.4
4.0,8878.219740,123.84,3.31,12.99,47.91,-14.4,-5.5,1,7779,-2.1,-363.4,11.8
4.0,8878.229740,127.71,3.27,8.67,47.79,-15.64,-9.25,1,7651,0.0,-391.1,11.4
4.0,8878.239740,130.25,3.27,4.18,47.65,-15.89,-11.75,1,7515,-0.4,-421.4,12.4
4.0,8878.249740,131.57,3.26,0.39,47.54,-15.14,-12.75,1,7414,-0.0,-348.4,9.7
4.0,8878.259740,131.66,3.25,-1.12,47.5,-13.44,-13.0,1,8284,-1.4,-224.4,7.3
4.0,8878.269740,131.48,3.23,-0.82,47.53,-10.9,-12.25,1,8160,-0.1,-94.2,3.7
4.0,8878.279740,130.52,3.24,0.46,47.57,-7.67,-10.75,1,8037,-0.4,-2.1,0.9
4.0,8878.289743,128.5,3.21,1.62,47.61,-3.96,-8.75,1,7905,-2.7,24.4,0.4
4.0,8878.299740,125.86,3.18,3.21,47.65,-0.0,-6.25,1,7786,-1.4,131.8,-3.6
4.0,8878.309740,122.52,3.21,6.39,47.73,3.96,-3.25,1,7659,1.0,210.6,-5.4
4.0,8878.319740,119.27,3.28,9.86,47.84,7.67,0.25,1,7522,3.3,268.2,-7.6
4.0,8878.329740,115.22,3.31,13.6,47.94,10.9,4.25,1,7420,-1.3,317.1,-8.9
4.0,8878.339740,111.01,3.33,17.56,48.06,13.44,8.25,1,8289,3.6,347.0,-9.3
4.0,8878.349743,107.23,3.4,21.73,48.21,15.14,12.0,1,8164,-2.8,387.4,-10.9
4.0,8878.359740,104.33,3.43,26.34,48.35,15.89,14.5,1,8042,3.2,419.7,-11.4
4.0,8878.369743,102.74,3.57,30.28,48.51,15.64,15.75,1,7909,1.4,362.5,-10.6
4.0,8878.379740,102.48,3.57,32.35,48.58,14.4,16.25,1,7788,-2.0,263.7,-7.1
4.0,8878.389743,102.39,3.56,32.65,48.6,12.27,16.5,1,7663,1.5,128.8,-3.2
4.0,8878.399740,102.83,3.56,31.44,48.55,9.36,15.75,1,7527,-0.7,14.4,-0.5
4.0,8878.409740,104.15,3.53,30.28,48.5,5.86,14.25,1,7422,0.9,-2.1,0.9
4.0,8878.419740,106.26,3.54,29.59,48.48,2.0,12.25,1,8284,0.6,-52.4,1.1
4.0,8878.429743,108.9,3.51,27.6,48.39,-2.0,9.5,1,8169,1.1,-149.0,4.7
4.0,8878.439740,112.15,3.43,24.41,48.28,-5.86,6.25,1,8047,-3.1,-222.6,6.3
4.0,8878.449743,115.58,3.37,21.02,48.18,-9.36,2.75,1,7914,1.8,-265.0,8.3
4.0,8878.459740,119.71,3.38,17.34,48.06,-12.27,-1.25,1,7783,0.2,-326.1,9.2
4.0,8878.469742,123.93,3.31,13.06,47.93,-14.4,-5.5,1,7668,-1.3,-367.0,11.7
4.0,8878.479740,127.71,3.27,8.69,47.82,-15.64,-9.25,1,7529,-1.3,-395.4,12.2
4.0,8878.489740,130.34,3.25,4.15,47.69,-15.89,-11.75,1,7429,-0.1,-426.1,12.1
4.0,8878.499740,131.48,3.26,0.33,47.56,-15.14,-12.75,1,8289,0.3,-351.9,9.6
4.0,8878.509739,131.84,3.25,-1.18,47.52,-13.44,-13.0,1,8161,-1.4,-225.1,7.4
4.0,8878.519740,131.57,3.23,-0.89,47.55,-10.9,-12.25,1,8055,-0.3,-97.8,3.9
4.0,8878.529742,130.52,3.24,0.35,47.59,-7.67,-11.0,1,7919,-0.4,-2.6,0.7
4.0,8878.539740,128.5,3.21,1.56,47.63,-3.96,-9.0,1,7788,-2.6,25.8,0.4
4.0,8878.549740,125.86,3.18,3.12,47.68,-0.0,-6.25,1,7669,-1.5,127.1,-3.4
4.0,8878.559740,122.7,3.2,6.24,47.76,3.96,-3.25,1,7536,0.9,210.4,-5.5
4.0,8878.569740,119.27,3.27,9.75,47.86,7.67,0.25,1,7432,3.2,268.3,-7.4
4.0,8878.579740,115.4,3.31,13.5,47.97,10.9,4.0,1,8294,-1.0,316.5,-9.0
4.0,8878.589743,111.18,3.33,17.43,48.08,13.44,8.25,1,8169,3.4,345.1,-9.2
4.0,8878.599740,107.23,3.39,21.59,48.23,15.14,11.75,1,8047,-2.9,387.1,-10.7
4.0,8878.609741,104.5,3.42,26.21,48.37,15.89,14.25,1,7921,3.3,420.2,-11.6
4.0,8878.619740,102.83,3.57,30.13,48.53,15.64,15.75,1,7793,1.2,359.6,-10.2
4.0,8878.629740,102.39,3.57,32.14,48.6,14.4,16.25,1,7665,-1.7,261.1,-7.2
4.0,8878.639743,102.57,3.57,32.54,48.62,12.27,16.5,1,7540,2.2,139.1,-3.5
4.0,8878.649740,102.92,3.57,31.54,48.57,9.36,15.75,1,7440,-1.2,21.2,-1.0
4.0,8878.659740,104.24,3.53,30.32,48.53,5.86,14.25,1,8298,1.8,-4.1,1.1
4.0,8878.669739,106.26,3.55,29.49,48.5,2.0,12.0,1,8170,0.0,-58.0,1.1
4.0,8878.679740,108.9,3.5,27.46,48.41,-2.0,9.25,1,8055,0.7,-148.9,5.1
4.0,8878.689740,112.15,3.43,24.34,48.31,-5.86,6.25,1,7916,-3.1,-221.0,6.2
4.0,8878.699740,115.75,3.36,20.96,48.2,-9.36,2.75,1,7797,1.7,-266.0,8.4
4.0,8878.709740,119.71,3.38,17.26,48.08,-12.27,-1.25,1,7671,0.3,-325.6,9.2
4.0,8878.719740,123.84,3.32,12.99,47.95,-14.4,-5.5,1,7533,-1.3,-367.3,11.7
4.0,8878.729740,127.79,3.27,8.66,47.84,-15.64,-9.25,1,7436,-0.8,-391.5,11.8
4.0,8878.739740,130.34,3.26,4.17,47.71,-15.89,-11.75,1,8303,-0.6,-424.7,12.6
4.0,8878.749740,131.66,3.25,0.3,47.59,-15.14,-12.75,1,8175,0.1,-354.3,9.8
4.0,8878.759740,131.66,3.25,-1.23,47.55,-13.44,-13.0,1,8060,-1.3,-222.7,7.3
4.0,8878.769740,131.48,3.23,-0.88,47.58,-10.9,-12.25,1,7920,-0.2,-97.1,4.1
4.0,8878.779740,130.52,3.24,0.36,47.62,-7.67,-11.0,1,7801,-0.4,-1.9,0.5
4.0,8878.789740,128.5,3.21,1.56,47.66,-3.96,-9.0,1,7674,-2.5,25.6,0.4
4.0,8878.799743,125.77,3.18,3.13,47.71,-0.0,-6.25,1,7541,-1.6,128.7,-3.4
4.0,8878.809740,122.78,3.2,6.27,47.79,3.96,-3.25,1,7440,0.7,211.5,-5.5
4.0,8878.819740,119.18,3.27,9.81,47.89,7.67,0.25,1,8298,3.4,270.9,-7.5
4.0,8878.829740,115.4,3.31,13.57,48.0,10.9,4.25,1,8180,-0.8,316.6,-9.1
4.0,8878.839740,111.18,3.34,17.48,48.11,13.44,8.25,1,8061,3.6,345.4,-9.3
4.0,8878.849740,107.31,3.4,21.64,48.26,15.14,12.0,1,7925,-2.5,387.1,-10.7
4.0,8878.859740,104.41,3.42,26.25,48.4,15.89,14.25,1,7809,1.5,419.2,-11.5
4.0,8878.869740,102.74,3.55,30.14,48.55,15.64,15.75,1,7679,2.7,357.1,-10.3
4.0,8878.879742,102.57,3.59,32.12,48.63,14.4,16.25,1,7546,-1.5,260.4,-7.1
4.0,8878.889743,102.57,3.57,32.49,48.64,12.27,16.25,1,7444,1.4,133.6,-3.6
4.0,8878.899740,102.74,3.57,31.35,48.59,9.36,15.75,1,8306,-0.5,12.1,-0.4
4.0,8878.909740,104.33,3.53,30.11,48.55,5.86,14.25,1,8176,1.0,-2.6,0.8
4.0,8878.919740,106.52,3.54,29.46,48.52,2.0,12.0,1,8065,0.6,-49.8,1.0
4.0,8878.929740,109.16,3.51,27.47,48.44,-2.0,9.25,1,7930,0.5,-151.7,5.2
4.0,8878.939740,112.24,3.43,24.22,48.34,-5.86,6.25,1,7802,-2.8,-223.6,6.0
4.0,8878.949740,116.02,3.36,20.81,48.22,-9.36,2.5,1,7683,1.1,-269.1,8.8
4.0,8878.959740,119.97,3.37,17.09,48.11,-12.27,-1.5,1,7548,0.7,-326.8,9.1
4.0,8878.969743,124.19,3.31,12.82,47.97,-14.4,-5.75,1,7450,-2.1,-369.0,12.0
4.0,8878.979740,127.97,3.26,8.47,47.87,-15.64,-9.5,1,8308,-0.3,-393.6,11.6
4.0,8878.989740,130.61,3.26,3.94,47.73,-15.89,-11.75,1,8180,-0.7,-427.9,12.7
4.0,8878.999740,131.84,3.25,0.08,47.61,-15.14,-13.25,1,8070,0.0,-351.9,9.7
4.0,8879.009740,131.84,3.25,-1.42,47.57,-13.44,-13.25,1,7934,-0.9,-226.3,7.3
4.0,8879.019740,131.75,3.24,-1.14,47.6,-10.9,-13.0,1,7810,-0.2,-97.1,4.0
4.0,8879.029740,131.31,3.24,0.12,47.64,-7.67,-12.25,1,7679,-0.3,-3.6,0.8
5.0,8881.049743,130.43,3.27,0.28,47.83,-3.93,-11.25,1,7532,-1.3,-183.0,6.1
5.0,8881.059740,129.73,3.23,0.9,47.87,-0.0,-10.25,1,8394,-1.5,-62.9,2.6
5.0,8881.069740,127.62,3.22,2.2,47.91,3.93,-8.25,1,8263,-1.2,9.9,0.2
5.0,8881.079740,125.07,3.17,3.85,47.97,7.48,-5.75,1,8144,-4.9,91.8,-0.4
5.0,8881.089740,121.99,3.19,6.76,48.07,10.3,-2.5,1,8008,4.3,208.9,-5.7
5.0,8881.099740,118.48,3.29,10.55,48.16,12.11,1.0,1,7881,-0.7,262.1,-7.1
5.0,8881.109740,114.43,3.29,14.29,48.27,12.73,4.75,1,7763,3.0,320.5,-8.9
5.0,8881.119740,110.57,3.38,18.45,48.4,12.11,8.5,1,7626,1.7,357.8,-10.3
5.0,8881.129743,107.75,3.4,22.74,48.53,10.3,10.75,1,7536,-1.1,391.8,-11.2
5.0,8881.139740,106.96,3.46,26.71,48.67,7.48,11.5,1,8395,3.0,362.8,-9.4
5.0,8881.149740,106.88,3.52,28.8,48.75,3.93,11.5,1,8268,-1.8,238.4,-7.8
5.0,8881.159740,107.84,3.49,28.23,48.72,0.0,10.75,1,8149,3.2,67.3,-0.6
5.0,8881.169740,109.25,3.52,26.44,48.67,-3.93,9.0,1,8013,0.5,-8.0,-0.2
5.0,8881.179740,111.71,3.46,24.73,48.59,-7.48,6.75,1,7886,0.2,-96.0,3.1
5.0,8881.189740,114.52,3.42,22.1,48.51,-10.3,3.75,1,7758,-1.2,-174.6,5.0
5.0,8881.199741,117.86,3.36,18.92,48.4,-12.11,0.5,1,7632,-0.6,-239.9,7.3
5.0,8881.209743,121.55,3.34,15.31,48.3,-12.73,-3.25,1,7533,1.1,-296.0,9.2
5.0,8881.219740,124.98,3.32,11.4,48.18,-12.11,-6.5,1,8391,-1.2,-334.9,10.0
5.0,8881.229740,127.0,3.27,7.26,48.07,-10.3,-8.5,1,8272,-1.0,-374.6,11.8
5.0,8881.239740,127.88,3.25,3.8,47.97,-7.48,-9.25,1,8154,-2.0,-306.8,8.1
5.0,8881.249740,127.71,3.24,2.76,47.93,-3.93,-9.0,1,8017,1.3,-171.6,5.5
5.0,8881.259740,127.35,3.28,3.48,47.96,0.0,-8.0,1,7890,-0.3,-63.3,2.4
5.0,8881.269740,125.42,3.25,4.69,48.0,3.93,-6.25,1,7763,-1.4,12.8,0.4
5.0,8881.279740,122.87,3.2,6.14,48.05,7.48,-3.75,1,7636,-4.7,68.5,-0.8
5.0,8881.289743,119.97,3.2,8.68,48.13,10.3,-0.5,1,7537,2.5,198.1,-5.0
5.0,8881.299740,116.46,3.3,12.52,48.24,12.11,2.75,1,8395,1.2,255.3,-7.0
5.0,8881.309740,112.5,3.33,16.11,48.34,12.73,6.75,1,8277,1.9,301.3,-8.0
5.0,8881.319740,109.07,3.36,20.1,48.47,12.11,10.0,1,8158,-1.9,352.9,-9.8
5.0,8881.329740,106.52,3.42,24.43,48.61,10.3,12.25,1,8022,4.0,382.0,-10.6
5.0,8881.339740,105.38,3.55,28.09,48.75,7.48,13.0,1,7897,1.1,336.4,-9.2
5.0,8881.349740,105.64,3.54,29.97,48.81,3.93,12.75,1,7767,-1.2,234.0,-7.0
5.0,8881.359740,106.79,3.5,29.66,48.79,0.0,11.75,1,7640,-0.3,70.9,-1.5
5.0,8881.369741,108.37,3.5,27.68,48.72,-3.93,10.0,1,7539,2.2,-35.1,0.6
5.0,8881.379740,110.83,3.49,25.49,48.64,-7.48,7.5,1,8400,0.5,-112.4,3.7
5.0,8881.389740,113.99,3.43,22.83,48.55,-10.3,4.5,1,8273,-0.3,-189.1,5.7
5.0,8881.399740,117.33,3.37,19.53,48.44,-12.11,1.25,1,8157,-1.1,-253.1,7.5
5.0,8881.409740,121.11,3.34,15.85,48.34,-12.73,-2.75,1,8027,0.4,-304.1,9.9
5.0,8881.419740,124.63,3.31,11.88,48.22,-12.11,-6.0,1,7899,-1.6,-346.4,9.8
5.0,8881.429740,126.65,3.26,7.71,48.1,-10.3,-8.25,1,7771,-0.4,-374.9,12.0
5.0,8881.439740,127.44,3.25,4.18,48.0,-7.48,-9.0,1,7636,-1.7,-324.0,8.4
5.0,8881.449740,127.53,3.24,2.91,47.95,-3.93,-8.75,1,7543,1.0,-178.1,6.0
5.0,8881.459740,127.27,3.28,3.72,47.99,-0.0,-7.75,1,8405,0.3,-65.6,2.1
5.0,8881.469740,125.16,3.26,4.97,48.02,3.93,-5.75,1,8277,-1.4,12.8,0.2
5.0,8881.479740,122.87,3.2,6.31,48.08,7.48,-3.5,1,8158,-4.5,56.1,-0.3
5.0,8881.489740,119.88,3.2,8.78,48.16,10.3,-0.5,1,8022,2.1,203.6,-5.0
5.0,8881.499740,116.46,3.3,12.77,48.27,12.11,3.0,1,7904,1.2,251.6,-7.1
5.0,8881.509740,112.5,3.33,16.24,48.37,12.73,6.75,1,7776,1.1,298.7,-7.9
5.0,8881.519740,108.9,3.36,20.2,48.5,12.11,10.25,1,7640,-0.9,348.4,-9.6
5.0,8881.529740,106.26,3.42,24.54,48.64,10.3,12.25,1,7547,3.5,385.0,-10.9
5.0,8881.539740,105.38,3.54,28.27,48.78,7.48,13.25,1,8409,0.5,336.6,-9.1
5.0,8881.549740,105.56,3.53,30.09,48.84,3.93,12.75,1,8282,-0.9,230.4,-6.9
5.0,8881.559740,106.52,3.5,29.72,48.82,-0.0,11.75,1,8166,-0.1,68.3,-1.4
5.0,8881.569740,108.28,3.51,27.77,48.75,-3.93,10.0,1,8026,2.8,-32.6,0.7
5.0,8881.579740,110.65,3.49,25.62,48.66,-7.48,7.75,1,7902,-0.2,-114.1,3.5
5.0,8881.589740,113.73,3.43,22.94,48.58,-10.3,4.75,1,7781,0.0,-186.2,5.8
5.0,8881.599740,117.16,3.38,19.72,48.47,-12.11,1.25,1,7645,-0.7,-250.4,7.2
5.0,8881.609740,121.03,3.34,16.0,48.36,-12.73,-2.75,1,7553,-0.1,-307.7,10.1
5.0,8881.619740,124.54,3.3,11.95,48.25,-12.11,-6.0,1,8414,-1.8,-347.7,9.8
5.0,8881.629740,126.65,3.26,7.78,48.13,-10.3,-8.0,1,8286,-0.7,-377.4,12.4
5.0,8881.639740,127.62,3.26,4.23,48.02,-7.48,-8.75,1,8171,-0.1,-325.5,7.8
5.0,8881.649740,127.44,3.26,2.96,47.97,-3.93,-8.75,1,8031,0.2,-178.6,6.4
5.0,8881.659740,127.0,3.27,3.74,48.02,-0.0,-7.75,1,7904,0.2,-69.1,2.2
5.0,8881.669740,125.16,3.26,4.95,48.04,3.93,-6.0,1,7779,-1.3,11.8,0.2
5.0,8881.679740,122.78,3.2,6.25,48.1,7.48,-3.5,1,7606,-4.7,49.1,-0.1
5.0,8881.689740,119.97,3.2,8.72,48.18,10.3,-0.5,1,7548,2.4,209.7,-5.2
5.0,8881.699740,116.54,3.3,12.76,48.29,12.11,2.75,1,8419,0.9,242.7,-6.7
5.0,8881.709740,112.41,3.32,16.08,48.39,12.73,6.75,1,8291,1.3,299.5,-7.9
5.0,8881.719740,108.9,3.36,20.15,48.52,12.11,10.25,1,8172,-0.9,350.2,-9.8
5.0,8881.729740,106.35,3.42,24.49,48.66,10.3,12.25,1,8036,3.5,383.2,-10.8
5.0,8881.739743,105.47,3.54,28.21,48.8,7.48,12.75,1,7911,0.6,338.7,-9.1
5.0,8881.749740,105.64,3.53,30.06,48.86,3.93,12.75,1,7784,-0.9,229.6,-6.9
5.0,8881.759740,106.7,3.5,29.61,48.84,-0.0,11.75,1,7653,-0.2,63.9,-1.1
5.0,8881.769740,108.37,3.5,27.57,48.77,-3.93,9.75,1,7552,2.5,-37.6,0.6
5.0,8881.779740,110.92,3.49,25.42,48.68,-7.48,7.5,1,8414,0.5,-114.4,3.8
5.0,8881.789740,113.99,3.43,22.76,48.6,-10.3,4.5,1,8295,-0.6,-189.3,5.9
5.0,8881.799743,117.51,3.37,19.44,48.48,-12.11,1.0,1,8171,-1.0,-257.1,7.1
5.0,8881.809740,121.29,3.34,15.72,48.37,-12.73,-2.75,1,8044,0.3,-303.7,10.3
5.0,8881.819743,124.8,3.31,11.78,48.27,-12.11,-6.25,1,7916,-1.9,-347.6,9.6
5.0,8881.829740,126.83,3.26,7.56,48.14,-10.3,-8.25,1,7787,0.3,-377.9,12.1
5.0,8881.839740,127.53,3.25,4.01,48.04,-7.48,-9.25,1,7658,-2.5,-324.9,8.9
5.0,8881.849740,127.62,3.24,2.77,48.0,-3.93,-9.0,1,7556,1.8,-177.1,5.8
5.0,8881.859740,127.35,3.28,3.58,48.03,-0.0,-7.75,1,8418,-0.2,-67.0,2.1
5.0,8881.869740,125.33,3.25,4.8,48.06,3.93,-6.25,1,8291,-1.0,11.6,0.4
5.0,8881.879743,123.05,3.2,6.11,48.12,7.48,-3.75,1,8175,-4.8,53.0,-0.4
5.0,8881.889740,120.06,3.19,8.59,48.19,10.3,-0.75,1,8047,2.1,206.1,-5.2
5.0,8881.899743,116.63,3.3,12.57,48.31,12.11,2.75,1,7920,1.3,245.1,-6.7
5.0,8881.909740,112.68,3.33,15.92,48.41,12.73,6.5,1,7793,1.0,296.3,-7.7
5.0,8881.919740,109.07,3.35,19.87,48.53,12.11,9.75,1,7654,-0.8,343.2,-9.7
5.0,8881.929740,106.44,3.42,24.2,48.66,10.3,11.75,1,7561,3.4,386.5,-11.0
5.0,8881.939740,105.73,3.54,28.11,48.81,7.48,12.75,1,8423,1.2,348.2,-9.3
5.0,8881.949740,105.82,3.54,29.93,48.88,3.93,12.5,1,8295,-0.3,219.5,-6.8
5.0,8881.959743,107.05,3.5,29.19,48.84,0.0,11.5,1,8180,-0.9,55.1,-0.8
5.0,8881.969740,108.72,3.48,27.28,48.78,-3.93,9.75,1,8040,1.6,-26.8,0.6
5.0,8881.979740,111.18,3.49,25.31,48.7,-7.48,7.25,1,7913,1.7,-115.1,3.6
5.0,8881.989740,114.17,3.44,22.56,48.61,-10.3,4.25,1,7795,-1.5,-186.4,5.5
5.0,8881.999740,117.77,3.35,19.29,48.5,-12.11,0.75,1,7659,-1.5,-256.3,7.7
5.0,8882.009740,121.46,3.34,15.59,48.39,-12.73,-3.0,1,7567,1.5,-299.7,9.3
5.0,8882.019740,124.89,3.32,11.7,48.28,-12.11,-6.25,1,8431,-1.7,-346.3,10.0
5.0,8882.029740,126.91,3.26,7.45,48.16,-10.3,-8.25,1,8300,-0.4,-378.3,12.2
5.0,8882.039743,127.62,3.24,3.9,48.06,-7.48,-9.25,1,8184,-3.2,-322.9,8.9
5.0,8882.049740,127.71,3.23,2.72,48.02,-3.93,-9.0,1,8047,2.4,-174.2,5.4
5.0,8882.059740,127.35,3.29,3.52,48.05,0.0,-8.0,1,7918,0.1,-68.3,2.2
5.0,8882.069740,125.33,3.26,4.69,48.08,3.93,-6.25,1,7799,-1.1,11.4,0.3
5.0,8882.079740,123.05,3.2,6.05,48.13,7.48,-3.75,1,7665,-5.3,56.0,-0.3
5.0,8882.089740,120.15,3.19,8.59,48.21,10.3,-0.75,1,7570,2.4,209.2,-5.3
5.0,8882.099743,116.63,3.3,12.61,48.33,12.11,2.75,1,8435,1.6,249.2,-6.9
5.0,8882.109740,112.85,3.33,15.96,48.43,12.73,6.5,1,8305,1.4,294.8,-7.7
5.0,8882.119741,109.16,3.35,19.86,48.55,12.11,9.75,1,8188,-1.4,344.5,-9.9
5.0,8882.129740,106.52,3.41,24.19,48.68,10.3,11.75,1,8050,3.7,383.6,-10.8
5.0,8882.139740,105.64,3.54,28.06,48.84,7.48,12.75,1,7923,0.6,347.4,-8.9
5.0,8882.149740,105.91,3.53,29.95,48.9,3.93,12.5,1,7795,-0.3,225.9,-7.3
5.0,8882.159740,106.88,3.51,29.39,48.87,0.0,11.5,1,7667,-0.3,65.5,-0.8
5.0,8882.169740,108.63,3.49,27.41,48.81,-3.93,9.75,1,7569,2.0,-38.4,0.3
5.0,8882.179742,111.18,3.49,25.2,48.71,-7.48,7.25,1,8440,1.3,-116.9,4.0
5.0,8882.189740,114.17,3.44,22.54,48.63,-10.3,4.25,1,8309,-1.0,-187.3,5.5
5.0,8882.199740,117.77,3.36,19.24,48.52,-12.11,0.75,1,8192,-1.3,-259.9,7.8
5.0,8882.209740,121.46,3.34,15.5,48.41,-12.73,-3.0,1,8055,0.9,-301.9,9.3
5.0,8882.219740,124.89,3.32,11.59,48.29,-12.11,-6.5,1,7927,-1.2,-348.8,10.1
5.0,8882.229740,127.0,3.27,7.32,48.17,-10.3,-8.5,1,7800,-0.5,-380.0,11.8
5.0,8882.239740,127.88,3.24,3.74,48.07,-7.48,-9.25,1,7666,-3.2,-326.5,9.1
5.0,8882.249740,127.79,3.23,2.54,48.03,-3.93,-9.25,1,7571,2.3,-173.9,5.4
5.0,8882.259740,127.44,3.29,3.36,48.06,-0.0,-8.25,1,8433,-0.0,-70.8,2.6
5.0,8882.269740,125.68,3.25,4.51,48.1,3.93,-6.25,1,8314,-1.2,11.4,0.3
5.0,8882.279740,123.05,3.2,5.95,48.15,7.48,-3.75,1,8195,-5.0,62.3,-0.5
5.0,8882.289740,120.15,3.2,8.45,48.23,10.3,-0.75,1,8059,3.0,199.0,-5.1
5.0,8882.299740,116.63,3.3,12.37,48.34,12.11,2.75,1,7931,-0.2,255.9,-6.9
5.0,8882.309740,112.76,3.32,15.99,48.45,12.73,6.5,1,7805,2.7,305.1,-8.0
5.0,8882.319740,108.98,3.37,19.98,48.58,12.11,9.75,1,7668,-1.5,349.6,-10.0
5.0,8882.329740,106.44,3.41,24.31,48.71,10.3,12.0,1,7578,2.8,388.3,-10.7
5.0,8882.339742,105.47,3.53,28.16,48.86,7.48,12.75,1,8439,1.8,346.4,-9.2
5.0,8882.349740,105.64,3.55,30.04,48.93,3.93,12.75,1,8313,-0.8,229.8,-7.2
5.0,8882.359740,106.7,3.5,29.54,48.9,0.0,11.5,1,8199,-0.5,67.0,-1.1
5.0,8882.369740,108.63,3.49,27.53,48.83,-3.93,9.75,1,8055,2.0,-39.0,0.6
5.0,8882.379740,111.09,3.49,25.31,48.74,-7.48,7.25,1,7936,1.1,-115.6,3.7
5.0,8882.389740,113.99,3.44,22.64,48.65,-10.3,4.25,1,7808,-0.7,-190.0,5.6
5.0,8882.399740,117.6,3.37,19.34,48.55,-12.11,0.75,1,7672,-1.4,-256.7,7.8
5.0,8882.409740,121.38,3.33,15.66,48.44,-12.73,-3.0,1,7580,0.4,-301.3,9.5
5.0,8882.419740,124.89,3.29,11.74,48.34,-12.11,-6.25,1,8441,-3.2,-346.8,11.1
5.0,8882.429740,127.0,3.25,7.51,48.22,-10.3,-8.25,1,8314,1.6,-378.2,10.6
5.0,8882.439740,127.71,3.26,3.92,48.09,-7.48,-9.25,1,8195,-2.3,-327.0,8.8
5.0,8882.449740,127.79,3.24,2.69,48.06,-3.93,-9.25,1,8059,1.5,-175.2,5.7
5.0,8882.459740,127.44,3.28,3.48,48.09,-0.0,-8.0,1,7932,0.3,-72.3,2.6
5.0,8882.469740,125.33,3.26,4.62,48.12,3.93,-6.25,1,7813,-1.2,10.7,0.1
5.0,8882.479740,123.13,3.2,5.96,48.17,7.48,-3.75,1,7677,-5.2,51.6,0.3
5.0,8882.489740,120.15,3.2,8.53,48.26,10.3,-0.75,1,7584,3.1,216.2,-5.8
5.0,8882.499740,116.81,3.3,12.51,48.36,12.11,2.75,1,8446,0.3,233.1,-6.5
5.0,8882.509740,113.38,3.31,15.68,48.46,12.73,6.0,1,8318,1.7,299.7,-7.6
5.0,8882.519740,110.21,3.35,19.79,48.6,12.11,8.75,1,8200,-1.7,344.6,-9.8
5.0,8882.529740,108.28,3.4,23.6,48.71,10.3,10.25,1,8064,4.3,336.1,-9.4
5.0,8882.539740,108.02,3.51,26.5,48.82,7.48,10.75,1,7936,0.4,299.3,-7.8
5.0,8882.549740,108.19,3.47,27.47,48.85,3.93,11.0,1,7809,-1.8,133.7,-4.2
5.0,8882.559740,108.11,3.43,26.06,48.79,0.0,10.25,1,7682,1.0,24.2,-0.2
5.0,8882.569740,109.6,3.45,24.94,48.77,-3.93,8.75,1,7589,0.5,-2.6,0.8
5.0,8882.579740,111.8,3.45,24.41,48.75,-7.48,6.5,1,8451,1.5,-26.6,0.7
5.0,8882.589740,114.61,3.44,22.57,48.68,-10.3,3.75,1,8323,0.4,-159.7,5.1
5.0,8882.599740,117.86,3.38,18.99,48.56,-12.11,0.5,1,8204,-0.7,-225.5,5.7
5.0,8882.609740,121.38,3.34,15.49,48.45,-12.73,-3.0,1,8071,0.6,-283.6,9.4
5.0,8882.619740,124.72,3.32,11.66,48.35,-12.11,-6.25,1,7941,-1.3,-324.6,9.4
5.0,8882.629740,126.65,3.27,7.61,48.23,-10.3,-8.25,1,7813,-0.8,-364.0,11.8
5.0,8882.639740,127.44,3.25,4.18,48.13,-7.48,-8.75,1,7678,-1.8,-304.2,7.6
5.0,8882.649740,127.35,3.24,3.12,48.09,-3.93,-8.5,1,7585,1.0,-165.9,5.7
5.0,8882.659740,126.74,3.28,4.0,48.13,0.0,-7.25,1,8447,0.1,-49.7,1.7
5.0,8882.669740,124.72,3.25,5.35,48.17,3.93,-5.5,1,8328,-1.9,17.9,0.2
5.0,8882.679740,122.43,3.21,6.83,48.22,7.48,-3.0,1,8209,-3.0,80.3,-1.0
5.0,8882.689740,119.36,3.22,9.46,48.31,10.3,-0.0,1,8073,0.9,201.1,-4.7
5.0,8882.699740,115.93,3.28,13.15,48.42,12.11,3.5,1,7946,0.4,248.2,-6.7
5.0,8882.709740,112.24,3.33,16.72,48.52,12.73,7.0,1,7820,2.6,310.0,-8.6
5.0,8882.719740,109.34,3.39,20.84,48.65,12.11,9.75,1,7682,-0.5,350.0,-9.5
5.0,8882.729740,107.4,3.43,24.69,48.78,10.3,11.0,1,7589,2.6,345.3,-9.6
5.0,8882.739740,106.96,3.5,27.41,48.88,7.48,11.25,1,8451,-0.3,276.5,-7.8
5.0,8882.749740,107.49,3.5,28.35,48.9,3.93,10.75,1,8327,1.0,162.8,-4.7
5.0,8882.759740,108.72,3.5,27.41,48.87,0.0,9.75,1,8213,0.7,19.5,-0.2
5.0,8882.769740,110.57,3.48,25.31,48.79,-3.93,7.75,1,8077,1.7,-65.9,1.7
5.0,8882.779740,113.29,3.45,23.09,48.71,-7.48,5.0,1,7950,-0.6,-137.1,4.1
5.0,8882.789740,116.28,3.38,20.3,48.62,-10.3,2.0,1,7823,-1.1,-208.2,6.4
5.0,8882.799740,120.06,3.35,16.91,48.52,-12.11,-1.5,1,7689,0.2,-268.0,8.5
5.0,8882.809740,123.75,3.32,13.18,48.41,-12.73,-5.25,1,7595,-1.5,-312.6,9.1
5.0,8882.819740,127.27,3.27,9.2,48.3,-12.11,-8.75,1,8455,-0.8,-353.9,11.4
5.0,8882.829743,129.46,3.27,4.95,48.18,-10.3,-10.75,1,8331,0.4,-384.1,10.7
5.0,8882.839740,130.34,3.27,1.55,48.06,-7.48,-11.75,1,8218,0.3,-310.2,8.6
5.0,8882.849740,130.25,3.26,0.36,48.04,-3.93,-11.25,1,8076,-1.5,-192.8,6.3
5.0,8882.859740,129.64,3.23,0.86,48.07,-0.0,-10.25,1,7954,-1.1,-67.0,2.9
5.0,8882.869740,127.71,3.22,2.21,48.11,3.93,-8.25,1,7830,-1.6,9.4,0.1
5.0,8882.879740,125.24,3.17,3.82,48.17,7.48,-5.75,1,7691,-5.0,84.2,-0.1
5.0,8882.889740,121.99,3.19,6.63,48.26,10.3,-2.75,1,7601,4.8,206.5,-5.7
5.0,8882.899740,118.65,3.3,10.43,48.35,12.11,0.75,1,8460,-0.1,257.7,-7.2
5.0,8882.909740,114.7,3.29,14.08,48.46,12.73,4.75,1,8336,2.0,313.4,-8.6
5.0,8882.919740,110.92,3.37,18.17,48.59,12.11,8.25,1,8214,2.1,353.4,-10.0
5.0,8882.929740,108.11,3.4,22.45,48.72,10.3,10.25,1,8078,-1.5,388.4,-11.0
5.0,8882.939740,107.23,3.45,26.42,48.87,7.48,11.75,1,7951,2.6,361.9,-8.7
5.0,8882.949743,106.96,3.52,28.56,48.95,3.93,12.25,1,7834,-1.5,240.8,-8.2
5.0,8882.959740,106.88,3.46,28.1,48.9,0.0,11.75,1,7695,1.2,74.5,-1.6
5.0,8882.969740,107.75,3.49,26.6,48.87,-3.93,10.75,1,7603,1.6,16.3,0.2
5.0,8882.979740,109.78,3.49,26.02,48.85,-7.48,8.75,1,8465,-0.3,0.4,0.0
5.0,8882.989743,112.32,3.46,24.79,48.8,-10.3,6.0,1,8340,1.3,-107.4,3.1
5.0,8882.999740,115.58,3.41,21.64,48.69,-12.11,2.75,1,8218,-2.6,-207.2,6.2
5.0,8883.009743,119.0,3.34,17.92,48.58,-12.73,-0.5,1,8086,1.3,-271.6,8.0
5.0,8883.019740,122.52,3.34,14.11,48.46,-12.11,-4.25,1,7958,-0.5,-317.5,9.9
5.0,8883.029743,125.33,3.3,10.12,48.34,-10.3,-6.75,1,7830,0.1,-352.6,9.8
5.0,8883.039740,126.74,3.28,6.41,48.23,-7.48,-8.25,1,7700,-0.8,-335.9,10.4
5.0,8883.049740,126.91,3.23,4.11,48.18,-3.93,-8.25,1,7598,-3.9,-247.4,7.8
5.0,8883.059740,126.74,3.22,3.84,48.18,-0.0,-7.5,1,8469,2.4,-115.4,3.6
5.0,8883.069742,125.07,3.28,5.06,48.21,3.93,-5.75,1,8344,-0.2,-9.3,1.0
5.0,8883.079740,122.87,3.23,6.41,48.26,7.48,-3.5,1,8223,-3.6,28.1,0.1
5.0,8883.089743,120.06,3.19,8.51,48.32,10.3,-0.75,1,8090,-0.7,172.6,-4.1
5.0,8883.099740,116.72,3.27,12.37,48.43,12.11,2.75,1,7960,2.7,242.2,-6.7
5.0,8883.109740,113.03,3.33,15.9,48.54,12.73,6.25,1,7836,0.3,283.3,-7.7
5.0,8883.119740,109.34,3.34,19.68,48.66,12.11,9.75,1,7696,-0.3,336.8,-9.2
5.0,8883.129740,106.88,3.41,24.0,48.8,10.3,11.75,1,7606,1.8,377.8,-10.5
5.0,8883.139740,106.0,3.49,27.74,48.94,7.48,12.5,1,8465,0.5,334.1,-8.6
5.0,8883.149740,106.26,3.53,29.53,49.0,3.93,12.25,1,8347,1.4,222.5,-6.6
5.0,8883.159740,107.23,3.52,29.09,48.98,0.0,11.0,1,8230,-0.2,67.4,-1.6
5.0,8883.169741,109.16,3.48,27.1,48.9,-3.93,9.25,1,8092,1.4,-44.3,0.8
5.0,8883.179740,111.62,3.47,24.78,48.81,-7.48,6.75,1,7963,1.2,-120.6,3.8
5.0,8883.189743,114.61,3.42,22.14,48.73,-10.3,3.75,1,7839,-1.5,-187.6,5.8
5.0,8883.199743,118.12,3.33,18.91,48.64,-12.11,0.25,1,7704,-3.2,-255.7,8.5
5.0,8883.209740,121.9,3.31,15.11,48.53,-12.73,-3.5,1,7609,2.7,-311.5,8.9
5.0,8883.219740,125.42,3.33,11.1,48.4,-12.11,-6.75,1,8471,-0.7,-345.6,10.8
5.0,8883.229740,127.44,3.28,6.9,48.28,-10.3,-9.0,1,8342,0.0,-385.6,10.9
5.0,8883.239740,128.41,3.24,3.33,48.17,-7.48,-9.75,1,8232,-2.9,-317.9,9.2
5.0,8883.249740,128.41,3.23,2.15,48.14,-3.93,-9.75,1,8095,1.5,-185.5,5.6
5.0,8883.259740,127.88,3.27,2.84,48.16,-0.0,-8.5,1,7968,-0.0,-63.6,2.6
5.0,8883.269739,125.86,3.24,4.19,48.22,3.93,-6.5,1,7841,-2.2,13.8,0.6
5.0,8883.279743,123.4,3.18,5.78,48.27,7.48,-4.0,1,7708,-4.4,81.4,-1.1
5.0,8883.289740,120.32,3.19,8.41,48.34,10.3,-0.75,1,7615,2.5,195.3,-5.4
5.0,8883.299740,116.72,3.29,12.16,48.44,12.11,2.5,1,8474,1.0,260.9,-7.4
5.0,8883.309740,112.94,3.31,15.87,48.56,12.73,6.25,1,8348,1.5,305.6,-7.8
5.0,8883.319740,109.16,3.35,19.83,48.69,12.11,9.75,1,8237,-0.9,351.6,-10.0
5.0,8883.329740,106.61,3.39,24.21,48.82,10.3,11.75,1,8092,1.6,391.2,-10.8
5.0,8883.339740,105.64,3.52,28.1,48.97,7.48,12.75,1,7964,3.4,349.7,-8.8
5.0,8883.349740,105.82,3.57,30.03,49.05,3.93,12.5,1,7846,-0.2,234.2,-7.7
5.0,8883.359741,106.88,3.5,29.51,49.0,0.0,11.5,1,7710,-1.1,64.2,-1.1
5.0,8883.369743,108.63,3.48,27.46,48.94,-3.93,9.75,1,7619,2.4,-34.9,0.5
5.0,8883.379740,111.09,3.49,25.32,48.85,-7.48,7.25,1,8480,1.3,-115.3,3.4
5.0,8883.389740,114.08,3.44,22.66,48.77,-10.3,4.25,1,8351,-1.1,-185.7,5.9
5.0,8883.399740,117.42,3.36,19.42,48.67,-12.11,0.75,1,8233,-1.7,-254.2,7.5
5.0,8883.409739,121.29,3.32,15.73,48.56,-12.73,-3.0,1,8096,0.3,-300.1,10.0
5.0,8883.419740,124.89,3.29,11.82,48.45,-12.11,-6.25,1,7969,-2.6,-344.8,10.3
5.0,8883.429740,126.91,3.25,7.59,48.33,-10.3,-8.25,1,7850,0.5,-378.9,11.8
5.0,8883.439743,127.71,3.23,4.03,48.23,-7.48,-9.25,1,7717,-3.4,-321.6,8.6
5.0,8883.449742,127.71,3.22,2.85,48.18,-3.93,-9.0,1,7615,3.0,-175.9,5.3
5.0,8883.459740,127.44,3.29,3.62,48.21,0.0,-7.75,1,8484,0.6,-68.1,2.2
5.0,8883.469740,125.33,3.25,4.82,48.24,3.93,-6.25,1,8355,-1.7,11.5,0.1
5.0,8883.479740,123.05,3.19,6.14,48.3,7.48,-3.75,1,8237,-4.8,52.7,-0.1
5.0,8883.489740,120.15,3.19,8.61,48.37,10.3,-0.75,1,8101,3.0,206.5,-5.7
5.0,8883.499740,116.72,3.3,12.63,48.48,12.11,2.75,1,7973,0.5,247.6,-6.8
5.0,8883.509740,112.85,3.32,15.99,48.58,12.73,6.5,1,7847,2.0,295.5,-7.7
5.0,8883.519740,109.16,3.34,19.9,48.71,12.11,9.75,1,7719,-2.8,342.6,-9.6
5.0,8883.529743,106.7,3.39,24.21,48.84,10.3,11.75,1,7620,4.8,383.5,-10.6
5.0,8883.539740,105.56,3.55,28.07,48.99,7.48,12.75,1,8479,1.6,345.6,-9.2
5.0,8883.549740,105.91,3.53,29.97,49.06,3.93,12.5,1,8360,-1.6,227.8,-6.9
5.0,8883.559740,107.05,3.49,29.48,49.03,-0.0,11.5,1,8241,-0.1,68.8,-1.2
5.0,8883.569740,108.63,3.49,27.5,48.96,-3.93,9.75,1,8105,1.6,-39.3,0.6
5.0,8883.579740,111.27,3.48,25.26,48.87,-7.48,7.25,1,7978,1.8,-115.4,3.9
5.0,8883.589740,114.26,3.44,22.63,48.79,-10.3,4.25,1,7850,-0.8,-187.2,5.3
5.0,8883.599740,117.69,3.36,19.32,48.68,-12.11,0.75,1,7715,-1.5,-259.6,7.8
5.0,8883.609742,121.46,3.33,15.59,48.57,-12.73,-3.0,1,7623,1.0,-300.6,9.4
5.0,8883.619740,125.07,3.31,11.68,48.45,-12.11,-6.5,1,8484,-1.6,-349.3,10.2
5.0,8883.629740,127.09,3.26,7.38,48.34,-10.3,-8.5,1,8365,-0.4,-381.4,12.2
5.0,8883.639740,127.88,3.24,3.85,48.23,-7.48,-9.25,1,8246,-2.1,-321.7,8.3
5.0,8883.649740,127.88,3.24,2.64,48.19,-3.93,-9.25,1,8110,1.5,-180.0,6.0
5.0,8883.659740,127.62,3.27,3.36,48.22,-0.0,-8.25,1,7984,-0.5,-70.3,2.5
5.0,8883.669740,125.68,3.24,4.57,48.26,3.93,-6.25,1,7855,-0.9,11.3,0.7
5.0,8883.679740,123.13,3.2,6.0,48.31,7.48,-3.75,1,7719,-4.9,62.0,-0.9
5.0,8883.689741,120.15,3.19,8.48,48.38,10.3,-0.75,1,8616,2.7,197.3,-5.2
5.0,8883.699740,116.63,3.3,12.37,48.5,12.11,2.75,1,8488,1.1,253.7,-6.9
5.0,8883.709740,113.12,3.33,16.01,48.61,12.73,6.25,1,8361,1.8,307.5,-8.1
5.0,8883.719740,110.13,3.36,20.03,48.74,12.11,8.75,1,8251,-2.0,347.7,-9.8
5.0,8883.729740,108.02,3.4,23.83,48.85,10.3,10.25,1,8114,4.1,339.8,-9.2
5.0,8883.739740,107.58,3.51,26.53,48.96,7.48,11.0,1,7987,-0.2,278.3,-7.6
5.0,8883.749740,107.58,3.47,27.68,48.99,3.93,11.25,1,7859,-0.9,176.8,-5.1
5.0,8883.759740,107.75,3.46,27.0,48.96,0.0,10.75,1,7723,1.0,33.5,-0.9
5.0,8883.769740,109.25,3.46,25.55,48.92,-3.93,9.25,1,8620,0.5,-1.7,0.7
5.0,8883.779740,111.27,3.47,24.86,48.9,-7.48,7.0,1,8492,2.2,-34.2,1.0
5.0,8883.789740,114.17,3.45,23.02,48.82,-10.3,4.25,1,8365,-0.5,-151.3,4.6
5.0,8883.799740,117.42,3.36,19.62,48.71,-12.11,1.25,1,8247,-1.8,-223.3,6.0
5.0,8883.809740,121.03,3.33,16.1,48.6,-12.73,-2.5,1,8120,1.2,-280.4,9.3
5.0,8883.819740,123.93,3.32,12.29,48.5,-12.11,-5.75,1,7995,-1.8,-323.8,9.4
5.0,8883.829740,126.12,3.27,8.31,48.38,-10.3,-7.5,1,7864,-0.0,-354.6,11.1
5.0,8883.839740,126.83,3.26,4.95,48.28,-7.48,-8.25,1,7727,-0.9,-305.5,7.8
5.0,8883.849740,126.74,3.25,3.78,48.23,-3.93,-8.0,1,8615,-0.1,-165.7,5.3
5.0,8883.859740,126.12,3.26,4.6,48.28,-0.0,-6.75,1,8497,-0.1,-58.1,2.9
5.0,8883.869740,124.19,3.25,5.82,48.32,3.93,-4.75,1,8370,-1.9,14.7,0.0
5.0,8883.879740,121.55,3.21,7.5,48.37,7.48,-2.25,1,8251,-2.6,95.4,-1.7
5.0,8883.889740,118.48,3.22,10.34,48.47,10.3,0.75,1,8123,0.4,203.6,-4.7
5.0,8883.899743,114.96,3.3,14.08,48.58,12.11,4.25,1,7991,2.5,265.0,-7.2
5.0,8883.909740,111.18,3.36,17.77,48.68,12.73,7.75,1,7868,1.4,308.2,-8.8
5.0,8883.919740,108.37,3.38,21.71,48.81,12.11,10.75,1,7732,-1.2,350.4,-9.7
5.0,8883.929740,106.26,3.44,25.69,48.94,10.3,12.25,1,8620,3.3,356.2,-9.7
5.0,8883.939740,106.0,3.52,28.49,49.05,7.48,12.5,1,8504,-1.2,273.8,-7.9
5.0,8883.949740,106.7,3.5,29.35,49.07,3.93,11.75,1,8374,1.9,169.2,-4.7
5.0,8883.959740,107.93,3.52,28.45,49.04,-0.0,10.25,1,8255,0.1,14.1,-0.2
5.0,8883.969740,110.13,3.48,26.18,48.95,-3.93,8.25,1,8119,1.3,-72.1,2.0
5.0,8883.979740,112.85,3.46,23.84,48.87,-7.48,5.75,1,7994,0.5,-148.0,4.8
5.0,8883.989740,115.93,3.4,20.92,48.78,-10.3,2.25,1,7864,-1.2,-216.2,6.4
5.0,8883.999740,119.71,3.35,17.48,48.67,-12.11,-1.25,1,7738,0.2,-275.3,8.8
5.0,8884.009740,123.57,3.31,13.62,48.56,-12.73,-5.25,1,8626,-2.9,-326.9,9.9
5.0,8884.019740,127.18,3.25,9.4,48.45,-12.11,-8.75,1,8500,-0.2,-370.2,11.6
5.0,8884.029740,129.29,3.27,5.12,48.32,-10.3,-10.75,1,8378,0.4,-385.4,11.0
5.0,8884.039740,130.25,3.27,1.73,48.21,-7.48,-11.5,1,8259,0.4,-323.4,8.7
5.0,8884.049740,130.25,3.26,0.4,48.17,-3.93,-11.25,1,8124,-0.6,-195.2,6.0
5.0,8884.059743,129.81,3.24,0.97,48.2,0.0,-10.25,1,7999,-1.4,-71.7,2.7
5.0,8884.069740,127.71,3.22,2.3,48.24,3.93,-8.5,1,7869,-1.5,10.2,0.6
5.0,8884.079740,125.33,3.17,3.85,48.3,7.48,-5.75,1,7733,-5.1,72.8,-0.4
5.0,8884.089740,122.26,3.18,6.47,48.38,10.3,-2.75,1,8629,3.9,199.1,-5.2
5.0,8884.099740,118.74,3.29,10.3,48.48,12.11,0.75,1,8502,1.1,256.7,-7.2
5.0,8884.109740,114.96,3.28,13.95,48.59,12.73,4.25,1,8386,-0.6,308.1,-8.4
5.0,8884.119743,111.18,3.34,17.94,48.71,12.11,7.75,1,8268,4.4,346.8,-9.6
5.0,8884.129740,108.63,3.42,22.15,48.85,10.3,10.0,1,8131,-2.1,382.8,-10.6
5.0,8884.139743,107.58,3.43,26.01,48.98,7.48,11.0,1,8003,2.3,350.6,-9.0
5.0,8884.149740,107.49,3.51,28.12,49.07,3.93,10.75,1,7873,-0.5,243.1,-6.9
5.0,8884.159740,108.54,3.47,27.72,49.04,0.0,9.75,1,7740,0.5,67.0,-2.2
5.0,8884.169740,110.21,3.47,25.82,48.97,-3.93,8.25,1,8634,2.2,-13.9,0.8
5.0,8884.179740,112.76,3.47,23.94,48.91,-7.48,5.75,1,8506,0.6,-106.9,3.3
5.0,8884.189740,115.58,3.41,21.22,48.81,-10.3,2.75,1,8379,-0.9,-178.9,4.5
5.0,8884.199743,119.0,3.36,18.05,48.71,-12.11,-0.5,1,8273,0.2,-245.3,8.2
5.0,8884.209740,122.7,3.32,14.37,48.61,-12.73,-4.25,1,8133,-1.9,-301.3,8.7
5.0,8884.219743,126.21,3.28,10.42,48.48,-12.11,-7.5,1,8009,0.7,-339.5,10.5
5.0,8884.229740,128.06,3.28,6.36,48.37,-10.3,-9.5,1,7872,-0.8,-367.2,10.9
5.0,8884.239740,128.94,3.24,2.92,48.27,-7.48,-10.25,1,7742,-2.5,-316.5,9.6
5.0,8884.249740,128.85,3.24,1.67,48.25,-3.93,-10.0,1,8638,1.7,-176.3,5.6
5.0,8884.259740,128.41,3.28,2.46,48.26,-0.0,-8.75,1,8511,-0.0,-60.6,1.5
5.0,8884.269740,126.21,3.24,3.77,48.3,3.93,-7.0,1,8385,-1.8,15.1,0.3
5.0,8884.279743,123.84,3.18,5.31,48.36,7.48,-4.5,1,8268,-4.9,78.5,-0.6
5.0,8884.289740,120.85,3.19,8.02,48.44,10.3,-1.25,1,8137,3.2,207.6,-5.7
5.0,8884.299743,117.25,3.28,11.84,48.55,12.11,2.25,1,8012,-1.4,252.4,-6.5
5.0,8884.309740,113.29,3.3,15.4,48.66,12.73,6.0,1,7876,3.8,311.4,-8.3
5.0,8884.319740,109.51,3.36,19.48,48.79,12.11,9.25,1,7746,-2.4,348.8,-10.0
5.0,8884.329740,106.88,3.39,23.76,48.91,10.3,11.5,1,8634,4.3,390.5,-10.9
5.0,8884.339740,106.17,3.54,27.86,49.08,7.48,12.5,1,8518,1.0,369.3,-9.7
5.0,8884.349740,106.17,3.53,29.88,49.15,3.93,12.25,1,8389,-0.7,223.3,-7.0
5.0,8884.359743,107.23,3.5,29.03,49.1,0.0,11.25,1,8272,0.8,60.9,-0.9
5.0,8884.369740,108.9,3.49,27.15,49.04,-3.93,9.5,1,8134,0.2,-25.8,0.3
5.0,8884.379739,111.27,3.46,25.16,48.96,-7.48,7.0,1,8005,1.6,-112.9,4.1
5.0,8884.389740,114.43,3.44,22.5,48.87,-10.3,4.0,1,7878,-0.6,-178.7,4.5
5.0,8884.399740,117.86,3.36,19.29,48.76,-12.11,0.75,1,7751,-1.0,-255.7,7.9
5.0,8884.409740,121.46,3.34,15.53,48.66,-12.73,-3.25,1,8639,0.9,-298.9,9.5
5.0,8884.419743,124.89,3.31,11.67,48.55,-12.11,-6.5,1,8524,-2.8,-342.8,10.6
5.0,8884.429740,127.09,3.26,7.42,48.43,-10.3,-8.5,1,8392,0.7,-381.2,11.6
5.0,8884.439740,127.97,3.26,3.88,48.32,-7.48,-9.25,1,8275,-2.2,-315.7,8.1
5.0,8884.449740,127.88,3.24,2.74,48.28,-3.93,-9.25,1,8137,1.6,-179.0,6.0
5.0,8884.459743,127.44,3.28,3.43,48.31,0.0,-8.25,1,8013,-0.4,-67.5,2.5
5.0,8884.469740,125.6,3.24,4.68,48.36,3.93,-6.25,1,7874,-1.4,12.8,0.7
5.0,8884.479740,123.05,3.19,6.09,48.41,7.48,-3.75,1,7755,-5.0,61.1,-0.8
5.0,8884.489740,120.06,3.19,8.56,48.48,10.3,-0.75,1,8643,2.9,198.3,-5.2
5.0,8884.499741,116.54,3.3,12.47,48.59,12.11,2.75,1,8517,1.0,254.6,-7.0
5.0,8884.509740,112.76,3.33,16.08,48.7,12.73,6.75,1,8398,2.2,304.5,-8.1
5.0,8884.519740,109.07,3.35,20.11,48.83,12.11,10.0,1,8278,-3.8,352.6,-9.6
5.0,8884.529740,106.44,3.38,24.44,48.96,10.3,12.25,1,8142,4.3,384.8,-10.7
5.0,8884.539739,105.47,3.55,28.17,49.11,7.48,12.75,1,8013,2.7,341.6,-9.1
5.0,8884.549740,105.64,3.55,30.13,49.18,3.93,12.75,1,7879,-1.9,238.8,-7.6
5.0,8884.559740,106.7,3.5,29.79,49.15,-0.0,11.75,1,7755,0.5,69.3,-1.1
5.0,8884.569740,108.54,3.5,27.74,49.08,-3.93,9.75,1,8648,1.2,-36.1,0.5
5.0,8884.579740,110.92,3.48,25.58,48.99,-7.48,7.5,1,8521,1.1,-110.5,3.6
5.0,8884.589740,114.08,3.44,22.91,48.91,-10.3,4.25,1,8401,-0.0,-192.2,5.5
5.0,8884.599740,117.42,3.38,19.55,48.8,-12.11,0.75,1,8283,-1.3,-254.1,8.1
5.0,8884.609740,121.38,3.34,15.87,48.7,-12.73,-3.0,1,8148,0.4,-306.5,9.4
5.0,8884.619740,124.89,3.29,11.84,48.59,-12.11,-6.25,1,8020,-4.1,-350.2,11.7
5.0,8884.629740,126.91,3.24,7.62,48.47,-10.3,-8.25,1,7883,2.0,-379.0,10.2
5.0,8884.639743,127.88,3.27,4.01,48.33,-7.48,-9.25,1,7759,-2.0,-331.9,8.4
5.0,8884.649740,127.71,3.23,2.72,48.29,-3.93,-9.25,1,8655,1.1,-176.6,5.9
5.0,8884.659741,127.35,3.28,3.53,48.34,-0.0,-8.25,1,8527,0.7,-73.8,2.9
5.0,8884.669740,125.33,3.26,4.67,48.38,3.93,-6.25,1,8400,-1.2,10.8,0.2
5.0,8884.679740,122.96,3.2,6.05,48.42,7.48,-3.75,1,8287,-5.2,53.2,-0.2
5.0,8884.689740,120.15,3.2,8.56,48.5,10.3,-0.75,1,8151,3.0,209.5,-5.5
5.0,8884.699740,116.54,3.3,12.67,48.62,12.11,2.75,1,8023,0.5,254.4,-7.0
5.0,8884.709740,112.85,3.33,16.04,48.72,12.73,6.5,1,7888,2.0,292.3,-7.6
5.0,8884.719743,109.25,3.36,19.88,48.84,12.11,9.75,1,7763,-2.2,346.2,-9.9
5.0,8884.729740,106.44,3.4,24.23,48.97,10.3,11.75,1,8648,3.8,381.2,-10.7
5.0,8884.739740,105.56,3.54,28.01,49.12,7.48,12.75,1,8529,1.3,342.8,-9.0
5.0,8884.749740,105.64,3.54,29.95,49.19,3.93,12.5,1,8402,-1.0,232.4,-7.3
5.0,8884.759740,106.79,3.5,29.57,49.17,0.0,11.5,1,8283,0.1,72.3,-0.9
5.0,8884.769740,108.63,3.5,27.61,49.1,-3.93,9.75,1,8155,1.7,-35.6,0.2
5.0,8884.779740,111.01,3.49,25.39,49.0,-7.48,7.25,1,8019,1.5,-114.6,3.8
5.0,8884.789740,114.17,3.44,22.74,48.92,-10.3,4.25,1,7892,-0.9,-186.4,5.5
5.0,8884.799743,117.69,3.37,19.45,48.81,-12.11,0.75,1,7769,-1.3,-257.1,7.5
5.0,8884.809740,121.38,3.34,15.73,48.71,-12.73,-3.0,1,8654,0.7,-300.5,9.7
5.0,8884.819740,124.89,3.31,11.82,48.59,-12.11,-6.25,1,8526,-2.0,-347.9,10.2
5.0,8884.829740,126.91,3.26,7.56,48.47,-10.3,-8.25,1,8409,0.3,-378.6,11.8
5.0,8884.839740,127.97,3.26,4.03,48.36,-7.48,-9.25,1,8288,-2.0,-323.0,8.3
5.0,8884.849740,127.79,3.24,2.76,48.32,-3.93,-9.25,1,8160,1.1,-182.6,6.3
5.0,8884.859740,127.53,3.27,3.44,48.36,-0.0,-8.25,1,8023,-0.1,-72.2,2.7
5.0,8884.869740,125.6,3.25,4.65,48.39,3.93,-6.25,1,7899,-1.0,11.3,0.3
5.0,8884.879743,123.13,3.2,6.01,48.44,7.48,-3.75,1,7772,-5.1,51.8,-0.2
5.0,8884.889740,120.06,3.19,8.44,48.52,10.3,-0.75,1,8658,2.8,202.3,-5.4
5.0,8884.899740,116.72,3.3,12.43,48.63,12.11,2.75,1,8530,0.7,249.1,-6.8
5.0,8884.909740,113.2,3.33,15.95,48.74,12.73,6.25,1,8414,2.3,305.1,-8.0
5.0,8884.919740,110.21,3.36,19.94,48.87,12.11,8.75,1,8292,-2.0,343.1,-9.5
5.0,8884.929740,108.28,3.39,23.7,48.98,10.3,10.25,1,8159,2.9,338.2,-9.4
5.0,8884.939740,107.58,3.49,26.43,49.09,7.48,11.0,1,8028,-0.1,277.5,-7.1
5.0,8884.949740,107.67,3.47,27.58,49.13,3.93,11.25,1,7892,0.1,176.4,-5.2
5.0,8884.959740,107.93,3.47,27.01,49.1,-0.0,10.5,1,7773,1.1,43.8,-1.0
5.0,8884.969740,109.42,3.47,25.68,49.06,-3.93,9.0,1,8661,0.3,-0.4,0.4
5.0,8884.979740,111.53,3.47,24.77,49.02,-7.48,6.75,1,8534,2.4,-47.5,1.1
5.0,8884.989740,114.43,3.45,22.7,48.94,-10.3,4.0,1,8415,-1.0,-159.2,4.9
5.0,8884.999740,117.69,3.36,19.34,48.83,-12.11,0.75,1,8297,-1.0,-224.3,6.3
5.0,8885.009740,121.2,3.34,15.86,48.73,-12.73,-2.75,1,8161,0.8,-283.3,9.4
5.0,8885.019740,124.45,3.32,12.01,48.63,-12.11,-6.0,1,8034,-1.8,-326.0,9.5
5.0,8885.029740,126.39,3.27,7.97,48.51,-10.3,-7.75,1,7898,-0.2,-361.0,11.4
5.0,8885.039740,127.35,3.26,4.54,48.4,-7.48,-8.75,1,7769,-1.1,-308.3,7.6
6.0,8887.069740,124.98,3.28,5.72,48.64,0.0,-6.0,1,8489,-0.8,-141.8,5.0
6.0,8887.079740,124.01,3.27,6.65,48.7,3.91,-4.75,1,8379,-1.1,-25.8,1.3
6.0,8887.089740,121.99,3.25,7.93,48.73,7.26,-2.75,1,8245,-1.5,12.6,0.3
6.0,8887.099740,119.27,3.23,9.54,48.79,9.6,-0.0,1,8115,-3.0,121.9,-2.1
6.0,8887.109740,116.19,3.27,12.71,48.89,10.59,3.25,1,7982,4.0,208.0,-5.3
6.0,8887.119740,113.29,3.37,16.23,48.99,10.09,5.75,1,7853,0.1,265.7,-8.0
6.0,8887.129740,111.18,3.36,19.94,49.1,8.18,7.5,1,8748,0.1,313.4,-7.9
6.0,8887.139740,110.3,3.42,23.16,49.22,5.11,8.0,1,8621,1.3,274.6,-7.4
6.0,8887.149740,110.83,3.47,24.85,49.28,1.33,7.75,1,8494,1.2,208.0,-5.9
6.0,8887.159740,112.15,3.44,24.58,49.26,-2.64,6.25,1,8383,-1.4,39.9,-1.1
6.0,8887.169740,114.08,3.41,22.34,49.18,-6.24,4.25,1,8248,2.5,-56.2,1.6
6.0,8887.179740,116.63,3.42,19.99,49.09,-8.96,1.75,1,8120,0.3,-139.1,3.5
6.0,8887.189740,119.71,3.37,17.11,49.0,-10.42,-1.25,1,7984,0.4,-205.5,6.8
6.0,8887.199741,123.13,3.34,13.81,48.92,-10.42,-4.75,1,7858,-1.5,-263.1,7.8
6.0,8887.209740,126.47,3.29,10.14,48.81,-8.96,-7.75,1,8744,-0.6,-309.9,9.8
6.0,8887.219740,127.97,3.28,6.25,48.7,-6.24,-9.5,1,8625,-0.5,-341.8,10.2
6.0,8887.229740,128.5,3.27,3.11,48.6,-2.64,-9.75,1,8498,-0.7,-282.2,8.0
6.0,8887.239740,128.41,3.27,2.18,48.58,1.33,-9.25,1,8379,0.3,-152.8,5.4
6.0,8887.249740,127.0,3.27,3.16,48.62,5.11,-7.75,1,8255,-0.8,-31.1,1.1
6.0,8887.259740,125.07,3.23,4.6,48.66,8.18,-5.75,1,8124,-2.7,22.0,0.6
6.0,8887.269740,122.34,3.22,6.57,48.73,10.09,-2.75,1,7988,-0.3,144.1,-3.6
6.0,8887.279740,119.0,3.26,9.85,48.82,10.59,0.5,1,7861,0.1,205.6,-5.1
6.0,8887.289740,115.75,3.29,13.36,48.92,9.6,3.25,1,8749,1.4,289.5,-8.4
6.0,8887.299740,113.47,3.36,17.47,49.04,7.26,5.25,1,8621,2.3,326.9,-9.3
6.0,8887.309740,112.68,3.41,20.97,49.16,3.91,5.75,1,8502,-0.2,312.9,-7.8
6.0,8887.319740,112.94,3.41,22.86,49.23,0.0,5.5,1,8384,0.6,203.2,-6.1
6.0,8887.329743,113.99,3.42,22.27,49.2,-3.91,4.5,1,8251,1.0,51.0,-1.2
6.0,8887.339740,115.84,3.42,20.38,49.14,-7.26,2.5,1,8129,1.7,-37.0,1.0
6.0,8887.349740,118.3,3.4,18.3,49.06,-9.6,0.25,1,7995,-0.1,-120.7,3.7
6.0,8887.359740,121.2,3.35,15.55,48.98,-10.59,-2.75,1,7867,-1.0,-190.3,5.9
6.0,8887.369740,123.84,3.31,12.38,48.89,-10.09,-5.25,1,8754,-0.6,-247.5,7.1
6.0,8887.379740,125.33,3.29,8.91,48.79,-8.18,-6.75,1,8626,-0.7,-290.7,9.0
6.0,8887.389740,125.68,3.28,6.07,48.7,-5.11,-7.25,1,8510,0.7,-239.9,5.9
6.0,8887.399740,125.6,3.28,5.29,48.66,-1.33,-6.5,1,8388,-1.0,-129.4,4.6
6.0,8887.409740,124.45,3.27,6.17,48.71,2.64,-5.25,1,8252,-0.2,-22.8,0.9
6.0,8887.419740,122.52,3.25,7.4,48.75,6.24,-3.25,1,8125,-2.4,16.4,0.5
6.0,8887.429740,119.88,3.21,9.06,48.82,8.96,-0.5,1,8000,-3.1,127.6,-1.8
6.0,8887.439740,116.81,3.26,12.21,48.92,10.42,2.75,1,7870,4.2,203.6,-5.4
6.0,8887.449740,113.55,3.35,15.65,49.01,10.42,5.5,1,8758,-0.7,267.6,-7.6
6.0,8887.459740,111.18,3.35,19.49,49.12,8.96,7.25,1,8631,1.0,320.5,-8.8
6.0,8887.469743,110.92,3.43,22.97,49.24,6.24,7.75,1,8506,2.2,295.1,-8.0
6.0,8887.479740,111.01,3.48,24.7,49.3,2.64,7.5,1,8393,1.0,198.7,-5.7
6.0,8887.489743,112.15,3.44,24.02,49.27,-1.33,6.25,1,8260,-1.0,28.3,-0.2
6.0,8887.499740,113.99,3.42,22.03,49.21,-5.11,4.5,1,8133,2.0,-28.8,0.7
6.0,8887.509740,116.37,3.42,20.23,49.14,-8.18,2.0,1,8005,0.0,-123.3,3.8
6.0,8887.519740,119.44,3.38,17.36,49.06,-10.09,-1.0,1,7866,-0.0,-191.8,6.1
6.0,8887.529740,122.87,3.34,14.18,48.96,-10.59,-4.25,1,8765,-1.3,-250.5,7.3
6.0,8887.539740,125.95,3.3,10.54,48.85,-9.6,-7.25,1,8635,-0.2,-304.7,9.4
6.0,8887.549743,127.71,3.29,6.67,48.74,-7.26,-9.25,1,8510,-0.6,-333.0,10.0
6.0,8887.559740,128.32,3.26,3.52,48.65,-3.91,-9.75,1,8392,-1.5,-286.6,7.9
6.0,8887.569743,128.06,3.26,2.42,48.62,0.0,-9.25,1,8264,0.9,-156.2,5.3
6.0,8887.579740,127.09,3.28,3.37,48.65,3.91,-7.75,1,8134,-0.5,-35.4,1.2
6.0,8887.589743,124.98,3.25,4.75,48.7,7.26,-5.75,1,8001,-1.9,17.0,0.8
6.0,8887.599740,122.26,3.23,6.54,48.76,9.6,-2.75,1,7870,-1.3,126.4,-2.8
6.0,8887.609740,119.09,3.23,9.76,48.86,10.59,0.25,1,8767,-1.2,213.1,-4.9
6.0,8887.619740,115.66,3.28,13.39,48.97,10.09,3.75,1,8639,2.8,276.3,-7.8
6.0,8887.629743,113.03,3.37,17.28,49.07,8.18,6.0,1,8515,2.2,325.0,-9.5
6.0,8887.639740,111.09,3.39,20.95,49.2,5.11,7.25,1,8394,-1.4,318.8,-8.0
6.0,8887.649739,111.18,3.41,23.4,49.29,1.33,7.5,1,8266,1.8,251.0,-6.9
6.0,8887.659740,111.62,3.46,24.29,49.31,-2.64,6.75,1,8141,0.9,157.1,-4.6
6.0,8887.669743,113.12,3.43,23.38,49.27,-6.24,5.25,1,8005,-0.5,3.3,0.1
6.0,8887.679740,115.31,3.41,21.12,49.19,-8.96,3.25,1,7875,2.0,-72.4,1.8
6.0,8887.689740,117.95,3.4,18.76,49.12,-10.42,0.25,1,8763,0.1,-160.7,5.3
6.0,8887.699740,121.11,3.35,15.62,49.03,-10.42,-2.75,1,8645,-0.9,-224.9,7.1
6.0,8887.709741,124.01,3.32,12.23,48.92,-8.96,-5.5,1,8518,-0.2,-275.1,7.7
6.0,8887.719740,125.6,3.29,8.6,48.82,-6.24,-7.0,1,8398,-1.6,-313.6,10.1
6.0,8887.729740,126.04,3.26,5.6,48.73,-2.64,-7.5,1,8270,0.2,-260.8,6.2
6.0,8887.739740,125.86,3.27,4.74,48.69,1.33,-6.75,1,8143,-0.2,-138.9,4.9
6.0,8887.749741,124.72,3.27,5.69,48.74,5.11,-5.5,1,8007,-0.6,-27.3,1.1
6.0,8887.759740,122.52,3.24,6.99,48.77,8.18,-3.25,1,7879,-2.4,19.1,0.2
6.0,8887.769740,119.97,3.21,8.87,48.85,10.09,-0.5,1,8767,-2.3,141.2,-2.3
6.0,8887.779740,116.81,3.26,12.21,48.95,10.59,2.75,1,8640,2.3,212.2,-5.4
6.0,8887.789740,113.55,3.33,15.69,49.05,9.6,5.5,1,8521,0.4,277.0,-7.8
6.0,8887.799740,111.27,3.36,19.61,49.16,7.26,7.25,1,8403,1.5,326.7,-9.1
6.0,8887.809740,110.92,3.42,23.11,49.28,3.91,8.25,1,8266,0.5,300.5,-8.3
6.0,8887.819740,110.65,3.43,24.76,49.34,0.0,8.5,1,8147,-0.0,191.7,-5.2
6.0,8887.829740,110.65,3.41,23.92,49.31,-3.91,7.75,1,8011,-0.6,24.7,-0.5
6.0,8887.839740,111.97,3.39,22.53,49.27,-7.26,6.25,1,7884,0.5,28.1,0.1
6.0,8887.849740,114.26,3.41,22.45,49.27,-9.6,4.25,1,8772,0.5,-11.8,0.2
6.0,8887.859740,117.16,3.41,20.4,49.19,-10.59,1.25,1,8645,2.7,-164.8,5.0
6.0,8887.869740,120.32,3.38,16.6,49.07,-10.09,-1.75,1,8525,-0.8,-227.2,6.7
6.0,8887.879740,123.05,3.32,13.16,48.97,-8.18,-4.75,1,8406,-0.4,-281.4,8.3
6.0,8887.889740,124.72,3.29,9.45,48.86,-5.11,-6.25,1,8271,-0.7,-317.5,9.8
6.0,8887.899740,125.07,3.28,6.49,48.77,-1.33,-6.5,1,8152,0.5,-259.6,6.5
6.0,8887.909740,124.89,3.28,5.67,48.73,2.64,-6.0,1,8015,-1.0,-139.8,5.0
6.0,8887.919740,124.01,3.26,6.6,48.79,6.24,-4.75,1,7889,-0.4,-27.0,1.8
6.0,8887.929743,121.9,3.26,7.87,48.82,8.96,-2.5,1,8779,-1.9,14.6,-0.2
6.0,8887.939740,119.27,3.22,9.49,48.88,10.42,0.25,1,8652,-2.9,120.4,-1.7
6.0,8887.949740,116.19,3.27,12.69,48.99,10.42,3.25,1,8521,4.3,214.5,-5.6
6.0,8887.959740,113.03,3.36,16.33,49.08,8.96,6.25,1,8411,-0.7,269.4,-8.1
6.0,8887.969740,110.65,3.35,20.09,49.2,6.24,7.75,1,8275,0.1,321.0,-8.1
6.0,8887.979740,110.3,3.41,23.48,49.32,2.64,8.25,1,8148,0.7,287.3,-8.0
6.0,8887.989740,110.74,3.45,25.17,49.38,-1.33,7.75,1,8020,0.9,203.2,-5.0
6.0,8887.999740,112.15,3.42,24.59,49.36,-5.11,6.25,1,7884,-1.6,26.0,-1.1
6.0,8888.009743,114.35,3.4,22.18,49.27,-8.18,4.25,1,8784,3.6,-64.1,2.2
6.0,8888.019740,116.98,3.42,19.77,49.19,-10.09,1.5,1,8654,-0.4,-150.6,4.3
6.0,8888.029740,120.23,3.35,16.72,49.1,-10.59,-1.75,1,8527,-0.6,-218.5,7.5
6.0,8888.039740,122.96,3.3,13.3,49.01,-9.6,-4.5,1,8407,-2.2,-274.6,7.9
6.0,8888.049740,124.8,3.27,9.61,48.89,-7.26,-6.25,1,8280,1.3,-312.3,9.6
6.0,8888.059740,124.98,3.29,6.61,48.8,-3.91,-6.5,1,8152,-0.4,-263.0,6.6
6.0,8888.069740,124.89,3.25,5.6,48.76,0.0,-6.25,1,8025,-1.7,-150.3,5.4
6.0,8888.079740,124.01,3.24,6.51,48.81,3.91,-4.75,1,7891,-0.3,-21.1,1.1
6.0,8888.089741,122.17,3.24,7.95,48.85,7.26,-2.75,1,8786,-1.5,14.6,0.2
6.0,8888.099740,119.36,3.22,9.46,48.9,9.6,-0.0,1,8658,-2.1,115.3,-2.3
6.0,8888.109740,116.37,3.27,12.52,49.0,10.59,3.0,1,8530,4.1,205.2,-5.4
6.0,8888.119740,113.55,3.35,16.06,49.09,10.09,5.75,1,8412,-0.1,264.0,-8.0
6.0,8888.129740,111.36,3.35,19.77,49.2,8.18,7.25,1,8284,0.6,312.0,-8.0
6.0,8888.139740,110.57,3.4,22.97,49.33,5.11,7.75,1,8157,-0.0,272.4,-7.1
6.0,8888.149740,110.92,3.42,24.52,49.38,1.33,7.5,1,8020,0.7,194.5,-5.1
6.0,8888.159740,112.24,3.42,24.28,49.37,-2.64,6.25,1,7893,-0.4,54.4,-1.6
6.0,8888.169740,113.99,3.4,22.38,49.29,-6.24,4.25,1,8790,2.3,-50.7,1.4
6.0,8888.179740,116.63,3.41,19.99,49.22,-8.96,1.75,1,8662,0.5,-133.7,4.1
6.0,8888.189740,119.79,3.36,17.13,49.13,-10.42,-1.25,1,8536,-0.1,-202.6,6.4
6.0,8888.199740,123.05,3.31,13.84,49.03,-10.42,-4.75,1,8418,-1.5,-260.6,7.7
6.0,8888.209740,126.21,3.28,10.15,48.93,-8.96,-7.75,1,8289,0.3,-311.1,9.5
6.0,8888.219740,128.06,3.28,6.25,48.82,-6.24,-9.25,1,8161,0.0,-339.4,10.2
6.0,8888.229740,128.5,3.25,3.15,48.72,-2.64,-9.75,1,8025,-2.4,-281.5,7.8
6.0,8888.239740,128.32,3.24,2.2,48.69,1.33,-9.25,1,7900,1.6,-153.3,4.9
6.0,8888.249740,127.09,3.28,3.16,48.73,5.11,-7.75,1,8785,0.2,-31.8,1.2
6.0,8888.259740,124.89,3.24,4.57,48.77,8.18,-5.5,1,8666,-2.6,19.3,-0.1
6.0,8888.269740,122.08,3.21,6.56,48.83,10.09,-2.75,1,8539,-1.2,148.3,-3.0
6.0,8888.279740,118.83,3.25,10.05,48.94,10.59,0.75,1,8421,0.6,220.2,-5.7
6.0,8888.289740,115.4,3.29,13.63,49.04,9.6,3.75,1,8284,0.5,285.4,-8.0
6.0,8888.299740,112.94,3.36,17.57,49.16,7.26,5.25,1,8166,3.9,329.4,-9.1
6.0,8888.309740,112.59,3.41,21.16,49.29,3.91,6.0,1,8029,-2.0,314.9,-8.0
6.0,8888.319740,112.94,3.39,23.09,49.35,0.0,5.75,1,7902,1.1,207.6,-5.8
6.0,8888.329740,113.91,3.41,22.52,49.32,-3.91,4.5,1,8790,0.5,50.6,-1.4
6.0,8888.339740,115.84,3.41,20.56,49.26,-7.26,2.75,1,8662,2.5,-39.8,1.4
6.0,8888.349740,118.21,3.4,18.4,49.18,-9.6,0.25,1,8544,-0.7,-125.6,3.4
6.0,8888.359740,121.11,3.33,15.59,49.1,-10.59,-2.75,1,8427,-0.9,-195.0,6.7
6.0,8888.369740,123.75,3.3,12.39,49.02,-10.09,-5.25,1,8289,-0.9,-250.7,7.1
6.0,8888.379740,125.33,3.28,8.89,48.91,-8.18,-6.75,1,8170,-0.2,-293.6,9.3
6.0,8888.389740,125.68,3.26,6.03,48.82,-5.11,-7.25,1,8033,-1.0,-243.1,5.5
6.0,8888.399740,125.68,3.26,5.13,48.77,-1.33,-6.75,1,7907,0.9,-141.2,4.7
6.0,8888.409740,124.63,3.28,5.96,48.82,2.64,-5.25,1,8795,0.1,-18.6,0.8
6.0,8888.419740,122.61,3.25,7.37,48.86,6.24,-3.25,1,8667,-2.7,18.0,0.1
6.0,8888.429740,119.97,3.2,8.98,48.92,8.96,-0.5,1,8540,-2.9,124.6,-1.7
6.0,8888.439740,116.81,3.26,12.07,49.03,10.42,2.5,1,8429,3.8,202.3,-5.3
6.0,8888.449740,113.64,3.34,15.5,49.12,10.42,5.75,1,8294,-0.3,265.8,-7.7
6.0,8888.459740,110.65,3.35,19.31,49.22,8.96,8.25,1,8169,0.9,317.7,-8.7
6.0,8888.469740,109.07,3.4,22.94,49.35,6.24,9.25,1,8038,-0.2,310.7,-8.3
6.0,8888.479740,108.98,3.45,25.61,49.45,2.64,9.5,1,7911,2.6,274.4,-7.3
6.0,8888.489740,109.6,3.49,26.57,49.48,-1.33,8.75,1,8799,-0.7,132.3,-3.9
6.0,8888.499740,111.09,3.43,25.18,49.42,-5.11,7.25,1,8672,0.3,2.9,-0.2
6.0,8888.509740,113.29,3.44,23.07,49.35,-8.18,5.25,1,8544,2.4,-81.7,2.7
6.0,8888.519740,116.1,3.42,20.64,49.27,-10.09,2.25,1,8435,-1.0,-158.7,4.7
6.0,8888.529740,119.36,3.35,17.61,49.19,-10.59,-0.75,1,8299,-0.3,-225.7,8.1
6.0,8888.539743,122.26,3.31,14.13,49.09,-9.6,-3.75,1,8175,-3.0,-280.9,8.0
6.0,8888.549740,124.01,3.27,10.33,48.97,-7.26,-5.25,1,8046,2.1,-325.1,9.6
6.0,8888.559740,124.37,3.29,7.22,48.87,-3.91,-5.75,1,7916,-1.6,-267.1,7.1
6.0,8888.569740,124.37,3.26,6.35,48.84,-0.0,-5.25,1,8804,1.4,-145.2,4.4
6.0,8888.579740,123.13,3.29,7.22,48.86,3.91,-3.75,1,8679,-0.4,-33.9,0.8
6.0,8888.589740,121.11,3.26,8.48,48.91,7.26,-1.75,1,8549,-1.6,14.1,0.7
6.0,8888.599743,118.48,3.24,10.24,48.98,9.6,0.75,1,8434,-2.2,128.2,-2.3
6.0,8888.609740,115.4,3.28,13.55,49.08,10.59,4.0,1,8305,2.6,217.4,-5.7
6.0,8888.619740,112.24,3.35,17.11,49.18,10.09,6.75,1,8179,-0.3,266.0,-7.7
6.0,8888.629740,110.13,3.37,20.73,49.29,8.18,8.5,1,8039,0.5,313.4,-8.0
6.0,8888.639740,109.51,3.42,24.14,49.42,5.11,9.0,1,7923,-0.2,293.7,-7.5
6.0,8888.649740,109.86,3.47,26.01,49.49,1.33,8.5,1,8808,2.7,207.4,-5.7
6.0,8888.659740,111.18,3.47,25.48,49.46,-2.64,7.25,1,8681,-1.4,32.8,-1.4
6.0,8888.669740,113.03,3.42,23.22,49.37,-6.24,5.25,1,8556,2.9,-51.6,1.9
6.0,8888.679743,115.58,3.43,21.01,49.3,-8.96,2.75,1,8437,-1.3,-136.4,3.9
6.0,8888.689740,118.65,3.35,18.12,49.22,-10.42,-0.25,1,8308,-0.6,-204.2,7.3
6.0,8888.699743,122.26,3.33,14.78,49.13,-10.42,-3.75,1,8183,0.1,-266.2,7.4
6.0,8888.709740,125.42,3.31,11.07,49.0,-8.96,-6.75,1,8046,-0.1,-309.1,9.6
6.0,8888.719740,127.27,3.29,7.18,48.9,-6.24,-8.75,1,7916,0.2,-346.2,9.9
6.0,8888.729740,127.62,3.25,3.91,48.79,-2.64,-9.25,1,8804,-3.7,-289.3,8.4
6.0,8888.739740,127.71,3.23,2.91,48.77,1.33,-8.75,1,8685,1.9,-157.1,4.7
6.0,8888.749740,126.65,3.29,3.8,48.79,5.11,-7.25,1,8559,0.4,-43.8,1.6
6.0,8888.759743,124.63,3.24,5.15,48.84,8.18,-5.25,1,8442,-3.1,22.0,0.5
6.0,8888.769740,121.99,3.2,6.96,48.91,10.09,-2.5,1,8311,-1.4,115.7,-2.3
6.0,8888.779743,118.65,3.24,9.93,48.99,10.59,0.75,1,8188,0.8,203.2,-5.4
6.0,8888.789740,115.49,3.3,13.57,49.09,9.6,3.5,1,8051,1.4,275.9,-7.7
6.0,8888.799740,113.2,3.35,17.54,49.22,7.26,5.25,1,7923,1.6,324.5,-8.9
6.0,8888.809740,112.59,3.4,21.02,49.34,3.91,5.75,1,8808,0.7,299.6,-7.5
6.0,8888.819743,112.85,3.4,22.87,49.4,-0.0,5.5,1,8684,-1.3,210.5,-6.0
6.0,8888.829740,114.08,3.37,22.43,49.38,-3.91,4.5,1,8562,0.3,44.3,-0.9
6.0,8888.839743,115.93,3.4,20.36,49.31,-7.26,2.75,1,8446,3.0,-40.8,1.3
6.0,8888.849740,118.39,3.41,18.29,49.24,-9.6,0.25,1,8308,1.3,-121.4,3.2
6.0,8888.859739,121.29,3.35,15.56,49.15,-10.59,-2.75,1,8188,-1.4,-193.2,6.3
6.0,8888.869740,123.93,3.29,12.31,49.07,-10.09,-5.5,1,8054,-1.7,-253.0,8.0
6.0,8888.879740,125.51,3.28,8.8,48.97,-8.18,-6.75,1,7925,0.6,-290.8,8.6
6.0,8888.889740,125.86,3.28,5.95,48.86,-5.11,-7.25,1,8813,-0.9,-247.9,5.7
6.0,8888.899743,125.68,3.25,5.01,48.83,-1.33,-6.75,1,8688,-0.3,-136.4,5.0
6.0,8888.909740,124.63,3.26,5.9,48.88,2.64,-5.25,1,8566,-0.2,-22.4,1.1
6.0,8888.919739,122.7,3.24,7.25,48.92,6.24,-3.25,1,8448,-2.5,20.8,0.1
6.0,8888.929740,120.15,3.21,8.99,48.98,8.96,-0.5,1,8312,-2.3,130.6,-2.4
6.0,8888.939740,116.89,3.26,12.11,49.08,10.42,2.5,1,8184,3.4,202.5,-5.2
6.0,8888.949740,113.64,3.33,15.5,49.17,10.42,5.75,1,8057,-0.6,266.9,-7.6
6.0,8888.959740,110.83,3.34,19.32,49.28,8.96,8.25,1,7930,1.2,317.6,-8.9
6.0,8888.969740,108.98,3.41,22.96,49.41,6.24,9.25,1,8817,0.8,313.7,-8.4
6.0,8888.979743,108.98,3.46,25.63,49.5,2.64,9.5,1,8693,1.8,271.0,-7.4
6.0,8888.989740,109.51,3.48,26.58,49.54,-1.33,8.75,1,8562,-0.7,137.7,-3.6
6.0,8888.999739,111.09,3.43,25.29,49.49,-5.11,7.5,1,8451,-0.3,4.3,-0.1
6.0,8889.009740,113.12,3.43,23.19,49.41,-8.18,5.25,1,8316,3.0,-77.0,2.3
6.0,8889.019740,115.93,3.43,20.82,49.33,-10.09,2.5,1,8190,-0.2,-155.4,4.2
6.0,8889.029740,119.18,3.37,17.82,49.23,-10.59,-0.75,1,8062,0.5,-222.1,7.3
6.0,8889.039740,122.08,3.33,14.36,49.14,-9.6,-3.5,1,7938,-2.5,-279.1,8.9
6.0,8889.049740,123.66,3.28,10.55,49.04,-7.26,-5.25,1,8822,-0.4,-323.3,10.0
6.0,8889.059743,124.28,3.28,7.44,48.94,-3.91,-5.75,1,8697,-0.5,-266.9,7.7
6.0,8889.069740,124.01,3.28,6.55,48.9,0.0,-5.25,1,8567,1.0,-146.2,3.7
6.0,8889.079740,123.22,3.29,7.36,48.92,3.91,-3.75,1,8448,-0.4,-39.6,1.5
6.0,8889.089740,121.11,3.26,8.62,48.97,7.26,-1.75,1,8321,-2.7,19.3,0.2
6.0,8889.099740,118.39,3.23,10.4,49.04,9.6,1.0,1,8193,-1.1,119.3,-2.0
6.0,8889.109740,115.4,3.29,13.53,49.14,10.59,4.25,1,8066,1.9,212.8,-5.3
6.0,8889.119743,111.97,3.35,17.11,49.24,10.09,6.75,1,7942,0.2,264.8,-8.0
6.0,8889.129740,109.86,3.37,20.75,49.35,8.18,8.5,1,8828,0.5,312.6,-8.0
6.0,8889.139740,109.34,3.45,24.36,49.48,5.11,9.0,1,8700,3.0,312.6,-8.6
6.0,8889.149740,109.69,3.49,26.15,49.54,1.33,8.75,1,8571,-1.5,179.7,-5.2
6.0,8889.159740,111.01,3.43,25.2,49.5,-2.64,7.25,1,8453,0.0,37.4,-0.8
6.0,8889.169740,113.03,3.44,23.31,49.43,-6.24,5.25,1,8317,2.8,-46.4,1.2
6.0,8889.179740,115.66,3.43,21.1,49.35,-8.96,2.75,1,8198,-0.6,-138.0,4.2
6.0,8889.189740,118.74,3.38,18.16,49.27,-10.42,-0.25,1,8062,0.6,-201.5,6.4
6.0,8889.199743,122.17,3.36,14.85,49.16,-10.42,-3.75,1,7938,-0.5,-268.3,7.9
6.0,8889.209740,125.33,3.31,11.09,49.05,-8.96,-6.75,1,8822,-1.3,-308.6,9.7
6.0,8889.219740,127.27,3.28,7.24,48.95,-6.24,-8.5,1,8704,-0.5,-345.1,10.2
6.0,8889.229740,127.79,3.25,3.98,48.84,-2.64,-9.25,1,8576,-2.1,-289.9,7.7
6.0,8889.239740,127.53,3.25,2.94,48.81,1.33,-8.75,1,8457,1.3,-158.6,5.3
6.0,8889.249740,126.74,3.28,3.81,48.85,5.11,-7.25,1,8323,0.1,-44.8,2.0
6.0,8889.259740,124.63,3.25,5.15,48.89,8.18,-5.25,1,8202,-2.4,20.6,-0.1
6.0,8889.269740,121.99,3.22,6.95,48.95,10.09,-2.5,1,8069,-1.5,114.6,-2.1
6.0,8889.279743,118.74,3.24,9.9,49.05,10.59,0.75,1,7943,-0.1,201.4,-4.5
6.0,8889.289740,115.58,3.29,13.57,49.16,9.6,3.75,1,8830,1.3,279.9,-8.0
6.0,8889.299740,113.73,3.35,17.55,49.26,7.26,5.25,1,8699,2.1,319.2,-9.1
6.0,8889.309740,112.76,3.37,20.86,49.39,3.91,5.75,1,8581,-2.6,291.9,-6.5
6.0,8889.319740,112.94,3.36,22.41,49.44,0.0,5.5,1,8462,1.5,183.1,-5.5
6.0,8889.329740,113.99,3.43,22.11,49.41,-3.91,4.5,1,8325,4.2,78.2,-2.1
6.0,8889.339740,115.93,3.45,20.69,49.37,-7.26,2.75,1,8207,0.8,-37.4,0.6
6.0,8889.349740,118.3,3.39,18.32,49.28,-9.6,0.25,1,8072,0.0,-121.4,4.0
6.0,8889.359740,121.2,3.34,15.55,49.21,-10.59,-2.75,1,7944,-2.3,-192.9,6.4
6.0,8889.369740,123.93,3.3,12.3,49.12,-10.09,-5.5,1,8841,0.7,-253.0,7.4
6.0,8889.379740,125.51,3.3,8.79,49.01,-8.18,-6.75,1,8704,-1.2,-291.3,9.1
6.0,8889.389740,125.86,3.25,5.93,48.93,-5.11,-7.25,1,8585,-1.5,-247.9,6.1
6.0,8889.399740,125.6,3.25,5.0,48.89,-1.33,-6.75,1,8466,0.3,-136.3,4.6
6.0,8889.409740,124.54,3.27,5.89,48.93,2.64,-5.25,1,8333,0.4,-22.1,1.0
6.0,8889.419740,122.61,3.25,7.25,48.97,6.24,-3.25,1,8211,-2.7,21.2,0.1
6.0,8889.429740,119.88,3.2,8.97,49.03,8.96,-0.5,1,8075,-2.5,128.6,-2.3
6.0,8889.439740,116.89,3.25,12.06,49.13,10.42,2.5,1,7948,3.2,202.2,-5.2
6.0,8889.449740,113.64,3.33,15.47,49.22,10.42,5.75,1,8836,-0.7,266.7,-7.7
6.0,8889.459740,110.74,3.33,19.29,49.33,8.96,8.25,1,8708,0.6,317.9,-8.7
6.0,8889.469740,108.98,3.41,22.93,49.46,6.24,9.25,1,8581,3.1,313.1,-8.7
6.0,8889.479740,108.9,3.48,25.54,49.55,2.64,9.5,1,8470,0.4,265.9,-7.1
6.0,8889.489740,109.51,3.46,26.5,49.58,-1.33,8.75,1,8335,-1.4,142.5,-4.0
6.0,8889.499740,110.92,3.42,25.28,49.54,-5.11,7.25,1,8207,0.2,2.2,0.3
6.0,8889.509740,113.2,3.44,23.14,49.46,-8.18,5.25,1,8083,3.3,-74.0,2.0
6.0,8889.519740,115.93,3.43,20.82,49.38,-10.09,2.5,1,7953,-0.1,-155.7,4.4
6.0,8889.529740,119.18,3.37,17.78,49.28,-10.59,-0.75,1,8841,0.4,-222.3,7.1
6.0,8889.539740,122.17,3.34,14.33,49.18,-9.6,-3.75,1,8714,-1.1,-279.0,8.2
6.0,8889.549740,123.57,3.3,10.52,49.07,-7.26,-5.25,1,8588,-0.5,-323.9,10.2
6.0,8889.559740,124.28,3.28,7.42,48.99,-3.91,-5.75,1,8475,-0.8,-264.7,7.4
6.0,8889.569740,124.1,3.28,6.55,48.95,-0.0,-5.25,1,8339,0.4,-146.9,4.6
6.0,8889.579740,123.22,3.28,7.34,48.98,3.91,-3.75,1,8212,-0.7,-38.9,1.4
6.0,8889.589743,121.03,3.25,8.61,49.02,7.26,-1.75,1,8087,-2.6,19.5,0.3
6.0,8889.599740,118.48,3.23,10.37,49.09,9.6,0.75,1,7957,-1.5,117.9,-2.0
6.0,8889.609740,115.4,3.28,13.47,49.19,10.59,4.0,1,8845,1.9,211.7,-5.3
6.0,8889.619740,111.97,3.35,17.06,49.29,10.09,6.75,1,8717,0.7,264.4,-8.0
6.0,8889.629740,109.95,3.38,20.71,49.4,8.18,8.5,1,8590,0.5,312.9,-8.3
6.0,8889.639740,109.34,3.44,24.26,49.53,5.11,9.0,1,8471,1.8,306.4,-8.3
6.0,8889.649743,109.86,3.47,26.08,49.59,1.33,8.5,1,8338,-0.6,188.7,-5.3
6.0,8889.659740,111.09,3.43,25.34,49.56,-2.64,7.25,1,8216,-0.2,43.1,-1.1
6.0,8889.669743,113.12,3.44,23.32,49.49,-6.24,5.25,1,8083,2.8,-55.9,1.8
6.0,8889.679740,115.66,3.43,20.96,49.4,-8.96,2.75,1,7961,-0.5,-137.7,3.6
6.0,8889.689740,118.74,3.37,18.11,49.31,-10.42,-0.25,1,8852,0.4,-203.4,7.0
6.0,8889.699740,122.34,3.35,14.78,49.22,-10.42,-3.75,1,8723,-0.7,-267.1,7.8
6.0,8889.709743,125.33,3.3,11.06,49.11,-8.96,-6.75,1,8597,-0.7,-308.5,9.4
6.0,8889.719740,127.18,3.28,7.19,49.0,-6.24,-8.75,1,8475,-0.7,-345.6,10.4
6.0,8889.729743,127.62,3.25,3.92,48.9,-2.64,-9.25,1,8343,-2.1,-290.1,7.7
6.0,8889.739740,127.71,3.24,2.89,48.86,1.33,-8.75,1,8221,1.4,-158.2,5.1
6.0,8889.749741,126.74,3.28,3.75,48.9,5.11,-7.25,1,8085,-0.0,-46.3,2.2
6.0,8889.759740,124.63,3.25,5.06,48.95,8.18,-5.25,1,7965,-2.4,19.6,-0.1
6.0,8889.769740,121.99,3.21,6.88,49.0,10.09,-2.5,1,8853,-2.0,116.4,-2.1
6.0,8889.779740,118.83,3.23,9.87,49.1,10.59,0.75,1,8718,0.2,201.9,-4.7
6.0,8889.789743,115.49,3.27,13.5,49.21,9.6,3.5,1,8559,-0.3,277.4,-7.6
6.0,8889.799740,113.12,3.35,17.45,49.32,7.26,5.25,1,8480,5.6,319.7,-9.0
6.0,8889.809743,112.5,3.44,20.97,49.44,3.91,5.75,1,8347,-1.1,309.7,-8.2
6.0,8889.819740,112.85,3.4,22.89,49.5,-0.0,5.5,1,8225,1.1,202.2,-5.9
6.0,8889.829743,114.08,3.41,22.29,49.47,-3.91,4.5,1,8092,-0.5,47.4,-1.4
6.0,8889.839740,115.93,3.4,20.36,49.41,-7.26,2.5,1,7961,2.7,-38.4,1.3
6.0,8889.849740,118.3,3.41,18.29,49.34,-9.6,0.25,1,8861,0.1,-121.5,3.4
6.0,8889.859740,121.11,3.35,15.54,49.26,-10.59,-2.75,1,8723,-1.0,-191.9,6.3
6.0,8889.869741,123.84,3.31,12.33,49.17,-10.09,-5.25,1,8604,-1.0,-250.5,7.4
6.0,8889.879740,125.42,3.28,8.85,49.07,-8.18,-6.75,1,8488,-0.7,-289.2,9.3
6.0,8889.889740,125.68,3.28,6.02,48.98,-5.11,-7.25,1,8348,0.5,-244.8,5.8
6.0,8889.899740,125.6,3.28,5.16,48.94,-1.33,-6.75,1,8229,-0.7,-130.5,4.8
6.0,8889.909741,124.63,3.27,6.04,48.99,2.64,-5.25,1,8096,-0.3,-25.6,1.0
6.0,8889.919740,122.61,3.25,7.3,49.02,6.24,-3.25,1,7966,-2.7,20.4,0.4
6.0,8889.929740,119.97,3.2,9.01,49.09,8.96,-0.5,1,8854,-2.9,125.0,-2.0
6.0,8889.939740,116.72,3.25,12.08,49.19,10.42,2.75,1,8727,2.9,202.6,-5.3
6.0,8889.949740,113.73,3.32,15.52,49.28,10.42,5.5,1,8599,-1.2,266.6,-7.4
6.0,8889.959740,111.53,3.32,19.36,49.4,8.96,7.25,1,8489,0.8,319.8,-8.6
6.0,8889.969739,110.65,3.42,22.74,49.51,6.24,7.75,1,8353,3.8,284.7,-8.4
6.0,8889.979740,111.09,3.46,24.47,49.56,2.64,7.5,1,8225,-1.1,208.1,-5.2
6.0,8889.989740,112.15,3.41,24.24,49.57,-1.33,6.25,1,8098,-0.4,54.3,-1.2
6.0,8889.999740,113.99,3.41,22.27,49.49,-5.11,4.5,1,7970,2.5,-43.5,1.0
6.0,8890.009740,116.37,3.41,20.07,49.41,-8.18,2.0,1,8858,0.5,-122.4,4.0
6.0,8890.019740,119.36,3.38,17.41,49.33,-10.09,-1.0,1,8732,1.1,-187.6,5.3
6.0,8890.029740,122.78,3.34,14.25,49.23,-10.59,-4.25,1,8605,-1.2,-250.7,7.7
6.0,8890.039740,125.95,3.29,10.6,49.14,-9.6,-7.25,1,8494,-0.8,-301.5,9.5
6.0,8890.049741,127.62,3.28,6.77,49.03,-7.26,-9.0,1,8358,-0.2,-331.9,9.8
6.0,8890.059740,128.14,3.26,3.6,48.92,-3.91,-9.5,1,8230,-1.8,-286.8,7.8
6.0,8890.069740,127.97,3.25,2.47,48.89,0.0,-9.25,1,8103,0.9,-158.1,5.2
6.0,8890.079740,127.09,3.28,3.37,48.93,3.91,-7.75,1,7975,-0.2,-38.8,1.7
6.0,8890.089740,124.98,3.25,4.73,48.97,7.26,-5.75,1,8866,-2.0,16.2,0.5
6.0,8890.099740,122.43,3.22,6.46,49.03,9.6,-2.75,1,8735,-1.8,118.8,-2.5
6.0,8890.109740,119.0,3.23,9.63,49.13,10.59,0.25,1,8608,0.3,213.8,-5.1
6.0,8890.119740,115.75,3.26,13.34,49.24,10.09,3.75,1,8489,-1.4,276.1,-7.2
6.0,8890.129740,113.12,3.31,17.22,49.35,8.18,6.0,1,8362,3.6,326.3,-9.3
6.0,8890.139740,111.36,3.39,20.84,49.47,5.11,7.25,1,8234,-1.3,311.2,-7.7
6.0,8890.149740,110.92,3.38,23.23,49.56,1.33,7.5,1,8099,1.1,254.6,-6.8
6.0,8890.159740,111.53,3.45,24.3,49.59,-2.64,6.75,1,7979,3.1,163.1,-4.9
6.0,8890.169743,113.03,3.45,23.49,49.55,-6.24,5.25,1,8871,-0.6,10.6,-0.5
6.0,8890.179740,115.14,3.4,21.21,49.47,-8.96,3.25,1,8741,2.3,-75.1,2.0
6.0,8890.189740,117.86,3.4,18.75,49.39,-10.42,0.5,1,8613,-0.0,-160.3,4.8
6.0,8890.199740,121.11,3.35,15.68,49.3,-10.42,-2.75,1,8495,-0.5,-222.4,7.3
6.0,8890.209740,124.01,3.31,12.31,49.21,-8.96,-5.5,1,8358,-1.6,-274.2,7.8
6.0,8890.219740,125.68,3.27,8.64,49.1,-6.24,-7.0,1,8239,-0.4,-316.0,10.5
6.0,8890.229740,126.12,3.26,5.6,49.01,-2.64,-7.5,1,8103,-0.7,-262.3,6.0
6.0,8890.239740,125.95,3.26,4.71,48.96,1.33,-6.75,1,7986,0.6,-142.3,4.9
6.0,8890.249741,124.72,3.27,5.62,49.01,5.11,-5.5,1,8873,-0.6,-29.3,0.9
6.0,8890.259740,122.7,3.24,6.95,49.05,8.18,-3.25,1,8745,-2.4,20.1,0.3
6.0,8890.269740,119.97,3.2,8.83,49.12,10.09,-0.5,1,8617,-2.8,138.1,-2.3
6.0,8890.279740,116.72,3.25,12.1,49.23,10.59,2.75,1,8498,3.0,209.7,-5.4
6.0,8890.289740,113.73,3.32,15.55,49.32,9.6,5.5,1,8362,-0.8,273.7,-7.6
6.0,8890.299740,111.53,3.33,19.4,49.43,7.26,7.25,1,8244,1.2,320.8,-9.0
6.0,8890.309740,110.57,3.41,22.76,49.55,3.91,8.0,1,8107,1.6,288.6,-7.6
6.0,8890.319740,110.65,3.45,24.53,49.61,0.0,8.5,1,7979,1.7,209.6,-5.8
6.0,8890.329740,110.57,3.43,24.36,49.6,-3.91,7.75,1,8877,-1.8,61.4,-2.0
6.0,8890.339740,112.24,3.39,22.89,49.55,-7.26,6.25,1,8749,1.2,1.1,0.9
6.0,8890.349740,114.35,3.42,22.03,49.53,-9.6,4.0,1,8623,1.2,-25.7,0.4
6.0,8890.359740,117.25,3.41,20.13,49.45,-10.59,1.25,1,8504,1.1,-163.0,5.4
6.0,8890.369740,120.41,3.37,16.53,49.34,-10.09,-1.75,1,8368,0.3,-222.6,6.0
6.0,8890.379740,123.13,3.32,13.12,49.23,-8.18,-4.75,1,8239,-2.0,-281.9,9.0
6.0,8890.389740,124.8,3.28,9.39,49.15,-5.11,-6.25,1,8112,-0.2,-313.0,9.9
6.0,8890.399740,125.33,3.28,6.42,49.05,-1.33,-6.75,1,7986,0.4,-266.0,6.6
6.0,8890.409753,125.07,3.28,5.53,49.01,2.64,-6.25,1,8886,-0.8,-136.5,4.8
6.0,8890.419752,124.1,3.26,6.53,49.06,6.24,-4.75,1,8758,-0.9,-29.7,1.4
6.0,8890.429753,121.99,3.25,7.75,49.09,8.96,-2.75,1,8643,-1.8,15.4,0.3
6.0,8890.439753,119.36,3.22,9.39,49.15,10.42,-0.0,1,8525,-3.0,119.5,-2.1
6.0,8890.449752,116.19,3.26,12.54,49.25,10.42,3.25,1,8384,3.7,210.5,-5.4
6.0,8890.459755,113.12,3.34,16.12,49.35,8.96,5.75,1,8260,-0.9,267.1,-7.9
6.0,8890.469753,111.09,3.35,19.85,49.46,6.24,7.5,1,8133,2.3,316.6,-8.3
6.0,8890.479753,110.57,3.44,23.24,49.58,2.64,8.0,1,8003,1.1,289.6,-8.3
6.0,8890.489752,111.01,3.46,24.91,49.64,-1.33,7.5,1,8890,1.1,193.9,-5.1
6.0,8890.499752,112.32,3.43,24.3,49.62,-5.11,6.25,1,8765,-2.2,34.8,-1.1
6.0,8890.509753,114.35,3.39,22.08,49.53,-8.18,4.25,1,8637,3.0,-62.9,2.1
6.0,8890.519756,116.89,3.42,19.7,49.45,-10.09,1.5,1,8529,0.5,-141.1,3.9
6.0,8890.529752,120.15,3.37,16.79,49.36,-10.59,-1.75,1,8392,0.0,-212.0,7.0
6.0,8890.539755,122.87,3.32,13.4,49.27,-9.6,-4.5,1,8264,-2.0,-268.2,7.7
6.0,8890.549753,124.54,3.27,9.75,49.16,-7.26,-6.0,1,8135,-0.4,-309.0,10.1
6.0,8890.559753,124.89,3.29,6.8,49.07,-3.91,-6.25,1,8010,1.0,-254.7,6.0
6.0,8890.569756,124.72,3.29,5.9,49.03,-0.0,-5.75,1,8898,-1.0,-144.5,5.1
6.0,8890.579752,123.4,3.26,6.78,49.08,3.91,-4.25,1,8770,-0.8,-21.8,1.2
6.0,8890.589752,121.55,3.25,8.15,49.12,7.26,-2.25,1,8640,-1.8,14.2,0.3
6.0,8890.599756,118.83,3.23,9.91,49.18,9.6,0.5,1,8525,-2.3,139.9,-2.9
6.0,8890.609753,115.58,3.27,13.2,49.29,10.59,3.75,1,8397,2.9,204.0,-4.7
6.0,8890.619752,112.68,3.34,16.55,49.38,10.09,6.5,1,8268,-0.8,270.2,-8.2
6.0,8890.629752,110.3,3.36,20.36,49.49,8.18,8.25,1,8130,1.8,314.9,-8.0
6.0,8890.639753,109.86,3.44,23.71,49.62,5.11,9.0,1,8011,1.1,291.2,-8.2
6.0,8890.649753,109.95,3.46,25.59,49.68,1.33,9.25,1,8900,0.0,211.0,-5.8
6.0,8890.659752,109.86,3.42,25.05,49.65,-2.64,8.75,1,8771,-1.6,26.2,-1.0
6.0,8890.669752,111.09,3.41,23.26,49.59,-6.24,7.5,1,8646,3.1,5.9,0.7
6.0,8890.679756,113.03,3.46,23.04,49.6,-8.96,5.25,1,8529,-0.3,-1.5,0.4
6.0,8890.689753,115.75,3.41,21.63,49.54,-10.42,2.75,1,8399,1.3,-134.2,3.9
6.0,8890.699755,118.92,3.39,18.14,49.42,-10.42,-0.5,1,8273,0.1,-216.2,6.0
6.0,8890.709752,121.73,3.33,14.53,49.32,-8.96,-3.25,1,8134,-1.9,-278.3,9.4
6.0,8890.719753,123.31,3.29,10.78,49.22,-6.24,-4.75,1,8016,0.5,-313.1,8.6
6.0,8890.729753,123.84,3.29,7.82,49.11,-2.64,-5.25,1,8904,-1.2,-262.0,7.7
6.0,8890.739752,123.66,3.27,6.94,49.1,1.33,-4.75,1,8779,0.4,-139.0,4.5
6.0,8890.749752,122.7,3.29,7.85,49.13,5.11,-3.25,1,8648,-0.0,-31.4,1.2
6.0,8890.759756,120.59,3.26,9.13,49.16,8.18,-1.25,1,8533,-2.7,20.1,0.2
6.0,8890.769753,117.95,3.23,10.84,49.23,10.09,1.25,1,8395,-1.8,119.2,-2.1
6.0,8890.779755,114.79,3.28,13.91,49.33,10.59,4.5,1,8278,1.7,208.6,-5.3
6.0,8890.789752,111.62,3.35,17.47,49.43,9.6,7.25,1,8139,1.0,266.3,-7.9
6.0,8890.799756,109.42,3.38,21.2,49.54,7.26,9.0,1,8015,0.2,315.2,-8.6
6.0,8890.809753,108.98,3.45,24.87,49.67,3.91,9.5,1,8912,2.2,318.7,-8.4
6.0,8890.819758,109.34,3.48,26.66,49.74,-0.0,9.0,1,8785,-1.0,175.0,-5.1
6.0,8890.829752,110.57,3.43,25.55,49.69,-3.91,7.75,1,8653,-0.5,32.6,-0.7
6.0,8890.839755,112.41,3.44,23.71,49.63,-7.26,5.75,1,8537,3.8,-41.2,1.3
6.0,8890.849753,115.14,3.45,21.62,49.55,-9.6,3.25,1,8399,-0.9,-135.2,4.2
6.0,8890.859756,118.04,3.37,18.65,49.46,-10.59,0.25,1,8275,0.4,-203.3,6.1
6.0,8890.869752,121.64,3.35,15.34,49.36,-10.09,-3.25,1,8143,-0.6,-262.9,8.1
6.0,8890.879755,124.8,3.31,11.69,49.25,-8.18,-6.25,1,8018,-0.5,-305.9,9.0
6.0,8890.889753,126.56,3.28,7.81,49.14,-5.11,-7.75,1,8916,-1.0,-344.3,10.8
6.0,8890.899756,126.91,3.25,4.54,49.05,-1.33,-8.25,1,8789,-1.3,-289.1,7.5
6.0,8890.909752,126.83,3.25,3.57,49.01,2.64,-7.75,1,8657,0.2,-152.6,5.4
6.0,8890.919755,125.77,3.27,4.61,49.06,6.24,-6.25,1,8542,-0.4,-32.4,1.7
6.0,8890.929753,123.31,3.24,6.0,49.1,8.96,-4.0,1,8404,-2.4,19.1,0.2
6.0,8890.939756,120.67,3.21,7.99,49.16,10.42,-1.25,1,8279,-1.6,147.3,-3.8
6.0,8890.949752,117.42,3.25,11.53,49.26,10.42,2.0,1,8147,1.7,225.6,-5.8
6.0,8890.959752,114.26,3.31,15.06,49.38,8.96,4.75,1,8023,-0.6,275.0,-6.9
6.0,8890.969753,112.06,3.32,18.8,49.49,6.24,6.75,1,8909,0.4,324.7,-9.2
6.0,8890.979756,111.45,3.41,22.22,49.6,2.64,7.25,1,8793,4.4,292.7,-7.7
6.0,8890.989752,111.62,3.47,24.11,49.67,-1.33,6.75,1,8653,-1.2,220.6,-6.3
6.0,8890.999755,112.85,3.41,23.72,49.65,-5.11,5.5,1,8546,0.3,33.6,-0.7
6.0,8891.009753,114.96,3.41,21.42,49.57,-8.18,3.5,1,8408,1.8,-43.3,1.1
6.0,8891.019753,117.42,3.41,19.33,49.5,-10.09,1.0,1,8280,1.0,-132.2,4.8
6.0,8891.029752,120.5,3.38,16.39,49.41,-10.59,-2.0,1,8152,0.1,-204.8,5.2
6.0,8891.039755,123.13,3.32,13.09,49.3,-9.6,-4.75,1,8027,-2.1,-257.4,8.6
6.0,8891.049753,124.8,3.27,9.55,49.22,-7.26,-6.25,1,8914,-0.6,-301.5,9.1
8.0,8893.079739,123.4,3.28,9.2,49.42,0.0,-5.0,1,8615,-1.2,-242.3,7.0
8.0,8893.089740,123.31,3.27,7.59,49.37,3.83,-4.5,1,8479,0.6,-153.9,4.3
8.0,8893.099743,122.34,3.29,8.06,49.38,6.72,-3.25,1,8351,-0.3,-41.7,1.9
8.0,8893.109740,120.59,3.28,9.26,49.43,7.94,-1.25,1,8224,-1.0,7.6,0.3
8.0,8893.119740,117.86,3.25,10.85,49.48,7.2,1.25,1,8094,-3.1,110.5,-1.8
8.0,8893.129740,115.4,3.26,13.9,49.59,4.68,3.75,1,8981,0.8,201.3,-4.9
8.0,8893.139743,113.64,3.34,17.37,49.69,1.0,4.75,1,8857,2.0,256.2,-7.4
8.0,8893.149740,113.64,3.4,20.36,49.78,-2.93,4.75,1,8735,1.1,245.0,-5.7
8.0,8893.159743,114.7,3.4,21.66,49.83,-6.13,3.75,1,8611,-0.6,141.2,-4.6
8.0,8893.169740,116.19,3.38,20.53,49.77,-7.82,2.25,1,8481,2.2,-10.0,0.6
8.0,8893.179743,118.65,3.39,17.96,49.7,-7.57,-0.25,1,8356,0.7,-105.3,3.0
8.0,8893.189740,120.67,3.35,15.24,49.61,-5.45,-2.25,1,8220,-0.7,-177.4,5.1
8.0,8893.199740,121.55,3.31,12.2,49.52,-1.98,-3.25,1,8090,-0.4,-231.4,7.3
8.0,8893.209740,121.64,3.29,9.76,49.45,1.98,-3.25,1,8985,-0.3,-189.8,5.0
8.0,8893.219743,121.46,3.29,9.34,49.43,5.45,-2.25,1,8862,-0.2,-84.4,3.0
8.0,8893.229740,119.79,3.29,10.38,49.48,7.57,-0.5,1,8741,-1.0,-0.8,0.9
8.0,8893.239743,117.33,3.26,11.66,49.52,7.82,1.75,1,8616,-2.9,43.9,-0.4
8.0,8893.249740,115.14,3.24,13.86,49.59,6.13,4.0,1,8476,-1.2,176.2,-4.4
8.0,8893.259743,113.73,3.33,17.53,49.7,2.93,4.75,1,8361,4.0,234.5,-6.2
8.0,8893.269740,113.55,3.41,20.33,49.8,-1.0,4.75,1,8221,-0.8,221.6,-5.4
8.0,8893.279740,114.52,3.38,21.61,49.84,-4.68,3.75,1,8094,0.8,140.7,-3.8
8.0,8893.289740,116.19,3.41,20.62,49.8,-7.2,2.25,1,8990,2.7,-18.0,0.3
8.0,8893.299741,118.48,3.4,18.0,49.71,-7.94,-0.25,1,8865,0.4,-103.9,3.2
8.0,8893.309740,120.94,3.35,15.38,49.63,-6.72,-2.5,1,8745,-0.9,-175.5,5.0
8.0,8893.319743,122.61,3.3,12.31,49.54,-3.83,-4.25,1,8620,-0.6,-235.3,7.4
8.0,8893.329740,123.31,3.28,9.31,49.46,0.0,-4.75,1,8481,-0.7,-240.0,7.1
8.0,8893.339742,123.31,3.28,7.72,49.4,3.83,-4.5,1,8365,0.4,-154.7,4.1
8.0,8893.349740,122.34,3.29,8.13,49.41,6.72,-3.25,1,8226,-0.5,-44.4,2.0
8.0,8893.359740,120.5,3.28,9.31,49.46,7.94,-1.25,1,8099,-1.0,7.4,0.5
8.0,8893.369740,117.86,3.25,10.95,49.52,7.2,1.5,1,8995,-3.3,112.7,-2.0
8.0,8893.379743,115.31,3.26,13.98,49.61,4.68,3.75,1,8871,1.0,197.4,-4.8
8.0,8893.389740,113.55,3.35,17.4,49.72,1.0,4.75,1,8740,2.1,257.5,-7.3
8.0,8893.399740,113.64,3.4,20.41,49.81,-2.93,4.75,1,8622,1.3,241.4,-5.9
8.0,8893.409740,114.52,3.4,21.73,49.86,-6.13,3.75,1,8485,-0.8,147.4,-4.6
8.0,8893.419740,116.28,3.38,20.67,49.81,-7.82,2.25,1,8358,2.1,-11.9,0.4
8.0,8893.429740,118.48,3.4,18.05,49.73,-7.57,-0.25,1,8230,1.0,-102.5,3.1
8.0,8893.439743,120.5,3.35,15.39,49.64,-5.45,-2.25,1,8106,-0.9,-175.7,5.0
8.0,8893.449740,121.55,3.3,12.33,49.55,-1.98,-3.25,1,9001,-0.6,-232.3,7.2
8.0,8893.459740,121.55,3.29,9.92,49.48,1.98,-3.0,1,8873,-0.0,-184.5,4.7
8.0,8893.469740,121.55,3.29,9.54,49.46,5.45,-2.25,1,8745,-0.4,-86.2,3.4
8.0,8893.479740,119.79,3.29,10.53,49.51,7.57,-0.25,1,8626,-0.7,1.1,0.4
8.0,8893.489740,117.42,3.27,11.72,49.54,7.82,1.75,1,8490,-2.5,31.8,-0.1
8.0,8893.499740,115.05,3.25,13.8,49.61,6.13,4.0,1,8362,-1.8,177.4,-4.3
8.0,8893.509740,113.55,3.33,17.57,49.73,2.93,5.0,1,8235,4.1,231.0,-6.1
8.0,8893.519743,113.64,3.4,20.32,49.82,-1.0,4.75,1,8110,-1.1,221.6,-5.4
8.0,8893.529740,114.61,3.38,21.63,49.87,-4.68,3.75,1,8995,1.3,140.0,-3.8
8.0,8893.539740,116.28,3.42,20.62,49.83,-7.2,2.25,1,8876,2.6,-19.5,0.5
8.0,8893.549740,118.56,3.4,17.97,49.74,-7.94,-0.25,1,8749,0.2,-105.1,3.1
8.0,8893.559740,121.11,3.34,15.34,49.65,-6.72,-2.75,1,8630,-1.0,-177.1,4.9
8.0,8893.569740,122.7,3.3,12.26,49.56,-3.83,-4.25,1,8494,-0.4,-236.1,7.4
8.0,8893.579740,123.22,3.28,9.25,49.48,-0.0,-4.75,1,8368,-1.1,-242.2,7.1
8.0,8893.589740,123.31,3.27,7.66,49.42,3.83,-4.5,1,8231,0.6,-153.0,4.2
8.0,8893.599743,122.43,3.29,8.11,49.44,6.72,-3.25,1,8115,-0.4,-44.2,1.9
8.0,8893.609740,120.59,3.27,9.28,49.48,7.94,-1.25,1,9002,-1.1,7.9,0.4
8.0,8893.619740,117.95,3.24,10.89,49.54,7.2,1.25,1,8872,-3.5,109.6,-1.9
8.0,8893.629740,115.4,3.25,13.87,49.64,4.68,3.75,1,8756,1.3,196.3,-4.7
8.0,8893.639740,113.73,3.35,17.31,49.74,1.0,4.75,1,8635,1.9,256.9,-7.2
8.0,8893.649740,113.73,3.4,20.35,49.84,-2.93,4.75,1,8499,1.4,243.2,-6.0
8.0,8893.659740,114.79,3.4,21.63,49.88,-6.13,3.75,1,8371,-0.7,142.3,-4.5
8.0,8893.669740,116.28,3.38,20.51,49.83,-7.82,2.0,1,8235,2.3,-11.6,0.5
8.0,8893.679742,118.83,3.4,17.9,49.75,-7.57,-0.25,1,8110,0.8,-107.0,3.1
8.0,8893.689740,120.67,3.35,15.17,49.66,-5.45,-2.25,1,9004,-0.7,-178.0,5.1
8.0,8893.699740,121.82,3.31,12.13,49.57,-1.98,-3.25,1,8877,-0.5,-232.7,7.2
8.0,8893.709740,121.9,3.29,9.66,49.5,1.98,-3.25,1,8758,-0.6,-191.8,5.2
8.0,8893.719740,121.46,3.29,9.23,49.48,5.45,-2.25,1,8639,-0.1,-84.6,3.0
8.0,8893.729740,119.79,3.29,10.3,49.52,7.57,-0.5,1,8505,-0.8,0.2,0.7
8.0,8893.739740,117.42,3.26,11.64,49.57,7.82,1.75,1,8376,-2.9,49.0,-0.5
8.0,8893.749740,115.14,3.25,13.89,49.64,6.13,4.0,1,8243,-1.1,175.9,-4.4
8.0,8893.759740,113.55,3.33,17.5,49.75,2.93,4.75,1,8112,3.9,234.8,-6.2
8.0,8893.769740,113.55,3.41,20.3,49.85,-1.0,4.75,1,9008,-0.7,220.7,-5.4
8.0,8893.779740,114.52,3.38,21.59,49.89,-4.68,3.75,1,8881,0.7,143.5,-3.9
8.0,8893.789740,116.1,3.41,20.64,49.85,-7.2,2.25,1,8763,2.7,-17.6,0.4
8.0,8893.799740,118.65,3.4,18.0,49.76,-7.94,-0.25,1,8644,0.4,-103.7,3.2
8.0,8893.809740,120.94,3.35,15.41,49.68,-6.72,-2.5,1,8499,-0.9,-173.1,4.9
8.0,8893.819740,122.7,3.3,12.35,49.59,-3.83,-4.25,1,8380,-0.7,-235.9,7.1
8.0,8893.829740,123.31,3.28,9.32,49.51,-0.0,-4.75,1,8247,-0.8,-240.5,7.5
8.0,8893.839740,123.22,3.28,7.74,49.46,3.83,-4.25,1,8117,0.2,-153.1,3.9
8.0,8893.849740,122.34,3.29,8.17,49.47,6.72,-3.25,1,9013,-0.2,-45.0,2.4
8.0,8893.859740,120.5,3.28,9.32,49.52,7.94,-1.0,1,8886,-1.2,7.7,0.0
8.0,8893.869740,117.69,3.24,10.97,49.57,7.2,1.5,1,8767,-3.4,112.2,-1.8
8.0,8893.879740,115.22,3.26,14.02,49.67,4.68,3.75,1,8640,1.5,200.3,-4.9
8.0,8893.889740,113.55,3.35,17.46,49.77,1.0,4.75,1,8506,1.4,256.0,-7.3
8.0,8893.899740,113.47,3.4,20.44,49.87,-2.93,4.75,1,8376,1.6,242.1,-5.8
8.0,8893.909740,114.43,3.4,21.78,49.92,-6.13,4.0,1,8248,-1.3,148.0,-4.7
8.0,8893.919740,116.1,3.38,20.72,49.86,-7.82,2.25,1,8121,2.5,-11.7,0.7
8.0,8893.929740,118.65,3.4,18.12,49.79,-7.57,-0.0,1,9017,1.3,-100.8,2.7
8.0,8893.939740,120.5,3.36,15.47,49.7,-5.45,-2.25,1,8890,-0.8,-175.6,5.4
8.0,8893.949740,121.38,3.31,12.38,49.61,-1.98,-3.0,1,8772,-0.8,-234.4,6.9
8.0,8893.959740,121.64,3.29,9.92,49.53,1.98,-3.0,1,8644,0.2,-187.2,5.2
8.0,8893.969740,121.46,3.3,9.57,49.52,5.45,-2.25,1,8508,-0.4,-82.1,2.8
8.0,8893.979740,119.71,3.29,10.59,49.56,7.57,-0.25,1,8381,-1.0,-2.9,0.9
8.0,8893.989740,117.42,3.27,11.67,49.6,7.82,1.75,1,8256,-2.4,28.0,0.1
8.0,8893.999740,115.14,3.25,13.76,49.67,6.13,3.75,1,8126,-1.2,178.9,-4.8
8.0,8894.009740,113.73,3.33,17.52,49.78,2.93,4.75,1,9016,3.5,224.9,-5.7
8.0,8894.019740,113.73,3.4,20.22,49.88,-1.0,4.75,1,8895,-0.8,224.3,-5.7
8.0,8894.029743,114.79,3.38,21.56,49.92,-4.68,3.75,1,8779,0.9,133.6,-3.8
8.0,8894.039740,116.37,3.41,20.44,49.87,-7.2,2.0,1,8649,2.8,-20.6,0.8
8.0,8894.049740,118.83,3.4,17.83,49.79,-7.94,-0.25,1,8516,0.1,-107.0,3.0
8.0,8894.059740,121.2,3.34,15.17,49.7,-6.72,-2.75,1,8385,-1.0,-179.2,4.8
8.0,8894.069740,122.87,3.3,12.09,49.61,-3.83,-4.5,1,8261,-0.3,-236.3,7.7
8.0,8894.079740,123.49,3.28,9.09,49.53,0.0,-5.25,1,8130,-1.6,-242.4,7.2
8.0,8894.089740,123.49,3.27,7.46,49.48,3.83,-4.75,1,9018,1.0,-157.8,4.4
8.0,8894.099740,122.61,3.29,7.9,49.49,6.72,-3.25,1,8891,-0.3,-40.4,1.6
8.0,8894.109743,120.67,3.28,9.15,49.53,7.94,-1.25,1,8783,-1.1,7.7,0.6
8.0,8894.119740,118.21,3.24,10.7,49.59,7.2,1.25,1,8653,-3.5,107.6,-1.7
8.0,8894.129743,115.58,3.25,13.72,49.69,4.68,3.5,1,8520,1.3,201.7,-5.1
8.0,8894.139740,113.82,3.34,17.2,49.79,1.0,4.75,1,8390,1.6,253.8,-7.2
8.0,8894.149740,113.82,3.39,20.22,49.89,-2.93,4.75,1,8256,1.7,250.1,-5.9
8.0,8894.159740,114.96,3.4,21.55,49.94,-6.13,3.5,1,8126,-1.1,136.6,-4.5
8.0,8894.169740,116.63,3.38,20.3,49.88,-7.82,1.75,1,9025,2.9,-11.7,0.6
8.0,8894.179740,118.92,3.4,17.71,49.8,-7.57,-0.5,1,8897,0.6,-110.3,3.2
8.0,8894.189741,120.94,3.34,14.9,49.7,-5.45,-2.75,1,8786,-0.6,-182.4,4.9
8.0,8894.199740,122.08,3.31,11.83,49.61,-1.98,-3.5,1,8660,-0.4,-235.6,7.6
8.0,8894.209743,121.99,3.28,9.43,49.55,1.98,-3.5,1,8524,-1.3,-186.6,5.2
8.0,8894.219740,121.73,3.28,9.02,49.53,5.45,-2.25,1,8394,0.9,-90.2,2.9
8.0,8894.229743,119.88,3.3,9.99,49.57,7.57,-0.5,1,8261,-1.0,0.9,0.5
8.0,8894.239740,117.51,3.26,11.54,49.62,7.82,1.75,1,8130,-3.2,63.8,-0.6
8.0,8894.249740,114.96,3.24,13.93,49.71,6.13,4.0,1,9026,-1.0,176.1,-4.1
8.0,8894.259740,113.55,3.33,17.47,49.81,2.93,5.0,1,8899,3.7,242.0,-6.7
8.0,8894.269740,113.47,3.41,20.51,49.91,-1.0,5.0,1,8781,0.0,237.3,-5.8
8.0,8894.279740,114.35,3.4,21.77,49.96,-4.68,4.0,1,8662,1.1,131.4,-3.6
8.0,8894.289740,116.1,3.41,20.61,49.91,-7.2,2.25,1,8517,1.4,-10.8,0.1
8.0,8894.299740,118.48,3.39,18.17,49.83,-7.94,-0.0,1,8401,0.6,-101.3,3.3
8.0,8894.309743,121.2,3.35,15.53,49.75,-6.72,-2.75,1,8266,-1.0,-173.5,5.1
8.0,8894.319740,123.57,3.3,12.46,49.65,-3.83,-5.25,1,8135,-0.6,-235.1,7.0
8.0,8894.329740,124.8,3.28,9.07,49.56,0.0,-6.25,1,9031,-1.5,-277.6,8.6
8.0,8894.339740,124.89,3.26,6.42,49.48,3.83,-6.25,1,8907,0.6,-222.1,5.7
8.0,8894.349741,124.8,3.28,5.98,49.45,6.72,-5.25,1,8786,0.0,-99.2,3.3
8.0,8894.359740,123.05,3.27,7.13,49.5,7.94,-3.75,1,8658,-0.8,-7.7,0.9
8.0,8894.369740,120.67,3.23,8.39,49.55,7.2,-1.25,1,8522,-3.7,33.8,0.3
8.0,8894.379740,118.12,3.22,10.64,49.62,4.68,0.75,1,8403,0.9,184.2,-4.9
8.0,8894.389741,116.63,3.3,14.49,49.73,1.0,1.75,1,8269,0.9,234.2,-5.7
8.0,8894.399740,116.72,3.35,17.35,49.83,-2.93,1.75,1,8140,2.4,236.5,-6.3
8.0,8894.409743,117.42,3.38,18.65,49.87,-6.13,0.75,1,9038,0.3,127.5,-3.3
8.0,8894.419740,119.18,3.36,17.44,49.82,-7.82,-0.75,1,8909,1.1,-12.7,0.1
8.0,8894.429740,121.29,3.35,15.11,49.74,-7.57,-2.75,1,8790,0.4,-92.6,3.1
8.0,8894.439740,123.22,3.32,12.61,49.67,-5.45,-4.75,1,8663,-0.4,-170.3,5.1
8.0,8894.449739,124.19,3.29,9.69,49.59,-1.98,-5.75,1,8526,-0.8,-213.8,6.6
8.0,8894.459740,123.93,3.27,7.45,49.52,1.98,-5.25,1,8399,0.0,-180.5,4.6
8.0,8894.469740,123.4,3.28,7.1,49.5,5.45,-4.25,1,8271,0.3,-68.6,1.9
8.0,8894.479740,121.55,3.28,8.28,49.54,7.57,-2.25,1,8144,-1.2,5.9,0.4
8.0,8894.489743,118.92,3.23,9.8,49.6,7.82,0.25,1,9035,-4.6,78.3,-0.5
8.0,8894.499740,116.46,3.25,12.54,49.7,6.13,2.75,1,8913,3.8,201.4,-5.0
8.0,8894.509740,114.61,3.36,16.26,49.8,2.93,3.75,1,8795,-0.0,248.9,-7.2
8.0,8894.519740,114.79,3.37,19.16,49.89,-1.0,3.75,1,8667,2.2,242.6,-5.6
8.0,8894.529740,115.4,3.39,20.65,49.94,-4.68,3.0,1,8531,-1.4,154.8,-5.3
8.0,8894.539740,116.98,3.36,19.74,49.89,-7.2,1.5,1,8403,1.6,-2.6,0.8
8.0,8894.549740,119.09,3.38,17.28,49.83,-7.94,-0.75,1,8276,1.2,-88.5,2.6
8.0,8894.559740,121.64,3.35,14.81,49.74,-6.72,-3.0,1,8148,-0.6,-161.5,4.3
8.0,8894.569743,123.13,3.3,11.84,49.65,-3.83,-4.75,1,9039,-0.5,-224.0,7.2
8.0,8894.579740,123.57,3.28,8.98,49.58,-0.0,-5.25,1,8918,-0.8,-224.1,6.7
8.0,8894.589740,123.57,3.28,7.53,49.53,3.83,-4.75,1,8799,0.7,-144.4,4.2
8.0,8894.599740,122.52,3.29,8.01,49.54,6.72,-3.25,1,8671,-0.5,-32.0,1.2
8.0,8894.609740,120.41,3.27,9.21,49.59,7.94,-1.25,1,8535,-1.1,7.4,0.8
8.0,8894.619740,117.86,3.25,10.85,49.65,7.2,1.5,1,8408,-2.9,125.4,-2.6
8.0,8894.629740,115.22,3.26,14.09,49.75,4.68,3.75,1,8272,1.2,205.3,-5.1
8.0,8894.639740,113.47,3.35,17.49,49.86,1.0,5.0,1,8153,1.4,260.4,-7.2
8.0,8894.649743,113.47,3.39,20.47,49.95,-2.93,5.0,1,9043,1.1,242.6,-6.1
8.0,8894.659740,114.35,3.4,21.87,50.0,-6.13,4.25,1,8914,-0.8,157.9,-4.8
8.0,8894.669740,116.02,3.38,20.92,49.95,-7.82,2.25,1,8803,2.0,-10.6,0.3
8.0,8894.679740,118.3,3.4,18.25,49.87,-7.57,0.25,1,8676,1.4,-97.7,3.0
8.0,8894.689740,120.41,3.36,15.65,49.79,-5.45,-2.0,1,8539,-0.9,-173.1,5.2
8.0,8894.699740,121.38,3.3,12.56,49.7,-1.98,-2.75,1,8412,-0.8,-233.8,7.0
8.0,8894.709740,121.55,3.29,10.09,49.62,1.98,-2.75,1,8276,0.4,-186.0,4.8
8.0,8894.719740,121.29,3.29,9.76,49.6,5.45,-2.0,1,8159,-0.7,-81.1,3.0
8.0,8894.729741,119.79,3.29,10.76,49.65,7.57,-0.25,1,9047,-0.5,-4.6,1.0
8.0,8894.739740,117.6,3.28,11.73,49.68,7.82,1.75,1,8921,-1.9,20.0,-0.1
8.0,8894.749740,115.22,3.26,13.67,49.74,6.13,3.75,1,8808,-1.7,169.8,-4.1
8.0,8894.759740,113.64,3.32,17.43,49.86,2.93,4.75,1,8680,3.2,226.1,-5.6
8.0,8894.769740,113.73,3.39,20.21,49.96,-1.0,4.75,1,8535,-1.3,222.1,-5.6
8.0,8894.779740,114.7,3.38,21.52,50.0,-4.68,3.75,1,8417,1.4,134.2,-3.5
8.0,8894.789740,116.37,3.41,20.43,49.95,-7.2,2.0,1,8281,2.4,-20.2,0.2
8.0,8894.799740,118.83,3.39,17.79,49.86,-7.94,-0.25,1,8163,0.3,-110.3,3.6
8.0,8894.809740,121.29,3.34,15.1,49.78,-6.72,-2.75,1,9051,-0.9,-178.4,4.9
8.0,8894.819740,123.05,3.31,12.05,49.69,-3.83,-4.5,1,8922,-0.2,-237.4,7.3
8.0,8894.829740,123.57,3.28,9.03,49.61,0.0,-5.25,1,8803,-1.7,-243.2,7.5
8.0,8894.839740,123.49,3.26,7.4,49.56,3.83,-4.75,1,8685,0.7,-156.4,4.3
8.0,8894.849740,122.61,3.29,7.83,49.57,6.72,-3.25,1,8540,-0.2,-44.1,1.9
8.0,8894.859740,120.67,3.27,9.04,49.61,7.94,-1.25,1,8421,-1.2,8.9,0.3
8.0,8894.869740,118.21,3.24,10.65,49.67,7.2,1.25,1,8285,-3.3,107.2,-1.9
8.0,8894.879740,115.66,3.25,13.62,49.77,4.68,3.5,1,8168,1.1,199.3,-4.7
8.0,8894.889740,113.82,3.34,17.11,49.87,1.0,4.5,1,9045,2.1,256.3,-7.2
8.0,8894.899740,113.91,3.4,20.09,49.97,-2.93,4.5,1,8930,1.1,241.2,-5.8
8.0,8894.909740,115.05,3.4,21.47,50.02,-6.13,3.5,1,8808,-0.2,153.2,-5.0
8.0,8894.919740,116.63,3.39,20.39,49.96,-7.82,1.75,1,8681,2.6,-19.6,0.8
8.0,8894.929740,118.92,3.4,17.56,49.88,-7.57,-0.75,1,8544,0.3,-110.4,3.1
8.0,8894.939740,121.11,3.34,14.82,49.78,-5.45,-2.75,1,8419,-0.8,-183.1,5.1
8.0,8894.949740,122.17,3.3,11.74,49.69,-1.98,-3.75,1,8290,-0.4,-236.1,7.4
8.0,8894.959740,122.26,3.28,9.33,49.63,1.98,-3.5,1,8171,-1.3,-187.7,5.3
8.0,8894.969740,121.73,3.28,8.92,49.61,5.45,-2.5,1,9050,0.9,-89.5,2.8
8.0,8894.979740,120.06,3.3,9.9,49.64,7.57,-0.75,1,8931,-0.8,-0.3,0.5
8.0,8894.989740,117.6,3.26,11.38,49.7,7.82,1.75,1,8812,-3.0,58.8,-0.3
8.0,8894.999740,115.14,3.25,13.75,49.78,6.13,3.75,1,8687,-1.0,178.5,-4.3
8.0,8895.009740,113.64,3.33,17.36,49.89,2.93,4.75,1,8549,3.8,241.1,-6.6
8.0,8895.019740,113.64,3.41,20.29,49.99,-1.0,4.75,1,8421,-0.6,230.3,-5.5
8.0,8895.029740,114.43,3.38,21.64,50.03,-4.68,4.0,1,8297,0.1,146.2,-4.3
8.0,8895.039740,116.1,3.4,20.66,49.99,-7.2,2.25,1,8175,2.9,-14.4,0.7
8.0,8895.049740,118.56,3.41,18.07,49.91,-7.94,-0.0,1,9055,0.5,-98.5,2.8
8.0,8895.059740,121.11,3.35,15.5,49.82,-6.72,-2.75,1,8936,-0.8,-173.1,4.9
8.0,8895.069740,123.57,3.31,12.43,49.73,-3.83,-5.25,1,8817,-0.9,-232.7,7.3
8.0,8895.079757,124.89,3.28,9.05,49.64,0.0,-6.25,1,8707,-1.3,-277.7,8.6
8.0,8895.089752,124.8,3.27,6.4,49.56,3.83,-6.25,1,8570,0.6,-220.1,5.4
8.0,8895.099756,124.89,3.28,5.97,49.53,6.72,-5.25,1,8443,-0.4,-100.8,3.6
8.0,8895.109753,122.96,3.27,7.13,49.59,7.94,-3.75,1,8312,-0.5,-3.7,1.0
8.0,8895.119752,120.76,3.24,8.39,49.63,7.2,-1.25,1,8184,-3.4,29.3,-0.0
8.0,8895.129753,118.12,3.22,10.54,49.7,4.68,0.75,1,9073,0.4,181.6,-4.5
8.0,8895.139756,116.72,3.3,14.43,49.82,1.0,1.75,1,8949,1.5,237.2,-6.0
8.0,8895.149752,116.72,3.36,17.31,49.91,-2.93,1.75,1,8835,1.6,232.2,-6.2
8.0,8895.159756,117.6,3.38,18.59,49.95,-6.13,0.75,1,8711,1.1,133.2,-3.4
8.0,8895.169753,119.18,3.37,17.47,49.9,-7.82,-0.75,1,8572,0.8,-13.2,0.1
8.0,8895.179755,121.29,3.35,15.09,49.83,-7.57,-2.75,1,8447,0.2,-92.0,3.1
8.0,8895.189753,123.22,3.32,12.61,49.76,-5.45,-4.75,1,8308,-0.5,-169.2,5.1
8.0,8895.199753,124.19,3.29,9.71,49.67,-1.98,-5.75,1,8190,-0.8,-212.7,6.5
8.0,8895.209752,123.93,3.27,7.46,49.6,1.98,-5.25,1,9076,0.1,-180.9,4.7
8.0,8895.219755,123.4,3.28,7.1,49.58,5.45,-4.25,1,8952,0.0,-68.4,2.0
8.0,8895.229753,121.46,3.27,8.29,49.62,7.57,-2.25,1,8840,-1.2,7.1,0.7
8.0,8895.239755,119.0,3.23,9.82,49.69,7.82,0.25,1,8715,-4.3,77.4,-0.8
8.0,8895.249752,116.54,3.25,12.53,49.78,6.13,2.75,1,8575,3.5,200.6,-5.1
8.0,8895.259756,114.7,3.36,16.24,49.88,2.93,3.75,1,8452,0.5,248.3,-7.1
8.0,8895.269752,114.61,3.37,19.15,49.97,-1.0,3.75,1,8312,2.0,242.5,-5.6
8.0,8895.279752,115.49,3.39,20.65,50.03,-4.68,3.0,1,8193,-1.2,155.9,-5.3
8.0,8895.289753,116.98,3.36,19.76,49.98,-7.2,1.5,1,9082,1.2,-1.8,0.5
8.0,8895.299755,119.09,3.38,17.28,49.91,-7.94,-0.75,1,8957,1.5,-90.3,3.0
8.0,8895.309752,121.46,3.35,14.81,49.83,-6.72,-3.0,1,8835,-0.9,-159.1,4.4
8.0,8895.319756,123.05,3.3,11.89,49.74,-3.83,-4.75,1,8720,-0.2,-223.1,6.7
8.0,8895.329756,123.49,3.28,9.0,49.66,-0.0,-5.25,1,8584,-1.1,-224.4,7.1
8.0,8895.339755,123.4,3.27,7.55,49.62,3.83,-4.5,1,8455,0.5,-144.7,4.0
8.0,8895.349753,122.52,3.29,8.01,49.63,6.72,-3.25,1,8317,0.1,-33.2,1.6
8.0,8895.359756,120.41,3.28,9.2,49.67,7.94,-1.0,1,8201,-1.3,7.6,0.3
8.0,8895.369752,117.77,3.24,10.83,49.73,7.2,1.5,1,9088,-3.4,122.0,-2.1
8.0,8895.379756,115.14,3.26,14.05,49.84,4.68,3.75,1,8962,1.8,208.2,-5.3
8.0,8895.389753,113.38,3.35,17.54,49.94,1.0,5.25,1,8840,1.0,262.0,-7.4
8.0,8895.399753,113.38,3.39,20.58,50.03,-2.93,5.25,1,8712,1.6,250.2,-6.2
8.0,8895.409753,114.17,3.4,22.03,50.09,-6.13,4.25,1,8585,-1.0,157.0,-4.9
8.0,8895.419756,115.84,3.38,21.03,50.04,-7.82,2.5,1,8461,1.8,-6.8,0.5
8.0,8895.429752,117.95,3.39,18.44,49.96,-7.57,0.25,1,8323,1.3,-95.0,2.9
8.0,8895.439753,120.15,3.36,15.86,49.88,-5.45,-1.75,1,8206,-0.6,-170.2,5.0
8.0,8895.449752,120.85,3.31,12.83,49.79,-1.98,-2.5,1,9081,-0.5,-227.8,6.6
8.0,8895.459754,120.85,3.3,10.45,49.71,1.98,-2.5,1,8963,0.4,-179.8,4.9
8.0,8895.469752,120.85,3.3,10.18,49.7,5.45,-1.75,1,8843,-0.7,-75.4,3.0
8.0,8895.479753,119.18,3.29,11.2,49.75,7.57,-0.0,1,8717,-0.4,-2.4,0.5
8.0,8895.489752,117.07,3.28,12.12,49.78,7.82,2.25,1,8589,-2.5,19.2,0.3
8.0,8895.499755,114.87,3.27,14.04,49.84,6.13,4.25,1,8456,-0.5,170.0,-4.5
8.0,8895.509753,113.2,3.33,17.81,49.95,2.93,5.25,1,8327,1.7,226.3,-5.9
8.0,8895.519752,113.47,3.39,20.63,50.05,-1.0,5.25,1,8210,-0.2,225.5,-5.8
8.0,8895.529752,114.35,3.4,21.92,50.1,-4.68,4.25,1,9086,1.8,130.1,-3.0
8.0,8895.539753,115.93,3.42,20.77,50.05,-7.2,2.5,1,8968,1.9,-19.8,0.1
8.0,8895.549752,118.21,3.39,18.24,49.96,-7.94,0.25,1,8848,-0.1,-102.8,3.4
8.0,8895.559753,121.03,3.34,15.64,49.89,-6.72,-2.75,1,8721,-0.9,-177.1,5.3
8.0,8895.569753,123.49,3.3,12.55,49.79,-3.83,-5.25,1,8586,-0.9,-235.1,7.0
8.0,8895.579754,124.72,3.28,9.18,49.7,0.0,-6.25,1,8459,-0.8,-278.6,8.4
8.0,8895.589752,124.8,3.27,6.51,49.61,3.83,-6.25,1,8330,0.2,-223.6,5.7
8.0,8895.599756,124.72,3.27,6.02,49.59,6.72,-5.25,1,8215,-0.5,-104.0,3.6
8.0,8895.609753,122.78,3.27,7.17,49.64,7.94,-3.5,1,9091,-0.2,-4.3,0.8
8.0,8895.619752,120.5,3.24,8.5,49.69,7.2,-1.25,1,8972,-3.6,33.2,0.1
8.0,8895.629753,118.12,3.22,10.74,49.76,4.68,1.0,1,8854,0.1,186.1,-4.5
8.0,8895.639753,116.63,3.3,14.62,49.87,1.0,2.0,1,8726,2.1,235.3,-6.1
8.0,8895.649752,116.54,3.36,17.41,49.96,-2.93,1.75,1,8592,1.5,230.1,-5.9
8.0,8895.659753,117.42,3.37,18.69,50.01,-6.13,1.0,1,8463,0.5,132.5,-3.6
8.0,8895.669753,119.0,3.36,17.58,49.96,-7.82,-0.75,1,8335,1.1,-13.2,0.2
8.0,8895.679755,121.2,3.35,15.17,49.88,-7.57,-2.75,1,8210,0.1,-95.1,3.0
8.0,8895.689753,123.22,3.32,12.63,49.81,-5.45,-4.75,1,9096,-0.3,-172.3,5.3
8.0,8895.699753,124.01,3.29,9.71,49.73,-1.98,-5.5,1,8968,-0.9,-215.3,6.7
8.0,8895.709752,123.93,3.27,7.46,49.66,1.98,-5.25,1,8857,0.0,-181.3,4.6
8.0,8895.719752,123.31,3.28,7.11,49.63,5.45,-4.25,1,8730,-0.0,-69.2,2.1
8.0,8895.729753,121.55,3.27,8.31,49.68,7.57,-2.25,1,8595,-1.2,7.9,0.3
8.0,8895.739753,118.92,3.23,9.86,49.74,7.82,0.25,1,8467,-4.0,77.9,-0.9
8.0,8895.749752,116.54,3.25,12.52,49.83,6.13,2.75,1,8330,3.1,196.2,-4.7
8.0,8895.759756,114.61,3.35,16.21,49.94,2.93,3.75,1,8215,0.9,249.9,-7.2
8.0,8895.769752,114.79,3.37,19.15,50.03,-1.0,3.75,1,9099,1.4,240.9,-5.7
8.0,8895.779752,115.31,3.39,20.63,50.08,-4.68,3.0,1,8971,-0.8,157.0,-5.3
8.0,8895.789753,116.98,3.36,19.76,50.03,-7.2,1.5,1,8866,1.2,-3.9,0.8
8.0,8895.799752,119.18,3.37,17.27,49.97,-7.94,-0.75,1,8734,1.3,-88.0,2.7
8.0,8895.809752,121.46,3.35,14.82,49.88,-6.72,-3.0,1,8598,-0.5,-160.4,4.1
8.0,8895.819753,123.13,3.3,11.87,49.79,-3.83,-4.75,1,8472,-0.4,-222.8,7.1
8.0,8895.829757,123.49,3.28,9.0,49.72,0.0,-5.25,1,8339,-1.0,-224.7,6.9
8.0,8895.839754,123.4,3.27,7.53,49.67,3.83,-4.75,1,8218,0.7,-145.2,4.3
8.0,8895.849753,122.43,3.29,7.99,49.68,6.72,-3.25,1,9105,-0.3,-33.0,1.4
8.0,8895.859753,120.41,3.27,9.19,49.73,7.94,-1.25,1,8976,-1.2,7.6,0.5
8.0,8895.869755,117.86,3.24,10.82,49.79,7.2,1.5,1,8861,-3.1,121.7,-2.3
8.0,8895.879753,115.31,3.26,14.01,49.89,4.68,3.75,1,8740,1.5,205.4,-5.0
8.0,8895.889756,113.47,3.35,17.45,49.99,1.0,5.0,1,8606,1.2,260.2,-7.2
8.0,8895.899752,113.38,3.39,20.46,50.09,-2.93,5.0,1,8475,1.3,246.2,-6.3
8.0,8895.909756,114.35,3.39,21.89,50.13,-6.13,4.25,1,8343,-1.2,157.0,-4.8
8.0,8895.919753,116.02,3.38,20.91,50.09,-7.82,2.25,1,8221,2.6,-8.7,0.4
8.0,8895.929752,118.21,3.4,18.29,50.01,-7.57,0.25,1,9111,1.2,-96.6,2.7
8.0,8895.939753,120.41,3.36,15.68,49.92,-5.45,-2.0,1,8981,-0.8,-173.1,5.5
8.0,8895.949756,121.38,3.31,12.59,49.83,-1.98,-2.75,1,8866,-0.9,-232.1,6.7
8.0,8895.959752,121.38,3.29,10.12,49.75,1.98,-2.75,1,8735,0.4,-187.8,5.2
8.0,8895.969755,121.38,3.29,9.75,49.74,5.45,-2.0,1,8610,-0.9,-82.1,2.9
8.0,8895.979753,119.71,3.28,10.76,49.79,7.57,-0.25,1,8481,-0.4,-4.4,0.9
8.0,8895.989755,117.42,3.28,11.7,49.82,7.82,1.75,1,8346,-1.6,16.6,-0.0
8.0,8895.999755,115.22,3.26,13.61,49.87,6.13,3.75,1,8228,-2.0,169.9,-4.2
8.0,8896.009753,113.55,3.32,17.39,50.0,2.93,4.75,1,9105,3.5,225.0,-5.7
8.0,8896.019752,113.73,3.39,20.16,50.09,-1.0,4.75,1,8976,-1.4,222.1,-5.5
8.0,8896.029755,114.7,3.37,21.49,50.13,-4.68,3.75,1,8869,1.2,135.1,-3.6
8.0,8896.039753,116.37,3.41,20.41,50.09,-7.2,1.75,1,8740,2.7,-20.3,0.4
8.0,8896.049755,118.74,3.39,17.76,50.0,-7.94,-0.5,1,8606,0.2,-110.2,3.3
8.0,8896.059752,121.29,3.34,15.06,49.91,-6.72,-2.75,1,8479,-0.7,-180.1,5.0
8.0,8896.069756,122.96,3.31,12.01,49.82,-3.83,-4.75,1,8352,-0.4,-235.1,7.4
8.0,8896.079756,123.49,3.28,9.04,49.75,-0.0,-5.25,1,8233,-1.7,-242.3,7.3
8.0,8896.089752,123.49,3.26,7.4,49.7,3.83,-4.75,1,9111,0.8,-156.4,4.5
8.0,8896.099753,122.61,3.29,7.83,49.7,6.72,-3.25,1,8983,-0.2,-42.5,1.7
8.0,8896.109756,120.67,3.27,9.06,49.75,7.94,-1.25,1,8875,-1.1,8.4,0.5
8.0,8896.119752,118.04,3.24,10.63,49.81,7.2,1.25,1,8743,-3.4,106.9,-1.8
8.0,8896.129756,115.58,3.25,13.62,49.9,4.68,3.5,1,8611,1.4,200.1,-5.1
8.0,8896.139753,113.82,3.34,17.1,50.0,1.0,4.75,1,8481,1.8,254.9,-7.1
8.0,8896.149755,113.82,3.39,20.08,50.1,-2.93,4.5,1,8356,1.5,243.7,-5.8
8.0,8896.159753,114.79,3.4,21.52,50.15,-6.13,3.5,1,8235,-1.0,154.5,-5.0
8.0,8896.169753,116.54,3.38,20.45,50.1,-7.82,1.75,1,9114,3.0,-17.7,0.7
8.0,8896.179752,118.83,3.4,17.65,50.01,-7.57,-0.5,1,8985,0.5,-108.0,3.0
8.0,8896.189756,121.03,3.34,14.96,49.93,-5.45,-2.5,1,8879,-0.9,-178.1,5.4
8.0,8896.199753,121.9,3.3,11.95,49.84,-1.98,-3.5,1,8750,-0.3,-231.4,7.0
8.0,8896.209755,121.9,3.29,9.54,49.77,1.98,-3.5,1,8615,-0.8,-187.5,5.3
8.0,8896.219752,121.64,3.28,9.09,49.75,5.45,-2.25,1,8484,0.2,-89.2,2.8
8.0,8896.229756,119.88,3.29,10.06,49.79,7.57,-0.5,1,8361,-0.6,-0.6,0.8
8.0,8896.239752,117.6,3.26,11.53,49.84,7.82,1.75,1,8238,-3.3,58.1,-0.6
8.0,8896.249752,115.22,3.24,13.88,49.92,6.13,4.0,1,9118,-0.9,175.7,-4.4
8.0,8896.259753,113.38,3.33,17.42,50.02,2.93,5.0,1,8991,4.0,236.3,-6.2
8.0,8896.269755,113.47,3.41,20.33,50.13,-1.0,4.75,1,8883,-0.7,231.3,-5.7
8.0,8896.279752,114.43,3.38,21.72,50.17,-4.68,4.0,1,8753,0.1,143.7,-4.2
8.0,8896.289756,116.02,3.4,20.68,50.13,-7.2,2.25,1,8621,3.2,-16.3,0.8
8.0,8896.299752,118.56,3.41,18.09,50.04,-7.94,-0.0,1,8492,0.3,-99.6,2.7
8.0,8896.309755,120.85,3.35,15.51,49.96,-6.72,-2.5,1,8356,-0.8,-174.6,5.2
8.0,8896.319753,122.52,3.3,12.42,49.87,-3.83,-4.25,1,8235,-1.2,-233.8,7.4
8.0,8896.329759,123.13,3.28,9.45,49.79,-0.0,-4.75,1,9129,0.0,-238.2,6.9
8.0,8896.339752,123.13,3.29,7.85,49.73,3.83,-4.25,1,8994,0.1,-155.5,4.2
8.0,8896.349755,122.08,3.28,8.24,49.74,6.72,-2.75,1,8888,-0.6,-44.1,2.1
8.0,8896.359753,120.15,3.28,9.42,49.79,7.94,-0.75,1,8758,-0.7,6.7,0.3
8.0,8896.369755,117.51,3.26,11.13,49.85,7.2,1.75,1,8624,-2.7,120.2,-2.2
8.0,8896.379753,115.05,3.27,14.26,49.95,4.68,4.0,1,8495,0.9,200.3,-4.7
8.0,8896.389753,113.38,3.35,17.62,50.05,1.0,5.25,1,8357,1.5,255.9,-7.2
8.0,8896.399752,113.38,3.39,20.57,50.15,-2.93,5.25,1,8238,0.9,239.5,-6.0
8.0,8896.409756,114.17,3.4,22.0,50.2,-6.13,4.25,1,9130,-0.8,159.2,-4.7
8.0,8896.419753,115.84,3.39,21.09,50.15,-7.82,2.5,1,8999,2.8,-10.7,0.4
8.0,8896.429752,118.04,3.41,18.43,50.07,-7.57,0.25,1,8881,0.6,-96.2,2.8
8.0,8896.439753,120.06,3.35,15.86,49.99,-5.45,-1.75,1,8763,-0.8,-172.1,5.2
8.0,8896.449753,120.94,3.31,12.81,49.9,-1.98,-2.5,1,8626,-0.5,-228.5,6.7
8.0,8896.459752,121.03,3.3,10.43,49.82,1.98,-2.5,1,8498,0.4,-181.9,4.8
8.0,8896.469752,121.03,3.3,10.12,49.81,5.45,-1.75,1,8362,-0.8,-77.4,3.2
8.0,8896.479753,119.36,3.29,11.14,49.86,7.57,-0.25,1,8246,-0.3,-2.7,0.5
8.0,8896.489755,117.16,3.28,12.04,49.88,7.82,2.25,1,9134,-2.1,15.3,0.3
8.0,8896.499752,114.96,3.27,13.89,49.94,6.13,4.25,1,9003,-0.9,167.3,-4.3
8.0,8896.509754,113.38,3.33,17.66,50.06,2.93,5.25,1,8887,2.0,224.3,-5.7
8.0,8896.519752,113.47,3.39,20.47,50.16,-1.0,5.0,1,8758,-0.8,224.8,-5.7
8.0,8896.529752,114.52,3.39,21.77,50.2,-4.68,4.0,1,8630,1.4,129.1,-3.2
8.0,8896.539753,116.19,3.42,20.6,50.16,-7.2,2.25,1,8503,2.4,-21.3,0.5
8.0,8896.549752,118.56,3.4,18.04,50.07,-7.94,-0.25,1,8367,0.3,-105.4,3.2
8.0,8896.559752,120.94,3.35,15.43,49.99,-6.72,-2.5,1,8248,-0.9,-177.3,5.3
8.0,8896.569756,122.78,3.3,12.34,49.9,-3.83,-4.25,1,9131,-0.9,-237.2,7.3
8.0,8896.579756,123.4,3.28,9.32,49.81,-0.0,-4.75,1,9006,-0.6,-241.4,7.1
8.0,8896.589752,123.22,3.28,7.68,49.76,3.83,-4.5,1,8889,0.5,-160.2,4.3
8.0,8896.599753,122.43,3.29,8.03,49.76,6.72,-3.25,1,8766,-0.4,-46.5,1.9
8.0,8896.609753,120.5,3.28,9.22,49.81,7.94,-1.25,1,8636,-0.7,5.9,0.8
8.0,8896.619752,118.04,3.25,10.79,49.87,7.2,1.25,1,8507,-3.8,104.0,-1.9
8.0,8896.629753,115.49,3.25,13.72,49.96,4.68,3.75,1,8372,1.1,195.4,-5.0
8.0,8896.639753,113.73,3.35,17.17,50.06,1.0,4.75,1,8256,2.2,253.6,-6.9
8.0,8896.649755,113.73,3.4,20.18,50.17,-2.93,4.75,1,9134,1.3,242.5,-6.0
8.0,8896.659753,114.7,3.4,21.56,50.21,-6.13,3.75,1,9005,-0.9,149.6,-4.8
8.0,8896.669753,116.54,3.38,20.5,50.16,-7.82,1.75,1,8895,2.4,-13.5,0.4
8.0,8896.679752,118.92,3.4,17.77,50.07,-7.57,-0.5,1,8766,0.9,-110.2,3.2
8.0,8896.689753,120.94,3.35,15.01,49.99,-5.45,-2.5,1,8632,-0.9,-179.0,5.4
8.0,8896.699753,121.9,3.31,11.99,49.9,-1.98,-3.5,1,8515,-0.2,-233.7,7.0
8.0,8896.709752,121.99,3.29,9.53,49.82,1.98,-3.5,1,8376,-0.8,-190.7,5.5
8.0,8896.719752,121.73,3.28,9.05,49.81,5.45,-2.25,1,8257,0.1,-91.1,3.0
8.0,8896.729756,119.97,3.29,10.04,49.84,7.57,-0.5,1,9140,-0.7,-0.4,0.7
8.0,8896.739752,117.6,3.26,11.49,49.9,7.82,1.75,1,9008,-3.2,53.6,-0.4
8.0,8896.749752,115.05,3.25,13.78,49.97,6.13,3.75,1,8899,-0.9,175.0,-4.2
8.0,8896.759753,113.47,3.33,17.37,50.08,2.93,4.75,1,8774,3.7,237.9,-6.4
8.0,8896.769752,113.55,3.41,20.28,50.18,-1.0,4.75,1,8635,-0.5,227.8,-5.5
8.0,8896.779752,114.43,3.38,21.64,50.23,-4.68,4.0,1,8508,0.3,147.0,-4.2
8.0,8896.789753,116.19,3.4,20.69,50.18,-7.2,2.25,1,8375,2.7,-14.9,0.4
8.0,8896.799752,118.48,3.4,18.08,50.1,-7.94,-0.0,1,8261,0.6,-99.4,3.0
8.0,8896.809755,121.2,3.35,15.51,50.02,-6.72,-2.75,1,9144,-0.9,-172.4,5.0
8.0,8896.819753,123.57,3.31,12.44,49.93,-3.83,-5.25,1,9013,-1.0,-233.5,7.3
8.0,8896.829756,124.8,3.27,9.06,49.84,-0.0,-6.25,1,8907,-1.3,-277.6,8.6
8.0,8896.839752,124.89,3.27,6.4,49.75,3.83,-6.25,1,8776,0.7,-221.6,5.4
8.0,8896.849753,124.72,3.28,5.93,49.72,6.72,-5.5,1,8640,-0.3,-102.6,3.7
8.0,8896.859753,123.05,3.27,7.07,49.78,7.94,-3.75,1,8514,-0.6,-4.9,0.8
8.0,8896.869752,120.67,3.24,8.3,49.82,7.2,-1.25,1,8376,-2.9,25.3,0.3
8.0,8896.879753,118.12,3.23,10.43,49.89,4.68,0.75,1,8258,0.1,182.3,-4.7
8.0,8896.889754,116.63,3.3,14.39,50.01,1.0,1.75,1,9147,1.7,239.2,-6.0
8.0,8896.899752,116.72,3.36,17.41,50.1,-2.93,1.75,1,9020,1.7,244.8,-6.4
8.0,8896.909753,117.42,3.38,18.7,50.14,-6.13,0.75,1,8908,0.1,123.3,-3.2
8.0,8896.919753,119.09,3.36,17.38,50.09,-7.82,-0.75,1,8784,1.2,-10.2,-0.0
8.0,8896.929752,121.11,3.35,15.14,50.02,-7.57,-2.75,1,8644,0.5,-90.4,3.0
8.0,8896.939753,123.22,3.33,12.67,49.95,-5.45,-4.75,1,8518,-0.3,-167.1,5.1
8.0,8896.949753,123.93,3.29,9.78,49.87,-1.98,-5.5,1,8384,-0.9,-212.5,6.6
8.0,8896.959752,124.1,3.28,7.52,49.8,1.98,-5.25,1,8262,0.1,-180.7,4.6
8.0,8896.969752,123.31,3.28,7.15,49.77,5.45,-4.25,1,9150,-0.0,-68.7,2.0
8.0,8896.979753,121.46,3.28,8.34,49.82,7.57,-2.25,1,9023,-1.1,7.0,0.6
8.0,8896.989752,118.92,3.23,9.87,49.88,7.82,0.25,1,8903,-4.3,77.2,-0.8
8.0,8896.999752,116.54,3.25,12.55,49.97,6.13,2.75,1,8785,3.1,198.0,-5.0
8.0,8897.009753,114.7,3.36,16.24,50.07,2.93,3.75,1,8650,0.7,248.0,-7.0
8.0,8897.019752,114.52,3.38,19.14,50.17,-1.0,3.75,1,8521,2.0,239.9,-5.7
8.0,8897.029752,115.31,3.4,20.66,50.22,-4.68,3.0,1,8388,-1.4,160.4,-5.3
8.0,8897.039753,116.81,3.36,19.83,50.17,-7.2,1.5,1,8270,1.7,-3.1,0.7
8.0,8897.049752,119.0,3.38,17.31,50.11,-7.94,-0.75,1,9154,1.3,-89.1,2.6
8.0,8897.059752,121.38,3.35,14.84,50.02,-6.72,-3.0,1,9029,-0.8,-160.5,4.5
10.0,8899.089740,121.73,3.3,12.08,50.16,-0.0,-3.25,1,8719,0.2,-195.3,6.4
10.0,8899.099740,121.55,3.29,9.89,50.1,3.74,-2.75,1,8591,-1.1,-149.5,3.3
10.0,8899.109740,121.03,3.28,9.78,50.08,6.06,-1.75,1,8455,0.8,-57.3,2.0
10.0,8899.119740,119.09,3.3,10.76,50.13,6.06,0.25,1,8363,-0.7,6.2,0.8
10.0,8899.129740,117.25,3.26,12.19,50.18,3.74,1.75,1,9224,-3.3,79.5,-1.4
10.0,8899.139740,116.1,3.27,14.82,50.26,0.0,2.5,1,9097,1.1,189.7,-4.6
10.0,8899.149740,116.28,3.37,17.71,50.35,-3.74,2.25,1,8977,3.3,178.4,-4.7
10.0,8899.159740,117.42,3.36,18.7,50.39,-6.06,1.0,1,8844,-3.6,110.5,-2.4
10.0,8899.169740,119.36,3.33,17.67,50.35,-6.06,-0.75,1,8724,4.6,-35.3,0.9
10.0,8899.179740,120.85,3.37,14.97,50.25,-3.74,-2.5,1,8599,-1.0,-124.1,3.2
10.0,8899.189740,121.55,3.3,12.14,50.18,-0.0,-3.25,1,8460,-0.1,-193.9,6.7
10.0,8899.199740,121.46,3.29,9.96,50.11,3.74,-2.75,1,8367,-0.9,-148.4,3.2
10.0,8899.209740,121.03,3.28,9.88,50.09,6.06,-1.75,1,9229,0.8,-53.8,2.1
10.0,8899.219740,119.09,3.3,10.89,50.14,6.06,0.25,1,9104,-1.1,6.7,0.6
10.0,8899.229740,117.16,3.25,12.28,50.19,3.74,2.0,1,8982,-3.6,77.7,-1.2
10.0,8899.239740,116.02,3.26,14.85,50.28,0.0,2.75,1,8846,1.8,187.0,-4.6
10.0,8899.249740,116.19,3.38,17.8,50.37,-3.74,2.25,1,8728,3.2,185.4,-5.0
10.0,8899.259740,117.33,3.37,18.88,50.4,-6.06,1.0,1,8601,-3.5,109.9,-2.5
10.0,8899.269740,119.36,3.33,17.67,50.36,-6.06,-0.75,1,8465,4.3,-45.6,1.3
10.0,8899.279740,121.03,3.37,14.85,50.26,-3.74,-2.5,1,8363,-1.0,-126.5,3.2
10.0,8899.289740,121.55,3.3,12.08,50.18,0.0,-3.25,1,9224,0.3,-196.0,6.7
10.0,8899.299740,121.55,3.29,9.88,50.12,3.74,-2.75,1,9097,-1.0,-150.7,3.3
10.0,8899.309740,121.03,3.28,9.8,50.1,6.06,-1.75,1,8987,1.0,-54.1,2.0
10.0,8899.319740,119.18,3.3,10.82,50.15,6.06,0.25,1,8854,-1.1,6.0,0.7
10.0,8899.329740,117.25,3.25,12.2,50.2,3.74,1.75,1,8723,-3.6,78.1,-1.2
10.0,8899.339740,115.93,3.26,14.81,50.29,-0.0,2.5,1,8605,1.6,189.0,-4.6
10.0,8899.349740,116.28,3.38,17.76,50.38,-3.74,2.25,1,8469,3.3,184.2,-4.9
10.0,8899.359740,117.42,3.37,18.83,50.41,-6.06,1.0,1,8368,-3.6,111.4,-2.5
10.0,8899.369740,119.36,3.33,17.68,50.37,-6.06,-0.75,1,9230,4.4,-42.2,1.2
10.0,8899.379740,120.94,3.37,14.9,50.27,-3.74,-2.5,1,9102,-1.0,-124.1,3.1
10.0,8899.389740,121.55,3.3,12.16,50.2,-0.0,-3.25,1,8991,0.1,-192.2,6.4
10.0,8899.399740,121.46,3.29,9.98,50.13,3.74,-2.75,1,8856,-1.0,-150.5,3.6
10.0,8899.409740,120.94,3.28,9.89,50.12,6.06,-1.75,1,8731,1.0,-50.9,1.7
10.0,8899.419740,119.0,3.3,10.98,50.17,6.06,0.25,1,8613,-1.8,10.3,0.9
10.0,8899.429740,117.07,3.24,12.31,50.22,3.74,2.0,1,8473,-3.4,71.5,-1.0
10.0,8899.439740,115.75,3.27,14.8,50.3,0.0,2.75,1,8372,2.4,188.0,-4.8
10.0,8899.449740,116.28,3.38,17.86,50.39,-3.74,2.25,1,9234,3.0,189.4,-4.9
10.0,8899.459740,117.33,3.38,18.94,50.43,-6.06,1.0,1,9107,-2.7,106.2,-2.7
10.0,8899.469740,119.36,3.34,17.63,50.38,-6.06,-0.75,1,8988,3.4,-47.1,1.6
10.0,8899.479740,120.94,3.36,14.84,50.28,-3.74,-2.5,1,8863,-1.2,-125.8,3.0
10.0,8899.489740,121.82,3.3,12.1,50.2,-0.0,-3.25,1,8733,0.5,-196.1,6.6
10.0,8899.499743,121.64,3.29,9.88,50.14,3.74,-2.75,1,8608,-1.0,-151.3,3.4
10.0,8899.509740,121.03,3.28,9.79,50.12,6.06,-1.75,1,8479,1.0,-54.2,2.1
10.0,8899.519740,119.18,3.3,10.82,50.17,6.06,0.25,1,8377,-1.3,6.6,0.6
10.0,8899.529740,117.25,3.25,12.2,50.22,3.74,1.75,1,9238,-3.6,76.4,-1.2
10.0,8899.539740,116.1,3.27,14.79,50.31,-0.0,2.5,1,9114,1.7,189.4,-4.6
10.0,8899.549740,116.28,3.37,17.73,50.4,-3.74,2.25,1,8992,3.2,180.8,-4.9
10.0,8899.559743,117.42,3.36,18.75,50.43,-6.06,1.0,1,8868,-3.6,110.6,-2.3
10.0,8899.569740,119.44,3.33,17.66,50.4,-6.06,-0.75,1,8741,4.7,-37.9,0.8
10.0,8899.579740,120.94,3.38,14.94,50.29,-3.74,-2.5,1,8613,-0.9,-123.8,3.0
10.0,8899.589740,121.46,3.3,12.13,50.22,0.0,-3.25,1,8474,-0.1,-195.0,6.9
10.0,8899.599740,121.46,3.29,9.94,50.16,3.74,-2.75,1,8384,-0.7,-148.4,3.2
10.0,8899.609740,121.03,3.29,9.87,50.14,6.06,-1.75,1,9243,0.6,-53.3,2.2
10.0,8899.619743,119.18,3.3,10.9,50.19,6.06,0.25,1,9120,-1.2,7.6,0.5
10.0,8899.629740,117.16,3.25,12.28,50.24,3.74,2.0,1,8996,-3.5,77.5,-1.3
10.0,8899.639743,115.93,3.26,14.83,50.32,0.0,2.75,1,8863,1.6,185.2,-4.5
10.0,8899.649740,116.19,3.37,17.78,50.41,-3.74,2.25,1,8742,3.2,187.4,-5.0
10.0,8899.659743,117.33,3.37,18.91,50.45,-6.06,1.0,1,8619,-3.6,110.1,-2.5
10.0,8899.669740,119.44,3.33,17.67,50.41,-6.06,-0.75,1,8479,4.6,-46.1,1.3
10.0,8899.679740,120.94,3.37,14.86,50.3,-3.74,-2.5,1,8387,-1.0,-125.3,3.0
10.0,8899.689740,121.64,3.3,12.1,50.22,-0.0,-3.25,1,9247,0.2,-196.9,6.7
10.0,8899.699743,121.73,3.29,9.88,50.16,3.74,-2.75,1,9123,-1.0,-150.3,3.4
10.0,8899.709740,120.94,3.28,9.79,50.14,6.06,-1.75,1,9001,0.6,-55.3,2.0
10.0,8899.719739,119.27,3.3,10.79,50.19,6.06,0.25,1,8865,-0.7,5.0,0.8
10.0,8899.729740,117.25,3.26,12.17,50.25,3.74,1.75,1,8746,-3.6,77.4,-1.3
10.0,8899.739742,116.02,3.26,14.77,50.32,0.0,2.5,1,8622,1.3,188.0,-4.7
10.0,8899.749743,116.19,3.37,17.67,50.42,-3.74,2.25,1,8486,3.5,179.2,-4.6
10.0,8899.759740,117.51,3.37,18.67,50.45,-6.06,1.0,1,8393,-3.9,109.1,-2.4
10.0,8899.769740,119.36,3.33,17.62,50.42,-6.06,-0.75,1,9244,4.9,-34.9,1.1
10.0,8899.779740,120.85,3.38,14.95,50.32,-3.74,-2.5,1,9124,-1.1,-123.0,3.0
10.0,8899.789740,121.55,3.3,12.14,50.24,0.0,-3.25,1,9008,0.0,-193.8,6.5
10.0,8899.799740,121.55,3.29,9.94,50.17,3.74,-2.75,1,8870,-1.0,-149.0,3.4
10.0,8899.809740,120.94,3.28,9.84,50.16,6.06,-1.75,1,8751,0.8,-54.9,1.9
10.0,8899.819740,119.18,3.3,10.84,50.2,6.06,0.25,1,8624,-0.9,5.8,1.0
10.0,8899.829740,117.16,3.26,12.22,50.26,3.74,2.0,1,8490,-3.7,77.4,-1.3
10.0,8899.839740,116.02,3.26,14.82,50.34,-0.0,2.5,1,8386,1.6,188.6,-4.7
10.0,8899.849740,116.28,3.38,17.78,50.43,-3.74,2.25,1,9248,3.4,184.8,-4.8
10.0,8899.859740,117.51,3.37,18.84,50.47,-6.06,1.0,1,9121,-3.5,109.9,-2.6
10.0,8899.869740,119.36,3.33,17.63,50.43,-6.06,-1.0,1,9011,4.0,-45.6,1.4
10.0,8899.879741,121.11,3.37,14.82,50.33,-3.74,-2.5,1,8876,-1.1,-126.1,3.2
10.0,8899.889740,121.64,3.3,12.07,50.25,-0.0,-3.25,1,8747,0.2,-194.9,6.6
10.0,8899.899740,121.64,3.29,9.88,50.19,3.74,-2.75,1,8628,-1.2,-149.7,3.2
10.0,8899.909743,121.11,3.28,9.8,50.16,6.06,-1.75,1,8495,1.0,-53.1,2.0
10.0,8899.919740,119.09,3.3,10.83,50.22,6.06,0.25,1,8393,-0.9,6.4,0.9
10.0,8899.929740,117.25,3.26,12.23,50.27,3.74,2.0,1,9252,-3.6,80.5,-1.5
10.0,8899.939740,115.93,3.27,14.85,50.35,0.0,2.75,1,9125,1.7,187.7,-4.6
10.0,8899.949740,116.28,3.38,17.74,50.44,-3.74,2.25,1,9014,3.2,181.9,-4.6
10.0,8899.959740,117.42,3.37,18.8,50.48,-6.06,1.0,1,8880,-3.8,111.8,-2.5
10.0,8899.969740,119.27,3.33,17.71,50.44,-6.06,-0.75,1,8752,4.7,-39.1,1.1
10.0,8899.979740,120.85,3.38,14.95,50.34,-3.74,-2.5,1,8624,-0.9,-125.0,2.9
10.0,8899.989743,121.55,3.3,12.14,50.26,-0.0,-3.25,1,8499,0.1,-195.4,6.8
10.0,8899.999740,121.64,3.29,9.92,50.2,3.74,-2.75,1,8398,-1.0,-151.2,3.5
10.0,8900.009740,121.03,3.28,9.83,50.18,6.06,-1.75,1,9257,0.8,-53.7,2.0
10.0,8900.019740,119.18,3.3,10.86,50.23,6.06,0.25,1,9129,-1.2,5.8,0.9
10.0,8900.029740,117.16,3.25,12.21,50.28,3.74,1.75,1,9010,-3.8,75.4,-1.3
10.0,8900.039740,116.02,3.26,14.77,50.36,-0.0,2.5,1,8883,1.6,186.8,-4.6
10.0,8900.049740,116.19,3.38,17.73,50.45,-3.74,2.25,1,8756,3.5,184.1,-4.9
10.0,8900.059740,117.42,3.37,18.79,50.49,-6.06,1.0,1,8629,-3.9,109.3,-2.4
10.0,8900.069739,119.36,3.33,17.64,50.45,-6.06,-0.75,1,8501,4.6,-40.7,1.2
10.0,8900.079743,120.85,3.37,14.91,50.35,-3.74,-2.5,1,8403,-1.1,-123.4,2.9
10.0,8900.089740,121.64,3.3,12.13,50.27,0.0,-3.25,1,9262,0.2,-194.9,6.7
10.0,8900.099740,121.64,3.29,9.93,50.21,3.74,-2.75,1,9134,-1.0,-148.7,3.2
10.0,8900.109740,120.94,3.28,9.85,50.19,6.06,-1.75,1,9014,0.7,-54.5,2.2
10.0,8900.119740,119.09,3.3,10.85,50.24,6.06,0.25,1,8888,-0.9,6.2,0.6
10.0,8900.129740,117.16,3.26,12.23,50.29,3.74,2.0,1,8763,-3.6,77.8,-1.2
10.0,8900.139740,116.02,3.26,14.81,50.37,0.0,2.5,1,8633,1.3,186.0,-4.5
10.0,8900.149740,116.19,3.37,17.74,50.46,-3.74,2.25,1,8496,3.4,184.6,-5.0
10.0,8900.159740,117.42,3.37,18.83,50.5,-6.06,1.0,1,8405,-3.6,110.4,-2.3
10.0,8900.169740,119.36,3.33,17.65,50.46,-6.06,-0.75,1,9267,4.5,-43.0,1.1
10.0,8900.179740,120.94,3.37,14.86,50.36,-3.74,-2.5,1,9138,-0.8,-125.7,3.1
10.0,8900.189740,121.73,3.3,12.07,50.28,-0.0,-3.25,1,9019,0.0,-196.1,6.9
10.0,8900.199740,121.64,3.29,9.86,50.22,3.74,-3.0,1,8883,-1.0,-150.9,3.3
10.0,8900.209740,121.03,3.28,9.75,50.2,6.06,-1.75,1,8757,1.0,-56.2,2.2
10.0,8900.219740,119.18,3.3,10.76,50.25,6.06,0.25,1,8637,-1.3,6.3,0.4
10.0,8900.229740,117.42,3.25,12.15,50.3,3.74,1.75,1,8501,-3.3,75.8,-1.0
10.0,8900.239740,116.19,3.27,14.74,50.39,0.0,2.5,1,8408,1.2,189.5,-4.7
10.0,8900.249740,116.19,3.37,17.63,50.47,-3.74,2.25,1,9270,3.2,175.6,-4.6
10.0,8900.259740,117.33,3.36,18.58,50.51,-6.06,1.0,1,9144,-3.6,109.3,-2.3
10.0,8900.269740,119.36,3.33,17.63,50.47,-6.06,-0.75,1,9025,4.8,-28.9,0.3
10.0,8900.279740,120.85,3.38,15.01,50.37,-3.74,-2.5,1,8888,-0.8,-123.8,3.3
10.0,8900.289759,121.55,3.3,12.14,50.3,-0.0,-3.25,1,8780,-0.3,-192.7,6.7
10.0,8900.299752,121.64,3.29,9.94,50.24,3.74,-2.75,1,8655,-0.8,-150.3,3.3
10.0,8900.309753,121.03,3.29,9.84,50.21,6.06,-1.75,1,8520,1.0,-52.8,2.0
10.0,8900.319755,119.0,3.3,10.87,50.26,6.06,0.25,1,8420,-1.3,5.3,0.6
10.0,8900.329753,117.16,3.25,12.21,50.32,3.74,2.0,1,9281,-4.0,76.2,-0.9
10.0,8900.339756,115.93,3.26,14.82,50.4,0.0,2.5,1,9167,1.9,190.0,-4.8
10.0,8900.349752,116.28,3.38,17.8,50.49,-3.74,2.25,1,9041,3.3,184.3,-4.8
10.0,8900.359753,117.6,3.37,18.85,50.53,-6.06,1.0,1,8907,-3.4,110.9,-2.7
10.0,8900.369755,119.44,3.33,17.68,50.48,-6.06,-0.75,1,8781,4.0,-44.2,1.2
10.0,8900.379753,121.03,3.37,14.86,50.38,-3.74,-2.5,1,8663,-1.0,-126.2,3.3
10.0,8900.389756,121.64,3.3,12.1,50.31,-0.0,-3.25,1,8527,0.1,-194.6,6.6
10.0,8900.399752,121.55,3.29,9.9,50.24,3.74,-2.75,1,8422,-1.1,-151.5,3.3
10.0,8900.409753,121.11,3.28,9.78,50.22,6.06,-1.75,1,9287,1.2,-54.7,1.9
10.0,8900.419752,119.18,3.3,10.81,50.27,6.06,0.25,1,9157,-1.2,6.0,0.9
10.0,8900.429756,117.16,3.25,12.15,50.33,3.74,1.75,1,9050,-3.8,73.3,-1.0
10.0,8900.439756,116.1,3.26,14.73,50.41,0.0,2.5,1,8915,1.7,190.8,-4.9
10.0,8900.449755,116.37,3.37,17.7,50.5,-3.74,2.25,1,8786,3.3,179.2,-4.6
10.0,8900.459753,117.42,3.37,18.7,50.53,-6.06,1.0,1,8665,-3.2,111.5,-2.6
10.0,8900.469752,119.44,3.33,17.66,50.49,-6.06,-0.75,1,8528,4.3,-35.6,0.7
10.0,8900.479753,120.94,3.37,14.95,50.39,-3.74,-2.5,1,8428,-1.1,-124.2,3.4
10.0,8900.489756,121.55,3.3,12.14,50.32,-0.0,-3.25,1,9293,-0.3,-192.4,6.7
10.0,8900.499752,121.55,3.28,9.97,50.26,3.74,-2.75,1,9161,-1.1,-149.4,3.3
10.0,8900.509756,120.94,3.28,9.86,50.23,6.06,-1.75,1,9054,1.2,-54.3,1.9
10.0,8900.519752,119.0,3.3,10.87,50.29,6.06,0.25,1,8914,-1.1,7.0,1.0
10.0,8900.529756,117.16,3.25,12.25,50.34,3.74,2.0,1,8791,-3.5,76.4,-1.5
10.0,8900.539756,115.75,3.26,14.8,50.41,0.0,2.5,1,8664,1.5,185.5,-4.6
10.0,8900.549752,116.19,3.38,17.76,50.51,-3.74,2.25,1,8532,3.6,186.4,-4.9
10.0,8900.559753,117.33,3.37,18.87,50.55,-6.06,1.0,1,8432,-3.8,110.9,-2.6
10.0,8900.569752,119.36,3.33,17.67,50.51,-6.06,-0.75,1,9293,4.4,-44.9,1.3
10.0,8900.579753,121.03,3.37,14.86,50.4,-3.74,-2.5,1,9167,-1.1,-125.0,2.9
10.0,8900.589760,121.55,3.3,12.1,50.33,-0.0,-3.25,1,9054,0.2,-195.7,6.9
10.0,8900.599752,121.64,3.29,9.89,50.27,3.74,-2.75,1,8919,-1.1,-150.8,3.1
10.0,8900.609756,120.94,3.28,9.79,50.24,6.06,-1.75,1,8796,0.9,-55.2,2.2
10.0,8900.619752,119.0,3.3,10.81,50.3,6.06,0.25,1,8665,-1.0,6.5,0.6
10.0,8900.629753,117.16,3.26,12.19,50.34,3.74,1.75,1,8538,-3.5,76.2,-1.2
10.0,8900.639756,115.93,3.26,14.76,50.43,0.0,2.5,1,8439,1.2,188.0,-4.5
10.0,8900.649752,116.37,3.37,17.73,50.52,-3.74,2.25,1,9300,3.4,184.8,-5.0
10.0,8900.659753,117.42,3.37,18.8,50.55,-6.06,1.0,1,9171,-3.6,110.9,-2.4
10.0,8900.669755,119.27,3.33,17.68,50.52,-6.06,-0.75,1,9054,4.6,-39.0,0.8
10.0,8900.679753,120.94,3.37,14.94,50.41,-3.74,-2.5,1,8916,-0.9,-123.5,3.1
10.0,8900.689757,121.46,3.3,12.17,50.34,0.0,-3.25,1,8801,-0.0,-192.8,6.7
10.0,8900.699752,121.55,3.29,9.98,50.28,3.74,-2.75,1,8669,-0.7,-149.9,3.3
10.0,8900.709753,121.03,3.29,9.88,50.26,6.06,-1.75,1,8534,0.6,-53.0,2.1
10.0,8900.719752,119.09,3.29,10.95,50.31,6.06,0.25,1,8431,-1.8,10.1,0.5
10.0,8900.729756,117.07,3.24,12.28,50.36,3.74,2.0,1,9306,-3.2,70.7,-0.9
10.0,8900.739756,115.84,3.27,14.76,50.44,0.0,2.75,1,9178,1.7,186.6,-4.7
10.0,8900.749755,116.19,3.37,17.8,50.53,-3.74,2.25,1,9058,3.3,188.5,-5.0
10.0,8900.759753,117.51,3.37,18.91,50.57,-6.06,1.0,1,8921,-3.3,109.0,-2.6
10.0,8900.769753,119.36,3.33,17.66,50.53,-6.06,-0.75,1,8793,4.1,-45.5,1.2
10.0,8900.779753,121.11,3.37,14.86,50.43,-3.74,-2.5,1,8674,-1.0,-125.6,3.3
10.0,8900.789756,121.64,3.3,12.11,50.35,-0.0,-3.25,1,8541,0.1,-195.3,6.7
10.0,8900.799752,121.55,3.29,9.89,50.29,3.74,-2.75,1,8438,-0.9,-151.7,3.4
10.0,8900.809756,121.03,3.28,9.79,50.27,6.06,-1.75,1,9311,0.8,-54.4,2.0
10.0,8900.819752,119.0,3.3,10.82,50.32,6.06,0.25,1,9179,-1.2,6.1,0.7
10.0,8900.829756,117.16,3.25,12.17,50.37,3.74,1.75,1,9064,-3.8,75.0,-1.1
10.0,8900.839756,116.1,3.26,14.75,50.45,0.0,2.5,1,8928,1.5,188.9,-4.7
10.0,8900.849752,116.19,3.37,17.72,50.54,-3.74,2.25,1,8797,3.5,182.8,-4.8
10.0,8900.859753,117.51,3.36,18.78,50.58,-6.06,1.0,1,8679,-3.7,111.7,-2.6
10.0,8900.869752,119.27,3.33,17.68,50.54,-6.06,-0.75,1,8542,4.6,-38.0,1.0
10.0,8900.879753,120.94,3.37,14.95,50.44,-3.74,-2.5,1,8441,-0.9,-124.0,3.3
10.0,8900.889759,121.46,3.3,12.18,50.36,-0.0,-3.25,1,9318,-0.2,-191.2,6.3
10.0,8900.899752,121.46,3.28,10.0,50.3,3.74,-2.75,1,9184,-1.0,-150.8,3.5
10.0,8900.909756,120.94,3.28,9.88,50.28,6.06,-1.75,1,9069,1.1,-52.0,1.7
10.0,8900.919752,119.18,3.29,10.97,50.33,6.06,0.25,1,8929,-1.7,10.8,0.9
10.0,8900.929753,117.07,3.24,12.29,50.39,3.74,2.0,1,8802,-3.4,68.9,-1.1
10.0,8900.939756,115.84,3.27,14.73,50.46,0.0,2.75,1,8638,2.3,186.2,-4.7
10.0,8900.949752,116.19,3.38,17.82,50.56,-3.74,2.25,1,8546,3.1,190.9,-5.0
10.0,8900.959753,117.42,3.37,18.94,50.59,-6.06,1.0,1,8449,-3.2,107.3,-2.7
10.0,8900.969755,119.27,3.33,17.64,50.55,-6.06,-0.75,1,9310,3.9,-46.2,1.4
10.0,8900.979753,121.03,3.36,14.85,50.45,-3.74,-2.5,1,9183,-1.3,-125.1,3.1
10.0,8900.989756,121.64,3.29,12.11,50.37,-0.0,-3.25,1,9073,0.4,-195.0,6.7
10.0,8900.999752,121.55,3.29,9.89,50.31,3.74,-2.75,1,8933,-1.1,-152.2,3.3
10.0,8901.009753,121.03,3.28,9.78,50.29,6.06,-1.75,1,8807,1.1,-54.5,2.1
10.0,8901.019752,119.18,3.3,10.82,50.34,6.06,0.25,1,8688,-1.4,6.8,0.7
10.0,8901.029753,117.16,3.25,12.18,50.39,3.74,1.75,1,8552,-3.5,74.5,-1.1
10.0,8901.039756,115.93,3.26,14.75,50.47,0.0,2.5,1,8454,1.6,189.1,-4.7
10.0,8901.049755,116.19,3.37,17.73,50.56,-3.74,2.25,1,9314,3.4,184.0,-4.9
10.0,8901.059753,117.51,3.36,18.79,50.6,-6.06,1.0,1,9185,-3.7,111.2,-2.5
10.0,8901.069752,119.27,3.33,17.68,50.56,-6.06,-0.75,1,9074,4.6,-39.1,0.9
10.0,8901.079753,121.03,3.37,14.94,50.46,-3.74,-2.5,1,8940,-1.0,-123.2,3.1
10.0,8901.089756,121.64,3.3,12.17,50.38,-0.0,-3.25,1,8814,0.1,-192.5,6.6
10.0,8901.099752,121.46,3.29,9.98,50.32,3.74,-2.75,1,8683,-1.0,-150.2,3.3
10.0,8901.109753,120.94,3.28,9.87,50.3,6.06,-1.75,1,8556,0.9,-53.2,2.0
10.0,8901.119752,119.18,3.29,10.94,50.35,6.06,0.25,1,8454,-1.7,9.9,0.6
10.0,8901.129756,117.16,3.24,12.26,50.4,3.74,2.0,1,9320,-3.1,68.8,-0.8
10.0,8901.139756,116.02,3.26,14.72,50.48,0.0,2.5,1,9193,1.5,187.5,-4.7
10.0,8901.149752,116.28,3.37,17.77,50.57,-3.74,2.25,1,9070,3.3,185.8,-5.0
10.0,8901.159753,117.42,3.36,18.84,50.61,-6.06,1.0,1,8943,-3.3,109.4,-2.4
10.0,8901.169752,119.44,3.33,17.66,50.57,-6.06,-0.75,1,8815,4.3,-42.2,0.7
10.0,8901.179753,121.03,3.37,14.88,50.46,-3.74,-2.5,1,8691,-0.8,-126.6,3.5
10.0,8901.189756,121.73,3.3,12.09,50.4,-0.0,-3.25,1,8566,-0.2,-194.6,6.9
10.0,8901.199752,121.55,3.28,9.88,50.33,3.74,-2.75,1,8458,-1.1,-153.0,3.3
10.0,8901.209756,121.11,3.28,9.75,50.31,6.06,-1.75,1,9324,1.4,-54.2,2.0
10.0,8901.219752,119.27,3.3,10.8,50.36,6.06,0.25,1,9193,-1.4,6.5,0.8
10.0,8901.229753,117.33,3.25,12.14,50.41,3.74,1.75,1,9075,-3.5,73.3,-1.0
10.0,8901.239755,116.1,3.26,14.7,50.49,-0.0,2.5,1,8940,1.6,189.0,-4.7
10.0,8901.249752,116.28,3.37,17.61,50.58,-3.74,2.25,1,8819,3.3,174.7,-4.7
10.0,8901.259753,117.42,3.36,18.55,50.61,-6.06,1.0,1,8693,-3.8,108.9,-2.4
10.0,8901.269752,119.27,3.33,17.64,50.58,-6.06,-0.75,1,8559,5.0,-25.4,0.5
10.0,8901.279753,120.85,3.37,15.08,50.48,-3.74,-2.5,1,8464,-1.2,-122.2,3.1
10.0,8901.289756,121.55,3.29,12.18,50.41,-0.0,-3.25,1,9329,-0.1,-193.1,6.7
10.0,8901.299752,121.38,3.28,9.98,50.34,3.74,-2.75,1,9197,-1.0,-149.3,3.1
10.0,8901.309753,121.03,3.28,9.88,50.32,6.06,-1.75,1,9079,0.9,-53.7,2.0
10.0,8901.319752,119.09,3.29,10.92,50.38,6.06,0.25,1,8943,-1.4,9.1,1.0
10.0,8901.329753,116.98,3.25,12.28,50.43,3.74,2.0,1,8819,-3.5,72.7,-1.4
10.0,8901.339759,115.93,3.26,14.77,50.5,0.0,2.75,1,8703,1.9,185.4,-4.7
10.0,8901.349752,116.28,3.38,17.82,50.6,-3.74,2.25,1,8561,3.4,192.1,-4.9
10.0,8901.359753,117.42,3.37,18.95,50.63,-6.06,1.0,1,8471,-3.0,106.4,-2.7
10.0,8901.369752,119.27,3.33,17.63,50.59,-6.06,-0.75,1,9330,3.7,-46.4,1.6
10.0,8901.379756,121.03,3.36,14.86,50.49,-3.74,-2.5,1,9206,-1.3,-124.3,3.0
10.0,8901.389756,121.73,3.3,12.13,50.41,-0.0,-3.25,1,9087,0.6,-194.9,6.5
10.0,8901.399752,121.64,3.29,9.9,50.35,3.74,-2.75,1,8950,-1.1,-151.8,3.5
10.0,8901.409753,121.03,3.28,9.78,50.33,6.06,-1.75,1,8821,0.7,-55.4,2.2
10.0,8901.419755,119.09,3.29,10.81,50.38,6.06,0.25,1,8704,-1.1,6.3,0.6
10.0,8901.429753,117.16,3.25,12.17,50.43,3.74,1.75,1,8569,-3.6,74.6,-1.1
10.0,8901.439756,115.93,3.26,14.74,50.51,0.0,2.5,1,8476,1.6,188.7,-4.7
10.0,8901.449752,116.19,3.37,17.74,50.61,-3.74,2.25,1,9334,3.3,185.8,-4.9
10.0,8901.459756,117.42,3.36,18.82,50.64,-6.06,1.0,1,9211,-3.6,111.3,-2.5
10.0,8901.469752,119.36,3.33,17.68,50.6,-6.06,-0.75,1,9088,4.5,-40.2,0.8
10.0,8901.479756,120.94,3.37,14.93,50.5,-3.74,-2.5,1,8956,-1.0,-123.7,3.3
10.0,8901.489754,121.55,3.3,12.16,50.43,0.0,-3.25,1,8828,0.1,-192.6,6.7
10.0,8901.499755,121.55,3.29,9.98,50.37,3.74,-2.75,1,8700,-0.7,-149.3,3.2
10.0,8901.509753,120.94,3.28,9.87,50.34,6.06,-1.75,1,8570,0.4,-54.7,2.4
10.0,8901.519752,119.18,3.28,10.92,50.4,6.06,0.25,1,8468,-1.7,10.6,0.2
10.0,8901.529753,117.16,3.24,12.27,50.44,3.74,2.0,1,9339,-3.1,70.1,-0.8
10.0,8901.539760,115.84,3.26,14.74,50.53,0.0,2.75,1,9210,1.7,186.9,-4.7
10.0,8901.549752,116.19,3.37,17.8,50.62,-3.74,2.25,1,9095,3.4,189.6,-4.9
10.0,8901.559756,117.42,3.37,18.95,50.66,-6.06,1.0,1,8960,-3.4,112.6,-2.7
10.0,8901.569752,119.27,3.33,17.75,50.61,-6.06,-0.75,1,8832,4.2,-43.1,1.1
10.0,8901.579756,120.94,3.37,14.95,50.51,-3.74,-2.5,1,8705,-0.8,-124.7,3.3
10.0,8901.589754,121.55,3.3,12.21,50.44,0.0,-3.25,1,8576,0.1,-192.0,6.4
10.0,8901.599752,121.46,3.29,10.03,50.37,3.74,-2.75,1,8472,-0.6,-151.2,3.4
10.0,8901.609753,120.85,3.28,9.9,50.35,6.06,-1.75,1,9335,0.3,-54.3,2.1
10.0,8901.619755,119.0,3.29,10.95,50.41,6.06,0.25,1,9210,-1.5,9.0,0.6
10.0,8901.629753,117.16,3.24,12.27,50.46,3.74,2.0,1,9098,-3.5,68.0,-0.8
10.0,8901.639759,115.84,3.26,14.71,50.53,0.0,2.75,1,8968,1.8,185.8,-4.7
10.0,8901.649752,116.37,3.37,17.77,50.63,-3.74,2.25,1,8833,3.3,187.4,-4.9
10.0,8901.659756,117.42,3.36,18.9,50.67,-6.06,1.0,1,8710,-3.4,112.2,-2.6
10.0,8901.669755,119.27,3.33,17.72,50.62,-6.06,-0.75,1,8581,4.3,-43.4,1.2
10.0,8901.679753,120.94,3.36,14.92,50.52,-3.74,-2.5,1,8481,-1.1,-124.5,3.2
10.0,8901.689756,121.64,3.29,12.18,50.45,-0.0,-3.25,1,9346,0.2,-193.1,6.6
10.0,8901.699755,121.55,3.29,9.98,50.38,3.74,-2.75,1,9214,-0.8,-151.5,3.4
10.0,8901.709753,121.03,3.28,9.85,50.36,6.06,-1.75,1,9094,0.6,-54.3,2.1
10.0,8901.719755,119.18,3.29,10.93,50.42,6.06,0.25,1,8968,-1.7,10.9,0.6
10.0,8901.729753,117.16,3.24,12.26,50.47,3.74,2.0,1,8839,-3.3,67.8,-1.0
10.0,8901.739758,115.84,3.26,14.69,50.54,-0.0,2.75,1,8715,1.9,186.2,-4.7
10.0,8901.749755,116.28,3.37,17.79,50.64,-3.74,2.25,1,8577,3.2,191.8,-5.1
10.0,8901.759756,117.42,3.36,18.96,50.68,-6.06,1.0,1,8485,-3.2,110.9,-2.6
10.0,8901.769752,119.27,3.33,17.71,50.63,-6.06,-0.75,1,9346,4.1,-44.2,1.3
10.0,8901.779756,120.94,3.36,14.92,50.53,-3.74,-2.5,1,9220,-1.1,-124.1,3.1
10.0,8901.789756,121.64,3.29,12.19,50.46,-0.0,-3.25,1,9101,0.2,-192.4,6.5
10.0,8901.799755,121.46,3.29,9.99,50.4,3.74,-2.75,1,8964,-0.9,-151.7,3.4
10.0,8901.809753,120.94,3.28,9.86,50.38,6.06,-1.75,1,8843,0.8,-53.7,2.1
10.0,8901.819755,119.09,3.29,10.95,50.43,6.06,0.25,1,8718,-1.8,11.1,0.5
10.0,8901.829756,117.25,3.24,12.27,50.48,3.74,2.0,1,8583,-3.2,67.0,-0.9
10.0,8901.839759,115.93,3.26,14.68,50.56,0.0,2.75,1,8493,1.7,185.2,-4.5
10.0,8901.849752,116.19,3.37,17.75,50.65,-3.74,2.25,1,9349,3.0,188.2,-5.0
10.0,8901.859756,117.33,3.36,18.91,50.69,-6.06,1.0,1,9224,-3.5,113.2,-2.5
10.0,8901.869752,119.27,3.33,17.74,50.65,-6.06,-0.75,1,9102,4.7,-41.4,0.9
10.0,8901.879756,121.03,3.37,14.96,50.54,-3.74,-2.5,1,8970,-0.7,-124.3,3.1
10.0,8901.889756,121.46,3.3,12.2,50.47,-0.0,-3.25,1,8845,-0.0,-192.4,6.7
10.0,8901.899754,121.46,3.29,10.0,50.41,3.74,-2.75,1,8721,-0.8,-152.5,3.6
10.0,8901.909756,121.03,3.28,9.87,50.39,6.06,-1.75,1,8587,0.7,-52.9,2.0
10.0,8901.919755,119.18,3.29,10.97,50.44,6.06,0.25,1,8494,-2.1,10.2,0.6
10.0,8901.929753,117.16,3.23,12.27,50.49,3.74,2.0,1,9353,-3.3,67.0,-0.8
10.0,8901.939756,115.93,3.26,14.7,50.57,0.0,2.75,1,9229,2.0,186.8,-4.8
10.0,8901.949752,116.28,3.37,17.77,50.66,-3.74,2.25,1,9106,3.2,187.1,-4.9
10.0,8901.959756,117.51,3.36,18.9,50.7,-6.06,1.0,1,8974,-3.5,112.2,-2.6
10.0,8901.969752,119.27,3.32,17.73,50.66,-6.06,-0.75,1,8844,4.5,-42.2,1.1
10.0,8901.979753,120.85,3.36,14.94,50.56,-3.74,-2.5,1,8725,-1.1,-124.2,3.1
10.0,8901.989757,121.55,3.29,12.19,50.48,0.0,-3.25,1,8593,0.2,-192.8,6.6
10.0,8901.999755,121.55,3.29,9.99,50.42,3.74,-2.75,1,8498,-0.8,-151.8,3.4
10.0,8902.009753,120.94,3.28,9.86,50.4,6.06,-1.75,1,9358,0.7,-53.6,2.0
10.0,8902.019752,119.18,3.29,10.96,50.45,6.06,0.25,1,9230,-1.9,11.6,0.6
10.0,8902.029753,117.07,3.24,12.27,50.5,3.74,2.0,1,9112,-3.2,65.7,-0.9
10.0,8902.039757,115.84,3.26,14.68,50.58,0.0,2.75,1,8979,1.9,186.6,-4.7
10.0,8902.049752,116.19,3.37,17.79,50.67,-3.74,2.25,1,8850,3.2,190.6,-5.0
10.0,8902.059753,117.42,3.36,18.95,50.71,-6.06,1.0,1,8721,-3.2,111.8,-2.7
10.0,8902.069755,119.27,3.33,17.72,50.67,-6.06,-0.75,1,8595,4.2,-43.7,1.2
10.0,8902.079756,120.94,3.36,14.93,50.57,-3.74,-2.5,1,8495,-1.1,-124.2,3.1
10.0,8902.089754,121.55,3.29,12.2,50.49,0.0,-3.25,1,9363,0.3,-192.5,6.6
10.0,8902.099752,121.46,3.29,10.0,50.43,3.74,-2.75,1,9234,-0.8,-151.6,3.4
10.0,8902.109753,121.03,3.28,9.87,50.41,6.06,-1.75,1,9119,0.6,-53.8,2.1
10.0,8902.119752,119.09,3.29,10.96,50.46,6.06,0.25,1,8979,-1.7,11.0,0.6
10.0,8902.129753,117.25,3.24,12.27,50.51,3.74,2.0,1,8853,-3.3,66.4,-0.9
10.0,8902.139756,115.93,3.26,14.69,50.59,0.0,2.75,1,8728,1.9,186.5,-4.7
10.0,8902.149755,116.19,3.37,17.79,50.68,-3.74,2.25,1,8600,3.2,190.4,-4.9
10.0,8902.159756,117.42,3.36,18.95,50.72,-6.06,1.0,1,8499,-3.3,111.6,-2.6
10.0,8902.169752,119.36,3.33,17.72,50.68,-6.06,-0.75,1,9357,4.3,-43.7,1.1
10.0,8902.179753,120.94,3.36,14.93,50.58,-3.74,-2.5,1,9239,-1.1,-123.9,3.0
10.0,8902.189756,121.55,3.29,12.19,50.5,-0.0,-3.25,1,9116,0.3,-193.7,6.7
10.0,8902.199752,121.55,3.29,9.99,50.44,3.74,-2.75,1,8983,-0.6,-150.0,3.1
10.0,8902.209753,120.94,3.28,9.87,50.42,6.06,-1.75,1,8857,0.2,-56.1,2.4
10.0,8902.219752,119.18,3.28,10.91,50.47,6.06,0.25,1,8729,-1.3,10.3,0.3
10.0,8902.229754,117.07,3.25,12.26,50.52,3.74,2.0,1,8604,-3.1,68.7,-0.9
10.0,8902.239758,115.93,3.26,14.69,50.6,-0.0,2.75,1,8505,1.3,184.8,-4.5
10.0,8902.249752,116.28,3.36,17.74,50.69,-3.74,2.25,1,9362,3.3,188.7,-5.0
10.0,8902.259753,117.42,3.36,18.9,50.73,-6.06,1.0,1,9235,-3.4,111.7,-2.5
10.0,8902.269752,119.27,3.33,17.72,50.69,-6.06,-0.75,1,9115,4.5,-41.1,1.0
10.0,8902.279753,120.94,3.37,14.95,50.59,-3.74,-2.5,1,8988,-0.7,-124.4,3.3
10.0,8902.289759,121.55,3.3,12.19,50.52,-0.0,-3.25,1,8868,-0.1,-192.2,6.5
10.0,8902.299752,121.55,3.29,10.0,50.45,3.74,-2.75,1,8733,-0.7,-151.3,3.5
10.0,8902.309753,121.03,3.28,9.86,50.43,6.06,-1.75,1,8598,0.4,-55.5,2.1
10.0,8902.319752,119.09,3.29,10.88,50.48,6.06,0.25,1,8504,-1.0,6.8,0.7
10.0,8902.329753,117.25,3.25,12.23,50.54,3.74,2.0,1,9367,-3.6,73.1,-1.0
10.0,8902.339756,116.02,3.26,14.75,50.61,0.0,2.75,1,9243,1.5,185.4,-4.7
10.0,8902.349752,116.28,3.37,17.72,50.7,-3.74,2.25,1,9121,3.5,185.0,-4.9
10.0,8902.359753,117.42,3.36,18.84,50.74,-6.06,1.0,1,8984,-3.5,111.6,-2.4
10.0,8902.369755,119.27,3.33,17.72,50.71,-6.06,-0.75,1,8868,4.6,-38.3,1.0
10.0,8902.379753,121.03,3.37,14.98,50.6,-3.74,-2.5,1,8739,-1.0,-123.9,3.1
10.0,8902.389756,121.46,3.3,12.2,50.53,-0.0,-3.25,1,8606,-0.0,-192.4,6.6
10.0,8902.399752,121.38,3.29,10.0,50.47,3.74,-2.75,1,8509,-0.9,-151.8,3.4
10.0,8902.409753,120.94,3.28,9.87,50.44,6.06,-1.75,1,9373,0.7,-53.6,2.0
10.0,8902.419752,119.18,3.29,10.97,50.5,6.06,0.25,1,9243,-1.8,11.4,0.6
10.0,8902.429753,117.16,3.24,12.27,50.55,3.74,2.0,1,9126,-3.2,65.4,-0.9
10.0,8902.439755,115.93,3.26,14.67,50.62,-0.0,2.75,1,8990,1.9,186.4,-4.7
10.0,8902.449755,116.37,3.37,17.78,50.72,-3.74,2.25,1,8864,3.1,189.8,-5.0
10.0,8902.459753,117.42,3.36,18.94,50.76,-6.06,1.0,1,8743,-3.3,112.1,-2.5
10.0,8902.469752,119.27,3.33,17.73,50.72,-6.06,-0.75,1,8606,4.3,-42.8,1.2
10.0,8902.479753,121.03,3.36,14.94,50.62,-3.74,-2.5,1,8514,-1.2,-124.2,3.1
10.0,8902.489754,121.55,3.29,12.21,50.54,0.0,-3.25,1,9377,0.3,-192.2,6.5
10.0,8902.499752,121.55,3.29,10.01,50.48,3.74,-2.75,1,9248,-0.8,-151.9,3.4
10.0,8902.509753,121.11,3.28,9.87,50.46,6.06,-1.75,1,9124,0.6,-53.9,2.1
10.0,8902.519752,119.09,3.29,10.96,50.51,6.06,0.25,1,8993,-1.8,11.3,0.6
10.0,8902.529756,117.16,3.24,12.26,50.56,3.74,2.0,1,8870,-3.2,65.0,-0.8
10.0,8902.539756,115.93,3.26,14.67,50.63,0.0,2.75,1,8751,1.9,186.4,-4.7
10.0,8902.549752,116.19,3.37,17.78,50.73,-3.74,2.25,1,8610,3.2,190.1,-4.9
10.0,8902.559753,117.42,3.36,18.94,50.77,-6.06,1.0,1,8510,-3.4,112.2,-2.6
10.0,8902.569752,119.18,3.33,17.73,50.73,-6.06,-0.75,1,9380,4.3,-43.5,1.2
10.0,8902.579753,121.03,3.37,14.93,50.63,-3.74,-2.5,1,9253,-1.1,-124.1,3.1
10.0,8902.589758,121.64,3.3,12.2,50.55,0.0,-3.25,1,9130,0.3,-192.2,6.6
10.0,8902.599752,121.55,3.29,10.0,50.49,3.74,-2.75,1,9000,-0.8,-152.0,3.5
10.0,8902.609756,121.03,3.28,9.86,50.47,6.06,-1.75,1,8874,0.5,-54.1,2.1
10.0,8902.619752,119.0,3.29,10.95,50.52,6.06,0.25,1,8743,-1.7,11.0,0.6
10.0,8902.629753,117.07,3.24,12.26,50.57,3.74,2.0,1,8616,-3.3,65.7,-0.9
10.0,8902.639756,115.93,3.26,14.67,50.65,0.0,2.75,1,8518,1.8,186.2,-4.7
10.0,8902.649755,116.19,3.37,17.77,50.74,-3.74,2.25,1,9379,3.3,189.9,-4.9
10.0,8902.659753,117.42,3.37,18.93,50.78,-6.06,1.0,1,9261,-3.3,112.4,-2.6
10.0,8902.669755,119.27,3.33,17.72,50.74,-6.06,-0.75,1,9133,4.3,-43.5,1.3
10.0,8902.679753,120.94,3.37,14.93,50.64,-3.74,-2.5,1,9002,-1.1,-123.7,3.1
10.0,8902.689759,121.55,3.3,12.21,50.56,-0.0,-3.25,1,8881,0.2,-191.1,6.3
10.0,8902.699752,121.46,3.29,10.01,50.5,3.74,-2.75,1,8747,-1.0,-153.3,3.7
10.0,8902.709753,120.94,3.28,9.86,50.48,6.06,-1.75,1,8621,0.8,-52.6,1.8
10.0,8902.719752,119.09,3.29,10.97,50.53,6.06,0.25,1,8518,-1.9,10.8,0.7
10.0,8902.729756,117.07,3.24,12.25,50.59,3.74,2.0,1,9384,-3.2,63.8,-0.5
10.0,8902.739756,115.93,3.26,14.67,50.66,0.0,2.75,1,9265,2.0,189.2,-5.0
10.0,8902.749755,116.28,3.38,17.82,50.76,-3.74,2.25,1,9137,3.3,190.4,-4.7
10.0,8902.759753,117.42,3.37,18.95,50.8,-6.06,1.0,1,9007,-2.7,111.6,-3.0
10.0,8902.769755,119.18,3.33,17.72,50.75,-6.06,-0.75,1,8882,3.4,-44.7,1.6
10.0,8902.779753,120.94,3.36,14.92,50.66,-3.74,-2.5,1,8754,-1.2,-123.4,2.9
10.0,8902.789756,121.64,3.29,12.21,50.57,-0.0,-3.25,1,8623,0.4,-192.1,6.3
10.0,8902.799752,121.55,3.29,10.02,50.51,3.74,-2.75,1,8523,-0.7,-150.5,3.5
10.0,8902.809756,121.03,3.28,9.87,50.49,6.06,-1.75,1,9389,0.2,-57.0,2.2
10.0,8902.819752,119.09,3.29,10.86,50.54,6.06,0.25,1,9257,-0.6,6.0,0.7
10.0,8902.829756,117.25,3.26,12.24,50.59,3.74,2.0,1,9142,-3.8,74.6,-1.2
10.0,8902.839756,116.02,3.26,14.76,50.67,0.0,2.75,1,9015,1.6,183.3,-4.5
10.0,8902.849755,116.28,3.37,17.72,50.76,-3.74,2.25,1,8886,3.3,187.5,-4.8
10.0,8902.859753,117.42,3.36,18.9,50.8,-6.06,1.0,1,8757,-3.6,113.3,-2.6
10.0,8902.869752,119.27,3.33,17.73,50.76,-6.06,-0.75,1,8620,4.5,-41.8,1.3
10.0,8902.879753,120.94,3.37,14.95,50.66,-3.74,-2.5,1,8532,-1.1,-123.4,2.9
10.0,8902.889760,121.46,3.3,12.2,50.58,-0.0,-3.25,1,9398,0.2,-193.1,6.5
10.0,8902.899752,121.55,3.29,10.0,50.52,3.74,-2.75,1,9262,-0.9,-151.1,3.4
10.0,8902.909756,120.94,3.28,9.86,50.5,6.06,-1.75,1,9147,0.3,-55.5,2.2
10.0,8902.919752,119.18,3.29,10.92,50.56,6.06,0.25,1,9006,-1.4,10.2,0.5
10.0,8902.929754,117.07,3.25,12.25,50.6,3.74,2.0,1,8889,-3.1,67.8,-1.0
10.0,8902.939755,115.84,3.26,14.67,50.68,-0.0,2.75,1,8763,1.5,184.2,-4.5
10.0,8902.949752,116.19,3.37,17.74,50.78,-3.74,2.25,1,8625,3.2,190.5,-5.1
10.0,8902.959753,117.42,3.36,18.93,50.81,-6.06,1.0,1,8533,-3.4,112.4,-2.5
10.0,8902.969755,119.36,3.33,17.73,50.77,-6.06,-0.75,1,9397,4.6,-42.1,1.0
10.0,8902.979753,121.03,3.37,14.94,50.67,-3.74,-2.5,1,9268,-1.0,-123.9,3.1
10.0,8902.989757,121.64,3.3,12.2,50.6,0.0,-3.25,1,9153,0.2,-192.3,6.6
10.0,8902.999752,121.38,3.29,10.0,50.53,3.74,-2.75,1,9011,-0.8,-151.9,3.5
10.0,8903.009753,121.03,3.28,9.86,50.52,6.06,-1.75,1,8885,0.5,-54.4,2.2
10.0,8903.019752,119.09,3.29,10.94,50.57,6.06,0.25,1,8766,-1.8,11.0,0.4
10.0,8903.029753,117.25,3.24,12.26,50.61,3.74,2.0,1,8630,-3.1,65.7,-0.7
10.0,8903.039756,115.75,3.26,14.67,50.69,0.0,2.75,1,8540,1.7,187.1,-4.8
10.0,8903.049755,116.37,3.37,17.77,50.79,-3.74,2.25,1,9401,3.4,188.7,-5.0
10.0,8903.059753,117.42,3.37,18.91,50.83,-6.06,1.0,1,9272,-3.4,112.4,-2.6
10.0,8903.069755,119.27,3.33,17.74,50.78,-6.06,-0.75,1,9155,4.3,-41.2,0.9
