freq_hz,t_s,enc_deg,roll,pitch,yaw,target_deg,inc_deg,valid,imu_age_us,gx,gy,gz
0.5,1063.339739,239.68,-0.22,-71.75,2.85,0.63,0.25,1,7524,3.7,103.4,3.2
0.5,1063.349739,239.24,-0.42,-71.24,3.1,1.26,0.5,1,7397,2.3,36.1,1.2
0.5,1063.359739,238.18,-0.29,-71.86,2.91,1.88,1.75,1,7258,-3.2,5.3,-4.0
0.5,1063.369739,236.87,-0.1,-71.65,2.67,2.51,2.75,1,7159,1.1,51.7,-1.9
0.5,1063.379739,235.9,-0.07,-70.04,2.72,3.13,4.0,1,8027,3.4,114.4,-0.0
0.5,1063.389739,235.37,-0.08,-68.18,2.8,3.75,4.75,1,7902,4.2,123.4,1.3
0.5,1063.399739,235.28,-0.04,-67.02,2.78,4.36,4.25,1,7781,1.9,107.2,-1.7
0.5,1063.409742,235.63,-0.03,-66.8,2.77,4.97,3.75,1,7648,1.9,38.6,2.9
0.5,1063.419739,236.25,-0.1,-67.56,2.83,5.58,3.25,1,7526,-1.9,-7.8,-2.1
0.5,1063.429739,235.81,0.0,-68.54,2.65,6.18,4.0,1,7393,-2.3,-51.9,-1.6
0.5,1063.439739,234.67,0.05,-69.49,2.58,6.77,5.25,1,7266,-0.7,-50.6,-2.4
0.5,1063.449739,233.7,0.07,-68.79,2.6,7.36,6.25,1,7161,1.6,69.0,1.7
0.5,1063.459739,232.91,0.07,-66.23,2.67,7.94,7.0,1,8023,4.5,136.8,-1.1
0.5,1063.469743,232.65,0.08,-64.63,2.73,8.52,7.25,1,7907,4.1,91.8,5.3
0.5,1063.479739,231.86,0.03,-64.54,2.77,9.08,8.0,1,7785,-1.2,54.5,-4.7
0.5,1063.489743,231.15,0.2,-64.52,2.54,9.64,9.0,1,7652,1.0,39.2,0.5
0.5,1063.499739,230.62,0.19,-63.88,2.61,10.18,9.5,1,7525,3.0,78.7,-2.1
0.5,1063.509739,230.45,0.25,-62.59,2.59,10.72,9.5,1,7397,2.6,90.1,1.7
0.5,1063.519739,230.19,0.14,-62.2,2.72,11.24,9.75,1,7259,1.4,27.8,2.3
0.5,1063.529739,229.22,0.2,-62.78,2.63,11.76,10.75,1,7160,-1.6,3.9,-4.5
0.5,1063.539739,228.43,0.33,-62.57,2.45,12.26,11.75,1,8027,0.8,44.5,-0.9
0.5,1063.549743,228.34,0.31,-61.08,2.54,12.75,11.75,1,7903,3.3,108.4,0.1
0.5,1063.559739,228.16,0.26,-59.68,2.66,13.23,11.75,1,7781,2.8,76.6,4.3
0.5,1063.569742,227.37,0.21,-59.97,2.69,13.69,12.5,1,7648,-1.9,3.0,-2.3
0.5,1063.579740,226.41,0.4,-60.55,2.44,14.14,13.75,1,7526,2.1,15.3,-5.0
0.5,1063.589740,225.88,0.46,-59.55,2.43,14.58,14.25,1,7390,1.6,88.2,1.6
0.5,1063.599740,225.62,0.32,-57.81,2.62,15.0,14.25,1,7256,2.4,100.2,2.5
0.5,1063.609740,225.35,0.31,-57.26,2.65,15.41,14.75,1,7162,1.0,43.3,0.6
0.5,1063.619740,224.65,0.38,-57.75,2.55,15.8,15.25,1,8023,-0.1,8.5,-2.9
0.5,1063.629743,224.21,0.48,-57.6,2.44,16.18,15.75,1,7908,2.1,49.0,-2.1
0.5,1063.639740,223.68,0.43,-56.56,2.53,16.54,16.25,1,7786,0.3,64.0,3.7
0.5,1063.649743,223.24,0.38,-55.85,2.6,16.89,16.75,1,7653,2.4,56.5,-2.0
0.5,1063.659740,223.07,0.49,-55.44,2.5,17.21,17.0,1,7525,0.7,48.3,-0.2
0.5,1063.669740,222.8,0.44,-55.21,2.54,17.53,17.25,1,7398,0.1,30.5,0.7
0.5,1063.679740,222.71,0.45,-55.1,2.54,17.82,17.25,1,7259,1.4,29.1,-0.9
0.5,1063.689740,222.36,0.48,-54.94,2.52,18.1,17.75,1,7157,0.3,17.5,0.8
0.5,1063.699740,221.75,0.46,-54.97,2.54,18.36,18.25,1,8019,0.4,8.9,-0.3
0.5,1063.709743,221.13,0.54,-54.57,2.48,18.6,18.75,1,7904,3.0,48.9,-2.5
0.5,1063.719740,220.69,0.54,-53.53,2.5,18.82,19.25,1,7782,-0.9,63.6,2.9
0.5,1063.729740,220.69,0.45,-52.86,2.58,19.02,19.5,1,7646,1.6,52.7,-1.0
0.5,1063.739740,220.61,0.56,-52.52,2.5,19.21,19.25,1,7518,1.7,44.0,-0.7
0.5,1063.749740,220.96,0.51,-52.61,2.55,19.37,18.75,1,7391,-0.7,0.2,3.0
0.5,1063.759740,220.96,0.51,-53.18,2.53,19.52,19.0,1,7255,1.3,-13.0,-3.8
0.5,1063.769740,220.61,0.58,-53.74,2.43,19.65,19.5,1,8151,-3.3,-42.4,1.6
0.5,1063.779740,220.25,0.51,-53.82,2.49,19.75,19.75,1,8023,2.8,20.7,-1.4
0.5,1063.789743,219.9,0.57,-52.71,2.49,19.84,20.25,1,7899,-0.4,48.0,2.1
0.5,1063.799740,219.81,0.5,-52.04,2.55,19.91,20.25,1,7786,0.9,40.2,-0.1
0.5,1063.809743,219.99,0.56,-51.83,2.51,19.96,19.75,1,7653,1.3,29.1,-0.4
0.5,1063.819740,220.61,0.52,-52.0,2.55,19.99,19.25,1,7523,-0.9,-6.1,3.0
0.5,1063.829740,220.78,0.53,-52.58,2.53,20.0,19.25,1,7390,1.2,-23.0,-3.9
0.5,1063.839740,220.43,0.59,-53.42,2.42,19.99,19.75,1,7259,-3.6,-67.1,2.0
0.5,1063.849740,220.08,0.5,-53.85,2.49,19.96,20.0,1,8147,1.3,1.5,-1.1
0.5,1063.859740,219.81,0.56,-52.75,2.49,19.91,20.25,1,8019,0.2,40.9,2.1
0.5,1063.869743,219.81,0.5,-52.03,2.55,19.84,20.0,1,7904,0.6,32.4,0.1
0.5,1063.879740,219.99,0.55,-51.9,2.51,19.75,19.5,1,7782,1.0,21.7,-0.4
0.5,1063.889740,220.61,0.52,-52.08,2.54,19.65,19.25,1,7649,-0.7,-7.0,2.9
0.5,1063.899740,220.96,0.53,-52.59,2.52,19.52,19.0,1,7519,1.1,-22.6,-3.7
0.5,1063.909740,220.25,0.58,-53.44,2.43,19.37,19.75,1,7382,-3.9,-69.0,2.3
0.5,1063.919740,219.81,0.49,-54.07,2.5,19.21,20.25,1,7255,0.8,-16.5,-1.2
0.5,1063.929740,219.73,0.61,-52.69,2.45,19.02,20.25,1,8151,3.4,85.4,-0.3
0.5,1063.939740,220.34,0.54,-51.31,2.58,18.82,19.25,1,8024,0.8,36.0,6.2
0.5,1063.949743,221.57,0.47,-51.81,2.61,18.6,18.25,1,7900,-1.7,-0.4,-3.8
0.5,1063.959740,221.75,0.53,-53.11,2.46,18.36,18.25,1,7787,-3.2,-93.4,1.9
0.5,1063.969743,221.4,0.51,-55.2,2.46,18.1,18.75,1,7653,-0.8,-116.5,-3.2
0.5,1063.979740,221.22,0.62,-55.3,2.38,17.82,18.75,1,7523,2.5,14.0,0.9
0.5,1063.989743,221.31,0.5,-53.57,2.57,17.53,18.25,1,7390,-1.3,42.5,5.2
0.5,1063.999740,222.28,0.39,-53.28,2.62,17.21,17.25,1,7259,-1.4,-0.1,-0.6
0.5,1064.009740,223.15,0.47,-53.88,2.51,16.89,16.25,1,8147,-1.5,-16.9,0.1
0.5,1064.019740,224.12,0.47,-55.1,2.48,16.54,15.75,1,8019,-1.8,-105.6,-1.3
0.5,1064.029743,223.51,0.46,-56.92,2.47,16.18,16.25,1,7904,-2.6,-93.4,2.5
0.5,1064.039740,222.8,0.45,-57.46,2.48,15.8,17.25,1,7783,0.9,-66.3,-2.3
0.5,1064.049740,222.36,0.53,-56.57,2.43,15.41,17.5,1,7649,0.9,62.8,1.3
0.5,1064.059740,222.54,0.42,-54.52,2.58,15.0,17.25,1,7519,1.3,76.2,3.8
0.5,1064.069740,223.15,0.38,-54.15,2.63,14.58,16.25,1,7383,-0.0,23.0,0.6
0.5,1064.079740,224.3,0.43,-54.68,2.55,14.14,15.25,1,7255,-0.5,-0.0,-0.9
0.5,1064.089740,224.74,0.42,-55.89,2.52,13.69,15.25,1,8152,-2.8,-97.9,1.0
0.5,1064.099740,224.82,0.45,-58.11,2.46,13.23,15.25,1,8024,-0.2,-124.1,-3.7
0.5,1064.109743,225.09,0.52,-58.51,2.4,12.75,14.25,1,7900,0.1,-13.0,2.7
0.5,1064.119740,225.7,0.33,-57.55,2.63,12.26,13.75,1,7787,-1.0,-15.9,5.2
0.5,1064.129743,226.41,0.29,-57.87,2.62,11.76,13.25,1,7654,-3.4,-28.8,-2.7
0.5,1064.139740,227.11,0.43,-58.73,2.41,11.24,12.0,1,7523,-1.2,-72.7,-2.0
0.5,1064.149742,228.69,0.34,-59.83,2.53,10.72,11.0,1,7390,-0.6,-66.4,6.6
0.5,1064.159740,229.22,0.2,-60.76,2.67,10.18,10.5,1,7260,-2.9,-99.3,-1.4
0.5,1064.169740,229.57,0.38,-62.54,2.42,9.64,10.25,1,8148,-2.0,-145.3,-2.8
0.5,1064.179740,229.83,0.27,-63.5,2.51,9.08,9.5,1,8020,-3.2,-49.2,6.7
0.5,1064.189743,230.45,0.1,-62.84,2.68,8.52,8.5,1,7905,-1.0,-30.2,-1.8
0.5,1064.199740,231.5,0.23,-63.05,2.56,7.94,7.75,1,7783,-0.3,-39.9,3.2
0.5,1064.209740,232.38,0.15,-63.81,2.62,7.36,7.25,1,7650,-2.5,-66.3,-1.6
0.5,1064.219740,232.82,0.16,-65.14,2.55,6.77,6.75,1,7519,-3.0,-107.1,2.5
0.5,1064.229740,233.35,0.05,-66.39,2.66,6.18,6.25,1,7383,-1.3,-83.8,0.8
0.5,1064.239740,233.61,0.08,-66.64,2.64,5.58,6.0,1,7255,-0.3,-48.9,1.3
0.5,1064.249740,233.7,0.05,-66.7,2.67,4.97,5.5,1,8152,-1.9,-40.2,0.9
0.5,1064.259740,234.4,0.02,-66.91,2.66,4.36,4.25,1,8025,-1.0,-29.9,0.5
0.5,1064.269740,235.9,0.01,-66.97,2.7,3.75,2.75,1,7901,0.8,-15.9,2.1
0.5,1064.279740,236.87,-0.04,-67.82,2.74,3.13,2.25,1,7779,-2.7,-99.6,0.2
0.5,1064.289742,237.48,-0.09,-69.97,2.7,2.51,1.75,1,7654,-5.1,-131.4,0.6
0.5,1064.299740,237.74,-0.17,-71.44,2.73,1.88,1.75,1,7524,-3.4,-114.2,0.4
0.5,1064.309743,237.74,-0.24,-71.67,2.83,1.26,1.75,1,7391,0.8,-40.9,3.6
0.5,1064.319740,237.83,-0.27,-71.0,2.89,0.63,1.5,1,7260,-0.9,-5.6,-0.6
0.5,1064.329740,238.18,-0.18,-70.68,2.78,0.0,0.5,1,8148,-0.3,-4.1,1.0
0.5,1064.339740,239.06,-0.24,-70.69,2.86,-0.63,-0.25,1,8020,1.9,-2.3,1.6
0.5,1064.349743,239.85,-0.25,-71.37,2.88,-1.26,-0.75,1,7905,-2.3,-70.0,-0.2
0.5,1064.359740,240.03,-0.22,-72.94,2.75,-1.88,-1.25,1,7783,-4.6,-89.1,-2.5
0.5,1064.369740,240.82,-0.35,-73.87,2.87,-2.51,-2.25,1,7650,0.8,-73.6,5.4
0.5,1064.379740,242.14,-0.56,-73.82,3.15,-3.13,-3.75,1,7519,0.5,-10.1,0.5
0.5,1064.389740,242.93,-0.47,-74.26,3.02,-3.75,-4.5,1,7384,-3.9,-108.2,1.0
0.5,1064.399740,243.11,-0.66,-76.58,3.11,-4.36,-4.25,1,7256,-4.9,-133.6,-0.1
0.5,1064.409740,243.19,-0.67,-77.5,3.08,-4.97,-3.75,1,8153,-2.6,-66.3,-0.2
0.5,1064.419740,243.28,-0.68,-76.94,3.13,-5.58,-3.75,1,8025,1.0,-10.9,2.1
0.5,1064.429740,243.11,-0.74,-76.29,3.25,-6.18,-4.5,1,7898,2.3,9.0,1.5
0.5,1064.439740,244.25,-0.75,-76.04,3.29,-6.77,-5.75,1,7779,1.9,5.8,2.3
0.5,1064.449742,245.48,-0.81,-76.27,3.32,-7.36,-7.25,1,7655,-2.6,-20.3,-0.0
0.5,1064.459740,246.18,-0.89,-78.0,3.33,-7.94,-7.75,1,7524,-3.3,-146.9,0.0
0.5,1064.469743,246.8,-1.05,-80.33,3.43,-8.52,-8.25,1,7391,-5.8,-105.9,-1.6
0.5,1064.479740,247.06,-1.21,-80.54,3.58,-9.08,-8.75,1,7261,2.0,-61.9,4.0
0.5,1064.489740,247.41,-1.42,-80.64,3.85,-9.64,-9.25,1,8149,-1.9,-54.4,-1.0
0.5,1064.499740,247.59,-1.28,-80.96,3.66,-10.18,-9.5,1,8021,-1.2,-39.8,1.3
0.5,1064.509743,248.03,-1.45,-81.11,3.83,-10.72,-10.0,1,7905,-0.6,-29.6,0.4
0.5,1064.519740,248.99,-1.45,-81.3,3.83,-11.24,-10.75,1,7783,-0.2,-28.4,0.7
0.5,1064.529740,249.61,-1.74,-81.96,4.14,-11.76,-11.5,1,7651,0.4,-67.2,2.6
0.5,1064.539740,250.22,-2.1,-83.19,4.46,-12.26,-12.25,1,7520,-4.1,-84.4,-1.4
0.5,1064.549740,250.66,-2.32,-84.03,4.62,-12.75,-12.75,1,7387,-1.1,-67.1,2.7
0.5,1064.559740,251.02,-2.87,-84.43,5.21,-13.23,-13.0,1,7256,-0.6,-57.4,0.3
0.5,1064.569740,251.46,-2.93,-84.77,5.26,-13.69,-13.25,1,8156,-0.8,-43.6,1.5
0.5,1064.579740,251.98,-3.28,-85.01,5.61,-14.14,-13.75,1,8025,-0.7,-38.2,0.8
0.5,1064.589740,252.77,-3.47,-85.27,5.8,-14.58,-14.75,1,7901,-0.5,-31.4,1.1
0.5,1064.599740,253.56,-4.36,-85.88,6.68,-15.0,-15.5,1,7779,0.1,-68.0,2.6
0.5,1064.609743,253.83,-6.15,-87.09,8.45,-15.41,-15.75,1,7655,-3.8,-84.8,-1.5
0.5,1064.619740,253.83,-8.65,-88.0,10.9,-15.8,-15.75,1,7525,-1.2,-74.0,3.2
0.5,1064.629743,253.74,-9.62,-88.04,11.88,-16.18,-15.5,1,7391,-1.3,-15.3,-1.6
0.5,1064.639740,253.83,-6.91,-87.42,9.19,-16.54,-15.75,1,7261,2.1,4.3,3.4
0.5,1064.649740,254.53,-7.24,-87.19,9.55,-16.89,-16.5,1,8149,-0.2,2.6,-0.2
0.5,1064.659740,255.23,-6.86,-87.22,9.16,-17.21,-17.5,1,8021,0.8,-0.9,1.7
0.5,1064.669743,255.59,-11.16,-88.23,13.44,-17.53,-17.75,1,7897,-2.4,-98.9,-0.6
0.5,1064.679740,255.76,-62.45,-89.66,64.67,-17.82,-17.75,1,7784,-3.5,-59.7,-1.5
0.5,1064.689743,255.76,-48.53,-89.56,50.76,-18.1,-17.75,1,7651,1.8,-25.5,4.2
0.5,1064.699740,256.11,-37.63,-89.39,39.91,-18.36,-18.25,1,7520,-0.3,-15.1,-1.1
0.5,1064.709740,256.73,-32.56,-89.39,34.82,-18.6,-19.0,1,7384,-0.5,-7.2,1.2
0.5,1064.719740,257.17,-74.47,-89.62,76.73,-18.82,-19.25,1,7257,0.4,-49.3,2.1
0.5,1064.729740,256.9,-158.47,-89.02,160.72,-19.02,-19.0,1,8145,-2.2,-59.9,-1.7
0.5,1064.739740,256.99,-164.43,-88.79,166.64,-19.21,-18.75,1,8026,-1.5,-14.3,0.5
0.5,1064.749740,256.9,-149.97,-89.26,152.2,-19.37,-19.0,1,7898,2.1,6.7,2.8
0.5,1064.759740,257.43,-131.12,-89.47,133.39,-19.52,-19.5,1,7780,0.1,8.6,0.6
0.5,1064.769743,257.78,-138.67,-89.41,140.92,-19.65,-20.0,1,7647,-0.1,-11.2,1.5
0.5,1064.779740,257.87,-162.2,-88.8,164.43,-19.75,-20.0,1,7525,-1.8,-50.3,-2.7
0.5,1064.789743,257.78,-169.71,-88.05,171.93,-19.84,-19.75,1,7392,-0.2,-38.2,2.6
0.5,1064.799740,257.7,-167.26,-88.22,169.48,-19.91,-19.25,1,7262,-1.1,5.8,-0.4
0.5,1064.809740,257.61,-160.43,-88.83,162.66,-19.96,-19.25,1,8150,2.2,19.4,3.2
0.5,1064.819740,257.96,-155.4,-88.98,157.66,-19.99,-20.0,1,8022,-0.3,4.2,-0.2
0.5,1064.829743,258.84,-158.78,-88.9,161.02,-20.0,-21.25,1,7898,0.8,4.8,1.4
0.5,1064.839740,259.45,-165.67,-88.36,167.91,-19.99,-21.75,1,7784,-0.9,-56.3,-0.7
0.5,1064.849743,259.28,-173.19,-86.81,175.4,-19.96,-21.25,1,7651,-3.2,-96.8,-0.2
0.5,1064.859740,259.01,-174.41,-86.02,176.58,-19.91,-20.75,1,7521,-1.2,-38.5,0.9
0.5,1064.869740,259.19,-171.72,-87.02,173.93,-19.84,-21.25,1,7388,1.5,42.9,3.1
0.5,1064.879740,259.37,-165.71,-88.06,167.97,-19.75,-21.5,1,7257,3.6,24.9,2.9
0.5,1064.889740,259.1,-169.46,-87.54,171.72,-19.65,-21.0,1,8157,-2.9,-36.1,-2.3
0.5,1064.899740,259.01,-173.27,-86.82,175.43,-19.52,-20.25,1,8026,-3.0,-12.6,-1.8
0.5,1064.909743,258.75,-170.53,-87.47,172.72,-19.37,-19.75,1,7902,2.9,42.9,4.0
0.5,1064.919740,258.75,-164.82,-88.17,167.08,-19.21,-20.25,1,7780,1.6,17.8,0.4
0.5,1064.929743,258.84,-164.96,-88.23,167.22,-19.02,-20.75,1,7647,1.8,30.9,1.9
0.5,1064.939740,258.66,-163.44,-88.38,165.7,-18.82,-20.5,1,7526,-1.0,1.9,-0.7
0.5,1064.949743,258.31,-169.31,-87.89,171.5,-18.6,-19.25,1,7392,-4.3,-22.5,-4.0
0.5,1064.959740,257.52,-170.05,-87.83,172.22,-18.36,-18.25,1,7262,1.1,18.1,2.0
0.5,1064.969740,257.08,-157.83,-88.89,160.07,-18.1,-17.75,1,8150,2.3,70.0,-1.5
0.5,1064.979740,256.82,-61.72,-89.51,64.03,-17.82,-17.75,1,8022,6.1,74.3,4.9
0.5,1064.989743,256.82,-32.26,-89.17,34.56,-17.53,-18.25,1,7907,-4.0,42.7,-4.9
0.5,1064.999740,256.9,-41.03,-89.45,43.25,-17.21,-18.25,1,7785,2.2,3.0,1.9
0.5,1065.009740,256.55,-89.24,-89.6,91.51,-16.89,-17.5,1,7649,-2.3,-1.3,-2.1
0.5,1065.019740,256.03,-117.25,-89.61,119.46,-16.54,-16.75,1,7478,-1.5,-14.2,-1.2
0.5,1065.029740,255.67,-44.02,-89.49,46.25,-16.18,-16.5,1,7385,1.8,68.1,0.1
0.5,1065.039740,255.41,-13.55,-88.24,15.88,-15.8,-16.25,1,7258,7.2,51.9,4.7
0.5,1065.049740,255.06,-12.74,-88.13,15.07,-15.41,-15.75,1,8146,-4.6,27.7,-4.3
0.5,1065.059740,254.36,-10.84,-88.22,13.07,-15.0,-15.0,1,8026,1.0,16.2,1.2
0.5,1065.069740,253.92,-9.18,-87.78,11.47,-14.58,-14.25,1,7911,0.1,55.6,-3.1
0.5,1065.079739,253.56,-5.76,-86.67,8.08,-14.14,-14.25,1,7781,4.1,73.3,2.8
0.5,1065.089742,253.48,-5.29,-85.89,7.65,-13.69,-14.25,1,7647,1.4,60.2,-0.9
0.5,1065.099739,253.39,-4.93,-85.89,7.28,-13.23,-14.25,1,7526,1.3,13.6,1.5
0.5,1065.109742,252.6,-5.57,-86.38,7.89,-12.75,-13.25,1,7392,-3.1,-2.9,-2.6
0.5,1065.119739,251.81,-4.65,-86.38,6.92,-12.26,-12.25,1,7262,-0.6,17.7,-1.7
0.5,1065.129739,251.37,-3.55,-85.2,5.87,-11.76,-12.0,1,8150,3.6,97.6,0.2
0.5,1065.139739,251.1,-3.18,-83.69,5.62,-11.24,-11.75,1,8022,6.4,71.0,4.8
0.5,1065.149742,250.58,-3.15,-83.6,5.57,-10.72,-11.25,1,7907,-3.5,35.4,-4.4
0.5,1065.159739,249.87,-2.53,-83.71,4.86,-10.18,-10.25,1,7785,0.7,25.1,1.1
0.5,1065.169743,249.26,-2.45,-83.16,4.83,-9.64,-9.75,1,7652,1.5,65.4,-3.1
0.5,1065.179739,248.55,-1.9,-81.95,4.32,-9.08,-9.0,1,7522,3.6,80.3,2.5
0.5,1065.189742,248.12,-1.98,-81.12,4.44,-8.52,-8.5,1,7388,1.9,68.7,-0.8
0.5,1065.199739,247.68,-1.61,-80.64,4.06,-7.94,-8.25,1,7266,0.7,59.6,-0.8
0.5,1065.209739,246.97,-1.56,-80.3,4.0,-7.36,-7.5,1,8146,1.2,43.2,0.3
0.5,1065.219739,246.09,-1.51,-80.06,3.97,-6.77,-6.5,1,8018,1.0,40.4,-0.7
0.5,1065.229742,245.3,-1.15,-79.28,3.61,-6.18,-5.75,1,7911,0.5,80.5,-3.5
0.5,1065.239739,244.95,-0.99,-77.94,3.48,-5.58,-5.25,1,7781,3.9,93.8,3.0
0.5,1065.249743,245.04,-1.07,-77.03,3.62,-4.97,-5.25,1,7648,2.3,77.5,-1.6
0.5,1065.259739,245.04,-0.94,-76.97,3.49,-4.36,-5.5,1,7526,1.3,22.5,2.0
0.5,1065.269742,244.78,-1.03,-77.61,3.54,-3.75,-5.25,1,7393,-3.1,-8.4,-3.3
0.5,1065.279739,243.9,-0.9,-78.03,3.36,-3.13,-4.25,1,7262,-0.1,-10.9,1.1
0.5,1065.289739,242.75,-0.92,-77.63,3.41,-2.51,-3.0,1,8150,1.0,42.3,-2.2
0.5,1065.299739,241.96,-0.63,-76.03,3.16,-1.88,-2.25,1,8022,2.7,106.9,-0.0
0.5,1065.309743,241.88,-0.65,-74.23,3.25,-1.26,-2.25,1,7907,4.7,115.6,2.3
0.5,1065.319739,241.35,-0.69,-73.62,3.33,-0.63,-1.75,1,7786,2.1,51.5,0.9
0.5,1065.329743,240.12,-0.56,-74.04,3.15,0.0,-0.5,1,7652,-1.4,22.5,-3.7
0.5,1065.339739,239.24,-0.32,-73.67,2.88,0.63,0.75,1,7522,1.6,65.7,-2.1
0.5,1065.349742,238.71,-0.28,-71.99,2.91,1.26,1.0,1,7389,3.6,125.6,0.3
0.5,1065.359739,238.45,-0.39,-70.54,3.1,1.88,1.25,1,7267,5.6,84.4,5.0
0.5,1065.369739,237.74,-0.37,-70.49,3.07,2.51,2.0,1,8146,-2.2,46.3,-5.4
0.5,1065.379739,236.87,-0.16,-70.53,2.77,3.13,2.75,1,8018,-0.1,34.3,0.8
0.5,1065.389739,236.25,-0.2,-69.93,2.87,3.75,3.75,1,7912,2.3,72.5,-2.5
0.5,1065.399739,235.46,-0.09,-68.71,2.81,4.36,4.25,1,7782,3.0,83.3,1.7
0.5,1065.409739,235.11,-0.15,-67.89,2.89,4.97,4.75,1,7648,1.7,71.1,-0.5
0.5,1065.419739,234.58,-0.06,-67.37,2.79,5.58,5.25,1,7518,1.1,65.0,-1.2
0.5,1065.429739,234.32,-0.06,-66.97,2.79,6.18,5.5,1,7390,0.8,45.5,0.8
0.5,1065.439739,233.79,-0.06,-66.76,2.81,6.77,6.0,1,7289,1.2,40.7,-1.0
0.5,1065.449739,232.65,-0.01,-66.52,2.77,7.36,7.25,1,8151,0.9,28.9,0.5
0.5,1065.459739,231.24,0.07,-65.97,2.7,7.94,8.75,1,8023,3.0,67.3,-3.9
0.5,1065.469743,230.36,0.22,-64.28,2.6,8.52,9.75,1,7908,2.8,130.4,0.1
0.5,1065.479739,230.36,0.11,-62.27,2.74,9.08,9.75,1,7786,3.1,138.1,2.3
0.5,1065.489742,230.27,0.09,-61.48,2.8,9.64,9.5,1,7653,1.7,71.0,0.4
0.5,1065.499739,230.01,0.12,-62.15,2.73,10.18,9.75,1,7522,-1.2,0.0,-0.9
0.5,1065.509739,229.39,0.25,-62.84,2.57,10.72,10.5,1,7386,2.2,2.5,-5.3
0.5,1065.519739,228.34,0.28,-62.5,2.57,11.24,11.5,1,7285,-1.2,31.3,4.5
0.5,1065.529739,227.64,0.16,-61.44,2.71,11.76,12.25,1,8146,3.8,77.3,-3.4
0.5,1065.539739,227.29,0.33,-60.04,2.58,12.26,12.75,1,8019,1.4,93.9,1.2
0.5,1065.549739,227.37,0.22,-59.14,2.69,12.75,12.5,1,7909,1.0,73.4,1.1
0.5,1065.559739,227.64,0.21,-59.14,2.7,13.23,12.25,1,7773,0.4,20.6,0.8
0.5,1065.569739,227.29,0.28,-59.73,2.63,13.69,12.75,1,7648,0.7,-5.8,-2.9
0.5,1065.579740,226.67,0.33,-60.2,2.56,14.14,13.25,1,7518,-1.0,-20.4,0.7
0.5,1065.589740,226.23,0.31,-59.88,2.59,14.58,13.75,1,7391,2.8,45.7,-1.6
0.5,1065.599740,225.62,0.34,-58.62,2.6,15.0,14.25,1,7289,0.0,60.5,2.4
0.5,1065.609740,225.35,0.26,-57.91,2.68,15.41,14.75,1,8151,1.0,56.5,-0.2
0.5,1065.619740,225.0,0.35,-57.51,2.61,15.8,15.0,1,8023,1.8,43.5,-1.1
0.5,1065.629740,224.47,0.36,-57.3,2.61,16.18,15.5,1,7908,0.2,34.2,1.2
0.5,1065.639740,223.77,0.34,-57.12,2.63,16.54,16.25,1,7778,1.9,27.4,-0.9
0.5,1065.649743,223.42,0.46,-56.58,2.55,16.89,16.75,1,7653,3.4,61.0,-2.2
0.5,1065.659740,223.33,0.44,-55.45,2.59,17.21,16.5,1,7522,-0.2,79.2,2.9
0.5,1065.669740,223.24,0.3,-55.11,2.71,17.53,16.75,1,7387,0.1,16.4,1.9
0.5,1065.679740,222.36,0.41,-55.74,2.6,17.82,17.75,1,7285,1.8,-0.2,-4.6
0.5,1065.689740,221.4,0.55,-55.63,2.47,18.1,18.75,1,8147,1.2,26.8,-0.6
0.5,1065.699740,220.69,0.48,-54.34,2.58,18.36,19.5,1,8019,2.4,102.6,1.1
0.5,1065.709740,220.61,0.48,-52.46,2.64,18.6,19.25,1,7910,3.3,112.3,0.7
0.5,1065.719740,220.69,0.47,-51.85,2.67,18.82,19.25,1,7774,0.9,50.7,2.0
0.5,1065.729740,220.61,0.45,-52.46,2.65,19.02,19.5,1,7649,-1.3,0.6,-1.4
0.5,1065.739740,220.52,0.56,-53.04,2.51,19.21,19.75,1,7518,2.4,-7.5,-4.3
0.5,1065.749740,220.43,0.56,-53.09,2.53,19.37,19.75,1,7382,-2.8,3.4,4.1
0.5,1065.759740,220.17,0.42,-52.78,2.66,19.52,19.75,1,7281,1.8,19.8,-0.2
0.5,1065.769740,220.08,0.54,-52.46,2.58,19.65,19.75,1,8152,0.8,16.0,-0.7
0.5,1065.779740,220.08,0.5,-52.44,2.59,19.75,19.75,1,8024,-1.5,5.2,1.6
0.5,1065.789740,220.17,0.47,-52.54,2.61,19.84,19.75,1,7908,0.8,1.4,-0.8
0.5,1065.799740,220.25,0.52,-52.58,2.57,19.91,19.75,1,7778,0.0,-0.3,0.7
0.5,1065.809743,219.99,0.49,-52.6,2.6,19.96,19.75,1,7654,0.2,-0.3,0.3
0.5,1065.819740,220.17,0.5,-52.6,2.59,19.99,19.75,1,7523,0.1,0.2,0.1
0.5,1065.829740,220.08,0.5,-52.59,2.59,20.0,19.75,1,7388,-0.4,0.2,0.5
0.5,1065.839740,220.08,0.49,-52.59,2.59,19.99,19.75,1,7285,0.0,0.2,0.2
0.5,1065.849740,220.08,0.5,-52.59,2.59,19.96,19.75,1,8147,0.1,-0.2,0.4
0.5,1065.859740,220.08,0.5,-52.6,2.59,19.91,19.75,1,8020,0.2,-0.0,0.2
0.5,1065.869740,220.17,0.5,-52.6,2.59,19.84,19.75,1,7910,-0.0,0.0,0.4
0.5,1065.879740,220.08,0.5,-52.59,2.59,19.75,19.75,1,7774,-0.0,0.1,0.3
0.5,1065.889740,220.25,0.5,-52.59,2.59,19.65,19.75,1,7649,-0.0,0.1,0.3
0.5,1065.899740,220.08,0.5,-52.59,2.59,19.52,19.75,1,7519,0.1,-0.0,0.3
0.5,1065.909740,220.17,0.5,-52.59,2.59,19.37,19.75,1,7392,0.1,-0.0,0.3
0.5,1065.919740,220.25,0.5,-52.59,2.6,19.21,19.75,1,7290,0.1,0.0,0.3
0.5,1065.929740,220.78,0.5,-52.6,2.6,19.02,18.75,1,8152,-0.0,-0.4,0.3
0.5,1065.939740,222.01,0.48,-52.69,2.62,18.82,17.5,1,8024,-0.3,-8.9,1.7
0.5,1065.949740,223.15,0.45,-53.63,2.62,18.6,16.75,1,7907,-2.2,-85.2,-0.2
0.5,1065.959740,222.98,0.44,-55.64,2.56,18.36,16.75,1,7770,-3.8,-124.4,0.1
0.5,1065.969743,222.45,0.44,-57.01,2.52,18.1,17.5,1,7654,-1.5,-98.3,-1.0
0.5,1065.979740,222.36,0.47,-56.43,2.53,17.82,17.75,1,7523,1.0,31.9,1.3
0.5,1065.989740,222.36,0.41,-54.6,2.65,17.53,17.25,1,7387,1.6,53.4,3.7
0.5,1065.999740,222.54,0.37,-54.32,2.7,17.21,17.25,1,7286,-0.5,6.2,0.6
0.5,1066.009740,222.8,0.44,-54.86,2.58,16.89,17.0,1,8148,-0.5,-6.2,-3.0
0.5,1066.019740,223.15,0.46,-55.16,2.54,16.54,16.75,1,8020,-1.5,-18.0,1.7
0.5,1066.029740,223.24,0.39,-55.58,2.61,16.18,16.75,1,7910,0.2,-29.9,-0.3
0.5,1066.039740,223.24,0.44,-55.99,2.57,15.8,16.5,1,7774,-0.3,-28.8,0.3
0.5,1066.049740,223.77,0.41,-56.01,2.59,15.41,15.5,1,7650,-0.8,-4.0,1.2
0.5,1066.059740,225.0,0.37,-55.86,2.64,15.0,14.25,1,7519,0.3,-9.2,1.7
0.5,1066.069740,226.23,0.37,-56.7,2.62,14.58,13.5,1,7383,-2.2,-79.1,-0.2
0.5,1066.079740,226.23,0.35,-58.65,2.57,14.14,13.5,1,7282,-3.8,-124.8,0.2
0.5,1066.089740,226.14,0.34,-60.31,2.55,13.69,13.75,1,8153,-1.7,-119.9,-0.1
0.5,1066.099740,226.23,0.34,-59.96,2.58,13.23,13.75,1,8025,0.4,29.6,1.9
0.5,1066.109740,226.41,0.27,-58.41,2.71,12.75,13.25,1,7907,2.6,5.9,4.5
0.5,1066.119740,226.67,0.3,-58.75,2.67,12.26,12.25,1,7770,-2.5,-10.6,-4.5
0.5,1066.129743,227.55,0.33,-59.09,2.57,11.76,11.75,1,7654,-0.6,-17.5,4.3
0.5,1066.139740,228.34,0.24,-59.72,2.67,11.24,11.25,1,7524,-2.5,-56.4,-3.1
0.5,1066.149740,228.96,0.3,-60.95,2.56,10.72,10.75,1,7388,-1.7,-83.4,2.8
0.5,1066.159740,229.39,0.19,-62.07,2.68,10.18,10.25,1,7286,-1.0,-85.6,0.7
0.5,1066.169740,229.39,0.22,-62.62,2.64,9.64,10.25,1,8148,-1.4,-52.1,0.7
0.5,1066.179740,229.48,0.19,-62.59,2.66,9.08,9.75,1,8021,-1.0,-30.4,1.0
0.5,1066.189740,230.45,0.19,-62.49,2.66,8.52,8.5,1,7902,-0.2,-11.6,0.1
0.5,1066.199740,231.86,0.17,-62.41,2.7,7.94,7.25,1,7774,0.6,-10.8,2.9
0.5,1066.209740,232.91,0.11,-63.67,2.73,7.36,6.25,1,7650,-3.4,-127.0,-0.7
0.5,1066.219740,233.09,0.1,-66.13,2.65,6.77,6.5,1,7520,-3.9,-129.6,1.2
0.5,1066.229740,232.73,0.04,-67.39,2.69,6.18,7.0,1,7384,-2.6,-123.9,-0.2
0.5,1066.239740,232.56,0.08,-67.12,2.68,5.58,7.25,1,7282,2.1,22.2,1.5
0.5,1066.249740,232.65,0.03,-65.19,2.81,4.97,6.5,1,8156,2.0,46.4,3.6
0.5,1066.259740,233.35,-0.02,-64.89,2.86,4.36,5.5,1,8025,-0.4,6.3,0.5
0.5,1066.269740,234.23,0.01,-65.35,2.78,3.75,4.75,1,7907,-1.5,-6.7,-0.1
0.5,1066.279740,234.84,0.04,-66.48,2.69,3.13,3.75,1,7770,-3.4,-99.3,-2.5
0.5,1066.289743,235.46,0.02,-68.2,2.69,2.51,3.75,1,7655,-1.2,-79.2,2.5
0.5,1066.299740,235.99,-0.11,-68.67,2.83,1.88,3.5,1,7524,-2.0,-67.6,0.4
0.5,1066.309740,235.9,-0.06,-69.25,2.74,1.26,2.75,1,7388,-2.2,-69.1,-0.8
0.5,1066.319740,236.95,-0.16,-69.53,2.87,0.63,1.75,1,7287,2.1,-26.5,5.9
0.5,1066.329740,237.83,-0.29,-69.37,3.02,0.0,0.75,1,8149,-2.8,-27.3,-0.9
0.5,1066.339740,238.27,-0.15,-70.36,2.79,-0.63,0.25,1,8021,-3.1,-97.9,-1.5
0.5,1066.349740,238.62,-0.22,-71.97,2.85,-1.26,0.25,1,7902,-0.9,-90.6,2.4
0.5,1066.359740,239.33,-0.28,-72.28,2.92,-1.88,-0.75,1,7775,-2.3,-38.2,-1.5
0.5,1066.369740,240.38,-0.33,-71.98,2.98,-2.51,-2.0,1,7651,3.3,-22.4,6.3
0.5,1066.379740,241.08,-0.5,-72.84,3.17,-3.13,-2.75,1,7520,-5.4,-101.6,-2.4
0.5,1066.389740,241.26,-0.41,-74.75,2.94,-3.75,-2.75,1,7384,-3.9,-111.8,1.1
0.5,1066.399740,241.7,-0.54,-75.41,3.07,-4.36,-3.25,1,7283,-1.4,-55.7,-0.3
0.5,1066.409740,242.75,-0.54,-75.02,3.12,-4.97,-4.25,1,8156,2.0,-16.8,3.3
0.5,1066.419740,243.63,-0.69,-75.17,3.31,-5.58,-5.25,1,8025,-0.7,-54.0,1.4
0.5,1066.429740,243.81,-0.77,-76.66,3.32,-6.18,-5.25,1,7907,-4.0,-111.5,0.6
0.5,1066.439740,243.9,-0.79,-78.05,3.25,-6.77,-5.25,1,7771,-4.5,-81.4,-2.4
0.5,1066.449743,244.34,-0.75,-77.81,3.23,-7.36,-6.0,1,7655,1.5,-6.7,2.9
0.5,1066.459740,245.3,-1.01,-77.13,3.6,-7.94,-7.25,1,7525,4.3,-6.1,4.2
0.5,1066.469740,245.92,-1.07,-77.88,3.64,-8.52,-7.75,1,7388,-5.3,-76.1,-1.4
0.5,1066.479740,246.27,-1.08,-79.56,3.51,-9.08,-8.0,1,7287,-4.1,-98.2,0.0
0.5,1066.489740,247.15,-1.2,-80.19,3.62,-9.64,-9.0,1,8149,-1.8,-40.4,-0.3
0.5,1066.499740,247.94,-1.43,-80.07,3.91,-10.18,-9.75,1,8021,3.8,-46.4,5.9
0.5,1066.509740,248.2,-1.82,-81.16,4.31,-10.72,-10.25,1,7903,-5.9,-102.5,-2.4
0.5,1066.519740,248.55,-1.54,-82.44,3.88,-11.24,-10.25,1,7775,-4.7,-72.1,-1.5
0.5,1066.529743,248.82,-1.89,-82.42,4.28,-11.76,-10.75,1,7651,3.7,-28.2,4.9
0.5,1066.539740,249.79,-2.09,-82.13,4.56,-12.26,-11.75,1,7521,-1.5,-15.3,-1.3
0.5,1066.549740,250.75,-2.0,-82.58,4.42,-12.75,-12.75,1,7384,0.5,-57.3,3.0
0.5,1066.559740,251.19,-2.85,-84.08,5.26,-13.23,-13.25,1,8272,-3.6,-108.4,-0.6
0.5,1066.569740,251.54,-3.11,-85.37,5.43,-13.69,-13.5,1,8148,-4.1,-77.3,-1.3
0.5,1066.579740,251.81,-3.71,-85.51,6.05,-14.14,-13.75,1,8025,2.3,-45.4,5.1
0.5,1066.589740,252.25,-4.28,-85.51,6.68,-14.58,-14.25,1,7907,-1.2,-33.1,-1.1
0.5,1066.599740,252.95,-3.76,-85.61,6.11,-15.0,-15.25,1,7771,-0.7,-21.5,1.4
0.5,1066.609743,253.65,-4.89,-86.12,7.26,-15.41,-15.75,1,7647,0.1,-63.0,2.1
0.5,1066.619740,254.18,-6.78,-87.28,9.12,-15.8,-16.25,1,7525,-3.2,-74.9,-1.5
0.5,1066.629740,254.36,-9.36,-88.09,11.66,-16.18,-16.5,1,7389,-0.9,-69.8,2.6
0.5,1066.639740,254.27,-13.31,-88.49,15.62,-16.54,-16.25,1,8276,-0.9,-46.0,0.1
0.5,1066.649740,254.36,-10.95,-88.31,13.26,-16.89,-16.25,1,8149,-0.9,-5.6,-0.1
0.5,1066.659740,254.79,-9.21,-87.84,11.54,-17.21,-16.75,1,8021,1.7,7.6,3.1
0.5,1066.669740,255.59,-9.55,-87.71,11.91,-17.53,-18.0,1,7906,1.2,-0.8,0.6
0.5,1066.679740,256.29,-13.66,-88.51,15.99,-17.82,-18.5,1,7767,-2.1,-72.5,-0.1
0.5,1066.689740,256.2,-120.6,-89.61,122.87,-18.1,-18.25,1,7648,-3.4,-93.4,-0.3
0.5,1066.699740,256.29,-156.61,-89.16,158.86,-18.36,-17.5,1,7512,-0.9,-35.9,-0.2
0.5,1066.709740,256.03,-108.67,-89.63,110.95,-18.6,-17.25,1,7384,0.3,7.7,1.9
0.5,1066.719740,256.11,-44.21,-89.45,46.52,-18.82,-18.0,1,8272,1.9,7.7,1.5
0.5,1066.729740,256.29,-34.55,-89.29,36.89,-19.02,-18.5,1,8148,2.0,19.4,2.9
0.5,1066.739740,256.55,-31.16,-89.2,33.49,-19.21,-18.75,1,8026,-1.7,-2.2,-0.3
0.5,1066.749740,256.73,-89.57,-89.66,91.84,-19.37,-18.75,1,7908,-3.1,-46.3,-3.9
0.5,1066.759740,256.99,-150.84,-89.31,153.11,-19.52,-19.25,1,7771,1.8,-16.2,3.5
0.5,1066.769740,257.7,-137.41,-89.42,139.72,-19.65,-20.0,1,7644,-0.3,-13.1,-1.0
0.5,1066.779740,257.96,-157.99,-89.01,160.28,-19.75,-20.25,1,7517,0.4,-51.9,2.4
0.5,1066.789740,257.7,-168.61,-88.03,170.89,-19.84,-19.75,1,7389,-3.1,-62.3,-1.3
0.5,1066.799740,257.52,-170.54,-87.84,172.78,-19.91,-18.75,1,8277,-0.8,-9.9,0.7
0.5,1066.809740,257.17,-163.13,-88.63,165.39,-19.96,-18.25,1,8149,1.1,30.0,2.4
0.5,1066.819740,257.17,-138.38,-89.36,140.69,-19.99,-18.75,1,8022,2.7,43.5,1.2
0.5,1066.829740,257.17,-104.2,-89.55,106.54,-20.0,-19.0,1,7907,2.0,23.3,2.4
0.5,1066.839740,257.08,-123.6,-89.48,125.91,-19.99,-19.0,1,7767,-2.1,2.5,-1.0
0.5,1066.849740,257.26,-140.98,-89.4,143.23,-19.96,-19.25,1,7648,-2.5,2.9,-1.6
0.5,1066.859740,257.61,-141.87,-89.38,144.14,-19.91,-19.75,1,7512,2.4,-2.8,1.7
0.5,1066.869740,257.96,-152.44,-89.11,154.75,-19.84,-20.25,1,7385,0.0,-24.2,-0.4
0.5,1066.879740,258.05,-165.83,-88.49,168.1,-19.75,-20.25,1,8273,-2.7,-45.6,-1.9
0.5,1066.889740,257.78,-170.21,-87.84,172.46,-19.65,-19.75,1,8148,-0.2,-45.0,1.6
0.5,1066.899740,257.34,-169.05,-87.92,171.31,-19.52,-18.5,1,8026,-0.6,7.8,-0.3
0.5,1066.909740,256.99,-162.01,-88.72,164.28,-19.37,-18.0,1,7910,0.9,29.6,2.2
0.5,1066.919740,256.9,-122.59,-89.49,124.9,-19.21,-18.25,1,7772,3.2,72.3,1.5
0.5,1066.929740,256.9,-42.5,-89.34,44.86,-19.02,-18.75,1,7644,3.3,33.4,2.1
0.5,1066.939740,256.99,-75.09,-89.55,77.43,-18.82,-18.75,1,7517,-2.5,2.1,-0.9
0.5,1066.949740,256.99,-119.51,-89.56,121.76,-18.6,-18.75,1,7389,-2.9,-1.7,-2.5
0.5,1066.959740,256.99,-126.48,-89.53,128.75,-18.36,-18.75,1,8277,2.2,-2.7,1.8
0.5,1066.969740,256.9,-125.19,-89.5,127.51,-18.1,-18.25,1,8150,-0.5,-0.1,-0.6
0.5,1066.979740,256.82,-123.04,-89.53,125.33,-17.82,-17.75,1,8022,-0.1,1.0,0.9
0.5,1066.989740,256.29,-120.45,-89.54,122.73,-17.53,-17.25,1,7907,-1.2,1.0,-0.7
0.5,1066.999740,256.03,-67.48,-89.56,69.78,-17.21,-16.75,1,7767,4.0,40.3,2.5
0.5,1067.009740,255.85,-22.2,-88.86,24.56,-16.89,-16.75,1,7649,1.1,49.8,-0.2
0.5,1067.019740,255.85,-15.02,-88.45,17.35,-16.54,-17.25,1,7513,0.0,34.4,-0.1
0.5,1067.029740,255.94,-16.64,-88.57,18.98,-16.18,-17.25,1,7385,1.6,2.3,0.8
0.5,1067.039740,255.5,-20.87,-88.89,23.2,-15.8,-16.5,1,8273,-2.7,-0.9,-2.0
0.5,1067.049740,255.15,-22.65,-89.08,24.92,-15.41,-15.75,1,8146,-1.7,-15.5,-1.1
0.5,1067.059740,254.97,-15.17,-88.6,17.48,-15.0,-16.0,1,8018,3.0,64.9,0.7
0.5,1067.069740,255.06,-9.2,-87.37,11.62,-14.58,-16.25,1,7908,6.5,44.1,4.3
0.5,1067.079739,254.79,-10.25,-87.57,12.66,-14.14,-15.75,1,7772,-3.8,0.6,-2.1
0.5,1067.089739,253.74,-10.49,-88.16,12.76,-13.69,-14.25,1,7647,-4.6,-14.4,-3.5
0.5,1067.099739,252.86,-8.91,-87.89,11.2,-13.23,-13.25,1,7517,3.2,42.6,0.9
0.5,1067.109739,252.16,-5.21,-86.03,7.62,-12.75,-12.75,1,7390,5.1,129.6,-0.3
0.5,1067.119739,251.63,-3.79,-84.23,6.28,-12.26,-12.25,1,8278,6.4,93.2,4.3
0.5,1067.129739,251.54,-3.71,-84.05,6.19,-11.76,-12.0,1,8150,-2.8,54.5,-4.2
0.5,1067.139739,251.28,-2.94,-84.03,5.34,-11.24,-11.75,1,8022,1.3,40.7,0.3
0.5,1067.149739,250.66,-3.26,-83.89,5.71,-10.72,-11.25,1,7906,1.7,28.1,0.5
0.5,1067.159739,249.87,-3.16,-83.78,5.62,-10.18,-10.25,1,7768,0.2,23.5,-0.4
0.5,1067.169739,249.26,-2.56,-83.18,5.0,-9.64,-9.75,1,7649,0.2,65.2,-2.8
0.5,1067.179739,248.64,-2.14,-81.98,4.62,-9.08,-9.0,1,7513,4.7,78.2,2.8
0.5,1067.189739,248.29,-2.14,-81.17,4.69,-8.52,-8.5,1,7386,1.3,67.5,-1.4
0.5,1067.199739,247.85,-1.77,-80.7,4.28,-7.94,-8.25,1,8282,0.8,57.9,-0.2
0.5,1067.209739,247.15,-1.76,-80.37,4.28,-7.36,-7.5,1,8146,1.5,42.9,0.2
0.5,1067.219739,246.18,-1.66,-80.14,4.2,-6.77,-6.5,1,8027,0.9,38.2,-0.8
0.5,1067.229739,245.57,-1.3,-79.38,3.83,-6.18,-5.75,1,7910,0.3,80.9,-3.3
0.5,1067.239739,245.13,-1.12,-78.03,3.68,-5.58,-5.25,1,7773,3.9,92.4,2.7
0.5,1067.249739,245.21,-1.19,-77.16,3.81,-4.97,-5.5,1,7645,2.2,75.7,-1.3
0.5,1067.259739,244.86,-1.09,-77.11,3.71,-4.36,-5.25,1,7518,1.5,21.9,2.1
0.5,1067.269739,244.16,-1.17,-77.72,3.74,-3.75,-4.25,1,7390,-3.1,-7.5,-3.4
0.5,1067.279739,243.37,-0.84,-77.66,3.36,-3.13,-3.5,1,8278,0.8,35.9,-2.1
0.5,1067.289739,243.02,-0.76,-76.22,3.36,-2.51,-3.25,1,8151,3.0,100.2,0.7
0.5,1067.299739,242.4,-0.89,-74.95,3.57,-1.88,-2.75,1,8023,5.3,62.7,4.5
0.5,1067.309739,241.26,-0.86,-75.02,3.53,-1.26,-1.5,1,7906,-2.6,30.6,-4.6
0.5,1067.319739,240.03,-0.47,-74.7,3.06,-0.63,-0.25,1,7768,1.4,64.5,-2.3
0.5,1067.329740,239.24,-0.45,-73.12,3.12,0.0,0.75,1,7650,3.6,123.9,0.7
0.5,1067.339739,239.15,-0.43,-71.18,3.18,0.63,0.75,1,7514,5.2,135.0,0.6
0.5,1067.349739,239.24,-0.42,-70.33,3.21,1.26,0.25,1,7386,3.1,73.0,2.1
0.5,1067.359739,239.5,-0.46,-70.97,3.21,1.88,0.25,1,8274,-2.2,-1.1,-1.8
0.5,1067.369739,238.8,-0.38,-72.05,3.03,2.51,1.25,1,8146,-3.2,-33.9,-2.2
0.5,1067.379739,237.74,-0.29,-72.43,2.93,3.13,2.25,1,8019,-0.2,-5.8,-2.7
0.5,1067.389739,237.13,-0.21,-71.25,2.92,3.75,2.75,1,7909,3.9,90.4,1.0
0.5,1067.399739,236.6,-0.26,-69.21,3.06,4.36,3.25,1,7773,4.4,107.6,2.4
0.5,1067.409739,235.55,-0.3,-68.57,3.12,4.97,4.25,1,7648,1.2,47.0,1.2
0.5,1067.419739,234.84,-0.14,-68.59,2.9,5.58,5.25,1,7518,-0.8,58.7,-6.3
0.5,1067.429739,234.58,0.06,-67.34,2.7,6.18,5.25,1,7391,2.8,113.5,0.3
0.5,1067.439739,234.49,-0.15,-66.06,3.02,6.77,5.25,1,8279,5.5,73.1,6.5
0.5,1067.449739,233.88,-0.2,-66.37,3.08,7.36,6.0,1,8151,-2.8,9.7,-3.7
0.5,1067.459739,233.0,0.06,-66.95,2.7,7.94,7.0,1,8023,0.1,4.8,-4.5
0.5,1067.469739,232.47,0.1,-66.25,2.71,8.52,7.5,1,7907,1.2,75.8,1.2
0.5,1067.479739,231.94,-0.04,-64.61,2.91,9.08,7.75,1,7769,3.8,92.8,3.1
0.5,1067.489739,230.89,-0.05,-64.01,2.96,9.64,9.0,1,7650,1.1,42.3,0.5
0.5,1067.499739,230.19,0.13,-63.95,2.75,10.18,10.0,1,7514,1.5,57.4,-6.6
0.5,1067.509739,229.48,0.28,-62.64,2.6,10.72,10.25,1,7387,1.8,115.6,0.5
0.5,1067.519739,228.87,0.07,-61.3,2.9,11.24,11.25,1,8275,4.5,76.2,6.9
0.5,1067.529739,228.08,0.11,-61.18,2.88,11.76,12.0,1,8147,-0.3,50.7,-7.1
0.5,1067.539739,227.29,0.37,-60.66,2.55,12.26,12.75,1,8019,1.9,77.8,-2.2
0.5,1067.549739,226.93,0.24,-59.55,2.75,12.75,13.25,1,7910,1.7,84.3,4.7
0.5,1067.559739,226.85,0.19,-58.67,2.83,13.23,13.0,1,7773,2.4,81.5,-2.7
0.5,1067.569739,226.85,0.29,-58.54,2.73,13.69,13.0,1,7647,0.6,15.7,2.4
0.5,1067.579740,226.67,0.24,-59.26,2.76,14.14,13.25,1,7510,-0.5,-6.5,-2.8
0.5,1067.589740,225.62,0.34,-59.57,2.66,14.58,14.25,1,7391,2.0,-8.8,0.2
0.5,1067.599740,224.82,0.35,-59.25,2.7,15.0,15.0,1,8279,2.0,34.9,-0.7
0.5,1067.609740,224.56,0.38,-57.75,2.7,15.41,15.25,1,8152,4.2,105.7,0.6
0.5,1067.619740,224.3,0.36,-56.35,2.83,15.8,15.75,1,8024,6.4,69.8,5.1
0.5,1067.629740,224.03,0.29,-56.37,2.9,16.18,15.75,1,7906,-2.9,33.4,-0.6
0.5,1067.639740,223.68,0.3,-56.51,2.8,16.54,16.25,1,7769,1.7,22.4,0.8
0.5,1067.649740,222.89,0.34,-56.43,2.83,16.89,17.25,1,7651,1.8,19.0,0.2
0.5,1067.659740,222.54,0.39,-55.83,2.8,17.21,17.5,1,7514,1.9,64.0,-1.0
0.5,1067.669740,222.54,0.43,-54.63,2.79,17.53,17.25,1,7387,2.8,75.4,-0.2
0.5,1067.679740,222.54,0.43,-54.29,2.8,17.82,17.25,1,8275,1.0,22.2,0.3
0.5,1067.689740,222.54,0.39,-54.83,2.8,18.1,17.5,1,8147,-2.6,-0.5,-0.4
0.5,1067.699740,222.01,0.37,-55.07,2.78,18.36,18.0,1,8020,0.7,-1.0,0.5
0.5,1067.709740,221.66,0.41,-54.92,2.79,18.6,18.5,1,7910,0.9,14.7,-0.5
0.5,1067.719740,221.13,0.44,-54.28,2.79,18.82,18.75,1,7774,2.3,48.4,0.9
0.5,1067.729740,221.04,0.45,-53.49,2.82,19.02,19.0,1,7649,1.7,45.2,0.1
0.5,1067.739740,220.87,0.45,-53.19,2.8,19.21,19.25,1,7519,-0.1,33.2,-0.2
0.5,1067.749740,220.78,0.45,-53.12,2.79,19.37,19.25,1,7391,0.7,19.8,0.2
0.5,1067.759740,220.78,0.46,-53.13,2.8,19.52,19.25,1,8279,0.6,12.4,0.1
0.5,1067.769740,220.78,0.46,-53.14,2.79,19.65,19.25,1,8152,0.3,6.1,0.2
0.5,1067.779740,220.52,0.46,-53.19,2.79,19.75,19.5,1,8024,-0.1,1.0,0.3
0.5,1067.789740,219.81,0.45,-53.24,2.79,19.84,20.25,1,7907,0.0,1.0,0.2
0.5,1067.799740,219.64,0.47,-52.76,2.79,19.91,20.5,1,7770,1.7,47.7,-0.1
0.5,1067.809740,219.64,0.5,-51.7,2.81,19.96,19.75,1,7651,2.0,59.8,0.6
0.5,1067.819740,220.52,0.5,-51.48,2.82,19.99,19.0,1,7515,1.2,9.6,0.1
0.5,1067.829740,220.69,0.49,-52.09,2.8,20.0,18.5,1,7388,-2.0,-11.2,0.3
0.5,1067.839740,220.87,0.43,-53.26,2.76,19.99,19.0,1,8275,-6.1,-95.6,-1.4
0.5,1067.849740,220.52,0.47,-54.45,2.65,19.96,19.5,1,8150,-1.0,-34.5,-3.7
0.5,1067.859740,220.43,0.57,-53.74,2.62,19.91,19.25,1,8028,3.0,9.3,0.2
0.5,1067.869740,220.52,0.5,-52.98,2.76,19.84,18.75,1,7902,0.3,32.2,4.0
0.5,1067.879740,220.61,0.42,-52.78,2.81,19.75,19.25,1,7774,-1.7,-2.8,-0.5
0.5,1067.889740,220.08,0.45,-53.21,2.7,19.65,19.75,1,7647,-3.0,-7.5,-1.3
0.5,1067.899740,220.17,0.49,-53.12,2.69,19.52,19.75,1,7511,3.6,13.6,0.3
0.5,1067.909740,220.08,0.53,-52.58,2.75,19.37,19.75,1,7383,2.9,32.6,2.2
0.5,1067.919740,220.17,0.48,-52.37,2.77,19.21,19.5,1,8280,-2.9,2.7,-0.9
0.5,1067.929740,220.25,0.46,-52.67,2.72,19.02,19.0,1,8152,0.4,-0.7,0.9
0.5,1067.939740,220.69,0.49,-52.74,2.75,18.82,18.5,1,8033,1.5,-3.0,0.4
0.5,1067.949740,220.87,0.49,-53.15,2.71,18.6,18.25,1,7906,-3.8,-38.8,-1.3
0.5,1067.959740,220.87,0.46,-53.88,2.67,18.36,18.75,1,7770,-1.1,-37.0,0.0
0.5,1067.969740,220.87,0.51,-54.01,2.64,18.1,18.75,1,7651,-0.6,-15.4,-2.4
0.5,1067.979740,220.87,0.54,-53.83,2.63,17.82,18.0,1,7517,2.1,-3.5,1.6
0.5,1067.989740,221.92,0.52,-53.69,2.7,17.53,16.75,1,7397,1.0,2.4,0.5
0.5,1067.999740,222.63,0.5,-54.03,2.67,17.21,16.25,1,8276,-3.6,-40.5,-0.0
0.5,1068.009740,222.89,0.43,-55.47,2.64,16.89,16.75,1,8151,-4.7,-100.7,-0.1
0.5,1068.019740,222.19,0.42,-56.77,2.61,16.54,17.25,1,8029,-3.1,-69.6,-0.3
0.5,1068.029740,222.01,0.44,-56.39,2.63,16.18,17.75,1,7902,2.6,6.8,1.4
0.5,1068.039740,222.01,0.47,-54.93,2.72,15.8,17.25,1,7775,4.2,70.0,2.5
0.5,1068.049740,222.54,0.46,-54.15,2.76,15.41,16.5,1,7647,1.1,15.0,1.3
0.5,1068.059740,223.15,0.44,-54.71,2.73,15.0,15.75,1,7520,-1.2,-1.1,0.1
0.5,1068.069740,223.59,0.42,-55.56,2.67,14.58,15.25,1,7392,-4.6,-68.5,-1.4
0.5,1068.079740,223.95,0.42,-56.85,2.63,14.14,14.75,1,8280,0.4,-62.1,0.3
0.5,1068.089740,224.3,0.45,-57.31,2.64,13.69,14.5,1,8144,-1.1,-52.7,-0.1
0.5,1068.099740,224.74,0.43,-57.62,2.64,13.23,13.75,1,8034,-1.1,-40.2,0.6
0.5,1068.109740,225.62,0.41,-57.84,2.65,12.75,12.75,1,7907,-1.1,-34.6,0.6
0.5,1068.119740,226.41,0.39,-58.46,2.67,12.26,12.25,1,7770,-0.2,-67.7,1.7
0.5,1068.129740,226.93,0.37,-59.66,2.66,11.76,11.5,1,7652,-3.8,-86.4,-0.5
0.5,1068.139740,227.46,0.34,-60.59,2.65,11.24,11.0,1,7518,-0.7,-74.7,2.1
0.5,1068.149740,227.9,0.31,-61.09,2.7,10.72,10.5,1,7397,-0.7,-60.9,0.9
0.5,1068.159740,228.25,0.31,-61.47,2.69,10.18,10.25,1,8276,-1.2,-51.7,1.2
0.5,1068.169740,228.34,0.28,-61.75,2.7,9.64,10.0,1,8150,-1.2,-37.9,0.8
0.5,1068.179740,228.87,0.28,-61.91,2.7,9.08,9.5,1,8030,-0.5,-28.9,0.6
0.5,1068.189740,229.66,0.29,-62.06,2.7,8.52,8.75,1,7903,-0.2,-24.1,0.5
0.5,1068.199740,230.36,0.27,-62.61,2.73,7.94,8.0,1,7775,0.4,-59.5,2.0
0.5,1068.209740,230.8,0.22,-63.7,2.74,7.36,7.5,1,7648,-3.5,-74.1,-0.1
0.5,1068.219740,231.06,0.2,-64.48,2.71,6.77,7.25,1,7512,-1.2,-63.3,1.2
0.5,1068.229740,231.68,0.19,-64.83,2.75,6.18,6.5,1,7393,-0.4,-45.3,0.8
0.5,1068.239740,232.56,0.19,-65.02,2.74,5.58,5.75,1,8281,-0.8,-37.3,0.6
0.5,1068.249740,233.26,0.15,-65.63,2.79,4.97,4.75,1,8144,0.2,-68.7,2.7
0.5,1068.259740,233.88,0.08,-66.85,2.83,4.36,4.25,1,8034,-3.9,-91.4,0.1
0.5,1068.269740,234.4,0.05,-67.86,2.81,3.75,3.5,1,7907,-1.2,-77.7,1.9
0.5,1068.279740,234.84,0.03,-68.32,2.84,3.13,3.25,1,7771,-1.2,-59.9,-0.0
0.5,1068.289740,235.11,0.06,-68.69,2.8,2.51,2.75,1,7643,-1.1,-54.5,0.8
0.5,1068.299740,235.46,0.0,-69.04,2.85,1.88,2.5,1,7516,-0.9,-41.0,1.3
0.5,1068.309740,235.9,-0.02,-69.22,2.87,1.26,2.0,1,7415,-0.8,-30.6,0.5
0.5,1068.319740,237.04,-0.01,-69.38,2.86,0.63,0.75,1,8277,-0.4,-27.3,0.4
0.5,1068.329740,238.45,-0.06,-70.01,2.92,-0.0,-0.5,1,8150,0.4,-66.0,2.5
0.5,1068.339740,239.24,-0.2,-71.63,3.04,-0.63,-1.25,1,8030,-3.1,-123.2,1.8
0.5,1068.349740,239.33,-0.31,-73.52,3.07,-1.26,-1.25,1,7898,-4.9,-131.3,0.9
0.5,1068.359740,239.33,-0.32,-74.31,3.04,-1.88,-0.75,1,7767,-2.2,-71.4,-0.0
0.5,1068.369740,239.33,-0.26,-73.75,3.01,-2.51,-0.75,1,7648,0.9,-3.7,0.6
0.5,1068.379740,239.33,-0.24,-73.09,3.03,-3.13,-1.5,1,7515,1.1,-1.5,0.8
0.5,1068.389740,240.56,-0.27,-73.06,3.08,-3.75,-2.75,1,7419,1.0,1.1,1.6
0.5,1068.399740,241.7,-0.34,-73.22,3.14,-4.36,-4.0,1,8281,-1.3,-19.5,1.1
0.5,1068.409740,241.96,-0.46,-74.83,3.21,-4.97,-4.25,1,8145,-2.5,-140.0,1.5
0.5,1068.419740,242.14,-0.52,-77.03,3.2,-5.58,-4.25,1,8035,-5.8,-99.2,-2.0
0.5,1068.429740,242.75,-0.52,-76.75,3.19,-6.18,-5.0,1,7899,2.3,-12.9,3.5
0.5,1068.439740,243.63,-0.72,-75.99,3.5,-6.77,-6.0,1,7772,1.9,-10.0,3.1
0.5,1068.449740,244.16,-0.8,-76.82,3.54,-7.36,-6.5,1,7647,-3.1,-86.0,0.5
0.5,1068.459740,244.6,-0.83,-78.51,3.48,-7.94,-7.0,1,7516,-4.4,-92.7,-0.9
0.5,1068.469740,245.57,-0.79,-78.98,3.41,-8.52,-8.0,1,7415,-1.1,-40.6,-0.2
0.5,1068.479740,246.27,-1.02,-78.98,3.72,-9.08,-8.75,1,8277,3.3,-52.4,5.5
0.5,1068.489740,246.8,-1.42,-80.14,4.12,-9.64,-9.25,1,8150,-4.5,-103.7,-0.5
0.5,1068.499740,247.24,-1.15,-81.4,3.72,-10.18,-9.75,1,8031,-4.4,-74.4,-3.0
0.5,1068.509740,247.32,-1.34,-81.54,3.94,-10.72,-9.75,1,7895,2.1,-43.9,5.7
0.5,1068.519740,247.76,-1.85,-81.55,4.5,-11.24,-10.25,1,7768,-1.2,-31.8,-0.1
0.5,1068.529740,248.82,-1.53,-81.63,4.14,-11.76,-11.25,1,7650,-0.9,-20.1,0.5
0.5,1068.539740,249.79,-1.79,-82.11,4.41,-12.26,-12.25,1,7512,0.1,-59.1,2.2
0.5,1068.549740,250.31,-2.41,-83.67,5.01,-12.75,-12.75,1,7411,-2.8,-117.4,0.4
0.5,1068.559740,250.58,-2.89,-85.06,5.42,-13.23,-13.25,1,8281,-4.2,-80.6,-0.4
0.5,1068.569740,250.84,-3.33,-85.1,5.87,-13.69,-13.25,1,8154,1.9,-41.4,4.6
0.5,1068.579740,251.28,-3.69,-85.01,6.27,-14.14,-13.75,1,8035,-1.5,-30.0,-0.5
0.5,1068.589740,252.07,-3.31,-85.13,5.85,-14.58,-14.75,1,7901,-0.8,-23.5,1.0
0.5,1068.599740,252.6,-4.06,-85.67,6.61,-15.0,-15.5,1,7772,-0.1,-59.8,1.4
0.5,1068.609740,252.95,-5.42,-86.82,7.95,-15.41,-15.75,1,7648,-2.8,-79.9,-0.8
0.5,1068.619740,252.86,-7.22,-87.69,9.72,-15.8,-15.25,1,7517,-1.1,-66.6,1.3
0.5,1068.629740,252.95,-7.64,-87.69,10.15,-16.18,-15.5,1,7416,-1.1,-14.0,-0.2
0.5,1068.639740,253.65,-6.3,-87.09,8.83,-16.54,-16.25,1,8277,2.1,7.7,3.2
0.5,1068.649740,254.27,-6.67,-86.89,9.23,-16.89,-17.0,1,8150,0.5,-1.5,1.4
0.5,1068.659740,254.53,-9.22,-87.86,11.73,-17.21,-17.25,1,8031,-2.9,-88.4,0.1
0.5,1068.669740,254.71,-26.26,-89.3,28.71,-17.53,-17.5,1,7898,-3.3,-61.3,-1.8
0.5,1068.679740,254.71,-25.33,-89.24,27.8,-17.82,-17.5,1,7768,2.1,-21.8,3.4
0.5,1068.689740,255.06,-20.4,-88.95,22.91,-18.1,-17.75,1,7649,-0.6,-9.7,-0.6
0.5,1068.699740,255.76,-17.4,-88.9,19.89,-18.36,-18.5,1,7516,-0.3,-4.9,0.8
0.5,1068.709740,256.29,-29.78,-89.28,32.28,-18.6,-19.25,1,7420,0.1,-47.4,1.8
0.5,1068.719740,256.46,-140.26,-89.44,142.74,-18.82,-19.25,1,8282,-2.4,-63.2,-0.6
0.5,1068.729740,256.38,-162.92,-88.77,165.36,-19.02,-19.0,1,8149,-0.8,-58.7,3.0
0.5,1068.739740,256.38,-162.2,-88.73,164.65,-19.21,-18.75,1,8027,-0.9,-7.5,-0.7
0.5,1068.749740,256.38,-146.18,-89.33,148.65,-19.37,-18.75,1,7900,2.1,13.4,2.8
0.5,1068.759740,256.82,-127.23,-89.48,129.73,-19.52,-19.75,1,7772,0.1,4.0,0.2
0.5,1068.769740,257.87,-132.94,-89.46,135.43,-19.65,-20.75,1,7648,0.7,4.0,1.3
0.5,1068.779740,258.4,-161.1,-88.77,163.58,-19.75,-21.25,1,7518,-1.5,-79.3,-0.4
0.5,1068.789740,258.31,-172.94,-86.94,175.37,-19.84,-21.25,1,7416,-3.1,-104.4,0.1
0.5,1068.799740,258.13,-174.07,-86.3,176.48,-19.91,-20.25,1,8278,-1.5,-39.1,0.5
0.5,1068.809740,257.61,-171.34,-87.26,173.77,-19.96,-19.25,1,8151,1.9,31.7,2.8
0.5,1068.819740,257.61,-165.0,-88.24,167.48,-19.99,-19.25,1,8032,1.0,29.9,2.2
0.5,1068.829740,257.52,-153.44,-88.91,155.94,-20.0,-19.75,1,7898,4.0,74.7,4.0
0.5,1068.839740,257.61,-136.71,-89.29,139.22,-19.99,-20.0,1,7768,-2.3,1.0,-1.5
0.5,1068.849740,257.78,-160.88,-88.7,163.31,-19.96,-20.25,1,7649,-1.7,2.5,-0.1
0.5,1068.859740,257.7,-163.76,-88.5,166.19,-19.91,-20.25,1,7514,-1.3,-22.6,-1.8
0.5,1068.869740,257.61,-168.72,-88.04,171.14,-19.84,-19.75,1,7412,-1.2,-22.7,-1.7
0.5,1068.879740,257.61,-167.62,-88.18,170.04,-19.75,-19.25,1,8283,-0.3,14.7,0.9
0.5,1068.889740,257.52,-160.68,-88.68,163.13,-19.65,-19.25,1,8147,3.0,15.3,2.4
0.5,1068.899740,257.52,-159.94,-88.7,162.43,-19.52,-19.5,1,8036,-0.1,1.9,-0.4
0.5,1068.909740,257.52,-161.13,-88.66,163.6,-19.37,-19.75,1,7901,1.3,8.8,1.8
0.5,1068.919740,257.52,-159.51,-88.73,161.98,-19.21,-19.75,1,7773,-1.5,1.1,-0.8
0.5,1068.929740,257.43,-161.59,-88.67,164.03,-19.02,-18.75,1,7646,-0.1,-0.0,0.7
0.5,1068.939740,256.46,-161.9,-88.63,164.34,-18.82,-17.75,1,7509,-1.3,-2.3,-0.8
0.5,1068.949740,255.85,-154.01,-89.06,156.46,-18.6,-17.25,1,7417,2.6,47.8,0.6
0.5,1068.959740,255.85,-34.49,-89.19,37.03,-18.36,-17.25,1,8279,6.4,101.0,3.2
0.5,1068.969740,255.76,-15.68,-88.28,18.26,-18.1,-18.0,1,8151,0.3,45.7,-1.6
0.5,1068.979740,256.11,-20.66,-88.83,23.18,-17.82,-18.5,1,8032,-0.8,-0.1,0.0
0.5,1068.989740,256.11,-39.2,-89.35,41.67,-17.53,-18.75,1,7897,-3.9,-13.7,-1.8
0.5,1068.999740,256.11,-105.64,-89.64,108.05,-17.21,-18.25,1,7769,-2.3,-46.5,-3.8
0.5,1069.009740,255.85,-145.85,-89.42,148.27,-16.89,-17.25,1,7650,-0.7,-5.2,-0.3
0.5,1069.019740,255.5,-88.98,-89.64,91.42,-16.54,-16.75,1,7514,0.6,7.3,1.2
0.5,1069.029740,255.5,-28.45,-89.12,30.96,-16.18,-16.75,1,7413,5.4,64.2,3.9
0.5,1069.039740,255.23,-16.22,-88.33,18.81,-15.8,-16.5,1,8274,3.0,25.7,2.4
0.5,1069.049740,254.36,-19.46,-88.7,21.99,-15.41,-15.5,1,8147,-3.4,1.3,-1.6
0.5,1069.059740,253.12,-15.69,-88.53,18.17,-15.0,-14.25,1,8037,1.7,43.5,0.7
0.5,1069.069740,252.69,-7.78,-87.09,10.33,-14.58,-13.25,1,7902,2.1,104.1,-2.2
0.5,1069.079739,252.6,-4.46,-85.31,7.05,-14.14,-13.5,1,7774,4.5,119.1,0.6
0.5,1069.089739,252.77,-4.42,-84.61,7.08,-13.69,-13.75,1,7649,4.6,54.5,3.1
0.5,1069.099739,252.77,-5.21,-85.34,7.84,-13.23,-13.75,1,7518,-2.8,-8.9,-1.8
0.5,1069.109739,252.33,-5.15,-86.26,7.67,-12.75,-13.25,1,7417,-4.3,-28.0,-4.4
0.5,1069.119739,251.54,-5.27,-86.24,7.82,-12.26,-12.25,1,8279,4.1,21.9,4.1
0.5,1069.129739,250.75,-4.61,-85.14,7.24,-11.76,-11.75,1,8152,-0.1,59.4,-3.2
0.5,1069.139739,250.31,-3.23,-83.98,5.84,-11.24,-11.0,1,8033,2.7,79.0,2.4
0.5,1069.149739,249.87,-3.06,-83.13,5.7,-10.72,-10.75,1,7898,0.8,65.6,-2.2
0.5,1069.159739,249.61,-2.58,-82.73,5.21,-10.18,-10.25,1,7769,2.1,53.3,1.0
0.5,1069.169739,249.26,-2.72,-82.45,5.39,-9.64,-10.0,1,7642,1.9,40.8,0.6
0.5,1069.179739,248.82,-2.61,-82.23,5.29,-9.08,-9.5,1,7514,1.5,34.0,0.3
0.5,1069.189739,247.94,-2.5,-82.01,5.18,-8.52,-8.5,1,7413,0.6,28.8,0.1
0.5,1069.199739,247.15,-2.09,-81.43,4.75,-7.94,-7.75,1,8284,-0.1,64.2,-3.3
0.5,1069.209739,246.71,-1.64,-80.27,4.32,-7.36,-7.25,1,8147,2.4,80.3,0.5
0.5,1069.219739,246.18,-1.61,-79.37,4.33,-6.77,-6.75,1,8037,2.3,74.0,-0.8
0.5,1069.229739,245.83,-1.49,-78.87,4.23,-6.18,-6.25,1,7901,2.0,56.6,1.0
0.5,1069.239739,245.57,-1.48,-78.55,4.24,-5.58,-6.25,1,7774,1.3,48.5,-0.5
0.5,1069.249739,244.95,-1.34,-78.3,4.09,-4.97,-5.5,1,7647,0.8,33.5,-0.5
0.5,1069.259739,244.25,-1.29,-78.21,4.03,-4.36,-4.75,1,7510,0.3,24.7,-0.7
0.5,1069.269739,243.37,-1.05,-77.59,3.81,-3.75,-3.75,1,7418,1.5,70.7,-3.0
0.5,1069.279739,242.75,-0.95,-76.32,3.75,-3.13,-3.25,1,8279,3.8,80.8,3.6
0.5,1069.289739,242.31,-0.98,-75.46,3.8,-2.51,-2.75,1,8152,-0.2,75.7,-3.6
0.5,1069.299739,242.05,-0.68,-74.92,3.46,-1.88,-2.25,1,8033,1.1,60.0,-0.5
0.5,1069.309739,241.35,-0.73,-74.6,3.54,-1.26,-1.75,1,7898,1.3,47.6,-0.2
0.5,1069.319739,240.03,-0.72,-74.38,3.54,-0.63,-0.5,1,7770,1.4,33.6,0.2
0.5,1069.329740,238.54,-0.61,-73.72,3.47,-0.0,1.0,1,7642,3.4,80.2,-1.4
0.5,1069.339739,237.66,-0.37,-71.87,3.27,0.63,2.0,1,7515,3.1,138.8,-2.5
0.5,1069.349739,237.57,-0.27,-69.85,3.19,1.26,2.0,1,7414,3.2,143.7,0.1
0.5,1069.359739,237.57,-0.31,-68.98,3.26,1.88,1.75,1,8275,2.3,82.4,0.6
0.5,1069.369739,237.22,-0.34,-69.54,3.27,2.51,2.25,1,8150,-1.0,5.0,-0.2
0.5,1069.379739,236.95,-0.27,-70.37,3.13,3.13,2.5,1,8029,-2.6,-6.1,-3.9
0.5,1069.389739,236.43,-0.22,-70.21,3.1,3.75,3.25,1,7902,3.4,27.5,3.1
0.5,1069.399739,235.72,-0.3,-69.61,3.26,4.36,3.75,1,7774,0.3,26.4,-1.3
0.5,1069.409739,234.76,-0.16,-68.97,3.08,4.97,5.0,1,7647,0.5,65.6,-1.1
0.5,1069.419739,233.53,-0.17,-67.81,3.11,5.58,6.25,1,7511,2.9,76.7,1.7
0.5,1069.429739,232.73,-0.04,-66.52,3.04,6.18,7.0,1,8407,3.3,117.8,-5.4
0.5,1069.439739,232.82,0.1,-64.86,2.9,6.77,6.75,1,8280,1.6,125.0,1.8
0.5,1069.449739,232.91,-0.05,-64.25,3.1,7.36,6.25,1,8153,3.7,54.0,1.4
0.5,1069.459739,233.35,-0.01,-65.08,3.05,7.94,6.25,1,8033,-2.0,-11.9,-1.1
0.5,1069.469739,232.65,0.02,-66.1,2.93,8.52,7.0,1,7897,-2.6,-36.4,-2.6
0.5,1069.479739,231.77,0.1,-66.49,2.83,9.08,8.0,1,7770,0.3,-15.2,-1.9
0.5,1069.489739,231.24,0.1,-65.5,2.9,9.64,8.5,1,7634,3.3,78.6,2.3
0.5,1069.499741,230.71,0.03,-63.54,3.05,10.18,8.75,1,7516,3.2,102.0,2.1
0.5,1069.509739,229.83,0.04,-62.96,3.05,10.72,9.75,1,8403,1.5,35.0,0.8
0.5,1069.519739,229.13,0.15,-63.13,2.9,11.24,10.75,1,8276,-2.0,49.9,-5.5
0.5,1069.529739,228.87,0.26,-61.91,2.78,11.76,10.75,1,8160,4.8,106.7,0.8
0.5,1069.539739,228.87,0.18,-60.66,2.99,12.26,10.75,1,8029,4.1,68.6,3.6
0.5,1069.549739,228.34,0.14,-60.98,3.0,12.75,11.25,1,7902,-2.9,6.1,-2.1
0.5,1069.559739,227.2,0.24,-61.67,2.79,13.23,12.75,1,7775,-0.9,-6.6,-3.6
0.5,1069.569739,226.05,0.31,-61.02,2.78,13.69,13.75,1,7641,3.4,77.9,0.8
0.5,1069.579740,225.35,0.33,-58.81,2.87,14.14,14.25,1,7511,5.6,136.1,-0.6
0.5,1069.589740,224.91,0.32,-57.25,2.93,14.58,14.75,1,8408,2.0,97.9,3.7
0.5,1069.599740,224.56,0.3,-57.02,2.89,15.0,15.25,1,8280,-1.6,61.4,-5.7
0.5,1069.609740,224.38,0.4,-56.94,2.75,15.41,15.5,1,8153,2.0,45.0,2.1
0.5,1069.619740,224.21,0.33,-56.75,2.89,15.8,15.75,1,8034,1.1,34.7,-0.1
0.5,1069.629740,224.03,0.37,-56.63,2.85,16.18,15.75,1,7898,1.2,22.7,0.2
0.5,1069.639740,223.42,0.37,-56.53,2.86,16.54,16.25,1,7770,0.4,21.5,0.0
0.5,1069.649740,222.71,0.37,-56.39,2.85,16.89,17.25,1,7643,0.2,15.4,-0.1
0.5,1069.659740,222.36,0.43,-55.85,2.8,17.21,17.5,1,7516,2.1,60.2,-2.8
0.5,1069.669740,222.54,0.47,-54.68,2.8,17.53,17.25,1,8404,1.8,72.5,2.2
0.5,1069.679740,222.54,0.38,-54.37,2.9,17.82,17.25,1,8276,0.2,19.0,1.0
0.5,1069.689740,222.36,0.41,-55.01,2.82,18.1,17.25,1,8158,-2.1,-10.3,-2.6
0.5,1069.699740,221.66,0.45,-55.41,2.75,18.36,18.25,1,8030,0.6,-11.6,0.4
0.5,1069.709740,220.52,0.45,-55.12,2.79,18.6,19.25,1,7894,1.0,30.9,-0.7
0.5,1069.719740,219.9,0.49,-53.73,2.78,18.82,20.0,1,7775,3.0,95.9,-0.2
0.5,1069.729740,219.73,0.51,-51.97,2.82,19.02,19.75,1,7639,2.3,111.0,0.3
0.5,1069.739740,219.99,0.48,-51.32,2.87,19.21,19.5,1,7512,1.2,50.0,2.3
0.5,1069.749740,219.9,0.45,-51.98,2.86,19.37,20.0,1,8408,-2.1,-4.2,-1.6
0.5,1069.759740,219.55,0.53,-52.85,2.71,19.52,20.5,1,8281,-0.6,-33.2,-4.2
0.5,1069.769740,219.46,0.59,-52.69,2.69,19.65,20.25,1,8153,3.3,45.4,1.7
0.5,1069.779740,219.81,0.51,-51.66,2.87,19.75,19.75,1,8035,2.3,24.5,4.1
0.5,1069.789740,219.81,0.47,-51.98,2.86,19.84,19.75,1,7899,-3.4,-11.7,-2.4
0.5,1069.799740,219.99,0.55,-52.68,2.67,19.91,19.75,1,7771,-1.3,-33.8,-4.0
0.5,1069.809740,219.9,0.56,-52.98,2.69,19.96,19.75,1,7635,1.0,-7.4,3.7
0.5,1069.819740,219.9,0.49,-52.78,2.81,19.99,19.75,1,7517,-0.2,-6.5,-0.4
0.5,1069.829740,219.9,0.53,-52.76,2.75,20.0,19.75,1,8405,-0.2,1.4,0.7
0.5,1069.839740,219.99,0.51,-52.68,2.77,19.99,19.75,1,8277,0.0,0.2,0.1
0.5,1069.849740,219.9,0.52,-52.69,2.76,19.96,19.75,1,8158,0.1,0.0,0.3
0.5,1069.859740,219.99,0.52,-52.69,2.76,19.91,19.75,1,8030,-0.0,0.3,0.3
0.5,1069.869740,219.9,0.52,-52.69,2.76,19.84,19.75,1,7903,0.3,-0.2,0.4
0.5,1069.879740,219.99,0.53,-52.69,2.76,19.75,19.75,1,7776,0.2,-0.2,0.3
0.5,1069.889743,219.99,0.53,-52.69,2.76,19.65,19.75,1,7643,-0.1,0.1,0.3
0.5,1069.899740,219.9,0.52,-52.69,2.76,19.52,19.75,1,7521,-0.2,0.2,0.3
0.5,1069.909740,219.9,0.52,-52.69,2.76,19.37,19.75,1,8409,0.0,0.0,0.3
0.5,1069.919740,219.99,0.52,-52.69,2.76,19.21,19.5,1,8282,0.1,-0.1,0.3
0.5,1069.929740,220.08,0.52,-52.7,2.76,19.02,19.0,1,8154,0.1,-0.4,0.3
0.5,1069.939740,220.52,0.53,-52.72,2.77,18.82,18.5,1,8035,1.3,-2.1,0.9
0.5,1069.949740,220.69,0.53,-53.13,2.75,18.6,18.25,1,7899,-2.7,-38.8,-1.0
0.5,1069.959740,220.78,0.49,-53.9,2.72,18.36,18.75,1,7772,-2.1,-40.4,0.7
0.5,1069.969740,220.78,0.49,-53.98,2.73,18.1,18.75,1,7636,-0.6,-6.5,-0.9
0.5,1069.979740,220.78,0.52,-53.68,2.73,17.82,18.0,1,7517,2.3,-3.9,1.9
0.5,1069.989740,221.84,0.52,-53.67,2.78,17.53,16.75,1,8405,1.3,-1.5,0.5
0.5,1069.999740,222.54,0.5,-54.08,2.75,17.21,16.25,1,8278,-3.1,-43.3,0.5
0.5,1070.009740,222.8,0.43,-55.51,2.74,16.89,16.75,1,8153,-4.1,-100.8,0.6
0.5,1070.019740,222.19,0.41,-56.73,2.71,16.54,17.25,1,8031,-3.1,-64.5,-0.4
0.5,1070.029740,221.84,0.45,-56.34,2.71,16.18,17.75,1,7895,2.4,2.1,1.0
0.5,1070.039740,221.84,0.48,-54.97,2.79,15.8,17.25,1,7776,4.4,70.6,2.0
0.5,1070.049740,222.36,0.48,-54.13,2.83,15.41,16.5,1,7641,1.0,15.9,1.3
0.5,1070.059740,222.98,0.45,-54.69,2.81,15.0,15.75,1,7513,-1.3,-1.2,0.0
0.5,1070.069740,223.42,0.43,-55.53,2.75,14.58,15.25,1,8409,-4.4,-66.7,-0.7
0.5,1070.079740,223.77,0.42,-56.8,2.73,14.14,14.75,1,8282,0.1,-62.0,0.4
0.5,1070.089740,224.12,0.45,-57.28,2.74,13.69,14.5,1,8155,-0.9,-52.6,0.1
0.5,1070.099740,224.74,0.43,-57.57,2.73,13.23,13.75,1,8035,-1.1,-38.8,0.6
0.5,1070.109740,225.44,0.41,-57.78,2.74,12.75,13.0,1,7899,-1.0,-34.6,0.7
0.5,1070.119740,226.14,0.39,-58.42,2.76,12.26,12.25,1,7772,-0.3,-67.9,1.4
0.5,1070.129740,226.67,0.37,-59.61,2.75,11.76,11.5,1,7639,-3.8,-85.3,-0.2
0.5,1070.139740,227.29,0.35,-60.51,2.73,11.24,11.0,1,7517,-0.4,-73.3,1.6
0.5,1070.149740,227.64,0.34,-61.01,2.77,10.72,10.75,1,8405,-0.8,-61.5,0.9
0.5,1070.159740,227.9,0.32,-61.39,2.77,10.18,10.25,1,8278,-1.7,-49.8,1.0
0.5,1070.169740,228.16,0.29,-61.66,2.77,9.64,10.0,1,8150,-1.3,-38.1,0.7
0.5,1070.179740,228.52,0.29,-61.83,2.77,9.08,9.5,1,8031,-0.5,-29.2,0.6
0.5,1070.189740,229.39,0.29,-61.97,2.78,8.52,8.75,1,7898,-0.2,-23.0,0.6
0.5,1070.199740,230.01,0.28,-62.5,2.79,7.94,8.25,1,7768,0.1,-59.2,1.5
0.5,1070.209740,230.36,0.24,-63.61,2.81,7.36,7.75,1,7641,-3.1,-74.2,0.5
0.5,1070.219740,230.71,0.21,-64.4,2.79,6.77,7.25,1,7513,-1.5,-64.3,1.0
0.5,1070.229740,231.06,0.2,-64.75,2.81,6.18,7.0,1,8410,-0.4,-45.2,0.6
0.5,1070.239740,231.5,0.21,-64.93,2.81,5.58,6.5,1,8282,-0.7,-36.7,0.7
0.5,1070.249740,232.65,0.19,-65.12,2.82,4.97,5.25,1,8155,-0.5,-27.7,0.7
0.5,1070.259740,233.96,0.16,-65.66,2.86,4.36,3.75,1,8036,0.3,-62.5,2.1
0.5,1070.269740,234.84,0.08,-67.28,2.92,3.75,2.75,1,7900,-3.4,-126.8,1.6
0.5,1070.279740,234.93,-0.0,-69.29,2.91,3.13,2.75,1,7773,-4.7,-136.7,0.7
0.5,1070.289740,235.02,-0.01,-70.09,2.89,2.51,3.0,1,7639,-1.4,-70.2,0.3
0.5,1070.299740,235.46,0.04,-69.49,2.88,1.88,2.25,1,7518,0.8,-6.6,0.6
0.5,1070.309740,236.25,0.03,-68.87,2.93,1.26,1.25,1,8406,1.8,-2.2,1.8
0.5,1070.319740,237.13,-0.02,-69.42,2.98,0.63,0.5,1,8278,-1.9,-58.7,0.9
0.5,1070.329740,237.83,-0.09,-70.88,2.98,0.0,-0.25,1,8151,-3.8,-90.2,0.7
0.5,1070.339740,238.27,-0.16,-72.0,3.02,-0.63,-0.75,1,8031,-0.8,-79.8,1.6
0.5,1070.349740,238.71,-0.19,-72.58,3.08,-1.26,-1.25,1,7899,-0.9,-68.9,1.1
0.5,1070.359740,239.06,-0.23,-72.99,3.1,-1.88,-1.5,1,7777,-1.5,-51.7,1.2
0.5,1070.369740,239.68,-0.27,-73.26,3.12,-2.51,-2.25,1,7641,-0.8,-44.1,0.9
0.5,1070.379740,240.47,-0.27,-73.54,3.12,-3.13,-3.0,1,7513,-0.8,-35.4,0.4
0.5,1070.389740,241.26,-0.32,-74.17,3.18,-3.75,-3.75,1,8401,0.1,-72.1,2.0
0.5,1070.399740,241.88,-0.44,-75.38,3.28,-4.36,-4.5,1,8283,-3.4,-84.4,0.6
0.5,1070.409740,242.4,-0.49,-76.29,3.28,-4.97,-5.0,1,8155,-1.5,-78.4,0.8
0.5,1070.419740,242.84,-0.57,-76.8,3.37,-5.58,-5.25,1,8036,-0.6,-57.1,1.7
0.5,1070.429740,243.28,-0.67,-77.08,3.47,-6.18,-6.0,1,7900,-1.0,-48.6,1.4
0.5,1070.439740,244.16,-0.71,-77.35,3.5,-6.77,-7.0,1,7773,-0.8,-36.1,0.9
0.5,1070.449740,245.13,-0.79,-77.97,3.58,-7.36,-7.75,1,7637,-1.2,-74.5,1.7
0.5,1070.459740,245.39,-0.95,-79.27,3.7,-7.94,-8.25,1,7518,-3.4,-91.5,0.0
0.5,1070.469740,245.39,-1.11,-80.2,3.83,-8.52,-8.0,1,8406,-0.9,-76.2,2.5
0.5,1070.479740,245.48,-1.22,-80.26,3.95,-9.08,-8.25,1,8278,-1.5,-20.6,-0.1
0.5,1070.489740,246.18,-1.04,-79.72,3.77,-9.64,-9.0,1,8162,1.2,-2.0,0.9
0.5,1070.499740,247.32,-1.09,-79.65,3.85,-10.18,-10.25,1,8032,-0.1,-12.0,0.8
0.5,1070.509740,248.47,-1.23,-80.7,3.96,-10.72,-11.25,1,7896,-2.5,-94.8,0.1
0.5,1070.519740,248.73,-1.7,-82.67,4.37,-11.24,-11.75,1,7778,-3.5,-114.2,1.9
0.5,1070.529740,248.82,-2.39,-83.89,5.04,-11.76,-11.75,1,7642,-1.4,-102.4,1.9
0.5,1070.539740,248.64,-2.35,-84.06,5.01,-12.26,-11.5,1,7514,-1.6,-28.8,-0.7
0.5,1070.549740,248.99,-1.97,-83.3,4.63,-12.75,-11.75,1,8411,1.1,2.1,1.6
0.5,1070.559740,249.96,-2.04,-82.97,4.72,-13.23,-12.75,1,8283,0.0,2.7,0.2
0.5,1070.569740,250.84,-2.11,-83.36,4.79,-13.69,-13.75,1,8156,-0.6,-40.0,1.0
0.5,1070.579740,251.1,-3.07,-84.9,5.72,-14.14,-14.0,1,8037,-1.8,-111.5,2.1
0.5,1070.589740,251.37,-4.48,-86.32,7.08,-14.58,-14.25,1,7901,-4.0,-70.5,0.2
0.5,1070.599740,251.72,-4.25,-86.2,6.84,-15.0,-14.75,1,7773,1.0,-29.1,1.4
0.5,1070.609740,252.33,-4.05,-85.95,6.68,-15.41,-15.25,1,7641,-0.7,-16.4,-0.1
0.5,1070.619740,252.95,-4.56,-86.34,7.18,-15.8,-16.0,1,7519,-0.2,-52.3,2.2
0.5,1070.629740,253.39,-6.65,-87.35,9.24,-16.18,-16.25,1,8407,-2.7,-65.7,-0.5
0.5,1070.639740,253.74,-8.54,-88.06,11.11,-16.54,-16.75,1,8279,-0.8,-57.4,1.0
0.5,1070.649740,253.92,-11.01,-88.36,13.59,-16.89,-16.75,1,8160,-0.1,-38.6,1.6
0.5,1070.659740,254.0,-12.12,-88.46,14.7,-17.21,-17.0,1,8033,-1.0,-29.2,0.7
0.5,1070.669740,254.09,-12.74,-88.56,15.3,-17.53,-17.25,1,7898,-0.5,-19.8,0.5
0.5,1070.679740,254.18,-13.01,-88.6,15.59,-17.82,-17.25,1,7769,-0.1,-13.2,0.4
0.5,1070.689740,254.36,-13.15,-88.61,15.72,-18.1,-17.5,1,7642,0.1,-8.2,0.3
0.5,1070.699740,255.06,-12.99,-88.6,15.57,-18.36,-18.25,1,7515,0.1,-3.4,0.4
0.5,1070.709740,255.59,-17.88,-88.94,20.46,-18.6,-18.75,1,8403,0.1,-40.0,1.4
0.5,1070.719740,256.11,-93.21,-89.67,95.77,-18.82,-19.25,1,8284,-2.5,-66.6,-0.2
0.5,1070.729740,256.11,-157.19,-89.14,159.72,-19.02,-19.25,1,8168,-0.8,-51.2,2.0
0.5,1070.739740,256.11,-162.03,-88.83,164.57,-19.21,-18.75,1,8037,-0.3,-47.1,0.7
0.5,1070.749740,256.03,-162.19,-88.87,164.73,-19.37,-18.75,1,7902,-0.8,-0.4,0.2
0.5,1070.759740,256.46,-140.95,-89.42,143.5,-19.52,-19.5,1,7774,2.3,16.4,2.5
0.5,1070.769740,257.43,-112.82,-89.57,115.41,-19.65,-20.5,1,7641,1.4,11.1,1.5
0.5,1070.779740,257.87,-158.55,-88.96,161.12,-19.75,-21.25,1,7519,-2.7,-75.0,-0.4
0.5,1070.789740,257.87,-172.54,-87.17,175.04,-19.84,-20.75,1,8407,-2.8,-97.2,1.0
0.5,1070.799740,257.61,-173.63,-86.63,176.12,-19.91,-20.5,1,8280,-1.2,-32.1,-0.4
0.5,1070.809740,257.87,-171.35,-87.5,173.87,-19.96,-20.75,1,8161,1.8,22.8,1.7
0.5,1070.819740,257.96,-164.88,-88.34,167.46,-19.99,-21.25,1,8033,3.1,31.9,3.8
0.5,1070.829740,257.96,-167.64,-88.03,170.19,-20.0,-20.75,1,7898,-3.5,-41.2,-2.8
0.5,1070.839740,257.61,-173.18,-87.16,175.65,-19.99,-20.25,1,7770,-2.4,-16.7,-1.2
0.5,1070.849743,257.61,-170.66,-87.67,173.17,-19.96,-20.25,1,7645,2.8,27.6,2.6
0.5,1070.859740,257.61,-164.0,-88.38,166.59,-19.91,-20.25,1,7523,3.7,30.0,3.1
0.5,1070.869740,257.7,-163.5,-88.44,166.08,-19.84,-20.25,1,8403,-2.7,3.6,-0.5
0.5,1070.879740,257.61,-166.82,-88.2,169.34,-19.75,-20.25,1,8284,0.5,1.3,0.7
0.5,1070.889740,257.61,-166.71,-88.18,169.26,-19.65,-20.0,1,8165,0.4,-0.2,-0.1
0.5,1070.899740,257.43,-167.0,-88.17,169.55,-19.52,-19.25,1,8038,-0.2,0.7,0.3
0.5,1070.909740,256.99,-166.76,-88.19,169.29,-19.37,-18.75,1,7902,-1.0,1.6,0.2
0.5,1070.919740,256.9,-162.73,-88.54,165.29,-19.21,-18.5,1,7775,3.8,35.5,2.3
0.5,1070.929740,256.99,-137.93,-89.31,140.56,-19.02,-19.25,1,7638,2.2,54.4,0.9
0.5,1070.939740,257.34,-118.14,-89.49,120.76,-18.82,-20.0,1,7519,0.7,8.0,0.9
0.5,1070.949740,257.7,-150.04,-89.11,152.64,-18.6,-20.5,1,8407,-0.6,-6.2,-0.8
0.5,1070.959740,257.52,-166.71,-88.35,169.24,-18.36,-20.0,1,8280,-6.7,-69.4,-4.3
0.5,1070.969740,257.43,-172.46,-87.51,174.91,-18.1,-19.25,1,8161,-1.4,-23.3,-1.1
0.5,1070.979740,257.26,-168.13,-88.16,170.65,-17.82,-18.75,1,8033,2.3,20.8,2.1
0.5,1070.989740,257.17,-158.52,-88.83,161.11,-17.53,-18.75,1,7898,3.4,27.6,1.8
0.5,1070.999740,257.08,-148.73,-89.12,151.35,-17.21,-18.75,1,7771,2.4,26.9,3.2
0.5,1071.009743,256.38,-150.08,-89.09,152.67,-16.89,-17.75,1,7646,-2.7,-3.5,-1.0
0.5,1071.019740,255.67,-154.0,-89.06,156.55,-16.54,-17.0,1,7524,0.8,25.2,0.2
0.5,1071.029740,255.59,-50.43,-89.47,53.03,-16.18,-17.0,1,8403,2.4,90.0,-0.8
0.5,1071.039740,255.67,-14.66,-88.34,17.32,-15.8,-17.25,1,8276,4.8,61.3,2.0
0.5,1071.049740,255.23,-18.39,-88.63,21.05,-15.41,-16.5,1,8169,-2.1,-1.5,-1.2
0.5,1071.059740,254.53,-33.86,-89.32,36.42,-15.0,-15.75,1,8038,-3.4,-10.5,-1.8
0.5,1071.069740,253.74,-19.22,-88.81,21.81,-14.58,-14.75,1,7902,5.1,64.6,2.0
0.5,1071.079739,253.21,-8.99,-87.27,11.7,-14.14,-14.25,1,7775,3.1,81.9,0.2
0.5,1071.089739,252.69,-6.08,-86.35,8.76,-13.69,-13.75,1,7639,0.1,76.2,-1.9
0.5,1071.099739,252.42,-5.03,-85.84,7.71,-13.23,-13.25,1,7546,2.3,57.4,0.3
0.5,1071.109739,252.07,-4.96,-85.52,7.68,-12.75,-13.0,1,8408,2.5,50.6,0.6
0.5,1071.119739,251.81,-4.68,-85.23,7.41,-12.26,-12.75,1,8280,0.3,36.2,0.3
0.5,1071.129739,251.28,-4.47,-85.07,7.18,-11.76,-12.25,1,8162,0.4,30.3,-0.1
0.5,1071.139739,250.58,-4.12,-84.91,6.82,-11.24,-11.5,1,8034,-0.6,21.9,-1.2
0.5,1071.149739,249.96,-3.43,-84.4,6.14,-10.72,-10.75,1,7898,1.7,59.8,-1.7
0.5,1071.159739,249.61,-2.82,-83.29,5.57,-10.18,-10.25,1,7771,2.5,73.7,0.8
0.5,1071.169739,249.17,-2.67,-82.55,5.47,-9.64,-9.75,1,7643,3.4,60.0,0.0
0.5,1071.179739,248.82,-2.54,-82.16,5.36,-9.08,-9.75,1,7542,1.7,53.1,1.4
0.5,1071.189739,248.2,-2.47,-81.78,5.28,-8.52,-9.0,1,8404,0.7,44.6,-0.6
0.5,1071.199739,247.32,-2.23,-81.57,5.03,-7.94,-8.25,1,8276,0.4,29.9,-0.4
0.5,1071.209739,246.71,-1.86,-81.0,4.66,-7.36,-7.25,1,8167,1.4,71.4,-3.4
0.5,1071.219739,246.18,-1.48,-79.75,4.32,-6.77,-6.75,1,8030,2.8,83.5,1.1
0.5,1071.229739,245.65,-1.55,-78.93,4.43,-6.18,-6.25,1,7903,2.4,70.5,-0.1
0.5,1071.239739,245.3,-1.4,-78.44,4.28,-5.58,-5.75,1,7775,1.5,61.6,-0.0
0.5,1071.249739,244.95,-1.3,-78.09,4.18,-4.97,-5.5,1,7639,0.4,44.2,-1.0
0.5,1071.259739,244.51,-1.17,-77.9,4.05,-4.36,-5.0,1,7538,1.1,36.5,-1.0
0.5,1071.269739,243.28,-1.12,-77.68,4.02,-3.75,-3.75,1,8408,1.3,29.3,0.0
0.5,1071.279739,241.88,-1.08,-77.12,4.0,-3.13,-2.25,1,8281,2.6,64.1,-0.1
0.5,1071.289739,241.08,-0.81,-75.48,3.76,-2.51,-1.5,1,8165,2.5,129.3,-2.6
0.5,1071.299739,240.91,-0.55,-73.47,3.54,-1.88,-1.5,1,8026,4.4,135.6,-0.7
0.5,1071.309739,241.08,-0.6,-72.65,3.62,-1.26,-1.75,1,7899,1.2,75.8,1.6
0.5,1071.319739,240.47,-0.7,-73.31,3.67,-0.63,-1.0,1,7771,-1.9,-6.2,-1.2
0.5,1071.329740,239.41,-0.55,-74.17,3.47,0.0,-0.0,1,7644,-1.8,-4.3,-3.3
0.5,1071.339740,238.62,-0.42,-73.4,3.38,0.63,0.75,1,7542,4.6,75.1,0.4
0.5,1071.349739,237.92,-0.38,-71.68,3.44,1.26,1.5,1,8404,3.8,92.8,-0.3
0.5,1071.359739,237.39,-0.3,-70.64,3.36,1.88,2.0,1,8277,0.1,86.7,-1.0
0.5,1071.369739,236.87,-0.27,-70.03,3.3,2.51,2.5,1,8170,1.9,67.2,-0.4
0.5,1071.379739,236.69,-0.24,-69.66,3.29,3.13,2.75,1,8030,0.5,56.4,-0.6
0.5,1071.389739,235.99,-0.22,-69.35,3.27,3.75,3.5,1,7903,1.3,42.0,-0.0
0.5,1071.399739,235.2,-0.21,-69.15,3.28,4.36,4.25,1,7776,1.2,34.1,-0.1
0.5,1071.409739,234.32,-0.15,-68.55,3.23,4.97,5.25,1,7640,1.2,67.5,-1.3
0.5,1071.419739,233.88,-0.09,-67.33,3.19,5.58,5.75,1,7538,2.0,89.4,0.5
0.5,1071.429739,233.35,-0.06,-66.39,3.19,6.18,6.25,1,8409,2.3,71.4,-1.4
0.5,1071.439739,232.91,0.01,-65.98,3.13,6.77,6.75,1,8281,1.0,59.2,-0.3
0.5,1071.449739,232.73,0.01,-65.63,3.13,7.36,6.75,1,8166,1.9,47.3,-0.8
0.5,1071.459739,232.21,0.05,-65.37,3.1,7.94,7.5,1,8026,0.7,38.4,-0.4
0.5,1071.469739,231.42,0.04,-65.18,3.11,8.52,8.25,1,7899,0.9,27.3,0.3
0.5,1071.479739,230.62,0.06,-64.67,3.12,9.08,9.0,1,7771,2.6,62.5,-0.1
0.5,1071.489739,230.19,0.09,-63.53,3.13,9.64,9.5,1,7636,1.9,78.7,1.1
0.5,1071.499739,229.75,0.11,-62.68,3.11,10.18,10.0,1,7543,0.6,69.5,-2.0
0.5,1071.509739,229.31,0.18,-62.24,3.03,10.72,10.25,1,8405,1.1,52.8,-0.4
0.5,1071.519739,228.69,0.18,-61.94,3.04,11.24,11.0,1,8277,1.5,46.3,-0.7
0.5,1071.529739,227.81,0.21,-61.63,3.03,11.76,11.75,1,8158,1.9,37.9,0.1
0.5,1071.539739,227.11,0.26,-60.99,3.01,12.26,12.75,1,8022,2.0,72.6,-2.1
0.5,1071.549739,226.76,0.31,-59.79,2.98,12.75,13.0,1,7904,1.9,85.0,0.4
0.5,1071.559739,226.85,0.29,-58.89,3.02,13.23,12.75,1,7776,3.1,78.0,-0.1
0.5,1071.569739,226.67,0.29,-58.77,3.04,13.69,13.25,1,7640,-0.3,18.9,1.3
0.5,1071.579740,226.05,0.26,-59.46,3.02,14.14,13.75,1,7539,-1.8,-9.5,-1.7
0.5,1071.589740,225.44,0.31,-59.42,2.96,14.58,14.25,1,8409,1.3,32.5,0.2
0.5,1071.599740,225.0,0.32,-58.39,3.0,15.0,14.75,1,8282,2.5,61.0,0.2
0.5,1071.609740,224.91,0.35,-57.59,2.98,15.41,15.0,1,8166,0.3,50.7,-1.2
0.5,1071.619740,224.3,0.37,-57.29,2.95,15.8,15.5,1,8027,1.1,40.7,0.0
0.5,1071.629740,223.42,0.37,-57.08,2.98,16.18,16.25,1,7900,1.5,30.9,0.2
0.5,1071.639740,222.71,0.41,-56.55,2.96,16.54,17.0,1,7772,2.3,63.2,-1.3
0.5,1071.649740,222.45,0.45,-55.36,2.94,16.89,17.25,1,7636,1.1,86.1,-0.3
0.5,1071.659740,222.45,0.45,-54.46,2.95,17.21,17.25,1,7543,2.3,67.2,-1.0
0.5,1071.669740,222.54,0.46,-54.5,2.95,17.53,17.0,1,8405,-0.3,15.4,1.3
0.5,1071.679740,222.54,0.42,-55.06,2.95,17.82,17.25,1,8278,-1.6,-4.1,-1.6
0.5,1071.689740,222.01,0.45,-55.39,2.9,18.1,17.75,1,8168,-0.1,-13.2,0.3
0.5,1071.699740,221.66,0.48,-55.35,2.89,18.36,18.25,1,8022,1.2,12.6,-1.8
0.5,1071.709740,221.31,0.5,-54.62,2.9,18.6,18.5,1,7904,1.6,47.2,2.1
0.5,1071.719740,221.04,0.46,-53.88,2.96,18.82,18.75,1,7777,1.3,39.4,-0.2
0.5,1071.729740,220.87,0.49,-53.63,2.92,19.02,18.75,1,7640,-0.2,33.4,0.1
0.5,1071.739740,220.87,0.48,-53.46,2.93,19.21,18.75,1,7539,0.5,22.4,-0.1
0.5,1071.749740,220.52,0.5,-53.45,2.92,19.37,19.25,1,8410,0.5,12.9,-0.0
0.5,1071.759740,219.9,0.5,-53.49,2.92,19.52,19.75,1,8282,0.3,4.7,0.1
0.5,1071.769740,219.46,0.53,-53.17,2.89,19.65,20.25,1,8167,1.1,41.0,-1.4
0.5,1071.779740,219.38,0.55,-52.15,2.9,19.75,20.5,1,8027,2.0,65.1,1.3
0.5,1071.789740,219.38,0.54,-51.43,2.94,19.84,19.75,1,7902,1.4,48.7,-0.6
0.5,1071.799740,220.25,0.55,-51.54,2.92,19.91,18.75,1,7773,-0.0,5.5,0.9
0.5,1071.809740,220.78,0.51,-52.22,2.92,19.96,18.25,1,7636,-2.0,-24.9,-0.2
0.5,1071.819740,220.78,0.54,-53.52,2.84,19.99,18.75,1,7544,-2.3,-100.0,-2.3
0.5,1071.829740,220.52,0.58,-54.86,2.76,20.0,19.25,1,8407,-2.0,-58.9,-1.3
0.5,1071.839740,220.52,0.57,-54.2,2.8,19.99,19.0,1,8278,1.9,25.2,1.3
0.5,1071.849740,220.69,0.5,-53.08,2.94,19.96,18.75,1,8168,0.8,27.9,4.9
0.5,1071.859740,220.61,0.44,-53.1,2.98,19.91,19.0,1,8023,-2.5,-4.9,-1.3
0.5,1071.869740,219.81,0.52,-53.62,2.81,19.84,19.75,1,7904,-1.8,-19.2,-2.7
0.5,1071.879740,219.29,0.57,-53.53,2.8,19.75,20.5,1,7777,3.4,23.9,1.1
0.5,1071.889740,219.02,0.56,-52.29,2.91,19.65,20.75,1,7641,3.3,80.5,1.7
0.5,1071.899740,218.94,0.56,-51.09,2.94,19.52,20.25,1,7540,1.5,63.2,0.1
0.5,1071.909740,219.64,0.55,-51.14,2.92,19.37,19.5,1,8410,0.3,12.6,1.1
0.5,1071.919740,219.99,0.52,-51.79,2.93,19.21,19.5,1,8283,-2.0,-13.9,0.0
0.5,1071.929740,220.17,0.57,-52.75,2.81,19.02,19.25,1,8167,-1.5,-69.6,-4.8
0.5,1071.939740,220.43,0.62,-53.58,2.77,18.82,18.75,1,8028,0.4,-28.1,3.6
0.5,1071.949740,220.69,0.5,-53.43,2.92,18.6,18.25,1,7900,-1.0,-25.9,0.9
0.5,1071.959740,220.87,0.52,-53.75,2.84,18.36,18.0,1,7773,-2.9,-33.8,-1.3
0.5,1071.969740,220.87,0.52,-54.11,2.81,18.1,18.5,1,7637,-1.3,-28.2,0.6
0.5,1071.979740,220.87,0.52,-54.13,2.82,17.82,18.5,1,7544,-0.5,-7.7,-1.0
0.5,1071.989740,221.04,0.55,-53.96,2.82,17.53,17.75,1,8406,2.3,-3.5,1.8
0.5,1071.999740,222.19,0.55,-53.93,2.87,17.21,16.5,1,8279,1.0,-1.7,0.6
0.5,1072.009740,222.98,0.53,-54.43,2.85,16.89,16.0,1,8160,-2.6,-51.2,0.6
0.5,1072.019740,222.98,0.46,-55.93,2.83,16.54,16.25,1,8032,-4.3,-101.0,0.6
0.5,1072.029740,222.8,0.43,-57.16,2.81,16.18,16.75,1,7899,-3.0,-72.3,0.0
0.5,1072.039740,222.8,0.46,-56.72,2.82,15.8,16.25,1,7777,2.4,15.3,1.4
0.5,1072.049740,222.98,0.44,-55.64,2.94,15.41,15.75,1,7641,2.5,19.8,4.7
0.5,1072.059740,223.59,0.39,-55.72,2.97,15.0,15.0,1,7540,-2.4,-12.1,-1.4
0.5,1072.069740,224.3,0.43,-56.43,2.83,14.58,14.5,1,8411,-2.9,-39.5,-0.7
0.5,1072.079740,224.56,0.43,-57.3,2.83,14.14,14.0,1,8283,0.1,-59.5,-0.0
0.5,1072.089740,225.0,0.44,-58.08,2.84,13.69,13.75,1,8166,-1.3,-57.2,0.8
0.5,1072.099740,225.35,0.39,-58.51,2.86,13.23,13.5,1,8028,-1.7,-45.8,1.0
0.5,1072.109740,225.35,0.36,-58.81,2.86,12.75,13.25,1,7901,-1.5,-41.1,0.5
0.5,1072.119740,225.7,0.37,-58.9,2.86,12.26,12.75,1,7773,-0.6,-13.3,0.4
0.5,1072.129740,226.32,0.37,-58.68,2.86,11.76,12.0,1,7637,-0.4,-6.7,0.4
0.5,1072.139740,227.02,0.37,-59.17,2.87,11.24,11.5,1,7544,1.0,-54.7,1.5
0.5,1072.149740,227.55,0.4,-60.36,2.84,10.72,10.75,1,8406,-1.1,-71.0,-1.5
0.5,1072.159740,228.08,0.38,-61.13,2.83,10.18,10.5,1,8279,-0.7,-61.2,3.1
0.5,1072.169740,228.6,0.26,-61.6,2.94,9.64,9.75,1,8160,-2.8,-56.6,1.2
0.5,1072.179740,229.48,0.25,-62.02,2.9,9.08,8.75,1,8032,-1.8,-46.1,0.7
0.5,1072.189740,230.1,0.23,-62.56,2.93,8.52,8.25,1,7900,-0.8,-65.3,2.4
0.5,1072.199740,230.19,0.21,-63.66,2.93,7.94,8.5,1,7778,-3.2,-90.6,-0.9
0.5,1072.209740,230.19,0.24,-64.43,2.85,7.36,8.25,1,7642,-1.9,-51.6,0.1
0.5,1072.219739,230.89,0.21,-64.08,2.92,6.77,7.25,1,8530,2.4,-3.6,2.2
0.5,1072.229740,231.77,0.19,-63.72,2.99,6.18,6.25,1,8402,-0.2,-12.6,1.4
0.5,1072.239740,232.12,0.15,-64.84,2.97,5.58,6.0,1,8283,-3.0,-102.9,0.3
0.5,1072.249740,232.73,0.19,-66.39,2.86,4.97,5.5,1,8165,-3.0,-64.3,-2.6
0.5,1072.259740,233.7,0.16,-66.33,2.92,4.36,4.5,1,8028,1.9,-32.8,5.5
0.5,1072.269740,234.84,-0.02,-66.62,3.14,3.75,3.0,1,7901,-2.0,-60.2,1.3
0.5,1072.279740,235.63,-0.01,-68.05,3.04,3.13,2.25,1,7765,-4.8,-115.4,0.4
0.5,1072.289740,235.72,-0.05,-69.87,3.01,2.51,2.25,1,7638,-4.0,-126.6,0.1
0.5,1072.299740,235.81,-0.02,-70.64,2.97,1.88,3.0,1,8534,-1.4,-65.8,-0.8
0.5,1072.309740,235.55,0.02,-70.05,2.97,1.26,3.25,1,8407,1.3,-2.0,1.2
0.5,1072.319740,235.55,-0.02,-69.33,3.06,0.63,2.5,1,8279,1.8,8.8,1.6
0.5,1072.329740,236.6,-0.09,-69.01,3.16,-0.0,1.25,1,8161,1.5,20.5,3.5
0.5,1072.339740,237.83,-0.16,-69.04,3.21,-0.63,0.25,1,8033,-1.7,-13.8,0.1
0.5,1072.349740,238.36,-0.14,-70.76,3.11,-1.26,-0.5,1,7898,-3.9,-138.2,0.0
0.5,1072.359740,238.71,-0.18,-72.95,3.08,-1.88,-0.75,1,7770,-4.7,-94.8,-1.1
0.5,1072.369740,239.33,-0.25,-73.05,3.15,-2.51,-1.5,1,7643,0.7,-52.8,3.4
0.5,1072.379740,240.21,-0.33,-73.0,3.28,-3.13,-2.25,1,8530,-1.7,-36.8,-0.5
0.5,1072.389740,240.91,-0.3,-73.57,3.22,-3.75,-3.25,1,8403,-0.6,-73.6,2.0
0.5,1072.399740,241.17,-0.43,-74.82,3.32,-4.36,-3.5,1,8284,-3.9,-88.3,-0.1
0.5,1072.409740,241.35,-0.44,-75.7,3.27,-4.97,-3.5,1,8167,-2.0,-73.0,0.4
0.5,1072.419740,242.23,-0.42,-75.76,3.27,-5.58,-4.5,1,8029,-1.0,-21.0,-0.4
0.5,1072.429740,243.19,-0.51,-75.5,3.41,-6.18,-5.5,1,7905,4.2,-25.9,5.0
0.5,1072.439740,243.72,-0.75,-76.44,3.67,-6.77,-6.25,1,7766,-3.6,-89.7,0.4
0.5,1072.449740,243.81,-0.76,-78.12,3.55,-7.36,-6.25,1,7639,-5.0,-103.9,-0.3
0.5,1072.459740,244.25,-0.73,-78.74,3.49,-7.94,-6.5,1,8526,-1.9,-47.9,-1.1
0.5,1072.469740,245.13,-0.7,-78.24,3.51,-8.52,-7.5,1,8408,2.5,-5.4,2.2
0.5,1072.479740,245.65,-0.87,-78.2,3.73,-9.08,-8.25,1,8280,0.4,-38.2,1.6
0.5,1072.489740,246.01,-1.13,-79.52,3.95,-9.64,-8.5,1,8161,-2.5,-99.9,2.7
0.5,1072.499740,246.36,-1.16,-80.74,3.89,-10.18,-9.0,1,8033,-5.8,-60.2,-4.2
0.5,1072.509740,247.5,-0.92,-80.6,3.64,-10.72,-10.0,1,7898,2.9,-25.8,3.2
0.5,1072.519740,248.38,-1.32,-80.79,4.14,-11.24,-11.25,1,7770,-0.3,-52.7,0.7
0.5,1072.529740,248.82,-1.67,-82.25,4.43,-11.76,-11.5,1,7643,-2.8,-120.0,3.3
0.5,1072.539740,249.17,-2.22,-83.84,4.9,-12.26,-11.75,1,8531,-5.9,-91.0,-2.1
0.5,1072.549740,249.79,-1.96,-83.95,4.63,-12.75,-12.5,1,8412,1.8,-40.3,2.2
0.5,1072.559740,250.58,-2.15,-83.76,4.89,-13.23,-13.25,1,8285,-1.0,-31.3,-0.4
0.5,1072.569740,251.28,-2.58,-84.36,5.3,-13.69,-14.0,1,8167,1.1,-69.0,4.6
0.5,1072.579740,251.54,-3.9,-85.58,6.6,-14.14,-14.25,1,8029,-4.0,-85.5,-0.2
0.5,1072.589740,251.54,-4.14,-86.41,6.77,-14.58,-14.25,1,7905,-1.9,-66.3,0.4
0.5,1072.599740,251.54,-4.09,-86.39,6.74,-15.0,-14.25,1,7766,-1.0,-17.2,-0.4
0.5,1072.609740,252.16,-3.71,-85.87,6.39,-15.41,-15.0,1,7639,2.5,3.0,2.4
0.5,1072.619740,252.77,-4.05,-85.74,6.77,-15.8,-15.75,1,8535,0.3,-6.5,1.3
0.5,1072.629740,252.95,-4.93,-86.64,7.6,-16.18,-15.75,1,8408,-2.8,-81.5,-0.3
0.5,1072.639740,253.39,-6.95,-87.94,9.55,-16.54,-16.25,1,8281,-3.6,-54.8,-2.3
0.5,1072.649740,254.0,-7.14,-87.8,9.76,-16.89,-16.75,1,8162,3.3,-12.5,4.9
0.5,1072.659740,254.36,-9.16,-87.79,11.86,-17.21,-17.25,1,8025,0.1,-42.3,1.4
0.5,1072.669740,254.88,-13.08,-88.68,15.7,-17.53,-17.75,1,7901,-4.6,-59.7,-1.8
0.5,1072.679740,255.23,-25.33,-89.33,27.91,-17.82,-18.25,1,7771,-0.0,-50.6,2.2
0.5,1072.689740,255.23,-50.0,-89.58,52.62,-18.1,-18.25,1,7643,-0.6,-43.2,-0.3
0.5,1072.699740,255.06,-86.13,-89.69,88.74,-18.36,-17.75,1,8531,-0.5,-32.1,1.4
0.5,1072.709740,255.06,-62.76,-89.64,65.36,-18.6,-17.5,1,8404,-0.9,3.5,0.4
0.5,1072.719740,255.32,-24.37,-89.16,27.0,-18.82,-18.25,1,8285,3.5,23.9,3.5
0.5,1072.729740,255.76,-19.68,-88.86,22.37,-19.02,-19.0,1,8167,1.8,11.2,1.3
0.5,1072.739740,256.11,-44.02,-89.51,46.66,-19.21,-19.25,1,8030,-3.8,-59.6,-1.9
0.5,1072.749740,256.29,-162.0,-89.09,164.55,-19.37,-19.25,1,7906,-3.8,-51.5,-2.5
0.5,1072.759740,256.38,-162.84,-88.92,165.41,-19.52,-19.25,1,7766,2.7,-24.5,4.4
0.5,1072.769740,256.38,-156.24,-89.05,158.87,-19.65,-19.25,1,7639,-0.7,-10.4,-0.4
0.5,1072.779740,256.55,-155.51,-89.19,158.1,-19.75,-19.5,1,8536,-0.4,-1.5,0.8
0.5,1072.789740,257.34,-152.19,-89.25,154.79,-19.84,-20.25,1,8408,0.3,-0.6,0.2
0.5,1072.799740,257.52,-161.31,-88.87,163.92,-19.91,-20.5,1,8281,0.9,-41.9,2.3
0.5,1072.809740,257.34,-169.77,-87.87,172.37,-19.96,-19.75,1,8165,-2.8,-61.5,-0.0
0.5,1072.819740,257.17,-171.6,-87.59,174.15,-19.99,-19.0,1,8026,-1.0,-9.3,0.1
0.5,1072.829740,256.9,-166.98,-88.32,169.57,-20.0,-18.5,1,7900,2.0,22.7,2.6
0.5,1072.839740,256.9,-152.35,-89.08,155.01,-19.99,-19.0,1,7771,4.4,49.9,2.7
0.5,1072.849740,256.9,-120.55,-89.47,123.25,-19.96,-19.25,1,7644,2.2,27.8,2.8
0.5,1072.859740,256.99,-137.34,-89.34,140.0,-19.91,-19.25,1,8531,-1.6,0.8,-0.8
0.5,1072.869740,256.99,-155.0,-89.08,157.59,-19.84,-19.25,1,8404,-3.8,-7.8,-1.7
0.5,1072.879740,256.99,-159.01,-88.94,161.59,-19.75,-19.25,1,8285,1.8,-6.9,0.4
0.5,1072.889740,256.9,-158.16,-88.94,160.79,-19.65,-19.25,1,8167,-0.4,-0.3,-0.4
0.5,1072.899740,256.99,-156.75,-89.01,159.36,-19.52,-19.25,1,8031,-0.3,0.8,0.8
0.5,1072.909740,256.9,-155.95,-89.02,158.57,-19.37,-19.25,1,7906,0.2,-0.1,0.2
0.5,1072.919740,256.99,-156.7,-89.01,159.32,-19.21,-19.25,1,7767,0.2,-0.2,0.0
0.5,1072.929740,256.9,-156.66,-89.01,159.28,-19.02,-19.25,1,7639,-0.1,0.3,0.5
0.5,1072.939740,256.99,-156.31,-89.01,158.93,-18.82,-19.25,1,8536,0.1,0.1,0.3
0.5,1072.949740,256.99,-156.53,-89.01,159.15,-18.6,-18.75,1,8409,0.1,-0.1,0.2
0.5,1072.959740,256.73,-156.48,-89.01,159.1,-18.36,-18.25,1,8281,0.1,0.4,0.4
0.5,1072.969740,256.2,-155.82,-89.05,158.43,-18.1,-17.75,1,8165,-0.7,3.0,-0.2
0.5,1072.979740,255.94,-127.22,-89.47,129.88,-17.82,-17.5,1,8026,5.6,52.0,4.4
0.5,1072.989740,256.11,-33.27,-89.2,35.98,-17.53,-17.75,1,7899,-0.7,50.4,-3.0
0.5,1072.999740,256.11,-26.98,-89.18,29.64,-17.21,-18.25,1,7772,1.3,8.3,1.3
0.5,1073.009740,256.11,-59.55,-89.54,62.2,-16.89,-18.25,1,7644,-2.9,-8.1,-1.7
0.5,1073.019740,255.67,-88.35,-89.63,90.96,-16.54,-17.25,1,8532,-0.3,-5.9,0.0
0.5,1073.029740,255.15,-98.81,-89.63,101.43,-16.18,-16.25,1,8407,-1.5,-9.0,-1.0
0.5,1073.039740,254.79,-30.64,-89.27,33.28,-15.8,-16.0,1,8286,3.9,71.3,1.3
0.5,1073.049740,254.62,-11.8,-87.86,14.56,-15.41,-15.75,1,8170,7.0,67.0,5.1
0.5,1073.059740,254.0,-10.35,-87.58,13.12,-15.0,-15.25,1,8031,-3.2,32.8,-3.8
0.5,1073.069740,253.39,-9.2,-87.75,11.87,-14.58,-14.5,1,7903,1.1,18.6,1.4
0.5,1073.079739,252.77,-7.89,-87.33,10.6,-14.14,-13.75,1,7768,-0.2,56.3,-4.1
0.5,1073.089739,252.51,-5.08,-86.21,7.81,-13.69,-13.5,1,7643,3.2,75.5,2.9
0.5,1073.099739,252.6,-4.8,-85.34,7.57,-13.23,-13.75,1,8528,1.9,67.9,-1.0
0.5,1073.109739,252.51,-4.41,-85.26,7.19,-12.75,-13.5,1,8409,1.7,15.6,1.7
0.5,1073.119739,251.72,-5.19,-85.98,7.93,-12.26,-12.75,1,8281,-4.0,-20.0,-2.9
0.5,1073.129739,250.49,-4.76,-86.07,7.45,-11.76,-11.5,1,8111,1.3,26.5,0.8
0.5,1073.139739,249.79,-3.64,-84.64,6.4,-11.24,-10.5,1,8026,2.2,96.7,-1.4
0.5,1073.149739,249.26,-2.46,-82.83,5.27,-10.72,-10.0,1,7899,4.0,112.0,-0.2
0.5,1073.159739,249.17,-2.22,-81.72,5.08,-10.18,-10.0,1,7763,3.7,95.9,1.0
0.5,1073.169739,249.17,-2.3,-81.48,5.19,-9.64,-10.0,1,7645,2.8,39.2,1.6
0.5,1073.179739,248.82,-2.32,-82.03,5.17,-9.08,-9.75,1,8533,-2.9,1.8,-2.8
0.5,1073.189739,247.76,-2.2,-82.41,5.0,-8.52,-8.75,1,8408,0.5,0.3,1.0
0.5,1073.199739,246.71,-2.16,-82.02,4.99,-7.94,-7.25,1,8286,0.4,40.0,-2.1
0.5,1073.209739,246.01,-1.51,-80.53,4.36,-7.36,-6.75,1,8167,2.6,110.0,-1.4
0.5,1073.219739,245.65,-1.3,-78.61,4.22,-6.77,-6.5,1,8031,4.5,122.0,1.7
0.5,1073.229739,245.57,-1.34,-77.86,4.31,-6.18,-6.25,1,7907,3.0,62.5,0.7
0.5,1073.239739,245.57,-1.23,-78.28,4.15,-5.58,-6.25,1,7768,-2.2,18.0,-2.8
0.5,1073.249739,245.21,-1.17,-78.65,4.05,-4.97,-6.0,1,7641,0.8,7.0,1.0
0.5,1073.259739,244.25,-1.29,-78.73,4.2,-4.36,-4.75,1,8528,0.2,3.7,-0.6
0.5,1073.269739,243.46,-1.02,-78.28,3.93,-3.75,-3.75,1,8410,1.2,47.8,-2.7
0.5,1073.279739,242.75,-0.81,-76.74,3.77,-3.13,-3.5,1,8282,4.2,110.3,1.3
0.5,1073.289739,242.23,-0.9,-75.27,3.93,-2.51,-2.75,1,8166,3.7,84.7,2.4
0.5,1073.299739,241.52,-0.75,-75.11,3.74,-1.88,-1.75,1,8027,-2.5,41.2,-5.4
0.5,1073.309739,240.64,-0.46,-74.8,3.42,-1.26,-1.25,1,7900,3.8,74.8,0.2
0.5,1073.319739,239.94,-0.59,-73.61,3.65,-0.63,-0.5,1,7764,2.9,85.9,1.9
1.0,1075.339739,241.88,-0.64,-74.05,3.76,-1.26,-2.25,1,8534,3.7,105.0,0.9
1.0,1075.349740,241.08,-0.62,-74.13,3.69,0.0,-1.75,1,8406,-1.8,59.8,-4.1
1.0,1075.359739,239.68,-0.54,-74.21,3.58,1.26,-0.25,1,8297,2.5,37.7,2.3
1.0,1075.369739,238.1,-0.52,-73.57,3.64,2.51,1.25,1,8160,3.4,85.9,-4.0
1.0,1075.379739,236.78,-0.2,-71.63,3.35,3.75,2.75,1,8032,3.2,145.3,-0.8
1.0,1075.389739,235.55,-0.2,-69.46,3.38,4.97,4.0,1,7897,3.9,158.3,-0.9
1.0,1075.399743,234.58,-0.11,-67.96,3.32,6.18,5.0,1,7772,2.4,136.4,-1.5
1.0,1075.409739,233.35,-0.07,-67.02,3.29,7.36,6.25,1,8657,1.9,116.7,-0.1
1.0,1075.419739,232.03,-0.02,-66.23,3.26,8.52,7.5,1,8530,2.6,98.1,-2.4
1.0,1075.429739,230.98,0.16,-65.16,3.12,9.64,8.75,1,8414,5.1,125.7,-3.4
1.0,1075.439739,229.75,0.18,-63.52,3.16,10.72,9.75,1,8292,3.5,136.5,2.8
1.0,1075.449739,228.6,0.1,-62.24,3.24,11.76,11.0,1,8156,1.8,117.9,-2.4
1.0,1075.459739,227.2,0.24,-61.38,3.1,12.75,12.5,1,8028,1.9,103.9,-1.7
1.0,1075.469739,225.97,0.32,-60.19,3.06,13.69,13.75,1,7901,4.5,132.7,-2.8
1.0,1075.479740,224.91,0.36,-58.51,3.08,14.58,14.75,1,7765,2.9,140.1,1.2
1.0,1075.489740,224.03,0.32,-57.21,3.12,15.41,15.75,1,8661,2.1,122.4,-1.8
1.0,1075.499740,223.59,0.41,-56.35,3.05,16.18,16.25,1,8534,3.6,103.5,-1.5
1.0,1075.509740,223.59,0.45,-55.67,3.05,16.89,16.0,1,8407,1.7,86.5,-0.7
1.0,1075.519740,223.33,0.41,-55.56,3.08,17.53,16.25,1,8297,0.7,28.8,1.1
1.0,1075.529740,222.36,0.41,-56.19,3.04,18.1,17.25,1,8160,-1.4,-5.6,-3.0
1.0,1075.539740,221.57,0.49,-56.12,2.96,18.6,18.25,1,8033,2.5,41.4,-0.3
1.0,1075.549740,221.4,0.53,-54.57,3.01,19.02,18.25,1,7898,4.5,108.5,-0.7
1.0,1075.559741,221.4,0.49,-53.14,3.08,19.37,18.25,1,7771,0.5,75.7,3.6
1.0,1075.569740,220.78,0.41,-53.48,3.11,19.65,18.75,1,8657,-2.5,-0.8,-2.2
1.0,1075.579740,219.81,0.51,-54.23,2.94,19.84,19.75,1,8530,-0.2,1.1,-3.3
1.0,1075.589740,219.02,0.57,-53.45,2.94,19.96,20.75,1,8412,3.8,76.4,1.0
1.0,1075.599740,218.58,0.56,-51.69,3.05,20.0,21.25,1,8294,3.5,99.9,0.7
1.0,1075.609740,218.58,0.57,-50.64,3.05,19.96,20.75,1,8158,1.0,81.6,-0.6
1.0,1075.619740,218.76,0.55,-50.56,3.04,19.84,20.25,1,8029,0.7,26.8,1.2
1.0,1075.629740,218.76,0.55,-51.15,3.04,19.65,20.75,1,7905,-0.9,-4.8,-1.2
1.0,1075.639740,218.41,0.61,-51.77,2.92,19.37,21.25,1,7765,-1.1,-30.1,-4.0
1.0,1075.649740,218.5,0.66,-51.88,2.88,19.02,21.0,1,8662,2.5,14.5,0.9
1.0,1075.659740,219.11,0.57,-51.12,3.06,18.6,20.0,1,8535,1.2,31.5,5.5
1.0,1075.669740,219.99,0.51,-51.07,3.08,18.1,19.0,1,8407,-3.2,-11.9,-2.8
1.0,1075.679740,220.52,0.55,-52.34,2.94,17.53,19.0,1,8297,-1.9,-83.6,1.1
1.0,1075.689740,220.61,0.58,-53.96,2.91,16.89,19.0,1,8161,-1.6,-90.8,-3.8
1.0,1075.699740,220.69,0.63,-54.4,2.86,16.18,18.25,1,8033,0.7,-36.8,2.5
1.0,1075.709740,221.84,0.5,-53.91,3.05,15.41,16.75,1,7898,-0.2,-4.8,4.6
1.0,1075.719740,223.24,0.47,-53.76,3.04,14.58,15.75,1,7771,-2.6,-16.7,-2.3
1.0,1075.729740,224.03,0.47,-55.31,2.95,13.69,15.25,1,8658,-5.2,-143.1,3.1
1.0,1075.739740,224.82,0.41,-57.93,2.95,12.75,14.25,1,8531,-3.4,-135.8,-2.8
1.0,1075.749740,225.62,0.46,-58.63,2.91,11.76,12.75,1,8403,0.2,-77.0,4.2
1.0,1075.759740,226.93,0.34,-58.79,3.08,10.72,11.5,1,8293,-1.7,-74.6,2.6
1.0,1075.769740,227.81,0.33,-59.9,3.03,9.64,11.0,1,8160,-3.0,-113.0,-0.0
1.0,1075.779740,228.52,0.41,-61.55,2.9,8.52,10.25,1,8029,-2.7,-127.4,-2.5
1.0,1075.789740,229.83,0.32,-62.33,2.97,7.36,8.5,1,7902,-2.3,-63.2,6.7
1.0,1075.799739,231.24,0.13,-62.51,3.18,6.18,7.25,1,7766,-1.0,-81.7,0.8
1.0,1075.809740,232.03,0.2,-64.26,3.06,4.97,6.5,1,8663,-5.2,-156.4,1.5
1.0,1075.819740,232.82,0.2,-66.37,2.98,3.75,5.75,1,8535,-2.7,-137.0,-3.2
1.0,1075.829740,234.14,0.22,-66.72,2.99,2.51,4.0,1,8408,0.9,-54.4,5.8
1.0,1075.839740,235.72,-0.03,-66.84,3.27,1.26,2.25,1,8289,-2.7,-94.1,2.5
1.0,1075.849740,236.95,-0.05,-68.75,3.19,0.0,1.25,1,8162,-6.9,-151.6,-0.0
1.0,1075.859740,238.01,-0.09,-71.06,3.14,-1.26,0.25,1,8034,-3.9,-173.5,0.9
1.0,1075.869740,239.24,-0.11,-72.31,3.16,-2.51,-1.25,1,7898,-2.4,-102.9,0.0
1.0,1075.879740,240.91,-0.28,-72.63,3.36,-3.75,-3.0,1,7771,0.5,-103.0,7.0
1.0,1075.889740,242.05,-0.49,-74.18,3.54,-4.97,-4.25,1,8658,-7.3,-154.5,-2.5
1.0,1075.899740,242.58,-0.41,-76.3,3.32,-6.18,-4.5,1,8531,-4.5,-160.3,2.4
1.0,1075.909740,243.19,-0.65,-77.34,3.57,-7.36,-5.25,1,8412,-4.1,-98.2,0.2
1.0,1075.919740,244.51,-0.69,-77.16,3.64,-8.52,-6.5,1,8293,3.5,-43.8,4.4
1.0,1075.929740,246.09,-0.82,-77.38,3.84,-9.64,-8.5,1,8158,-1.6,-76.3,0.2
1.0,1075.939740,247.76,-0.95,-79.08,3.88,-10.72,-10.25,1,8030,-3.5,-137.3,2.5
1.0,1075.949740,248.38,-1.53,-81.6,4.39,-11.76,-10.75,1,7905,-5.6,-191.7,1.1
1.0,1075.959740,248.91,-1.78,-83.64,4.55,-12.75,-11.25,1,7766,-6.8,-149.0,-2.1
1.0,1075.969740,250.14,-1.83,-83.82,4.6,-13.69,-12.25,1,8663,0.5,-61.5,3.3
1.0,1075.979740,251.63,-2.36,-83.53,5.24,-14.58,-14.0,1,8535,2.5,-58.1,3.2
1.0,1075.989740,252.86,-3.12,-84.67,5.99,-15.41,-15.75,1,8410,-2.8,-117.4,2.8
1.0,1075.999740,253.56,-5.69,-86.97,8.45,-16.18,-16.25,1,8289,-5.5,-171.5,0.7
1.0,1076.009740,253.65,-12.34,-88.86,15.02,-16.89,-16.0,1,8162,-6.3,-135.8,-3.6
1.0,1076.019740,253.65,-12.74,-88.87,15.42,-17.53,-16.25,1,8034,1.2,-37.2,5.0
1.0,1076.029740,254.53,-9.2,-87.86,11.98,-18.1,-17.25,1,7898,2.5,2.4,1.4
1.0,1076.039740,255.23,-7.82,-87.76,10.6,-18.6,-18.25,1,7771,-1.2,-28.6,0.3
1.0,1076.049740,255.32,-18.53,-89.04,21.26,-19.02,-18.0,1,8659,-2.2,-100.0,1.3
1.0,1076.059740,255.32,-147.43,-89.45,150.11,-19.37,-17.75,1,8531,-4.2,-65.9,-1.9
1.0,1076.069740,255.67,-102.69,-89.7,105.36,-19.65,-18.5,1,8404,2.1,5.6,2.7
1.0,1076.079740,256.29,-25.67,-89.15,28.45,-19.84,-19.25,1,8294,4.3,11.5,3.9
1.0,1076.089740,256.29,-68.31,-89.61,71.06,-19.96,-19.0,1,8158,-4.4,-68.2,-1.8
1.0,1076.099740,256.29,-165.47,-88.85,168.1,-20.0,-18.75,1,8031,-3.8,-45.4,-1.1
1.0,1076.109740,256.46,-159.61,-89.12,162.27,-19.96,-19.25,1,7897,2.2,5.6,1.5
1.0,1076.119739,256.73,-105.61,-89.61,108.38,-19.84,-19.5,1,7766,5.0,21.0,4.7
1.0,1076.129740,256.73,-136.82,-89.44,139.58,-19.65,-19.25,1,8663,-4.0,-45.8,-2.1
1.0,1076.139740,256.64,-167.58,-88.62,170.21,-19.37,-18.25,1,8536,-3.8,-26.9,-1.6
1.0,1076.149740,256.55,-161.4,-88.97,164.06,-19.02,-18.0,1,8411,3.0,18.5,2.8
1.0,1076.159740,256.46,-130.32,-89.49,133.09,-18.6,-18.25,1,8289,3.2,19.2,1.8
1.0,1076.169740,256.46,-102.26,-89.59,105.05,-18.1,-18.0,1,8154,2.4,23.5,3.0
1.0,1076.179740,255.85,-93.37,-89.6,96.12,-17.53,-17.25,1,8034,-3.0,2.2,-1.5
1.0,1076.189740,255.59,-107.14,-89.64,109.84,-16.89,-16.75,1,7902,0.2,12.9,-0.2
1.0,1076.199739,255.23,-33.45,-89.3,36.22,-16.18,-16.5,1,7772,4.5,58.4,2.6
1.0,1076.209740,254.53,-15.61,-88.5,18.43,-15.41,-15.75,1,8659,0.7,40.8,-0.5
1.0,1076.219740,253.74,-13.16,-88.3,15.95,-14.58,-14.75,1,8532,1.5,38.9,1.8
1.0,1076.229739,253.04,-9.01,-87.61,11.81,-13.69,-14.25,1,8413,0.2,72.5,-3.3
1.0,1076.239739,252.07,-5.33,-86.4,8.16,-12.75,-13.25,1,8294,3.9,88.6,1.6
1.0,1076.249739,250.84,-4.62,-85.49,7.48,-11.76,-11.75,1,8158,1.1,74.9,-1.6
1.0,1076.259739,249.87,-3.31,-84.54,6.17,-10.72,-10.75,1,8030,1.6,109.5,-1.3
1.0,1076.269739,248.91,-2.49,-82.96,5.39,-9.64,-9.75,1,7906,4.5,123.5,-0.4
1.0,1076.279739,248.12,-2.13,-81.8,5.09,-8.52,-9.0,1,7767,3.9,101.7,0.0
1.0,1076.289739,247.24,-1.99,-81.09,4.97,-7.36,-8.0,1,8664,1.8,93.1,0.5
1.0,1076.299739,245.57,-1.69,-80.42,4.64,-6.18,-6.5,1,8537,0.6,75.5,-3.2
1.0,1076.309739,244.42,-1.19,-79.55,4.16,-4.97,-5.0,1,8419,3.2,105.5,-2.2
1.0,1076.319739,243.54,-0.99,-77.6,4.01,-3.75,-4.25,1,8290,3.4,164.5,0.0
1.0,1076.329739,242.4,-0.92,-75.79,4.02,-2.51,-3.25,1,8154,7.0,122.2,1.4
1.0,1076.339739,241.08,-0.78,-75.37,3.9,-1.26,-1.5,1,8035,-0.8,83.7,-3.6
1.0,1076.349740,239.15,-0.46,-74.64,3.51,0.0,0.25,1,7899,1.8,111.9,-3.7
1.0,1076.359739,237.57,-0.35,-72.69,3.48,1.26,1.75,1,7771,5.8,167.2,0.8
1.0,1076.369739,236.69,-0.29,-70.32,3.51,2.51,2.75,1,8660,4.8,181.4,-2.2
1.0,1076.379739,236.16,-0.11,-68.59,3.33,3.75,3.25,1,8532,2.0,159.4,-2.3
1.0,1076.389739,235.37,-0.15,-67.97,3.39,4.97,4.0,1,8414,4.2,83.3,2.9
1.0,1076.399739,234.05,-0.18,-68.28,3.42,6.18,5.25,1,8295,-2.0,45.1,-3.9
1.0,1076.409739,232.65,-0.01,-67.91,3.19,7.36,6.75,1,8159,2.5,75.7,-1.2
1.0,1076.419739,231.33,0.09,-66.15,3.19,8.52,8.25,1,8031,5.4,145.1,-2.6
1.0,1076.429739,230.1,0.16,-63.98,3.19,9.64,9.25,1,7895,3.4,148.2,1.0
1.0,1076.439739,228.6,0.1,-62.62,3.26,10.72,10.75,1,7776,2.8,132.7,-0.5
1.0,1076.449739,227.37,0.18,-61.63,3.17,11.76,12.25,1,8664,1.0,115.1,-2.5
1.0,1076.459739,226.49,0.32,-60.38,3.06,12.75,13.25,1,8537,5.8,141.9,-3.3
1.0,1076.469739,225.88,0.38,-58.61,3.09,13.69,13.75,1,8418,3.8,150.9,1.3
1.0,1076.479740,225.53,0.29,-57.7,3.2,14.58,14.0,1,8291,2.5,81.2,1.1
1.0,1076.489740,224.91,0.33,-57.93,3.12,15.41,14.75,1,8154,-1.7,46.8,-3.7
1.0,1076.499740,223.77,0.36,-57.95,3.04,16.18,15.75,1,8035,0.7,32.2,0.7
1.0,1076.509740,222.36,0.42,-57.41,3.06,16.89,17.25,1,7901,5.0,69.1,-3.5
1.0,1076.519742,221.4,0.54,-55.71,3.0,17.53,18.25,1,7775,3.1,133.3,0.1
1.0,1076.529740,221.31,0.47,-53.64,3.1,18.1,18.25,1,8660,2.7,142.9,0.6
1.0,1076.539740,221.48,0.45,-52.79,3.13,18.6,17.75,1,8533,1.4,75.7,1.3
1.0,1076.549740,221.66,0.44,-53.46,3.11,19.02,17.75,1,8414,-1.8,-0.1,-1.4
1.0,1076.559740,220.96,0.49,-54.46,2.99,19.37,18.5,1,8295,-1.1,-24.8,-2.9
1.0,1076.569740,220.43,0.57,-54.92,2.91,19.65,19.25,1,8159,0.9,-21.4,-2.6
1.0,1076.579740,220.34,0.56,-54.05,2.97,19.84,19.25,1,8031,1.7,83.9,2.6
1.0,1076.589740,220.43,0.48,-52.45,3.13,19.96,19.0,1,7895,3.4,54.6,3.2
1.0,1076.599743,220.08,0.49,-52.75,3.1,20.0,19.5,1,7779,-2.8,-0.0,-1.7
1.0,1076.609740,219.55,0.53,-53.44,2.95,19.96,20.0,1,8656,-1.6,-14.9,-3.1
1.0,1076.619740,219.46,0.58,-52.98,2.96,19.84,20.25,1,8537,4.5,60.8,1.8
1.0,1076.629740,219.46,0.54,-51.83,3.12,19.65,19.75,1,8418,2.9,39.8,3.9
1.0,1076.639740,219.81,0.52,-51.99,3.09,19.37,19.25,1,8291,-2.6,5.5,-3.6
1.0,1076.649740,220.25,0.55,-52.47,2.99,19.02,18.75,1,8155,0.1,-14.4,2.4
1.0,1076.659740,220.69,0.53,-53.0,3.03,18.6,18.25,1,8036,-1.4,-32.9,-2.8
1.0,1076.669743,220.87,0.58,-53.74,2.93,18.1,17.75,1,7903,-1.1,-55.1,0.2
1.0,1076.679741,221.22,0.54,-54.35,2.98,17.53,17.5,1,7782,-0.9,-38.7,0.8
1.0,1076.689740,221.31,0.55,-54.43,2.97,16.89,17.5,1,8660,-0.1,-24.9,-0.8
1.0,1076.699740,221.75,0.56,-54.53,2.96,16.18,17.0,1,8533,-0.2,-23.1,1.4
1.0,1076.709740,222.71,0.53,-54.65,2.99,15.41,15.75,1,8417,-0.4,-14.1,0.3
1.0,1076.719740,223.95,0.46,-55.08,3.03,14.58,14.75,1,8287,-3.2,-52.4,3.7
1.0,1076.729740,224.91,0.35,-56.61,3.08,13.69,14.5,1,8159,-4.0,-113.9,0.9
1.0,1076.739740,225.18,0.47,-58.48,2.93,12.75,13.75,1,8031,0.4,-125.6,-3.6
1.0,1076.749740,226.14,0.48,-59.38,2.93,11.76,12.25,1,7896,-3.9,-78.5,5.7
1.0,1076.759742,227.29,0.25,-59.22,3.14,10.72,11.25,1,7806,-0.3,-31.2,1.6
1.0,1076.769740,228.16,0.35,-59.91,3.05,9.64,10.5,1,8656,-2.0,-115.9,-0.1
1.0,1076.779740,228.78,0.37,-61.93,2.95,8.52,9.75,1,8529,-4.5,-117.8,-1.2
1.0,1076.789740,230.19,0.27,-62.66,3.03,7.36,8.25,1,8419,-0.8,-71.0,5.2
1.0,1076.799740,231.68,0.15,-62.97,3.19,6.18,6.5,1,8292,-1.6,-77.1,1.4
1.0,1076.809740,233.0,0.18,-64.51,3.11,4.97,5.5,1,8155,-3.9,-148.5,0.8
1.0,1076.819740,233.96,0.14,-66.8,3.09,3.75,4.75,1,8036,-2.7,-156.9,0.7
1.0,1076.829740,234.84,0.1,-68.14,3.09,2.51,3.25,1,7901,-5.6,-126.3,0.7
1.0,1076.839741,236.34,-0.05,-68.73,3.22,1.26,1.75,1,7801,0.8,-89.3,5.3
1.0,1076.849740,237.66,-0.13,-69.46,3.33,0.0,0.25,1,8661,-4.3,-109.9,-0.5
1.0,1076.859740,238.89,-0.08,-71.15,3.17,-1.26,-0.75,1,8533,-4.2,-148.0,0.4
1.0,1076.869740,240.29,-0.25,-72.91,3.32,-2.51,-2.25,1,8415,-3.7,-138.5,3.7
1.0,1076.879740,241.52,-0.41,-73.98,3.44,-3.75,-3.75,1,8278,-4.9,-115.7,-0.3
1.0,1076.889740,242.93,-0.48,-75.19,3.49,-4.97,-5.25,1,8162,-0.8,-143.9,4.6
1.0,1076.899740,243.98,-0.69,-77.0,3.69,-6.18,-6.25,1,8032,-6.2,-152.8,-1.3
1.0,1076.909740,245.13,-0.75,-78.37,3.67,-7.36,-7.25,1,7896,-1.6,-128.0,3.7
1.0,1076.919742,245.74,-1.01,-79.23,3.96,-8.52,-8.0,1,7805,-3.5,-110.6,-0.4
1.0,1076.929740,246.71,-1.11,-80.0,4.03,-9.64,-9.0,1,8656,-0.5,-94.9,4.1
1.0,1076.939740,248.29,-1.29,-80.58,4.2,-10.72,-10.75,1,8538,-4.0,-74.0,-2.4
1.0,1076.949740,249.79,-1.34,-81.45,4.23,-11.76,-12.25,1,8419,1.3,-107.1,5.2
1.0,1076.959740,251.1,-2.49,-83.48,5.39,-12.75,-13.5,1,8283,-5.5,-170.2,1.3
1.0,1076.969740,251.28,-3.38,-85.78,6.16,-13.69,-13.75,1,8156,-5.4,-167.1,-0.6
1.0,1076.979740,251.28,-4.42,-86.81,7.18,-14.58,-13.5,1,8037,-2.9,-106.3,1.7
1.0,1076.989740,251.19,-4.13,-86.32,6.9,-15.41,-13.5,1,7901,-0.2,-11.8,0.1
1.0,1076.999740,252.07,-3.32,-85.28,6.15,-16.18,-14.5,1,7800,3.5,9.2,3.2
1.0,1077.009740,252.95,-3.67,-85.07,6.56,-16.89,-15.5,1,8661,0.9,0.6,1.9
1.0,1077.019740,253.92,-4.36,-86.05,7.19,-17.53,-16.5,1,8534,-3.2,-90.1,-0.4
1.0,1077.029740,254.62,-7.82,-88.04,10.56,-18.1,-17.25,1,8415,-4.8,-108.7,-1.2
1.0,1077.039740,255.23,-18.53,-89.09,21.25,-18.6,-18.0,1,8279,-0.7,-89.8,3.1
1.0,1077.049740,255.85,-46.84,-89.56,49.59,-19.02,-18.5,1,8160,-1.6,-74.4,-0.3
1.0,1077.059740,256.11,-119.32,-89.65,122.05,-19.37,-19.0,1,8033,-1.4,-62.9,2.0
1.0,1077.069740,256.55,-148.51,-89.35,151.23,-19.65,-19.25,1,7897,-0.8,-49.5,1.1
1.0,1077.079741,256.82,-157.79,-89.11,160.52,-19.84,-19.5,1,7806,-0.6,-40.8,1.1
1.0,1077.089740,256.9,-162.54,-88.86,165.27,-19.96,-19.75,1,8657,-0.4,-34.7,0.8
1.0,1077.099740,257.08,-164.53,-88.7,167.25,-20.0,-19.75,1,8539,-0.3,-22.9,1.2
1.0,1077.109740,257.08,-164.53,-88.66,167.26,-19.96,-19.75,1,8420,-0.1,-14.9,0.7
1.0,1077.119740,256.99,-164.5,-88.67,167.22,-19.84,-19.75,1,8284,0.1,-7.0,0.6
1.0,1077.129740,257.17,-163.72,-88.73,166.44,-19.65,-19.75,1,8159,0.2,-1.9,0.5
1.0,1077.139740,257.08,-163.04,-88.78,165.77,-19.37,-19.75,1,8037,0.2,-0.2,0.5
1.0,1077.149740,256.99,-162.85,-88.79,165.58,-19.02,-19.5,1,7901,0.1,-0.1,0.3
1.0,1077.159740,256.73,-162.85,-88.8,165.58,-18.6,-18.5,1,7800,0.0,0.3,0.4
1.0,1077.169740,255.67,-161.71,-88.86,164.43,-18.1,-17.25,1,8662,-0.9,6.7,0.4
1.0,1077.179740,255.15,-134.28,-89.48,137.03,-17.53,-16.25,1,8534,3.6,65.1,1.9
1.0,1077.189740,255.06,-16.48,-88.56,19.33,-16.89,-16.5,1,8415,5.9,116.5,2.5
1.0,1077.199740,255.15,-9.6,-87.44,12.49,-16.18,-16.5,1,8280,3.2,62.8,1.7
1.0,1077.209740,254.62,-11.65,-87.98,14.5,-15.41,-15.75,1,8162,-1.6,-0.9,-1.0
1.0,1077.219740,253.65,-16.23,-88.75,18.99,-14.58,-14.75,1,8033,-4.0,-14.1,-3.1
1.0,1077.229739,252.86,-10.75,-88.13,13.53,-13.69,-14.0,1,7897,4.0,76.9,2.4
1.0,1077.239743,251.81,-5.92,-86.28,8.82,-12.75,-12.75,1,7808,3.8,94.8,-1.3
1.0,1077.249739,250.58,-4.19,-85.3,7.09,-11.76,-11.75,1,8658,1.3,81.6,0.1
1.0,1077.259739,249.61,-3.28,-84.28,6.16,-10.72,-10.5,1,8539,0.6,115.5,-2.8
1.0,1077.269739,248.73,-2.3,-82.71,5.22,-9.64,-9.5,1,8420,5.7,123.7,0.2
1.0,1077.279739,247.85,-2.12,-81.55,5.13,-8.52,-8.75,1,8284,3.7,107.3,0.2
1.0,1077.289739,247.32,-1.9,-80.8,4.9,-7.36,-8.25,1,8160,1.6,91.3,-0.5
1.0,1077.299739,246.36,-1.58,-80.18,4.55,-6.18,-7.25,1,8037,0.2,78.8,-2.8
1.0,1077.309739,244.78,-1.4,-79.67,4.39,-4.97,-5.75,1,7901,2.9,62.8,1.0
1.0,1077.319739,243.28,-1.27,-78.82,4.31,-3.75,-3.75,1,7800,2.1,101.2,-3.0
1.0,1077.329739,241.7,-0.8,-76.84,3.85,-2.51,-2.25,1,8662,3.4,159.7,-1.7
1.0,1077.339739,240.47,-0.68,-74.58,3.81,-1.26,-1.25,1,8535,6.0,167.6,0.8
1.0,1077.349740,239.33,-0.53,-73.03,3.71,0.0,-0.0,1,8416,3.0,147.1,-3.5
1.0,1077.359739,238.27,-0.36,-71.96,3.54,1.26,1.0,1,8280,3.5,128.4,0.5
1.0,1077.369739,237.57,-0.34,-71.04,3.54,2.51,1.75,1,8161,1.8,110.6,-3.1
1.0,1077.379739,236.6,-0.21,-70.27,3.39,3.75,2.75,1,8033,1.5,94.5,-0.5
1.0,1077.389739,235.02,-0.21,-69.62,3.41,4.97,4.25,1,7897,2.2,81.0,-1.4
1.0,1077.399740,233.35,-0.09,-68.69,3.32,6.18,6.25,1,7797,2.7,106.4,-1.8
1.0,1077.409739,231.77,-0.0,-66.76,3.27,7.36,7.75,1,8658,3.7,168.5,-1.1
1.0,1077.419739,230.8,0.09,-64.38,3.25,8.52,8.75,1,8530,6.0,175.2,-1.6
1.0,1077.429739,230.36,0.16,-62.78,3.25,9.64,9.25,1,8421,4.5,153.8,0.4
1.0,1077.439739,229.75,0.11,-62.17,3.31,10.72,9.75,1,8284,2.1,81.7,1.1
1.0,1077.449739,228.52,0.16,-62.48,3.22,11.76,11.0,1,8158,-1.1,41.7,-4.6
1.0,1077.459739,227.02,0.28,-62.19,3.07,12.75,12.5,1,8029,2.6,68.6,-0.9
1.0,1077.469739,225.7,0.31,-60.55,3.12,13.69,13.75,1,7902,3.9,137.1,-1.7
1.0,1077.479740,224.56,0.34,-58.39,3.15,14.58,15.0,1,7801,4.5,147.7,1.3
1.0,1077.489740,224.12,0.33,-56.99,3.18,15.41,15.5,1,8663,0.9,129.3,-1.8
1.0,1077.499740,223.86,0.39,-56.08,3.1,16.18,15.75,1,8535,3.2,109.9,-1.4
1.0,1077.509740,223.42,0.4,-55.82,3.14,16.89,16.25,1,8416,1.7,45.1,1.8
1.0,1077.519740,222.36,0.4,-56.32,3.13,17.53,17.25,1,8280,-0.4,14.7,-3.6
1.0,1077.529740,221.04,0.5,-56.1,3.01,18.1,18.5,1,8161,2.8,52.4,-1.1
1.0,1077.539740,220.25,0.53,-54.54,3.05,18.6,19.5,1,8033,3.6,118.9,-0.9
1.0,1077.549740,220.17,0.51,-52.58,3.11,19.02,19.5,1,7898,1.2,129.2,1.4
1.0,1077.559743,220.17,0.46,-51.77,3.16,19.37,19.25,1,7808,1.8,70.6,0.5
1.0,1077.569740,219.99,0.5,-52.31,3.12,19.65,19.75,1,8658,-0.3,4.9,-0.9
1.0,1077.579740,219.55,0.55,-53.01,3.02,19.84,20.0,1,8531,-0.1,-4.7,-3.5
1.0,1077.589740,219.38,0.57,-52.78,3.03,19.96,20.25,1,8421,2.9,33.3,3.6
1.0,1077.599740,219.46,0.51,-52.12,3.14,20.0,20.0,1,8285,0.1,27.9,-0.8
1.0,1077.609740,219.46,0.54,-51.99,3.07,19.96,19.5,1,8160,-0.4,18.5,0.3
1.0,1077.619740,219.81,0.52,-52.11,3.1,19.84,19.25,1,8029,1.0,-3.1,1.2
1.0,1077.629740,219.55,0.55,-52.55,3.05,19.65,20.0,1,7902,-1.8,-22.5,-3.3
1.0,1077.639740,219.2,0.63,-53.15,2.93,19.37,20.5,1,7801,0.3,-40.6,-2.0
1.0,1077.649740,219.2,0.6,-52.8,3.0,19.02,20.25,1,8663,0.8,53.4,2.9
1.0,1077.659740,219.81,0.5,-51.47,3.17,18.6,19.25,1,8536,2.8,38.9,4.7
1.0,1077.669740,220.69,0.5,-51.74,3.15,18.1,18.25,1,8417,-3.4,-12.4,-2.9
1.0,1077.679740,221.4,0.51,-53.03,3.02,17.53,18.0,1,8280,-2.8,-77.0,1.4
1.0,1077.689740,221.75,0.53,-54.69,2.98,16.89,17.5,1,8162,-2.4,-101.9,-5.1
1.0,1077.699740,222.45,0.6,-55.51,2.91,16.18,16.25,1,8034,1.3,-57.1,3.9
1.0,1077.709740,223.77,0.43,-55.46,3.13,15.41,14.75,1,7898,-2.6,-39.8,3.6
1.0,1077.719740,224.56,0.37,-56.09,3.11,14.58,14.25,1,7797,-3.7,-79.9,-0.2
1.0,1077.729740,225.35,0.42,-57.86,3.01,13.69,13.5,1,8659,-2.9,-137.3,-0.2
1.0,1077.739740,225.79,0.43,-59.32,2.97,12.75,12.75,1,8531,-2.6,-87.8,-0.6
1.0,1077.749740,226.49,0.36,-59.44,3.07,11.76,12.0,1,8421,0.7,-61.8,5.9
1.0,1077.759740,227.11,0.32,-59.82,3.11,10.72,11.5,1,8285,-3.2,-63.9,-3.9
1.0,1077.769740,227.9,0.43,-60.48,2.95,9.64,10.75,1,8159,0.7,-64.5,2.7
1.0,1077.779740,229.13,0.29,-61.06,3.12,8.52,9.25,1,8030,-2.8,-57.4,2.4
1.0,1077.789740,230.36,0.21,-61.84,3.15,7.36,8.0,1,7894,-2.5,-84.7,2.2
1.0,1077.799740,231.06,0.17,-63.53,3.15,6.18,7.5,1,7801,-3.8,-141.2,0.9
1.0,1077.809740,231.77,0.24,-65.36,3.03,4.97,6.75,1,8663,-3.2,-126.9,-2.9
1.0,1077.819740,233.0,0.26,-65.78,3.03,3.75,5.25,1,8536,1.9,-56.3,4.6
1.0,1077.829740,234.49,0.04,-65.82,3.3,2.51,3.5,1,8417,-2.5,-74.8,3.7
1.0,1077.839740,235.55,-0.05,-67.4,3.28,1.26,2.5,1,8281,-6.6,-138.9,0.5
1.0,1077.849740,236.43,-0.07,-69.64,3.2,-0.0,1.75,1,8163,-5.1,-159.7,0.3
1.0,1077.859740,237.83,-0.02,-70.78,3.14,-1.26,0.25,1,8035,-1.5,-93.7,-1.5
1.0,1077.869740,239.33,-0.12,-71.05,3.3,-2.51,-1.25,1,7900,1.4,-92.9,7.3
1.0,1077.879742,240.82,-0.42,-72.54,3.59,-3.75,-2.75,1,8789,-6.3,-149.8,-0.0
1.0,1077.889740,242.05,-0.39,-74.7,3.4,-4.97,-4.0,1,8659,-5.9,-159.3,0.6
1.0,1077.899740,242.93,-0.53,-76.19,3.53,-6.18,-5.0,1,8532,-2.3,-139.0,1.8
1.0,1077.909740,244.16,-0.68,-77.2,3.7,-7.36,-6.25,1,8421,-2.6,-120.7,2.2
1.0,1077.919740,245.48,-0.83,-78.0,3.83,-8.52,-7.75,1,8285,-1.8,-99.1,1.5
1.0,1077.929740,246.53,-1.01,-79.06,4.01,-9.64,-9.0,1,8161,-1.2,-127.3,2.9
1.0,1077.939740,247.76,-1.26,-80.67,4.21,-10.72,-10.0,1,8030,-5.8,-132.6,-0.7
1.0,1077.949740,248.91,-1.34,-81.9,4.21,-11.76,-11.25,1,7903,-3.1,-117.3,0.8
1.0,1077.959740,250.22,-1.91,-82.84,4.81,-12.75,-12.75,1,8791,-0.3,-110.0,4.3
1.0,1077.969740,251.46,-2.7,-84.07,5.61,-13.69,-13.75,1,8663,-2.5,-129.9,1.1
1.0,1077.979740,252.33,-3.46,-85.6,6.3,-14.58,-15.0,1,8536,-4.5,-133.9,1.4
1.0,1077.989740,252.86,-5.06,-86.82,7.85,-15.41,-15.5,1,8417,-3.0,-118.0,1.1
1.0,1077.999740,252.95,-6.81,-87.65,9.6,-16.18,-15.5,1,8281,-2.2,-99.5,0.4
1.0,1078.009740,253.3,-7.19,-87.88,9.97,-16.89,-15.75,1,8166,-2.6,-40.8,-0.3
1.0,1078.019740,254.09,-6.25,-87.31,9.06,-17.53,-16.75,1,8026,3.6,-1.8,3.8
1.0,1078.029740,254.88,-7.42,-87.36,10.29,-18.1,-17.75,1,7899,0.2,-44.5,1.3
1.0,1078.039739,254.88,-14.78,-88.77,17.57,-18.6,-17.75,1,8787,-4.5,-100.3,-0.2
1.0,1078.049740,254.97,-105.44,-89.71,108.15,-19.02,-17.5,1,8659,-4.0,-71.0,-1.7
1.0,1078.059740,255.41,-51.66,-89.64,54.39,-19.37,-18.25,1,8532,1.9,1.1,2.5
1.0,1078.069740,256.29,-18.5,-88.85,21.33,-19.65,-19.0,1,8425,4.4,14.4,4.1
1.0,1078.079740,256.73,-34.66,-89.37,37.48,-19.84,-19.5,1,8286,-4.3,-70.3,-1.7
1.0,1078.089740,256.64,-165.66,-88.74,168.36,-19.96,-19.25,1,8158,-3.0,-89.5,1.2
1.0,1078.099740,256.64,-169.2,-88.21,171.91,-20.0,-18.75,1,8024,-1.3,-34.2,-0.3
1.0,1078.109740,256.55,-162.22,-88.89,164.97,-19.96,-19.0,1,7895,1.8,14.3,2.2
1.0,1078.119740,256.99,-134.09,-89.45,136.91,-19.84,-19.75,1,8792,4.7,19.0,3.5
1.0,1078.129740,257.52,-125.21,-89.49,128.04,-19.65,-20.25,1,8664,-1.4,4.6,0.7
1.0,1078.139740,257.61,-161.9,-88.88,164.63,-19.37,-20.25,1,8536,-4.6,-62.7,-3.5
1.0,1078.149740,257.52,-171.87,-87.7,174.57,-19.02,-19.75,1,8418,0.6,-53.6,2.3
1.0,1078.159740,257.08,-170.37,-87.75,173.11,-18.6,-18.75,1,8282,-1.4,-3.1,-0.5
1.0,1078.169740,256.38,-166.06,-88.45,168.8,-18.1,-17.75,1,8166,2.1,20.3,2.9
1.0,1078.179740,256.03,-140.65,-89.31,143.48,-17.53,-17.25,1,8026,5.1,74.2,2.8
1.0,1078.189740,255.94,-27.69,-89.08,30.55,-16.89,-17.5,1,7900,1.7,80.6,-0.3
1.0,1078.199741,255.67,-18.96,-88.77,21.81,-16.18,-17.25,1,8789,1.7,28.2,0.6
1.0,1078.209740,254.97,-31.34,-89.26,34.16,-15.41,-16.25,1,8660,-3.0,-0.7,-2.2
1.0,1078.219740,253.92,-30.43,-89.31,33.21,-14.58,-15.25,1,8532,0.5,25.7,-0.2
1.0,1078.229739,252.86,-11.93,-88.13,14.79,-13.69,-14.0,1,8425,4.7,96.9,2.0
1.0,1078.239739,252.6,-6.03,-86.3,8.95,-12.75,-13.5,1,8286,3.4,113.9,-1.4
1.0,1078.249739,252.07,-4.08,-85.16,7.01,-11.76,-13.25,1,8159,2.1,97.6,-0.7
1.0,1078.259739,251.19,-4.22,-84.92,7.17,-10.72,-12.25,1,8022,3.9,40.0,2.8
1.0,1078.269739,249.7,-4.01,-85.08,6.95,-9.64,-10.75,1,7895,-3.3,42.5,-6.2
1.0,1078.279739,248.03,-2.53,-84.0,5.41,-8.52,-8.75,1,8792,2.3,105.5,0.9
1.0,1078.289739,246.45,-2.13,-81.74,5.13,-7.36,-7.25,1,8665,6.8,162.9,-1.3
1.0,1078.299739,245.21,-1.48,-79.39,4.57,-6.18,-5.75,1,8537,4.6,178.4,0.6
1.0,1078.309739,244.42,-1.22,-77.72,4.31,-4.97,-5.0,1,8418,3.4,151.0,-2.6
1.0,1078.319739,244.25,-0.92,-76.71,4.02,-3.75,-4.75,1,8282,2.4,129.3,-1.1
1.0,1078.329739,243.72,-0.96,-76.27,4.09,-2.51,-4.5,1,8167,4.1,64.8,1.3
1.0,1078.339739,242.4,-1.0,-76.74,4.13,-1.26,-3.25,1,8027,-1.9,18.3,-2.2
1.0,1078.349740,240.82,-0.81,-76.61,3.88,-0.0,-1.5,1,7900,1.2,59.6,-1.7
1.0,1078.359741,238.89,-0.56,-74.94,3.69,1.26,0.5,1,8789,2.8,125.3,-2.9
1.0,1078.369739,237.57,-0.36,-72.46,3.56,2.51,1.75,1,8660,6.3,183.0,0.0
1.0,1078.379739,236.87,-0.27,-69.9,3.55,3.75,2.75,1,8533,4.9,197.7,-1.8
1.0,1078.389739,235.9,-0.18,-68.5,3.48,4.97,3.5,1,8417,3.4,125.2,0.4
1.0,1078.399739,234.4,-0.19,-68.5,3.47,6.18,5.25,1,8287,-1.0,72.6,-2.6
1.0,1078.409739,232.91,-0.09,-68.03,3.33,7.36,6.5,1,8159,2.6,99.8,-1.3
1.0,1078.419739,232.21,0.06,-66.1,3.27,8.52,7.25,1,8023,5.8,165.8,-3.4
1.0,1078.429739,231.24,0.12,-64.19,3.3,9.64,8.25,1,7896,5.4,125.4,3.0
1.0,1078.439739,229.57,0.04,-63.81,3.37,10.72,9.75,1,8792,-1.1,78.2,-3.0
1.0,1078.449739,228.34,0.15,-63.22,3.21,11.76,11.25,1,8665,2.2,105.8,-0.9
1.0,1078.459739,227.64,0.25,-61.26,3.19,12.75,11.75,1,8537,4.8,168.3,-3.6
1.0,1078.469739,227.29,0.31,-59.33,3.21,13.69,12.25,1,8419,5.3,130.7,3.4
1.0,1078.479740,226.32,0.21,-59.3,3.3,14.58,13.25,1,8283,-2.0,40.5,-2.4
1.0,1078.489740,225.09,0.31,-59.74,3.11,15.41,14.5,1,8167,0.9,46.5,-3.1
1.0,1078.499740,224.3,0.38,-58.6,3.12,16.18,15.25,1,8027,4.7,108.2,0.7
1.0,1078.509740,223.51,0.39,-56.68,3.19,16.89,16.0,1,7900,2.6,130.3,-1.3
1.0,1078.519740,222.71,0.38,-55.77,3.19,17.53,16.75,1,8789,1.3,68.5,1.8
1.0,1078.529740,222.01,0.44,-55.66,3.13,18.1,17.75,1,8661,2.6,73.7,-6.2
1.0,1078.539740,221.66,0.54,-54.74,3.05,18.6,18.0,1,8533,2.0,86.3,2.9
1.0,1078.549740,221.48,0.43,-53.87,3.2,19.02,18.25,1,8417,1.8,74.7,-0.4
1.0,1078.559740,220.52,0.47,-53.79,3.15,19.37,19.0,1,8287,0.5,19.2,0.7
1.0,1078.569740,219.9,0.5,-54.05,3.09,19.65,20.0,1,8160,0.0,30.1,-4.1
1.0,1078.579740,219.64,0.57,-52.99,3.04,19.84,20.0,1,8023,2.7,95.0,0.5
1.0,1078.589740,219.81,0.51,-51.59,3.19,19.96,19.5,1,7896,3.7,74.7,3.9
1.0,1078.599740,219.9,0.48,-51.77,3.2,20.0,19.25,1,8793,-3.0,2.9,-2.4
1.0,1078.609740,219.46,0.54,-52.75,3.04,19.96,20.0,1,8665,-0.7,-26.1,-2.5
1.0,1078.619740,218.58,0.6,-53.27,2.99,19.84,21.25,1,8538,0.1,-22.8,-2.1
1.0,1078.629740,218.06,0.59,-52.48,3.04,19.65,21.75,1,8419,2.0,75.0,2.6
1.0,1078.639740,218.06,0.53,-50.53,3.16,19.37,21.25,1,8283,1.9,97.9,1.2
1.0,1078.649740,218.23,0.54,-49.92,3.16,19.02,20.75,1,8159,0.5,38.0,0.9
1.0,1078.659740,219.11,0.54,-50.58,3.12,18.6,19.75,1,8028,-1.2,-6.0,-1.2
1.0,1078.669740,220.17,0.6,-51.38,3.03,18.1,19.0,1,7900,0.9,-36.2,-2.3
1.0,1078.679740,220.69,0.6,-52.66,3.03,17.53,18.75,1,8789,-2.4,-97.3,2.4
1.0,1078.689740,220.87,0.54,-54.28,3.04,16.89,18.25,1,8661,-2.3,-101.6,-2.0
1.0,1078.699740,221.66,0.56,-54.81,3.0,16.18,17.0,1,8534,-1.0,-48.3,3.0
1.0,1078.709740,223.07,0.46,-54.35,3.14,15.41,16.0,1,8418,-0.6,-7.6,2.6
1.0,1078.719740,223.77,0.43,-55.04,3.12,14.58,15.5,1,8287,-4.2,-109.2,-0.1
1.0,1078.729740,224.21,0.45,-57.4,3.0,13.69,15.0,1,8160,-4.4,-134.1,-1.4
1.0,1078.739740,224.91,0.43,-58.29,3.03,12.75,13.75,1,8024,0.7,-64.4,3.5
1.0,1078.749740,226.23,0.35,-57.99,3.17,11.76,12.25,1,7896,-1.4,-39.8,2.7
1.0,1078.759740,227.29,0.31,-58.65,3.14,10.72,11.25,1,8793,-4.0,-89.8,0.1
1.0,1078.769740,227.81,0.36,-60.57,3.05,9.64,11.0,1,8666,-0.9,-142.6,-0.9
1.0,1078.779740,228.43,0.4,-61.99,3.01,8.52,10.25,1,8538,-2.3,-89.4,0.4
1.0,1078.789740,229.48,0.25,-62.04,3.15,7.36,9.0,1,8420,-1.6,-57.7,5.6
1.0,1078.799740,231.24,0.16,-62.28,3.25,6.18,7.25,1,8283,-0.3,-55.2,0.1
1.0,1078.809740,233.09,0.21,-63.48,3.16,4.97,5.5,1,8158,-4.9,-123.1,1.8
1.0,1078.819740,233.96,0.06,-66.07,3.23,3.75,4.75,1,8028,-3.5,-191.2,2.2
1.0,1078.829740,234.32,0.05,-68.68,3.18,2.51,4.25,1,7901,-6.6,-192.5,-1.5
1.0,1078.839740,235.11,0.04,-69.5,3.13,1.26,3.25,1,8789,-2.2,-80.4,2.3
1.0,1078.849740,236.6,-0.09,-68.62,3.35,0.0,1.5,1,8662,3.3,-24.5,4.5
1.0,1078.859740,238.62,-0.11,-68.89,3.39,-1.26,-0.5,1,8534,-4.5,-82.9,-0.6
1.0,1078.869740,239.59,-0.19,-71.22,3.34,-2.51,-1.75,1,8415,-4.7,-173.9,3.0
1.0,1078.879740,240.38,-0.41,-73.98,3.49,-3.75,-2.25,1,8279,-7.2,-185.8,0.0
1.0,1078.889740,241.17,-0.36,-75.27,3.38,-4.97,-3.25,1,8160,-3.1,-116.2,-0.6
1.0,1078.899740,242.49,-0.43,-75.25,3.51,-6.18,-4.75,1,8024,1.4,-67.8,4.3
1.0,1078.909740,244.07,-0.62,-75.66,3.74,-7.36,-6.25,1,7897,-1.8,-89.9,0.9
1.0,1078.919743,245.57,-0.77,-77.41,3.82,-8.52,-7.75,1,8796,-3.8,-152.4,3.3
1.0,1078.929740,246.62,-1.03,-79.61,4.0,-9.64,-9.0,1,8657,-6.9,-157.6,-2.1
1.0,1078.939740,247.76,-1.16,-81.03,4.08,-10.72,-10.0,1,8539,-1.1,-136.4,4.3
1.0,1078.949740,248.91,-1.64,-81.99,4.6,-11.76,-11.25,1,8420,-3.3,-117.5,-0.6
1.0,1078.959740,250.31,-1.81,-82.88,4.73,-12.75,-12.75,1,8283,-1.1,-107.5,4.2
1.0,1078.969740,251.46,-2.74,-84.06,5.67,-13.69,-13.75,1,8158,-2.1,-129.3,1.5
1.0,1078.979740,252.33,-3.54,-85.62,6.41,-14.58,-15.0,1,8028,-4.6,-134.1,1.0
1.0,1078.989740,252.86,-5.07,-86.84,7.89,-15.41,-15.5,1,7901,-2.8,-117.6,1.3
1.0,1078.999740,252.95,-6.95,-87.67,9.77,-16.18,-15.5,1,8789,-2.1,-99.4,0.4
1.0,1079.009740,253.39,-7.36,-87.9,10.16,-16.89,-15.75,1,8662,-2.7,-41.2,-0.2
1.0,1079.019740,254.18,-6.41,-87.33,9.24,-17.53,-16.75,1,8535,3.6,-1.2,3.9
1.0,1079.029740,254.97,-7.51,-87.36,10.41,-18.1,-17.75,1,8416,0.2,-43.6,1.3
1.0,1079.039740,255.06,-14.79,-88.77,17.61,-18.6,-17.75,1,8279,-4.6,-100.1,-0.5
1.0,1079.049740,254.97,-107.62,-89.71,110.36,-19.02,-17.5,1,8161,-3.9,-71.5,-1.6
1.0,1079.059740,255.41,-54.69,-89.64,57.45,-19.37,-18.25,1,8025,1.9,1.0,2.5
1.0,1079.069740,256.29,-18.78,-88.85,21.65,-19.65,-19.0,1,7897,4.7,15.3,4.2
1.0,1079.079740,256.73,-34.96,-89.36,37.81,-19.84,-19.5,1,8794,-4.4,-70.6,-1.8
1.0,1079.089740,256.73,-165.71,-88.73,168.44,-19.96,-19.25,1,8666,-3.0,-89.0,1.1
1.0,1079.099740,256.55,-169.16,-88.21,171.9,-20.0,-18.75,1,8540,-1.2,-34.3,-0.3
1.0,1079.109740,256.55,-162.18,-88.88,164.96,-19.96,-19.0,1,8420,1.9,14.2,2.2
1.0,1079.119740,256.9,-134.01,-89.44,136.86,-19.84,-19.75,1,8284,4.6,19.5,3.5
1.0,1079.129740,257.52,-123.68,-89.5,126.55,-19.65,-20.25,1,8159,-1.1,5.5,0.7
1.0,1079.139740,257.61,-161.42,-88.9,164.18,-19.37,-20.25,1,8029,-4.7,-62.4,-3.5
1.0,1079.149740,257.52,-171.74,-87.72,174.48,-19.02,-19.75,1,7902,0.6,-53.0,2.2
1.0,1079.159740,257.08,-170.25,-87.78,173.02,-18.6,-18.75,1,8790,-1.3,-3.3,-0.6
1.0,1079.169740,256.29,-165.91,-88.46,168.68,-18.1,-17.75,1,8662,1.9,20.1,2.9
1.0,1079.179740,255.85,-139.38,-89.33,142.23,-17.53,-17.25,1,8543,5.3,75.0,2.9
1.0,1079.189740,255.94,-26.83,-89.05,29.73,-16.89,-17.5,1,8416,1.5,81.2,-0.5
1.0,1079.199740,255.67,-18.37,-88.73,21.24,-16.18,-17.25,1,8280,1.7,29.0,0.7
1.0,1079.209740,255.06,-29.99,-89.23,32.84,-15.41,-16.25,1,8161,-3.0,-1.4,-2.4
1.0,1079.219740,253.92,-29.49,-89.29,32.3,-14.58,-15.0,1,8025,0.5,25.9,0.1
1.0,1079.229739,253.3,-11.87,-88.1,14.75,-13.69,-14.25,1,7897,4.7,96.5,1.9
1.0,1079.239739,252.69,-6.02,-86.28,8.97,-12.75,-13.75,1,8794,3.3,113.9,-1.2
1.0,1079.249739,251.72,-4.71,-85.55,7.67,-11.76,-12.75,1,8667,2.6,56.0,1.0
1.0,1079.259739,249.96,-4.49,-85.52,7.43,-10.72,-10.75,1,8548,-0.9,60.9,-3.6
1.0,1079.269739,248.29,-3.06,-84.26,5.99,-9.64,-9.0,1,8420,2.8,122.0,0.6
1.0,1079.279739,246.88,-2.14,-81.87,5.17,-8.52,-7.75,1,8284,6.8,177.4,-3.1
1.0,1079.289739,246.71,-1.47,-79.42,4.59,-7.36,-7.25,1,8160,5.5,190.3,2.2
1.0,1079.299739,246.71,-1.43,-78.1,4.56,-6.18,-7.5,1,8029,2.8,119.1,-2.1
1.0,1079.309739,246.45,-1.34,-78.61,4.45,-4.97,-7.25,1,7912,0.5,19.7,1.0
1.0,1079.319739,245.57,-1.55,-79.75,4.6,-3.75,-6.25,1,8790,-3.2,-14.6,-2.7
1.0,1079.329739,244.07,-1.35,-79.81,4.37,-2.51,-4.75,1,8662,1.3,28.7,-0.2
1.0,1079.339739,241.88,-1.17,-78.33,4.26,-1.26,-2.5,1,8544,2.5,104.9,-1.2
1.0,1079.349740,240.21,-0.76,-75.93,3.91,0.0,-0.75,1,8416,5.3,163.4,-2.5
1.0,1079.359739,239.24,-0.45,-73.15,3.66,1.26,0.25,1,8280,4.5,219.6,-2.1
1.0,1079.369739,238.36,-0.4,-70.8,3.69,2.51,1.0,1,8164,8.0,178.9,2.6
1.0,1079.379739,237.04,-0.41,-70.37,3.72,3.75,2.25,1,8025,-0.8,84.3,-3.4
1.0,1079.389739,235.28,-0.15,-70.51,3.37,4.97,4.25,1,7907,1.3,80.0,-5.0
1.0,1079.399739,233.7,-0.04,-69.19,3.32,6.18,5.75,1,8795,4.4,136.6,0.2
1.0,1079.409739,232.91,-0.03,-66.66,3.39,7.36,6.5,1,8670,4.3,196.6,-2.3
1.0,1079.419739,232.47,0.03,-64.55,3.39,8.52,7.0,1,8548,6.3,150.7,2.8
1.0,1079.429739,231.42,-0.01,-64.36,3.43,9.64,8.25,1,8421,-2.1,65.6,-3.0
1.0,1079.439739,230.01,0.09,-64.67,3.23,10.72,9.5,1,8285,-0.1,53.3,-2.5
1.0,1079.449739,228.78,0.14,-63.62,3.26,11.76,10.75,1,8158,5.6,118.1,0.9
1.0,1079.459739,227.81,0.19,-61.63,3.3,12.75,11.75,1,8029,2.8,133.4,-2.0
1.0,1079.469739,226.58,0.26,-60.28,3.22,13.69,13.0,1,7911,2.9,119.9,-1.1
1.0,1079.479740,225.18,0.27,-59.41,3.22,14.58,14.5,1,8791,0.9,101.2,-1.1
1.0,1079.489740,223.95,0.33,-58.28,3.18,15.41,15.75,1,8663,4.7,131.3,-1.9
1.0,1079.499740,223.15,0.38,-56.58,3.19,16.18,16.5,1,8544,2.6,139.9,0.4
1.0,1079.509740,222.98,0.4,-55.26,3.19,16.89,16.5,1,8417,4.4,123.9,-2.8
1.0,1079.519740,222.63,0.45,-54.81,3.18,17.53,17.0,1,8281,1.8,61.0,2.2
1.0,1079.529740,221.66,0.4,-55.29,3.19,18.1,18.0,1,8165,-1.6,14.1,-3.6
1.0,1079.539740,220.43,0.49,-55.26,3.07,18.6,19.25,1,8025,2.2,50.1,-0.8
1.0,1079.549740,219.55,0.52,-53.79,3.13,19.02,20.25,1,7907,3.8,111.5,-0.3
1.0,1079.559740,219.46,0.54,-51.85,3.16,19.37,20.25,1,8795,3.3,132.6,0.1
1.0,1079.569740,219.55,0.51,-50.94,3.21,19.65,19.5,1,8668,2.1,69.5,2.2
1.0,1079.579740,219.9,0.48,-51.56,3.21,19.84,19.0,1,8549,-2.0,1.7,-1.5
1.0,1079.589740,220.34,0.53,-52.44,3.09,19.96,19.0,1,8421,-0.7,-20.9,-2.5
1.0,1079.599740,219.9,0.58,-53.11,3.05,20.0,19.75,1,8286,0.9,-43.8,-0.5
1.0,1079.609740,218.94,0.6,-53.84,3.04,19.96,20.75,1,8161,-1.2,-50.5,-1.6
1.0,1079.619740,218.41,0.56,-53.11,3.07,19.84,21.25,1,8030,1.3,79.5,2.7
1.0,1079.629740,218.5,0.5,-50.87,3.2,19.65,21.0,1,7929,1.4,94.9,1.8
1.0,1079.639740,219.11,0.51,-50.3,3.2,19.37,20.0,1,8791,1.3,41.1,0.7
1.0,1079.649740,220.08,0.54,-50.89,3.15,19.02,19.0,1,8663,-0.9,-4.9,-0.9
1.0,1079.659740,220.78,0.55,-52.22,3.1,18.6,18.75,1,8545,-0.9,-87.5,-0.2
1.0,1079.669740,221.04,0.6,-54.07,3.01,18.1,18.25,1,8409,-1.7,-102.2,-3.9
1.0,1079.679740,221.13,0.6,-54.93,3.0,17.53,18.25,1,8281,-0.7,-71.3,4.2
1.0,1079.689740,221.22,0.47,-54.79,3.15,16.89,17.75,1,8165,-2.0,-16.1,0.4
1.0,1079.699740,222.19,0.51,-54.37,3.07,16.18,16.75,1,8026,-0.5,-13.6,-0.6
1.0,1079.709740,223.42,0.49,-54.39,3.11,15.41,15.25,1,7925,-0.6,-4.8,3.4
1.0,1079.719740,224.56,0.38,-55.43,3.18,14.58,14.25,1,8795,-4.9,-112.6,1.1
1.0,1079.729740,225.7,0.4,-57.83,3.09,13.69,13.5,1,8670,-1.8,-131.5,-0.9
1.0,1079.739740,225.79,0.41,-59.15,3.07,12.75,13.5,1,8549,-3.1,-113.4,2.5
1.0,1079.749740,225.88,0.37,-60.12,3.09,11.76,13.0,1,8413,-0.8,-115.7,-1.4
1.0,1079.759740,226.58,0.42,-60.18,3.07,10.72,12.0,1,8286,0.6,-3.3,3.4
1.0,1079.769740,228.16,0.3,-59.1,3.22,9.64,10.25,1,8158,0.2,-4.7,2.4
1.0,1079.779740,229.66,0.28,-60.06,3.2,8.52,8.75,1,8030,-4.0,-93.6,0.5
1.0,1079.789740,230.62,0.21,-62.59,3.18,7.36,8.0,1,7921,-5.0,-164.3,2.3
1.0,1079.799740,231.59,0.22,-64.75,3.12,6.18,7.0,1,8791,-2.7,-145.7,-3.1
1.0,1079.809740,233.0,0.24,-65.59,3.1,4.97,5.25,1,8664,-1.4,-102.7,5.3
1.0,1079.819740,234.58,0.0,-66.03,3.37,3.75,3.5,1,8545,-1.1,-87.0,3.0
1.0,1079.829740,236.16,-0.03,-67.46,3.33,2.51,2.0,1,8409,-6.3,-158.4,1.2
1.0,1079.839740,237.22,-0.1,-69.9,3.29,1.26,1.0,1,8282,-6.6,-172.5,0.1
1.0,1079.849740,237.92,-0.16,-71.58,3.33,-0.0,0.5,1,8157,-1.9,-153.7,2.1
1.0,1079.859740,238.36,-0.19,-72.31,3.39,-1.26,-0.25,1,8026,-2.4,-92.1,0.2
1.0,1079.869740,239.41,-0.26,-72.28,3.44,-2.51,-1.5,1,7925,-0.4,-58.1,3.9
1.0,1079.879740,241.26,-0.41,-72.52,3.61,-3.75,-3.25,1,8787,-1.2,-58.3,1.5
1.0,1079.889740,242.93,-0.4,-73.87,3.54,-4.97,-5.0,1,8668,-4.9,-134.8,-0.2
1.0,1079.899740,243.72,-0.63,-76.52,3.7,-6.18,-6.0,1,8550,-4.1,-188.3,3.6
1.0,1079.909740,244.69,-0.84,-78.57,3.86,-7.36,-6.75,1,8413,-6.4,-152.1,-2.6
1.0,1079.919740,245.57,-0.82,-79.16,3.82,-8.52,-7.75,1,8286,0.7,-94.7,4.7
1.0,1079.929740,246.97,-1.19,-79.36,4.26,-9.64,-9.5,1,8162,-1.9,-77.6,1.0
1.0,1079.939740,248.82,-1.25,-80.25,4.27,-10.72,-11.25,1,8031,-1.7,-105.6,2.1
1.0,1079.949740,249.79,-1.77,-82.17,4.75,-11.76,-12.25,1,7930,-4.9,-164.9,1.5
1.0,1079.959740,250.58,-2.58,-84.56,5.47,-12.75,-12.75,1,8791,-5.1,-179.6,0.2
1.0,1079.969740,251.02,-3.11,-85.71,5.97,-13.69,-13.25,1,8664,-3.9,-100.0,0.1
1.0,1079.979740,251.63,-3.69,-85.49,6.6,-14.58,-14.0,1,8546,3.9,-58.1,6.6
1.0,1079.989740,252.77,-4.07,-85.48,7.03,-15.41,-15.25,1,8409,-3.5,-41.3,-2.6
1.0,1079.999740,254.09,-3.93,-86.07,6.81,-16.18,-16.75,1,8282,0.4,-75.2,3.7
1.0,1080.009740,255.06,-8.41,-87.75,11.3,-16.89,-17.75,1,8157,-4.1,-135.4,0.2
1.0,1080.019740,255.15,-56.64,-89.65,59.44,-17.53,-17.75,1,8027,-5.1,-143.0,-0.1
1.0,1080.029740,255.06,-155.4,-89.3,158.17,-18.1,-17.25,1,7926,-2.1,-75.5,0.4
1.0,1080.039740,254.88,-79.64,-89.68,82.45,-18.6,-17.25,1,8796,1.3,2.0,2.0
1.0,1080.049740,255.23,-17.58,-88.8,20.47,-19.02,-17.75,1,8669,4.0,31.4,3.8
1.0,1080.059740,256.11,-14.05,-88.36,16.97,-19.37,-19.0,1,8541,1.9,15.4,2.1
1.0,1080.069740,256.73,-25.36,-89.19,28.22,-19.65,-19.5,1,8417,-4.7,-69.9,-3.3
1.0,1080.079740,256.73,-164.95,-88.86,167.71,-19.84,-19.5,1,8286,-3.5,-98.4,0.6
1.0,1080.089740,257.17,-169.55,-88.16,172.31,-19.96,-19.75,1,8159,-1.3,-42.2,0.2
1.0,1080.099740,257.7,-164.26,-88.68,167.07,-20.0,-20.5,1,8023,3.0,-2.1,3.0
1.0,1080.109740,257.87,-162.35,-88.71,165.21,-19.96,-20.75,1,7930,-0.1,-36.0,0.8
1.0,1080.119740,257.7,-170.72,-87.77,173.51,-19.84,-20.0,1,8792,-3.9,-62.7,-0.6
1.0,1080.129740,257.61,-172.43,-87.41,175.18,-19.65,-19.25,1,8665,-0.4,-9.9,-0.1
1.0,1080.139740,257.26,-167.13,-88.29,169.95,-19.37,-18.75,1,8546,3.1,36.5,3.7
1.0,1080.149740,257.17,-153.38,-89.04,156.26,-19.02,-19.0,1,8409,3.5,34.8,1.3
1.0,1080.159740,257.26,-138.78,-89.33,141.69,-18.6,-19.75,1,8282,2.7,37.5,3.5
1.0,1080.169740,257.34,-136.25,-89.35,139.14,-18.1,-19.75,1,8166,-1.6,0.8,-1.1
1.0,1080.179740,257.34,-161.11,-88.83,163.92,-17.53,-19.25,1,8027,-3.6,-27.4,-1.7
1.0,1080.189740,256.46,-167.05,-88.44,169.82,-16.89,-17.75,1,7926,-2.3,-12.9,-2.0
1.0,1080.199740,255.5,-164.57,-88.65,167.36,-16.18,-16.5,1,8788,1.8,7.5,1.5
1.0,1080.209740,255.06,-61.73,-89.54,64.61,-15.41,-16.25,1,8672,5.1,131.5,1.4
1.0,1080.219740,254.71,-9.58,-87.44,12.56,-14.58,-16.0,1,8550,7.2,106.9,2.9
1.0,1080.229739,254.0,-9.71,-87.43,12.7,-13.69,-15.25,1,8414,-1.1,25.0,-0.6
1.0,1080.239739,252.51,-10.4,-87.96,13.29,-12.75,-13.5,1,8286,-2.4,29.2,-3.1
1.0,1080.249739,251.19,-6.31,-86.99,9.21,-11.76,-12.25,1,8159,2.5,94.4,-0.9
1.0,1080.259739,250.31,-3.67,-84.77,6.66,-10.72,-11.25,1,8023,5.4,157.9,-0.9
1.0,1080.269739,249.87,-2.81,-82.85,5.89,-9.64,-10.75,1,7930,6.7,128.9,2.8
1.0,1080.279739,248.82,-2.51,-82.28,5.58,-8.52,-9.75,1,8792,-2.0,85.9,-4.9
1.0,1080.289739,247.32,-2.15,-82.08,5.17,-7.36,-8.25,1,8665,3.4,63.2,3.4
1.0,1080.299739,245.83,-2.15,-81.32,5.23,-6.18,-6.25,1,8546,1.1,98.8,-4.4
1.0,1080.309739,244.42,-1.18,-79.37,4.27,-4.97,-4.75,1,8410,4.6,159.3,-2.2
1.0,1080.319739,243.02,-1.08,-77.1,4.26,-3.75,-3.75,1,8282,5.8,166.6,2.4
1.0,1080.329739,241.88,-0.94,-75.59,4.15,-2.51,-2.5,1,8158,2.0,144.3,-4.4
2.0,1082.359740,242.23,-1.14,-76.54,4.43,0.0,-3.0,1,8797,5.4,190.3,-1.9
2.0,1082.369739,239.68,-0.73,-75.55,3.97,2.51,-0.25,1,8682,1.0,170.6,-6.2
2.0,1082.379739,236.6,-0.4,-73.51,3.64,4.97,2.75,1,8551,4.4,224.3,-2.1
2.0,1082.389739,233.61,-0.25,-70.24,3.6,7.36,5.75,1,8415,8.5,273.3,-3.4
2.0,1082.399739,231.24,0.02,-66.58,3.43,9.64,8.25,1,8287,7.2,316.1,-4.1
2.0,1082.409739,229.48,0.1,-63.12,3.42,11.76,9.75,1,8151,8.7,303.7,0.5
2.0,1082.419739,227.72,0.12,-60.97,3.48,13.69,11.75,1,8031,5.9,227.3,-1.8
2.0,1082.429740,225.62,0.22,-60.15,3.34,15.41,13.75,1,8920,1.0,158.1,-4.5
2.0,1082.439740,223.42,0.35,-59.01,3.21,16.89,16.25,1,8793,5.9,183.3,-4.0
2.0,1082.449740,221.66,0.44,-56.44,3.23,18.1,18.0,1,8677,5.7,231.7,-1.2
2.0,1082.459740,220.52,0.44,-53.66,3.29,19.02,19.0,1,8547,5.6,229.7,-1.4
2.0,1082.469740,219.73,0.47,-52.12,3.31,19.65,19.75,1,8411,4.5,156.9,0.6
2.0,1082.479740,219.02,0.5,-51.81,3.27,19.96,20.5,1,8283,0.7,103.0,-4.5
2.0,1082.489740,218.85,0.55,-51.49,3.19,19.96,20.75,1,8155,3.2,86.6,0.5
2.0,1082.499743,218.94,0.53,-51.0,3.27,19.65,20.25,1,8058,1.7,64.8,-0.4
2.0,1082.509740,219.46,0.54,-51.06,3.26,19.02,19.25,1,8916,1.7,15.7,0.8
2.0,1082.519740,220.17,0.55,-51.71,3.24,18.1,18.75,1,8789,-0.5,-15.4,-1.8
2.0,1082.529740,221.04,0.59,-52.7,3.14,16.89,17.75,1,8679,-2.1,-68.3,-2.3
2.0,1082.539740,222.54,0.55,-54.0,3.13,15.41,16.25,1,8542,-2.6,-76.5,2.0
2.0,1082.549740,224.38,0.43,-55.06,3.24,13.69,14.25,1,8418,-2.7,-97.5,3.1
2.0,1082.559740,225.97,0.37,-56.84,3.25,11.76,12.75,1,8288,-5.1,-156.9,1.1
2.0,1082.569741,227.46,0.35,-59.28,3.19,9.64,11.25,1,8152,-4.3,-185.2,0.6
2.0,1082.579740,229.39,0.35,-61.28,3.19,7.36,9.25,1,8051,-1.6,-171.5,2.1
2.0,1082.589740,231.86,0.22,-62.59,3.3,4.97,6.5,1,8921,-5.6,-144.7,4.9
2.0,1082.599740,234.4,0.05,-64.35,3.38,2.51,3.75,1,8793,-5.9,-202.6,1.2
2.0,1082.609740,236.78,0.0,-67.57,3.37,-0.0,1.25,1,8676,-5.3,-263.7,3.8
2.0,1082.619740,239.06,-0.14,-70.78,3.45,-2.51,-1.0,1,8538,-8.3,-259.9,0.1
2.0,1082.629740,241.79,-0.25,-73.15,3.48,-4.97,-3.75,1,8411,-4.3,-240.6,4.0
2.0,1082.639740,244.51,-0.59,-75.33,3.82,-7.36,-6.75,1,8284,-5.4,-237.5,4.5
2.0,1082.649743,246.45,-0.95,-78.13,4.1,-9.64,-8.75,1,8159,-7.4,-283.0,2.2
2.0,1082.659742,248.38,-1.42,-81.35,4.46,-11.76,-10.5,1,8049,-9.1,-277.0,2.3
2.0,1082.669740,250.49,-1.76,-83.2,4.73,-13.69,-12.75,1,8917,-6.1,-190.9,-1.5
2.0,1082.679740,252.51,-2.53,-84.2,5.55,-15.41,-15.25,1,8798,1.9,-186.4,9.5
2.0,1082.689740,254.62,-5.75,-86.4,8.8,-16.89,-17.25,1,8679,-6.7,-225.4,0.5
2.0,1082.699740,255.85,-15.24,-88.96,18.12,-18.1,-18.5,1,8543,-8.3,-219.1,-0.8
2.0,1082.709740,256.64,-162.34,-89.0,165.18,-19.02,-19.25,1,8418,-2.2,-201.6,4.7
2.0,1082.719740,257.17,-170.12,-88.01,172.99,-19.65,-19.75,1,8288,-4.2,-118.1,-1.1
2.0,1082.729741,257.7,-169.93,-88.07,172.79,-19.96,-20.25,1,8153,1.4,-76.9,5.4
2.0,1082.739740,257.78,-168.8,-87.93,171.71,-19.96,-20.5,1,8052,-1.2,-54.9,0.3
2.0,1082.749740,257.61,-171.05,-87.69,173.92,-19.65,-19.75,1,8921,-1.2,-47.1,1.2
2.0,1082.759740,257.17,-170.42,-87.8,173.28,-19.02,-18.75,1,8794,-0.6,3.6,0.1
2.0,1082.769740,256.46,-163.51,-88.62,166.4,-18.1,-17.75,1,8675,3.1,34.4,3.7
2.0,1082.779740,255.67,-129.03,-89.43,132.01,-16.89,-17.0,1,8539,4.8,64.9,2.1
2.0,1082.789740,255.15,-28.9,-89.1,31.9,-15.41,-16.25,1,8411,1.7,84.1,0.5
2.0,1082.799739,254.27,-13.34,-88.28,16.31,-13.69,-15.5,1,8284,0.4,70.2,-1.6
2.0,1082.809739,252.86,-10.24,-87.82,13.24,-11.76,-13.75,1,8157,3.3,60.8,1.5
2.0,1082.819743,250.84,-7.18,-87.0,10.2,-9.64,-11.75,1,8058,-0.3,92.6,-4.0
2.0,1082.829739,248.38,-3.68,-85.15,6.72,-7.36,-9.25,1,8917,5.8,154.6,-0.3
2.0,1082.839739,245.92,-2.35,-82.43,5.48,-4.97,-6.5,1,8798,3.7,210.4,-2.7
2.0,1082.849739,243.63,-1.37,-79.27,4.52,-2.51,-4.25,1,8680,6.8,260.8,-2.0
2.0,1082.859740,241.35,-0.95,-76.17,4.22,-0.0,-2.0,1,8544,9.0,259.1,-0.8
2.0,1082.869739,238.45,-0.65,-73.95,3.98,2.51,0.75,1,8416,4.9,223.9,-4.2
2.0,1082.879739,235.81,-0.3,-71.92,3.64,4.97,3.75,1,8288,6.3,237.9,-4.2
2.0,1082.889740,233.79,-0.1,-68.91,3.5,7.36,5.75,1,8153,4.4,287.8,-3.8
2.0,1082.899740,231.86,-0.02,-65.66,3.47,9.64,7.5,1,8051,8.1,275.1,-0.5
2.0,1082.909739,229.75,0.02,-63.78,3.54,11.76,9.75,1,8922,7.1,200.5,-0.1
2.0,1082.919739,227.02,0.18,-62.7,3.39,13.69,12.5,1,8794,3.2,182.5,-7.3
2.0,1082.929740,224.65,0.31,-60.59,3.23,15.41,15.0,1,8675,3.1,229.0,-0.6
2.0,1082.939740,223.15,0.35,-57.31,3.3,16.89,16.25,1,8540,10.0,281.4,-4.6
2.0,1082.949740,222.01,0.48,-54.47,3.32,18.1,17.5,1,8412,7.9,232.0,2.7
2.0,1082.959740,220.87,0.39,-53.64,3.38,19.02,18.75,1,8284,-1.7,132.3,-3.9
2.0,1082.969740,219.81,0.49,-53.5,3.18,19.65,19.75,1,8149,3.5,113.4,-4.6
2.0,1082.979741,218.76,0.54,-52.48,3.22,19.96,20.75,1,8058,2.2,120.9,2.3
2.0,1082.989740,218.41,0.49,-51.29,3.31,19.96,21.25,1,8918,4.1,111.9,-2.3
2.0,1082.999740,218.5,0.6,-50.48,3.24,19.65,20.75,1,8799,2.7,89.6,-0.4
2.0,1083.009740,218.76,0.55,-50.37,3.29,19.02,20.25,1,8680,0.6,33.1,1.6
2.0,1083.019740,219.55,0.52,-51.02,3.28,18.1,19.25,1,8544,-1.6,-7.9,-1.9
2.0,1083.029740,220.78,0.59,-51.93,3.17,16.89,18.0,1,8419,0.4,-50.2,-2.4
2.0,1083.039740,222.01,0.56,-53.35,3.18,15.41,16.75,1,8289,-3.5,-99.4,2.9
2.0,1083.049739,223.86,0.46,-55.05,3.22,13.69,14.75,1,8153,-2.9,-120.6,-0.9
2.0,1083.059740,225.79,0.45,-56.5,3.19,11.76,12.75,1,8052,-3.8,-124.3,3.6
2.0,1083.069740,227.46,0.3,-58.47,3.3,9.64,11.0,1,8922,-5.6,-192.8,3.1
2.0,1083.079740,229.31,0.32,-61.16,3.22,7.36,9.25,1,8795,-2.8,-200.8,-1.9
2.0,1083.089740,231.5,0.33,-62.93,3.18,4.97,6.75,1,8676,-5.0,-169.1,4.8
2.0,1083.099740,234.32,0.06,-64.5,3.42,2.51,4.0,1,8540,-4.1,-188.6,4.5
2.0,1083.109740,237.04,0.02,-67.05,3.42,0.0,1.25,1,8413,-4.9,-235.0,0.7
2.0,1083.119740,239.41,-0.11,-70.31,3.44,-2.51,-1.25,1,8285,-9.8,-279.2,4.7
2.0,1083.129740,241.79,-0.41,-73.59,3.64,-4.97,-3.75,1,8158,-6.3,-284.3,0.5
2.0,1083.139741,244.6,-0.47,-76.06,3.66,-7.36,-6.75,1,8057,-7.0,-241.8,3.6
2.0,1083.149740,246.88,-1.0,-78.2,4.16,-9.64,-9.25,1,8918,-4.0,-256.2,5.3
2.0,1083.159740,248.73,-1.62,-81.22,4.74,-11.76,-11.25,1,8800,-7.9,-288.1,2.3
2.0,1083.169740,250.84,-2.01,-83.86,4.99,-13.69,-13.0,1,8681,-10.2,-231.8,-2.1
2.0,1083.179740,252.86,-2.74,-85.17,5.7,-15.41,-15.25,1,8544,0.1,-187.3,5.8
2.0,1083.189740,255.15,-5.87,-86.62,8.92,-16.89,-17.75,1,8418,-2.0,-191.0,5.2
2.0,1083.199740,256.9,-18.66,-88.93,21.62,-18.1,-19.5,1,8290,-7.7,-231.3,-0.1
2.0,1083.209739,257.61,-169.85,-88.28,172.69,-19.02,-20.25,1,8153,-6.3,-229.9,1.5
2.0,1083.219740,257.7,-174.34,-86.66,177.16,-19.65,-20.25,1,8052,-3.9,-164.8,1.6
2.0,1083.229740,257.96,-173.68,-86.72,176.54,-19.96,-20.75,1,8923,0.5,-57.8,3.1
2.0,1083.239740,258.13,-170.18,-87.71,173.09,-19.96,-20.75,1,8796,1.5,-6.6,1.6
2.0,1083.249740,258.13,-169.69,-87.85,172.61,-19.65,-20.75,1,8677,0.1,-37.0,1.2
2.0,1083.259740,258.05,-171.92,-87.39,174.79,-19.02,-20.25,1,8540,-3.2,-17.1,-0.8
2.0,1083.269740,257.7,-170.78,-87.67,173.65,-18.1,-19.25,1,8416,3.4,8.6,2.8
2.0,1083.279740,256.55,-167.05,-88.17,169.98,-16.89,-17.75,1,8286,-0.7,25.6,0.2
2.0,1083.289740,255.41,-157.76,-88.95,160.68,-15.41,-16.5,1,8150,3.0,65.0,1.5
2.0,1083.299743,254.09,-30.72,-89.15,33.73,-13.69,-15.25,1,8060,6.8,130.4,2.7
2.0,1083.309739,252.16,-9.25,-87.42,12.31,-11.76,-13.25,1,8919,1.2,116.0,-2.7
2.0,1083.319739,249.87,-5.1,-86.19,8.11,-9.64,-10.75,1,8800,1.6,139.9,-1.9
2.0,1083.329739,247.5,-3.09,-84.01,6.16,-7.36,-8.25,1,8681,5.9,194.0,-1.6
2.0,1083.339739,245.3,-1.8,-81.02,4.98,-4.97,-6.0,1,8545,7.4,246.2,-2.8
2.0,1083.349739,242.93,-1.2,-77.99,4.45,-2.51,-3.75,1,8420,6.7,250.3,-0.2
2.0,1083.359740,240.38,-0.93,-75.76,4.2,0.0,-1.0,1,8290,3.8,219.3,-3.7
2.0,1083.369742,237.66,-0.5,-73.76,3.79,2.51,1.75,1,8156,5.7,230.8,-4.3
2.0,1083.379739,235.28,-0.24,-70.9,3.61,4.97,4.25,1,8053,7.3,275.1,-2.8
2.0,1083.389739,233.17,-0.12,-67.7,3.57,7.36,6.25,1,8923,7.0,275.0,-1.8
2.0,1083.399739,231.06,-0.01,-65.35,3.51,9.64,8.25,1,8796,4.8,235.6,-2.9
2.0,1083.409739,228.43,0.09,-63.69,3.41,11.76,11.0,1,8677,3.8,204.8,-2.7
2.0,1083.419739,226.23,0.19,-61.83,3.36,13.69,13.25,1,8541,6.5,217.3,-2.7
2.0,1083.429740,225.09,0.34,-59.0,3.3,15.41,14.5,1,8416,7.6,270.1,-3.9
2.0,1083.439740,224.03,0.39,-56.33,3.36,16.89,15.5,1,8286,8.9,214.1,3.1
2.0,1083.449740,222.54,0.34,-55.72,3.42,18.1,17.0,1,8150,-1.5,117.1,-4.2
2.0,1083.459740,220.78,0.46,-55.66,3.21,19.02,18.75,1,8057,4.6,103.3,-4.0
2.0,1083.469740,219.38,0.56,-54.2,3.21,19.65,20.25,1,8919,4.5,160.2,-1.3
2.0,1083.479740,218.32,0.5,-51.92,3.3,19.96,21.25,1,8792,1.4,171.0,1.0
2.0,1083.489740,218.14,0.51,-50.28,3.31,19.96,21.25,1,8681,4.7,153.3,-2.3
2.0,1083.499740,218.23,0.58,-49.6,3.29,19.65,20.75,1,8546,2.2,85.4,1.1
2.0,1083.509740,219.29,0.54,-50.22,3.3,19.02,19.75,1,8419,-1.1,6.0,-1.6
2.0,1083.519740,220.17,0.55,-51.28,3.24,18.1,19.25,1,8291,-0.1,-26.3,0.1
2.0,1083.529741,220.52,0.59,-52.67,3.19,16.89,18.75,1,8155,-0.8,-106.9,-2.8
2.0,1083.539743,220.87,0.64,-54.37,3.1,15.41,17.75,1,8056,-1.4,-89.5,-0.4
2.0,1083.549740,222.36,0.49,-54.47,3.24,13.69,16.25,1,8915,-3.1,-27.4,6.0
2.0,1083.559740,224.47,0.39,-54.39,3.32,11.76,14.25,1,8796,-2.1,-53.7,-1.4
2.0,1083.569740,226.93,0.45,-56.27,3.2,9.64,11.5,1,8677,-4.7,-162.0,2.2
2.0,1083.579740,229.57,0.28,-59.57,3.29,7.36,9.25,1,8541,-6.8,-221.9,3.5
2.0,1083.589740,231.68,0.19,-62.77,3.33,4.97,7.25,1,8417,-3.8,-260.2,1.9
2.0,1083.599740,233.61,0.24,-65.83,3.24,2.51,4.75,1,8287,-5.4,-267.0,-0.2
2.0,1083.609740,236.25,0.07,-67.98,3.36,-0.0,2.0,1,8151,-3.9,-208.6,7.5
2.0,1083.619739,238.89,-0.2,-69.22,3.59,-2.51,-1.0,1,9047,-8.1,-182.7,0.9
2.0,1083.629740,241.35,-0.27,-71.85,3.53,-4.97,-3.5,1,8919,-7.3,-288.9,3.5
2.0,1083.639740,243.9,-0.56,-75.71,3.75,-7.36,-6.0,1,8801,-9.4,-278.8,1.3
2.0,1083.649740,246.18,-0.76,-78.11,3.89,-9.64,-8.75,1,8682,-4.5,-250.4,2.6
2.0,1083.659740,248.12,-1.31,-80.39,4.46,-11.76,-10.5,1,8546,-3.1,-256.3,6.1
2.0,1083.669740,249.79,-1.99,-82.95,5.06,-13.69,-12.25,1,8419,-10.4,-250.0,-1.8
2.0,1083.679740,251.81,-2.3,-84.69,5.25,-15.41,-14.25,1,8282,-4.4,-180.1,3.1
2.0,1083.689740,253.74,-4.1,-85.62,7.13,-16.89,-16.25,1,8158,1.5,-164.3,6.3
2.0,1083.699743,255.15,-7.98,-87.51,11.03,-18.1,-17.75,1,9045,-6.0,-205.3,0.9
2.0,1083.709740,255.67,-88.34,-89.71,91.23,-19.02,-18.25,1,8915,-8.1,-205.0,-0.3
2.0,1083.719740,256.11,-168.25,-88.56,171.09,-19.65,-18.75,1,8797,-2.7,-141.7,1.3
2.0,1083.729740,256.9,-164.67,-88.78,167.58,-19.96,-19.5,1,8678,0.5,-40.1,1.7
2.0,1083.739740,257.61,-142.07,-89.39,145.04,-19.96,-20.25,1,8542,3.1,-32.3,5.2
2.0,1083.749740,257.61,-163.32,-88.6,166.28,-19.65,-20.25,1,8414,-3.7,-94.0,-0.3
2.0,1083.759740,257.43,-172.66,-87.37,175.52,-19.02,-19.25,1,8278,-4.0,-64.4,-0.7
2.0,1083.769740,256.73,-170.8,-87.79,173.67,-18.1,-18.25,1,8151,2.3,13.3,2.2
2.0,1083.779739,255.76,-160.37,-88.8,163.32,-16.89,-17.0,1,9047,2.3,26.8,2.4
2.0,1083.789740,254.97,-90.92,-89.56,93.92,-15.41,-16.25,1,8920,5.9,99.0,3.9
2.0,1083.799739,254.0,-13.94,-88.2,16.98,-13.69,-15.25,1,8792,1.1,103.4,-2.0
2.0,1083.809739,252.33,-8.3,-87.35,11.33,-11.76,-13.25,1,8686,3.3,83.3,1.3
2.0,1083.819739,250.14,-5.91,-86.42,8.95,-9.64,-11.25,1,8546,-0.1,113.7,-4.5
2.0,1083.829739,247.41,-3.11,-84.41,6.17,-7.36,-8.5,1,8419,5.8,171.6,-0.1
2.0,1083.839739,245.39,-2.05,-81.56,5.22,-4.97,-6.0,1,8283,5.9,227.0,-3.1
2.0,1083.849739,243.54,-1.15,-78.29,4.37,-2.51,-4.25,1,8159,5.9,272.6,-2.5
2.0,1083.859743,241.88,-0.95,-75.6,4.28,-0.0,-2.5,1,9046,11.5,222.9,2.7
2.0,1083.869739,239.5,-0.76,-74.4,4.14,2.51,-0.25,1,8916,-0.0,170.1,-7.3
2.0,1083.879739,236.69,-0.32,-73.11,3.62,4.97,2.5,1,8797,4.9,181.4,-2.2
2.0,1083.889739,233.53,-0.27,-70.59,3.66,7.36,5.75,1,8679,4.7,241.3,-2.6
2.0,1083.899739,230.89,-0.03,-67.13,3.48,9.64,8.75,1,8542,7.5,285.8,-4.8
2.0,1083.909739,229.04,0.15,-63.45,3.39,11.76,10.25,1,8415,6.5,323.0,-2.1
2.0,1083.919739,227.55,0.17,-60.4,3.49,13.69,11.75,1,8279,11.6,268.2,1.9
2.0,1083.929740,225.79,0.2,-59.25,3.5,15.41,13.75,1,8155,-0.7,170.0,-4.3
2.0,1083.939741,223.77,0.32,-58.78,3.26,16.89,15.75,1,9050,3.5,144.8,-5.4
2.0,1083.949740,222.28,0.44,-57.0,3.25,18.1,17.25,1,8921,6.6,203.1,-0.4
2.0,1083.959740,221.31,0.42,-54.37,3.36,19.02,18.25,1,8793,4.3,204.8,-0.8
2.0,1083.969740,220.61,0.44,-52.95,3.36,19.65,19.0,1,8686,4.6,140.5,0.0
2.0,1083.979740,220.08,0.49,-52.73,3.31,19.96,19.5,1,8547,0.4,86.2,-3.7
2.0,1083.989740,219.55,0.51,-52.61,3.25,19.96,20.0,1,8420,1.6,66.4,0.0
2.0,1083.999740,219.29,0.5,-52.26,3.3,19.65,20.25,1,8283,2.4,55.1,-0.2
2.0,1084.009740,219.29,0.53,-51.9,3.3,19.02,20.25,1,8159,1.7,47.7,-0.2
2.0,1084.019742,219.38,0.52,-51.66,3.3,18.1,19.5,1,9047,0.2,31.3,0.2
2.0,1084.029740,220.69,0.51,-51.83,3.31,16.89,18.0,1,8917,1.4,-0.8,0.9
2.0,1084.039740,222.36,0.51,-52.55,3.3,15.41,16.25,1,8798,-2.2,-39.8,-0.4
2.0,1084.049740,224.03,0.47,-54.37,3.25,13.69,14.75,1,8679,-4.5,-143.4,0.0
2.0,1084.059740,225.79,0.43,-57.11,3.21,11.76,13.25,1,8543,-4.5,-170.4,0.1
2.0,1084.069740,227.64,0.39,-59.09,3.23,9.64,11.25,1,8415,-3.4,-170.8,2.5
2.0,1084.079740,229.75,0.25,-60.93,3.35,7.36,8.75,1,8279,-4.7,-183.1,4.7
2.0,1084.089740,232.29,0.13,-62.9,3.4,4.97,6.0,1,8160,-6.7,-184.9,1.2
2.0,1084.099740,234.67,0.07,-65.25,3.37,2.51,3.75,1,9049,-5.9,-233.0,3.0
2.0,1084.109740,236.87,-0.02,-68.28,3.43,-0.0,1.25,1,8922,-4.7,-254.5,0.9
2.0,1084.119740,239.5,-0.12,-70.88,3.46,-2.51,-1.25,1,8794,-7.7,-238.3,3.5
2.0,1084.129740,242.58,-0.43,-72.94,3.73,-4.97,-4.5,1,8686,-3.1,-222.4,4.8
2.0,1084.139740,245.13,-0.61,-75.56,3.88,-7.36,-7.25,1,8547,-8.5,-278.2,1.0
2.0,1084.149740,246.88,-1.05,-79.25,4.19,-9.64,-9.25,1,8420,-7.5,-313.0,5.2
2.0,1084.159740,249.17,-1.69,-82.23,4.76,-11.76,-11.25,1,8284,-9.6,-263.7,-1.8
2.0,1084.169740,251.54,-1.92,-83.62,4.95,-13.69,-13.75,1,8159,-1.5,-187.4,4.9
2.0,1084.179742,253.92,-3.49,-85.03,6.58,-15.41,-16.5,1,9046,-2.7,-218.2,3.6
2.0,1084.189740,255.67,-8.36,-87.8,11.37,-16.89,-18.25,1,8917,-7.0,-247.3,2.9
2.0,1084.199740,256.46,-150.28,-89.36,153.18,-18.1,-19.25,1,8798,-8.3,-244.1,0.2
2.0,1084.209740,256.82,-172.52,-87.73,175.37,-19.02,-19.25,1,8679,-3.9,-173.3,1.0
2.0,1084.219740,256.9,-171.55,-87.72,174.44,-19.65,-19.5,1,8543,0.5,-70.9,3.4
2.0,1084.229740,256.99,-165.7,-88.47,168.65,-19.96,-19.5,1,8416,1.1,-24.9,2.1
2.0,1084.239740,257.34,-162.15,-88.8,165.1,-19.96,-20.0,1,8280,-0.5,-12.3,0.7
2.0,1084.249740,257.96,-161.58,-88.86,164.52,-19.65,-20.75,1,8152,-0.1,-6.0,0.7
2.0,1084.259740,258.31,-165.11,-88.52,168.06,-19.02,-20.75,1,9049,1.7,-41.3,2.3
2.0,1084.269740,257.96,-171.48,-87.5,174.41,-18.1,-20.25,1,8921,-4.3,-68.9,-2.2
2.0,1084.279740,257.7,-173.51,-87.08,176.38,-16.89,-19.25,1,8794,-0.9,-15.3,1.0
2.0,1084.289740,255.94,-168.75,-87.98,171.67,-15.41,-17.25,1,8687,2.9,38.6,3.2
2.0,1084.299740,254.18,-151.76,-89.12,154.74,-13.69,-15.25,1,8548,2.7,66.6,0.1
2.0,1084.309740,252.33,-15.66,-88.55,18.68,-11.76,-13.5,1,8420,4.9,188.6,1.0
2.0,1084.319740,250.49,-4.96,-85.46,8.07,-9.64,-11.75,1,8285,8.0,190.6,0.2
2.0,1084.329740,248.29,-3.22,-83.73,6.39,-7.36,-9.25,1,8160,2.4,172.2,-2.6
2.0,1084.339743,246.01,-2.03,-82.02,5.16,-4.97,-6.75,1,9048,2.7,189.8,-4.0
2.0,1084.349740,243.54,-1.35,-79.49,4.54,-2.51,-4.25,1,8917,7.3,235.1,-0.8
2.0,1084.359739,240.56,-1.03,-76.61,4.34,0.0,-1.25,1,8798,7.9,243.4,-1.5
2.0,1084.369740,238.18,-0.55,-73.99,3.91,2.51,1.25,1,8680,5.1,253.3,-6.3
2.0,1084.379740,235.72,-0.2,-70.93,3.59,4.97,3.5,1,8544,7.2,296.3,-2.1
2.0,1084.389740,233.09,-0.21,-68.02,3.73,7.36,6.25,1,8416,10.1,248.2,1.7
2.0,1084.399740,230.54,-0.03,-66.16,3.57,9.64,8.75,1,8280,1.0,233.7,-9.4
2.0,1084.409740,228.08,0.24,-63.65,3.26,11.76,11.25,1,8155,6.4,265.7,-1.6
2.0,1084.419740,226.58,0.17,-60.7,3.48,13.69,13.0,1,9050,8.6,263.6,1.2
2.0,1084.429740,225.0,0.26,-58.3,3.44,15.41,14.25,1,8922,3.6,241.2,-5.7
2.0,1084.439740,223.15,0.36,-56.94,3.35,16.89,16.25,1,8794,6.7,158.9,2.4
2.0,1084.449740,221.66,0.4,-56.31,3.36,18.1,18.0,1,8687,2.0,145.0,-8.2
2.0,1084.459740,220.43,0.57,-54.44,3.17,19.02,19.25,1,8548,5.5,201.4,-1.3
2.0,1084.469740,219.46,0.48,-52.35,3.39,19.65,20.0,1,8421,6.6,152.2,4.7
2.0,1084.479740,219.2,0.49,-51.73,3.39,19.96,20.5,1,8285,-0.6,111.9,-6.6
2.0,1084.489740,219.11,0.58,-51.19,3.22,19.96,20.0,1,8161,2.3,94.3,0.9
2.0,1084.499741,219.64,0.49,-51.12,3.38,19.65,19.25,1,9047,1.2,24.0,2.4
2.0,1084.509740,220.34,0.49,-51.92,3.35,19.02,18.75,1,8918,-1.7,-9.4,-2.3
2.0,1084.519740,220.52,0.56,-52.86,3.21,18.1,19.0,1,8799,-0.1,-60.8,-2.4
2.0,1084.529740,220.61,0.62,-54.16,3.15,16.89,18.75,1,8680,-1.2,-78.2,-1.8
2.0,1084.539740,220.87,0.53,-54.33,3.23,15.41,17.75,1,8544,-0.9,0.4,4.7
2.0,1084.549740,222.54,0.41,-53.63,3.37,13.69,16.25,1,8417,-1.4,-8.6,1.2
2.0,1084.559740,224.56,0.46,-54.34,3.29,11.76,14.0,1,8281,-1.6,-62.0,-0.6
2.0,1084.569740,226.76,0.41,-56.5,3.27,9.64,11.75,1,8153,-6.1,-162.5,2.5
2.0,1084.579740,229.22,0.25,-59.73,3.33,7.36,9.25,1,9050,-6.5,-222.7,2.4
2.0,1084.589740,231.42,0.27,-62.51,3.28,4.97,6.75,1,8923,-1.2,-217.9,-0.5
2.0,1084.599740,233.7,0.2,-64.89,3.33,2.51,4.5,1,8795,-7.6,-242.4,6.7
2.0,1084.609740,236.6,-0.03,-67.45,3.48,0.0,1.75,1,8679,-4.2,-231.8,-1.2
2.0,1084.619740,239.24,-0.03,-69.76,3.42,-2.51,-1.25,1,8549,-8.4,-241.4,6.3
2.0,1084.629740,241.26,-0.48,-72.76,3.79,-4.97,-3.5,1,8422,-6.5,-290.4,3.1
2.0,1084.639740,243.28,-0.54,-76.02,3.76,-7.36,-5.25,1,8285,-9.8,-276.0,0.1
2.0,1084.649740,245.3,-0.64,-77.94,3.78,-9.64,-7.5,1,8160,-4.8,-207.3,1.4
2.0,1084.659740,247.94,-1.1,-79.11,4.31,-11.76,-10.25,1,9047,0.9,-185.8,8.1
2.0,1084.669740,250.22,-1.77,-81.14,4.96,-13.69,-12.75,1,8918,-8.8,-224.0,0.1
2.0,1084.679740,251.46,-2.56,-84.29,5.59,-15.41,-14.0,1,8800,-6.2,-276.8,3.7
2.0,1084.689740,252.6,-5.47,-87.09,8.45,-16.89,-15.0,1,8681,-8.6,-227.7,-1.0
2.0,1084.699740,254.0,-6.48,-87.78,9.42,-18.1,-16.5,1,8545,-1.5,-118.5,1.8
2.0,1084.709740,255.59,-8.34,-87.74,11.38,-19.02,-18.25,1,8417,3.2,-105.9,5.9
2.0,1084.719740,256.64,-24.14,-89.11,27.18,-19.65,-19.5,1,8281,-6.7,-154.8,0.1
2.0,1084.729740,257.34,-167.35,-88.58,170.24,-19.96,-20.0,1,8162,-5.5,-170.9,0.1
2.0,1084.739740,257.78,-172.89,-87.37,175.77,-19.96,-20.5,1,9050,-1.8,-106.4,1.9
2.0,1084.749740,257.96,-171.42,-87.44,174.35,-19.65,-20.5,1,8923,1.8,-57.1,4.1
2.0,1084.759740,257.7,-170.84,-87.52,173.8,-19.02,-19.75,1,8795,-1.6,-40.5,-0.7
2.0,1084.769740,257.08,-170.89,-87.78,173.8,-18.1,-18.75,1,8679,-0.6,9.0,0.9
2.0,1084.779740,256.29,-162.55,-88.65,165.5,-16.89,-17.75,1,8549,3.2,41.3,3.7
2.0,1084.789740,255.23,-123.22,-89.47,126.26,-15.41,-16.5,1,8425,5.0,66.7,1.8
2.0,1084.799740,253.65,-27.56,-89.07,30.63,-13.69,-14.75,1,8286,1.8,86.5,0.5
2.0,1084.809740,251.98,-9.84,-87.78,12.89,-11.76,-12.75,1,8159,1.6,116.9,-3.4
2.0,1084.819743,250.31,-4.51,-85.78,7.59,-9.64,-11.25,1,9049,3.9,171.2,-0.4
2.0,1084.829740,248.64,-3.03,-83.42,6.19,-7.36,-9.5,1,8919,6.8,181.8,-0.4
2.0,1084.839740,246.45,-2.15,-81.7,5.36,-4.97,-7.25,1,8800,2.8,161.8,-2.9
2.0,1084.849740,243.72,-1.57,-80.12,4.77,-2.51,-4.5,1,8681,3.9,178.7,-1.1
2.0,1084.859740,241.0,-1.07,-77.61,4.33,0.0,-1.75,1,8545,5.9,233.5,-4.2
2.0,1084.869740,238.45,-0.54,-74.31,3.89,2.51,0.75,1,8418,7.4,275.3,-2.9
2.0,1084.879740,235.99,-0.35,-71.09,3.78,4.97,3.25,1,8281,7.5,280.4,-1.7
2.0,1084.889740,233.09,-0.19,-68.56,3.65,7.36,6.25,1,8154,4.2,248.0,-4.2
2.0,1084.899740,230.8,0.04,-66.34,3.45,9.64,8.75,1,9051,6.7,254.4,-4.4
2.0,1084.909740,228.69,0.17,-63.39,3.4,11.76,10.75,1,8923,5.8,288.4,-2.6
2.0,1084.919740,226.85,0.18,-60.62,3.5,13.69,12.5,1,8805,11.8,243.6,2.9
2.0,1084.929740,224.56,0.26,-59.15,3.48,15.41,15.0,1,8679,0.6,191.1,-7.4
2.0,1084.939740,222.54,0.44,-57.71,3.24,16.89,17.25,1,8550,7.1,196.7,-2.5
2.0,1084.949740,221.4,0.46,-55.26,3.33,18.1,18.25,1,8425,3.9,239.7,-1.9
2.0,1084.959740,220.87,0.45,-52.83,3.38,19.02,18.75,1,8286,6.4,199.9,1.1
2.0,1084.969740,220.61,0.45,-52.22,3.41,19.65,19.0,1,8160,-0.2,100.4,-1.7
2.0,1084.979740,220.08,0.48,-52.79,3.3,19.96,19.5,1,9047,0.9,43.1,-2.7
2.0,1084.989740,219.2,0.52,-53.09,3.28,19.96,20.25,1,8922,1.3,27.1,0.4
2.0,1084.999740,218.94,0.55,-52.62,3.29,19.65,20.75,1,8809,3.4,63.4,-2.5
2.0,1085.009740,218.94,0.58,-51.44,3.3,19.02,20.25,1,8682,1.6,81.4,2.5
2.0,1085.019740,219.81,0.49,-51.0,3.4,18.1,19.0,1,8546,0.7,26.4,1.2
2.0,1085.029740,221.13,0.51,-51.69,3.33,16.89,17.75,1,8418,-1.8,-13.8,-2.1
2.0,1085.039740,222.28,0.5,-53.12,3.27,15.41,16.25,1,8282,-3.5,-103.7,1.0
2.0,1085.049740,223.86,0.5,-55.34,3.24,13.69,15.25,1,8163,-1.3,-131.7,-2.7
2.0,1085.059740,225.18,0.52,-56.89,3.19,11.76,14.25,1,9051,-3.7,-127.2,2.8
2.0,1085.069740,226.23,0.34,-58.4,3.32,9.64,12.25,1,8924,-4.7,-154.5,2.8
2.0,1085.079740,228.52,0.26,-60.0,3.35,7.36,10.0,1,8805,-4.4,-133.0,2.9
2.0,1085.089740,231.24,0.22,-60.98,3.37,4.97,7.25,1,8679,-2.4,-119.2,1.5
2.0,1085.099740,233.88,0.19,-63.23,3.37,2.51,4.25,1,8550,-5.6,-239.1,2.3
2.0,1085.109740,236.25,0.03,-67.22,3.44,-0.0,1.75,1,8426,-6.0,-279.0,3.3
2.0,1085.119740,238.71,-0.12,-70.38,3.49,-2.51,-0.75,1,8287,-10.1,-275.8,1.0
2.0,1085.129740,241.44,-0.27,-72.81,3.57,-4.97,-3.5,1,8168,-3.8,-246.0,3.8
2.0,1085.139739,244.25,-0.55,-74.95,3.87,-7.36,-6.5,1,9047,-5.5,-244.5,4.8
2.0,1085.149740,246.18,-0.9,-77.82,4.13,-9.64,-8.75,1,8921,-8.3,-288.3,1.6
2.0,1085.159740,248.2,-1.32,-81.12,4.44,-11.76,-10.25,1,8810,-8.9,-286.1,2.5
2.0,1085.169740,250.4,-1.75,-83.09,4.8,-13.69,-12.75,1,8685,-6.5,-199.4,-1.0
2.0,1085.179740,252.25,-2.51,-84.11,5.61,-15.41,-14.75,1,8546,2.0,-189.0,9.0
2.0,1085.189740,253.56,-5.59,-86.34,8.72,-16.89,-16.0,1,8418,-6.8,-233.7,1.1
2.0,1085.199740,254.88,-10.57,-88.61,13.51,-18.1,-17.5,1,8283,-9.5,-183.5,-3.5
2.0,1085.209740,256.46,-27.94,-89.41,30.87,-19.02,-19.25,1,8164,1.7,-134.7,6.6
2.0,1085.219740,257.87,-137.77,-89.43,140.8,-19.65,-20.5,1,9052,-2.0,-143.1,1.6
2.0,1085.229740,258.57,-170.79,-87.87,173.72,-19.96,-21.5,1,8924,-5.9,-159.5,1.1
2.0,1085.239740,258.66,-174.22,-86.32,177.11,-19.96,-21.25,1,8805,-1.1,-139.0,3.8
2.0,1085.249740,258.4,-174.67,-85.83,177.59,-19.65,-20.75,1,8679,-2.2,-69.3,-0.8
2.0,1085.259740,258.22,-173.72,-86.69,176.64,-19.02,-20.25,1,8551,1.3,16.2,2.4
2.0,1085.269740,258.13,-167.65,-87.95,170.65,-18.1,-19.5,1,8426,5.0,43.6,4.3
2.0,1085.279740,256.82,-162.24,-88.49,165.28,-16.89,-18.25,1,8287,-0.1,28.4,0.7
2.0,1085.289740,255.06,-163.66,-88.57,166.63,-15.41,-16.25,1,8168,-1.2,21.7,-1.7
2.0,1085.299742,253.48,-97.68,-89.6,100.68,-13.69,-14.5,1,9051,5.2,138.9,1.6
2.0,1085.309740,252.25,-7.14,-86.86,10.25,-11.76,-13.25,1,8923,5.2,199.8,-3.1
2.0,1085.319740,251.02,-3.94,-84.72,7.12,-9.64,-12.0,1,8810,7.8,154.6,2.9
2.0,1085.329740,249.35,-3.65,-84.08,6.83,-7.36,-10.25,1,8683,-2.2,108.9,-4.6
2.0,1085.339740,246.97,-2.36,-83.22,5.45,-4.97,-7.75,1,8547,1.4,132.5,-2.5
2.0,1085.349740,244.16,-1.77,-81.06,4.97,-2.51,-5.0,1,8419,8.2,191.8,-0.8
2.0,1085.359740,241.0,-1.13,-78.07,4.44,-0.0,-1.75,1,8283,5.2,240.5,-3.7
2.0,1085.369740,238.18,-0.6,-74.72,3.94,2.51,1.25,1,8190,7.2,286.2,-3.0
2.0,1085.379740,236.25,-0.28,-70.98,3.71,4.97,3.0,1,9052,8.5,328.4,-4.5
2.0,1085.389740,234.84,-0.13,-67.74,3.67,7.36,4.5,1,8925,10.1,281.9,1.5
2.0,1085.399740,232.91,-0.17,-66.48,3.74,9.64,6.5,1,8806,0.7,172.2,-3.1
2.0,1085.409740,230.45,0.03,-66.07,3.45,11.76,9.0,1,8670,2.9,150.6,-6.0
2.0,1085.419740,227.46,0.21,-64.24,3.34,13.69,12.0,1,8543,5.9,205.1,-2.0
2.0,1085.429740,224.91,0.23,-61.13,3.43,15.41,14.75,1,8427,6.1,256.5,-1.1
2.0,1085.439740,223.33,0.35,-57.58,3.38,16.89,16.25,1,8287,8.6,303.8,-4.6
2.0,1085.449740,222.36,0.45,-54.57,3.4,18.1,17.25,1,8186,8.7,252.8,2.6
2.0,1085.459741,221.4,0.39,-53.57,3.46,19.02,18.25,1,9050,-1.0,151.4,-4.2
2.0,1085.469740,220.17,0.45,-53.75,3.3,19.65,19.5,1,8922,2.0,83.9,-2.0
2.0,1085.479740,219.11,0.52,-53.36,3.29,19.96,20.5,1,8811,4.5,106.2,-2.6
2.0,1085.489740,218.41,0.57,-51.87,3.31,19.96,21.25,1,8677,3.6,126.7,0.7
2.0,1085.499740,218.41,0.54,-50.57,3.37,19.65,20.75,1,8547,2.0,109.5,-0.8
2.0,1085.509740,218.67,0.53,-50.22,3.36,19.02,20.25,1,8420,0.7,51.7,1.0
2.0,1085.519740,219.38,0.51,-50.82,3.36,18.1,19.5,1,8283,-0.9,-1.7,-0.9
2.0,1085.529740,220.78,0.57,-51.7,3.27,16.89,18.0,1,8182,0.3,-34.4,-2.7
2.0,1085.539740,222.54,0.57,-52.92,3.26,15.41,16.25,1,9052,-2.6,-89.8,2.7
2.0,1085.549740,224.3,0.44,-54.92,3.33,13.69,14.75,1,8928,-4.3,-144.4,0.9
2.0,1085.559740,225.79,0.44,-57.28,3.26,11.76,13.25,1,8807,-4.1,-181.2,-0.2
2.0,1085.569740,227.37,0.38,-59.45,3.27,9.64,11.25,1,8670,-5.1,-180.0,3.5
2.0,1085.579740,229.92,0.23,-60.93,3.4,7.36,8.5,1,8543,-2.9,-149.6,3.9
2.0,1085.589740,232.29,0.15,-62.37,3.43,4.97,6.25,1,8427,-6.5,-173.7,2.0
2.0,1085.599740,234.49,0.06,-65.15,3.44,2.51,4.5,1,8288,-5.8,-253.7,2.7
2.0,1085.609740,236.07,0.08,-68.49,3.37,0.0,2.25,1,8187,-4.4,-254.1,-2.3
2.0,1085.619740,238.8,-0.04,-70.63,3.45,-2.51,-0.75,1,9049,-4.9,-213.4,8.3
2.0,1085.629740,241.52,-0.46,-71.92,3.84,-4.97,-3.5,1,8922,-5.6,-170.1,1.5
2.0,1085.639740,243.9,-0.47,-74.31,3.77,-7.36,-6.0,1,8811,-7.4,-282.0,2.9
2.0,1085.649740,246.01,-0.84,-78.22,4.04,-9.64,-8.25,1,8678,-8.5,-279.2,1.1
2.0,1085.659740,248.2,-1.2,-80.59,4.34,-11.76,-10.25,1,8547,-5.5,-240.2,3.1
2.0,1085.669740,250.75,-1.73,-82.28,4.86,-13.69,-13.0,1,8420,-4.4,-207.6,1.9
2.0,1085.679740,252.69,-2.69,-84.22,5.8,-15.41,-15.25,1,8284,-3.1,-226.7,5.2
2.0,1085.689740,254.53,-6.57,-87.06,9.64,-16.89,-17.0,1,8183,-6.6,-266.4,3.4
2.0,1085.699740,255.67,-34.35,-89.51,37.3,-18.1,-18.25,1,9053,-9.2,-211.5,-4.3
2.0,1085.709740,256.73,-156.81,-89.3,159.74,-19.02,-19.5,1,8929,0.4,-159.9,7.5
2.0,1085.719740,257.34,-164.34,-88.54,167.34,-19.65,-20.0,1,8807,-2.7,-127.8,0.8
2.0,1085.729740,257.52,-171.02,-87.82,173.97,-19.96,-20.0,1,8671,-2.4,-107.1,1.6
2.0,1085.739740,257.52,-171.53,-87.55,174.46,-19.96,-20.0,1,8552,-1.5,-47.1,1.5
2.0,1085.749740,257.43,-168.37,-88.11,171.35,-19.65,-20.0,1,8427,2.6,-2.8,2.3
2.0,1085.759740,257.43,-164.69,-88.54,167.7,-19.02,-19.75,1,8289,-0.4,-0.5,-0.0
2.0,1085.769740,257.08,-165.1,-88.57,168.08,-18.1,-18.75,1,8187,-0.1,0.7,0.8
2.0,1085.779741,256.11,-163.0,-88.7,165.97,-16.89,-17.25,1,9050,-0.5,12.6,0.7
2.0,1085.789740,255.32,-144.2,-89.33,147.2,-15.41,-16.5,1,8922,3.7,58.3,1.5
2.0,1085.799740,254.71,-21.02,-88.8,24.12,-13.69,-15.75,1,8803,6.3,120.7,3.5
2.0,1085.809740,253.39,-10.25,-87.52,13.39,-11.76,-14.5,1,8676,1.7,69.1,-0.7
2.0,1085.819740,251.54,-7.92,-87.34,11.0,-9.64,-12.75,1,8548,-1.3,71.5,-3.0
2.0,1085.829740,249.26,-4.67,-86.01,7.74,-7.36,-10.25,1,8420,2.8,132.2,-1.5
2.0,1085.839740,246.45,-2.77,-83.45,5.93,-4.97,-7.25,1,8284,5.3,195.0,-1.4
2.0,1085.849740,243.54,-1.62,-80.34,4.87,-2.51,-4.25,1,8183,7.8,249.1,-2.8
2.0,1085.859740,241.08,-0.94,-76.91,4.26,-0.0,-1.75,1,9054,5.8,289.2,-2.8
2.0,1085.869740,238.45,-0.6,-73.66,3.98,2.51,0.75,1,8929,9.0,284.8,-2.1
2.0,1085.879740,235.55,-0.36,-71.15,3.82,4.97,3.75,1,8807,5.5,254.8,-3.6
2.0,1085.889740,233.09,-0.1,-68.78,3.57,7.36,6.5,1,8671,5.6,267.8,-5.5
2.0,1085.899740,231.06,0.08,-65.67,3.46,9.64,8.25,1,8544,7.6,297.5,-2.0
2.0,1085.909740,229.13,0.08,-62.88,3.6,11.76,10.25,1,8425,10.9,250.1,2.3
2.0,1085.919740,226.67,0.13,-61.48,3.57,13.69,12.75,1,8280,-0.3,186.9,-5.8
2.0,1085.929740,224.74,0.31,-60.06,3.31,15.41,15.0,1,8187,6.5,205.6,-4.0
2.0,1085.939740,223.33,0.42,-57.37,3.35,16.89,16.25,1,9049,7.1,250.2,-2.2
2.0,1085.949740,222.45,0.41,-54.88,3.45,18.1,17.0,1,8922,6.7,204.0,2.4
2.0,1085.959740,221.04,0.38,-54.24,3.46,19.02,18.5,1,8803,-1.2,110.2,-3.8
2.0,1085.969740,219.81,0.49,-54.22,3.26,19.65,19.75,1,8679,2.5,96.4,-4.9
2.0,1085.979740,219.02,0.57,-52.83,3.26,19.96,20.75,1,8548,4.3,152.3,0.0
2.0,1085.989740,218.76,0.52,-51.02,3.42,19.96,21.0,1,8421,5.5,125.1,3.1
2.0,1085.999740,218.58,0.54,-50.51,3.4,19.65,20.5,1,8285,-0.4,78.0,-4.3
2.0,1086.009740,219.29,0.57,-50.78,3.31,19.02,19.75,1,8185,1.4,20.9,2.1
2.0,1086.019740,219.99,0.51,-51.39,3.38,18.1,18.75,1,9045,-1.2,-4.0,-0.8
2.0,1086.029740,220.69,0.58,-52.41,3.26,16.89,18.25,1,8929,-0.8,-77.3,-3.6
2.0,1086.039740,221.48,0.6,-53.85,3.22,15.41,17.5,1,8808,-1.7,-71.2,2.1
2.0,1086.049740,222.54,0.48,-54.61,3.31,13.69,16.0,1,8672,-3.7,-81.7,0.9
2.0,1086.059740,224.56,0.44,-55.45,3.31,11.76,14.25,1,8544,-1.3,-73.4,2.1
2.0,1086.069740,227.02,0.37,-56.67,3.36,9.64,11.5,1,8426,-5.4,-130.1,2.7
2.0,1086.079740,229.39,0.26,-59.26,3.37,7.36,9.25,1,8281,-6.2,-202.0,1.4
2.0,1086.089740,231.33,0.19,-62.47,3.39,4.97,7.5,1,8188,-4.9,-248.9,3.8
2.0,1086.099740,233.09,0.21,-65.39,3.34,2.51,5.25,1,9050,-2.9,-245.3,-2.7
2.0,1086.109740,235.72,0.18,-67.32,3.35,0.0,2.5,1,8922,-4.1,-196.5,7.9
2.0,1086.119740,238.8,-0.22,-68.61,3.7,-2.51,-0.75,1,8804,-7.2,-177.8,2.5
2.0,1086.129740,241.26,-0.24,-71.25,3.61,-4.97,-3.5,1,8679,-7.5,-282.8,1.3
2.0,1086.139740,243.54,-0.55,-75.49,3.84,-7.36,-5.5,1,8549,-7.9,-319.4,5.5
2.0,1086.149740,245.57,-0.76,-78.51,3.96,-9.64,-7.75,1,8421,-9.4,-264.7,-4.5
2.0,1086.159740,247.85,-0.85,-79.96,4.01,-11.76,-10.25,1,8285,-1.3,-200.0,8.8
2.0,1086.169740,250.4,-1.95,-81.41,5.18,-13.69,-12.75,1,8184,-4.1,-210.3,2.9
2.0,1086.179740,252.25,-2.56,-84.07,5.69,-15.41,-14.75,1,9055,-7.7,-255.2,2.0
2.0,1086.189740,253.56,-5.68,-87.06,8.71,-16.89,-16.0,1,8930,-6.8,-255.2,2.8
2.0,1086.199740,254.71,-13.33,-88.8,16.31,-18.1,-17.25,1,8808,-6.2,-175.5,-2.0
2.0,1086.209740,256.03,-21.53,-89.22,24.53,-19.02,-18.75,1,8672,1.4,-123.6,6.1
2.0,1086.219740,257.43,-101.35,-89.62,104.4,-19.65,-20.25,1,8545,-2.1,-132.3,1.3
2.0,1086.229740,258.13,-168.09,-88.38,171.06,-19.96,-20.75,1,8426,-5.6,-142.0,1.0
2.0,1086.239740,258.05,-173.02,-86.96,175.95,-19.96,-20.75,1,8281,-1.3,-133.3,4.1
2.0,1086.249740,257.87,-173.97,-86.39,176.92,-19.65,-20.25,1,8190,-1.9,-66.2,-1.7
2.0,1086.259739,257.78,-172.99,-87.18,175.95,-19.02,-19.75,1,9051,1.0,12.0,2.5
2.0,1086.269740,257.7,-164.72,-88.38,167.74,-18.1,-19.25,1,8923,4.7,45.2,4.3
2.0,1086.279740,256.55,-156.56,-88.87,159.62,-16.89,-17.75,1,8804,0.1,19.2,0.8
2.0,1086.289740,255.23,-161.1,-88.77,164.1,-15.41,-16.25,1,8676,-1.6,13.9,-1.4
2.0,1086.299740,253.83,-70.95,-89.58,73.99,-13.69,-15.0,1,8549,6.0,135.4,2.1
2.0,1086.309740,252.42,-8.18,-87.09,11.33,-11.76,-13.5,1,8422,5.3,153.3,-1.0
2.0,1086.319740,250.31,-4.8,-85.63,7.96,-9.64,-11.25,1,8286,1.8,129.3,-1.3
2.0,1086.329740,248.03,-3.38,-84.37,6.53,-7.36,-8.75,1,8188,2.3,150.7,-2.7
2.0,1086.339740,245.57,-2.05,-82.08,5.24,-4.97,-6.25,1,9046,4.9,207.5,-2.7
3.0,1088.369740,248.38,-5.07,-86.05,8.24,0.0,-9.25,1,8674,7.7,240.6,-0.5
3.0,1088.379740,244.69,-2.33,-82.42,5.6,3.75,-5.75,1,8555,5.4,291.2,-5.1
3.0,1088.389740,240.73,-1.11,-78.46,4.44,7.36,-1.5,1,8419,9.6,345.6,-2.2
3.0,1088.399742,236.43,-0.63,-74.2,4.07,10.72,2.75,1,8320,8.1,371.7,-5.3
3.0,1088.409740,231.86,-0.16,-69.79,3.69,13.69,7.5,1,9179,12.3,415.2,-5.0
3.0,1088.419740,227.9,0.1,-64.89,3.55,16.18,11.75,1,9052,9.4,446.2,-5.5
3.0,1088.429740,224.91,0.27,-60.0,3.46,18.1,14.5,1,8933,11.9,458.5,-4.5
3.0,1088.439740,222.98,0.37,-55.86,3.54,19.37,16.5,1,8806,14.2,401.2,0.8
3.0,1088.449740,221.4,0.39,-53.62,3.57,19.96,18.25,1,8681,2.4,281.9,-5.4
3.0,1088.459740,220.43,0.47,-52.86,3.39,19.84,19.25,1,8551,4.8,195.3,-3.8
3.0,1088.469741,220.17,0.52,-52.12,3.41,19.02,19.25,1,8416,4.3,160.4,-1.0
3.0,1088.479740,220.17,0.5,-51.51,3.47,17.53,19.0,1,8313,3.8,96.2,0.8
3.0,1088.489740,220.34,0.49,-52.03,3.46,15.41,18.5,1,9184,-1.5,12.1,-1.5
3.0,1088.499740,221.4,0.51,-53.06,3.36,12.75,17.25,1,9056,-1.2,-19.4,-2.6
3.0,1088.509740,223.24,0.49,-53.52,3.37,9.64,15.25,1,8938,-0.7,-14.0,2.3
3.0,1088.519740,225.53,0.43,-54.68,3.43,6.18,12.75,1,8802,-2.4,-121.3,-0.5
3.0,1088.529740,228.43,0.39,-57.7,3.38,2.51,9.75,1,8674,-5.3,-194.5,3.0
3.0,1088.539740,231.77,0.24,-60.9,3.46,-1.26,6.5,1,8556,-6.2,-246.9,2.6
3.0,1088.549740,235.2,0.14,-64.36,3.49,-4.97,2.75,1,8420,-6.5,-293.7,3.2
3.0,1088.559739,239.24,-0.06,-68.21,3.61,-8.52,-1.25,1,8318,-8.4,-338.5,4.7
3.0,1088.569740,243.46,-0.35,-72.36,3.79,-11.76,-5.5,1,9180,-10.4,-369.3,3.4
3.0,1088.579740,247.76,-0.73,-76.71,4.06,-14.58,-10.25,1,9052,-9.4,-404.8,4.5
3.0,1088.589740,251.54,-1.56,-81.36,4.81,-16.89,-14.25,1,8934,-10.9,-429.6,4.3
3.0,1088.599740,254.18,-4.35,-86.11,7.49,-18.6,-16.75,1,8806,-9.8,-450.5,5.3
3.0,1088.609740,255.5,-118.78,-89.67,121.8,-19.65,-18.25,1,8679,-14.3,-382.6,-1.5
3.0,1088.619741,256.2,-172.5,-87.96,175.45,-20.0,-19.0,1,8552,-2.6,-254.3,4.2
3.0,1088.629740,256.99,-170.65,-87.89,173.7,-19.65,-19.75,1,8415,-2.1,-134.3,2.7
3.0,1088.639740,257.43,-167.57,-88.34,170.63,-18.6,-20.25,1,8323,0.2,-74.0,3.3
3.0,1088.649740,257.61,-167.12,-88.31,170.19,-16.89,-20.25,1,9185,-1.0,-62.8,1.6
3.0,1088.659740,257.43,-169.46,-87.95,172.51,-14.58,-19.5,1,9057,-0.5,-47.5,1.8
3.0,1088.669740,256.46,-168.64,-88.1,171.69,-11.76,-17.75,1,8929,-1.0,-0.4,0.1
3.0,1088.679740,254.44,-160.98,-88.81,164.05,-8.52,-15.75,1,8802,2.6,27.0,3.2
3.0,1088.689740,251.89,-46.1,-89.43,49.24,-4.97,-13.25,1,8675,3.7,125.2,-0.1
3.0,1088.699740,248.91,-5.92,-86.44,9.11,-1.26,-9.75,1,8556,5.8,216.3,-0.9
3.0,1088.709740,245.39,-2.54,-82.88,5.8,2.51,-6.25,1,8420,5.6,265.5,-3.5
3.0,1088.719739,241.52,-1.28,-79.19,4.62,6.18,-2.25,1,8318,8.9,320.5,-3.0
3.0,1088.729740,237.3,-0.69,-75.09,4.13,9.64,1.75,1,9181,7.8,355.2,-4.3
3.0,1088.739740,232.82,-0.26,-70.77,3.78,12.75,6.25,1,9053,10.8,397.5,-4.8
3.0,1088.749740,228.6,0.04,-65.99,3.58,15.41,10.75,1,8937,8.7,435.5,-5.8
3.0,1088.759740,225.18,0.23,-61.14,3.47,17.53,14.25,1,8806,11.3,447.5,-4.4
3.0,1088.769740,222.98,0.34,-56.69,3.5,19.02,16.5,1,8679,12.0,432.3,-1.9
3.0,1088.779740,221.92,0.41,-53.45,3.54,19.84,17.5,1,8552,9.6,339.4,-2.3
3.0,1088.789740,220.87,0.46,-52.2,3.49,19.96,18.5,1,8416,3.4,218.4,-3.1
3.0,1088.799740,220.17,0.45,-52.42,3.46,19.37,19.25,1,8324,2.8,98.5,-0.2
3.0,1088.809740,219.9,0.54,-52.68,3.4,18.1,19.5,1,9185,4.3,94.4,-6.7
3.0,1088.819740,219.9,0.59,-52.05,3.37,16.18,19.5,1,9058,0.9,66.7,4.4
3.0,1088.829740,220.25,0.44,-52.02,3.51,13.69,18.5,1,8939,-0.1,30.7,-2.2
3.0,1088.839740,221.57,0.53,-52.44,3.4,10.72,17.0,1,8802,1.2,-5.5,0.6
3.0,1088.849740,223.68,0.46,-53.26,3.45,7.36,14.75,1,8675,-4.1,-46.2,1.2
3.0,1088.859740,226.32,0.42,-55.17,3.42,3.75,12.25,1,8557,-2.1,-150.0,-1.0
3.0,1088.869740,229.31,0.37,-58.44,3.4,-0.0,8.75,1,8421,-7.6,-222.8,4.0
3.0,1088.879739,232.91,0.18,-61.91,3.5,-3.75,5.25,1,8318,-5.3,-274.1,1.6
3.0,1088.889740,236.69,0.1,-65.61,3.52,-7.36,1.25,1,9181,-8.8,-318.9,4.8
3.0,1088.899740,240.82,-0.2,-69.68,3.7,-10.72,-2.75,1,9054,-9.0,-361.7,3.5
3.0,1088.909740,245.13,-0.45,-74.03,3.86,-13.69,-7.5,1,8938,-9.3,-392.6,4.3
3.0,1088.919740,248.82,-0.95,-78.56,4.26,-16.18,-11.25,1,8807,-11.0,-421.7,3.6
3.0,1088.929740,251.63,-2.2,-83.31,5.41,-18.1,-14.25,1,8680,-9.6,-446.6,5.9
3.0,1088.939740,253.04,-5.76,-87.43,8.85,-19.37,-15.75,1,8553,-14.2,-387.2,-2.5
3.0,1088.949740,254.18,-22.87,-89.39,25.88,-19.96,-16.75,1,8416,-3.6,-259.0,5.4
3.0,1088.959740,255.85,-40.68,-89.5,43.79,-19.84,-18.5,1,8323,-2.1,-146.3,2.1
3.0,1088.969740,257.26,-47.06,-89.54,50.18,-19.02,-20.25,1,9185,0.5,-118.8,5.1
3.0,1088.979740,257.78,-160.99,-88.82,164.1,-17.53,-20.5,1,9058,-4.3,-171.1,2.0
3.0,1088.989740,257.52,-173.54,-86.97,176.55,-15.41,-20.25,1,8939,-6.0,-136.4,-1.0
3.0,1088.999740,257.17,-173.69,-86.9,176.7,-12.75,-18.75,1,8804,2.1,-41.4,3.2
3.0,1089.009740,255.5,-167.02,-88.18,170.12,-9.64,-16.75,1,8676,1.3,35.4,2.7
3.0,1089.019740,253.04,-127.29,-89.49,130.41,-6.18,-14.25,1,8557,2.9,69.5,0.8
3.0,1089.029740,250.31,-12.01,-88.09,15.18,-2.51,-11.25,1,8421,5.0,183.4,1.1
3.0,1089.039741,247.06,-3.69,-84.48,6.92,1.26,-7.75,1,8320,5.6,250.3,-3.7
3.0,1089.049740,243.28,-1.64,-80.84,4.95,4.97,-4.25,1,9181,7.7,298.2,-3.1
3.0,1089.059740,239.15,-0.94,-76.92,4.34,8.52,-0.0,1,9054,8.7,343.9,-3.2
3.0,1089.069740,234.76,-0.44,-72.66,3.93,11.76,4.5,1,8938,9.1,380.7,-5.2
3.0,1089.079740,230.19,-0.07,-68.07,3.65,14.58,9.25,1,8808,9.7,422.1,-5.1
3.0,1089.089740,226.23,0.14,-63.2,3.53,16.89,13.25,1,8680,10.1,446.0,-5.2
3.0,1089.099740,223.42,0.31,-58.32,3.47,18.6,16.0,1,8553,11.0,463.3,-4.4
3.0,1089.109740,221.92,0.42,-54.17,3.54,19.65,17.75,1,8416,16.1,398.0,0.5
3.0,1089.119740,221.22,0.46,-52.03,3.57,20.0,18.25,1,8324,1.6,279.8,-5.4
3.0,1089.129740,220.78,0.46,-51.76,3.45,19.65,18.5,1,9186,4.8,145.2,-0.0
3.0,1089.139740,220.52,0.45,-52.6,3.5,18.6,19.0,1,9058,0.5,50.7,-1.5
3.0,1089.149740,220.52,0.54,-53.06,3.37,16.89,18.5,1,8939,2.5,48.3,-5.6
3.0,1089.159740,221.22,0.56,-52.84,3.38,14.58,17.25,1,8803,0.2,23.9,4.5
3.0,1089.169740,222.89,0.41,-53.16,3.52,11.76,15.75,1,8676,-1.5,-6.7,-1.2
3.0,1089.179740,225.09,0.48,-54.39,3.39,8.52,13.25,1,8557,-1.4,-92.8,-0.5
3.0,1089.189740,227.9,0.39,-57.02,3.41,4.97,10.5,1,8421,-6.9,-176.6,2.8
3.0,1089.199741,231.06,0.23,-60.23,3.47,1.26,7.25,1,8322,-5.9,-237.1,1.5
3.0,1089.209740,234.49,0.16,-63.67,3.49,-2.51,3.5,1,9181,-6.0,-283.8,4.0
3.0,1089.219740,238.27,-0.02,-67.43,3.61,-6.18,-0.25,1,9054,-7.5,-328.6,3.3
3.0,1089.229740,242.58,-0.24,-71.42,3.72,-9.64,-4.75,1,8935,-9.5,-354.2,3.9
3.0,1089.239740,246.18,-0.63,-75.65,4.01,-12.75,-8.75,1,8808,-10.0,-397.5,4.4
3.0,1089.249740,249.87,-1.34,-80.38,4.63,-15.41,-12.5,1,8682,-9.8,-429.8,4.7
3.0,1089.259740,252.6,-2.66,-84.69,5.84,-17.53,-15.25,1,8553,-11.9,-398.3,0.9
3.0,1089.269740,254.62,-7.5,-87.99,10.6,-19.02,-17.25,1,8417,-6.4,-362.6,4.8
3.0,1089.279740,256.2,-134.64,-89.57,137.72,-19.84,-19.0,1,8324,-8.6,-265.4,1.2
3.0,1089.289740,257.17,-166.36,-88.63,169.4,-19.96,-20.0,1,9187,-1.4,-199.6,5.1
3.0,1089.299740,257.78,-170.51,-87.71,173.6,-19.37,-20.5,1,9058,-3.2,-158.6,2.2
3.0,1089.309740,257.87,-172.92,-87.16,175.95,-18.1,-20.5,1,8940,-3.4,-96.8,0.6
3.0,1089.319740,257.61,-171.92,-87.3,174.98,-16.18,-19.75,1,8804,3.0,-47.0,4.6
3.0,1089.329740,256.73,-168.89,-87.86,172.0,-13.69,-18.0,1,8676,-2.0,7.4,-0.5
3.0,1089.339740,254.53,-162.05,-88.72,165.12,-10.72,-15.75,1,8558,2.7,33.4,3.9
3.0,1089.349740,251.98,-52.44,-89.47,55.59,-7.36,-13.25,1,8422,3.4,128.7,-1.3
3.0,1089.359740,248.99,-5.96,-86.5,9.17,-3.75,-10.0,1,9310,6.4,220.2,-0.4
3.0,1089.369740,245.65,-2.64,-82.96,5.93,0.0,-6.5,1,9182,5.3,263.6,-3.8
3.0,1089.379740,241.79,-1.34,-79.39,4.69,3.75,-2.75,1,9054,9.0,314.5,-2.7
3.0,1089.389740,237.57,-0.76,-75.36,4.21,7.36,1.5,1,8939,7.7,351.9,-4.2
3.0,1089.399740,233.17,-0.31,-71.14,3.83,10.72,6.0,1,8809,9.5,384.7,-4.8
3.0,1089.409740,229.22,0.0,-66.55,3.61,13.69,10.25,1,8681,9.2,425.5,-5.9
3.0,1089.419740,225.88,0.21,-61.74,3.5,16.18,13.75,1,8553,11.2,440.5,-4.3
3.0,1089.429740,223.59,0.32,-57.39,3.53,18.1,15.75,1,8418,11.8,420.3,-1.8
3.0,1089.439740,221.75,0.39,-54.26,3.57,19.37,17.75,1,9314,9.5,333.7,-2.4
3.0,1089.449740,220.25,0.44,-52.97,3.52,19.96,19.25,1,9187,3.1,214.9,-2.8
3.0,1089.459740,219.64,0.52,-52.32,3.41,19.84,19.75,1,9059,5.7,183.9,-6.3
3.0,1089.469740,219.46,0.58,-51.23,3.42,19.02,19.75,1,8940,4.3,140.2,3.3
3.0,1089.479740,219.55,0.46,-51.06,3.55,17.53,19.75,1,8805,-0.2,61.4,-1.3
3.0,1089.489740,220.25,0.51,-51.77,3.42,15.41,18.5,1,8679,-0.1,7.3,-2.3
3.0,1089.499740,221.75,0.52,-52.38,3.43,12.75,16.75,1,8549,0.7,-7.0,2.1
3.0,1089.509740,223.86,0.46,-53.37,3.47,9.64,14.75,1,8422,-3.2,-84.1,-0.8
3.0,1089.519740,226.49,0.43,-55.73,3.41,6.18,11.75,1,9310,-4.1,-159.1,1.3
3.0,1089.529740,229.48,0.31,-58.76,3.46,2.51,8.75,1,9183,-7.4,-227.5,2.9
3.0,1089.539740,233.09,0.18,-62.21,3.51,-1.26,5.25,1,9055,-5.5,-276.8,2.5
3.0,1089.549740,236.87,0.06,-65.87,3.56,-4.97,1.25,1,8936,-8.8,-316.7,4.1
3.0,1089.559740,240.82,-0.2,-69.84,3.71,-8.52,-3.0,1,8800,-8.2,-357.2,3.9
3.0,1089.569740,245.13,-0.46,-74.14,3.9,-11.76,-7.25,1,8682,-9.3,-389.3,4.0
3.0,1089.579740,249.26,-0.96,-78.62,4.29,-14.58,-11.75,1,8545,-10.7,-415.6,3.7
3.0,1089.589740,252.51,-2.22,-83.31,5.45,-16.89,-15.25,1,8418,-9.5,-442.6,5.7
3.0,1089.599740,254.44,-7.35,-87.76,10.48,-18.6,-17.25,1,9314,-12.7,-419.0,0.6
3.0,1089.609740,255.85,-160.68,-89.19,163.7,-19.65,-18.5,1,9187,-7.4,-322.4,2.9
3.0,1089.619740,256.9,-169.94,-88.17,172.99,-20.0,-19.75,1,9061,-3.8,-200.4,3.4
3.0,1089.629740,257.87,-169.14,-88.09,172.22,-19.65,-20.75,1,8941,0.0,-129.2,3.8
3.0,1089.639740,258.31,-170.41,-87.72,173.51,-18.6,-21.0,1,8805,-2.5,-108.3,2.0
3.0,1089.649740,258.05,-172.63,-87.01,175.7,-16.89,-20.75,1,8680,-1.1,-92.6,2.4
3.0,1089.659740,257.78,-173.1,-86.86,176.16,-14.58,-19.5,1,8550,-1.8,-30.6,-0.7
3.0,1089.669740,256.2,-170.1,-87.8,173.18,-11.76,-17.5,1,8423,2.4,33.6,3.3
3.0,1089.679740,254.0,-157.97,-88.84,161.1,-8.52,-15.25,1,9310,2.1,45.0,1.8
3.0,1089.689740,251.1,-23.92,-89.0,27.09,-4.97,-12.25,1,9183,4.3,187.1,-1.0
3.0,1089.699740,247.85,-4.36,-85.31,7.6,-1.26,-8.75,1,9055,6.4,233.8,-1.4
3.0,1089.709740,244.34,-2.15,-81.93,5.45,2.51,-5.25,1,8937,5.9,291.9,-4.0
3.0,1089.719740,240.29,-1.12,-78.0,4.5,6.18,-1.25,1,8801,9.1,335.3,-2.4
3.0,1089.729740,235.99,-0.6,-73.85,4.09,9.64,3.25,1,8682,9.3,371.5,-5.2
3.0,1089.739740,231.59,-0.15,-69.34,3.73,12.75,7.75,1,8546,9.8,415.0,-5.2
3.0,1089.749740,227.46,0.09,-64.49,3.58,15.41,11.75,1,8418,10.6,441.6,-5.3
3.0,1089.759740,224.56,0.28,-59.67,3.51,17.53,14.75,1,9315,12.0,455.5,-4.4
3.0,1089.769740,223.07,0.37,-55.57,3.57,19.02,16.25,1,9187,13.4,396.8,0.4
3.0,1089.779740,221.75,0.39,-53.34,3.6,19.84,17.75,1,9060,2.6,281.4,-4.9
3.0,1089.789740,220.52,0.43,-53.01,3.48,19.96,18.75,1,8942,4.4,148.6,-1.0
3.0,1089.799740,220.52,0.51,-52.99,3.44,19.37,19.0,1,8805,3.8,134.7,-6.4
3.0,1089.809740,220.61,0.56,-52.13,3.41,18.1,18.25,1,8679,2.6,99.7,3.3
3.0,1089.819740,221.22,0.43,-52.35,3.54,16.18,17.25,1,8550,-1.0,13.6,-1.1
3.0,1089.829740,222.36,0.48,-53.43,3.43,13.69,16.25,1,8423,-0.3,-22.3,-1.5
3.0,1089.839740,224.12,0.51,-54.55,3.37,10.72,14.25,1,9311,-1.8,-75.6,-1.4
3.0,1089.849740,226.32,0.43,-56.29,3.4,7.36,12.0,1,9183,-4.6,-120.9,3.4
3.0,1089.859740,229.13,0.26,-58.58,3.51,3.75,9.25,1,9056,-5.2,-183.2,2.3
3.0,1089.869740,232.29,0.23,-61.56,3.49,0.0,5.75,1,8937,-4.2,-235.8,2.1
3.0,1089.879740,235.81,0.1,-64.95,3.56,-3.75,2.25,1,8801,-7.6,-286.3,4.4
3.0,1089.889740,239.68,-0.14,-68.74,3.7,-7.36,-1.75,1,8685,-8.4,-328.1,3.2
3.0,1089.899740,243.81,-0.36,-72.82,3.82,-10.72,-6.0,1,8546,-9.1,-366.1,4.0
3.0,1089.909740,247.76,-0.8,-77.19,4.17,-13.69,-10.25,1,8418,-9.1,-398.9,4.0
3.0,1089.919740,250.93,-1.62,-81.7,4.9,-16.18,-13.5,1,9315,-10.1,-418.6,4.3
3.0,1089.929740,252.86,-3.89,-85.97,7.06,-18.1,-15.5,1,9188,-11.9,-407.8,2.5
3.0,1089.939740,254.62,-16.0,-88.99,19.06,-19.37,-17.25,1,9061,-9.2,-315.4,1.8
3.0,1089.949740,256.11,-97.0,-89.71,100.07,-19.96,-19.0,1,8946,-1.9,-193.0,2.6
3.0,1089.959740,257.34,-144.29,-89.39,147.44,-19.84,-20.25,1,8806,0.0,-168.4,6.2
3.0,1089.969740,257.61,-168.58,-88.05,171.68,-19.02,-20.25,1,8679,-6.6,-166.2,-0.1
3.0,1089.979740,257.43,-173.58,-87.0,176.6,-17.53,-19.75,1,8552,-2.4,-108.7,1.4
3.0,1089.989740,256.73,-171.53,-87.45,174.61,-15.41,-18.25,1,8423,2.0,-11.7,2.7
3.0,1089.999739,254.88,-161.22,-88.71,164.35,-12.75,-16.25,1,9310,1.4,33.3,2.9
3.0,1090.009740,252.51,-60.88,-89.51,64.04,-9.64,-13.75,1,9184,3.5,100.9,1.2
3.0,1090.019740,249.52,-7.5,-87.01,10.72,-6.18,-10.75,1,9057,5.7,205.0,-1.4
3.0,1090.029740,246.18,-2.88,-83.49,6.18,-2.51,-7.25,1,8938,5.9,249.9,-2.7
3.0,1090.039740,242.4,-1.56,-80.07,4.92,1.26,-3.5,1,8801,7.6,297.1,-3.1
3.0,1090.049740,238.54,-0.86,-76.16,4.3,4.97,0.75,1,8682,8.0,343.8,-3.9
3.0,1090.059740,234.14,-0.4,-71.96,3.9,8.52,5.0,1,8547,7.1,373.6,-5.1
3.0,1090.069740,230.1,-0.06,-67.55,3.66,11.76,9.25,1,8419,11.7,411.5,-5.1
3.0,1090.079740,226.85,0.17,-62.82,3.56,14.58,12.5,1,9316,9.5,434.6,-4.6
3.0,1090.089740,224.38,0.27,-58.47,3.56,16.89,15.0,1,9188,12.5,412.2,-1.4
3.0,1090.099740,222.01,0.34,-55.41,3.61,18.6,17.25,1,9061,8.7,328.5,-2.2
3.0,1090.109740,219.9,0.43,-53.81,3.52,19.65,19.75,1,8942,4.3,243.9,-5.4
3.0,1090.119740,218.32,0.55,-52.17,3.4,20.0,21.25,1,8806,7.3,248.9,-5.0
3.0,1090.129740,217.44,0.59,-50.07,3.48,19.65,22.0,1,8679,7.9,204.7,3.0
3.0,1090.139740,217.44,0.56,-49.01,3.54,18.6,22.0,1,8551,0.5,150.8,-5.5
3.0,1090.149740,217.71,0.59,-48.76,3.42,16.89,21.25,1,8424,1.0,79.1,1.4
3.0,1090.159740,219.11,0.52,-49.43,3.51,14.58,19.75,1,9312,-0.4,4.6,-0.2
3.0,1090.169740,221.13,0.53,-50.62,3.46,11.76,17.5,1,9184,-1.4,-44.4,-0.5
3.0,1090.179740,223.59,0.51,-52.65,3.43,8.52,14.75,1,9057,-3.1,-154.5,1.0
3.0,1090.189740,226.58,0.45,-55.84,3.43,4.97,11.75,1,8938,-5.1,-208.1,1.3
3.0,1090.199740,229.92,0.32,-59.02,3.46,1.26,8.25,1,8802,-7.8,-264.6,3.9
3.0,1090.209740,233.7,0.13,-62.66,3.56,-2.51,4.5,1,8686,-7.8,-307.6,3.6
3.0,1090.219740,237.66,-0.01,-66.58,3.62,-6.18,0.25,1,8547,-8.6,-348.2,4.0
3.0,1090.229740,241.88,-0.24,-70.77,3.75,-9.64,-4.25,1,8420,-9.7,-378.2,3.7
3.0,1090.239740,245.92,-0.59,-75.22,4.02,-12.75,-8.25,1,9316,-8.9,-414.9,5.1
3.0,1090.249740,249.52,-1.27,-79.97,4.61,-15.41,-12.25,1,9189,-10.7,-438.9,4.1
3.0,1090.259740,252.33,-2.51,-84.32,5.7,-17.53,-15.0,1,9061,-13.3,-410.8,1.7
3.0,1090.269740,254.44,-6.98,-87.75,10.09,-19.02,-17.25,1,8945,-5.9,-372.3,4.1
3.0,1090.279740,255.85,-118.0,-89.66,121.11,-19.84,-18.5,1,8808,-8.6,-277.5,1.7
3.0,1090.289740,256.64,-165.37,-88.68,168.44,-19.96,-19.25,1,8680,-2.2,-206.1,5.3
3.0,1090.299740,256.99,-168.82,-88.15,171.92,-19.37,-19.5,1,8552,-3.0,-124.9,-0.5
3.0,1090.309740,256.82,-169.05,-88.19,172.14,-18.1,-19.25,1,8425,0.3,-78.0,4.7
3.0,1090.319740,256.82,-165.57,-88.44,168.69,-16.18,-18.75,1,9312,-1.3,-20.2,-0.4
3.0,1090.329740,256.11,-152.94,-89.17,156.07,-13.69,-17.5,1,9185,3.3,19.9,4.0
3.0,1090.339740,254.36,-120.5,-89.52,123.65,-10.72,-15.75,1,9057,-1.8,9.4,-0.6
3.0,1090.349740,252.07,-31.92,-89.28,35.06,-7.36,-13.25,1,8938,3.7,96.0,1.8
3.0,1090.359740,249.26,-6.74,-86.65,9.99,-3.75,-10.25,1,8802,6.2,185.3,-0.5
3.0,1090.369740,245.92,-2.81,-83.31,6.12,0.0,-6.75,1,8687,4.7,246.2,-3.4
3.0,1090.379740,242.23,-1.47,-79.76,4.83,3.75,-3.25,1,8547,8.3,294.4,-2.2
3.0,1090.389740,238.18,-0.85,-75.87,4.31,7.36,1.0,1,8423,7.6,340.5,-4.3
3.0,1090.399740,233.88,-0.38,-71.68,3.9,10.72,5.25,1,9308,8.3,373.4,-4.4
3.0,1090.409740,229.31,-0.05,-67.18,3.67,13.69,9.75,1,9189,10.9,417.2,-5.9
3.0,1090.419740,225.53,0.19,-62.38,3.55,16.18,14.0,1,9062,10.1,436.0,-4.2
3.0,1090.429740,222.54,0.31,-57.63,3.53,18.1,16.75,1,8943,11.0,456.1,-4.7
3.0,1090.439740,221.13,0.44,-53.47,3.56,19.37,18.25,1,8807,15.1,396.0,0.2
3.0,1090.449740,220.17,0.46,-51.29,3.6,19.96,19.25,1,8679,2.4,278.1,-4.6
3.0,1090.459740,219.73,0.47,-51.01,3.5,19.84,19.75,1,8552,4.2,145.7,-0.7
3.0,1090.469740,219.81,0.51,-51.49,3.49,19.02,19.75,1,8425,2.5,85.1,-3.8
3.0,1090.479740,219.9,0.53,-51.74,3.47,17.53,19.25,1,9313,1.6,35.6,1.9
3.0,1090.489740,220.43,0.47,-52.26,3.51,15.41,18.25,1,9185,-1.8,-2.9,-2.4
3.0,1090.499740,221.84,0.5,-52.86,3.44,12.75,16.5,1,9057,0.6,-21.0,1.0
3.0,1090.509740,224.21,0.44,-53.64,3.49,9.64,14.25,1,8939,-4.5,-59.5,0.5
3.0,1090.519740,226.85,0.38,-55.7,3.46,6.18,11.5,1,8803,-3.2,-167.4,0.3
3.0,1090.529740,229.92,0.31,-59.08,3.48,2.51,8.25,1,8687,-6.8,-229.8,3.7
3.0,1090.539740,233.44,0.14,-62.5,3.56,-1.26,4.75,1,8548,-5.9,-279.8,2.3
3.0,1090.549740,237.22,0.03,-66.2,3.61,-4.97,0.75,1,8421,-7.6,-319.8,4.5
3.0,1090.559740,241.17,-0.22,-70.2,3.76,-8.52,-3.25,1,9317,-9.5,-359.7,3.0
3.0,1090.569740,245.57,-0.52,-74.5,3.96,-11.76,-7.75,1,9190,-8.5,-390.4,4.9
3.0,1090.579740,249.17,-1.07,-78.96,4.43,-14.58,-11.75,1,9062,-10.9,-414.9,3.3
3.0,1090.589740,251.81,-2.37,-83.6,5.61,-16.89,-14.5,1,8946,-10.4,-440.4,5.6
3.0,1090.599740,253.65,-6.47,-87.65,9.6,-18.6,-16.25,1,8807,-12.2,-380.1,-2.6
3.0,1090.609740,255.41,-33.82,-89.56,36.89,-19.65,-18.25,1,8681,-4.0,-256.6,6.0
3.0,1090.619740,256.99,-120.19,-89.58,123.34,-20.0,-19.75,1,8545,-1.5,-181.3,4.2
3.0,1090.629740,258.05,-164.29,-88.61,167.44,-19.65,-20.75,1,8426,-3.5,-187.6,3.2
3.0,1090.639740,258.49,-172.97,-87.07,176.05,-18.6,-21.25,1,9313,-5.3,-150.7,-0.3
3.0,1090.649740,258.4,-174.03,-86.41,177.1,-16.89,-20.75,1,9190,1.5,-103.4,5.2
3.0,1090.659740,257.96,-173.04,-86.52,176.16,-14.58,-19.75,1,9067,-2.2,-35.4,-0.4
3.0,1090.669740,256.38,-170.47,-87.57,173.57,-11.76,-17.75,1,8939,2.3,38.2,4.0
3.0,1090.679740,254.18,-158.56,-88.77,161.72,-8.52,-15.25,1,8803,1.6,50.9,0.7
3.0,1090.689740,251.28,-28.42,-89.15,31.61,-4.97,-12.5,1,8679,4.0,176.7,-1.3
3.0,1090.699740,248.03,-4.76,-85.6,8.03,-1.26,-9.25,1,8548,6.8,238.7,-1.0
3.0,1090.709740,244.42,-2.25,-82.07,5.58,2.51,-5.25,1,8421,5.6,291.8,-4.8
3.0,1090.719740,240.47,-1.13,-78.15,4.53,6.18,-1.25,1,9317,9.4,339.2,-2.2
3.0,1090.729740,236.07,-0.64,-73.96,4.15,9.64,3.25,1,9191,8.7,371.9,-5.2
3.0,1090.739740,231.68,-0.18,-69.49,3.78,12.75,7.75,1,9071,10.5,414.3,-5.1
3.0,1090.749740,227.72,0.08,-64.65,3.62,15.41,11.75,1,8947,10.3,441.5,-5.5
3.0,1090.759740,224.91,0.27,-59.83,3.54,17.53,14.5,1,8808,11.7,454.6,-4.4
3.0,1090.769740,222.8,0.36,-55.72,3.61,19.02,16.5,1,8680,13.9,398.2,0.4
3.0,1090.779740,221.22,0.38,-53.5,3.63,19.84,18.25,1,8544,2.0,278.3,-5.0
3.0,1090.789740,220.17,0.44,-52.76,3.47,19.96,19.25,1,8434,4.6,193.8,-3.8
3.0,1090.799740,219.99,0.51,-52.02,3.48,19.37,19.5,1,9313,4.5,159.0,-1.3
3.0,1090.809740,220.08,0.5,-51.4,3.53,18.1,19.25,1,9186,3.9,96.7,0.9
3.0,1090.819740,220.25,0.48,-51.89,3.53,16.18,18.75,1,9067,-1.4,13.6,-1.5
3.0,1090.829740,221.22,0.49,-52.91,3.43,13.69,17.25,1,8940,-1.2,-18.9,-2.5
3.0,1090.839740,222.98,0.48,-53.35,3.44,10.72,15.5,1,8804,-0.5,-12.3,2.2
3.0,1090.849740,225.44,0.42,-54.46,3.49,7.36,13.0,1,8688,-2.8,-116.7,-0.5
3.0,1090.859740,228.25,0.37,-57.41,3.45,3.75,10.0,1,8549,-5.6,-190.9,2.8
3.0,1090.869740,231.59,0.22,-60.62,3.53,0.0,6.75,1,8430,-6.0,-246.9,2.5
3.0,1090.879740,235.11,0.12,-64.13,3.56,-3.75,2.75,1,9318,-6.7,-294.0,3.3
3.0,1090.889740,239.06,-0.07,-67.98,3.68,-7.36,-1.25,1,9190,-7.8,-338.7,4.4
3.0,1090.899740,243.28,-0.34,-72.13,3.85,-10.72,-5.5,1,9063,-9.8,-369.6,3.5
3.0,1090.909740,247.59,-0.73,-76.5,4.13,-13.69,-10.0,1,8947,-9.6,-405.9,4.7
3.0,1090.919740,251.46,-1.55,-81.18,4.86,-16.18,-14.0,1,8808,-10.9,-432.3,4.1
3.0,1090.929740,254.09,-4.18,-85.95,7.39,-18.1,-16.75,1,8681,-9.5,-450.7,5.2
3.0,1090.939740,255.5,-93.1,-89.71,96.19,-19.37,-18.25,1,8547,-14.5,-387.0,-1.2
3.0,1090.949740,256.29,-171.97,-88.01,174.99,-19.96,-19.0,1,8436,-2.5,-258.6,4.4
3.0,1090.959740,256.9,-170.32,-87.92,173.44,-19.84,-19.75,1,9315,-2.2,-136.5,2.4
3.0,1090.969740,257.43,-167.11,-88.37,170.24,-19.02,-20.25,1,9189,0.2,-75.8,3.5
3.0,1090.979740,257.61,-166.65,-88.34,169.79,-17.53,-20.25,1,9067,-1.3,-63.8,1.3
3.0,1090.989740,257.52,-169.22,-87.97,172.34,-15.41,-19.5,1,8940,-0.5,-49.6,2.1
3.0,1090.999740,256.55,-168.4,-88.08,171.52,-12.75,-18.0,1,8804,-0.9,-2.5,0.2
3.0,1091.009740,254.53,-161.31,-88.77,164.44,-9.64,-15.75,1,8679,2.1,24.3,3.1
3.0,1091.019740,251.98,-53.68,-89.47,56.87,-6.18,-13.25,1,8549,3.7,121.2,0.3
3.0,1091.029740,249.08,-6.35,-86.54,9.61,-2.51,-10.25,1,8430,6.1,216.0,-0.9
3.0,1091.039740,245.57,-2.68,-83.0,6.0,1.26,-6.5,1,9318,5.5,260.6,-3.4
3.0,1091.049740,241.79,-1.39,-79.41,4.78,4.97,-2.75,1,9191,8.6,314.4,-2.9
3.0,1091.059740,237.57,-0.77,-75.34,4.26,8.52,1.5,1,9072,7.9,353.7,-4.2
3.0,1091.069740,233.26,-0.33,-71.08,3.89,11.76,6.0,1,8948,9.9,387.0,-4.7
3.0,1091.079740,229.04,-0.01,-66.47,3.67,14.58,10.25,1,8808,9.2,427.5,-6.0
3.0,1091.089740,225.7,0.21,-61.63,3.55,16.89,13.75,1,8681,11.0,442.8,-4.3
3.0,1091.099740,223.51,0.31,-57.25,3.59,18.6,15.75,1,8545,12.0,422.9,-1.8
3.0,1091.109740,221.66,0.38,-54.1,3.62,19.65,17.75,1,8452,9.7,335.5,-2.4
3.0,1091.119740,220.17,0.43,-52.82,3.57,20.0,19.25,1,9314,3.2,215.7,-2.8
3.0,1091.129740,219.46,0.51,-52.16,3.46,19.65,20.0,1,9186,5.6,185.0,-6.4
3.0,1091.139740,219.46,0.58,-51.03,3.47,18.6,19.75,1,9068,4.3,144.0,2.9
3.0,1091.149740,220.08,0.46,-50.85,3.6,16.89,18.75,1,8941,0.2,59.4,-0.7
3.0,1091.159740,221.66,0.5,-51.81,3.5,14.58,17.0,1,8804,-0.2,-11.1,-1.4
3.0,1091.169740,223.77,0.48,-53.3,3.47,11.76,14.75,1,8680,-3.6,-78.5,0.5
3.0,1091.179740,226.41,0.41,-55.52,3.48,8.52,12.0,1,8550,-3.2,-155.0,0.4
3.0,1091.189740,229.39,0.33,-58.55,3.49,4.97,8.75,1,8449,-7.0,-226.1,2.9
3.0,1091.199740,232.82,0.18,-61.99,3.56,1.26,5.25,1,9310,-5.9,-273.1,2.7
3.0,1091.209740,236.51,0.05,-65.58,3.61,-2.51,1.5,1,9191,-8.4,-312.1,4.0
3.0,1091.219740,240.56,-0.19,-69.49,3.76,-6.18,-2.75,1,9072,-8.3,-351.1,3.9
3.0,1091.229740,244.34,-0.46,-73.71,3.94,-9.63,-6.75,1,8940,-9.4,-383.6,4.0
3.0,1091.239740,247.85,-0.93,-78.17,4.31,-12.75,-10.25,1,8809,-10.4,-412.5,3.7
3.0,1091.249740,250.84,-1.7,-82.38,4.97,-15.41,-13.25,1,8681,-10.8,-392.2,1.9
3.0,1091.259740,253.56,-3.54,-85.7,6.73,-17.53,-16.0,1,8546,-8.3,-352.5,5.1
3.0,1091.269740,255.15,-11.28,-88.33,14.45,-19.02,-18.0,1,8453,-6.3,-305.4,3.3
3.0,1091.279740,256.11,-149.11,-89.35,152.25,-19.84,-18.75,1,9316,-5.2,-266.2,2.8
3.0,1091.289740,256.9,-170.34,-88.08,173.44,-19.96,-19.5,1,9191,-5.6,-172.7,-0.2
3.0,1091.299740,257.43,-169.69,-88.2,172.77,-19.37,-20.25,1,9069,-0.3,-81.4,3.3
3.0,1091.309740,257.34,-165.77,-88.34,168.94,-18.1,-19.75,1,8932,2.6,-74.7,5.2
3.0,1091.319740,257.17,-168.63,-87.95,171.77,-16.18,-18.75,1,8805,-5.6,-47.0,-1.7
3.0,1091.329740,255.59,-167.14,-88.38,170.22,-13.69,-17.0,1,8688,2.2,16.1,2.7
3.0,1091.339740,253.3,-136.37,-89.41,139.56,-10.72,-14.5,1,8550,3.2,51.7,0.4
3.0,1091.349740,250.58,-13.64,-88.3,16.87,-7.36,-11.75,1,8449,4.7,172.6,2.1
3.0,1091.359740,247.59,-4.11,-84.78,7.39,-3.75,-8.5,1,9319,5.3,234.0,-3.8
3.0,1091.369740,243.98,-1.83,-81.39,5.17,0.0,-4.75,1,9192,6.5,278.6,-2.9
3.0,1091.379740,240.12,-1.11,-77.73,4.53,3.75,-1.0,1,9073,7.8,322.1,-2.7
3.0,1091.389740,235.81,-0.56,-73.68,4.09,7.36,3.25,1,8939,9.8,361.4,-5.0
3.0,1091.399740,231.5,-0.15,-69.3,3.77,10.72,7.75,1,8810,8.7,398.5,-4.9
3.0,1091.409740,227.64,0.08,-64.62,3.62,13.69,11.75,1,8682,11.0,430.7,-5.0
3.0,1091.419740,224.91,0.28,-59.86,3.56,16.18,14.5,1,8546,11.8,444.5,-4.2
3.0,1091.429740,222.98,0.36,-55.82,3.62,18.1,16.25,1,8453,13.1,389.7,0.4
3.0,1091.439740,221.13,0.37,-53.66,3.64,19.37,18.25,1,9315,1.9,271.6,-4.8
3.0,1091.449740,219.29,0.44,-52.98,3.48,19.96,20.0,1,9191,5.0,185.6,-3.6
3.0,1091.459740,218.14,0.56,-51.89,3.45,19.84,21.25,1,9069,6.7,194.7,-3.9
3.0,1091.469740,217.71,0.57,-50.12,3.52,19.02,21.75,1,8933,4.6,168.1,2.9
3.0,1091.479740,217.71,0.53,-49.29,3.56,17.53,21.25,1,8805,0.9,109.6,-4.3
3.0,1091.489740,218.41,0.58,-49.44,3.46,15.41,20.25,1,8679,1.2,44.3,1.1
3.0,1091.499740,219.99,0.51,-50.12,3.54,12.75,18.75,1,8550,-1.3,-2.8,0.4
3.0,1091.509740,222.1,0.52,-51.41,3.48,9.64,16.25,1,8449,-0.4,-81.5,-1.4
3.0,1091.519740,224.91,0.49,-53.98,3.46,6.18,13.5,1,9311,-6.5,-178.6,2.9
3.0,1091.529740,228.08,0.32,-57.15,3.53,2.51,10.25,1,9194,-5.6,-220.1,2.0
3.0,1091.539740,231.5,0.25,-60.38,3.53,-1.26,6.75,1,9074,-7.6,-280.5,3.1
3.0,1091.549740,235.28,0.09,-64.22,3.6,-4.97,2.75,1,8937,-7.3,-324.1,3.5
3.0,1091.559740,239.33,-0.08,-68.3,3.7,-8.52,-1.5,1,8810,-7.9,-363.6,4.1
3.0,1091.569740,243.72,-0.35,-72.59,3.88,-11.76,-6.0,1,8682,-10.2,-389.3,4.0
3.0,1091.579740,248.03,-0.81,-77.09,4.23,-14.58,-10.25,1,8546,-9.6,-424.9,4.8
3.0,1091.589740,251.28,-1.73,-81.89,5.06,-16.89,-13.75,1,8454,-11.0,-444.4,4.3
3.0,1091.599740,253.48,-4.46,-86.39,7.66,-18.6,-16.0,1,9315,-12.1,-430.9,2.9
3.0,1091.609740,254.71,-37.71,-89.53,40.81,-19.65,-17.5,1,9191,-9.0,-336.2,1.5
3.0,1091.619740,255.94,-160.03,-89.12,163.14,-20.0,-18.75,1,9070,-2.4,-214.2,3.4
3.0,1091.629740,256.55,-158.68,-89.05,161.86,-19.65,-19.25,1,8937,-0.7,-127.4,3.1
3.0,1091.639740,256.46,-162.48,-88.8,165.64,-18.6,-19.25,1,8806,-3.0,-112.9,2.3
3.0,1091.649740,256.29,-167.68,-88.37,170.8,-16.89,-18.25,1,8688,-2.5,-58.9,-0.3
3.0,1091.659740,255.06,-159.67,-89.02,162.81,-14.58,-16.5,1,8551,1.8,13.2,2.3
3.0,1091.669740,252.95,-84.31,-89.62,87.5,-11.76,-14.25,1,8450,1.4,23.8,1.6
3.0,1091.679740,250.31,-12.36,-88.14,15.6,-8.52,-11.5,1,9311,6.2,167.6,3.0
3.0,1091.689740,247.41,-3.96,-84.54,7.28,-4.97,-8.25,1,9193,4.5,218.9,-2.8
3.0,1091.699740,243.81,-1.83,-81.32,5.18,-1.26,-4.75,1,9074,6.0,271.9,-3.3
3.0,1091.709740,239.94,-1.06,-77.64,4.5,2.51,-0.75,1,8939,8.0,314.6,-2.4
3.0,1091.719740,235.81,-0.55,-73.68,4.09,6.18,3.25,1,8810,9.3,354.1,-5.1
3.0,1091.729740,231.68,-0.16,-69.35,3.77,9.63,7.75,1,8686,8.2,393.7,-4.5
3.0,1091.739740,227.81,0.07,-64.71,3.64,12.75,11.5,1,8546,10.9,424.2,-5.0
3.0,1091.749740,225.0,0.27,-60.04,3.57,15.41,14.25,1,8454,11.7,436.6,-4.1
3.0,1091.759740,223.24,0.35,-56.08,3.63,17.53,16.0,1,9316,13.0,383.1,0.5
3.0,1091.769740,221.31,0.36,-53.97,3.65,19.02,18.0,1,9191,1.6,265.2,-4.8
3.0,1091.779740,219.73,0.43,-53.36,3.5,19.84,19.75,1,9070,4.8,179.0,-3.3
3.0,1091.789740,218.67,0.54,-52.3,3.47,19.96,20.75,1,8933,6.5,192.4,-3.9
3.0,1091.799740,218.06,0.56,-50.52,3.53,19.37,21.25,1,8806,4.7,164.0,2.5
3.0,1091.809740,218.06,0.52,-49.75,3.57,18.1,21.0,1,8679,1.1,105.6,-3.9
3.0,1091.819740,218.76,0.57,-49.88,3.48,16.18,19.75,1,8551,1.0,45.8,0.8
3.0,1091.829740,220.34,0.5,-50.5,3.54,13.69,18.25,1,8450,-1.3,-2.6,0.5
3.0,1091.839740,222.54,0.52,-51.86,3.49,10.72,16.0,1,9312,0.3,-86.6,-1.4
3.0,1091.849740,225.18,0.48,-54.41,3.46,7.36,13.25,1,9193,-7.7,-171.5,2.6
3.0,1091.859740,228.34,0.29,-57.5,3.53,3.75,10.0,1,9074,-5.6,-223.9,2.1
3.0,1091.869740,231.86,0.24,-60.76,3.54,0.0,6.25,1,8941,-6.5,-273.7,2.9
3.0,1091.879740,235.55,0.1,-64.47,3.6,-3.75,2.5,1,8810,-7.3,-321.0,3.5
3.0,1091.889740,239.59,-0.1,-68.56,3.72,-7.36,-1.75,1,8683,-8.6,-361.2,4.4
3.0,1091.899740,243.9,-0.39,-72.83,3.91,-10.72,-6.25,1,8547,-9.9,-386.4,3.9
3.0,1091.909740,247.5,-0.82,-77.28,4.25,-13.69,-10.25,1,8454,-9.2,-419.9,4.8
3.0,1091.919740,250.14,-1.75,-82.0,5.09,-16.18,-12.75,1,9316,-11.1,-438.8,4.2
3.0,1091.929740,252.42,-3.52,-85.99,6.71,-18.1,-15.0,1,9189,-12.8,-379.8,-0.6
3.0,1091.939740,254.88,-6.84,-87.97,9.97,-19.37,-17.5,1,9070,-4.3,-257.4,3.9
3.0,1091.949740,256.9,-19.25,-88.93,22.48,-19.96,-19.75,1,8938,0.5,-222.8,7.9
3.0,1091.959740,258.57,-161.7,-88.74,164.91,-19.84,-21.5,1,8807,-8.4,-255.7,0.8
3.0,1091.969740,259.54,-174.89,-86.33,177.95,-19.02,-22.25,1,8679,-6.2,-212.3,0.5
3.0,1091.979740,259.45,-175.3,-85.21,178.4,-17.53,-22.25,1,8552,1.9,-155.9,7.0
3.0,1091.989740,259.01,-174.73,-84.99,177.88,-15.41,-21.25,1,8450,-4.1,-77.7,0.5
3.0,1091.999740,258.13,-174.29,-85.88,177.38,-12.75,-19.75,1,9312,1.1,11.5,2.0
3.0,1092.009740,256.11,-169.65,-87.46,172.82,-9.64,-17.5,1,9193,3.5,70.5,3.0
3.0,1092.019740,253.48,-151.76,-89.05,154.97,-6.18,-14.75,1,9074,1.6,107.7,-1.8
3.0,1092.029740,250.31,-12.11,-88.22,15.34,-2.51,-11.25,1,8940,4.9,220.5,-2.1
3.0,1092.039740,246.88,-3.5,-84.43,6.81,1.26,-7.75,1,8811,6.9,269.2,-2.2
3.0,1092.049740,242.75,-1.73,-80.69,5.12,4.97,-3.75,1,8687,7.2,325.7,-4.6
3.0,1092.059740,238.54,-0.85,-76.45,4.32,8.52,0.75,1,8547,9.0,367.8,-3.4
3.0,1092.069740,234.05,-0.4,-72.0,3.97,11.76,5.25,1,8455,8.6,403.0,-5.8
3.0,1092.079740,229.92,-0.03,-67.3,3.69,14.58,9.5,1,9317,11.7,435.0,-4.8
3.0,1092.089740,226.41,0.17,-62.43,3.61,16.89,13.0,1,9191,10.4,455.1,-5.0
3.0,1092.099740,224.12,0.29,-57.92,3.6,18.6,15.25,1,9070,12.2,430.3,-1.6
3.0,1092.109740,222.54,0.36,-54.72,3.66,19.65,16.75,1,8937,9.5,344.7,-2.4
3.0,1092.119740,221.4,0.41,-53.38,3.6,20.0,18.0,1,8807,3.4,220.4,-2.8
3.0,1092.129740,220.69,0.44,-53.17,3.53,19.65,18.75,1,8679,2.8,144.7,-3.7
3.0,1092.139740,220.69,0.5,-52.72,3.5,18.6,18.5,1,8543,4.5,121.1,-0.9
3.0,1092.149740,220.96,0.48,-52.33,3.58,16.89,17.75,1,8450,2.2,62.7,1.7
3.0,1092.159740,221.57,0.43,-52.98,3.57,14.58,17.0,1,9312,-2.3,-6.5,-2.0
3.0,1092.169740,223.15,0.48,-53.95,3.44,11.76,15.5,1,9194,-1.5,-27.3,-3.0
3.0,1092.179740,225.09,0.46,-54.94,3.45,8.52,13.25,1,9075,-1.1,-78.4,2.8
3.0,1092.189740,227.72,0.33,-57.01,3.56,4.97,10.75,1,8939,-5.2,-156.1,1.9
3.0,1092.199740,230.71,0.24,-59.93,3.55,1.26,7.5,1,8811,-5.5,-213.7,1.9
3.0,1092.209740,234.05,0.15,-63.18,3.59,-2.51,4.0,1,8687,-5.6,-267.7,3.6
3.0,1092.219740,237.83,-0.02,-66.84,3.68,-6.18,0.25,1,8548,-7.7,-311.9,3.1
3.0,1092.229740,241.79,-0.23,-70.73,3.79,-9.63,-4.0,1,8455,-8.6,-344.8,3.8
3.0,1092.239740,246.01,-0.57,-74.94,4.05,-12.75,-8.5,1,9317,-8.9,-387.6,4.4
3.0,1092.249740,249.61,-1.19,-79.53,4.58,-15.41,-12.25,1,9192,-9.8,-416.6,4.4
3.0,1092.259740,252.33,-2.66,-84.16,5.94,-17.53,-15.0,1,9071,-10.9,-433.3,4.0
3.0,1092.269740,254.18,-7.92,-88.12,11.09,-19.02,-16.75,1,8935,-11.1,-380.8,-1.4
3.0,1092.279740,255.94,-118.99,-89.71,122.11,-19.84,-18.5,1,8808,-4.3,-252.7,5.4
3.0,1092.289740,257.43,-148.78,-89.29,151.96,-19.96,-20.25,1,8683,-2.2,-174.2,4.8
3.0,1092.299740,258.05,-167.08,-88.26,170.26,-19.37,-20.75,1,8553,-2.2,-187.5,3.2
3.0,1092.309740,257.96,-173.77,-86.64,176.89,-18.1,-20.5,1,9441,-6.4,-150.6,-0.3
3.0,1092.319740,257.7,-174.29,-86.48,177.38,-16.18,-19.5,1,9314,1.1,-53.1,2.3
3.0,1092.329740,256.29,-169.98,-87.7,173.15,-13.69,-17.75,1,9194,1.3,26.3,2.4
3.0,1092.339740,254.18,-158.77,-88.82,161.96,-10.72,-15.5,1,9075,1.8,37.5,2.8
3.0,1092.349740,251.37,-30.56,-89.18,33.79,-7.36,-12.75,1,8939,4.4,169.2,-1.1
4.0,1094.379739,247.24,-4.06,-85.21,7.42,0.0,-8.5,1,8584,3.6,92.7,2.3
4.0,1094.389740,244.42,-2.51,-82.38,5.95,3.96,-5.5,1,9446,6.6,205.3,0.8
4.0,1094.399740,241.0,-1.33,-78.65,4.84,7.67,-1.75,1,9318,5.8,260.6,-3.9
4.0,1094.409740,236.95,-0.65,-75.09,4.22,10.9,2.25,1,9200,7.6,301.2,-2.7
4.0,1094.419740,232.91,-0.33,-71.13,3.99,13.44,6.25,1,9072,8.5,355.1,-4.2
4.0,1094.429740,228.87,-0.02,-66.58,3.76,15.14,10.5,1,8945,9.5,402.0,-5.0
4.0,1094.439740,225.62,0.18,-61.88,3.67,15.89,13.75,1,8817,9.7,422.3,-3.7
4.0,1094.449740,223.59,0.28,-57.57,3.68,15.64,15.75,1,8681,12.0,410.7,-1.9
4.0,1094.459741,222.36,0.37,-54.47,3.72,14.4,17.0,1,8580,10.0,322.4,-1.5
4.0,1094.469740,221.66,0.4,-53.32,3.7,12.27,17.75,1,9441,2.5,203.4,-2.5
4.0,1094.479740,221.66,0.42,-53.33,3.61,9.36,17.5,1,9323,2.7,117.3,-3.3
4.0,1094.489740,222.19,0.44,-53.6,3.63,5.86,16.5,1,9198,2.8,58.9,2.2
4.0,1094.499740,223.95,0.38,-54.29,3.68,2.0,14.75,1,9068,-1.4,-10.3,-1.8
4.0,1094.509740,226.23,0.39,-55.6,3.6,-2.0,12.25,1,8940,-2.1,-61.6,0.5
4.0,1094.519740,229.22,0.3,-57.94,3.63,-5.86,9.25,1,8813,-5.4,-182.8,1.2
4.0,1094.529740,232.56,0.19,-61.56,3.65,-9.36,5.75,1,8677,-5.5,-240.0,2.2
4.0,1094.539740,236.25,0.05,-65.14,3.73,-12.27,1.75,1,8584,-7.6,-300.7,3.7
4.0,1094.549740,240.38,-0.19,-69.25,3.87,-14.4,-2.5,1,9446,-8.4,-350.5,3.7
4.0,1094.559740,244.78,-0.49,-73.62,4.08,-15.64,-7.0,1,9318,-9.6,-387.5,4.3
4.0,1094.569740,248.38,-1.01,-78.22,4.5,-15.89,-10.75,1,9200,-9.8,-422.6,4.1
4.0,1094.579740,251.02,-2.2,-83.0,5.59,-15.14,-13.5,1,9072,-10.5,-443.2,5.0
4.0,1094.589740,252.33,-5.31,-87.01,8.56,-13.44,-14.75,1,8945,-14.5,-381.3,-1.1
4.0,1094.599740,252.6,-14.57,-88.94,17.75,-10.9,-15.25,1,8817,-3.1,-256.7,4.3
4.0,1094.609740,252.51,-17.59,-88.92,20.87,-7.67,-14.5,1,8681,-1.8,-124.3,1.8
4.0,1094.619741,251.63,-7.87,-87.84,11.15,-3.96,-13.25,1,8582,-1.0,-21.3,-0.2
4.0,1094.629740,249.79,-5.15,-86.65,8.45,0.0,-11.0,1,9442,1.7,16.9,2.9
4.0,1094.639740,247.06,-4.13,-85.21,7.49,3.96,-8.25,1,9323,3.8,106.2,2.1
4.0,1094.649740,244.07,-2.41,-82.16,5.86,7.67,-5.0,1,9204,7.1,216.2,0.5
4.0,1094.659740,240.47,-1.25,-78.33,4.78,10.9,-1.25,1,9068,5.9,273.0,-4.0
4.0,1094.669740,236.34,-0.59,-74.6,4.18,13.44,2.75,1,8943,8.4,316.7,-3.1
4.0,1094.679740,232.12,-0.28,-70.47,3.96,15.14,7.0,1,8813,8.0,369.0,-4.4
4.0,1094.689740,228.52,0.02,-65.79,3.75,15.89,10.75,1,8677,10.3,415.8,-4.9
4.0,1094.699740,225.97,0.21,-61.04,3.68,15.64,13.25,1,8585,10.8,428.1,-3.5
4.0,1094.709740,224.65,0.3,-57.12,3.75,14.4,14.75,1,9446,14.6,379.3,0.9
4.0,1094.719740,224.38,0.33,-55.05,3.78,12.27,15.0,1,9319,2.0,256.7,-4.1
4.0,1094.729740,224.38,0.33,-54.99,3.67,9.36,14.25,1,9200,3.7,128.1,-0.0
4.0,1094.739740,225.62,0.31,-56.12,3.71,5.86,13.0,1,9072,0.1,16.2,-0.9
4.0,1094.749740,227.55,0.31,-57.49,3.66,2.0,10.75,1,8945,-1.1,-25.6,-1.2
4.0,1094.759740,230.01,0.28,-59.18,3.64,-2.0,8.25,1,8818,-3.7,-126.6,0.6
4.0,1094.769740,233.09,0.15,-62.28,3.69,-5.86,5.25,1,8681,-6.4,-209.0,1.8
4.0,1094.779740,236.51,-0.0,-65.71,3.75,-9.36,1.5,1,8581,-6.8,-260.5,2.3
4.0,1094.789740,240.38,-0.18,-69.34,3.86,-12.27,-2.5,1,9442,-7.0,-312.2,3.8
4.0,1094.799740,244.34,-0.47,-73.45,4.08,-14.4,-6.75,1,9324,-8.6,-359.2,3.3
4.0,1094.809740,248.03,-0.94,-77.88,4.44,-15.64,-10.5,1,9208,-9.2,-396.2,4.3
4.0,1094.819740,250.49,-2.03,-82.47,5.45,-15.89,-13.0,1,9068,-9.8,-421.9,4.6
4.0,1094.829740,251.72,-4.32,-86.41,7.6,-15.14,-14.25,1,8941,-13.7,-368.3,-0.9
4.0,1094.839740,252.07,-8.75,-88.3,11.96,-13.44,-14.5,1,8814,-3.5,-243.8,3.5
4.0,1094.849740,251.98,-10.34,-88.25,13.64,-10.9,-14.0,1,8677,-1.7,-120.0,2.4
4.0,1094.859740,251.19,-6.27,-87.23,9.58,-7.67,-12.75,1,8585,-0.7,-20.1,0.3
4.0,1094.869740,249.35,-4.46,-86.13,7.78,-3.96,-10.5,1,9447,1.2,10.1,2.3
4.0,1094.879740,246.8,-3.6,-84.71,6.98,-0.0,-8.0,1,9319,4.0,111.8,1.9
4.0,1094.889740,243.81,-2.22,-81.69,5.7,3.96,-4.75,1,9201,7.3,201.0,0.9
4.0,1094.899740,240.38,-1.23,-78.15,4.77,7.67,-1.25,1,9073,4.9,265.4,-4.2
4.0,1094.909740,236.25,-0.58,-74.44,4.17,10.9,2.75,1,8947,8.1,306.6,-2.7
4.0,1094.919740,232.21,-0.28,-70.46,3.96,13.44,7.0,1,8809,8.2,356.7,-4.6
4.0,1094.929740,228.69,0.02,-65.94,3.75,15.14,10.75,1,8682,9.7,402.1,-4.6
4.0,1094.939740,226.14,0.2,-61.3,3.69,15.89,13.25,1,8581,10.5,418.8,-3.5
4.0,1094.949740,224.82,0.29,-57.42,3.75,15.64,14.5,1,9443,14.7,371.2,1.1
4.0,1094.959740,224.47,0.32,-55.43,3.79,14.4,14.75,1,9324,1.7,246.4,-4.1
4.0,1094.969740,224.65,0.32,-55.42,3.67,12.27,14.25,1,9205,3.6,125.2,-0.4
4.0,1094.979740,225.62,0.31,-56.38,3.72,9.36,13.0,1,9069,0.5,25.9,-0.5
4.0,1094.989740,227.46,0.3,-57.63,3.67,5.86,11.0,1,8942,-1.2,-25.6,-1.3
4.0,1094.999740,229.83,0.28,-59.26,3.65,2.0,8.5,1,8814,-2.9,-111.2,0.6
4.0,1095.009740,232.73,0.16,-62.07,3.69,-2.0,5.5,1,8678,-6.7,-195.2,1.4
4.0,1095.019740,236.07,0.01,-65.35,3.74,-5.86,2.25,1,8585,-6.3,-244.7,2.3
4.0,1095.029740,239.68,-0.15,-68.83,3.86,-9.36,-1.75,1,9447,-6.6,-298.3,3.7
4.0,1095.039740,243.63,-0.42,-72.78,4.04,-12.27,-5.75,1,9320,-8.6,-341.6,3.0
4.0,1095.049740,247.85,-0.83,-77.03,4.36,-14.4,-10.25,1,9201,-8.2,-381.0,4.6
4.0,1095.059740,251.46,-1.69,-81.47,5.14,-15.64,-14.0,1,9073,-10.2,-404.7,3.7
4.0,1095.069740,253.92,-4.46,-86.09,7.79,-15.89,-16.5,1,8948,-10.2,-438.8,5.0
4.0,1095.079740,255.15,-118.91,-89.65,122.13,-15.14,-17.75,1,8810,-13.3,-372.8,-1.1
4.0,1095.089740,255.32,-171.6,-88.05,174.77,-13.44,-18.0,1,8683,-2.2,-241.4,3.7
4.0,1095.099740,255.23,-168.85,-88.2,172.1,-10.9,-17.25,1,8581,-2.2,-116.1,2.4
4.0,1095.109740,254.27,-151.81,-89.28,155.06,-7.67,-15.75,1,9443,0.2,-12.0,0.9
4.0,1095.119740,252.25,-26.82,-89.2,30.11,-3.96,-13.75,1,9324,1.8,31.6,3.9
4.0,1095.129740,249.52,-9.93,-87.68,13.27,-0.0,-10.75,1,9208,3.7,113.2,1.2
4.0,1095.139740,246.53,-3.85,-84.71,7.26,3.96,-7.5,1,9069,6.2,217.8,-1.0
4.0,1095.149740,242.93,-1.83,-80.9,5.32,7.67,-3.75,1,8942,6.8,276.6,-3.0
4.0,1095.159740,238.89,-0.97,-77.1,4.53,10.9,0.25,1,8815,7.7,321.6,-3.5
4.0,1095.169740,234.67,-0.48,-73.01,4.11,13.44,4.5,1,8678,7.6,363.9,-4.8
4.0,1095.179740,230.54,-0.12,-68.5,3.85,15.14,8.75,1,9575,11.0,409.0,-4.4
4.0,1095.189740,227.11,0.11,-63.67,3.73,15.89,12.25,1,9447,10.1,437.6,-5.0
4.0,1095.199740,225.0,0.24,-59.19,3.72,15.64,14.25,1,9320,12.3,419.5,-1.1
4.0,1095.209740,224.21,0.29,-56.0,3.79,14.4,15.25,1,9201,9.1,337.4,-1.9
4.0,1095.219740,224.12,0.34,-54.8,3.73,12.27,15.25,1,9074,3.7,201.9,-2.5
4.0,1095.229740,224.38,0.34,-55.3,3.7,9.36,14.25,1,8949,2.3,85.3,-0.2
4.0,1095.239740,225.97,0.32,-56.47,3.71,5.86,12.75,1,8819,-0.4,-0.1,-1.2
4.0,1095.249740,227.99,0.32,-57.72,3.66,2.0,10.25,1,8683,-1.5,-39.3,-0.7
4.0,1095.259740,230.62,0.27,-59.72,3.65,-2.0,7.75,1,9571,-3.7,-160.5,0.7
4.0,1095.269740,233.79,0.13,-63.16,3.71,-5.86,4.25,1,9443,-7.2,-223.0,2.6
4.0,1095.279740,237.39,-0.06,-66.55,3.8,-9.36,0.75,1,9316,-6.9,-276.5,2.4
4.0,1095.289740,241.17,-0.23,-70.26,3.9,-12.27,-3.25,1,9206,-7.5,-317.7,3.5
4.0,1095.299740,245.39,-0.56,-74.37,4.16,-14.4,-7.75,1,9070,-8.5,-368.9,4.1
4.0,1095.309740,248.82,-1.11,-78.87,4.62,-15.64,-11.5,1,8942,-9.4,-398.8,3.8
4.0,1095.319740,251.37,-2.41,-83.44,5.82,-15.89,-14.0,1,8806,-10.3,-427.3,5.0
4.0,1095.329740,252.69,-6.03,-87.4,9.31,-15.14,-15.25,1,8679,-12.9,-368.9,-2.3
4.0,1095.339740,253.3,-19.81,-89.25,23.02,-13.44,-16.0,1,9575,-3.9,-246.3,4.8
4.0,1095.349740,253.65,-24.86,-89.2,28.16,-10.9,-16.0,1,9448,-1.2,-120.5,2.0
4.0,1095.359740,253.56,-13.78,-88.62,17.1,-7.67,-15.25,1,9320,-0.1,-63.9,2.6
4.0,1095.369740,252.25,-10.72,-88.17,14.03,-3.96,-13.5,1,9201,-1.6,-11.0,0.8
4.0,1095.379740,249.96,-7.66,-87.54,10.97,0.0,-11.25,1,9074,1.6,11.5,0.8
4.0,1095.389740,247.15,-4.83,-85.66,8.24,3.96,-8.25,1,8948,7.3,166.1,4.6
4.0,1095.399740,243.98,-2.39,-81.79,5.88,7.67,-5.0,1,8811,4.3,233.3,-4.8
4.0,1095.409740,240.29,-1.07,-78.3,4.6,10.9,-1.25,1,8683,6.8,281.7,-1.7
4.0,1095.419740,236.16,-0.66,-74.49,4.29,13.44,2.75,1,9571,8.5,332.6,-4.5
4.0,1095.429740,231.86,-0.22,-70.18,3.93,15.14,7.25,1,9443,8.3,380.8,-4.5
4.0,1095.439740,228.16,0.03,-65.46,3.77,15.89,11.25,1,9316,10.5,423.7,-4.7
4.0,1095.449740,225.53,0.23,-60.66,3.7,15.64,13.75,1,9208,11.3,437.1,-4.1
4.0,1095.459740,224.12,0.32,-56.67,3.76,14.4,15.25,1,9070,14.4,385.3,1.3
4.0,1095.469740,223.77,0.33,-54.55,3.81,12.27,15.75,1,8945,1.8,263.4,-4.4
4.0,1095.479740,223.86,0.35,-54.45,3.68,9.36,15.25,1,8807,4.2,132.0,-0.3
4.0,1095.489740,224.74,0.34,-55.5,3.72,5.86,13.75,1,8680,-0.4,26.7,-1.3
4.0,1095.499740,226.58,0.34,-56.77,3.67,2.0,11.75,1,9567,-0.3,-21.6,-1.0
4.0,1095.509740,228.96,0.3,-58.32,3.66,-2.0,9.25,1,9448,-3.5,-106.9,0.8
4.0,1095.519740,232.03,0.19,-61.09,3.69,-5.86,6.25,1,9320,-5.3,-191.3,1.2
4.0,1095.529740,235.55,0.06,-64.49,3.74,-9.36,2.75,1,9202,-7.0,-255.4,2.9
4.0,1095.539740,239.33,-0.13,-68.22,3.85,-12.27,-1.25,1,9066,-7.0,-308.7,2.9
4.0,1095.549740,243.28,-0.36,-72.29,4.01,-14.4,-5.5,1,8948,-8.9,-353.9,4.0
4.0,1095.559740,246.8,-0.81,-76.67,4.37,-15.64,-9.25,1,8811,-8.6,-392.6,4.2
4.0,1095.569740,249.35,-1.6,-81.25,5.06,-15.89,-11.75,1,8684,-10.6,-419.5,3.9
4.0,1095.579740,250.58,-2.84,-85.15,6.17,-15.14,-13.25,1,9572,-11.7,-363.6,-1.6
4.0,1095.589740,251.1,-4.35,-87.04,7.63,-13.44,-13.25,1,9444,-4.5,-244.6,3.5
4.0,1095.599740,251.02,-5.97,-87.05,9.3,-10.9,-13.25,1,9316,-2.4,-121.1,4.1
4.0,1095.609740,251.02,-4.62,-86.16,7.96,-7.67,-12.5,1,9209,-1.4,-34.1,-0.0
4.0,1095.619740,249.96,-3.51,-85.21,6.89,-3.96,-11.25,1,9071,3.7,8.8,3.1
4.0,1095.629740,247.94,-3.41,-84.68,6.83,0.0,-9.25,1,8943,-1.8,9.7,-0.2
4.0,1095.639740,245.48,-2.72,-83.33,6.14,3.96,-6.5,1,8807,6.5,134.8,3.8
4.0,1095.649740,242.4,-1.77,-80.06,5.31,7.67,-3.25,1,8680,4.4,201.3,-3.0
4.0,1095.659740,238.8,-0.86,-76.76,4.41,10.9,0.25,1,9576,5.0,264.5,-3.1
4.0,1095.669740,234.93,-0.5,-73.0,4.13,13.44,4.25,1,9449,8.2,312.5,-2.4
4.0,1095.679740,230.62,-0.16,-68.86,3.9,15.14,8.5,1,9321,9.9,366.0,-5.8
4.0,1095.689740,227.11,0.12,-64.27,3.72,15.89,12.25,1,9202,9.5,405.5,-3.4
4.0,1095.699740,224.47,0.24,-59.58,3.71,15.64,14.75,1,9066,10.7,429.6,-4.2
4.0,1095.709740,223.15,0.35,-55.62,3.75,14.4,16.25,1,8949,14.0,372.1,1.4
4.0,1095.719740,222.89,0.35,-53.67,3.81,12.27,16.5,1,8811,2.2,252.3,-3.6
4.0,1095.729740,223.07,0.37,-53.65,3.68,9.36,15.75,1,8684,2.8,122.2,-1.5
4.0,1095.739740,224.38,0.37,-54.73,3.7,5.86,14.25,1,9572,0.8,21.9,-0.2
4.0,1095.749740,226.41,0.37,-55.98,3.67,2.0,12.25,1,9444,-0.4,-24.7,-1.7
4.0,1095.759740,228.87,0.33,-57.97,3.64,-2.0,9.25,1,9317,-5.5,-152.8,1.2
4.0,1095.769740,232.12,0.18,-61.28,3.7,-5.86,6.25,1,9209,-4.8,-203.0,2.0
4.0,1095.779740,235.46,0.06,-64.48,3.76,-9.36,2.5,1,9071,-7.2,-268.9,2.9
4.0,1095.789740,239.41,-0.13,-68.33,3.86,-12.27,-1.5,1,8946,-7.4,-319.2,3.2
4.0,1095.799740,243.54,-0.38,-72.44,4.03,-14.4,-5.75,1,8807,-9.3,-360.9,4.0
4.0,1095.809740,247.15,-0.84,-76.85,4.39,-15.64,-9.75,1,8680,-8.7,-399.7,4.3
4.0,1095.819740,249.61,-1.66,-81.47,5.13,-15.89,-12.25,1,9576,-10.7,-423.0,3.8
4.0,1095.829740,251.19,-3.11,-85.43,6.44,-15.14,-13.5,1,9449,-11.9,-373.0,-0.9
4.0,1095.839740,251.1,-5.27,-87.4,8.54,-13.44,-13.75,1,9321,-4.4,-247.1,3.4
4.0,1095.849740,251.19,-6.94,-87.42,10.27,-10.9,-13.25,1,9203,-2.6,-128.3,4.0
4.0,1095.859740,250.4,-4.98,-86.47,8.31,-7.67,-11.75,1,9067,-1.2,-23.1,-0.8
4.0,1095.869740,248.47,-3.39,-85.31,6.75,-3.96,-9.75,1,8948,1.8,10.7,2.4
4.0,1095.879740,245.83,-3.0,-83.74,6.44,-0.0,-7.0,1,8811,4.9,123.4,2.8
4.0,1095.889740,243.02,-1.94,-80.53,5.47,3.96,-3.75,1,8684,7.2,208.4,0.6
4.0,1095.899740,239.41,-1.03,-77.08,4.62,7.67,-0.25,1,9572,4.5,261.2,-5.0
4.0,1095.909740,235.46,-0.48,-73.5,4.11,10.9,3.75,1,9445,7.7,304.7,-2.1
4.0,1095.919740,231.42,-0.22,-69.48,3.95,13.44,7.75,1,9317,8.8,358.4,-5.2
4.0,1095.929740,227.72,0.08,-64.93,3.75,15.14,11.75,1,9210,9.9,401.6,-4.0
4.0,1095.939740,225.26,0.23,-60.28,3.71,15.89,14.25,1,9071,11.3,421.4,-3.8
4.0,1095.949740,223.95,0.33,-56.38,3.77,15.64,15.5,1,8944,13.3,371.0,0.9
4.0,1095.959740,223.24,0.33,-54.38,3.81,14.4,16.25,1,8807,1.9,249.7,-3.5
4.0,1095.969740,223.07,0.35,-54.34,3.7,12.27,16.25,1,8683,3.6,125.4,-1.0
4.0,1095.979740,223.15,0.39,-54.93,3.68,9.36,15.5,1,9568,0.9,65.2,-3.4
4.0,1095.989740,224.38,0.4,-55.41,3.65,5.86,14.25,1,9449,1.0,12.4,1.8
4.0,1095.999740,226.49,0.35,-56.16,3.7,2.0,12.0,1,9322,-1.2,-22.2,-1.6
4.0,1096.009740,229.04,0.33,-57.96,3.63,-2.0,9.25,1,9206,-5.5,-145.0,0.8
4.0,1096.019740,232.21,0.17,-61.31,3.7,-5.86,6.0,1,9067,-5.2,-211.9,2.9
4.0,1096.029740,235.72,0.04,-64.68,3.77,-9.36,2.25,1,8948,-6.9,-269.9,2.2
4.0,1096.039740,239.68,-0.11,-68.47,3.85,-12.27,-1.75,1,8803,-6.5,-320.8,4.0
4.0,1096.049740,243.72,-0.4,-72.62,4.06,-14.4,-6.0,1,8685,-9.6,-364.2,3.7
4.0,1096.059740,247.32,-0.86,-77.08,4.41,-15.64,-9.75,1,9572,-8.9,-402.8,4.7
4.0,1096.069740,249.87,-1.74,-81.71,5.21,-15.89,-12.25,1,9445,-10.9,-424.0,3.6
4.0,1096.079740,251.19,-3.32,-85.69,6.64,-15.14,-13.75,1,9318,-12.2,-376.9,-0.6
4.0,1096.089740,251.46,-6.16,-87.71,9.43,-13.44,-14.0,1,9209,-4.3,-249.8,3.5
4.0,1096.099740,251.46,-7.88,-87.75,11.21,-10.9,-13.25,1,9071,-1.8,-131.7,3.2
4.0,1096.109740,250.58,-5.27,-86.74,8.61,-7.67,-11.75,1,8947,-1.6,-16.6,-0.3
4.0,1096.119740,248.55,-3.65,-85.49,7.01,-3.96,-9.75,1,8808,1.9,10.5,2.7
4.0,1096.129740,246.01,-3.13,-83.93,6.57,0.0,-7.25,1,8681,4.7,128.6,2.4
4.0,1096.139740,242.93,-1.93,-80.6,5.47,3.96,-4.0,1,9568,7.4,215.2,0.5
4.0,1096.149740,239.41,-1.03,-77.09,4.63,7.67,-0.25,1,9450,4.8,264.5,-4.9
4.0,1096.159740,235.55,-0.48,-73.53,4.12,10.9,3.75,1,9322,7.7,306.7,-2.2
4.0,1096.169740,231.42,-0.22,-69.5,3.96,13.44,7.75,1,9207,8.7,361.0,-5.0
4.0,1096.179740,227.9,0.08,-64.94,3.76,15.14,11.75,1,9067,10.0,402.3,-4.1
4.0,1096.189740,225.18,0.24,-60.31,3.72,15.89,14.25,1,8948,11.4,421.0,-3.9
4.0,1096.199740,223.95,0.34,-56.42,3.77,15.64,15.5,1,8804,13.4,371.0,1.0
4.0,1096.209740,223.24,0.33,-54.43,3.82,14.4,16.25,1,8685,1.8,248.8,-3.7
4.0,1096.219740,222.98,0.35,-54.38,3.7,12.27,16.25,1,9573,3.7,126.9,-0.9
4.0,1096.229740,223.15,0.39,-54.96,3.69,9.36,15.5,1,9446,0.7,63.9,-3.4
4.0,1096.239740,224.47,0.39,-55.47,3.66,5.86,14.0,1,9318,1.2,12.5,1.7
4.0,1096.249740,226.49,0.35,-56.2,3.71,2.0,12.0,1,9211,-1.2,-22.1,-1.5
4.0,1096.259740,229.13,0.32,-58.0,3.64,-2.0,9.25,1,9072,-5.4,-144.8,0.9
4.0,1096.269740,232.12,0.17,-61.34,3.71,-5.86,6.0,1,8944,-5.3,-211.9,2.9
4.0,1096.279740,235.72,0.04,-64.71,3.78,-9.36,2.25,1,8808,-6.9,-270.0,2.2
4.0,1096.289740,239.68,-0.12,-68.5,3.87,-12.27,-1.75,1,8684,-6.5,-320.5,4.0
4.0,1096.299740,243.72,-0.4,-72.65,4.07,-14.4,-6.0,1,9569,-9.6,-364.0,3.6
4.0,1096.309740,247.41,-0.86,-77.1,4.42,-15.64,-9.75,1,9450,-8.9,-402.1,4.7
4.0,1096.319740,249.87,-1.74,-81.72,5.21,-15.89,-12.25,1,9323,-10.9,-423.9,3.5
4.0,1096.329740,251.28,-3.35,-85.71,6.69,-15.14,-13.75,1,9207,-12.2,-376.8,-0.4
4.0,1096.339740,251.54,-6.3,-87.73,9.58,-13.44,-14.0,1,9067,-4.3,-249.8,3.4
4.0,1096.349740,251.46,-8.02,-87.78,11.36,-10.9,-13.25,1,8949,-1.9,-132.4,3.3
4.0,1096.359740,250.49,-5.4,-86.79,8.75,-7.67,-11.75,1,8813,-1.6,-18.5,-0.3
4.0,1096.369740,248.47,-3.71,-85.55,7.08,-3.96,-9.75,1,8685,1.9,11.5,2.6
4.0,1096.379739,245.92,-3.15,-83.94,6.6,0.0,-7.25,1,9573,4.9,130.4,2.6
4.0,1096.389740,242.93,-1.95,-80.61,5.5,3.96,-4.0,1,9449,7.2,214.8,0.4
4.0,1096.399740,239.41,-1.04,-77.12,4.64,7.67,-0.25,1,9327,4.8,264.7,-4.9
4.0,1096.409740,235.55,-0.49,-73.56,4.13,10.9,3.75,1,9208,7.8,306.4,-2.2
4.0,1096.419740,231.33,-0.23,-69.54,3.97,13.44,7.75,1,9072,8.7,360.5,-5.0
4.0,1096.429740,227.81,0.07,-64.97,3.77,15.14,11.75,1,8948,10.0,402.1,-4.1
4.0,1096.439740,225.18,0.23,-60.35,3.73,15.89,14.25,1,8809,11.3,420.6,-3.8
4.0,1096.449740,223.95,0.33,-56.46,3.79,15.64,15.5,1,8681,13.4,371.0,1.0
4.0,1096.459740,223.24,0.33,-54.47,3.83,14.4,16.25,1,9569,1.8,247.9,-3.6
4.0,1096.469740,223.07,0.35,-54.42,3.72,12.27,16.25,1,9450,3.7,129.0,-1.0
4.0,1096.479740,223.15,0.39,-54.98,3.69,9.36,15.5,1,9323,0.6,62.8,-3.4
4.0,1096.489740,224.38,0.39,-55.51,3.67,5.86,14.0,1,9207,1.3,12.6,1.7
4.0,1096.499740,226.49,0.34,-56.24,3.72,2.0,12.0,1,9068,-1.3,-22.5,-1.5
4.0,1096.509740,229.04,0.32,-58.03,3.65,-2.0,9.25,1,8949,-5.5,-143.8,0.9
4.0,1096.519740,232.29,0.16,-61.37,3.73,-5.86,6.0,1,8813,-5.3,-212.0,2.9
4.0,1096.529740,235.72,0.04,-64.74,3.79,-9.36,2.25,1,8686,-6.8,-269.6,2.2
4.0,1096.539740,239.77,-0.12,-68.52,3.88,-12.27,-1.75,1,9574,-6.5,-320.5,4.0
4.0,1096.549740,243.72,-0.4,-72.67,4.08,-14.4,-6.0,1,9449,-9.6,-363.5,3.6
4.0,1096.559740,247.32,-0.87,-77.12,4.43,-15.64,-9.75,1,9327,-8.9,-402.0,4.6
4.0,1096.569740,249.87,-1.75,-81.74,5.23,-15.89,-12.25,1,9212,-11.0,-423.6,3.5
4.0,1096.579740,251.37,-3.38,-85.73,6.72,-15.14,-13.75,1,9073,-12.1,-377.3,-0.3
4.0,1096.589740,251.54,-6.46,-87.77,9.75,-13.44,-14.0,1,8945,-4.4,-250.5,3.4
4.0,1096.599740,251.37,-8.13,-87.8,11.48,-10.9,-13.25,1,8809,-1.8,-131.2,3.2
4.0,1096.609740,250.49,-5.42,-86.81,8.78,-7.67,-11.75,1,8692,-1.6,-19.4,-0.3
4.0,1096.619740,248.55,-3.74,-85.58,7.12,-3.96,-9.75,1,9569,1.9,12.1,2.6
4.0,1096.629740,245.83,-3.16,-83.96,6.62,-0.0,-7.25,1,9452,5.0,130.7,2.6
4.0,1096.639740,242.93,-1.95,-80.63,5.51,3.96,-3.75,1,9332,7.1,214.7,0.3
4.0,1096.649740,239.5,-1.04,-77.14,4.65,7.67,-0.25,1,9208,4.9,264.9,-4.9
4.0,1096.659740,235.55,-0.49,-73.58,4.14,10.9,3.75,1,9068,7.8,306.4,-2.2
4.0,1096.669740,231.33,-0.23,-69.56,3.98,13.44,7.75,1,8941,8.7,360.3,-5.1
4.0,1096.679740,227.72,0.08,-64.99,3.78,15.14,11.75,1,8814,10.1,402.8,-4.2
4.0,1096.689740,225.18,0.24,-60.33,3.74,15.89,14.25,1,8686,11.4,423.4,-3.7
4.0,1096.699740,223.77,0.33,-56.4,3.8,15.64,15.5,1,9574,13.5,372.8,1.0
4.0,1096.709740,223.07,0.33,-54.4,3.84,14.4,16.25,1,9449,1.7,250.0,-3.6
4.0,1096.719740,222.98,0.35,-54.33,3.72,12.27,16.5,1,9328,3.7,130.1,-1.0
4.0,1096.729740,223.07,0.4,-54.88,3.7,9.36,15.75,1,9209,0.9,65.6,-3.4
4.0,1096.739740,224.38,0.4,-55.39,3.68,5.86,14.25,1,9073,1.2,13.6,2.0
4.0,1096.749740,226.32,0.34,-56.14,3.73,2.0,12.25,1,8947,-1.2,-23.8,-1.7
4.0,1096.759740,228.96,0.33,-57.95,3.66,-2.0,9.25,1,8810,-5.3,-143.2,0.8
4.0,1096.769740,232.12,0.18,-61.24,3.73,-5.86,6.25,1,8691,-5.3,-209.4,2.9
4.0,1096.779740,235.63,0.04,-64.59,3.8,-9.36,2.5,1,9570,-6.8,-269.1,2.2
4.0,1096.789740,239.41,-0.11,-68.39,3.88,-12.27,-1.5,1,9442,-6.8,-320.3,3.8
4.0,1096.799740,243.54,-0.39,-72.5,4.08,-14.4,-5.75,1,9332,-9.3,-359.8,3.8
4.0,1096.809740,247.15,-0.84,-76.89,4.42,-15.64,-9.75,1,9208,-9.1,-398.5,4.5
4.0,1096.819740,249.61,-1.67,-81.5,5.16,-15.89,-12.25,1,9069,-10.9,-422.6,3.6
4.0,1096.829740,251.1,-3.11,-85.44,6.47,-15.14,-13.5,1,8950,-11.7,-370.0,-0.6
4.0,1096.839740,251.28,-5.32,-87.4,8.63,-13.44,-13.75,1,8817,-4.4,-248.8,3.2
4.0,1096.849740,251.28,-7.13,-87.49,10.49,-10.9,-13.25,1,8695,-2.4,-131.5,4.2
4.0,1096.859740,250.4,-5.22,-86.6,8.58,-7.67,-11.75,1,9575,-1.3,-27.0,-0.8
4.0,1096.869740,248.29,-3.52,-85.45,6.91,-3.96,-9.75,1,9447,1.7,11.1,2.4
4.0,1096.879740,245.65,-3.03,-83.77,6.5,0.0,-7.0,1,9328,5.2,129.9,2.9
4.0,1096.889740,242.93,-1.94,-80.5,5.5,3.96,-3.75,1,9211,6.9,208.2,0.4
4.0,1096.899740,239.33,-1.03,-77.09,4.64,7.67,-0.25,1,9074,4.7,263.1,-5.0
4.0,1096.909740,235.46,-0.49,-73.49,4.14,10.9,3.75,1,8946,7.7,304.6,-2.1
4.0,1096.919740,231.33,-0.23,-69.5,3.99,13.44,7.75,1,8810,8.8,357.9,-5.2
4.0,1096.929740,227.72,0.08,-64.96,3.78,15.14,11.75,1,8709,10.0,400.9,-4.1
4.0,1096.939740,225.18,0.23,-60.31,3.75,15.89,14.25,1,9570,11.2,422.1,-3.8
4.0,1096.949740,223.95,0.33,-56.38,3.8,15.64,15.5,1,9443,13.6,371.3,1.0
4.0,1096.959740,223.15,0.33,-54.4,3.85,14.4,16.25,1,9333,1.8,249.1,-3.6
4.0,1096.969740,222.98,0.35,-54.34,3.73,12.27,16.25,1,9208,3.7,127.9,-0.9
4.0,1096.979740,223.07,0.39,-54.9,3.71,9.36,15.75,1,9069,0.9,65.2,-3.5
4.0,1096.989740,224.38,0.4,-55.4,3.69,5.86,14.25,1,8942,1.1,13.0,1.9
4.0,1096.999740,226.49,0.34,-56.15,3.74,2.0,12.0,1,8814,-1.2,-23.2,-1.7
4.0,1097.009740,229.04,0.33,-57.97,3.67,-2.0,9.25,1,8713,-5.5,-145.5,1.0
4.0,1097.019740,232.21,0.17,-61.33,3.74,-5.86,6.0,1,9575,-5.4,-213.5,2.8
4.0,1097.029740,235.81,0.04,-64.74,3.81,-9.36,2.25,1,9450,-6.8,-272.6,2.4
4.0,1097.039740,239.68,-0.12,-68.56,3.9,-12.27,-1.75,1,9329,-6.7,-323.1,3.9
4.0,1097.049740,243.72,-0.41,-72.72,4.1,-14.4,-6.0,1,9201,-9.6,-365.4,3.8
4.0,1097.059740,247.41,-0.88,-77.18,4.46,-15.64,-9.75,1,9074,-9.0,-403.5,4.6
4.0,1097.069740,249.96,-1.76,-81.81,5.26,-15.89,-12.5,1,8948,-11.0,-425.0,3.5
4.0,1097.079740,251.37,-3.45,-85.8,6.8,-15.14,-13.75,1,8810,-12.2,-377.5,-0.3
4.0,1097.089740,251.46,-6.7,-87.83,10.0,-13.44,-14.0,1,8709,-4.4,-251.1,3.5
4.0,1097.099740,251.46,-8.44,-87.88,11.8,-10.9,-13.25,1,9571,-1.7,-132.3,2.9
4.0,1097.109740,250.58,-5.47,-86.86,8.85,-7.67,-11.75,1,9452,-1.4,-16.1,-0.2
4.0,1097.119740,248.55,-3.77,-85.58,7.16,-3.96,-9.75,1,9333,1.8,12.8,2.7
4.0,1097.129740,246.01,-3.21,-84.04,6.68,0.0,-7.25,1,9200,4.4,124.4,2.4
4.0,1097.139740,243.11,-2.0,-80.8,5.56,3.96,-4.0,1,9070,7.7,213.2,0.6
4.0,1097.149740,239.5,-1.07,-77.27,4.69,7.67,-0.5,1,8942,4.7,264.3,-5.0
4.0,1097.159740,235.55,-0.5,-73.72,4.16,10.9,3.5,1,8814,8.0,304.4,-2.1
4.0,1097.169740,231.5,-0.25,-69.72,4.01,13.44,7.75,1,8705,8.1,359.2,-5.0
4.0,1097.179740,227.9,0.06,-65.15,3.8,15.14,11.5,1,9575,10.4,402.5,-4.3
4.0,1097.189740,225.35,0.23,-60.5,3.75,15.89,14.0,1,9448,11.2,421.8,-3.7
4.0,1097.199740,223.95,0.32,-56.59,3.82,15.64,15.25,1,9329,13.7,371.7,1.0
4.0,1097.209740,223.68,0.33,-54.6,3.86,14.4,15.75,1,9203,1.8,248.9,-3.7
4.0,1097.219740,223.77,0.35,-54.52,3.74,12.27,15.25,1,9074,3.8,130.9,-0.9
4.0,1097.229740,224.65,0.35,-55.46,3.76,9.36,14.0,1,8949,-0.0,24.5,-0.8
4.0,1097.239740,226.41,0.34,-56.73,3.72,5.86,12.25,1,8810,-0.6,-21.3,-1.2
4.0,1097.249740,228.78,0.31,-58.18,3.71,2.0,9.75,1,8709,-3.4,-99.2,0.7
4.0,1097.259740,231.68,0.21,-60.8,3.74,-2.0,6.75,1,9571,-5.1,-183.5,1.1
4.0,1097.269740,234.93,0.08,-64.09,3.78,-5.86,3.25,1,9452,-6.6,-245.4,2.9
4.0,1097.279740,238.62,-0.09,-67.72,3.88,-9.36,-0.75,1,9334,-6.9,-300.2,2.6
4.0,1097.289740,242.67,-0.31,-71.65,4.02,-12.27,-4.75,1,9199,-8.4,-338.2,4.0
4.0,1097.299740,246.8,-0.73,-75.85,4.35,-14.4,-9.25,1,9070,-8.8,-382.5,4.3
4.0,1097.309740,250.4,-1.43,-80.43,4.97,-15.64,-13.25,1,8951,-9.9,-413.9,4.1
4.0,1097.319740,252.95,-3.35,-85.06,6.78,-15.89,-15.75,1,8815,-10.1,-431.9,4.1
4.0,1097.329740,254.71,-17.5,-89.03,20.81,-15.14,-17.25,1,8714,-12.7,-382.2,-0.1
4.0,1097.339740,255.5,-164.75,-88.93,168.0,-13.44,-18.25,1,9576,-3.9,-245.4,3.1
4.0,1097.349740,255.67,-164.95,-88.62,168.28,-10.9,-18.25,1,9451,-0.1,-166.9,5.3
4.0,1097.359740,255.5,-165.85,-88.51,169.17,-7.67,-17.25,1,9330,-5.2,-88.8,-1.3
4.0,1097.369740,254.18,-153.64,-89.27,156.93,-3.96,-15.75,1,9202,1.8,1.0,2.7
4.0,1097.379740,251.98,-34.33,-89.31,37.71,-0.0,-13.25,1,9074,1.8,32.7,3.2
4.0,1097.389740,249.17,-9.6,-87.58,13.02,3.96,-10.25,1,8948,4.4,149.6,1.2
4.0,1097.399740,245.74,-3.32,-84.04,6.81,7.67,-6.75,1,8811,6.0,239.5,-3.0
4.0,1097.409740,242.05,-1.56,-80.2,5.12,10.9,-3.0,1,8710,7.1,294.9,-2.3
4.0,1097.419740,237.74,-0.88,-76.2,4.52,13.44,1.25,1,9571,7.9,344.1,-4.1
4.0,1097.429740,233.35,-0.38,-71.9,4.1,15.14,5.75,1,9453,8.8,381.2,-4.7
4.0,1097.439740,229.66,-0.05,-67.22,3.88,15.89,9.75,1,9325,11.3,431.1,-5.1
4.0,1097.449740,226.85,0.18,-62.19,3.77,15.64,12.5,1,9200,11.1,452.4,-4.7
4.0,1097.459740,225.53,0.27,-58.11,3.85,14.4,13.75,1,9070,16.0,387.3,2.4
4.0,1097.469740,225.0,0.27,-55.98,3.91,12.27,14.25,1,8943,1.5,277.7,-5.3
4.0,1097.479740,225.18,0.31,-55.7,3.75,9.36,13.75,1,8815,4.2,137.4,-0.1
4.0,1097.489740,226.14,0.3,-56.79,3.8,5.86,12.5,1,8714,-0.0,31.3,-1.7
4.0,1097.499740,227.99,0.3,-57.96,3.74,2.0,10.5,1,9576,-0.4,-10.3,-0.5
4.0,1097.509740,230.36,0.27,-59.58,3.74,-2.0,8.0,1,9449,-3.0,-120.4,-0.2
4.0,1097.519740,233.44,0.16,-62.62,3.76,-5.86,4.75,1,9330,-6.5,-194.0,2.2
4.0,1097.529740,236.87,-0.03,-65.93,3.85,-9.36,1.25,1,9202,-6.8,-256.9,2.2
4.0,1097.539740,240.56,-0.2,-69.61,3.96,-12.27,-2.75,1,9075,-7.3,-305.1,3.7
4.0,1097.549740,244.6,-0.5,-73.64,4.18,-14.4,-7.0,1,8948,-8.3,-355.4,3.4
4.0,1097.559740,248.2,-0.97,-78.09,4.55,-15.64,-10.75,1,8811,-9.3,-394.0,4.1
4.0,1097.569740,250.66,-2.08,-82.68,5.57,-15.89,-13.25,1,8710,-9.9,-421.2,4.4
4.0,1097.579740,251.89,-4.61,-86.62,7.97,-15.14,-14.5,1,9572,-13.5,-366.6,-0.5
4.0,1097.589740,252.16,-10.01,-88.48,13.3,-13.44,-14.75,1,9444,-3.2,-242.0,3.4
4.0,1097.599740,252.16,-11.34,-88.4,14.72,-10.9,-14.0,1,9334,-2.0,-117.3,2.3
4.0,1097.609740,251.19,-6.61,-87.35,10.0,-7.67,-12.75,1,9200,-0.5,-18.6,0.4
4.0,1097.619740,249.52,-4.62,-86.27,8.03,-3.96,-10.75,1,9071,1.0,10.6,2.0
4.0,1097.629740,246.88,-3.72,-84.89,7.18,-0.0,-8.0,1,8943,4.0,108.7,2.2
4.0,1097.639740,243.98,-2.34,-81.92,5.89,3.96,-5.0,1,8816,7.5,199.5,1.1
4.0,1097.649740,240.38,-1.28,-78.36,4.91,7.67,-1.25,1,8714,4.6,265.2,-4.2
4.0,1097.659740,236.43,-0.6,-74.64,4.27,10.9,2.75,1,9576,8.3,306.1,-2.8
4.0,1097.669740,232.29,-0.29,-70.68,4.06,13.44,6.75,1,9452,8.2,355.6,-4.5
4.0,1097.679740,228.16,0.01,-66.14,3.84,15.14,11.0,1,9330,9.8,403.9,-4.6
4.0,1097.689740,225.0,0.19,-61.45,3.78,15.89,14.25,1,9203,10.1,421.3,-3.6
4.0,1097.699740,222.98,0.3,-57.11,3.78,15.64,16.25,1,9075,11.7,416.2,-2.2
4.0,1097.709740,222.28,0.38,-53.96,3.82,14.4,17.25,1,8948,9.9,320.6,-0.9
4.0,1097.719740,222.28,0.4,-52.93,3.8,12.27,17.0,1,8812,2.6,198.1,-3.1
4.0,1097.729740,222.45,0.39,-53.41,3.75,9.36,16.25,1,8710,2.3,75.0,0.2
4.0,1097.739740,224.12,0.38,-54.64,3.77,5.86,14.25,1,9572,-0.1,-0.4,-1.2
4.0,1097.749740,226.23,0.37,-55.86,3.72,2.0,12.25,1,9445,-1.9,-46.3,0.0
4.0,1097.759740,229.13,0.3,-58.05,3.73,-2.0,9.25,1,9334,-4.9,-173.2,0.7
4.0,1097.769740,232.38,0.2,-61.61,3.75,-5.86,5.75,1,9199,-5.6,-228.7,2.1
4.0,1097.779740,235.99,0.04,-65.0,3.83,-9.36,2.25,1,9071,-7.6,-283.9,3.1
4.0,1097.789740,239.85,-0.16,-68.89,3.94,-12.27,-2.0,1,8944,-7.6,-333.4,3.5
4.0,1097.799740,244.07,-0.43,-73.09,4.13,-14.4,-6.25,1,8816,-9.3,-370.8,4.0
4.0,1097.809740,247.68,-0.92,-77.56,4.52,-15.64,-10.25,1,8714,-9.1,-409.6,4.3
4.0,1097.819740,250.22,-1.88,-82.25,5.39,-15.89,-12.75,1,9576,-10.9,-429.9,3.9
4.0,1097.829740,251.72,-3.96,-86.24,7.33,-15.14,-14.25,1,9449,-12.9,-378.5,-0.4
4.0,1097.839740,251.89,-8.52,-88.26,11.83,-13.44,-14.5,1,9330,-4.1,-254.5,3.7
4.0,1097.849740,251.89,-10.83,-88.33,14.22,-10.9,-13.75,1,9194,-1.6,-131.9,2.6
4.0,1097.859740,251.19,-6.64,-87.37,10.04,-7.67,-12.75,1,9076,-1.4,-25.9,0.5
4.0,1097.869740,249.52,-4.6,-86.23,8.0,-3.96,-10.75,1,8951,1.4,9.3,2.3
4.0,1097.879740,246.8,-3.68,-84.83,7.14,-0.0,-8.0,1,8812,3.6,104.5,1.9
4.0,1097.889740,243.9,-2.31,-81.92,5.87,3.96,-4.75,1,8710,7.5,196.5,1.3
4.0,1097.899740,240.38,-1.29,-78.37,4.92,7.67,-1.25,1,9572,4.8,262.8,-4.3
4.0,1097.909740,236.43,-0.6,-74.65,4.27,10.9,2.75,1,9445,8.0,305.8,-2.8
4.0,1097.919740,232.38,-0.29,-70.69,4.07,13.44,6.75,1,9335,8.3,353.2,-4.4
4.0,1097.929740,228.34,0.01,-66.21,3.85,15.14,11.0,1,9200,9.9,400.4,-4.8
4.0,1097.939740,225.18,0.19,-61.55,3.78,15.89,14.25,1,9071,9.6,418.7,-3.5
4.0,1097.949740,223.07,0.3,-57.24,3.79,15.64,16.25,1,8947,12.0,413.1,-2.2
4.0,1097.959740,222.28,0.38,-54.1,3.82,14.4,17.0,1,8808,9.5,319.5,-1.0
4.0,1097.969740,222.28,0.4,-53.03,3.8,12.27,16.75,1,8715,2.7,200.3,-2.9
4.0,1097.979740,222.63,0.39,-53.46,3.76,9.36,16.0,1,9577,2.4,76.8,0.2
4.0,1097.989740,224.3,0.38,-54.76,3.77,5.86,14.25,1,9451,-0.3,-6.8,-1.4
4.0,1097.999740,226.32,0.37,-56.09,3.72,2.0,12.0,1,9331,-1.7,-49.1,0.3
4.0,1098.009740,229.22,0.29,-58.23,3.74,-2.0,9.25,1,9195,-5.2,-171.6,0.5
4.0,1098.019740,232.47,0.18,-61.72,3.76,-5.86,5.75,1,9076,-5.7,-226.9,2.5
4.0,1098.029740,235.99,0.03,-65.09,3.84,-9.36,2.0,1,8949,-7.4,-281.7,2.8
4.0,1098.039740,240.03,-0.15,-68.96,3.94,-12.27,-2.0,1,8813,-7.3,-331.5,3.6
4.0,1098.049740,244.16,-0.44,-73.19,4.14,-14.4,-6.5,1,8711,-9.6,-373.0,3.9
4.0,1098.059740,247.76,-0.94,-77.71,4.55,-15.64,-10.25,1,9573,-9.0,-411.0,4.5
4.0,1098.069740,250.4,-1.94,-82.4,5.46,-15.89,-13.0,1,9445,-10.8,-431.1,3.9
4.0,1098.079740,251.89,-4.16,-86.38,7.53,-15.14,-14.25,1,9336,-13.2,-378.5,-0.3
4.0,1098.089740,252.16,-9.42,-88.39,12.72,-13.44,-14.75,1,9199,-4.0,-254.7,3.7
4.0,1098.099740,251.98,-11.92,-88.47,15.31,-10.9,-14.0,1,9072,-1.7,-132.7,2.4
4.0,1098.109740,251.28,-7.02,-87.51,10.41,-7.67,-12.75,1,8944,-1.1,-24.3,0.5
4.0,1098.119740,249.43,-4.72,-86.32,8.14,-3.96,-10.75,1,8817,1.4,11.6,2.2
4.0,1098.129740,246.97,-3.79,-84.98,7.26,-0.0,-8.25,1,9705,3.6,97.5,1.9
4.0,1098.139740,244.07,-2.41,-82.16,5.97,3.96,-5.0,1,9578,7.3,197.1,1.5
4.0,1098.149740,240.56,-1.33,-78.54,4.97,7.67,-1.5,1,9451,4.7,262.0,-4.3
4.0,1098.159740,236.6,-0.61,-74.86,4.29,10.9,2.25,1,9331,8.1,303.6,-2.9
4.0,1098.169740,232.56,-0.31,-70.93,4.09,13.44,6.75,1,9195,8.2,351.9,-4.1
4.0,1098.179740,229.04,-0.01,-66.45,3.87,15.14,10.25,1,9077,9.7,399.5,-5.0
4.0,1098.189740,226.49,0.18,-61.78,3.78,15.89,12.75,1,8949,9.4,419.4,-3.6
4.0,1098.199739,225.09,0.27,-57.86,3.86,15.64,14.25,1,8813,15.8,371.8,1.4
4.0,1098.209740,224.74,0.31,-55.82,3.9,14.4,14.5,1,9700,1.9,251.5,-4.1
4.0,1098.219740,224.74,0.31,-55.73,3.77,12.27,14.25,1,9574,3.3,129.2,-0.6
4.0,1098.229740,225.26,0.3,-56.71,3.81,9.36,13.75,1,9446,0.4,24.1,-0.7
4.0,1098.239740,225.97,0.31,-57.82,3.75,5.86,12.5,1,9336,-1.4,-5.1,-2.4
4.0,1098.249740,227.9,0.31,-58.71,3.72,2.0,10.5,1,9200,-0.6,-59.9,1.3
4.0,1098.259740,230.27,0.26,-60.05,3.76,-2.0,8.0,1,9073,-2.5,-79.4,-0.9
4.0,1098.269740,233.26,0.18,-62.25,3.76,-5.86,4.75,1,8936,-6.5,-200.0,3.2
4.0,1098.279740,236.78,-0.04,-65.97,3.88,-9.36,1.25,1,8817,-6.8,-252.0,2.1
4.0,1098.289740,240.56,-0.19,-69.55,3.97,-12.27,-2.5,1,9705,-6.5,-305.9,4.0
4.0,1098.299740,244.51,-0.48,-73.62,4.19,-14.4,-6.75,1,9578,-8.1,-352.3,3.2
4.0,1098.309740,248.12,-0.94,-77.99,4.55,-15.64,-10.5,1,9451,-9.3,-391.4,4.4
4.0,1098.319740,250.58,-2.04,-82.58,5.55,-15.89,-13.0,1,9332,-10.1,-419.2,4.1
4.0,1098.329740,251.72,-4.4,-86.52,7.77,-15.14,-14.25,1,9196,-13.3,-366.7,-0.5
4.0,1098.339740,251.98,-9.3,-88.39,12.61,-13.44,-14.5,1,9077,-3.3,-240.8,3.3
4.0,1098.349740,251.98,-10.72,-88.32,14.12,-10.9,-13.75,1,8943,-1.6,-119.3,2.7
4.0,1098.359742,251.02,-6.53,-87.3,9.93,-7.67,-12.5,1,8815,-0.7,-18.9,0.2
5.0,1100.389740,246.27,-1.88,-82.5,5.43,-0.0,-7.75,1,9468,-0.8,-76.3,0.9
5.0,1100.399740,244.86,-1.46,-81.1,5.03,3.93,-5.75,1,9329,-0.6,0.1,1.7
5.0,1100.409740,242.4,-1.35,-79.83,4.95,7.48,-3.5,1,9202,3.3,49.7,1.2
5.0,1100.419740,239.5,-1.1,-77.65,4.79,10.3,-0.5,1,9074,5.5,169.1,2.3
5.0,1100.429740,235.99,-0.68,-73.98,4.43,12.11,3.25,1,8947,4.9,248.0,-3.8
5.0,1100.439740,232.65,-0.2,-70.16,4.02,12.73,6.5,1,8847,9.1,303.3,-3.2
5.0,1100.449740,230.1,0.02,-66.05,3.93,12.11,9.25,1,9707,9.0,355.5,-3.3
5.0,1100.459740,228.43,0.13,-62.1,3.91,10.3,10.75,1,9580,9.7,342.8,-0.6
5.0,1100.469740,228.08,0.16,-59.58,3.98,7.48,11.25,1,9461,9.0,264.6,-0.0
5.0,1100.479740,228.16,0.2,-58.8,3.94,3.93,10.5,1,9325,1.1,156.5,-2.7
5.0,1100.489740,229.31,0.19,-59.51,3.88,0.0,9.25,1,9206,1.5,37.0,0.4
5.0,1100.499740,231.24,0.18,-60.89,3.89,-3.93,7.25,1,9026,-0.6,-19.1,-1.8
5.0,1100.509740,233.7,0.15,-62.72,3.84,-7.48,4.5,1,8943,-4.8,-126.4,1.0
5.0,1100.519740,236.87,-0.01,-65.86,3.92,-10.3,1.25,1,8850,-5.2,-206.1,0.9
5.0,1100.529740,240.38,-0.15,-69.26,3.99,-12.11,-2.25,1,9712,-7.1,-260.5,3.0
5.0,1100.539740,243.98,-0.45,-73.0,4.21,-12.73,-6.25,1,9577,-7.4,-319.7,3.3
5.0,1100.549740,247.32,-0.85,-77.14,4.54,-12.11,-9.75,1,9469,-8.4,-355.3,3.7
5.0,1100.559740,249.35,-1.63,-81.34,5.22,-10.3,-11.75,1,9330,-9.6,-384.2,3.6
5.0,1100.569740,250.31,-2.93,-85.09,6.39,-7.48,-12.75,1,9202,-12.1,-345.8,-0.7
5.0,1100.579740,250.4,-4.14,-86.7,7.55,-3.93,-12.75,1,9075,-2.7,-199.4,2.4
5.0,1100.589740,249.96,-4.18,-86.06,7.67,0.0,-11.5,1,8947,-1.6,-82.5,3.1
5.0,1100.599740,248.38,-3.38,-84.92,6.87,3.93,-9.5,1,8846,-0.4,-3.3,0.8
5.0,1100.609740,245.74,-2.55,-83.6,6.09,7.48,-7.0,1,9707,3.9,53.5,1.6
5.0,1100.619740,242.84,-2.0,-81.15,5.65,10.3,-3.75,1,9581,6.6,188.0,3.4
5.0,1100.629740,239.33,-1.13,-77.24,4.84,12.11,-0.25,1,9462,5.0,257.0,-5.8
5.0,1100.639740,235.46,-0.43,-73.51,4.19,12.73,3.75,1,9325,7.3,304.6,-1.7
5.0,1100.649740,232.12,-0.24,-69.43,4.09,12.11,7.25,1,9201,9.2,360.3,-4.4
5.0,1100.659740,229.92,0.07,-64.86,3.89,10.3,9.5,1,9080,10.1,400.5,-4.3
5.0,1100.669740,228.78,0.15,-61.04,3.97,7.48,10.5,1,8943,14.3,342.6,3.0
5.0,1100.679740,228.69,0.13,-59.34,4.05,3.93,10.5,1,8850,0.8,227.9,-4.1
5.0,1100.689740,229.13,0.18,-59.48,3.88,0.0,9.5,1,9712,3.5,100.8,-0.3
5.0,1100.699740,230.8,0.16,-60.68,3.93,-3.93,7.75,1,9585,-0.5,6.8,-0.9
5.0,1100.709740,232.91,0.12,-62.18,3.9,-7.48,5.25,1,9466,-2.6,-55.8,-0.3
5.0,1100.719740,235.81,0.05,-64.56,3.89,-10.3,2.25,1,9330,-4.7,-175.1,0.1
5.0,1100.729740,239.06,-0.09,-68.09,3.96,-12.11,-1.0,1,9203,-6.0,-234.2,2.7
5.0,1100.739740,242.75,-0.34,-71.6,4.14,-12.73,-4.75,1,9077,-7.9,-291.2,2.3
5.0,1100.749740,245.92,-0.67,-75.56,4.38,-12.11,-8.25,1,8948,-7.5,-339.8,4.0
5.0,1100.759740,247.94,-1.31,-79.8,4.94,-10.3,-10.25,1,8846,-9.4,-375.2,3.5
5.0,1100.769740,249.17,-2.06,-83.51,5.56,-7.48,-11.5,1,9708,-12.4,-335.4,-1.3
5.0,1100.779740,249.61,-2.56,-85.0,6.0,-3.93,-12.25,1,9581,-2.6,-188.8,3.1
5.0,1100.789740,249.7,-3.18,-84.79,6.72,-0.0,-11.75,1,9462,0.2,-125.6,3.9
5.0,1100.799740,248.99,-2.96,-84.68,6.48,3.93,-10.25,1,9326,-5.4,-52.5,-2.1
5.0,1100.809740,247.06,-2.34,-83.92,5.82,7.48,-8.25,1,9210,2.3,4.0,3.1
5.0,1100.819740,244.16,-2.25,-82.37,5.85,10.3,-5.25,1,9080,4.4,97.7,1.8
5.0,1100.829740,241.0,-1.47,-79.31,5.14,12.11,-1.75,1,8944,5.8,212.8,0.2
5.0,1100.839740,237.22,-0.76,-75.36,4.5,12.73,1.75,1,8851,7.1,280.2,-4.2
5.0,1100.849740,234.23,-0.3,-71.34,4.12,12.11,5.25,1,9712,7.7,334.4,-2.4
5.0,1100.859740,231.94,-0.07,-66.97,3.98,10.3,7.25,1,9585,9.7,382.7,-5.1
5.0,1100.869740,230.98,0.08,-63.23,4.0,7.48,8.25,1,9469,14.8,326.2,3.8
5.0,1100.879740,231.06,0.02,-61.69,4.13,3.93,8.25,1,9331,1.4,210.5,-3.3
5.0,1100.889740,231.5,0.08,-61.96,3.94,-0.0,7.0,1,9203,1.7,88.4,-0.9
5.0,1100.899740,233.0,0.05,-63.16,3.97,-3.93,5.25,1,9076,0.1,2.0,-0.6
5.0,1100.909740,235.28,0.02,-64.61,3.96,-7.48,2.75,1,8949,-2.6,-57.8,-0.4
5.0,1100.919740,238.1,-0.07,-66.97,3.97,-10.3,-0.0,1,8847,-5.0,-176.5,0.4
5.0,1100.929740,241.35,-0.23,-70.47,4.05,-12.11,-3.5,1,9709,-6.9,-231.7,1.6
5.0,1100.939740,244.51,-0.52,-73.93,4.26,-12.73,-6.75,1,9582,-6.8,-290.2,3.2
5.0,1100.949740,246.97,-0.96,-77.87,4.63,-12.11,-9.5,1,9463,-8.2,-335.9,2.8
5.0,1100.959740,248.29,-1.61,-81.65,5.17,-10.3,-10.75,1,9327,-10.2,-331.5,1.8
5.0,1100.969740,248.73,-2.38,-84.15,5.86,-7.48,-11.25,1,9211,-7.1,-254.9,0.7
5.0,1100.979740,248.64,-2.72,-84.7,6.2,-3.93,-10.5,1,9080,-2.3,-131.8,2.3
5.0,1100.989740,247.76,-2.39,-83.76,5.92,-0.0,-9.0,1,8944,-0.5,-28.7,0.2
5.0,1100.999740,245.83,-1.93,-82.69,5.48,3.93,-6.75,1,9840,0.6,4.5,1.3
5.0,1101.009740,243.11,-1.76,-81.11,5.37,7.48,-4.25,1,9713,5.1,124.9,2.8
5.0,1101.019740,239.94,-1.22,-77.81,4.92,10.3,-0.75,1,9586,6.4,209.2,-0.8
5.0,1101.029740,236.34,-0.61,-74.28,4.38,12.11,2.75,1,9468,6.0,269.4,-3.5
5.0,1101.039740,232.47,-0.25,-70.41,4.08,12.73,6.75,1,9331,8.3,326.7,-3.0
5.0,1101.049740,229.13,-0.0,-66.09,3.94,12.11,10.25,1,9204,9.7,374.2,-4.4
5.0,1101.059740,226.76,0.19,-61.68,3.85,10.3,12.5,1,9076,9.2,394.1,-3.2
5.0,1101.069740,225.97,0.26,-58.03,3.93,7.48,13.5,1,8949,15.0,344.6,2.0
5.0,1101.079740,225.79,0.28,-56.25,3.99,3.93,13.25,1,9836,1.1,228.0,-3.7
5.0,1101.089740,226.23,0.28,-56.56,3.87,-0.0,12.25,1,9709,3.3,85.0,0.5
5.0,1101.099740,227.9,0.26,-57.95,3.9,-3.93,10.75,1,9582,-1.0,4.1,-1.8
5.0,1101.109740,230.27,0.26,-59.27,3.84,-7.48,8.25,1,9466,-1.8,-50.8,-0.1
5.0,1101.119740,233.17,0.17,-61.63,3.86,-10.3,5.25,1,9327,-5.5,-180.7,0.9
5.0,1101.129740,236.6,0.02,-65.34,3.91,-12.11,1.75,1,9211,-6.8,-241.5,2.0
5.0,1101.139740,240.21,-0.18,-68.95,4.03,-12.73,-2.25,1,9073,-7.3,-299.4,3.5
5.0,1101.149740,243.63,-0.44,-73.0,4.22,-12.11,-5.75,1,8945,-8.3,-347.6,2.8
5.0,1101.159740,245.83,-0.86,-77.32,4.54,-10.3,-7.75,1,9841,-8.9,-383.7,4.4
5.0,1101.169740,246.71,-1.35,-81.15,4.91,-7.48,-8.75,1,9713,-12.6,-346.9,-1.7
5.0,1101.179740,246.8,-1.64,-83.0,5.12,-3.93,-8.75,1,9586,-4.4,-221.4,3.8
5.0,1101.189740,246.36,-1.94,-82.64,5.5,-0.0,-7.75,1,9471,-1.0,-89.2,1.1
5.0,1101.199740,244.78,-1.54,-81.36,5.12,3.93,-5.75,1,9332,-0.8,-4.7,1.6
5.0,1101.209740,242.31,-1.43,-79.79,5.05,7.48,-3.25,1,9204,4.0,72.7,2.7
5.0,1101.219740,239.33,-1.09,-77.3,4.82,10.3,-0.25,1,9068,5.7,171.7,0.0
5.0,1101.229740,235.81,-0.59,-73.82,4.36,12.11,3.25,1,8949,4.6,249.0,-3.3
5.0,1101.239740,232.56,-0.21,-70.0,4.05,12.73,6.75,1,9837,9.2,304.6,-3.1
5.0,1101.249740,230.01,0.03,-65.92,3.94,12.11,9.25,1,9709,9.3,353.0,-3.7
5.0,1101.259740,228.34,0.14,-62.02,3.92,10.3,10.75,1,9582,9.5,341.6,-0.3
5.0,1101.269740,227.9,0.16,-59.5,4.0,7.48,11.25,1,9466,8.9,263.6,-0.1
5.0,1101.279740,228.08,0.21,-58.7,3.95,3.93,10.75,1,9328,1.1,157.5,-2.9
5.0,1101.289740,229.04,0.2,-59.37,3.88,0.0,9.25,1,9209,1.6,39.5,0.4
5.0,1101.299740,231.06,0.18,-60.73,3.9,-3.93,7.25,1,9072,-0.7,-18.4,-1.5
5.0,1101.309740,233.53,0.15,-62.53,3.87,-7.48,4.75,1,8945,-4.2,-121.3,0.9
5.0,1101.319740,236.6,0.01,-65.61,3.92,-10.3,1.5,1,9841,-5.6,-205.7,0.7
5.0,1101.329740,239.94,-0.14,-69.02,4.0,-12.11,-2.25,1,9714,-6.7,-256.0,3.2
5.0,1101.339740,243.54,-0.43,-72.7,4.22,-12.73,-5.75,1,9588,-7.4,-317.7,3.1
5.0,1101.349740,246.27,-0.81,-76.88,4.52,-12.11,-8.5,1,9469,-8.5,-356.1,3.9
5.0,1101.359740,247.68,-1.4,-80.77,4.99,-10.3,-10.0,1,9332,-11.4,-350.8,1.1
5.0,1101.369740,248.03,-1.98,-83.52,5.47,-7.48,-10.5,1,9208,-7.0,-280.2,1.2
5.0,1101.379740,248.12,-2.37,-84.2,5.88,-3.93,-9.75,1,9068,-2.5,-138.1,2.3
5.0,1101.389740,247.15,-2.18,-83.16,5.73,0.0,-8.5,1,8949,-0.6,-38.1,1.8
5.0,1101.399740,245.21,-1.91,-82.15,5.48,3.93,-6.25,1,9837,0.1,0.8,1.2
5.0,1101.409740,242.49,-1.64,-80.62,5.27,7.48,-3.75,1,9710,4.9,114.5,2.5
5.0,1101.419740,239.5,-1.11,-77.37,4.84,10.3,-0.25,1,9583,6.1,210.7,-1.4
5.0,1101.429740,235.72,-0.54,-73.75,4.32,12.11,3.25,1,9467,5.9,266.7,-3.3
5.0,1101.439740,232.47,-0.22,-69.97,4.08,12.73,6.75,1,9328,8.6,322.2,-2.9
5.0,1101.449740,229.66,0.02,-65.69,3.95,12.11,9.75,1,9209,9.8,371.7,-4.2
5.0,1101.459740,227.99,0.16,-61.65,3.92,10.3,11.25,1,9073,10.2,354.9,-0.4
5.0,1101.469740,227.55,0.18,-59.08,4.0,7.48,11.75,1,8945,8.9,274.2,-0.4
5.0,1101.479740,227.64,0.23,-58.2,3.95,3.93,11.25,1,9842,1.6,168.9,-3.0
5.0,1101.489740,228.43,0.22,-58.88,3.89,0.0,10.25,1,9717,1.4,37.2,0.6
5.0,1101.499740,230.19,0.18,-60.36,3.92,-3.93,8.25,1,9587,-1.0,-16.5,-1.2
5.0,1101.509740,232.73,0.17,-61.8,3.88,-7.48,5.5,1,9469,-2.2,-90.2,0.6
5.0,1101.519740,235.72,0.06,-64.49,3.91,-10.3,2.25,1,9332,-6.6,-195.4,0.6
5.0,1101.529740,239.24,-0.12,-68.08,3.99,-12.11,-1.25,1,9208,-6.2,-253.7,3.2
5.0,1101.539740,242.93,-0.35,-71.76,4.16,-12.73,-5.0,1,9070,-8.0,-309.7,2.3
5.0,1101.549740,246.18,-0.68,-75.86,4.41,-12.11,-8.5,1,8950,-7.7,-353.3,4.3
5.0,1101.559740,248.29,-1.37,-80.15,5.01,-10.3,-10.75,1,9838,-10.1,-385.9,3.4
5.0,1101.569740,249.26,-2.22,-83.95,5.72,-7.48,-11.5,1,9710,-12.1,-347.3,-1.1
5.0,1101.579740,249.26,-3.0,-85.53,6.45,-3.93,-11.25,1,9583,-2.7,-196.7,3.9
5.0,1101.589740,248.82,-3.14,-84.92,6.67,-0.0,-10.25,1,9465,-2.2,-89.1,0.9
5.0,1101.599740,247.15,-2.38,-83.84,5.91,3.93,-8.25,1,9328,0.2,0.3,1.0
5.0,1101.609740,244.78,-2.0,-82.38,5.6,7.48,-5.75,1,9203,3.7,56.6,2.0
5.0,1101.619740,241.7,-1.6,-79.97,5.28,10.3,-2.75,1,9074,5.4,184.6,2.0
5.0,1101.629740,238.18,-0.94,-76.18,4.68,12.11,0.75,1,8946,5.5,251.4,-3.7
5.0,1101.639740,234.32,-0.38,-72.43,4.19,12.73,4.75,1,9843,8.4,309.0,-2.7
5.0,1101.649740,231.06,-0.12,-68.24,4.03,12.11,8.25,1,9715,8.8,361.2,-4.3
5.0,1101.659740,228.87,0.12,-63.77,3.89,10.3,10.5,1,9588,10.5,395.2,-3.8
5.0,1101.669740,227.46,0.2,-60.0,3.97,7.48,11.75,1,9469,14.0,342.8,2.6
5.0,1101.679740,226.76,0.18,-58.32,4.04,3.93,12.5,1,9333,0.4,220.3,-3.9
5.0,1101.689740,226.93,0.26,-58.18,3.83,0.0,12.25,1,9208,2.8,136.3,-3.3
5.0,1101.699740,227.64,0.28,-58.38,3.9,-3.93,10.75,1,9069,5.5,64.0,3.2
5.0,1101.709740,229.66,0.21,-59.26,3.96,-7.48,8.75,1,8951,-3.2,-15.6,-2.5
5.0,1101.719740,232.21,0.18,-60.99,3.86,-10.3,6.25,1,9838,-3.6,-93.3,1.3
5.0,1101.729740,235.2,0.06,-63.77,3.92,-12.11,3.0,1,9711,-5.8,-200.2,0.2
5.0,1101.739740,238.8,-0.06,-67.48,3.96,-12.73,-0.75,1,9585,-6.5,-263.5,3.1
5.0,1101.749740,241.96,-0.33,-71.29,4.16,-12.11,-4.0,1,9468,-8.5,-318.2,3.0
5.0,1101.759740,244.34,-0.68,-75.46,4.41,-10.3,-6.0,1,9329,-7.8,-362.2,3.9
5.0,1101.769740,245.48,-1.0,-79.27,4.63,-7.48,-6.75,1,9210,-11.7,-336.2,-1.1
5.0,1101.779740,245.39,-1.21,-81.4,4.75,-3.93,-6.75,1,9074,-5.1,-239.5,2.5
5.0,1101.789740,244.78,-1.58,-81.4,5.17,-0.0,-5.75,1,8946,-1.4,-96.0,3.5
5.0,1101.799740,243.02,-1.37,-79.85,5.0,3.93,-4.25,1,9842,-0.5,11.3,0.5
5.0,1101.809740,240.91,-1.11,-77.94,4.79,7.48,-1.75,1,9718,5.2,83.9,3.5
5.0,1101.819740,238.01,-0.84,-75.5,4.61,10.3,1.25,1,9588,3.7,171.8,-2.8
5.0,1101.829740,234.58,-0.36,-72.31,4.17,12.11,4.5,1,9469,6.8,231.1,-2.0
5.0,1101.839740,231.33,-0.16,-68.75,4.06,12.73,7.75,1,9333,6.8,296.2,-2.8
5.0,1101.849740,228.87,0.06,-64.71,3.93,12.11,10.5,1,9208,9.5,339.3,-3.7
5.0,1101.859740,227.37,0.19,-60.96,3.92,10.3,11.75,1,9070,9.8,332.0,0.1
5.0,1101.869740,227.2,0.2,-58.44,4.0,7.48,12.25,1,8951,7.6,259.7,-0.7
5.0,1101.879740,227.37,0.24,-57.72,3.95,3.93,11.5,1,9838,1.6,144.3,-1.8
5.0,1101.889740,228.43,0.22,-58.68,3.92,0.0,10.25,1,9711,1.7,18.8,0.7
5.0,1101.899740,230.45,0.2,-60.17,3.92,-3.93,8.0,1,9584,-1.9,-23.0,-1.8
5.0,1101.909740,233.09,0.17,-61.9,3.87,-7.48,5.25,1,9468,-3.7,-131.2,0.9
5.0,1101.919740,236.07,0.03,-65.07,3.94,-10.3,2.0,1,9329,-6.6,-208.3,1.2
5.0,1101.929740,239.68,-0.14,-68.48,4.02,-12.11,-1.75,1,9202,-6.4,-264.0,3.0
5.0,1101.939740,243.37,-0.38,-72.23,4.19,-12.73,-5.5,1,9075,-8.2,-319.3,2.6
5.0,1101.949740,246.8,-0.75,-76.39,4.47,-12.11,-9.25,1,8947,-8.2,-360.5,4.1
5.0,1101.959740,248.82,-1.48,-80.69,5.11,-10.3,-11.25,1,9843,-10.2,-389.5,3.2
5.0,1101.969740,249.87,-2.5,-84.52,6.01,-7.48,-12.25,1,9718,-11.4,-353.2,-0.7
5.0,1101.979740,249.87,-3.62,-86.24,7.07,-3.93,-12.25,1,9589,-3.9,-208.7,3.3
5.0,1101.989740,249.43,-3.78,-85.66,7.29,0.0,-11.0,1,9472,-1.4,-86.5,1.9
5.0,1101.999740,247.94,-2.9,-84.47,6.44,3.93,-9.25,1,9334,-0.1,-3.5,1.2
5.0,1102.009740,245.3,-2.34,-83.09,5.92,7.48,-6.5,1,9209,3.7,55.3,1.8
5.0,1102.019740,242.49,-1.84,-80.68,5.52,10.3,-3.25,1,9070,6.0,182.8,2.9
5.0,1102.029740,238.8,-1.05,-76.84,4.78,12.11,0.25,1,8952,4.8,256.5,-5.4
5.0,1102.039740,234.93,-0.41,-73.05,4.21,12.73,4.25,1,9839,8.1,305.3,-1.4
5.0,1102.049740,231.86,-0.21,-68.96,4.11,12.11,7.75,1,9711,9.3,360.8,-4.8
5.0,1102.059740,229.48,0.1,-64.44,3.91,10.3,9.75,1,9584,10.0,396.2,-4.0
5.0,1102.069740,228.52,0.17,-60.67,4.0,7.48,10.75,1,9466,14.6,341.2,2.8
5.0,1102.079740,228.43,0.15,-58.99,4.07,3.93,10.75,1,9330,1.0,223.2,-3.8
5.0,1102.089740,228.78,0.19,-59.14,3.91,0.0,9.75,1,9202,3.3,103.4,-0.4
5.0,1102.099740,230.36,0.18,-60.33,3.95,-3.93,8.0,1,9075,-0.8,0.3,-1.2
5.0,1102.109740,232.82,0.13,-61.87,3.92,-7.48,5.5,1,8947,-2.6,-50.8,0.4
5.0,1102.119740,235.63,0.05,-64.18,3.94,-10.3,2.5,1,9835,-5.2,-179.4,-0.3
5.0,1102.129740,238.97,-0.08,-67.82,3.98,-12.11,-0.75,1,9719,-6.0,-234.9,2.9
5.0,1102.139740,242.58,-0.33,-71.32,4.16,-12.73,-4.75,1,9590,-7.9,-295.1,2.2
5.0,1102.149740,245.83,-0.65,-75.35,4.39,-12.11,-8.0,1,9470,-7.4,-342.1,4.0
5.0,1102.159740,247.76,-1.27,-79.6,4.94,-10.3,-10.25,1,9334,-9.4,-378.5,3.6
5.0,1102.169740,249.08,-2.04,-83.34,5.56,-7.48,-11.25,1,9209,-12.6,-336.7,-1.0
5.0,1102.179740,249.43,-2.55,-84.86,6.02,-3.93,-12.0,1,9071,-2.6,-194.6,2.9
5.0,1102.189740,249.43,-3.05,-84.66,6.63,-0.0,-11.5,1,8952,0.7,-121.4,3.6
5.0,1102.199740,248.64,-2.78,-84.39,6.33,3.93,-10.0,1,9839,-5.8,-46.8,-1.8
5.0,1102.209740,246.62,-2.21,-83.6,5.72,7.48,-7.75,1,9712,2.5,5.2,2.6
5.0,1102.219740,243.81,-2.09,-82.0,5.73,10.3,-5.0,1,9585,4.4,108.3,2.0
5.0,1102.229740,240.64,-1.38,-78.84,5.09,12.11,-1.75,1,9468,6.1,213.0,0.0
5.0,1102.239740,236.95,-0.72,-74.99,4.5,12.73,2.25,1,9331,7.1,280.0,-4.0
5.0,1102.249740,233.96,-0.28,-71.03,4.14,12.11,5.5,1,9203,7.5,329.9,-2.7
5.0,1102.259740,231.68,-0.06,-66.7,4.0,10.3,7.5,1,9075,9.7,382.2,-4.7
5.0,1102.269740,230.8,0.09,-62.88,4.04,7.48,8.5,1,8948,15.1,330.6,3.7
5.0,1102.279740,230.71,0.03,-61.28,4.16,3.93,8.25,1,9835,0.7,211.5,-3.4
5.0,1102.289740,230.98,0.08,-61.59,3.97,0.0,7.25,1,9720,2.2,88.3,-0.8
5.0,1102.299740,232.82,0.07,-62.8,4.0,-3.93,5.5,1,9590,-0.4,1.4,-0.8
5.0,1102.309740,235.02,0.03,-64.18,3.98,-7.48,3.25,1,9471,-2.6,-50.4,-0.3
5.0,1102.319740,237.92,-0.05,-66.49,4.0,-10.3,0.25,1,9334,-4.6,-178.7,0.5
5.0,1102.329740,241.17,-0.22,-70.12,4.08,-12.11,-3.25,1,9208,-7.0,-235.1,2.0
5.0,1102.339740,244.34,-0.51,-73.6,4.29,-12.73,-6.5,1,9072,-6.8,-291.0,3.0
5.0,1102.349740,246.88,-0.91,-77.52,4.62,-12.11,-9.25,1,8952,-8.2,-336.5,2.8
5.0,1102.359740,248.29,-1.54,-81.3,5.14,-10.3,-10.5,1,9840,-10.5,-332.3,1.9
5.0,1102.369740,248.82,-2.29,-83.89,5.8,-7.48,-11.25,1,9712,-7.0,-262.9,0.8
5.0,1102.379740,248.99,-2.65,-84.48,6.17,-3.93,-11.25,1,9594,-2.4,-128.7,2.7
5.0,1102.389740,249.08,-2.61,-83.78,6.18,-0.0,-10.5,1,9469,1.0,-64.1,1.8
5.0,1102.399740,247.59,-2.28,-83.26,5.86,3.93,-8.75,1,9330,-2.9,-12.5,-0.2
5.0,1102.409740,245.3,-2.03,-82.69,5.59,7.48,-6.5,1,9203,1.8,5.5,1.1
5.0,1102.419740,242.49,-1.73,-80.87,5.39,10.3,-3.5,1,9079,5.9,164.5,2.1
5.0,1102.429740,239.15,-1.06,-76.94,4.81,12.11,-0.25,1,8956,5.2,233.8,-2.2
5.0,1102.439740,235.37,-0.53,-73.35,4.32,12.73,3.75,1,9836,7.1,290.1,-2.7
5.0,1102.449740,232.21,-0.2,-69.34,4.1,12.11,7.25,1,9717,9.5,345.0,-3.8
5.0,1102.459740,230.01,0.06,-64.93,3.95,10.3,9.25,1,9598,9.8,386.2,-3.9
5.0,1102.469740,229.04,0.14,-61.2,4.02,7.48,10.25,1,9472,13.6,331.1,2.7
5.0,1102.479740,228.96,0.12,-59.57,4.09,3.93,10.25,1,9335,1.2,218.3,-3.7
5.0,1102.489740,229.39,0.16,-59.78,3.94,0.0,9.25,1,9211,3.0,92.1,-0.2
5.0,1102.499740,231.06,0.14,-61.03,3.98,-3.93,7.25,1,9072,-0.4,1.2,-0.9
5.0,1102.509740,233.35,0.1,-62.47,3.95,-7.48,5.0,1,8953,-2.9,-52.5,-0.2
5.0,1102.519740,236.25,0.03,-64.77,3.95,-10.3,2.0,1,9840,-4.5,-176.7,-0.0
5.0,1102.529740,239.41,-0.11,-68.35,4.02,-12.11,-1.25,1,9714,-6.2,-234.1,2.8
5.0,1102.539740,243.11,-0.38,-71.85,4.21,-12.73,-5.25,1,9595,-7.5,-292.4,2.4
5.0,1102.549740,246.27,-0.71,-75.82,4.46,-12.11,-8.5,1,9469,-7.8,-337.8,3.8
5.0,1102.559740,248.29,-1.36,-79.99,5.02,-10.3,-10.75,1,9331,-9.5,-371.9,3.4
5.0,1102.569740,248.99,-2.16,-83.71,5.7,-7.48,-11.5,1,9204,-11.9,-337.9,-1.4
5.0,1102.579740,248.99,-2.87,-85.31,6.35,-3.93,-11.25,1,9079,-2.6,-194.0,3.9
5.0,1102.589740,248.55,-2.98,-84.6,6.53,-0.0,-10.0,1,8958,-1.9,-73.0,0.7
5.0,1102.599740,246.97,-2.21,-83.39,5.77,3.93,-8.25,1,9844,0.3,0.7,0.9
5.0,1102.609740,244.51,-1.91,-82.03,5.52,7.48,-5.5,1,9717,3.4,62.4,2.0
5.0,1102.619740,241.35,-1.53,-79.6,5.23,10.3,-2.5,1,9599,5.4,180.9,1.7
5.0,1102.629740,237.83,-0.9,-75.89,4.67,12.11,1.25,1,9471,6.4,253.1,-3.2
5.0,1102.639740,234.14,-0.37,-72.04,4.22,12.73,5.0,1,9337,7.9,313.2,-3.0
5.0,1102.649740,230.8,-0.1,-67.83,4.04,12.11,8.5,1,9208,9.1,360.7,-4.2
5.0,1102.659740,228.43,0.13,-63.41,3.92,10.3,10.75,1,9072,10.3,394.8,-3.8
5.0,1102.669740,227.37,0.21,-59.63,3.99,7.48,11.75,1,8953,13.6,343.8,2.3
5.0,1102.679740,227.46,0.2,-57.9,4.05,3.93,11.75,1,9840,0.8,224.2,-4.1
5.0,1102.689740,227.9,0.22,-58.08,3.91,0.0,10.75,1,9713,3.5,101.7,0.5
5.0,1102.699740,229.39,0.2,-59.35,3.97,-3.93,9.0,1,9595,-0.3,-4.3,-1.2
5.0,1102.709740,231.68,0.18,-60.86,3.91,-7.48,6.75,1,9468,-2.2,-45.6,-0.1
5.0,1102.719740,234.32,0.1,-62.94,3.93,-10.3,3.75,1,9331,-4.8,-165.8,0.7
5.0,1102.729740,237.66,-0.02,-66.49,3.98,-12.11,0.25,1,9205,-5.5,-235.3,1.8
5.0,1102.739740,241.35,-0.22,-70.02,4.1,-12.73,-3.5,1,9078,-8.2,-282.8,2.9
5.0,1102.749740,244.6,-0.55,-73.89,4.34,-12.11,-6.75,1,8976,-7.8,-339.3,3.8
5.0,1102.759740,246.8,-1.03,-78.21,4.74,-10.3,-8.75,1,9836,-9.1,-375.7,3.3
5.0,1102.769740,247.59,-1.58,-82.01,5.16,-7.48,-9.75,1,9712,-12.2,-344.0,-0.7
5.0,1102.779740,247.59,-2.04,-83.84,5.55,-3.93,-9.5,1,9600,-3.7,-214.5,2.8
5.0,1102.789740,247.15,-2.24,-83.35,5.83,0.0,-8.5,1,9472,-1.6,-80.1,2.1
5.0,1102.799740,245.3,-1.82,-82.04,5.42,3.93,-6.5,1,9336,-0.4,-3.0,0.5
5.0,1102.809740,242.93,-1.57,-80.46,5.22,7.48,-4.0,1,9208,4.1,80.5,3.5
5.0,1102.819740,239.94,-1.21,-77.71,4.96,10.3,-0.75,1,9073,6.1,191.9,-0.9
5.0,1102.829740,236.34,-0.59,-74.11,4.4,12.11,2.75,1,8971,5.9,249.0,-3.1
5.0,1102.839740,232.56,-0.27,-70.48,4.14,12.73,6.5,1,9842,7.8,306.0,-2.6
5.0,1102.849740,229.39,-0.02,-66.29,4.0,12.11,10.0,1,9715,9.3,361.9,-4.4
5.0,1102.859740,227.11,0.17,-61.89,3.9,10.3,12.25,1,9595,8.6,384.1,-3.1
5.0,1102.869740,226.32,0.24,-58.31,3.98,7.48,13.0,1,9462,15.0,335.7,2.1
5.0,1102.879740,226.23,0.27,-56.5,4.04,3.93,12.75,1,9332,1.2,229.3,-3.7
5.0,1102.889740,226.85,0.26,-56.75,3.92,-0.0,11.75,1,9204,3.5,81.5,0.9
5.0,1102.899740,228.52,0.24,-58.29,3.96,-3.93,10.25,1,9077,-1.3,-6.1,-2.0
5.0,1102.909740,230.71,0.22,-59.78,3.89,-7.48,7.5,1,8975,-2.6,-60.9,0.6
5.0,1102.919740,233.7,0.14,-62.2,3.93,-10.3,4.5,1,9837,-4.5,-186.7,-0.0
5.0,1102.929740,237.22,0.02,-65.9,3.95,-12.11,1.0,1,9722,-7.4,-244.1,2.6
5.0,1102.939740,240.91,-0.23,-69.45,4.11,-12.73,-3.0,1,9601,-8.0,-297.5,2.8
5.0,1102.949740,244.25,-0.49,-73.49,4.3,-12.11,-6.5,1,9465,-7.4,-351.0,3.7
5.0,1102.959740,246.53,-0.96,-77.89,4.69,-10.3,-8.5,1,9337,-10.0,-385.9,3.7
5.0,1102.969740,247.5,-1.52,-81.76,5.1,-7.48,-9.5,1,9209,-12.3,-352.3,-1.0
5.0,1102.979740,247.5,-1.91,-83.7,5.43,-3.93,-9.5,1,9073,-3.1,-227.7,2.9
5.0,1102.989740,247.06,-2.23,-83.38,5.83,-0.0,-8.25,1,8971,-2.4,-92.5,2.5
5.0,1102.999740,245.3,-1.84,-82.08,5.44,3.93,-6.5,1,9842,-0.8,-5.3,0.4
5.0,1103.009740,243.02,-1.57,-80.46,5.22,7.48,-4.0,1,9714,4.2,75.5,3.9
5.0,1103.019740,240.12,-1.24,-77.8,5.0,10.3,-1.0,1,9596,5.9,184.7,-0.9
5.0,1103.029740,236.6,-0.61,-74.31,4.43,12.11,2.5,1,9460,5.7,240.0,-2.9
5.0,1103.039740,232.82,-0.29,-70.77,4.17,12.73,6.25,1,9333,7.4,299.5,-2.6
5.0,1103.049740,229.75,-0.04,-66.62,4.01,12.11,9.75,1,9205,9.1,354.8,-4.3
5.0,1103.059740,227.46,0.16,-62.28,3.91,10.3,11.75,1,9077,8.6,379.3,-3.0
5.0,1103.069740,226.67,0.22,-58.73,4.0,7.48,12.75,1,8975,15.0,330.1,2.4
5.0,1103.079740,226.58,0.25,-56.94,4.05,3.93,12.5,1,9837,0.9,228.7,-4.1
5.0,1103.089740,227.37,0.25,-57.14,3.92,0.0,11.25,1,9722,3.7,81.0,1.0
5.0,1103.099740,228.96,0.23,-58.69,3.97,-3.93,9.5,1,9600,-1.1,-6.8,-1.7
5.0,1103.109740,231.42,0.19,-60.41,3.91,-7.48,7.0,1,9464,-3.8,-83.6,0.6
5.0,1103.119740,234.32,0.1,-62.96,3.94,-10.3,3.75,1,9337,-4.4,-178.2,-0.0
5.0,1103.129740,237.74,0.0,-66.42,3.97,-12.11,0.25,1,9211,-6.3,-252.0,2.6
5.0,1103.139740,241.44,-0.25,-70.11,4.13,-12.73,-3.5,1,9077,-8.4,-294.8,3.0
5.0,1103.149740,244.78,-0.56,-74.04,4.36,-12.11,-7.0,1,8981,-7.9,-350.2,3.8
5.0,1103.159740,246.88,-1.06,-78.44,4.78,-10.3,-9.25,1,9842,-9.2,-384.2,3.5
5.0,1103.169740,247.85,-1.67,-82.26,5.26,-7.48,-10.0,1,9714,-12.3,-348.1,-0.4
5.0,1103.179740,247.85,-2.15,-84.05,5.66,-3.93,-9.75,1,9596,-4.1,-215.1,2.6
5.0,1103.189740,247.32,-2.32,-83.57,5.91,-0.0,-8.75,1,9460,-1.4,-84.5,2.2
5.0,1103.199740,245.65,-1.93,-82.33,5.53,3.93,-6.75,1,9333,-0.4,-6.2,0.6
5.0,1103.209740,243.19,-1.61,-80.8,5.27,7.48,-4.25,1,9205,4.1,74.5,2.8
5.0,1103.219740,240.21,-1.27,-78.14,5.03,10.3,-1.25,1,9078,6.0,185.1,0.4
5.0,1103.229740,236.78,-0.68,-74.56,4.5,12.11,2.25,1,8976,5.4,247.9,-3.6
5.0,1103.239740,233.0,-0.28,-70.85,4.15,12.73,6.25,1,9838,7.5,308.3,-2.8
5.0,1103.249740,229.83,-0.04,-66.64,4.02,12.11,9.75,1,9722,9.6,360.3,-4.2
5.0,1103.259740,227.37,0.16,-62.28,3.92,10.3,11.75,1,9592,8.8,384.4,-3.3
5.0,1103.269740,226.49,0.23,-58.7,4.0,7.48,12.75,1,9465,15.3,334.5,2.5
5.0,1103.279740,226.49,0.25,-56.87,4.05,3.93,12.5,1,9337,0.8,232.7,-4.2
5.0,1103.289740,227.2,0.26,-57.04,3.93,-0.0,11.5,1,9212,3.9,84.3,1.0
5.0,1103.299740,228.87,0.23,-58.59,3.98,-3.93,9.75,1,9074,-1.2,-6.3,-1.8
5.0,1103.309740,231.24,0.2,-60.26,3.92,-7.48,7.25,1,8972,-3.6,-76.3,0.6
5.0,1103.319740,234.05,0.11,-62.75,3.94,-10.3,4.25,1,9842,-4.2,-178.5,-0.1
5.0,1103.329740,237.57,0.02,-66.26,3.97,-12.11,0.5,1,9716,-6.8,-248.5,2.5
5.0,1103.339740,241.35,-0.24,-69.89,4.13,-12.73,-3.25,1,9598,-8.2,-292.9,2.9
5.0,1103.349740,244.51,-0.53,-73.83,4.34,-12.11,-6.75,1,9462,-7.7,-349.8,3.9
5.0,1103.359740,246.71,-1.02,-78.23,4.75,-10.3,-8.75,1,9333,-9.7,-383.0,3.4
5.0,1103.369740,247.59,-1.59,-82.04,5.18,-7.48,-9.75,1,9206,-12.2,-347.4,-0.6
5.0,1103.379740,247.68,-2.01,-83.85,5.54,-3.93,-9.75,1,9078,-3.5,-217.0,2.6
5.0,1103.389740,247.24,-2.24,-83.4,5.84,0.0,-8.5,1,8977,-1.9,-84.8,2.5
5.0,1103.399740,245.39,-1.85,-82.12,5.46,3.93,-6.75,1,9838,-0.5,-4.5,0.3
5.0,1103.409740,243.02,-1.56,-80.58,5.22,7.48,-4.25,1,9723,4.0,74.5,3.4
5.0,1103.419740,240.03,-1.24,-77.92,5.0,10.3,-1.0,1,9601,6.1,187.2,-0.4
5.0,1103.429740,236.51,-0.63,-74.35,4.45,12.11,2.5,1,9465,5.4,243.8,-3.3
5.0,1103.439740,232.82,-0.28,-70.75,4.16,12.73,6.25,1,9338,7.4,303.7,-2.6
5.0,1103.449740,229.75,-0.04,-66.57,4.02,12.11,9.75,1,9210,9.5,358.0,-4.2
5.0,1103.459740,227.29,0.17,-62.21,3.92,10.3,11.75,1,9074,8.8,381.9,-3.2
5.0,1103.469740,226.58,0.23,-58.64,4.01,7.48,12.75,1,8972,15.2,332.8,2.5
5.0,1103.479740,226.41,0.25,-56.82,4.06,3.93,12.75,1,9843,0.7,231.6,-4.1
5.0,1103.489740,227.2,0.26,-57.01,3.93,0.0,11.5,1,9716,3.9,82.3,1.0
5.0,1103.499740,228.78,0.24,-58.57,3.98,-3.93,9.75,1,9597,-1.2,-6.6,-1.9
5.0,1103.509740,231.15,0.2,-60.19,3.92,-7.48,7.25,1,9461,-3.3,-73.4,0.8
5.0,1103.519740,234.14,0.12,-62.65,3.95,-10.3,4.25,1,9333,-4.1,-178.8,-0.3
5.0,1103.529740,237.48,0.02,-66.22,3.97,-12.11,0.75,1,9210,-7.1,-251.2,2.8
5.0,1103.539740,241.26,-0.25,-69.91,4.14,-12.73,-3.25,1,9080,-8.2,-296.2,2.7
5.0,1103.549740,244.6,-0.53,-73.86,4.34,-12.11,-6.75,1,8978,-7.7,-350.4,4.0
5.0,1103.559740,246.8,-1.03,-78.25,4.76,-10.3,-8.75,1,9839,-9.8,-384.7,3.4
5.0,1103.569740,247.68,-1.61,-82.1,5.2,-7.48,-9.75,1,9723,-12.3,-349.8,-0.7
5.0,1103.579740,247.85,-2.04,-83.93,5.57,-3.93,-9.75,1,9602,-3.6,-218.2,2.7
5.0,1103.589740,247.24,-2.3,-83.5,5.9,-0.0,-8.75,1,9466,-2.0,-88.5,2.5
5.0,1103.599740,245.57,-1.92,-82.27,5.53,3.93,-6.75,1,9338,-0.6,-6.3,0.3
5.0,1103.609740,243.19,-1.59,-80.72,5.25,7.48,-4.25,1,9210,4.2,72.6,3.2
5.0,1103.619740,240.21,-1.27,-78.08,5.03,10.3,-1.25,1,9078,5.9,185.1,-0.1
5.0,1103.629740,236.6,-0.66,-74.5,4.49,12.11,2.25,1,8981,5.6,245.9,-3.3
5.0,1103.639740,232.82,-0.28,-70.82,4.17,12.73,6.25,1,9843,7.4,306.8,-2.8
5.0,1103.649740,229.75,-0.04,-66.62,4.03,12.11,9.75,1,9716,9.6,359.3,-4.1
5.0,1103.659740,227.29,0.16,-62.27,3.93,10.3,11.75,1,9597,8.9,383.3,-3.2
5.0,1103.669740,226.58,0.23,-58.69,4.01,7.48,12.75,1,9464,15.2,333.9,2.5
5.0,1103.679740,226.49,0.25,-56.86,4.07,3.93,12.75,1,9334,0.8,232.6,-4.2
5.0,1103.689740,227.11,0.26,-57.03,3.94,0.0,11.5,1,9209,3.8,83.7,1.0
5.0,1103.699740,228.78,0.23,-58.58,3.99,-3.93,9.75,1,9071,-1.3,-6.0,-1.8
5.0,1103.709740,231.24,0.2,-60.22,3.93,-7.48,7.25,1,8977,-3.4,-74.2,0.7
5.0,1103.719740,234.14,0.12,-62.69,3.95,-10.3,4.25,1,9839,-4.0,-178.7,-0.3
5.0,1103.729740,237.57,0.02,-66.25,3.97,-12.11,0.5,1,9724,-7.2,-251.2,2.8
5.0,1103.739740,241.26,-0.25,-69.93,4.15,-12.73,-3.25,1,9603,-8.2,-295.1,2.8
5.0,1103.749740,244.6,-0.53,-73.87,4.35,-12.11,-6.75,1,9467,-7.6,-350.3,4.0
5.0,1103.759740,246.71,-1.03,-78.26,4.77,-10.3,-8.75,1,9339,-9.9,-383.8,3.4
5.0,1103.769740,247.68,-1.6,-82.06,5.19,-7.48,-9.75,1,9211,-12.1,-346.6,-0.7
5.0,1103.779740,247.76,-2.01,-83.86,5.55,-3.93,-9.75,1,9075,-3.5,-216.7,2.7
5.0,1103.789740,247.32,-2.27,-83.44,5.88,0.0,-8.5,1,8973,-2.0,-88.2,2.6
5.0,1103.799740,245.48,-1.9,-82.23,5.52,3.93,-6.75,1,9844,-0.6,-6.5,0.3
5.0,1103.809740,243.19,-1.58,-80.66,5.25,7.48,-4.25,1,9716,4.2,75.0,3.3
5.0,1103.819740,240.12,-1.25,-77.99,5.02,10.3,-1.25,1,9598,6.0,186.1,-0.3
5.0,1103.829740,236.6,-0.64,-74.44,4.48,12.11,2.5,1,9462,5.7,243.3,-3.2
5.0,1103.839740,233.35,-0.28,-70.84,4.18,12.73,6.0,1,9336,7.5,303.7,-2.7
5.0,1103.849740,230.8,-0.04,-66.66,4.03,12.11,8.75,1,9208,9.2,357.4,-4.2
5.0,1103.859740,229.22,0.12,-62.69,4.0,10.3,10.25,1,9071,10.7,343.1,-0.0
5.0,1103.869740,228.43,0.13,-60.16,4.09,7.48,10.75,1,8977,8.5,267.7,-0.2
5.0,1103.879740,228.08,0.17,-59.43,4.04,3.93,11.25,1,9839,1.1,148.3,-2.3
5.0,1103.889743,228.16,0.2,-59.85,3.93,-0.0,10.5,1,9725,0.9,77.2,-2.6
5.0,1103.899740,229.48,0.22,-60.34,3.94,-3.93,9.0,1,9603,2.8,22.5,1.1
5.0,1103.909740,231.68,0.18,-61.0,3.98,-7.48,6.75,1,9466,-1.4,-10.7,-1.0
5.0,1103.919740,234.32,0.11,-62.79,3.95,-10.3,3.75,1,9339,-5.2,-145.8,1.4
5.0,1103.929740,237.57,-0.05,-66.36,4.03,-12.11,0.5,1,9213,-5.7,-222.6,1.5
5.0,1103.939740,241.08,-0.21,-69.89,4.12,-12.73,-3.25,1,9076,-7.3,-275.7,2.8
5.0,1103.949740,244.34,-0.52,-73.74,4.35,-12.11,-6.5,1,9964,-7.2,-331.1,3.7
5.0,1103.959740,246.45,-0.97,-77.94,4.72,-10.3,-8.5,1,9844,-9.2,-364.6,3.3
5.0,1103.969740,247.32,-1.48,-81.65,5.09,-7.48,-9.25,1,9716,-12.4,-338.0,-0.8
5.0,1103.979740,247.32,-1.88,-83.55,5.43,-3.93,-9.25,1,9599,-3.2,-216.0,2.6
5.0,1103.989740,246.71,-2.1,-83.08,5.73,-0.0,-8.0,1,9462,-1.7,-75.5,2.5
5.0,1103.999740,245.04,-1.75,-81.69,5.38,3.93,-6.25,1,9335,-0.6,-0.7,0.5
5.0,1104.009740,242.58,-1.49,-80.11,5.17,7.48,-3.75,1,9201,4.3,83.1,3.4
5.0,1104.019740,239.59,-1.17,-77.46,4.96,10.3,-0.75,1,9080,6.0,181.7,-0.5
5.0,1104.029740,236.25,-0.59,-73.99,4.43,12.11,2.75,1,9968,5.2,248.4,-3.5
5.0,1104.039740,232.56,-0.24,-70.34,4.15,12.73,6.75,1,9841,8.7,297.7,-2.5
5.0,1104.049740,229.39,-0.02,-66.3,4.04,12.11,10.25,1,9715,8.8,355.2,-4.2
5.0,1104.059740,226.93,0.17,-61.93,3.93,10.3,12.25,1,9603,8.4,379.5,-3.1
5.0,1104.069740,226.23,0.24,-58.36,4.02,7.48,13.25,1,9467,15.1,332.5,2.3
5.0,1104.079740,226.23,0.26,-56.57,4.07,3.93,13.0,1,9339,0.6,226.3,-3.8
5.0,1104.089740,226.76,0.25,-56.84,3.96,0.0,11.75,1,9203,3.6,79.7,1.0
5.0,1104.099740,228.52,0.24,-58.38,3.99,-3.93,10.25,1,9076,-1.2,-6.9,-1.9
5.0,1104.109740,230.8,0.22,-59.83,3.93,-7.48,7.75,1,9963,-2.5,-58.5,0.5
5.0,1104.119740,233.61,0.14,-62.25,3.96,-10.3,4.5,1,9845,-4.6,-190.5,0.2
5.0,1104.129740,237.04,0.01,-65.95,3.99,-12.11,1.25,1,9718,-7.3,-237.9,2.6
5.0,1104.139740,240.73,-0.23,-69.36,4.14,-12.73,-2.75,1,9600,-7.7,-293.5,2.7
5.0,1104.149740,244.07,-0.48,-73.42,4.33,-12.11,-6.25,1,9463,-7.6,-350.0,3.6
5.0,1104.159740,246.45,-0.96,-77.81,4.72,-10.3,-8.5,1,9335,-9.9,-383.2,3.8
5.0,1104.169740,247.41,-1.51,-81.65,5.12,-7.48,-9.25,1,9211,-12.3,-350.4,-1.0
5.0,1104.179740,247.41,-1.87,-83.6,5.42,-3.93,-9.25,1,9080,-3.2,-227.4,2.8
5.0,1104.189740,246.97,-2.19,-83.31,5.82,-0.0,-8.25,1,9968,-2.4,-94.4,2.5
5.0,1104.199740,245.21,-1.85,-82.04,5.47,3.93,-6.25,1,9840,-0.9,-5.6,0.5
5.0,1104.209743,242.75,-1.55,-80.37,5.24,7.48,-3.75,1,9725,4.5,78.8,3.7
5.0,1104.219740,239.94,-1.21,-77.68,5.0,10.3,-0.75,1,9603,5.5,184.3,-1.1
5.0,1104.229740,236.34,-0.6,-74.19,4.44,12.11,2.75,1,9471,6.0,243.5,-2.8
5.0,1104.239740,232.65,-0.28,-70.62,4.2,12.73,6.5,1,9341,7.8,298.5,-2.6
5.0,1104.249740,229.57,-0.03,-66.51,4.05,12.11,9.75,1,9204,8.8,355.6,-4.3
5.0,1104.259740,227.2,0.16,-62.16,3.94,10.3,12.0,1,9076,8.7,378.7,-3.0
5.0,1104.269740,226.41,0.23,-58.6,4.03,7.48,12.75,1,9964,15.3,332.0,2.5
5.0,1104.279740,226.32,0.25,-56.77,4.08,3.93,12.75,1,9845,0.7,229.8,-4.1
5.0,1104.289740,226.85,0.26,-56.98,3.96,-0.0,11.75,1,9721,3.9,81.8,1.0
5.0,1104.299740,228.69,0.24,-58.53,4.0,-3.93,9.75,1,9599,-1.5,-6.5,-2.0
5.0,1104.309740,231.06,0.21,-60.02,3.94,-7.48,7.25,1,9463,-2.7,-61.2,0.7
5.0,1104.319740,233.88,0.13,-62.4,3.97,-10.3,4.25,1,9336,-4.2,-183.4,-0.3
5.0,1104.329740,237.39,0.02,-66.13,3.99,-12.11,0.75,1,9204,-8.0,-250.2,2.7
5.0,1104.339740,241.08,-0.26,-69.77,4.16,-12.73,-3.25,1,9082,-7.8,-297.0,2.8
5.0,1104.349740,244.42,-0.52,-73.74,4.36,-12.11,-6.5,1,9969,-7.5,-350.4,3.8
5.0,1104.359740,246.71,-1.01,-78.12,4.77,-10.3,-8.75,1,9841,-9.9,-384.7,3.7
5.0,1104.369743,247.59,-1.61,-81.98,5.23,-7.48,-9.75,1,9725,-12.3,-351.6,-0.7
6.0,1106.389740,244.78,-0.97,-78.81,4.72,-3.91,-6.25,1,9471,-10.8,-305.9,-1.1
6.0,1106.399740,244.42,-1.17,-80.81,4.84,0.0,-5.5,1,9341,-5.2,-217.5,2.7
6.0,1106.409740,243.19,-1.46,-80.62,5.19,3.91,-4.25,1,9205,-1.0,-69.6,2.8
6.0,1106.419740,241.26,-1.26,-78.65,5.05,7.26,-2.25,1,9112,2.7,49.3,2.4
6.0,1106.429740,238.54,-0.92,-76.11,4.78,9.6,0.5,1,9973,4.4,136.1,-0.1
6.0,1106.439740,235.46,-0.5,-73.2,4.43,10.59,3.75,1,9846,5.0,204.2,-3.1
6.0,1106.449740,232.91,-0.22,-69.81,4.21,10.09,6.5,1,9729,7.1,271.1,-1.4
6.0,1106.459740,231.24,-0.03,-65.97,4.12,8.18,8.25,1,9592,9.3,316.5,-4.0
6.0,1106.469743,230.1,0.1,-62.77,4.14,5.11,9.0,1,9476,11.9,274.8,3.5
6.0,1106.479740,229.83,0.02,-61.49,4.25,1.33,9.25,1,9346,0.2,170.0,-2.4
6.0,1106.489740,230.01,0.1,-61.63,4.03,-2.64,8.75,1,9210,0.5,90.7,-3.6
6.0,1106.499740,231.15,0.14,-62.11,4.05,-6.24,7.25,1,9108,3.9,31.6,2.0
6.0,1106.509740,233.17,0.08,-62.82,4.12,-8.96,5.25,1,9969,-2.4,-12.3,-1.9
6.0,1106.519740,235.9,0.04,-64.63,4.05,-10.42,2.5,1,9843,-3.6,-136.6,1.3
6.0,1106.529740,238.89,-0.14,-67.93,4.17,-10.42,-0.75,1,9733,-6.4,-205.4,1.8
6.0,1106.539740,241.79,-0.35,-71.28,4.29,-8.96,-3.75,1,9596,-6.7,-266.2,2.7
6.0,1106.549740,243.9,-0.66,-75.08,4.53,-6.24,-5.25,1,9472,-7.7,-318.9,2.9
6.0,1106.559740,244.42,-0.92,-78.58,4.68,-2.64,-5.75,1,9341,-10.1,-297.6,-1.2
6.0,1106.569740,244.07,-1.11,-80.54,4.79,1.33,-5.25,1,9206,-5.4,-217.2,2.7
6.0,1106.579740,242.67,-1.38,-80.28,5.11,5.11,-3.75,1,9113,-0.6,-54.6,2.4
6.0,1106.589740,240.64,-1.16,-78.08,4.97,8.18,-1.5,1,9974,3.3,58.2,2.9
6.0,1106.599740,238.01,-0.86,-75.54,4.73,10.09,1.25,1,9847,3.1,140.7,-1.1
6.0,1106.609740,234.76,-0.42,-72.57,4.35,10.59,4.25,1,9729,7.0,215.0,-2.8
6.0,1106.619740,232.21,-0.17,-69.08,4.2,9.6,7.25,1,9592,6.9,274.9,-1.4
6.0,1106.629743,230.54,0.0,-65.26,4.1,7.26,9.0,1,9477,8.9,321.5,-4.0
6.0,1106.639740,229.92,0.13,-61.98,4.13,3.91,9.5,1,9346,12.6,281.6,3.7
6.0,1106.649740,229.92,0.05,-60.68,4.25,0.0,9.0,1,9201,-0.2,169.9,-2.5
6.0,1106.659740,230.89,0.08,-61.29,4.08,-3.91,7.75,1,9109,1.0,50.7,-0.8
6.0,1106.669740,232.82,0.08,-62.55,4.09,-7.26,5.75,1,9970,-0.4,-6.4,-0.8
6.0,1106.679740,235.28,0.04,-64.26,4.08,-9.6,3.0,1,9843,-3.5,-113.5,0.0
6.0,1106.689740,238.27,-0.09,-67.24,4.14,-10.59,-0.25,1,9733,-5.1,-191.5,1.6
6.0,1106.699740,241.35,-0.29,-70.62,4.26,-10.09,-3.25,1,9597,-7.2,-259.3,2.3
6.0,1106.709740,243.72,-0.6,-74.38,4.49,-8.18,-5.75,1,9473,-7.3,-308.8,3.3
6.0,1106.719740,245.3,-0.96,-78.03,4.75,-5.11,-6.75,1,9342,-10.6,-315.0,0.6
6.0,1106.729740,245.65,-1.24,-80.54,4.92,-1.33,-7.0,1,9206,-7.3,-244.8,1.2
6.0,1106.739740,245.13,-1.56,-81.35,5.26,2.64,-6.25,1,9113,-2.1,-150.8,3.2
6.0,1106.749740,243.72,-1.53,-80.84,5.27,6.24,-4.75,1,9974,-1.2,-42.9,-0.0
6.0,1106.759740,241.44,-1.25,-79.03,5.04,8.96,-2.5,1,9847,4.2,72.4,3.9
6.0,1106.769740,238.71,-1.03,-76.38,4.91,10.42,0.5,1,9728,4.0,150.4,-1.2
6.0,1106.779740,235.46,-0.5,-73.31,4.43,10.42,3.75,1,9593,6.4,228.9,-2.9
6.0,1106.789743,232.82,-0.21,-69.69,4.23,8.96,6.75,1,9477,7.6,283.9,-2.1
6.0,1106.799740,231.06,-0.02,-65.85,4.13,6.24,8.25,1,9347,8.6,329.0,-3.5
6.0,1106.809740,230.62,0.04,-61.26,4.25,2.64,8.75,1,97,0.4,173.0,-2.5
6.0,1106.819740,230.54,0.04,-61.26,4.25,-1.33,8.25,1,10097,0.4,173.0,-2.5
6.0,1106.829740,231.68,0.05,-61.93,4.11,-5.11,6.75,1,9970,1.1,45.2,-0.2
6.0,1106.839740,233.7,0.04,-63.3,4.13,-8.18,4.75,1,9843,-0.5,-9.4,-1.3
6.0,1106.849740,236.34,0.0,-65.05,4.11,-10.09,2.0,1,9733,-4.0,-120.4,0.6
6.0,1106.859740,239.33,-0.15,-68.22,4.17,-10.59,-1.25,1,9598,-6.3,-205.8,0.6
6.0,1106.869743,242.23,-0.36,-71.81,4.3,-9.6,-4.25,1,9473,-6.0,-273.1,3.1
6.0,1106.879740,244.25,-0.73,-75.65,4.6,-7.26,-5.75,1,9342,-8.9,-316.5,2.6
6.0,1106.889740,245.04,-1.24,-80.99,4.92,-3.91,-6.25,1,93,-3.6,-204.5,1.8
6.0,1106.899740,244.69,-1.24,-80.99,4.92,0.0,-5.75,1,10093,-3.6,-204.5,1.8
6.0,1106.909740,243.46,-1.45,-80.68,5.2,3.91,-4.5,1,9978,-0.5,-65.9,3.5
6.0,1106.919740,241.44,-1.34,-78.86,5.14,7.26,-2.25,1,9847,1.9,43.7,1.9
6.0,1106.929740,238.8,-0.96,-76.44,4.82,9.6,0.25,1,9728,4.9,132.8,0.2
6.0,1106.939740,235.72,-0.54,-73.45,4.47,10.59,3.5,1,9593,4.9,209.2,-3.2
6.0,1106.949740,233.09,-0.23,-69.99,4.23,10.09,6.25,1,9474,7.5,270.1,-1.6
6.0,1106.959740,231.33,-0.04,-66.21,4.14,8.18,8.0,1,9338,8.7,316.8,-3.7
6.0,1106.969740,230.36,0.01,-61.64,4.27,5.11,8.75,1,97,-0.1,172.4,-2.7
6.0,1106.979740,230.01,0.01,-61.64,4.27,1.33,9.25,1,10097,-0.1,172.4,-2.7
6.0,1106.989740,230.1,0.09,-61.77,4.05,-2.64,8.75,1,9971,0.5,92.4,-3.3
6.0,1106.999740,231.24,0.12,-62.2,4.07,-6.24,7.25,1,9843,4.3,37.1,2.0
6.0,1107.009740,233.26,0.08,-62.89,4.14,-8.96,5.25,1,9733,-2.4,-14.2,-2.0
6.0,1107.019740,235.9,0.04,-64.7,4.07,-10.42,2.5,1,9598,-3.3,-129.5,1.4
6.0,1107.029740,238.97,-0.14,-67.91,4.19,-10.42,-0.75,1,9472,-6.4,-205.7,1.5
6.0,1107.039740,241.79,-0.35,-71.32,4.3,-8.96,-3.75,1,9334,-6.5,-264.3,2.8
6.0,1107.049740,243.9,-0.93,-78.57,4.7,-6.24,-5.25,1,93,-10.2,-296.6,-1.2
6.0,1107.059740,244.51,-0.93,-78.57,4.7,-2.64,-5.75,1,10093,-10.2,-296.6,-1.2
6.0,1107.069740,244.07,-1.11,-80.53,4.81,1.33,-5.25,1,9978,-5.2,-215.9,2.6
6.0,1107.079740,242.75,-1.37,-80.26,5.12,5.11,-3.75,1,9848,-0.6,-54.2,2.5
6.0,1107.089740,240.56,-1.17,-78.06,4.99,8.18,-1.5,1,9729,3.3,58.2,2.8
6.0,1107.099740,238.01,-0.86,-75.53,4.75,10.09,1.25,1,9593,3.2,140.7,-1.0
6.0,1107.109740,234.84,-0.42,-72.56,4.37,10.59,4.5,1,9474,7.1,215.4,-2.8
6.0,1107.119740,232.21,-0.17,-69.06,4.21,9.6,7.25,1,9339,6.7,274.9,-1.4
6.0,1107.129740,230.36,0.13,-61.97,4.15,7.26,9.0,1,98,12.7,281.6,3.6
6.0,1107.139740,229.83,0.13,-61.97,4.15,3.91,9.5,1,10098,12.7,281.6,3.6
6.0,1107.149740,229.92,0.06,-60.65,4.26,0.0,9.0,1,9971,-0.2,171.7,-2.5
6.0,1107.159740,230.8,0.09,-61.21,4.1,-3.91,7.75,1,9843,1.1,54.1,-0.8
6.0,1107.169740,232.65,0.08,-62.45,4.11,-7.26,5.75,1,9734,-0.4,-5.9,-0.8
6.0,1107.179740,235.2,0.04,-64.13,4.1,-9.6,3.25,1,9598,-3.3,-107.9,0.1
6.0,1107.189740,238.18,-0.08,-67.03,4.15,-10.59,0.25,1,9471,-5.0,-188.4,1.4
6.0,1107.199740,241.44,-0.28,-70.4,4.27,-10.09,-3.5,1,9334,-7.3,-256.1,2.2
6.0,1107.209740,244.51,-1.04,-78.13,4.86,-8.18,-6.5,1,94,-9.1,-342.8,2.3
6.0,1107.219740,246.27,-1.04,-78.13,4.86,-5.11,-8.25,1,10094,-9.1,-342.8,2.3
6.0,1107.229740,246.97,-1.5,-81.61,5.2,-1.33,-8.75,1,9970,-11.5,-314.8,-0.4
6.0,1107.239740,246.97,-1.85,-83.23,5.49,2.64,-8.25,1,9848,-2.9,-189.9,1.8
6.0,1107.249740,245.83,-1.94,-82.55,5.66,6.24,-6.75,1,9729,-1.0,-56.2,2.8
6.0,1107.259740,243.63,-1.7,-81.19,5.44,8.96,-4.75,1,9594,-0.1,2.1,0.6
6.0,1107.269740,241.0,-1.38,-79.21,5.19,10.42,-1.75,1,9478,6.7,139.6,3.6
6.0,1107.279740,237.74,-0.94,-75.71,4.85,10.42,1.25,1,9339,4.4,212.5,-3.2
6.0,1107.289740,235.11,-0.14,-68.24,4.2,8.96,4.25,1,98,8.6,331.5,-2.9
6.0,1107.299740,233.35,-0.14,-68.24,4.2,6.24,6.0,1,10098,8.6,331.5,-2.9
6.0,1107.309740,232.29,-0.04,-64.83,4.24,2.64,7.0,1,9972,13.1,286.9,2.5
6.0,1107.319740,231.94,-0.07,-63.49,4.34,-1.33,7.5,1,9844,1.6,178.6,-1.2
6.0,1107.329740,231.94,0.0,-63.62,4.13,-5.11,6.75,1,9725,-0.3,96.2,-4.7
6.0,1107.339740,233.17,0.04,-64.1,4.12,-8.18,5.5,1,9598,4.4,33.9,3.1
6.0,1107.349740,235.02,-0.05,-64.89,4.24,-10.09,3.25,1,9472,-2.3,-16.9,-2.4
6.0,1107.359740,237.83,-0.06,-66.59,4.14,-10.59,0.5,1,9336,-3.7,-118.5,1.6
6.0,1107.369740,240.47,-0.46,-73.25,4.38,-9.6,-2.25,1,94,-6.4,-270.3,3.5
6.0,1107.379740,242.75,-0.46,-73.25,4.38,-7.26,-4.5,1,10094,-6.4,-270.3,3.5
6.0,1107.389740,243.98,-0.82,-76.69,4.66,-3.91,-5.25,1,9976,-9.3,-280.6,0.3
6.0,1107.399740,243.98,-1.02,-79.08,4.76,0.0,-5.25,1,9849,-7.0,-227.8,1.6
6.0,1107.409740,243.11,-1.21,-80.03,4.95,3.91,-4.25,1,9730,-2.3,-147.7,0.8
6.0,1107.419740,241.35,-1.13,-79.04,4.93,7.26,-2.25,1,9594,1.3,18.1,2.9
6.0,1107.429740,238.8,-0.99,-76.37,4.87,9.6,0.25,1,9478,3.9,101.8,1.9
6.0,1107.439740,235.99,-0.61,-73.73,4.55,10.59,3.25,1,9339,4.9,179.8,-3.4
6.0,1107.449740,233.61,-0.07,-66.73,4.18,10.09,5.75,1,99,8.1,299.1,-3.6
6.0,1107.459740,232.03,-0.07,-66.73,4.18,8.18,7.5,1,10099,8.1,299.1,-3.6
6.0,1107.469740,231.59,0.04,-63.61,4.2,5.11,7.75,1,9972,12.3,265.0,3.8
6.0,1107.479740,231.5,-0.03,-62.4,4.32,1.33,7.25,1,9844,-0.2,154.4,-2.0
6.0,1107.489740,232.56,0.0,-63.04,4.16,-2.64,6.25,1,9726,1.0,46.6,-0.8
6.0,1107.499740,234.4,0.01,-64.18,4.16,-6.24,4.0,1,9599,-0.5,-5.9,-0.8
6.0,1107.509740,236.87,-0.05,-65.86,4.16,-8.96,1.5,1,9471,-3.7,-114.8,0.3
6.0,1107.519740,239.85,-0.18,-68.82,4.21,-10.42,-1.75,1,9336,-5.7,-187.8,0.4
6.0,1107.529740,242.93,-0.77,-75.94,4.65,-10.42,-4.75,1,96,-8.2,-304.7,2.4
6.0,1107.539740,245.13,-0.77,-75.94,4.65,-8.96,-7.25,1,10095,-8.2,-304.7,2.4
6.0,1107.549740,246.36,-1.22,-79.5,4.99,-6.24,-8.25,1,9971,-10.3,-312.0,1.9
6.0,1107.559740,246.53,-1.7,-81.94,5.39,-2.64,-8.5,1,9849,-6.2,-236.7,0.8
6.0,1107.569740,246.18,-1.74,-82.46,5.43,1.33,-7.5,1,9730,-3.0,-127.5,0.6
6.0,1107.579740,244.95,-1.61,-81.52,5.35,5.11,-5.75,1,9598,0.8,-14.9,2.1
6.0,1107.589740,242.49,-1.41,-80.02,5.21,8.18,-3.5,1,9479,2.1,37.7,0.6
6.0,1107.599740,239.59,-1.16,-77.91,5.02,10.09,-0.5,1,9340,5.5,158.5,2.9
6.0,1107.609740,236.16,-0.24,-70.57,4.23,10.59,2.75,1,99,9.2,293.1,-2.7
6.0,1107.619740,233.53,-0.24,-70.57,4.23,9.6,6.0,1,10099,9.2,293.1,-2.7
6.0,1107.629740,231.68,-0.04,-66.58,4.16,7.26,7.75,1,9972,8.4,345.5,-3.1
6.0,1107.639740,230.98,0.04,-63.11,4.21,3.91,8.25,1,9845,13.4,294.1,3.1
6.0,1107.649740,231.06,0.01,-61.8,4.3,0.0,8.0,1,9729,0.6,182.9,-2.6
6.0,1107.659740,232.03,0.04,-62.31,4.14,-3.91,6.75,1,9599,1.7,60.4,-0.6
6.0,1107.669740,233.7,0.03,-63.57,4.16,-7.26,4.75,1,9473,-0.6,-4.4,-0.9
6.0,1107.679740,236.25,-0.01,-65.23,4.15,-9.6,2.0,1,9336,-2.5,-100.7,0.2
6.0,1107.689740,239.15,-0.33,-71.51,4.3,-10.59,-1.25,1,96,-6.1,-260.2,2.7
6.0,1107.699740,241.96,-0.33,-71.51,4.3,-10.09,-3.75,1,10095,-6.1,-260.2,2.7
6.0,1107.709740,244.16,-0.69,-75.33,4.59,-8.18,-5.5,1,9977,-8.6,-307.3,3.0
6.0,1107.719740,244.78,-1.01,-78.75,4.78,-5.11,-6.0,1,9849,-10.4,-295.4,-0.8
6.0,1107.729740,244.42,-1.17,-80.72,4.88,-1.33,-5.5,1,9732,-4.4,-209.0,1.9
6.0,1107.739740,243.11,-1.39,-80.49,5.15,2.64,-4.25,1,9595,-1.0,-62.6,2.7
6.0,1107.749740,241.17,-1.24,-78.5,5.06,6.24,-2.0,1,9479,3.1,52.4,2.5
6.0,1107.759740,238.54,-0.91,-76.0,4.81,8.96,0.75,1,9340,4.2,135.1,-0.4
6.0,1107.769740,235.37,-0.23,-69.76,4.24,10.42,3.75,1,99,6.4,271.0,-1.3
6.0,1107.779740,232.38,-0.23,-69.76,4.24,10.42,7.0,1,10099,6.4,271.0,-1.3
6.0,1107.789740,230.01,-0.03,-65.91,4.15,8.96,9.5,1,9972,9.8,317.0,-4.0
6.0,1107.799740,228.78,0.15,-62.3,4.1,6.24,10.75,1,9845,9.3,314.6,0.1
6.0,1107.809740,228.69,0.13,-59.93,4.2,2.64,10.75,1,9730,8.4,240.1,0.4
6.0,1107.819740,228.78,0.16,-59.4,4.16,-1.33,9.75,1,9600,0.6,127.5,-2.2
6.0,1107.829740,230.36,0.15,-60.37,4.1,-5.11,8.25,1,9472,0.8,15.1,0.4
6.0,1107.839740,232.65,0.11,-61.81,4.12,-8.18,5.75,1,9336,-2.0,-31.3,-0.8
6.0,1107.849740,235.37,-0.1,-67.63,4.15,-10.09,3.0,1,96,-5.8,-229.9,2.7
6.0,1107.859740,238.54,-0.1,-67.63,4.15,-10.59,-0.25,1,10096,-5.8,-229.9,2.7
6.0,1107.869740,241.52,-0.33,-71.06,4.32,-9.6,-3.5,1,9971,-7.5,-281.4,2.1
6.0,1107.879740,243.63,-0.62,-74.86,4.53,-7.26,-5.25,1,9850,-7.7,-328.4,3.8
6.0,1107.889740,244.51,-0.92,-78.43,4.73,-3.91,-5.75,1,9731,-10.5,-310.2,-1.4
6.0,1107.899740,244.16,-1.07,-80.47,4.78,-0.0,-5.25,1,9595,-5.8,-222.2,2.6
6.0,1107.909740,243.02,-1.39,-80.36,5.16,3.91,-4.0,1,9471,-1.1,-76.6,2.9
6.0,1107.919740,241.0,-1.21,-78.43,5.05,7.26,-1.75,1,9340,2.8,47.2,2.5
6.0,1107.929740,238.36,-0.48,-73.05,4.44,9.6,0.75,1,100,6.1,201.7,-3.3
6.0,1107.939740,235.28,-0.48,-73.05,4.44,10.59,3.75,1,10100,6.1,201.7,-3.3
6.0,1107.949740,232.73,-0.2,-69.66,4.24,10.09,6.75,1,9973,6.0,268.0,-1.0
6.0,1107.959740,230.98,-0.03,-65.84,4.16,8.18,8.5,1,9846,9.7,315.4,-4.1
6.0,1107.969740,230.62,0.12,-62.6,4.17,5.11,8.75,1,9730,11.9,276.9,3.3
6.0,1107.979740,230.45,0.03,-61.3,4.29,1.33,8.5,1,9600,0.8,168.3,-1.7
6.0,1107.989740,231.42,0.05,-61.9,4.16,-2.64,7.25,1,9473,0.7,48.5,-0.7
6.0,1107.999740,233.44,0.05,-63.18,4.15,-6.24,5.25,1,9336,-0.4,-7.8,-1.1
6.0,1108.009740,235.81,-0.11,-67.69,4.19,-8.96,2.5,1,95,-5.7,-199.6,1.0
6.0,1108.019740,238.89,-0.11,-67.69,4.19,-10.42,-0.75,1,10096,-5.7,-199.6,1.0
6.0,1108.029740,242.23,-0.31,-71.23,4.3,-10.42,-4.25,1,9973,-6.6,-256.2,2.3
6.0,1108.039740,245.13,-0.64,-74.89,4.55,-8.96,-7.25,1,9850,-8.2,-309.6,3.2
6.0,1108.049740,246.8,-1.19,-78.9,5.0,-6.24,-9.25,1,9732,-8.8,-347.5,3.3
6.0,1108.059740,247.41,-1.8,-82.32,5.51,-2.64,-9.75,1,9596,-10.8,-303.3,-0.4
6.0,1108.069740,247.59,-2.06,-83.68,5.71,1.33,-9.25,1,9472,-3.8,-180.5,1.5
6.0,1108.079740,246.62,-2.12,-83.05,5.84,5.11,-7.75,1,9341,-0.3,-60.3,2.5
6.0,1108.089740,244.78,-1.51,-80.18,5.31,8.18,-5.75,1,100,4.8,107.2,2.8
6.0,1108.099740,242.05,-1.51,-80.18,5.31,10.09,-2.75,1,10100,4.8,107.2,2.8
6.0,1108.109740,238.8,-1.12,-77.06,5.02,10.59,0.25,1,9973,6.7,204.7,-0.7
6.0,1108.119740,236.07,-0.55,-73.32,4.51,9.6,3.25,1,9855,5.6,277.1,-3.7
6.0,1108.129740,234.32,-0.2,-69.32,4.23,7.26,5.0,1,9730,9.5,327.4,-2.8
6.0,1108.139740,233.7,-0.08,-65.9,4.29,3.91,5.75,1,9600,13.1,292.4,2.2
6.0,1108.149740,233.79,-0.12,-64.46,4.39,-0.0,5.25,1,9473,2.1,178.9,-0.8
6.0,1108.159740,234.32,-0.11,-65.01,4.26,-3.91,4.25,1,9337,-0.1,58.3,-1.9
6.0,1108.169740,236.16,-0.15,-67.71,4.24,-7.26,2.25,1,96,-2.7,-78.8,-0.4
6.0,1108.179740,238.54,-0.15,-67.71,4.24,-9.6,-0.25,1,10097,-2.7,-78.8,-0.4
6.0,1108.189740,241.35,-0.26,-70.29,4.28,-10.59,-3.25,1,9973,-5.1,-185.1,0.6
6.0,1108.199740,244.07,-0.52,-73.83,4.46,-10.09,-6.0,1,9860,-6.9,-248.0,2.4
6.0,1108.209740,245.74,-0.95,-77.44,4.8,-8.18,-7.75,1,9732,-7.7,-298.1,2.4
6.0,1108.219740,246.27,-1.33,-80.74,5.07,-5.11,-8.0,1,9596,-11.0,-279.9,-1.1
6.0,1108.229740,246.01,-1.61,-82.25,5.29,-1.33,-7.25,1,9472,-2.8,-169.3,2.8
6.0,1108.239740,244.95,-1.68,-81.69,5.44,2.64,-5.75,1,9341,-0.6,-54.2,0.4
6.0,1108.249740,242.67,-1.26,-78.1,5.13,6.24,-3.75,1,101,5.7,135.9,3.2
6.0,1108.259740,240.03,-1.26,-78.1,5.13,8.96,-1.0,1,10101,5.7,135.9,3.2
6.0,1108.269740,236.87,-0.79,-74.83,4.73,10.42,2.25,1,9974,3.9,218.0,-4.4
6.0,1108.279740,233.79,-0.28,-71.27,4.27,10.42,5.5,1,9855,8.4,273.7,-2.0
6.0,1108.289740,231.33,-0.1,-67.42,4.21,8.96,8.0,1,9730,7.9,329.6,-3.3
6.0,1108.299740,230.01,0.05,-63.62,4.16,6.24,9.25,1,9601,10.8,324.4,-0.2
6.0,1108.309740,229.92,0.09,-61.18,4.23,2.64,9.5,1,9473,7.8,249.4,-0.0
6.0,1108.319740,229.92,0.1,-60.62,4.2,-1.33,8.75,1,9340,1.5,131.2,-1.5
6.0,1108.329740,231.24,0.08,-62.84,4.14,-5.11,7.25,1,96,-0.8,-14.8,-1.3
6.0,1108.339740,233.35,0.08,-62.84,4.14,-8.18,5.25,1,10096,-0.8,-14.8,-1.3
6.0,1108.349740,235.99,0.04,-64.71,4.11,-10.09,2.25,1,9971,-4.5,-151.3,0.4
6.0,1108.359740,239.06,-0.15,-68.21,4.21,-10.59,-1.0,1,9861,-6.5,-213.5,2.4
6.0,1108.369740,241.96,-0.38,-71.53,4.36,-9.6,-3.75,1,9733,-7.0,-269.4,1.9
6.0,1108.379740,244.16,-0.66,-75.32,4.57,-7.26,-5.5,1,9596,-7.7,-322.9,3.4
6.0,1108.389740,244.86,-1.02,-78.89,4.82,-3.91,-6.25,1,9469,-10.9,-303.8,-0.8
6.0,1108.399740,244.51,-1.22,-80.9,4.93,0.0,-5.75,1,9344,-5.0,-219.5,2.2
6.0,1108.409740,243.28,-1.28,-78.7,5.11,3.91,-4.25,1,101,2.7,48.2,2.4
6.0,1108.419740,241.17,-1.28,-78.7,5.11,7.26,-2.25,1,10101,2.7,48.2,2.4
6.0,1108.429740,238.54,-0.94,-76.2,4.85,9.6,0.5,1,9974,4.3,136.3,-0.2
6.0,1108.439740,235.46,-0.51,-73.26,4.48,10.59,3.75,1,9856,5.0,206.1,-3.0
6.0,1108.449740,232.82,-0.23,-69.84,4.27,10.09,6.75,1,9732,7.0,272.4,-1.4
6.0,1108.459740,231.24,-0.03,-66.0,4.17,8.18,8.25,1,9601,9.5,317.8,-3.9
6.0,1108.469740,230.19,0.1,-62.76,4.19,5.11,9.25,1,9473,12.2,277.9,3.4
6.0,1108.479740,229.92,0.02,-61.44,4.31,1.33,9.5,1,9340,0.5,172.0,-2.1
6.0,1108.489740,229.92,0.13,-62.12,4.09,-2.64,8.75,1,97,4.0,31.8,1.8
6.0,1108.499740,231.15,0.13,-62.12,4.09,-6.24,7.5,1,10097,4.0,31.8,1.8
6.0,1108.509740,233.26,0.08,-62.82,4.16,-8.96,5.25,1,9973,-2.3,-12.3,-1.7
6.0,1108.519740,235.63,0.04,-64.63,4.11,-10.42,2.5,1,9861,-3.6,-136.8,1.4
6.0,1108.529740,238.8,-0.15,-67.92,4.23,-10.42,-0.75,1,9734,-6.4,-204.7,1.8
6.0,1108.539740,241.7,-0.36,-71.25,4.34,-8.96,-3.5,1,9597,-7.0,-264.6,2.4
6.0,1108.549740,243.81,-0.66,-75.01,4.58,-6.24,-5.25,1,9472,-7.3,-316.9,3.2
6.0,1108.559740,244.42,-0.93,-78.5,4.75,-2.64,-5.75,1,9345,-10.1,-296.3,-1.3
6.0,1108.569740,243.9,-1.36,-80.21,5.15,1.33,-5.0,1,102,-0.4,-52.6,2.7
6.0,1108.579740,242.67,-1.36,-80.21,5.15,5.11,-3.75,1,10102,-0.4,-52.6,2.7
6.0,1108.589740,240.56,-1.16,-78.0,5.03,8.18,-1.5,1,9975,3.2,56.5,2.7
6.0,1108.599740,237.92,-0.85,-75.51,4.78,10.09,1.25,1,9859,2.9,139.2,-1.1
6.0,1108.609740,234.67,-0.42,-72.54,4.4,10.59,4.5,1,9681,7.0,214.6,-2.8
6.0,1108.619740,232.12,-0.17,-69.05,4.25,9.6,7.25,1,9602,6.7,273.6,-1.5
6.0,1108.629740,230.36,0.0,-65.27,4.15,7.26,9.0,1,9474,9.0,319.6,-3.8
6.0,1108.639740,229.92,0.13,-61.99,4.19,3.91,9.5,1,9338,12.9,281.4,3.5
6.0,1108.649740,229.92,0.08,-61.21,4.14,0.0,9.25,1,97,0.9,52.9,-0.8
6.0,1108.659740,230.8,0.08,-61.21,4.14,-3.91,7.75,1,10097,0.9,52.9,-0.8
6.0,1108.669740,232.65,0.08,-62.46,4.14,-7.26,5.75,1,9971,-0.3,-5.8,-0.7
6.0,1108.679740,235.11,0.05,-64.11,4.14,-9.6,3.25,1,9861,-3.3,-105.4,-0.0
6.0,1108.689740,238.1,-0.08,-67.03,4.18,-10.59,-0.0,1,9725,-5.1,-192.4,1.4
6.0,1108.699740,241.17,-0.28,-70.46,4.31,-10.09,-3.25,1,9598,-7.3,-256.5,2.3
6.0,1108.709740,243.63,-0.6,-74.2,4.54,-8.18,-5.5,1,9473,-7.2,-309.3,3.6
6.0,1108.719740,245.3,-0.96,-77.88,4.8,-5.11,-6.75,1,9342,-10.8,-315.4,0.6
6.0,1108.729740,245.48,-1.58,-81.49,5.33,-1.33,-6.75,1,102,-2.5,-161.4,3.2
6.0,1108.739740,244.95,-1.58,-81.49,5.33,2.64,-6.25,1,10102,-2.5,-161.4,3.2
6.0,1108.749740,243.54,-1.55,-80.81,5.33,6.24,-4.5,1,9975,-0.8,-24.9,0.2
6.0,1108.759740,241.35,-1.23,-78.78,5.07,8.96,-2.25,1,9856,4.4,66.6,3.5
6.0,1108.769740,238.54,-1.0,-76.33,4.93,10.42,0.75,1,9724,3.6,153.1,-1.3
6.0,1108.779740,235.37,-0.5,-73.2,4.47,10.42,3.75,1,9602,6.0,227.1,-2.8
6.0,1108.789740,232.56,-0.21,-69.61,4.27,8.96,6.75,1,9474,7.9,284.7,-2.2
6.0,1108.799740,230.98,-0.01,-65.75,4.17,6.24,8.5,1,9338,9.0,328.9,-3.5
6.0,1108.809740,230.45,0.04,-61.08,4.31,2.64,9.0,1,98,1.2,175.3,-1.7
6.0,1108.819740,230.45,0.04,-61.08,4.31,-1.33,8.5,1,10098,1.2,175.3,-1.7
6.0,1108.829740,231.33,0.06,-61.68,4.18,-5.11,7.25,1,9974,0.7,52.9,-0.8
6.0,1108.839740,233.26,0.06,-62.99,4.17,-8.18,5.25,1,9861,-0.4,-8.6,-1.0
6.0,1108.849740,235.9,0.03,-64.7,4.15,-10.09,2.5,1,9726,-3.6,-109.3,-0.2
6.0,1108.859740,238.89,-0.11,-67.71,4.2,-10.59,-0.75,1,9599,-5.9,-200.5,1.4
6.0,1108.869743,241.61,-0.33,-71.22,4.34,-9.6,-3.5,1,9474,-6.8,-260.0,2.2
6.0,1108.879740,243.72,-0.64,-74.94,4.57,-7.26,-5.25,1,9346,-8.0,-312.0,3.2
6.0,1108.889740,244.51,-1.08,-80.35,4.82,-3.91,-5.75,1,102,-5.4,-210.2,2.5
6.0,1108.899740,244.07,-1.08,-80.35,4.82,-0.0,-5.25,1,10102,-5.4,-210.2,2.5
6.0,1108.909740,242.84,-1.36,-80.19,5.15,3.91,-3.75,1,9975,-0.7,-69.1,2.5
6.0,1108.919740,240.73,-1.19,-78.26,5.05,7.26,-1.75,1,9857,3.2,52.0,2.9
6.0,1108.929740,238.18,-0.89,-75.71,4.82,9.6,1.0,1,9724,3.2,134.5,-0.7
6.0,1108.939740,235.02,-0.45,-72.8,4.44,10.59,4.25,1,9602,6.5,207.9,-3.1
6.0,1108.949740,232.47,-0.19,-69.37,4.26,10.09,7.0,1,9479,6.4,270.2,-1.1
6.0,1108.959740,230.71,-0.02,-65.57,4.18,8.18,8.75,1,9339,9.3,317.5,-4.0
6.0,1108.969740,230.19,0.04,-60.98,4.31,5.11,9.25,1,98,0.4,167.4,-1.8
6.0,1108.979740,230.19,0.04,-60.98,4.31,1.33,8.75,1,10098,0.4,167.4,-1.8
6.0,1108.989740,231.15,0.06,-61.58,4.17,-2.64,7.5,1,9974,0.8,52.9,-1.0
6.0,1108.999740,233.0,0.07,-62.8,4.16,-6.24,5.5,1,9861,-0.4,-6.9,-0.8
6.0,1109.009740,235.37,0.03,-64.46,4.15,-8.96,2.75,1,9725,-3.4,-106.0,0.1
6.0,1109.019740,238.45,-0.1,-67.36,4.21,-10.42,-0.25,1,9599,-5.2,-190.8,1.4
6.0,1109.029740,241.79,-0.3,-70.74,4.32,-10.42,-3.75,1,9475,-7.2,-253.0,1.8
6.0,1109.039740,244.78,-0.6,-74.44,4.54,-8.96,-6.75,1,9343,-7.3,-307.7,3.5
6.0,1109.049740,246.53,-1.65,-81.95,5.38,-6.24,-8.75,1,102,-11.2,-309.9,-0.5
6.0,1109.059740,247.32,-1.65,-81.95,5.38,-2.64,-9.25,1,10102,-11.2,-309.9,-0.5
6.0,1109.069740,247.24,-1.93,-83.44,5.61,1.33,-8.75,1,9976,-3.3,-186.1,1.6
6.0,1109.079740,246.45,-2.05,-82.82,5.81,5.11,-7.5,1,9857,-0.7,-61.7,3.0
6.0,1109.089740,244.51,-1.81,-81.58,5.59,8.18,-5.5,1,9724,-0.6,-1.0,0.1
6.0,1109.099740,241.88,-1.47,-79.98,5.29,10.09,-2.75,1,9603,4.6,100.0,3.0
6.0,1109.109740,238.71,-1.1,-76.99,5.03,10.59,0.5,1,9479,6.4,197.3,-1.1
6.0,1109.119740,236.07,-0.53,-73.32,4.52,9.6,3.25,1,9339,5.8,270.0,-3.3
6.0,1109.129740,234.32,-0.08,-65.92,4.31,7.26,5.25,1,98,13.4,290.6,2.1
6.0,1109.139740,233.7,-0.08,-65.92,4.31,3.91,5.75,1,10098,13.4,290.6,2.1
6.0,1109.149740,233.61,-0.11,-64.45,4.41,-0.0,5.5,1,9974,2.0,179.8,-0.7
6.0,1109.159740,234.32,-0.11,-64.97,4.28,-3.91,4.25,1,9861,-0.2,59.1,-2.1
6.0,1109.169740,235.9,-0.09,-66.23,4.23,-7.26,2.25,1,9726,-0.2,-5.5,-0.4
6.0,1109.179740,238.27,-0.14,-67.59,4.27,-9.6,-0.25,1,9600,-2.6,-71.7,-0.4
6.0,1109.189740,241.17,-0.24,-70.05,4.29,-10.59,-3.0,1,9472,-4.8,-179.6,0.4
6.0,1109.199740,243.98,-0.48,-73.56,4.46,-10.09,-6.25,1,9339,-6.7,-242.8,2.4
6.0,1109.209740,246.27,-1.4,-80.6,5.18,-8.18,-8.25,1,103,-9.2,-294.6,1.6
6.0,1109.219740,247.5,-1.4,-80.6,5.18,-5.11,-9.75,1,10103,-9.2,-294.6,1.6
6.0,1109.229740,248.47,-1.95,-83.06,5.66,-1.33,-10.75,1,9976,-6.9,-245.6,0.2
6.0,1109.239740,248.47,-2.43,-83.76,6.16,2.64,-10.25,1,9857,0.1,-119.5,4.8
6.0,1109.249743,247.85,-2.46,-83.43,6.22,6.24,-9.0,1,9724,-4.9,-92.5,-1.9
6.0,1109.259740,245.83,-1.96,-83.18,5.66,8.96,-6.75,1,9606,-0.0,-1.8,1.3
6.0,1109.269740,243.19,-1.84,-81.38,5.64,10.42,-4.25,1,9480,5.2,89.2,2.8
6.0,1109.279740,240.03,-1.34,-78.43,5.25,10.42,-0.75,1,9339,5.8,203.5,-0.1
6.0,1109.289740,237.39,-0.29,-70.75,4.32,8.96,2.0,1,98,8.6,323.4,-3.0
6.0,1109.299740,235.63,-0.29,-70.75,4.32,6.24,3.75,1,10098,8.6,323.4,-3.0
6.0,1109.309740,235.02,-0.16,-67.27,4.36,2.64,4.25,1,9975,14.0,291.9,2.5
6.0,1109.319740,235.02,-0.2,-65.86,4.47,-1.33,3.75,1,9862,1.6,171.8,-1.0
6.0,1109.329740,235.9,-0.18,-66.48,4.33,-5.11,2.5,1,9726,0.4,58.1,-1.5
6.0,1109.339740,237.83,-0.17,-67.7,4.3,-8.18,0.5,1,9599,-0.9,-7.6,-0.9
6.0,1109.349740,240.29,-0.23,-69.33,4.31,-10.09,-2.0,1,9476,-3.2,-97.1,-0.5
6.0,1109.359740,243.11,-0.38,-72.17,4.39,-10.59,-5.25,1,9345,-5.6,-195.1,1.2
6.0,1109.369740,245.83,-1.22,-79.31,5.06,-9.6,-7.75,1,104,-8.0,-296.4,2.9
6.0,1109.379740,247.15,-1.22,-79.31,5.06,-7.26,-9.5,1,10103,-8.0,-296.4,2.9
6.0,1109.389740,247.59,-1.83,-82.5,5.56,-3.91,-9.75,1,9976,-10.8,-279.5,-1.1
6.0,1109.399740,247.59,-2.07,-83.75,5.75,0.0,-9.25,1,9858,-1.7,-142.1,2.0
6.0,1109.409743,246.45,-2.09,-82.81,5.86,3.91,-7.5,1,9725,-0.3,-42.8,2.2
6.0,1109.419740,244.42,-1.85,-81.81,5.63,7.26,-5.25,1,9606,-0.1,0.6,0.4
6.0,1109.429740,241.52,-1.5,-79.96,5.34,9.6,-2.5,1,9480,6.5,141.5,2.9
6.0,1109.439740,238.27,-0.99,-76.41,4.95,10.59,0.75,1,9340,5.3,214.5,-2.6
6.0,1109.449740,235.11,-0.18,-68.82,4.27,10.09,4.25,1,99,8.6,334.6,-3.2
6.0,1109.459740,232.73,-0.18,-68.82,4.27,8.18,6.75,1,10099,8.6,334.6,-3.2
6.0,1109.469740,231.24,-0.01,-64.95,4.21,5.11,8.25,1,9975,10.1,335.0,-1.2
6.0,1109.479740,231.15,0.04,-62.4,4.28,1.33,8.25,1,9862,9.5,254.9,1.1
6.0,1109.489740,231.15,0.04,-61.83,4.27,-2.64,7.5,1,9726,0.5,136.5,-2.2
6.0,1109.499740,232.73,0.04,-62.83,4.2,-6.24,5.75,1,9599,1.3,18.5,0.3
6.0,1109.509740,234.76,0.01,-64.15,4.22,-8.96,3.75,1,9472,-1.0,-13.7,-1.2
6.0,1109.519740,237.48,-0.04,-66.11,4.19,-10.42,0.75,1,9339,-5.1,-163.8,0.7
6.0,1109.529740,240.56,-0.47,-73.1,4.45,-10.42,-2.5,1,105,-6.8,-282.9,2.8
6.0,1109.539740,243.37,-0.47,-73.1,4.45,-8.96,-5.25,1,10104,-6.8,-282.9,2.8
6.0,1109.549740,245.3,-0.86,-76.95,4.76,-6.24,-7.0,1,9977,-8.3,-317.6,2.6
6.0,1109.559740,246.09,-1.23,-80.31,5.01,-2.64,-7.5,1,9858,-11.2,-301.2,-0.7
6.0,1109.569743,245.83,-1.55,-82.05,5.27,1.33,-7.0,1,9725,-3.5,-189.7,3.0
6.0,1109.579740,244.6,-1.71,-81.75,5.49,5.11,-5.5,1,9607,-1.6,-82.0,0.8
6.0,1109.589740,242.4,-1.44,-80.17,5.27,8.18,-3.5,1,9479,3.1,50.5,3.4
6.0,1109.599740,239.77,-1.18,-77.52,5.11,10.09,-0.75,1,9340,4.5,133.1,0.7
6.0,1109.609740,236.51,-0.3,-71.11,4.33,10.59,2.5,1,99,8.2,273.9,-1.6
6.0,1109.619740,234.05,-0.3,-71.11,4.33,9.6,5.5,1,10099,8.2,273.9,-1.6
6.0,1109.629743,232.29,-0.08,-67.18,4.23,7.26,7.25,1,9976,8.8,327.7,-3.9
6.0,1109.639740,231.24,0.04,-63.85,4.25,3.91,8.0,1,9863,13.5,279.8,3.7
6.0,1109.649740,230.98,-0.03,-62.58,4.38,0.0,8.25,1,9726,0.3,175.0,-2.0
6.0,1109.659740,230.98,0.04,-62.69,4.15,-3.91,7.75,1,9599,-0.1,93.9,-3.9
6.0,1109.669740,232.29,0.09,-63.21,4.15,-7.26,6.25,1,9472,4.7,29.1,2.2
6.0,1109.679740,234.4,0.03,-63.96,4.24,-9.6,4.0,1,9340,-2.6,-10.2,-1.8
6.0,1109.689740,237.13,-0.21,-69.2,4.29,-10.59,1.25,1,105,-6.5,-208.7,0.7
6.0,1109.699740,240.29,-0.21,-69.2,4.29,-10.09,-2.0,1,10105,-6.5,-208.7,0.7
6.0,1109.709740,243.11,-0.43,-72.64,4.42,-8.18,-5.0,1,9977,-6.8,-278.4,3.4
6.0,1109.719740,244.95,-0.83,-76.49,4.76,-5.11,-6.5,1,9859,-7.8,-315.6,2.5
6.0,1109.729740,245.57,-1.16,-79.88,4.96,-1.33,-7.0,1,9722,-11.3,-301.3,-0.4
6.0,1109.739752,245.21,-1.46,-81.77,5.19,2.64,-6.5,1,9608,-3.7,-203.0,2.2
6.0,1109.749755,244.07,-1.58,-81.25,5.38,6.24,-5.25,1,9492,-0.7,-46.9,2.2
6.0,1109.759753,242.14,-1.05,-77.21,4.96,8.96,-3.0,1,241,5.3,126.3,2.2
6.0,1109.769753,239.5,-0.66,-74.27,4.66,10.42,-0.25,1,114,5.1,205.2,-4.1
6.0,1109.779752,236.25,-0.66,-74.27,4.66,10.42,2.75,1,10113,5.1,205.2,-4.1
6.0,1109.789755,233.79,-0.24,-70.79,4.29,8.96,5.75,1,9989,7.1,269.3,-1.4
6.0,1109.799753,232.03,-0.08,-66.9,4.24,6.24,7.25,1,9878,9.0,325.0,-3.4
6.0,1109.809756,231.5,0.05,-63.57,4.25,2.64,7.75,1,9744,12.5,277.7,3.1
6.0,1109.819752,231.5,-0.02,-62.35,4.36,-1.33,7.25,1,9613,0.5,168.5,-1.7
6.0,1109.829755,232.56,0.0,-62.95,4.22,-5.11,6.0,1,9488,0.5,49.4,-1.0
6.0,1109.839753,234.32,-0.04,-65.92,4.21,-8.18,4.0,1,246,-3.6,-114.5,0.4
6.0,1109.849753,236.95,-0.17,-68.83,4.26,-10.09,1.25,1,119,-5.6,-183.1,0.3
6.0,1109.859752,239.85,-0.17,-68.83,4.26,-10.59,-1.75,1,10118,-5.6,-183.1,0.3
6.0,1109.869755,242.75,-0.37,-72.15,4.39,-9.6,-4.5,1,9994,-6.3,-263.1,3.1
6.0,1109.879753,244.51,-0.78,-76.05,4.72,-7.26,-6.25,1,9876,-8.6,-310.6,2.7
6.0,1109.889756,245.3,-1.13,-79.46,4.94,-3.91,-6.75,1,9740,-11.1,-292.9,-0.4
6.0,1109.899756,245.04,-1.29,-81.19,5.03,-0.0,-6.25,1,9613,-3.0,-191.2,1.1
6.0,1109.909755,243.81,-1.45,-80.9,5.27,3.91,-4.75,1,9484,-0.3,-72.1,3.7
6.0,1109.919752,241.88,-1.03,-76.99,4.95,7.26,-2.75,1,241,4.7,124.6,0.2
6.0,1109.929753,239.33,-0.58,-74.1,4.57,9.6,-0.25,1,114,5.3,201.9,-3.3
6.0,1109.939753,236.25,-0.58,-74.1,4.57,10.59,2.75,1,10114,5.3,201.9,-3.3
6.0,1109.949755,233.7,-0.26,-70.72,4.32,10.09,5.75,1,9990,6.7,261.2,-1.5
6.0,1109.959752,231.94,-0.08,-66.95,4.23,8.18,7.25,1,9877,8.6,317.2,-3.5
6.0,1109.969756,231.5,0.05,-63.63,4.26,5.11,7.75,1,9744,12.9,276.7,3.4
6.0,1109.979753,231.5,-0.01,-62.35,4.37,1.33,7.5,1,9617,0.6,168.4,-1.9
6.0,1109.989755,232.47,0.01,-62.9,4.22,-2.64,6.25,1,9480,0.9,52.8,-0.8
6.0,1109.999752,234.14,-0.04,-65.71,4.23,-6.24,4.25,1,245,-3.3,-101.6,0.3
6.0,1110.009753,236.6,-0.15,-68.48,4.25,-8.96,1.75,1,119,-5.6,-180.4,-0.1
6.0,1110.019753,239.5,-0.15,-68.48,4.25,-10.42,-1.5,1,10119,-5.6,-180.4,-0.1
6.0,1110.029755,242.58,-0.34,-71.82,4.37,-10.42,-4.5,1,9994,-5.9,-255.8,3.2
6.0,1110.039752,244.95,-0.74,-75.61,4.69,-8.96,-7.0,1,9872,-8.8,-303.0,2.7
6.0,1110.049756,246.27,-1.2,-79.21,5.03,-6.24,-8.25,1,9740,-10.0,-312.9,1.9
6.0,1110.059753,246.53,-1.61,-81.72,5.37,-2.64,-8.25,1,9610,-6.2,-241.0,0.4
6.0,1110.069755,246.01,-1.7,-82.41,5.46,1.33,-7.25,1,9485,-3.5,-141.3,1.3
6.0,1110.079752,244.42,-1.42,-79.76,5.28,5.11,-5.5,1,241,2.9,62.6,2.7
6.0,1110.089753,242.14,-1.11,-77.26,5.05,8.18,-3.0,1,115,5.7,168.8,0.0
6.0,1110.099753,239.24,-1.11,-77.26,5.05,10.09,-0.0,1,10115,5.7,168.8,0.0
6.0,1110.109755,235.81,-0.59,-73.83,4.59,10.59,3.25,1,9990,5.3,236.1,-3.2
6.0,1110.119752,233.09,-0.24,-70.18,4.31,9.6,6.5,1,9869,8.4,298.1,-2.4
6.0,1110.129756,231.15,-0.02,-66.11,4.21,7.26,8.25,1,9745,9.6,345.0,-3.5
6.0,1110.139753,230.54,0.08,-62.66,4.25,3.91,8.75,1,9617,12.7,298.0,2.9
6.0,1110.149758,230.54,0.04,-61.25,4.34,-0.0,8.5,1,9484,1.0,188.0,-2.5
6.0,1110.159752,231.33,0.05,-63.08,4.22,-3.91,7.25,1,245,-0.5,-7.5,-1.2
6.0,1110.169752,233.17,0.03,-64.61,4.19,-7.26,5.25,1,110,-2.5,-84.1,0.3
6.0,1110.179753,235.72,0.03,-64.61,4.19,-9.6,2.75,1,10111,-2.5,-84.1,0.3
6.0,1110.189756,238.62,-0.1,-67.37,4.24,-10.59,-0.5,1,9995,-5.9,-199.7,0.8
6.0,1110.199752,241.7,-0.3,-71.04,4.35,-10.09,-3.75,1,9876,-7.1,-251.2,2.2
6.0,1110.209755,244.25,-0.62,-74.62,4.59,-8.18,-6.0,1,9739,-7.7,-305.7,3.3
6.0,1110.219753,245.83,-1.02,-78.29,4.89,-5.11,-7.25,1,9611,-9.9,-312.6,1.1
6.0,1110.229756,246.01,-1.36,-80.97,5.13,-1.33,-7.25,1,9486,-7.9,-260.9,0.9
6.0,1110.239752,245.3,-1.57,-81.35,5.38,2.64,-6.5,1,241,-0.8,-12.0,0.7
6.0,1110.249752,243.81,-1.29,-78.93,5.17,6.24,-4.75,1,114,5.0,84.5,4.1
6.0,1110.259753,241.44,-1.29,-78.93,5.17,8.96,-2.25,1,10115,5.0,84.5,4.1
6.0,1110.269756,238.71,-1.02,-76.4,4.99,10.42,0.5,1,9991,3.5,156.4,-2.0
6.0,1110.279752,235.37,-0.48,-73.33,4.49,10.42,3.75,1,9868,6.8,235.6,-2.4
6.0,1110.289755,232.73,-0.21,-69.66,4.33,8.96,6.75,1,9744,7.9,287.1,-2.4
6.0,1110.299753,230.98,-0.0,-65.83,4.2,6.24,8.5,1,9616,8.8,331.8,-3.6
6.0,1110.309756,230.54,0.09,-62.49,4.24,2.64,9.0,1,9482,12.1,290.1,2.9
6.0,1110.319752,230.45,0.06,-61.76,4.21,-1.33,8.5,1,246,1.1,52.5,-0.3
6.0,1110.329752,231.42,0.05,-63.08,4.21,-5.11,7.25,1,118,-0.3,-8.7,-1.2
6.0,1110.339753,233.35,0.05,-63.08,4.21,-8.18,5.25,1,10119,-0.3,-8.7,-1.2
6.0,1110.349756,235.99,0.03,-64.76,4.19,-10.09,2.25,1,9996,-3.2,-106.9,0.4
6.0,1110.359752,238.97,-0.12,-67.77,4.26,-10.59,-0.75,1,9873,-6.2,-202.1,1.1
6.0,1110.369755,241.88,-0.33,-71.31,4.37,-9.6,-3.75,1,9740,-6.7,-258.8,2.2
6.0,1110.379753,243.72,-0.65,-75.0,4.62,-7.26,-5.25,1,9610,-8.3,-312.2,3.1
8.0,1112.399740,243.02,-0.82,-76.32,4.81,-3.83,-4.75,1,238,-8.1,-278.0,1.8
8.0,1112.409739,244.78,-1.1,-79.45,4.97,0.0,-6.0,1,111,-9.9,-263.9,-0.6
8.0,1112.419740,244.86,-1.1,-79.45,4.97,3.83,-6.0,1,10111,-9.9,-263.9,-0.6
8.0,1112.429740,243.9,-1.22,-80.97,5.05,6.72,-4.75,1,9992,-3.1,-166.3,0.7
8.0,1112.439740,241.96,-1.32,-80.08,5.23,7.94,-2.75,1,9857,1.0,-8.3,4.2
8.0,1112.449740,239.41,-1.14,-77.36,5.12,7.2,-0.25,1,9732,3.4,113.7,0.5
8.0,1112.459740,237.48,-0.63,-74.21,4.68,4.68,2.0,1,9602,5.9,193.1,-2.1
8.0,1112.469740,236.25,-0.3,-70.92,4.43,1.0,3.25,1,9466,6.6,250.4,-1.9
8.0,1112.479740,235.99,-0.27,-67.08,4.6,-2.93,3.25,1,234,0.7,117.9,-0.6
8.0,1112.489740,236.16,-0.25,-68.05,4.45,-6.13,2.25,1,107,-1.2,14.1,-1.5
8.0,1112.499740,237.66,-0.25,-68.05,4.45,-7.82,0.75,1,10107,-1.2,14.1,-1.5
8.0,1112.509740,239.94,-0.25,-69.25,4.42,-7.57,-1.5,1,9988,-1.0,-16.0,-0.3
8.0,1112.519740,241.88,-0.36,-71.17,4.47,-5.45,-3.75,1,9852,-5.2,-162.1,-0.0
8.0,1112.529743,243.37,-0.61,-74.85,4.64,-1.98,-4.5,1,9728,-5.9,-221.2,1.7
8.0,1112.539740,243.28,-0.83,-77.62,4.76,1.98,-4.25,1,9607,-8.8,-218.0,-1.8
8.0,1112.549740,242.31,-0.86,-79.17,4.73,5.45,-3.25,1,9470,-2.9,-158.5,0.6
8.0,1112.559740,240.47,-0.85,-75.51,4.87,7.57,-1.25,1,230,3.0,107.2,-0.6
8.0,1112.569740,238.01,-0.46,-72.77,4.54,7.82,1.25,1,111,5.3,187.4,-0.9
8.0,1112.579740,235.99,-0.46,-72.77,4.54,6.13,3.5,1,10111,5.3,187.4,-0.9
8.0,1112.589740,234.93,-0.21,-69.46,4.38,2.93,4.5,1,9993,7.6,250.6,-2.6
8.0,1112.599740,234.67,-0.11,-66.62,4.42,-1.0,4.5,1,9857,10.9,220.7,4.1
8.0,1112.609740,234.93,-0.21,-65.73,4.57,-4.68,3.75,1,9733,0.6,118.9,-0.5
8.0,1112.619740,236.43,-0.17,-66.65,4.4,-7.2,2.0,1,9603,-1.5,10.6,-1.8
8.0,1112.629740,238.71,-0.28,-69.98,4.43,-7.94,-0.25,1,362,-4.8,-174.7,-0.4
8.0,1112.639740,241.08,-0.5,-73.8,4.55,-6.72,-2.75,1,234,-6.3,-226.8,2.2
8.0,1112.649740,243.19,-0.81,-76.87,4.77,-3.83,-4.75,1,107,-8.8,-254.7,-0.2
8.0,1112.659740,244.07,-0.81,-76.87,4.77,0.0,-5.25,1,10107,-8.8,-254.7,-0.2
8.0,1112.669740,243.9,-1.02,-79.25,4.89,3.83,-4.75,1,9989,-6.5,-210.6,1.1
8.0,1112.679740,242.67,-1.15,-79.76,5.04,6.72,-3.5,1,9853,-1.2,-95.2,0.9
8.0,1112.689740,240.56,-1.08,-78.27,5.04,7.94,-1.5,1,9725,2.2,33.6,3.5
8.0,1112.699740,238.01,-0.89,-75.7,4.91,7.2,1.25,1,9599,3.0,129.0,-0.8
8.0,1112.709740,235.99,-0.18,-69.32,4.37,4.68,3.5,1,358,6.9,262.4,-1.7
8.0,1112.719740,234.76,-0.13,-66.43,4.44,1.0,4.75,1,230,11.6,231.2,3.3
8.0,1112.729740,234.58,-0.18,-65.51,4.55,-2.93,4.75,1,111,0.9,122.5,-0.2
8.0,1112.739740,234.67,-0.18,-65.51,4.55,-6.13,3.75,1,10111,0.9,122.5,-0.2
8.0,1112.749740,236.43,-0.17,-66.49,4.4,-7.82,2.0,1,9994,-1.9,11.4,-2.1
8.0,1112.759740,238.62,-0.18,-67.83,4.37,-7.57,-0.25,1,9857,-1.1,-23.0,0.4
8.0,1112.769740,240.82,-0.28,-69.94,4.43,-5.45,-2.5,1,9732,-5.0,-176.2,-0.6
8.0,1112.779740,242.4,-0.49,-73.74,4.55,-1.98,-3.5,1,9594,-6.2,-226.9,2.4
8.0,1112.789740,242.31,-0.69,-78.23,4.59,1.98,-3.25,1,362,-3.5,-160.6,2.2
8.0,1112.799740,241.35,-0.98,-77.41,4.95,5.45,-2.25,1,235,1.2,10.0,4.0
8.0,1112.809740,239.5,-0.76,-74.67,4.81,7.57,-0.5,1,107,3.3,103.4,-0.6
8.0,1112.819740,237.13,-0.76,-74.67,4.81,7.82,2.0,1,10107,3.3,103.4,-0.6
8.0,1112.829740,235.2,-0.37,-71.9,4.48,6.13,4.25,1,9992,5.7,184.0,-1.8
8.0,1112.839740,234.14,-0.14,-68.65,4.33,2.93,5.25,1,9853,5.8,244.7,-2.3
8.0,1112.849740,233.88,-0.09,-65.88,4.4,-1.0,5.25,1,9726,11.9,216.0,4.4
8.0,1112.859740,233.96,-0.16,-65.0,4.55,-4.68,4.5,1,9599,0.0,116.2,-0.8
8.0,1112.869740,235.55,-0.12,-67.01,4.34,-7.2,3.0,1,358,-0.7,-14.3,0.7
8.0,1112.879740,237.66,-0.22,-68.9,4.4,-7.94,0.75,1,231,-4.6,-159.8,-0.6
8.0,1112.889740,240.29,-0.4,-72.59,4.49,-6.72,-2.25,1,112,-5.8,-223.3,2.3
8.0,1112.899740,242.75,-0.4,-72.59,4.49,-3.83,-4.5,1,10112,-5.8,-223.3,2.3
8.0,1112.909740,244.34,-0.77,-75.96,4.78,-0.0,-5.75,1,9994,-7.6,-272.9,2.0
8.0,1112.919740,244.51,-1.05,-78.99,4.95,3.83,-5.75,1,9858,-10.4,-253.6,-0.6
8.0,1112.929740,243.37,-1.14,-80.51,4.98,6.72,-4.5,1,9730,-3.0,-171.2,0.3
8.0,1112.939740,241.61,-1.22,-79.76,5.14,7.94,-2.5,1,9595,1.1,-7.5,4.1
8.0,1112.949740,239.06,-0.59,-73.83,4.67,7.2,0.25,1,363,5.8,194.9,-2.1
8.0,1112.959740,237.04,-0.25,-70.47,4.41,4.68,2.25,1,236,7.7,254.8,-2.0
8.0,1112.969740,235.9,-0.18,-67.58,4.47,1.0,3.5,1,108,10.9,228.6,3.5
8.0,1112.979740,235.63,-0.18,-67.58,4.47,-2.93,3.75,1,10108,10.9,228.6,3.5
8.0,1112.989740,235.72,-0.26,-66.68,4.6,-6.13,2.75,1,9990,0.6,117.1,-0.4
8.0,1112.999740,237.22,-0.23,-67.66,4.45,-7.82,1.25,1,9854,-1.0,13.6,-1.7
8.0,1113.009740,239.33,-0.21,-68.8,4.4,-7.57,-1.0,1,9729,-0.7,-11.0,-0.6
8.0,1113.019740,241.44,-0.31,-70.62,4.45,-5.45,-3.0,1,9599,-5.3,-156.6,0.3
8.0,1113.029740,242.93,-0.73,-77.07,4.69,-1.98,-4.0,1,359,-8.4,-220.0,-1.9
8.0,1113.039740,242.67,-0.8,-78.63,4.7,1.98,-3.75,1,231,-3.5,-154.0,1.5
8.0,1113.049740,241.52,-0.97,-77.73,4.93,5.45,-2.5,1,113,1.5,23.9,3.2
8.0,1113.059740,239.77,-0.97,-77.73,4.93,7.57,-0.75,1,10113,1.5,23.9,3.2
8.0,1113.069740,237.13,-0.75,-74.77,4.81,7.82,2.0,1,9994,4.4,117.9,0.2
8.0,1113.079740,235.37,-0.4,-71.93,4.52,6.13,4.25,1,9858,5.4,190.5,-1.9
8.0,1113.089740,233.96,-0.15,-68.64,4.33,2.93,5.5,1,9731,5.9,256.0,-2.5
8.0,1113.099740,233.7,-0.09,-65.73,4.41,-1.0,5.5,1,9595,12.4,225.2,4.5
8.0,1113.109740,233.7,-0.1,-65.6,4.35,-4.68,4.75,1,363,-0.6,18.9,-1.9
8.0,1113.119740,235.2,-0.1,-66.74,4.34,-7.2,3.25,1,236,-0.5,-7.5,0.3
8.0,1113.129740,237.3,-0.21,-68.51,4.4,-7.94,1.25,1,109,-4.8,-150.2,0.1
8.0,1113.139740,239.94,-0.21,-68.51,4.4,-6.72,-1.75,1,10109,-4.8,-150.2,0.1
8.0,1113.149740,242.4,-0.4,-72.12,4.5,-3.83,-4.0,1,9990,-5.6,-218.6,1.8
8.0,1113.159740,244.16,-0.7,-75.44,4.73,-0.0,-5.5,1,9854,-7.1,-263.7,2.0
8.0,1113.169740,245.13,-0.98,-78.49,4.9,3.83,-6.25,1,9730,-10.7,-259.6,-0.7
8.0,1113.179740,244.86,-1.24,-80.36,5.11,6.72,-6.0,1,9600,-1.3,-191.2,3.0
8.0,1113.189740,243.72,-1.32,-79.4,5.22,7.94,-4.5,1,359,2.8,26.0,1.4
8.0,1113.199740,241.7,-1.0,-76.86,5.03,7.2,-2.5,1,232,6.3,133.9,1.6
8.0,1113.209740,240.03,-0.6,-73.64,4.71,4.68,-0.5,1,113,4.6,213.9,-3.6
8.0,1113.219740,238.97,-0.6,-73.64,4.71,1.0,0.25,1,10113,4.6,213.9,-3.6
8.0,1113.229740,238.97,-0.41,-70.97,4.61,-2.93,0.25,1,9997,11.5,186.9,5.1
8.0,1113.239740,239.33,-0.54,-70.31,4.81,-6.13,-1.0,1,9850,-0.7,93.0,-1.8
8.0,1113.249740,241.0,-0.45,-71.23,4.57,-7.82,-2.75,1,9731,-0.9,1.7,-0.8
8.0,1113.259740,243.28,-0.51,-72.63,4.62,-7.57,-5.25,1,9596,-2.3,-48.7,-0.4
8.0,1113.269740,245.39,-1.03,-78.45,4.99,-5.45,-7.25,1,364,-6.1,-227.9,2.4
8.0,1113.279740,246.36,-1.58,-81.23,5.44,-1.98,-8.25,1,236,-9.0,-226.6,-0.9
8.0,1113.289740,246.45,-1.58,-82.33,5.4,1.98,-8.0,1,109,-2.1,-110.9,-0.3
8.0,1113.299740,245.74,-1.58,-82.33,5.4,5.45,-6.75,1,10109,-2.1,-110.9,-0.3
8.0,1113.309740,243.9,-1.55,-81.27,5.44,7.57,-4.75,1,9993,0.9,-9.8,3.4
8.0,1113.319740,241.44,-1.44,-79.37,5.4,7.82,-2.25,1,9855,2.8,89.5,0.8
8.0,1113.329740,238.89,-0.95,-76.49,4.98,6.13,0.5,1,9727,6.2,188.1,0.3
8.0,1113.339740,236.95,-0.52,-72.92,4.64,2.93,2.5,1,9600,7.8,259.1,-3.6
8.0,1113.349740,236.16,-0.27,-67.38,4.57,-1.0,3.25,1,360,8.4,207.9,0.9
8.0,1113.359740,236.07,-0.23,-67.13,4.53,-4.68,3.0,1,232,-0.4,84.3,-1.3
8.0,1113.369740,236.6,-0.26,-68.41,4.47,-7.2,2.0,1,113,-0.4,-4.1,-0.5
8.0,1113.379740,238.18,-0.26,-68.41,4.47,-7.94,0.25,1,10113,-0.4,-4.1,-0.5
8.0,1113.389740,240.47,-0.31,-69.8,4.49,-6.72,-2.25,1,9995,-2.8,-51.1,-0.4
8.0,1113.399740,242.58,-0.41,-72.04,4.52,-3.83,-4.25,1,9859,-4.9,-176.5,-0.2
8.0,1113.409740,243.98,-0.67,-75.63,4.7,0.0,-5.25,1,9732,-6.5,-233.9,1.9
8.0,1113.419740,243.9,-1.0,-78.52,4.92,3.83,-5.0,1,9596,-9.7,-231.2,-1.0
8.0,1113.429740,242.93,-1.07,-78.89,5.04,6.72,-3.75,1,364,1.6,15.2,5.4
8.0,1113.439740,241.17,-1.02,-76.21,5.05,7.94,-2.0,1,237,2.9,109.4,-0.5
8.0,1113.449740,238.71,-0.52,-73.44,4.61,7.2,0.5,1,109,6.2,182.8,-1.6
8.0,1113.459740,236.6,-0.52,-73.44,4.61,4.68,2.75,1,10109,6.2,182.8,-1.6
8.0,1113.469740,235.55,-0.27,-70.19,4.45,1.0,3.75,1,9991,5.6,252.2,-1.5
8.0,1113.479740,235.28,-0.18,-67.26,4.47,-2.93,4.0,1,9855,11.9,223.3,2.5
8.0,1113.489740,235.46,-0.21,-66.4,4.58,-6.13,3.0,1,9731,1.1,115.2,0.4
8.0,1113.499740,237.13,-0.23,-67.33,4.47,-7.82,1.25,1,9601,-1.2,14.7,-1.9
8.0,1113.509740,239.15,-0.33,-70.53,4.48,-7.57,-1.0,1,360,-5.2,-168.4,0.0
8.0,1113.519740,241.44,-0.56,-74.27,4.62,-5.45,-3.0,1,233,-6.0,-223.3,1.5
8.0,1113.529740,242.75,-0.76,-77.18,4.73,-1.98,-4.0,1,114,-8.5,-236.3,-1.8
8.0,1113.539740,242.67,-0.81,-78.78,4.72,1.98,-3.75,1,1,-3.0,-146.8,1.2
8.0,1113.549740,241.7,-0.81,-78.78,4.72,5.45,-2.5,1,9999,-3.0,-146.8,1.2
8.0,1113.559740,239.85,-0.95,-77.7,4.93,7.57,-0.75,1,9860,0.8,18.6,3.3
8.0,1113.569740,237.3,-0.78,-74.89,4.84,7.82,1.75,1,9733,4.5,114.9,0.4
8.0,1113.579740,235.37,-0.42,-72.07,4.56,6.13,4.25,1,9597,4.9,185.8,-1.8
8.0,1113.589740,234.23,-0.1,-65.88,4.43,2.93,5.25,1,365,12.2,225.7,4.6
8.0,1113.599740,233.96,-0.17,-64.98,4.58,-1.0,5.25,1,237,0.2,119.0,-1.0
8.0,1113.609740,234.05,-0.12,-65.86,4.38,-4.68,4.5,1,110,-0.9,18.1,-2.1
8.0,1113.619740,235.55,-0.12,-65.86,4.38,-7.2,3.0,1,10110,-0.9,18.1,-2.1
8.0,1113.629740,237.74,-0.12,-67.0,4.36,-7.94,0.75,1,9992,-0.8,-13.3,0.5
8.0,1113.639740,240.29,-0.23,-68.9,4.43,-6.72,-2.25,1,9856,-4.8,-158.6,-0.5
8.0,1113.649740,242.75,-0.41,-72.59,4.52,-3.83,-4.5,1,9731,-5.7,-223.1,2.3
8.0,1113.659740,244.34,-0.77,-75.96,4.81,0.0,-5.75,1,9601,-7.7,-272.6,2.0
8.0,1113.669740,244.6,-1.16,-80.52,5.02,3.83,-5.75,1,361,-3.1,-172.1,0.1
8.0,1113.679740,243.46,-1.23,-79.79,5.17,6.72,-4.5,1,233,1.1,-8.4,4.2
8.0,1113.689740,241.61,-1.09,-77.02,5.11,7.94,-2.5,1,114,3.9,113.1,0.7
8.0,1113.699740,239.06,-0.6,-73.86,4.69,7.2,0.25,1,1,5.8,194.7,-2.1
8.0,1113.709740,237.04,-0.6,-73.86,4.69,4.68,2.25,1,9997,5.8,194.7,-2.1
8.0,1113.719740,235.9,-0.26,-70.5,4.44,1.0,3.5,1,9852,7.6,254.3,-2.0
8.0,1113.729740,235.63,-0.19,-67.61,4.5,-2.93,3.75,1,9733,10.6,229.6,3.4
8.0,1113.739740,235.72,-0.27,-66.68,4.62,-6.13,2.75,1,9597,0.7,117.5,-0.4
8.0,1113.749740,237.22,-0.22,-68.81,4.42,-7.82,1.25,1,365,-0.6,-10.7,-0.6
8.0,1113.759740,239.33,-0.32,-70.62,4.48,-7.57,-1.0,1,238,-5.3,-156.0,0.3
8.0,1113.769740,241.35,-0.58,-74.24,4.63,-5.45,-3.25,1,110,-6.1,-217.5,1.2
8.0,1113.779740,242.84,-0.58,-74.24,4.63,-1.98,-4.0,1,10110,-6.1,-217.5,1.2
8.0,1113.789740,242.75,-0.74,-77.06,4.71,1.98,-3.75,1,9992,-8.3,-219.9,-1.9
8.0,1113.799740,241.52,-0.82,-78.62,4.73,5.45,-2.5,1,9856,-3.5,-154.0,1.6
8.0,1113.809740,239.77,-0.98,-77.73,4.96,7.57,-0.5,1,9729,1.5,23.4,3.1
8.0,1113.819740,237.3,-0.76,-74.78,4.83,7.82,2.0,1,9602,4.5,118.0,0.1
8.0,1113.829740,235.2,-0.15,-68.64,4.36,6.13,4.25,1,361,5.9,256.1,-2.5
8.0,1113.839740,233.88,-0.09,-65.72,4.42,2.93,5.5,1,234,12.3,226.4,4.3
8.0,1113.849740,233.7,-0.15,-64.76,4.56,-1.0,5.5,1,115,0.2,125.9,-1.0
8.0,1113.859740,233.7,-0.11,-65.57,4.37,-4.68,4.75,1,2,-0.8,19.3,-2.2
8.0,1113.869740,235.11,-0.11,-65.57,4.37,-7.2,3.25,1,10000,-0.8,19.3,-2.2
8.0,1113.879740,237.3,-0.1,-66.71,4.35,-7.94,1.25,1,9852,-0.5,-7.5,0.3
8.0,1113.889740,239.77,-0.21,-68.47,4.42,-6.72,-1.75,1,9733,-4.7,-149.2,0.2
8.0,1113.899740,242.23,-0.4,-72.07,4.52,-3.83,-4.0,1,9598,-5.7,-218.2,1.7
8.0,1113.909740,244.16,-0.98,-78.44,4.92,-0.0,-5.5,1,365,-10.6,-259.0,-0.7
8.0,1113.919740,245.04,-1.24,-80.32,5.13,3.83,-6.25,1,238,-1.6,-192.0,3.0
8.0,1113.929740,244.86,-1.5,-80.6,5.43,6.72,-6.0,1,119,-5.3,-95.6,1.5
8.0,1113.939740,243.63,-1.5,-80.6,5.43,7.94,-4.5,1,10119,-5.3,-95.6,1.5
8.0,1113.949740,241.52,-1.32,-79.35,5.23,7.2,-2.25,1,9993,2.8,28.6,1.3
8.0,1113.959740,239.85,-0.98,-76.76,5.04,4.68,-0.25,1,9857,6.4,135.3,1.6
8.0,1113.969740,238.97,-0.6,-73.53,4.72,1.0,0.5,1,9729,4.6,215.7,-3.5
8.0,1113.979740,238.97,-0.4,-70.83,4.62,-2.93,0.25,1,9594,11.5,190.3,5.0
8.0,1113.989740,239.33,-0.45,-71.16,4.6,-6.13,-0.75,1,361,-1.2,0.6,-1.2
8.0,1113.999740,240.91,-0.5,-72.54,4.62,-7.82,-2.75,1,234,-2.3,-47.7,-0.5
8.0,1114.009740,243.02,-0.63,-74.77,4.69,-7.57,-5.0,1,124,-5.5,-174.3,-0.6
8.0,1114.019740,245.13,-1.03,-78.31,5.0,-5.45,-7.25,1,2,-6.0,-227.6,2.6
8.0,1114.029740,246.27,-1.03,-78.31,5.0,-1.98,-8.0,1,10000,-6.0,-227.6,2.6
8.0,1114.039740,246.45,-1.55,-81.06,5.44,1.98,-7.75,1,9861,-8.7,-221.5,-1.2
8.0,1114.049740,245.48,-1.55,-82.2,5.38,5.45,-6.5,1,9734,-2.6,-119.9,0.0
8.0,1114.059740,243.63,-1.58,-81.34,5.48,7.57,-4.5,1,9600,0.7,-15.4,3.0
8.0,1114.069740,241.08,-0.9,-75.88,4.95,7.82,-1.75,1,366,5.3,185.6,-1.3
8.0,1114.079740,238.97,-0.46,-72.59,4.59,6.13,0.5,1,238,7.4,263.0,-2.8
8.0,1114.089740,237.57,-0.31,-69.43,4.58,2.93,1.75,1,120,12.5,239.1,3.7
8.0,1114.099740,237.22,-0.31,-69.43,4.58,-1.0,2.0,1,10120,12.5,239.1,3.7
8.0,1114.109740,237.3,-0.37,-68.29,4.7,-4.68,1.25,1,9993,0.9,137.8,-1.6
8.0,1114.119740,238.54,-0.3,-69.01,4.5,-7.2,-0.25,1,9857,-0.7,29.0,-1.7
8.0,1114.129740,240.56,-0.32,-70.18,4.49,-7.94,-2.25,1,9729,-0.8,-7.6,-0.4
8.0,1114.139740,242.67,-0.42,-71.9,4.55,-6.72,-4.5,1,9594,-4.5,-135.8,-0.2
8.0,1114.149740,244.34,-1.04,-78.28,5.0,-3.83,-6.25,1,362,-7.9,-226.9,1.2
8.0,1114.159740,245.39,-1.27,-80.17,5.16,0.0,-6.5,1,234,-5.5,-171.7,-0.6
8.0,1114.169740,245.04,-1.36,-80.71,5.26,3.83,-6.25,1,124,-1.7,-108.7,2.5
8.0,1114.179740,243.72,-1.45,-79.68,5.41,6.72,-4.75,1,3,2.2,39.3,2.5
8.0,1114.189740,241.79,-1.45,-79.68,5.41,7.94,-2.75,1,9998,2.2,39.3,2.5
8.0,1114.199740,239.06,-1.03,-76.89,5.07,7.2,-0.0,1,9853,4.0,131.3,-0.6
8.0,1114.209740,236.95,-0.57,-73.86,4.67,4.68,2.5,1,9734,6.5,211.1,-2.3
8.0,1114.219740,235.72,-0.26,-70.4,4.45,1.0,3.75,1,9601,7.2,267.0,-2.1
8.0,1114.229740,235.46,-0.24,-66.38,4.62,-2.93,3.75,1,367,0.6,128.6,-0.7
8.0,1114.239740,235.55,-0.22,-67.32,4.47,-6.13,3.0,1,239,-0.6,19.4,-1.6
8.0,1114.249740,236.95,-0.21,-68.52,4.43,-7.82,1.5,1,120,-0.9,-10.6,-0.7
8.0,1114.259740,239.06,-0.21,-68.52,4.43,-7.57,-0.75,1,10120,-0.9,-10.6,-0.7
8.0,1114.269740,241.08,-0.31,-70.34,4.49,-5.45,-2.75,1,9994,-4.6,-152.7,0.5
8.0,1114.279740,242.58,-0.55,-73.91,4.64,-1.98,-3.75,1,9858,-6.2,-214.0,1.2
8.0,1114.289740,242.49,-0.7,-76.75,4.69,1.98,-3.25,1,9732,-8.2,-222.7,-2.2
8.0,1114.299740,241.35,-0.76,-78.33,4.69,5.45,-2.25,1,9595,-3.6,-149.9,1.5
8.0,1114.309740,239.41,-0.76,-74.53,4.86,7.57,-0.25,1,363,3.9,113.5,-0.8
8.0,1114.319740,236.87,-0.35,-71.67,4.51,7.82,2.25,1,235,5.7,194.4,-1.9
8.0,1114.329740,234.84,-0.12,-68.32,4.36,6.13,4.5,1,116,6.2,253.8,-2.5
8.0,1114.339740,233.88,-0.07,-65.48,4.43,2.93,5.75,1,3,11.5,225.1,4.3
8.0,1114.349740,233.53,-0.07,-65.48,4.43,-1.0,5.75,1,10001,11.5,225.1,4.3
8.0,1114.359740,233.61,-0.16,-64.57,4.58,-4.68,5.0,1,9854,0.0,119.7,-0.6
8.0,1114.369740,235.02,-0.11,-65.46,4.39,-7.2,3.5,1,9735,-0.8,16.1,-2.5
8.0,1114.379740,237.22,-0.09,-66.58,4.35,-7.94,1.25,1,9599,-0.6,-8.1,0.5
8.0,1114.389740,239.85,-0.4,-72.07,4.53,-6.72,-1.5,1,358,-5.9,-220.4,2.1
8.0,1114.399740,242.31,-0.72,-75.36,4.78,-3.83,-4.0,1,240,-7.2,-264.9,1.9
8.0,1114.409754,244.25,-0.99,-78.45,4.93,0.0,-5.5,1,136,-10.5,-263.9,-0.6
8.0,1114.419752,245.21,-1.26,-80.4,5.16,3.83,-6.25,1,3,-1.9,-196.5,2.9
8.0,1114.429756,244.95,-1.26,-80.4,5.16,6.72,-6.0,1,10002,-1.9,-196.5,2.9
8.0,1114.439753,243.72,-1.52,-80.71,5.46,7.94,-4.5,1,9872,-5.1,-98.6,1.4
8.0,1114.449755,241.52,-1.33,-79.41,5.26,7.2,-2.25,1,9747,2.7,33.0,1.4
8.0,1114.459753,239.94,-0.99,-76.75,5.06,4.68,-0.5,1,9612,6.4,133.9,1.5
8.0,1114.469753,238.97,-0.41,-70.88,4.65,1.0,0.25,1,377,11.6,189.1,5.2
8.0,1114.479752,238.89,-0.54,-70.23,4.84,-2.93,0.25,1,249,-1.0,91.7,-1.9
8.0,1114.489753,239.41,-0.44,-71.21,4.6,-6.13,-0.75,1,140,-1.0,-0.3,-1.0
8.0,1114.499753,241.0,-0.51,-72.6,4.64,-7.82,-2.75,1,4,-2.3,-47.8,-0.4
8.0,1114.509755,243.19,-0.51,-72.6,4.64,-7.57,-5.25,1,10006,-2.3,-47.8,-0.4
8.0,1114.519753,245.39,-0.65,-74.85,4.72,-5.45,-7.25,1,9868,-5.7,-177.5,-0.5
8.0,1114.529756,246.36,-1.05,-78.43,5.03,-1.98,-8.25,1,9752,-6.0,-228.1,2.4
8.0,1114.539752,246.62,-1.59,-81.19,5.48,1.98,-8.0,1,9612,-8.9,-225.5,-0.8
8.0,1114.549752,245.57,-1.6,-81.4,5.52,5.45,-6.75,1,372,0.6,-15.8,3.6
8.0,1114.559753,243.9,-1.47,-79.3,5.45,7.57,-4.75,1,254,3.8,108.9,0.8
8.0,1114.569752,241.26,-0.92,-76.19,4.97,7.82,-2.25,1,134,5.1,186.3,-0.5
8.0,1114.579752,238.62,-0.5,-72.8,4.63,6.13,0.75,1,4,8.3,261.6,-3.1
8.0,1114.589756,236.78,-0.5,-72.8,4.63,2.93,2.75,1,10003,8.3,261.6,-3.1
8.0,1114.599752,235.37,-0.25,-69.35,4.5,-1.0,3.75,1,9871,8.3,270.6,0.6
8.0,1114.609755,234.93,-0.26,-67.21,4.59,-4.68,4.25,1,9747,8.6,205.0,1.2
8.0,1114.619753,234.93,-0.16,-66.63,4.48,-7.2,3.75,1,9610,-1.6,123.1,-4.7
8.0,1114.629752,235.9,-0.19,-67.53,4.49,-7.94,2.5,1,376,-2.9,-6.1,-1.3
8.0,1114.639752,237.74,-0.25,-69.23,4.44,-6.72,0.5,1,249,-2.9,-103.1,0.6
8.0,1114.649753,239.68,-0.42,-72.15,4.57,-3.83,-1.25,1,131,-5.3,-195.4,1.1
8.0,1114.659756,240.82,-0.52,-75.08,4.57,-0.0,-1.75,1,8,-7.0,-200.1,-2.5
8.0,1114.669755,240.64,-0.52,-75.08,4.57,3.83,-1.5,1,10007,-7.0,-200.1,-2.5
8.0,1114.679753,239.33,-0.46,-76.4,4.46,6.72,-0.25,1,9868,-1.9,-126.8,0.0
8.0,1114.689756,237.3,-0.61,-75.27,4.69,7.94,1.75,1,9752,2.1,39.5,4.7
8.0,1114.699752,234.76,-0.56,-72.32,4.72,7.2,4.25,1,9613,3.0,128.1,-0.8
8.0,1114.709753,232.82,-0.03,-66.14,4.32,4.68,6.75,1,373,5.5,255.4,-0.8
8.0,1114.719753,231.68,-0.0,-63.34,4.4,1.0,7.75,1,254,11.1,226.0,2.5
8.0,1114.729752,231.5,-0.0,-62.46,4.46,-2.93,7.75,1,135,0.0,116.9,-0.7
8.0,1114.739753,231.86,-0.02,-63.42,4.36,-6.13,6.75,1,5,0.3,12.9,-0.7
8.0,1114.749756,233.44,-0.02,-63.42,4.36,-7.82,5.25,1,10004,0.3,12.9,-0.7
8.0,1114.759752,235.63,-0.03,-64.81,4.36,-7.57,2.75,1,9872,-2.1,-34.6,0.2
8.0,1114.769756,238.01,-0.12,-66.99,4.38,-5.45,0.75,1,9748,-4.9,-170.8,-0.2
8.0,1114.779752,239.15,-0.28,-70.61,4.45,-1.98,-0.25,1,9609,-5.9,-225.7,2.1
8.0,1114.789752,239.41,-0.34,-75.18,4.38,1.98,-0.25,1,377,-4.0,-145.8,-0.9
8.0,1114.799752,238.45,-0.48,-74.29,4.57,5.45,0.75,1,249,0.9,-6.1,5.1
8.0,1114.809753,236.78,-0.51,-71.96,4.67,7.57,2.25,1,132,2.7,93.5,-0.5
8.0,1114.819752,234.49,-0.19,-69.24,4.4,7.82,4.75,1,4,4.5,172.7,-1.6
8.0,1114.829755,232.73,-0.19,-69.24,4.4,6.13,6.75,1,10007,4.5,172.7,-1.6
8.0,1114.839753,231.68,-0.04,-66.16,4.32,2.93,7.75,1,9869,6.4,228.7,-0.7
8.0,1114.849755,231.5,0.01,-63.51,4.4,-1.0,7.75,1,9752,9.3,209.0,2.5
8.0,1114.859752,231.86,-0.02,-62.62,4.46,-4.68,6.75,1,9613,0.6,108.5,-0.1
8.0,1114.869753,233.44,-0.03,-64.84,4.36,-7.2,5.25,1,373,-1.9,-34.3,0.4
8.0,1114.879752,235.63,-0.12,-66.98,4.38,-7.94,2.75,1,254,-4.9,-169.3,-0.4
8.0,1114.889752,238.36,-0.28,-70.6,4.45,-6.72,-0.25,1,135,-5.7,-226.9,2.4
8.0,1114.899753,241.08,-0.59,-73.98,4.7,-3.83,-2.75,1,4,-7.3,-279.8,2.7
8.0,1114.909757,242.93,-0.59,-73.98,4.7,0.0,-4.0,1,10005,-7.3,-279.8,2.7
8.0,1114.919752,243.02,-0.8,-77.28,4.8,3.83,-4.0,1,9873,-9.9,-277.2,-1.7
8.0,1114.929756,242.05,-0.88,-79.13,4.8,6.72,-3.0,1,9749,-4.4,-187.8,1.7
8.0,1114.939756,240.38,-1.03,-78.35,5.02,7.94,-1.25,1,9613,0.4,-11.5,2.7
8.0,1114.949752,238.01,-0.54,-72.85,4.68,7.2,1.25,1,377,5.0,174.0,-0.5
8.0,1114.959753,236.16,-0.23,-69.64,4.46,4.68,3.25,1,251,8.3,241.6,-3.0
8.0,1114.969753,235.11,-0.12,-66.82,4.48,1.0,4.25,1,132,9.9,214.5,4.4
8.0,1114.979752,235.02,-0.26,-66.05,4.65,-2.93,4.25,1,4,0.1,104.0,-0.4
8.0,1114.989756,235.37,-0.26,-66.05,4.65,-6.13,3.25,1,10008,0.1,104.0,-0.4
8.0,1114.999753,237.04,-0.21,-67.09,4.48,-7.82,1.25,1,9869,-1.1,6.4,-1.7
8.0,1115.009755,239.33,-0.22,-68.53,4.45,-7.57,-1.25,1,9753,-2.4,-45.8,-0.0
8.0,1115.019753,241.61,-0.36,-70.81,4.53,-5.45,-3.25,1,9618,-4.7,-176.6,0.2
8.0,1115.029753,243.11,-0.83,-77.42,4.82,-1.98,-4.25,1,374,-8.3,-241.7,-1.7
8.0,1115.039752,243.11,-0.85,-79.08,4.79,1.98,-4.25,1,254,-3.3,-156.7,0.7
8.0,1115.049752,242.05,-0.99,-78.14,5.0,5.45,-3.0,1,136,0.7,8.9,3.6
8.0,1115.059753,240.38,-0.85,-75.46,4.93,7.57,-1.25,1,4,3.5,102.5,0.2
8.0,1115.069755,237.92,-0.85,-75.46,4.93,7.82,1.25,1,10003,3.5,102.5,0.2
8.0,1115.079752,235.99,-0.5,-72.73,4.65,6.13,3.5,1,9873,4.8,179.9,-0.8
8.0,1115.089756,234.84,-0.22,-69.48,4.45,2.93,4.5,1,9749,8.2,248.0,-2.9
8.0,1115.099755,234.76,-0.11,-66.6,4.48,-1.0,4.5,1,9613,10.0,219.8,4.2
8.0,1115.109752,234.84,-0.2,-66.66,4.48,-4.68,3.75,1,378,-1.4,10.2,-1.8
8.0,1115.119753,236.51,-0.2,-67.92,4.45,-7.2,2.0,1,251,-1.2,-20.3,0.2
8.0,1115.129752,238.71,-0.31,-69.96,4.51,-7.94,-0.5,1,131,-4.8,-173.5,-0.3
8.0,1115.139752,241.0,-0.54,-73.76,4.65,-6.72,-3.0,1,5,-6.4,-226.8,2.4
8.0,1115.149756,243.19,-0.54,-73.76,4.65,-3.83,-4.75,1,10009,-6.4,-226.8,2.4
8.0,1115.159754,244.07,-0.86,-76.83,4.88,0.0,-5.25,1,9871,-8.5,-253.8,-0.3
8.0,1115.169755,243.9,-1.04,-79.17,4.97,3.83,-4.75,1,9753,-6.6,-206.7,1.0
8.0,1115.179753,242.67,-1.2,-79.78,5.14,6.72,-3.5,1,9619,-1.4,-108.1,0.9
8.0,1115.189753,240.64,-0.94,-75.73,5.01,7.94,-1.5,1,375,3.3,127.0,-0.8
8.0,1115.199752,238.1,-0.47,-72.81,4.62,7.2,1.25,1,255,7.0,201.4,-2.3
8.0,1115.209753,236.07,-0.21,-69.45,4.46,4.68,3.5,1,137,6.5,260.9,-1.6
8.0,1115.219753,234.84,-0.16,-66.53,4.51,1.0,4.5,1,4,11.3,233.3,2.9
8.0,1115.229755,234.76,-0.16,-66.53,4.51,-2.93,4.75,1,10004,11.3,233.3,2.9
8.0,1115.239753,234.93,-0.2,-65.57,4.62,-6.13,3.75,1,9874,0.9,123.6,-0.0
8.0,1115.249756,236.51,-0.21,-66.56,4.5,-7.82,1.75,1,9750,-1.5,10.6,-1.7
8.0,1115.259752,238.71,-0.21,-67.9,4.46,-7.57,-0.5,1,9613,-1.2,-21.5,0.1
8.0,1115.269753,240.91,-0.54,-73.81,4.66,-5.45,-2.5,1,379,-6.4,-226.5,2.4
8.0,1115.279753,242.49,-0.75,-76.64,4.77,-1.98,-3.5,1,252,-8.6,-233.5,-2.8
8.0,1115.289752,242.58,-0.76,-78.35,4.71,1.98,-3.5,1,132,-3.8,-164.0,1.9
8.0,1115.299752,241.52,-1.04,-77.58,5.06,5.45,-2.25,1,5,1.2,7.6,4.1
8.0,1115.309756,239.85,-1.04,-77.58,5.06,7.57,-0.5,1,10009,1.2,7.6,4.1
8.0,1115.319752,237.3,-0.82,-74.82,4.93,7.82,1.75,1,9881,3.6,104.4,-0.6
8.0,1115.329755,235.28,-0.41,-72.06,4.58,6.13,4.25,1,9745,5.4,179.5,-1.8
8.0,1115.339753,234.32,-0.19,-68.87,4.42,2.93,5.25,1,9618,5.6,244.3,-2.1
8.0,1115.349752,234.05,-0.19,-65.13,4.63,-1.0,5.25,1,374,0.6,113.6,-0.3
8.0,1115.359752,234.23,-0.16,-66.04,4.46,-4.68,4.25,1,256,-1.4,15.0,-2.2
8.0,1115.369753,235.72,-0.16,-67.21,4.43,-7.2,2.75,1,138,-0.9,-18.5,0.6
8.0,1115.379752,237.92,-0.26,-69.18,4.5,-7.94,0.25,1,4,-4.3,-162.7,-0.7
8.0,1115.389755,240.29,-0.26,-69.18,4.5,-6.72,-2.25,1,10004,-4.3,-162.7,-0.7
8.0,1115.399753,242.23,-0.45,-72.88,4.6,-3.83,-3.75,1,9875,-5.9,-225.7,2.7
8.0,1115.409760,243.63,-0.78,-75.96,4.83,-0.0,-4.75,1,9754,-8.4,-245.8,0.0
8.0,1115.419755,244.07,-0.91,-78.18,4.88,3.83,-5.25,1,9613,-6.3,-201.5,0.6
8.0,1115.429753,243.63,-1.25,-79.02,5.24,6.72,-4.75,1,380,-4.7,-40.2,-0.1
8.0,1115.439753,242.31,-1.05,-77.51,5.04,7.94,-3.25,1,253,4.3,46.5,2.5
8.0,1115.449752,240.12,-0.82,-75.24,4.94,7.2,-1.0,1,133,4.2,140.1,-1.1
8.0,1115.459753,238.54,-0.43,-72.17,4.59,4.68,1.0,1,7,5.4,213.9,-2.2
8.0,1115.469756,237.57,-0.43,-72.17,4.59,1.0,1.75,1,10010,5.4,213.9,-2.2
8.0,1115.479752,237.48,-0.34,-69.48,4.64,-2.93,1.75,1,9878,12.8,195.2,5.0
8.0,1115.489756,237.92,-0.42,-68.75,4.78,-6.13,0.75,1,9746,-2.0,91.9,-1.8
8.0,1115.499753,239.5,-0.4,-71.06,4.58,-7.82,-1.25,1,503,-1.9,-42.0,0.1
8.0,1115.509752,241.61,-0.54,-73.17,4.67,-7.57,-3.5,1,375,-5.1,-165.9,-0.3
8.0,1115.519753,243.81,-0.86,-76.71,4.9,-5.45,-5.5,1,257,-5.9,-230.2,2.5
8.0,1115.529753,244.95,-1.22,-79.58,5.17,-1.98,-6.75,1,138,-9.6,-222.2,-2.1
8.0,1115.539752,245.57,-1.39,-80.77,5.3,1.98,-7.5,1,4,-0.2,-127.5,4.1
8.0,1115.549755,245.57,-1.39,-80.77,5.3,5.45,-7.25,1,10005,-0.2,-127.5,4.1
8.0,1115.559753,244.69,-1.59,-80.43,5.56,7.57,-5.75,1,9877,-3.9,-59.9,-0.3
8.0,1115.569755,242.49,-1.23,-79.86,5.15,7.82,-3.25,1,9741,-0.9,-11.0,-1.2
8.0,1115.579752,240.12,-0.91,-74.86,5.05,6.13,-1.0,1,507,4.5,217.5,-2.9
8.0,1115.589753,238.71,-0.42,-71.39,4.61,2.93,0.75,1,380,9.3,240.6,0.0
8.0,1115.599752,238.01,-0.4,-69.43,4.73,-1.0,1.25,1,252,8.6,172.8,2.5
8.0,1115.609752,238.01,-0.44,-69.49,4.75,-4.68,0.75,1,133,-1.7,62.7,-1.8
8.0,1115.619753,238.8,-0.42,-70.66,4.61,-7.2,-0.25,1,4,-0.6,-7.1,-0.7
8.0,1115.629755,240.56,-0.42,-70.66,4.61,-7.94,-2.25,1,10001,-0.6,-7.1,-0.7
8.0,1115.639752,242.58,-0.47,-72.15,4.64,-6.72,-4.5,1,9879,-3.5,-79.3,-1.0
8.0,1115.649756,243.98,-0.62,-74.71,4.71,-3.83,-5.75,1,9747,-5.4,-183.2,0.3
8.0,1115.659756,244.69,-1.23,-79.73,5.16,-0.0,-6.25,1,506,-5.0,-149.0,-1.2
8.0,1115.669752,244.51,-1.18,-79.78,5.14,3.83,-5.5,1,375,-0.6,-72.7,2.3
8.0,1115.679753,242.93,-1.29,-78.68,5.31,6.72,-3.75,1,257,1.8,33.6,2.4
8.0,1115.689753,240.73,-0.95,-76.08,5.03,7.94,-1.75,1,138,4.9,154.0,-0.7
8.0,1115.699752,238.1,-0.49,-72.67,4.66,7.2,1.25,1,4,6.8,220.5,-2.4
8.0,1115.709756,235.81,-0.49,-72.67,4.66,4.68,3.75,1,10006,6.8,220.5,-2.4
8.0,1115.719753,234.58,-0.22,-69.2,4.46,1.0,5.0,1,9879,6.7,281.3,-2.2
8.0,1115.729755,234.23,-0.13,-66.11,4.51,-2.93,5.25,1,9742,12.5,248.3,3.0
8.0,1115.739753,234.23,-0.18,-65.93,4.49,-6.13,4.25,1,499,-1.2,25.2,-2.3
8.0,1115.749753,235.63,-0.15,-67.12,4.44,-7.82,2.75,1,381,-0.1,-7.6,0.2
8.0,1115.759752,237.83,-0.25,-68.99,4.5,-7.57,0.5,1,252,-4.6,-153.6,-0.5
8.0,1115.769753,239.77,-0.45,-72.62,4.61,-5.45,-1.5,1,134,-5.9,-217.3,2.4
8.0,1115.779753,241.35,-0.62,-75.4,4.69,-1.98,-2.25,1,4,-7.7,-213.6,-2.9
8.0,1115.789755,241.44,-0.62,-75.4,4.69,1.98,-2.5,1,10001,-7.7,-213.6,-2.9
8.0,1115.799752,241.26,-0.51,-76.96,4.53,5.45,-2.25,1,9879,-3.0,-159.9,0.0
8.0,1115.809756,240.29,-0.82,-76.52,4.91,7.57,-1.25,1,9747,1.5,-9.5,6.8
8.0,1115.819752,238.45,-0.48,-73.61,4.58,7.82,0.75,1,503,4.4,108.3,1.3
8.0,1115.829752,236.87,-0.37,-70.8,4.59,6.13,2.25,1,375,6.2,183.5,-1.4
8.0,1115.839753,236.25,-0.23,-68.28,4.55,2.93,3.25,1,258,8.0,177.3,2.8
8.0,1115.849752,236.25,-0.32,-67.6,4.68,-1.0,2.75,1,138,1.3,74.5,1.3
8.0,1115.859752,236.69,-0.32,-68.69,4.59,-4.68,1.75,1,4,-2.1,-6.7,-2.4
8.0,1115.869756,238.36,-0.32,-68.69,4.59,-7.2,-0.0,1,10006,-2.1,-6.7,-2.4
8.0,1115.879752,240.64,-0.3,-70.01,4.51,-7.94,-2.5,1,9877,-2.2,-50.8,0.6
8.0,1115.889755,243.02,-0.47,-72.18,4.63,-6.72,-4.75,1,9742,-4.9,-172.5,-0.1
8.0,1115.899753,244.51,-1.1,-78.9,5.08,-3.83,-5.75,1,509,-9.8,-250.1,-0.7
8.0,1115.909756,244.51,-1.22,-80.61,5.14,-0.0,-5.75,1,384,-2.7,-157.3,0.4
8.0,1115.919752,243.63,-1.3,-79.65,5.3,3.83,-4.75,1,252,1.4,3.3,4.3
8.0,1115.929753,241.79,-1.16,-77.1,5.22,6.72,-2.75,1,135,2.6,94.3,0.3
8.0,1115.939753,239.5,-0.66,-74.42,4.78,7.94,-0.25,1,4,5.3,177.1,-2.2
8.0,1115.949755,236.69,-0.66,-74.42,4.78,7.2,2.5,1,10001,5.3,177.1,-2.2
8.0,1115.959753,234.4,-0.34,-71.21,4.54,4.68,5.25,1,9881,6.2,238.6,-1.5
8.0,1115.969756,232.82,-0.14,-67.6,4.42,1.0,6.5,1,9748,8.0,299.6,-3.1
8.0,1115.979752,232.56,-0.09,-63.37,4.58,-2.93,6.75,1,504,-0.4,150.2,-1.6
8.0,1115.989753,232.65,-0.07,-64.16,4.41,-6.13,6.0,1,377,-0.4,26.4,-1.4
8.0,1115.999753,234.05,-0.08,-65.49,4.41,-7.82,4.25,1,249,-0.5,-9.5,0.0
8.0,1116.009752,236.34,-0.14,-67.44,4.42,-7.57,2.25,1,138,-4.9,-158.4,-1.0
8.0,1116.019753,238.62,-0.32,-71.15,4.51,-5.45,-0.0,1,4,-5.3,-222.4,3.0
8.0,1116.029756,239.94,-0.32,-71.15,4.51,-1.98,-0.75,1,10007,-5.3,-222.4,3.0
8.0,1116.039752,240.03,-0.53,-74.18,4.64,1.98,-0.75,1,9878,-8.7,-239.0,-2.2
8.0,1116.049755,239.15,-0.43,-75.73,4.48,5.45,0.25,1,9742,-1.9,-138.5,-0.1
8.0,1116.059753,237.39,-0.6,-72.48,4.77,7.57,1.75,1,500,2.4,91.0,-0.9
8.0,1116.069752,235.2,-0.21,-69.83,4.45,7.82,4.25,1,381,5.3,172.1,-2.1
8.0,1116.079752,233.17,-0.07,-66.69,4.38,6.13,6.25,1,253,5.1,232.7,-0.4
8.0,1116.089753,231.68,-0.05,-63.99,4.46,2.93,7.75,1,135,10.5,209.9,2.6
8.0,1116.099752,231.06,0.01,-62.73,4.46,-1.0,8.5,1,4,-0.2,148.1,-3.3
8.0,1116.109755,230.98,0.01,-62.73,4.46,-4.68,8.0,1,10002,-0.2,148.1,-3.3
8.0,1116.119753,231.94,0.06,-62.62,4.33,-7.2,6.75,1,9881,3.8,72.9,0.7
8.0,1116.129755,233.61,0.02,-63.38,4.4,-7.94,4.75,1,9747,-1.3,-0.5,-0.3
8.0,1116.139752,236.16,-0.16,-67.86,4.42,-6.72,2.25,1,504,-6.0,-189.5,0.3
8.0,1116.149753,238.8,-0.35,-71.35,4.53,-3.83,-0.25,1,378,-5.8,-252.0,2.9
8.0,1116.159756,240.29,-0.58,-74.73,4.67,-0.0,-1.25,1,262,-10.0,-275.1,-0.7
8.0,1116.169752,240.29,-0.54,-76.45,4.57,3.83,-1.25,1,139,-1.0,-148.9,-0.6
8.0,1116.179753,239.41,-0.58,-75.25,4.7,6.72,-0.25,1,4,-0.6,-6.5,4.7
8.0,1116.189756,237.83,-0.58,-75.25,4.7,7.94,1.25,1,10007,-0.6,-6.5,4.7
8.0,1116.199752,235.55,-0.63,-72.91,4.79,7.2,3.75,1,9879,2.9,91.3,-0.0
8.0,1116.209756,233.79,-0.29,-70.28,4.52,4.68,5.75,1,9744,4.5,165.1,-1.4
8.0,1116.219753,232.82,-0.04,-64.56,4.47,1.0,6.5,1,501,10.2,200.6,4.4
8.0,1116.229752,232.82,-0.12,-63.9,4.59,-2.93,6.25,1,372,-1.2,97.0,-1.1
8.0,1116.239753,233.35,-0.1,-64.96,4.42,-6.13,5.25,1,255,-1.0,-2.7,-1.3
8.0,1116.249753,235.11,-0.12,-66.57,4.42,-7.82,3.25,1,136,-2.5,-61.1,0.1
8.0,1116.259752,237.57,-0.23,-68.93,4.48,-7.57,0.75,1,4,-4.6,-177.6,0.4
8.0,1116.269756,239.77,-0.23,-68.93,4.48,-5.45,-1.5,1,10003,-4.6,-177.6,0.4
8.0,1116.279753,241.35,-0.45,-72.56,4.62,-1.98,-2.5,1,9882,-6.2,-246.3,2.6
8.0,1116.289755,241.52,-0.63,-75.68,4.71,1.98,-2.5,1,9748,-8.0,-243.4,-2.3
8.0,1116.299752,240.64,-0.84,-76.73,4.9,5.45,-1.75,1,504,0.1,-6.1,4.8
8.0,1116.309753,239.06,-0.76,-74.2,4.9,7.57,-0.0,1,378,2.7,86.3,-0.3
8.0,1116.319752,236.69,-0.39,-71.63,4.59,7.82,2.25,1,258,4.5,164.8,-1.2
8.0,1116.329752,234.93,-0.16,-68.48,4.44,6.13,4.5,1,139,7.1,236.9,-2.3
8.0,1116.339753,233.96,-0.09,-65.69,4.5,2.93,5.5,1,5,10.5,206.1,4.2
8.0,1116.349755,233.79,-0.09,-65.69,4.5,-1.0,5.5,1,10007,10.5,206.1,4.2
8.0,1116.359752,233.96,-0.19,-64.94,4.65,-4.68,4.5,1,9877,0.1,105.6,0.0
8.0,1116.369756,235.55,-0.16,-65.85,4.48,-7.2,2.75,1,9745,-1.6,9.6,-2.5
8.0,1116.379752,237.74,-0.26,-68.94,4.52,-7.94,0.75,1,500,-4.5,-164.3,-0.3
8.0,1116.389752,240.47,-0.45,-72.65,4.62,-6.72,-2.25,1,381,-5.7,-225.5,2.3
10.0,1118.419740,241.7,-0.66,-75.91,4.76,-0.0,-3.0,1,2,-7.9,-188.8,-2.0
10.0,1118.429743,241.79,-0.66,-75.91,4.76,3.74,-2.75,1,10000,-7.9,-188.8,-2.0
10.0,1118.439740,240.56,-0.64,-77.07,4.7,6.06,-1.5,1,9869,-0.8,-110.9,-0.0
10.0,1118.449740,238.89,-0.79,-74.06,4.98,6.06,0.25,1,621,3.7,110.5,-1.8
10.0,1118.459740,237.39,-0.31,-71.13,4.58,3.74,2.25,1,493,4.7,183.5,-1.7
10.0,1118.469740,236.6,-0.27,-68.58,4.64,0.0,2.75,1,365,10.1,182.2,3.9
10.0,1118.479740,236.51,-0.35,-67.84,4.79,-3.74,2.5,1,246,0.0,74.6,0.3
10.0,1118.489740,237.13,-0.33,-68.99,4.64,-6.06,1.25,1,120,-1.7,-6.8,-2.1
10.0,1118.499740,238.89,-0.33,-68.99,4.64,-6.06,-0.75,1,10120,-1.7,-6.8,-2.1
10.0,1118.509740,240.73,-0.32,-70.42,4.59,-3.74,-2.25,1,9993,-2.6,-61.9,0.2
10.0,1118.519740,241.7,-0.51,-72.81,4.72,-0.0,-3.0,1,9856,-5.4,-183.9,0.5
10.0,1118.529740,241.79,-0.64,-77.11,4.71,3.74,-2.75,1,616,-0.9,-112.9,0.1
10.0,1118.539740,240.64,-0.82,-76.31,4.97,6.06,-1.5,1,498,0.6,3.0,5.5
10.0,1118.549740,238.89,-0.78,-74.05,4.98,6.06,0.25,1,370,3.7,110.4,-1.7
10.0,1118.559740,237.3,-0.32,-71.14,4.58,3.74,2.25,1,251,4.7,183.7,-1.6
10.0,1118.569740,236.51,-0.27,-68.59,4.65,0.0,2.75,1,115,10.1,181.9,3.8
10.0,1118.579740,236.6,-0.35,-67.86,4.79,-3.74,2.5,1,2,0.2,74.9,0.4
10.0,1118.589740,237.22,-0.35,-67.86,4.79,-6.06,1.25,1,10001,0.2,74.9,0.4
10.0,1118.599740,238.97,-0.33,-69.0,4.64,-6.06,-0.75,1,9862,-1.9,-6.9,-2.2
10.0,1118.609740,240.64,-0.51,-72.82,4.72,-3.74,-2.25,1,621,-5.5,-183.9,0.4
10.0,1118.619740,241.7,-0.66,-75.94,4.76,0.0,-3.0,1,493,-8.0,-189.5,-2.0
10.0,1118.629740,241.7,-0.65,-77.13,4.71,3.74,-2.75,1,366,-1.0,-113.8,0.1
10.0,1118.639740,240.64,-0.83,-76.33,4.97,6.06,-1.5,1,247,0.6,4.4,5.4
10.0,1118.649740,238.89,-0.77,-74.05,4.98,6.06,0.25,1,120,3.7,110.4,-1.7
10.0,1118.659740,237.3,-0.77,-74.05,4.98,3.74,2.25,1,10120,3.7,110.4,-1.7
10.0,1118.669740,236.6,-0.32,-71.15,4.58,-0.0,2.75,1,9993,4.6,183.8,-1.6
10.0,1118.679740,236.6,-0.27,-68.59,4.65,-3.74,2.5,1,9857,10.2,182.0,3.8
10.0,1118.689740,237.13,-0.33,-69.0,4.64,-6.06,1.25,1,618,-1.8,-6.9,-2.1
10.0,1118.699740,238.89,-0.33,-70.43,4.59,-6.06,-0.75,1,499,-2.6,-61.6,0.2
10.0,1118.709740,240.73,-0.51,-72.82,4.72,-3.74,-2.25,1,370,-5.5,-183.9,0.4
10.0,1118.719740,241.7,-0.66,-75.94,4.76,-0.0,-3.0,1,252,-8.0,-189.4,-2.0
10.0,1118.729740,241.79,-0.65,-77.13,4.72,3.74,-2.75,1,116,-1.0,-114.0,0.2
10.0,1118.739740,240.64,-0.83,-76.33,4.98,6.06,-1.5,1,2,0.7,4.9,5.4
10.0,1118.749740,238.89,-0.83,-76.33,4.98,6.06,0.25,1,10001,0.7,4.9,5.4
10.0,1118.759740,237.22,-0.77,-74.04,4.98,3.74,2.25,1,9862,3.7,110.5,-1.7
10.0,1118.769740,236.51,-0.27,-68.59,4.65,0.0,2.75,1,621,10.3,182.9,3.8
10.0,1118.779740,236.51,-0.35,-67.84,4.79,-3.74,2.5,1,494,0.1,75.2,0.3
10.0,1118.789740,237.13,-0.33,-68.99,4.65,-6.06,1.25,1,367,-1.8,-6.9,-2.2
10.0,1118.799740,238.89,-0.32,-70.41,4.59,-6.06,-0.5,1,249,-2.5,-60.1,0.2
10.0,1118.809740,240.64,-0.51,-72.78,4.72,-3.74,-2.25,1,120,-5.5,-183.5,0.5
10.0,1118.819740,241.7,-0.51,-72.78,4.72,-0.0,-3.0,1,10120,-5.5,-183.5,0.5
10.0,1118.829740,241.88,-0.66,-75.91,4.77,3.74,-2.75,1,9993,-7.9,-189.3,-1.9
10.0,1118.839740,240.64,-0.65,-77.1,4.72,6.06,-1.5,1,9857,-1.0,-113.9,-0.0
10.0,1118.849740,238.89,-0.78,-74.04,4.98,6.06,0.25,1,617,3.7,110.9,-1.6
10.0,1118.859740,237.22,-0.32,-71.12,4.59,3.74,2.25,1,490,4.7,184.3,-1.7
10.0,1118.869740,236.6,-0.26,-68.56,4.65,-0.0,2.75,1,371,10.3,182.9,3.9
10.0,1118.879740,236.43,-0.35,-67.82,4.8,-3.74,2.5,1,252,-0.0,75.2,0.3
10.0,1118.889740,237.13,-0.32,-68.97,4.64,-6.06,1.25,1,117,-1.7,-7.1,-2.1
10.0,1118.899740,238.97,-0.32,-68.97,4.64,-6.06,-0.5,1,10117,-1.7,-7.1,-2.1
10.0,1118.909740,240.64,-0.32,-70.39,4.59,-3.74,-2.25,1,9992,-2.6,-59.8,0.2
10.0,1118.919740,241.7,-0.51,-72.75,4.73,0.0,-3.0,1,9862,-5.5,-183.4,0.5
10.0,1118.929740,241.88,-0.64,-77.07,4.71,3.74,-2.75,1,621,-0.9,-113.2,-0.1
10.0,1118.939740,240.64,-0.81,-76.3,4.97,6.06,-1.5,1,494,0.5,0.8,5.5
10.0,1118.949740,238.89,-0.78,-74.06,4.99,6.06,0.25,1,367,3.7,110.4,-1.5
10.0,1118.959740,237.3,-0.32,-71.13,4.59,3.74,2.25,1,248,4.7,183.8,-1.7
10.0,1118.969740,236.6,-0.26,-68.57,4.65,0.0,2.75,1,120,10.2,182.4,3.9
10.0,1118.979740,236.69,-0.26,-68.57,4.65,-3.74,2.5,1,10120,10.2,182.4,3.9
10.0,1118.989740,237.13,-0.35,-67.83,4.8,-6.06,1.25,1,9995,-0.0,75.0,0.3
10.0,1118.999740,238.89,-0.33,-68.98,4.65,-6.06,-0.5,1,9859,-1.7,-7.2,-2.1
10.0,1119.009740,240.64,-0.51,-72.78,4.73,-3.74,-2.25,1,617,-5.5,-183.6,0.5
10.0,1119.019740,241.79,-0.66,-75.9,4.78,-0.0,-3.0,1,498,-8.0,-189.5,-1.9
10.0,1119.029740,241.79,-0.65,-77.1,4.72,3.74,-2.75,1,371,-1.0,-114.1,-0.1
10.0,1119.039740,240.64,-0.82,-76.33,4.97,6.06,-1.5,1,253,0.6,2.0,5.4
10.0,1119.049740,238.8,-0.78,-74.06,4.99,6.06,0.25,1,116,3.7,110.6,-1.5
10.0,1119.059740,237.22,-0.78,-74.06,4.99,3.74,2.25,1,10116,3.7,110.6,-1.5
10.0,1119.069740,236.51,-0.32,-71.14,4.6,0.0,2.75,1,9989,4.6,184.1,-1.7
10.0,1119.079740,236.51,-0.26,-68.58,4.65,-3.74,2.5,1,9862,10.2,182.5,3.9
10.0,1119.089740,237.13,-0.33,-68.98,4.65,-6.06,1.25,1,623,-1.7,-7.1,-2.1
10.0,1119.099740,238.89,-0.32,-70.41,4.6,-6.06,-0.5,1,495,-2.6,-60.2,0.2
10.0,1119.109740,240.64,-0.51,-72.77,4.73,-3.74,-2.25,1,367,-5.5,-183.4,0.5
10.0,1119.119740,241.7,-0.66,-75.9,4.78,0.0,-3.0,1,249,-7.9,-189.5,-1.9
10.0,1119.129740,241.79,-0.65,-77.1,4.72,3.74,-2.75,1,121,-1.0,-113.6,-0.1
10.0,1119.139740,240.73,-0.65,-77.1,4.72,6.06,-1.5,1,10121,-1.0,-113.6,-0.1
10.0,1119.149740,238.89,-0.82,-76.32,4.98,6.06,0.25,1,9994,0.6,2.0,5.5
10.0,1119.159740,237.22,-0.78,-74.06,4.99,3.74,2.25,1,9858,3.8,110.6,-1.6
10.0,1119.169740,236.6,-0.26,-68.57,4.66,-0.0,2.75,1,618,10.3,183.2,3.9
10.0,1119.179740,236.51,-0.35,-67.82,4.8,-3.74,2.5,1,490,-0.0,75.5,0.3
10.0,1119.189740,237.13,-0.33,-68.97,4.65,-6.06,1.25,1,373,-1.7,-7.0,-2.1
10.0,1119.199740,238.8,-0.32,-70.39,4.6,-6.06,-0.5,1,254,-2.5,-60.0,0.2
10.0,1119.209740,240.64,-0.51,-72.76,4.73,-3.74,-2.25,1,117,-5.5,-183.3,0.5
10.0,1119.219740,241.7,-0.51,-72.76,4.73,-0.0,-3.0,1,10117,-5.5,-183.3,0.5
10.0,1119.229743,241.79,-0.66,-75.88,4.78,3.74,-2.75,1,9993,-7.9,-189.0,-1.9
10.0,1119.239740,240.56,-0.64,-77.07,4.72,6.06,-1.5,1,9862,-1.0,-113.5,-0.1
10.0,1119.249740,238.8,-0.78,-74.06,5.0,6.06,0.25,1,622,3.7,110.5,-1.6
10.0,1119.259740,237.22,-0.32,-71.13,4.6,3.74,2.25,1,495,4.7,183.7,-1.8
10.0,1119.269740,236.6,-0.26,-68.57,4.66,0.0,2.75,1,368,10.2,182.8,3.9
10.0,1119.279740,236.6,-0.35,-67.82,4.81,-3.74,2.5,1,249,-0.0,75.1,0.3
10.0,1119.289740,237.13,-0.33,-68.98,4.66,-6.06,1.25,1,123,-1.7,-7.4,-2.1
10.0,1119.299740,238.8,-0.33,-68.98,4.66,-6.06,-0.5,1,10123,-1.7,-7.4,-2.1
10.0,1119.309740,240.56,-0.32,-70.4,4.6,-3.74,-2.25,1,9994,-2.6,-59.4,0.2
10.0,1119.319740,241.7,-0.51,-72.75,4.73,-0.0,-3.0,1,9858,-5.5,-183.4,0.5
10.0,1119.329740,241.79,-0.64,-77.08,4.72,3.74,-2.75,1,618,-1.0,-113.3,-0.1
10.0,1119.339740,240.64,-0.81,-76.31,4.98,6.06,-1.5,1,491,0.6,0.9,5.6
10.0,1119.349740,238.89,-0.78,-74.06,5.0,6.06,0.25,1,372,3.7,110.3,-1.6
10.0,1119.359740,237.22,-0.32,-71.13,4.6,3.74,2.25,1,253,4.7,183.6,-1.7
10.0,1119.369740,236.6,-0.26,-68.58,4.66,-0.0,2.75,1,117,10.1,182.4,3.9
10.0,1119.379740,236.6,-0.26,-68.58,4.66,-3.74,2.5,1,10117,10.1,182.4,3.9
10.0,1119.389740,237.13,-0.35,-67.84,4.81,-6.06,1.25,1,9995,0.1,75.2,0.3
10.0,1119.399740,238.89,-0.33,-68.98,4.66,-6.06,-0.5,1,9867,-1.7,-6.8,-2.1
10.0,1119.409740,240.64,-0.51,-72.78,4.74,-3.74,-2.25,1,623,-5.4,-183.2,0.5
10.0,1119.419740,241.7,-0.67,-75.9,4.79,0.0,-3.0,1,495,-8.0,-189.6,-1.9
10.0,1119.429740,241.88,-0.65,-77.11,4.74,3.74,-2.75,1,368,-1.1,-114.7,-0.1
10.0,1119.439740,240.73,-0.82,-76.33,4.99,6.06,-1.5,1,249,0.6,2.4,5.5
10.0,1119.449740,238.8,-0.78,-74.06,5.0,6.06,0.25,1,113,3.7,110.4,-1.6
10.0,1119.459740,237.22,-0.78,-74.06,5.0,3.74,2.25,1,10113,3.7,110.4,-1.6
10.0,1119.469740,236.51,-0.32,-71.14,4.61,0.0,2.75,1,9995,4.7,183.9,-1.7
10.0,1119.479740,236.51,-0.27,-68.58,4.67,-3.74,2.5,1,9859,10.3,182.7,3.9
10.0,1119.489740,237.13,-0.33,-68.98,4.66,-6.06,1.25,1,620,-1.7,-7.1,-2.1
10.0,1119.499740,238.89,-0.32,-70.4,4.61,-6.06,-0.5,1,492,-2.5,-59.8,0.2
10.0,1119.509740,240.73,-0.51,-72.76,4.74,-3.74,-2.25,1,372,-5.5,-183.2,0.5
10.0,1119.519740,241.61,-0.67,-75.89,4.79,-0.0,-3.0,1,254,-7.9,-189.5,-1.8
10.0,1119.529740,241.7,-0.65,-77.1,4.74,3.74,-2.75,1,118,-1.0,-113.9,-0.1
10.0,1119.539740,240.73,-0.65,-77.1,4.74,6.06,-1.5,1,10118,-1.0,-113.9,-0.1
10.0,1119.549743,238.89,-0.82,-76.32,4.99,6.06,0.25,1,9995,0.6,1.9,5.5
10.0,1119.559740,237.22,-0.78,-74.06,5.01,3.74,2.25,1,9866,3.7,110.4,-1.6
10.0,1119.569740,236.51,-0.27,-68.57,4.67,0.0,2.75,1,623,10.3,183.4,3.8
10.0,1119.579740,236.6,-0.35,-67.82,4.81,-3.74,2.5,1,496,0.0,75.6,0.3
10.0,1119.589740,237.13,-0.33,-68.97,4.66,-6.06,1.25,1,369,-1.7,-7.0,-2.1
10.0,1119.599740,238.89,-0.32,-70.39,4.61,-6.06,-0.5,1,250,-2.5,-59.3,0.2
10.0,1119.609740,240.64,-0.51,-72.74,4.75,-3.74,-2.25,1,114,-5.4,-183.2,0.5
10.0,1119.619756,241.7,-0.66,-75.87,4.79,-0.0,-3.0,1,12,-7.9,-189.1,-1.8
10.0,1119.629755,241.79,-0.66,-75.87,4.79,3.74,-2.75,1,10011,-7.9,-189.1,-1.8
10.0,1119.639753,240.56,-0.65,-77.07,4.74,6.06,-1.5,1,9873,-1.0,-113.5,-0.1
10.0,1119.649752,238.71,-0.78,-74.06,5.01,6.06,0.25,1,632,3.8,110.4,-1.7
10.0,1119.659753,237.3,-0.32,-71.13,4.61,3.74,2.25,1,506,4.7,183.5,-1.7
10.0,1119.669756,236.51,-0.26,-68.56,4.67,0.0,2.75,1,390,10.2,183.3,3.9
10.0,1119.679752,236.51,-0.35,-67.81,4.82,-3.74,2.5,1,267,0.0,75.6,0.3
10.0,1119.689753,237.04,-0.33,-68.96,4.67,-6.06,1.25,1,132,-1.7,-7.5,-2.2
10.0,1119.699752,238.8,-0.32,-70.38,4.61,-6.06,-0.5,1,4,-2.5,-58.4,0.2
10.0,1119.709756,240.64,-0.32,-70.38,4.61,-3.74,-2.25,1,10008,-2.5,-58.4,0.2
10.0,1119.719756,241.7,-0.51,-72.71,4.75,-0.0,-3.0,1,9881,-5.5,-182.9,0.5
10.0,1119.729752,241.79,-0.64,-77.04,4.73,3.74,-2.75,1,637,-1.0,-113.0,-0.2
10.0,1119.739753,240.64,-0.81,-76.29,4.98,6.06,-1.5,1,510,0.4,-0.6,5.6
10.0,1119.749752,238.89,-0.79,-74.07,5.02,6.06,0.25,1,391,3.8,109.8,-1.6
10.0,1119.759753,237.3,-0.32,-71.13,4.61,3.74,2.25,1,264,4.7,183.1,-1.7
10.0,1119.769756,236.6,-0.26,-68.57,4.67,0.0,2.75,1,131,10.1,182.8,3.8
10.0,1119.779752,236.51,-0.35,-67.82,4.82,-3.74,2.5,1,9,0.1,75.3,0.3
10.0,1119.789756,237.13,-0.35,-67.82,4.82,-6.06,1.25,1,10013,0.1,75.3,0.3
10.0,1119.799752,238.89,-0.32,-68.97,4.67,-6.06,-0.5,1,9873,-1.7,-7.2,-2.2
10.0,1119.809753,240.56,-0.51,-72.74,4.75,-3.74,-2.25,1,634,-5.5,-183.1,0.5
10.0,1119.819756,241.7,-0.66,-75.87,4.79,-0.0,-3.0,1,509,-7.9,-189.5,-1.8
10.0,1119.829752,241.88,-0.64,-77.08,4.74,3.74,-2.75,1,395,-1.1,-114.2,-0.2
10.0,1119.839753,240.56,-0.81,-76.32,4.98,6.06,-1.5,1,269,0.5,0.8,5.5
10.0,1119.849752,238.89,-0.78,-74.07,5.01,6.06,0.25,1,131,3.8,110.0,-1.6
10.0,1119.859753,237.22,-0.32,-71.14,4.61,3.74,2.25,1,6,4.6,183.4,-1.7
10.0,1119.869759,236.69,-0.32,-71.14,4.61,0.0,2.75,1,10012,4.6,183.4,-1.7
10.0,1119.879752,236.6,-0.26,-68.58,4.67,-3.74,2.5,1,9878,10.3,183.2,3.8
10.0,1119.889753,237.13,-0.32,-68.97,4.67,-6.06,1.25,1,638,-1.8,-7.2,-2.1
10.0,1119.899752,238.89,-0.32,-70.38,4.61,-6.06,-0.5,1,510,-2.5,-58.6,0.2
10.0,1119.909753,240.64,-0.5,-72.73,4.74,-3.74,-2.25,1,392,-5.5,-182.9,0.5
10.0,1119.919756,241.7,-0.66,-75.86,4.79,-0.0,-3.0,1,268,-7.9,-189.2,-1.8
10.0,1119.929752,241.7,-0.64,-77.06,4.74,3.74,-2.75,1,127,-1.0,-113.4,-0.2
10.0,1119.939753,240.56,-0.8,-76.3,4.98,6.06,-1.5,1,10,0.5,-0.1,5.6
10.0,1119.949755,238.8,-0.8,-76.3,4.98,6.06,0.25,1,10012,0.5,-0.1,5.6
10.0,1119.959753,237.3,-0.78,-74.07,5.01,3.74,2.25,1,9874,3.8,109.8,-1.7
10.0,1119.969756,236.6,-0.26,-68.58,4.67,0.0,2.75,1,637,10.2,183.5,3.8
10.0,1119.979752,236.6,-0.34,-67.81,4.82,-3.74,2.5,1,506,0.0,75.7,0.4
10.0,1119.989753,237.13,-0.32,-68.96,4.67,-6.06,1.25,1,396,-1.7,-6.9,-2.1
10.0,1119.999752,238.89,-0.32,-70.38,4.62,-6.06,-0.5,1,268,-2.5,-59.1,0.2
10.0,1120.009753,240.64,-0.5,-72.73,4.75,-3.74,-2.25,1,133,-5.5,-182.9,0.5
10.0,1120.019754,241.79,-0.66,-75.86,4.79,0.0,-3.0,1,7,-7.9,-189.1,-1.9
10.0,1120.029755,241.88,-0.66,-75.86,4.79,3.74,-2.75,1,10008,-7.9,-189.1,-1.9
10.0,1120.039753,240.64,-0.63,-77.06,4.73,6.06,-1.5,1,9879,-1.0,-113.7,-0.2
10.0,1120.049752,238.8,-0.78,-74.08,5.02,6.06,0.25,1,637,3.8,109.9,-1.6
10.0,1120.059753,237.3,-0.31,-71.14,4.61,3.74,2.25,1,511,4.7,183.3,-1.7
10.0,1120.069756,236.6,-0.26,-68.58,4.67,0.0,2.75,1,395,10.2,183.1,3.8
10.0,1120.079752,236.51,-0.34,-67.82,4.82,-3.74,2.5,1,264,0.1,75.8,0.4
10.0,1120.089753,237.13,-0.32,-68.97,4.67,-6.06,1.25,1,129,-1.7,-7.1,-2.2
10.0,1120.099752,238.97,-0.32,-70.39,4.62,-6.06,-0.5,1,10,-2.5,-58.9,0.2
10.0,1120.109756,240.56,-0.32,-70.39,4.62,-3.74,-2.25,1,10014,-2.5,-58.9,0.2
10.0,1120.119759,241.7,-0.5,-72.73,4.75,-0.0,-3.0,1,9881,-5.5,-183.0,0.5
10.0,1120.129752,241.79,-0.63,-77.07,4.74,3.74,-2.75,1,642,-1.0,-113.6,-0.2
10.0,1120.139753,240.64,-0.8,-76.31,4.99,6.06,-1.5,1,507,0.4,0.2,5.6
10.0,1120.149752,238.89,-0.78,-74.07,5.02,6.06,0.25,1,396,3.8,110.0,-1.6
10.0,1120.159753,237.22,-0.31,-71.14,4.62,3.74,2.25,1,269,4.7,183.5,-1.7
10.0,1120.169756,236.51,-0.26,-68.58,4.68,0.0,2.75,1,136,10.2,183.1,3.9
10.0,1120.179752,236.6,-0.35,-67.82,4.83,-3.74,2.5,1,5,0.1,76.1,0.4
10.0,1120.189756,237.13,-0.35,-67.82,4.83,-6.06,1.25,1,10009,0.1,76.1,0.4
10.0,1120.199752,238.8,-0.33,-68.96,4.68,-6.06,-0.5,1,9873,-1.7,-6.9,-2.1
10.0,1120.209753,240.64,-0.51,-72.73,4.76,-3.74,-2.25,1,639,-5.5,-182.9,0.5
10.0,1120.219756,241.7,-0.66,-75.86,4.81,-0.0,-3.0,1,514,-7.9,-189.1,-1.8
10.0,1120.229752,241.79,-0.64,-77.06,4.75,3.74,-2.75,1,391,-1.1,-113.6,-0.2
10.0,1120.239753,240.64,-0.81,-76.3,5.0,6.06,-1.5,1,257,0.4,-0.2,5.6
10.0,1120.249752,238.8,-0.79,-74.07,5.03,6.06,0.25,1,128,3.8,109.9,-1.6
10.0,1120.259753,237.22,-0.32,-71.14,4.62,3.74,2.25,1,11,4.6,183.2,-1.8
10.0,1120.269759,236.51,-0.32,-71.14,4.62,0.0,2.75,1,10017,4.6,183.2,-1.8
10.0,1120.279752,236.51,-0.26,-68.57,4.68,-3.74,2.5,1,9874,10.2,183.4,3.9
10.0,1120.289753,237.22,-0.33,-68.96,4.68,-6.06,1.25,1,644,-1.7,-7.4,-2.1
10.0,1120.299752,238.89,-0.32,-70.37,4.63,-6.06,-0.5,1,506,-2.5,-58.2,0.2
10.0,1120.309753,240.64,-0.51,-72.71,4.76,-3.74,-2.25,1,397,-5.5,-182.9,0.4
10.0,1120.319756,241.7,-0.66,-75.85,4.81,-0.0,-3.0,1,264,-7.9,-189.3,-1.8
10.0,1120.329752,241.7,-0.64,-77.05,4.75,3.74,-2.75,1,133,-1.0,-113.1,-0.3
10.0,1120.339753,240.56,-0.81,-76.3,5.0,6.06,-1.5,1,7,0.4,-0.9,5.6
10.0,1120.349755,238.8,-0.81,-76.3,5.0,6.06,0.25,1,10009,0.4,-0.9,5.6
10.0,1120.359753,237.3,-0.79,-74.08,5.03,3.74,2.25,1,9871,3.8,109.7,-1.6
10.0,1120.369756,236.6,-0.26,-68.57,4.68,0.0,2.75,1,643,10.2,183.6,3.8
10.0,1120.379752,236.51,-0.35,-67.81,4.83,-3.74,2.5,1,511,0.0,75.8,0.4
10.0,1120.389753,237.13,-0.33,-68.96,4.68,-6.06,1.25,1,393,-1.7,-7.1,-2.2
10.0,1120.399752,238.89,-0.32,-70.37,4.63,-6.06,-0.5,1,256,-2.5,-58.6,0.2
10.0,1120.409753,240.64,-0.5,-72.72,4.76,-3.74,-2.25,1,130,-5.5,-182.9,0.5
10.0,1120.419756,241.7,-0.66,-75.86,4.8,-0.0,-3.0,1,15,-7.9,-189.3,-1.8
10.0,1120.429755,241.79,-0.66,-75.86,4.8,3.74,-2.75,1,10014,-7.9,-189.3,-1.8
10.0,1120.439753,240.56,-0.63,-77.05,4.74,6.06,-1.5,1,9878,-1.0,-113.4,-0.3
10.0,1120.449752,238.89,-0.79,-74.08,5.03,6.06,0.25,1,634,3.8,109.8,-1.6
10.0,1120.459753,237.22,-0.32,-71.14,4.63,3.74,2.25,1,508,4.6,183.2,-1.7
10.0,1120.469756,236.6,-0.26,-68.57,4.68,0.0,2.75,1,392,10.1,183.3,3.8
10.0,1120.479752,236.51,-0.35,-67.81,4.83,-3.74,2.5,1,261,0.1,75.9,0.4
10.0,1120.489753,237.13,-0.33,-68.96,4.69,-6.06,1.25,1,134,-1.7,-7.1,-2.2
10.0,1120.499752,238.97,-0.32,-70.37,4.63,-6.06,-0.5,1,7,-2.5,-58.3,0.2
10.0,1120.509756,240.64,-0.32,-70.37,4.63,-3.74,-2.25,1,10011,-2.5,-58.3,0.2
10.0,1120.519759,241.7,-0.51,-72.72,4.76,-0.0,-3.0,1,9877,-5.5,-182.9,0.5
10.0,1120.529752,241.79,-0.64,-77.06,4.75,3.74,-2.75,1,639,-1.0,-113.7,-0.2
10.0,1120.539753,240.56,-0.81,-76.31,5.0,6.06,-1.5,1,512,0.4,-0.2,5.6
10.0,1120.549752,238.8,-0.79,-74.07,5.03,6.06,0.25,1,384,3.7,109.7,-1.6
10.0,1120.559753,237.22,-0.32,-71.14,4.63,3.74,2.25,1,258,4.6,183.3,-1.7
10.0,1120.569755,236.6,-0.26,-68.58,4.68,-0.0,2.75,1,131,10.2,183.2,3.8
10.0,1120.579752,236.6,-0.34,-67.81,4.83,-3.74,2.5,1,11,0.2,76.1,0.4
10.0,1120.589756,237.04,-0.34,-67.81,4.83,-6.06,1.25,1,10015,0.2,76.1,0.4
10.0,1120.599752,238.89,-0.33,-68.96,4.69,-6.06,-0.5,1,9878,-1.8,-7.0,-2.1
10.0,1120.609753,240.56,-0.51,-72.71,4.77,-3.74,-2.25,1,636,-5.5,-182.7,0.5
10.0,1120.619756,241.61,-0.66,-75.85,4.81,-0.0,-3.0,1,511,-7.9,-189.0,-1.8
10.0,1120.629752,241.79,-0.64,-77.05,4.75,3.74,-2.75,1,388,-1.0,-113.7,-0.3
10.0,1120.639753,240.64,-0.81,-76.3,5.0,6.06,-1.5,1,262,0.4,-0.7,5.6
10.0,1120.649752,238.89,-0.79,-74.08,5.03,6.06,0.25,1,134,3.8,109.6,-1.6
10.0,1120.659753,237.3,-0.32,-71.14,4.63,3.74,2.25,1,8,4.6,183.0,-1.7
10.0,1120.669760,236.69,-0.32,-71.14,4.63,0.0,2.75,1,10015,4.6,183.0,-1.7
10.0,1120.679755,236.51,-0.26,-68.58,4.69,-3.74,2.5,1,9873,10.2,183.6,3.9
10.0,1120.689753,237.13,-0.33,-68.96,4.69,-6.06,1.25,1,640,-1.7,-7.4,-2.2
10.0,1120.699752,238.89,-0.32,-70.37,4.64,-6.06,-0.5,1,512,-2.5,-57.6,0.2
10.0,1120.709753,240.64,-0.51,-72.7,4.77,-3.74,-2.25,1,394,-5.5,-182.8,0.5
10.0,1120.719756,241.7,-0.67,-75.84,4.82,-0.0,-3.0,1,261,-7.9,-189.2,-1.8
10.0,1120.729752,241.7,-0.65,-77.04,4.76,3.74,-2.75,1,130,-1.0,-113.4,-0.3
10.0,1120.739753,240.64,-0.81,-76.3,5.01,6.06,-1.5,1,12,0.4,-1.2,5.6
10.0,1120.749755,238.8,-0.81,-76.3,5.01,6.06,0.25,1,10014,0.4,-1.2,5.6
10.0,1120.759753,237.22,-0.79,-74.08,5.04,3.74,2.25,1,9879,3.8,109.3,-1.6
10.0,1120.769756,236.6,-0.27,-68.58,4.69,0.0,2.75,1,639,10.2,183.6,3.8
10.0,1120.779752,236.6,-0.35,-67.81,4.84,-3.74,2.5,1,508,0.2,75.8,0.4
10.0,1120.789753,237.13,-0.33,-68.96,4.7,-6.06,1.25,1,390,-1.8,-6.8,-2.2
10.0,1120.799752,238.89,-0.33,-70.37,4.64,-6.06,-0.5,1,261,-2.5,-58.4,0.2
10.0,1120.809753,240.56,-0.51,-72.71,4.77,-3.74,-2.25,1,135,-5.5,-182.6,0.4
10.0,1120.819754,241.7,-0.66,-75.85,4.82,0.0,-3.0,1,9,-7.9,-189.1,-1.8
10.0,1120.829755,241.7,-0.66,-75.85,4.82,3.74,-2.75,1,10010,-7.9,-189.1,-1.8
10.0,1120.839756,240.64,-0.65,-77.05,4.76,6.06,-1.5,1,9875,-1.0,-113.8,-0.3
10.0,1120.849752,238.8,-0.8,-74.08,5.05,6.06,0.25,1,639,3.8,109.5,-1.6
10.0,1120.859753,237.22,-0.32,-71.15,4.64,3.74,2.25,1,513,4.6,182.9,-1.7
10.0,1120.869756,236.51,-0.27,-68.58,4.7,0.0,2.75,1,398,10.2,183.3,3.8
10.0,1120.879752,236.51,-0.35,-67.82,4.84,-3.74,2.5,1,257,0.2,76.1,0.4
10.0,1120.889753,237.13,-0.33,-68.96,4.7,-6.06,1.25,1,131,-1.7,-7.2,-2.2
10.0,1120.899752,238.89,-0.32,-70.37,4.64,-6.06,-0.5,1,12,-2.5,-57.7,0.2
10.0,1120.909756,240.64,-0.32,-70.37,4.64,-3.74,-2.25,1,10016,-2.5,-57.7,0.2
10.0,1120.919754,241.7,-0.51,-72.7,4.78,0.0,-3.0,1,9881,-5.5,-182.6,0.5
10.0,1120.929752,241.7,-0.65,-77.05,4.77,3.74,-2.75,1,635,-0.9,-113.2,-0.3
10.0,1120.939753,240.56,-0.82,-76.3,5.02,6.06,-1.5,1,509,0.4,-1.0,5.7
10.0,1120.949752,238.8,-0.8,-74.08,5.05,6.06,0.25,1,390,3.8,109.3,-1.6
10.0,1120.959753,237.3,-0.33,-71.15,4.64,3.74,2.25,1,263,4.6,182.7,-1.7
10.0,1120.969756,236.51,-0.27,-68.59,4.7,0.0,2.75,1,138,10.2,183.2,3.8
10.0,1120.979752,236.51,-0.35,-67.82,4.85,-3.74,2.5,1,7,0.2,76.1,0.5
10.0,1120.989756,237.13,-0.35,-67.82,4.85,-6.06,1.25,1,10011,0.2,76.1,0.5
10.0,1120.999755,238.8,-0.34,-68.96,4.71,-6.06,-0.5,1,9875,-1.9,-6.6,-2.2
10.0,1121.009753,240.64,-0.51,-72.71,4.78,-3.74,-2.25,1,641,-5.5,-182.4,0.5
10.0,1121.019756,241.7,-0.67,-75.84,4.83,-0.0,-3.0,1,517,-7.9,-188.9,-1.8
10.0,1121.029752,241.79,-0.65,-77.05,4.77,3.74,-2.75,1,394,-1.1,-114.0,-0.3
10.0,1121.039753,240.64,-0.82,-76.3,5.02,6.06,-1.5,1,259,0.4,-0.6,5.6
10.0,1121.049752,238.89,-0.8,-74.08,5.05,6.06,0.25,1,130,3.8,109.3,-1.6
10.0,1121.059753,237.22,-0.33,-71.15,4.65,3.74,2.25,1,13,4.6,182.6,-1.7
10.0,1121.069758,236.6,-0.33,-71.15,4.65,-0.0,2.75,1,10017,4.6,182.6,-1.7
10.0,1121.079752,236.6,-0.27,-68.58,4.7,-3.74,2.5,1,9879,10.2,183.5,3.8
10.0,1121.089753,237.13,-0.33,-68.96,4.71,-6.06,1.25,1,637,-1.7,-7.1,-2.2
10.0,1121.099752,238.8,-0.33,-70.37,4.65,-6.06,-0.5,1,509,-2.5,-57.4,0.2
10.0,1121.109753,240.56,-0.51,-72.7,4.78,-3.74,-2.25,1,391,-5.5,-182.5,0.5
10.0,1121.119756,241.7,-0.67,-75.84,4.84,-0.0,-3.0,1,266,-7.9,-189.2,-1.8
10.0,1121.129752,241.79,-0.65,-77.04,4.78,3.74,-2.75,1,135,-1.0,-113.5,-0.3
10.0,1121.139753,240.56,-0.82,-76.29,5.02,6.06,-1.5,1,9,0.4,-1.0,5.7
10.0,1121.149755,238.89,-0.82,-76.29,5.02,6.06,0.25,1,10011,0.4,-1.0,5.7
10.0,1121.159756,237.3,-0.8,-74.08,5.06,3.74,2.25,1,9876,3.8,109.1,-1.6
10.0,1121.169756,236.51,-0.27,-68.58,4.7,0.0,2.75,1,644,10.2,183.6,3.8
10.0,1121.179752,236.51,-0.35,-67.81,4.85,-3.74,2.5,1,513,0.2,76.0,0.5
10.0,1121.189753,237.13,-0.33,-68.96,4.71,-6.06,1.25,1,395,-1.7,-6.8,-2.2
10.0,1121.199752,238.89,-0.32,-70.36,4.65,-6.06,-0.5,1,258,-2.4,-57.7,0.2
10.0,1121.209753,240.64,-0.51,-72.69,4.78,-3.74,-2.25,1,131,-5.5,-182.3,0.5
10.0,1121.219756,241.7,-0.67,-75.83,4.83,-0.0,-3.0,1,17,-7.9,-189.0,-1.8
10.0,1121.229755,241.7,-0.67,-75.83,4.83,3.74,-2.75,1,10016,-7.9,-189.0,-1.8
10.0,1121.239753,240.73,-0.81,-76.3,5.02,6.06,-1.5,1,765,0.4,-1.0,5.6
10.0,1121.249752,238.8,-0.79,-74.08,5.05,6.06,0.25,1,636,3.8,109.1,-1.6
10.0,1121.259753,237.3,-0.32,-71.15,4.65,3.74,2.25,1,510,4.6,182.5,-1.7
10.0,1121.269756,236.6,-0.27,-68.58,4.71,0.0,2.75,1,394,10.2,183.3,3.8
10.0,1121.279752,236.51,-0.35,-67.82,4.86,-3.74,2.5,1,263,0.2,76.0,0.5
10.0,1121.289753,237.13,-0.33,-68.96,4.71,-6.06,1.25,1,136,-1.8,-7.0,-2.2
10.0,1121.299752,238.89,-0.33,-70.37,4.66,-6.06,-0.5,1,8,-2.5,-57.7,0.2
10.0,1121.309756,240.64,-0.33,-70.37,4.66,-3.74,-2.25,1,10012,-2.5,-57.7,0.2
10.0,1121.319754,241.7,-0.67,-75.84,4.84,0.0,-3.0,1,770,-7.9,-189.3,-1.7
10.0,1121.329752,241.7,-0.65,-77.04,4.78,3.74,-2.75,1,641,-1.0,-113.5,-0.4
10.0,1121.339753,240.64,-0.81,-76.3,5.02,6.06,-1.5,1,514,0.4,-1.1,5.6
10.0,1121.349752,238.8,-0.79,-74.08,5.06,6.06,0.25,1,394,3.8,109.2,-1.7
10.0,1121.359753,237.22,-0.32,-71.15,4.65,3.74,2.25,1,260,4.6,182.6,-1.7
10.0,1121.369756,236.6,-0.27,-68.58,4.71,0.0,2.75,1,135,10.1,183.4,3.8
10.0,1121.379752,236.51,-0.35,-67.81,4.86,-3.74,2.5,1,4,0.2,76.3,0.5
10.0,1121.389756,237.13,-0.35,-67.81,4.86,-6.06,1.25,1,10008,0.2,76.3,0.5
10.0,1121.399752,238.89,-0.33,-70.36,4.66,-6.06,-0.5,1,764,-2.4,-57.7,0.2
10.0,1121.409753,240.56,-0.51,-72.69,4.79,-3.74,-2.25,1,638,-5.5,-182.1,0.5
10.0,1121.419754,241.52,-0.67,-75.82,4.84,0.0,-3.0,1,511,-7.8,-188.6,-1.7
10.0,1121.429752,241.88,-0.65,-77.03,4.78,3.74,-2.75,1,390,-1.0,-113.8,-0.4
10.0,1121.439753,240.56,-0.81,-76.29,5.02,6.06,-1.5,1,264,0.4,-1.5,5.7
10.0,1121.449752,238.8,-0.8,-74.08,5.06,6.06,0.25,1,136,3.7,109.0,-1.6
10.0,1121.459753,237.22,-0.33,-71.15,4.66,3.74,2.25,1,4,4.5,182.2,-1.7
10.0,1121.469760,236.6,-0.33,-71.15,4.66,0.0,2.75,1,10007,4.5,182.2,-1.7
10.0,1121.479752,236.51,-0.35,-67.81,4.86,-3.74,2.5,1,769,0.2,76.1,0.5
10.0,1121.489753,237.13,-0.34,-68.96,4.72,-6.06,1.25,1,642,-1.7,-7.1,-2.2
10.0,1121.499752,238.89,-0.32,-70.36,4.66,-6.06,-0.5,1,514,-2.5,-57.2,0.2
10.0,1121.509753,240.64,-0.51,-72.69,4.79,-3.74,-2.25,1,396,-5.5,-182.3,0.5
10.0,1121.519756,241.7,-0.67,-75.83,4.84,-0.0,-3.0,1,263,-7.9,-189.2,-1.7
10.0,1121.529752,241.7,-0.65,-77.03,4.79,3.74,-2.75,1,131,-1.0,-113.4,-0.4
10.0,1121.539753,240.56,-0.81,-76.29,5.03,6.06,-1.5,1,6,0.4,-1.8,5.6
10.0,1121.549755,238.89,-0.81,-76.29,5.03,6.06,0.25,1,10008,0.4,-1.8,5.6
10.0,1121.559753,237.3,-0.33,-71.16,4.66,3.74,2.25,1,766,4.6,182.2,-1.7
10.0,1121.569755,236.6,-0.27,-68.59,4.72,-0.0,2.75,1,639,10.2,183.5,3.8
10.0,1121.579752,236.51,-0.35,-67.82,4.87,-3.74,2.5,1,509,0.2,76.2,0.5
10.0,1121.589753,237.13,-0.34,-68.95,4.72,-6.06,1.25,1,392,-1.7,-6.5,-2.2
10.0,1121.599752,238.89,-0.33,-70.36,4.66,-6.06,-0.5,1,255,-2.5,-58.0,0.2
10.0,1121.609753,240.56,-0.51,-72.7,4.8,-3.74,-2.25,1,137,-5.5,-182.1,0.4
10.0,1121.619756,241.61,-0.67,-75.83,4.84,-0.0,-3.0,1,5,-7.9,-189.1,-1.8
10.0,1121.629755,241.7,-0.67,-75.83,4.84,3.74,-2.75,1,10004,-7.9,-189.1,-1.8
10.0,1121.639753,240.64,-0.82,-76.3,5.03,6.06,-1.5,1,770,0.3,-1.3,5.6
10.0,1121.649752,238.89,-0.8,-74.09,5.07,6.06,0.25,1,642,3.8,109.1,-1.6
10.0,1121.659753,237.3,-0.33,-71.16,4.66,3.74,2.25,1,515,4.6,182.5,-1.7
10.0,1121.669756,236.6,-0.27,-68.59,4.72,0.0,2.75,1,399,10.1,183.4,3.8
10.0,1121.679752,236.6,-0.35,-67.82,4.87,-3.74,2.5,1,259,0.3,76.4,0.5
10.0,1121.689753,237.13,-0.34,-68.96,4.72,-6.06,1.25,1,133,-1.7,-6.9,-2.2
10.0,1121.699752,238.89,-0.33,-70.36,4.66,-6.06,-0.5,1,5,-2.5,-57.2,0.2
10.0,1121.709756,240.64,-0.33,-70.36,4.66,-3.74,-2.25,1,10009,-2.5,-57.2,0.2
10.0,1121.719756,241.7,-0.67,-75.83,4.85,-0.0,-3.0,1,769,-7.9,-189.3,-1.7
10.0,1121.729752,241.79,-0.65,-77.04,4.79,3.74,-2.75,1,638,-1.0,-113.4,-0.3
10.0,1121.739753,240.64,-0.81,-76.29,5.03,6.06,-1.5,1,511,0.4,-1.4,5.6
10.0,1121.749752,238.8,-0.8,-74.08,5.07,6.06,0.25,1,391,3.8,109.0,-1.6
10.0,1121.759753,237.3,-0.33,-71.15,4.66,3.74,2.25,1,256,4.5,182.4,-1.7
10.0,1121.769755,236.51,-0.27,-68.58,4.72,-0.0,2.75,1,139,10.1,183.5,3.8
10.0,1121.779752,236.6,-0.35,-67.81,4.87,-3.74,2.5,1,4,0.2,76.6,0.5
10.0,1121.789756,237.13,-0.35,-67.81,4.87,-6.06,1.25,1,10005,0.2,76.6,0.5
10.0,1121.799752,238.89,-0.33,-70.35,4.67,-6.06,-0.5,1,769,-2.4,-57.1,0.2
10.0,1121.809753,240.64,-0.51,-72.67,4.8,-3.74,-2.25,1,643,-5.5,-181.9,0.4
10.0,1121.819754,241.61,-0.67,-75.81,4.85,0.0,-2.75,1,517,-7.8,-188.8,-1.7
10.0,1121.829752,241.7,-0.65,-77.02,4.79,3.74,-2.75,1,396,-1.0,-113.6,-0.4
10.0,1121.839753,240.56,-0.81,-76.28,5.03,6.06,-1.5,1,261,0.3,-2.0,5.7
10.0,1121.849752,238.8,-0.8,-74.08,5.07,6.06,0.25,1,132,3.8,108.7,-1.7
10.0,1121.859753,237.3,-0.33,-71.16,4.66,3.74,2.25,1,3,4.5,182.0,-1.7
10.0,1121.869759,236.51,-0.33,-71.16,4.66,0.0,2.75,1,10004,4.5,182.0,-1.7
10.0,1121.879752,236.6,-0.35,-67.81,4.87,-3.74,2.5,1,765,0.2,76.2,0.5
10.0,1121.889753,237.13,-0.34,-68.95,4.73,-6.06,1.25,1,639,-1.7,-7.2,-2.2
10.0,1121.899752,238.89,-0.32,-70.35,4.67,-6.06,-0.5,1,511,-2.5,-56.6,0.2
10.0,1121.909753,240.56,-0.51,-72.67,4.8,-3.74,-2.25,1,393,-5.5,-182.1,0.4
10.0,1121.919754,241.61,-0.67,-75.82,4.85,0.0,-3.0,1,258,-7.9,-189.2,-1.7
10.0,1121.929752,241.79,-0.65,-77.02,4.8,3.74,-2.75,1,137,-1.0,-113.5,-0.4
10.0,1121.939753,240.64,-0.81,-76.29,5.04,6.06,-1.5,1,5,0.4,-2.1,5.7
10.0,1121.949755,238.8,-0.81,-76.29,5.04,6.06,0.25,1,10005,0.4,-2.1,5.7
10.0,1121.959753,237.3,-0.33,-71.16,4.67,3.74,2.25,1,771,4.6,182.0,-1.7
10.0,1121.969756,236.6,-0.27,-68.59,4.73,0.0,2.75,1,646,10.2,183.7,3.8
10.0,1121.979752,236.51,-0.36,-67.81,4.88,-3.74,2.5,1,515,0.2,76.3,0.5
10.0,1121.989753,237.13,-0.34,-68.95,4.73,-6.06,1.25,1,397,-1.8,-6.7,-2.2
10.0,1121.999752,238.97,-0.33,-70.35,4.67,-6.06,-0.5,1,260,-2.4,-57.2,0.2
10.0,1122.009753,240.56,-0.52,-72.68,4.81,-3.74,-2.25,1,134,-5.5,-182.0,0.5
10.0,1122.019756,241.7,-0.68,-75.82,4.86,-0.0,-3.0,1,4,-7.9,-189.2,-1.7
10.0,1122.029755,241.7,-0.68,-75.82,4.86,3.74,-2.75,1,10000,-7.9,-189.2,-1.7
10.0,1122.039753,240.64,-0.82,-76.3,5.04,6.06,-1.5,1,767,0.3,-1.9,5.7
10.0,1122.049752,238.89,-0.8,-74.09,5.08,6.06,0.25,1,638,3.8,108.7,-1.6
10.0,1122.059753,237.22,-0.33,-71.16,4.67,3.74,2.25,1,512,4.6,182.1,-1.7
10.0,1122.069756,236.6,-0.27,-68.6,4.73,0.0,2.75,1,396,10.1,183.4,3.7
10.0,1122.079752,236.51,-0.36,-67.82,4.88,-3.74,2.5,1,256,0.3,76.5,0.6
10.0,1122.089753,237.13,-0.34,-68.96,4.74,-6.06,1.25,1,138,-1.7,-6.7,-2.2
10.0,1122.099752,238.89,-0.33,-70.36,4.68,-6.06,-0.5,1,4,-2.5,-57.2,0.2
10.0,1122.109756,240.64,-0.33,-70.36,4.68,-3.74,-2.25,1,10006,-2.5,-57.2,0.2
10.0,1122.119756,241.52,-0.67,-75.83,4.86,-0.0,-3.0,1,774,-7.9,-189.5,-1.7
10.0,1122.129752,241.79,-0.65,-77.04,4.81,3.74,-2.75,1,643,-0.9,-113.2,-0.4
10.0,1122.139753,240.56,-0.82,-76.29,5.05,6.06,-1.5,1,516,0.4,-2.1,5.7
10.0,1122.149752,238.8,-0.8,-74.1,5.09,6.06,0.25,1,397,3.7,108.8,-1.6
10.0,1122.159753,237.3,-0.33,-71.17,4.68,3.74,2.25,1,261,4.6,182.3,-1.7
10.0,1122.169756,236.51,-0.27,-68.6,4.73,0.0,2.75,1,137,10.1,183.5,3.7
10.0,1122.179752,236.6,-0.36,-67.81,4.88,-3.74,2.5,1,3,0.3,76.8,0.5
10.0,1122.189756,237.13,-0.36,-67.81,4.88,-6.06,1.25,1,10002,0.3,76.8,0.5
10.0,1122.199752,238.89,-0.33,-70.35,4.68,-6.06,-0.5,1,766,-2.5,-56.9,0.2
10.0,1122.209753,240.56,-0.52,-72.67,4.81,-3.74,-2.25,1,639,-5.5,-181.8,0.4
10.0,1122.219756,241.7,-0.67,-75.81,4.86,-0.0,-3.0,1,515,-7.9,-188.8,-1.7
10.0,1122.229752,241.7,-0.65,-77.02,4.8,3.74,-2.75,1,393,-1.0,-113.2,-0.4
10.0,1122.239753,240.64,-0.82,-76.29,5.05,6.06,-1.5,1,257,0.3,-2.9,5.8
10.0,1122.249752,238.89,-0.81,-74.1,5.09,6.06,0.25,1,137,3.8,108.6,-1.6
10.0,1122.259753,237.3,-0.33,-71.17,4.68,3.74,2.25,1,4,4.6,181.9,-1.7
10.0,1122.269758,236.6,-0.33,-71.17,4.68,-0.0,2.75,1,10007,4.6,181.9,-1.7
10.0,1122.279752,236.51,-0.35,-67.81,4.88,-3.74,2.5,1,771,0.2,76.6,0.5
10.0,1122.289753,237.04,-0.34,-68.95,4.74,-6.06,1.25,1,644,-1.7,-7.0,-2.2
10.0,1122.299752,238.89,-0.33,-70.35,4.68,-6.06,-0.5,1,516,-2.5,-56.2,0.3
10.0,1122.309753,240.64,-0.52,-72.66,4.82,-3.74,-2.25,1,398,-5.5,-181.9,0.4
10.0,1122.319754,241.61,-0.67,-75.81,4.87,0.0,-2.75,1,263,-7.9,-189.2,-1.7
10.0,1122.329752,241.7,-0.65,-77.01,4.81,3.74,-2.75,1,133,-1.0,-112.8,-0.5
10.0,1122.339753,240.64,-0.82,-76.28,5.05,6.06,-1.5,1,4,0.3,-3.1,5.8
10.0,1122.349755,238.8,-0.82,-76.28,5.05,6.06,0.25,1,10001,0.3,-3.1,5.8
10.0,1122.359753,237.22,-0.33,-71.16,4.68,3.74,2.25,1,768,4.6,181.9,-1.7
10.0,1122.369756,236.51,-0.27,-68.59,4.74,0.0,2.75,1,643,10.2,184.0,3.8
10.0,1122.379752,236.51,-0.36,-67.8,4.89,-3.74,2.5,1,512,0.2,76.6,0.5
10.0,1122.389753,237.13,-0.34,-68.95,4.74,-6.06,1.25,1,394,-1.7,-7.1,-2.2
10.0,1122.399752,238.89,-0.33,-70.34,4.69,-6.06,-0.5,1,257,-2.4,-55.8,0.2
