freq_hz,t_s,enc_deg,roll,pitch,yaw,target_deg,inc_deg,valid,imu_age_us,gx,gy,gz
0.5,1199.039739,238.71,-0.51,-70.46,6.91,0.63,0.5,1,3461,0.4,36.3,0.5
0.5,1199.049742,238.54,-0.49,-71.51,6.8,1.26,0.75,1,3336,-3.7,-11.0,-3.2
0.5,1199.059739,237.92,-0.28,-71.88,6.57,1.88,1.5,1,4230,3.3,11.3,-3.3
0.5,1199.069739,236.87,-0.37,-71.25,6.73,2.51,2.25,1,4103,-0.9,40.2,5.7
0.5,1199.079739,236.16,-0.41,-70.01,6.78,3.13,3.25,1,3975,5.5,95.1,-6.1
0.5,1199.089739,235.46,-0.13,-68.67,6.56,3.75,3.75,1,3856,-0.3,79.6,4.6
0.5,1199.099739,234.93,-0.38,-68.12,6.77,4.36,4.25,1,3729,1.2,70.5,-2.0
0.5,1199.109739,234.58,-0.15,-67.61,6.57,4.97,4.75,1,3593,2.2,60.1,-0.6
0.5,1199.119739,234.23,-0.17,-67.25,6.61,5.58,5.0,1,3465,1.2,46.6,0.4
0.5,1199.129742,233.7,-0.16,-67.04,6.61,6.18,5.75,1,3341,1.4,34.3,-0.6
0.5,1199.139739,232.82,-0.1,-66.77,6.56,6.77,6.5,1,4226,1.1,39.6,-0.5
0.5,1199.149739,232.12,0.01,-65.88,6.48,7.36,7.25,1,4107,4.2,83.4,-2.8
0.5,1199.159739,231.5,-0.01,-64.65,6.52,7.94,7.75,1,3979,-1.0,79.3,4.2
0.5,1199.169739,231.06,-0.12,-64.03,6.6,8.52,8.25,1,3861,2.2,65.9,-2.8
0.5,1199.179739,230.62,0.07,-63.63,6.45,9.08,8.75,1,3725,1.5,53.6,0.5
0.5,1199.189739,230.45,0.01,-63.36,6.51,9.64,9.0,1,3597,0.3,39.6,-0.4
0.5,1199.199739,229.75,0.04,-63.18,6.48,10.18,9.5,1,3461,1.5,31.6,-0.3
0.5,1199.209742,228.87,0.08,-62.9,6.46,10.72,10.25,1,3337,0.9,36.1,-0.8
0.5,1199.219739,228.34,0.18,-62.04,6.39,11.24,11.25,1,4232,4.7,81.9,-2.2
0.5,1199.229739,227.55,0.16,-60.83,6.45,11.76,11.75,1,4103,-0.8,75.3,3.8
0.5,1199.239739,227.29,0.09,-60.21,6.49,12.26,12.25,1,3983,2.1,68.6,-3.5
0.5,1199.249739,226.85,0.25,-59.79,6.37,12.75,12.5,1,3857,2.3,48.0,1.2
0.5,1199.259739,226.58,0.17,-59.57,6.46,13.23,12.75,1,3729,0.4,43.5,0.3
0.5,1199.269739,226.14,0.2,-59.27,6.43,13.69,13.25,1,3593,1.4,33.7,-0.5
0.5,1199.279740,225.18,0.23,-59.03,6.4,14.14,14.25,1,3465,0.3,33.9,-0.4
0.5,1199.289743,224.38,0.31,-58.18,6.36,14.58,15.0,1,3341,4.8,84.9,-2.4
0.5,1199.299739,224.21,0.32,-56.9,6.39,15.0,15.25,1,4226,-1.0,77.5,3.1
0.5,1199.309739,224.3,0.22,-56.41,6.46,15.41,15.25,1,4107,2.6,56.2,-1.4
0.5,1199.319739,224.47,0.29,-56.64,6.39,15.8,15.0,1,3988,-2.1,-1.3,1.0
0.5,1199.329739,224.3,0.28,-57.38,6.37,16.18,15.25,1,3861,1.4,-16.3,-2.9
0.5,1199.339739,223.33,0.36,-57.6,6.31,16.54,16.25,1,3725,-1.1,-7.6,1.2
0.5,1199.349739,222.54,0.34,-56.89,6.36,16.89,17.0,1,3598,4.4,62.3,-1.8
0.5,1199.359739,222.19,0.42,-55.11,6.35,17.21,17.25,1,3461,2.4,108.4,1.9
0.5,1199.369742,222.01,0.29,-54.17,6.46,17.53,17.5,1,3344,-1.4,47.5,2.5
0.5,1199.379739,221.92,0.35,-54.53,6.39,17.82,17.5,1,4230,3.8,25.2,-4.5
0.5,1199.389739,221.48,0.45,-54.63,6.32,18.1,18.0,1,4103,-1.6,12.5,3.4
0.5,1199.399739,220.87,0.32,-54.57,6.42,18.36,18.75,1,3984,1.0,18.7,-2.0
0.5,1199.409739,220.61,0.49,-53.81,6.3,18.6,19.25,1,3857,4.8,70.0,-1.7
0.5,1199.419739,220.52,0.43,-52.76,6.39,18.82,18.75,1,3729,-2.3,53.9,4.7
0.5,1199.429739,221.13,0.29,-52.91,6.46,19.02,17.75,1,3602,-1.0,0.6,-1.6
0.5,1199.439740,221.75,0.4,-53.74,6.34,19.21,17.25,1,3466,-0.8,-30.0,-0.3
0.5,1199.449743,221.84,0.44,-54.84,6.3,19.37,17.75,1,3350,0.7,-79.0,-2.5
0.5,1199.459740,221.13,0.51,-55.77,6.24,19.52,18.25,1,4228,0.5,-43.8,-0.1
0.5,1199.469740,220.52,0.42,-54.81,6.34,19.65,19.0,1,4099,-0.2,60.3,3.2
0.5,1199.479740,220.34,0.34,-53.11,6.43,19.75,19.25,1,3989,-0.4,66.7,0.9
0.5,1199.489740,220.34,0.4,-52.64,6.38,19.84,18.75,1,3862,2.5,39.8,-0.9
0.5,1199.499740,220.52,0.4,-52.91,6.37,19.91,19.0,1,3725,-3.4,0.4,1.9
0.5,1199.509740,220.08,0.4,-53.39,6.34,19.96,19.5,1,3598,2.9,-8.2,-4.0
0.5,1199.519740,220.08,0.56,-53.33,6.25,19.99,19.5,1,3462,2.9,14.5,0.8
0.5,1199.529743,220.17,0.41,-52.77,6.41,20.0,19.25,1,3347,-2.3,32.7,4.5
0.5,1199.539740,220.08,0.33,-52.76,6.42,19.99,19.25,1,4231,-1.6,-17.3,-2.5
0.5,1199.549740,219.81,0.49,-53.45,6.25,19.96,19.75,1,4104,1.0,-19.0,-2.5
0.5,1199.559740,219.38,0.5,-53.04,6.29,19.91,20.25,1,3984,1.9,43.1,2.1
0.5,1199.569740,219.38,0.4,-51.98,6.41,19.84,20.25,1,3858,-1.1,43.5,2.3
0.5,1199.579740,219.38,0.42,-51.78,6.39,19.75,19.75,1,3730,3.3,20.3,-1.3
0.5,1199.589740,219.9,0.46,-52.12,6.35,19.65,19.25,1,3594,-3.7,-11.5,1.8
0.5,1199.599740,220.08,0.42,-52.81,6.33,19.52,19.25,1,3467,2.1,-36.4,-3.3
0.5,1199.609743,219.64,0.51,-53.5,6.26,19.37,19.75,1,3351,-2.4,-44.5,1.9
0.5,1199.619740,219.64,0.44,-53.23,6.34,19.21,20.0,1,4230,3.5,35.8,-0.3
0.5,1199.629739,219.81,0.45,-52.13,6.38,19.02,19.25,1,4099,-1.8,29.7,3.9
0.5,1199.639739,220.78,0.35,-52.32,6.43,18.82,18.25,1,3989,-1.5,-13.4,-0.9
0.5,1199.649739,221.57,0.41,-53.47,6.33,18.6,17.75,1,3862,-1.6,-71.9,-0.1
0.5,1199.659739,221.48,0.44,-55.0,6.29,18.36,18.25,1,3726,-0.4,-94.5,-1.4
0.5,1199.669739,220.69,0.5,-55.53,6.25,18.1,18.75,1,3598,1.4,-30.1,-0.4
0.5,1199.679739,220.34,0.44,-54.19,6.34,17.82,19.25,1,3462,-0.1,69.8,3.7
0.5,1199.689741,220.43,0.34,-52.65,6.45,17.53,18.75,1,3371,0.1,54.3,1.5
0.5,1199.699739,220.87,0.37,-52.8,6.4,17.21,17.75,1,4231,-1.1,0.4,-0.1
0.5,1199.709739,221.4,0.37,-53.64,6.36,16.89,17.5,1,4104,-2.0,-30.2,-0.2
0.5,1199.719739,222.01,0.44,-54.64,6.29,16.54,17.25,1,3985,2.0,-69.5,-3.1
0.5,1199.729739,222.54,0.52,-55.43,6.26,16.18,16.25,1,3858,1.0,-40.0,2.2
0.5,1199.739739,223.77,0.32,-55.69,6.42,15.8,15.0,1,3731,-5.0,-55.7,4.7
0.5,1199.749739,224.91,0.23,-56.95,6.43,15.41,14.25,1,3594,-2.5,-110.1,-1.6
0.5,1199.759739,224.91,0.34,-58.68,6.29,15.0,14.5,1,3467,-2.8,-117.8,0.4
0.5,1199.769743,224.65,0.33,-59.3,6.31,14.58,14.75,1,3368,0.2,-54.6,-0.5
0.5,1199.779739,224.65,0.3,-58.21,6.39,14.14,14.75,1,4228,1.1,46.1,5.0
0.5,1199.789739,224.91,0.18,-57.23,6.51,13.69,14.25,1,4100,-2.7,-3.5,0.9
0.5,1199.799739,225.26,0.28,-57.86,6.37,13.23,13.5,1,3990,2.5,-13.4,-3.1
0.5,1199.809739,225.79,0.29,-58.16,6.37,12.75,12.75,1,3854,-4.9,-19.5,4.5
0.5,1199.819739,226.41,0.19,-58.9,6.42,12.26,12.25,1,3726,1.5,-68.1,-4.5
0.5,1199.829739,227.02,0.35,-59.96,6.29,11.76,11.75,1,3599,-0.5,-57.1,3.6
0.5,1199.839739,227.81,0.16,-60.42,6.46,11.24,11.5,1,3463,-2.4,-57.1,0.9
0.5,1199.849740,227.99,0.16,-61.09,6.42,10.72,11.25,1,3362,-1.9,-67.0,0.9
0.5,1199.859739,228.16,0.13,-61.73,6.44,10.18,10.75,1,4232,-2.5,-53.6,1.3
0.5,1199.869739,228.69,0.1,-61.77,6.46,9.64,9.75,1,4104,-0.1,-17.6,0.9
0.5,1199.879739,229.48,0.08,-61.66,6.48,9.08,9.25,1,3986,-2.1,-25.2,1.7
0.5,1199.889739,230.01,0.13,-62.52,6.43,8.52,8.75,1,3850,1.5,-78.5,-2.9
0.5,1199.899739,230.36,0.15,-63.71,6.39,7.94,8.25,1,3731,-3.9,-65.0,3.9
0.5,1199.909739,230.71,-0.04,-64.03,6.53,7.36,7.75,1,3594,-1.4,-45.9,-0.4
0.5,1199.919739,231.06,0.06,-64.24,6.44,6.77,7.75,1,3467,-0.3,-39.6,0.7
0.5,1199.929742,231.59,0.01,-64.54,6.5,6.18,7.25,1,3369,-1.5,-37.0,1.5
0.5,1199.939739,232.38,-0.03,-64.91,6.53,5.58,6.0,1,4231,-0.0,-39.1,0.9
0.5,1199.949739,233.79,-0.09,-65.53,6.58,4.97,5.0,1,4100,-2.1,-60.4,3.2
0.5,1199.959739,234.58,-0.18,-67.14,6.61,4.36,4.5,1,3990,-4.7,-139.2,-1.3
0.5,1199.969739,235.11,-0.04,-69.03,6.43,3.75,4.0,1,3854,-0.3,-109.6,-2.5
0.5,1199.979739,235.28,-0.18,-69.33,6.59,3.13,3.75,1,3727,-3.3,-59.9,7.2
0.5,1199.989739,235.55,-0.41,-69.2,6.79,2.51,3.25,1,3599,-1.5,-36.4,-2.3
0.5,1199.999739,236.34,-0.17,-69.15,6.56,1.88,2.0,1,3463,0.8,-18.6,1.8
0.5,1200.009740,237.74,-0.33,-69.3,6.73,1.26,0.5,1,3363,-2.0,-32.9,2.1
0.5,1200.019739,238.71,-0.45,-70.9,6.78,0.63,-0.25,1,4232,-4.4,-146.1,0.6
0.5,1200.029740,239.33,-0.49,-73.28,6.76,0.0,-0.25,1,4105,-3.6,-124.8,-0.6
0.5,1200.039739,238.97,-0.45,-73.85,6.7,-0.63,0.25,1,3986,-1.6,-77.7,-0.6
0.5,1200.049739,238.89,-0.51,-73.22,6.82,-1.26,0.25,1,3850,2.6,15.4,4.2
0.5,1200.059739,238.97,-0.63,-71.98,7.02,-1.88,-0.5,1,3731,3.1,31.5,2.8
0.5,1200.069739,239.94,-0.57,-71.92,6.94,-2.51,-1.75,1,3595,-2.1,-10.4,-0.9
0.5,1200.079739,240.38,-0.55,-72.99,6.84,-3.13,-2.25,1,3468,-3.0,-65.3,-0.1
0.5,1200.089743,240.82,-0.57,-74.35,6.81,-3.75,-2.5,1,3369,-3.1,-80.5,-2.4
0.5,1200.099739,241.7,-0.52,-74.8,6.78,-4.36,-3.5,1,4228,1.4,-30.3,1.3
0.5,1200.109739,242.67,-0.81,-74.96,7.12,-4.97,-4.25,1,4101,-0.4,-66.3,5.3
0.5,1200.119739,243.02,-1.04,-76.48,7.26,-5.58,-4.75,1,3990,-7.3,-115.6,-2.7
0.5,1200.129739,243.28,-0.79,-77.62,6.94,-6.18,-5.25,1,3854,-0.1,-64.6,-0.9
0.5,1200.139739,244.34,-0.95,-77.17,7.19,-6.77,-6.25,1,3727,1.7,-5.4,4.8
0.5,1200.149739,245.48,-1.21,-77.31,7.45,-7.36,-7.25,1,3600,-2.1,-73.9,0.2
0.5,1200.159739,245.74,-1.35,-79.36,7.49,-7.94,-7.75,1,3464,-5.7,-136.4,1.2
0.5,1200.169740,246.18,-1.47,-80.66,7.56,-8.52,-8.25,1,3371,-1.4,-67.0,-2.8
0.5,1200.179739,246.45,-1.43,-80.3,7.57,-9.08,-8.5,1,4233,0.8,-33.7,5.5
0.5,1200.189739,246.88,-1.77,-80.28,7.93,-9.64,-9.0,1,4105,-1.7,-31.6,-1.9
0.5,1200.199739,247.68,-1.51,-80.6,7.66,-10.18,-9.75,1,3986,1.3,-33.8,2.2
0.5,1200.209739,248.47,-1.97,-81.37,8.11,-10.72,-10.5,1,3859,-3.9,-74.6,1.1
0.5,1200.219739,248.99,-2.21,-82.52,8.28,-11.24,-11.25,1,3731,-1.4,-75.0,-0.4
0.5,1200.229739,249.26,-2.38,-83.19,8.47,-11.76,-11.5,1,3595,-1.2,-65.8,1.5
0.5,1200.239739,249.7,-2.72,-83.58,8.79,-12.26,-12.0,1,3468,-1.5,-48.7,0.3
0.5,1200.249742,250.05,-2.75,-83.79,8.82,-12.75,-12.25,1,3370,-0.2,-37.8,0.8
0.5,1200.259739,250.4,-2.93,-83.99,9.01,-13.23,-12.75,1,4232,-0.7,-30.9,0.8
0.5,1200.269739,251.19,-3.13,-84.24,9.2,-13.69,-13.5,1,4101,0.2,-32.1,1.0
0.5,1200.279740,251.89,-3.86,-85.02,9.93,-14.14,-14.25,1,3990,-2.2,-77.4,2.2
0.5,1200.289740,252.42,-5.05,-86.19,11.07,-14.58,-14.75,1,3855,-2.2,-71.7,-1.3
0.5,1200.299740,252.86,-5.56,-86.74,11.57,-15.0,-15.25,1,3727,-1.2,-61.0,1.7
0.5,1200.309740,253.21,-6.87,-87.09,12.89,-15.41,-15.5,1,3600,-1.1,-46.1,0.7
0.5,1200.319740,253.48,-7.58,-87.36,13.59,-15.8,-15.75,1,3464,-0.2,-41.9,1.3
0.5,1200.329740,253.56,-8.46,-87.6,14.47,-16.18,-16.0,1,3371,-1.1,-28.0,0.2
0.5,1200.339740,253.65,-8.32,-87.62,14.32,-16.54,-16.0,1,4233,-0.6,-16.3,0.4
0.5,1200.349740,253.83,-8.21,-87.58,14.22,-16.89,-16.25,1,4106,0.0,-8.0,0.3
0.5,1200.359740,254.79,-8.36,-87.61,14.38,-17.21,-17.25,1,3986,0.9,-10.6,0.7
0.5,1200.369740,256.03,-12.46,-88.29,18.47,-17.53,-18.5,1,3851,-1.8,-67.2,2.0
0.5,1200.379740,256.73,-106.62,-89.59,112.58,-17.82,-19.25,1,3732,-3.2,-122.1,1.3
0.5,1200.389740,256.73,-167.24,-88.28,173.17,-18.1,-19.25,1,3596,-2.5,-101.3,-0.2
0.5,1200.399740,256.64,-167.77,-88.28,173.69,-18.36,-18.5,1,3469,-0.9,-20.8,0.2
0.5,1200.409743,256.55,-153.05,-89.14,159.01,-18.6,-18.0,1,3370,2.2,10.7,2.6
0.5,1200.419740,256.38,-120.41,-89.49,126.4,-18.82,-18.0,1,4229,1.1,19.7,2.5
0.5,1200.429740,256.38,-78.53,-89.55,84.54,-19.02,-18.75,1,4102,2.6,25.8,1.1
0.5,1200.439740,257.08,-68.98,-89.54,75.0,-19.21,-19.75,1,3991,-0.5,1.6,0.7
0.5,1200.449740,257.52,-147.36,-89.24,153.32,-19.37,-20.25,1,3855,-3.3,-56.2,-2.0
0.5,1200.459740,257.43,-169.41,-88.03,175.31,-19.52,-19.75,1,3728,-3.5,-72.1,-1.5
0.5,1200.469740,257.26,-169.6,-87.9,175.51,-19.65,-18.75,1,3601,1.0,3.2,1.5
0.5,1200.479740,257.17,-157.35,-88.87,163.32,-19.75,-18.5,1,3464,2.6,26.8,2.7
0.5,1200.489739,257.08,-133.35,-89.35,139.37,-19.84,-18.75,1,3363,3.6,36.2,2.6
0.5,1200.499740,257.26,-122.27,-89.44,128.31,-19.91,-19.75,1,4233,-0.1,5.2,0.7
0.5,1200.509740,257.61,-145.66,-89.2,151.64,-19.96,-20.25,1,4106,-1.6,-5.2,0.1
0.5,1200.519740,257.96,-163.89,-88.57,169.82,-19.99,-20.25,1,3987,-3.9,-60.4,-4.7
0.5,1200.529740,257.78,-171.21,-87.63,177.11,-20.0,-20.25,1,3860,-1.3,-42.1,1.9
0.5,1200.539740,257.52,-167.64,-87.98,173.58,-19.99,-19.75,1,3732,2.3,18.6,0.7
0.5,1200.549740,257.61,-157.93,-88.8,163.93,-19.96,-19.75,1,3597,1.5,26.1,3.0
0.5,1200.559740,257.61,-155.36,-88.88,161.34,-19.91,-19.5,1,3469,-0.0,1.8,-0.3
0.5,1200.569742,257.7,-160.91,-88.68,166.88,-19.84,-19.75,1,3370,0.1,1.1,0.2
0.5,1200.579740,257.96,-160.81,-88.67,166.79,-19.75,-20.5,1,4229,0.9,-0.4,0.4
0.5,1200.589740,258.05,-164.65,-88.39,170.6,-19.65,-20.75,1,4102,-3.7,-27.3,-1.1
0.5,1200.599740,257.87,-170.51,-87.71,176.4,-19.52,-20.0,1,3991,-1.7,-44.3,-2.7
0.5,1200.609740,257.78,-169.97,-87.79,175.9,-19.37,-19.25,1,3856,1.2,25.3,2.5
0.5,1200.619740,257.78,-158.21,-88.75,164.2,-19.21,-19.25,1,3728,4.2,32.4,2.7
0.5,1200.629740,257.7,-153.93,-88.91,159.94,-19.02,-19.25,1,3601,-0.7,11.0,1.6
0.5,1200.639740,257.61,-159.64,-88.73,165.6,-18.82,-19.25,1,3465,-0.2,0.4,-2.2
0.5,1200.649739,257.61,-161.92,-88.68,167.88,-18.6,-19.0,1,3362,-0.6,3.5,1.2
0.5,1200.659740,256.99,-159.96,-88.7,165.9,-18.36,-18.25,1,4234,-0.9,1.2,0.3
0.5,1200.669740,256.55,-151.59,-89.12,157.56,-18.1,-17.75,1,4106,2.8,46.1,-1.1
0.5,1200.679740,256.29,-63.75,-89.51,69.78,-17.82,-17.75,1,3987,2.8,54.7,3.7
0.5,1200.689740,256.38,-33.42,-89.15,39.45,-17.53,-18.0,1,3852,0.7,40.3,-2.0
0.5,1200.699740,256.46,-36.18,-89.3,42.19,-17.21,-18.0,1,3733,-1.3,0.2,0.6
0.5,1200.709740,255.76,-93.63,-89.59,99.58,-16.89,-17.25,1,3605,-3.0,-18.8,-2.4
0.5,1200.719740,255.23,-79.71,-89.63,85.65,-16.54,-16.25,1,3469,0.5,28.2,-1.3
0.5,1200.729742,255.06,-15.26,-88.46,21.3,-16.18,-16.25,1,3371,7.2,94.8,3.3
0.5,1200.739740,255.23,-11.06,-87.51,17.19,-15.8,-16.75,1,4229,1.9,29.3,3.2
0.5,1200.749740,255.32,-15.09,-88.3,21.13,-15.41,-16.75,1,4102,-4.1,-14.3,-3.3
0.5,1200.759740,254.79,-20.51,-88.99,26.45,-15.0,-16.0,1,3992,-3.3,-26.5,-2.4
0.5,1200.769740,254.0,-18.66,-88.89,24.63,-14.58,-15.0,1,3856,1.6,23.0,-0.3
0.5,1200.779739,253.65,-8.99,-87.47,15.06,-14.14,-14.5,1,3729,5.1,95.3,2.5
0.5,1200.789739,253.39,-6.13,-85.94,12.26,-13.69,-14.25,1,3601,4.1,81.8,1.8
0.5,1200.799739,252.95,-5.94,-85.93,12.05,-13.23,-14.25,1,3465,-1.6,14.8,-0.4
0.5,1200.809740,252.07,-5.81,-86.47,11.85,-12.75,-13.0,1,3373,-1.5,12.5,-4.3
0.5,1200.819739,250.75,-4.25,-85.74,10.31,-12.26,-11.75,1,4234,2.8,75.9,0.2
0.5,1200.829739,250.14,-3.24,-83.82,9.37,-11.76,-10.75,1,4107,3.0,129.2,-0.3
0.5,1200.839739,250.14,-2.64,-82.21,8.83,-11.24,-11.0,1,3988,6.0,108.4,2.6
0.5,1200.849739,250.22,-2.85,-82.2,9.07,-10.72,-11.5,1,3852,0.3,21.5,0.7
0.5,1200.859739,250.49,-2.96,-83.22,9.08,-10.18,-11.75,1,3733,-4.2,-15.0,-2.8
0.5,1200.869739,249.79,-2.77,-83.97,8.82,-9.64,-10.75,1,3606,-3.5,-38.0,-2.9
0.5,1200.879739,249.26,-2.68,-83.96,8.76,-9.08,-10.0,1,3473,3.0,24.2,-0.1
0.5,1200.889742,248.91,-2.53,-82.41,8.73,-8.52,-9.75,1,4361,6.2,92.6,4.2
0.5,1200.899739,248.29,-2.56,-81.31,8.8,-7.94,-9.25,1,4230,-0.2,40.5,1.8
0.5,1200.909739,247.24,-2.1,-81.57,8.26,-7.36,-8.25,1,4103,-1.4,26.7,-6.2
0.5,1200.919739,246.36,-1.41,-80.81,7.58,-6.77,-7.0,1,3992,3.0,90.1,0.2
0.5,1200.929739,245.74,-1.5,-78.91,7.76,-6.18,-6.5,1,3857,4.6,126.8,1.7
0.5,1200.939739,245.48,-1.53,-77.92,7.83,-5.58,-6.25,1,3729,2.6,61.6,2.8
0.5,1200.949739,244.86,-1.31,-78.18,7.57,-4.97,-5.5,1,3601,-1.0,40.2,-6.6
0.5,1200.959739,243.9,-0.99,-78.03,7.2,-4.36,-4.75,1,3466,-0.2,36.6,2.5
0.5,1200.969741,243.19,-1.14,-77.13,7.41,-3.75,-3.75,1,4356,4.1,93.2,-2.7
0.5,1200.979739,242.4,-0.88,-75.7,7.21,-3.13,-3.25,1,4235,2.1,86.1,3.1
0.5,1200.989739,241.96,-0.93,-75.05,7.25,-2.51,-2.75,1,4107,1.0,73.0,-3.4
0.5,1200.999739,241.52,-0.68,-74.58,6.99,-1.88,-2.25,1,3988,1.9,60.3,0.8
0.5,1201.009739,240.82,-0.79,-74.28,7.13,-1.26,-1.5,1,3853,0.6,42.3,0.0
0.5,1201.019739,239.68,-0.67,-73.94,7.01,-0.63,-0.5,1,3734,1.6,51.9,-1.7
0.5,1201.029740,238.97,-0.44,-72.85,6.82,0.0,0.5,1,3597,4.3,99.4,-2.3
0.5,1201.039739,238.62,-0.46,-71.45,6.87,0.63,0.75,1,3473,0.3,92.8,3.6
0.5,1201.049742,238.62,-0.54,-70.78,6.95,1.26,0.75,1,4361,2.6,73.1,-2.5
0.5,1201.059739,238.27,-0.41,-70.95,6.81,1.88,1.0,1,4231,-2.0,3.2,1.7
0.5,1201.069739,237.39,-0.46,-71.63,6.82,2.51,2.0,1,4103,0.5,1.5,-4.1
0.5,1201.079739,236.6,-0.19,-70.97,6.61,3.13,2.75,1,3993,4.2,68.2,-0.2
0.5,1201.089739,236.25,-0.27,-69.21,6.76,3.75,3.25,1,3857,2.5,109.3,2.1
0.5,1201.099739,235.63,-0.38,-68.32,6.85,4.36,3.75,1,3730,0.2,48.0,2.2
0.5,1201.109739,234.4,-0.24,-68.54,6.69,4.97,5.0,1,3593,1.6,38.8,-5.7
0.5,1201.119739,233.0,0.01,-67.67,6.48,5.58,6.5,1,3466,3.1,96.8,0.3
0.5,1201.129740,232.12,-0.08,-65.61,6.62,6.18,7.5,1,4354,2.9,148.1,-0.1
0.5,1201.139739,232.03,-0.06,-63.86,6.63,6.77,7.5,1,4235,3.4,123.2,1.6
0.5,1201.149739,231.86,-0.08,-63.68,6.67,7.36,7.5,1,4108,0.5,43.1,0.2
0.5,1201.159739,231.42,-0.05,-64.62,6.57,7.94,7.75,1,3989,-2.8,-13.7,-2.5
0.5,1201.169739,231.24,0.07,-64.86,6.45,8.52,8.25,1,3853,3.8,32.6,-2.3
0.5,1201.179739,231.15,0.02,-64.07,6.57,9.08,8.25,1,3734,-0.2,33.1,5.1
0.5,1201.189739,230.45,-0.08,-63.83,6.65,9.64,8.75,1,3598,1.2,22.9,-3.3
0.5,1201.199739,229.39,0.11,-63.66,6.46,10.18,10.0,1,3473,0.6,27.2,0.5
0.5,1201.209741,227.99,0.12,-62.7,6.48,10.72,11.5,1,4360,3.5,92.3,-3.0
0.5,1201.219739,227.29,0.22,-60.64,6.43,11.24,12.25,1,4231,3.2,141.2,1.1
0.5,1201.229739,227.29,0.14,-58.98,6.55,11.76,12.25,1,4103,2.9,116.9,1.8
0.5,1201.239739,227.37,0.13,-58.9,6.57,12.26,12.0,1,3993,0.6,32.2,0.4
0.5,1201.249739,227.11,0.16,-59.93,6.47,12.75,12.25,1,3857,-3.0,-18.6,-2.8
0.5,1201.259739,226.49,0.27,-60.41,6.34,13.23,12.75,1,3730,3.4,3.0,-2.8
0.5,1201.269739,225.7,0.23,-59.84,6.45,13.69,13.75,1,3593,-1.3,35.6,5.4
0.5,1201.279740,225.0,0.2,-58.65,6.5,14.14,14.75,1,3466,6.2,86.5,-5.7
0.5,1201.289741,224.65,0.36,-57.3,6.38,14.58,14.75,1,4355,-1.6,83.6,4.3
0.5,1201.299739,224.65,0.18,-56.74,6.54,15.0,14.75,1,4236,2.5,59.3,-1.3
0.5,1201.309739,224.91,0.28,-56.98,6.45,15.41,14.5,1,4108,-1.8,0.1,1.0
0.5,1201.319739,224.65,0.27,-57.73,6.43,15.8,14.75,1,3989,1.4,-15.2,-2.9
0.5,1201.329739,223.77,0.34,-57.97,6.36,16.18,15.75,1,3853,-0.9,-9.3,1.0
0.5,1201.339739,222.98,0.33,-57.23,6.41,16.54,16.75,1,3734,5.2,68.2,-1.6
0.5,1201.349739,222.54,0.41,-55.37,6.41,16.89,17.0,1,3598,1.6,108.4,1.9
0.5,1201.359740,222.36,0.27,-54.55,6.51,17.21,17.25,1,3474,-1.7,41.9,2.3
0.5,1201.369741,222.36,0.34,-54.96,6.43,17.53,17.25,1,4361,4.0,25.5,-4.5
0.5,1201.379739,222.36,0.43,-55.0,6.37,17.82,17.25,1,4231,-1.6,12.7,3.7
0.5,1201.389739,222.01,0.29,-55.09,6.49,18.1,17.5,1,4104,0.6,3.9,-1.1
0.5,1201.399739,221.4,0.39,-55.1,6.4,18.36,18.25,1,3993,0.5,8.3,-0.2
0.5,1201.409739,220.96,0.42,-54.5,6.4,18.6,18.75,1,3857,3.6,55.6,-1.0
0.5,1201.419739,220.52,0.41,-53.45,6.44,18.82,19.0,1,3730,-1.7,57.3,2.6
0.5,1201.429739,220.25,0.36,-52.98,6.46,19.02,19.25,1,3594,1.9,45.6,-2.3
0.5,1201.439740,220.08,0.46,-52.78,6.38,19.21,19.5,1,3467,1.4,31.4,0.6
0.5,1201.449740,219.9,0.43,-52.66,6.43,19.37,19.75,1,4355,0.7,26.3,0.1
0.5,1201.459740,219.9,0.44,-52.52,6.42,19.52,19.75,1,4236,1.0,19.4,-0.2
0.5,1201.469740,219.73,0.45,-52.47,6.42,19.65,19.75,1,4109,-0.1,11.8,0.6
0.5,1201.479740,219.64,0.43,-52.49,6.42,19.75,19.75,1,3989,-0.0,5.4,0.0
0.5,1201.489740,219.9,0.43,-52.55,6.41,19.84,19.75,1,3862,-0.1,0.4,0.3
0.5,1201.499740,219.81,0.43,-52.6,6.42,19.91,19.75,1,3735,0.2,-0.1,0.2
0.5,1201.509740,219.73,0.44,-52.61,6.42,19.96,19.75,1,3599,0.2,-0.1,0.3
0.5,1201.519740,219.73,0.44,-52.61,6.42,19.99,19.75,1,3473,0.0,0.0,0.3
0.5,1201.529741,219.64,0.44,-52.61,6.42,20.0,19.75,1,4361,-0.0,0.1,0.3
0.5,1201.539740,219.73,0.44,-52.61,6.42,19.99,19.75,1,4232,-0.0,0.0,0.3
0.5,1201.549740,219.73,0.44,-52.61,6.42,19.96,19.75,1,4104,-0.0,0.1,0.3
0.5,1201.559740,219.73,0.44,-52.61,6.42,19.91,19.75,1,3994,0.1,-0.0,0.3
0.5,1201.569740,219.64,0.44,-52.61,6.42,19.84,19.75,1,3858,0.0,0.0,0.3
0.5,1201.579740,219.73,0.44,-52.61,6.42,19.75,19.75,1,3731,0.0,0.1,0.3
0.5,1201.589740,219.81,0.44,-52.61,6.42,19.65,19.75,1,3603,0.0,0.1,0.3
0.5,1201.599740,219.81,0.44,-52.61,6.42,19.52,19.75,1,3467,-0.0,0.1,0.3
0.5,1201.609740,219.73,0.44,-52.61,6.42,19.37,19.75,1,4364,0.0,-0.0,0.3
0.5,1201.619740,219.81,0.44,-52.61,6.42,19.21,19.5,1,4236,0.1,0.0,0.3
0.5,1201.629739,220.17,0.44,-52.64,6.42,19.02,19.0,1,4109,0.9,-3.1,0.6
0.5,1201.639739,220.61,0.4,-52.87,6.43,18.82,18.5,1,3989,-3.7,-19.5,0.9
0.5,1201.649739,221.22,0.42,-53.52,6.38,18.6,18.25,1,3854,1.6,-48.9,-2.9
0.5,1201.659739,220.87,0.48,-54.48,6.33,18.36,18.75,1,3735,-3.1,-66.7,2.1
0.5,1201.669739,220.78,0.4,-54.57,6.39,18.1,18.75,1,3599,1.9,8.8,-0.9
0.5,1201.679740,220.87,0.41,-53.6,6.43,17.82,17.75,1,3474,-1.3,21.2,4.8
0.5,1201.689741,222.19,0.31,-53.61,6.5,17.53,16.75,1,4360,-1.1,-12.4,-1.4
0.5,1201.699739,223.15,0.39,-54.79,6.38,17.21,16.25,1,4232,-1.4,-85.2,0.2
0.5,1201.709739,222.89,0.36,-56.63,6.37,16.89,16.5,1,4105,-3.3,-110.5,-0.4
0.5,1201.719739,222.54,0.39,-57.24,6.34,16.54,17.0,1,3994,1.1,-35.7,-0.7
0.5,1201.729739,222.8,0.38,-55.96,6.42,16.18,16.75,1,3858,2.1,53.5,4.6
0.5,1201.739739,223.33,0.27,-55.04,6.54,15.8,15.5,1,3731,-2.2,1.9,1.3
0.5,1201.749739,224.47,0.3,-55.9,6.44,15.41,14.5,1,3595,-0.9,-34.1,-1.6
0.5,1201.759740,224.82,0.29,-57.41,6.39,15.0,14.5,1,3467,-5.8,-115.2,1.3
0.5,1201.769740,224.91,0.32,-59.03,6.34,14.58,14.75,1,4355,3.2,-80.8,-4.6
0.5,1201.779739,225.0,0.41,-58.58,6.36,14.14,14.25,1,4236,1.0,11.3,7.1
0.5,1201.789739,225.18,0.14,-57.81,6.6,13.69,14.25,1,4109,-4.0,-15.1,0.9
0.5,1201.799739,225.35,0.27,-58.34,6.4,13.23,13.75,1,3990,1.1,-27.2,-3.9
0.5,1201.809739,225.88,0.31,-58.6,6.39,12.75,12.75,1,3854,-2.1,-13.3,4.9
0.5,1201.819739,226.49,0.11,-58.75,6.56,12.26,12.25,1,3735,-2.3,-29.5,0.1
0.5,1201.829739,227.2,0.27,-59.64,6.39,11.76,11.75,1,3600,1.8,-72.5,-3.1
0.5,1201.839740,228.08,0.28,-60.72,6.4,11.24,11.25,1,3473,-2.5,-64.5,4.5
0.5,1201.849740,228.52,0.06,-61.45,6.56,10.72,10.75,1,4360,-3.1,-81.5,0.8
0.5,1201.859739,228.78,0.12,-62.26,6.48,10.18,10.5,1,4232,-0.6,-63.7,0.1
0.5,1201.869739,228.96,0.13,-62.37,6.48,9.64,10.0,1,4105,-1.1,-28.7,1.2
0.5,1201.879739,229.48,0.1,-62.23,6.52,9.08,9.25,1,3995,0.1,-20.9,0.8
0.5,1201.889739,230.27,0.04,-62.47,6.55,8.52,8.25,1,3859,-3.6,-32.2,2.3
0.5,1201.899739,230.89,0.06,-63.45,6.51,7.94,7.75,1,3731,0.8,-86.3,-3.3
0.5,1201.909739,231.59,0.13,-64.63,6.45,7.36,7.25,1,3595,-2.8,-64.4,3.6
0.5,1201.919740,232.29,-0.08,-65.04,6.62,6.77,7.0,1,3471,-1.6,-62.6,0.8
0.5,1201.929739,232.56,-0.03,-65.79,6.57,6.18,6.75,1,4356,-0.6,-76.5,0.6
0.5,1201.939739,232.73,-0.07,-66.36,6.6,5.58,6.25,1,4237,-2.0,-43.6,1.8
0.5,1201.949739,233.53,-0.12,-66.31,6.64,4.97,5.0,1,4109,-0.1,-27.2,0.9
0.5,1201.959739,235.02,-0.14,-66.52,6.66,4.36,3.5,1,3990,-1.9,-37.9,2.0
0.5,1201.969739,235.9,-0.22,-68.02,6.68,3.75,2.75,1,3855,-4.6,-138.8,-0.5
0.5,1201.979739,236.43,-0.22,-70.23,6.62,3.13,2.75,1,3736,-2.3,-120.0,-0.3
0.5,1201.989739,236.43,-0.21,-70.89,6.63,2.51,2.75,1,3600,-0.8,-85.1,0.3
0.5,1201.999740,236.51,-0.3,-70.39,6.76,1.88,2.5,1,3475,2.6,15.0,4.4
0.5,1202.009740,236.78,-0.42,-69.46,6.9,1.26,2.0,1,4360,-3.3,-7.2,1.6
0.5,1202.019739,237.57,-0.32,-69.88,6.74,0.63,0.75,1,4233,0.8,-19.8,-2.9
0.5,1202.029740,238.89,-0.33,-70.43,6.76,0.0,-0.75,1,4105,-2.4,-41.6,5.4
0.5,1202.039739,239.94,-0.61,-72.08,6.98,-0.63,-1.5,1,3995,-4.9,-143.7,-2.5
0.5,1202.049739,240.47,-0.5,-74.35,6.8,-1.26,-1.5,1,3859,-2.9,-124.9,0.9
0.5,1202.059739,240.12,-0.61,-75.04,6.91,-1.88,-1.0,1,3732,-2.5,-87.3,-0.7
0.5,1202.069739,240.12,-0.61,-74.44,6.94,-2.51,-0.75,1,3596,3.3,21.7,3.4
0.5,1202.079740,240.12,-0.73,-72.99,7.16,-3.13,-1.5,1,3468,2.4,36.2,4.0
0.5,1202.089740,241.17,-0.73,-72.95,7.13,-3.75,-2.75,1,4365,-2.4,-9.9,-1.1
0.5,1202.099739,242.23,-0.66,-73.96,6.99,-4.36,-4.0,1,4237,-1.8,-54.6,0.1
0.5,1202.109739,243.11,-0.82,-75.87,7.09,-4.97,-4.25,1,4110,-6.5,-146.7,-0.8
0.5,1202.119739,243.19,-0.86,-77.73,7.07,-5.58,-4.25,1,3991,-1.6,-94.3,-2.0
0.5,1202.129739,243.11,-0.92,-77.49,7.2,-6.18,-5.0,1,3855,2.1,-27.6,4.8
0.5,1202.139739,244.16,-1.18,-76.82,7.51,-6.77,-6.25,1,3736,0.4,0.0,1.7
0.5,1202.149739,244.86,-1.1,-77.29,7.37,-7.36,-6.75,1,3600,-3.6,-74.9,-0.6
0.5,1202.159740,245.13,-1.18,-78.88,7.37,-7.94,-7.25,1,3474,-4.3,-83.6,-0.5
0.5,1202.169739,246.09,-1.29,-79.29,7.49,-8.52,-8.25,1,4361,2.2,-32.9,1.6
0.5,1202.179739,247.5,-1.52,-79.54,7.78,-9.08,-9.5,1,4233,-1.1,-75.5,3.0
0.5,1202.189739,248.38,-1.95,-81.27,8.13,-9.64,-10.25,1,4114,-5.5,-130.7,-0.6
0.5,1202.199739,248.38,-2.29,-83.02,8.39,-10.18,-10.25,1,3995,-4.1,-119.1,0.8
0.5,1202.209739,248.47,-2.39,-83.27,8.49,-10.72,-9.75,1,3860,-1.4,-37.2,-1.0
0.5,1202.219739,248.29,-2.1,-82.47,8.24,-11.24,-9.5,1,3732,2.3,-1.5,2.3
0.5,1202.229739,248.29,-2.29,-81.86,8.51,-11.76,-10.25,1,3604,3.0,25.7,3.1
0.5,1202.239740,249.17,-2.26,-81.59,8.48,-12.26,-11.25,1,3469,-0.2,-0.3,0.2
0.5,1202.249741,249.61,-2.27,-82.44,8.42,-12.75,-11.75,1,4366,-3.5,-59.6,-1.0
0.5,1202.259739,249.96,-2.57,-83.81,8.65,-13.23,-12.25,1,4238,-4.2,-77.7,-1.6
0.5,1202.269739,250.49,-2.84,-84.21,8.95,-13.69,-12.75,1,4119,3.7,-21.4,2.2
0.5,1202.279740,251.1,-3.46,-84.21,9.63,-14.14,-13.25,1,3991,-2.3,-56.6,3.4
0.5,1202.289740,251.46,-3.99,-85.13,10.07,-14.58,-13.75,1,3856,-2.3,-56.8,-2.8
0.5,1202.299740,251.72,-3.92,-85.61,10.0,-15.0,-14.0,1,3737,-0.6,-48.3,2.6
0.5,1202.309740,252.33,-4.87,-85.87,10.95,-15.41,-14.75,1,3600,-1.4,-34.5,0.0
0.5,1202.319740,252.77,-4.92,-86.12,11.01,-15.8,-15.25,1,3485,1.2,-38.9,1.1
0.5,1202.329739,252.86,-6.32,-86.85,12.4,-16.18,-15.25,1,4361,-4.0,-68.6,0.7
0.5,1202.339740,253.04,-6.92,-87.29,12.95,-16.54,-15.5,1,4234,0.5,-14.0,-1.6
0.5,1202.349740,253.92,-6.23,-86.83,12.32,-16.89,-16.5,1,4115,1.9,-8.9,4.7
0.5,1202.359740,254.79,-9.02,-87.48,15.11,-17.21,-17.25,1,3996,-2.8,-71.3,-0.9
0.5,1202.369740,255.15,-23.76,-89.14,29.76,-17.53,-17.75,1,3860,-4.1,-108.3,0.5
0.5,1202.379740,255.41,-92.22,-89.66,98.21,-17.82,-17.75,1,3733,-0.1,-42.6,-1.4
0.5,1202.389740,255.5,-44.7,-89.47,50.73,-18.1,-18.0,1,3596,0.6,-26.9,5.2
0.5,1202.399740,255.5,-48.89,-89.45,54.93,-18.36,-18.0,1,3478,-0.8,-16.6,-1.5
0.5,1202.409740,255.94,-43.55,-89.48,49.57,-18.6,-18.25,1,4365,0.2,-8.9,1.1
0.5,1202.419740,256.46,-48.77,-89.48,54.81,-18.82,-19.0,1,4238,0.3,-11.4,0.6
0.5,1202.429740,256.99,-119.14,-89.55,125.16,-19.02,-19.5,1,4120,-1.7,-53.6,1.7
0.5,1202.439740,257.17,-162.71,-88.67,168.7,-19.21,-19.75,1,3992,-0.9,-62.4,-1.0
0.5,1202.449740,256.99,-167.15,-88.26,173.14,-19.37,-19.25,1,3856,-1.6,-33.9,2.2
0.5,1202.459740,256.99,-162.52,-88.61,168.52,-19.52,-19.0,1,3737,1.7,8.2,0.3
0.5,1202.469740,257.08,-146.98,-89.21,153.01,-19.65,-19.0,1,3601,1.3,24.9,3.1
0.5,1202.479740,257.26,-137.33,-89.33,143.38,-19.75,-19.75,1,3482,1.5,0.1,-0.1
0.5,1202.489741,258.22,-149.43,-89.16,155.47,-19.84,-20.75,1,4363,-0.9,1.4,1.1
0.5,1202.499740,258.75,-166.47,-88.22,172.45,-19.91,-21.5,1,4234,-3.9,-102.0,-1.9
0.5,1202.509740,258.57,-173.89,-86.38,179.83,-19.96,-21.25,1,4116,-1.8,-83.0,0.4
0.5,1202.519740,258.31,-173.22,-86.53,179.18,-19.99,-20.25,1,3996,-0.2,-3.9,0.4
0.5,1202.529740,258.22,-167.87,-87.83,173.88,-20.0,-19.75,1,3861,4.2,53.4,4.6
0.5,1202.539740,257.87,-158.2,-88.62,164.26,-19.99,-19.25,1,3733,1.2,27.2,1.5
0.5,1202.549740,257.78,-160.0,-88.64,166.03,-19.96,-19.25,1,3597,0.0,26.3,-1.1
0.5,1202.559740,257.61,-155.95,-88.91,161.99,-19.91,-19.5,1,3478,2.1,28.9,0.9
0.5,1202.569740,257.7,-154.23,-88.93,160.27,-19.84,-19.25,1,4367,-1.9,1.0,0.1
0.5,1202.579740,257.7,-161.38,-88.65,167.36,-19.75,-19.25,1,4239,-2.0,-3.7,-2.2
0.5,1202.589740,257.61,-163.38,-88.59,169.38,-19.65,-19.25,1,4120,2.1,-2.9,-0.1
0.5,1202.599740,257.61,-160.17,-88.69,166.21,-19.52,-19.5,1,3992,-1.3,11.2,2.2
0.5,1202.609740,257.7,-158.07,-88.8,164.08,-19.37,-19.5,1,3856,1.0,-2.2,-1.5
0.5,1202.619740,257.7,-161.41,-88.69,167.44,-19.21,-19.75,1,3737,-0.8,1.0,0.8
0.5,1202.629740,257.61,-159.9,-88.72,165.9,-19.02,-19.25,1,3601,-0.0,0.1,0.6
0.5,1202.639740,257.34,-160.2,-88.71,166.21,-18.82,-18.75,1,3503,-0.6,0.7,-0.1
0.5,1202.649741,256.9,-159.31,-88.81,165.33,-18.6,-18.0,1,4363,2.2,8.6,-0.4
0.5,1202.659740,256.73,-130.96,-89.39,137.04,-18.36,-17.75,1,4235,3.1,63.8,4.6
0.5,1202.669740,256.64,-40.71,-89.26,46.81,-18.1,-18.25,1,4116,1.3,41.1,-2.6
0.5,1202.679740,256.82,-50.74,-89.46,56.8,-17.82,-18.25,1,3996,-1.7,0.8,1.0
0.5,1202.689740,256.73,-124.36,-89.49,130.38,-17.53,-18.25,1,3860,-2.2,-22.6,-2.8
0.5,1202.699740,255.94,-146.16,-89.31,152.15,-17.21,-17.25,1,3733,-1.7,-4.7,0.1
0.5,1202.709740,255.06,-97.52,-89.6,103.53,-16.89,-16.25,1,3597,1.6,33.8,-0.8
0.5,1202.719740,254.44,-15.57,-88.51,21.65,-16.54,-15.5,1,3504,4.9,110.5,1.3
0.5,1202.729740,254.44,-8.04,-86.79,14.22,-16.18,-15.75,1,4366,5.9,97.2,3.5
0.5,1202.739740,254.53,-8.29,-86.77,14.48,-15.8,-16.0,1,4239,-0.2,15.5,-0.2
0.5,1202.749740,254.62,-10.17,-87.73,16.24,-15.41,-15.75,1,4120,-5.2,-14.9,-3.1
0.5,1202.759740,254.09,-10.74,-88.25,16.76,-15.0,-15.25,1,3984,-0.1,-20.4,-4.3
0.5,1202.769740,253.39,-10.84,-88.07,16.92,-14.58,-14.5,1,3856,0.6,23.1,5.4
0.5,1202.779739,252.77,-7.47,-86.85,13.58,-14.14,-13.75,1,3738,2.6,78.9,-4.6
0.5,1202.789739,252.6,-4.65,-85.58,10.81,-13.69,-13.5,1,3602,3.9,73.0,5.6
0.5,1202.799739,252.51,-5.15,-85.1,11.34,-13.23,-13.75,1,3500,1.6,53.4,-1.5
0.5,1202.809740,252.33,-4.57,-85.29,10.73,-12.75,-13.5,1,4363,-1.1,0.6,0.7
0.5,1202.819739,251.54,-5.24,-86.06,11.33,-12.26,-12.75,1,4235,-3.3,-23.6,-3.9
0.5,1202.829739,250.49,-4.09,-85.68,10.19,-11.76,-11.25,1,4116,2.6,62.0,-0.3
0.5,1202.839739,249.96,-3.13,-83.65,9.32,-11.24,-10.75,1,3988,3.9,117.4,1.3
0.5,1202.849739,249.7,-2.74,-82.13,9.0,-10.72,-10.5,1,3861,5.3,97.5,2.6
0.5,1202.859739,249.61,-2.74,-82.04,8.99,-10.18,-10.5,1,3734,-1.4,28.3,-0.8
0.5,1202.869739,249.26,-2.52,-82.67,8.7,-9.64,-10.25,1,3598,-0.6,6.9,-3.0
0.5,1202.879739,248.29,-2.47,-82.79,8.66,-9.08,-9.25,1,3505,-0.1,9.1,1.4
0.5,1202.889739,247.24,-2.26,-82.02,8.48,-8.52,-7.75,1,4367,2.2,74.5,-3.3
0.5,1202.899739,246.62,-1.55,-80.15,7.81,-7.94,-7.25,1,4242,3.4,122.4,1.0
0.5,1202.909739,246.27,-1.6,-78.59,7.93,-7.36,-7.0,1,4120,5.4,108.0,2.4
0.5,1202.919739,245.74,-1.6,-78.45,7.94,-6.77,-6.75,1,3984,-1.4,28.6,-0.7
0.5,1202.929739,245.13,-1.36,-79.02,7.62,-6.18,-5.75,1,3857,-0.3,22.4,-4.2
0.5,1202.939739,245.04,-1.08,-78.44,7.37,-5.58,-5.75,1,3738,2.2,64.2,0.2
0.5,1202.949739,245.13,-1.31,-77.5,7.66,-4.97,-5.75,1,3602,3.3,51.8,4.0
0.5,1202.959739,244.95,-1.44,-77.74,7.77,-4.36,-5.75,1,3502,-3.1,-11.5,-1.7
0.5,1202.969740,243.98,-1.18,-78.46,7.43,-3.75,-4.75,1,4362,-1.5,-8.1,-2.7
0.5,1202.979739,242.93,-1.01,-77.78,7.31,-3.13,-3.5,1,4235,3.7,64.7,0.1
0.5,1202.989739,242.31,-0.9,-75.85,7.28,-2.51,-2.75,1,4116,3.5,119.9,0.0
0.5,1202.999739,242.05,-0.83,-74.3,7.25,-1.88,-2.75,1,3988,3.9,100.1,2.1
0.5,1203.009739,241.61,-0.9,-74.19,7.31,-1.26,-2.25,1,3861,-1.1,30.6,-0.0
0.5,1203.019739,240.47,-0.74,-74.7,7.1,-0.63,-1.25,1,3734,0.4,18.9,-4.0
0.5,1203.029739,239.59,-0.48,-74.0,6.88,0.0,-0.25,1,3598,3.5,81.9,-0.7
0.5,1203.039739,238.97,-0.51,-72.1,6.97,0.63,0.25,1,3505,2.8,126.6,1.1
0.5,1203.049739,238.27,-0.59,-71.04,7.06,1.26,1.25,1,4367,1.7,61.8,2.6
0.5,1203.059739,237.22,-0.42,-71.12,6.89,1.88,2.25,1,4242,1.4,56.8,-6.8
0.5,1203.069739,236.87,-0.13,-70.18,6.62,2.51,2.75,1,4121,2.9,99.1,1.0
0.5,1203.079739,236.69,-0.4,-68.96,6.94,3.13,2.75,1,3984,2.3,78.8,4.3
0.5,1203.089739,236.43,-0.45,-69.05,6.96,3.75,2.75,1,3866,-2.2,12.1,-2.3
0.5,1203.099739,235.46,-0.21,-69.63,6.68,4.36,3.75,1,3738,1.7,8.9,-3.2
0.5,1203.109739,234.76,-0.14,-68.94,6.67,4.97,4.75,1,3603,2.1,72.1,0.8
0.5,1203.119739,234.23,-0.19,-67.14,6.76,5.58,5.25,1,3501,4.1,116.4,0.5
0.5,1203.129739,233.88,-0.22,-66.22,6.81,6.18,5.5,1,4363,-0.9,48.2,2.7
0.5,1203.139739,233.53,-0.16,-66.6,6.72,6.77,6.0,1,4235,2.7,30.3,-5.3
0.5,1203.149739,232.38,-0.01,-66.5,6.58,7.36,7.25,1,4116,-1.2,28.1,2.4
0.5,1203.159739,230.98,-0.08,-65.64,6.65,7.94,8.5,1,3989,3.1,88.0,-4.3
0.5,1203.169739,230.1,0.11,-63.62,6.54,8.52,9.5,1,3862,5.0,141.4,2.1
0.5,1203.179739,230.1,-0.0,-61.9,6.72,9.08,9.5,1,3734,2.5,119.0,1.9
0.5,1203.189739,230.1,-0.01,-61.8,6.68,9.64,9.25,1,3599,-0.8,32.1,-1.0
0.5,1203.199739,229.57,0.03,-62.75,6.58,10.18,9.75,1,3506,-2.3,-7.1,-1.6
0.5,1203.209739,228.78,0.16,-63.04,6.46,10.72,10.75,1,4368,4.5,9.6,-4.3
0.5,1203.219739,228.08,0.23,-62.0,6.48,11.24,11.5,1,4243,1.6,87.7,3.3
0.5,1203.229739,227.46,0.05,-60.41,6.66,11.76,12.25,1,4121,0.4,80.9,1.2
0.5,1203.239739,227.29,0.16,-59.78,6.55,12.26,12.25,1,3984,3.2,69.9,-3.0
0.5,1203.249739,227.29,0.22,-59.43,6.53,12.75,12.0,1,3867,0.6,46.0,3.0
0.5,1203.259739,227.37,0.08,-59.69,6.63,13.23,12.25,1,3739,-2.2,-2.6,-0.6
0.5,1203.269739,226.49,0.2,-60.5,6.46,13.69,13.0,1,3603,0.2,-32.3,-4.1
0.5,1203.279740,225.44,0.3,-60.25,6.41,14.14,14.25,1,3503,3.7,54.7,1.2
0.5,1203.289740,224.38,0.26,-58.2,6.54,14.58,15.25,1,4363,2.9,118.3,0.4
0.5,1203.299739,223.95,0.27,-56.47,6.54,15.0,15.75,1,4236,1.7,109.9,0.4
0.5,1203.309739,223.95,0.29,-55.75,6.53,15.41,15.5,1,4117,2.3,80.3,-0.7
0.5,1203.319739,223.95,0.28,-55.9,6.53,15.8,14.75,1,3989,-1.0,14.9,1.9
0.5,1203.329739,224.65,0.24,-56.69,6.52,16.18,14.75,1,3862,-1.2,-13.6,-2.4
0.5,1203.339739,224.3,0.35,-57.45,6.41,16.54,15.25,1,3735,0.9,-48.1,-1.4
0.5,1203.349739,223.42,0.4,-58.01,6.4,16.89,16.25,1,3599,2.1,-20.9,-0.8
0.5,1203.359740,223.07,0.35,-56.87,6.47,17.21,16.75,1,3508,0.4,86.8,3.1
0.5,1203.369740,222.89,0.25,-55.05,6.58,17.53,16.5,1,4359,1.0,74.0,1.6
0.5,1203.379739,222.71,0.28,-55.12,6.53,17.82,16.75,1,4243,-1.8,5.4,-0.9
0.5,1203.389739,221.84,0.35,-55.77,6.42,18.1,17.75,1,4122,1.2,4.2,-3.1
0.5,1203.399739,220.96,0.45,-55.07,6.39,18.36,18.75,1,3985,4.0,70.8,0.3
0.5,1203.409739,220.78,0.43,-53.29,6.49,18.6,18.75,1,3867,3.3,112.1,1.4
0.5,1203.419739,220.78,0.37,-52.51,6.57,18.82,18.25,1,3739,0.3,36.1,3.0
0.5,1203.429739,220.96,0.36,-53.34,6.52,19.02,18.25,1,3603,-1.2,-6.9,-3.5
0.5,1203.439740,220.69,0.46,-53.93,6.37,19.21,19.0,1,3502,-1.0,-16.2,-1.6
0.5,1203.449740,219.64,0.47,-54.0,6.37,19.37,20.25,1,4364,2.1,3.2,-1.4
0.5,1203.459740,218.94,0.48,-52.73,6.43,19.52,20.75,1,4236,2.1,106.9,2.5
0.5,1203.469740,218.94,0.41,-50.84,6.54,19.65,20.25,1,4117,1.6,86.1,1.7
0.5,1203.479740,219.11,0.41,-50.96,6.52,19.75,20.0,1,3990,-0.6,8.2,0.1
0.5,1203.489740,219.29,0.44,-51.84,6.45,19.84,20.25,1,3863,-1.1,-9.6,-2.0
0.5,1203.499740,219.55,0.56,-52.17,6.36,19.91,20.0,1,3735,5.2,-15.1,-2.8
0.5,1203.509740,220.08,0.5,-52.5,6.44,19.96,19.25,1,3599,-5.6,-27.9,6.2
0.5,1203.519740,220.34,0.29,-52.91,6.55,19.99,19.25,1,3508,-0.9,-28.0,-1.4
0.5,1203.529740,220.08,0.5,-53.57,6.37,20.0,19.5,1,4361,1.8,-66.0,-2.6
0.5,1203.539740,219.9,0.52,-53.74,6.39,19.99,19.75,1,4244,0.7,21.0,2.9
0.5,1203.549740,219.55,0.36,-52.58,6.54,19.96,20.0,1,4122,-2.9,28.9,2.8
0.5,1203.559740,219.55,0.39,-52.27,6.49,19.91,20.0,1,3985,3.0,23.2,-2.3
0.5,1203.569740,219.55,0.49,-52.2,6.44,19.84,20.0,1,3867,0.1,13.3,1.8
0.5,1203.579740,219.46,0.42,-52.24,6.5,19.75,20.0,1,3740,-0.3,5.5,-0.1
0.5,1203.589740,219.46,0.44,-52.32,6.46,19.65,20.0,1,3603,0.3,0.4,0.2
0.5,1203.599740,219.55,0.45,-52.37,6.47,19.52,20.0,1,3503,0.1,-0.2,0.3
0.5,1203.609740,219.55,0.44,-52.37,6.47,19.37,19.75,1,4364,-0.0,0.1,0.3
0.5,1203.619740,219.9,0.45,-52.4,6.47,19.21,19.25,1,4237,1.0,-2.8,0.6
0.5,1203.629739,220.43,0.41,-52.64,6.49,19.02,18.5,1,4118,-3.7,-20.7,1.2
0.5,1203.639739,221.04,0.42,-53.32,6.44,18.82,18.5,1,3990,2.0,-50.7,-2.9
0.5,1203.649739,220.78,0.48,-54.24,6.39,18.6,18.75,1,3863,-3.8,-61.9,2.2
0.5,1203.659739,220.61,0.39,-54.4,6.45,18.36,19.25,1,3736,2.3,-4.7,-1.0
0.5,1203.669739,220.69,0.42,-53.54,6.48,18.1,19.0,1,3599,-1.6,28.8,4.3
0.5,1203.679740,220.69,0.34,-53.09,6.54,17.82,18.25,1,3507,1.8,12.0,-1.3
0.5,1203.689740,221.84,0.42,-53.35,6.47,17.53,17.25,1,4368,-2.3,-9.9,1.6
0.5,1203.699739,222.63,0.35,-54.53,6.47,17.21,16.75,1,4244,-2.3,-96.0,-1.6
0.5,1203.709739,222.63,0.47,-56.36,6.35,16.89,17.0,1,4123,2.5,-96.6,-1.9
0.5,1203.719739,222.19,0.38,-56.61,6.45,16.54,17.25,1,3986,-5.5,-24.3,6.3
0.5,1203.729739,222.19,0.27,-55.49,6.54,16.18,17.5,1,3867,4.7,39.8,-3.3
0.5,1203.739739,222.19,0.42,-54.56,6.47,15.8,16.75,1,3740,-1.7,28.6,4.9
0.5,1203.749739,223.15,0.24,-54.75,6.58,15.41,15.75,1,3604,-1.7,-6.9,-1.0
0.5,1203.759740,223.77,0.32,-55.71,6.47,15.0,15.25,1,3503,-2.1,-60.6,0.3
0.5,1203.769740,224.03,0.34,-57.2,6.44,14.58,15.25,1,4364,0.2,-95.8,-2.0
0.5,1203.779739,224.3,0.44,-57.99,6.38,14.14,15.25,1,4237,2.4,-43.9,-0.0
0.5,1203.789739,224.74,0.29,-57.55,6.53,13.69,14.25,1,4118,-4.1,-7.1,6.0
0.5,1203.799739,225.44,0.14,-57.51,6.61,13.23,13.25,1,3991,-1.9,-33.1,-1.2
0.5,1203.809739,225.7,0.24,-58.53,6.47,12.75,13.0,1,3863,-3.3,-75.6,0.6
0.5,1203.819739,226.05,0.3,-59.5,6.42,12.26,12.75,1,3736,2.2,-54.5,-4.0
0.5,1203.829740,226.58,0.32,-59.55,6.44,11.76,12.25,1,3600,-1.5,-26.5,6.2
0.5,1203.839740,227.55,0.13,-59.62,6.62,11.24,11.25,1,4497,0.2,-34.8,-0.7
0.5,1203.849740,228.52,0.17,-60.55,6.54,10.72,10.5,1,4360,-5.0,-84.4,3.4
0.5,1203.859739,229.48,0.06,-62.08,6.58,10.18,9.75,1,4242,-1.9,-104.0,-1.8
0.5,1203.869739,229.66,0.13,-63.26,6.51,9.64,9.75,1,4123,-2.4,-98.0,2.7
0.5,1203.879739,229.39,0.03,-63.7,6.6,9.08,10.0,1,3986,-1.7,-50.1,0.0
0.5,1203.889739,229.39,0.13,-63.04,6.54,8.52,10.0,1,3868,3.8,18.3,-0.2
0.5,1203.899739,229.57,0.1,-62.21,6.62,7.94,9.25,1,3740,-0.8,15.1,4.4
0.5,1203.909741,230.62,-0.03,-62.41,6.69,7.36,8.0,1,3605,-2.7,-17.5,-1.3
0.5,1203.919740,231.15,0.03,-63.49,6.57,6.77,7.5,1,4492,-2.6,-74.6,0.5
0.5,1203.929740,231.68,0.02,-64.93,6.55,6.18,7.0,1,4365,-2.7,-86.9,-2.1
0.5,1203.939739,232.47,0.08,-65.46,6.52,5.58,6.0,1,4238,2.7,-41.2,1.5
0.5,1203.949739,233.96,-0.08,-65.59,6.73,4.97,5.0,1,4119,-2.0,-58.6,5.8
0.5,1203.959739,234.58,-0.22,-67.14,6.78,4.36,4.5,1,3991,-5.3,-137.0,-2.7
0.5,1203.969739,234.84,-0.04,-69.02,6.52,3.75,4.25,1,3863,-1.1,-110.1,-1.2
0.5,1203.979739,235.2,-0.22,-69.03,6.73,3.13,3.75,1,3728,-2.9,-27.8,6.5
0.5,1203.989740,235.99,-0.38,-68.47,6.89,2.51,2.25,1,3600,0.4,-26.0,-1.5
0.5,1203.999740,237.48,-0.22,-68.97,6.74,1.88,0.75,1,4497,-1.2,-52.3,2.5
0.5,1204.009740,238.36,-0.43,-70.73,6.89,1.26,-0.0,1,4369,-5.7,-149.5,0.5
0.5,1204.019739,238.97,-0.47,-72.87,6.86,0.63,-0.0,1,4245,-2.6,-116.8,-0.4
0.5,1204.029740,238.8,-0.41,-73.24,6.8,-0.0,0.25,1,4123,-2.0,-69.3,-0.6
0.5,1204.039739,238.89,-0.51,-72.81,6.94,-0.63,-0.0,1,3987,2.1,-4.8,4.8
0.5,1204.049739,239.06,-0.66,-72.16,7.13,-1.26,-0.5,1,3868,-1.1,0.8,1.4
0.5,1204.059739,240.03,-0.5,-72.33,6.93,-1.88,-1.75,1,3732,0.2,-22.3,-2.7
0.5,1204.069740,241.35,-0.52,-73.06,6.95,-2.51,-3.25,1,3606,-1.3,-50.7,4.5
0.5,1204.079740,242.58,-0.84,-74.74,7.21,-3.13,-4.25,1,4493,-5.6,-139.3,-1.8
0.5,1204.089740,242.93,-0.85,-76.93,7.13,-3.75,-4.0,1,4365,-3.9,-130.0,1.5
0.5,1204.099739,242.58,-0.99,-77.8,7.27,-4.36,-3.5,1,4238,-2.0,-96.6,-1.3
0.5,1204.109739,242.49,-0.93,-77.0,7.26,-4.97,-3.25,1,4119,3.2,46.9,4.1
0.5,1204.119739,242.58,-1.04,-75.18,7.48,-5.58,-4.0,1,3991,4.7,38.2,3.5
0.5,1204.129739,243.11,-1.0,-75.35,7.43,-6.18,-5.0,1,3864,-1.9,-8.7,-0.6
0.5,1204.139739,243.98,-0.96,-76.2,7.29,-6.77,-5.75,1,3728,-3.6,-37.5,-0.7
0.5,1204.149739,244.6,-0.95,-77.4,7.23,-7.36,-6.5,1,3600,-2.1,-91.3,-2.8
0.5,1204.159740,245.21,-1.13,-78.72,7.41,-7.94,-7.25,1,4497,-1.7,-78.3,3.9
0.5,1204.169740,245.65,-1.51,-79.19,7.79,-8.52,-7.5,1,4370,-2.2,-60.0,-0.3
0.5,1204.179739,246.36,-1.39,-79.57,7.65,-9.08,-8.25,1,4242,-1.0,-56.2,0.8
0.5,1204.189739,247.32,-1.51,-80.01,7.78,-9.64,-9.25,1,4123,-0.5,-47.4,0.6
0.5,1204.199739,247.94,-1.82,-80.93,8.07,-10.18,-9.75,1,3987,-3.1,-100.9,2.7
0.5,1204.209739,248.2,-2.22,-82.34,8.41,-10.72,-9.75,1,3869,-3.8,-87.3,-1.8
0.5,1204.219739,248.2,-2.09,-82.63,8.27,-11.24,-10.25,1,3733,1.1,-42.6,1.9
0.5,1204.229740,248.99,-2.31,-82.21,8.56,-11.76,-11.25,1,3606,0.8,-3.3,1.9
0.5,1204.239740,249.79,-2.32,-82.15,8.56,-12.26,-12.0,1,4493,-1.0,-33.3,0.6
0.5,1204.249740,250.05,-2.69,-83.53,8.86,-12.75,-12.25,1,4365,-4.7,-107.9,-0.6
0.5,1204.259739,250.49,-3.11,-84.7,9.24,-13.23,-12.75,1,4238,-0.4,-42.3,-0.5
0.5,1204.269739,251.19,-3.31,-84.34,9.5,-13.69,-13.5,1,4119,2.1,-29.5,4.8
0.5,1204.279740,251.89,-4.19,-84.94,10.39,-14.14,-14.25,1,3991,-3.5,-73.6,-0.8
0.5,1204.289740,252.33,-4.62,-86.08,10.74,-14.58,-14.75,1,3864,-1.5,-69.7,-0.2
0.5,1204.299740,252.77,-5.61,-86.61,11.73,-15.0,-15.25,1,3729,-1.9,-57.3,1.4
0.5,1204.309740,253.12,-6.57,-86.95,12.68,-15.41,-15.5,1,3601,-0.7,-46.7,0.4
0.5,1204.319740,253.3,-7.21,-87.22,13.34,-15.8,-15.75,1,4498,0.1,-37.2,1.4
0.5,1204.329740,253.48,-7.98,-87.39,14.11,-16.18,-15.75,1,4370,-1.2,-27.5,0.6
0.5,1204.339740,253.74,-8.01,-87.46,14.11,-16.54,-16.25,1,4244,-0.5,-16.4,0.2
0.5,1204.349740,254.44,-8.22,-87.53,14.35,-16.89,-16.75,1,4124,0.9,-18.0,0.7
0.5,1204.359740,254.88,-11.61,-88.16,17.72,-17.21,-17.5,1,3987,-2.9,-62.6,1.5
0.5,1204.369740,255.5,-27.88,-89.22,33.95,-17.53,-18.0,1,3869,-0.8,-66.3,-1.1
0.5,1204.379740,255.67,-67.6,-89.61,73.68,-17.82,-18.0,1,3733,-0.5,-50.3,2.9
0.5,1204.389739,255.59,-92.44,-89.6,98.51,-18.1,-17.75,1,3606,-2.2,-32.8,-0.1
0.5,1204.399740,255.5,-62.6,-89.58,68.67,-18.36,-17.75,1,4494,2.3,3.6,0.5
0.5,1204.409740,256.03,-30.0,-89.2,36.13,-18.6,-18.5,1,4366,1.1,13.9,2.7
0.5,1204.419740,256.9,-29.53,-89.13,35.64,-18.82,-19.5,1,4238,-0.4,-4.4,0.7
0.5,1204.429740,257.34,-138.65,-89.41,144.72,-19.02,-20.0,1,4120,-3.5,-101.9,-1.3
0.5,1204.439740,257.26,-170.5,-87.72,176.52,-19.21,-19.75,1,3993,-2.2,-82.8,0.7
0.5,1204.449740,257.17,-169.31,-87.86,175.34,-19.37,-19.25,1,3865,0.0,-4.2,0.3
0.5,1204.459740,257.17,-158.63,-88.84,164.72,-19.52,-19.25,1,3729,3.8,24.1,3.0
0.5,1204.469739,257.08,-140.74,-89.25,146.86,-19.65,-19.25,1,3600,-0.4,21.4,2.8
0.5,1204.479740,257.08,-143.85,-89.24,149.93,-19.75,-19.5,1,4498,0.2,-0.8,-1.9
0.5,1204.489740,257.61,-153.07,-89.1,159.16,-19.84,-20.25,1,4371,0.5,3.0,1.1
0.5,1204.499740,257.87,-160.47,-88.73,166.53,-19.91,-20.25,1,4246,-2.9,-42.6,-1.3
0.5,1204.509740,257.7,-169.95,-87.83,175.96,-19.96,-20.25,1,4124,-1.8,-49.0,-1.6
0.5,1204.519740,257.61,-169.26,-87.89,175.3,-19.99,-19.75,1,3988,1.5,13.7,1.8
0.5,1204.529740,257.52,-159.65,-88.7,165.73,-20.0,-19.75,1,3861,1.2,22.1,2.9
0.5,1204.539740,257.61,-157.15,-88.81,163.23,-19.99,-19.75,1,3733,0.8,4.2,0.0
0.5,1204.549739,257.61,-160.92,-88.68,167.0,-19.96,-19.75,1,3606,-0.1,2.3,0.4
0.5,1204.559740,257.61,-160.74,-88.67,166.82,-19.91,-19.75,1,4494,-0.1,1.5,0.5
0.5,1204.569740,257.61,-160.9,-88.66,166.97,-19.84,-19.75,1,4366,0.1,-0.1,0.1
0.5,1204.579740,257.61,-161.27,-88.65,167.35,-19.75,-19.75,1,4239,0.1,0.1,0.3
0.5,1204.589740,257.52,-161.13,-88.65,167.2,-19.65,-19.75,1,4129,-0.2,0.4,0.3
0.5,1204.599740,257.61,-161.04,-88.66,167.11,-19.52,-19.75,1,3992,0.1,0.3,0.3
0.5,1204.609740,257.52,-161.08,-88.66,167.15,-19.37,-19.75,1,3865,0.2,0.1,0.2
0.5,1204.619740,257.61,-161.15,-88.66,167.23,-19.21,-19.25,1,3738,-0.1,-0.0,0.3
0.5,1204.629740,257.26,-160.91,-88.67,166.97,-19.02,-18.75,1,3610,-1.1,1.8,0.3
0.5,1204.639740,256.82,-160.03,-88.76,166.1,-18.82,-18.0,1,4498,2.0,7.6,-1.0
0.5,1204.649740,256.64,-134.54,-89.36,140.67,-18.6,-17.75,1,4371,3.3,65.5,4.9
0.5,1204.659740,256.64,-41.77,-89.27,47.92,-18.36,-18.5,1,4244,1.2,41.5,-2.4
0.5,1204.669740,257.08,-53.6,-89.48,59.72,-18.1,-19.5,1,4125,-0.3,0.6,1.0
0.5,1204.679740,257.43,-134.76,-89.38,140.84,-17.82,-19.75,1,3988,-3.9,-33.7,-1.2
0.5,1204.689740,257.34,-166.04,-88.47,172.05,-17.53,-19.25,1,3861,-4.1,-70.6,-4.5
0.5,1204.699740,257.08,-169.31,-88.11,175.33,-17.21,-18.5,1,3734,1.0,-0.6,1.8
0.5,1204.709739,256.46,-157.63,-88.87,163.71,-16.89,-17.75,1,3605,2.0,11.6,1.8
0.5,1204.719740,256.38,-111.84,-89.5,117.97,-16.54,-17.25,1,4494,4.4,73.6,3.9
0.5,1204.729740,256.29,-25.01,-88.87,31.19,-16.18,-17.5,1,4367,3.0,59.3,-0.5
0.5,1204.739740,256.11,-25.59,-88.98,31.74,-15.8,-17.5,1,4242,-2.0,3.5,0.7
0.5,1204.749740,255.32,-60.1,-89.53,66.17,-15.41,-16.5,1,4120,-3.5,-12.3,-3.9
0.5,1204.759740,254.79,-28.67,-89.27,34.74,-15.0,-15.75,1,3993,2.2,56.4,-1.1
0.5,1204.769740,254.27,-9.83,-87.61,16.01,-14.58,-15.25,1,3866,6.5,102.8,3.5
0.5,1204.779739,254.09,-8.31,-86.75,14.55,-14.14,-15.25,1,3729,0.8,39.9,2.2
0.5,1204.789739,253.74,-8.04,-87.19,14.19,-13.69,-14.75,1,3611,-3.0,19.6,-6.4
0.5,1204.799739,253.04,-6.88,-87.18,13.0,-13.23,-14.0,1,4498,0.7,21.4,3.2
0.5,1204.809739,252.51,-6.47,-86.5,12.65,-12.75,-13.25,1,4371,2.8,66.7,-3.3
0.5,1204.819739,251.89,-4.57,-85.37,10.8,-12.26,-12.75,1,4244,3.7,68.7,4.7
0.5,1204.829739,251.54,-4.59,-84.79,10.83,-11.76,-12.5,1,4125,-0.5,55.8,-2.8
0.5,1204.839739,250.75,-3.49,-84.46,9.69,-11.24,-11.75,1,3989,0.7,45.6,-0.5
0.5,1204.849739,249.87,-3.43,-84.1,9.64,-10.72,-10.75,1,3862,-0.0,46.8,-0.4
0.5,1204.859739,249.17,-2.68,-83.14,8.92,-10.18,-9.75,1,3734,4.9,94.6,-2.6
0.5,1204.869742,248.73,-2.31,-81.78,8.63,-9.64,-9.5,1,3608,3.3,88.4,4.6
0.5,1204.879739,248.73,-2.41,-81.17,8.73,-9.08,-9.75,1,4494,0.9,67.2,-2.9
0.5,1204.889739,248.47,-2.06,-81.33,8.35,-8.52,-9.5,1,4367,-0.8,5.2,1.4
0.5,1204.899739,247.59,-2.27,-82.0,8.52,-7.94,-8.5,1,4240,-1.7,-4.3,-3.9
0.5,1204.909739,246.88,-1.7,-81.42,7.96,-7.36,-7.5,1,4121,2.9,67.6,-0.4
0.5,1204.919739,246.45,-1.62,-79.59,7.97,-6.77,-7.25,1,3993,4.3,110.7,2.1
0.5,1204.929739,245.83,-1.71,-78.7,8.09,-6.18,-6.75,1,3866,1.9,46.1,2.7
0.5,1204.939739,244.78,-1.46,-78.98,7.81,-5.58,-5.5,1,3730,-1.1,36.5,-6.6
0.5,1204.949739,243.28,-0.93,-78.2,7.26,-4.97,-4.0,1,3611,2.3,87.7,0.5
0.5,1204.959739,242.58,-1.02,-76.29,7.43,-4.36,-3.25,1,4499,4.5,139.6,0.2
0.5,1204.969739,242.49,-0.88,-74.55,7.36,-3.75,-3.25,1,4363,4.8,122.5,1.7
0.5,1204.979739,242.49,-0.93,-74.36,7.41,-3.13,-3.25,1,4244,0.2,36.3,0.5
0.5,1204.989739,242.23,-0.9,-75.41,7.29,-2.51,-2.75,1,4126,-4.7,-19.0,-3.4
0.5,1204.999739,242.05,-0.68,-75.74,7.04,-1.88,-2.75,1,3989,3.9,22.3,-2.4
0.5,1205.009739,241.52,-0.8,-75.04,7.27,-1.26,-2.25,1,3862,0.6,29.4,5.9
0.5,1205.019739,240.29,-0.96,-74.67,7.39,-0.63,-0.75,1,3735,-0.2,29.8,-4.2
0.5,1205.029741,238.8,-0.43,-73.7,6.88,-0.0,0.75,1,3608,4.4,96.2,-2.4
0.5,1205.039739,238.01,-0.41,-71.57,6.93,0.63,1.5,1,4495,2.9,146.6,1.6
0.5,1205.049739,237.74,-0.49,-69.82,7.04,1.26,1.5,1,4367,3.3,124.5,1.3
0.5,1205.059739,238.01,-0.46,-69.63,7.02,1.88,1.25,1,4243,0.8,41.7,0.1
0.5,1205.069739,238.01,-0.43,-70.6,6.93,2.51,1.25,1,4122,-2.7,-14.6,-2.2
0.5,1205.079739,237.39,-0.36,-71.55,6.81,3.13,1.75,1,3994,-1.5,-38.1,-2.1
0.5,1205.089739,236.07,-0.28,-71.4,6.78,3.75,3.25,1,3866,4.3,38.0,-0.4
0.5,1205.099739,235.02,-0.24,-69.53,6.82,4.36,4.5,1,3730,2.1,110.9,0.7
0.5,1205.109739,234.23,-0.2,-67.27,6.81,4.97,5.25,1,3612,5.1,153.5,-0.2
0.5,1205.119739,233.7,-0.21,-66.06,6.87,5.58,5.75,1,4500,1.1,78.9,3.9
0.5,1205.129739,233.44,-0.16,-66.22,6.8,6.18,6.0,1,4372,2.6,57.8,-6.6
0.5,1205.139739,233.17,0.01,-66.05,6.62,6.77,6.25,1,4245,-0.9,38.0,3.5
0.5,1205.149739,232.47,-0.19,-65.94,6.82,7.36,6.75,1,4126,1.3,31.4,-1.5
0.5,1205.159739,231.42,-0.02,-65.64,6.66,7.94,8.0,1,3990,0.4,36.2,-1.2
0.5,1205.169739,230.01,0.05,-64.67,6.62,8.52,9.5,1,3862,4.8,92.4,-1.5
0.5,1205.179739,229.04,0.12,-62.65,6.63,9.08,10.5,1,3735,3.1,146.3,0.3
0.5,1205.189741,228.96,0.07,-60.85,6.69,9.64,10.5,1,3609,2.0,126.2,1.3
0.5,1205.199739,229.22,0.04,-60.67,6.71,10.18,10.25,1,4495,0.6,37.9,0.3
0.5,1205.209739,228.87,0.08,-61.66,6.63,10.72,10.5,1,4368,-2.0,-10.6,-2.5
0.5,1205.219739,228.78,0.23,-62.1,6.48,11.24,10.75,1,4249,5.1,4.0,-3.5
0.5,1205.229739,228.08,0.17,-61.71,6.59,11.76,11.25,1,4122,-3.3,24.3,6.3
0.5,1205.239739,227.37,0.01,-61.2,6.71,12.26,12.25,1,3994,2.3,30.9,-3.9
0.5,1205.249739,226.76,0.32,-60.35,6.47,12.75,12.75,1,3867,4.6,78.5,-1.4
0.5,1205.259739,226.23,0.19,-59.16,6.63,13.23,13.25,1,3731,-1.4,71.3,5.3
0.5,1205.269739,225.62,0.1,-58.62,6.68,13.69,13.75,1,3603,1.5,61.3,-3.9
0.5,1205.279740,225.35,0.29,-58.22,6.52,14.14,14.25,1,4500,2.0,49.7,0.9
0.5,1205.289740,225.0,0.24,-57.94,6.6,14.58,14.25,1,4372,0.9,40.2,-0.6
0.5,1205.299739,224.56,0.27,-57.74,6.56,15.0,15.0,1,4254,1.0,29.2,-0.4
0.5,1205.309739,223.77,0.28,-57.52,6.56,15.41,15.75,1,4126,0.8,33.6,-0.1
0.5,1205.319739,223.51,0.35,-56.65,6.53,15.8,16.25,1,3990,4.7,82.5,-1.8
0.5,1205.329739,223.59,0.33,-55.49,6.58,16.18,15.75,1,3862,-1.2,66.6,4.1
0.5,1205.339739,223.86,0.2,-55.68,6.66,16.54,15.25,1,3735,-1.0,-2.9,-1.0
0.5,1205.349740,223.95,0.31,-56.65,6.51,16.89,15.5,1,3617,-1.5,-27.1,-2.6
0.5,1205.359740,222.8,0.43,-57.37,6.4,17.21,16.75,1,4496,3.5,-47.9,-3.5
0.5,1205.369740,221.92,0.43,-56.8,6.46,17.53,17.75,1,4368,-0.7,77.7,3.8
0.5,1205.379739,221.48,0.31,-54.3,6.6,17.82,18.25,1,4252,4.7,124.4,-0.1
0.5,1205.389739,221.31,0.36,-53.25,6.6,18.1,18.25,1,4122,-1.1,58.5,3.3
0.5,1205.399739,221.31,0.35,-53.58,6.58,18.36,17.75,1,3994,3.7,32.6,-4.0
0.5,1205.409739,221.66,0.42,-53.86,6.51,18.6,17.75,1,3867,-4.0,-1.3,3.5
0.5,1205.419739,220.96,0.32,-54.43,6.55,18.82,18.5,1,3731,1.2,-23.5,-4.7
0.5,1205.429740,220.25,0.53,-54.56,6.39,19.02,19.25,1,3613,2.8,8.8,-0.4
0.5,1205.439740,219.99,0.44,-53.29,6.53,19.21,19.75,1,4500,0.8,94.9,3.2
0.5,1205.449740,219.99,0.34,-52.0,6.62,19.37,19.5,1,4373,-1.0,43.1,1.4
0.5,1205.459740,219.99,0.44,-52.36,6.52,19.52,19.0,1,4254,4.8,15.8,-3.6
0.5,1205.469740,220.43,0.46,-52.65,6.5,19.65,19.0,1,4126,-5.4,-1.7,4.3
0.5,1205.479740,219.99,0.36,-53.15,6.54,19.75,19.75,1,3990,2.8,-32.1,-4.8
0.5,1205.489740,219.02,0.59,-53.54,6.38,19.84,20.75,1,3863,1.9,-9.1,-0.3
0.5,1205.499740,218.58,0.47,-52.35,6.52,19.91,21.25,1,3736,-0.5,96.7,3.2
0.5,1205.509740,218.58,0.39,-50.52,6.6,19.96,20.75,1,3617,1.4,76.6,0.7
0.5,1205.519740,218.67,0.43,-50.65,6.56,19.99,20.5,1,4496,-0.9,7.9,0.2
0.5,1205.529740,218.85,0.45,-51.36,6.51,20.0,20.5,1,4370,-0.1,-2.2,-1.8
0.5,1205.539740,219.02,0.58,-51.58,6.42,19.99,20.75,1,4253,5.3,-12.5,-3.3
0.5,1205.549740,219.2,0.52,-52.0,6.48,19.96,20.5,1,4122,-6.7,-31.2,5.9
0.5,1205.559740,219.46,0.32,-52.17,6.6,19.91,19.75,1,3994,2.1,1.7,-1.0
0.5,1205.569740,219.9,0.46,-52.17,6.5,19.84,19.25,1,3868,-2.6,-33.0,1.2
0.5,1205.579740,220.17,0.43,-53.0,6.5,19.75,19.25,1,3732,1.1,-48.1,-1.9
0.5,1205.589740,219.9,0.48,-53.56,6.46,19.65,19.75,1,3613,-2.3,-40.9,1.7
0.5,1205.599740,219.55,0.43,-53.38,6.51,19.52,20.0,1,4501,2.9,10.2,-0.5
0.5,1205.609740,219.64,0.44,-52.52,6.53,19.37,19.75,1,4373,-2.1,35.1,3.6
0.5,1205.619740,219.73,0.37,-52.1,6.58,19.21,19.5,1,4255,2.1,17.4,-1.1
0.5,1205.629739,219.99,0.44,-52.4,6.52,19.02,19.0,1,4127,-3.0,-11.8,1.1
0.5,1205.639739,220.34,0.42,-52.93,6.5,18.82,18.75,1,3990,1.9,-24.1,-2.6
0.5,1205.649739,220.87,0.48,-53.35,6.46,18.6,18.5,1,3863,-1.6,-29.7,2.3
0.5,1205.659739,221.13,0.37,-53.87,6.54,18.36,18.25,1,3736,-1.2,-46.0,0.4
0.5,1205.669740,221.22,0.41,-54.56,6.5,18.1,18.25,1,3635,0.6,-52.7,0.1
0.5,1205.679740,221.22,0.42,-54.71,6.5,17.82,18.25,1,4497,-0.7,-8.4,0.9
0.5,1205.689740,221.4,0.39,-54.3,6.52,17.53,18.0,1,4369,-0.2,-3.7,0.1
0.5,1205.699739,221.48,0.41,-54.29,6.52,17.21,17.25,1,4250,0.6,-3.4,1.0
0.5,1205.709739,222.28,0.34,-54.38,6.56,16.89,16.75,1,4114,-3.8,-9.7,2.1
0.5,1205.719739,222.98,0.34,-54.99,6.52,16.54,16.25,1,3995,1.8,-54.5,-2.6
0.5,1205.729739,223.15,0.41,-56.1,6.48,16.18,16.25,1,3868,-3.2,-66.3,3.1
0.5,1205.739739,222.89,0.27,-56.98,6.56,15.8,16.5,1,3732,-2.1,-75.2,-0.2
0.5,1205.749740,222.8,0.39,-56.76,6.48,15.41,16.75,1,3639,4.3,30.4,-1.0
0.5,1205.759740,223.15,0.36,-55.48,6.57,15.0,15.75,1,4501,-1.9,22.4,5.5
0.5,1205.769740,223.86,0.2,-55.71,6.66,14.58,15.25,1,4374,-2.2,-15.1,-1.4
0.5,1205.779739,224.38,0.3,-56.65,6.51,14.14,14.75,1,4255,-1.9,-56.4,-0.5
0.5,1205.789739,224.82,0.39,-57.76,6.45,13.69,14.75,1,4118,3.2,-69.6,-3.3
0.5,1205.799739,225.09,0.33,-58.36,6.51,13.23,14.25,1,3991,-6.1,-47.1,6.8
0.5,1205.809739,225.62,0.1,-58.38,6.68,12.75,13.5,1,3864,1.1,-24.3,-1.0
0.5,1205.819739,226.05,0.25,-58.64,6.56,12.26,12.75,1,3736,-2.5,-48.5,2.1
0.5,1205.829740,226.49,0.22,-59.47,6.55,11.76,12.25,1,3635,-0.3,-58.2,-2.8
0.5,1205.839740,226.93,0.28,-59.91,6.5,11.24,11.75,1,4497,-0.5,-34.8,2.9
0.5,1205.849740,227.64,0.16,-60.23,6.62,10.72,11.25,1,4370,-1.4,-55.2,0.6
0.5,1205.859739,228.16,0.17,-60.92,6.58,10.18,11.25,1,4251,-1.0,-48.5,0.9
0.5,1205.869739,228.34,0.12,-61.59,6.61,9.64,10.75,1,4114,-2.8,-73.5,1.5
0.5,1205.879739,229.22,0.09,-62.08,6.63,9.08,9.5,1,3987,0.3,-24.4,0.7
0.5,1205.889739,230.36,0.08,-61.91,6.66,8.52,8.25,1,3869,-1.6,-32.1,2.4
0.5,1205.899739,231.06,0.02,-63.42,6.66,7.94,7.75,1,3732,-4.3,-143.0,-1.3
0.5,1205.909740,231.77,0.15,-65.41,6.5,7.36,7.5,1,3631,1.5,-88.2,-2.7
0.5,1205.919740,231.86,0.02,-65.52,6.65,6.77,7.5,1,4501,-5.1,-66.0,8.4
0.5,1205.929740,232.21,-0.24,-65.63,6.86,6.18,7.0,1,4374,-0.2,-33.2,-2.4
0.5,1205.939739,232.73,0.02,-65.5,6.63,5.58,5.75,1,4255,0.9,-19.1,1.8
0.5,1205.949739,234.14,-0.12,-65.65,6.78,4.97,4.5,1,4119,-1.9,-29.5,2.3
0.5,1205.959739,234.93,-0.21,-67.08,6.79,4.36,3.5,1,3991,-5.3,-132.0,-0.4
0.5,1205.969739,235.46,-0.18,-69.22,6.71,3.75,3.75,1,3865,-1.5,-111.8,-0.7
0.5,1205.979739,235.02,-0.13,-69.86,6.68,3.13,4.25,1,3737,-0.7,-84.5,-0.4
0.5,1205.989740,235.02,-0.21,-69.28,6.8,2.51,4.25,1,3635,1.8,31.5,4.4
0.5,1205.999740,235.11,-0.34,-67.77,6.98,1.88,3.5,1,4497,1.3,34.6,2.8
0.5,1206.009740,236.34,-0.29,-67.87,6.9,1.26,2.25,1,4370,-2.2,-13.0,-1.0
0.5,1206.019739,237.66,-0.28,-69.0,6.82,0.63,0.75,1,4251,-2.5,-65.7,0.7
0.5,1206.029740,238.62,-0.41,-71.09,6.89,0.0,0.25,1,4115,-5.9,-156.0,-0.3
0.5,1206.039739,239.41,-0.37,-73.15,6.82,-0.63,-0.5,1,3996,0.6,-115.5,-2.4
0.5,1206.049739,239.85,-0.51,-73.75,7.0,-1.26,-0.75,1,3869,-3.8,-100.7,7.4
0.5,1206.059739,239.94,-0.84,-74.04,7.28,-1.88,-1.5,1,3733,-2.0,-43.5,-2.1
0.5,1206.069740,240.73,-0.55,-73.74,6.99,-2.51,-2.5,1,3640,0.6,-27.0,2.1
0.5,1206.079740,241.61,-0.73,-74.01,7.18,-3.13,-3.25,1,4502,-3.4,-43.9,0.9
0.5,1206.089740,242.31,-0.71,-75.07,7.1,-3.75,-4.0,1,4374,-1.1,-89.1,-1.9
0.5,1206.099739,242.75,-0.8,-76.31,7.2,-4.36,-4.75,1,4247,-1.9,-78.3,4.1
0.5,1206.109739,242.93,-1.08,-76.78,7.45,-4.97,-4.75,1,4119,-2.6,-58.2,-0.6
0.5,1206.119739,242.93,-0.92,-76.98,7.27,-5.58,-4.25,1,3992,-1.3,-39.8,0.3
0.5,1206.129739,243.02,-0.89,-76.85,7.26,-6.18,-4.25,1,3865,0.7,-5.2,-0.5
0.5,1206.139739,243.28,-0.91,-76.49,7.32,-6.77,-5.25,1,3737,2.1,0.8,3.1
0.5,1206.149740,244.34,-1.03,-76.43,7.46,-7.36,-6.25,1,3636,-0.2,0.4,0.1
0.5,1206.159740,245.21,-1.04,-77.31,7.41,-7.94,-7.25,1,4497,-2.9,-87.5,0.5
0.5,1206.169740,245.57,-1.3,-79.19,7.62,-8.52,-7.5,1,4379,-3.1,-100.7,0.5
0.5,1206.179739,245.83,-1.5,-80.08,7.8,-9.08,-7.75,1,4253,-2.9,-75.2,1.3
0.5,1206.189739,246.71,-1.41,-79.98,7.73,-9.64,-8.75,1,4124,2.1,-15.9,-1.4
0.5,1206.199739,247.41,-1.51,-79.94,7.88,-10.18,-9.75,1,3996,0.3,-54.6,5.8
0.5,1206.209739,247.59,-2.1,-81.35,8.39,-10.72,-9.5,1,3869,-7.1,-103.1,-3.1
0.5,1206.219739,247.68,-1.68,-82.23,7.88,-11.24,-9.25,1,3733,-0.3,-38.8,-1.0
0.5,1206.229740,247.94,-1.88,-81.61,8.19,-11.76,-10.0,1,3640,3.4,-3.1,4.5
0.5,1206.239740,248.73,-2.17,-81.25,8.51,-12.26,-11.0,1,4502,-0.1,0.5,0.9
0.5,1206.249740,249.26,-2.15,-82.03,8.42,-12.75,-11.5,1,4375,-3.3,-80.9,-0.3
0.5,1206.259739,249.7,-2.55,-83.67,8.75,-13.23,-11.75,1,4256,-4.2,-82.9,-1.1
0.5,1206.269739,250.58,-2.65,-83.86,8.88,-13.69,-12.75,1,4120,2.8,-17.2,1.5
0.5,1206.279740,251.46,-3.21,-83.88,9.51,-14.14,-13.75,1,3992,-0.3,-67.8,4.5
0.5,1206.289740,251.72,-4.61,-85.54,10.81,-14.58,-13.75,1,3865,-6.9,-116.0,-2.1
0.5,1206.299740,251.81,-4.71,-86.56,10.83,-15.0,-13.25,1,3738,-1.4,-53.7,-1.4
0.5,1206.309740,251.72,-4.58,-85.96,10.79,-15.41,-14.0,1,3636,3.8,-2.5,4.3
0.5,1206.319740,252.69,-4.81,-85.39,11.08,-15.8,-15.0,1,4498,0.5,6.2,1.6
0.5,1206.329740,253.12,-4.99,-85.99,11.2,-16.18,-15.5,1,4371,-3.1,-68.7,-1.4
0.5,1206.339740,253.3,-7.35,-87.51,13.48,-16.54,-15.5,1,4253,-4.0,-78.0,-0.2
0.5,1206.349740,253.39,-8.62,-87.76,14.77,-16.89,-15.75,1,4125,1.9,-15.3,1.1
0.5,1206.359740,254.27,-7.38,-87.13,13.6,-17.21,-16.75,1,3997,1.4,-0.2,2.6
0.5,1206.369740,254.88,-9.12,-87.6,15.31,-17.53,-17.5,1,3869,-2.2,-62.5,-0.2
0.5,1206.379740,255.32,-28.25,-89.25,34.37,-17.82,-17.75,1,3734,-4.2,-108.4,0.3
0.5,1206.389740,255.5,-120.27,-89.61,126.37,-18.1,-18.0,1,3641,-0.2,-40.2,-1.5
0.5,1206.399740,255.67,-57.4,-89.56,63.54,-18.36,-18.25,1,4503,0.5,-24.3,5.3
0.5,1206.409740,255.59,-58.73,-89.51,64.88,-18.6,-18.25,1,4375,-0.5,-14.2,-1.6
0.5,1206.419740,256.03,-50.35,-89.53,56.49,-18.82,-18.5,1,4259,0.2,-5.8,1.2
0.5,1206.429740,256.46,-51.88,-89.5,58.03,-19.02,-19.0,1,4121,0.4,-7.5,0.6
0.5,1206.439740,256.99,-117.77,-89.55,123.91,-19.21,-19.5,1,3993,-1.6,-49.9,1.5
0.5,1206.449740,257.26,-162.3,-88.71,168.41,-19.37,-19.75,1,3865,-0.8,-59.9,-1.0
0.5,1206.459740,256.99,-166.93,-88.3,173.03,-19.52,-19.25,1,3738,-1.5,-32.5,2.0
0.5,1206.469740,257.08,-162.29,-88.63,168.4,-19.65,-18.75,1,3637,1.7,8.0,0.3
0.5,1206.479740,256.99,-147.46,-89.21,153.62,-19.75,-19.0,1,4498,1.1,22.9,3.1
0.5,1206.489740,257.08,-139.09,-89.31,145.26,-19.84,-19.25,1,4380,1.5,0.2,-0.1
0.5,1206.499740,257.26,-148.16,-89.19,154.31,-19.91,-19.75,1,4253,-1.5,6.2,1.0
0.5,1206.509740,257.52,-155.93,-88.99,162.05,-19.96,-20.0,1,4125,-1.0,-29.6,-2.2
0.5,1206.519740,257.7,-166.11,-88.41,172.22,-19.99,-20.25,1,3997,-1.1,-26.2,0.5
0.5,1206.529740,257.7,-166.61,-88.22,172.71,-20.0,-20.25,1,3871,-0.3,-22.5,0.7
0.5,1206.539740,257.7,-167.32,-88.13,173.43,-19.99,-20.25,1,3734,-0.1,-12.9,-0.1
0.5,1206.549740,257.78,-167.18,-88.18,173.29,-19.96,-20.25,1,3641,-0.1,-4.2,0.4
0.5,1206.559740,257.7,-166.26,-88.27,172.38,-19.91,-20.25,1,4503,0.0,0.5,0.5
0.5,1206.569740,257.78,-165.83,-88.32,171.95,-19.84,-20.25,1,4376,0.1,0.1,0.3
0.5,1206.579740,257.78,-165.92,-88.31,172.04,-19.75,-20.25,1,4257,0.1,-0.0,0.4
0.5,1206.589740,257.61,-165.92,-88.31,172.04,-19.65,-20.0,1,4121,-0.1,0.0,0.3
0.5,1206.599740,257.7,-165.24,-88.38,171.35,-19.52,-19.25,1,3993,-0.6,6.8,0.6
0.5,1206.609740,257.26,-162.88,-88.57,169.0,-19.37,-18.75,1,3866,2.1,13.7,0.7
0.5,1206.619740,257.08,-155.18,-88.95,161.34,-19.21,-18.5,1,3738,1.0,34.6,2.1
0.5,1206.629740,257.17,-126.39,-89.42,132.58,-19.02,-19.0,1,3637,3.9,39.6,1.7
0.5,1206.639740,257.34,-123.7,-89.45,129.89,-18.82,-20.0,1,4499,-1.3,-1.2,-0.1
0.5,1206.649740,257.7,-155.31,-88.96,161.43,-18.6,-20.25,1,4371,-2.6,-22.6,-0.5
0.5,1206.659740,257.7,-168.06,-88.17,174.13,-18.36,-19.75,1,4253,-4.0,-63.6,-4.5
0.5,1206.669740,257.43,-170.52,-87.85,176.59,-18.1,-18.75,1,4125,0.9,8.4,1.8
0.5,1206.679740,257.08,-159.79,-88.73,165.93,-17.82,-18.5,1,3997,2.5,20.8,2.2
0.5,1206.689740,256.99,-137.8,-89.3,143.99,-17.53,-18.5,1,3870,3.7,54.9,2.9
0.5,1206.699740,256.82,-104.74,-89.51,110.93,-17.21,-18.25,1,3734,-0.8,5.2,0.2
0.5,1206.709740,255.94,-144.29,-89.29,150.42,-16.89,-17.25,1,3642,-2.1,4.3,-2.7
0.5,1206.719740,255.23,-87.55,-89.63,93.67,-16.54,-16.25,1,4504,1.2,60.6,-0.9
0.5,1206.729740,255.15,-13.77,-88.31,19.98,-16.18,-16.25,1,4376,5.9,106.5,1.3
0.5,1206.739740,255.15,-10.26,-87.39,16.55,-15.8,-16.5,1,4260,3.5,46.2,4.5
0.5,1206.749740,255.23,-13.82,-88.09,20.05,-15.41,-16.5,1,4121,-4.1,-10.3,-3.8
0.5,1206.759740,254.44,-18.17,-88.87,24.29,-15.0,-15.75,1,3993,-3.1,-21.9,-2.1
0.5,1206.769740,253.48,-14.95,-88.6,21.1,-14.58,-14.5,1,3866,2.2,39.1,-0.5
0.5,1206.779739,252.51,-7.23,-86.98,13.48,-14.14,-13.5,1,3739,4.2,103.7,1.0
0.5,1206.789739,252.16,-4.94,-85.3,11.23,-13.69,-13.25,1,4627,3.2,103.7,1.5
0.5,1206.799739,252.16,-4.11,-84.55,10.41,-13.23,-13.25,1,4502,2.6,75.3,-1.5
0.5,1206.809739,252.07,-4.07,-84.74,10.35,-12.75,-13.25,1,4381,-0.8,10.3,1.5
0.5,1206.819739,251.81,-4.59,-85.44,10.83,-12.26,-12.75,1,4253,-1.7,-5.4,-3.9
0.5,1206.829739,251.28,-4.17,-85.55,10.39,-11.76,-12.25,1,4125,-0.1,4.6,1.5
0.5,1206.839739,250.75,-3.94,-84.88,10.2,-11.24,-11.75,1,3998,1.9,57.5,-1.9
0.5,1206.849739,250.31,-3.26,-83.81,9.57,-10.72,-11.25,1,3871,3.3,53.7,4.2
0.5,1206.859739,250.14,-3.32,-83.38,9.64,-10.18,-11.0,1,3735,-0.4,47.6,-2.6
0.5,1206.869739,249.43,-2.7,-83.09,9.0,-9.64,-10.5,1,4631,1.7,35.5,1.1
0.5,1206.879739,248.29,-2.77,-82.86,9.09,-9.08,-9.25,1,4504,-0.3,34.5,-1.2
0.5,1206.889739,246.97,-2.02,-81.88,8.35,-8.52,-7.75,1,4377,3.5,99.5,-3.0
0.5,1206.899739,246.09,-1.5,-79.83,7.89,-7.94,-6.75,1,4258,3.3,140.2,1.0
0.5,1206.909739,245.92,-1.51,-78.18,7.96,-7.36,-6.75,1,4121,6.1,124.4,2.1
0.5,1206.919739,245.83,-1.51,-77.93,7.99,-6.77,-7.0,1,3993,1.1,40.9,0.4
0.5,1206.929739,245.65,-1.47,-78.95,7.85,-6.18,-6.75,1,3815,-4.8,-18.7,-3.4
0.5,1206.939739,245.3,-1.18,-79.37,7.53,-5.58,-6.25,1,3739,2.8,17.4,-3.0
0.5,1206.949739,243.98,-1.3,-78.71,7.72,-4.97,-4.75,1,4627,-0.6,30.5,4.9
0.5,1206.959739,242.75,-1.25,-77.68,7.66,-4.36,-3.5,1,4503,3.3,89.8,-6.3
0.5,1206.969739,241.88,-0.65,-75.65,7.14,-3.75,-2.5,1,4381,3.9,143.6,2.6
0.5,1206.979739,241.88,-0.91,-73.88,7.45,-3.13,-2.5,1,4254,4.4,123.2,2.1
0.5,1206.989739,241.79,-0.85,-73.75,7.39,-2.51,-2.75,1,4126,0.2,33.6,-0.6
0.5,1206.999739,241.61,-0.8,-74.79,7.26,-1.88,-2.25,1,3998,-3.7,-14.1,-2.0
0.5,1207.009739,241.08,-0.64,-75.14,7.09,-1.26,-1.75,1,3862,3.3,13.0,-3.2
0.5,1207.019739,239.77,-0.66,-74.55,7.18,-0.63,-0.5,1,3735,-0.9,31.6,4.6
0.5,1207.029740,238.45,-0.66,-73.39,7.18,0.0,1.0,1,4632,4.4,97.4,-6.1
0.5,1207.039739,237.57,-0.23,-71.23,6.82,0.63,1.75,1,4504,3.8,149.6,1.6
0.5,1207.049739,237.39,-0.45,-69.41,7.09,1.26,2.0,1,4377,3.9,130.3,2.9
0.5,1207.059739,237.39,-0.44,-69.16,7.07,1.88,1.75,1,4261,-0.9,44.5,-1.5
0.5,1207.069739,237.04,-0.37,-70.06,6.91,2.51,2.25,1,4122,-2.5,-4.7,-1.3
0.5,1207.079739,237.04,-0.22,-70.47,6.79,3.13,2.25,1,3994,4.7,8.5,-4.2
0.5,1207.089739,236.25,-0.25,-70.08,6.88,3.75,3.0,1,3867,-2.1,26.1,6.2
0.5,1207.099739,235.46,-0.47,-69.57,7.05,4.36,3.75,1,3739,1.5,33.4,-3.8
0.5,1207.109739,234.93,-0.07,-68.66,6.71,4.97,4.5,1,4627,4.3,83.9,-1.3
0.5,1207.119739,234.14,-0.21,-67.35,6.89,5.58,5.25,1,4503,-0.4,80.6,4.9
0.5,1207.129739,233.61,-0.26,-66.71,6.92,6.18,5.75,1,4381,2.3,66.8,-4.5
0.5,1207.139739,233.26,-0.02,-66.3,6.7,6.77,6.0,1,4254,1.4,55.1,1.2
0.5,1207.149739,232.56,-0.14,-66.02,6.82,7.36,6.75,1,4117,0.8,39.3,-0.5
0.5,1207.159739,231.77,-0.05,-65.72,6.74,7.94,7.75,1,3999,0.9,45.9,-1.5
0.5,1207.169739,230.89,0.05,-64.76,6.68,8.52,8.5,1,3863,4.9,89.8,-1.0
0.5,1207.179739,230.19,0.01,-63.39,6.76,9.08,9.25,1,3735,-0.4,93.2,3.2
0.5,1207.189739,229.66,-0.03,-62.61,6.77,9.64,9.75,1,4632,2.0,74.9,-3.5
0.5,1207.199739,229.22,0.13,-62.2,6.63,10.18,10.25,1,4504,1.5,58.6,0.6
0.5,1207.209739,228.87,0.08,-61.85,6.7,10.72,10.5,1,4377,1.2,51.7,-0.6
0.5,1207.219739,228.52,0.12,-61.5,6.67,11.24,10.75,1,4258,1.5,41.9,-0.1
0.5,1207.229739,227.99,0.13,-61.32,6.67,11.76,11.25,1,4122,0.7,27.9,-0.0
0.5,1207.239739,227.29,0.14,-61.13,6.65,12.26,12.25,1,3994,0.6,32.5,-0.9
0.5,1207.249739,226.67,0.24,-60.31,6.6,12.75,12.75,1,3859,4.6,78.1,-1.6
0.5,1207.259739,226.05,0.21,-59.11,6.66,13.23,13.5,1,3740,-0.9,74.5,3.8
0.5,1207.269739,225.62,0.14,-58.54,6.71,13.69,13.75,1,4628,2.1,60.4,-2.8
0.5,1207.279740,225.18,0.28,-58.15,6.59,14.14,14.25,1,4503,1.5,52.9,0.4
0.5,1207.289740,225.0,0.24,-57.81,6.64,14.58,14.5,1,4381,0.7,41.7,-0.5
0.5,1207.299739,224.82,0.27,-57.63,6.61,15.0,14.75,1,4254,1.7,29.1,-0.3
0.5,1207.309739,224.74,0.28,-57.52,6.62,15.41,14.75,1,4118,0.7,23.5,0.8
0.5,1207.319739,224.3,0.26,-57.43,6.64,15.8,15.25,1,3999,0.5,14.9,0.1
0.5,1207.329739,223.59,0.28,-57.34,6.62,16.18,15.75,1,3863,0.3,18.0,-0.3
0.5,1207.339740,222.98,0.36,-56.68,6.58,16.54,16.5,1,3736,4.4,62.6,-2.0
0.5,1207.349740,222.54,0.35,-55.57,6.61,16.89,17.0,1,4633,-1.9,66.4,3.3
0.5,1207.359740,222.28,0.27,-55.03,6.66,17.21,17.25,1,4505,2.1,50.0,-2.6
0.5,1207.369740,221.92,0.4,-54.76,6.56,17.53,17.5,1,4377,1.6,43.2,0.8
0.5,1207.379739,221.75,0.35,-54.53,6.62,17.82,17.75,1,4262,0.0,30.6,0.3
0.5,1207.389739,221.57,0.36,-54.45,6.61,18.1,17.75,1,4123,1.3,20.6,-0.3
0.5,1207.399739,221.22,0.38,-54.41,6.6,18.36,18.25,1,3995,0.4,13.5,0.5
0.5,1207.409739,220.52,0.38,-54.27,6.59,18.6,19.25,1,3859,0.2,21.1,-1.0
0.5,1207.419740,220.17,0.47,-53.43,6.54,18.82,19.5,1,3740,4.4,76.3,-2.1
0.5,1207.429740,220.08,0.44,-52.28,6.6,19.02,19.5,1,4628,-2.0,60.1,4.3
0.5,1207.439740,220.08,0.31,-52.4,6.67,19.21,19.5,1,4504,-0.4,3.9,-1.7
0.5,1207.449740,220.17,0.49,-52.96,6.52,19.37,19.5,1,4382,4.0,0.4,-2.4
0.5,1207.459740,220.08,0.49,-53.01,6.55,19.52,19.5,1,4263,-2.2,-1.5,2.7
0.5,1207.469740,220.17,0.37,-53.08,6.61,19.65,19.5,1,4118,0.1,-4.9,-0.8
0.5,1207.479740,220.08,0.45,-53.15,6.55,19.75,19.5,1,4000,0.3,-3.9,0.1
0.5,1207.489740,220.08,0.44,-53.14,6.57,19.84,19.5,1,3864,-0.4,0.3,0.4
0.5,1207.499740,220.25,0.42,-53.1,6.57,19.91,19.5,1,3736,-0.0,0.2,0.4
0.5,1207.509740,220.08,0.43,-53.1,6.57,19.96,19.5,1,4633,0.2,-0.2,0.3
0.5,1207.519740,220.17,0.43,-53.11,6.57,19.99,19.5,1,4505,0.1,-0.1,0.4
0.5,1207.529740,220.25,0.43,-53.11,6.57,20.0,19.5,1,4379,-0.0,0.1,0.3
0.5,1207.539740,220.17,0.43,-53.1,6.57,19.99,19.5,1,4259,0.0,0.1,0.4
0.5,1207.549740,220.17,0.43,-53.1,6.57,19.96,19.5,1,4123,0.0,0.1,0.3
0.5,1207.559740,220.25,0.43,-53.1,6.57,19.91,19.5,1,3995,-0.0,0.1,0.3
0.5,1207.569740,220.08,0.43,-53.1,6.57,19.84,19.5,1,3868,0.0,-0.0,0.3
0.5,1207.579740,220.17,0.43,-53.1,6.57,19.75,19.5,1,3741,0.1,-0.0,0.3
0.5,1207.589740,220.17,0.43,-53.1,6.57,19.65,19.5,1,4629,0.0,0.1,0.3
0.5,1207.599740,220.08,0.43,-53.1,6.57,19.52,19.5,1,4504,-0.0,0.1,0.3
0.5,1207.609740,220.17,0.43,-53.1,6.57,19.37,19.5,1,4382,0.0,0.0,0.3
0.5,1207.619740,220.17,0.43,-53.1,6.57,19.21,19.5,1,4264,0.1,0.0,0.3
0.5,1207.629739,220.17,0.43,-53.1,6.57,19.02,19.25,1,4128,0.1,0.0,0.3
0.5,1207.639739,220.61,0.43,-53.14,6.58,18.82,18.5,1,4000,0.6,-3.5,0.5
0.5,1207.649739,220.87,0.38,-53.33,6.6,18.6,18.25,1,3864,-3.9,-15.9,1.7
0.5,1207.659740,220.96,0.39,-53.89,6.55,18.36,18.5,1,3737,1.0,-43.3,-3.8
0.5,1207.669740,220.78,0.55,-54.53,6.44,18.1,18.75,1,4633,2.9,-36.2,0.1
0.5,1207.679740,220.78,0.39,-54.19,6.6,17.82,18.5,1,4506,-4.8,26.3,5.7
0.5,1207.689740,220.96,0.29,-53.48,6.67,17.53,18.0,1,4378,2.7,9.3,-2.0
0.5,1207.699739,221.22,0.43,-53.78,6.55,17.21,17.5,1,4261,-2.4,-13.0,1.5
0.5,1207.709739,221.57,0.38,-54.2,6.56,16.89,17.25,1,4124,0.6,-19.9,-2.4
0.5,1207.719739,222.01,0.44,-54.67,6.52,16.54,16.75,1,3996,-0.3,-40.0,2.0
0.5,1207.729739,222.54,0.36,-55.22,6.6,16.18,16.75,1,3860,-1.0,-35.2,0.7
0.5,1207.739740,223.15,0.36,-55.7,6.58,15.8,16.25,1,3741,-1.2,-52.8,0.7
0.5,1207.749740,223.68,0.32,-56.52,6.6,15.41,15.25,1,4629,-1.9,-64.0,1.8
0.5,1207.759740,224.21,0.24,-57.11,6.64,15.0,14.75,1,4505,-3.7,-47.5,1.9
0.5,1207.769740,224.91,0.3,-57.47,6.57,14.58,14.0,1,4383,2.5,-52.2,-3.1
0.5,1207.779739,225.44,0.36,-58.09,6.54,14.14,13.75,1,4264,-3.5,-57.6,3.7
0.5,1207.789739,225.18,0.17,-58.82,6.65,13.69,14.25,1,4128,-2.7,-67.4,-0.1
0.5,1207.799739,225.18,0.31,-59.01,6.55,13.23,14.25,1,4000,3.6,-9.6,-1.4
0.5,1207.809739,225.44,0.28,-58.27,6.64,12.75,13.25,1,3864,-1.8,16.1,5.9
0.5,1207.819740,226.32,0.12,-58.16,6.74,12.26,12.5,1,3737,-1.2,-14.1,-1.4
0.5,1207.829740,226.85,0.25,-59.23,6.57,11.76,12.25,1,4633,-1.7,-77.3,-0.8
0.5,1207.839740,227.29,0.31,-60.58,6.51,11.24,12.0,1,4506,1.0,-71.1,-2.7
0.5,1207.849740,227.9,0.21,-60.94,6.61,10.72,10.75,1,4379,-3.6,-42.6,7.4
0.5,1207.859739,229.48,-0.02,-60.99,6.81,10.18,9.5,1,4263,-1.2,-33.4,-0.3
0.5,1207.869739,230.45,0.12,-62.21,6.65,9.64,8.5,1,4124,-2.9,-130.7,0.6
0.5,1207.879739,230.62,0.07,-64.55,6.65,9.08,8.75,1,3996,-3.8,-136.8,-0.4
0.5,1207.889739,230.36,0.12,-65.26,6.58,8.52,9.0,1,3860,0.7,-65.5,-1.3
0.5,1207.899740,230.54,0.08,-64.2,6.69,7.94,8.5,1,3741,1.5,35.0,5.8
0.5,1207.909740,230.98,-0.09,-63.25,6.88,7.36,7.5,1,4629,-1.0,-5.1,1.7
0.5,1207.919740,231.68,-0.0,-63.95,6.73,6.77,6.75,1,4505,-2.7,-30.0,-2.5
0.5,1207.929740,232.38,0.05,-64.86,6.64,6.18,6.25,1,4383,-1.3,-65.7,0.6
0.5,1207.939739,233.17,-0.06,-65.88,6.75,5.58,5.75,1,4265,-1.8,-66.9,1.9
0.5,1207.949739,233.7,-0.12,-66.6,6.8,4.97,5.5,1,4128,-1.2,-70.1,0.9
0.5,1207.959739,233.96,-0.13,-67.53,6.78,4.36,4.75,1,4000,-2.6,-90.3,0.5
0.5,1207.969739,234.4,-0.17,-67.96,6.81,3.75,4.0,1,3865,-0.4,-23.2,1.7
0.5,1207.979740,235.28,-0.22,-67.58,6.87,3.13,3.25,1,3737,-2.2,-28.4,1.3
0.5,1207.989740,235.81,-0.18,-68.41,6.8,2.51,2.75,1,4634,-0.4,-77.9,-2.0
0.5,1207.999740,236.34,-0.2,-69.59,6.81,1.88,2.25,1,4507,-2.7,-68.1,3.4
0.5,1208.009740,237.13,-0.38,-70.07,6.97,1.26,1.25,1,4379,-1.6,-58.0,0.1
0.5,1208.019739,238.01,-0.34,-70.57,6.93,0.63,0.25,1,4261,-0.7,-59.8,1.9
0.5,1208.029740,238.71,-0.49,-71.51,7.05,-0.0,-0.25,1,4124,-3.7,-92.6,1.9
0.5,1208.039739,239.15,-0.48,-72.72,6.98,-0.63,-0.25,1,3996,-2.8,-87.8,-2.8
0.5,1208.049739,239.15,-0.39,-73.15,6.89,-1.26,-0.25,1,3869,-0.7,-48.3,1.8
0.5,1208.059740,239.77,-0.61,-72.92,7.15,-1.88,-1.25,1,3742,1.1,-16.1,3.7
0.5,1208.069740,240.47,-0.63,-72.64,7.19,-2.51,-2.25,1,4630,-0.3,-4.5,-0.2
0.5,1208.079740,240.73,-0.59,-73.67,7.08,-3.13,-2.5,1,4505,-5.3,-114.7,-0.1
0.5,1208.089740,241.26,-0.56,-75.18,7.0,-3.75,-3.25,1,4384,0.5,-40.8,-3.4
0.5,1208.099739,242.14,-0.62,-74.82,7.13,-4.36,-3.75,1,4265,1.3,-37.6,7.5
0.5,1208.109739,243.02,-1.05,-75.57,7.53,-4.97,-5.0,1,4128,-4.9,-78.0,-1.4
0.5,1208.119739,244.25,-0.86,-76.76,7.27,-5.58,-6.25,1,4001,-0.4,-78.7,0.8
0.5,1208.129739,245.21,-1.16,-77.99,7.58,-6.18,-7.0,1,3865,-4.3,-122.0,2.8
0.5,1208.139740,245.57,-1.43,-79.57,7.78,-6.77,-6.75,1,3738,-3.7,-114.9,-1.4
0.5,1208.149740,245.39,-1.38,-80.24,7.71,-7.36,-6.5,1,4634,-1.9,-74.3,1.6
0.5,1208.159740,245.3,-1.5,-79.68,7.87,-7.94,-6.25,1,4509,2.0,15.1,1.6
0.5,1208.169740,245.3,-1.43,-78.51,7.89,-8.52,-7.0,1,4388,4.4,28.1,3.7
0.5,1208.179739,245.92,-1.48,-78.41,7.95,-9.08,-8.0,1,4264,-1.3,-3.4,-0.3
0.5,1208.189739,246.36,-1.4,-79.17,7.78,-9.64,-8.5,1,4124,-3.2,-44.5,-0.9
0.5,1208.199739,246.71,-1.4,-80.3,7.72,-10.18,-8.75,1,3996,-3.6,-71.7,-2.9
0.5,1208.209739,247.5,-1.45,-80.75,7.79,-10.72,-9.5,1,3870,2.0,-17.1,2.4
0.5,1208.219740,248.64,-1.93,-80.78,8.33,-11.24,-10.75,1,3742,-0.3,-58.6,3.6
0.5,1208.229740,249.26,-2.4,-82.38,8.73,-11.76,-11.5,1,4630,-5.1,-117.9,-1.1
0.5,1208.239740,249.43,-2.69,-84.02,8.94,-12.26,-11.5,1,4503,-3.7,-104.8,0.1
0.5,1208.249740,249.87,-2.82,-84.12,9.08,-12.75,-12.0,1,4392,0.3,-23.0,0.1
0.5,1208.259739,250.4,-2.76,-83.46,9.08,-13.23,-12.75,1,4265,2.3,-15.6,3.6
0.5,1208.269739,251.1,-3.35,-84.04,9.67,-13.69,-13.25,1,4129,-3.3,-66.1,0.1
0.5,1208.279740,251.54,-3.77,-85.22,10.01,-14.14,-13.75,1,4001,-1.8,-67.2,-0.4
0.5,1208.289740,251.89,-4.41,-85.79,10.66,-14.58,-14.25,1,3865,-1.5,-56.5,1.8
0.5,1208.299740,252.25,-5.1,-86.11,11.34,-15.0,-14.5,1,3747,-0.9,-43.0,0.3
0.5,1208.309740,252.69,-5.1,-86.32,11.34,-15.41,-15.0,1,4634,-0.6,-33.6,0.0
0.5,1208.319740,253.56,-5.57,-86.56,11.82,-15.8,-15.75,1,4507,0.4,-34.1,1.2
0.5,1208.329740,254.18,-8.02,-87.34,14.26,-16.18,-16.5,1,4388,-2.3,-78.4,2.8
0.5,1208.339740,254.27,-13.53,-88.46,19.71,-16.54,-16.75,1,4262,-2.6,-69.4,-2.6
0.5,1208.349740,254.36,-16.68,-88.86,22.85,-16.89,-16.5,1,4125,-1.6,-49.4,2.3
0.5,1208.359740,254.36,-16.2,-88.67,22.4,-17.21,-16.5,1,3997,1.6,-1.7,-0.2
0.5,1208.369740,254.97,-11.01,-88.07,17.25,-17.53,-17.25,1,3870,1.6,14.1,2.7
0.5,1208.379740,255.94,-12.68,-88.2,18.92,-17.82,-18.5,1,3742,-1.0,-29.6,0.1
0.5,1208.389740,256.46,-51.06,-89.52,57.24,-18.1,-19.0,1,4630,-3.2,-101.1,0.9
0.5,1208.399740,256.46,-163.36,-88.67,169.5,-18.36,-18.75,1,4506,-2.2,-86.5,0.1
0.5,1208.409740,256.38,-164.32,-88.63,170.46,-18.6,-18.5,1,4393,-0.7,-18.3,-0.0
0.5,1208.419740,256.38,-145.21,-89.31,151.4,-18.82,-18.75,1,4265,3.1,6.9,2.5
0.5,1208.429740,256.46,-100.56,-89.55,106.78,-19.02,-18.75,1,4129,0.2,22.7,3.4
0.5,1208.439740,256.46,-86.17,-89.56,92.37,-19.21,-19.0,1,4002,0.0,-4.4,-1.5
0.5,1208.449740,256.46,-132.52,-89.48,138.7,-19.37,-19.0,1,3866,-1.5,-10.8,-0.3
0.5,1208.459740,256.82,-140.82,-89.38,146.99,-19.52,-19.25,1,3747,-0.1,-6.6,0.0
0.5,1208.469740,257.26,-143.99,-89.33,150.19,-19.65,-20.0,1,4635,1.2,-9.9,-0.1
0.5,1208.479740,257.61,-160.5,-88.79,166.68,-19.75,-20.25,1,4508,-2.2,-57.1,1.8
0.5,1208.489740,257.43,-168.81,-87.9,174.95,-19.84,-19.5,1,4388,-1.8,-45.0,-1.1
0.5,1208.499740,257.34,-167.54,-88.18,173.69,-19.91,-18.75,1,4264,0.8,16.6,1.6
0.5,1208.509740,257.17,-155.75,-88.93,161.95,-19.96,-19.0,1,4125,3.3,18.7,2.1
0.5,1208.519740,257.26,-148.81,-89.1,155.04,-19.99,-19.5,1,3997,0.8,18.4,2.4
0.5,1208.529740,257.43,-149.29,-89.1,155.49,-20.0,-19.75,1,3871,-0.5,-0.1,-0.5
0.5,1208.539740,257.34,-160.86,-88.75,167.02,-19.99,-19.5,1,3752,-3.1,-21.8,-1.7
0.5,1208.549740,257.34,-164.14,-88.57,170.28,-19.96,-19.5,1,4631,0.6,2.3,-0.3
0.5,1208.559740,257.52,-157.12,-88.9,163.32,-19.91,-19.75,1,4506,2.4,12.0,2.4
0.5,1208.569740,257.78,-153.68,-88.97,159.88,-19.84,-20.25,1,4393,-1.4,-0.7,0.5
0.5,1208.579740,257.7,-164.02,-88.53,170.17,-19.75,-20.25,1,4266,-1.6,-36.7,-2.7
0.5,1208.589740,257.61,-169.05,-87.99,175.18,-19.65,-19.25,1,4130,-1.5,-19.6,1.1
0.5,1208.599740,257.08,-165.48,-88.31,171.63,-19.52,-18.5,1,4002,1.2,16.9,0.6
0.5,1208.609740,257.08,-149.27,-89.15,155.49,-19.37,-18.5,1,3866,5.0,54.0,1.7
0.5,1208.619740,257.26,-98.19,-89.51,104.47,-19.21,-19.0,1,3765,1.7,28.7,4.2
0.5,1208.629740,257.17,-130.7,-89.37,136.91,-19.02,-19.25,1,4635,-2.5,-8.9,-2.5
0.5,1208.639740,257.34,-155.07,-89.04,161.24,-18.82,-19.75,1,4508,-0.8,-8.0,-0.5
0.5,1208.649740,257.34,-157.58,-88.91,163.76,-18.6,-19.5,1,4389,-1.6,-14.7,-0.4
0.5,1208.659740,257.34,-161.67,-88.73,167.81,-18.36,-19.0,1,4262,-1.9,-13.4,-1.2
0.5,1208.669740,256.99,-161.88,-88.74,168.04,-18.1,-18.5,1,4125,1.8,0.2,0.0
0.5,1208.679740,256.82,-152.97,-89.06,159.18,-17.82,-18.0,1,3998,0.9,22.4,2.5
0.5,1208.689740,256.46,-117.77,-89.48,124.0,-17.53,-17.75,1,3862,2.9,36.8,1.8
0.5,1208.699740,256.38,-63.39,-89.5,69.64,-17.21,-17.5,1,3769,0.4,32.6,-0.8
0.5,1208.709740,256.2,-43.52,-89.39,49.74,-16.89,-17.25,1,4631,0.2,26.0,0.2
0.5,1208.719740,256.2,-37.73,-89.3,43.95,-16.54,-17.25,1,4506,0.4,17.5,0.0
0.5,1208.729740,255.76,-37.45,-89.3,43.68,-16.18,-17.0,1,4394,0.6,8.8,0.2
0.5,1208.739740,254.79,-35.04,-89.28,41.26,-15.8,-16.0,1,4258,-1.6,12.7,-0.7
0.5,1208.749740,253.65,-16.17,-88.66,22.38,-15.41,-14.75,1,4130,2.1,65.6,-3.0
0.5,1208.759740,253.12,-6.89,-86.97,13.18,-15.0,-14.0,1,4002,4.3,119.4,1.9
0.5,1208.769740,253.21,-5.26,-85.39,11.61,-14.58,-14.25,1,3867,4.8,103.8,1.7
0.5,1208.779739,253.12,-5.17,-85.31,11.53,-14.14,-14.25,1,3765,0.8,23.8,0.6
0.5,1208.789739,253.04,-6.03,-86.29,12.3,-13.69,-14.25,1,4636,-4.8,-17.9,-2.5
0.5,1208.799739,252.51,-5.74,-86.79,11.97,-13.23,-13.75,1,4508,0.7,-7.5,-3.7
0.5,1208.809739,251.72,-5.64,-86.4,11.93,-12.75,-12.75,1,4389,0.9,28.8,5.2
0.5,1208.819739,251.1,-4.64,-85.22,10.95,-12.26,-12.0,1,4257,2.1,81.3,-5.3
0.5,1208.829739,250.4,-3.0,-83.87,9.35,-11.76,-11.25,1,4126,3.5,83.1,4.7
0.5,1208.839739,250.31,-3.27,-83.17,9.64,-11.24,-11.25,1,3998,0.4,67.8,-2.6
0.5,1208.849739,250.31,-2.6,-82.87,8.96,-10.72,-11.25,1,3871,3.2,46.3,1.1
0.5,1208.859739,250.14,-2.97,-83.11,9.35,-10.18,-11.25,1,3761,-2.2,-3.2,0.0
0.5,1208.869739,249.43,-2.97,-83.85,9.26,-9.64,-10.25,1,4632,-2.6,-24.2,-3.4
0.5,1208.879739,248.73,-2.54,-83.5,8.86,-9.08,-9.5,1,4507,3.6,55.9,1.1
0.5,1208.889739,248.38,-2.28,-81.63,8.7,-8.52,-9.25,1,4394,4.4,107.4,1.6
0.5,1208.899739,247.85,-2.19,-80.74,8.64,-7.94,-8.75,1,4258,1.3,37.3,2.2
0.5,1208.909739,246.8,-1.96,-81.13,8.35,-7.36,-7.75,1,4131,-1.5,31.1,-6.2
0.5,1208.919739,245.92,-1.32,-80.39,7.71,-6.77,-6.5,1,4003,2.9,80.8,0.6
0.5,1208.929739,245.21,-1.42,-78.59,7.9,-6.18,-6.0,1,3867,3.9,130.0,1.1
0.5,1208.939739,244.86,-1.4,-77.44,7.92,-5.58,-5.75,1,3766,3.3,66.1,3.1
0.5,1208.949739,244.6,-1.22,-77.62,7.71,-4.97,-5.25,1,4636,-1.1,45.8,-6.6
0.5,1208.959739,244.34,-0.97,-77.48,7.43,-4.36,-5.25,1,4509,1.1,34.2,4.2
0.5,1208.969739,243.81,-1.34,-77.35,7.83,-3.75,-4.75,1,4390,0.1,25.2,-1.5
0.5,1208.979739,242.75,-1.03,-77.21,7.51,-3.13,-3.5,1,4254,0.6,23.2,-0.7
0.5,1208.989739,241.96,-0.83,-76.37,7.34,-2.51,-2.5,1,4127,3.3,85.6,-2.9
0.5,1208.999739,241.26,-0.64,-74.46,7.21,-1.88,-1.75,1,3999,3.7,129.2,1.5
0.5,1209.009739,240.91,-0.82,-73.38,7.42,-1.26,-1.5,1,3863,1.8,63.7,3.2
0.5,1209.019739,240.64,-0.68,-73.55,7.26,-0.63,-1.25,1,3770,1.1,48.5,-6.2
1.0,1211.049740,238.97,-0.63,-72.42,7.28,0.0,0.25,1,4396,4.6,166.4,-0.6
1.0,1211.059742,237.92,-0.43,-71.06,7.11,1.26,1.5,1,4263,3.3,142.2,-2.7
1.0,1211.069739,236.87,-0.31,-70.08,7.01,2.51,2.25,1,4142,2.8,122.8,-0.5
1.0,1211.079739,236.16,-0.31,-69.24,7.02,3.75,3.25,1,4005,1.9,103.3,-1.1
1.0,1211.089739,235.28,-0.24,-68.62,6.97,4.97,4.25,1,3878,2.6,81.4,-0.5
1.0,1211.099739,233.53,-0.2,-68.05,6.95,6.18,5.75,1,4766,1.8,78.9,-0.8
1.0,1211.109739,232.29,-0.03,-66.73,6.82,7.36,7.25,1,4639,5.9,135.1,-4.0
1.0,1211.119743,231.24,0.08,-64.42,6.78,8.52,8.25,1,4523,3.5,174.5,1.5
1.0,1211.129739,230.62,-0.08,-63.0,6.95,9.64,8.75,1,4401,2.1,102.1,2.9
1.0,1211.139742,229.75,0.04,-62.98,6.84,10.72,9.75,1,4268,3.4,74.8,-6.2
1.0,1211.149739,228.16,0.18,-62.53,6.69,11.76,11.25,1,4138,-0.6,72.7,2.3
1.0,1211.159739,226.93,0.14,-61.28,6.76,12.75,12.75,1,4001,6.2,126.6,-5.2
1.0,1211.169739,226.05,0.34,-59.13,6.67,13.69,13.25,1,3874,4.4,161.7,2.0
1.0,1211.179740,225.0,0.14,-57.79,6.87,14.58,14.25,1,4773,0.2,98.3,3.4
1.0,1211.189740,223.95,0.26,-57.63,6.74,15.41,15.5,1,4643,4.8,79.4,-8.0
1.0,1211.199743,222.98,0.49,-56.64,6.56,16.18,16.75,1,4527,3.0,118.4,1.2
1.0,1211.209740,222.45,0.28,-55.14,6.78,16.89,17.25,1,4397,-0.7,110.9,2.6
1.0,1211.219742,222.45,0.32,-54.34,6.74,17.53,17.25,1,4264,5.2,87.9,-3.7
1.0,1211.229739,222.36,0.4,-54.42,6.68,18.1,17.25,1,4142,-3.1,14.8,3.2
1.0,1211.239739,222.01,0.31,-55.14,6.72,18.6,17.5,1,4006,2.2,0.8,-3.9
1.0,1211.249740,221.13,0.44,-55.21,6.62,19.02,18.5,1,3878,-0.2,6.6,1.5
1.0,1211.259740,220.34,0.4,-54.51,6.68,19.37,19.25,1,4766,3.6,64.8,-2.1
1.0,1211.269740,219.81,0.49,-52.8,6.65,19.65,19.75,1,4639,3.0,112.5,1.0
1.0,1211.279743,219.46,0.39,-51.76,6.76,19.84,20.0,1,4532,-2.1,56.7,2.7
1.0,1211.289740,219.38,0.44,-51.93,6.69,19.96,20.25,1,4401,5.6,38.4,-5.3
1.0,1211.299743,219.38,0.55,-51.89,6.62,20.0,20.0,1,4268,-2.4,22.4,3.5
1.0,1211.309740,219.64,0.38,-52.0,6.74,19.96,19.5,1,4138,1.0,5.6,-0.5
1.0,1211.319740,220.17,0.45,-52.34,6.68,19.84,19.25,1,4002,-2.0,-17.8,0.7
1.0,1211.329740,219.46,0.46,-53.21,6.63,19.65,20.0,1,3883,0.9,-63.4,-3.1
1.0,1211.339740,219.02,0.56,-53.5,6.56,19.37,20.5,1,4774,0.9,17.1,0.2
1.0,1211.349740,219.02,0.47,-51.9,6.69,19.02,20.25,1,4643,0.7,79.6,3.0
1.0,1211.359743,219.81,0.38,-51.14,6.77,18.6,19.25,1,4527,-1.7,13.7,1.9
1.0,1211.369740,220.96,0.43,-51.97,6.69,18.1,18.25,1,4397,1.1,-17.9,-2.6
1.0,1211.379742,221.57,0.45,-53.58,6.62,17.53,18.0,1,4264,-7.0,-128.8,1.5
1.0,1211.389739,221.92,0.45,-55.65,6.57,16.89,17.5,1,4142,4.4,-96.7,-4.8
1.0,1211.399739,222.8,0.49,-55.69,6.59,16.18,16.25,1,4006,-5.8,-35.9,7.8
1.0,1211.409740,224.03,0.18,-55.65,6.82,15.41,14.75,1,3888,-1.8,-55.9,0.5
1.0,1211.419740,225.0,0.32,-57.03,6.67,14.58,14.0,1,4767,-2.1,-118.8,0.0
1.0,1211.429740,225.53,0.31,-58.9,6.64,13.69,13.75,1,4642,-3.6,-123.9,0.1
1.0,1211.439743,225.79,0.34,-59.83,6.61,12.75,13.75,1,4532,1.4,-88.2,-0.9
1.0,1211.449740,226.05,0.29,-59.61,6.68,11.76,13.25,1,4402,-2.9,-13.6,5.2
1.0,1211.459739,226.41,0.17,-59.0,6.79,10.72,12.25,1,4269,1.1,-13.0,-0.8
1.0,1211.469739,227.99,0.23,-59.4,6.72,9.64,10.75,1,4138,-3.4,-40.3,3.3
1.0,1211.479739,229.75,0.07,-60.75,6.81,8.52,8.75,1,4002,-3.9,-107.9,0.7
1.0,1211.489740,231.5,0.06,-63.19,6.76,7.36,7.25,1,3884,-4.5,-176.7,1.1
1.0,1211.499740,233.26,0.04,-65.62,6.75,6.18,5.75,1,4772,-2.4,-174.1,-0.2
1.0,1211.509740,234.14,-0.05,-67.33,6.82,4.97,5.0,1,4644,-4.5,-173.6,4.5
1.0,1211.519740,234.4,-0.23,-68.82,6.95,3.75,4.75,1,4528,-4.8,-149.7,-0.2
1.0,1211.529740,234.84,-0.09,-69.11,6.79,2.51,4.25,1,4398,0.3,-52.0,-0.7
1.0,1211.539742,235.55,-0.18,-68.4,6.93,1.26,2.75,1,4265,-1.5,-27.2,6.1
1.0,1211.549740,237.13,-0.38,-68.44,7.1,0.0,1.25,1,4143,-1.9,-28.1,-0.1
1.0,1211.559739,238.27,-0.31,-69.96,6.98,-1.26,-0.0,1,4006,-4.5,-151.2,1.2
1.0,1211.569740,239.77,-0.44,-72.59,7.06,-2.51,-1.5,1,3888,-2.2,-139.6,0.0
1.0,1211.579740,241.17,-0.54,-73.74,7.15,-3.75,-3.0,1,4767,-3.9,-126.7,3.0
1.0,1211.589740,242.67,-0.84,-75.23,7.4,-4.97,-4.5,1,4640,-4.7,-162.7,2.0
1.0,1211.599743,243.81,-0.93,-77.13,7.43,-6.18,-5.75,1,4524,-4.0,-153.6,-0.6
1.0,1211.609740,244.78,-1.07,-78.29,7.56,-7.36,-6.75,1,4402,-3.2,-125.3,3.5
1.0,1211.619742,245.92,-1.39,-79.09,7.85,-8.52,-7.75,1,4269,-3.4,-108.2,0.3
1.0,1211.629739,247.59,-1.45,-79.93,7.92,-9.64,-9.75,1,4139,0.1,-100.8,2.6
1.0,1211.639739,249.43,-1.94,-81.32,8.4,-10.72,-11.75,1,4002,-4.3,-146.9,1.9
1.0,1211.649740,250.75,-2.82,-83.73,9.19,-11.76,-12.75,1,3901,-5.6,-194.9,1.1
1.0,1211.659740,251.54,-4.36,-85.92,10.66,-12.75,-13.75,1,4774,-5.7,-171.0,0.7
1.0,1211.669740,251.63,-5.46,-86.71,11.76,-13.69,-13.75,1,4645,-0.7,-103.2,0.9
1.0,1211.679743,251.81,-5.39,-86.39,11.72,-14.58,-13.5,1,4529,-1.6,-35.6,3.1
1.0,1211.689740,251.81,-4.65,-85.83,10.98,-15.41,-13.75,1,4401,1.1,-11.7,-2.0
1.0,1211.699742,252.33,-4.07,-85.52,10.45,-16.18,-14.5,1,4274,1.7,7.7,3.7
1.0,1211.709740,253.65,-4.8,-85.41,11.18,-16.89,-16.0,1,4144,-0.5,-9.1,1.2
1.0,1211.719740,254.79,-6.17,-86.76,12.51,-17.53,-17.25,1,4007,-2.7,-119.0,-1.1
1.0,1211.729740,255.67,-32.57,-89.36,38.83,-18.1,-18.0,1,3906,-6.3,-157.8,2.0
1.0,1211.739740,256.2,-154.4,-89.2,160.61,-18.6,-18.5,1,4768,-1.2,-87.1,-2.8
1.0,1211.749740,256.55,-151.59,-89.24,157.85,-19.02,-19.0,1,4640,0.4,-65.5,6.8
1.0,1211.759740,256.9,-154.16,-89.0,160.43,-19.37,-19.5,1,4525,-1.8,-44.4,-1.9
1.0,1211.769740,257.26,-161.85,-88.82,168.09,-19.65,-19.75,1,4394,-0.0,-43.5,2.3
1.0,1211.779742,257.34,-163.68,-88.54,169.94,-19.84,-19.75,1,4270,-0.8,-28.9,0.3
1.0,1211.789740,257.34,-164.76,-88.49,171.01,-19.96,-20.0,1,4140,0.1,-20.3,1.0
1.0,1211.799740,257.52,-164.84,-88.45,171.1,-20.0,-20.0,1,4003,-0.1,-12.2,0.4
1.0,1211.809740,257.52,-164.83,-88.46,171.08,-19.96,-20.0,1,3902,-0.2,-6.7,0.6
1.0,1211.819740,257.52,-164.27,-88.51,170.52,-19.84,-20.0,1,4773,-0.0,-0.9,0.4
1.0,1211.829740,257.61,-163.66,-88.56,169.92,-19.65,-20.0,1,4645,0.1,0.2,0.4
1.0,1211.839740,257.43,-163.55,-88.58,169.81,-19.37,-19.75,1,4526,0.1,-0.1,0.2
1.0,1211.849740,257.43,-162.96,-88.62,169.21,-19.02,-19.0,1,4390,-0.8,5.1,0.6
1.0,1211.859742,257.08,-160.75,-88.76,167.0,-18.6,-18.25,1,4265,1.9,9.5,0.5
1.0,1211.869740,256.9,-148.96,-89.16,155.26,-18.1,-18.25,1,4144,1.9,40.6,2.9
1.0,1211.879740,256.9,-92.67,-89.53,99.0,-17.53,-18.25,1,4008,3.4,39.1,1.1
1.0,1211.889740,256.82,-94.21,-89.55,100.54,-16.89,-18.25,1,3906,-2.1,0.5,0.2
1.0,1211.899740,256.2,-144.66,-89.29,150.91,-16.18,-17.5,1,4771,-2.5,-15.8,-2.5
1.0,1211.909740,254.71,-136.18,-89.46,142.43,-15.41,-16.0,1,4641,0.4,35.2,-0.7
1.0,1211.919740,253.65,-16.67,-88.65,22.97,-14.58,-14.5,1,4525,3.4,117.4,-0.1
1.0,1211.929739,252.69,-5.95,-86.27,12.35,-13.69,-13.75,1,4395,7.0,159.1,0.0
1.0,1211.939742,252.16,-4.74,-84.92,11.2,-12.75,-13.25,1,4270,3.6,94.2,4.0
1.0,1211.949739,251.19,-4.29,-84.86,10.7,-11.76,-12.25,1,4140,-1.5,70.4,-7.7
1.0,1211.959739,250.31,-3.07,-84.49,9.44,-10.72,-11.25,1,4003,1.3,61.9,2.8
1.0,1211.969739,249.35,-3.07,-83.51,9.5,-9.64,-10.25,1,3902,3.3,106.3,-4.3
1.0,1211.979739,248.12,-2.26,-82.1,8.74,-8.52,-9.25,1,4776,4.1,97.2,4.5
1.0,1211.989739,246.45,-2.3,-81.17,8.79,-7.36,-7.25,1,4645,-0.1,102.2,-4.3
1.0,1211.999739,244.69,-1.24,-79.7,7.72,-6.18,-5.5,1,4527,5.2,142.4,-3.9
1.0,1212.009739,243.37,-1.01,-77.33,7.59,-4.97,-4.0,1,4390,4.4,196.6,1.6
1.0,1212.019742,243.02,-1.05,-75.17,7.69,-3.75,-3.75,1,4275,6.9,161.8,1.2
1.0,1212.029739,243.02,-0.93,-74.67,7.61,-2.51,-3.75,1,4144,1.8,84.6,-0.7
1.0,1212.039739,242.75,-0.91,-75.46,7.51,-1.26,-3.75,1,4008,-2.7,-1.6,-1.6
1.0,1212.049740,241.88,-0.8,-76.34,7.36,0.0,-2.75,1,3907,0.1,-1.8,-3.8
1.0,1212.059739,240.21,-0.59,-75.69,7.2,1.26,-0.75,1,4769,3.5,65.1,-0.5
1.0,1212.069739,238.8,-0.58,-73.64,7.26,2.51,0.75,1,4641,3.1,138.9,0.7
1.0,1212.079739,237.74,-0.44,-71.07,7.16,3.75,1.5,1,4526,4.8,183.1,-1.4
1.0,1212.089739,236.69,-0.42,-69.52,7.19,4.97,2.75,1,4395,2.9,110.8,4.3
1.0,1212.099742,234.93,-0.32,-69.28,7.08,6.18,4.25,1,4271,2.2,96.0,-8.8
1.0,1212.109739,233.09,0.06,-68.01,6.71,7.36,6.25,1,4140,3.8,141.6,0.0
1.0,1212.119739,231.94,-0.09,-65.69,6.94,8.52,7.5,1,4004,4.7,187.2,0.7
1.0,1212.129739,231.06,-0.05,-63.57,6.93,9.64,8.25,1,3911,2.7,166.1,-0.4
1.0,1212.139739,230.19,-0.02,-62.87,6.9,10.72,9.25,1,4774,2.0,90.7,0.1
1.0,1212.149739,228.69,0.08,-62.92,6.81,11.76,10.75,1,4646,2.6,70.4,-4.6
1.0,1212.159739,227.46,0.26,-61.88,6.67,12.75,12.25,1,4527,4.5,124.4,-1.6
1.0,1212.169739,227.02,0.23,-59.65,6.76,13.69,12.5,1,4393,3.8,169.6,0.7
1.0,1212.179741,226.58,0.15,-58.35,6.89,14.58,12.75,1,4274,3.7,84.8,4.2
1.0,1212.189739,225.62,0.16,-59.03,6.85,15.41,13.75,1,4145,-2.7,16.3,-5.2
1.0,1212.199739,224.56,0.35,-59.08,6.59,16.18,15.0,1,4000,3.8,63.7,-3.3
1.0,1212.209740,223.77,0.35,-57.39,6.69,16.89,15.75,1,3907,2.1,122.2,2.6
1.0,1212.219740,223.07,0.25,-55.73,6.83,17.53,16.25,1,4772,2.3,107.1,1.0
1.0,1212.229740,221.92,0.3,-55.39,6.77,18.1,17.75,1,4645,0.3,49.6,-1.4
1.0,1212.239740,221.04,0.47,-55.02,6.62,18.6,18.75,1,4535,6.9,94.5,-6.0
1.0,1212.249740,220.34,0.52,-53.21,6.65,19.02,19.25,1,4396,1.1,135.7,4.8
1.0,1212.259743,219.9,0.3,-52.13,6.85,19.37,19.75,1,4271,0.2,67.2,1.1
1.0,1212.269740,219.99,0.48,-52.36,6.7,19.65,19.75,1,4141,5.9,45.6,-5.3
1.0,1212.279740,220.17,0.53,-52.33,6.66,19.84,19.25,1,4004,-3.4,24.3,4.6
1.0,1212.289740,220.25,0.31,-52.66,6.8,19.96,19.25,1,3912,-1.8,-11.5,-0.9
1.0,1212.299740,219.55,0.49,-53.39,6.62,20.0,20.0,1,4775,2.8,-37.4,-4.5
1.0,1212.309740,218.5,0.58,-53.27,6.59,19.96,21.25,1,4646,1.3,37.5,1.7
1.0,1212.319740,217.97,0.47,-51.51,6.72,19.84,21.75,1,4528,1.8,101.9,0.8
1.0,1212.329740,217.97,0.47,-49.95,6.74,19.65,21.5,1,4394,0.9,91.5,1.1
1.0,1212.339740,218.5,0.44,-49.91,6.75,19.37,20.5,1,4274,-1.3,14.3,0.7
1.0,1212.349739,219.81,0.46,-50.76,6.71,19.02,19.5,1,4145,0.4,-7.8,-1.2
1.0,1212.359739,219.81,0.46,-52.26,6.67,18.6,19.75,1,4009,-4.4,-128.1,0.8
1.0,1212.369740,219.81,0.51,-54.21,6.59,18.1,19.75,1,3908,3.7,-74.4,-4.5
1.0,1212.379740,219.99,0.56,-53.4,6.62,17.53,19.25,1,4773,-1.1,27.4,6.5
1.0,1212.389740,221.04,0.31,-52.52,6.83,16.89,17.75,1,4645,-2.8,-13.6,1.4
1.0,1212.399743,222.28,0.4,-53.43,6.7,16.18,16.75,1,4535,-0.3,-49.8,-1.9
1.0,1212.409740,223.24,0.37,-55.23,6.67,15.41,16.0,1,4396,-7.3,-143.5,3.1
1.0,1212.419742,223.95,0.34,-57.33,6.66,14.58,15.5,1,4272,2.7,-116.6,-4.1
1.0,1212.429739,224.38,0.41,-57.83,6.63,13.69,14.75,1,4141,-5.2,-76.4,6.6
1.0,1212.439739,225.44,0.17,-57.91,6.83,12.75,13.5,1,4004,-0.2,-48.7,-0.1
1.0,1212.449740,226.67,0.25,-58.4,6.75,11.76,12.0,1,3913,-3.9,-76.5,2.9
1.0,1212.459740,228.08,0.14,-59.84,6.79,10.72,10.75,1,4777,-3.1,-115.7,-0.1
1.0,1212.469740,229.39,0.22,-61.68,6.69,9.64,9.5,1,4647,-1.3,-145.4,-0.7
1.0,1212.479740,230.71,0.13,-63.35,6.76,8.52,8.5,1,4528,-4.9,-137.6,4.6
1.0,1212.489740,231.5,-0.03,-64.68,6.88,7.36,7.75,1,4395,-2.5,-140.2,0.0
1.0,1212.499742,232.38,0.04,-65.76,6.8,6.18,6.75,1,4276,-2.0,-105.2,1.8
1.0,1212.509739,233.35,-0.07,-66.2,6.89,4.97,5.25,1,4146,-2.1,-79.2,2.5
1.0,1212.519739,235.11,-0.19,-66.86,6.99,3.75,3.25,1,4009,-4.0,-91.7,3.2
1.0,1212.529740,236.43,-0.27,-68.49,7.0,2.51,2.25,1,3908,-4.4,-151.0,-0.6
1.0,1212.539740,237.39,-0.21,-70.68,6.9,1.26,1.75,1,4770,-3.3,-159.0,-0.5
1.0,1212.549740,237.74,-0.26,-71.93,6.94,0.0,1.0,1,4646,-1.7,-117.2,1.3
1.0,1212.559743,238.71,-0.48,-72.1,7.18,-1.26,-0.25,1,4536,-1.8,-58.7,5.8
1.0,1212.569740,240.47,-0.62,-71.96,7.3,-2.51,-2.25,1,4396,-2.2,-45.0,-0.4
1.0,1212.579742,242.49,-0.58,-73.45,7.21,-3.75,-4.5,1,4272,-4.1,-162.3,2.2
1.0,1212.589739,243.98,-0.96,-76.7,7.51,-4.97,-5.75,1,4142,-7.4,-208.3,1.2
1.0,1212.599739,244.95,-1.17,-78.99,7.64,-6.18,-6.5,1,4005,-5.2,-182.6,-0.5
1.0,1212.609740,245.57,-1.22,-79.84,7.7,-7.36,-7.5,1,3913,-0.9,-110.6,1.4
1.0,1212.619740,246.62,-1.55,-79.98,8.08,-8.52,-8.75,1,4774,0.1,-85.9,4.9
1.0,1212.629740,247.68,-1.82,-80.56,8.31,-9.64,-9.75,1,4647,-4.8,-82.6,-0.9
1.0,1212.639743,248.38,-1.76,-81.57,8.18,-10.72,-10.5,1,4532,-2.4,-104.1,0.6
1.0,1212.649740,249.08,-2.33,-82.75,8.76,-11.76,-11.25,1,4402,-2.0,-97.0,2.6
1.0,1212.659739,250.05,-2.74,-83.48,9.15,-12.75,-12.25,1,4273,-2.0,-80.6,-0.2
1.0,1212.669739,251.28,-2.88,-84.04,9.3,-13.69,-13.5,1,4146,0.4,-71.5,2.0
1.0,1212.679740,252.25,-4.03,-85.09,10.44,-14.58,-14.5,1,4010,-4.0,-115.2,2.6
1.0,1212.689740,253.04,-5.79,-86.64,12.13,-15.41,-15.25,1,3909,-3.3,-111.6,-1.5
1.0,1212.699740,253.65,-7.5,-87.55,13.83,-16.18,-16.0,1,4773,-1.4,-94.8,2.5
1.0,1212.709740,254.27,-11.6,-88.17,17.93,-16.89,-16.75,1,4645,-2.2,-80.2,1.2
1.0,1212.719743,254.71,-14.5,-88.59,20.81,-17.53,-17.0,1,4536,-1.5,-57.6,-0.0
1.0,1212.729740,255.32,-17.66,-88.85,23.97,-18.1,-17.75,1,4400,-0.6,-49.8,1.0
1.0,1212.739743,256.2,-27.76,-89.21,34.08,-18.6,-18.75,1,4272,0.2,-46.7,1.5
1.0,1212.749740,257.08,-117.26,-89.55,123.57,-19.02,-19.75,1,4142,-2.9,-93.8,2.6
1.0,1212.759740,257.43,-165.99,-88.38,172.25,-19.37,-20.0,1,4006,-1.5,-89.7,-1.3
1.0,1212.769740,257.43,-170.05,-87.79,176.31,-19.65,-19.75,1,3913,-1.9,-64.6,3.3
1.0,1212.779740,257.26,-167.59,-88.03,173.85,-19.84,-19.75,1,4775,1.2,0.5,-0.2
1.0,1212.789740,257.43,-160.33,-88.77,166.63,-19.96,-19.75,1,4648,0.7,11.7,2.8
1.0,1212.799740,257.34,-155.8,-88.92,162.1,-20.0,-19.75,1,4533,0.6,5.8,0.3
1.0,1212.809740,257.34,-157.24,-88.91,163.55,-19.96,-19.75,1,4393,0.1,4.3,0.5
1.0,1212.819739,257.34,-157.37,-88.9,163.67,-19.84,-19.75,1,4274,-0.0,0.3,0.4
1.0,1212.829740,257.26,-158.32,-88.86,164.62,-19.65,-19.75,1,4146,0.1,-0.2,0.1
1.0,1212.839740,257.34,-158.56,-88.86,164.85,-19.37,-19.75,1,4010,-0.0,0.0,0.2
1.0,1212.849740,257.34,-158.41,-88.86,164.7,-19.02,-19.25,1,4899,-0.1,0.3,0.3
1.0,1212.859740,257.17,-158.03,-88.88,164.32,-18.6,-18.5,1,4774,-0.9,1.7,0.3
1.0,1212.869740,256.73,-158.47,-88.89,164.76,-18.1,-18.0,1,4645,1.2,-1.1,-0.6
1.0,1212.879743,256.2,-139.24,-89.33,145.57,-17.53,-17.5,1,4536,2.9,55.6,4.2
1.0,1212.889740,255.85,-38.44,-89.25,44.8,-16.89,-17.25,1,4401,1.1,52.8,-1.9
1.0,1212.899742,255.15,-21.94,-88.93,28.29,-16.18,-16.5,1,4273,0.9,43.9,0.0
1.0,1212.909740,254.44,-17.82,-88.66,24.16,-15.41,-15.5,1,4142,-0.9,37.2,-0.6
1.0,1212.919740,253.74,-10.12,-87.88,16.47,-14.58,-14.75,1,4009,3.3,87.1,-2.9
1.0,1212.929739,253.12,-6.59,-86.62,13.02,-13.69,-14.25,1,4903,4.1,77.1,4.5
1.0,1212.939739,252.16,-6.1,-86.05,12.53,-12.75,-13.25,1,4778,-0.9,67.4,-3.9
1.0,1212.949739,251.1,-4.28,-85.49,10.67,-11.76,-12.25,1,4651,1.4,66.7,0.3
1.0,1212.959742,250.22,-3.44,-84.36,9.87,-10.72,-11.25,1,4532,2.8,113.8,-3.3
1.0,1212.969739,249.26,-2.63,-82.83,9.11,-9.64,-10.25,1,4405,4.4,106.6,3.5
1.0,1212.979739,248.29,-2.61,-82.02,9.12,-8.52,-9.25,1,4278,1.3,87.6,-2.8
1.0,1212.989739,246.62,-1.94,-81.31,8.43,-7.36,-7.5,1,4138,1.4,90.4,-0.5
1.0,1212.999739,245.04,-1.52,-79.94,8.05,-6.18,-5.75,1,4010,4.3,134.0,-4.1
1.0,1213.009739,243.72,-1.01,-77.64,7.61,-4.97,-4.25,1,4899,4.9,187.4,0.3
1.0,1213.019739,243.37,-1.05,-75.53,7.73,-3.75,-4.0,1,4771,7.0,156.9,2.5
1.0,1213.029739,243.46,-1.02,-75.06,7.72,-2.51,-4.25,1,4647,0.5,78.2,-1.4
1.0,1213.039743,243.11,-0.95,-75.87,7.56,-1.26,-4.0,1,4537,-2.0,-2.2,-1.0
1.0,1213.049740,242.31,-0.89,-76.71,7.47,0.0,-3.0,1,4398,-0.7,-3.9,-3.5
1.0,1213.059739,240.47,-0.65,-76.09,7.26,1.26,-1.25,1,4274,3.0,63.7,-1.2
1.0,1213.069739,238.71,-0.61,-74.07,7.29,2.51,0.75,1,4134,3.7,134.8,1.0
1.0,1213.079739,237.48,-0.45,-71.39,7.2,3.75,1.75,1,4018,5.5,196.6,-2.2
1.0,1213.089739,236.34,-0.31,-69.1,7.11,4.97,3.0,1,4903,3.7,167.5,2.1
1.0,1213.099739,234.67,-0.38,-68.39,7.15,6.18,4.75,1,4776,-0.5,99.8,-2.0
1.0,1213.109739,233.44,-0.05,-67.71,6.84,7.36,6.25,1,4652,8.0,135.9,-7.0
1.0,1213.119739,232.38,0.08,-65.58,6.82,8.52,7.0,1,4533,3.0,177.3,4.3
1.0,1213.129739,231.33,-0.2,-64.1,7.1,9.64,8.0,1,4394,2.9,106.2,1.5
1.0,1213.139742,229.75,0.04,-63.93,6.88,10.72,9.75,1,4278,3.1,88.7,-6.9
1.0,1213.149739,228.34,0.23,-62.73,6.7,11.76,11.25,1,4139,2.9,136.9,0.4
1.0,1213.159739,227.72,0.14,-60.43,6.85,12.75,11.75,1,4011,4.4,181.6,-0.6
1.0,1213.169739,227.2,0.14,-59.02,6.9,13.69,12.25,1,4899,3.1,97.0,3.5
1.0,1213.179740,226.23,0.14,-59.61,6.87,14.58,13.25,1,4774,-1.2,25.7,-5.0
1.0,1213.189740,224.91,0.34,-59.55,6.64,15.41,14.75,1,4644,4.3,77.0,-2.9
1.0,1213.199743,224.21,0.33,-57.71,6.74,16.18,15.5,1,4538,2.1,132.3,2.2
1.0,1213.209740,223.77,0.24,-56.0,6.85,16.89,15.75,1,4401,2.7,116.4,0.5
1.0,1213.219742,223.15,0.28,-55.73,6.81,17.53,16.25,1,4274,-0.2,42.2,-0.2
1.0,1213.229739,222.01,0.35,-56.1,6.73,18.1,17.5,1,4143,3.4,37.6,-3.6
1.0,1213.239740,221.04,0.48,-55.22,6.65,18.6,18.75,1,4019,3.5,92.2,-1.1
1.0,1213.249740,220.34,0.44,-53.3,6.75,19.02,19.25,1,4904,3.2,138.2,2.0
1.0,1213.259740,219.9,0.36,-52.12,6.84,19.37,19.75,1,4777,-0.5,71.4,1.8
1.0,1213.269740,219.9,0.45,-52.3,6.74,19.65,19.75,1,4652,5.5,48.9,-5.4
1.0,1213.279740,220.08,0.53,-52.24,6.69,19.84,19.25,1,4533,-2.8,28.3,4.0
1.0,1213.289740,220.08,0.32,-52.54,6.82,19.96,19.25,1,4394,-2.0,-8.9,-0.4
1.0,1213.299743,219.46,0.49,-53.27,6.66,20.0,20.25,1,4278,3.3,-35.4,-4.5
1.0,1213.309740,218.41,0.59,-53.15,6.62,19.96,21.25,1,4139,1.1,37.9,1.6
1.0,1213.319740,217.79,0.48,-51.37,6.75,19.84,21.75,1,4012,2.1,105.2,0.7
1.0,1213.329740,217.71,0.48,-49.77,6.77,19.65,21.75,1,4900,0.7,92.9,1.0
1.0,1213.339740,218.41,0.44,-49.7,6.78,19.37,20.75,1,4774,-1.4,19.1,0.8
1.0,1213.349740,219.46,0.45,-50.49,6.75,19.02,19.75,1,4645,0.5,-5.9,-1.0
1.0,1213.359743,219.55,0.48,-51.92,6.7,18.6,19.75,1,4538,-3.2,-118.0,0.5
1.0,1213.369740,219.55,0.55,-53.83,6.61,18.1,20.25,1,4402,4.0,-78.1,-5.0
1.0,1213.379739,219.73,0.58,-53.12,6.64,17.53,19.5,1,4271,-2.2,30.5,6.7
1.0,1213.389739,220.69,0.31,-52.14,6.86,16.89,18.25,1,4135,-2.5,-9.9,1.7
1.0,1213.399740,221.75,0.41,-53.05,6.74,16.18,17.0,1,4016,-0.3,-50.5,-1.7
1.0,1213.409740,222.63,0.39,-54.83,6.69,15.41,16.75,1,4904,-7.1,-137.9,2.4
1.0,1213.419740,222.89,0.38,-56.64,6.66,14.58,16.75,1,4777,2.6,-93.2,-4.4
1.0,1213.429740,223.33,0.49,-56.64,6.63,13.69,15.75,1,4650,-1.5,-45.1,5.2
1.0,1213.439743,224.65,0.23,-56.44,6.85,12.75,14.25,1,4534,-3.6,-28.3,2.7
1.0,1213.449740,226.05,0.27,-57.1,6.77,11.76,12.75,1,4405,-0.5,-82.4,-1.2
1.0,1213.459742,226.85,0.25,-59.36,6.72,10.72,12.5,1,4279,-8.6,-171.6,2.9
1.0,1213.469739,227.02,0.21,-61.39,6.69,9.64,12.25,1,4140,0.4,-113.8,-5.0
1.0,1213.479740,227.37,0.35,-61.16,6.64,8.52,11.25,1,4012,1.6,-34.9,6.3
1.0,1213.489740,228.96,0.07,-60.65,6.94,7.36,9.75,1,4900,-2.7,-27.9,3.5
1.0,1213.499740,230.71,0.07,-61.65,6.86,6.18,7.75,1,4774,-3.6,-106.6,-0.8
1.0,1213.509740,231.86,0.02,-64.1,6.82,4.97,6.75,1,4646,-6.7,-166.6,3.1
1.0,1213.519743,233.17,-0.06,-66.35,6.85,3.75,5.75,1,4538,-3.0,-164.4,-2.7
1.0,1213.529740,234.32,0.05,-67.47,6.77,2.51,4.25,1,4402,0.2,-114.8,3.1
1.0,1213.539741,235.72,-0.23,-68.21,7.06,1.26,2.5,1,4274,-4.4,-123.6,5.7
1.0,1213.549740,237.13,-0.37,-69.55,7.12,-0.0,1.5,1,4144,-3.7,-125.4,-1.2
1.0,1213.559740,238.27,-0.27,-71.14,6.97,-1.26,0.75,1,4019,-5.0,-156.8,1.4
1.0,1213.569740,239.15,-0.42,-72.72,7.09,-2.51,-0.75,1,4905,-1.7,-126.0,0.5
1.0,1213.579740,240.82,-0.57,-73.21,7.27,-3.75,-2.75,1,4777,-1.6,-79.8,6.1
1.0,1213.589740,241.96,-0.81,-74.33,7.45,-4.97,-3.75,1,4653,-6.7,-159.0,-1.7
1.0,1213.599742,242.75,-0.75,-76.54,7.29,-6.18,-4.5,1,4534,-4.1,-140.9,0.9
1.0,1213.609740,243.98,-0.93,-77.38,7.49,-7.36,-6.0,1,4404,-1.6,-102.3,1.1
1.0,1213.619742,245.65,-1.17,-77.91,7.76,-8.52,-7.75,1,4279,-0.3,-91.6,4.9
1.0,1213.629739,246.53,-1.5,-79.4,8.05,-9.64,-8.75,1,4140,-6.0,-159.9,-1.1
1.0,1213.639740,247.5,-1.64,-81.51,8.08,-10.72,-9.5,1,4013,-5.3,-142.5,0.8
1.0,1213.649740,248.91,-1.95,-82.08,8.4,-11.76,-11.0,1,4901,0.7,-74.2,1.1
1.0,1213.659740,250.05,-2.42,-82.57,8.93,-12.75,-12.25,1,4773,-0.7,-118.2,5.4
1.0,1213.669740,250.84,-3.5,-84.55,9.93,-13.69,-13.0,1,4646,-8.0,-153.7,-2.9
1.0,1213.679743,251.63,-3.59,-85.75,9.93,-14.58,-13.75,1,4539,-0.6,-84.4,0.9
1.0,1213.689740,253.04,-4.64,-85.73,11.07,-15.41,-15.25,1,4402,0.6,-68.1,5.2
1.0,1213.699742,254.53,-6.67,-86.73,13.08,-16.18,-17.0,1,4275,-3.4,-117.1,-0.6
1.0,1213.709740,255.5,-17.22,-88.84,23.55,-16.89,-18.0,1,4136,-4.1,-165.0,2.0
1.0,1213.719740,255.67,-154.28,-89.17,160.56,-17.53,-18.25,1,4018,-4.9,-137.6,-0.5
1.0,1213.729740,255.76,-161.6,-88.91,167.86,-18.1,-18.0,1,4907,-0.6,-56.2,1.2
1.0,1213.739740,256.03,-117.16,-89.57,123.5,-18.6,-18.5,1,4778,3.0,2.5,2.6
1.0,1213.749740,256.11,-53.95,-89.49,60.31,-19.02,-18.75,1,4653,-1.6,-8.9,1.8
1.0,1213.759743,256.29,-101.43,-89.61,107.74,-19.37,-18.75,1,4534,-0.5,-26.2,-2.3
1.0,1213.769740,256.82,-141.56,-89.42,147.88,-19.65,-19.25,1,4396,-0.2,-20.6,2.6
1.0,1213.779743,257.61,-148.63,-89.21,154.96,-19.84,-20.25,1,4280,0.5,-27.2,0.2
1.0,1213.789740,257.87,-164.49,-88.48,170.81,-19.96,-20.5,1,4141,-1.3,-73.1,2.6
1.0,1213.799740,257.61,-170.82,-87.43,177.1,-20.0,-20.0,1,4017,-2.7,-60.4,-1.8
1.0,1213.809740,257.52,-170.64,-87.69,176.91,-19.96,-19.0,1,4901,0.4,12.7,1.4
1.0,1213.819740,257.26,-158.82,-88.78,165.15,-19.84,-18.75,1,4774,3.3,41.2,3.4
1.0,1213.829740,257.26,-138.3,-89.29,144.68,-19.65,-19.0,1,4646,2.9,32.0,1.4
1.0,1213.839743,257.26,-137.87,-89.31,144.25,-19.37,-19.5,1,4539,0.6,10.9,1.5
1.0,1213.849740,257.17,-147.81,-89.15,154.15,-19.02,-19.25,1,4402,-2.6,0.6,-0.9
1.0,1213.859743,257.17,-157.51,-88.99,163.8,-18.6,-19.25,1,4276,-1.6,-11.0,-3.9
1.0,1213.869740,257.26,-158.34,-88.96,164.65,-18.1,-18.75,1,4145,0.6,8.1,3.1
1.0,1213.879740,256.9,-149.95,-89.11,156.27,-17.53,-18.25,1,4017,-0.3,0.8,-0.5
1.0,1213.889740,255.85,-150.76,-89.18,157.09,-16.89,-17.25,1,4897,2.2,12.5,-0.4
1.0,1213.899740,255.23,-75.0,-89.55,81.37,-16.18,-16.25,1,4779,1.2,71.9,3.1
1.0,1213.909740,254.79,-13.45,-88.21,19.83,-15.41,-16.0,1,4651,3.3,103.4,-4.7
1.0,1213.919740,254.0,-8.69,-87.37,15.13,-14.58,-15.25,1,4535,3.3,54.5,6.4
1.0,1213.929739,252.95,-9.82,-87.45,16.22,-13.69,-14.0,1,4397,-3.5,39.6,-7.4
1.0,1213.939742,252.16,-4.9,-86.68,11.27,-12.75,-12.75,1,4281,3.5,95.0,-1.0
1.0,1213.949739,251.19,-4.05,-84.78,10.54,-11.76,-12.25,1,4141,6.1,134.6,3.2
1.0,1213.959739,250.49,-3.85,-83.62,10.39,-10.72,-11.5,1,4016,2.7,75.5,2.4
1.0,1213.969739,249.08,-3.03,-83.61,9.51,-9.64,-10.0,1,4902,-3.1,61.4,-8.6
1.0,1213.979739,248.03,-1.86,-82.59,8.32,-8.52,-8.75,1,4777,4.8,116.1,1.5
1.0,1213.989739,246.97,-1.99,-80.48,8.57,-7.36,-7.75,1,4656,5.5,156.2,0.9
1.0,1213.999743,246.01,-1.77,-79.16,8.4,-6.18,-7.0,1,4540,3.3,92.2,2.1
1.0,1214.009739,244.51,-1.45,-78.98,8.04,-4.97,-5.25,1,4403,-0.4,81.7,-7.2
1.0,1214.019740,242.84,-0.84,-77.82,7.41,-3.75,-3.5,1,4273,3.0,126.8,-0.6
1.0,1214.029739,241.35,-0.88,-75.63,7.55,-2.51,-2.0,1,4146,5.6,173.8,-0.0
1.0,1214.039739,240.47,-0.72,-73.48,7.45,-1.26,-1.0,1,4019,3.8,168.6,-0.0
1.0,1214.049740,239.94,-0.58,-72.2,7.32,-0.0,-0.75,1,4906,3.8,133.6,-2.0
1.0,1214.059739,239.33,-0.56,-72.0,7.3,1.26,-0.0,1,4779,0.4,54.4,2.0
1.0,1214.069739,238.01,-0.51,-72.35,7.23,2.51,1.25,1,4653,1.4,44.8,-6.2
1.0,1214.079742,235.99,-0.16,-71.43,6.92,3.75,3.25,1,4536,3.9,101.7,-0.7
1.0,1214.089739,234.49,-0.24,-69.16,7.05,4.97,5.0,1,4397,2.5,169.5,-0.0
1.0,1214.099742,233.17,-0.13,-66.47,7.0,6.18,6.25,1,4281,7.2,201.8,-1.4
1.0,1214.109739,232.38,-0.11,-64.84,7.05,7.36,7.0,1,4142,2.7,130.2,4.0
1.0,1214.119739,231.33,-0.08,-64.57,6.98,8.52,8.0,1,4017,1.6,98.9,-7.7
1.0,1214.129739,229.66,0.11,-64.01,6.78,9.64,9.75,1,4902,1.6,86.9,3.2
1.0,1214.139739,227.9,0.06,-62.73,6.9,10.72,11.75,1,4778,6.0,140.1,-5.3
1.0,1214.149739,226.67,0.3,-60.28,6.73,11.76,12.75,1,4656,4.4,191.7,-0.2
1.0,1214.159743,225.97,0.19,-58.13,6.89,12.75,13.5,1,4540,4.1,164.2,2.4
1.0,1214.169739,225.44,0.17,-57.6,6.91,13.69,14.0,1,4402,-0.3,80.0,-1.3
1.0,1214.179739,224.74,0.28,-57.86,6.76,14.58,14.75,1,4274,3.3,58.3,-3.6
1.0,1214.189739,223.77,0.33,-57.56,6.74,15.41,15.75,1,4146,-0.3,51.5,1.1
1.0,1214.199740,223.24,0.34,-56.6,6.77,16.18,16.25,1,4019,7.2,102.9,-3.0
1.0,1214.209740,223.07,0.39,-55.24,6.78,16.89,16.25,1,4907,-1.2,84.7,3.9
1.0,1214.219743,222.8,0.22,-55.26,6.88,17.53,16.75,1,4782,-1.2,16.6,-1.0
1.0,1214.229740,221.84,0.39,-55.83,6.71,18.1,17.75,1,4662,2.7,10.6,-4.3
1.0,1214.239743,220.87,0.48,-55.16,6.67,18.6,18.75,1,4536,2.4,73.0,1.0
1.0,1214.249740,220.52,0.41,-53.35,6.79,19.02,19.25,1,4397,3.2,119.5,0.9
1.0,1214.259743,220.17,0.37,-52.34,6.84,19.37,19.25,1,4281,-0.9,54.2,2.5
1.0,1214.269740,219.99,0.43,-52.67,6.77,19.65,19.5,1,4142,5.0,32.4,-5.0
1.0,1214.279740,219.9,0.53,-52.65,6.69,19.84,19.75,1,4017,-2.6,23.5,2.9
1.0,1214.289740,219.9,0.37,-52.57,6.81,19.96,19.75,1,4902,0.6,17.0,-0.6
1.0,1214.299743,219.81,0.47,-52.53,6.74,20.0,19.75,1,4779,1.4,10.6,-0.3
1.0,1214.309740,219.64,0.46,-52.56,6.76,19.96,19.75,1,4665,-0.2,3.8,0.9
1.0,1214.319743,219.64,0.43,-52.62,6.77,19.84,19.75,1,4541,-0.2,0.6,-0.2
1.0,1214.329740,219.81,0.45,-52.66,6.75,19.65,19.75,1,4404,0.2,-0.1,0.5
1.0,1214.339742,219.81,0.44,-52.66,6.76,19.37,19.75,1,4277,-0.1,0.1,0.2
1.0,1214.349739,219.81,0.45,-52.66,6.76,19.02,19.5,1,4147,0.2,-0.1,0.4
1.0,1214.359740,220.43,0.45,-52.7,6.76,18.6,18.5,1,4030,0.9,-3.4,0.4
1.0,1214.369740,221.57,0.4,-52.97,6.78,18.1,17.25,1,4907,-4.0,-24.3,1.8
1.0,1214.379743,222.8,0.35,-54.28,6.77,17.53,16.5,1,4782,-2.0,-109.6,-1.2
1.0,1214.389740,222.63,0.43,-56.34,6.67,16.89,16.75,1,4664,-1.7,-120.9,-0.8
1.0,1214.399743,222.19,0.43,-57.1,6.67,16.18,17.25,1,4537,-0.9,-64.1,0.4
1.0,1214.409740,222.01,0.38,-56.03,6.75,15.41,17.5,1,4397,1.8,49.7,3.0
1.0,1214.419742,222.1,0.32,-54.42,6.86,14.58,17.0,1,4282,-0.6,47.4,2.6
1.0,1214.429739,223.07,0.3,-54.51,6.83,13.69,15.75,1,4143,-1.5,-6.1,-0.6
1.0,1214.439740,224.47,0.33,-55.4,6.76,12.75,14.25,1,4026,-1.8,-36.3,0.2
1.0,1214.449740,226.05,0.27,-57.21,6.77,11.76,13.25,1,4903,-4.2,-150.8,1.1
1.0,1214.459741,226.58,0.27,-59.92,6.73,10.72,12.75,1,4777,-1.5,-156.1,-1.5
1.0,1214.469740,227.37,0.36,-60.9,6.68,9.64,11.25,1,4666,2.3,-92.9,0.9
1.0,1214.479743,229.22,0.18,-60.97,6.87,8.52,9.75,1,4541,-5.9,-70.2,7.2
1.0,1214.489740,230.8,-0.03,-62.2,6.95,7.36,8.25,1,4402,-5.3,-145.5,-2.0
1.0,1214.499739,231.86,0.12,-64.72,6.75,6.18,7.25,1,4273,-3.7,-177.0,0.6
1.0,1214.509739,233.17,-0.03,-66.33,6.89,4.97,5.75,1,4147,-3.9,-129.3,4.0
1.0,1214.519740,234.67,-0.16,-67.01,7.01,3.75,4.25,1,4028,-1.8,-115.2,1.4
1.0,1214.529740,236.07,-0.22,-68.38,7.04,2.51,3.0,1,4908,-5.5,-151.0,3.4
1.0,1214.539743,237.13,-0.3,-70.27,7.05,1.26,1.75,1,4783,-2.6,-153.3,-2.1
1.0,1214.549740,237.66,-0.29,-71.59,7.03,0.0,0.75,1,4662,-4.1,-129.4,4.5
1.0,1214.559743,238.71,-0.55,-72.07,7.26,-1.26,-0.25,1,4537,-2.7,-71.8,0.7
1.0,1214.569740,240.38,-0.45,-72.19,7.16,-2.51,-2.25,1,4398,-0.6,-70.1,1.0
1.0,1214.579742,242.14,-0.62,-73.54,7.32,-3.75,-4.0,1,4282,-3.3,-136.0,3.5
1.0,1214.589739,243.81,-0.92,-76.12,7.54,-4.97,-5.75,1,4143,-6.9,-193.0,-0.1
1.0,1214.599740,244.86,-1.07,-78.44,7.6,-6.18,-6.75,1,4024,-4.4,-174.4,1.3
1.0,1214.609740,245.65,-1.39,-79.7,7.92,-7.36,-7.25,1,4912,-4.3,-144.8,2.2
1.0,1214.619740,245.74,-1.56,-80.4,8.08,-8.52,-7.75,1,4777,-1.2,-99.5,0.4
1.0,1214.629740,246.27,-1.5,-80.31,8.04,-9.64,-8.25,1,4666,-0.7,-36.0,1.8
1.0,1214.639743,247.5,-1.51,-79.84,8.06,-10.72,-9.75,1,4541,0.7,-16.5,0.5
1.0,1214.649740,248.64,-1.7,-80.67,8.25,-11.76,-10.75,1,4403,-1.9,-103.1,2.4
1.0,1214.659740,249.79,-2.51,-83.01,8.98,-12.75,-11.75,1,4276,-6.3,-146.8,0.2
1.0,1214.669739,251.37,-2.75,-84.37,9.17,-13.69,-13.5,1,4147,-0.5,-93.1,-1.8
1.0,1214.679740,252.86,-3.81,-85.11,10.29,-14.58,-15.25,1,4046,-0.2,-127.5,8.6
1.0,1214.689740,253.92,-8.09,-87.17,14.51,-15.41,-16.5,1,4908,-7.7,-173.5,-3.2
1.0,1214.699743,254.18,-21.94,-89.19,28.23,-16.18,-16.5,1,4784,-4.7,-159.1,1.7
1.0,1214.709740,254.27,-42.25,-89.5,48.57,-16.89,-16.5,1,4662,-0.9,-51.7,-0.5
1.0,1214.719740,254.79,-13.29,-88.51,19.68,-17.53,-17.25,1,4537,3.1,0.1,2.8
1.0,1214.729740,255.76,-12.72,-88.23,19.14,-18.1,-18.25,1,4399,-0.4,-23.7,2.0
1.0,1214.739743,256.46,-33.28,-89.3,39.64,-18.6,-19.25,1,4283,-3.1,-91.1,0.1
1.0,1214.749740,256.9,-159.86,-88.92,166.19,-19.02,-19.5,1,4143,-1.4,-91.9,1.0
1.0,1214.759740,256.9,-167.35,-88.22,173.67,-19.37,-19.25,1,4042,-2.8,-71.8,1.4
1.0,1214.769740,256.9,-166.09,-88.39,172.41,-19.65,-19.25,1,4912,1.9,-2.9,-0.4
1.0,1214.779743,256.99,-152.12,-89.14,158.49,-19.84,-19.5,1,4780,0.4,11.5,3.6
1.0,1214.789740,257.61,-145.23,-89.23,151.59,-19.96,-20.25,1,4667,1.0,-1.0,-0.4
1.0,1214.799743,257.7,-161.61,-88.74,167.95,-20.0,-20.25,1,4534,-2.2,-44.4,0.5
1.0,1214.809740,257.52,-169.31,-87.88,175.61,-19.96,-20.0,1,4406,-1.7,-45.0,-1.0
1.0,1214.819740,257.43,-168.6,-88.03,174.92,-19.84,-19.75,1,4277,1.7,15.4,1.4
1.0,1214.829740,257.43,-158.04,-88.81,164.41,-19.65,-19.5,1,4148,1.3,23.2,3.1
1.0,1214.839740,257.43,-155.82,-88.89,162.18,-19.37,-19.5,1,4047,0.3,1.1,-0.3
1.0,1214.849740,257.43,-160.38,-88.74,166.74,-19.02,-19.5,1,4908,-0.0,4.7,0.6
1.0,1214.859743,257.52,-159.3,-88.78,165.65,-18.6,-19.25,1,4784,-0.1,0.6,0.4
1.0,1214.869740,256.73,-160.01,-88.75,166.35,-18.1,-18.25,1,4663,-0.8,1.0,0.1
1.0,1214.879743,255.67,-154.88,-89.05,161.22,-17.53,-16.75,1,4529,0.8,31.0,-1.8
1.0,1214.889740,255.06,-31.49,-89.24,37.88,-16.89,-16.0,1,4399,4.2,121.4,1.6
1.0,1214.899742,254.88,-9.69,-87.34,16.17,-16.18,-16.25,1,4283,5.7,107.0,2.1
1.0,1214.909740,255.06,-9.49,-87.2,16.0,-15.41,-16.75,1,4144,1.5,27.6,1.1
1.0,1214.919740,255.23,-13.17,-88.13,19.59,-14.58,-16.75,1,4042,-4.0,-14.3,-2.5
1.0,1214.929739,254.79,-18.42,-88.88,24.76,-13.69,-16.25,1,4913,-4.1,-33.4,-3.4
1.0,1214.939740,253.56,-21.39,-89.11,27.72,-12.75,-14.75,1,4777,0.1,-4.2,-1.7
1.0,1214.949739,252.07,-9.94,-87.83,16.36,-11.76,-13.25,1,4670,4.3,101.3,3.7
1.0,1214.959742,251.19,-4.61,-85.19,11.1,-10.72,-12.0,1,4534,4.1,160.0,-3.4
1.0,1214.969739,250.49,-2.91,-83.2,9.47,-9.64,-11.5,1,4403,7.4,140.9,4.0
1.0,1214.979740,249.87,-3.17,-82.72,9.75,-8.52,-10.75,1,4276,-0.5,67.5,-1.2
1.0,1214.989739,248.47,-2.51,-82.95,9.01,-7.36,-9.5,1,4149,0.4,50.5,-4.7
1.0,1214.999739,246.53,-1.9,-82.08,8.44,-6.18,-7.5,1,4047,2.7,104.6,-0.3
1.0,1215.009739,245.04,-1.62,-79.86,8.2,-4.97,-5.75,1,4909,3.4,167.2,-1.1
1.0,1215.019743,244.25,-1.09,-77.15,7.74,-3.75,-4.75,1,4785,6.4,209.1,-1.8
1.0,1215.029742,243.46,-1.04,-75.52,7.8,-2.51,-4.25,1,4666,7.8,120.6,5.5
1.0,1215.039742,242.31,-1.13,-75.93,7.85,-1.26,-3.0,1,4486,-4.5,47.6,-6.8
1.0,1215.049740,240.56,-0.5,-75.74,7.12,0.0,-1.25,1,4399,4.4,92.5,-4.6
1.0,1215.059741,238.97,-0.49,-73.78,7.24,1.26,0.5,1,4282,3.0,151.0,2.6
1.0,1215.069739,238.27,-0.53,-71.19,7.32,2.51,1.25,1,4144,6.0,200.5,-2.1
1.0,1215.079739,237.66,-0.39,-69.53,7.27,3.75,1.75,1,4055,5.0,116.3,4.4
1.0,1215.089739,236.51,-0.45,-70.0,7.28,4.97,2.75,1,4914,-3.4,37.3,-6.1
1.0,1215.099739,234.76,-0.07,-69.92,6.83,6.18,4.5,1,4776,4.3,87.2,-4.3
1.0,1215.109739,232.91,-0.09,-67.99,6.95,7.36,6.5,1,4670,2.0,143.7,2.9
1.0,1215.119742,231.68,-0.11,-65.45,7.03,8.52,7.75,1,4534,7.7,197.5,-3.2
1.0,1215.129739,230.8,0.07,-63.23,6.93,9.64,8.75,1,4404,2.3,167.6,1.8
1.0,1215.139740,229.92,-0.06,-62.55,7.02,10.72,9.5,1,4277,1.3,98.0,-0.2
1.0,1215.149739,228.43,0.1,-62.49,6.86,11.76,11.25,1,4149,2.9,76.0,-5.1
1.0,1215.159739,227.11,0.28,-61.45,6.74,12.75,12.5,1,4048,4.5,125.6,-1.3
1.0,1215.169739,226.23,0.24,-59.3,6.84,13.69,13.25,1,4909,4.2,165.8,0.8
1.0,1215.179743,225.18,0.17,-57.91,6.95,14.58,14.25,1,4785,2.1,98.4,3.4
1.0,1215.189740,224.12,0.27,-57.81,6.85,15.41,15.25,1,4663,3.9,77.8,-7.4
1.0,1215.199743,223.07,0.48,-56.83,6.67,16.18,16.5,1,4530,3.3,118.6,0.4
1.0,1215.209740,222.63,0.3,-55.31,6.87,16.89,17.0,1,4399,-0.0,110.9,2.8
1.0,1215.219742,222.54,0.32,-54.53,6.85,17.53,17.0,1,4284,3.7,85.6,-3.4
1.0,1215.229739,222.1,0.38,-54.61,6.79,18.1,17.25,1,4145,-2.4,17.7,2.8
1.0,1215.239740,221.22,0.33,-55.19,6.81,18.6,18.25,1,4055,2.3,9.6,-4.4
1.0,1215.249740,220.52,0.52,-54.61,6.68,19.02,19.25,1,4914,3.6,66.1,-0.3
1.0,1215.259739,219.99,0.45,-52.94,6.79,19.37,19.75,1,4778,1.9,111.2,1.5
1.0,1215.269740,219.9,0.37,-51.96,6.86,19.65,19.75,1,4671,-0.9,53.1,2.2
1.0,1215.279742,219.99,0.44,-52.25,6.8,19.84,19.25,1,4535,4.8,29.2,-4.2
1.0,1215.289740,220.34,0.48,-52.54,6.75,19.96,19.25,1,4404,-5.8,-5.6,4.0
1.0,1215.299740,219.55,0.36,-53.1,6.8,20.0,20.0,1,4277,2.8,-21.3,-4.6
1.0,1215.309740,218.5,0.61,-53.16,6.64,19.96,21.25,1,4149,2.4,10.0,-0.8
1.0,1215.319740,217.88,0.51,-51.83,6.76,19.84,21.75,1,4048,0.3,101.4,2.9
1.0,1215.329740,217.97,0.43,-50.0,6.84,19.65,21.25,1,4910,1.6,91.9,0.5
1.0,1215.339743,218.14,0.47,-49.96,6.81,19.37,20.75,1,4785,-0.9,14.1,0.3
1.0,1215.349740,219.02,0.46,-50.79,6.77,19.02,20.25,1,4663,-0.7,-5.7,-1.2
1.0,1215.359743,219.73,0.52,-51.61,6.71,18.6,19.75,1,4531,0.6,-62.5,-1.4
1.0,1215.369740,220.08,0.51,-53.03,6.71,18.1,19.5,1,4400,-2.2,-84.7,2.0
1.0,1215.379740,220.43,0.43,-53.73,6.77,17.53,19.0,1,4282,-0.8,-47.2,0.7
1.0,1215.389739,221.04,0.45,-53.64,6.76,16.89,17.75,1,4145,-0.6,-29.2,0.8
1.0,1215.399740,222.54,0.38,-53.87,6.8,16.18,16.75,1,4047,-3.7,-40.3,2.8
1.0,1215.409740,223.33,0.32,-55.27,6.79,15.41,16.25,1,4915,-3.1,-129.6,-1.4
1.0,1215.419741,223.77,0.47,-57.34,6.64,14.58,15.5,1,4779,1.6,-117.6,-2.3
1.0,1215.429740,224.65,0.36,-57.74,6.75,13.69,14.0,1,4671,-5.8,-51.5,7.7
1.0,1215.439741,226.23,0.12,-57.75,6.93,12.75,12.75,1,4534,-1.5,-66.7,-0.1
1.0,1215.449740,227.2,0.26,-59.26,6.78,11.76,12.25,1,4405,-3.5,-136.7,0.5
1.0,1215.459740,227.64,0.3,-61.33,6.72,10.72,11.25,1,4277,0.4,-136.3,-2.4
1.0,1215.469739,228.43,0.21,-61.94,6.8,9.64,10.25,1,4150,-5.4,-62.0,7.7
1.0,1215.479740,229.66,-0.05,-61.73,7.0,8.52,8.75,1,4049,-2.3,-52.8,-0.5
1.0,1215.489740,231.24,0.2,-62.81,6.78,7.36,7.25,1,4910,2.0,-117.5,-1.6
1.0,1215.499742,232.56,0.05,-64.91,6.9,6.18,6.25,1,4786,-8.3,-145.1,7.0
1.0,1215.509740,233.96,-0.17,-66.62,7.02,4.97,5.0,1,4664,-1.0,-142.7,-3.8
1.0,1215.519743,235.02,0.0,-68.04,6.86,3.75,4.25,1,4531,-5.0,-144.3,5.0
1.0,1215.529740,235.9,-0.33,-69.27,7.14,2.51,3.0,1,4401,-3.4,-122.2,1.2
1.0,1215.539740,236.69,-0.25,-69.99,7.05,1.26,1.75,1,4282,-1.1,-94.0,0.7
1.0,1215.549740,237.74,-0.34,-70.49,7.13,-0.0,0.5,1,4146,-3.9,-78.2,3.4
1.0,1215.559740,238.71,-0.41,-71.42,7.16,-1.26,-0.5,1,4056,-2.1,-108.1,-2.2
1.0,1215.569740,239.94,-0.41,-72.76,7.13,-2.51,-1.75,1,4915,-3.9,-104.5,4.0
1.0,1215.579741,241.17,-0.67,-73.69,7.37,-3.75,-3.0,1,4781,-1.8,-96.8,0.3
1.0,1215.589740,242.4,-0.69,-74.99,7.37,-4.97,-4.25,1,4671,-3.5,-136.9,2.6
1.0,1215.599743,243.37,-0.9,-76.69,7.53,-6.18,-5.25,1,4535,-4.1,-130.4,-0.6
1.0,1215.609740,244.51,-0.96,-77.67,7.56,-7.36,-6.5,1,4405,-2.6,-104.0,2.6
1.0,1215.619739,245.74,-1.19,-78.38,7.8,-8.52,-7.75,1,4277,-1.2,-97.3,0.7
1.0,1215.629739,246.97,-1.44,-79.73,8.03,-9.64,-9.0,1,4150,-3.5,-141.6,3.5
1.0,1215.639740,248.03,-1.83,-81.47,8.36,-10.72,-10.25,1,4049,-4.7,-129.8,-2.2
1.0,1215.649740,248.82,-1.99,-82.48,8.49,-11.76,-11.0,1,4911,-1.1,-113.6,4.4
1.0,1215.659742,249.96,-2.67,-83.25,9.18,-12.75,-12.0,1,4786,-3.2,-93.2,-0.7
1.0,1215.669740,251.19,-2.69,-83.95,9.18,-13.69,-13.25,1,4665,-0.0,-90.3,2.0
1.0,1215.679740,251.98,-4.01,-85.19,10.5,-14.58,-14.25,1,4528,-3.8,-127.3,3.0
1.0,1215.689740,252.07,-5.83,-86.73,12.24,-15.41,-14.25,1,4410,-4.9,-117.2,-1.9
1.0,1215.699740,252.6,-5.47,-86.97,11.87,-16.18,-14.75,1,4282,0.6,-33.9,0.8
1.0,1215.709740,253.65,-5.28,-86.36,11.74,-16.89,-15.75,1,4146,0.8,-21.8,2.6
1.0,1215.719740,254.71,-7.0,-86.97,13.46,-17.53,-17.25,1,4056,-1.0,-74.8,1.8
1.0,1215.729740,255.94,-16.86,-88.76,23.25,-18.1,-18.5,1,4915,-4.4,-128.0,0.1
1.0,1215.739740,256.46,-148.44,-89.33,154.78,-18.6,-19.0,1,4780,-2.7,-123.0,0.8
1.0,1215.749740,256.73,-165.38,-88.48,171.72,-19.02,-19.25,1,4671,-2.0,-94.8,3.0
1.0,1215.759741,256.82,-165.53,-88.45,171.89,-19.37,-19.25,1,4534,0.2,-31.4,-1.6
1.0,1215.769740,256.73,-158.3,-88.98,164.67,-19.65,-19.25,1,4405,0.3,-7.9,3.8
1.0,1215.779740,257.08,-149.55,-89.17,155.93,-19.84,-19.5,1,4278,-0.1,-0.8,-0.5
1.0,1215.789740,257.7,-151.9,-89.19,158.28,-19.96,-20.25,1,4151,1.0,-6.6,0.5
1.0,1215.799740,257.78,-162.86,-88.61,169.23,-20.0,-20.5,1,4050,-1.7,-55.1,2.0
1.0,1215.809740,257.7,-170.28,-87.62,176.61,-19.96,-19.75,1,4911,-2.0,-53.8,-1.7
1.0,1215.819742,257.52,-170.05,-87.81,176.39,-19.84,-18.75,1,4786,0.6,17.5,1.6
1.0,1215.829740,257.08,-158.47,-88.8,164.85,-19.65,-18.5,1,4665,2.7,33.5,2.9
1.0,1215.839743,257.08,-131.62,-89.37,138.05,-19.37,-18.75,1,4532,3.5,53.5,2.1
1.0,1215.849740,257.08,-108.22,-89.51,114.66,-19.02,-19.25,1,4401,0.5,6.4,0.8
1.0,1215.859739,257.17,-145.23,-89.22,151.62,-18.6,-19.0,1,4283,-2.5,-1.5,-0.5
1.0,1215.869740,257.08,-155.23,-89.07,161.57,-18.1,-18.75,1,4146,-1.8,-12.2,-3.9
1.0,1215.879740,256.11,-157.39,-89.02,163.73,-17.53,-17.5,1,5045,-0.8,4.7,2.4
1.0,1215.889740,255.06,-129.46,-89.46,135.83,-16.89,-16.25,1,4916,1.7,39.1,-1.9
1.0,1215.899740,254.44,-17.06,-88.68,23.5,-16.18,-15.25,1,4788,4.4,125.8,1.5
1.0,1215.909740,254.27,-7.73,-86.7,14.24,-15.41,-15.5,1,4670,6.5,114.0,2.9
1.0,1215.919740,254.44,-7.51,-86.53,14.06,-14.58,-16.0,1,4534,1.1,29.6,0.2
1.0,1215.929739,254.62,-9.12,-87.47,15.58,-13.69,-16.25,1,4406,-4.0,-10.5,-2.8
1.0,1215.939739,254.18,-10.79,-88.18,17.16,-12.75,-15.25,1,4279,-3.8,-30.3,-3.0
1.0,1215.949739,252.77,-11.2,-88.37,17.57,-11.76,-13.75,1,4151,0.2,1.3,-1.8
1.0,1215.959739,251.19,-6.78,-86.98,13.24,-10.72,-12.25,1,5038,4.3,107.8,3.4
1.0,1215.969739,249.87,-3.83,-84.33,10.37,-9.64,-10.75,1,4911,4.6,159.3,-2.0
1.0,1215.979743,248.64,-2.44,-82.26,9.03,-8.52,-9.5,1,4787,5.4,155.8,1.5
1.0,1215.989739,247.68,-2.13,-80.96,8.74,-7.36,-8.5,1,4668,2.5,133.8,-2.3
1.0,1215.999739,246.27,-1.66,-80.08,8.27,-6.18,-7.25,1,4529,3.0,110.1,-0.7
1.0,1216.009739,245.04,-1.48,-79.29,8.11,-4.97,-5.75,1,4410,1.3,103.6,-2.0
1.0,1216.019742,243.72,-1.05,-77.87,7.7,-3.75,-4.5,1,4278,5.2,148.0,-3.3
1.0,1216.029739,242.67,-0.95,-76.11,7.69,-2.51,-3.25,1,4147,4.5,132.0,4.3
2.0,1218.059740,240.91,-0.91,-75.47,7.66,0.0,-1.75,1,4807,7.6,291.1,-3.9
2.0,1218.069739,238.27,-0.55,-72.45,7.4,2.51,0.75,1,4671,8.0,266.7,0.7
2.0,1218.079739,235.46,-0.4,-70.26,7.3,4.97,3.75,1,4544,5.1,243.4,-5.9
2.0,1218.089739,233.09,-0.01,-67.68,6.94,7.36,6.5,1,4416,8.0,281.2,-4.9
2.0,1218.099739,231.06,0.03,-64.37,7.0,9.64,8.25,1,4281,7.1,293.1,1.5
2.0,1218.109739,229.04,-0.05,-62.15,7.14,11.76,10.25,1,4187,5.7,210.0,0.4
2.0,1218.119743,226.76,0.17,-61.13,6.95,13.69,12.75,1,5052,6.8,185.3,-7.8
2.0,1218.129740,224.74,0.39,-59.18,6.77,15.41,14.75,1,4922,4.1,219.4,-1.4
2.0,1218.139740,223.07,0.29,-56.26,6.91,16.89,16.25,1,4803,5.9,258.3,-0.1
2.0,1218.149740,221.84,0.3,-54.18,6.98,18.1,17.75,1,4667,4.0,168.6,1.6
2.0,1218.159740,221.22,0.41,-53.72,6.89,19.02,18.25,1,4540,6.3,136.2,-6.7
2.0,1218.169740,220.69,0.5,-52.99,6.82,19.65,18.75,1,4412,-0.1,104.7,3.4
2.0,1218.179740,219.46,0.31,-52.88,6.95,19.96,20.0,1,4287,-1.0,42.6,-1.5
2.0,1218.189740,218.14,0.56,-52.7,6.76,19.96,21.25,1,4183,10.5,80.7,-6.7
2.0,1218.199741,217.27,0.66,-50.95,6.77,19.65,22.25,1,5046,-1.3,136.8,4.0
2.0,1218.209740,217.27,0.41,-49.17,6.95,19.02,22.25,1,4926,1.3,122.3,0.4
2.0,1218.219740,217.79,0.49,-48.91,6.89,18.1,21.25,1,4799,0.5,40.4,-0.5
2.0,1218.229740,219.2,0.5,-49.77,6.86,16.89,19.75,1,4671,-0.5,-3.9,-0.1
2.0,1218.239740,221.22,0.46,-51.4,6.85,15.41,17.75,1,4544,-3.5,-119.0,0.7
2.0,1218.249740,223.59,0.39,-54.39,6.85,13.69,15.25,1,4417,-4.1,-184.1,1.8
2.0,1218.259740,225.44,0.31,-57.25,6.87,11.76,13.75,1,4280,-5.8,-220.6,1.9
2.0,1218.269740,226.67,0.28,-60.18,6.83,9.64,12.5,1,4188,-4.5,-256.7,-0.4
2.0,1218.279743,227.81,0.34,-61.7,6.78,7.36,10.75,1,5052,0.3,-115.7,1.1
2.0,1218.289740,230.1,0.16,-61.53,6.97,4.97,8.25,1,4922,-6.8,-124.0,7.7
2.0,1218.299739,232.91,-0.06,-63.37,7.08,2.51,5.5,1,4803,-5.1,-175.9,-1.3
2.0,1218.309740,235.99,-0.05,-66.52,6.97,-0.0,2.25,1,4668,-9.0,-263.0,5.0
2.0,1218.319740,239.15,-0.42,-70.31,7.25,-2.51,-0.5,1,4540,-7.8,-291.8,2.6
2.0,1218.329740,241.26,-0.59,-73.92,7.35,-4.97,-2.5,1,4413,-8.6,-331.7,2.7
2.0,1218.339740,242.84,-0.69,-77.31,7.4,-7.36,-4.75,1,4279,-4.2,-299.1,-2.4
2.0,1218.349740,245.3,-0.94,-78.63,7.65,-9.64,-7.25,1,4183,-4.9,-164.9,9.1
2.0,1218.359743,248.03,-1.7,-79.21,8.37,-11.76,-10.25,1,5048,-5.7,-192.5,0.9
2.0,1218.369740,250.75,-2.0,-82.16,8.59,-13.69,-13.0,1,4927,-6.8,-267.2,2.5
2.0,1218.379741,252.16,-4.57,-85.97,11.07,-15.41,-14.5,1,4809,-9.7,-306.8,2.5
2.0,1218.389740,253.39,-11.42,-88.45,17.83,-16.89,-15.75,1,4672,-5.9,-209.9,-1.7
2.0,1218.399740,254.88,-13.14,-88.63,19.6,-18.1,-17.25,1,4544,2.1,-115.1,5.3
2.0,1218.409740,256.73,-23.66,-88.97,30.19,-19.02,-19.25,1,4417,-2.7,-134.1,3.9
2.0,1218.419740,258.4,-160.46,-88.8,166.88,-19.65,-20.75,1,4284,-6.4,-188.4,0.3
2.0,1218.429740,259.37,-173.48,-86.61,179.84,-19.96,-22.0,1,4188,-2.2,-169.5,2.4
2.0,1218.439743,259.45,-174.64,-85.36,-178.97,-19.96,-22.0,1,5053,-3.1,-143.6,3.0
2.0,1218.449740,259.01,-174.94,-85.13,-178.69,-19.65,-21.25,1,4923,-0.5,-49.2,-0.6
2.0,1218.459740,258.31,-173.12,-86.43,179.52,-19.02,-20.0,1,4804,1.3,36.2,3.6
2.0,1218.469740,258.22,-165.63,-88.03,172.08,-18.1,-19.5,1,4668,4.3,78.2,2.1
2.0,1218.479740,257.61,-152.35,-88.94,158.86,-16.89,-19.0,1,4540,2.9,55.0,1.9
2.0,1218.489740,256.55,-153.19,-88.93,159.67,-15.41,-18.0,1,4413,-1.8,21.9,-0.5
2.0,1218.499739,254.97,-144.98,-89.35,151.4,-13.69,-16.25,1,4288,-1.3,75.0,-7.8
2.0,1218.509739,252.77,-14.15,-88.64,20.61,-11.76,-14.0,1,4184,4.1,132.7,3.5
2.0,1218.519740,250.58,-6.02,-86.16,12.57,-9.64,-11.5,1,5046,3.9,192.3,-3.8
2.0,1218.529739,248.47,-2.53,-83.17,9.12,-7.36,-9.5,1,4927,6.4,239.9,-2.0
2.0,1218.539739,246.36,-1.96,-80.5,8.66,-4.97,-7.25,1,4808,8.6,220.0,2.4
2.0,1218.549739,243.9,-1.52,-78.68,8.26,-2.51,-4.75,1,4672,2.6,202.1,-6.2
2.0,1218.559740,241.0,-0.71,-76.49,7.44,-0.0,-1.75,1,4545,6.7,237.2,-4.0
2.0,1218.569739,237.83,-0.53,-73.38,7.37,2.51,1.25,1,4417,6.8,275.9,-0.6
2.0,1218.579739,235.81,-0.33,-69.85,7.25,4.97,3.75,1,4281,8.8,313.7,-4.1
2.0,1218.589739,233.61,-0.13,-66.61,7.13,7.36,5.75,1,4183,7.4,286.3,0.7
2.0,1218.599743,231.24,-0.15,-64.94,7.16,9.64,8.25,1,5053,2.2,195.1,-2.9
2.0,1218.609739,228.78,0.15,-63.66,6.88,11.76,10.75,1,4923,9.5,218.7,-8.0
2.0,1218.619741,226.58,0.28,-60.88,6.87,13.69,12.75,1,4805,4.3,255.1,3.3
2.0,1218.629740,224.82,0.12,-58.12,7.05,15.41,14.75,1,4668,5.9,239.7,-2.0
2.0,1218.639740,223.15,0.34,-56.22,6.9,16.89,16.25,1,4540,7.0,205.1,-3.8
2.0,1218.649740,221.66,0.39,-54.77,6.88,18.1,17.75,1,4413,2.0,179.0,0.0
2.0,1218.659740,220.96,0.37,-53.56,6.91,19.02,18.75,1,4280,5.3,147.7,-2.6
2.0,1218.669740,220.69,0.46,-52.68,6.87,19.65,18.75,1,4184,3.4,119.4,0.1
2.0,1218.679739,220.25,0.38,-52.55,6.93,19.96,19.25,1,5046,-1.0,41.3,1.1
2.0,1218.689740,219.38,0.45,-53.09,6.86,19.96,20.0,1,4927,4.8,24.2,-4.7
2.0,1218.699740,218.85,0.6,-52.53,6.77,19.65,20.75,1,4809,2.2,73.0,0.2
2.0,1218.709740,218.58,0.43,-51.35,6.91,19.02,21.0,1,4673,-2.2,69.4,3.2
2.0,1218.719740,218.76,0.43,-50.85,6.92,18.1,20.25,1,4545,4.3,53.9,-2.7
2.0,1218.729740,219.9,0.51,-51.04,6.86,16.89,19.0,1,4418,-3.4,-3.4,2.6
2.0,1218.739740,221.66,0.37,-52.19,6.92,15.41,17.25,1,4282,-0.8,-58.2,-0.4
2.0,1218.749740,223.77,0.42,-54.2,6.85,13.69,15.25,1,4192,-3.5,-145.8,0.7
2.0,1218.759742,225.7,0.3,-57.18,6.87,11.76,13.5,1,5054,-7.1,-210.9,2.5
2.0,1218.769740,227.46,0.24,-60.15,6.87,9.64,11.75,1,4923,-2.5,-231.8,-0.4
2.0,1218.779741,229.39,0.25,-62.06,6.87,7.36,9.25,1,4806,-4.0,-170.3,4.2
2.0,1218.789740,231.77,-0.0,-63.28,7.06,4.97,6.75,1,4669,-7.4,-183.4,4.5
2.0,1218.799740,234.32,-0.1,-65.57,7.07,2.51,4.25,1,4541,-5.7,-214.9,0.0
2.0,1218.809740,236.87,-0.1,-68.48,7.01,0.0,1.5,1,4413,-5.3,-260.3,2.4
2.0,1218.819740,240.03,-0.44,-71.51,7.3,-2.51,-1.5,1,4286,-8.0,-257.4,6.4
2.0,1218.829740,242.49,-0.79,-74.42,7.56,-4.97,-3.75,1,4185,-7.4,-294.0,0.7
2.0,1218.839739,243.9,-0.86,-77.83,7.55,-7.36,-5.5,1,5047,-8.6,-303.5,1.0
2.0,1218.849740,245.92,-1.22,-79.84,7.85,-9.64,-7.75,1,4928,-4.8,-191.8,2.0
2.0,1218.859740,248.47,-1.7,-80.14,8.37,-11.76,-10.5,1,4809,-0.7,-141.5,7.7
2.0,1218.869740,250.84,-2.41,-82.11,9.05,-13.69,-13.0,1,4673,-9.0,-247.9,-1.8
2.0,1218.879740,252.25,-4.25,-86.02,10.73,-15.41,-14.25,1,4546,-8.0,-284.6,3.9
2.0,1218.889740,253.12,-10.8,-88.27,17.24,-16.89,-15.25,1,4418,-5.6,-191.0,-2.6
2.0,1218.899740,254.62,-9.75,-88.23,16.24,-18.1,-17.0,1,4282,2.2,-89.0,4.5
2.0,1218.909740,255.94,-15.14,-88.42,21.69,-19.02,-18.25,1,5173,-1.9,-124.0,5.0
2.0,1218.919743,256.64,-136.8,-89.42,143.25,-19.65,-19.25,1,5054,-6.9,-159.2,-1.9
2.0,1218.929740,257.08,-169.44,-88.24,175.82,-19.96,-19.5,1,4925,-1.4,-95.7,-0.3
2.0,1218.939740,256.99,-167.44,-88.19,173.86,-19.96,-19.25,1,4806,-1.2,-67.3,5.9
2.0,1218.949740,256.99,-164.28,-88.4,170.72,-19.65,-19.25,1,4669,1.3,-5.5,-2.0
2.0,1218.959740,257.17,-153.7,-89.13,160.18,-19.02,-19.5,1,4542,1.7,14.0,3.4
2.0,1218.969740,257.08,-152.23,-89.08,158.69,-18.1,-18.75,1,4414,-2.9,-22.4,-0.9
2.0,1218.979740,256.11,-161.81,-88.82,168.22,-16.89,-17.5,1,4290,-0.3,5.6,-1.2
2.0,1218.989740,254.79,-139.24,-89.41,145.69,-15.41,-15.75,1,5174,2.4,39.5,2.2
2.0,1218.999741,253.92,-16.97,-88.57,23.5,-13.69,-14.75,1,5048,4.9,147.2,0.1
2.0,1219.009739,252.95,-6.34,-86.16,12.97,-11.76,-14.25,1,4929,8.0,137.2,3.7
2.0,1219.019739,251.46,-5.55,-85.52,12.17,-9.64,-12.75,1,4810,-2.8,74.3,-2.5
2.0,1219.029739,249.52,-3.35,-85.04,9.89,-7.36,-10.75,1,4673,2.9,112.2,-8.1
2.0,1219.039739,246.97,-2.11,-82.95,8.73,-4.97,-8.0,1,4546,3.3,172.1,3.6
2.0,1219.049739,244.07,-1.89,-80.0,8.57,-2.51,-5.0,1,4410,5.8,234.6,-3.5
2.0,1219.059743,241.17,-0.86,-76.6,7.63,0.0,-1.75,1,4286,8.1,277.9,-3.6
2.0,1219.069739,238.89,-0.55,-73.07,7.4,2.51,0.5,1,5182,7.6,309.5,-1.2
2.0,1219.079742,236.78,-0.44,-69.96,7.38,4.97,2.25,1,5055,9.2,280.1,0.0
2.0,1219.089739,234.4,-0.32,-68.29,7.29,7.36,4.75,1,4924,1.4,196.4,-3.3
2.0,1219.099741,231.77,-0.0,-66.93,6.96,9.64,7.75,1,4807,9.6,219.5,-8.0
2.0,1219.109739,229.31,0.18,-64.09,6.9,11.76,10.25,1,4669,4.3,260.9,1.7
2.0,1219.119739,227.46,0.06,-60.78,7.06,13.69,12.0,1,4542,8.7,289.4,-2.2
2.0,1219.129740,225.35,0.19,-58.41,7.02,15.41,13.75,1,4414,4.8,208.6,1.3
2.0,1219.139740,223.15,0.27,-57.4,6.95,16.89,16.25,1,4287,5.4,182.1,-7.5
2.0,1219.149740,221.31,0.49,-55.55,6.78,18.1,18.5,1,5175,6.6,210.8,-1.4
2.0,1219.159741,220.08,0.43,-52.82,6.92,19.02,19.5,1,5050,5.0,244.6,-0.1
2.0,1219.169740,219.46,0.41,-50.95,6.98,19.65,20.0,1,4929,4.4,153.8,2.1
2.0,1219.179740,219.2,0.46,-51.13,6.94,19.96,20.25,1,4810,2.1,72.5,-4.7
2.0,1219.189740,219.02,0.53,-51.55,6.82,19.96,20.5,1,4674,0.4,39.1,-0.1
2.0,1219.199740,219.11,0.45,-51.64,6.9,19.65,20.5,1,4546,-0.3,25.0,0.7
2.0,1219.209740,219.38,0.46,-51.67,6.9,19.02,19.5,1,4410,2.2,11.1,-0.4
2.0,1219.219743,220.61,0.45,-52.05,6.9,18.1,18.75,1,4286,-3.8,-24.7,1.9
2.0,1219.229740,221.31,0.38,-53.25,6.89,16.89,18.0,1,5182,-1.7,-84.3,-1.7
2.0,1219.239742,221.84,0.55,-54.9,6.73,15.41,16.75,1,5055,2.7,-105.0,-3.9
2.0,1219.249740,223.77,0.46,-55.69,6.83,13.69,15.0,1,4925,-6.2,-58.1,8.6
2.0,1219.259740,226.05,0.19,-56.53,7.01,11.76,12.75,1,4806,-3.5,-131.2,-1.8
2.0,1219.269740,228.34,0.25,-59.44,6.86,9.64,10.25,1,4669,-8.0,-217.8,4.3
2.0,1219.279740,230.62,0.02,-62.59,7.01,7.36,8.5,1,4542,-6.0,-227.8,2.0
2.0,1219.289740,231.94,0.08,-65.06,6.93,4.97,7.0,1,4415,-2.7,-237.0,-0.6
2.0,1219.299740,233.35,0.13,-66.95,6.89,2.51,5.0,1,4290,-2.6,-179.8,1.6
2.0,1219.309740,235.9,-0.16,-67.68,7.15,-0.0,2.5,1,5175,-5.4,-130.9,8.2
2.0,1219.319740,238.62,-0.4,-69.21,7.31,-2.51,-0.5,1,5049,-6.8,-201.4,-1.5
2.0,1219.329740,241.35,-0.42,-72.52,7.23,-4.97,-3.25,1,4929,-7.1,-260.9,5.1
2.0,1219.339740,243.98,-0.93,-76.2,7.67,-7.36,-6.0,1,4810,-9.0,-307.8,1.5
2.0,1219.349740,246.09,-1.23,-79.47,7.87,-9.64,-8.25,1,4674,-8.0,-280.0,2.0
2.0,1219.359740,248.47,-1.8,-81.5,8.42,-11.76,-10.5,1,4547,-3.9,-231.5,3.5
2.0,1219.369740,250.58,-2.46,-83.16,9.08,-13.69,-12.75,1,4411,-4.7,-214.6,1.6
2.0,1219.379743,252.6,-4.07,-85.45,10.62,-15.41,-15.0,1,4286,-6.0,-246.3,4.4
2.0,1219.389740,253.74,-9.26,-87.89,15.75,-16.89,-16.25,1,5183,-6.2,-213.8,-1.2
2.0,1219.399742,255.06,-30.42,-89.35,36.86,-18.1,-17.5,1,5054,-4.5,-184.6,4.5
2.0,1219.409740,256.11,-108.34,-89.62,114.8,-19.02,-18.75,1,4925,-0.4,-97.0,-1.5
2.0,1219.419740,257.34,-142.68,-89.38,149.17,-19.65,-19.75,1,4806,-1.7,-124.8,7.5
2.0,1219.429740,258.22,-167.61,-88.01,174.06,-19.96,-20.75,1,4670,-3.6,-117.4,-3.5
2.0,1219.439740,258.49,-172.76,-87.1,179.17,-19.96,-21.25,1,4544,-0.9,-100.8,5.2
2.0,1219.449740,258.4,-172.54,-86.54,178.97,-19.65,-20.75,1,4416,-2.1,-71.1,-0.1
2.0,1219.459740,258.05,-172.91,-86.83,179.33,-19.02,-20.0,1,4288,0.4,-1.3,-0.1
2.0,1219.469740,258.13,-167.31,-88.01,173.79,-18.1,-19.25,1,5176,3.3,50.6,4.6
2.0,1219.479741,256.99,-155.39,-88.79,161.91,-16.89,-18.5,1,5049,1.9,31.8,2.3
2.0,1219.489740,255.59,-152.18,-89.03,158.66,-15.41,-16.75,1,4929,-1.4,43.5,-2.7
2.0,1219.499739,254.18,-42.13,-89.45,48.6,-13.69,-15.25,1,4811,1.4,114.4,-3.1
2.0,1219.509739,252.16,-7.43,-87.14,13.98,-11.76,-13.25,1,4675,6.6,172.3,1.3
2.0,1219.519739,249.87,-4.64,-84.95,11.27,-9.64,-11.0,1,4547,3.9,161.6,0.2
2.0,1219.529739,247.76,-2.51,-82.94,9.14,-7.36,-8.5,1,4411,4.0,212.8,-8.4
2.0,1219.539742,245.48,-1.32,-79.93,8.02,-4.97,-6.25,1,4287,7.3,249.8,2.3
2.0,1219.549739,243.37,-1.43,-77.31,8.23,-2.51,-4.25,1,5181,7.1,225.0,-0.3
2.0,1219.559742,240.73,-0.88,-75.54,7.7,-0.0,-1.5,1,5055,3.7,201.9,-5.9
2.0,1219.569739,238.01,-0.42,-73.37,7.26,2.51,1.25,1,4925,5.9,240.0,-3.3
2.0,1219.579739,235.55,-0.3,-70.16,7.22,4.97,3.75,1,4806,6.6,283.3,-1.4
2.0,1219.589739,233.09,-0.22,-67.06,7.21,7.36,6.25,1,4671,6.5,267.2,-0.6
2.0,1219.599739,230.62,-0.06,-64.91,7.09,9.64,8.75,1,4543,5.6,230.5,-4.8
2.0,1219.609739,228.52,0.18,-62.73,6.92,11.76,10.75,1,4416,8.6,254.5,-3.4
2.0,1219.619739,226.23,0.17,-60.12,7.01,13.69,13.25,1,4291,4.7,237.5,2.4
2.0,1219.629740,224.47,0.2,-58.15,6.99,15.41,15.25,1,5176,6.1,214.2,-6.7
2.0,1219.639740,223.07,0.45,-56.07,6.82,16.89,16.5,1,5049,7.5,230.5,-1.7
2.0,1219.649740,221.57,0.33,-54.4,7.0,18.1,17.75,1,4930,2.2,151.6,4.8
2.0,1219.659740,220.17,0.36,-53.87,6.96,19.02,19.5,1,4811,5.7,131.7,-8.5
2.0,1219.669740,219.11,0.6,-52.43,6.76,19.65,20.5,1,4675,3.6,164.0,-0.0
2.0,1219.679740,218.94,0.44,-50.66,6.96,19.96,20.75,1,4548,2.1,144.1,2.8
2.0,1219.689740,219.02,0.41,-50.33,6.98,19.96,20.25,1,4412,0.0,52.8,-1.6
2.0,1219.699743,219.11,0.46,-51.32,6.87,19.65,20.25,1,4287,-0.4,-7.6,-1.0
2.0,1219.709740,219.11,0.51,-52.19,6.83,19.02,20.5,1,5183,0.9,-25.9,-2.6
2.0,1219.719741,219.2,0.57,-52.29,6.8,18.1,19.75,1,5055,3.0,7.9,0.5
2.0,1219.729740,220.52,0.45,-52.04,6.93,16.89,18.5,1,4926,-4.4,-9.1,4.7
2.0,1219.739740,222.19,0.35,-52.83,6.95,15.41,16.5,1,4807,-0.4,-61.8,-2.1
2.0,1219.749740,224.38,0.41,-54.91,6.85,13.69,14.75,1,4671,-5.8,-154.8,3.0
2.0,1219.759740,225.7,0.23,-57.98,6.93,11.76,13.25,1,4543,-7.0,-214.3,0.8
2.0,1219.769740,227.11,0.36,-60.42,6.79,9.64,11.5,1,4416,2.7,-183.9,-3.2
2.0,1219.779740,229.57,0.29,-61.5,6.9,7.36,9.0,1,4292,-6.9,-138.4,10.5
2.0,1219.789740,232.03,-0.1,-62.9,7.16,4.97,6.5,1,5177,-7.4,-185.8,-1.6
2.0,1219.799740,234.49,-0.01,-65.96,6.96,2.51,4.0,1,5058,-7.4,-258.3,3.6
2.0,1219.809740,237.22,-0.24,-69.16,7.15,-0.0,1.0,1,4931,-5.4,-247.7,2.0
2.0,1219.819740,240.03,-0.42,-71.57,7.29,-2.51,-1.75,1,4812,-6.3,-251.5,5.4
2.0,1219.829740,242.31,-0.73,-74.72,7.52,-4.97,-3.5,1,4676,-9.1,-311.2,0.3
2.0,1219.839740,243.46,-0.72,-77.96,7.42,-7.36,-5.25,1,4549,-4.6,-264.4,-1.3
2.0,1219.849740,245.57,-1.1,-79.19,7.82,-9.64,-7.75,1,4412,-3.3,-169.2,8.3
2.0,1219.859743,248.2,-1.77,-79.81,8.47,-11.76,-10.25,1,4288,-5.3,-157.7,0.9
2.0,1219.869740,250.22,-2.02,-82.18,8.64,-13.69,-12.5,1,5184,-6.2,-248.2,2.3
2.0,1219.879743,251.98,-3.74,-85.46,10.29,-15.41,-14.5,1,5057,-6.9,-238.4,0.3
2.0,1219.889740,253.65,-7.04,-87.37,13.54,-16.89,-16.0,1,4926,-3.7,-201.4,4.6
2.0,1219.899740,254.88,-16.0,-88.68,22.51,-18.1,-17.5,1,4807,-3.3,-171.7,0.2
2.0,1219.909740,256.11,-75.66,-89.65,82.14,-19.02,-18.5,1,4672,-3.5,-147.3,2.9
2.0,1219.919740,257.08,-157.25,-89.0,163.71,-19.65,-19.5,1,4544,-2.6,-125.4,1.8
2.0,1219.929740,257.87,-167.46,-88.21,173.92,-19.96,-20.5,1,4416,-1.5,-104.6,1.6
2.0,1219.939743,258.05,-170.53,-87.57,176.99,-19.96,-20.75,1,4292,-1.2,-85.6,1.6
2.0,1219.949740,257.96,-171.98,-87.08,178.43,-19.65,-20.25,1,5177,-1.8,-68.4,1.1
2.0,1219.959740,257.7,-171.31,-87.33,177.75,-19.02,-19.25,1,5050,0.6,8.8,0.3
2.0,1219.969740,257.26,-162.5,-88.55,169.0,-18.1,-18.75,1,4931,3.4,48.4,4.2
2.0,1219.979740,256.2,-146.73,-89.12,153.26,-16.89,-17.75,1,4812,1.1,25.2,0.8
2.0,1219.989740,254.71,-116.71,-89.51,123.23,-15.41,-16.25,1,4676,0.5,74.4,-0.5
2.0,1219.999740,253.21,-14.02,-88.43,20.53,-13.69,-14.25,1,4549,1.0,125.1,-4.1
2.0,1220.009740,251.72,-5.35,-86.26,11.93,-11.76,-12.75,1,4412,6.9,169.7,1.1
2.0,1220.019743,249.96,-3.94,-84.17,10.62,-9.64,-11.25,1,4288,5.6,164.0,0.8
2.0,1220.029740,247.94,-2.72,-82.73,9.39,-7.36,-8.75,1,5183,0.0,150.7,-5.0
2.0,1220.039740,245.65,-1.57,-80.94,8.23,-4.97,-6.5,1,5055,6.0,192.9,-3.2
2.0,1220.049740,243.28,-1.2,-78.19,7.97,-2.51,-4.25,1,4927,6.2,232.4,0.2
2.0,1220.059739,240.47,-1.0,-75.57,7.83,0.0,-1.25,1,4808,5.9,222.6,-1.2
2.0,1220.069740,238.18,-0.49,-73.06,7.38,2.51,1.25,1,4672,7.5,260.7,-7.4
2.0,1220.079740,235.81,-0.19,-69.8,7.14,4.97,3.25,1,4545,6.1,288.4,0.9
2.0,1220.089740,233.17,-0.35,-67.26,7.35,7.36,6.0,1,4417,4.9,225.8,0.9
2.0,1220.099743,230.89,0.01,-65.54,7.05,9.64,8.75,1,4292,10.7,234.8,-11.0
2.0,1220.109740,228.6,0.28,-62.74,6.88,11.76,10.75,1,5180,4.1,271.8,3.1
2.0,1220.119740,226.93,0.02,-59.91,7.18,13.69,12.25,1,5050,7.6,245.7,0.7
2.0,1220.129740,224.91,0.19,-58.51,7.04,15.41,14.5,1,4931,1.9,166.2,-4.9
2.0,1220.139740,223.15,0.38,-57.4,6.83,16.89,16.5,1,4813,6.9,189.9,-5.4
2.0,1220.149740,222.1,0.44,-54.86,6.89,18.1,17.5,1,4676,5.0,230.9,1.7
2.0,1220.159740,221.48,0.32,-53.08,7.06,19.02,18.25,1,4549,4.7,136.5,2.3
2.0,1220.169740,220.08,0.39,-53.39,6.98,19.65,19.5,1,4413,0.3,63.9,-5.1
2.0,1220.179743,218.5,0.54,-53.12,6.79,19.96,21.0,1,4289,4.6,99.2,-3.5
2.0,1220.189740,217.53,0.54,-51.22,6.87,19.96,22.0,1,5183,2.0,155.1,1.6
2.0,1220.199740,217.44,0.45,-49.33,6.98,19.65,22.25,1,5054,2.4,133.4,0.7
2.0,1220.209740,217.62,0.48,-49.0,6.95,19.02,21.25,1,4936,1.0,54.7,-0.5
2.0,1220.219740,218.85,0.5,-49.84,6.91,18.1,20.25,1,4809,-0.6,-5.9,-0.6
2.0,1220.229740,220.25,0.47,-51.34,6.89,16.89,19.0,1,4672,-2.9,-89.1,0.4
2.0,1220.239740,221.92,0.48,-53.42,6.85,15.41,17.25,1,4545,0.8,-125.1,-1.3
2.0,1220.249740,223.86,0.42,-55.31,6.88,13.69,15.25,1,4417,-7.4,-152.5,5.4
2.0,1220.259743,225.7,0.2,-57.42,6.99,11.76,13.5,1,4293,-5.2,-183.7,0.1
2.0,1220.269740,227.29,0.3,-59.92,6.85,9.64,11.75,1,5178,-2.9,-218.9,0.0
2.0,1220.279740,229.13,0.22,-61.86,6.92,7.36,9.25,1,5059,-4.5,-158.5,4.8
2.0,1220.289740,231.77,-0.0,-62.87,7.09,4.97,7.0,1,4940,-5.9,-161.6,3.5
2.0,1220.299740,234.4,-0.06,-65.33,7.07,2.51,4.5,1,4813,-6.3,-242.4,0.5
2.0,1220.309740,237.04,-0.12,-68.79,7.07,0.0,1.5,1,4677,-5.6,-265.6,2.8
2.0,1220.319740,239.68,-0.45,-71.75,7.35,-2.51,-1.25,1,4549,-7.8,-272.4,6.1
2.0,1220.329740,242.05,-0.76,-74.47,7.58,-4.97,-3.75,1,4413,-7.0,-265.6,0.6
2.0,1220.339743,244.42,-0.8,-77.02,7.54,-7.36,-6.5,1,4289,-7.4,-261.3,1.5
2.0,1220.349740,246.97,-1.3,-79.31,8.0,-9.64,-9.0,1,5183,-5.3,-233.1,4.5
2.0,1220.359740,249.26,-2.06,-81.66,8.72,-11.76,-11.25,1,5055,-7.5,-264.0,2.4
2.0,1220.369740,251.1,-2.98,-84.38,9.56,-13.69,-13.25,1,4936,-6.1,-241.5,0.6
2.0,1220.379740,252.69,-4.85,-86.26,11.4,-15.41,-15.0,1,4809,-4.6,-210.4,4.3
2.0,1220.389740,254.09,-9.16,-87.75,15.7,-16.89,-16.5,1,4681,-3.7,-181.4,0.8
2.0,1220.399740,255.15,-20.08,-89.0,26.59,-18.1,-17.75,1,4545,-3.4,-156.9,2.4
2.0,1220.409740,256.2,-100.2,-89.63,106.69,-19.02,-18.75,1,4418,-2.8,-125.5,0.7
2.0,1220.419743,256.9,-155.96,-89.08,162.44,-19.65,-19.5,1,4302,-2.0,-108.6,2.8
2.0,1220.429740,257.61,-165.7,-88.37,172.18,-19.96,-20.25,1,5178,-1.6,-90.6,1.0
2.0,1220.439740,257.87,-169.56,-87.81,176.04,-19.96,-20.5,1,5059,-0.9,-75.4,1.5
2.0,1220.449740,257.7,-170.89,-87.41,177.35,-19.65,-19.75,1,4941,-1.8,-55.6,1.2
2.0,1220.459740,257.52,-169.47,-87.76,175.93,-19.02,-18.75,1,4813,0.8,15.3,0.6
2.0,1220.469740,256.82,-158.17,-88.83,164.68,-18.1,-18.25,1,4677,3.1,41.1,3.2
2.0,1220.479740,256.11,-121.7,-89.45,128.25,-16.89,-17.5,1,4549,2.1,53.4,1.5
2.0,1220.489740,255.32,-41.62,-89.33,48.18,-15.41,-16.5,1,4417,1.8,66.8,-0.8
2.0,1220.499743,253.83,-16.99,-88.61,23.54,-13.69,-15.0,1,4298,-0.5,69.5,-1.2
2.0,1220.509740,251.81,-8.28,-87.48,14.82,-11.76,-13.0,1,5183,2.3,114.4,-3.5
2.0,1220.519740,249.43,-4.08,-85.33,10.68,-9.64,-10.25,1,5055,4.2,170.9,-0.2
2.0,1220.529740,247.41,-2.49,-82.44,9.16,-7.36,-8.25,1,4936,5.2,232.8,-2.7
2.0,1220.539740,245.3,-1.44,-79.17,8.2,-4.97,-6.25,1,4809,9.6,266.1,-1.1
2.0,1220.549740,242.84,-1.3,-76.96,8.17,-2.51,-3.75,1,4682,6.0,187.3,2.9
2.0,1220.559740,240.12,-0.81,-75.58,7.68,0.0,-0.75,1,4545,5.7,217.3,-12.8
2.0,1220.569740,237.66,-0.19,-72.66,7.1,2.51,1.75,1,4421,5.4,261.2,3.0
2.0,1220.579740,235.81,-0.46,-69.32,7.43,4.97,3.5,1,4303,6.4,290.9,-2.7
2.0,1220.589740,233.79,-0.23,-66.9,7.27,7.36,5.5,1,5179,5.9,211.9,1.4
2.0,1220.599740,231.5,-0.1,-65.91,7.16,9.64,7.75,1,5051,4.7,178.4,-7.9
2.0,1220.609740,228.52,0.2,-64.09,6.89,11.76,10.75,1,4941,4.8,214.9,-2.2
2.0,1220.619740,226.14,0.14,-61.07,7.01,13.69,13.25,1,4813,6.0,265.8,-0.4
2.0,1220.629740,224.65,0.27,-57.6,7.0,15.41,14.75,1,4678,10.5,296.0,-3.5
2.0,1220.639740,223.33,0.34,-55.23,7.04,16.89,16.0,1,4550,5.6,207.3,4.1
2.0,1220.649740,221.57,0.28,-54.95,7.05,18.1,17.75,1,4417,0.5,116.5,-6.7
2.0,1220.659743,220.25,0.52,-54.41,6.79,19.02,19.5,1,4298,6.7,144.5,-4.2
2.0,1220.669740,219.55,0.51,-52.29,6.9,19.65,20.0,1,5183,2.6,184.2,2.7
2.0,1220.679740,219.46,0.38,-50.8,7.05,19.96,20.0,1,5056,2.6,109.6,1.4
2.0,1220.689740,219.46,0.45,-51.31,6.97,19.96,20.0,1,4939,0.4,23.8,-3.2
2.0,1220.699740,219.46,0.5,-52.16,6.87,19.65,20.0,1,4818,-0.1,0.9,-0.3
2.0,1220.709740,219.55,0.45,-52.39,6.92,19.02,19.75,1,4682,0.0,-0.1,0.6
2.0,1220.719740,220.17,0.46,-52.43,6.93,18.1,18.75,1,4546,1.5,-3.7,0.2
2.0,1220.729742,221.48,0.42,-52.74,6.95,16.89,17.5,1,4422,-4.1,-27.3,2.2
2.0,1220.739743,222.98,0.34,-54.19,6.95,15.41,16.25,1,4320,-2.9,-120.7,-1.2
2.0,1220.749740,224.12,0.42,-56.55,6.84,13.69,15.25,1,5182,-1.6,-142.4,-0.6
2.0,1220.759740,225.62,0.33,-58.08,6.91,11.76,13.25,1,5051,-4.6,-131.2,4.3
2.0,1220.769740,227.72,0.14,-59.26,7.04,9.64,10.75,1,4942,-4.9,-130.0,3.0
2.0,1220.779740,230.27,0.13,-61.06,7.01,7.36,8.25,1,4814,-2.8,-180.5,0.4
2.0,1220.789740,232.82,0.07,-64.06,7.01,4.97,6.25,1,4678,-8.2,-250.1,3.8
2.0,1220.799740,235.02,-0.11,-67.28,7.09,2.51,4.0,1,4550,-5.3,-252.1,-0.3
2.0,1220.809743,237.13,-0.18,-69.74,7.12,-0.0,1.25,1,4418,-6.9,-244.1,5.1
2.0,1220.819743,239.5,-0.54,-71.81,7.45,-2.51,-1.25,1,4316,-4.8,-214.4,4.2
2.0,1220.829740,242.14,-0.65,-73.82,7.51,-4.97,-4.0,1,5184,-6.7,-230.6,1.1
2.0,1220.839740,244.78,-0.83,-76.55,7.6,-7.36,-6.75,1,5056,-7.1,-257.3,1.9
2.0,1220.849740,246.8,-1.42,-79.58,8.12,-9.64,-8.75,1,4937,-7.4,-276.4,4.4
2.0,1220.859740,248.47,-2.1,-82.32,8.73,-11.76,-10.5,1,4810,-7.9,-255.2,-0.9
2.0,1220.869740,250.49,-2.33,-83.7,8.94,-13.69,-12.75,1,4682,-1.8,-158.9,2.7
2.0,1220.879740,252.6,-3.74,-84.68,10.39,-15.41,-15.0,1,4546,-2.1,-194.4,6.5
2.0,1220.889743,254.09,-7.96,-87.28,14.53,-16.89,-16.5,1,4422,-8.3,-225.9,-1.0
2.0,1220.899740,255.06,-44.89,-89.54,51.35,-18.1,-17.5,1,4321,-5.8,-205.3,2.0
2.0,1220.909740,256.11,-148.61,-89.33,155.08,-19.02,-18.5,1,5180,-1.4,-110.4,-0.5
2.0,1220.919740,257.34,-143.89,-89.36,150.42,-19.65,-20.0,1,5053,0.5,-89.7,5.9
2.0,1220.929740,258.05,-164.26,-88.35,170.78,-19.96,-20.75,1,4942,-3.5,-127.7,0.9
2.0,1220.939740,258.05,-172.77,-86.91,179.22,-19.96,-20.5,1,4806,-3.1,-110.0,-0.4
2.0,1220.949740,257.87,-173.19,-86.79,179.64,-19.65,-20.0,1,4679,-0.5,-29.1,0.7
2.0,1220.959740,257.7,-167.72,-87.99,174.22,-19.02,-19.5,1,4551,3.0,41.4,3.6
2.0,1220.969743,257.34,-151.23,-88.99,157.79,-18.1,-18.75,1,4418,3.0,37.4,3.0
2.0,1220.979743,256.11,-152.2,-89.01,158.73,-16.89,-17.5,1,4316,-2.2,4.4,-1.2
2.0,1220.989740,254.79,-136.5,-89.43,142.98,-15.41,-15.75,1,5184,0.4,79.8,-2.6
2.0,1220.999740,253.83,-11.75,-88.13,18.31,-13.69,-14.75,1,5057,6.2,148.8,0.8
2.0,1221.009740,252.86,-6.3,-86.07,12.99,-11.76,-14.0,1,4938,6.8,138.9,2.5
2.0,1221.019740,251.46,-5.38,-85.45,12.05,-9.64,-12.5,1,4810,-1.8,71.8,-2.1
2.0,1221.029740,249.61,-3.43,-85.0,10.03,-7.36,-10.5,1,4686,2.3,113.7,-8.0
2.0,1221.039740,246.97,-2.12,-82.87,8.79,-4.97,-7.75,1,4556,3.4,170.8,3.2
2.0,1221.049741,244.07,-1.89,-79.98,8.62,-2.51,-4.75,1,4421,5.6,231.9,-3.4
2.0,1221.059743,241.17,-0.88,-76.61,7.7,-0.0,-1.75,1,4321,8.0,277.0,-3.6
2.0,1221.069740,238.45,-0.56,-73.07,7.47,2.51,0.75,1,5183,7.8,308.4,-1.3
2.0,1221.079740,235.72,-0.43,-69.91,7.41,4.97,3.5,1,5052,7.9,284.6,-0.9
2.0,1221.089740,233.17,-0.2,-67.52,7.22,7.36,6.25,1,4942,5.7,263.2,-5.7
2.0,1221.099740,230.89,0.07,-64.99,7.01,9.64,8.5,1,4806,8.5,274.1,-3.2
2.0,1221.109740,228.43,0.05,-62.38,7.11,11.76,10.75,1,4679,5.2,250.5,1.8
2.0,1221.119740,226.05,0.11,-60.32,7.08,13.69,13.25,1,4552,6.7,229.0,-6.1
2.0,1221.129740,224.47,0.4,-58.04,6.88,15.41,15.25,1,4415,9.3,250.0,-3.3
2.0,1221.139743,223.24,0.34,-55.62,7.02,16.89,16.25,1,4325,3.6,220.7,3.6
2.0,1221.149740,222.01,0.24,-54.58,7.07,18.1,17.5,1,5184,0.8,132.9,-3.6
2.0,1221.159740,220.61,0.43,-54.35,6.88,19.02,19.0,1,5057,5.5,111.3,-3.7
2.0,1221.169740,219.29,0.51,-53.12,6.89,19.65,20.25,1,4938,4.5,144.3,-0.4
2.0,1221.179740,218.5,0.44,-51.4,6.98,19.96,21.0,1,4811,0.7,139.3,1.0
2.0,1221.189740,218.58,0.46,-50.34,6.97,19.96,20.75,1,4683,5.3,110.9,-2.6
2.0,1221.199740,218.67,0.5,-50.34,6.95,19.65,20.25,1,4547,-2.1,28.8,2.7
2.0,1221.209741,219.02,0.41,-51.23,6.97,19.02,20.0,1,4421,0.2,-7.5,-2.7
2.0,1221.219740,219.73,0.55,-51.86,6.85,18.1,19.25,1,4321,2.0,-26.2,-1.6
2.0,1221.229740,220.96,0.51,-52.59,6.89,16.89,18.0,1,5183,-3.0,-54.7,2.6
2.0,1221.239740,222.54,0.34,-53.83,6.98,15.41,16.25,1,5053,-4.7,-94.9,2.5
2.0,1221.249740,224.65,0.32,-55.58,6.96,13.69,14.25,1,4943,-2.2,-135.4,0.1
2.0,1221.259740,226.76,0.29,-58.07,6.94,11.76,12.25,1,4807,-6.7,-207.8,2.9
2.0,1221.269740,228.34,0.19,-60.91,6.96,9.64,10.75,1,4679,-3.3,-211.7,-0.1
2.0,1221.279740,229.83,0.18,-62.98,6.95,7.36,9.25,1,4552,-5.7,-202.6,3.7
2.0,1221.289740,231.59,0.0,-64.26,7.09,4.97,7.0,1,4415,-3.2,-137.6,2.8
2.0,1221.299743,234.05,-0.08,-65.28,7.14,2.51,4.25,1,4326,-5.6,-167.1,3.6
2.0,1221.309740,236.78,-0.23,-67.58,7.22,0.0,1.75,1,5186,-5.7,-199.9,1.9
2.0,1221.319740,239.33,-0.36,-70.68,7.28,-2.51,-1.25,1,5057,-7.9,-277.3,2.4
2.0,1221.329740,241.88,-0.56,-74.1,7.41,-4.97,-3.5,1,4939,-4.3,-265.0,1.0
2.0,1221.339740,244.07,-0.89,-76.8,7.7,-7.36,-5.5,1,4811,-9.6,-282.4,5.8
2.0,1221.349740,246.09,-1.31,-79.37,8.02,-9.64,-8.0,1,4687,-4.9,-238.8,-3.2
2.0,1221.359740,248.38,-1.52,-80.87,8.25,-11.76,-10.75,1,4556,-1.8,-193.6,9.9
2.0,1221.369741,250.4,-2.82,-82.82,9.51,-13.69,-12.5,1,4421,-10.1,-240.9,-2.2
2.0,1221.379743,251.81,-3.6,-85.71,10.13,-15.41,-14.0,1,4322,-7.0,-241.9,1.7
2.0,1221.389740,253.65,-6.77,-87.22,13.33,-16.89,-16.25,1,5183,-0.8,-150.4,2.7
2.0,1221.399740,255.5,-10.97,-88.0,17.58,-18.1,-18.0,1,5053,-2.4,-171.1,5.1
2.0,1221.409740,256.46,-127.26,-89.51,133.78,-19.02,-19.0,1,4943,-7.5,-205.8,-1.3
2.0,1221.419740,257.43,-170.81,-87.98,177.26,-19.65,-20.0,1,4808,-2.5,-134.7,-0.3
2.0,1221.429740,257.87,-170.0,-87.68,176.5,-19.96,-20.25,1,4680,-0.0,-100.1,7.4
2.0,1221.439740,257.87,-170.3,-87.3,176.8,-19.96,-20.25,1,4552,-2.9,-72.5,-2.0
2.0,1221.449740,257.87,-171.57,-87.53,178.05,-19.65,-20.25,1,4416,1.2,-5.6,0.4
2.0,1221.459742,257.61,-166.02,-88.26,172.54,-19.02,-19.75,1,4326,0.2,8.4,3.6
2.0,1221.469740,257.26,-162.84,-88.47,169.35,-18.1,-18.75,1,5185,0.2,9.1,0.1
2.0,1221.479740,256.03,-161.38,-88.71,167.89,-16.89,-17.25,1,5058,0.5,22.7,0.0
2.0,1221.489740,255.41,-91.31,-89.58,97.86,-15.41,-16.5,1,4939,3.6,108.0,1.3
2.0,1221.499740,254.36,-13.02,-87.99,19.66,-13.69,-15.75,1,4812,6.8,111.7,2.4
2.0,1221.509740,253.21,-9.6,-87.32,16.25,-11.76,-14.25,1,4687,-1.4,64.6,-1.4
2.0,1221.519740,251.19,-5.85,-86.81,12.43,-9.64,-12.25,1,4556,0.9,100.4,-8.2
2.0,1221.529740,248.82,-3.19,-84.81,9.82,-7.36,-9.75,1,4422,3.8,164.6,3.7
2.0,1221.539743,246.01,-2.55,-81.94,9.26,-4.97,-6.75,1,4322,6.3,222.6,-3.7
2.0,1221.549740,243.72,-1.21,-78.69,8.0,-2.51,-4.25,1,5183,6.6,268.0,-3.0
2.0,1221.559740,241.26,-0.84,-75.26,7.72,-0.0,-2.0,1,5053,9.1,297.2,-0.4
2.0,1221.569740,238.54,-0.77,-72.77,7.72,2.51,0.75,1,4943,5.7,220.2,1.0
2.0,1221.579740,236.07,-0.33,-71.04,7.31,4.97,3.5,1,4808,8.2,250.0,-12.1
2.0,1221.589740,233.53,0.05,-67.88,6.99,7.36,5.75,1,4680,4.2,286.0,2.7
2.0,1221.599740,231.06,-0.24,-64.96,7.33,9.64,8.25,1,4552,7.4,255.9,-0.0
2.0,1221.609739,228.52,0.05,-62.93,7.11,11.76,10.75,1,4416,6.1,232.7,-6.6
2.0,1221.619743,226.41,0.28,-60.61,6.94,13.69,13.0,1,4327,7.7,255.4,-2.0
2.0,1221.629740,224.65,0.21,-58.03,7.06,15.41,14.75,1,5187,3.4,235.2,0.9
2.0,1221.639740,223.07,0.26,-56.2,7.03,16.89,16.5,1,5058,6.7,203.4,-4.5
2.0,1221.649740,221.66,0.4,-54.77,6.95,18.1,17.75,1,4939,3.1,175.3,-0.4
2.0,1221.659740,220.52,0.37,-53.57,6.99,19.02,19.0,1,4812,4.7,147.5,-1.9
2.0,1221.669740,219.55,0.45,-52.58,6.95,19.65,20.0,1,4688,3.5,126.9,-1.2
2.0,1221.679740,219.11,0.47,-51.73,6.95,19.96,20.5,1,4557,2.8,106.0,-0.9
2.0,1221.689740,219.2,0.48,-51.11,6.96,19.96,20.0,1,4422,2.5,83.2,0.0
2.0,1221.699743,219.73,0.43,-51.24,7.0,19.65,19.25,1,4322,-1.7,9.0,1.6
2.0,1221.709740,220.52,0.41,-52.15,6.97,19.02,18.75,1,5183,0.1,-16.1,-2.4
2.0,1221.719740,220.52,0.51,-53.32,6.86,18.1,19.0,1,5054,-0.5,-92.1,-1.2
2.0,1221.729740,220.52,0.51,-54.44,6.86,16.89,18.75,1,4944,0.2,-35.9,0.0
2.0,1221.739740,220.96,0.39,-53.87,6.97,15.41,17.75,1,4808,-3.5,0.5,4.9
2.0,1221.749740,222.54,0.3,-53.77,7.03,13.69,16.25,1,4680,-0.5,-25.8,-0.9
2.0,1221.759740,224.65,0.39,-55.01,6.93,11.76,14.0,1,4553,-2.3,-97.7,1.0
2.0,1221.769740,227.02,0.26,-57.59,6.99,9.64,11.75,1,4417,-6.5,-186.3,3.0
2.0,1221.779741,229.75,0.14,-60.89,7.02,7.36,9.25,1,4326,-4.9,-240.9,0.9
2.0,1221.789740,232.29,0.14,-63.91,6.98,4.97,6.75,1,5186,-5.1,-247.8,1.7
2.0,1221.799740,234.4,-0.11,-66.76,7.15,2.51,4.5,1,5058,-8.7,-278.1,6.7
2.0,1221.809740,236.87,-0.28,-69.38,7.27,0.0,1.5,1,4940,-2.9,-231.8,-1.4
2.0,1221.819740,239.68,-0.29,-71.26,7.25,-2.51,-1.25,1,4812,-8.0,-234.3,7.2
2.0,1221.829740,242.14,-0.79,-73.98,7.65,-4.97,-4.0,1,4687,-8.1,-269.5,0.5
2.0,1221.839740,244.16,-0.79,-77.17,7.56,-7.36,-6.25,1,4557,-7.2,-283.5,0.5
2.0,1221.849739,246.18,-1.28,-79.44,8.01,-9.64,-8.25,1,4421,-6.0,-212.7,5.4
2.0,1221.859743,248.82,-1.85,-80.86,8.57,-11.76,-11.0,1,4323,-4.0,-213.4,1.1
2.0,1221.869740,251.28,-2.51,-83.24,9.2,-13.69,-13.25,1,5182,-5.0,-237.4,4.3
2.0,1221.879740,252.51,-5.32,-86.29,11.92,-15.41,-14.75,1,5063,-9.5,-281.3,1.0
2.0,1221.889740,253.39,-12.39,-88.58,18.89,-16.89,-15.5,1,4944,-4.9,-187.1,-1.1
2.0,1221.899740,254.79,-11.21,-88.36,17.77,-18.1,-17.25,1,4808,1.5,-72.1,4.2
2.0,1221.909740,255.94,-15.39,-88.46,22.01,-19.02,-18.5,1,4681,-0.9,-127.1,4.4
2.0,1221.919740,256.46,-148.74,-89.24,155.27,-19.65,-19.0,1,4553,-7.0,-158.8,-1.3
2.0,1221.929740,256.82,-170.11,-88.09,176.56,-19.96,-19.25,1,4421,-2.0,-91.3,-0.9
2.0,1221.939743,257.7,-165.4,-88.53,171.92,-19.96,-20.25,1,5318,1.9,-21.7,4.1
2.0,1221.949740,258.49,-161.33,-88.59,167.9,-19.65,-21.25,1,5186,0.4,-60.4,3.3
2.0,1221.959740,258.49,-171.29,-87.17,177.81,-19.02,-21.25,1,5059,-4.0,-107.6,-1.0
2.0,1221.969740,258.22,-174.19,-86.34,-179.35,-18.1,-20.25,1,4950,-1.6,-37.1,-0.9
2.0,1221.979740,257.17,-171.05,-87.38,177.54,-16.89,-18.75,1,4813,1.5,34.6,3.8
2.0,1221.989740,255.85,-161.02,-88.56,167.56,-15.41,-17.0,1,4687,2.4,51.4,1.4
2.0,1221.999740,254.44,-53.71,-89.48,60.29,-13.69,-15.5,1,4558,3.1,150.2,-2.0
2.0,1222.009740,252.69,-8.02,-87.08,14.67,-11.76,-14.0,1,4422,6.9,159.6,2.7
2.0,1222.019743,250.75,-5.27,-85.57,11.95,-9.64,-11.75,1,5313,0.8,142.2,-4.5
2.0,1222.029740,248.12,-2.7,-83.92,9.35,-7.36,-9.25,1,5182,3.9,183.6,-4.5
2.0,1222.039740,245.57,-1.8,-81.13,8.54,-4.97,-6.25,1,5064,6.1,238.5,0.6
3.0,1224.069740,245.57,-2.19,-81.79,8.99,0.0,-6.5,1,4693,5.8,292.8,-3.4
3.0,1224.079740,241.79,-1.18,-77.87,8.03,3.75,-2.5,1,4554,8.2,331.5,-2.7
3.0,1224.089740,237.57,-0.64,-73.76,7.62,7.36,1.75,1,4454,11.5,372.4,-4.1
3.0,1224.099740,233.09,-0.24,-69.28,7.33,10.72,6.25,1,5315,9.7,407.5,-4.3
3.0,1224.109740,229.39,0.01,-64.52,7.17,13.69,10.25,1,5199,11.6,440.6,-4.4
3.0,1224.119740,226.49,0.19,-59.79,7.12,16.18,12.75,1,5077,11.8,440.1,-3.1
3.0,1224.129740,224.12,0.23,-56.38,7.19,18.1,15.25,1,4941,10.8,341.0,1.8
3.0,1224.139740,221.92,0.28,-55.04,7.15,19.37,17.5,1,4814,2.6,233.8,-7.7
3.0,1224.149740,220.43,0.5,-53.69,6.92,19.96,19.25,1,4696,9.5,242.1,-4.5
3.0,1224.159740,219.55,0.47,-51.54,7.06,19.84,19.75,1,4558,2.9,206.5,3.7
3.0,1224.169740,219.55,0.36,-50.69,7.14,19.02,20.0,1,4457,1.6,120.9,-3.1
3.0,1224.179739,219.55,0.46,-51.23,7.01,17.53,19.75,1,5319,1.8,31.0,-0.6
3.0,1224.189740,220.34,0.47,-52.13,7.03,15.41,18.75,1,5192,1.2,0.7,-0.6
3.0,1224.199740,221.75,0.41,-52.55,7.06,12.75,17.0,1,5073,-3.1,-12.4,2.3
3.0,1224.209740,224.03,0.33,-54.07,7.07,9.64,14.75,1,4939,-2.3,-138.7,-0.7
3.0,1224.219740,226.67,0.32,-57.23,7.02,6.18,11.75,1,4818,-5.8,-189.7,2.6
3.0,1224.229740,229.83,0.12,-60.27,7.12,2.51,8.75,1,4691,-7.6,-253.0,3.0
3.0,1224.239740,233.53,-0.01,-63.88,7.17,-1.26,5.0,1,4554,-7.5,-296.8,2.7
3.0,1224.249740,237.22,-0.19,-67.69,7.27,-4.97,1.0,1,4463,-8.3,-337.2,4.2
3.0,1224.259740,241.35,-0.5,-71.89,7.5,-8.52,-3.25,1,5315,-9.9,-380.1,4.0
3.0,1224.269740,245.65,-0.94,-76.34,7.83,-11.76,-7.75,1,5196,-9.8,-401.7,4.0
3.0,1224.279740,249.43,-1.78,-80.85,8.57,-14.58,-11.75,1,5069,-11.1,-430.0,4.3
3.0,1224.289740,252.42,-4.22,-85.51,10.89,-16.89,-14.25,1,4941,-12.4,-437.9,3.2
3.0,1224.299740,254.27,-20.29,-89.08,26.85,-18.6,-16.5,1,4814,-10.7,-353.3,-0.4
3.0,1224.309740,256.38,-158.88,-89.04,165.44,-19.65,-18.75,1,4698,-1.8,-260.0,6.4
3.0,1224.319740,257.96,-166.08,-88.14,172.7,-20.0,-20.5,1,4560,-4.3,-184.7,4.4
3.0,1224.329740,258.49,-172.31,-86.99,178.85,-19.65,-21.0,1,4458,-5.3,-193.2,-2.1
3.0,1224.339740,258.31,-174.92,-85.85,-178.56,-18.6,-20.75,1,5320,-1.4,-106.2,3.4
3.0,1224.349740,257.96,-172.6,-86.61,179.16,-16.89,-19.75,1,5193,0.1,-10.0,1.6
3.0,1224.359740,256.46,-167.26,-87.99,173.85,-14.58,-17.75,1,5074,2.7,44.2,2.6
3.0,1224.369740,254.27,-145.74,-89.22,152.37,-11.76,-15.5,1,4939,1.6,77.4,-1.2
3.0,1224.379740,251.63,-12.91,-88.28,19.56,-8.52,-12.75,1,4818,3.7,199.4,-1.2
3.0,1224.389740,248.47,-3.76,-84.6,10.48,-4.97,-9.5,1,4694,7.1,248.7,-2.3
3.0,1224.399740,244.95,-1.9,-81.13,8.73,-1.26,-5.75,1,4555,8.1,298.5,-3.4
3.0,1224.409740,241.17,-1.06,-77.26,7.96,2.51,-1.75,1,4463,8.0,337.0,-2.9
3.0,1224.419740,236.95,-0.59,-73.14,7.58,6.18,2.25,1,5315,9.9,373.9,-4.1
3.0,1224.429740,232.56,-0.21,-68.67,7.31,9.64,6.75,1,5199,11.0,409.6,-4.3
3.0,1224.439740,228.78,0.04,-63.95,7.17,12.75,10.75,1,5078,10.8,437.0,-4.5
3.0,1224.449740,225.97,0.2,-59.27,7.11,15.41,13.5,1,4945,11.4,440.6,-3.1
3.0,1224.459740,223.59,0.25,-55.81,7.19,17.53,15.75,1,4814,10.7,342.4,1.6
3.0,1224.469740,221.13,0.3,-54.49,7.16,19.02,18.25,1,4695,3.4,229.7,-7.2
3.0,1224.479740,218.76,0.53,-53.12,6.92,19.84,20.75,1,4560,10.3,249.5,-5.7
3.0,1224.489740,217.44,0.57,-50.2,7.01,19.96,22.25,1,4458,4.3,272.4,1.3
3.0,1224.499740,217.0,0.45,-48.1,7.15,19.37,22.25,1,5320,5.2,187.9,1.0
3.0,1224.509740,217.18,0.53,-48.11,7.08,18.1,21.75,1,5193,2.2,83.3,-3.8
3.0,1224.519740,218.5,0.52,-49.14,7.02,16.18,20.25,1,5074,-3.3,1.2,2.1
3.0,1224.529740,220.34,0.42,-50.69,7.07,13.69,18.5,1,4939,-0.5,-72.0,-1.2
3.0,1224.539740,222.8,0.45,-53.04,7.01,10.72,16.0,1,4819,-4.1,-162.0,1.9
3.0,1224.549740,225.62,0.32,-56.04,7.07,7.36,13.0,1,4694,-5.6,-210.3,2.2
3.0,1224.559740,228.78,0.21,-59.25,7.09,3.75,9.75,1,4556,-7.1,-273.0,2.7
3.0,1224.569740,232.56,0.05,-62.99,7.16,-0.0,6.0,1,4464,-8.6,-310.7,4.0
3.0,1224.579740,236.51,-0.18,-66.84,7.28,-3.75,1.75,1,5316,-9.9,-347.4,3.9
3.0,1224.589740,240.47,-0.44,-71.18,7.45,-7.36,-2.5,1,5199,-9.5,-396.9,4.1
3.0,1224.599740,244.86,-0.86,-75.75,7.78,-10.72,-7.0,1,5078,-10.4,-407.7,4.4
3.0,1224.609740,248.82,-1.64,-80.16,8.46,-13.69,-10.75,1,4943,-10.4,-430.8,4.5
3.0,1224.619740,251.89,-3.59,-84.85,10.29,-16.18,-14.0,1,4824,-13.5,-445.9,2.8
3.0,1224.629740,253.92,-12.5,-88.58,19.09,-18.1,-16.25,1,4696,-9.1,-359.8,-0.6
3.0,1224.639740,255.23,-133.2,-89.52,139.78,-19.37,-17.75,1,4560,-4.9,-257.6,8.2
3.0,1224.649740,256.64,-159.25,-88.89,165.84,-19.96,-19.0,1,4459,-4.5,-173.6,-3.7
3.0,1224.659740,257.26,-167.58,-88.37,174.16,-19.84,-19.75,1,5322,-1.1,-138.9,7.7
3.0,1224.669740,257.34,-168.91,-87.64,175.51,-19.02,-19.75,1,5193,-2.5,-106.5,-0.8
3.0,1224.679740,257.34,-170.95,-87.7,177.53,-17.53,-19.5,1,5075,-0.4,-28.2,-0.4
3.0,1224.689740,256.9,-164.52,-88.45,171.12,-15.41,-18.5,1,4947,0.5,-0.9,5.1
3.0,1224.699740,255.41,-158.62,-88.77,165.23,-12.75,-16.75,1,4820,-0.0,7.6,-1.7
3.0,1224.709740,253.04,-79.95,-89.6,86.58,-9.64,-14.25,1,4695,3.2,113.2,1.7
3.0,1224.719740,250.4,-7.12,-86.8,13.82,-6.18,-11.5,1,4556,4.6,205.0,-2.7
3.0,1224.729740,247.24,-2.71,-83.35,9.47,-2.51,-8.25,1,4464,6.6,255.1,-2.8
3.0,1224.739740,243.63,-1.57,-79.83,8.42,1.26,-4.5,1,5325,7.9,301.4,-2.0
3.0,1224.749740,239.77,-0.92,-75.92,7.85,4.97,-0.5,1,5199,8.3,345.2,-4.1
3.0,1224.759740,235.37,-0.43,-71.72,7.46,8.52,3.75,1,5079,10.8,376.5,-3.5
3.0,1224.769740,230.98,-0.12,-67.2,7.27,11.76,8.25,1,4943,11.1,420.0,-4.9
3.0,1224.779740,227.2,0.13,-62.36,7.14,14.58,12.25,1,4824,11.5,440.8,-4.0
3.0,1224.789740,224.38,0.25,-57.69,7.12,16.89,15.25,1,4697,10.7,446.7,-3.1
3.0,1224.799740,222.8,0.31,-54.15,7.18,18.6,16.75,1,4560,12.1,347.8,1.3
3.0,1224.809740,221.48,0.36,-52.9,7.17,19.65,17.75,1,4459,3.1,223.9,-6.0
3.0,1224.819740,219.73,0.4,-52.94,7.03,20.0,19.75,1,5322,1.6,119.4,0.1
3.0,1224.829740,217.79,0.49,-52.46,7.01,19.65,21.75,1,5194,9.1,152.6,-7.4
3.0,1224.839740,216.47,0.64,-50.18,6.96,18.6,23.0,1,5075,2.9,195.5,1.6
3.0,1224.849740,216.12,0.47,-47.95,7.13,16.89,23.25,1,4950,2.8,179.8,1.0
3.0,1224.859740,216.12,0.5,-47.29,7.1,14.58,22.75,1,4820,0.7,82.0,-1.4
3.0,1224.869740,217.44,0.52,-48.22,7.05,11.76,21.25,1,4693,0.2,4.5,-0.4
3.0,1224.879740,219.38,0.49,-49.64,7.06,8.52,19.25,1,4556,-2.1,-63.8,1.3
3.0,1224.889740,222.01,0.42,-51.94,7.07,4.97,16.75,1,4467,-3.9,-161.7,1.1
3.0,1224.899740,224.91,0.35,-55.28,7.06,1.26,13.75,1,5317,-5.8,-236.1,2.2
3.0,1224.909740,228.34,0.22,-58.77,7.1,-2.51,10.25,1,5201,-7.5,-275.3,3.2
3.0,1224.919740,232.12,0.08,-62.38,7.16,-6.18,6.25,1,5080,-7.1,-321.5,3.3
3.0,1224.929740,236.25,-0.12,-66.53,7.26,-9.64,2.0,1,4943,-11.3,-368.9,4.4
3.0,1224.939740,240.56,-0.46,-71.15,7.48,-12.75,-2.5,1,4816,-10.1,-413.9,4.4
3.0,1224.949740,245.21,-0.89,-75.89,7.82,-15.41,-7.25,1,4697,-11.1,-428.9,4.7
3.0,1224.959739,249.35,-1.77,-80.65,8.59,-17.53,-11.5,1,4561,-11.2,-460.9,4.5
3.0,1224.969740,252.6,-4.28,-85.58,10.97,-19.02,-14.5,1,5449,-13.7,-461.8,3.2
3.0,1224.979740,254.27,-27.74,-89.31,34.3,-19.84,-16.25,1,5322,-11.3,-378.9,-0.3
3.0,1224.989740,254.53,-165.5,-88.63,172.05,-19.96,-17.0,1,5198,-4.3,-276.7,6.1
3.0,1224.999740,255.41,-159.66,-88.88,166.28,-19.37,-17.75,1,5076,-0.9,-74.4,-1.1
3.0,1225.009740,255.59,-41.37,-89.45,48.02,-18.1,-18.0,1,4948,0.9,-56.0,4.7
3.0,1225.019740,255.5,-87.56,-89.59,94.2,-16.18,-17.75,1,4820,-3.2,-57.6,-0.7
3.0,1225.029740,255.41,-83.91,-89.64,90.52,-13.69,-17.25,1,4696,1.5,3.7,0.5
3.0,1225.039740,254.53,-26.02,-89.08,32.68,-10.72,-15.75,1,4557,0.6,17.6,3.8
3.0,1225.049740,252.69,-18.38,-88.72,25.05,-7.36,-13.75,1,5454,1.4,25.2,-2.9
3.0,1225.059740,250.14,-6.89,-87.04,13.6,-3.75,-11.25,1,5326,4.3,164.1,2.1
3.0,1225.069740,247.15,-3.12,-83.42,9.89,0.0,-8.25,1,5199,4.3,224.6,-3.9
3.0,1225.079740,243.72,-1.5,-79.97,8.34,3.75,-4.75,1,5080,8.3,285.0,-2.1
3.0,1225.089740,239.94,-0.94,-76.06,7.89,7.36,-0.75,1,4944,7.6,330.3,-2.7
3.0,1225.099740,235.81,-0.48,-72.03,7.51,10.72,3.5,1,4825,10.5,357.8,-4.2
3.0,1225.109740,231.42,-0.12,-67.65,7.28,13.69,7.75,1,4689,11.2,411.1,-4.3
3.0,1225.119741,227.11,0.1,-62.76,7.16,16.18,12.25,1,4563,11.1,435.0,-4.1
3.0,1225.129740,223.86,0.24,-58.06,7.12,18.1,15.75,1,5450,10.1,446.5,-3.5
3.0,1225.139740,221.66,0.33,-53.93,7.13,19.37,17.75,1,5322,11.1,401.8,-1.3
3.0,1225.149740,220.69,0.39,-51.5,7.15,19.96,18.75,1,5198,6.7,287.4,-2.5
3.0,1225.159740,220.17,0.42,-51.04,7.1,19.84,19.25,1,5076,3.8,160.3,-1.6
3.0,1225.169740,220.17,0.42,-51.69,7.09,19.02,19.25,1,4949,1.2,62.7,-1.2
3.0,1225.179740,220.34,0.47,-52.37,7.04,17.53,18.75,1,4821,4.7,29.4,-2.3
3.0,1225.189740,220.96,0.44,-52.9,7.06,15.41,18.25,1,4687,-5.0,-19.3,2.9
3.0,1225.199740,221.84,0.36,-53.75,7.07,12.75,16.75,1,4557,2.2,-36.9,-3.8
3.0,1225.209740,223.77,0.42,-54.65,7.02,9.64,14.75,1,5454,-5.1,-71.5,4.6
3.0,1225.219740,226.41,0.21,-56.48,7.14,6.18,12.25,1,5327,-3.7,-148.4,-0.3
3.0,1225.229740,229.22,0.2,-59.53,7.08,2.51,9.25,1,5199,-7.0,-228.1,3.4
3.0,1225.239740,232.65,-0.01,-63.07,7.21,-1.26,5.75,1,5080,-6.6,-275.0,3.4
3.0,1225.249740,236.43,-0.14,-66.76,7.28,-4.97,1.75,1,4944,-7.4,-321.6,2.9
3.0,1225.259740,240.47,-0.38,-70.95,7.43,-8.52,-2.25,1,4826,-9.1,-372.2,4.5
3.0,1225.269740,244.6,-0.83,-75.35,7.77,-11.76,-6.75,1,4689,-10.2,-389.4,3.9
3.0,1225.279740,248.38,-1.52,-79.71,8.36,-14.58,-10.75,1,4563,-10.1,-418.4,4.6
3.0,1225.289740,251.19,-3.25,-84.36,9.98,-16.89,-13.25,1,5450,-13.8,-436.5,2.7
3.0,1225.299740,253.21,-8.28,-87.94,14.89,-18.6,-15.25,1,5323,-9.0,-340.8,-1.3
3.0,1225.309740,255.59,-32.99,-89.41,39.62,-19.65,-18.0,1,5198,-2.2,-250.2,7.1
3.0,1225.319740,257.78,-140.96,-89.29,147.63,-20.0,-20.25,1,5077,-3.9,-195.3,4.9
3.0,1225.329740,259.19,-170.58,-87.45,177.17,-19.65,-21.75,1,4949,-7.3,-251.1,-0.4
3.0,1225.339740,260.24,-175.63,-85.11,-177.84,-18.6,-22.75,1,4823,-2.8,-180.4,1.3
3.0,1225.349740,260.16,-175.06,-84.51,-178.37,-16.89,-22.75,1,4686,-0.1,-129.4,8.4
3.0,1225.359740,259.72,-174.51,-84.57,-178.89,-14.58,-21.75,1,4559,-0.0,-44.4,-2.3
3.0,1225.369740,258.75,-173.87,-85.83,-179.53,-11.76,-20.25,1,5456,0.4,40.6,3.6
3.0,1225.379740,256.73,-167.98,-87.54,174.6,-8.52,-18.0,1,5327,2.0,89.1,1.0
3.0,1225.389740,254.0,-139.86,-89.33,146.5,-4.97,-15.25,1,5203,0.6,141.1,-5.4
3.0,1225.399740,250.93,-8.1,-87.55,14.77,-1.26,-11.75,1,5081,6.2,241.8,-1.5
3.0,1225.409740,247.32,-3.09,-83.64,9.89,2.51,-8.25,1,4945,8.0,291.7,-3.1
3.0,1225.419740,243.37,-1.51,-79.67,8.4,6.18,-4.25,1,4817,9.1,347.2,-3.7
3.0,1225.429740,238.89,-0.81,-75.23,7.78,9.64,0.25,1,4691,8.9,388.5,-3.5
3.0,1225.439741,234.4,-0.38,-70.67,7.46,12.75,4.75,1,4564,12.2,415.0,-4.7
3.0,1225.449740,229.66,-0.04,-65.84,7.24,15.41,9.75,1,5450,10.7,456.8,-5.1
3.0,1225.459740,225.62,0.16,-60.74,7.14,17.53,13.75,1,5323,11.7,467.5,-4.1
3.0,1225.469740,222.54,0.31,-55.83,7.12,19.02,16.75,1,5196,13.0,480.4,-3.9
3.0,1225.479740,220.78,0.4,-52.06,7.18,19.84,18.75,1,5077,11.7,364.2,1.1
3.0,1225.489740,220.17,0.42,-50.72,7.18,19.96,19.25,1,4949,4.7,250.3,-5.8
3.0,1225.499740,220.34,0.46,-50.7,7.07,19.37,19.0,1,4822,1.8,115.9,0.9
3.0,1225.509740,220.69,0.39,-51.91,7.13,18.1,18.0,1,4689,0.4,14.0,-2.1
3.0,1225.519740,222.19,0.43,-53.12,7.06,16.18,16.75,1,4567,-0.4,-19.0,-0.1
3.0,1225.529740,223.86,0.37,-54.49,7.08,13.69,15.25,1,5455,-2.9,-104.0,0.6
3.0,1225.539740,225.44,0.35,-56.95,7.04,10.72,13.25,1,5328,-2.5,-161.3,-1.0
3.0,1225.549740,227.81,0.23,-59.28,7.09,7.36,10.75,1,5200,-8.1,-175.5,5.7
3.0,1225.559740,230.71,0.04,-61.23,7.21,3.75,7.75,1,5082,-3.2,-181.1,-0.0
3.0,1225.569740,234.14,0.06,-64.11,7.16,0.0,4.25,1,4947,-7.3,-281.8,4.2
3.0,1225.579740,237.74,-0.27,-68.28,7.38,-3.75,0.5,1,4818,-8.6,-316.6,4.1
3.0,1225.589740,241.61,-0.53,-72.15,7.55,-7.36,-3.5,1,4690,-9.7,-351.8,3.3
3.0,1225.599740,245.83,-0.96,-76.38,7.88,-10.72,-7.75,1,4563,-9.3,-387.7,4.6
3.0,1225.609740,249.43,-1.82,-80.91,8.65,-13.69,-11.75,1,5451,-11.2,-416.9,3.5
3.0,1225.619740,252.42,-4.08,-85.41,10.78,-16.18,-14.25,1,5324,-11.7,-421.9,3.4
3.0,1225.629740,254.18,-16.03,-88.84,22.64,-18.1,-16.5,1,5199,-10.6,-341.3,-0.8
3.0,1225.639740,256.11,-150.53,-89.31,157.12,-19.37,-18.75,1,5077,-1.7,-252.1,6.6
3.0,1225.649740,257.52,-162.28,-88.53,168.93,-19.96,-20.25,1,4951,-4.0,-168.9,4.2
3.0,1225.659740,257.96,-170.74,-87.52,177.33,-19.84,-20.75,1,4823,-5.4,-187.5,-2.2
3.0,1225.669740,257.78,-174.29,-86.37,-179.16,-19.02,-20.25,1,4687,-1.7,-98.0,3.1
3.0,1225.679740,257.52,-171.24,-87.21,177.83,-17.53,-19.0,1,4559,0.5,-3.5,1.1
3.0,1225.689740,255.76,-161.99,-88.6,168.63,-15.41,-17.25,1,5455,2.7,48.1,2.9
3.0,1225.699740,253.65,-62.68,-89.51,69.35,-12.75,-14.75,1,5328,2.4,103.8,-1.0
3.0,1225.709740,250.84,-7.91,-87.24,14.62,-9.64,-12.0,1,5201,4.9,194.8,-1.5
3.0,1225.719740,247.76,-3.17,-83.84,9.96,-6.18,-8.75,1,5082,6.0,251.2,-2.5
3.0,1225.729740,244.25,-1.69,-80.28,8.55,-2.51,-5.25,1,4948,7.7,300.0,-3.0
3.0,1225.739740,240.38,-0.95,-76.41,7.91,1.26,-1.25,1,4818,9.1,337.7,-3.2
3.0,1225.749740,236.25,-0.5,-72.36,7.55,4.97,2.75,1,4691,9.2,367.8,-3.9
3.0,1225.759740,232.38,-0.17,-68.0,7.32,8.52,7.0,1,4563,11.4,405.9,-4.4
3.0,1225.769740,229.31,0.06,-63.39,7.21,11.76,10.25,1,5451,10.9,423.2,-3.6
3.0,1225.779740,226.41,0.14,-59.47,7.22,14.58,12.75,1,5324,9.7,374.4,-0.3
3.0,1225.789740,223.42,0.18,-57.14,7.21,16.89,16.0,1,5199,4.2,281.7,-4.2
3.0,1225.799740,220.87,0.42,-55.17,7.01,18.6,18.75,1,5078,12.3,289.3,-7.7
3.0,1225.809740,218.76,0.55,-52.01,7.03,19.65,20.75,1,4950,6.9,309.3,1.7
3.0,1225.819740,217.53,0.41,-49.54,7.19,20.0,22.0,1,4823,4.1,227.1,-0.2
3.0,1225.829740,217.18,0.55,-48.54,7.08,19.65,22.25,1,4691,8.9,182.0,-5.9
3.0,1225.839740,217.18,0.6,-48.17,7.07,18.6,21.75,1,4568,-0.9,82.4,4.4
3.0,1225.849740,218.5,0.44,-49.11,7.15,16.89,20.5,1,5456,-0.7,5.7,-3.5
3.0,1225.859740,220.17,0.5,-50.47,7.04,14.58,18.75,1,5328,-2.8,-59.9,1.9
3.0,1225.869740,222.54,0.38,-52.64,7.11,11.76,16.25,1,5201,-3.5,-151.3,1.3
3.0,1225.879740,225.35,0.35,-55.74,7.08,8.52,13.25,1,5082,-5.3,-218.2,1.1
3.0,1225.889740,228.6,0.23,-58.9,7.11,4.97,10.0,1,4947,-7.2,-249.3,3.7
3.0,1225.899740,232.12,0.06,-62.39,7.2,1.26,6.25,1,4819,-7.8,-317.8,3.1
3.0,1225.909740,235.99,-0.11,-66.5,7.28,-2.51,2.25,1,4692,-9.7,-341.9,4.0
3.0,1225.919739,240.12,-0.41,-70.4,7.47,-6.18,-1.75,1,4564,-9.6,-366.5,4.5
3.0,1225.929740,244.25,-0.78,-74.77,7.75,-9.64,-6.25,1,5452,-10.4,-411.7,4.0
3.0,1225.939740,248.38,-1.47,-79.53,8.34,-12.75,-10.25,1,5324,-10.3,-431.3,4.5
3.0,1225.949740,251.37,-3.13,-84.17,9.87,-15.41,-13.0,1,5197,-13.8,-444.5,3.1
3.0,1225.959740,253.39,-8.41,-87.95,15.04,-17.53,-15.25,1,5087,-9.5,-366.0,-1.4
3.0,1225.969740,255.41,-61.04,-89.64,67.68,-19.02,-17.75,1,4951,-3.0,-263.5,7.3
3.0,1225.979740,257.7,-128.67,-89.43,135.35,-19.84,-20.25,1,4824,-3.2,-156.2,4.8
3.0,1225.989740,258.84,-168.05,-87.99,174.66,-19.96,-21.5,1,4688,-7.5,-267.7,-0.6
3.0,1225.999740,259.1,-175.75,-85.12,-177.71,-19.37,-21.75,1,4570,-4.0,-178.8,0.7
3.0,1226.009740,258.84,-174.85,-85.28,-178.58,-18.1,-21.0,1,5458,0.6,-72.1,5.0
3.0,1226.019740,258.22,-171.97,-86.56,178.6,-16.18,-19.5,1,5329,1.5,23.6,1.3
3.0,1226.029740,256.03,-165.43,-88.15,172.09,-13.69,-17.5,1,5201,2.6,65.6,2.4
3.0,1226.039740,253.65,-97.13,-89.56,103.8,-10.72,-14.75,1,5083,0.7,131.3,-3.7
3.0,1226.049740,250.66,-7.19,-87.16,13.89,-7.36,-11.75,1,4948,6.0,221.1,-1.5
3.0,1226.059740,247.41,-3.0,-83.53,9.81,-3.75,-8.25,1,4819,6.8,275.0,-2.9
3.0,1226.069740,243.72,-1.55,-79.79,8.44,0.0,-4.5,1,4692,8.9,320.9,-3.2
3.0,1226.079740,239.77,-0.87,-75.75,7.86,3.75,-0.5,1,4565,8.6,358.3,-3.2
3.0,1226.089740,235.28,-0.44,-71.5,7.51,7.36,3.75,1,5453,10.6,387.3,-4.4
3.0,1226.099740,231.33,-0.09,-66.94,7.29,10.72,8.25,1,5325,11.3,426.9,-4.6
3.0,1226.109740,227.99,0.11,-62.14,7.19,13.69,11.5,1,5200,11.4,440.0,-3.5
3.0,1226.119740,225.35,0.19,-58.11,7.22,16.18,14.0,1,5088,10.1,390.7,-0.6
3.0,1226.129740,222.89,0.24,-55.72,7.21,18.1,16.5,1,4951,6.1,287.4,-3.9
3.0,1226.139740,220.96,0.41,-54.34,7.07,19.37,18.75,1,4824,8.6,241.7,-5.2
3.0,1226.149740,219.64,0.52,-52.26,7.04,19.96,19.75,1,4692,7.0,254.0,-1.8
3.0,1226.159740,219.02,0.45,-50.47,7.17,19.84,20.25,1,4569,4.5,166.6,3.5
3.0,1226.169740,218.94,0.45,-50.49,7.16,19.02,20.5,1,5457,1.6,85.1,-5.4
3.0,1226.179740,219.11,0.54,-50.95,7.02,17.53,19.75,1,5330,0.6,35.5,0.6
3.0,1226.189740,220.52,0.4,-51.51,7.14,15.41,18.25,1,5202,-3.2,-6.0,2.3
3.0,1226.199740,222.45,0.38,-52.71,7.12,12.75,16.25,1,5083,0.5,-78.7,-1.5
3.0,1226.209740,224.91,0.4,-55.1,7.07,9.64,13.75,1,4947,-5.9,-165.7,2.6
3.0,1226.219740,227.81,0.21,-58.2,7.15,6.18,10.75,1,4820,-6.3,-222.9,1.9
3.0,1226.229740,231.15,0.14,-61.52,7.16,2.51,7.25,1,4692,-5.8,-275.3,2.7
3.0,1226.239740,234.84,-0.03,-65.24,7.25,-1.26,3.5,1,4565,-9.1,-318.7,4.2
3.0,1226.249740,238.8,-0.32,-69.21,7.43,-4.97,-0.5,1,5453,-9.6,-354.0,4.2
3.0,1226.259740,242.84,-0.65,-73.49,7.66,-8.52,-4.75,1,5334,-10.1,-392.8,4.0
3.0,1226.269740,246.97,-1.17,-77.91,8.08,-11.76,-9.0,1,5210,-10.5,-402.6,4.1
3.0,1226.279740,250.22,-2.26,-82.34,9.07,-14.58,-12.25,1,5088,-11.8,-433.5,3.7
3.0,1226.289740,252.86,-5.26,-86.48,11.95,-16.89,-14.75,1,4952,-11.3,-383.5,1.5
3.0,1226.299740,254.97,-20.8,-89.08,27.43,-18.6,-17.25,1,4825,-6.9,-314.5,2.6
3.0,1226.309743,256.82,-146.2,-89.32,152.86,-19.65,-19.5,1,4692,-2.4,-212.1,4.9
3.0,1226.319740,258.31,-166.96,-88.14,173.61,-20.0,-20.75,1,4570,-6.4,-226.7,2.2
3.0,1226.329740,259.1,-174.04,-86.35,-179.38,-19.65,-21.75,1,5458,-3.0,-166.9,-1.2
3.0,1226.339740,259.1,-174.37,-85.7,-179.02,-18.6,-21.5,1,5331,-0.6,-124.1,7.9
3.0,1226.349740,258.57,-173.5,-85.76,-179.89,-16.89,-20.5,1,5212,-1.3,-36.6,-2.9
3.0,1226.359740,257.43,-171.52,-87.16,178.15,-14.58,-18.75,1,5085,2.7,52.8,4.8
3.0,1226.369740,255.32,-158.46,-88.66,165.13,-11.76,-16.5,1,4948,0.9,67.5,-0.4
3.0,1226.379740,252.69,-30.5,-89.23,37.17,-8.52,-13.75,1,4820,1.8,176.0,-4.3
3.0,1226.389740,249.52,-4.63,-85.77,11.37,-4.97,-10.75,1,4693,7.7,246.7,-0.3
3.0,1226.399740,246.09,-2.39,-82.17,9.24,-1.26,-7.0,1,4566,6.4,290.3,-4.3
3.0,1226.409740,242.31,-1.21,-78.37,8.13,2.51,-3.0,1,5453,9.0,336.6,-2.4
3.0,1226.419740,238.1,-0.71,-74.23,7.74,6.18,1.25,1,5334,10.5,367.5,-3.9
3.0,1226.429740,233.61,-0.28,-69.81,7.42,9.64,5.75,1,5207,10.7,410.8,-4.5
3.0,1226.439740,229.83,-0.0,-64.95,7.25,12.75,9.75,1,5088,11.1,443.5,-4.5
3.0,1226.449740,226.85,0.17,-60.23,7.19,15.41,12.25,1,4952,11.6,438.6,-2.9
3.0,1226.459740,224.82,0.22,-56.8,7.26,17.53,14.75,1,4825,11.2,348.7,1.3
3.0,1226.469740,222.01,0.26,-55.4,7.22,19.02,17.25,1,4701,2.2,229.9,-6.8
3.0,1226.479740,219.73,0.49,-54.05,6.98,19.84,19.75,1,4570,11.5,253.8,-5.8
3.0,1226.489740,217.97,0.56,-51.09,7.07,19.96,21.5,1,5458,4.6,271.3,1.1
3.0,1226.499740,216.91,0.43,-48.96,7.2,19.37,22.5,1,5330,3.7,196.5,0.5
3.0,1226.509740,216.83,0.57,-48.14,7.1,18.1,22.75,1,5211,7.7,156.3,-6.5
3.0,1226.519740,217.18,0.61,-48.0,7.07,16.18,21.75,1,5084,-2.0,54.2,4.9
3.0,1226.529740,218.58,0.44,-49.04,7.16,13.69,20.25,1,4948,-0.1,-1.5,-3.6
3.0,1226.539740,220.78,0.51,-50.63,7.04,10.72,18.25,1,4821,-4.1,-103.7,2.1
3.0,1226.549743,223.15,0.35,-53.47,7.13,7.36,15.5,1,4697,-5.0,-181.5,2.3
3.0,1226.559740,226.23,0.31,-56.54,7.11,3.75,12.25,1,4575,-4.6,-229.2,1.0
3.0,1226.569740,229.57,0.2,-59.89,7.14,0.0,8.75,1,5454,-9.3,-287.5,4.4
3.0,1226.579740,233.61,-0.04,-63.76,7.26,-3.75,4.75,1,5326,-8.7,-328.0,3.3
3.0,1226.589740,237.83,-0.21,-67.9,7.35,-7.36,0.75,1,5210,-9.6,-373.0,4.2
3.0,1226.599740,241.88,-0.55,-72.46,7.58,-10.72,-3.75,1,5089,-10.9,-411.3,4.4
3.0,1226.609740,246.36,-1.05,-77.07,7.99,-13.69,-8.5,1,4953,-10.1,-422.8,4.3
3.0,1226.619740,250.4,-2.0,-81.62,8.84,-16.18,-12.75,1,4825,-11.2,-443.2,4.3
3.0,1226.629743,253.65,-5.43,-86.38,12.14,-18.1,-15.5,1,4701,-13.6,-456.9,3.8
3.0,1226.639740,255.23,-136.47,-89.52,143.07,-19.37,-17.0,1,4571,-10.1,-381.2,-1.0
3.0,1226.649740,256.03,-171.12,-87.84,177.71,-19.96,-18.25,1,5460,-4.4,-254.1,5.5
3.0,1226.659740,256.9,-165.49,-88.39,172.14,-19.84,-19.5,1,5332,1.0,-69.2,0.8
3.0,1226.669740,256.99,-155.47,-89.01,162.15,-19.02,-19.75,1,5212,-2.5,-119.7,6.1
3.0,1226.679740,256.9,-168.96,-87.87,175.57,-17.53,-18.75,1,5085,-4.1,-68.1,-5.4
3.0,1226.689740,256.03,-166.5,-88.55,173.11,-15.41,-17.5,1,4949,2.0,16.4,4.9
3.0,1226.699740,254.27,-121.67,-89.47,128.36,-12.75,-15.5,1,4821,2.3,29.1,1.0
3.0,1226.709743,251.63,-14.89,-88.44,21.62,-9.64,-12.75,1,4697,3.7,166.1,-0.7
3.0,1226.719740,248.73,-3.96,-84.82,10.74,-6.18,-9.75,1,4575,5.4,228.9,-1.9
3.0,1226.729740,245.39,-2.01,-81.43,8.87,-2.51,-6.5,1,5466,7.8,276.5,-3.2
3.0,1226.739740,241.79,-1.15,-77.81,8.1,1.26,-2.75,1,5336,7.4,315.1,-2.4
3.0,1226.749740,237.66,-0.66,-73.87,7.7,4.97,1.5,1,5211,10.6,354.7,-4.0
3.0,1226.759740,233.88,-0.25,-69.54,7.41,8.52,5.5,1,5089,9.8,394.1,-4.0
3.0,1226.769740,230.36,-0.02,-64.91,7.27,11.76,9.0,1,4953,11.5,423.3,-3.8
3.0,1226.779740,227.02,0.09,-60.91,7.26,14.58,12.25,1,4826,8.5,370.5,-0.5
3.0,1226.789740,223.68,0.2,-58.02,7.2,16.89,15.75,1,4690,8.7,342.0,-6.7
3.0,1226.799740,221.31,0.44,-54.77,7.04,18.6,18.25,1,4597,10.2,353.5,-4.6
3.0,1226.809740,219.73,0.45,-51.64,7.15,19.65,19.75,1,5459,8.4,302.1,2.5
3.0,1226.819740,218.94,0.4,-50.12,7.22,20.0,20.5,1,5332,2.8,203.5,-3.2
3.0,1226.829740,218.67,0.47,-50.03,7.1,19.65,20.75,1,5213,3.2,107.0,-1.8
3.0,1226.839740,218.67,0.51,-50.38,7.09,18.6,20.25,1,5085,3.2,61.4,-1.2
3.0,1226.849740,219.73,0.46,-50.87,7.13,16.89,19.25,1,4949,-2.8,-2.8,2.1
3.0,1226.859740,221.48,0.39,-51.87,7.14,14.58,17.25,1,4822,0.3,-35.2,-1.4
3.0,1226.869740,223.77,0.42,-53.75,7.08,11.76,14.75,1,4694,-4.6,-155.6,1.6
3.0,1226.879740,226.58,0.26,-56.98,7.14,8.52,12.0,1,4593,-6.4,-202.7,2.6
3.0,1226.889740,229.83,0.14,-60.1,7.18,4.97,8.75,1,5458,-6.9,-265.4,2.5
3.0,1226.899740,233.44,0.01,-63.75,7.24,1.26,5.0,1,5336,-7.7,-302.2,3.6
3.0,1226.909740,237.48,-0.2,-67.6,7.36,-2.51,1.0,1,5209,-8.6,-347.3,3.8
3.0,1226.919740,241.17,-0.49,-71.96,7.56,-6.18,-3.25,1,5081,-10.2,-391.5,4.2
3.0,1226.929740,245.3,-0.95,-76.42,7.92,-9.63,-7.25,1,4953,-10.0,-401.5,4.0
3.0,1226.939740,248.73,-1.72,-80.65,8.58,-12.75,-10.75,1,4827,-11.7,-412.7,4.0
3.0,1226.949740,251.81,-3.17,-84.49,9.93,-15.41,-14.0,1,4690,-9.5,-373.2,1.0
3.0,1226.959740,254.09,-7.47,-87.49,14.18,-17.53,-16.5,1,4597,-7.3,-340.4,5.3
3.0,1226.969740,255.5,-88.78,-89.62,95.44,-19.02,-18.0,1,5459,-8.3,-280.8,1.5
3.0,1226.979740,257.17,-164.75,-88.7,171.37,-19.84,-19.75,1,5333,-3.5,-185.9,0.1
3.0,1226.989740,258.75,-167.66,-88.16,174.33,-19.96,-21.5,1,5214,-0.4,-149.3,6.9
3.0,1226.999740,259.98,-171.56,-86.74,178.22,-19.37,-22.75,1,5077,-4.0,-178.5,2.1
3.0,1227.009740,260.24,-175.17,-84.89,-178.23,-18.1,-22.75,1,4953,-3.2,-157.9,0.7
3.0,1227.019740,259.8,-175.44,-84.42,-177.94,-16.18,-22.25,1,4832,0.1,-67.0,2.8
3.0,1227.029740,259.1,-173.84,-85.52,-179.53,-13.69,-20.75,1,4695,-0.0,19.7,1.8
3.0,1227.039740,257.34,-170.0,-87.17,176.66,-10.72,-18.75,1,4593,3.0,80.2,2.2
3.0,1227.049740,254.79,-159.09,-88.71,165.79,-7.36,-16.25,1,5467,0.7,97.8,-3.4
3.0,1227.059740,251.81,-16.31,-88.68,23.01,-3.75,-13.0,1,5336,4.1,229.6,-2.7
3.0,1227.069740,248.29,-3.67,-84.61,10.47,0.0,-9.5,1,5218,7.5,278.7,-2.6
3.0,1227.079740,244.6,-1.82,-80.82,8.72,3.75,-5.5,1,5082,8.8,330.5,-4.0
3.0,1227.089740,240.47,-0.95,-76.6,7.95,7.36,-1.25,1,4957,9.3,370.3,-3.2
3.0,1227.099740,235.81,-0.5,-72.12,7.59,10.72,3.25,1,4827,10.3,408.6,-4.4
3.0,1227.109740,231.33,-0.12,-67.32,7.33,13.69,8.0,1,4691,12.5,442.0,-4.8
3.0,1227.119740,227.2,0.12,-62.32,7.21,16.18,12.25,1,4598,11.6,466.2,-4.6
3.0,1227.129740,224.3,0.26,-57.41,7.17,18.1,15.25,1,5460,11.2,467.4,-3.2
3.0,1227.139740,222.54,0.32,-53.78,7.24,19.37,16.75,1,5332,12.6,361.3,1.0
3.0,1227.149740,221.22,0.38,-52.45,7.23,19.96,18.25,1,5217,3.6,239.3,-6.0
3.0,1227.159740,220.08,0.42,-52.36,7.1,19.84,19.5,1,5078,1.8,131.5,-0.2
3.0,1227.169743,219.81,0.49,-51.97,7.1,19.02,19.75,1,4953,9.4,146.7,-6.0
3.0,1227.179740,219.9,0.55,-51.05,7.11,17.53,19.25,1,4831,-0.7,76.3,6.1
3.0,1227.189740,220.69,0.34,-51.79,7.22,15.41,18.0,1,4695,-1.5,-3.1,-4.1
3.0,1227.199740,222.54,0.45,-52.96,7.05,12.75,16.25,1,4594,-2.1,-37.1,1.0
3.0,1227.209740,224.91,0.32,-54.74,7.15,9.64,13.75,1,5468,-5.1,-143.8,2.2
3.0,1227.219740,227.64,0.25,-57.87,7.15,6.18,10.75,1,5337,-4.2,-207.0,0.6
3.0,1227.229740,230.8,0.18,-61.16,7.16,2.51,7.75,1,5218,-6.6,-265.7,3.9
3.0,1227.239740,234.4,-0.04,-64.75,7.29,-1.26,4.0,1,5082,-7.6,-300.2,3.0
3.0,1227.249740,238.27,-0.25,-68.55,7.4,-4.97,-0.0,1,4958,-9.7,-345.0,4.7
3.0,1227.259740,242.4,-0.6,-72.84,7.65,-8.52,-4.25,1,4827,-10.1,-384.5,3.8
3.0,1227.269740,246.27,-1.06,-77.21,8.02,-11.76,-8.5,1,4700,-9.9,-397.4,4.3
3.0,1227.279740,249.52,-2.0,-81.6,8.85,-14.58,-11.75,1,4598,-12.0,-425.9,3.5
3.0,1227.289740,252.07,-4.21,-85.73,10.94,-16.89,-14.25,1,5460,-10.9,-384.9,1.6
3.0,1227.299740,254.18,-10.54,-88.25,17.21,-18.6,-16.5,1,5333,-7.1,-294.1,2.6
3.0,1227.309740,256.46,-35.84,-89.36,42.54,-19.65,-19.0,1,5216,-1.8,-211.4,4.9
3.0,1227.319740,258.22,-158.6,-88.86,165.3,-20.0,-20.75,1,5079,-6.2,-241.1,2.6
3.0,1227.329743,258.75,-173.65,-86.44,-179.75,-19.65,-21.5,1,4954,-5.9,-217.6,0.4
3.0,1227.339740,258.66,-175.03,-85.49,-178.38,-18.6,-21.25,1,4833,-1.3,-118.2,2.1
3.0,1227.349740,258.4,-173.44,-86.23,-179.93,-16.89,-20.25,1,4697,0.1,-25.1,2.5
3.0,1227.359740,256.9,-168.84,-87.62,175.52,-14.58,-18.5,1,4594,2.6,47.9,2.8
3.0,1227.369740,254.88,-155.38,-88.91,162.08,-11.76,-16.25,1,5468,1.1,61.8,-0.9
3.0,1227.379740,252.16,-18.72,-88.8,25.43,-8.52,-13.25,1,5337,3.1,198.6,-2.9
3.0,1227.389740,248.99,-4.0,-85.03,10.8,-4.97,-10.25,1,5219,7.6,245.4,-0.8
3.0,1227.399740,245.48,-2.12,-81.58,9.02,-1.26,-6.5,1,5083,6.4,298.9,-4.4
3.0,1227.409740,241.7,-1.1,-77.71,8.06,2.51,-2.5,1,4955,8.5,333.9,-2.2
3.0,1227.419740,237.48,-0.64,-73.64,7.71,6.18,1.75,1,4828,11.3,371.7,-4.2
3.0,1227.429740,233.09,-0.22,-69.19,7.4,9.63,6.25,1,4692,9.7,407.2,-4.5
3.0,1227.439740,229.39,0.02,-64.44,7.25,12.75,10.25,1,4599,11.5,440.3,-4.2
3.0,1227.449740,226.49,0.2,-59.7,7.2,15.41,12.75,1,5461,12.1,440.9,-3.3
3.0,1227.459740,224.21,0.25,-56.27,7.28,17.53,15.25,1,5333,11.0,342.2,2.0
3.0,1227.469740,221.92,0.28,-54.91,7.24,19.02,17.5,1,5218,2.6,234.4,-7.6
3.0,1227.479740,220.43,0.5,-53.58,7.0,19.84,19.25,1,5079,9.5,241.5,-4.6
3.0,1227.489740,219.64,0.48,-51.43,7.15,19.96,19.75,1,4955,2.5,207.7,3.7
3.0,1227.499740,219.46,0.36,-50.55,7.23,19.37,20.0,1,4832,2.0,121.8,-3.0
3.0,1227.509740,219.55,0.47,-51.1,7.1,18.1,19.75,1,4696,1.7,31.3,-0.6
3.0,1227.519740,220.34,0.47,-52.0,7.12,16.18,18.75,1,4604,1.2,0.1,-0.6
3.0,1227.529740,221.84,0.41,-52.44,7.14,13.69,17.0,1,5460,-3.0,-11.9,2.3
3.0,1227.539740,224.03,0.34,-53.93,7.16,10.72,14.75,1,5338,-2.3,-137.5,-0.7
3.0,1227.549740,226.58,0.32,-57.03,7.11,7.36,12.0,1,5219,-5.7,-184.5,2.6
3.0,1227.559740,229.66,0.14,-59.94,7.2,3.75,8.75,1,5083,-7.1,-243.5,2.8
3.0,1227.569740,233.17,0.02,-63.46,7.25,0.0,5.25,1,4958,-7.2,-293.2,2.7
3.0,1227.579740,236.95,-0.16,-67.24,7.35,-3.75,1.25,1,4828,-8.6,-328.1,4.2
3.0,1227.589740,240.82,-0.46,-71.36,7.55,-7.36,-2.75,1,4700,-9.5,-377.0,3.8
3.0,1227.599740,245.13,-0.87,-75.86,7.87,-10.72,-7.25,1,4599,-10.0,-401.0,4.3
3.0,1227.609740,248.91,-1.66,-80.27,8.56,-13.69,-11.25,1,5461,-10.7,-416.6,4.4
3.0,1227.619740,251.81,-3.49,-84.7,10.27,-16.18,-13.75,1,5334,-12.5,-428.6,2.6
3.0,1227.629740,253.74,-9.7,-88.21,16.37,-18.1,-16.0,1,5216,-9.8,-340.3,-1.0
3.0,1227.639740,255.67,-76.92,-89.66,83.59,-19.37,-18.25,1,5079,-2.5,-256.6,6.8
3.0,1227.649743,257.26,-153.24,-89.02,159.95,-19.96,-19.75,1,4956,-4.3,-179.1,4.5
3.0,1227.659740,258.13,-169.17,-87.91,175.82,-19.84,-20.75,1,4834,-5.5,-194.2,-2.6
3.0,1227.669740,258.49,-173.97,-86.59,-179.41,-19.02,-21.25,1,4697,-1.5,-119.2,4.1
3.0,1227.679740,258.31,-172.3,-86.6,178.96,-17.53,-20.75,1,4605,-0.2,-72.9,3.2
3.0,1227.689740,257.87,-171.53,-87.05,178.19,-15.41,-19.5,1,5468,-0.1,-0.6,-1.0
3.0,1227.699740,256.11,-166.0,-88.22,172.68,-12.75,-17.5,1,5338,2.2,47.3,4.0
3.0,1227.709740,253.92,-111.83,-89.52,118.54,-9.64,-15.25,1,5220,0.8,106.7,-3.3
3.0,1227.719740,251.02,-8.4,-87.54,15.14,-6.18,-12.25,1,5083,5.4,201.3,-0.8
3.0,1227.729740,247.59,-3.32,-83.98,10.16,-2.51,-8.75,1,4959,6.7,263.5,-2.6
3.0,1227.739740,244.25,-1.63,-80.22,8.56,1.26,-5.0,1,4829,8.6,314.4,-3.6
3.0,1227.749740,240.03,-0.89,-76.18,7.91,4.97,-0.75,1,4692,9.3,353.6,-3.1
3.0,1227.759740,235.81,-0.47,-71.95,7.58,8.52,3.5,1,4600,9.3,383.8,-4.3
3.0,1227.769740,231.33,-0.12,-67.38,7.34,11.76,8.0,1,5461,12.0,426.5,-4.5
3.0,1227.779740,227.55,0.12,-62.48,7.23,14.58,12.25,1,5334,11.2,447.1,-4.4
3.0,1227.789740,224.56,0.25,-57.77,7.19,16.89,14.75,1,5217,10.7,450.5,-3.2
3.0,1227.799740,222.28,0.31,-54.21,7.26,18.6,17.25,1,5079,12.4,352.8,1.3
3.0,1227.809743,220.52,0.37,-52.84,7.23,19.65,19.25,1,4956,2.8,235.0,-6.9
3.0,1227.819740,219.29,0.55,-51.63,7.03,20.0,20.25,1,4833,10.8,238.7,-4.5
3.0,1227.829740,218.94,0.54,-50.09,7.18,19.65,20.5,1,4697,2.2,149.8,5.3
3.0,1227.839740,219.02,0.41,-50.39,7.23,18.6,20.25,1,4596,0.2,59.1,-5.7
3.0,1227.849740,219.38,0.55,-51.1,7.04,16.89,19.5,1,5468,1.2,20.5,0.3
3.0,1227.859740,220.78,0.42,-51.59,7.17,14.58,18.0,1,5339,-3.9,-10.6,2.7
3.0,1227.869740,222.89,0.36,-52.92,7.17,11.76,15.75,1,5220,-0.9,-102.2,-1.6
3.0,1227.879740,225.53,0.38,-55.6,7.1,8.52,13.25,1,5084,-5.8,-176.1,2.9
3.0,1227.889740,228.52,0.19,-58.69,7.2,4.97,10.0,1,4959,-6.7,-234.9,2.2
3.0,1227.899740,231.94,0.1,-62.08,7.22,1.26,6.5,1,4829,-6.4,-280.3,2.9
3.0,1227.909740,235.55,-0.09,-65.85,7.32,-2.51,2.75,1,4693,-9.8,-330.9,4.4
3.0,1227.919740,239.77,-0.38,-70.0,7.5,-6.18,-1.5,1,4600,-9.2,-364.2,3.8
3.0,1227.929740,243.81,-0.71,-74.31,7.74,-9.63,-5.75,1,5462,-10.5,-397.9,4.4
3.0,1227.939740,247.85,-1.34,-78.8,8.27,-12.75,-10.25,1,5335,-10.2,-415.8,3.9
3.0,1227.949740,251.54,-2.69,-83.41,9.52,-15.41,-13.5,1,5219,-12.2,-442.5,4.0
3.0,1227.959740,254.18,-8.14,-87.63,14.85,-17.53,-16.0,1,5080,-11.5,-397.2,1.6
3.0,1227.969743,255.5,-149.74,-89.34,156.39,-19.02,-18.0,1,4955,-6.5,-336.5,2.1
3.0,1227.979740,256.99,-168.11,-88.16,174.78,-19.84,-19.5,1,4834,-3.0,-184.2,5.0
3.0,1227.989740,257.34,-167.69,-88.07,174.37,-19.96,-20.0,1,4699,-3.8,-160.6,0.7
3.0,1227.999740,257.43,-172.01,-87.34,178.64,-19.37,-19.75,1,5594,-3.0,-97.8,0.5
3.0,1228.009740,257.26,-169.2,-87.9,175.86,-18.1,-19.25,1,5468,2.0,-6.3,2.9
3.0,1228.019740,256.64,-157.15,-88.86,163.86,-16.18,-18.25,1,5339,0.2,10.7,2.5
3.0,1228.029740,255.06,-152.36,-89.09,159.06,-13.69,-16.25,1,5220,0.1,6.7,-1.0
3.0,1228.039740,252.77,-35.86,-89.33,42.58,-10.72,-14.0,1,5085,3.7,139.6,0.9
3.0,1228.049740,249.87,-5.64,-86.1,12.44,-7.36,-11.25,1,4960,4.8,201.1,-2.4
4.0,1230.079739,246.45,-2.65,-82.58,9.58,0.0,-7.5,1,5600,4.3,173.4,-3.0
4.0,1230.089743,243.37,-1.43,-79.48,8.41,3.96,-4.25,1,5476,5.7,229.5,-0.7
4.0,1230.099740,239.85,-0.95,-76.06,8.01,7.67,-0.75,1,5354,7.1,286.6,-3.2
4.0,1230.109743,235.99,-0.46,-72.21,7.62,10.9,3.25,1,5221,9.9,327.6,-3.0
4.0,1230.119740,231.86,-0.16,-68.03,7.43,13.44,7.5,1,5093,9.9,377.4,-4.1
4.0,1230.129740,228.25,0.08,-63.39,7.29,15.14,11.25,1,4965,11.4,413.6,-4.1
4.0,1230.139740,225.53,0.22,-58.78,7.26,15.89,13.75,1,4827,9.9,425.0,-2.5
4.0,1230.149740,224.21,0.25,-55.4,7.34,15.64,15.25,1,4737,11.3,327.2,1.9
4.0,1230.159740,223.95,0.29,-54.31,7.33,14.4,15.5,1,5596,2.7,206.0,-5.5
4.0,1230.169743,224.12,0.33,-54.66,7.21,12.27,15.25,1,5472,2.2,86.3,1.5
4.0,1230.179740,224.91,0.26,-55.86,7.29,9.36,13.75,1,5358,-0.6,-0.2,-2.0
4.0,1230.189743,226.67,0.28,-57.16,7.21,5.86,12.0,1,5226,-1.1,-43.3,0.1
4.0,1230.199740,229.04,0.21,-59.01,7.25,2.0,9.5,1,5098,-3.7,-141.5,1.3
4.0,1230.209740,231.86,0.07,-62.05,7.29,-2.0,6.5,1,4970,-7.0,-205.5,2.0
4.0,1230.219740,235.2,-0.1,-65.34,7.37,-5.86,3.25,1,4831,-6.9,-265.0,2.8
4.0,1230.229740,238.97,-0.3,-69.16,7.5,-9.36,-0.75,1,4742,-8.2,-322.2,3.4
4.0,1230.239740,242.93,-0.62,-73.27,7.74,-12.27,-4.75,1,5601,-8.4,-353.9,4.0
4.0,1230.249743,247.06,-1.11,-77.49,8.14,-14.4,-9.25,1,5476,-9.6,-390.3,3.6
4.0,1230.259740,250.93,-2.14,-82.06,9.07,-15.64,-13.25,1,5354,-10.3,-421.0,4.2
4.0,1230.269743,253.65,-6.07,-86.74,12.87,-15.89,-15.75,1,5222,-13.6,-437.5,3.3
4.0,1230.279740,254.97,-140.07,-89.49,146.76,-15.14,-17.5,1,5091,-9.3,-346.7,-1.5
4.0,1230.289740,255.94,-168.44,-88.36,175.14,-13.44,-18.5,1,4967,-2.1,-212.7,5.7
4.0,1230.299740,256.11,-163.09,-88.53,169.84,-10.9,-18.5,1,4827,-2.6,-113.4,3.2
4.0,1230.309740,256.03,-158.33,-88.99,165.06,-7.67,-17.75,1,4737,-1.6,-52.3,-2.8
4.0,1230.319740,254.88,-123.92,-89.58,130.66,-3.96,-16.25,1,5596,0.5,9.1,4.0
4.0,1230.329740,252.69,-26.08,-89.06,32.87,0.0,-13.75,1,5481,2.5,46.7,0.1
4.0,1230.339740,249.79,-7.09,-86.94,13.94,3.96,-11.0,1,5350,5.2,181.2,0.8
4.0,1230.349743,246.62,-2.82,-83.05,9.73,7.67,-7.75,1,5226,5.0,256.3,-3.3
4.0,1230.359740,242.93,-1.38,-79.18,8.37,10.9,-3.75,1,5096,8.9,312.6,-2.4
4.0,1230.369743,238.8,-0.81,-75.09,7.91,13.44,0.5,1,4971,8.4,352.6,-3.2
4.0,1230.379740,234.32,-0.36,-70.73,7.56,15.14,4.75,1,4835,12.5,396.4,-4.4
4.0,1230.389740,230.54,-0.03,-65.87,7.37,15.89,9.0,1,4730,10.4,441.6,-4.5
4.0,1230.399740,227.81,0.13,-60.97,7.29,15.64,11.75,1,5601,11.5,444.8,-2.9
4.0,1230.409743,226.23,0.18,-57.5,7.38,14.4,13.25,1,5476,12.7,344.2,2.3
4.0,1230.419740,225.79,0.23,-56.28,7.37,12.27,13.5,1,5355,3.1,222.4,-6.4
4.0,1230.429743,225.88,0.27,-56.48,7.24,9.36,13.25,1,5222,2.4,102.0,2.5
4.0,1230.439740,226.85,0.17,-57.61,7.34,5.86,11.75,1,5094,-1.0,7.6,-3.0
4.0,1230.449740,228.69,0.24,-58.89,7.22,2.0,10.0,1,4967,-0.3,-33.0,0.1
4.0,1230.459740,231.06,0.12,-60.89,7.3,-2.0,7.5,1,4828,-6.0,-159.6,1.6
4.0,1230.469740,233.96,-0.05,-64.26,7.36,-5.86,4.5,1,4738,-5.7,-210.6,1.8
4.0,1230.479740,237.39,-0.2,-67.53,7.44,-9.36,1.0,1,5597,-7.2,-275.8,3.0
4.0,1230.489741,241.0,-0.47,-71.31,7.63,-12.27,-3.0,1,5480,-8.4,-312.8,3.4
4.0,1230.499740,245.04,-0.85,-75.32,7.92,-14.4,-7.25,1,5360,-8.5,-363.2,3.8
4.0,1230.509743,248.55,-1.53,-79.82,8.53,-15.64,-10.75,1,5226,-9.9,-399.6,3.7
4.0,1230.519740,251.28,-3.18,-84.3,10.05,-15.89,-13.25,1,5096,-11.9,-412.1,2.9
4.0,1230.529743,253.04,-7.24,-87.64,14.0,-15.14,-14.5,1,4971,-9.9,-322.7,-1.8
4.0,1230.539740,253.21,-21.02,-89.13,27.75,-13.44,-14.75,1,4834,-4.4,-241.3,6.6
4.0,1230.549740,253.04,-25.72,-89.11,32.5,-10.9,-14.25,1,4731,-1.9,-82.7,-0.5
4.0,1230.559740,251.72,-7.84,-87.55,14.65,-7.67,-12.75,1,5602,1.5,3.5,2.3
4.0,1230.569743,249.7,-5.24,-85.81,12.12,-3.96,-10.75,1,5477,3.9,89.0,2.8
4.0,1230.579740,247.15,-3.02,-83.3,9.94,-0.0,-8.25,1,5355,3.5,165.8,-2.8
4.0,1230.589740,244.25,-1.57,-80.23,8.55,3.96,-5.25,1,5222,6.8,231.2,-1.6
4.0,1230.599740,240.82,-1.04,-76.79,8.11,7.67,-1.5,1,5095,6.7,278.7,-2.1
4.0,1230.609743,236.69,-0.58,-73.07,7.72,10.9,2.25,1,4967,8.5,324.3,-3.8
4.0,1230.619740,232.56,-0.2,-68.86,7.46,13.44,6.75,1,4838,11.0,375.9,-3.7
4.0,1230.629740,229.04,0.03,-64.2,7.34,15.14,10.5,1,4736,10.1,413.9,-4.1
4.0,1230.639740,226.49,0.19,-59.58,7.28,15.89,13.0,1,5597,11.6,424.0,-2.8
4.0,1230.649743,225.0,0.24,-56.22,7.37,15.64,14.25,1,5483,10.9,326.8,2.3
4.0,1230.659740,224.65,0.25,-55.11,7.36,14.4,14.75,1,5360,2.2,207.4,-5.7
4.0,1230.669743,224.91,0.31,-55.44,7.23,12.27,14.25,1,5226,2.4,87.4,1.2
4.0,1230.679740,225.79,0.23,-56.64,7.31,9.36,12.75,1,5099,-0.6,0.2,-1.6
4.0,1230.689743,227.72,0.24,-57.98,7.25,5.86,10.75,1,4971,-1.6,-47.6,0.3
4.0,1230.699740,230.1,0.17,-60.02,7.28,2.0,8.5,1,4836,-3.5,-155.5,0.8
4.0,1230.709740,233.0,0.05,-63.22,7.32,-2.0,5.5,1,4740,-6.3,-211.7,2.3
4.0,1230.719740,236.16,-0.15,-66.52,7.42,-5.86,2.0,1,5602,-8.0,-273.7,2.7
4.0,1230.729743,240.03,-0.38,-70.25,7.57,-9.36,-1.75,1,5478,-7.8,-310.9,3.6
4.0,1230.739740,243.9,-0.72,-74.21,7.83,-12.27,-6.0,1,5356,-8.6,-358.6,3.8
4.0,1230.749740,247.76,-1.3,-78.63,8.32,-14.4,-10.0,1,5219,-9.4,-394.2,3.9
4.0,1230.759740,251.28,-2.62,-83.16,9.53,-15.64,-13.25,1,5104,-12.2,-417.7,3.8
4.0,1230.769743,253.65,-6.67,-87.13,13.45,-15.89,-15.25,1,4967,-10.8,-374.7,1.1
4.0,1230.779740,254.09,-61.54,-89.63,68.26,-15.14,-16.0,1,4837,-7.5,-310.4,1.9
4.0,1230.789740,254.09,-153.47,-89.21,160.21,-13.44,-15.75,1,4739,-3.0,-152.6,2.8
4.0,1230.799740,253.3,-23.88,-89.1,30.65,-10.9,-14.75,1,5598,0.1,-4.2,0.5
4.0,1230.809740,251.72,-7.71,-87.4,14.53,-7.67,-12.75,1,5480,2.0,26.4,1.0
4.0,1230.819740,249.35,-5.04,-85.73,11.92,-3.96,-10.5,1,5363,5.2,137.4,2.9
4.0,1230.829743,246.53,-2.76,-82.58,9.72,-0.0,-7.5,1,5227,5.0,204.7,-2.5
4.0,1230.839740,243.28,-1.41,-79.27,8.41,3.96,-4.25,1,5097,6.3,264.3,-2.7
4.0,1230.849742,239.59,-0.86,-75.63,7.95,7.67,-0.5,1,4972,8.0,304.4,-2.4
4.0,1230.859740,235.55,-0.46,-71.76,7.65,10.9,3.75,1,4834,10.1,347.1,-3.8
4.0,1230.869740,231.24,-0.12,-67.38,7.42,13.44,8.0,1,4732,10.0,395.6,-4.2
4.0,1230.879740,227.64,0.1,-62.63,7.3,15.14,12.0,1,5602,11.4,426.2,-4.1
4.0,1230.889743,224.91,0.24,-57.99,7.28,15.89,14.75,1,5478,10.1,434.0,-2.6
4.0,1230.899740,223.33,0.29,-54.57,7.35,15.64,16.0,1,5356,12.7,334.1,1.6
4.0,1230.909739,222.98,0.34,-53.42,7.34,14.4,16.5,1,5220,2.6,215.1,-5.5
4.0,1230.919740,223.24,0.36,-53.71,7.23,12.27,15.75,1,5104,2.1,90.4,1.4
4.0,1230.929740,224.21,0.29,-54.91,7.3,9.36,14.5,1,4967,-0.7,4.5,-2.0
4.0,1230.939740,226.14,0.31,-56.19,7.22,5.86,12.75,1,4829,-0.8,-41.8,0.2
4.0,1230.949740,228.6,0.22,-58.32,7.27,2.0,10.0,1,4739,-5.7,-166.6,1.5
4.0,1230.959740,231.5,0.08,-61.71,7.31,-2.0,7.0,1,5598,-5.4,-213.8,2.1
4.0,1230.969740,234.93,-0.06,-64.89,7.38,-5.86,3.5,1,5479,-8.2,-271.5,2.9
4.0,1230.979740,238.62,-0.3,-68.8,7.52,-9.36,-0.25,1,5363,-8.1,-333.2,3.6
4.0,1230.989743,242.67,-0.59,-72.95,7.74,-12.27,-4.5,1,5228,-8.6,-352.8,3.8
4.0,1230.999740,246.8,-1.06,-77.16,8.12,-14.4,-9.0,1,5097,-9.5,-401.6,4.0
4.0,1231.009743,250.75,-2.09,-81.88,9.05,-15.64,-13.0,1,4973,-10.7,-422.6,3.9
4.0,1231.019740,253.56,-5.63,-86.5,12.45,-15.89,-15.5,1,4834,-13.7,-442.0,3.7
4.0,1231.029740,254.79,-126.19,-89.59,132.91,-15.14,-16.75,1,4743,-9.4,-353.0,-1.5
4.0,1231.039740,254.88,-168.64,-88.33,175.35,-13.44,-17.25,1,5604,-3.8,-228.5,5.7
4.0,1231.049743,254.79,-155.09,-89.07,161.85,-10.9,-16.5,1,5478,-0.8,-45.2,-0.4
4.0,1231.059740,253.92,-18.71,-88.91,25.5,-7.67,-15.25,1,5359,0.7,4.5,1.9
4.0,1231.069742,251.98,-11.42,-88.11,18.24,-3.96,-13.25,1,5232,1.7,33.0,0.7
4.0,1231.079740,249.26,-5.65,-86.2,12.52,0.0,-10.5,1,5102,5.0,164.1,1.7
4.0,1231.089742,246.27,-2.64,-82.54,9.6,3.96,-7.25,1,4977,5.6,236.1,-2.8
4.0,1231.099740,242.75,-1.33,-78.92,8.35,7.67,-3.75,1,4838,7.6,290.4,-2.6
4.0,1231.109740,238.8,-0.81,-75.08,7.92,10.9,0.25,1,5729,8.1,330.1,-2.6
4.0,1231.119740,234.49,-0.39,-70.92,7.61,13.44,4.75,1,5599,11.3,376.4,-4.4
4.0,1231.129740,230.45,-0.05,-66.19,7.39,15.14,9.0,1,5480,10.4,426.4,-4.4
4.0,1231.139740,227.11,0.12,-61.33,7.31,15.89,12.25,1,5364,10.9,436.5,-3.1
4.0,1231.149743,225.0,0.21,-57.31,7.34,15.64,14.25,1,5228,11.4,392.0,-0.7
4.0,1231.159740,224.12,0.27,-54.91,7.35,14.4,15.25,1,5098,6.9,284.1,-2.4
4.0,1231.169743,224.03,0.31,-54.41,7.29,12.27,15.25,1,4964,3.0,157.9,-1.9
4.0,1231.179740,224.38,0.29,-55.19,7.28,9.36,14.5,1,4834,1.0,48.8,-0.1
4.0,1231.189740,225.79,0.27,-56.44,7.28,5.86,13.0,1,5731,-0.1,-16.3,-1.2
4.0,1231.199740,227.81,0.24,-57.91,7.26,2.0,10.75,1,5603,-3.3,-81.3,1.4
4.0,1231.209743,230.54,0.13,-60.43,7.31,-2.0,8.0,1,5479,-3.6,-187.1,0.7
4.0,1231.219740,233.61,0.04,-63.85,7.33,-5.86,4.75,1,5357,-7.0,-236.0,2.9
4.0,1231.229741,237.22,-0.2,-67.32,7.47,-9.36,1.25,1,5231,-8.0,-298.2,3.0
4.0,1231.239740,241.0,-0.44,-71.22,7.63,-12.27,-2.75,1,5105,-8.6,-328.0,3.8
4.0,1231.249742,245.21,-0.84,-75.35,7.94,-14.4,-7.25,1,4968,-9.1,-382.9,4.0
4.0,1231.259740,248.82,-1.58,-80.0,8.59,-15.64,-11.0,1,4839,-10.4,-410.1,4.2
4.0,1231.269740,251.63,-3.37,-84.53,10.25,-15.89,-13.5,1,5729,-12.1,-425.8,2.8
4.0,1231.279740,253.3,-8.66,-88.02,15.43,-15.14,-14.75,1,5599,-10.0,-334.3,-1.6
4.0,1231.289739,253.65,-37.05,-89.47,43.8,-13.44,-15.25,1,5480,-4.4,-245.0,6.7
4.0,1231.299740,253.21,-50.62,-89.5,57.41,-10.9,-14.5,1,5365,-2.4,-99.2,-0.3
4.0,1231.309742,251.89,-10.2,-88.13,17.01,-7.67,-13.25,1,5228,1.1,6.6,1.4
4.0,1231.319740,249.96,-5.72,-86.15,12.61,-3.96,-11.25,1,5098,4.9,93.2,4.2
4.0,1231.329743,247.41,-3.31,-83.58,10.26,0.0,-8.5,1,4964,3.0,170.7,-3.3
4.0,1231.339740,244.51,-1.62,-80.54,8.61,3.96,-5.5,1,4835,7.0,227.9,-1.6
4.0,1231.349740,241.0,-1.1,-77.13,8.18,7.67,-1.75,1,5731,6.4,283.3,-1.9
4.0,1231.359740,237.04,-0.61,-73.33,7.77,10.9,2.25,1,5604,9.2,324.7,-4.1
4.0,1231.369743,232.82,-0.22,-69.17,7.49,13.44,6.5,1,5479,10.5,375.6,-3.4
4.0,1231.379740,229.22,0.01,-64.5,7.37,15.14,10.25,1,5357,10.2,416.1,-4.3
4.0,1231.389740,226.58,0.19,-59.86,7.3,15.89,12.75,1,5231,11.9,422.9,-2.8
4.0,1231.399740,225.18,0.23,-56.47,7.39,15.64,14.25,1,5105,11.0,332.6,2.3
4.0,1231.409741,224.91,0.24,-55.3,7.39,14.4,14.5,1,4967,1.9,207.4,-5.7
4.0,1231.419740,224.91,0.29,-55.66,7.25,12.27,14.25,1,4839,2.3,89.5,1.1
4.0,1231.429740,225.35,0.23,-56.81,7.32,9.36,13.75,1,5728,-0.9,3.1,-2.0
4.0,1231.439740,226.23,0.3,-57.79,7.22,5.86,12.75,1,5600,1.8,-11.7,-1.7
4.0,1231.449742,227.9,0.24,-58.74,7.28,2.0,10.75,1,5484,-3.8,-80.5,3.4
4.0,1231.459740,230.27,0.11,-60.57,7.34,-2.0,8.25,1,5362,-2.5,-113.8,-1.2
4.0,1231.469743,233.26,0.08,-63.02,7.31,-5.86,5.25,1,5229,-7.1,-212.2,4.0
4.0,1231.479740,236.69,-0.2,-66.79,7.48,-9.36,1.5,1,5099,-7.5,-278.4,1.9
4.0,1231.489743,240.56,-0.38,-70.66,7.58,-12.27,-2.25,1,4965,-7.7,-320.5,4.2
4.0,1231.499740,244.51,-0.78,-74.78,7.91,-14.4,-6.5,1,4835,-9.0,-369.5,3.8
4.0,1231.509740,248.2,-1.43,-79.3,8.46,-15.64,-10.25,1,5731,-10.0,-402.9,4.3
4.0,1231.519740,250.93,-2.93,-83.81,9.84,-15.89,-12.75,1,5604,-13.0,-417.5,2.8
4.0,1231.529743,252.51,-6.11,-87.25,12.89,-15.14,-14.25,1,5480,-9.3,-330.5,-2.0
4.0,1231.539740,252.77,-13.85,-88.71,20.63,-13.44,-14.25,1,5358,-4.1,-234.9,6.9
4.0,1231.549740,252.42,-17.21,-88.72,24.02,-10.9,-13.75,1,5231,-2.9,-98.5,-1.2
4.0,1231.559740,251.02,-6.67,-87.22,13.5,-7.67,-12.25,1,5105,2.3,17.9,2.9
4.0,1231.569741,248.91,-4.45,-85.07,11.37,-3.96,-10.25,1,4967,3.9,99.3,2.7
4.0,1231.579740,246.27,-2.57,-82.47,9.55,-0.0,-7.25,1,4839,4.4,179.0,-3.3
4.0,1231.589740,243.37,-1.4,-79.34,8.42,3.96,-4.25,1,5728,5.9,233.4,-0.5
4.0,1231.599740,239.85,-0.95,-75.9,8.05,7.67,-0.75,1,5600,6.8,290.5,-3.4
4.0,1231.609741,235.81,-0.46,-72.04,7.65,10.9,3.25,1,5482,10.0,328.6,-3.0
4.0,1231.619740,231.59,-0.16,-67.86,7.47,13.44,7.75,1,5366,10.1,379.9,-4.3
4.0,1231.629742,228.08,0.09,-63.19,7.33,15.14,11.5,1,5228,11.1,415.5,-3.9
4.0,1231.639740,225.26,0.22,-58.56,7.3,15.89,14.0,1,5099,10.1,427.8,-2.6
4.0,1231.649743,223.95,0.26,-55.18,7.38,15.64,15.25,1,4965,11.6,325.5,2.0
4.0,1231.659740,223.68,0.3,-54.05,7.37,14.4,15.75,1,4835,3.0,215.7,-5.5
4.0,1231.669740,223.77,0.34,-54.29,7.26,12.27,15.25,1,5732,1.6,86.3,1.3
4.0,1231.679740,224.74,0.26,-55.6,7.33,9.36,14.25,1,5604,-0.3,-1.5,-1.9
4.0,1231.689742,226.49,0.3,-56.86,7.25,5.86,12.25,1,5480,-0.8,-38.3,-0.1
4.0,1231.699740,228.96,0.21,-58.72,7.29,2.0,9.75,1,5358,-5.0,-149.2,1.7
4.0,1231.709740,231.86,0.07,-61.86,7.34,-2.0,6.75,1,5231,-5.6,-203.1,1.6
4.0,1231.719740,234.93,-0.06,-65.05,7.4,-5.86,3.25,1,5104,-7.4,-264.4,3.1
4.0,1231.729740,238.71,-0.31,-68.91,7.55,-9.36,-0.5,1,4968,-8.3,-324.8,3.5
4.0,1231.739740,242.84,-0.61,-73.04,7.77,-12.27,-4.75,1,4840,-8.5,-352.4,3.9
4.0,1231.749740,246.97,-1.08,-77.24,8.16,-14.4,-9.0,1,5729,-9.3,-392.9,3.6
4.0,1231.759740,250.66,-2.06,-81.85,9.04,-15.64,-13.0,1,5600,-10.4,-420.1,4.1
4.0,1231.769741,253.56,-5.65,-86.49,12.5,-15.89,-15.5,1,5483,-13.5,-438.1,3.6
4.0,1231.779740,254.71,-115.25,-89.64,121.98,-15.14,-16.75,1,5365,-9.4,-346.3,-1.6
4.0,1231.789742,254.71,-167.25,-88.51,173.99,-13.44,-17.25,1,5229,-3.7,-221.2,5.7
4.0,1231.799740,254.62,-146.56,-89.29,153.35,-10.9,-16.5,1,5102,-0.7,-39.3,-0.4
4.0,1231.809743,253.74,-15.48,-88.71,22.29,-7.67,-15.25,1,4966,0.7,2.2,1.7
4.0,1231.819740,251.81,-11.06,-88.07,17.91,-3.96,-13.0,1,4836,1.4,23.9,1.0
4.0,1231.829740,249.17,-5.69,-86.19,12.59,0.0,-10.25,1,5732,5.4,167.2,1.9
4.0,1231.839740,246.09,-2.63,-82.4,9.61,3.96,-7.25,1,5605,5.6,237.6,-2.7
4.0,1231.849743,242.67,-1.33,-78.81,8.37,7.67,-3.5,1,5480,7.5,289.1,-2.7
4.0,1231.859740,238.71,-0.8,-75.0,7.93,10.9,0.5,1,5360,8.4,329.5,-2.7
4.0,1231.869740,234.49,-0.39,-70.85,7.63,13.44,4.75,1,5233,10.9,375.1,-4.3
4.0,1231.879740,230.45,-0.05,-66.19,7.41,15.14,9.0,1,5107,10.6,420.3,-4.4
4.0,1231.889743,227.2,0.12,-61.4,7.33,15.89,12.25,1,4970,10.5,433.2,-3.2
4.0,1231.899740,225.0,0.21,-57.39,7.36,15.64,14.25,1,4840,11.6,388.2,-0.5
4.0,1231.909740,224.21,0.27,-55.02,7.38,14.4,15.25,1,5731,6.8,282.8,-2.6
4.0,1231.919740,224.21,0.31,-54.54,7.31,12.27,15.25,1,5601,2.9,153.3,-1.7
4.0,1231.929740,224.47,0.28,-55.37,7.31,9.36,14.25,1,5483,0.9,46.8,-0.0
4.0,1231.939740,225.97,0.26,-56.6,7.3,5.86,12.75,1,5366,-0.2,-16.7,-1.3
4.0,1231.949741,228.08,0.23,-58.11,7.29,2.0,10.5,1,5228,-3.6,-87.5,1.4
4.0,1231.959740,230.71,0.12,-60.67,7.33,-2.0,7.75,1,5103,-3.5,-184.7,0.6
4.0,1231.969743,233.96,0.02,-64.08,7.36,-5.86,4.5,1,4966,-7.4,-244.3,3.1
4.0,1231.979740,237.48,-0.23,-67.67,7.51,-9.36,0.75,1,4836,-7.6,-298.7,3.0
4.0,1231.989740,241.35,-0.47,-71.5,7.67,-12.27,-3.25,1,5733,-8.9,-329.0,3.8
4.0,1231.999740,245.57,-0.89,-75.65,8.0,-14.4,-7.5,1,5605,-8.9,-384.5,3.8
4.0,1232.009740,249.08,-1.65,-80.33,8.67,-15.64,-11.5,1,5478,-10.7,-412.7,4.1
4.0,1232.019740,251.98,-3.64,-84.87,10.54,-15.89,-14.0,1,5368,-11.8,-425.8,3.0
4.0,1232.029740,253.74,-10.98,-88.38,17.77,-15.14,-15.25,1,5232,-10.3,-340.0,-1.2
4.0,1232.039740,254.0,-96.37,-89.67,103.13,-13.44,-16.0,1,5105,-4.4,-247.9,6.2
4.0,1232.049739,253.92,-111.89,-89.58,118.7,-10.9,-16.0,1,4968,-1.3,-103.9,-0.5
4.0,1232.059740,253.83,-14.86,-88.63,21.7,-7.67,-15.25,1,4842,-0.2,4.5,3.4
4.0,1232.069740,252.33,-8.88,-87.55,15.72,-3.96,-13.75,1,5729,0.3,1.3,-1.0
4.0,1232.079739,250.22,-6.21,-86.75,13.1,0.0,-11.25,1,5601,3.2,83.8,2.2
4.0,1232.089740,247.32,-3.52,-84.06,10.48,3.96,-8.5,1,5482,5.6,187.9,-0.8
4.0,1232.099740,244.16,-1.75,-80.47,8.79,7.67,-5.0,1,5366,6.4,254.7,-3.0
4.0,1232.109740,240.38,-0.99,-76.72,8.09,10.9,-1.25,1,5229,7.3,308.4,-2.2
4.0,1232.119740,236.16,-0.55,-72.68,7.74,13.44,2.75,1,5103,9.6,351.2,-4.1
4.0,1232.129743,231.86,-0.16,-68.25,7.48,15.14,7.25,1,4967,11.6,399.8,-4.1
4.0,1232.139740,228.16,0.07,-63.45,7.36,15.89,11.25,1,4837,10.8,431.5,-4.2
4.0,1232.149740,225.35,0.22,-58.71,7.31,15.64,14.0,1,5733,11.1,442.8,-2.9
4.0,1232.159740,223.95,0.27,-55.21,7.4,14.4,15.5,1,5606,11.8,338.2,2.0
4.0,1232.169740,223.68,0.3,-54.08,7.39,12.27,15.75,1,5478,3.0,218.0,-5.7
4.0,1232.179740,223.77,0.34,-54.36,7.27,9.36,15.25,1,5368,1.8,92.0,1.5
4.0,1232.189740,224.82,0.26,-55.6,7.35,5.86,14.0,1,5232,-0.4,2.5,-1.9
4.0,1232.199740,226.76,0.29,-56.87,7.27,2.0,12.0,1,5105,-0.9,-37.3,-0.2
4.0,1232.209739,229.04,0.2,-58.96,7.31,-2.0,9.5,1,4968,-5.1,-169.0,1.7
4.0,1232.219740,232.21,0.05,-62.4,7.36,-5.86,6.25,1,4841,-6.6,-211.8,1.9
4.0,1232.229740,235.55,-0.1,-65.62,7.43,-9.36,2.75,1,5729,-7.5,-279.9,2.9
4.0,1232.239740,239.41,-0.33,-69.63,7.58,-12.27,-1.25,1,5602,-8.3,-331.9,3.3
4.0,1232.249740,243.54,-0.67,-73.85,7.83,-14.4,-5.5,1,5484,-8.9,-370.8,4.2
4.0,1232.259740,247.32,-1.24,-78.28,8.31,-15.64,-9.25,1,5365,-9.8,-403.6,3.7
4.0,1232.269743,250.14,-2.43,-82.82,9.38,-15.89,-11.75,1,5231,-12.3,-420.9,3.8
4.0,1232.279740,251.63,-4.86,-86.48,11.7,-15.14,-13.25,1,5101,-9.8,-349.2,-1.8
4.0,1232.289740,251.81,-9.7,-88.2,16.5,-13.44,-13.5,1,4965,-5.4,-244.8,6.3
4.0,1232.299740,251.81,-10.67,-88.0,17.51,-10.9,-13.25,1,4846,-2.0,-84.9,-0.8
4.0,1232.309740,251.19,-4.92,-86.36,11.81,-7.67,-12.75,1,5734,1.8,5.8,1.8
4.0,1232.319740,249.96,-4.41,-85.17,11.35,-3.96,-11.25,1,5606,1.8,28.0,4.1
4.0,1232.329740,248.2,-3.42,-84.02,10.37,-0.0,-9.25,1,5479,1.9,93.2,-3.3
4.0,1232.339740,245.48,-1.99,-81.76,8.99,3.96,-6.5,1,5369,4.9,161.9,1.4
4.0,1232.349740,242.4,-1.47,-78.76,8.54,7.67,-3.25,1,5232,5.8,232.0,-3.0
4.0,1232.359740,238.89,-0.74,-75.23,7.89,10.9,0.25,1,5105,8.7,282.4,-3.0
4.0,1232.369739,234.93,-0.41,-71.36,7.66,13.44,4.25,1,4968,8.2,337.2,-2.6
4.0,1232.379740,230.71,-0.13,-66.94,7.46,15.14,8.5,1,4842,10.2,387.0,-4.9
4.0,1232.389740,227.02,0.12,-62.27,7.33,15.89,12.5,1,5729,10.6,417.2,-3.3
4.0,1232.399740,224.56,0.24,-57.69,7.32,15.64,15.0,1,5602,10.8,428.0,-3.1
4.0,1232.409740,223.15,0.31,-54.3,7.39,14.4,16.25,1,5484,12.5,328.2,2.2
4.0,1232.419740,222.89,0.33,-53.27,7.39,12.27,16.5,1,5366,1.4,202.5,-5.9
4.0,1232.429740,223.15,0.36,-53.7,7.26,9.36,15.75,1,5228,2.4,82.9,1.8
4.0,1232.439740,224.38,0.28,-54.9,7.35,5.86,14.25,1,5113,-1.1,-0.3,-2.0
4.0,1232.449743,226.41,0.29,-56.36,7.28,2.0,12.25,1,4968,-1.7,-62.4,0.9
4.0,1232.459740,228.96,0.19,-58.88,7.33,-2.0,9.5,1,4838,-5.4,-190.0,1.1
4.0,1232.469740,232.21,0.07,-62.36,7.35,-5.86,6.25,1,5734,-6.0,-219.5,2.3
4.0,1232.479740,235.63,-0.1,-65.55,7.44,-9.36,2.75,1,5609,-8.2,-289.8,3.0
4.0,1232.489740,239.5,-0.34,-69.73,7.59,-12.27,-1.25,1,5488,-8.5,-347.5,3.5
4.0,1232.499740,243.63,-0.69,-74.04,7.85,-14.4,-5.75,1,5369,-9.3,-373.0,4.2
4.0,1232.509740,247.41,-1.27,-78.42,8.34,-15.64,-9.5,1,5233,-9.9,-412.7,3.7
4.0,1232.519740,250.4,-2.55,-83.11,9.5,-15.89,-12.25,1,5105,-12.6,-428.8,4.0
4.0,1232.529741,251.89,-5.42,-86.81,12.25,-15.14,-13.5,1,4970,-10.0,-354.5,-1.9
4.0,1232.539740,252.25,-11.83,-88.52,18.63,-13.44,-13.75,1,4842,-5.3,-247.2,6.2
4.0,1232.549740,251.81,-12.27,-88.26,19.11,-10.9,-13.25,1,5730,-2.2,-81.8,-0.8
4.0,1232.559740,250.58,-5.14,-86.58,12.01,-7.67,-11.75,1,5603,1.0,5.3,1.1
4.0,1232.569740,248.47,-3.92,-84.73,10.87,-3.96,-9.75,1,5492,4.9,97.9,4.4
4.0,1232.579740,246.01,-2.6,-82.11,9.61,0.0,-7.0,1,5365,3.6,169.8,-2.5
4.0,1232.589739,243.02,-1.35,-79.12,8.41,3.96,-4.0,1,5228,7.0,227.5,-2.0
4.0,1232.599740,239.59,-0.87,-75.76,8.02,7.67,-0.25,1,5104,6.2,278.5,-2.4
4.0,1232.609740,235.55,-0.48,-71.95,7.7,10.9,3.75,1,4965,9.5,330.1,-3.5
4.0,1232.619740,231.42,-0.13,-67.65,7.47,13.44,7.75,1,4847,10.2,378.9,-4.2
4.0,1232.629740,227.9,0.09,-63.04,7.36,15.14,11.75,1,5734,10.7,412.5,-3.6
4.0,1232.639740,225.26,0.22,-58.47,7.33,15.89,14.25,1,5608,10.2,423.0,-2.8
4.0,1232.649740,223.86,0.27,-55.14,7.4,15.64,15.5,1,5488,11.7,322.7,2.0
4.0,1232.659740,223.24,0.31,-54.02,7.4,14.4,16.25,1,5369,2.6,212.7,-5.4
4.0,1232.669741,222.98,0.33,-54.24,7.27,12.27,16.25,1,5235,0.6,87.7,0.8
4.0,1232.679740,223.24,0.33,-54.97,7.3,9.36,15.75,1,5108,4.3,52.7,-3.8
4.0,1232.689740,224.47,0.38,-55.42,7.26,5.86,14.25,1,4969,-2.1,-10.4,2.9
4.0,1232.699740,226.67,0.23,-56.62,7.34,2.0,12.0,1,4851,-1.6,-57.1,-1.6
4.0,1232.709740,229.22,0.22,-58.87,7.28,-2.0,9.25,1,5730,-6.5,-177.6,2.6
4.0,1232.719740,232.47,0.01,-62.48,7.4,-5.86,6.0,1,5603,-7.0,-240.1,2.4
4.0,1232.729740,235.99,-0.12,-66.03,7.45,-9.36,2.25,1,5493,-7.1,-292.8,2.8
4.0,1232.739740,239.94,-0.33,-69.96,7.59,-12.27,-1.75,1,5365,-7.9,-340.6,3.6
4.0,1232.749740,244.07,-0.7,-74.28,7.88,-14.4,-6.0,1,5229,-9.3,-383.4,4.4
4.0,1232.759740,247.94,-1.34,-78.83,8.42,-15.64,-10.0,1,5114,-10.2,-412.7,3.8
4.0,1232.769740,250.66,-2.74,-83.49,9.68,-15.89,-12.5,1,4965,-13.4,-436.2,3.7
4.0,1232.779740,252.33,-6.23,-87.24,13.06,-15.14,-13.75,1,4847,-9.8,-352.0,-2.0
4.0,1232.789740,252.51,-14.89,-88.81,21.7,-13.44,-14.25,1,5738,-4.4,-244.0,6.6
4.0,1232.799740,252.33,-15.73,-88.62,22.58,-10.9,-13.75,1,5608,-2.7,-90.0,-1.2
4.0,1232.809740,251.02,-6.14,-87.09,13.01,-7.67,-12.25,1,5489,1.4,3.2,2.0
4.0,1232.819740,249.08,-4.46,-85.23,11.41,-3.96,-10.25,1,5370,3.9,93.1,3.7
4.0,1232.829740,246.45,-2.73,-82.61,9.73,0.0,-7.5,1,5234,4.1,172.0,-2.8
4.0,1232.839740,243.46,-1.45,-79.53,8.51,3.96,-4.25,1,5106,5.9,229.5,-0.9
4.0,1232.849740,239.94,-0.96,-76.1,8.09,7.67,-0.75,1,4970,6.9,286.2,-3.1
4.0,1232.859740,235.9,-0.48,-72.26,7.7,10.9,3.25,1,4852,10.1,327.1,-3.1
4.0,1232.869740,231.77,-0.17,-68.08,7.51,13.44,7.5,1,5731,9.9,377.6,-4.1
4.0,1232.879740,228.16,0.08,-63.43,7.37,15.14,11.25,1,5603,11.3,413.9,-4.1
4.0,1232.889740,225.53,0.22,-58.81,7.33,15.89,13.75,1,5493,10.1,425.9,-2.6
4.0,1232.899740,224.21,0.25,-55.4,7.41,15.64,15.25,1,5366,11.3,328.9,1.9
4.0,1232.909741,223.77,0.29,-54.29,7.41,14.4,15.5,1,5231,2.6,208.5,-5.4
4.0,1232.919740,224.03,0.33,-54.61,7.29,12.27,15.25,1,5105,2.4,88.1,1.5
4.0,1232.929740,224.91,0.26,-55.81,7.36,9.36,13.75,1,4965,-0.5,1.3,-2.0
4.0,1232.939740,226.67,0.29,-57.09,7.28,5.86,12.0,1,4874,-1.2,-41.4,0.0
4.0,1232.949740,228.96,0.2,-58.98,7.33,2.0,9.5,1,5739,-4.2,-146.2,1.3
4.0,1232.959740,231.94,0.07,-62.05,7.37,-2.0,6.5,1,5608,-6.4,-201.9,1.9
4.0,1232.969740,235.2,-0.09,-65.25,7.44,-5.86,3.25,1,5489,-7.1,-264.2,2.9
4.0,1232.979740,238.97,-0.3,-69.07,7.58,-9.36,-0.75,1,5370,-8.0,-319.6,3.4
4.0,1232.989740,242.93,-0.6,-73.16,7.8,-12.27,-4.75,1,5234,-8.4,-353.6,3.9
4.0,1232.999740,247.06,-1.1,-77.44,8.21,-14.4,-9.25,1,5107,-9.5,-393.7,3.8
4.0,1233.009740,250.93,-2.12,-82.0,9.13,-15.64,-13.25,1,4970,-10.3,-416.5,4.0
4.0,1233.019740,253.56,-5.82,-86.61,12.71,-15.89,-15.75,1,4869,-13.5,-438.6,3.6
4.0,1233.029740,254.97,-136.47,-89.52,143.23,-15.14,-17.25,1,5734,-9.5,-349.3,-1.6
4.0,1233.039740,255.85,-168.4,-88.36,175.18,-13.44,-18.25,1,5614,-2.2,-215.0,5.8
4.0,1233.049743,256.11,-163.19,-88.53,170.03,-10.9,-18.5,1,5497,-2.3,-115.0,3.0
4.0,1233.059740,255.94,-157.93,-89.01,164.74,-7.67,-17.75,1,5360,-1.8,-50.0,-2.5
4.0,1233.069740,254.71,-112.55,-89.62,119.37,-3.96,-16.0,1,5230,0.6,11.9,3.9
4.0,1233.079740,252.51,-23.25,-88.95,30.12,-0.0,-13.75,1,5115,2.7,49.3,0.2
4.0,1233.089740,249.7,-6.77,-86.8,13.7,3.96,-10.75,1,4966,5.0,183.9,0.5
4.0,1233.099740,246.18,-2.72,-82.9,9.72,7.67,-7.25,1,4874,5.5,257.0,-3.2
4.0,1233.109740,242.58,-1.34,-78.98,8.41,10.9,-3.5,1,5739,8.2,319.4,-2.6
4.0,1233.119740,238.36,-0.78,-74.8,7.95,13.44,0.75,1,5611,9.0,355.2,-3.0
4.0,1233.129739,234.05,-0.35,-70.45,7.64,15.14,5.25,1,5489,12.0,399.9,-4.5
4.0,1233.139740,230.27,-0.02,-65.57,7.43,15.89,9.25,1,5362,10.9,442.8,-4.7
4.0,1233.149740,227.37,0.14,-60.7,7.36,15.64,12.0,1,5235,11.0,444.1,-2.6
4.0,1233.159740,225.88,0.19,-57.22,7.46,14.4,13.5,1,5108,12.9,346.9,2.0
4.0,1233.169740,225.44,0.24,-55.96,7.44,12.27,13.75,1,4971,3.0,223.1,-6.1
4.0,1233.179740,225.44,0.28,-56.18,7.32,9.36,13.5,1,4870,2.4,102.2,2.2
4.0,1233.189743,226.41,0.19,-57.32,7.4,5.86,12.25,1,5735,-0.9,7.3,-3.0
4.0,1233.199740,228.16,0.24,-58.5,7.3,2.0,10.5,1,5613,-0.2,-23.6,0.4
4.0,1233.209743,230.62,0.15,-60.35,7.37,-2.0,7.75,1,5497,-4.7,-153.4,1.0
4.0,1233.219740,233.53,-0.0,-63.72,7.41,-5.86,4.75,1,5358,-6.2,-207.2,2.3
4.0,1233.229740,236.95,-0.17,-67.01,7.51,-9.36,1.25,1,5231,-7.1,-274.7,2.4
4.0,1233.239740,240.56,-0.4,-70.83,7.65,-12.27,-2.5,1,5112,-8.4,-315.0,3.7
4.0,1233.249740,244.6,-0.79,-74.87,7.96,-14.4,-6.75,1,4975,-8.7,-363.0,3.7
4.0,1233.259740,248.29,-1.44,-79.33,8.51,-15.64,-10.5,1,4874,-9.8,-398.7,4.1
4.0,1233.269740,251.1,-2.94,-83.83,9.89,-15.89,-12.75,1,5740,-12.6,-414.3,2.9
4.0,1233.279740,252.51,-6.29,-87.32,13.13,-15.14,-14.25,1,5609,-9.4,-333.7,-2.0
4.0,1233.289741,252.86,-16.78,-88.93,23.6,-13.44,-14.25,1,5491,-4.3,-244.7,6.7
4.0,1233.299740,252.33,-18.24,-88.79,25.1,-10.9,-13.75,1,5363,-2.8,-76.4,-1.2
4.0,1233.309740,250.93,-6.15,-86.99,13.04,-7.67,-12.25,1,5235,2.4,16.2,2.7
4.0,1233.319740,248.82,-4.41,-85.07,11.38,-3.96,-10.0,1,5108,3.7,100.2,2.7
4.0,1233.329740,246.27,-2.56,-82.44,9.58,-0.0,-7.25,1,4974,4.5,179.8,-3.1
4.0,1233.339740,243.19,-1.4,-79.32,8.48,3.96,-4.25,1,4879,6.1,232.6,-0.6
4.0,1233.349743,239.68,-0.94,-75.88,8.1,7.67,-0.5,1,5744,6.7,291.0,-3.4
4.0,1233.359740,235.63,-0.45,-71.97,7.69,10.9,3.5,1,5613,10.2,333.2,-3.1
4.0,1233.369742,231.42,-0.15,-67.71,7.51,13.44,7.75,1,5498,10.0,383.4,-4.3
4.0,1233.379740,227.9,0.09,-63.05,7.38,15.14,11.75,1,5358,11.0,416.0,-3.8
4.0,1233.389740,225.09,0.22,-58.44,7.35,15.89,14.25,1,5240,10.1,428.6,-2.8
4.0,1233.399740,223.77,0.27,-55.03,7.42,15.64,15.75,1,5112,12.1,328.6,2.0
4.0,1233.409740,223.07,0.32,-53.87,7.42,14.4,16.25,1,4976,2.8,216.2,-5.6
4.0,1233.419740,222.8,0.34,-54.1,7.29,12.27,16.75,1,4875,0.5,89.5,0.7
4.0,1233.429740,223.07,0.33,-54.74,7.32,9.36,16.0,1,5736,3.8,62.7,-3.7
4.0,1233.439740,224.3,0.38,-55.08,7.29,5.86,14.5,1,5612,-1.3,-6.8,2.9
4.0,1233.449741,226.32,0.25,-56.3,7.36,2.0,12.25,1,5492,-1.3,-52.5,-1.6
4.0,1233.459740,228.96,0.24,-58.56,7.3,-2.0,9.5,1,5363,-6.9,-180.3,2.5
4.0,1233.469740,232.12,0.02,-62.2,7.41,-5.86,6.25,1,5235,-6.5,-235.9,2.5
4.0,1233.479740,235.63,-0.11,-65.68,7.47,-9.36,2.75,1,5108,-7.6,-291.7,2.9
4.0,1233.489740,239.68,-0.33,-69.72,7.61,-12.27,-1.5,1,4972,-7.7,-348.7,3.6
4.0,1233.499740,243.72,-0.67,-74.04,7.87,-14.4,-5.75,1,4871,-9.4,-374.7,4.2
4.0,1233.509743,247.59,-1.27,-78.43,8.36,-15.64,-9.75,1,5744,-10.0,-413.4,3.9
4.0,1233.519740,250.31,-2.57,-83.14,9.55,-15.89,-12.25,1,5614,-13.0,-432.3,3.9
4.0,1233.529742,252.16,-5.43,-86.84,12.29,-15.14,-13.75,1,5498,-9.9,-351.3,-2.0
4.0,1233.539740,252.33,-11.29,-88.46,18.12,-13.44,-13.75,1,5359,-5.1,-244.1,6.5
4.0,1233.549740,251.89,-12.59,-88.3,19.46,-10.9,-13.25,1,5240,-2.3,-92.5,-1.0
4.0,1233.559740,250.66,-5.36,-86.78,12.25,-7.67,-11.75,1,5112,1.0,3.7,1.0
4.0,1233.569740,248.55,-3.96,-84.81,10.93,-3.96,-9.75,1,4976,4.9,100.1,4.6
4.0,1233.579740,246.01,-2.6,-82.14,9.64,-0.0,-7.25,1,4875,3.9,171.7,-2.6
4.0,1233.589740,243.11,-1.35,-79.16,8.43,3.96,-4.0,1,5740,6.6,226.5,-1.7
4.0,1233.599740,239.5,-0.89,-75.8,8.05,7.67,-0.5,1,5609,6.2,281.2,-2.5
4.0,1233.609740,235.72,-0.47,-71.96,7.72,10.9,3.5,1,5491,9.8,329.5,-3.4
4.0,1233.619740,231.5,-0.13,-67.71,7.51,13.44,7.75,1,5364,10.0,376.8,-4.1
4.0,1233.629740,227.9,0.09,-63.12,7.38,15.14,11.5,1,5236,11.1,412.4,-3.9
4.0,1233.639740,225.35,0.23,-58.53,7.35,15.89,14.25,1,5108,9.8,423.5,-2.5
4.0,1233.649740,223.95,0.26,-55.18,7.43,15.64,15.25,1,4972,11.7,323.8,1.8
4.0,1233.659740,223.59,0.31,-54.02,7.42,14.4,15.75,1,4871,2.8,215.6,-5.4
4.0,1233.669743,223.77,0.34,-54.22,7.31,12.27,15.25,1,5745,1.7,88.0,1.2
4.0,1233.679740,224.74,0.27,-55.49,7.37,9.36,14.25,1,5614,-0.3,1.0,-1.8
4.0,1233.689741,226.49,0.3,-56.79,7.3,5.86,12.25,1,5497,-1.0,-43.0,-0.2
4.0,1233.699740,228.78,0.21,-58.77,7.34,2.0,9.75,1,5360,-5.1,-153.3,1.7
4.0,1233.709740,231.77,0.07,-61.9,7.39,-2.0,6.75,1,5241,-5.7,-203.4,1.8
4.0,1233.719740,235.02,-0.06,-65.07,7.45,-5.86,3.25,1,5113,-7.2,-266.4,2.9
4.0,1233.729740,238.89,-0.29,-68.95,7.59,-9.36,-0.75,1,4976,-8.4,-324.8,3.5
4.0,1233.739740,242.84,-0.61,-73.07,7.82,-12.27,-4.75,1,4876,-8.5,-353.9,4.0
4.0,1233.749740,247.06,-1.08,-77.29,8.21,-14.4,-9.25,1,5741,-9.3,-392.8,3.7
4.0,1233.759740,250.84,-2.07,-81.89,9.1,-15.64,-13.25,1,5610,-10.4,-420.8,4.1
4.0,1233.769741,253.65,-5.76,-86.56,12.66,-15.89,-15.75,1,5501,-13.5,-440.1,3.7
4.0,1233.779740,254.88,-131.21,-89.57,138.0,-15.14,-17.25,1,5364,-9.6,-351.1,-1.7
4.0,1233.789740,255.94,-168.31,-88.38,175.11,-13.44,-18.5,1,5238,-2.4,-218.5,5.8
4.0,1233.799740,255.94,-162.94,-88.55,169.79,-10.9,-18.5,1,5109,-2.4,-113.0,3.0
4.0,1233.809740,256.03,-156.82,-89.06,163.65,-7.67,-17.75,1,4972,-1.6,-52.8,-2.6
4.0,1233.819740,254.71,-115.12,-89.61,121.97,-3.96,-16.25,1,4871,0.4,9.8,3.9
4.0,1233.829743,252.69,-25.32,-89.03,32.21,-0.0,-13.75,1,5745,2.5,41.6,0.2
4.0,1233.839740,249.87,-7.17,-86.96,14.12,3.96,-11.0,1,5615,5.1,182.0,0.7
4.0,1233.849740,246.53,-2.81,-83.02,9.82,7.67,-7.5,1,5496,5.1,255.0,-3.3
4.0,1233.859740,242.84,-1.38,-79.18,8.47,10.9,-3.75,1,5368,8.5,311.9,-2.4
4.0,1233.869740,238.8,-0.82,-75.09,8.01,13.44,0.25,1,5241,8.3,352.1,-3.2
4.0,1233.879740,234.32,-0.37,-70.76,7.67,15.14,4.75,1,5114,12.2,393.3,-4.3
4.0,1233.889740,230.62,-0.04,-65.97,7.46,15.89,8.75,1,4977,10.6,437.8,-4.7
4.0,1233.899740,227.81,0.13,-61.09,7.38,15.64,11.5,1,4876,11.1,443.6,-2.8
4.0,1233.909740,226.32,0.18,-57.6,7.48,14.4,13.0,1,5741,13.0,343.5,2.4
4.0,1233.919740,225.88,0.23,-56.37,7.47,12.27,13.25,1,5610,2.8,222.6,-6.5
4.0,1233.929740,225.97,0.27,-56.55,7.34,9.36,13.0,1,5501,2.5,102.9,2.5
4.0,1233.939740,226.93,0.17,-57.65,7.44,5.86,11.75,1,5364,-1.0,10.1,-2.8
4.0,1233.949740,228.87,0.23,-58.93,7.32,2.0,9.75,1,5237,-0.4,-35.0,-0.1
4.0,1233.959740,231.24,0.12,-61.0,7.39,-2.0,7.25,1,5109,-5.7,-162.2,1.6
4.0,1233.969740,233.96,-0.05,-64.37,7.45,-5.86,4.25,1,4975,-5.9,-209.2,1.7
4.0,1233.979740,237.39,-0.19,-67.51,7.53,-9.36,0.75,1,4881,-6.9,-267.0,3.0
4.0,1233.989743,241.17,-0.45,-71.22,7.71,-12.27,-3.0,1,5745,-8.3,-313.1,3.2
4.0,1233.999740,245.13,-0.83,-75.28,8.0,-14.4,-7.25,1,5615,-8.4,-359.4,3.8
4.0,1234.009740,248.64,-1.52,-79.73,8.61,-15.64,-10.75,1,5496,-10.1,-398.7,3.8
4.0,1234.019740,251.46,-3.12,-84.2,10.09,-15.89,-13.25,1,5369,-11.6,-408.0,2.8
4.0,1234.029740,253.04,-6.94,-87.56,13.8,-15.14,-14.5,1,5241,-10.1,-327.5,-1.8
4.0,1234.039740,253.21,-21.77,-89.16,28.6,-13.44,-14.75,1,5114,-4.5,-244.1,6.6
4.0,1234.049740,252.86,-25.01,-89.09,31.88,-10.9,-14.25,1,4980,-1.9,-79.3,-0.6
4.0,1234.059740,251.54,-7.51,-87.43,14.42,-7.67,-12.75,1,4877,1.8,7.9,2.8
5.0,1236.089740,247.59,-3.23,-84.04,10.22,-0.0,-8.75,1,5510,-1.1,-39.1,-1.1
5.0,1236.099740,245.83,-1.99,-82.07,9.05,3.93,-6.75,1,5374,2.9,51.3,2.7
5.0,1236.109740,243.46,-1.69,-79.8,8.84,7.48,-4.25,1,5247,4.8,137.4,0.4
5.0,1236.119740,240.38,-1.01,-76.8,8.23,10.3,-1.25,1,5110,5.5,214.1,-2.7
5.0,1236.129742,236.95,-0.56,-73.33,7.85,12.11,2.25,1,5019,7.7,269.7,-1.5
5.0,1236.139740,233.17,-0.27,-69.52,7.66,12.73,6.0,1,5884,9.6,326.2,-4.1
5.0,1236.149740,230.01,0.02,-65.27,7.48,12.11,9.5,1,5744,9.5,367.7,-3.2
5.0,1236.159740,227.72,0.14,-61.03,7.45,10.3,11.75,1,5633,9.9,383.2,-2.2
5.0,1236.169740,226.49,0.18,-57.97,7.53,7.48,12.5,1,5497,10.7,290.2,2.4
5.0,1236.179740,226.41,0.21,-56.97,7.53,3.93,12.25,1,5373,2.0,192.8,-5.3
5.0,1236.189740,227.46,0.24,-57.32,7.42,0.0,11.25,1,5251,2.4,63.4,2.7
5.0,1236.199740,229.22,0.15,-59.08,7.5,-3.93,9.5,1,5115,-2.3,-47.1,-2.8
5.0,1236.209743,231.68,0.13,-61.61,7.41,-7.48,7.0,1,5016,-5.2,-141.8,1.7
5.0,1236.219740,234.58,-0.05,-64.61,7.52,-10.3,3.75,1,5877,-5.6,-205.3,1.4
5.0,1236.229740,237.92,-0.2,-68.08,7.6,-12.11,0.25,1,5748,-7.2,-283.8,3.2
5.0,1236.239740,241.61,-0.48,-71.92,7.8,-12.73,-3.5,1,5630,-8.2,-305.4,2.9
5.0,1236.249740,245.21,-0.85,-75.76,8.08,-12.11,-7.0,1,5502,-8.7,-361.5,4.0
5.0,1236.259740,247.59,-1.59,-80.24,8.71,-10.3,-9.0,1,5374,-11.8,-392.8,2.8
5.0,1236.269740,248.55,-2.33,-83.87,9.34,-7.48,-10.0,1,5247,-7.6,-331.5,-2.5
5.0,1236.279743,248.55,-3.04,-85.12,10.03,-3.93,-9.75,1,5114,-6.2,-186.1,6.6
5.0,1236.289743,247.68,-3.26,-84.07,10.26,0.0,-8.75,1,5012,-1.1,-40.8,-1.1
5.0,1236.299740,246.01,-2.0,-82.15,9.07,3.93,-7.0,1,5880,2.8,48.0,2.6
5.0,1236.309740,243.63,-1.7,-79.92,8.86,7.48,-4.5,1,5752,4.7,134.4,0.6
5.0,1236.319740,240.56,-1.03,-76.92,8.24,10.3,-1.5,1,5634,5.5,213.5,-2.9
5.0,1236.329740,237.13,-0.56,-73.46,7.85,12.11,2.0,1,5498,7.8,267.2,-1.3
5.0,1236.339740,233.26,-0.28,-69.69,7.68,12.73,5.75,1,5370,9.4,322.9,-4.0
5.0,1236.349740,230.19,0.01,-65.47,7.49,12.11,9.25,1,5251,9.5,366.9,-3.3
5.0,1236.359740,227.99,0.13,-61.21,7.46,10.3,11.25,1,5116,9.6,381.6,-2.2
5.0,1236.369743,226.76,0.17,-58.2,7.54,7.48,12.25,1,5017,11.0,286.6,2.6
5.0,1236.379740,226.58,0.2,-57.23,7.53,3.93,12.25,1,5878,1.6,192.0,-5.5
5.0,1236.389740,227.55,0.24,-57.56,7.42,0.0,11.25,1,5748,2.5,62.3,2.8
5.0,1236.399740,229.48,0.14,-59.32,7.51,-3.93,9.25,1,5630,-2.4,-46.2,-2.5
5.0,1236.409740,231.86,0.13,-61.81,7.42,-7.48,6.75,1,5502,-4.7,-140.9,1.4
5.0,1236.419740,234.76,-0.05,-64.8,7.53,-10.3,3.75,1,5375,-5.9,-204.5,1.4
5.0,1236.429740,238.1,-0.22,-68.27,7.62,-12.11,0.25,1,5247,-7.1,-282.6,3.2
5.0,1236.439740,241.79,-0.49,-72.09,7.81,-12.73,-3.75,1,5112,-8.0,-304.2,2.9
5.0,1236.449741,245.39,-0.88,-75.94,8.11,-12.11,-7.25,1,5020,-8.9,-363.6,4.0
5.0,1236.459740,248.03,-1.64,-80.49,8.76,-10.3,-9.25,1,5881,-11.9,-395.5,2.5
5.0,1236.469740,248.82,-2.42,-84.14,9.43,-7.48,-10.25,1,5753,-7.8,-332.3,-2.3
5.0,1236.479740,248.82,-3.18,-85.35,10.17,-3.93,-10.25,1,5634,-6.0,-184.4,6.1
5.0,1236.489740,248.03,-3.35,-84.29,10.36,-0.0,-9.25,1,5498,-0.7,-42.7,-0.5
5.0,1236.499740,246.18,-2.14,-82.47,9.22,3.93,-7.5,1,5373,2.2,41.5,2.5
5.0,1236.509740,243.9,-1.8,-80.34,8.95,7.48,-5.0,1,5252,4.1,128.3,0.6
5.0,1236.519739,241.08,-1.07,-77.41,8.29,10.3,-1.75,1,5116,6.4,207.0,-3.2
5.0,1236.529743,237.57,-0.58,-74.0,7.88,12.11,1.75,1,5017,7.2,262.0,-1.0
5.0,1236.539740,233.79,-0.33,-70.23,7.72,12.73,5.5,1,5877,9.2,322.1,-3.8
5.0,1236.549740,230.62,-0.02,-65.91,7.51,12.11,8.75,1,5749,9.6,372.0,-3.4
5.0,1236.559740,228.43,0.11,-61.58,7.47,10.3,11.0,1,5630,9.3,383.1,-2.2
5.0,1236.569740,227.2,0.15,-58.61,7.56,7.48,12.0,1,5503,11.6,285.9,2.8
5.0,1236.579740,227.02,0.19,-57.72,7.54,3.93,11.75,1,5375,0.8,186.4,-6.1
5.0,1236.589740,227.72,0.23,-58.07,7.41,-0.0,10.75,1,5248,2.9,64.3,2.9
5.0,1236.599740,229.57,0.13,-59.52,7.53,-3.93,9.25,1,5112,-1.8,-22.4,-2.3
5.0,1236.609740,231.86,0.13,-61.74,7.43,-7.48,6.75,1,5019,-3.7,-134.9,1.0
5.0,1236.619740,234.67,-0.04,-64.84,7.52,-10.3,3.75,1,5881,-6.4,-197.6,1.6
5.0,1236.629740,238.01,-0.22,-68.18,7.63,-12.11,0.25,1,5753,-6.8,-270.9,3.0
5.0,1236.639740,241.7,-0.48,-71.95,7.81,-12.73,-3.5,1,5636,-8.0,-304.0,2.9
5.0,1236.649740,245.21,-0.86,-75.86,8.1,-12.11,-7.0,1,5499,-8.6,-357.4,4.0
5.0,1236.659740,247.68,-1.59,-80.28,8.72,-10.3,-9.25,1,5374,-11.8,-388.8,2.6
5.0,1236.669740,248.55,-2.29,-83.86,9.31,-7.48,-10.0,1,5252,-7.5,-326.7,-2.4
5.0,1236.679742,248.47,-3.02,-85.12,10.02,-3.93,-9.75,1,5119,-6.2,-187.9,6.5
5.0,1236.689743,247.59,-3.25,-84.12,10.26,-0.0,-8.75,1,5017,-1.0,-38.8,-1.0
5.0,1236.699740,245.92,-1.98,-82.11,9.07,3.93,-7.0,1,5880,3.0,52.1,2.7
5.0,1236.709740,243.54,-1.68,-79.84,8.85,7.48,-4.5,1,5749,4.8,135.8,0.4
5.0,1236.719740,240.47,-1.01,-76.89,8.24,10.3,-1.25,1,5639,5.4,212.2,-2.8
5.0,1236.729740,237.13,-0.56,-73.45,7.86,12.11,2.25,1,5503,7.7,268.0,-1.4
5.0,1236.739740,233.26,-0.27,-69.65,7.68,12.73,6.0,1,5376,9.5,323.5,-4.1
5.0,1236.749740,230.1,0.02,-65.43,7.5,12.11,9.25,1,5248,9.5,366.5,-3.3
5.0,1236.759740,227.72,0.14,-61.18,7.47,10.3,11.5,1,5112,9.6,382.2,-2.2
5.0,1236.769740,226.58,0.18,-58.15,7.55,7.48,12.5,1,5020,10.9,287.8,2.6
5.0,1236.779740,226.49,0.21,-57.16,7.54,3.93,12.25,1,5881,1.8,192.7,-5.6
5.0,1236.789740,227.55,0.24,-57.49,7.43,-0.0,11.25,1,5754,2.4,62.7,2.9
5.0,1236.799740,229.22,0.14,-59.19,7.53,-3.93,9.25,1,5635,-2.4,-39.8,-2.5
5.0,1236.809740,231.59,0.13,-61.61,7.43,-7.48,7.0,1,5499,-4.8,-139.9,1.4
5.0,1236.819740,234.58,-0.04,-64.65,7.53,-10.3,3.75,1,5373,-5.6,-203.2,1.3
5.0,1236.829740,238.01,-0.2,-68.1,7.62,-12.11,0.25,1,5253,-7.2,-282.0,3.2
5.0,1236.839741,241.61,-0.48,-71.93,7.81,-12.73,-3.5,1,5118,-8.2,-303.9,2.9
5.0,1236.849743,245.13,-0.84,-75.76,8.09,-12.11,-6.75,1,5017,-8.7,-360.8,3.9
5.0,1236.859740,247.59,-1.58,-80.24,8.71,-10.3,-9.0,1,5877,-11.9,-391.9,2.9
5.0,1236.869740,248.55,-2.31,-83.87,9.34,-7.48,-10.0,1,5750,-7.6,-331.5,-2.5
5.0,1236.879740,248.38,-3.0,-85.11,10.01,-3.93,-9.75,1,5640,-6.1,-184.0,6.6
5.0,1236.889740,247.59,-3.21,-84.04,10.24,-0.0,-8.75,1,5503,-1.1,-40.8,-1.1
5.0,1236.899740,245.92,-1.96,-82.08,9.05,3.93,-6.75,1,5379,3.0,53.6,2.6
5.0,1236.909740,243.46,-1.66,-79.75,8.84,7.48,-4.25,1,5249,4.7,137.8,0.6
5.0,1236.919740,240.47,-1.01,-76.81,8.25,10.3,-1.25,1,5121,5.6,210.6,-2.8
5.0,1236.929740,236.87,-0.55,-73.39,7.87,12.11,2.25,1,5019,7.4,269.7,-1.4
5.0,1236.939740,233.26,-0.27,-69.54,7.68,12.73,6.0,1,5882,9.7,325.7,-4.1
5.0,1236.949740,230.01,0.02,-65.31,7.5,12.11,9.5,1,5754,9.6,366.6,-3.3
5.0,1236.959740,227.64,0.14,-61.08,7.47,10.3,11.75,1,5636,9.7,382.8,-2.2
5.0,1236.969740,226.49,0.18,-58.01,7.55,7.48,12.5,1,5499,10.8,290.4,2.4
5.0,1236.979740,226.49,0.21,-57.02,7.55,3.93,12.25,1,5372,1.9,191.9,-5.3
5.0,1236.989740,227.37,0.24,-57.37,7.44,0.0,11.25,1,5245,2.4,62.7,2.7
5.0,1236.999741,229.22,0.15,-59.12,7.52,-3.93,9.5,1,5119,-2.2,-44.9,-2.7
5.0,1237.009743,231.59,0.14,-61.6,7.43,-7.48,7.0,1,5018,-5.2,-140.9,1.6
5.0,1237.019740,234.58,-0.05,-64.62,7.54,-10.3,4.0,1,5881,-5.5,-205.0,1.4
5.0,1237.029740,237.92,-0.2,-68.09,7.62,-12.11,0.5,1,5750,-7.2,-283.2,3.1
5.0,1237.039740,241.61,-0.48,-71.92,7.82,-12.73,-3.5,1,5632,-8.2,-305.2,2.9
5.0,1237.049740,245.13,-0.85,-75.77,8.1,-12.11,-7.0,1,5504,-8.7,-362.7,4.0
5.0,1237.059740,247.68,-1.59,-80.3,8.73,-10.3,-9.25,1,5379,-11.9,-395.0,2.8
5.0,1237.069740,248.55,-2.35,-83.97,9.38,-7.48,-10.0,1,5249,-7.6,-334.5,-2.5
5.0,1237.079740,248.55,-3.09,-85.23,10.1,-3.93,-9.75,1,5113,-6.3,-187.5,6.6
5.0,1237.089740,247.85,-3.28,-84.16,10.3,0.0,-8.75,1,5020,-1.0,-39.9,-1.1
5.0,1237.099740,246.09,-2.01,-82.22,9.11,3.93,-7.0,1,5882,2.7,46.8,2.8
5.0,1237.109740,243.63,-1.74,-80.05,8.92,7.48,-4.5,1,5755,4.7,131.0,0.7
5.0,1237.119740,240.82,-1.04,-77.09,8.27,10.3,-1.5,1,5636,5.4,212.0,-3.2
5.0,1237.129740,237.3,-0.56,-73.64,7.87,12.11,1.75,1,5500,7.8,263.6,-1.1
5.0,1237.139740,233.61,-0.29,-69.94,7.71,12.73,5.75,1,5372,9.2,318.9,-4.0
5.0,1237.149740,230.36,0.0,-65.73,7.51,12.11,9.25,1,5245,9.5,365.8,-3.3
5.0,1237.159740,228.16,0.12,-61.46,7.48,10.3,11.25,1,5118,9.2,379.8,-2.1
5.0,1237.169743,226.93,0.16,-58.49,7.57,7.48,12.25,1,5019,11.4,283.6,2.8
5.0,1237.179740,226.85,0.19,-57.58,7.56,3.93,12.0,1,5878,0.9,187.4,-5.9
5.0,1237.189740,227.81,0.23,-57.93,7.43,0.0,10.75,1,5751,2.7,61.1,2.8
5.0,1237.199740,229.57,0.13,-59.57,7.54,-3.93,9.25,1,5640,-2.5,-38.2,-2.2
5.0,1237.209740,232.03,0.12,-61.95,7.45,-7.48,6.75,1,5504,-3.8,-138.0,1.0
5.0,1237.219740,234.84,-0.04,-64.98,7.54,-10.3,3.5,1,5380,-6.3,-203.8,1.6
5.0,1237.229740,238.18,-0.23,-68.41,7.65,-12.11,0.25,1,5249,-7.0,-277.0,3.1
5.0,1237.239740,241.79,-0.5,-72.18,7.84,-12.73,-3.75,1,5114,-8.2,-303.7,3.0
5.0,1237.249739,245.39,-0.88,-76.05,8.13,-12.11,-7.25,1,6009,-8.6,-359.6,3.8
5.0,1237.259740,247.94,-1.61,-80.49,8.75,-10.3,-9.25,1,5882,-11.8,-388.9,2.6
5.0,1237.269740,248.82,-2.36,-84.01,9.39,-7.48,-10.25,1,5755,-7.6,-322.7,-2.4
5.0,1237.279740,248.73,-3.07,-85.26,10.08,-3.93,-10.25,1,5636,-5.8,-190.6,6.1
5.0,1237.289740,248.03,-3.38,-84.37,10.41,-0.0,-9.25,1,5500,-1.3,-43.8,-0.4
5.0,1237.299740,246.18,-2.14,-82.45,9.23,3.93,-7.25,1,5376,2.6,46.4,2.7
5.0,1237.309740,243.81,-1.77,-80.24,8.94,7.48,-4.75,1,5254,4.1,130.3,0.3
5.0,1237.319740,240.91,-1.04,-77.3,8.27,10.3,-1.75,1,5121,6.3,210.6,-3.1
5.0,1237.329743,237.57,-0.58,-73.89,7.9,12.11,1.75,1,6008,7.3,261.1,-0.9
5.0,1237.339740,233.7,-0.32,-70.2,7.74,12.73,5.5,1,5881,9.1,317.9,-3.9
5.0,1237.349740,230.62,-0.01,-65.96,7.53,12.11,8.75,1,5751,9.5,367.7,-3.3
5.0,1237.359740,228.34,0.11,-61.66,7.49,10.3,11.0,1,5640,9.2,379.8,-2.1
5.0,1237.369740,227.2,0.15,-58.71,7.58,7.48,11.75,1,5505,11.5,282.9,2.8
5.0,1237.379740,226.93,0.19,-57.81,7.56,3.93,11.75,1,5377,0.7,187.4,-6.0
5.0,1237.389740,227.81,0.22,-58.11,7.43,0.0,10.75,1,5241,3.0,65.3,2.8
5.0,1237.399740,229.48,0.12,-59.62,7.55,-3.93,9.25,1,5123,-2.2,-28.4,-2.1
5.0,1237.409739,231.86,0.12,-61.89,7.45,-7.48,6.75,1,6009,-3.5,-133.1,0.9
5.0,1237.419740,234.67,-0.03,-64.92,7.54,-10.3,3.75,1,5883,-6.3,-198.2,1.6
5.0,1237.429740,238.1,-0.23,-68.28,7.65,-12.11,0.25,1,5755,-6.9,-270.7,3.0
5.0,1237.439740,241.7,-0.48,-72.03,7.83,-12.73,-3.5,1,5637,-8.1,-302.5,2.9
5.0,1237.449740,245.21,-0.87,-75.92,8.12,-12.11,-7.0,1,5501,-8.6,-357.1,4.0
5.0,1237.459740,247.68,-1.61,-80.38,8.75,-10.3,-9.25,1,5373,-11.9,-391.3,2.6
5.0,1237.469740,248.55,-2.37,-84.03,9.41,-7.48,-10.0,1,5246,-7.6,-331.4,-2.4
5.0,1237.479740,248.55,-3.1,-85.25,10.12,-3.93,-9.75,1,5121,-6.0,-181.7,6.4
5.0,1237.489740,247.85,-3.25,-84.14,10.29,-0.0,-8.75,1,6006,-0.9,-39.0,-1.0
5.0,1237.499740,246.01,-2.02,-82.22,9.13,3.93,-7.0,1,5888,2.7,49.9,2.8
5.0,1237.509740,243.54,-1.73,-80.0,8.91,7.48,-4.5,1,5751,4.7,133.1,0.4
5.0,1237.519740,240.73,-1.02,-77.05,8.27,10.3,-1.5,1,5641,5.5,212.8,-2.9
5.0,1237.529740,237.22,-0.56,-73.6,7.89,12.11,2.0,1,5505,7.7,265.3,-1.2
5.0,1237.539740,233.44,-0.29,-69.86,7.72,12.73,5.75,1,5378,9.4,320.7,-4.0
5.0,1237.549740,230.27,0.01,-65.65,7.52,12.11,9.25,1,5242,9.5,366.2,-3.3
5.0,1237.559740,227.9,0.13,-61.39,7.49,10.3,11.25,1,5123,9.3,380.9,-2.2
5.0,1237.569741,226.85,0.16,-58.39,7.57,7.48,12.25,1,6011,11.4,285.4,2.7
5.0,1237.579740,226.67,0.2,-57.43,7.57,3.93,12.25,1,5883,1.3,190.7,-5.7
5.0,1237.589740,227.72,0.23,-57.76,7.45,0.0,11.0,1,5756,2.6,61.7,2.8
5.0,1237.599740,229.48,0.13,-59.48,7.55,-3.93,9.25,1,5637,-2.5,-42.4,-2.3
5.0,1237.609740,231.94,0.12,-61.94,7.45,-7.48,6.75,1,5501,-4.3,-141.9,1.3
5.0,1237.619740,234.93,-0.05,-65.01,7.56,-10.3,3.5,1,5373,-6.2,-207.5,1.4
5.0,1237.629740,238.27,-0.23,-68.49,7.65,-12.11,-0.0,1,5246,-7.1,-282.1,3.2
5.0,1237.639740,241.88,-0.51,-72.3,7.86,-12.73,-3.75,1,5123,-8.2,-306.3,3.0
5.0,1237.649740,245.48,-0.9,-76.17,8.16,-12.11,-7.25,1,6007,-8.8,-362.6,3.9
5.0,1237.659740,248.12,-1.67,-80.67,8.82,-10.3,-9.5,1,5888,-11.9,-393.6,2.6
5.0,1237.669740,248.82,-2.51,-84.27,9.55,-7.48,-10.25,1,5760,-7.9,-329.7,-2.3
5.0,1237.679740,248.91,-3.25,-85.47,10.26,-3.93,-10.25,1,5642,-5.9,-183.9,5.8
5.0,1237.689740,248.03,-3.48,-84.51,10.52,0.0,-9.25,1,5505,-0.6,-50.1,-0.1
5.0,1237.699740,246.27,-2.27,-82.68,9.38,3.93,-7.5,1,5378,2.5,50.5,2.8
5.0,1237.709740,243.98,-1.82,-80.37,8.99,7.48,-5.0,1,5242,3.8,129.9,-0.1
5.0,1237.719740,241.17,-1.06,-77.51,8.3,10.3,-1.75,1,5123,6.4,207.0,-2.9
5.0,1237.729741,237.57,-0.6,-74.11,7.93,12.11,1.75,1,6012,7.1,263.3,-1.0
5.0,1237.739740,233.7,-0.33,-70.31,7.75,12.73,5.5,1,5884,9.3,323.5,-3.9
5.0,1237.749740,230.62,-0.02,-65.98,7.54,12.11,8.75,1,5756,9.6,372.8,-3.3
5.0,1237.759740,228.34,0.11,-61.65,7.5,10.3,11.0,1,5637,9.4,383.8,-2.2
5.0,1237.769740,227.11,0.15,-58.68,7.59,7.48,12.0,1,5501,11.7,286.8,2.8
5.0,1237.779740,227.02,0.19,-57.74,7.57,3.93,11.75,1,5374,0.8,190.4,-6.1
5.0,1237.789740,227.81,0.23,-58.03,7.44,0.0,10.75,1,5246,3.2,67.4,2.9
5.0,1237.799740,229.48,0.13,-59.53,7.56,-3.93,9.25,1,5122,-2.2,-27.0,-2.2
5.0,1237.809740,231.86,0.12,-61.8,7.46,-7.48,6.75,1,6006,-3.6,-132.5,0.9
5.0,1237.819740,234.67,-0.03,-64.85,7.55,-10.3,3.75,1,5888,-6.2,-198.6,1.6
5.0,1237.829740,238.1,-0.22,-68.22,7.65,-12.11,0.25,1,5761,-7.0,-271.6,3.1
5.0,1237.839740,241.7,-0.49,-71.98,7.84,-12.73,-3.5,1,5643,-8.0,-302.9,2.9
5.0,1237.849740,245.21,-0.86,-75.87,8.13,-12.11,-7.0,1,5506,-8.6,-357.3,4.0
5.0,1237.859740,247.68,-1.6,-80.33,8.76,-10.3,-9.25,1,5379,-11.9,-391.8,2.7
5.0,1237.869740,248.55,-2.36,-84.0,9.42,-7.48,-10.0,1,5242,-7.5,-332.8,-2.5
5.0,1237.879740,248.47,-3.09,-85.24,10.13,-3.93,-9.75,1,5123,-6.2,-182.2,6.6
5.0,1237.889740,247.59,-3.26,-84.12,10.3,-0.0,-8.75,1,6012,-0.9,-38.9,-1.1
5.0,1237.899740,245.83,-1.99,-82.18,9.11,3.93,-6.75,1,5884,2.8,51.4,2.7
5.0,1237.909740,243.46,-1.7,-79.92,8.9,7.48,-4.5,1,5757,4.8,135.4,0.5
5.0,1237.919740,240.56,-1.02,-76.96,8.28,10.3,-1.25,1,5638,5.4,212.0,-2.9
5.0,1237.929740,237.04,-0.56,-73.52,7.89,12.11,2.25,1,5502,7.6,267.8,-1.4
5.0,1237.939740,233.26,-0.27,-69.71,7.71,12.73,6.0,1,5375,9.6,325.6,-4.2
5.0,1237.949740,230.01,0.02,-65.44,7.52,12.11,9.5,1,5247,9.6,368.8,-3.2
5.0,1237.959740,227.72,0.14,-61.16,7.5,10.3,11.75,1,5122,9.7,385.0,-2.3
5.0,1237.969740,226.49,0.18,-58.07,7.58,7.48,12.5,1,6007,11.0,292.4,2.6
5.0,1237.979740,226.41,0.21,-57.07,7.58,3.93,12.25,1,5888,1.9,193.4,-5.3
5.0,1237.989740,227.37,0.24,-57.42,7.47,0.0,11.25,1,5761,2.5,63.4,2.8
5.0,1237.999740,229.31,0.15,-59.19,7.55,-3.93,9.25,1,5643,-2.3,-46.4,-2.8
5.0,1238.009740,231.68,0.14,-61.71,7.45,-7.48,6.75,1,5506,-5.1,-142.2,1.7
5.0,1238.019740,234.67,-0.05,-64.75,7.57,-10.3,3.75,1,5379,-5.7,-208.5,1.4
5.0,1238.029740,238.1,-0.21,-68.28,7.65,-12.11,0.25,1,5242,-7.3,-286.7,3.2
5.0,1238.039740,241.7,-0.49,-72.15,7.85,-12.73,-3.75,1,5125,-8.2,-308.4,3.0
5.0,1238.049740,245.48,-0.88,-76.03,8.16,-12.11,-7.25,1,6013,-8.9,-366.2,4.1
5.0,1238.059740,247.94,-1.67,-80.6,8.82,-10.3,-9.25,1,5884,-12.0,-399.0,2.7
5.0,1238.069740,248.73,-2.52,-84.3,9.57,-7.48,-10.25,1,5757,-7.9,-337.7,-2.3
5.0,1238.079740,248.91,-3.3,-85.53,10.33,-3.93,-10.25,1,5638,-5.9,-183.7,6.0
5.0,1238.089740,248.2,-3.47,-84.47,10.52,-0.0,-9.25,1,5502,-0.8,-49.0,-0.2
5.0,1238.099740,246.53,-2.26,-82.75,9.38,3.93,-7.5,1,5375,2.0,38.6,2.4
5.0,1238.109740,244.16,-1.87,-80.62,9.05,7.48,-5.25,1,5247,4.2,124.6,0.7
5.0,1238.119740,241.35,-1.13,-77.75,8.38,10.3,-2.25,1,5123,5.6,201.5,-3.1
5.0,1238.129740,237.92,-0.63,-74.42,7.96,12.11,1.25,1,6007,7.3,256.9,-0.8
5.0,1238.139740,234.05,-0.36,-70.68,7.78,12.73,5.25,1,5889,9.0,318.8,-4.0
5.0,1238.149740,230.98,-0.03,-66.38,7.55,12.11,8.5,1,5762,9.6,368.0,-3.4
5.0,1238.159740,228.78,0.1,-62.1,7.52,10.3,10.75,1,5643,9.3,378.8,-2.1
5.0,1238.169740,227.55,0.13,-59.17,7.61,7.48,11.5,1,5506,11.7,281.7,3.0
5.0,1238.179740,227.55,0.16,-58.35,7.6,3.93,11.25,1,5379,0.1,178.8,-6.0
5.0,1238.189740,228.25,0.2,-58.69,7.45,0.0,10.5,1,5243,2.5,69.7,2.3
5.0,1238.199740,229.92,0.11,-59.97,7.57,-3.93,8.75,1,5124,-1.3,-19.3,-1.8
5.0,1238.209740,232.29,0.11,-62.14,7.49,-7.48,6.25,1,6012,-3.3,-127.7,1.1
5.0,1238.219740,235.02,-0.06,-65.27,7.58,-10.3,3.25,1,5885,-6.4,-204.7,1.4
5.0,1238.229740,238.36,-0.24,-68.68,7.68,-12.11,-0.25,1,5759,-6.5,-263.3,3.0
5.0,1238.239740,242.05,-0.51,-72.35,7.87,-12.73,-4.0,1,5640,-8.1,-309.3,2.9
5.0,1238.249740,245.48,-0.92,-76.38,8.2,-12.11,-7.5,1,5503,-8.6,-356.8,4.1
5.0,1238.259740,248.03,-1.69,-80.69,8.85,-10.3,-9.5,1,5383,-12.0,-383.6,2.4
5.0,1238.269740,248.82,-2.42,-84.12,9.47,-7.48,-10.5,1,5248,-7.3,-315.5,-2.3
5.0,1238.279740,248.91,-3.15,-85.41,10.19,-3.93,-10.25,1,5120,-5.5,-196.8,5.6
5.0,1238.289740,248.2,-3.51,-84.57,10.57,-0.0,-9.25,1,6016,-1.1,-35.9,0.4
5.0,1238.299740,246.53,-2.24,-82.68,9.35,3.93,-7.75,1,5889,1.9,29.1,1.5
5.0,1238.309740,244.16,-1.86,-80.77,9.04,7.48,-5.25,1,5762,3.9,126.5,1.5
5.0,1238.319740,241.26,-1.19,-77.77,8.44,10.3,-2.25,1,5643,5.8,202.5,-3.0
5.0,1238.329740,237.74,-0.62,-74.41,7.96,12.11,1.25,1,5507,7.5,260.4,-1.4
5.0,1238.339740,234.05,-0.35,-70.61,7.78,12.73,5.25,1,5380,8.8,322.3,-3.5
5.0,1238.349740,230.89,-0.04,-66.27,7.57,12.11,8.75,1,5243,9.8,371.3,-3.7
5.0,1238.359740,228.69,0.11,-61.97,7.51,10.3,10.75,1,5126,9.4,381.6,-2.1
5.0,1238.369740,227.46,0.14,-59.03,7.61,7.48,11.75,1,6012,11.8,283.8,3.0
5.0,1238.379740,227.29,0.17,-58.18,7.6,3.93,11.5,1,5885,0.2,182.6,-6.1
5.0,1238.389740,228.08,0.21,-58.5,7.46,0.0,10.75,1,5758,2.7,69.4,2.4
5.0,1238.399740,229.83,0.12,-59.83,7.57,-3.93,8.75,1,5639,-1.2,-19.8,-1.9
5.0,1238.409740,232.03,0.12,-62.0,7.49,-7.48,6.5,1,5503,-3.4,-127.6,1.0
5.0,1238.419740,234.76,-0.04,-65.08,7.57,-10.3,3.5,1,5384,-6.4,-200.0,1.4
5.0,1238.429740,238.1,-0.23,-68.47,7.68,-12.11,0.25,1,5249,-6.6,-266.5,3.0
5.0,1238.439740,241.88,-0.49,-72.19,7.87,-12.73,-3.75,1,5121,-8.0,-305.6,2.8
5.0,1238.449740,245.3,-0.89,-76.14,8.17,-12.11,-7.25,1,6018,-8.5,-355.9,4.1
5.0,1238.459740,247.94,-1.63,-80.49,8.8,-10.3,-9.25,1,5890,-12.0,-384.9,2.4
5.0,1238.469740,248.73,-2.33,-83.97,9.4,-7.48,-10.25,1,5762,-7.5,-318.9,-2.3
5.0,1238.479740,248.64,-3.07,-85.26,10.12,-3.93,-10.25,1,5643,-5.7,-195.0,6.0
5.0,1238.489740,247.94,-3.39,-84.41,10.46,0.0,-9.25,1,5507,-1.4,-39.5,-0.3
5.0,1238.499740,246.09,-2.14,-82.44,9.27,3.93,-7.25,1,5380,2.4,42.0,2.4
5.0,1238.509740,243.81,-1.78,-80.33,8.99,7.48,-4.75,1,5244,4.3,130.1,0.6
5.0,1238.519740,240.91,-1.06,-77.34,8.33,10.3,-1.75,1,5125,6.1,210.9,-3.2
5.0,1238.529740,237.57,-0.57,-73.92,7.93,12.11,1.75,1,6013,7.4,260.9,-1.0
5.0,1238.539740,233.7,-0.32,-70.25,7.77,12.73,5.5,1,5886,9.1,317.6,-3.8
5.0,1238.549740,230.54,-0.02,-66.01,7.56,12.11,8.75,1,5767,9.5,367.4,-3.4
5.0,1238.559740,228.16,0.12,-61.71,7.52,10.3,11.0,1,5639,9.2,379.4,-2.1
5.0,1238.569740,227.2,0.15,-58.76,7.61,7.48,12.0,1,5503,11.6,283.5,2.8
5.0,1238.579740,227.02,0.19,-57.83,7.6,3.93,11.75,1,5387,0.7,188.8,-6.0
5.0,1238.589740,227.81,0.22,-58.13,7.47,-0.0,10.75,1,5248,3.0,64.8,2.9
5.0,1238.599740,229.48,0.12,-59.63,7.58,-3.93,9.25,1,5121,-2.1,-26.2,-2.2
5.0,1238.609740,231.94,0.13,-61.88,7.48,-7.48,6.75,1,6017,-3.5,-133.9,0.9
5.0,1238.619740,234.67,-0.03,-64.95,7.57,-10.3,3.75,1,5890,-6.3,-198.7,1.6
5.0,1238.629740,238.1,-0.22,-68.32,7.68,-12.11,0.25,1,5763,-6.9,-271.9,3.0
5.0,1238.639740,241.61,-0.49,-72.08,7.86,-12.73,-3.75,1,5645,-8.1,-303.1,2.9
5.0,1238.649740,245.3,-0.87,-75.97,8.16,-12.11,-7.0,1,5509,-8.6,-357.8,3.9
5.0,1238.659740,247.76,-1.61,-80.44,8.79,-10.3,-9.25,1,5380,-11.9,-391.9,2.6
5.0,1238.669740,248.64,-2.38,-84.09,9.46,-7.48,-10.25,1,5244,-7.6,-331.4,-2.4
5.0,1238.679740,248.64,-3.14,-85.34,10.19,-3.93,-10.0,1,5126,-6.2,-185.2,6.4
5.0,1238.689740,247.76,-3.31,-84.25,10.38,-0.0,-8.75,1,6013,-0.7,-38.0,-0.8
5.0,1238.699740,246.01,-2.06,-82.33,9.2,3.93,-7.25,1,5886,2.4,45.7,2.7
5.0,1238.709740,243.72,-1.77,-80.2,8.98,7.48,-4.75,1,5776,4.6,129.7,0.6
5.0,1238.719740,240.82,-1.05,-77.26,8.33,10.3,-1.75,1,5639,5.5,209.5,-3.1
5.0,1238.729740,237.39,-0.56,-73.85,7.92,12.11,1.75,1,5504,7.8,261.6,-1.2
5.0,1238.739740,233.7,-0.31,-70.15,7.76,12.73,5.75,1,5389,9.0,317.7,-3.6
5.0,1238.749740,230.45,-0.02,-65.93,7.57,12.11,9.0,1,5249,9.5,366.7,-3.4
5.0,1238.759740,228.08,0.12,-61.64,7.52,10.3,11.25,1,5130,9.2,379.9,-2.2
5.0,1238.769740,227.02,0.16,-58.67,7.61,7.48,12.25,1,6017,11.7,283.9,2.9
5.0,1238.779740,226.85,0.19,-57.71,7.6,3.93,12.0,1,5894,0.9,191.6,-6.1
5.0,1238.789740,227.72,0.23,-57.99,7.47,0.0,10.75,1,5772,2.9,64.4,2.9
5.0,1238.799740,229.57,0.13,-59.57,7.59,-3.93,9.25,1,5644,-2.3,-31.1,-2.2
5.0,1238.809740,231.86,0.12,-61.87,7.49,-7.48,6.75,1,5508,-3.7,-134.6,0.9
5.0,1238.819740,234.67,-0.03,-64.91,7.58,-10.3,3.75,1,5381,-6.1,-200.4,1.5
5.0,1238.829740,238.1,-0.22,-68.31,7.68,-12.11,0.25,1,5246,-7.0,-274.2,3.1
5.0,1238.839740,241.79,-0.49,-72.08,7.87,-12.73,-3.75,1,5135,-8.1,-302.8,2.9
5.0,1238.849740,245.3,-0.86,-75.96,8.16,-12.11,-7.0,1,6014,-8.6,-359.5,3.9
5.0,1238.859740,247.76,-1.61,-80.46,8.8,-10.3,-9.25,1,5886,-11.9,-392.9,2.7
5.0,1238.869740,248.64,-2.4,-84.12,9.48,-7.48,-10.25,1,5776,-7.7,-332.3,-2.5
5.0,1238.879740,248.64,-3.14,-85.36,10.2,-3.93,-10.0,1,5640,-6.0,-184.8,6.3
5.0,1238.889740,247.85,-3.32,-84.28,10.39,-0.0,-9.0,1,5504,-0.9,-39.7,-0.8
5.0,1238.899740,246.01,-2.08,-82.37,9.22,3.93,-7.25,1,5389,2.4,45.9,2.8
5.0,1238.909740,243.72,-1.78,-80.22,8.99,7.48,-4.75,1,5249,4.6,129.3,0.6
5.0,1238.919740,240.82,-1.04,-77.28,8.33,10.3,-1.75,1,5130,5.7,211.3,-3.3
5.0,1238.929740,237.39,-0.57,-73.85,7.93,12.11,1.75,1,6018,7.6,260.9,-0.9
5.0,1238.939740,233.7,-0.32,-70.19,7.78,12.73,5.5,1,5893,9.0,317.0,-4.0
5.0,1238.949740,230.54,-0.01,-65.96,7.57,12.11,9.0,1,5772,9.5,366.3,-3.3
5.0,1238.959740,228.16,0.12,-61.68,7.53,10.3,11.25,1,5648,9.1,379.1,-2.1
5.0,1238.969740,227.11,0.15,-58.72,7.62,7.48,12.0,1,5509,11.6,283.3,2.8
5.0,1238.979740,227.02,0.19,-57.78,7.61,3.93,11.75,1,5381,0.7,189.4,-5.9
5.0,1238.989740,227.81,0.23,-58.08,7.48,-0.0,10.75,1,5245,3.0,64.5,2.7
5.0,1238.999740,229.48,0.13,-59.68,7.59,-3.93,9.0,1,5135,-2.4,-35.7,-2.0
5.0,1239.009740,231.86,0.12,-62.03,7.5,-7.48,6.75,1,6014,-3.6,-133.9,0.9
5.0,1239.019740,234.84,-0.03,-65.01,7.58,-10.3,3.75,1,5887,-6.2,-200.7,1.6
5.0,1239.029740,238.18,-0.23,-68.42,7.69,-12.11,0.25,1,5778,-7.0,-273.6,3.1
5.0,1239.039740,241.88,-0.5,-72.17,7.88,-12.73,-3.75,1,5642,-8.1,-302.1,2.9
5.0,1239.049740,245.3,-0.88,-76.05,8.18,-12.11,-7.25,1,5506,-8.6,-359.6,3.8
5.0,1239.059740,247.94,-1.62,-80.53,8.81,-10.3,-9.25,1,5389,-11.8,-390.4,2.7
5.0,1239.069740,248.64,-2.4,-84.09,9.48,-7.48,-10.25,1,5250,-7.7,-325.5,-2.5
5.0,1239.079740,248.64,-3.14,-85.36,10.2,-3.93,-10.25,1,5131,-5.9,-191.7,6.2
5.0,1239.089740,247.94,-3.45,-84.48,10.53,0.0,-9.25,1,6019,-1.2,-45.9,-0.5
5.0,1239.099740,246.18,-2.17,-82.57,9.32,3.93,-7.25,1,5893,2.6,45.7,2.7
5.0,1239.109740,243.81,-1.8,-80.37,9.02,7.48,-4.75,1,5772,4.0,128.6,0.4
5.0,1239.119740,241.0,-1.06,-77.46,8.34,10.3,-1.75,1,5648,6.1,207.8,-3.1
5.0,1239.129740,237.57,-0.6,-74.08,7.96,12.11,1.75,1,5509,7.2,259.5,-0.8
5.0,1239.139740,233.88,-0.34,-70.39,7.8,12.73,5.5,1,5382,9.0,317.0,-3.9
5.0,1239.149740,230.62,-0.02,-66.14,7.57,12.11,8.75,1,5246,9.5,367.3,-3.4
5.0,1239.159740,228.43,0.11,-61.85,7.54,10.3,10.75,1,5153,9.3,379.1,-2.1
5.0,1239.169740,227.37,0.15,-58.9,7.63,7.48,11.75,1,6016,11.6,282.8,2.8
5.0,1239.179740,227.2,0.18,-58.01,7.61,3.93,11.75,1,5888,0.5,185.5,-6.0
5.0,1239.189740,227.99,0.22,-58.31,7.48,0.0,10.75,1,5777,3.0,67.1,2.7
5.0,1239.199740,229.57,0.13,-59.72,7.59,-3.93,9.0,1,5633,-1.6,-22.3,-2.1
5.0,1239.209740,231.94,0.12,-61.92,7.5,-7.48,6.75,1,5505,-3.6,-130.9,1.0
5.0,1239.219740,234.76,-0.04,-64.96,7.59,-10.3,3.75,1,5386,-6.1,-195.1,1.5
5.0,1239.229740,238.01,-0.22,-68.28,7.69,-12.11,0.25,1,5251,-6.7,-267.9,3.0
5.0,1239.239740,241.7,-0.48,-72.02,7.87,-12.73,-3.5,1,5150,-7.9,-301.1,2.9
5.0,1239.249740,245.13,-0.86,-75.91,8.17,-12.11,-7.0,1,6020,-8.5,-355.2,4.0
5.0,1239.259740,247.68,-1.59,-80.32,8.79,-10.3,-9.25,1,5894,-11.9,-387.4,2.6
5.0,1239.269740,248.55,-2.3,-83.9,9.39,-7.48,-10.0,1,5773,-7.6,-325.7,-2.4
5.0,1239.279740,248.47,-3.03,-85.18,10.11,-3.93,-9.75,1,5640,-5.9,-189.2,6.4
5.0,1239.289740,247.59,-3.29,-84.22,10.38,-0.0,-8.75,1,5510,-1.3,-40.8,-0.9
5.0,1239.299740,245.74,-2.02,-82.21,9.17,3.93,-6.75,1,5382,3.0,52.8,2.7
5.0,1239.309740,243.46,-1.69,-79.92,8.93,7.48,-4.25,1,5246,4.8,135.8,0.4
5.0,1239.319740,240.47,-1.01,-76.98,8.31,10.3,-1.25,1,5144,5.3,211.4,-2.7
5.0,1239.329740,236.95,-0.57,-73.54,7.94,12.11,2.25,1,6015,7.6,268.0,-1.4
5.0,1239.339740,233.26,-0.27,-69.74,7.75,12.73,6.0,1,5888,9.6,323.5,-4.1
5.0,1239.349740,230.01,0.02,-65.53,7.57,12.11,9.5,1,5778,9.7,365.8,-3.3
5.0,1239.359740,227.64,0.14,-61.28,7.53,10.3,11.5,1,5633,9.4,382.4,-2.3
5.0,1239.369740,226.67,0.18,-58.21,7.61,7.48,12.5,1,5514,11.2,290.3,2.6
5.0,1239.379740,226.49,0.21,-57.2,7.61,3.93,12.25,1,5390,1.7,192.9,-5.4
5.0,1239.389740,227.46,0.24,-57.55,7.5,0.0,11.25,1,5251,2.4,62.9,2.7
5.0,1239.399740,229.31,0.15,-59.27,7.59,-3.93,9.25,1,5149,-2.3,-42.2,-2.5
5.0,1239.409740,231.68,0.13,-61.72,7.5,-7.48,6.75,1,6019,-4.8,-139.8,1.4
5.0,1239.419740,234.67,-0.04,-64.77,7.6,-10.3,3.75,1,5894,-5.6,-207.0,1.4
5.0,1239.429740,238.1,-0.2,-68.29,7.69,-12.11,0.25,1,5775,-7.3,-284.8,3.1
5.0,1239.439740,241.7,-0.49,-72.14,7.89,-12.73,-3.75,1,5642,-8.2,-307.4,3.0
5.0,1239.449740,245.39,-0.87,-76.02,8.19,-12.11,-7.25,1,5511,-8.8,-365.0,4.0
5.0,1239.459740,248.03,-1.64,-80.58,8.84,-10.3,-9.25,1,5383,-12.0,-398.4,2.7
5.0,1239.469740,248.82,-2.49,-84.29,9.58,-7.48,-10.25,1,5247,-8.0,-337.9,-2.4
5.0,1239.479740,248.82,-3.26,-85.54,10.33,-3.93,-10.25,1,5154,-5.9,-185.2,6.1
5.0,1239.489740,248.12,-3.41,-84.45,10.5,0.0,-9.25,1,6015,-0.7,-43.7,-0.4
5.0,1239.499740,246.36,-2.18,-82.69,9.33,3.93,-7.5,1,5888,1.9,34.5,2.3
5.0,1239.509740,244.07,-1.87,-80.66,9.08,7.48,-5.25,1,5778,4.2,124.6,1.2
5.0,1239.519740,241.35,-1.13,-77.74,8.42,10.3,-2.25,1,5633,6.0,202.1,-3.3
5.0,1239.529740,237.74,-0.61,-74.4,7.98,12.11,1.25,1,5515,7.1,256.6,-0.8
5.0,1239.539740,234.05,-0.36,-70.67,7.82,12.73,5.25,1,5391,8.9,318.7,-3.9
5.0,1239.549740,230.98,-0.03,-66.37,7.59,12.11,8.5,1,5251,9.7,368.4,-3.5
5.0,1239.559740,228.69,0.11,-62.08,7.55,10.3,10.75,1,5150,9.5,379.3,-2.1
5.0,1239.569740,227.55,0.14,-59.14,7.64,7.48,11.75,1,6020,11.7,283.1,2.9
5.0,1239.579740,227.37,0.17,-58.29,7.63,3.93,11.5,1,5893,0.1,181.2,-6.0
5.0,1239.589740,228.16,0.21,-58.6,7.49,-0.0,10.75,1,5766,2.6,70.7,2.3
5.0,1239.599740,229.75,0.13,-59.88,7.6,-3.93,8.75,1,5641,-0.9,-17.2,-1.9
5.0,1239.609740,232.03,0.12,-62.02,7.52,-7.48,6.5,1,5511,-3.6,-126.0,1.1
5.0,1239.619740,234.84,-0.04,-65.09,7.61,-10.3,3.5,1,5383,-6.2,-198.1,1.4
5.0,1239.629740,238.1,-0.22,-68.45,7.7,-12.11,0.25,1,5248,-6.5,-264.8,3.0
5.0,1239.639740,241.79,-0.48,-72.17,7.89,-12.73,-3.75,1,5155,-8.0,-305.0,2.8
5.0,1239.649740,245.21,-0.87,-76.13,8.19,-12.11,-7.25,1,6017,-8.5,-355.3,4.1
5.0,1239.659740,247.76,-1.61,-80.48,8.82,-10.3,-9.25,1,5900,-11.9,-384.6,2.4
5.0,1239.669740,248.64,-2.3,-83.96,9.4,-7.48,-10.25,1,5770,-7.5,-319.1,-2.3
5.0,1239.679740,248.64,-3.05,-85.27,10.14,-3.93,-10.25,1,5643,-5.8,-196.1,6.0
5.0,1239.689740,247.85,-3.4,-84.46,10.5,-0.0,-9.0,1,5515,-1.4,-42.3,-0.3
5.0,1239.699740,246.09,-2.14,-82.48,9.3,3.93,-7.25,1,5390,2.5,44.9,2.6
5.0,1239.709740,243.72,-1.77,-80.31,9.01,7.48,-4.75,1,5252,4.3,129.6,0.5
5.0,1239.719740,240.91,-1.05,-77.38,8.36,10.3,-1.75,1,5150,5.9,208.7,-3.0
5.0,1239.729740,237.48,-0.58,-74.01,7.96,12.11,1.75,1,6021,7.4,257.9,-1.0
5.0,1239.739740,233.7,-0.32,-70.37,7.8,12.73,5.5,1,5896,8.9,315.0,-3.8
5.0,1239.749740,230.62,-0.02,-66.14,7.59,12.11,8.75,1,5775,9.5,365.7,-3.4
5.0,1239.759740,228.43,0.11,-61.85,7.55,10.3,10.75,1,5639,9.2,378.1,-2.2
5.0,1239.769740,227.2,0.15,-58.9,7.64,7.48,11.75,1,5511,11.7,282.7,2.9
5.0,1239.779740,227.2,0.18,-57.99,7.63,3.93,11.75,1,5384,0.4,186.0,-6.1
5.0,1239.789740,227.99,0.22,-58.3,7.49,0.0,10.75,1,5247,3.0,66.4,2.7
5.0,1239.799740,229.48,0.13,-59.72,7.61,-3.93,9.0,1,5155,-1.7,-22.8,-2.1
5.0,1239.809740,231.86,0.13,-61.93,7.51,-7.48,6.75,1,6017,-3.7,-131.9,1.0
5.0,1239.819740,234.67,-0.03,-64.98,7.61,-10.3,3.75,1,5889,-6.2,-195.8,1.5
5.0,1239.829740,238.1,-0.22,-68.31,7.71,-12.11,0.25,1,5780,-6.7,-268.7,3.0
5.0,1239.839740,241.7,-0.47,-72.05,7.89,-12.73,-3.5,1,5635,-8.0,-301.1,2.8
5.0,1239.849740,245.21,-0.86,-75.93,8.18,-12.11,-7.0,1,5517,-8.5,-355.6,4.1
5.0,1239.859740,247.76,-1.6,-80.37,8.81,-10.3,-9.25,1,5390,-11.9,-389.2,2.6
5.0,1239.869740,248.55,-2.33,-83.99,9.43,-7.48,-10.0,1,5252,-7.6,-328.7,-2.5
5.0,1239.879740,248.47,-3.07,-85.25,10.16,-3.93,-9.75,1,5151,-6.0,-186.8,6.5
5.0,1239.889740,247.68,-3.3,-84.24,10.41,-0.0,-8.75,1,6021,-1.1,-40.8,-0.9
5.0,1239.899740,245.92,-2.03,-82.27,9.2,3.93,-7.0,1,5894,2.8,51.2,2.7
5.0,1239.909740,243.46,-1.71,-80.01,8.97,7.48,-4.5,1,5775,4.7,134.1,0.4
5.0,1239.919740,240.56,-1.02,-77.07,8.33,10.3,-1.25,1,5642,5.4,212.1,-2.8
5.0,1239.929740,237.13,-0.56,-73.62,7.95,12.11,2.25,1,5512,7.7,266.3,-1.3
5.0,1239.939740,233.79,-0.28,-69.86,7.78,12.73,5.5,1,5385,9.5,321.7,-4.0
5.0,1239.949740,231.15,0.0,-65.7,7.6,12.11,8.25,1,5257,9.7,361.1,-2.7
5.0,1239.959740,229.57,0.05,-62.08,7.64,10.3,9.75,1,5155,9.4,322.3,1.0
5.0,1239.969740,229.04,0.07,-60.27,7.67,7.48,10.25,1,6017,4.9,220.1,-2.2
5.0,1239.979740,229.13,0.13,-60.1,7.58,3.93,9.75,1,5899,2.3,119.7,-0.8
5.0,1239.989740,230.27,0.09,-60.92,7.6,-0.0,8.25,1,5780,0.5,18.1,-0.2
5.0,1239.999740,232.29,0.05,-62.49,7.6,-3.93,6.25,1,5644,-2.4,-55.1,-0.3
5.0,1240.009740,234.67,-0.02,-64.83,7.59,-7.48,3.75,1,5516,-4.2,-161.3,0.5
5.0,1240.019740,237.74,-0.17,-68.07,7.68,-10.3,0.75,1,5390,-5.9,-217.6,2.6
5.0,1240.029740,241.17,-0.43,-71.4,7.86,-12.11,-3.0,1,5254,-7.5,-276.1,2.6
5.0,1240.039740,244.51,-0.78,-75.26,8.12,-12.73,-6.5,1,5161,-7.9,-328.2,3.7
5.0,1240.049740,247.24,-1.41,-79.42,8.66,-12.11,-9.25,1,6022,-10.4,-364.1,3.1
5.0,1240.059740,249.35,-2.31,-83.05,9.45,-10.3,-10.75,1,5894,-9.5,-327.1,0.9
5.0,1240.069740,249.79,-3.35,-85.25,10.43,-7.48,-11.25,1,5776,-6.6,-256.8,1.6
6.0,1242.089740,244.6,-1.17,-79.78,8.43,-3.91,-5.75,1,5523,-7.4,-281.2,-2.9
6.0,1242.099740,244.25,-1.23,-80.76,8.47,0.0,-5.25,1,5388,-3.6,-137.5,4.5
6.0,1242.109740,242.93,-1.53,-79.47,8.82,3.91,-3.75,1,5276,0.4,-14.5,2.0
6.0,1242.119740,240.91,-1.1,-77.4,8.46,7.26,-1.75,1,6156,3.2,84.2,0.3
6.0,1242.129740,238.36,-0.7,-74.77,8.13,9.6,0.75,1,6031,4.9,164.4,-1.6
6.0,1242.139743,235.11,-0.39,-71.66,7.88,10.59,4.0,1,5922,5.6,231.1,-2.0
6.0,1242.149740,232.56,-0.16,-68.05,7.73,10.09,6.75,1,5791,8.7,293.5,-2.6
6.0,1242.159743,230.89,0.03,-64.21,7.66,8.18,8.5,1,5657,9.7,321.6,-1.6
6.0,1242.169740,230.27,0.05,-61.63,7.76,5.11,9.25,1,5527,9.2,230.5,3.6
6.0,1242.179740,230.36,0.02,-61.3,7.77,1.33,8.75,1,5391,-1.1,123.6,-4.5
6.0,1242.189740,231.33,0.06,-62.14,7.62,-2.64,7.5,1,5290,0.9,23.7,1.7
6.0,1242.199740,233.09,-0.02,-63.31,7.72,-6.24,5.5,1,6152,-0.9,-17.2,-1.5
6.0,1242.209740,235.63,-0.04,-65.36,7.67,-8.96,2.75,1,6024,-4.4,-164.5,1.5
6.0,1242.219743,238.54,-0.26,-68.93,7.81,-10.42,-0.25,1,5918,-6.5,-209.7,1.7
6.0,1242.229740,241.88,-0.5,-72.16,7.96,-10.42,-3.75,1,5788,-6.8,-277.2,3.1
6.0,1242.239743,245.04,-0.9,-76.04,8.29,-8.96,-6.75,1,5653,-8.7,-321.0,3.4
6.0,1242.249740,247.32,-1.54,-79.99,8.82,-6.24,-8.75,1,5532,-10.7,-351.3,2.3
6.0,1242.259740,248.03,-2.05,-83.18,9.24,-2.64,-9.25,1,5387,-6.7,-288.2,-2.6
6.0,1242.269740,247.68,-2.4,-84.23,9.59,1.33,-8.75,1,5294,-4.5,-167.9,5.2
6.0,1242.279740,246.53,-2.86,-83.29,10.06,5.11,-7.5,1,6156,-0.9,-26.5,2.0
6.0,1242.289740,244.51,-1.91,-81.14,9.18,8.18,-5.5,1,6031,3.0,73.9,0.4
6.0,1242.299740,242.05,-1.27,-78.54,8.61,10.09,-2.75,1,5921,4.7,160.0,-0.9
6.0,1242.309740,238.8,-0.8,-75.41,8.21,10.59,0.25,1,5783,6.4,226.7,-1.7
6.0,1242.319743,236.16,-0.43,-71.87,7.94,9.6,3.25,1,5658,8.8,287.3,-2.7
6.0,1242.329740,234.4,-0.16,-67.93,7.77,7.26,5.0,1,5528,9.8,333.2,-2.5
6.0,1242.339740,233.7,-0.12,-65.08,7.87,3.91,5.75,1,5391,10.6,239.4,4.5
6.0,1242.349740,233.79,-0.19,-64.71,7.91,0.0,5.25,1,5290,-2.0,130.4,-4.9
6.0,1242.359740,234.49,-0.1,-65.56,7.7,-3.91,4.25,1,6154,0.8,24.5,0.9
6.0,1242.369740,236.25,-0.18,-66.74,7.8,-7.26,2.25,1,6033,-0.6,-12.1,-1.4
6.0,1242.379740,238.8,-0.21,-68.52,7.78,-9.6,-0.25,1,5914,-4.2,-141.4,1.1
6.0,1242.389740,241.52,-0.49,-71.96,7.97,-10.59,-3.25,1,5779,-6.0,-214.6,2.1
6.0,1242.399740,244.34,-0.82,-75.32,8.22,-10.09,-6.25,1,5651,-6.9,-263.3,2.6
6.0,1242.409740,246.27,-1.33,-78.93,8.64,-8.18,-7.75,1,5471,-9.9,-311.7,2.5
6.0,1242.419740,246.8,-1.74,-82.02,8.96,-5.11,-8.0,1,5387,-6.0,-261.0,-2.8
6.0,1242.429740,246.27,-1.84,-82.89,9.05,-1.33,-7.5,1,5294,-4.7,-137.6,4.2
6.0,1242.439740,245.04,-2.13,-81.69,9.37,2.64,-6.0,1,6156,1.2,-3.9,1.7
6.0,1242.449740,242.84,-1.47,-79.41,8.8,6.24,-3.75,1,6029,3.5,95.3,0.6
6.0,1242.459740,240.21,-0.98,-76.7,8.37,8.96,-1.25,1,5919,4.8,172.0,-1.6
6.0,1242.469740,236.95,-0.56,-73.58,8.03,10.42,2.25,1,5783,7.6,235.6,-2.0
6.0,1242.479743,234.49,-0.28,-69.99,7.84,10.42,5.25,1,5659,7.3,295.0,-2.7
6.0,1242.489740,232.47,-0.06,-66.04,7.71,8.96,6.75,1,5528,9.9,335.3,-2.4
6.0,1242.499740,231.86,-0.03,-63.2,7.82,6.24,7.5,1,5392,10.8,244.3,4.9
6.0,1242.509740,231.86,-0.07,-62.83,7.85,2.64,7.25,1,5290,-1.9,127.4,-5.9
6.0,1242.519740,232.38,0.0,-63.68,7.64,-1.33,6.25,1,6162,1.0,32.7,2.2
6.0,1242.529740,234.05,-0.1,-64.73,7.78,-5.11,4.5,1,6034,-0.5,-11.1,-1.9
6.0,1242.539740,236.51,-0.09,-66.34,7.72,-8.18,2.0,1,5915,-3.4,-117.3,1.4
6.0,1242.549740,239.24,-0.31,-69.41,7.86,-10.09,-1.0,1,5779,-6.2,-200.5,1.3
6.0,1242.559742,242.67,-0.56,-72.89,8.02,-10.59,-4.5,1,5654,-6.9,-264.3,2.9
6.0,1242.569740,245.57,-0.98,-76.64,8.36,-9.6,-7.5,1,5533,-8.0,-311.7,2.8
6.0,1242.579740,247.59,-1.63,-80.49,8.91,-7.26,-9.25,1,5397,-10.1,-337.8,2.6
6.0,1242.589740,248.47,-2.17,-83.48,9.37,-3.91,-9.75,1,5295,-7.1,-272.8,-3.3
6.0,1242.599740,248.03,-2.7,-84.69,9.86,0.0,-9.25,1,6160,-5.4,-185.3,6.3
6.0,1242.609740,246.88,-3.21,-83.9,10.4,3.91,-7.75,1,6032,-0.0,-9.2,0.1
6.0,1242.619740,244.86,-1.87,-81.29,9.14,7.26,-5.75,1,5923,3.7,84.8,1.8
6.0,1242.629740,242.14,-1.41,-78.72,8.76,9.6,-3.0,1,5783,4.7,163.8,-0.7
6.0,1242.639743,238.97,-0.8,-75.59,8.23,10.59,0.25,1,5660,7.4,233.6,-2.9
6.0,1242.649740,235.81,-0.42,-72.01,7.94,10.09,3.5,1,5528,8.5,288.5,-1.7
6.0,1242.659740,233.53,-0.18,-68.07,7.8,8.18,6.0,1,5393,9.2,339.6,-3.6
6.0,1242.669740,232.12,-0.04,-64.51,7.75,5.11,7.25,1,5291,9.1,304.0,1.2
6.0,1242.679740,231.94,-0.07,-62.86,7.83,1.33,7.5,1,6154,4.9,201.4,-0.8
6.0,1242.689740,231.94,-0.03,-63.05,7.76,-2.64,6.75,1,6034,1.0,83.4,-1.0
6.0,1242.699740,233.44,-0.06,-64.21,7.74,-6.24,5.25,1,5915,-0.2,1.6,-0.2
6.0,1242.709740,235.46,-0.11,-65.48,7.76,-8.96,3.25,1,5782,-2.0,-45.4,0.0
6.0,1242.719741,238.01,-0.19,-67.79,7.77,-10.42,0.25,1,5663,-5.1,-183.0,0.0
6.0,1242.729740,241.08,-0.41,-71.49,7.91,-10.42,-2.75,1,5534,-6.2,-232.9,3.1
6.0,1242.739740,243.81,-0.79,-74.89,8.22,-8.96,-5.75,1,5389,-8.1,-290.1,2.6
6.0,1242.749740,246.09,-1.3,-78.72,8.61,-6.24,-7.25,1,5296,-9.7,-326.1,2.8
6.0,1242.759740,246.45,-1.65,-81.79,8.89,-2.64,-7.75,1,6161,-7.1,-270.2,-3.2
6.0,1242.769740,246.09,-1.73,-82.65,8.95,1.33,-7.25,1,6030,-3.9,-142.2,4.7
6.0,1242.779740,244.78,-2.02,-81.47,9.28,5.11,-5.75,1,5914,0.6,-10.3,0.9
6.0,1242.789740,242.67,-1.39,-79.2,8.72,8.18,-3.5,1,5784,3.0,95.4,1.4
6.0,1242.799743,239.94,-1.0,-76.48,8.4,10.09,-0.75,1,5660,4.9,166.1,-1.2
6.0,1242.809740,236.78,-0.53,-73.36,8.02,10.59,2.5,1,5529,8.9,242.0,-2.7
6.0,1242.819740,234.14,-0.23,-69.64,7.82,9.6,5.25,1,5393,7.1,295.6,-2.2
6.0,1242.829740,232.29,-0.07,-65.79,7.73,7.26,7.25,1,5300,9.3,331.3,-2.5
6.0,1242.839740,231.24,-0.02,-63.01,7.82,3.91,8.0,1,6162,10.6,242.4,4.7
6.0,1242.849740,231.06,-0.05,-62.59,7.84,0.0,8.5,1,6034,-1.8,131.2,-6.1
6.0,1242.859740,230.98,0.09,-62.83,7.58,-3.91,7.75,1,5916,2.8,87.5,-0.5
6.0,1242.869740,232.38,-0.0,-63.2,7.74,-7.26,6.25,1,5782,0.9,6.3,2.1
6.0,1242.879743,234.23,-0.05,-64.4,7.75,-9.6,4.25,1,5664,-2.0,-38.6,-1.8
6.0,1242.889740,237.04,-0.11,-66.72,7.72,-10.59,1.25,1,5535,-5.9,-187.4,2.4
6.0,1242.899740,240.12,-0.41,-70.48,7.93,-10.09,-1.75,1,5389,-7.0,-226.9,2.1
6.0,1242.909740,243.11,-0.66,-73.81,8.1,-8.18,-4.75,1,5296,-7.2,-293.2,2.9
6.0,1242.919740,245.04,-1.09,-77.74,8.45,-5.11,-6.25,1,6158,-9.3,-326.8,2.2
6.0,1242.929740,245.57,-1.36,-80.9,8.61,-1.33,-6.75,1,6033,-8.3,-282.7,-2.9
6.0,1242.939740,245.13,-1.54,-81.71,8.77,2.64,-6.25,1,5920,-2.6,-125.0,5.7
6.0,1242.949740,243.98,-1.79,-80.28,9.1,6.24,-4.75,1,5784,0.1,-14.5,1.0
6.0,1242.959743,241.96,-1.21,-78.42,8.56,8.96,-2.75,1,5660,3.3,76.0,0.0
6.0,1242.969740,239.33,-0.86,-75.88,8.28,10.42,-0.25,1,5530,4.6,163.2,-0.3
6.0,1242.979740,236.34,-0.52,-72.76,8.02,10.42,3.0,1,5393,6.8,224.9,-2.7
6.0,1242.989740,233.7,-0.21,-69.24,7.8,8.96,5.75,1,5292,7.9,290.5,-2.2
6.0,1242.999740,232.03,-0.04,-65.37,7.72,6.24,7.25,1,6162,9.5,321.5,-2.3
6.0,1243.009740,231.59,-0.0,-62.78,7.81,2.64,7.75,1,6035,9.9,227.4,4.5
6.0,1243.019740,231.5,-0.06,-62.58,7.85,-1.33,7.25,1,5916,-2.1,114.2,-5.2
6.0,1243.029740,232.82,0.01,-63.53,7.66,-5.11,6.0,1,5783,1.1,18.1,1.9
6.0,1243.039741,234.58,-0.09,-64.72,7.79,-8.18,4.0,1,5662,-1.5,-22.6,-1.3
6.0,1243.049740,237.13,-0.13,-66.89,7.75,-10.09,1.25,1,5537,-5.0,-175.8,1.3
6.0,1243.059740,240.03,-0.37,-70.55,7.9,-10.59,-1.75,1,5399,-6.0,-213.1,1.9
6.0,1243.069740,242.93,-0.64,-73.7,8.1,-9.6,-4.5,1,5296,-7.2,-277.8,3.0
6.0,1243.079740,244.95,-1.08,-77.5,8.44,-7.26,-6.25,1,6161,-9.6,-315.7,1.9
6.0,1243.089740,245.57,-1.29,-80.6,8.55,-3.91,-6.75,1,6033,-7.7,-271.4,-3.0
6.0,1243.099743,245.21,-1.45,-81.53,8.7,0.0,-6.25,1,5925,-2.9,-137.4,5.3
6.0,1243.109740,243.98,-1.8,-80.38,9.1,3.91,-5.0,1,5788,-0.4,-19.0,1.6
6.0,1243.119743,242.14,-1.27,-78.53,8.62,7.26,-3.0,1,5660,3.1,66.7,0.1
6.0,1243.129740,239.59,-0.88,-76.14,8.31,9.6,-0.25,1,5530,4.5,153.7,-0.5
6.0,1243.139740,236.51,-0.54,-73.05,8.03,10.59,2.75,1,5394,6.4,221.6,-2.5
6.0,1243.149740,233.96,-0.24,-69.51,7.82,10.09,5.5,1,5301,7.9,285.7,-2.2
6.0,1243.159740,232.21,-0.05,-65.69,7.73,8.18,7.25,1,6163,9.3,318.8,-2.4
6.0,1243.169740,231.77,-0.02,-63.04,7.82,5.11,7.75,1,6035,10.0,231.2,4.5
6.0,1243.179740,231.68,-0.06,-62.69,7.85,1.33,7.25,1,5917,-1.6,122.4,-5.3
6.0,1243.189740,232.47,0.01,-63.53,7.66,-2.64,6.25,1,5782,1.2,24.8,1.9
6.0,1243.199740,234.23,-0.08,-64.64,7.78,-6.24,4.25,1,5662,-0.8,-13.2,-1.8
6.0,1243.209740,236.69,-0.1,-66.48,7.74,-8.96,1.75,1,5537,-4.3,-145.4,1.8
6.0,1243.219740,239.59,-0.34,-69.81,7.89,-10.42,-1.25,1,5400,-6.1,-200.9,1.4
6.0,1243.229740,242.93,-0.58,-73.1,8.05,-10.42,-4.75,1,5298,-7.1,-273.6,2.9
6.0,1243.239740,245.74,-1.01,-76.99,8.4,-8.96,-7.75,1,6162,-8.4,-316.1,2.7
6.0,1243.249740,248.03,-1.72,-80.83,9.0,-6.24,-9.5,1,6033,-10.1,-341.6,2.8
6.0,1243.259743,248.64,-2.4,-83.86,9.59,-2.64,-10.0,1,5924,-7.5,-277.6,-2.9
6.0,1243.269740,248.29,-2.87,-85.0,10.05,1.33,-9.5,1,5789,-4.7,-177.8,5.3
6.0,1243.279743,247.06,-3.22,-84.08,10.43,5.11,-8.25,1,5661,-0.2,-8.7,0.6
6.0,1243.289740,244.95,-1.96,-81.56,9.24,8.18,-5.75,1,5530,3.6,83.6,1.7
6.0,1243.299740,242.31,-1.44,-78.92,8.8,10.09,-3.25,1,5394,4.7,172.2,-0.4
6.0,1243.309740,239.06,-0.82,-75.64,8.26,10.59,0.25,1,5302,8.2,239.8,-3.0
6.0,1243.319740,236.25,-0.42,-72.05,7.96,9.6,3.25,1,6164,8.0,291.1,-1.6
6.0,1243.329740,234.58,-0.2,-68.17,7.83,7.26,4.75,1,6036,9.3,336.6,-3.4
6.0,1243.339743,233.88,-0.12,-65.28,7.88,3.91,5.5,1,5920,10.9,243.9,4.8
6.0,1243.349740,233.88,-0.2,-64.84,7.95,0.0,5.25,1,5791,-1.6,136.3,-5.0
6.0,1243.359739,234.67,-0.11,-65.68,7.73,-3.91,4.0,1,5663,0.8,23.8,1.1
6.0,1243.369740,236.34,-0.2,-66.9,7.85,-7.26,2.0,1,5538,-0.6,-9.7,-1.4
6.0,1243.379740,238.8,-0.23,-68.66,7.83,-9.6,-0.5,1,5399,-3.9,-142.2,1.3
6.0,1243.389740,241.61,-0.5,-72.03,8.01,-10.59,-3.5,1,5298,-6.1,-204.9,1.7
6.0,1243.399740,244.34,-0.81,-75.32,8.24,-10.09,-6.25,1,6159,-6.8,-266.2,2.6
6.0,1243.409740,246.36,-1.35,-79.0,8.68,-8.18,-7.75,1,6033,-9.9,-306.4,2.4
6.0,1243.419740,246.8,-1.73,-81.96,8.98,-5.11,-8.0,1,5925,-6.1,-255.9,-2.7
6.0,1243.429740,246.45,-1.87,-82.9,9.1,-1.33,-7.5,1,5786,-4.7,-144.3,4.2
6.0,1243.439743,245.04,-2.18,-81.82,9.44,2.64,-6.0,1,5662,1.0,-4.4,1.6
6.0,1243.449740,242.84,-1.5,-79.5,8.85,6.24,-3.75,1,5531,3.4,92.6,0.7
6.0,1243.459740,240.29,-1.0,-76.81,8.41,8.96,-1.25,1,5395,5.0,172.2,-1.8
6.0,1243.469740,237.13,-0.57,-73.68,8.06,10.42,2.25,1,6291,6.9,233.3,-1.9
6.0,1243.479740,234.49,-0.3,-70.12,7.87,10.42,5.0,1,6166,7.6,295.0,-2.8
6.0,1243.489740,232.65,-0.06,-66.14,7.74,8.96,6.75,1,6036,10.3,336.0,-2.5
6.0,1243.499743,232.03,-0.03,-63.3,7.84,6.24,7.5,1,5921,10.4,243.2,4.7
6.0,1243.509740,231.94,-0.08,-62.93,7.87,2.64,7.25,1,5790,-1.8,129.6,-5.8
6.0,1243.519739,232.65,-0.0,-63.75,7.67,-1.33,6.0,1,5663,1.1,32.3,2.3
6.0,1243.529740,234.32,-0.1,-64.84,7.81,-5.11,4.25,1,5539,-0.5,-12.1,-2.0
6.0,1243.539740,236.6,-0.1,-66.56,7.75,-8.18,1.75,1,5399,-3.7,-127.5,1.7
6.0,1243.549740,239.5,-0.34,-69.72,7.9,-10.09,-1.25,1,6288,-6.2,-199.9,1.3
6.0,1243.559740,242.67,-0.58,-73.02,8.06,-10.59,-4.5,1,6163,-6.6,-258.1,2.9
6.0,1243.569740,245.65,-0.99,-76.73,8.39,-9.6,-7.5,1,6033,-8.2,-312.2,2.6
6.0,1243.579743,247.76,-1.66,-80.62,8.96,-7.26,-9.25,1,5926,-9.9,-335.2,2.7
6.0,1243.589740,248.55,-2.25,-83.55,9.46,-3.91,-9.75,1,5789,-7.3,-270.4,-3.0
6.0,1243.599743,248.2,-2.79,-84.75,9.98,-0.0,-9.25,1,5662,-5.5,-184.7,6.1
6.0,1243.609740,246.97,-3.24,-84.0,10.46,3.91,-8.0,1,5531,0.3,-11.2,-0.2
6.0,1243.619740,244.95,-1.9,-81.43,9.2,7.26,-5.75,1,5398,3.4,83.9,2.3
6.0,1243.629740,242.23,-1.47,-78.83,8.83,9.6,-3.25,1,6292,4.8,165.4,-0.8
6.0,1243.639740,239.06,-0.81,-75.67,8.26,10.59,0.25,1,6164,7.8,234.7,-3.0
6.0,1243.649740,236.34,-0.42,-72.09,7.97,10.09,3.25,1,6039,8.3,288.7,-1.6
6.0,1243.659743,234.49,-0.21,-68.21,7.84,8.18,4.75,1,5921,9.1,334.6,-3.2
6.0,1243.669740,233.88,-0.13,-65.3,7.89,5.11,5.5,1,5791,10.8,244.2,4.7
6.0,1243.679743,233.88,-0.2,-64.82,7.96,1.33,5.25,1,5666,-1.6,138.8,-5.0
6.0,1243.689740,234.58,-0.11,-65.6,7.74,-2.64,4.25,1,5530,1.0,27.3,1.1
6.0,1243.699740,236.25,-0.2,-66.81,7.85,-6.24,2.25,1,5400,-0.8,-8.8,-1.5
6.0,1243.709740,238.54,-0.22,-68.48,7.83,-8.96,-0.25,1,6287,-3.4,-131.0,1.4
6.0,1243.719740,241.44,-0.47,-71.65,8.0,-10.42,-3.0,1,6162,-6.0,-194.7,1.4
6.0,1243.729740,244.42,-0.77,-74.89,8.21,-10.42,-6.5,1,6033,-6.5,-260.6,2.7
6.0,1243.739743,247.41,-1.31,-78.63,8.67,-8.96,-9.25,1,5926,-8.6,-307.6,3.0
6.0,1243.749740,249.52,-2.31,-82.47,9.56,-6.24,-11.0,1,5790,-10.3,-337.3,2.5
6.0,1243.759742,250.22,-3.51,-85.45,10.69,-2.64,-11.5,1,5662,-6.9,-268.6,-2.6
6.0,1243.769740,249.79,-4.46,-86.42,11.62,1.33,-10.75,1,5532,-4.4,-166.3,5.4
6.0,1243.779740,248.29,-4.54,-85.43,11.74,5.11,-9.5,1,5398,1.0,-3.0,0.9
6.0,1243.789740,246.09,-2.55,-82.85,9.83,8.18,-7.25,1,6292,3.4,95.2,1.4
6.0,1243.799740,243.37,-1.71,-80.1,9.05,10.09,-4.25,1,6165,4.7,177.2,-1.6
6.0,1243.809740,240.21,-0.95,-76.8,8.36,10.59,-1.0,1,6040,6.9,247.5,-2.8
6.0,1243.819743,237.39,-0.55,-73.12,8.06,9.6,2.25,1,5922,8.3,297.8,-1.4
6.0,1243.829740,235.55,-0.28,-69.19,7.9,7.26,3.75,1,5791,10.3,343.1,-3.5
6.0,1243.839743,234.76,-0.18,-66.19,7.93,3.91,4.5,1,5667,11.8,255.1,4.9
6.0,1243.849740,234.76,-0.25,-65.66,7.99,-0.0,4.25,1,5530,-2.2,140.4,-5.9
6.0,1243.859740,235.72,-0.15,-66.47,7.76,-3.91,3.0,1,5400,1.7,33.6,2.0
6.0,1243.869740,237.48,-0.27,-67.68,7.92,-7.26,1.25,1,6288,-1.3,-14.2,-2.0
6.0,1243.879740,239.85,-0.29,-69.65,7.86,-9.6,-1.5,1,6165,-4.0,-148.4,1.3
6.0,1243.889740,242.75,-0.6,-73.08,8.1,-10.59,-4.5,1,6037,-6.0,-209.1,2.1
6.0,1243.899740,245.21,-0.94,-76.38,8.36,-10.09,-7.25,1,5927,-6.7,-268.8,1.9
6.0,1243.909740,247.15,-1.5,-79.98,8.83,-8.18,-8.75,1,5787,-9.4,-301.4,2.5
6.0,1243.919743,247.76,-1.99,-82.82,9.23,-5.11,-9.0,1,5663,-7.1,-251.1,-3.1
6.0,1243.929740,247.41,-2.2,-83.79,9.41,-1.33,-8.5,1,5532,-3.5,-146.7,4.6
6.0,1243.939740,246.18,-2.62,-82.76,9.89,2.64,-7.0,1,5396,0.5,-1.7,2.6
6.0,1243.949740,243.98,-1.76,-80.45,9.09,6.24,-5.0,1,6293,3.0,86.5,-0.5
6.0,1243.959740,241.26,-1.14,-77.87,8.53,8.96,-2.25,1,6165,4.5,169.9,-0.7
6.0,1243.969740,238.1,-0.73,-74.73,8.21,10.42,1.0,1,6038,7.6,230.2,-2.0
6.0,1243.979743,234.67,-0.37,-71.2,7.94,10.42,4.75,1,5922,7.6,292.6,-2.8
6.0,1243.989740,231.59,-0.11,-67.11,7.76,8.96,7.75,1,5792,9.2,346.8,-3.3
6.0,1243.999743,229.48,0.07,-62.94,7.69,6.24,9.75,1,5667,10.3,363.2,-2.3
6.0,1244.009740,228.69,0.1,-60.07,7.79,2.64,10.75,1,5530,10.9,270.1,3.5
6.0,1244.019740,228.69,0.09,-59.36,7.79,-1.33,10.25,1,5401,-0.7,164.1,-5.5
6.0,1244.029740,229.75,0.13,-59.98,7.64,-5.11,9.0,1,6289,1.9,44.1,2.1
6.0,1244.039740,231.59,0.04,-61.46,7.75,-8.18,7.0,1,6164,-1.9,-27.6,-1.6
6.0,1244.049740,234.14,0.02,-63.74,7.68,-10.09,4.5,1,6043,-4.2,-156.1,0.8
6.0,1244.059743,237.04,-0.17,-67.33,7.8,-10.59,1.25,1,5928,-6.2,-231.0,2.5
6.0,1244.069740,240.12,-0.41,-70.84,7.96,-9.6,-1.5,1,5791,-7.5,-276.0,2.6
6.0,1244.079742,241.88,-0.72,-74.45,8.18,-7.26,-3.25,1,5662,-9.0,-315.8,3.0
6.0,1244.089740,242.67,-0.81,-77.83,8.19,-3.91,-3.75,1,5533,-6.2,-298.2,-4.3
6.0,1244.099740,242.58,-0.83,-78.84,8.19,0.0,-3.5,1,5399,-4.2,-118.7,6.2
6.0,1244.109740,242.05,-1.23,-77.28,8.61,3.91,-3.0,1,6293,-0.4,-23.8,1.4
6.0,1244.119740,240.91,-0.99,-76.17,8.42,7.26,-1.75,1,6166,0.6,16.3,2.7
6.0,1244.129740,238.89,-0.77,-74.94,8.24,9.6,0.25,1,6041,4.3,83.1,-3.6
6.0,1244.139743,236.34,-0.4,-72.72,7.93,10.59,2.75,1,5922,3.5,155.1,0.3
6.0,1244.149740,233.7,-0.31,-69.69,7.9,10.09,5.75,1,5792,7.2,231.1,-2.6
6.0,1244.159743,231.86,-0.03,-66.18,7.73,8.18,7.75,1,5668,8.1,275.5,-2.2
6.0,1244.169740,230.89,0.0,-63.25,7.78,5.11,8.5,1,5530,6.7,248.9,2.1
6.0,1244.179740,230.98,-0.03,-61.92,7.83,1.33,8.25,1,5401,3.1,159.3,-1.6
6.0,1244.189740,231.5,0.02,-62.43,7.75,-2.64,7.25,1,6289,1.0,38.2,0.3
6.0,1244.199740,233.35,-0.03,-63.69,7.77,-6.24,5.25,1,6165,-1.0,-4.2,-0.8
6.0,1244.209740,235.72,-0.07,-65.42,7.75,-8.96,2.75,1,6043,-3.6,-130.9,0.7
6.0,1244.219743,238.62,-0.25,-68.71,7.85,-10.42,-0.25,1,5928,-6.0,-202.5,1.6
6.0,1244.229740,241.88,-0.5,-72.12,8.02,-10.42,-3.75,1,5790,-6.8,-269.7,2.8
6.0,1244.239741,244.95,-0.9,-75.94,8.34,-8.96,-6.75,1,5663,-8.3,-314.1,3.5
6.0,1244.249740,247.24,-1.54,-79.86,8.87,-6.24,-8.5,1,5533,-10.8,-348.1,2.3
6.0,1244.259740,247.76,-2.04,-83.09,9.28,-2.64,-9.25,1,5407,-6.7,-289.2,-2.6
6.0,1244.269740,247.59,-2.31,-84.04,9.55,1.33,-8.75,1,6294,-4.4,-153.9,4.8
6.0,1244.279740,246.36,-2.68,-83.02,9.93,5.11,-7.5,1,6166,-0.6,-33.0,1.7
6.0,1244.289740,244.42,-1.86,-81.07,9.18,8.18,-5.25,1,6042,2.7,74.2,0.6
6.0,1244.299742,241.79,-1.27,-78.37,8.66,10.09,-2.75,1,5923,4.7,163.1,-0.5
6.0,1244.309740,238.71,-0.8,-75.23,8.27,10.59,0.75,1,5792,6.5,224.9,-1.8
6.0,1244.319743,235.99,-0.43,-71.72,7.98,9.6,3.5,1,5669,8.5,289.6,-2.7
6.0,1244.329740,234.23,-0.15,-67.72,7.82,7.26,5.25,1,5530,10.0,335.2,-2.5
6.0,1244.339740,233.61,-0.12,-64.87,7.91,3.91,5.75,1,5402,10.8,239.2,4.5
6.0,1244.349740,233.61,-0.17,-64.52,7.95,0.0,5.5,1,6290,-1.9,130.8,-5.2
6.0,1244.359740,234.32,-0.09,-65.36,7.73,-3.91,4.25,1,6162,0.7,24.5,1.2
6.0,1244.369740,236.07,-0.18,-66.54,7.85,-7.26,2.5,1,6046,-0.7,-11.2,-1.5
6.0,1244.379743,238.36,-0.21,-68.26,7.83,-9.6,-0.0,1,5929,-3.5,-135.9,1.4
6.0,1244.389740,241.17,-0.46,-71.51,8.01,-10.59,-3.0,1,5792,-6.1,-200.7,1.7
6.0,1244.399741,243.81,-0.77,-74.78,8.23,-10.09,-5.75,1,5663,-6.5,-262.5,3.0
6.0,1244.409740,245.83,-1.27,-78.46,8.65,-8.18,-7.25,1,5534,-9.9,-306.2,2.2
6.0,1244.419740,246.36,-1.56,-81.45,8.84,-5.11,-7.5,1,5409,-6.9,-255.0,-3.3
6.0,1244.429740,246.01,-1.68,-82.38,8.94,-1.33,-7.0,1,6294,-3.8,-144.3,4.8
6.0,1244.439740,244.78,-2.01,-81.34,9.31,2.64,-5.75,1,6167,0.4,-7.2,0.8
6.0,1244.449740,242.67,-1.39,-79.09,8.76,6.24,-3.5,1,6042,3.3,89.0,1.5
6.0,1244.459742,239.94,-1.02,-76.52,8.46,8.96,-0.75,1,5923,4.8,160.3,-1.3
6.0,1244.469740,236.78,-0.55,-73.43,8.07,10.42,2.25,1,5793,8.4,237.5,-2.6
6.0,1244.479743,233.7,-0.25,-69.74,7.88,10.42,5.75,1,5670,7.1,291.8,-2.3
6.0,1244.489740,231.24,-0.06,-65.86,7.76,8.96,8.25,1,5531,9.3,334.7,-3.1
6.0,1244.499740,230.01,0.05,-62.4,7.76,6.24,9.25,1,5405,8.7,302.2,1.2
6.0,1244.509740,229.75,0.03,-60.73,7.82,2.64,9.75,1,6290,4.5,199.7,-1.5
6.0,1244.519740,229.75,0.08,-60.81,7.74,-1.33,9.0,1,6166,1.7,94.6,-0.7
6.0,1244.529740,231.24,0.05,-61.81,7.73,-5.11,7.5,1,6044,-0.6,5.0,-0.6
6.0,1244.539743,233.35,0.01,-63.38,7.73,-8.18,5.25,1,5928,-2.1,-67.1,0.0
6.0,1244.549740,235.81,-0.08,-65.84,7.77,-10.09,2.5,1,5791,-4.1,-173.5,1.2
6.0,1244.559741,239.06,-0.27,-69.3,7.87,-10.59,-0.75,1,5662,-7.0,-240.3,2.2
6.0,1244.569740,242.14,-0.58,-72.92,8.09,-9.6,-3.75,1,5535,-7.8,-294.3,3.7
6.0,1244.579740,244.16,-1.02,-76.74,8.44,-7.26,-5.5,1,5408,-9.4,-328.7,2.5
6.0,1244.589740,244.86,-1.21,-80.03,8.53,-3.91,-6.0,1,6295,-7.6,-294.2,-3.1
6.0,1244.599740,244.51,-1.33,-81.14,8.64,-0.0,-5.5,1,6167,-3.6,-145.7,5.2
6.0,1244.609740,243.11,-1.64,-79.81,8.99,3.91,-4.25,1,6041,-0.0,-15.7,1.4
6.0,1244.619741,241.26,-1.13,-77.66,8.54,7.26,-2.0,1,5923,3.1,85.8,0.5
6.0,1244.629740,238.62,-0.77,-75.05,8.25,9.6,0.75,1,5794,4.2,159.6,-1.3
6.0,1244.639743,235.46,-0.43,-71.98,7.98,10.59,3.75,1,5670,7.1,232.8,-2.3
6.0,1244.649740,232.91,-0.17,-68.36,7.82,10.09,6.75,1,5530,8.2,289.2,-2.3
6.0,1244.659740,231.15,0.0,-64.58,7.74,8.18,8.25,1,5414,9.0,321.2,-2.1
6.0,1244.669740,230.19,0.03,-61.91,7.83,5.11,9.25,1,6290,9.8,235.0,3.9
6.0,1244.679740,229.83,-0.0,-61.5,7.84,1.33,9.5,1,6166,-2.0,127.2,-5.1
6.0,1244.689740,229.92,0.11,-61.75,7.62,-2.64,9.0,1,6044,2.9,83.0,-0.8
6.0,1244.699743,231.24,0.06,-62.11,7.75,-6.24,7.5,1,5928,0.6,8.3,1.8
6.0,1244.709740,233.09,0.01,-63.19,7.75,-8.96,5.5,1,5790,-1.7,-33.3,-1.9
6.0,1244.719740,235.81,-0.04,-65.44,7.73,-10.42,2.75,1,5662,-4.7,-183.7,2.9
6.0,1244.729740,238.71,-0.31,-69.12,7.91,-10.42,-0.5,1,5536,-7.4,-217.1,1.6
6.0,1244.739740,241.7,-0.54,-72.4,8.05,-8.96,-3.25,1,5407,-6.8,-294.3,3.6
6.0,1244.749740,243.72,-0.95,-76.37,8.39,-6.24,-5.0,1,6295,-9.1,-320.1,2.5
6.0,1244.759740,244.25,-1.12,-79.46,8.46,-2.64,-5.5,1,6168,-7.7,-283.0,-2.7
6.0,1244.769740,243.9,-1.19,-80.46,8.51,1.33,-4.75,1,6042,-3.3,-136.8,4.2
6.0,1244.779743,242.67,-1.46,-79.15,8.83,5.11,-3.5,1,5924,0.1,-16.0,2.2
6.0,1244.789740,240.64,-1.07,-77.11,8.5,8.18,-1.5,1,5794,3.1,83.6,0.0
6.0,1244.799743,238.01,-0.67,-74.47,8.17,10.09,1.25,1,5670,5.5,164.3,-1.6
6.0,1244.809740,234.84,-0.37,-71.38,7.95,10.59,4.25,1,5534,5.6,228.4,-1.8
6.0,1244.819740,232.21,-0.16,-67.81,7.81,9.6,7.25,1,5403,7.7,293.3,-2.7
6.0,1244.829740,230.54,0.03,-63.95,7.73,7.26,8.75,1,6291,10.0,320.7,-1.5
6.0,1244.839740,230.01,0.06,-61.32,7.83,3.91,9.25,1,6175,9.2,235.8,3.4
6.0,1244.849740,230.01,0.02,-60.96,7.84,-0.0,8.75,1,6046,-1.1,121.1,-4.0
6.0,1244.859743,231.06,0.05,-61.88,7.7,-3.91,7.75,1,5929,0.7,22.4,1.3
6.0,1244.869740,232.82,-0.01,-63.06,7.78,-7.26,5.75,1,5790,-1.0,-18.7,-1.3
6.0,1244.879740,235.37,-0.04,-65.12,7.74,-9.6,3.25,1,5671,-4.1,-164.6,1.3
6.0,1244.889740,238.36,-0.25,-68.67,7.87,-10.59,-0.0,1,5536,-6.6,-209.5,1.8
6.0,1244.899740,241.35,-0.49,-71.9,8.03,-10.09,-3.25,1,5409,-6.8,-278.1,3.0
6.0,1244.909740,243.81,-0.87,-75.77,8.33,-8.18,-5.5,1,6296,-9.1,-318.6,3.0
6.0,1244.919743,245.57,-1.26,-79.08,8.61,-5.11,-6.75,1,6171,-9.0,-290.5,0.2
6.0,1244.929740,245.65,-1.45,-81.08,8.75,-1.33,-6.75,1,6051,-5.7,-227.7,0.5
6.0,1244.939740,245.04,-1.72,-81.49,9.02,2.64,-6.25,1,5923,-2.7,-103.6,3.1
6.0,1244.949740,243.63,-1.62,-80.09,8.97,6.24,-4.5,1,5794,1.2,15.8,1.0
6.0,1244.959743,241.44,-1.18,-77.9,8.59,8.96,-2.25,1,5670,3.8,99.2,0.8
6.0,1244.969740,238.71,-0.82,-75.26,8.3,10.42,0.5,1,5531,5.1,180.4,-1.7
6.0,1244.979740,235.46,-0.42,-71.98,7.99,10.42,3.75,1,5415,8.2,246.8,-2.4
6.0,1244.989740,232.82,-0.17,-68.31,7.83,8.96,6.75,1,6292,7.5,301.5,-2.5
6.0,1244.999741,231.06,-0.0,-64.43,7.75,6.24,8.25,1,6175,9.3,332.8,-2.4
6.0,1245.009740,230.62,0.04,-61.72,7.83,2.64,8.75,1,6054,10.1,239.5,3.9
6.0,1245.019743,230.62,-0.0,-61.44,7.86,-1.33,8.25,1,5929,-1.8,121.3,-4.8
6.0,1245.029740,231.68,0.04,-62.42,7.7,-5.11,7.0,1,5790,1.2,20.2,1.7
6.0,1245.039739,233.61,-0.05,-63.68,7.81,-8.18,4.75,1,5672,-1.4,-24.3,-1.1
6.0,1245.049740,236.25,-0.08,-65.79,7.77,-10.09,2.25,1,5536,-4.4,-167.0,1.1
6.0,1245.059740,239.24,-0.3,-69.53,7.91,-10.59,-1.0,1,5418,-6.6,-230.7,2.1
6.0,1245.069740,242.14,-0.59,-72.99,8.11,-9.6,-3.75,1,6297,-7.6,-282.8,3.1
6.0,1245.079743,244.25,-1.0,-76.77,8.42,-7.26,-5.5,1,6172,-9.5,-325.6,2.4
6.0,1245.089740,245.04,-1.21,-80.01,8.55,-3.91,-6.0,1,6051,-7.4,-281.4,-2.9
6.0,1245.099740,244.51,-1.35,-81.1,8.66,0.0,-5.5,1,5923,-3.9,-153.1,5.0
6.0,1245.109740,243.19,-1.67,-79.94,9.02,3.91,-4.25,1,5795,0.0,-12.1,1.5
6.0,1245.119743,241.35,-1.14,-77.66,8.56,7.26,-2.25,1,5671,3.4,87.4,0.5
6.0,1245.129740,238.62,-0.77,-75.06,8.26,9.6,0.75,1,5531,4.3,160.5,-1.4
6.0,1245.139740,235.46,-0.43,-71.99,7.99,10.59,3.75,1,5415,7.2,233.9,-2.3
6.0,1245.149740,233.0,-0.17,-68.36,7.83,10.09,6.75,1,6292,8.1,289.6,-2.3
6.0,1245.159741,231.15,-0.0,-64.58,7.75,8.18,8.25,1,6174,9.1,321.9,-2.1
6.0,1245.169740,230.19,0.03,-61.9,7.84,5.11,9.25,1,6054,9.9,236.0,3.9
6.0,1245.179743,229.83,0.0,-61.48,7.86,1.33,9.5,1,5930,-1.9,128.0,-5.1
6.0,1245.189740,229.83,0.11,-61.73,7.63,-2.64,9.0,1,5791,2.8,83.2,-0.8
6.0,1245.199741,231.15,0.06,-62.1,7.76,-6.24,7.75,1,5673,0.6,8.1,1.8
6.0,1245.209740,233.09,0.01,-63.15,7.77,-8.96,5.5,1,5536,-1.5,-30.6,-1.9
6.0,1245.219740,235.72,-0.04,-65.38,7.74,-10.42,2.75,1,5418,-4.8,-183.6,2.9
6.0,1245.229740,238.71,-0.31,-69.08,7.93,-10.42,-0.25,1,6297,-7.4,-216.9,1.6
6.0,1245.239743,241.61,-0.53,-72.32,8.06,-8.96,-3.25,1,6172,-6.8,-291.4,3.5
6.0,1245.249740,243.63,-0.93,-76.24,8.39,-6.24,-4.75,1,6050,-9.0,-317.1,2.5
6.0,1245.259743,244.16,-1.1,-79.29,8.45,-2.64,-5.25,1,5935,-7.5,-279.2,-2.8
6.0,1245.269740,243.81,-1.17,-80.33,8.5,1.33,-4.75,1,5795,-3.7,-142.2,4.3
6.0,1245.279743,242.49,-1.44,-79.07,8.83,5.11,-3.5,1,5671,0.4,-10.3,2.0
6.0,1245.289740,240.47,-1.04,-76.93,8.48,8.18,-1.25,1,5532,3.0,81.7,0.2
6.0,1245.299740,237.92,-0.67,-74.39,8.18,10.09,1.25,1,5413,5.6,162.7,-1.5
6.0,1245.309740,234.84,-0.36,-71.29,7.96,10.59,4.5,1,6292,6.1,228.2,-1.9
6.0,1245.319741,232.29,-0.15,-67.73,7.81,9.6,7.25,1,6174,7.3,290.9,-2.7
6.0,1245.329740,230.54,0.03,-63.92,7.74,7.26,9.0,1,6055,9.6,318.6,-1.5
6.0,1245.339743,230.01,0.05,-61.27,7.84,3.91,9.5,1,5930,9.2,236.6,3.3
6.0,1245.349740,230.01,0.03,-60.87,7.85,0.0,9.0,1,5791,-1.0,122.8,-4.1
6.0,1245.359741,230.98,0.06,-61.77,7.71,-3.91,7.75,1,5673,0.7,22.9,1.4
6.0,1245.369740,232.91,-0.01,-62.97,7.79,-7.26,5.75,1,5540,-1.1,-19.6,-1.3
6.0,1245.379740,235.37,-0.03,-65.06,7.75,-9.6,3.25,1,5436,-4.0,-166.7,1.3
6.0,1245.389740,238.36,-0.25,-68.65,7.88,-10.59,-0.0,1,6298,-6.6,-211.6,1.9
6.0,1245.399743,241.35,-0.49,-71.88,8.04,-10.09,-3.25,1,6173,-6.8,-278.5,3.0
6.0,1245.409740,243.72,-0.87,-75.73,8.34,-8.18,-5.5,1,6051,-9.2,-317.8,3.0
6.0,1245.419739,245.48,-1.27,-79.05,8.63,-5.11,-6.75,1,5922,-9.0,-292.9,0.3
6.0,1245.429740,245.65,-1.48,-81.13,8.78,-1.33,-6.75,1,5796,-5.8,-232.1,0.5
6.0,1245.439755,245.13,-1.73,-81.51,9.04,2.64,-6.25,1,5683,-2.7,-99.4,3.1
6.0,1245.449755,243.72,-1.62,-80.05,8.97,6.24,-4.5,1,5548,1.2,13.2,0.8
6.0,1245.459756,241.52,-1.18,-77.94,8.61,8.96,-2.25,1,5457,3.8,98.5,0.9
6.0,1245.469753,238.71,-0.82,-75.29,8.32,10.42,0.5,1,6316,5.2,179.8,-1.7
6.0,1245.479752,235.55,-0.42,-72.03,8.0,10.42,3.75,1,6187,8.1,245.6,-2.4
6.0,1245.489752,232.82,-0.17,-68.36,7.85,8.96,6.75,1,6068,7.5,301.3,-2.4
6.0,1245.499756,231.06,-0.01,-64.47,7.76,6.24,8.25,1,5936,9.3,332.3,-2.4
6.0,1245.509753,230.62,0.04,-61.77,7.84,2.64,8.75,1,5807,10.2,239.9,3.9
6.0,1245.519753,230.71,-0.01,-61.48,7.88,-1.33,8.25,1,5686,-2.0,121.3,-4.7
6.0,1245.529755,231.77,0.03,-62.47,7.71,-5.11,7.0,1,5553,1.2,19.7,1.8
6.0,1245.539756,233.79,-0.05,-63.74,7.83,-8.18,4.75,1,5452,-1.5,-25.5,-1.1
6.0,1245.549753,236.34,-0.09,-65.9,7.79,-10.09,2.25,1,6311,-4.4,-171.0,1.1
6.0,1245.559755,239.41,-0.31,-69.64,7.93,-10.59,-1.25,1,6186,-6.5,-228.4,2.2
6.0,1245.569752,242.4,-0.6,-73.11,8.13,-9.6,-4.0,1,6064,-7.7,-289.0,3.0
6.0,1245.579754,244.42,-1.03,-76.96,8.46,-7.26,-5.75,1,5939,-9.6,-325.2,2.5
6.0,1245.589753,244.95,-1.25,-80.24,8.59,-3.91,-6.25,1,5813,-7.4,-290.9,-3.2
6.0,1245.599758,244.6,-1.38,-81.29,8.71,-0.0,-5.5,1,5688,-3.5,-140.1,5.5
6.0,1245.609755,243.28,-1.7,-79.9,9.07,3.91,-4.25,1,5549,-0.1,-11.5,1.4
6.0,1245.619755,241.44,-1.16,-77.74,8.58,7.26,-2.25,1,5447,3.3,87.8,0.4
6.0,1245.629753,238.71,-0.8,-75.16,8.29,9.6,0.5,1,6316,4.0,158.3,-1.1
6.0,1245.639753,235.63,-0.45,-72.15,8.02,10.59,3.75,1,6188,7.8,230.6,-2.7
6.0,1245.649752,233.17,-0.17,-68.56,7.84,10.09,6.5,1,6069,7.6,286.9,-2.1
6.0,1245.659753,231.33,-0.02,-64.81,7.78,8.18,8.0,1,5933,8.8,318.6,-2.2
6.0,1245.669753,230.45,0.02,-62.15,7.86,5.11,9.0,1,5815,10.2,234.4,4.1
6.0,1245.679754,230.01,-0.01,-61.75,7.88,1.33,9.25,1,5689,-2.3,124.8,-5.3
6.0,1245.689755,230.1,0.1,-62.0,7.65,-2.64,8.75,1,5553,2.7,84.4,-0.5
6.0,1245.699755,231.33,0.04,-62.29,7.78,-6.24,7.25,1,5452,1.1,11.5,1.7
6.0,1245.709753,233.35,0.0,-63.38,7.78,-8.96,5.25,1,6315,-1.7,-36.6,-1.9
6.0,1245.719756,235.9,-0.05,-65.68,7.76,-10.42,2.5,1,6187,-4.9,-181.6,2.8
6.0,1245.729752,238.89,-0.33,-69.3,7.95,-10.42,-0.75,1,6065,-7.1,-217.3,1.6
6.0,1245.739753,241.96,-0.55,-72.6,8.09,-8.96,-3.5,1,5938,-7.0,-293.8,3.5
6.0,1245.749753,243.9,-0.98,-76.57,8.43,-6.24,-5.25,1,5811,-9.3,-320.9,2.5
6.0,1245.759755,244.51,-1.18,-79.72,8.54,-2.64,-5.75,1,5685,-7.6,-287.8,-2.6
6.0,1245.769755,244.07,-1.24,-80.67,8.58,1.33,-5.0,1,5549,-3.3,-128.0,4.1
6.0,1245.779755,242.75,-1.48,-79.26,8.87,5.11,-3.75,1,5457,0.3,-18.8,2.1
6.0,1245.789753,240.73,-1.1,-77.31,8.55,8.18,-1.5,1,6316,2.9,86.4,0.2
6.0,1245.799753,238.1,-0.69,-74.57,8.21,10.09,1.25,1,6188,5.5,168.5,-1.6
6.0,1245.809752,234.93,-0.38,-71.43,7.97,10.59,4.25,1,6069,5.6,232.0,-2.0
6.0,1245.819752,232.29,-0.16,-67.84,7.83,9.6,7.25,1,5933,8.3,296.2,-2.6
6.0,1245.829753,230.54,0.03,-63.95,7.75,7.26,8.75,1,5815,10.0,323.8,-1.7
6.0,1245.839753,230.19,0.06,-61.3,7.85,3.91,9.25,1,5688,9.3,238.0,3.3
6.0,1245.849758,230.01,0.02,-60.91,7.86,-0.0,9.0,1,5555,-1.1,124.3,-4.0
6.0,1245.859755,230.98,0.06,-61.82,7.72,-3.91,7.75,1,5452,0.9,23.2,1.3
6.0,1245.869752,233.0,-0.0,-63.0,7.8,-7.26,5.75,1,6311,-1.0,-16.9,-1.3
6.0,1245.879756,235.46,-0.03,-65.06,7.77,-9.6,3.25,1,6188,-4.1,-165.8,1.4
6.0,1245.889753,238.36,-0.25,-68.67,7.9,-10.59,-0.0,1,6066,-6.7,-211.9,1.8
6.0,1245.899753,241.44,-0.49,-71.93,8.05,-10.09,-3.25,1,5937,-6.8,-279.7,3.0
6.0,1245.909752,243.72,-0.88,-75.81,8.36,-8.18,-5.5,1,5813,-9.2,-320.0,3.0
6.0,1245.919754,245.48,-1.28,-79.16,8.65,-5.11,-6.75,1,5685,-9.1,-294.7,0.4
6.0,1245.929756,245.74,-1.5,-81.24,8.81,-1.33,-7.0,1,5550,-5.6,-233.8,0.5
6.0,1245.939755,245.13,-1.75,-81.62,9.07,2.64,-6.25,1,5457,-3.1,-99.1,3.1
6.0,1245.949752,243.72,-1.62,-80.14,8.98,6.24,-4.75,1,6315,1.3,13.5,0.7
6.0,1245.959755,241.52,-1.19,-78.03,8.63,8.96,-2.25,1,6190,3.7,98.5,1.2
6.0,1245.969753,238.8,-0.84,-75.37,8.35,10.42,0.25,1,6071,5.5,181.4,-1.9
6.0,1245.979754,235.55,-0.42,-72.1,8.01,10.42,3.75,1,5935,7.9,244.2,-2.3
6.0,1245.989752,233.09,-0.19,-68.47,7.87,8.96,6.5,1,5806,7.5,300.4,-2.3
6.0,1245.999753,231.24,-0.0,-64.58,7.77,6.24,8.25,1,5688,9.5,332.0,-2.8
6.0,1246.009756,230.71,0.05,-61.86,7.85,2.64,8.75,1,5555,10.4,241.1,4.4
6.0,1246.019755,230.71,-0.01,-61.55,7.9,-1.33,8.25,1,5453,-2.3,121.5,-5.1
6.0,1246.029752,231.86,0.04,-62.55,7.72,-5.11,6.75,1,6311,1.3,20.2,1.8
6.0,1246.039753,233.79,-0.05,-63.84,7.84,-8.18,4.75,1,6185,-1.8,-28.0,-1.1
6.0,1246.049753,236.43,-0.09,-66.05,7.8,-10.09,2.0,1,6075,-4.3,-172.5,1.1
6.0,1246.059752,239.5,-0.31,-69.77,7.94,-10.59,-1.25,1,5938,-6.6,-227.6,2.2
6.0,1246.069752,242.67,-0.61,-73.24,8.14,-9.6,-4.25,1,5813,-7.7,-292.1,3.0
6.0,1246.079753,244.51,-1.04,-77.15,8.48,-7.26,-5.75,1,5684,-9.8,-326.6,2.5
8.0,1248.099742,242.84,-0.78,-75.14,8.33,-3.83,-3.75,1,6443,-7.6,-244.1,1.8
8.0,1248.109739,243.02,-0.84,-77.92,8.31,0.0,-4.25,1,6313,-5.1,-218.8,-4.1
8.0,1248.119740,242.93,-0.82,-78.53,8.28,3.83,-4.0,1,6194,-3.2,-85.5,4.8
8.0,1248.129740,241.88,-1.21,-77.27,8.7,6.72,-2.75,1,6067,0.3,-7.4,2.4
8.0,1248.139740,240.21,-0.8,-76.18,8.34,7.94,-1.0,1,5931,1.5,30.7,-3.8
8.0,1248.149740,237.74,-0.57,-74.46,8.15,7.2,1.5,1,5803,3.8,134.5,3.9
8.0,1248.159740,235.72,-0.5,-71.28,8.17,4.68,3.75,1,5676,6.9,213.6,-3.7
8.0,1248.169740,234.76,-0.07,-67.87,7.84,1.0,4.75,1,5557,8.0,261.8,-2.2
8.0,1248.179741,234.49,-0.14,-65.7,8.02,-2.93,4.75,1,6438,8.7,169.3,6.5
8.0,1248.189740,235.02,-0.27,-65.98,8.12,-6.13,3.75,1,6318,-3.6,64.3,-4.6
8.0,1248.199740,236.69,-0.15,-67.09,7.86,-7.82,1.75,1,6199,-0.3,-6.0,0.8
8.0,1248.209740,238.89,-0.3,-68.84,8.01,-7.57,-0.5,1,6071,-3.5,-104.3,0.1
8.0,1248.219740,241.17,-0.45,-71.76,8.09,-5.45,-2.75,1,5935,-4.8,-193.8,1.8
8.0,1248.229740,242.58,-0.76,-75.11,8.32,-1.98,-3.75,1,5808,-7.6,-245.8,1.7
8.0,1248.239740,242.58,-0.81,-77.83,8.29,1.98,-3.5,1,5680,-5.2,-219.6,-4.2
8.0,1248.249740,241.61,-0.8,-78.4,8.26,5.45,-2.5,1,5556,-3.8,-83.4,5.0
8.0,1248.259742,239.85,-1.05,-76.56,8.57,7.57,-0.75,1,6444,3.7,47.8,0.8
8.0,1248.269740,237.39,-0.58,-73.87,8.21,7.82,1.75,1,6314,4.6,137.6,-0.8
8.0,1248.279740,235.37,-0.35,-70.9,8.02,6.13,4.25,1,6195,4.3,207.8,-1.4
8.0,1248.289740,234.32,-0.13,-67.51,7.89,2.93,5.25,1,6067,9.1,268.9,-2.5
8.0,1248.299740,234.05,-0.09,-65.19,7.99,-1.0,5.25,1,5931,8.7,170.7,6.1
8.0,1248.309740,234.23,-0.22,-65.5,8.09,-4.68,4.25,1,5804,-3.3,67.4,-4.7
8.0,1248.319740,235.81,-0.12,-66.52,7.84,-7.2,2.75,1,5676,-0.2,0.7,1.2
8.0,1248.329740,238.01,-0.25,-67.97,7.99,-7.94,0.5,1,5557,-2.5,-77.6,-0.2
8.0,1248.339740,240.73,-0.36,-70.61,8.04,-6.72,-2.25,1,6446,-4.9,-185.8,1.8
8.0,1248.349740,243.11,-0.67,-74.1,8.26,-3.83,-4.75,1,6318,-7.0,-241.4,2.0
8.0,1248.359740,244.86,-1.07,-77.5,8.56,0.0,-6.0,1,6199,-8.5,-283.6,2.3
8.0,1248.369740,244.86,-1.22,-80.29,8.63,3.83,-5.75,1,6072,-7.2,-236.6,-4.2
8.0,1248.379740,243.9,-1.2,-80.88,8.6,6.72,-4.75,1,5935,-1.7,-106.2,5.1
8.0,1248.389740,241.96,-1.49,-79.11,8.98,7.94,-2.75,1,5808,2.7,46.2,1.8
8.0,1248.399740,239.59,-0.9,-76.13,8.47,7.2,-0.25,1,5672,4.5,146.3,-1.0
8.0,1248.409740,237.39,-0.52,-73.02,8.15,4.68,2.0,1,5565,5.4,210.6,-1.4
8.0,1248.419741,236.25,-0.29,-69.69,8.0,1.0,3.25,1,6443,7.5,268.4,-1.8
8.0,1248.429740,236.16,-0.26,-67.28,8.09,-2.93,3.25,1,6314,10.2,183.9,5.2
8.0,1248.439740,236.34,-0.32,-67.44,8.15,-6.13,2.25,1,6195,-3.0,68.1,-4.9
8.0,1248.449740,237.92,-0.23,-68.65,7.91,-7.82,0.5,1,6068,-0.2,-5.6,1.2
8.0,1248.459740,240.12,-0.41,-70.18,8.1,-7.57,-1.75,1,5931,-3.0,-78.8,-0.0
8.0,1248.469740,242.14,-0.53,-72.69,8.15,-5.45,-3.75,1,5813,-4.5,-178.0,1.1
8.0,1248.479740,243.54,-0.85,-76.06,8.38,-1.98,-4.5,1,5677,-7.9,-237.3,1.5
8.0,1248.489740,243.46,-1.01,-78.74,8.45,1.98,-4.5,1,5584,-5.8,-209.4,-3.0
8.0,1248.499740,242.4,-0.94,-79.19,8.38,5.45,-3.25,1,6446,-1.6,-72.4,2.9
8.0,1248.509740,240.56,-1.09,-77.31,8.62,7.57,-1.5,1,6318,3.5,50.6,2.6
8.0,1248.519740,238.1,-0.74,-74.69,8.35,7.82,1.0,1,6199,4.3,138.9,-1.7
8.0,1248.529740,236.07,-0.39,-71.76,8.05,6.13,3.25,1,6072,4.9,205.4,-1.1
8.0,1248.539740,234.93,-0.22,-68.47,7.95,2.93,4.25,1,5936,6.9,262.6,-2.1
8.0,1248.549740,234.93,-0.18,-66.13,8.03,-1.0,4.5,1,5809,9.6,176.6,5.4
8.0,1248.559740,234.93,-0.26,-66.21,8.12,-4.68,3.5,1,5673,-2.3,77.6,-4.3
8.0,1248.569740,236.78,-0.16,-67.24,7.89,-7.2,1.75,1,5580,-0.2,-3.7,0.9
8.0,1248.579743,238.97,-0.31,-68.94,8.03,-7.94,-0.5,1,6446,-3.0,-88.6,-0.1
8.0,1248.589740,241.35,-0.44,-71.62,8.09,-6.72,-3.0,1,6314,-4.8,-183.0,1.7
8.0,1248.599740,243.46,-0.77,-75.02,8.34,-3.83,-4.75,1,6195,-7.5,-245.4,2.1
8.0,1248.609740,244.25,-1.07,-78.09,8.55,-0.0,-5.25,1,6059,-7.1,-244.5,-0.3
8.0,1248.619740,243.98,-1.13,-80.01,8.55,3.83,-4.75,1,5932,-5.4,-193.4,-0.9
8.0,1248.629740,242.67,-1.2,-79.66,8.65,6.72,-3.5,1,5813,0.5,-16.0,3.3
8.0,1248.639740,240.82,-1.11,-77.15,8.65,7.94,-1.5,1,5678,3.1,73.4,1.3
8.0,1248.649740,238.1,-0.71,-74.67,8.32,7.2,1.25,1,5576,5.1,159.6,-1.9
8.0,1248.659740,236.07,-0.38,-71.57,8.05,4.68,3.5,1,6446,4.8,223.5,-1.3
8.0,1248.669740,234.84,-0.21,-68.16,7.95,1.0,4.5,1,6319,8.2,276.8,-2.0
8.0,1248.679740,234.76,-0.15,-65.76,8.03,-2.93,4.75,1,6200,10.0,186.5,5.1
8.0,1248.689740,234.93,-0.24,-65.9,8.11,-6.13,3.75,1,6064,-2.6,76.8,-3.8
8.0,1248.699740,236.51,-0.17,-67.03,7.9,-7.82,2.0,1,5937,-0.2,-3.7,0.6
8.0,1248.709740,238.71,-0.29,-68.72,8.03,-7.57,-0.25,1,5809,-3.1,-87.6,0.1
8.0,1248.719740,241.0,-0.43,-71.42,8.09,-5.45,-2.5,1,5673,-4.8,-186.3,1.2
8.0,1248.729740,242.31,-0.73,-74.86,8.3,-1.98,-3.5,1,5582,-7.6,-245.7,1.9
8.0,1248.739741,242.4,-0.79,-77.58,8.28,1.98,-3.25,1,6443,-5.1,-212.1,-4.6
8.0,1248.749740,241.35,-0.76,-78.12,8.24,5.45,-2.25,1,6318,-3.5,-87.3,5.3
8.0,1248.759740,239.59,-1.06,-76.39,8.61,7.57,-0.5,1,6205,3.9,48.2,1.2
8.0,1248.769740,237.13,-0.59,-73.68,8.23,7.82,2.0,1,6060,3.9,134.8,-1.3
8.0,1248.779740,235.28,-0.33,-70.78,8.01,6.13,4.25,1,5932,4.6,204.3,-1.4
8.0,1248.789740,234.14,-0.13,-67.43,7.91,2.93,5.25,1,5814,8.6,265.1,-2.1
8.0,1248.799740,233.88,-0.1,-65.07,8.02,-1.0,5.25,1,5678,9.1,174.9,5.8
8.0,1248.809740,234.14,-0.21,-65.32,8.09,-4.68,4.5,1,5576,-3.4,65.4,-4.8
8.0,1248.819740,235.72,-0.11,-66.42,7.85,-7.2,2.75,1,6447,-0.2,-0.6,1.3
8.0,1248.829740,237.92,-0.25,-67.86,8.01,-7.94,0.75,1,6319,-2.3,-78.0,-0.2
8.0,1248.839740,240.56,-0.35,-70.44,8.05,-6.72,-2.25,1,6201,-4.8,-179.8,1.8
8.0,1248.849740,242.93,-0.66,-73.89,8.26,-3.83,-4.75,1,6064,-7.1,-243.8,2.0
8.0,1248.859740,244.69,-1.05,-77.35,8.56,-0.0,-5.75,1,5937,-8.4,-282.2,2.3
8.0,1248.869740,244.86,-1.2,-80.14,8.63,3.83,-5.75,1,5809,-7.2,-239.9,-4.2
8.0,1248.879740,243.9,-1.19,-80.74,8.61,6.72,-4.75,1,5674,-2.2,-102.9,5.1
8.0,1248.889740,242.14,-1.5,-79.01,9.0,7.94,-3.0,1,5582,2.9,36.1,2.1
8.0,1248.899743,239.85,-0.93,-76.3,8.51,7.2,-0.5,1,6446,4.0,132.3,-1.4
8.0,1248.909740,237.83,-0.55,-73.34,8.18,4.68,1.75,1,6318,5.0,199.6,-1.0
8.0,1248.919741,236.69,-0.32,-70.06,8.04,1.0,2.75,1,6207,7.9,260.6,-2.1
8.0,1248.929740,236.6,-0.27,-67.69,8.11,-2.93,2.75,1,6060,9.5,176.6,5.3
8.0,1248.939740,236.69,-0.36,-67.89,8.19,-6.13,1.75,1,5942,-3.2,63.5,-4.5
8.0,1248.949740,238.36,-0.26,-69.11,7.95,-7.82,-0.0,1,5814,-0.5,-8.4,0.8
8.0,1248.959740,240.56,-0.43,-70.62,8.12,-7.57,-2.25,1,5678,-3.3,-79.6,0.0
8.0,1248.969740,242.75,-0.59,-73.26,8.21,-5.45,-4.25,1,5586,-4.5,-192.4,1.5
8.0,1248.979740,244.07,-0.95,-76.75,8.49,-1.98,-5.25,1,6447,-7.7,-236.5,1.7
8.0,1248.989740,244.07,-1.08,-79.32,8.52,1.98,-5.25,1,6320,-6.2,-212.1,-3.9
8.0,1248.999740,243.11,-1.05,-79.84,8.49,5.45,-4.0,1,6201,-1.7,-76.4,4.4
8.0,1249.009740,241.44,-1.31,-78.08,8.83,7.57,-2.25,1,6065,3.2,40.1,2.3
8.0,1249.019740,238.97,-0.84,-75.58,8.44,7.82,0.25,1,5938,3.3,133.7,-1.8
8.0,1249.029740,236.95,-0.47,-72.57,8.12,6.13,2.5,1,5810,6.1,207.4,-1.0
8.0,1249.039740,235.81,-0.26,-69.27,8.01,2.93,3.5,1,5674,7.8,255.9,-2.0
8.0,1249.049740,235.55,-0.22,-66.99,8.08,-1.0,3.75,1,5582,8.5,179.7,5.0
8.0,1249.059740,235.63,-0.3,-66.99,8.15,-4.68,3.0,1,6443,-2.4,76.5,-4.3
8.0,1249.069740,237.04,-0.21,-68.0,7.93,-7.2,1.5,1,6327,0.2,1.7,1.0
8.0,1249.079740,239.15,-0.35,-69.24,8.08,-7.94,-0.75,1,6205,-2.6,-48.5,-0.1
8.0,1249.089740,241.26,-0.45,-71.52,8.11,-6.72,-3.25,1,6061,-4.4,-178.2,1.0
8.0,1249.099740,243.28,-0.76,-75.13,8.35,-3.83,-4.75,1,5942,-6.7,-231.3,2.2
8.0,1249.109740,244.16,-1.04,-77.87,8.55,0.0,-5.25,1,5815,-6.7,-220.2,-0.6
8.0,1249.119740,243.9,-1.1,-79.66,8.54,3.83,-4.75,1,5678,-5.5,-190.0,-0.4
8.0,1249.129740,242.49,-1.21,-79.51,8.68,6.72,-3.25,1,5585,0.9,-15.8,2.9
8.0,1249.139740,240.47,-1.08,-76.98,8.64,7.94,-1.25,1,6447,3.0,78.5,1.3
8.0,1249.149740,237.92,-0.69,-74.41,8.32,7.2,1.25,1,6320,5.5,163.8,-1.9
8.0,1249.159740,235.72,-0.36,-71.29,8.06,4.68,3.75,1,6201,5.7,226.6,-1.3
8.0,1249.169740,234.49,-0.18,-67.91,7.95,1.0,4.75,1,6065,7.4,274.8,-2.3
8.0,1249.179740,234.32,-0.14,-65.53,8.03,-2.93,4.75,1,5938,10.0,189.6,5.2
8.0,1249.189740,234.49,-0.22,-65.64,8.12,-6.13,4.0,1,5814,-2.6,74.5,-4.0
8.0,1249.199740,236.07,-0.15,-66.78,7.9,-7.82,2.25,1,5683,-0.1,1.4,0.8
8.0,1249.209740,238.36,-0.28,-68.28,8.04,-7.57,0.25,1,5582,-2.9,-77.4,0.2
8.0,1249.219739,240.47,-0.41,-70.95,8.09,-5.45,-2.0,1,6443,-4.7,-187.4,1.1
8.0,1249.229740,241.96,-0.69,-74.43,8.28,-1.98,-3.0,1,6318,-7.9,-238.3,1.8
8.0,1249.239740,242.05,-0.73,-77.12,8.25,1.98,-3.0,1,6206,-4.8,-217.8,-4.7
8.0,1249.249740,241.08,-0.69,-77.78,8.2,5.45,-2.0,1,6061,-3.1,-86.9,5.1
8.0,1249.259740,239.5,-1.02,-76.09,8.59,7.57,-0.25,1,5942,2.7,38.5,1.8
8.0,1249.269740,237.22,-0.61,-73.6,8.26,7.82,2.0,1,5815,3.6,123.7,-1.4
8.0,1249.279740,235.28,-0.32,-70.8,8.02,6.13,4.25,1,5679,5.1,194.9,-1.4
8.0,1249.289740,234.23,-0.14,-67.54,7.93,2.93,5.25,1,5586,7.4,254.5,-1.7
8.0,1249.299741,234.14,-0.13,-65.25,8.04,-1.0,5.25,1,6450,9.0,169.3,5.7
8.0,1249.309740,234.32,-0.22,-65.51,8.11,-4.68,4.25,1,6320,-3.5,59.8,-4.6
8.0,1249.319740,235.9,-0.13,-66.61,7.88,-7.2,2.75,1,6202,0.2,-0.8,1.2
8.0,1249.329740,238.18,-0.26,-68.07,8.03,-7.94,0.25,1,6066,-2.8,-85.8,-0.2
8.0,1249.339740,240.56,-0.39,-70.82,8.08,-6.72,-2.25,1,5938,-5.0,-189.4,2.0
8.0,1249.349740,242.49,-0.7,-74.26,8.31,-3.83,-4.0,1,5811,-7.5,-240.3,1.8
8.0,1249.359740,243.9,-0.9,-77.17,8.42,0.0,-5.0,1,5683,-6.7,-240.1,-0.9
8.0,1249.369740,244.25,-0.99,-79.2,8.46,3.83,-5.25,1,5585,-5.5,-203.6,0.4
8.0,1249.379739,243.9,-1.42,-79.68,8.89,6.72,-4.75,1,6444,-1.3,-84.7,5.9
8.0,1249.389740,242.4,-1.32,-78.54,8.83,7.94,-3.25,1,6318,-1.2,-4.6,-3.6
8.0,1249.399740,240.29,-0.85,-76.83,8.38,7.2,-1.25,1,6206,3.7,91.2,3.5
8.0,1249.409740,238.62,-0.76,-74.16,8.41,4.68,0.75,1,6073,6.0,170.9,-2.5
8.0,1249.419740,237.74,-0.32,-71.12,8.04,1.0,1.75,1,5943,7.0,225.2,-1.6
8.0,1249.429740,237.74,-0.39,-69.06,8.22,-2.93,1.5,1,5815,9.0,151.6,6.8
8.0,1249.439740,237.92,-0.48,-69.26,8.29,-6.13,0.5,1,5679,-4.1,53.0,-5.9
8.0,1249.449740,239.59,-0.31,-70.38,7.97,-7.82,-1.25,1,5586,-0.6,-12.9,1.2
8.0,1249.459740,241.79,-0.53,-71.9,8.2,-7.57,-3.5,1,6448,-3.7,-86.5,-0.2
8.0,1249.469740,243.9,-0.71,-74.59,8.31,-5.45,-5.75,1,6321,-4.6,-195.5,1.8
8.0,1249.479740,245.39,-1.18,-78.1,8.7,-1.98,-6.5,1,6202,-7.8,-241.2,2.0
8.0,1249.489740,245.57,-1.34,-80.5,8.77,1.98,-6.5,1,6066,-6.0,-194.3,-4.0
8.0,1249.499740,244.69,-1.31,-80.96,8.75,5.45,-5.75,1,5938,-1.0,-93.0,4.9
8.0,1249.509740,242.93,-1.65,-79.65,9.15,7.57,-3.75,1,5811,0.8,29.4,1.6
8.0,1249.519740,240.73,-1.07,-77.23,8.62,7.82,-1.5,1,5675,4.7,119.7,-1.2
8.0,1249.529740,238.18,-0.64,-74.38,8.28,6.13,1.0,1,5582,5.1,194.5,-1.1
8.0,1249.539740,236.43,-0.4,-71.11,8.1,2.93,2.75,1,6444,6.3,252.9,-2.2
8.0,1249.549740,235.37,-0.26,-68.14,8.05,-1.0,4.0,1,6327,9.0,238.7,1.6
8.0,1249.559740,234.93,-0.25,-66.82,8.11,-4.68,4.25,1,6207,3.5,145.4,-1.0
8.0,1249.569740,235.02,-0.13,-66.79,7.94,-7.2,3.75,1,6074,1.5,97.3,-3.7
8.0,1249.579740,236.16,-0.15,-67.09,7.96,-7.94,2.25,1,5943,1.3,17.2,3.7
8.0,1249.589740,238.1,-0.31,-68.17,8.09,-6.72,0.25,1,5815,-2.6,-28.0,-2.3
8.0,1249.599740,240.12,-0.32,-70.31,8.02,-3.83,-1.5,1,5680,-4.3,-168.6,2.5
8.0,1249.609740,241.08,-0.68,-73.92,8.29,-0.0,-2.25,1,5587,-8.1,-219.9,0.9
8.0,1249.619740,241.08,-0.64,-76.42,8.18,3.83,-1.75,1,6449,-3.2,-198.3,-4.1
8.0,1249.629740,239.77,-0.52,-76.66,8.09,6.72,-0.75,1,6321,-1.0,-45.7,3.3
8.0,1249.639740,237.83,-0.76,-74.46,8.39,7.94,1.25,1,6202,2.6,67.3,2.8
8.0,1249.649740,235.28,-0.48,-71.81,8.18,7.2,3.75,1,6067,4.2,152.0,-2.3
8.0,1249.659740,233.53,-0.15,-68.71,7.92,4.68,6.25,1,5939,6.1,224.8,-1.7
8.0,1249.669740,232.29,-0.05,-65.44,7.89,1.0,7.25,1,5811,6.4,254.4,-0.6
8.0,1249.679743,232.12,-0.06,-63.34,8.0,-2.93,7.25,1,5687,8.7,180.7,4.0
8.0,1249.689740,232.47,-0.08,-63.47,8.02,-6.13,6.25,1,6575,-2.2,61.0,-3.6
8.0,1249.699740,234.14,-0.04,-64.69,7.86,-7.82,4.5,1,6445,0.0,-2.1,1.0
8.0,1249.709740,236.34,-0.16,-66.3,7.98,-7.57,2.0,1,6329,-3.3,-98.4,0.3
8.0,1249.719740,238.8,-0.27,-69.16,8.01,-5.45,-0.25,1,6207,-5.4,-189.3,1.2
8.0,1249.729740,240.12,-0.53,-72.57,8.17,-1.98,-1.25,1,6071,-7.9,-250.4,2.4
8.0,1249.739740,240.29,-0.56,-75.57,8.13,1.98,-1.25,1,5944,-5.0,-238.6,-5.0
8.0,1249.749740,239.41,-0.45,-76.12,8.02,5.45,-0.25,1,5816,-1.5,-67.0,4.8
8.0,1249.759739,237.83,-0.73,-74.09,8.37,7.57,1.25,1,5680,1.6,31.2,1.5
8.0,1249.769740,235.55,-0.44,-71.94,8.14,7.82,3.75,1,6576,3.3,117.1,-0.9
8.0,1249.779740,233.79,-0.21,-69.09,7.96,6.13,5.75,1,6449,4.8,199.2,-1.5
8.0,1249.789740,232.65,-0.07,-65.92,7.9,2.93,6.75,1,6322,6.7,235.4,-0.8
8.0,1249.799740,232.56,-0.08,-63.92,8.02,-1.0,6.75,1,6203,8.4,163.5,5.0
8.0,1249.809740,233.09,-0.12,-64.03,8.05,-4.68,5.5,1,6067,-2.9,60.6,-4.4
8.0,1249.819740,234.76,-0.05,-65.12,7.85,-7.2,3.75,1,5940,0.2,-6.0,1.2
8.0,1249.829740,237.22,-0.18,-66.92,7.98,-7.94,1.25,1,5806,-4.5,-113.4,-0.2
8.0,1249.839743,239.5,-0.32,-69.87,8.03,-6.72,-1.25,1,5688,-3.8,-187.1,2.2
8.0,1249.849740,241.7,-0.59,-73.23,8.25,-3.83,-3.0,1,6572,-7.9,-262.6,2.2
8.0,1249.859740,242.75,-0.83,-76.49,8.39,0.0,-3.75,1,6445,-6.6,-250.3,-0.2
8.0,1249.869740,242.4,-0.9,-78.36,8.41,3.83,-3.25,1,6328,-5.6,-199.6,0.4
8.0,1249.879740,241.26,-1.03,-78.2,8.54,6.72,-2.25,1,6208,-0.9,-34.5,2.6
8.0,1249.889740,239.33,-0.88,-75.84,8.48,7.94,-0.25,1,6074,3.5,71.4,0.8
8.0,1249.899740,236.69,-0.58,-73.24,8.26,7.2,2.5,1,5944,4.2,153.5,-0.7
8.0,1249.909740,234.67,-0.29,-70.17,8.03,4.68,4.75,1,5808,6.9,224.9,-2.7
8.0,1249.919739,233.0,-0.09,-66.79,7.92,1.0,6.25,1,5680,7.0,267.3,-0.9
8.0,1249.929740,232.12,-0.12,-64.42,8.05,-2.93,7.25,1,6577,9.2,194.0,4.5
8.0,1249.939740,232.21,-0.04,-63.73,7.99,-6.13,7.0,1,6450,0.1,142.5,-7.9
8.0,1249.949740,232.73,0.05,-63.81,7.82,-7.82,5.75,1,6325,2.4,43.2,5.6
8.0,1249.959740,234.49,-0.16,-64.91,8.04,-7.57,4.0,1,6204,-2.2,-10.8,-3.7
8.0,1249.969740,236.87,-0.09,-66.66,7.89,-5.45,1.75,1,6067,-3.4,-120.5,2.8
8.0,1249.979740,239.15,-0.36,-69.72,8.1,-1.98,-0.5,1,5940,-6.5,-196.0,0.5
8.0,1249.989740,240.38,-0.56,-73.04,8.19,1.98,-1.25,1,5815,-7.2,-256.6,3.0
8.0,1249.999742,240.29,-0.62,-75.96,8.2,5.45,-1.25,1,5688,-4.2,-231.4,-4.7
8.0,1250.009740,239.15,-0.44,-76.2,8.02,7.57,-0.25,1,6573,-1.9,-49.2,3.6
8.0,1250.019740,237.48,-0.68,-73.87,8.33,7.82,1.75,1,6446,2.5,50.6,2.1
8.0,1250.029740,235.9,-0.43,-71.46,8.15,6.13,3.5,1,6330,3.7,141.8,-1.2
8.0,1250.039740,235.11,-0.19,-68.48,7.97,2.93,4.25,1,6208,5.1,206.4,-0.9
8.0,1250.049740,235.2,-0.23,-66.58,8.1,-1.0,3.75,1,6072,7.6,125.9,5.8
8.0,1250.059740,235.9,-0.31,-67.01,8.18,-4.68,2.75,1,5944,-3.2,37.2,-3.7
8.0,1250.069740,237.57,-0.2,-68.04,7.94,-7.2,0.75,1,5808,-0.3,-14.3,0.6
8.0,1250.079741,239.94,-0.34,-69.79,8.09,-7.94,-1.75,1,5683,-3.8,-123.0,0.4
8.0,1250.089740,242.23,-0.57,-72.93,8.23,-6.72,-3.75,1,6577,-5.6,-205.8,2.4
8.0,1250.099740,243.72,-0.93,-76.31,8.51,-3.83,-5.0,1,6450,-7.8,-255.4,1.4
8.0,1250.109757,244.07,-1.04,-79.02,8.53,0.0,-5.0,1,6341,-6.4,-220.6,-3.0
8.0,1250.119752,243.37,-1.05,-79.69,8.53,3.83,-4.25,1,6217,-2.3,-101.9,3.5
8.0,1250.129753,241.79,-1.3,-78.35,8.84,6.72,-2.75,1,6081,1.6,14.5,2.4
8.0,1250.139753,239.59,-0.92,-76.08,8.53,7.94,-0.25,1,5954,3.2,111.6,-0.9
8.0,1250.149755,236.78,-0.53,-73.28,8.21,7.2,2.5,1,5829,6.3,182.6,-1.2
8.0,1250.159756,234.49,-0.3,-70.06,8.05,4.68,5.0,1,5702,5.4,250.6,-2.0
8.0,1250.169753,233.09,-0.1,-66.48,7.93,1.0,6.25,1,6587,9.3,290.6,-2.1
8.0,1250.179752,232.91,-0.06,-64.01,8.03,-2.93,6.5,1,6459,10.3,206.9,5.1
8.0,1250.189756,232.91,-0.12,-63.94,8.08,-6.13,5.75,1,6344,-3.4,90.6,-5.2
8.0,1250.199753,234.49,-0.06,-65.07,7.86,-7.82,4.0,1,6222,0.4,3.3,1.6
8.0,1250.209752,236.78,-0.19,-66.66,8.01,-7.57,1.75,1,6088,-3.1,-71.9,-0.7
8.0,1250.219753,239.06,-0.27,-69.19,8.02,-5.45,-0.25,1,5959,-3.9,-177.5,1.9
8.0,1250.229753,240.29,-0.54,-72.68,8.21,-1.98,-1.25,1,5826,-8.0,-243.8,1.6
8.0,1250.239753,240.29,-0.54,-75.65,8.13,1.98,-1.25,1,5695,-4.1,-230.2,-4.6
8.0,1250.249752,239.41,-0.46,-76.08,8.05,5.45,-0.25,1,6594,-2.2,-56.6,4.4
8.0,1250.259753,237.74,-0.71,-73.97,8.36,7.57,1.5,1,6464,2.1,37.7,1.4
8.0,1250.269752,235.28,-0.42,-71.78,8.14,7.82,3.75,1,6339,3.3,124.7,-0.9
8.0,1250.279752,233.44,-0.21,-68.87,7.97,6.13,6.0,1,6217,4.7,203.8,-1.5
8.0,1250.289753,232.03,-0.06,-65.68,7.91,2.93,7.25,1,6082,7.4,240.2,-0.9
8.0,1250.299752,231.24,-0.05,-63.58,8.01,-1.0,8.25,1,5954,7.3,173.3,4.1
8.0,1250.309755,231.24,-0.0,-62.96,7.96,-4.68,7.75,1,5829,1.0,128.7,-6.9
8.0,1250.319756,232.12,0.08,-63.04,7.83,-7.2,6.75,1,5702,2.6,36.8,5.4
8.0,1250.329752,233.79,-0.09,-64.09,8.01,-7.94,4.75,1,6588,-2.8,-13.0,-3.8
8.0,1250.339752,236.25,-0.05,-66.0,7.86,-6.72,2.25,1,6468,-4.0,-141.4,2.7
8.0,1250.349756,238.71,-0.32,-69.32,8.07,-3.83,-0.25,1,6344,-6.6,-203.0,1.1
8.0,1250.359756,240.12,-0.53,-72.56,8.19,-0.0,-1.25,1,6226,-7.4,-262.1,3.0
8.0,1250.369755,240.21,-0.6,-75.6,8.18,3.83,-1.25,1,6089,-6.2,-245.1,-4.5
8.0,1250.379753,239.33,-0.46,-76.17,8.04,6.72,-0.25,1,5959,-0.3,-73.8,4.0
8.0,1250.389753,237.74,-0.69,-74.12,8.36,7.94,1.5,1,5823,1.2,33.0,2.1
8.0,1250.399754,235.46,-0.46,-71.85,8.17,7.2,3.75,1,5696,3.3,120.3,-1.2
8.0,1250.409753,233.7,-0.2,-68.99,7.97,4.68,5.75,1,6592,4.7,199.1,-1.3
8.0,1250.419753,232.65,-0.07,-65.87,7.92,1.0,6.75,1,6465,6.8,233.3,-0.8
8.0,1250.429752,232.56,-0.07,-63.93,8.03,-2.93,6.5,1,6336,8.3,159.6,4.9
8.0,1250.439753,233.17,-0.12,-64.11,8.06,-6.13,5.5,1,6218,-2.9,55.5,-4.3
8.0,1250.449753,235.02,-0.05,-65.25,7.87,-7.82,3.5,1,6083,0.1,-9.3,1.2
8.0,1250.459752,237.48,-0.18,-67.15,8.0,-7.57,1.25,1,5954,-4.9,-125.3,-0.4
8.0,1250.469756,239.77,-0.34,-70.23,8.06,-5.45,-1.25,1,5831,-3.9,-192.4,2.8
8.0,1250.479755,241.17,-0.63,-73.56,8.3,-1.98,-2.25,1,5701,-8.3,-265.3,1.8
8.0,1250.489752,241.7,-0.68,-76.67,8.25,1.98,-2.5,1,6588,-5.0,-238.3,-3.6
8.0,1250.499752,241.52,-0.61,-77.25,8.18,5.45,-2.5,1,6468,-2.2,-84.5,3.7
8.0,1250.509753,240.73,-1.01,-75.98,8.62,7.57,-1.75,1,6345,-0.5,-26.8,4.9
8.0,1250.519752,239.06,-0.8,-75.04,8.43,7.82,0.25,1,6179,0.9,36.2,-4.2
8.0,1250.529755,237.13,-0.43,-73.2,8.1,6.13,2.25,1,6089,2.8,120.7,2.3
8.0,1250.539753,235.99,-0.4,-70.41,8.15,2.93,3.25,1,5960,6.8,194.2,-2.6
8.0,1250.549752,235.55,-0.19,-67.86,8.02,-1.0,3.75,1,5826,4.9,181.9,2.0
8.0,1250.559752,235.63,-0.29,-67.1,8.15,-4.68,3.25,1,5695,4.1,88.7,1.1
8.0,1250.569753,236.87,-0.26,-67.93,8.09,-7.2,1.75,1,6596,-1.5,10.2,-1.5
8.0,1250.579752,238.89,-0.28,-68.92,8.04,-7.94,-0.5,1,6464,-1.6,-20.4,0.4
8.0,1250.589752,240.91,-0.43,-70.98,8.14,-6.72,-2.75,1,6340,-4.8,-175.4,0.7
8.0,1250.599753,242.84,-0.72,-74.75,8.35,-3.83,-4.25,1,6219,-5.9,-222.2,2.4
8.0,1250.609757,243.63,-0.96,-77.34,8.52,0.0,-4.75,1,6087,-6.6,-212.3,-0.9
8.0,1250.619752,243.19,-0.99,-79.12,8.49,3.83,-4.25,1,5963,-5.4,-187.5,-0.3
8.0,1250.629756,241.88,-1.11,-78.97,8.63,6.72,-2.75,1,5831,1.0,-9.6,2.8
8.0,1250.639755,239.85,-0.98,-76.32,8.59,7.94,-0.75,1,5702,2.0,86.4,1.2
8.0,1250.649752,237.22,-0.64,-73.72,8.31,7.2,2.0,1,6588,6.4,164.1,-1.5
8.0,1250.659753,235.02,-0.33,-70.59,8.08,4.68,4.5,1,6470,5.2,236.1,-1.4
8.0,1250.669756,233.35,-0.13,-67.02,7.96,1.0,6.0,1,6345,9.6,284.5,-2.8
8.0,1250.679752,232.38,-0.07,-64.62,8.04,-2.93,7.0,1,6223,8.7,191.2,5.3
8.0,1250.689756,232.38,-0.07,-64.04,8.03,-6.13,6.75,1,6091,0.4,151.3,-8.4
8.0,1250.699753,232.82,0.06,-63.94,7.83,-7.82,5.75,1,5960,2.3,50.7,5.7
8.0,1250.709755,234.49,-0.17,-65.04,8.07,-7.57,4.0,1,5826,-2.5,-9.2,-3.7
8.0,1250.719753,236.87,-0.1,-66.76,7.91,-5.45,1.5,1,5705,-3.2,-112.6,2.7
8.0,1250.729753,239.15,-0.36,-69.73,8.11,-1.98,-0.5,1,6596,-6.4,-193.3,0.5
8.0,1250.739752,240.47,-0.56,-73.05,8.21,1.98,-1.5,1,6465,-7.0,-251.5,2.9
8.0,1250.749755,240.29,-0.61,-75.93,8.22,5.45,-1.25,1,6340,-4.2,-230.0,-4.6
8.0,1250.759753,239.33,-0.45,-76.23,8.05,7.57,-0.25,1,6228,-1.9,-50.7,3.6
8.0,1250.769755,237.48,-0.68,-73.95,8.35,7.82,1.75,1,6086,2.5,48.8,1.9
8.0,1250.779752,235.99,-0.43,-71.54,8.17,6.13,3.5,1,5964,3.5,141.0,-1.0
8.0,1250.789753,235.2,-0.21,-68.54,7.99,2.93,4.25,1,5831,5.2,207.6,-1.0
8.0,1250.799754,235.2,-0.23,-66.63,8.12,-1.0,3.75,1,5701,7.8,124.9,5.9
8.0,1250.809752,235.9,-0.31,-67.06,8.2,-4.68,2.75,1,6591,-3.2,40.2,-3.8
8.0,1250.819753,237.57,-0.2,-68.04,7.96,-7.2,0.75,1,6470,-0.3,-13.7,0.6
8.0,1250.829755,239.94,-0.35,-69.79,8.11,-7.94,-1.75,1,6345,-3.7,-120.9,0.5
8.0,1250.839752,242.14,-0.57,-72.9,8.25,-6.72,-3.75,1,6223,-5.6,-204.3,2.3
8.0,1250.849756,243.81,-0.93,-76.29,8.53,-3.83,-5.0,1,6091,-7.8,-255.1,1.4
8.0,1250.859754,243.9,-1.05,-79.0,8.56,0.0,-5.0,1,5962,-6.5,-220.1,-2.9
8.0,1250.869755,243.28,-1.07,-79.67,8.56,3.83,-4.25,1,5826,-2.4,-101.8,3.4
8.0,1250.879753,241.79,-1.3,-78.34,8.86,6.72,-2.75,1,5705,1.6,14.4,2.4
8.0,1250.889753,239.5,-0.93,-76.06,8.55,7.94,-0.25,1,6596,3.2,111.6,-1.0
8.0,1250.899752,236.69,-0.54,-73.26,8.23,7.2,2.5,1,6465,6.3,182.8,-1.2
8.0,1250.909756,234.58,-0.31,-70.05,8.08,4.68,5.0,1,6342,5.5,250.5,-2.0
8.0,1250.919753,233.17,-0.1,-66.47,7.95,1.0,6.25,1,6229,9.1,289.9,-2.1
8.0,1250.929755,232.82,-0.06,-64.0,8.05,-2.93,6.5,1,6086,10.3,207.6,5.0
8.0,1250.939753,233.0,-0.13,-63.92,8.09,-6.13,5.75,1,5965,-3.5,90.9,-5.2
8.0,1250.949756,234.49,-0.06,-65.05,7.88,-7.82,4.0,1,5832,0.4,3.1,1.6
8.0,1250.959753,236.69,-0.2,-66.64,8.03,-7.57,1.75,1,5701,-3.1,-71.0,-0.6
8.0,1250.969753,238.97,-0.28,-69.14,8.04,-5.45,-0.25,1,6589,-3.8,-176.0,1.8
8.0,1250.979753,240.21,-0.54,-72.64,8.23,-1.98,-1.25,1,6470,-8.0,-244.4,1.7
8.0,1250.989755,240.29,-0.56,-75.62,8.16,1.98,-1.25,1,6345,-4.3,-229.8,-4.6
8.0,1250.999752,239.33,-0.46,-76.05,8.07,5.45,-0.25,1,6224,-1.9,-57.6,4.4
8.0,1251.009756,237.74,-0.72,-73.96,8.38,7.57,1.5,1,6091,2.0,37.3,1.4
8.0,1251.019752,235.28,-0.43,-71.77,8.16,7.82,3.75,1,5960,3.3,124.0,-1.0
8.0,1251.029755,233.44,-0.21,-68.87,8.0,6.13,6.0,1,5826,4.7,203.0,-1.4
8.0,1251.039753,231.94,-0.06,-65.68,7.93,2.93,7.25,1,5706,7.5,240.1,-1.0
8.0,1251.049752,231.24,-0.05,-63.58,8.03,-1.0,8.25,1,6596,7.2,172.9,4.1
8.0,1251.059752,231.24,-0.01,-62.97,7.98,-4.68,7.75,1,6465,1.1,128.4,-6.7
8.0,1251.069756,232.12,0.08,-63.05,7.85,-7.2,6.75,1,6351,2.6,37.0,5.4
8.0,1251.079752,233.79,-0.1,-64.09,8.03,-7.94,4.75,1,6228,-2.8,-12.9,-3.8
8.0,1251.089755,236.25,-0.05,-66.0,7.88,-6.72,2.25,1,6086,-3.9,-141.2,2.7
8.0,1251.099753,238.8,-0.33,-69.3,8.1,-3.83,-0.25,1,5965,-6.7,-201.8,1.1
8.0,1251.109759,240.12,-0.54,-72.55,8.21,-0.0,-1.25,1,5835,-7.3,-264.5,3.1
8.0,1251.119755,240.21,-0.61,-75.65,8.21,3.83,-1.25,1,5704,-6.1,-246.9,-4.7
8.0,1251.129753,239.33,-0.46,-76.19,8.07,6.72,-0.25,1,6590,-0.5,-71.3,4.0
8.0,1251.139753,237.74,-0.71,-74.1,8.39,7.94,1.5,1,6471,1.2,32.7,2.2
8.0,1251.149755,235.46,-0.47,-71.86,8.2,7.2,3.75,1,6354,3.3,120.2,-1.2
8.0,1251.159753,233.61,-0.21,-69.0,8.0,4.68,5.75,1,6225,4.7,198.5,-1.3
8.0,1251.169756,232.65,-0.08,-65.89,7.94,1.0,6.75,1,6091,6.8,233.1,-0.9
8.0,1251.179752,232.56,-0.08,-63.94,8.05,-2.93,6.5,1,5960,8.4,159.9,4.9
8.0,1251.189756,233.17,-0.12,-64.11,8.09,-6.13,5.5,1,5828,-2.9,56.2,-4.3
8.0,1251.199753,234.93,-0.06,-65.25,7.89,-7.82,3.5,1,5706,0.1,-9.7,1.2
8.0,1251.209752,237.3,-0.19,-67.15,8.02,-7.57,1.25,1,6596,-4.9,-123.8,-0.4
8.0,1251.219753,239.68,-0.34,-70.22,8.08,-5.45,-1.25,1,6468,-3.9,-193.0,2.9
8.0,1251.229756,241.08,-0.64,-73.55,8.32,-1.98,-2.25,1,6360,-8.3,-263.6,1.8
8.0,1251.239752,241.61,-0.69,-76.63,8.28,1.98,-2.5,1,6231,-5.0,-237.6,-3.5
8.0,1251.249755,241.61,-0.63,-77.23,8.21,5.45,-2.5,1,6095,-2.4,-86.2,3.7
8.0,1251.259753,240.73,-1.02,-75.99,8.65,7.57,-1.5,1,5965,-0.4,-27.0,5.0
8.0,1251.269755,239.15,-0.81,-75.04,8.46,7.82,0.25,1,5832,0.9,36.0,-4.3
8.0,1251.279752,237.13,-0.44,-73.2,8.12,6.13,2.25,1,5710,2.7,120.3,2.3
8.0,1251.289753,236.07,-0.41,-70.42,8.17,2.93,3.25,1,6590,6.8,194.6,-2.6
8.0,1251.299752,235.63,-0.2,-67.85,8.05,-1.0,3.75,1,6473,5.0,182.0,2.0
8.0,1251.309755,235.72,-0.29,-67.08,8.17,-4.68,3.25,1,6354,4.1,89.5,1.0
8.0,1251.319753,236.87,-0.26,-67.9,8.11,-7.2,1.75,1,6225,-1.6,10.5,-1.4
8.0,1251.329755,238.8,-0.29,-68.9,8.06,-7.94,-0.5,1,6091,-1.7,-20.3,0.4
8.0,1251.339752,241.0,-0.43,-70.96,8.16,-6.72,-2.75,1,5963,-4.8,-175.8,0.7
8.0,1251.349756,242.84,-0.73,-74.74,8.37,-3.83,-4.25,1,5837,-5.8,-222.0,2.4
8.0,1251.359756,243.63,-0.97,-77.31,8.55,-0.0,-4.75,1,5710,-6.5,-211.1,-1.0
8.0,1251.369752,243.28,-0.99,-79.06,8.51,3.83,-4.25,1,6596,-5.4,-185.1,-0.2
8.0,1251.379753,241.96,-1.12,-78.94,8.66,6.72,-2.75,1,6467,0.9,-14.1,2.7
8.0,1251.389756,239.85,-0.99,-76.37,8.61,7.94,-0.75,1,6360,2.2,85.8,1.1
8.0,1251.399752,237.22,-0.64,-73.73,8.33,7.2,2.0,1,6231,6.3,163.9,-1.5
8.0,1251.409756,235.11,-0.33,-70.6,8.11,4.68,4.5,1,6097,5.2,235.6,-1.4
8.0,1251.419753,233.26,-0.13,-67.04,7.98,1.0,6.0,1,5966,9.6,284.3,-2.8
8.0,1251.429755,232.47,-0.07,-64.64,8.06,-2.93,7.0,1,5832,8.7,191.0,5.3
8.0,1251.439756,232.38,-0.07,-64.06,8.05,-6.13,6.75,1,5715,0.4,151.6,-8.4
8.0,1251.449753,232.73,0.05,-63.95,7.85,-7.82,5.75,1,6591,2.3,50.7,5.7
8.0,1251.459752,234.58,-0.17,-65.05,8.09,-7.57,4.0,1,6474,-2.5,-9.3,-3.7
8.0,1251.469756,236.95,-0.11,-66.76,7.93,-5.45,1.5,1,6356,-3.1,-111.4,2.6
8.0,1251.479753,239.15,-0.36,-69.71,8.13,-1.98,-0.5,1,6225,-6.3,-193.0,0.5
8.0,1251.489752,240.47,-0.56,-73.04,8.23,1.98,-1.5,1,6092,-6.9,-250.9,2.9
8.0,1251.499752,240.38,-0.62,-75.92,8.24,5.45,-1.25,1,5961,-4.3,-230.1,-4.6
8.0,1251.509756,239.33,-0.45,-76.23,8.07,7.57,-0.25,1,5838,-1.8,-51.7,3.5
8.0,1251.519752,237.48,-0.68,-73.96,8.36,7.82,1.75,1,5715,2.4,48.6,2.0
8.0,1251.529752,235.99,-0.44,-71.55,8.19,6.13,3.5,1,6596,3.5,140.7,-1.0
8.0,1251.539753,235.11,-0.2,-68.56,8.01,2.93,4.25,1,6471,5.2,207.4,-1.0
8.0,1251.549755,235.2,-0.22,-66.64,8.13,-1.0,3.75,1,6360,7.8,125.3,5.8
8.0,1251.559752,235.72,-0.31,-67.04,8.22,-4.68,2.75,1,6232,-3.2,41.3,-3.8
8.0,1251.569756,237.57,-0.2,-68.02,7.98,-7.2,0.75,1,6097,-0.3,-13.9,0.6
8.0,1251.579752,239.94,-0.34,-69.78,8.12,-7.94,-1.75,1,5966,-3.7,-120.7,0.4
8.0,1251.589752,242.14,-0.56,-72.89,8.26,-6.72,-3.75,1,5830,-5.6,-204.1,2.4
8.0,1251.599753,243.81,-0.93,-76.27,8.54,-3.83,-5.0,1,5729,-7.8,-254.7,1.5
8.0,1251.609756,244.07,-1.05,-78.98,8.57,-0.0,-5.0,1,6603,-6.5,-219.5,-2.9
8.0,1251.619752,243.28,-1.06,-79.65,8.57,3.83,-4.25,1,6474,-2.3,-102.9,3.4
8.0,1251.629756,241.7,-1.29,-78.34,8.86,6.72,-2.75,1,6357,1.6,14.8,2.4
8.0,1251.639753,239.5,-0.93,-76.05,8.56,7.94,-0.25,1,6226,3.1,111.6,-0.9
8.0,1251.649755,236.69,-0.54,-73.25,8.24,7.2,2.5,1,6092,6.4,182.9,-1.2
8.0,1251.659753,234.49,-0.3,-70.04,8.09,4.68,5.0,1,5962,5.5,250.2,-2.0
8.0,1251.669753,233.0,-0.1,-66.46,7.96,1.0,6.25,1,5826,9.1,290.2,-2.2
8.0,1251.679752,232.82,-0.05,-63.98,8.07,-2.93,6.5,1,5733,10.4,208.2,4.9
8.0,1251.689753,233.0,-0.12,-63.89,8.11,-6.13,5.75,1,6597,-3.5,91.1,-5.2
8.0,1251.699753,234.49,-0.06,-65.03,7.9,-7.82,4.25,1,6468,0.4,3.3,1.6
8.0,1251.709755,236.69,-0.19,-66.62,8.05,-7.57,1.75,1,6360,-3.1,-71.1,-0.5
8.0,1251.719753,239.06,-0.27,-69.11,8.06,-5.45,-0.25,1,6225,-3.8,-174.9,1.7
8.0,1251.729756,240.21,-0.54,-72.61,8.24,-1.98,-1.25,1,6097,-8.0,-245.6,1.8
8.0,1251.739752,240.29,-0.56,-75.63,8.17,1.98,-1.25,1,5966,-4.6,-231.4,-4.8
8.0,1251.749752,239.33,-0.46,-76.07,8.09,5.45,-0.25,1,5830,-1.7,-57.9,4.6
8.0,1251.759753,237.57,-0.72,-73.96,8.41,7.57,1.5,1,5730,1.9,37.3,1.4
8.0,1251.769752,235.37,-0.43,-71.76,8.18,7.82,3.75,1,6599,3.3,124.2,-1.0
8.0,1251.779752,233.44,-0.21,-68.87,8.01,6.13,6.0,1,6475,4.7,202.7,-1.4
8.0,1251.789753,231.94,-0.06,-65.68,7.95,2.93,7.25,1,6354,7.4,240.1,-1.0
8.0,1251.799752,231.15,-0.05,-63.58,8.04,-1.0,8.25,1,6216,7.3,173.4,4.1
8.0,1251.809752,231.24,-0.0,-62.95,8.0,-4.68,7.75,1,6092,1.0,128.9,-6.8
8.0,1251.819753,232.03,0.08,-63.03,7.87,-7.2,6.75,1,5966,2.6,37.2,5.3
8.0,1251.829753,233.79,-0.1,-64.07,8.05,-7.94,4.75,1,5834,-2.7,-12.6,-3.7
8.0,1251.839752,236.34,-0.05,-65.98,7.9,-6.72,2.25,1,5724,-3.8,-141.0,2.8
8.0,1251.849753,238.71,-0.33,-69.28,8.11,-3.83,-0.0,1,6599,-6.8,-201.2,1.0
8.0,1251.859756,240.21,-0.53,-72.53,8.22,-0.0,-1.25,1,6472,-7.3,-264.9,3.1
8.0,1251.869755,240.29,-0.61,-75.63,8.23,3.83,-1.25,1,6360,-6.3,-246.9,-4.6
8.0,1251.879753,239.33,-0.47,-76.2,8.09,6.72,-0.25,1,6225,-0.5,-74.2,4.1
8.0,1251.889756,237.74,-0.71,-74.17,8.41,7.94,1.25,1,6098,1.3,29.9,2.0
8.0,1251.899752,235.55,-0.47,-71.96,8.22,7.2,3.75,1,5967,3.1,117.4,-1.0
8.0,1251.909753,233.79,-0.22,-69.11,8.02,4.68,5.75,1,5831,4.9,197.1,-1.5
8.0,1251.919753,232.73,-0.08,-66.0,7.96,1.0,6.5,1,5730,6.4,231.2,-0.9
8.0,1251.929752,232.82,-0.09,-64.07,8.08,-2.93,6.5,1,6599,8.6,159.4,5.1
8.0,1251.939753,233.44,-0.13,-64.24,8.11,-6.13,5.25,1,6476,-3.1,54.4,-4.5
8.0,1251.949753,235.02,-0.06,-65.41,7.91,-7.82,3.5,1,6357,0.1,-11.6,1.3
8.0,1251.959752,237.48,-0.2,-67.27,8.04,-7.57,1.0,1,6217,-4.8,-119.7,-0.5
8.0,1251.969756,239.77,-0.35,-70.34,8.1,-5.45,-1.25,1,6094,-4.1,-198.9,2.9
8.0,1251.979753,241.17,-0.65,-73.66,8.35,-1.98,-2.25,1,5964,-8.1,-253.0,1.8
8.0,1251.989752,241.79,-0.68,-76.53,8.29,1.98,-2.75,1,5835,-4.9,-232.8,-3.8
8.0,1251.999752,241.61,-0.62,-77.21,8.22,5.45,-2.5,1,5733,-2.6,-87.8,3.9
8.0,1252.009753,240.73,-1.04,-76.03,8.68,7.57,-1.75,1,6599,-0.2,-27.2,4.9
8.0,1252.019752,239.06,-0.8,-75.08,8.47,7.82,0.25,1,6476,0.7,33.9,-4.5
8.0,1252.029755,237.04,-0.44,-73.25,8.14,6.13,2.25,1,6361,3.0,122.1,2.6
8.0,1252.039753,235.9,-0.41,-70.42,8.2,2.93,3.25,1,6225,6.8,195.1,-2.7
8.0,1252.049755,235.55,-0.19,-67.85,8.06,-1.0,3.75,1,6097,4.8,183.7,1.9
8.0,1252.059752,235.63,-0.29,-67.06,8.19,-4.68,3.25,1,5967,4.4,90.4,1.1
8.0,1252.069753,236.87,-0.26,-67.88,8.13,-7.2,1.75,1,5831,-1.6,11.4,-1.5
8.0,1252.079752,238.8,-0.29,-68.86,8.08,-7.94,-0.25,1,5738,-1.6,-18.7,0.4
8.0,1252.089752,241.35,-0.43,-70.93,8.18,-6.72,-3.0,1,6600,-4.8,-176.5,0.8
10.0,1260.129739,241.88,-0.72,-74.07,8.59,-0.0,-2.75,1,6118,-5.9,-193.5,1.9
10.0,1260.139740,241.7,-0.77,-76.64,8.57,3.74,-2.75,1,7014,-5.1,-178.1,-5.1
10.0,1260.149740,240.64,-0.7,-77.19,8.48,6.06,-1.5,1,6887,-1.6,-69.8,4.6
10.0,1260.159740,238.89,-1.02,-75.61,8.88,6.06,0.25,1,6762,2.7,49.6,2.2
10.0,1260.169740,237.22,-0.61,-73.02,8.54,3.74,2.25,1,6640,4.0,139.3,-2.8
10.0,1260.179740,236.43,-0.29,-70.05,8.28,0.0,2.75,1,6505,5.7,207.9,-0.4
10.0,1260.189740,236.6,-0.35,-67.93,8.45,-3.74,2.5,1,6377,8.4,142.7,5.2
10.0,1260.199740,237.22,-0.41,-68.24,8.5,-6.06,1.25,1,6244,-3.6,34.5,-3.9
10.0,1260.209743,238.97,-0.33,-69.49,8.28,-6.06,-0.5,1,6125,-0.3,-17.2,1.1
10.0,1260.219740,240.73,-0.5,-71.16,8.46,-3.74,-2.25,1,7009,-3.9,-114.4,0.2
10.0,1260.229740,241.96,-0.72,-74.07,8.59,-0.0,-2.75,1,6883,-5.9,-193.8,1.9
10.0,1260.239740,241.79,-0.77,-76.64,8.57,3.74,-2.75,1,6755,-5.0,-178.3,-5.1
10.0,1260.249740,240.73,-0.69,-77.18,8.48,6.06,-1.5,1,6645,-1.6,-69.2,4.6
10.0,1260.259740,238.8,-1.01,-75.59,8.87,6.06,0.25,1,6501,2.7,49.5,2.2
10.0,1260.269740,237.22,-0.6,-73.02,8.54,3.74,2.25,1,6382,3.9,139.2,-2.8
10.0,1260.279740,236.43,-0.29,-70.04,8.28,0.0,2.75,1,6248,5.7,208.1,-0.4
10.0,1260.289743,236.51,-0.35,-67.93,8.45,-3.74,2.5,1,6121,8.5,142.5,5.2
10.0,1260.299740,237.13,-0.4,-68.24,8.5,-6.06,1.25,1,7006,-3.6,34.0,-4.0
10.0,1260.309740,238.97,-0.32,-69.5,8.28,-6.06,-0.5,1,6888,-0.3,-17.4,1.1
10.0,1260.319740,240.73,-0.5,-71.16,8.46,-3.74,-2.25,1,6762,-4.0,-114.2,0.2
10.0,1260.329740,241.88,-0.72,-74.06,8.59,0.0,-2.75,1,6641,-5.9,-193.8,1.9
10.0,1260.339740,241.79,-0.77,-76.64,8.57,3.74,-2.75,1,6508,-5.0,-178.3,-5.1
10.0,1260.349740,240.64,-0.69,-77.19,8.48,6.06,-1.5,1,6378,-1.6,-69.6,4.6
10.0,1260.359740,238.97,-1.01,-75.6,8.88,6.06,0.25,1,6241,2.7,49.5,2.2
10.0,1260.369739,237.22,-0.61,-73.02,8.54,3.74,2.25,1,6122,3.9,138.9,-2.8
10.0,1260.379740,236.6,-0.29,-70.05,8.28,-0.0,2.75,1,7010,5.7,208.4,-0.4
10.0,1260.389740,236.6,-0.35,-67.93,8.45,-3.74,2.5,1,6883,8.4,142.3,5.2
10.0,1260.399740,237.13,-0.4,-68.25,8.5,-6.06,1.25,1,6757,-3.6,34.0,-3.9
10.0,1260.409740,238.97,-0.32,-69.51,8.29,-6.06,-0.5,1,6647,-0.3,-17.1,1.1
10.0,1260.419740,240.73,-0.5,-71.16,8.46,-3.74,-2.25,1,6501,-4.0,-114.4,0.2
10.0,1260.429740,241.79,-0.72,-74.07,8.59,-0.0,-2.75,1,6382,-5.9,-193.6,1.9
10.0,1260.439740,241.79,-0.77,-76.65,8.57,3.74,-2.75,1,6249,-5.0,-178.4,-5.1
10.0,1260.449740,240.73,-0.69,-77.19,8.49,6.06,-1.5,1,6118,-1.6,-69.6,4.6
10.0,1260.459740,238.89,-1.01,-75.61,8.88,6.06,0.25,1,7015,2.7,49.7,2.2
10.0,1260.469740,237.22,-0.6,-73.02,8.54,3.74,2.25,1,6888,4.0,139.3,-2.8
10.0,1260.479740,236.43,-0.29,-70.05,8.29,0.0,2.75,1,6761,5.7,208.0,-0.4
10.0,1260.489740,236.6,-0.35,-67.93,8.46,-3.74,2.5,1,6642,8.4,142.5,5.2
10.0,1260.499740,237.13,-0.4,-68.25,8.5,-6.06,1.25,1,6509,-3.6,34.2,-3.9
10.0,1260.509740,238.89,-0.33,-69.5,8.29,-6.06,-0.5,1,6379,-0.3,-17.3,1.1
10.0,1260.519740,240.73,-0.5,-71.16,8.47,-3.74,-2.25,1,6250,-4.0,-113.8,0.2
10.0,1260.529739,241.79,-0.72,-74.06,8.6,-0.0,-2.75,1,6123,-5.8,-193.3,1.9
10.0,1260.539740,241.88,-0.77,-76.63,8.58,3.74,-2.75,1,7011,-5.1,-178.3,-5.1
10.0,1260.549740,240.73,-0.69,-77.18,8.49,6.06,-1.5,1,6884,-1.6,-69.8,4.6
10.0,1260.559740,238.71,-1.01,-75.6,8.88,6.06,0.25,1,6765,2.7,49.4,2.2
10.0,1260.569740,237.3,-0.6,-73.02,8.54,3.74,2.25,1,6646,4.0,139.1,-2.8
10.0,1260.579740,236.51,-0.29,-70.05,8.29,-0.0,2.75,1,6501,5.7,207.7,-0.4
10.0,1260.589740,236.6,-0.35,-67.94,8.46,-3.74,2.5,1,6382,8.5,142.6,5.2
10.0,1260.599740,237.22,-0.4,-68.25,8.51,-6.06,1.25,1,6250,-3.6,34.1,-3.9
10.0,1260.609741,238.97,-0.32,-69.5,8.29,-6.06,-0.5,1,6120,-0.3,-17.3,1.1
10.0,1260.619740,240.73,-0.5,-71.16,8.47,-3.74,-2.25,1,7015,-4.0,-114.3,0.2
10.0,1260.629740,241.79,-0.71,-74.07,8.6,0.0,-2.75,1,6888,-5.9,-193.6,1.9
10.0,1260.639740,241.79,-0.77,-76.65,8.58,3.74,-2.75,1,6772,-5.1,-178.8,-5.1
10.0,1260.649740,240.64,-0.69,-77.19,8.49,6.06,-1.5,1,6642,-1.7,-69.2,4.6
10.0,1260.659740,238.89,-1.01,-75.6,8.88,6.06,0.25,1,6506,2.7,49.6,2.2
10.0,1260.669740,237.22,-0.6,-73.03,8.55,3.74,2.25,1,6378,3.9,139.0,-2.8
10.0,1260.679740,236.6,-0.29,-70.05,8.29,0.0,2.75,1,6253,5.7,208.0,-0.4
10.0,1260.689741,236.6,-0.35,-67.94,8.46,-3.74,2.5,1,6125,8.5,142.5,5.2
10.0,1260.699740,237.22,-0.4,-68.25,8.51,-6.06,1.25,1,7012,-3.6,33.9,-3.9
10.0,1260.709740,238.97,-0.33,-69.51,8.29,-6.06,-0.5,1,6885,-0.3,-17.0,1.1
10.0,1260.719740,240.73,-0.5,-71.16,8.47,-3.74,-2.25,1,6774,-3.9,-113.8,0.2
10.0,1260.729740,241.88,-0.72,-74.06,8.6,-0.0,-2.75,1,6646,-5.8,-193.9,1.9
10.0,1260.739740,241.7,-0.77,-76.66,8.58,3.74,-2.75,1,6510,-5.1,-179.3,-5.1
10.0,1260.749740,240.56,-0.7,-77.2,8.5,6.06,-1.5,1,6383,-1.7,-68.7,4.6
10.0,1260.759740,238.8,-1.01,-75.6,8.89,6.06,0.25,1,6247,2.8,49.5,2.2
10.0,1260.769740,237.22,-0.6,-73.03,8.55,3.74,2.25,1,6128,3.9,138.8,-2.8
10.0,1260.779740,236.6,-0.29,-70.05,8.29,0.0,2.75,1,7016,5.8,208.3,-0.4
10.0,1260.789740,236.51,-0.34,-67.93,8.46,-3.74,2.5,1,6888,8.4,142.5,5.2
10.0,1260.799740,237.22,-0.4,-68.25,8.51,-6.06,1.25,1,6771,-3.6,33.9,-3.9
10.0,1260.809740,238.89,-0.32,-69.51,8.3,-6.06,-0.5,1,6643,-0.4,-17.3,1.0
10.0,1260.819740,240.64,-0.5,-71.16,8.47,-3.74,-2.25,1,6509,-3.9,-113.7,0.3
10.0,1260.829740,241.88,-0.72,-74.05,8.6,0.0,-2.75,1,6379,-5.8,-192.9,1.9
10.0,1260.839743,241.79,-0.76,-76.63,8.58,3.74,-2.75,1,6254,-5.1,-178.4,-5.1
10.0,1260.849741,240.64,-0.69,-77.19,8.5,6.06,-1.5,1,6134,-1.6,-70.5,4.6
10.0,1260.859740,238.89,-1.01,-75.62,8.89,6.06,0.25,1,7012,2.7,49.5,2.2
10.0,1260.869740,237.3,-0.6,-73.03,8.55,3.74,2.25,1,6884,4.0,139.0,-2.8
10.0,1260.879740,236.51,-0.29,-70.06,8.29,-0.0,2.75,1,6774,5.7,207.8,-0.4
10.0,1260.889740,236.6,-0.35,-67.94,8.46,-3.74,2.5,1,6647,8.5,142.8,5.2
10.0,1260.899740,237.22,-0.4,-68.25,8.51,-6.06,1.25,1,6512,-3.6,34.3,-3.9
10.0,1260.909740,238.97,-0.32,-69.51,8.3,-6.06,-0.5,1,6384,-0.3,-17.2,1.1
10.0,1260.919740,240.73,-0.5,-71.16,8.48,-3.74,-2.25,1,6250,-3.9,-113.9,0.2
10.0,1260.929740,241.88,-0.72,-74.06,8.61,-0.0,-2.75,1,6129,-5.8,-193.2,1.9
10.0,1260.939740,241.7,-0.77,-76.64,8.59,3.74,-2.75,1,7016,-5.1,-179.1,-5.1
10.0,1260.949740,240.56,-0.69,-77.19,8.5,6.06,-1.5,1,6889,-1.7,-69.1,4.6
10.0,1260.959740,238.89,-1.01,-75.6,8.89,6.06,0.25,1,6770,2.8,49.4,2.2
10.0,1260.969740,237.22,-0.6,-73.03,8.55,3.74,2.25,1,6642,3.9,139.0,-2.8
10.0,1260.979740,236.51,-0.29,-70.05,8.3,0.0,2.75,1,6510,5.7,207.6,-0.4
10.0,1260.989740,236.6,-0.34,-67.94,8.47,-3.74,2.5,1,6379,8.5,142.8,5.2
10.0,1260.999743,237.13,-0.4,-68.25,8.52,-6.06,1.25,1,6256,-3.6,34.2,-3.9
10.0,1261.009741,238.89,-0.32,-69.51,8.3,-6.06,-0.5,1,6135,-0.4,-17.4,1.1
10.0,1261.019740,240.73,-0.5,-71.16,8.48,-3.74,-2.25,1,7012,-3.9,-113.7,0.2
10.0,1261.029740,241.88,-0.71,-74.05,8.61,-0.0,-2.75,1,6885,-5.8,-192.8,1.9
10.0,1261.039740,241.79,-0.76,-76.63,8.59,3.74,-2.75,1,6775,-5.1,-178.6,-5.1
10.0,1261.049740,240.64,-0.69,-77.19,8.5,6.06,-1.5,1,6647,-1.6,-70.3,4.5
10.0,1261.059740,238.89,-1.01,-75.62,8.89,6.06,0.25,1,6513,2.6,49.2,2.2
10.0,1261.069740,237.22,-0.6,-73.03,8.56,3.74,2.25,1,6384,4.0,138.8,-2.8
10.0,1261.079739,236.51,-0.29,-70.06,8.3,-0.0,2.75,1,6248,5.7,208.1,-0.5
10.0,1261.089740,236.69,-0.34,-67.94,8.47,-3.74,2.5,1,6146,8.5,142.9,5.3
10.0,1261.099740,237.13,-0.4,-68.24,8.52,-6.06,1.25,1,7017,-3.6,34.3,-3.9
10.0,1261.109740,238.97,-0.32,-69.5,8.3,-6.06,-0.5,1,6891,-0.4,-17.2,1.1
10.0,1261.119740,240.73,-0.5,-71.15,8.48,-3.74,-2.25,1,6771,-4.0,-113.2,0.2
10.0,1261.129740,241.79,-0.72,-74.04,8.61,0.0,-2.75,1,6643,-5.8,-193.4,1.9
10.0,1261.139740,241.79,-0.77,-76.64,8.59,3.74,-2.75,1,6510,-5.1,-179.3,-5.1
10.0,1261.149740,240.64,-0.69,-77.19,8.5,6.06,-1.5,1,6380,-1.6,-69.1,4.5
10.0,1261.159740,238.89,-1.01,-75.6,8.89,6.06,0.25,1,6252,2.7,49.0,2.3
10.0,1261.169740,237.13,-0.61,-73.03,8.56,3.74,2.25,1,6151,3.9,138.7,-2.7
10.0,1261.179740,236.51,-0.29,-70.06,8.3,0.0,2.75,1,7012,5.8,208.0,-0.4
10.0,1261.189740,236.51,-0.35,-67.93,8.47,-3.74,2.5,1,6885,8.5,142.8,5.2
10.0,1261.199740,237.22,-0.4,-68.24,8.52,-6.06,1.25,1,6778,-3.6,34.2,-3.9
10.0,1261.209740,238.97,-0.33,-69.51,8.31,-6.06,-0.5,1,6640,-0.3,-17.5,1.1
10.0,1261.219740,240.73,-0.5,-71.16,8.49,-3.74,-2.25,1,6512,-3.9,-113.4,0.3
10.0,1261.229740,241.88,-0.72,-74.05,8.62,-0.0,-2.75,1,6384,-5.7,-192.9,1.9
10.0,1261.239740,241.88,-0.77,-76.63,8.6,3.74,-2.75,1,6248,-5.1,-178.5,-5.1
10.0,1261.249740,240.64,-0.69,-77.19,8.51,6.06,-1.5,1,6147,-1.6,-70.9,4.5
10.0,1261.259740,238.89,-1.01,-75.62,8.9,6.06,0.25,1,7017,2.6,49.2,2.3
10.0,1261.269740,237.22,-0.61,-73.04,8.56,3.74,2.25,1,6890,4.0,138.7,-2.8
10.0,1261.279740,236.51,-0.29,-70.07,8.31,0.0,2.75,1,6771,5.7,207.6,-0.4
10.0,1261.289740,236.6,-0.35,-67.95,8.47,-3.74,2.5,1,6635,8.4,142.8,5.2
10.0,1261.299740,237.13,-0.4,-68.25,8.52,-6.06,1.25,1,6510,-3.6,34.4,-3.9
10.0,1261.309740,238.8,-0.33,-69.51,8.31,-6.06,-0.5,1,6381,-0.3,-17.1,1.1
10.0,1261.319739,240.73,-0.5,-71.16,8.49,-3.74,-2.25,1,6253,-4.0,-113.9,0.2
10.0,1261.329756,241.96,-0.72,-74.06,8.62,-0.0,-3.0,1,6160,-5.8,-193.3,1.9
10.0,1261.339752,241.7,-0.77,-76.65,8.6,3.74,-2.75,1,7026,-5.1,-178.8,-5.1
10.0,1261.349753,240.64,-0.69,-77.21,8.5,6.06,-1.5,1,6910,-1.7,-70.4,4.5
10.0,1261.359755,238.8,-1.01,-75.63,8.9,6.06,0.25,1,6791,2.7,49.5,2.3
10.0,1261.369753,237.22,-0.61,-73.04,8.57,3.74,2.25,1,6657,4.0,138.8,-2.7
10.0,1261.379760,236.43,-0.29,-70.07,8.31,0.0,2.75,1,6533,5.8,207.8,-0.5
10.0,1261.389752,236.6,-0.34,-67.95,8.47,-3.74,2.5,1,6398,8.4,143.0,5.3
10.0,1261.399753,237.22,-0.4,-68.25,8.53,-6.06,1.25,1,6262,-3.6,35.0,-3.9
10.0,1261.409752,238.97,-0.32,-69.5,8.31,-6.06,-0.5,1,6160,-0.3,-17.3,1.1
10.0,1261.419753,240.73,-0.5,-71.15,8.49,-3.74,-2.25,1,7032,-4.0,-113.0,0.2
10.0,1261.429756,241.79,-0.71,-74.04,8.62,-0.0,-2.75,1,6910,-5.8,-192.4,1.9
10.0,1261.439752,241.79,-0.77,-76.62,8.6,3.74,-2.75,1,6784,-5.1,-178.7,-5.1
10.0,1261.449753,240.64,-0.69,-77.19,8.51,6.06,-1.5,1,6649,-1.6,-70.6,4.5
10.0,1261.459752,238.89,-1.01,-75.62,8.9,6.06,0.25,1,6524,2.6,48.9,2.4
10.0,1261.469753,237.13,-0.61,-73.04,8.57,3.74,2.25,1,6398,4.0,138.5,-2.8
10.0,1261.479756,236.51,-0.29,-70.07,8.31,0.0,2.75,1,6270,5.7,207.8,-0.5
10.0,1261.489752,236.6,-0.34,-67.94,8.48,-3.74,2.5,1,6164,8.5,143.1,5.3
10.0,1261.499753,237.13,-0.4,-68.24,8.53,-6.06,1.25,1,7027,-3.6,34.6,-3.9
10.0,1261.509752,238.89,-0.32,-69.5,8.31,-6.06,-0.5,1,6911,-0.3,-17.4,1.1
10.0,1261.519753,240.73,-0.5,-71.15,8.49,-3.74,-2.25,1,6793,-4.0,-113.0,0.2
10.0,1261.529756,241.88,-0.71,-74.03,8.62,-0.0,-2.75,1,6660,-5.8,-192.7,1.9
10.0,1261.539755,241.7,-0.76,-76.62,8.6,3.74,-2.75,1,6528,-5.2,-178.8,-5.1
10.0,1261.549753,240.64,-0.69,-77.19,8.51,6.06,-1.5,1,6399,-1.6,-71.0,4.5
10.0,1261.559752,238.89,-1.01,-75.62,8.9,6.06,0.25,1,6262,2.6,48.7,2.4
10.0,1261.569753,237.22,-0.61,-73.05,8.57,3.74,2.25,1,6170,4.0,138.3,-2.8
10.0,1261.579756,236.51,-0.29,-70.07,8.31,0.0,2.75,1,7035,5.7,207.9,-0.5
10.0,1261.589752,236.51,-0.34,-67.94,8.48,-3.74,2.5,1,6903,8.4,143.1,5.2
10.0,1261.599753,237.13,-0.4,-68.25,8.53,-6.06,1.25,1,6789,-3.6,34.6,-3.9
10.0,1261.609752,238.89,-0.32,-69.5,8.32,-6.06,-0.5,1,6649,-0.3,-17.2,1.0
10.0,1261.619756,240.73,-0.5,-71.15,8.49,-3.74,-2.25,1,6525,-3.9,-112.9,0.2
10.0,1261.629756,241.88,-0.71,-74.04,8.62,-0.0,-2.75,1,6398,-5.8,-192.7,1.9
10.0,1261.639752,241.79,-0.76,-76.62,8.6,3.74,-2.75,1,6267,-5.1,-178.6,-5.1
10.0,1261.649753,240.73,-0.69,-77.19,8.51,6.06,-1.5,1,6166,-1.6,-71.2,4.5
10.0,1261.659752,238.89,-1.01,-75.63,8.9,6.06,0.25,1,7027,2.6,49.0,2.4
10.0,1261.669753,237.22,-0.61,-73.04,8.57,3.74,2.25,1,6910,4.0,138.6,-2.8
10.0,1261.679759,236.43,-0.28,-70.07,8.31,0.0,2.75,1,6797,5.7,207.6,-0.5
10.0,1261.689752,236.6,-0.34,-67.95,8.48,-3.74,2.5,1,6657,8.5,143.3,5.2
10.0,1261.699756,237.3,-0.4,-68.24,8.53,-6.06,1.25,1,6530,-3.6,34.9,-3.9
10.0,1261.709752,238.97,-0.32,-69.5,8.32,-6.06,-0.5,1,6398,-0.3,-17.2,1.1
10.0,1261.719753,240.73,-0.5,-71.15,8.49,-3.74,-2.25,1,6264,-3.9,-113.0,0.2
10.0,1261.729754,241.96,-0.71,-74.04,8.62,0.0,-2.75,1,6163,-5.7,-192.8,1.9
10.0,1261.739752,241.88,-0.77,-76.62,8.61,3.74,-2.75,1,7031,-5.2,-178.6,-5.1
10.0,1261.749753,240.73,-0.69,-77.19,8.51,6.06,-1.5,1,6908,-1.6,-71.1,4.4
10.0,1261.759755,238.89,-1.01,-75.63,8.91,6.06,0.25,1,6788,2.6,49.0,2.4
10.0,1261.769753,237.3,-0.61,-73.04,8.58,3.74,2.25,1,6659,4.0,138.6,-2.7
10.0,1261.779759,236.43,-0.29,-70.07,8.32,0.0,2.75,1,6529,5.7,207.7,-0.5
10.0,1261.789752,236.6,-0.34,-67.94,8.48,-3.74,2.5,1,6406,8.5,143.4,5.3
10.0,1261.799753,237.13,-0.4,-68.24,8.54,-6.06,1.25,1,6268,-3.6,34.6,-3.9
10.0,1261.809752,238.89,-0.32,-69.5,8.32,-6.06,-0.5,1,6166,-0.3,-17.3,1.1
10.0,1261.819753,240.73,-0.5,-71.14,8.5,-3.74,-2.25,1,7031,-3.9,-112.3,0.2
10.0,1261.829756,241.79,-0.71,-74.02,8.62,-0.0,-2.75,1,6913,-5.7,-192.5,1.9
10.0,1261.839755,241.79,-0.76,-76.61,8.61,3.74,-2.75,1,6793,-5.2,-179.0,-5.1
10.0,1261.849753,240.64,-0.69,-77.18,8.51,6.06,-1.5,1,6658,-1.5,-70.7,4.4
10.0,1261.859755,238.8,-1.0,-75.61,8.9,6.06,0.25,1,6530,2.5,48.6,2.4
10.0,1261.869753,237.13,-0.61,-73.04,8.58,3.74,2.25,1,6400,4.0,138.3,-2.8
10.0,1261.879756,236.51,-0.29,-70.06,8.32,0.0,2.75,1,6267,5.7,207.8,-0.5
10.0,1261.889752,236.51,-0.34,-67.94,8.49,-3.74,2.5,1,6170,8.5,143.2,5.3
10.0,1261.899753,237.22,-0.4,-68.24,8.54,-6.06,1.25,1,7033,-3.6,34.3,-3.9
10.0,1261.909752,238.8,-0.32,-69.5,8.32,-6.06,-0.5,1,6908,-0.3,-17.2,1.1
10.0,1261.919756,240.73,-0.5,-71.14,8.5,-3.74,-2.25,1,6790,-3.9,-112.2,0.2
10.0,1261.929756,241.79,-0.71,-74.01,8.63,-0.0,-2.75,1,6662,-5.8,-192.4,1.8
10.0,1261.939755,241.7,-0.76,-76.61,8.6,3.74,-2.75,1,6525,-5.1,-179.1,-5.1
10.0,1261.949753,240.56,-0.68,-77.18,8.52,6.06,-1.5,1,6408,-1.5,-70.9,4.5
10.0,1261.959752,238.89,-1.0,-75.62,8.91,6.06,0.25,1,6267,2.6,48.3,2.3
10.0,1261.969753,237.3,-0.6,-73.04,8.58,3.74,2.25,1,6167,4.0,138.2,-2.8
10.0,1261.979759,236.51,-0.28,-70.07,8.32,0.0,2.75,1,7034,5.7,207.7,-0.4
10.0,1261.989752,236.6,-0.34,-67.94,8.49,-3.74,2.5,1,6912,8.4,143.3,5.2
10.0,1261.999756,237.13,-0.4,-68.24,8.54,-6.06,1.25,1,6795,-3.6,34.3,-3.9
10.0,1262.009752,238.89,-0.32,-69.51,8.33,-6.06,-0.5,1,6657,-0.3,-17.1,1.0
10.0,1262.019756,240.73,-0.49,-71.14,8.5,-3.74,-2.25,1,6531,-3.9,-112.2,0.3
10.0,1262.029756,241.88,-0.71,-74.02,8.63,-0.0,-2.75,1,6407,-5.7,-192.4,1.9
10.0,1262.039752,241.79,-0.76,-76.61,8.61,3.74,-2.75,1,6263,-5.2,-179.3,-5.1
10.0,1262.049753,240.64,-0.69,-77.19,8.52,6.06,-1.5,1,6172,-1.6,-70.6,4.5
10.0,1262.059752,238.8,-1.0,-75.62,8.91,6.06,0.25,1,7032,2.6,48.5,2.3
10.0,1262.069753,237.3,-0.61,-73.04,8.58,3.74,2.25,1,6909,4.0,138.5,-2.8
10.0,1262.079760,236.51,-0.29,-70.07,8.32,0.0,2.75,1,6795,5.7,207.6,-0.5
10.0,1262.089752,236.51,-0.34,-67.94,8.49,-3.74,2.5,1,6659,8.5,143.5,5.2
10.0,1262.099756,237.13,-0.4,-68.24,8.54,-6.06,1.25,1,6527,-3.6,34.5,-3.9
10.0,1262.109752,238.97,-0.32,-69.5,8.33,-6.06,-0.5,1,6407,-0.3,-17.2,1.0
10.0,1262.119753,240.73,-0.49,-71.13,8.5,-3.74,-2.25,1,6269,-4.0,-111.5,0.2
10.0,1262.129756,241.88,-0.71,-74.0,8.63,-0.0,-2.75,1,6171,-5.7,-192.2,1.9
10.0,1262.139752,241.7,-0.76,-76.59,8.61,3.74,-2.75,1,7028,-5.2,-179.0,-5.1
10.0,1262.149753,240.64,-0.68,-77.17,8.52,6.06,-1.5,1,6911,-1.5,-70.6,4.4
10.0,1262.159755,238.89,-1.0,-75.6,8.91,6.06,0.25,1,6794,2.6,48.0,2.4
10.0,1262.169753,237.22,-0.6,-73.04,8.58,3.74,2.25,1,6659,4.0,138.2,-2.8
10.0,1262.179760,236.51,-0.28,-70.06,8.32,0.0,2.75,1,6535,5.7,207.3,-0.4
10.0,1262.189752,236.6,-0.34,-67.93,8.5,-3.74,2.5,1,6400,8.5,143.6,5.3
10.0,1262.199753,237.13,-0.4,-68.23,8.55,-6.06,1.25,1,6264,-3.6,34.4,-3.9
10.0,1262.209752,238.97,-0.32,-69.49,8.33,-6.06,-0.5,1,6171,-0.3,-17.3,1.1
10.0,1262.219753,240.73,-0.49,-71.12,8.51,-3.74,-2.25,1,7034,-3.9,-111.3,0.2
10.0,1262.229756,241.88,-0.71,-73.99,8.63,-0.0,-2.75,1,6910,-5.8,-192.4,1.8
10.0,1262.239755,241.79,-0.76,-76.58,8.61,3.74,-2.75,1,6798,-5.2,-178.3,-5.0
10.0,1262.249753,240.64,-0.68,-77.16,8.52,6.06,-1.5,1,6660,-1.4,-71.6,4.4
10.0,1262.259755,238.89,-1.0,-75.61,8.91,6.06,0.25,1,6526,2.4,47.8,2.5
10.0,1262.269753,237.22,-0.61,-73.04,8.59,3.74,2.25,1,6406,4.0,137.9,-2.8
10.0,1262.279755,236.43,-0.28,-70.07,8.33,-0.0,2.75,1,6270,5.7,207.5,-0.4
10.0,1262.289753,236.6,-0.34,-67.94,8.5,-3.74,2.5,1,6167,8.5,143.5,5.3
10.0,1262.299753,237.22,-0.4,-68.23,8.55,-6.06,1.25,1,7029,-3.6,34.4,-3.9
10.0,1262.309752,238.89,-0.32,-69.5,8.33,-6.06,-0.5,1,6910,-0.3,-17.3,1.0
10.0,1262.319756,240.64,-0.5,-71.13,8.51,-3.74,-2.25,1,6795,-3.9,-111.9,0.2
10.0,1262.329756,241.88,-0.71,-74.0,8.64,-0.0,-2.75,1,6662,-5.7,-192.6,1.9
10.0,1262.339755,241.79,-0.76,-76.6,8.62,3.74,-2.75,1,6531,-5.2,-178.6,-5.1
10.0,1262.349753,240.64,-0.68,-77.17,8.52,6.06,-1.5,1,6401,-1.5,-71.6,4.4
10.0,1262.359752,238.89,-1.0,-75.62,8.92,6.06,0.25,1,6264,2.5,48.0,2.4
10.0,1262.369753,237.22,-0.61,-73.05,8.6,3.74,2.25,1,7162,4.0,138.0,-2.8
10.0,1262.379756,236.6,-0.29,-70.07,8.33,0.0,2.75,1,7040,5.7,207.7,-0.5
10.0,1262.389752,236.51,-0.34,-67.94,8.5,-3.74,2.5,1,6906,8.5,143.6,5.2
10.0,1262.399756,237.13,-0.4,-68.24,8.55,-6.06,1.25,1,6800,-3.6,34.6,-3.9
10.0,1262.409752,238.97,-0.32,-69.5,8.34,-6.06,-0.5,1,6660,-0.3,-17.2,1.1
10.0,1262.419756,240.73,-0.5,-71.13,8.51,-3.74,-2.25,1,6536,-4.0,-111.7,0.2
10.0,1262.429756,241.88,-0.71,-74.0,8.64,-0.0,-2.75,1,6400,-5.7,-192.4,1.9
10.0,1262.439752,241.79,-0.76,-76.6,8.62,3.74,-2.75,1,6269,-5.2,-179.0,-5.1
10.0,1262.449753,240.64,-0.69,-77.18,8.53,6.06,-1.5,1,7158,-1.5,-71.3,4.4
10.0,1262.459752,238.89,-1.0,-75.62,8.92,6.06,0.25,1,7032,2.6,48.2,2.4
10.0,1262.469753,237.22,-0.61,-73.05,8.6,3.74,2.25,1,6911,4.0,138.1,-2.8
10.0,1262.479759,236.51,-0.28,-70.07,8.33,0.0,2.75,1,6799,5.7,207.2,-0.5
10.0,1262.489752,236.51,-0.34,-67.95,8.5,-3.74,2.5,1,6659,8.4,143.6,5.2
10.0,1262.499756,237.22,-0.4,-68.24,8.55,-6.06,1.25,1,6532,-3.6,34.7,-3.9
10.0,1262.509752,238.89,-0.32,-69.5,8.34,-6.06,-0.5,1,6392,-0.3,-17.2,1.1
10.0,1262.519753,240.64,-0.5,-71.13,8.52,-3.74,-2.25,1,6267,-3.9,-111.8,0.2
10.0,1262.529754,241.88,-0.71,-74.0,8.65,0.0,-2.75,1,7163,-5.7,-192.3,1.9
10.0,1262.539752,241.7,-0.77,-76.6,8.63,3.74,-2.75,1,7033,-5.2,-179.4,-5.1
10.0,1262.549753,240.73,-0.69,-77.18,8.53,6.06,-1.5,1,6907,-1.5,-70.9,4.4
10.0,1262.559755,238.89,-1.0,-75.62,8.93,6.06,0.25,1,6799,2.6,48.2,2.4
10.0,1262.569753,237.3,-0.61,-73.05,8.6,3.74,2.25,1,6661,4.0,138.2,-2.7
10.0,1262.579760,236.51,-0.29,-70.07,8.34,0.0,2.75,1,6540,5.7,207.3,-0.5
10.0,1262.589752,236.51,-0.35,-67.95,8.51,-3.74,2.5,1,6397,8.5,143.6,5.3
10.0,1262.599753,237.13,-0.41,-68.24,8.56,-6.06,1.25,1,6273,-3.6,34.7,-3.9
10.0,1262.609752,238.89,-0.33,-69.5,8.34,-6.06,-0.5,1,7157,-0.3,-17.2,1.1
10.0,1262.619753,240.73,-0.5,-71.13,8.52,-3.74,-2.25,1,7033,-3.9,-111.6,0.3
10.0,1262.629754,241.88,-0.72,-74.0,8.65,0.0,-2.75,1,6913,-5.7,-192.2,1.9
10.0,1262.639755,241.7,-0.77,-76.6,8.64,3.74,-2.75,1,6795,-5.2,-179.3,-5.0
10.0,1262.649753,240.64,-0.7,-77.18,8.55,6.06,-1.5,1,6657,-1.5,-71.1,4.4
10.0,1262.659755,238.89,-1.01,-75.62,8.94,6.06,0.25,1,6540,2.5,48.0,2.4
10.0,1262.669753,237.22,-0.62,-73.05,8.61,3.74,2.25,1,6396,4.0,137.8,-2.8
10.0,1262.679756,236.43,-0.29,-70.08,8.35,0.0,2.75,1,6269,5.7,207.5,-0.5
10.0,1262.689752,236.6,-0.35,-67.95,8.51,-3.74,2.5,1,7162,8.4,143.5,5.3
10.0,1262.699753,237.22,-0.41,-68.24,8.57,-6.06,1.25,1,7035,-3.6,34.8,-3.8
10.0,1262.709752,238.97,-0.33,-69.5,8.35,-6.06,-0.5,1,6907,-0.3,-17.1,1.0
10.0,1262.719756,240.82,-0.5,-71.13,8.53,-3.74,-2.25,1,6801,-3.9,-111.8,0.2
10.0,1262.729756,241.88,-0.72,-74.0,8.66,-0.0,-2.75,1,6664,-5.7,-192.2,1.9
10.0,1262.739755,241.79,-0.78,-76.6,8.64,3.74,-2.75,1,6536,-5.2,-179.0,-5.0
10.0,1262.749753,240.64,-0.7,-77.18,8.55,6.06,-1.5,1,6401,-1.5,-71.4,4.4
10.0,1262.759752,238.89,-1.01,-75.62,8.94,6.06,0.25,1,6270,2.5,47.8,2.4
10.0,1262.769753,237.22,-0.62,-73.05,8.62,3.74,2.25,1,7158,4.0,137.8,-2.8
10.0,1262.779758,236.43,-0.3,-70.08,8.35,-0.0,2.75,1,7035,5.7,207.4,-0.5
10.0,1262.789752,236.6,-0.35,-67.95,8.52,-3.74,2.5,1,6913,8.4,143.7,5.2
10.0,1262.799756,237.3,-0.41,-68.24,8.57,-6.06,1.25,1,6797,-3.5,34.8,-3.8
10.0,1262.809752,238.97,-0.33,-69.5,8.36,-6.06,-0.5,1,6656,-0.3,-16.9,1.0
10.0,1262.819756,240.73,-0.51,-71.14,8.53,-3.74,-2.25,1,6542,-3.9,-112.3,0.2
10.0,1262.829756,241.96,-0.72,-74.02,8.66,-0.0,-3.0,1,6397,-5.7,-192.6,1.9
10.0,1262.839752,241.79,-0.78,-76.62,8.65,3.74,-2.75,1,6275,-5.2,-179.4,-5.1
10.0,1262.849753,240.64,-0.7,-77.2,8.56,6.06,-1.5,1,7163,-1.6,-71.7,4.4
10.0,1262.859755,238.89,-1.02,-75.64,8.95,6.06,0.25,1,7037,2.6,48.5,2.4
10.0,1262.869753,237.3,-0.62,-73.06,8.62,3.74,2.25,1,6917,4.1,138.0,-2.8
10.0,1262.879760,236.51,-0.29,-70.09,8.35,0.0,2.75,1,6804,5.7,207.2,-0.5
10.0,1262.889752,236.6,-0.35,-67.96,8.52,-3.74,2.5,1,6661,8.5,143.7,5.3
10.0,1262.899756,237.22,-0.41,-68.24,8.58,-6.06,1.25,1,6538,-3.6,35.2,-3.9
10.0,1262.909752,239.06,-0.33,-69.5,8.36,-6.06,-0.5,1,6398,-0.3,-16.6,1.0
10.0,1262.919753,240.73,-0.5,-71.14,8.54,-3.74,-2.25,1,6274,-3.9,-112.6,0.3
10.0,1262.929756,241.88,-0.72,-74.03,8.67,-0.0,-3.0,1,7162,-5.7,-192.7,1.9
10.0,1262.939752,241.79,-0.78,-76.62,8.66,3.74,-2.75,1,7042,-5.2,-179.4,-5.1
10.0,1262.949753,240.64,-0.7,-77.21,8.56,6.06,-1.5,1,6913,-1.6,-71.8,4.4
10.0,1262.959755,238.8,-1.02,-75.64,8.95,6.06,0.25,1,6796,2.6,48.8,2.4
10.0,1262.969753,237.3,-0.63,-73.06,8.63,3.74,2.25,1,6658,4.1,138.2,-2.7
10.0,1262.979760,236.43,-0.3,-70.09,8.36,0.0,2.75,1,6545,5.7,207.5,-0.6
10.0,1262.989752,236.6,-0.35,-67.96,8.52,-3.74,2.5,1,6402,8.5,143.8,5.3
10.0,1262.999753,237.22,-0.41,-68.24,8.58,-6.06,1.25,1,6275,-3.6,35.5,-3.9
10.0,1263.009752,238.97,-0.33,-69.5,8.36,-6.06,-0.5,1,7162,-0.3,-16.9,1.1
10.0,1263.019756,240.64,-0.51,-71.14,8.54,-3.74,-2.25,1,7039,-3.9,-112.2,0.2
10.0,1263.029754,241.88,-0.72,-74.02,8.67,0.0,-3.0,1,6918,-5.8,-192.4,1.9
10.0,1263.039755,241.7,-0.78,-76.61,8.66,3.74,-2.75,1,6800,-5.2,-179.5,-5.0
10.0,1263.049753,240.73,-0.7,-77.2,8.56,6.06,-1.5,1,6662,-1.5,-71.5,4.3
10.0,1263.059755,238.89,-1.02,-75.64,8.95,6.06,0.25,1,6537,2.5,48.5,2.4
10.0,1263.069753,237.22,-0.63,-73.06,8.63,3.74,2.25,1,6399,4.0,137.9,-2.7
10.0,1263.079756,236.51,-0.3,-70.09,8.36,0.0,2.75,1,6277,5.7,207.7,-0.6
10.0,1263.089752,236.6,-0.35,-67.95,8.53,-3.74,2.5,1,7167,8.4,143.6,5.3
10.0,1263.099753,237.22,-0.42,-68.24,8.58,-6.06,1.25,1,7043,-3.6,35.3,-3.9
10.0,1263.109752,238.89,-0.33,-69.5,8.37,-6.06,-0.5,1,6913,-0.3,-17.0,1.0
10.0,1263.119756,240.73,-0.51,-71.14,8.54,-3.74,-2.25,1,6797,-3.9,-111.8,0.3
10.0,1263.129754,241.96,-0.72,-74.01,8.67,0.0,-2.75,1,6659,-5.7,-192.3,1.8
10.0,1263.139755,241.7,-0.78,-76.61,8.66,3.74,-2.75,1,6541,-5.2,-179.3,-5.0
10.0,1263.149753,240.56,-0.7,-77.2,8.57,6.06,-1.5,1,6404,-1.5,-71.8,4.4
10.0,1263.159752,238.8,-1.02,-75.64,8.95,6.06,0.25,1,6278,2.5,48.1,2.4
10.0,1263.169753,237.3,-0.62,-73.06,8.63,3.74,2.25,1,7164,4.0,137.9,-2.8
10.0,1263.179759,236.51,-0.3,-70.09,8.36,0.0,2.75,1,7042,5.7,207.5,-0.5
10.0,1263.189752,236.6,-0.35,-67.96,8.53,-3.74,2.5,1,6916,8.4,143.8,5.3
10.0,1263.199756,237.22,-0.41,-68.24,8.58,-6.06,1.25,1,6802,-3.6,35.2,-3.9
10.0,1263.209752,238.89,-0.33,-69.5,8.37,-6.06,-0.5,1,6662,-0.3,-16.9,1.0
10.0,1263.219756,240.73,-0.5,-71.14,8.54,-3.74,-2.25,1,6538,-3.9,-112.0,0.3
10.0,1263.229756,241.96,-0.72,-74.02,8.67,-0.0,-3.0,1,6403,-5.7,-192.5,1.9
10.0,1263.239752,241.7,-0.78,-76.62,8.66,3.74,-2.75,1,6271,-5.2,-180.0,-5.1
10.0,1263.249753,240.73,-0.7,-77.21,8.57,6.06,-1.5,1,7169,-1.6,-71.6,4.4
10.0,1263.259752,238.89,-1.02,-75.64,8.96,6.06,0.25,1,7043,2.6,48.5,2.4
10.0,1263.269753,237.22,-0.62,-73.06,8.63,3.74,2.25,1,6913,4.0,138.0,-2.7
10.0,1263.279758,236.43,-0.3,-70.1,8.37,-0.0,2.75,1,6799,5.7,207.2,-0.6
10.0,1263.289752,236.69,-0.35,-67.97,8.53,-3.74,2.5,1,6658,8.4,143.8,5.3
10.0,1263.299756,237.22,-0.41,-68.25,8.59,-6.06,1.25,1,6543,-3.6,35.3,-3.9
10.0,1263.309752,238.89,-0.33,-69.5,8.37,-6.06,-0.5,1,6403,-0.3,-16.6,1.0
10.0,1263.319753,240.64,-0.5,-71.14,8.54,-3.74,-2.25,1,6277,-3.9,-112.1,0.3
10.0,1263.329756,241.79,-0.72,-74.02,8.67,-0.0,-3.0,1,7168,-5.8,-192.4,1.9
10.0,1263.339755,241.79,-0.78,-76.62,8.66,3.74,-2.75,1,7039,-5.2,-179.5,-5.0
10.0,1263.349753,240.64,-0.7,-77.21,8.57,6.06,-1.5,1,6918,-1.6,-71.9,4.3
10.0,1263.359755,238.89,-1.01,-75.65,8.96,6.06,0.25,1,6801,2.5,48.6,2.4
10.0,1263.369753,237.22,-0.62,-73.06,8.64,3.74,2.25,1,6663,4.0,138.0,-2.7
10.0,1263.379760,236.43,-0.29,-70.1,8.37,0.0,2.75,1,6543,5.7,207.3,-0.6
10.0,1263.389752,236.6,-0.35,-67.97,8.53,-3.74,2.5,1,6399,8.4,143.8,5.3
10.0,1263.399753,237.13,-0.41,-68.25,8.59,-6.06,1.25,1,6272,-3.6,35.2,-3.9
10.0,1263.409752,238.97,-0.33,-69.5,8.37,-6.06,-0.5,1,7168,-0.3,-16.5,1.0
10.0,1263.419756,240.73,-0.5,-71.14,8.54,-3.74,-2.25,1,7044,-3.9,-112.2,0.3
10.0,1263.429756,241.79,-0.72,-74.02,8.68,-0.0,-3.0,1,6917,-5.8,-192.5,1.9
10.0,1263.439755,241.79,-0.78,-76.62,8.66,3.74,-2.75,1,6797,-5.2,-179.7,-5.0
10.0,1263.449753,240.73,-0.7,-77.21,8.57,6.06,-1.5,1,6668,-1.6,-71.7,4.3
10.0,1263.459755,238.89,-1.01,-75.65,8.95,6.06,0.25,1,6543,2.5,48.4,2.4
10.0,1263.469753,237.22,-0.62,-73.07,8.64,3.74,2.25,1,6404,4.1,137.8,-2.7
10.0,1263.479755,236.6,-0.29,-70.1,8.37,-0.0,2.75,1,6279,5.8,207.7,-0.6
10.0,1263.489752,236.6,-0.35,-67.96,8.53,-3.74,2.5,1,7164,8.4,143.7,5.3
10.0,1263.499756,237.22,-0.41,-68.25,8.59,-6.06,1.25,1,7040,-3.6,35.5,-3.9
10.0,1263.509752,238.97,-0.33,-69.5,8.37,-6.06,-0.5,1,6918,-0.3,-16.6,1.0
10.0,1263.519756,240.64,-0.5,-71.13,8.55,-3.74,-2.25,1,6803,-3.9,-111.7,0.3
10.0,1263.529754,241.79,-0.72,-74.01,8.68,0.0,-3.0,1,6665,-5.7,-192.2,1.9
10.0,1263.539755,241.79,-0.78,-76.61,8.66,3.74,-2.75,1,6538,-5.2,-179.5,-5.0
10.0,1263.549753,240.64,-0.7,-77.2,8.57,6.06,-1.5,1,6400,-1.5,-71.8,4.4
10.0,1263.559752,238.89,-1.02,-75.64,8.96,6.06,0.25,1,6280,2.5,48.1,2.4
10.0,1263.569753,237.13,-0.62,-73.07,8.64,3.74,2.25,1,7169,4.0,137.9,-2.8
10.0,1263.579760,236.51,-0.29,-70.09,8.37,0.0,2.75,1,7047,5.8,207.5,-0.6
10.0,1263.589752,236.6,-0.35,-67.96,8.54,-3.74,2.5,1,6913,8.5,144.0,5.3
10.0,1263.599756,237.04,-0.41,-68.24,8.59,-6.06,1.25,1,6799,-3.6,35.3,-3.8
10.0,1263.609752,238.89,-0.33,-69.5,8.38,-6.06,-0.5,1,6667,-0.3,-16.9,1.0
10.0,1263.619756,240.73,-0.5,-71.13,8.55,-3.74,-2.25,1,6544,-3.8,-111.0,0.3
10.0,1263.629754,241.79,-0.72,-73.99,8.68,0.0,-2.75,1,6406,-5.7,-192.1,1.9
10.0,1263.639752,241.79,-0.77,-76.6,8.66,3.74,-2.75,1,6276,-5.3,-179.8,-5.1
10.0,1263.649753,240.64,-0.69,-77.2,8.57,6.06,-1.5,1,7165,-1.5,-71.6,4.4
10.0,1263.659755,238.89,-1.01,-75.63,8.96,6.06,0.25,1,7039,2.6,48.0,2.4
10.0,1263.669753,237.22,-0.62,-73.06,8.64,3.74,2.25,1,6919,4.0,137.9,-2.7
10.0,1263.679759,236.51,-0.29,-70.09,8.37,0.0,2.75,1,6806,5.7,207.1,-0.6
10.0,1263.689752,236.69,-0.34,-67.96,8.54,-3.74,2.5,1,6663,8.5,144.1,5.2
10.0,1263.699756,237.13,-0.41,-68.24,8.59,-6.06,1.25,1,6540,-3.6,35.2,-3.9
10.0,1263.709752,238.97,-0.33,-69.49,8.37,-6.06,-0.5,1,6399,-0.3,-17.0,1.0
10.0,1263.719753,240.73,-0.5,-71.13,8.55,-3.74,-2.25,1,6273,-3.9,-111.0,0.3
10.0,1263.729756,241.88,-0.72,-73.99,8.68,-0.0,-2.75,1,7172,-5.7,-192.3,1.9
10.0,1263.739755,241.79,-0.77,-76.6,8.67,3.74,-2.75,1,7044,-5.2,-179.7,-5.0
10.0,1263.749753,240.64,-0.69,-77.2,8.57,6.06,-1.5,1,6924,-1.5,-72.0,4.3
10.0,1263.759755,238.89,-1.01,-75.64,8.96,6.06,0.25,1,6807,2.5,47.9,2.4
10.0,1263.769753,237.13,-0.62,-73.07,8.64,3.74,2.25,1,6669,4.0,137.5,-2.8
10.0,1263.779759,236.51,-0.29,-70.1,8.37,0.0,2.75,1,6547,5.7,207.0,-0.6
10.0,1263.789752,236.6,-0.34,-67.97,8.54,-3.74,2.5,1,6404,8.5,144.0,5.3
10.0,1263.799753,237.22,-0.41,-68.24,8.6,-6.06,1.25,1,6277,-3.6,35.1,-3.9
10.0,1263.809752,238.97,-0.33,-69.5,8.38,-6.06,-0.5,1,7164,-0.3,-16.7,1.0
10.0,1263.819756,240.73,-0.49,-71.14,8.55,-3.74,-2.25,1,7041,-3.8,-111.9,0.3
10.0,1263.829756,241.96,-0.71,-74.02,8.68,-0.0,-3.0,1,6931,-5.7,-192.4,1.8
10.0,1263.839755,241.7,-0.76,-76.62,8.66,3.74,-2.75,1,6803,-5.2,-179.5,-5.0
10.0,1263.849753,240.64,-0.69,-77.21,8.57,6.06,-1.5,1,6664,-1.6,-72.4,4.3
10.0,1263.859755,238.89,-1.0,-75.66,8.96,6.06,0.25,1,6539,2.5,48.4,2.4
10.0,1263.869753,237.13,-0.61,-73.07,8.64,3.74,2.25,1,6401,4.1,137.6,-2.7
10.0,1263.879756,236.6,-0.28,-70.11,8.37,0.0,2.75,1,6276,5.7,207.6,-0.6
10.0,1263.889752,236.6,-0.34,-67.97,8.54,-3.74,2.5,1,7169,8.4,143.8,5.4
10.0,1263.899756,237.13,-0.41,-68.25,8.6,-6.06,1.25,1,7045,-3.6,35.5,-3.9
10.0,1263.909752,238.97,-0.32,-69.5,8.38,-6.06,-0.5,1,6923,-0.3,-16.2,1.0
10.0,1263.919756,240.82,-0.49,-71.13,8.55,-3.74,-2.25,1,6808,-3.8,-111.5,0.3
10.0,1263.929756,241.96,-0.71,-74.01,8.68,-0.0,-3.0,1,6672,-5.7,-192.3,1.9
10.0,1263.939755,241.79,-0.76,-76.6,8.66,3.74,-2.75,1,6543,-5.2,-178.8,-5.0
10.0,1263.949753,240.64,-0.69,-77.2,8.57,6.06,-1.5,1,6406,-1.4,-73.0,4.3
10.0,1263.959752,238.71,-1.0,-75.66,8.96,6.06,0.25,1,6286,2.4,48.2,2.4
10.0,1263.969753,237.3,-0.61,-73.07,8.64,3.74,2.25,1,7166,4.1,137.7,-2.7
10.0,1263.979758,236.6,-0.28,-70.1,8.37,-0.0,2.75,1,7042,5.8,207.5,-0.6
10.0,1263.989752,236.51,-0.34,-67.96,8.54,-3.74,2.5,1,6927,8.4,144.1,5.3
10.0,1263.999756,237.13,-0.4,-68.24,8.6,-6.06,1.25,1,6804,-3.6,35.5,-3.8
10.0,1264.009752,238.89,-0.32,-69.49,8.38,-6.06,-0.5,1,6664,-0.3,-16.6,1.0
10.0,1264.019756,240.73,-0.49,-71.12,8.56,-3.74,-2.25,1,6540,-3.9,-110.8,0.3
10.0,1264.029754,241.88,-0.71,-73.99,8.68,0.0,-2.75,1,6402,-5.7,-192.2,1.9
10.0,1264.039752,241.7,-0.76,-76.59,8.67,3.74,-2.75,1,6282,-5.3,-179.3,-5.0
10.0,1264.049753,240.64,-0.69,-77.19,8.58,6.06,-1.5,1,7171,-1.5,-72.6,4.4
10.0,1264.059755,238.8,-1.01,-75.64,8.97,6.06,0.25,1,7045,2.4,47.8,2.5
10.0,1264.069753,237.22,-0.62,-73.07,8.65,3.74,2.25,1,6924,4.0,137.6,-2.8
10.0,1264.079759,236.51,-0.28,-70.1,8.38,0.0,2.75,1,6811,5.7,207.0,-0.6
10.0,1264.089752,236.6,-0.34,-67.96,8.54,-3.74,2.5,1,6669,8.4,144.2,5.3
10.0,1264.099756,237.22,-0.4,-68.24,8.6,-6.06,1.25,1,6545,-3.6,35.3,-3.9
10.0,1264.109752,238.97,-0.32,-69.49,8.38,-6.06,-0.5,1,6405,-0.3,-16.8,1.0
