freq_hz,t_s,enc_deg,roll,pitch,yaw,target_deg,inc_deg,valid,imu_age_us
0.5,2605.729750,162.69,1.51,3.46,-26.45,0.63,0.5,1,5364
0.5,2605.739753,162.33,1.61,4.08,-26.44,1.26,1.0,1,5228
0.5,2605.749750,162.25,1.62,4.31,-26.43,1.88,1.25,1,5097
0.5,2605.759751,161.89,1.6,4.33,-26.43,2.51,1.75,1,4961
0.5,2605.769750,160.84,1.59,4.25,-26.44,3.13,3.25,1,4843
0.5,2605.779750,159.52,1.65,4.67,-26.44,3.75,4.75,1,5731
0.5,2605.789750,158.12,1.74,6.4,-26.4,4.36,5.5,1,5603
0.5,2605.799750,157.76,1.7,8.59,-26.35,4.97,5.5,1,5493
0.5,2605.809750,157.68,1.66,9.74,-26.33,5.58,5.5,1,5366
0.5,2605.819752,157.59,1.7,9.49,-26.35,6.18,5.75,1,5222
0.5,2605.829750,157.32,1.81,8.27,-26.38,6.77,6.25,1,5105
0.5,2605.839750,156.27,1.79,8.67,-26.35,7.36,7.75,1,4965
0.5,2605.849750,154.69,1.74,9.04,-26.34,7.94,8.75,1,4847
0.5,2605.859750,154.34,1.87,10.81,-26.29,8.52,9.0,1,5730
0.5,2605.869750,154.25,1.81,13.28,-26.23,9.08,9.0,1,5608
0.5,2605.879750,154.07,1.76,12.92,-26.26,9.64,9.5,1,5489
0.5,2605.889750,153.72,1.95,11.91,-26.26,10.18,9.75,1,5364
0.5,2605.899753,153.37,1.93,12.39,-26.24,10.72,10.5,1,5229
0.5,2605.909750,152.23,1.8,12.55,-26.26,11.24,11.25,1,5098
0.5,2605.919751,151.08,1.92,13.31,-26.22,11.76,12.25,1,4962
0.5,2605.929750,150.64,1.99,15.13,-26.17,12.26,12.5,1,4843
0.5,2605.939750,150.73,1.93,16.35,-26.15,12.75,12.5,1,5732
0.5,2605.949750,150.73,1.99,16.15,-26.15,13.23,12.25,1,5604
0.5,2605.959753,150.64,1.98,15.29,-26.18,13.69,12.5,1,5488
0.5,2605.969751,150.21,2.01,15.05,-26.19,14.14,13.75,1,5357
0.5,2605.979754,148.8,1.99,15.24,-26.19,14.58,14.75,1,5224
0.5,2605.989751,148.27,2.03,16.43,-26.14,15.0,15.0,1,5094
0.5,2605.999751,148.01,1.99,18.56,-26.1,15.41,15.25,1,4966
0.5,2606.009751,147.83,2.02,19.05,-26.09,15.8,15.5,1,4847
0.5,2606.019751,147.74,2.17,18.3,-26.06,16.18,15.75,1,5729
0.5,2606.029751,146.95,2.07,18.31,-26.09,16.54,17.0,1,5599
0.5,2606.039750,145.46,2.08,18.47,-26.09,16.89,18.0,1,5489
0.5,2606.049751,145.11,2.15,19.9,-26.06,17.21,18.25,1,5365
0.5,2606.059753,145.28,2.13,22.16,-25.99,17.53,17.75,1,5229
0.5,2606.069751,145.46,2.15,21.94,-25.99,17.82,17.75,1,5099
0.5,2606.079751,145.72,2.21,20.48,-26.01,18.1,17.5,1,4962
0.5,2606.089751,145.63,2.15,20.08,-26.03,18.36,17.75,1,4869
0.5,2606.099751,145.37,2.15,20.01,-26.04,18.6,18.25,1,5731
0.5,2606.109751,145.11,2.15,20.33,-26.04,18.82,18.75,1,5607
0.5,2606.119754,144.76,2.15,20.75,-26.02,19.02,19.0,1,5488
0.5,2606.129751,144.49,2.17,21.36,-25.99,19.21,19.25,1,5358
0.5,2606.139754,144.32,2.23,21.72,-25.97,19.37,19.5,1,5225
0.5,2606.149751,144.14,2.2,21.68,-25.98,19.52,19.75,1,5094
0.5,2606.159751,143.96,2.21,21.95,-25.97,19.65,19.75,1,4958
0.5,2606.169751,143.79,2.22,22.14,-25.97,19.75,19.75,1,4865
0.5,2606.179751,143.61,2.22,22.17,-25.96,19.84,19.75,1,5728
0.5,2606.189751,143.61,2.23,22.37,-25.96,19.91,19.75,1,5600
0.5,2606.199754,143.61,2.23,22.49,-25.96,19.96,19.75,1,5493
0.5,2606.209751,143.53,2.23,22.38,-25.96,19.99,19.75,1,5357
0.5,2606.219753,143.61,2.23,22.32,-25.96,20.0,19.75,1,5229
0.5,2606.229751,143.61,2.23,22.31,-25.96,19.99,19.75,1,5099
0.5,2606.239751,143.61,2.23,22.31,-25.96,19.96,19.75,1,4962
0.5,2606.249751,143.53,2.23,22.31,-25.96,19.91,19.75,1,4861
0.5,2606.259751,143.61,2.23,22.31,-25.96,19.84,19.75,1,5732
0.5,2606.269751,143.61,2.23,22.31,-25.96,19.75,19.75,1,5607
0.5,2606.279751,143.53,2.23,22.31,-25.96,19.65,19.75,1,5486
0.5,2606.289751,143.61,2.23,22.32,-25.96,19.52,19.75,1,5349
0.5,2606.299754,143.61,2.23,22.32,-25.96,19.37,19.75,1,5225
0.5,2606.309751,143.7,2.23,22.32,-25.96,19.21,19.25,1,5095
0.5,2606.319751,144.32,2.23,22.32,-25.96,19.02,18.75,1,4958
0.5,2606.329751,144.76,2.22,21.83,-25.97,18.82,18.25,1,4857
0.5,2606.339751,144.93,2.17,20.85,-26.0,18.6,18.25,1,5730
0.5,2606.349751,144.76,2.15,20.39,-26.0,18.36,18.5,1,5600
0.5,2606.359754,144.58,2.18,20.56,-26.01,18.1,18.75,1,5485
0.5,2606.369751,144.4,2.19,21.28,-25.99,17.82,18.75,1,5354
0.5,2606.379752,145.2,2.2,21.73,-25.96,17.53,17.75,1,5220
0.5,2606.389751,146.25,2.22,21.54,-25.97,17.21,16.75,1,5099
0.5,2606.399751,146.69,2.14,19.85,-26.04,16.89,16.25,1,4963
0.5,2606.409751,146.69,2.08,18.33,-26.07,16.54,16.75,1,4862
0.5,2606.419751,146.25,2.07,18.29,-26.07,16.18,17.25,1,5723
0.5,2606.429751,145.55,2.13,19.26,-26.04,15.8,17.75,1,5608
0.5,2606.439751,145.99,2.15,20.11,-26.02,15.41,17.25,1,5489
0.5,2606.449751,146.95,2.12,20.82,-25.99,15.0,16.0,1,5350
0.5,2606.459754,147.83,2.14,19.9,-26.02,14.58,15.0,1,5225
0.5,2606.469751,148.01,2.11,17.63,-26.1,14.14,15.0,1,5095
0.5,2606.479751,148.1,2.04,16.65,-26.13,13.69,15.0,1,4959
0.5,2606.489751,148.8,2.07,17.44,-26.08,13.23,14.25,1,4866
0.5,2606.499751,149.5,2.01,17.71,-26.1,12.75,13.25,1,5728
0.5,2606.509751,150.12,1.92,16.46,-26.17,12.26,12.75,1,5601
0.5,2606.519754,150.21,2.05,15.15,-26.17,11.76,12.75,1,5485
0.5,2606.529751,150.47,2.04,14.99,-26.16,11.24,12.75,1,5355
0.5,2606.539754,151.35,1.99,15.52,-26.15,10.72,11.75,1,5221
0.5,2606.549751,152.23,1.91,15.04,-26.19,10.18,10.75,1,5094
0.5,2606.559751,152.31,1.89,13.44,-26.24,9.64,10.75,1,4963
0.5,2606.569751,152.14,1.93,12.51,-26.25,9.08,10.75,1,4862
0.5,2606.579751,152.75,1.98,13.21,-26.2,8.52,10.25,1,5724
0.5,2606.589751,153.98,1.83,13.6,-26.21,7.94,9.0,1,5608
0.5,2606.599751,155.04,1.76,12.57,-26.26,7.36,7.75,1,5489
0.5,2606.609751,155.39,1.92,10.52,-26.29,6.77,7.75,1,5350
0.5,2606.619754,155.65,1.87,9.29,-26.31,6.18,7.5,1,5226
0.5,2606.629751,156.45,1.85,9.78,-26.3,5.58,6.75,1,5095
0.5,2606.639751,157.41,1.72,9.91,-26.31,4.97,5.5,1,4959
0.5,2606.649751,158.03,1.62,8.55,-26.36,4.36,4.75,1,4858
0.5,2606.659751,158.2,1.78,7.15,-26.39,3.75,4.75,1,5723
0.5,2606.669751,158.64,1.82,6.97,-26.39,3.13,4.5,1,5601
0.5,2606.679751,159.52,1.72,7.45,-26.36,2.51,3.5,1,5482
0.5,2606.689751,160.75,1.57,6.97,-26.38,1.88,2.25,1,5346
0.5,2606.699754,161.46,1.6,5.31,-26.42,1.26,1.5,1,5221
0.5,2606.709751,161.72,1.7,3.72,-26.46,0.63,1.25,1,5091
0.5,2606.719751,162.33,1.71,3.37,-26.46,0.0,0.75,1,4963
0.5,2606.729751,163.48,1.6,3.6,-26.44,-0.63,-0.25,1,4862
0.5,2606.739751,164.44,1.45,2.95,-26.45,-1.26,-1.5,1,5727
0.5,2606.749751,164.88,1.45,1.24,-26.5,-1.88,-1.75,1,5600
0.5,2606.759754,165.23,1.61,0.18,-26.53,-2.51,-2.25,1,5490
0.5,2606.769751,165.59,1.6,0.4,-26.51,-3.13,-2.25,1,5351
0.5,2606.779754,165.85,1.41,0.34,-26.5,-3.75,-2.75,1,5226
0.5,2606.789751,167.08,1.5,0.22,-26.52,-4.36,-4.0,1,5096
0.5,2606.799751,168.22,1.47,-0.54,-26.53,-4.97,-5.0,1,4959
0.5,2606.809751,168.57,1.33,-2.43,-26.56,-5.58,-5.5,1,4858
0.5,2606.819751,169.01,1.4,-3.49,-26.62,-6.18,-5.75,1,5720
0.5,2606.829751,169.45,1.49,-3.24,-26.62,-6.77,-6.25,1,5601
0.5,2606.839751,170.68,1.37,-3.47,-26.57,-7.36,-7.5,1,5482
0.5,2606.849751,172.0,1.32,-4.16,-26.6,-7.94,-9.0,1,5347
0.5,2606.859754,172.79,1.25,-5.9,-26.62,-8.52,-9.75,1,5222
0.5,2606.869751,172.88,1.28,-7.64,-26.67,-9.08,-9.75,1,5092
0.5,2606.879751,172.53,1.34,-7.9,-26.69,-9.64,-9.5,1,4956
0.5,2606.889751,172.71,1.36,-7.03,-26.65,-10.18,-9.75,1,4863
0.5,2606.899751,173.23,1.23,-6.5,-26.59,-10.72,-10.25,1,5728
0.5,2606.909751,173.94,1.18,-6.76,-26.62,-11.24,-11.0,1,5599
0.5,2606.919754,174.64,1.29,-7.68,-26.67,-11.76,-11.5,1,5490
0.5,2606.929751,175.08,1.25,-8.86,-26.67,-12.26,-12.0,1,5354
0.5,2606.939751,175.61,1.27,-9.46,-26.7,-12.75,-12.5,1,5227
0.5,2606.949751,175.87,1.24,-9.77,-26.68,-13.23,-12.75,1,5087
0.5,2606.959751,176.48,1.25,-9.99,-26.67,-13.69,-13.25,1,4959
0.5,2606.969751,177.28,1.23,-10.21,-26.67,-14.14,-14.25,1,4859
0.5,2606.979751,178.15,1.13,-11.14,-26.68,-14.58,-15.0,1,5723
0.5,2606.989751,178.42,1.09,-12.43,-26.71,-15.0,-15.25,1,5602
0.5,2606.999751,178.33,1.2,-13.03,-26.74,-15.41,-15.25,1,5483
0.5,2607.009751,177.98,1.18,-12.86,-26.72,-15.8,-15.0,1,5347
0.5,2607.019751,178.24,1.13,-12.08,-26.68,-16.18,-15.25,1,5223
0.5,2607.029751,179.12,1.08,-11.78,-26.65,-16.54,-16.25,1,5092
0.5,2607.039751,180.09,1.1,-12.42,-26.68,-16.89,-17.0,1,4955
0.5,2607.049751,180.44,1.05,-14.18,-26.72,-17.21,-17.25,1,4863
0.5,2607.059751,180.7,1.15,-15.14,-26.78,-17.53,-17.5,1,5728
0.5,2607.069751,180.7,1.16,-14.8,-26.77,-17.82,-17.5,1,5598
0.5,2607.079754,181.05,1.03,-14.79,-26.7,-18.1,-17.75,1,5482
0.5,2607.089751,181.67,1.08,-14.8,-26.74,-18.36,-18.5,1,5354
0.5,2607.099751,182.2,1.04,-15.35,-26.74,-18.6,-19.25,1,5227
0.5,2607.109751,182.37,1.01,-16.44,-26.75,-18.82,-19.25,1,5088
0.5,2607.119751,182.29,1.09,-16.82,-26.79,-19.02,-18.75,1,4960
0.5,2607.129751,181.85,1.07,-16.67,-26.77,-19.21,-18.5,1,5849
0.5,2607.139751,181.67,1.03,-16.03,-26.73,-19.37,-18.5,1,5721
0.5,2607.149751,182.46,0.98,-15.37,-26.69,-19.52,-19.25,1,5602
0.5,2607.159751,183.43,1.01,-15.38,-26.71,-19.65,-20.25,1,5487
0.5,2607.169751,183.96,0.99,-17.08,-26.74,-19.75,-20.75,1,5347
0.5,2607.179751,183.96,1.04,-18.61,-26.82,-19.84,-20.5,1,5220
0.5,2607.189751,183.43,1.07,-18.66,-26.84,-19.91,-20.25,1,5084
0.5,2607.199751,183.69,1.05,-17.83,-26.77,-19.96,-20.5,1,4956
0.5,2607.209751,183.96,0.95,-17.18,-26.68,-19.99,-21.0,1,5844
0.5,2607.219751,183.96,0.89,-17.42,-26.71,-20.0,-20.5,1,5729
0.5,2607.229751,183.6,1.08,-18.34,-26.84,-19.99,-20.0,1,5598
0.5,2607.239751,183.43,1.12,-17.74,-26.78,-19.96,-20.0,1,5479
0.5,2607.249751,183.34,0.94,-17.43,-26.67,-19.91,-20.0,1,5346
0.5,2607.259751,183.08,0.92,-17.08,-26.7,-19.84,-20.0,1,5225
0.5,2607.269751,183.16,1.08,-16.93,-26.77,-19.75,-20.0,1,5080
0.5,2607.279751,183.16,1.03,-16.81,-26.73,-19.65,-20.0,1,4960
0.5,2607.289751,183.08,1.01,-16.98,-26.72,-19.52,-20.0,1,5849
0.5,2607.299751,183.08,1.02,-17.03,-26.74,-19.37,-19.75,1,5722
0.5,2607.309751,182.99,1.01,-17.02,-26.73,-19.21,-19.0,1,5597
0.5,2607.319751,182.37,1.02,-16.9,-26.75,-19.02,-18.5,1,5487
0.5,2607.329751,182.11,1.03,-16.44,-26.73,-18.82,-18.25,1,5348
0.5,2607.339751,181.93,0.98,-15.68,-26.68,-18.6,-18.75,1,5220
0.5,2607.349751,182.02,1.02,-15.48,-26.7,-18.36,-18.75,1,5084
0.5,2607.359751,182.02,1.01,-15.7,-26.71,-18.1,-18.75,1,4956
0.5,2607.369751,181.76,1.07,-15.84,-26.75,-17.82,-17.75,1,5845
0.5,2607.379751,180.53,1.05,-15.92,-26.74,-17.53,-16.75,1,5717
0.5,2607.389751,179.47,1.07,-14.93,-26.72,-17.21,-16.0,1,5599
0.5,2607.399751,179.03,1.08,-12.99,-26.66,-16.89,-16.0,1,5480
0.5,2607.409751,179.56,1.03,-12.1,-26.66,-16.54,-16.5,1,5344
0.5,2607.419751,180.18,1.05,-12.49,-26.7,-16.18,-17.0,1,5216
0.5,2607.429751,180.26,1.13,-13.78,-26.76,-15.8,-17.0,1,5080
0.5,2607.439751,180.18,1.15,-14.45,-26.76,-15.41,-16.25,1,4953
0.5,2607.449751,178.77,1.11,-14.34,-26.74,-15.0,-15.25,1,5849
0.5,2607.459751,177.89,1.09,-13.3,-26.72,-14.58,-14.25,1,5722
0.5,2607.469750,177.1,1.06,-11.67,-26.66,-14.14,-13.75,1,5597
0.5,2607.479750,176.92,1.14,-10.49,-26.64,-13.69,-13.75,1,5487
0.5,2607.489750,176.92,1.17,-9.85,-26.63,-13.23,-13.75,1,5348
0.5,2607.499750,176.84,1.14,-9.99,-26.64,-12.75,-13.5,1,5221
0.5,2607.509750,176.31,1.23,-10.67,-26.67,-12.26,-12.25,1,5084
0.5,2607.519750,174.99,1.19,-10.63,-26.67,-11.76,-11.25,1,4957
0.5,2607.529750,173.94,1.24,-9.48,-26.64,-11.24,-10.25,1,5845
0.5,2607.539750,173.41,1.22,-7.25,-26.59,-10.72,-10.25,1,5720
0.5,2607.549750,173.67,1.18,-6.54,-26.58,-10.18,-10.75,1,5599
0.5,2607.559750,173.67,1.23,-6.76,-26.61,-9.64,-10.0,1,5480
0.5,2607.569750,172.97,1.36,-7.38,-26.66,-9.08,-9.0,1,5344
0.5,2607.579750,172.18,1.38,-7.24,-26.62,-8.52,-8.25,1,5217
0.5,2607.589750,171.47,1.26,-6.41,-26.57,-7.94,-7.75,1,5080
0.5,2607.599750,170.95,1.24,-4.94,-26.57,-7.36,-7.25,1,4953
0.5,2607.609750,170.51,1.33,-4.4,-26.58,-6.77,-6.75,1,5849
0.5,2607.619750,170.33,1.33,-3.92,-26.56,-6.18,-6.5,1,5722
0.5,2607.629750,169.89,1.36,-3.7,-26.55,-5.58,-5.75,1,5595
0.5,2607.639750,169.01,1.36,-3.76,-26.56,-4.97,-5.0,1,5476
0.5,2607.649750,168.22,1.4,-3.04,-26.55,-4.36,-4.25,1,5340
0.5,2607.659750,167.52,1.44,-1.7,-26.52,-3.75,-3.75,1,5221
0.5,2607.669750,167.17,1.4,-1.04,-26.49,-3.13,-3.25,1,5085
0.5,2607.679750,166.73,1.45,-0.51,-26.5,-2.51,-2.75,1,4957
0.5,2607.689750,166.46,1.45,-0.25,-26.49,-1.88,-2.25,1,5845
0.5,2607.699750,165.94,1.45,-0.04,-26.47,-1.26,-1.75,1,5721
0.5,2607.709750,164.62,1.48,0.24,-26.47,-0.63,-0.75,1,5599
0.5,2607.719751,163.04,1.54,1.09,-26.46,0.0,0.75,1,5481
0.5,2607.729750,161.72,1.62,3.11,-26.43,0.63,1.75,1,5344
0.5,2607.739750,161.37,1.59,5.02,-26.38,1.26,1.75,1,5217
0.5,2607.749750,161.46,1.55,6.15,-26.36,1.88,1.75,1,5081
0.5,2607.759750,161.28,1.59,5.75,-26.38,2.51,2.0,1,4953
0.5,2607.769750,161.1,1.71,4.59,-26.41,3.13,2.5,1,5841
0.5,2607.779750,160.31,1.69,5.01,-26.38,3.75,3.75,1,5722
0.5,2607.789750,158.91,1.61,5.19,-26.38,4.36,5.25,1,5595
0.5,2607.799750,157.59,1.73,6.63,-26.36,4.97,6.0,1,5476
0.5,2607.809750,157.06,1.72,9.26,-26.3,5.58,6.25,1,5340
0.5,2607.819750,157.24,1.69,10.32,-26.28,6.18,6.0,1,5221
0.5,2607.829750,157.15,1.72,10.0,-26.3,6.77,6.25,1,5085
0.5,2607.839750,156.71,1.83,8.8,-26.33,7.36,7.0,1,4958
0.5,2607.849750,156.01,1.81,9.25,-26.3,7.94,8.0,1,5846
0.5,2607.859750,154.78,1.76,9.62,-26.29,8.52,8.75,1,5718
0.5,2607.869750,153.98,1.84,10.96,-26.25,9.08,9.5,1,5591
0.5,2607.879750,153.54,1.82,12.83,-26.2,9.64,9.75,1,5481
0.5,2607.889750,153.63,1.91,13.37,-26.17,10.18,9.5,1,5345
0.5,2607.899750,153.63,1.88,13.05,-26.2,10.72,9.75,1,5217
0.5,2607.909750,153.46,1.84,12.3,-26.24,11.24,10.5,1,5081
0.5,2607.919750,152.05,1.94,12.31,-26.22,11.76,11.75,1,4954
0.5,2607.929750,150.91,1.94,13.37,-26.19,12.26,12.75,1,5841
0.5,2607.939750,150.03,1.91,15.32,-26.15,12.75,13.25,1,5717
0.5,2607.949750,149.85,1.98,16.88,-26.09,13.23,13.25,1,5595
0.5,2607.959750,149.94,2.04,17.09,-26.08,13.69,13.25,1,5477
0.5,2607.969751,149.85,1.99,16.43,-26.11,14.14,13.5,1,5340
0.5,2607.979751,149.41,2.05,16.08,-26.11,14.58,14.5,1,5216
0.5,2607.989751,148.1,2.01,16.23,-26.12,15.0,15.75,1,5077
0.5,2607.999751,146.78,2.06,17.29,-26.09,15.41,16.5,1,4949
0.5,2608.009751,146.78,2.09,19.43,-26.03,15.8,16.25,1,5846
0.5,2608.019751,146.87,2.1,20.58,-25.99,16.18,16.25,1,5719
0.5,2608.029751,146.87,2.12,19.74,-26.01,16.54,16.25,1,5591
0.5,2608.039751,146.78,2.14,18.77,-26.05,16.89,16.75,1,5473
0.5,2608.049751,146.25,2.11,19.11,-26.05,17.21,17.75,1,5345
0.5,2608.059751,145.28,2.1,19.28,-26.04,17.53,18.0,1,5220
0.5,2608.069751,145.28,2.15,20.29,-25.99,17.82,18.0,1,5082
0.5,2608.079751,145.28,2.11,21.55,-25.97,18.1,18.0,1,4954
0.5,2608.089751,145.28,2.18,21.3,-25.97,18.36,17.75,1,5842
0.5,2608.099751,145.28,2.21,20.67,-25.97,18.6,18.25,1,5718
0.5,2608.109751,145.11,2.17,20.56,-25.99,18.82,18.75,1,5596
0.5,2608.119751,144.49,2.17,20.72,-25.99,19.02,19.25,1,5477
0.5,2608.129751,143.7,2.16,21.12,-25.98,19.21,19.75,1,5341
0.5,2608.139751,143.35,2.19,22.12,-25.94,19.37,19.75,1,5216
0.5,2608.149751,143.7,2.3,23.07,-25.9,19.52,19.25,1,5078
0.5,2608.159751,144.05,2.25,22.84,-25.93,19.65,19.0,1,4950
0.5,2608.169751,143.96,2.2,21.98,-25.95,19.75,19.25,1,5847
0.5,2608.179751,143.88,2.2,21.54,-25.95,19.84,19.75,1,5719
0.5,2608.189751,143.44,2.21,21.74,-25.95,19.91,20.0,1,5600
0.5,2608.199751,142.73,2.23,22.42,-25.94,19.96,20.25,1,5476
0.5,2608.209751,142.82,2.25,23.12,-25.91,19.99,20.25,1,5337
0.5,2608.219751,143.26,2.3,23.73,-25.89,20.0,19.75,1,5219
0.5,2608.229751,143.53,2.25,23.2,-25.92,19.99,19.5,1,5082
0.5,2608.239751,143.53,2.2,22.28,-25.95,19.96,19.5,1,4955
0.5,2608.249751,143.35,2.22,21.97,-25.94,19.91,20.0,1,5843
0.5,2608.259751,142.91,2.23,22.1,-25.95,19.84,20.25,1,5715
0.5,2608.269751,142.91,2.25,22.84,-25.93,19.75,20.25,1,5605
0.5,2608.279751,143.53,2.27,23.43,-25.9,19.65,19.5,1,5477
0.5,2608.289751,144.49,2.27,23.2,-25.9,19.52,18.5,1,5342
0.5,2608.299751,144.93,2.19,21.51,-25.95,19.37,18.0,1,5216
0.5,2608.309751,144.84,2.14,20.16,-25.97,19.21,18.25,1,5078
0.5,2608.319751,144.49,2.13,20.08,-25.96,19.02,18.75,1,4958
0.5,2608.329751,144.58,2.19,20.99,-25.94,18.82,18.75,1,5838
0.5,2608.339751,144.4,2.17,21.63,-25.94,18.6,18.5,1,5720
0.5,2608.349751,144.49,2.15,21.68,-25.95,18.36,18.5,1,5601
0.5,2608.359751,144.58,2.24,21.36,-25.92,18.1,18.5,1,5473
0.5,2608.369751,144.76,2.2,21.31,-25.94,17.82,18.25,1,5346
0.5,2608.379751,145.37,2.2,21.29,-25.94,17.53,17.75,1,5210
0.5,2608.389751,145.81,2.15,20.71,-25.97,17.21,17.0,1,5074
0.5,2608.399751,146.34,2.1,19.69,-26.0,16.89,16.75,1,4954
0.5,2608.409751,146.6,2.14,19.23,-25.99,16.54,16.5,1,5843
0.5,2608.419751,146.78,2.12,18.9,-26.02,16.18,16.25,1,5715
0.5,2608.429751,146.78,2.12,18.87,-26.03,15.8,16.25,1,5606
0.5,2608.439751,147.13,2.12,18.92,-26.02,15.41,16.0,1,5478
0.5,2608.449751,148.01,2.12,18.94,-26.01,15.0,15.0,1,5342
0.5,2608.459751,149.15,2.1,18.38,-26.04,14.58,13.75,1,5216
0.5,2608.469751,149.77,2.01,16.78,-26.11,14.14,13.0,1,5078
0.5,2608.479751,149.68,1.99,15.27,-26.12,13.69,13.25,1,4959
0.5,2608.489751,149.41,2.02,15.05,-26.11,13.23,13.5,1,5839
0.5,2608.499751,149.59,2.03,15.94,-26.09,12.75,13.5,1,5711
0.5,2608.509751,149.85,1.97,16.6,-26.08,12.26,13.25,1,5601
0.5,2608.519751,151.0,1.93,16.51,-26.1,11.76,12.0,1,5477
0.5,2608.529751,152.23,2.04,15.55,-26.12,11.24,10.75,1,5338
0.5,2608.539751,152.93,1.9,13.69,-26.19,10.72,10.0,1,5210
0.5,2608.549751,152.84,1.88,12.0,-26.24,10.18,10.0,1,5074
0.5,2608.559751,152.49,1.94,11.85,-26.22,9.64,10.75,1,4956
0.5,2608.569751,152.31,1.94,12.88,-26.18,9.08,10.75,1,5843
0.5,2608.579751,153.02,1.88,13.81,-26.15,8.52,10.0,1,5719
0.5,2608.589751,153.9,1.84,13.73,-26.17,7.94,9.0,1,5597
0.5,2608.599751,154.42,1.86,12.27,-26.22,7.36,8.5,1,5478
0.5,2608.609751,154.78,1.94,10.82,-26.24,6.77,8.25,1,5342
0.5,2608.619751,155.74,1.92,10.61,-26.24,6.18,7.25,1,5216
0.5,2608.629751,156.88,1.75,10.54,-26.26,5.58,6.25,1,5079
0.5,2608.639751,157.41,1.61,9.1,-26.32,4.97,5.5,1,4977
0.5,2608.649751,157.59,1.8,7.75,-26.34,4.36,5.25,1,5839
0.5,2608.659751,158.12,1.85,7.53,-26.34,3.75,5.0,1,5712
0.5,2608.669751,159.08,1.73,7.87,-26.32,3.13,4.0,1,5602
0.5,2608.679751,159.96,1.6,7.32,-26.33,2.51,3.0,1,5465
0.5,2608.689751,160.05,1.61,5.69,-26.38,1.88,3.0,1,5338
0.5,2608.699751,160.05,1.73,4.83,-26.41,1.26,3.25,1,5211
0.5,2608.709751,160.58,1.77,5.6,-26.38,0.63,2.5,1,5075
0.5,2608.719751,161.81,1.56,5.87,-26.36,0.0,1.25,1,4973
0.5,2608.729751,162.86,1.47,4.79,-26.39,-0.63,-0.0,1,5844
0.5,2608.739751,163.21,1.62,2.69,-26.45,-1.26,-0.25,1,5716
0.5,2608.749751,163.39,1.63,1.52,-26.48,-1.88,-0.25,1,5598
0.5,2608.759751,164.09,1.65,2.12,-26.46,-2.51,-1.0,1,5461
0.5,2608.769751,165.59,1.46,2.37,-26.43,-3.13,-2.5,1,5334
0.5,2608.779751,166.73,1.36,0.92,-26.47,-3.75,-3.75,1,5215
0.5,2608.789751,167.43,1.48,-1.17,-26.51,-4.36,-4.25,1,5071
0.5,2608.799751,167.96,1.56,-2.41,-26.55,-4.97,-4.75,1,4968
0.5,2608.809751,168.31,1.47,-2.5,-26.54,-5.58,-5.25,1,5840
0.5,2608.819751,168.57,1.29,-2.76,-26.53,-6.18,-5.75,1,5712
0.5,2608.829751,168.93,1.43,-2.84,-26.55,-6.77,-5.75,1,5593
0.5,2608.839751,169.37,1.46,-2.97,-26.55,-7.36,-6.25,1,5468
0.5,2608.849751,170.42,1.43,-3.23,-26.54,-7.94,-7.25,1,5338
0.5,2608.859751,171.3,1.32,-3.9,-26.55,-8.52,-8.25,1,5214
0.5,2608.869751,171.74,1.22,-5.58,-26.59,-9.08,-8.75,1,5075
0.5,2608.879751,172.09,1.34,-6.61,-26.64,-9.64,-9.0,1,4974
0.5,2608.889751,172.71,1.38,-6.35,-26.62,-10.18,-9.5,1,5836
0.5,2608.899751,173.5,1.24,-6.54,-26.57,-10.72,-10.5,1,5720
0.5,2608.909751,174.2,1.25,-7.25,-26.6,-11.24,-11.25,1,5598
0.5,2608.919751,174.9,1.26,-8.51,-26.64,-11.76,-11.75,1,5462
0.5,2608.929751,175.34,1.29,-9.17,-26.66,-12.26,-12.25,1,5334
0.5,2608.939751,175.69,1.22,-9.66,-26.64,-12.75,-12.75,1,5216
0.5,2608.949751,176.04,1.24,-9.99,-26.64,-13.23,-13.0,1,5071
0.5,2608.959751,176.31,1.25,-10.14,-26.64,-13.69,-13.25,1,4977
0.5,2608.969751,176.66,1.21,-10.38,-26.64,-14.14,-13.75,1,5840
0.5,2608.979751,177.54,1.21,-10.59,-26.65,-14.58,-14.5,1,5713
0.5,2608.989751,178.15,1.13,-11.26,-26.65,-15.0,-15.25,1,5594
0.5,2608.999751,178.86,1.07,-12.44,-26.67,-15.41,-15.75,1,5467
0.5,2609.009751,179.21,1.19,-13.11,-26.7,-15.8,-16.25,1,5339
0.5,2609.019751,179.3,1.13,-13.52,-26.68,-16.18,-16.25,1,5212
0.5,2609.029751,179.38,1.09,-13.77,-26.69,-16.54,-15.75,1,5075
0.5,2609.039751,178.86,1.12,-13.51,-26.7,-16.89,-15.75,1,4976
0.5,2609.049751,179.56,1.11,-13.0,-26.66,-17.21,-16.5,1,5836
0.5,2609.059751,180.35,1.04,-12.94,-26.62,-17.53,-17.25,1,5717
0.5,2609.069751,180.44,1.06,-14.0,-26.68,-17.82,-17.25,1,5590
0.5,2609.079751,180.62,1.15,-14.97,-26.75,-18.1,-17.5,1,5462
0.5,2609.089751,181.32,1.12,-14.56,-26.71,-18.36,-18.25,1,5335
0.5,2609.099751,181.93,0.97,-15.09,-26.65,-18.6,-18.75,1,5207
0.5,2609.109751,182.37,1.01,-16.07,-26.72,-18.82,-19.25,1,5071
0.5,2609.119751,182.55,1.11,-16.52,-26.75,-19.02,-19.25,1,4978
0.5,2609.129751,182.46,1.04,-16.9,-26.71,-19.21,-18.75,1,5840
0.5,2609.139751,181.93,1.03,-16.71,-26.72,-19.37,-18.75,1,5713
0.5,2609.149751,182.55,1.04,-16.18,-26.7,-19.52,-19.25,1,5594
0.5,2609.159751,183.43,0.93,-15.86,-26.63,-19.65,-20.25,1,5468
0.5,2609.169751,183.87,0.94,-16.6,-26.68,-19.75,-20.75,1,5339
0.5,2609.179751,183.96,1.06,-18.5,-26.8,-19.84,-20.5,1,5215
0.5,2609.189751,183.52,1.06,-18.62,-26.79,-19.91,-20.25,1,5075
0.5,2609.199751,183.43,1.04,-17.83,-26.73,-19.96,-20.5,1,4975
0.5,2609.209750,183.96,0.95,-17.18,-26.65,-19.99,-20.75,1,5836
0.5,2609.219751,183.87,0.9,-17.27,-26.66,-20.0,-20.25,1,5711
0.5,2609.229751,183.52,1.07,-18.11,-26.79,-19.99,-19.75,1,5599
0.5,2609.239751,182.72,1.11,-17.54,-26.74,-19.96,-19.0,1,5465
0.5,2609.249751,182.2,0.97,-16.91,-26.65,-19.91,-18.75,1,5335
0.5,2609.259751,182.46,0.94,-15.92,-26.66,-19.84,-19.25,1,5208
0.5,2609.269751,182.99,0.99,-15.37,-26.66,-19.75,-20.0,1,5071
0.5,2609.279751,183.16,0.97,-16.26,-26.68,-19.65,-20.0,1,4969
0.5,2609.289751,183.16,1.09,-17.7,-26.78,-19.52,-20.0,1,5840
0.5,2609.299751,183.16,1.09,-17.1,-26.74,-19.37,-19.75,1,5713
0.5,2609.309751,182.81,0.95,-17.03,-26.67,-19.21,-19.0,1,5595
0.5,2609.319751,182.2,1.01,-16.82,-26.72,-19.02,-18.5,1,5459
0.5,2609.329751,181.67,1.05,-16.33,-26.7,-18.82,-18.25,1,5339
0.5,2609.339751,181.76,0.98,-15.49,-26.64,-18.6,-18.75,1,5212
0.5,2609.349751,181.93,1.01,-15.06,-26.66,-18.36,-18.75,1,5067
0.5,2609.359751,181.93,1.01,-15.45,-26.68,-18.1,-18.75,1,4977
0.5,2609.369753,181.58,1.08,-15.81,-26.72,-17.82,-17.75,1,5839
0.5,2609.379751,180.35,1.05,-15.86,-26.72,-17.53,-16.5,1,5709
0.5,2609.389751,179.38,1.07,-14.87,-26.68,-17.21,-15.75,1,5590
0.5,2609.399751,178.95,1.06,-13.01,-26.62,-16.89,-16.0,1,5463
0.5,2609.409751,179.3,1.02,-12.15,-26.62,-16.54,-16.25,1,5335
0.5,2609.419751,179.21,1.05,-12.47,-26.66,-16.18,-15.75,1,5208
0.5,2609.429751,178.77,1.18,-13.06,-26.71,-15.8,-15.25,1,5072
0.5,2609.439751,178.42,1.24,-12.95,-26.68,-15.41,-15.25,1,4973
0.5,2609.449751,179.21,1.05,-12.53,-26.6,-15.0,-16.25,1,5832
0.5,2609.459751,179.65,0.97,-12.33,-26.61,-14.58,-16.25,1,5714
0.5,2609.469750,179.47,1.2,-13.45,-26.71,-14.14,-16.0,1,5595
0.5,2609.479750,178.59,1.22,-13.79,-26.72,-13.69,-14.75,1,5459
0.5,2609.489750,177.28,1.15,-13.21,-26.67,-13.23,-13.75,1,5331
0.5,2609.499750,176.31,1.16,-11.65,-26.63,-12.75,-13.25,1,5212
0.5,2609.509750,176.66,1.1,-9.35,-26.57,-12.26,-13.75,1,5067
0.5,2609.519750,176.75,1.06,-9.52,-26.58,-11.76,-13.5,1,4975
0.5,2609.529752,176.48,1.24,-10.26,-26.65,-11.24,-12.75,1,5838
0.5,2609.539750,175.34,1.29,-10.62,-26.65,-10.72,-11.25,1,5709
0.5,2609.549750,174.29,1.22,-9.76,-26.6,-10.18,-10.75,1,5591
0.5,2609.559750,173.76,1.17,-7.93,-26.56,-9.64,-10.75,1,5466
0.5,2609.569750,173.58,1.15,-6.82,-26.55,-9.08,-10.25,1,5336
0.5,2609.579750,173.32,1.24,-6.68,-26.58,-8.52,-9.25,1,5208
0.5,2609.589754,171.91,1.4,-6.99,-26.6,-7.94,-8.25,1,5075
0.5,2609.599750,171.39,1.34,-6.19,-26.55,-7.36,-8.25,1,5963
0.5,2609.609750,171.47,1.22,-4.74,-26.51,-6.77,-8.25,1,5833
0.5,2609.619750,171.12,1.19,-4.48,-26.53,-6.18,-7.5,1,5714
0.5,2609.629750,170.42,1.41,-4.83,-26.57,-5.58,-6.25,1,5595
0.5,2609.639750,169.72,1.47,-4.59,-26.54,-4.97,-5.75,1,5459
0.5,2609.649750,169.28,1.31,-3.58,-26.48,-4.36,-5.25,1,5331
0.5,2609.659750,168.31,1.26,-2.62,-26.49,-3.75,-4.25,1,5204
0.5,2609.669753,166.9,1.42,-2.39,-26.5,-3.13,-3.25,1,5071
0.5,2609.679750,166.11,1.6,-0.65,-26.45,-2.51,-2.75,1,5967
0.5,2609.689752,165.76,1.38,0.87,-26.42,-1.88,-2.5,1,5839
0.5,2609.699750,165.41,1.36,1.12,-26.43,-1.26,-2.0,1,5710
0.5,2609.709750,164.71,1.61,1.02,-26.43,-0.63,-0.75,1,5591
0.5,2609.719751,163.3,1.55,1.23,-26.42,0.0,0.75,1,5464
0.5,2609.729750,161.89,1.56,2.48,-26.4,0.63,1.75,1,5336
0.5,2609.739750,161.46,1.59,4.68,-26.35,1.26,1.75,1,5200
0.5,2609.749753,161.46,1.55,5.99,-26.33,1.88,1.75,1,5076
0.5,2609.759750,161.28,1.57,5.77,-26.35,2.51,2.0,1,5964
0.5,2609.769753,161.19,1.71,4.63,-26.37,3.13,2.5,1,5836
0.5,2609.779750,160.31,1.69,4.99,-26.34,3.75,3.75,1,5709
0.5,2609.789750,158.91,1.61,5.09,-26.35,4.36,5.25,1,5595
0.5,2609.799750,157.41,1.73,6.58,-26.32,4.97,6.0,1,5460
0.5,2609.809750,157.15,1.72,9.26,-26.26,5.58,6.25,1,5332
0.5,2609.819750,157.15,1.68,10.34,-26.24,6.18,6.0,1,5152
0.5,2609.829753,157.06,1.71,10.0,-26.26,6.77,6.25,1,5071
0.5,2609.839750,156.62,1.84,8.81,-26.29,7.36,7.0,1,5964
0.5,2609.849751,156.01,1.81,9.26,-26.26,7.94,8.0,1,5839
0.5,2609.859750,154.86,1.75,9.65,-26.25,8.52,8.75,1,5710
0.5,2609.869750,154.07,1.83,10.96,-26.21,9.08,9.5,1,5591
0.5,2609.879750,153.63,1.81,12.77,-26.17,9.64,9.75,1,5458
0.5,2609.889750,153.72,1.9,13.36,-26.14,10.18,9.5,1,5337
0.5,2609.899750,153.63,1.88,13.06,-26.16,10.72,9.75,1,5200
0.5,2609.909753,153.46,1.85,12.31,-26.21,11.24,10.5,1,5076
0.5,2609.919750,152.05,1.94,12.3,-26.19,11.76,11.75,1,5963
0.5,2609.929753,150.82,1.93,13.35,-26.16,12.26,12.75,1,5835
0.5,2609.939750,150.03,1.9,15.29,-26.12,12.75,13.25,1,5706
0.5,2609.949750,149.94,1.97,16.85,-26.06,13.23,13.25,1,5587
0.5,2609.959750,150.03,2.04,17.09,-26.05,13.69,13.25,1,5460
0.5,2609.969751,149.85,1.99,16.44,-26.08,14.14,13.5,1,5332
0.5,2609.979751,149.5,2.04,16.08,-26.08,14.58,14.5,1,5196
0.5,2609.989751,148.1,2.01,16.21,-26.08,15.0,15.75,1,5069
0.5,2609.999751,146.78,2.06,17.26,-26.05,15.41,16.5,1,5957
0.5,2610.009752,146.78,2.08,19.37,-26.0,15.8,16.25,1,5830
0.5,2610.019751,146.95,2.09,20.54,-25.96,16.18,16.25,1,5710
0.5,2610.029751,146.95,2.12,19.78,-25.98,16.54,16.25,1,5592
0.5,2610.039751,146.78,2.14,18.76,-26.02,16.89,16.75,1,5456
0.5,2610.049751,146.34,2.11,19.1,-26.02,17.21,17.75,1,5328
0.5,2610.059751,145.28,2.09,19.28,-26.01,17.53,18.0,1,5201
0.5,2610.069754,145.2,2.15,20.29,-25.96,17.82,18.0,1,5077
0.5,2610.079751,145.2,2.1,21.54,-25.93,18.1,18.0,1,5964
0.5,2610.089753,145.37,2.17,21.32,-25.93,18.36,17.75,1,5836
0.5,2610.099751,145.2,2.22,20.68,-25.93,18.6,18.25,1,5706
0.5,2610.109751,145.11,2.17,20.56,-25.95,18.82,18.75,1,5587
0.5,2610.119751,144.4,2.17,20.72,-25.96,19.02,19.25,1,5460
0.5,2610.129751,143.7,2.16,21.13,-25.95,19.21,19.75,1,5333
0.5,2610.139751,143.44,2.19,22.14,-25.91,19.37,19.75,1,5197
0.5,2610.149751,143.7,2.3,23.11,-25.86,19.52,19.25,1,5072
0.5,2610.159751,143.96,2.25,22.88,-25.89,19.65,19.25,1,5957
0.5,2610.169751,143.96,2.19,21.97,-25.91,19.75,19.25,1,5830
0.5,2610.179751,143.79,2.2,21.55,-25.92,19.84,20.0,1,5711
0.5,2610.189751,142.56,2.2,21.75,-25.92,19.91,21.25,1,5592
0.5,2610.199751,141.5,2.25,22.74,-25.91,19.96,21.75,1,5456
0.5,2610.209751,141.68,2.31,24.38,-25.86,19.99,21.5,1,5329
0.5,2610.219751,142.21,2.34,25.57,-25.78,20.0,20.75,1,5205
0.5,2610.229754,142.38,2.3,24.5,-25.82,19.99,20.75,1,5077
0.5,2610.239751,142.12,2.22,23.01,-25.88,19.96,20.75,1,5963
0.5,2610.249752,142.21,2.24,23.09,-25.87,19.91,20.75,1,5836
0.5,2610.259751,143.09,2.29,23.81,-25.85,19.84,20.0,1,5707
0.5,2610.269751,144.05,2.26,23.49,-25.86,19.75,19.0,1,5588
0.5,2610.279751,144.58,2.19,21.94,-25.89,19.65,18.25,1,5461
0.5,2610.289751,144.49,2.15,20.45,-25.93,19.52,18.75,1,5333
0.5,2610.299751,144.05,2.15,20.34,-25.93,19.37,19.25,1,5197
0.5,2610.309751,144.14,2.2,21.3,-25.9,19.21,19.0,1,5070
0.5,2610.319751,144.14,2.18,22.01,-25.9,19.02,19.0,1,5957
0.5,2610.329754,144.14,2.16,22.13,-25.9,18.82,19.0,1,5833
0.5,2610.339751,144.05,2.25,21.83,-25.87,18.6,19.0,1,5702
0.5,2610.349751,144.4,2.21,21.75,-25.89,18.36,18.75,1,5593
0.5,2610.359751,144.93,2.21,21.73,-25.89,18.1,18.0,1,5456
0.5,2610.369751,145.46,2.17,21.15,-25.92,17.82,17.5,1,5329
0.5,2610.379751,145.63,2.13,20.08,-25.96,17.53,17.25,1,5193
0.5,2610.389751,145.72,2.14,19.65,-25.94,17.21,17.75,1,5074
0.5,2610.399751,145.55,2.15,19.81,-25.95,16.89,17.75,1,5956
0.5,2610.409752,146.16,2.15,20.5,-25.93,16.54,16.75,1,5836
0.5,2610.419751,147.13,2.1,20.38,-25.95,16.18,15.75,1,5707
0.5,2610.429751,147.66,2.1,19.04,-26.0,15.8,15.25,1,5588
0.5,2610.439751,147.48,2.1,17.55,-26.02,15.41,15.75,1,5452
0.5,2610.449751,147.13,2.08,17.5,-26.01,15.0,16.0,1,5334
0.5,2610.459751,147.48,2.11,18.34,-25.99,14.58,15.5,1,5197
0.5,2610.469751,148.1,2.07,18.91,-25.99,14.14,14.75,1,5073
0.5,2610.479751,148.8,2.01,18.27,-26.02,13.69,14.25,1,5957
0.5,2610.489754,149.33,2.09,16.85,-26.05,13.23,13.75,1,5834
0.5,2610.499751,149.68,2.05,16.23,-26.05,12.75,13.25,1,5703
0.5,2610.509751,150.03,2.02,15.75,-26.08,12.26,12.75,1,5584
0.5,2610.519751,150.29,2.01,15.5,-26.08,11.76,12.75,1,5457
0.5,2610.529751,150.82,2.01,15.3,-26.08,11.24,12.25,1,5330
0.5,2610.539751,152.05,2.0,15.13,-26.09,10.72,11.0,1,5193
0.5,2610.549751,153.46,1.93,14.35,-26.13,10.18,9.75,1,5074
0.5,2610.559751,154.07,1.81,12.47,-26.19,9.64,8.75,1,5955
0.5,2610.569751,154.16,1.86,10.84,-26.21,9.08,8.75,1,5836
0.5,2610.579751,153.9,1.96,10.62,-26.2,8.52,9.25,1,5708
0.5,2610.589752,154.42,1.9,11.55,-26.17,7.94,8.75,1,5591
0.5,2610.599751,155.48,1.77,12.11,-26.17,7.36,7.5,1,5453
0.5,2610.609751,156.97,1.71,11.08,-26.22,6.77,6.0,1,5325
0.5,2610.619751,157.76,1.81,8.97,-26.26,6.18,5.25,1,5198
0.5,2610.629751,157.85,1.78,7.21,-26.31,5.58,5.25,1,5073
0.5,2610.639751,157.68,1.76,6.84,-26.32,4.97,5.25,1,5958
0.5,2610.649753,157.85,1.76,7.79,-26.28,4.36,5.25,1,5834
0.5,2610.659751,158.38,1.66,8.34,-26.26,3.75,4.75,1,5703
0.5,2610.669751,159.52,1.62,8.0,-26.3,3.13,3.5,1,5585
0.5,2610.679751,160.4,1.74,7.07,-26.3,2.51,2.5,1,5457
0.5,2610.689751,160.84,1.6,5.14,-26.35,1.88,2.25,1,5330
0.5,2610.699751,161.37,1.64,4.07,-26.39,1.26,1.5,1,5193
0.5,2610.709751,162.25,1.71,4.47,-26.36,0.63,0.75,1,5066
0.5,2610.719751,162.95,1.5,3.69,-26.37,-0.0,-0.0,1,5955
0.5,2610.729751,163.56,1.48,2.62,-26.42,-0.63,-0.5,1,5828
0.5,2610.739751,164.09,1.64,2.08,-26.42,-1.26,-1.0,1,5708
0.5,2610.749751,164.53,1.58,1.57,-26.42,-1.88,-1.25,1,5589
0.5,2610.759751,165.15,1.5,1.23,-26.43,-2.51,-2.0,1,5453
0.5,2610.769751,166.03,1.52,0.92,-26.43,-3.13,-2.75,1,5326
0.5,2610.779751,166.73,1.47,0.17,-26.44,-3.75,-3.75,1,5198
0.5,2610.789754,167.34,1.44,-1.05,-26.47,-4.36,-4.25,1,5073
0.5,2610.799751,167.87,1.52,-1.68,-26.49,-4.97,-4.75,1,5961
0.5,2610.809751,168.31,1.41,-2.17,-26.49,-5.58,-5.25,1,5831
0.5,2610.819751,168.49,1.37,-2.54,-26.5,-6.18,-5.5,1,5713
0.5,2610.829751,169.19,1.44,-2.71,-26.51,-6.77,-6.0,1,5585
0.5,2610.839751,170.24,1.45,-2.91,-26.51,-7.36,-7.25,1,5457
0.5,2610.849751,171.47,1.34,-3.79,-26.51,-7.94,-8.5,1,5330
0.5,2610.859751,172.44,1.22,-5.6,-26.55,-8.52,-9.25,1,5197
0.5,2610.869751,172.35,1.29,-7.2,-26.6,-9.08,-9.25,1,5075
0.5,2610.879751,172.09,1.37,-7.41,-26.61,-9.64,-8.75,1,5954
0.5,2610.889750,171.47,1.34,-6.56,-26.56,-10.18,-8.5,1,5827
0.5,2610.899751,172.09,1.28,-5.67,-26.51,-10.72,-9.0,1,5708
0.5,2610.909751,173.41,1.23,-5.26,-26.49,-11.24,-10.25,1,5591
0.5,2610.919751,174.55,1.25,-6.5,-26.53,-11.76,-11.5,1,5453
0.5,2610.929751,175.17,1.27,-8.83,-26.59,-12.26,-12.0,1,5326
0.5,2610.939751,175.43,1.27,-10.12,-26.63,-12.75,-12.5,1,5199
0.5,2610.949751,175.78,1.29,-9.93,-26.63,-13.23,-12.75,1,5074
0.5,2610.959751,176.4,1.16,-10.04,-26.58,-13.69,-13.25,1,5959
0.5,2610.969751,177.19,1.21,-10.18,-26.61,-14.14,-14.25,1,5832
0.5,2610.979751,177.98,1.15,-11.03,-26.62,-14.58,-15.0,1,5713
0.5,2610.989752,178.33,1.09,-12.38,-26.63,-15.0,-15.25,1,5588
0.5,2610.999751,178.33,1.19,-12.96,-26.66,-15.41,-15.0,1,5449
0.5,2611.009751,178.24,1.18,-12.8,-26.65,-15.8,-15.25,1,5330
0.5,2611.019751,179.12,1.13,-12.09,-26.61,-16.18,-16.0,1,5197
0.5,2611.029751,180.35,1.01,-12.4,-26.59,-16.54,-17.25,1,5079
0.5,2611.039751,180.88,1.02,-13.99,-26.64,-16.89,-17.75,1,5955
0.5,2611.049750,180.88,1.14,-15.5,-26.7,-17.21,-17.5,1,5827
0.5,2611.059751,180.44,1.18,-15.65,-26.71,-17.53,-16.75,1,5709
0.5,2611.069751,179.65,1.13,-14.8,-26.66,-17.82,-16.75,1,5581
0.5,2611.079751,180.26,1.06,-13.96,-26.6,-18.1,-17.25,1,5454
0.5,2611.089751,181.05,1.0,-13.35,-26.57,-18.36,-18.0,1,5326
0.5,2611.099751,181.58,1.02,-14.18,-26.62,-18.6,-18.5,1,5190
0.5,2611.109751,181.49,1.14,-15.92,-26.72,-18.82,-18.5,1,5071
0.5,2611.119751,181.67,1.15,-16.13,-26.72,-19.02,-18.75,1,5951
0.5,2611.129751,182.37,1.06,-15.66,-26.66,-19.21,-19.25,1,5823
0.5,2611.139751,182.81,0.93,-16.11,-26.63,-19.37,-19.75,1,5713
0.5,2611.149751,183.08,0.99,-17.05,-26.69,-19.52,-19.75,1,5587
0.5,2611.159751,182.9,1.07,-17.37,-26.73,-19.65,-19.5,1,5449
0.5,2611.169751,182.64,1.05,-17.21,-26.69,-19.75,-19.25,1,5331
0.5,2611.179754,182.2,1.02,-16.78,-26.67,-19.84,-19.25,1,5198
0.5,2611.189751,183.16,0.98,-16.33,-26.63,-19.91,-20.0,1,5096
0.5,2611.199751,184.22,0.99,-16.25,-26.63,-19.96,-21.25,1,5955
0.5,2611.209753,184.83,0.98,-17.75,-26.67,-19.99,-21.75,1,5831
0.5,2611.219751,184.83,1.04,-19.44,-26.75,-20.0,-21.5,1,5712
0.5,2611.229751,184.48,1.05,-19.59,-26.75,-19.99,-20.75,1,5573
0.5,2611.239751,183.6,1.02,-18.89,-26.7,-19.96,-20.5,1,5454
0.5,2611.249751,183.6,0.94,-18.05,-26.64,-19.91,-20.5,1,5327
0.5,2611.259751,183.87,0.87,-17.0,-26.59,-19.84,-20.75,1,5191
0.5,2611.269751,183.87,0.96,-17.1,-26.63,-19.75,-20.5,1,5089
0.5,2611.279751,183.78,1.1,-17.78,-26.73,-19.65,-20.0,1,5951
0.5,2611.289751,183.16,1.03,-17.72,-26.69,-19.52,-19.75,1,5824
0.5,2611.299751,183.16,1.0,-17.41,-26.66,-19.37,-20.0,1,5713
0.5,2611.309751,183.08,0.91,-16.74,-26.61,-19.21,-19.75,1,5579
0.5,2611.319751,182.9,0.97,-16.54,-26.65,-19.02,-19.25,1,5450
0.5,2611.329751,182.64,1.12,-16.95,-26.73,-18.82,-19.0,1,5322
0.5,2611.339751,182.46,1.03,-16.46,-26.64,-18.6,-18.75,1,5195
0.5,2611.349751,182.2,0.95,-16.21,-26.61,-18.36,-18.25,1,5088
0.5,2611.359751,181.93,1.02,-16.06,-26.65,-18.1,-18.25,1,5955
0.5,2611.369750,181.93,1.03,-15.67,-26.64,-17.82,-18.25,1,5827
0.5,2611.379751,181.76,1.02,-15.61,-26.63,-17.53,-18.0,1,5712
0.5,2611.389753,181.14,1.01,-15.7,-26.65,-17.21,-17.25,1,5575
0.5,2611.399751,180.53,1.07,-15.3,-26.65,-16.89,-16.75,1,5446
0.5,2611.409751,180.09,1.1,-14.22,-26.62,-16.54,-16.25,1,5327
0.5,2611.419751,179.74,1.03,-13.63,-26.6,-16.18,-16.25,1,5194
0.5,2611.429751,179.65,1.07,-13.33,-26.62,-15.8,-16.75,1,5089
0.5,2611.439751,179.91,1.05,-13.06,-26.61,-15.41,-16.75,1,5951
0.5,2611.449751,179.82,1.06,-13.37,-26.63,-15.0,-15.75,1,5824
0.5,2611.459751,178.51,1.14,-13.88,-26.69,-14.58,-15.25,1,5714
0.5,2611.469750,178.15,1.15,-12.99,-26.62,-14.14,-15.0,1,5578
0.5,2611.479750,178.15,1.04,-11.5,-26.56,-13.69,-14.75,1,5450
0.5,2611.489751,177.36,1.07,-11.1,-26.58,-13.23,-13.5,1,5324
0.5,2611.499753,176.04,1.29,-11.47,-26.64,-12.75,-12.25,1,5190
0.5,2611.509750,175.17,1.23,-10.47,-26.57,-12.26,-11.25,1,5097
0.5,2611.519750,174.64,1.13,-8.49,-26.51,-11.76,-11.5,1,5956
0.5,2611.529750,175.17,1.16,-7.7,-26.53,-11.24,-12.0,1,5831
0.5,2611.539750,175.25,1.2,-8.02,-26.54,-10.72,-12.25,1,5703
0.5,2611.549754,175.25,1.26,-8.91,-26.58,-10.18,-11.5,1,5577
0.5,2611.559750,174.2,1.29,-9.43,-26.62,-9.64,-10.25,1,5446
0.5,2611.569750,173.41,1.25,-8.69,-26.58,-9.08,-9.75,1,5327
0.5,2611.579750,172.97,1.21,-7.45,-26.53,-8.52,-9.5,1,5195
0.5,2611.589750,172.27,1.18,-6.27,-26.49,-7.94,-8.25,1,5090
0.5,2611.599750,171.12,1.31,-5.75,-26.53,-7.36,-7.25,1,5952
0.5,2611.609753,170.51,1.47,-4.95,-26.53,-6.77,-7.0,1,5827
0.5,2611.619750,170.51,1.25,-3.91,-26.47,-6.18,-6.75,1,5705
0.5,2611.629750,169.98,1.21,-3.55,-26.49,-5.58,-6.25,1,5578
0.5,2611.639750,169.01,1.45,-3.79,-26.52,-4.97,-5.0,1,5451
0.5,2611.649751,167.52,1.4,-3.26,-26.49,-4.36,-3.5,1,5324
0.5,2611.659754,166.38,1.44,-1.69,-26.46,-3.75,-2.75,1,5190
0.5,2611.669750,165.94,1.48,0.51,-26.4,-3.13,-2.75,1,5094
0.5,2611.679750,165.94,1.41,1.35,-26.38,-2.51,-2.75,1,5947
0.5,2611.689751,165.85,1.4,1.05,-26.41,-1.88,-2.25,1,5830
0.5,2611.699750,165.67,1.58,0.35,-26.43,-1.26,-1.75,1,5712
0.5,2611.709752,164.53,1.58,0.54,-26.39,-0.63,-0.5,1,5575
0.5,2611.719751,162.86,1.48,0.95,-26.4,-0.0,1.0,1,5446
0.5,2611.729750,161.46,1.61,2.76,-26.38,0.63,2.0,1,5328
0.5,2611.739753,161.28,1.61,5.41,-26.3,1.26,2.0,1,5195
0.5,2611.749750,161.19,1.55,6.43,-26.29,1.88,1.75,1,5090
0.5,2611.759750,161.1,1.58,5.7,-26.31,2.51,2.25,1,5952
0.5,2611.769753,161.1,1.71,4.86,-26.34,3.13,2.25,1,5826
0.5,2611.779750,160.84,1.71,5.17,-26.3,3.75,3.0,1,5706
0.5,2611.789750,160.14,1.57,5.28,-26.31,4.36,3.75,1,5570
0.5,2611.799750,159.35,1.66,5.57,-26.31,4.97,4.75,1,5451
0.5,2611.809753,158.73,1.72,6.58,-26.28,5.58,5.25,1,5326
0.5,2611.819753,158.29,1.63,7.86,-26.26,6.18,5.75,1,5191
0.5,2611.829750,157.85,1.72,8.26,-26.25,6.77,6.0,1,5098
0.5,2611.839750,157.24,1.73,8.41,-26.25,7.36,6.75,1,5948
0.5,2611.849752,156.18,1.71,8.74,-26.24,7.94,7.75,1,5821
0.5,2611.859750,155.3,1.79,9.68,-26.23,8.52,8.5,1,5713
0.5,2611.869752,154.42,1.86,11.22,-26.17,9.08,9.25,1,5575
0.5,2611.879750,153.63,1.79,12.15,-26.15,9.64,9.75,1,5447
0.5,2611.889750,153.28,1.87,12.82,-26.13,10.18,10.25,1,5319
0.5,2611.899753,152.75,1.91,13.38,-26.1,10.72,10.75,1,5195
0.5,2611.909750,152.31,1.91,13.69,-26.1,11.24,11.0,1,5091
0.5,2611.919750,152.05,1.91,13.93,-26.1,11.76,11.25,1,5953
0.5,2611.929753,152.05,1.91,14.24,-26.09,12.26,11.75,1,5827
0.5,2611.939750,151.52,1.91,14.3,-26.09,12.75,12.5,1,5706
0.5,2611.949754,150.91,1.94,14.24,-26.09,13.23,13.25,1,5573
0.5,2611.959750,150.29,1.96,14.89,-26.07,13.69,13.75,1,5443
0.5,2611.969750,149.59,1.93,16.1,-26.05,14.14,14.0,1,5324
0.5,2611.979751,148.97,2.04,16.6,-26.02,14.58,14.25,1,5188
0.5,2611.989751,148.54,2.05,17.31,-26.0,15.0,15.0,1,5086
0.5,2611.999751,147.92,2.03,17.9,-26.0,15.41,16.0,1,5948
0.5,2612.009751,146.95,2.09,18.07,-25.99,15.8,16.5,1,5821
0.5,2612.019751,147.04,2.1,18.79,-25.97,16.18,16.25,1,5713
0.5,2612.029751,147.74,2.05,19.94,-25.95,16.54,15.5,1,5576
0.5,2612.039751,147.92,2.11,19.26,-25.96,16.89,15.25,1,5447
0.5,2612.049754,147.83,2.12,17.65,-25.99,17.21,15.75,1,5323
0.5,2612.059754,147.13,2.06,17.55,-25.98,17.53,16.75,1,5187
0.5,2612.069751,146.07,2.1,18.22,-25.97,17.82,17.0,1,5094
0.5,2612.079751,146.07,2.11,19.47,-25.94,18.1,17.25,1,5944
0.5,2612.089752,145.63,2.1,20.96,-25.92,18.36,18.25,1,5827
0.5,2612.099751,144.58,2.14,20.38,-25.93,18.6,19.25,1,5710
0.5,2612.109754,143.44,2.22,20.93,-25.91,18.82,20.25,1,5574
0.5,2612.119751,143.17,2.21,22.59,-25.87,19.02,20.0,1,5443
0.5,2612.129754,143.26,2.24,23.85,-25.82,19.21,19.75,1,5327
0.5,2612.139751,143.0,2.27,23.59,-25.81,19.37,20.25,1,5188
0.5,2612.149751,142.73,2.24,22.52,-25.87,19.52,20.75,1,6079
0.5,2612.159751,142.65,2.27,22.96,-25.88,19.65,20.5,1,5949
0.5,2612.169754,142.91,2.24,23.52,-25.85,19.75,20.25,1,5824
0.5,2612.179751,142.82,2.2,23.52,-25.85,19.84,20.5,1,5705
0.5,2612.189751,142.56,2.28,22.73,-25.87,19.91,21.0,1,5576
0.5,2612.199751,142.65,2.28,23.19,-25.87,19.96,20.75,1,5448
0.5,2612.209754,143.09,2.25,23.61,-25.84,19.99,19.75,1,5323
0.5,2612.219751,143.79,2.2,23.33,-25.85,20.0,19.25,1,5185
0.5,2612.229751,144.05,2.25,21.96,-25.86,19.99,19.0,1,6080
0.5,2612.239751,143.79,2.18,21.18,-25.88,19.96,19.75,1,5953
0.5,2612.249752,143.09,2.2,21.32,-25.89,19.91,20.5,1,5828
0.5,2612.259751,142.21,2.23,22.25,-25.88,19.84,21.0,1,5710
0.5,2612.269754,142.65,2.27,23.37,-25.83,19.75,20.5,1,5574
0.5,2612.279751,143.0,2.29,24.58,-25.79,19.65,20.0,1,5444
0.5,2612.289750,142.82,2.26,23.45,-25.82,19.52,20.25,1,5315
0.5,2612.299751,142.47,2.22,22.32,-25.86,19.37,20.75,1,5188
0.5,2612.309751,142.91,2.26,23.07,-25.86,19.21,20.25,1,6076
0.5,2612.319751,143.53,2.24,23.51,-25.84,19.02,19.25,1,5949
0.5,2612.329754,144.23,2.19,22.87,-25.86,18.82,18.75,1,5825
0.5,2612.339751,144.84,2.23,21.4,-25.88,18.6,18.25,1,5703
0.5,2612.349750,144.84,2.17,20.6,-25.89,18.36,18.0,1,5567
0.5,2612.359751,144.84,2.17,20.22,-25.92,18.1,18.25,1,5451
0.5,2612.369754,144.49,2.16,20.57,-25.91,17.82,18.75,1,5315
0.5,2612.379751,144.49,2.17,21.27,-25.88,17.53,18.5,1,5184
0.5,2612.389751,145.37,2.18,21.6,-25.86,17.21,17.75,1,6081
0.5,2612.399751,146.16,2.19,21.28,-25.87,16.89,17.0,1,5954
0.5,2612.409754,146.16,2.11,19.77,-25.94,16.54,16.75,1,5820
0.5,2612.419751,146.34,2.12,18.88,-25.95,16.18,16.75,1,5711
0.5,2612.429754,146.51,2.13,19.25,-25.94,15.8,16.5,1,5574
0.5,2612.439751,147.57,2.11,19.37,-25.95,15.41,15.5,1,5447
0.5,2612.449753,148.71,2.09,18.95,-25.96,15.0,14.25,1,5318
0.5,2612.459751,149.41,2.04,17.35,-26.02,14.58,13.5,1,5189
0.5,2612.469751,149.41,2.04,15.74,-26.05,14.14,13.5,1,6079
0.5,2612.479751,149.24,2.03,15.42,-26.04,13.69,13.75,1,5949
0.5,2612.489754,149.41,2.05,16.19,-26.01,13.23,13.5,1,5825
0.5,2612.499751,149.59,1.98,16.69,-26.01,12.75,13.25,1,5703
0.5,2612.509754,150.12,1.92,16.33,-26.05,12.26,13.0,1,5570
0.5,2612.519751,151.17,2.06,15.98,-26.04,11.76,11.75,1,5443
0.5,2612.529753,152.49,1.97,15.22,-26.08,11.24,10.5,1,5315
0.5,2612.539751,153.28,1.85,13.42,-26.14,10.72,9.75,1,5185
0.5,2612.549751,153.37,1.9,11.77,-26.17,10.18,9.75,1,6076
0.5,2612.559751,153.28,1.95,11.4,-26.16,9.64,9.75,1,5945
0.5,2612.569751,153.54,1.94,12.26,-26.12,9.08,9.5,1,5819
0.5,2612.579751,154.07,1.81,12.74,-26.13,8.52,9.0,1,5711
0.5,2612.589753,154.86,1.77,12.06,-26.18,7.94,8.25,1,5574
0.5,2612.599751,155.65,1.88,11.23,-26.18,7.36,7.25,1,5444
0.5,2612.609754,156.27,1.81,9.97,-26.22,6.77,6.75,1,5311
0.5,2612.619751,156.71,1.82,9.26,-26.23,6.18,6.25,1,5181
0.5,2612.629751,157.15,1.78,8.84,-26.24,5.58,6.0,1,6077
0.5,2612.639751,157.68,1.75,8.54,-26.24,4.97,5.25,1,5950
0.5,2612.649754,158.64,1.75,8.27,-26.25,4.36,4.5,1,5825
0.5,2612.659751,159.26,1.68,7.54,-26.27,3.75,3.75,1,5704
0.5,2612.669754,159.87,1.64,6.41,-26.29,3.13,3.25,1,5570
0.5,2612.679751,160.22,1.73,5.79,-26.31,2.51,2.75,1,5443
0.5,2612.689753,160.75,1.67,5.34,-26.31,1.88,2.5,1,5315
0.5,2612.699751,161.28,1.63,5.12,-26.31,1.26,1.75,1,5185
0.5,2612.709751,162.07,1.67,4.9,-26.32,0.63,1.0,1,6075
0.5,2612.719751,162.69,1.58,4.13,-26.33,0.0,0.25,1,5946
0.5,2612.729751,163.39,1.52,2.96,-26.36,-0.63,-0.25,1,5821
0.5,2612.739751,164.09,1.62,2.34,-26.39,-1.26,-1.0,1,5699
0.5,2612.749754,165.15,1.57,1.9,-26.39,-1.88,-2.0,1,5575
0.5,2612.759751,165.94,1.45,0.88,-26.4,-2.51,-3.0,1,5445
0.5,2612.769754,166.46,1.43,-0.52,-26.43,-3.13,-3.25,1,5311
0.5,2612.779751,166.46,1.57,-1.17,-26.45,-3.75,-3.25,1,5181
0.5,2612.789751,166.64,1.53,-1.12,-26.43,-4.36,-3.5,1,6077
0.5,2612.799751,167.61,1.46,-0.48,-26.41,-4.97,-4.5,1,5950
0.5,2612.809754,168.4,1.34,-0.95,-26.42,-5.58,-5.25,1,5826
0.5,2612.819751,168.57,1.34,-2.51,-26.47,-6.18,-5.5,1,5704
0.5,2612.829754,169.01,1.48,-3.31,-26.51,-6.77,-6.0,1,5571
0.5,2612.839751,170.16,1.49,-3.0,-26.49,-7.36,-7.0,1,5443
0.5,2612.849753,170.95,1.26,-3.72,-26.47,-7.94,-8.0,1,5315
0.5,2612.859751,171.39,1.2,-5.3,-26.52,-8.52,-8.25,1,5185
0.5,2612.869751,171.56,1.38,-6.12,-26.57,-9.08,-8.5,1,6075
0.5,2612.879751,172.09,1.4,-5.91,-26.54,-9.64,-9.0,1,5946
0.5,2612.889754,172.97,1.23,-6.08,-26.49,-10.18,-9.75,1,5822
0.5,2612.899751,173.67,1.25,-6.67,-26.52,-10.72,-10.75,1,5700
0.5,2612.909753,174.29,1.27,-7.79,-26.55,-11.24,-11.25,1,5567
0.5,2612.919751,174.73,1.32,-8.56,-26.58,-11.76,-11.75,1,5445
0.5,2612.929754,175.08,1.22,-9.07,-26.56,-12.26,-12.0,1,5312
0.5,2612.939751,175.43,1.21,-9.34,-26.57,-12.75,-12.25,1,5181
0.5,2612.949751,175.87,1.25,-9.53,-26.57,-13.23,-12.75,1,6078
0.5,2612.959751,176.75,1.25,-9.69,-26.56,-13.69,-13.75,1,5950
0.5,2612.969754,177.36,1.17,-10.4,-26.56,-14.14,-14.25,1,5826
0.5,2612.979751,177.98,1.11,-11.58,-26.6,-14.58,-14.75,1,5704
0.5,2612.989754,178.42,1.2,-12.17,-26.62,-15.0,-15.25,1,5571
0.5,2612.999751,178.86,1.14,-12.66,-26.6,-15.41,-15.75,1,5443
0.5,2613.009754,179.12,1.1,-12.97,-26.61,-15.8,-16.0,1,5316
0.5,2613.019751,179.21,1.12,-13.2,-26.62,-16.18,-16.25,1,5186
0.5,2613.029751,179.3,1.11,-13.31,-26.62,-16.54,-16.25,1,6077
0.5,2613.039751,179.65,1.11,-13.34,-26.61,-16.89,-16.5,1,5946
0.5,2613.049751,180.26,1.11,-13.35,-26.61,-17.21,-17.25,1,5822
0.5,2613.059751,180.88,1.06,-13.95,-26.61,-17.53,-17.75,1,5700
0.5,2613.069751,181.32,1.03,-15.0,-26.63,-17.82,-18.25,1,5567
0.5,2613.079751,181.41,1.12,-15.47,-26.67,-18.1,-18.25,1,5437
0.5,2613.089754,181.32,1.08,-15.79,-26.64,-18.36,-18.0,1,5312
0.5,2613.099751,181.05,1.06,-15.63,-26.64,-18.6,-18.0,1,5181
0.5,2613.109751,181.58,1.05,-15.05,-26.62,-18.82,-18.75,1,6069
0.5,2613.119751,182.81,0.98,-15.1,-26.57,-19.02,-19.75,1,5942
0.5,2613.129754,183.25,0.98,-16.37,-26.63,-19.21,-20.25,1,5818
0.5,2613.139751,183.34,1.04,-17.84,-26.7,-19.37,-19.75,1,5705
0.5,2613.149754,182.81,1.06,-17.92,-26.71,-19.52,-19.25,1,5571
0.5,2613.159751,182.46,1.05,-17.2,-26.66,-19.65,-19.5,1,5441
0.5,2613.169752,182.64,0.96,-16.57,-26.58,-19.75,-19.5,1,5307
0.5,2613.179751,182.64,0.93,-16.11,-26.59,-19.84,-19.5,1,5186
0.5,2613.189751,182.64,1.06,-16.41,-26.68,-19.91,-19.5,1,6075
0.5,2613.199751,182.72,1.05,-16.54,-26.63,-19.96,-19.5,1,5946
0.5,2613.209754,182.64,1.02,-16.56,-26.63,-19.99,-19.5,1,5822
0.5,2613.219751,182.64,1.01,-16.52,-26.64,-20.0,-19.5,1,5702
0.5,2613.229751,182.64,1.02,-16.53,-26.63,-19.99,-19.5,1,5567
0.5,2613.239751,182.64,1.02,-16.53,-26.63,-19.96,-19.5,1,5437
0.5,2613.249754,182.72,1.02,-16.54,-26.63,-19.91,-19.5,1,5313
0.5,2613.259751,182.72,1.02,-16.54,-26.63,-19.84,-19.5,1,5182
0.5,2613.269751,182.64,1.02,-16.54,-26.63,-19.75,-19.5,1,6070
0.5,2613.279751,182.72,1.02,-16.53,-26.63,-19.65,-19.5,1,5951
0.5,2613.289754,182.72,1.02,-16.53,-26.63,-19.52,-19.5,1,5827
0.5,2613.299751,182.55,1.02,-16.54,-26.63,-19.37,-19.5,1,5705
0.5,2613.309754,182.72,1.02,-16.54,-26.63,-19.21,-19.5,1,5572
0.5,2613.319751,182.64,1.02,-16.53,-26.63,-19.02,-19.25,1,5444
0.5,2613.329751,182.29,1.01,-16.51,-26.63,-18.82,-18.5,1,5317
0.5,2613.339751,181.58,1.02,-16.46,-26.65,-18.6,-18.25,1,5178
0.5,2613.349751,181.49,1.02,-15.87,-26.61,-18.36,-18.25,1,6077
0.5,2613.359751,181.67,0.95,-14.87,-26.55,-18.1,-18.5,1,5947
0.5,2613.369754,181.67,1.01,-15.02,-26.6,-17.82,-18.25,1,5831
0.5,2613.379751,181.67,1.11,-15.56,-26.65,-17.53,-17.75,1,5701
0.5,2613.389751,181.05,1.07,-15.55,-26.63,-17.21,-17.25,1,5568
0.5,2613.399751,180.7,1.03,-15.25,-26.61,-16.89,-16.75,1,5437
0.5,2613.409751,180.35,1.0,-14.6,-26.58,-16.54,-16.75,1,5310
0.5,2613.419751,180.18,1.06,-14.01,-26.59,-16.18,-16.25,1,5191
0.5,2613.429751,180.09,1.06,-13.86,-26.59,-15.8,-16.25,1,6073
0.5,2613.439751,179.74,1.06,-13.81,-26.59,-15.41,-16.0,1,5943
0.5,2613.449751,178.68,1.06,-13.75,-26.6,-15.0,-14.75,1,5827
0.5,2613.459751,177.28,1.11,-13.08,-26.6,-14.58,-13.5,1,5697
0.5,2613.469754,176.13,1.2,-11.24,-26.57,-14.14,-12.75,1,5563
0.5,2613.479750,175.78,1.16,-9.39,-26.51,-13.69,-12.75,1,5442
0.5,2613.489751,176.04,1.1,-8.45,-26.49,-13.23,-13.0,1,5307
0.5,2613.499750,175.87,1.14,-8.91,-26.54,-12.75,-12.75,1,5187
0.5,2613.509750,175.78,1.28,-10.04,-26.6,-12.26,-12.5,1,6076
0.5,2613.519750,175.69,1.28,-9.67,-26.54,-11.76,-12.25,1,5947
0.5,2613.529754,175.69,1.13,-9.55,-26.51,-11.24,-12.0,1,5831
0.5,2613.539750,174.81,1.16,-9.46,-26.54,-10.72,-11.0,1,5701
0.5,2613.549753,173.41,1.24,-9.26,-26.56,-10.18,-9.5,1,5568
0.5,2613.559750,172.44,1.31,-7.82,-26.53,-9.64,-8.75,1,5440
0.5,2613.569750,171.83,1.27,-5.6,-26.46,-9.08,-8.75,1,5310
0.5,2613.579750,172.18,1.23,-4.94,-26.44,-8.52,-9.0,1,5191
0.5,2613.589750,172.18,1.24,-5.22,-26.48,-7.94,-8.25,1,6071
0.5,2613.599750,171.3,1.36,-5.8,-26.52,-7.36,-7.25,1,5943
0.5,2613.609750,170.6,1.4,-5.67,-26.51,-6.77,-6.75,1,5824
0.5,2613.619750,169.8,1.29,-4.61,-26.45,-6.18,-6.0,1,5697
0.5,2613.629750,168.93,1.28,-3.24,-26.43,-5.58,-5.25,1,5561
0.5,2613.639750,168.49,1.4,-2.54,-26.44,-4.97,-5.25,1,5433
0.5,2613.649750,168.84,1.4,-1.78,-26.41,-4.36,-5.75,1,5306
0.5,2613.659750,168.84,1.4,-1.72,-26.41,-3.75,-5.5,1,5204
0.5,2613.669750,168.75,1.4,-2.63,-26.46,-3.13,-4.75,1,6066
0.5,2613.679750,167.17,1.45,-2.8,-26.47,-2.51,-3.25,1,5939
0.5,2613.689753,165.67,1.44,-1.84,-26.42,-1.88,-1.75,1,5823
0.5,2613.699750,164.44,1.47,0.32,-26.38,-1.26,-1.25,1,5701
0.5,2613.709753,163.65,1.48,2.53,-26.32,-0.63,-0.5,1,5568
0.5,2613.719751,163.21,1.46,3.33,-26.33,0.0,-0.0,1,5438
0.5,2613.729750,163.04,1.65,3.71,-26.3,0.63,0.5,1,5302
0.5,2613.739750,162.69,1.61,3.64,-26.3,1.26,0.75,1,5209
0.5,2613.749750,162.16,1.55,3.53,-26.31,1.88,1.25,1,6074
0.5,2613.759750,161.37,1.57,3.87,-26.31,2.51,2.75,1,5943
0.5,2613.769750,159.96,1.64,4.47,-26.29,3.13,4.25,1,5825
0.5,2613.779750,158.64,1.71,5.85,-26.25,3.75,5.0,1,5689
0.5,2613.789750,158.2,1.67,8.02,-26.22,4.36,5.0,1,5561
0.5,2613.799750,158.29,1.65,9.26,-26.2,4.97,5.0,1,5434
0.5,2613.809750,158.12,1.68,8.89,-26.22,5.58,5.25,1,5306
0.5,2613.819750,157.85,1.79,7.73,-26.25,6.18,5.75,1,5205
0.5,2613.829750,157.15,1.79,8.17,-26.22,6.77,6.75,1,6067
0.5,2613.839750,155.92,1.7,8.48,-26.21,7.36,7.5,1,5939
0.5,2613.849750,155.04,1.79,9.65,-26.18,7.94,8.25,1,5823
0.5,2613.859750,154.86,1.77,11.54,-26.14,8.52,8.25,1,5685
0.5,2613.869750,155.13,1.86,12.27,-26.11,9.08,8.25,1,5560
0.5,2613.879750,154.95,1.81,11.71,-26.13,9.64,8.25,1,5438
0.5,2613.889750,154.86,1.77,10.85,-26.18,10.18,9.25,1,5302
0.5,2613.899750,153.28,1.88,10.95,-26.17,10.72,10.25,1,5201
0.5,2613.909750,153.11,1.88,12.0,-26.13,11.24,10.25,1,6072
0.5,2613.919750,153.02,1.8,13.78,-26.09,11.76,10.25,1,5944
0.5,2613.929750,152.84,1.79,13.97,-26.1,12.26,10.75,1,5825
0.5,2613.939750,151.79,2.0,12.99,-26.1,12.75,12.25,1,5689
0.5,2613.949750,150.29,2.01,13.62,-26.06,13.23,13.5,1,5562
0.5,2613.959750,149.15,1.94,15.18,-26.04,13.69,14.0,1,5434
0.5,2613.969751,148.54,1.95,17.79,-25.98,14.14,14.75,1,5307
0.5,2613.979751,148.45,2.01,18.44,-25.96,14.58,14.75,1,5205
0.5,2613.989751,148.89,2.17,18.34,-25.92,15.0,14.25,1,6067
0.5,2613.999751,148.89,2.02,17.73,-25.98,15.41,14.25,1,5940
0.5,2614.009751,148.71,1.96,16.82,-26.03,15.8,15.25,1,5824
0.5,2614.019751,147.57,2.1,17.0,-26.0,16.18,16.0,1,5685
0.5,2614.029754,146.95,2.08,17.88,-25.98,16.54,16.25,1,5560
0.5,2614.039751,146.78,2.02,19.42,-25.95,16.89,16.5,1,5439
0.5,2614.049751,146.78,2.08,20.18,-25.91,17.21,16.75,1,5303
0.5,2614.059751,146.69,2.23,19.36,-25.89,17.53,16.75,1,5210
0.5,2614.069751,146.6,2.11,19.39,-25.93,17.82,17.0,1,6075
0.5,2614.079751,145.9,2.1,19.35,-25.92,18.1,18.0,1,5944
0.5,2614.089751,144.58,2.14,19.49,-25.92,18.36,19.25,1,5816
0.5,2614.099751,143.35,2.16,20.7,-25.88,18.6,20.25,1,5689
0.5,2614.109751,143.17,2.22,23.04,-25.8,18.82,20.0,1,5565
0.5,2614.119751,143.26,2.26,24.18,-25.76,19.02,19.75,1,5434
0.5,2614.129751,143.09,2.25,23.69,-25.79,19.21,20.5,1,5299
0.5,2614.139751,142.56,2.25,22.59,-25.85,19.37,21.25,1,5206
0.5,2614.149751,142.38,2.27,23.04,-25.84,19.52,20.75,1,6068
0.5,2614.159751,142.65,2.24,23.71,-25.81,19.65,20.5,1,5940
0.5,2614.169751,142.47,2.21,24.01,-25.8,19.75,21.0,1,5821
0.5,2614.179751,142.21,2.29,23.18,-25.82,19.84,21.5,1,5685
0.5,2614.189751,142.03,2.28,23.52,-25.82,19.91,21.25,1,5559
0.5,2614.199751,142.47,2.26,23.92,-25.8,19.96,20.75,1,5430
0.5,2614.209751,142.65,2.23,24.0,-25.79,19.99,20.5,1,5303
0.5,2614.219751,142.38,2.29,23.22,-25.78,20.0,20.75,1,5202
0.5,2614.229751,142.56,2.22,22.9,-25.8,19.99,20.75,1,6066
0.5,2614.239751,142.91,2.29,23.59,-25.79,19.96,20.25,1,5945
0.5,2614.249751,143.09,2.25,23.33,-25.8,19.91,20.0,1,5817
0.5,2614.259751,142.82,2.2,22.5,-25.83,19.84,20.25,1,5690
0.5,2614.269751,142.73,2.24,22.68,-25.82,19.75,20.25,1,5565
0.5,2614.279751,143.53,2.27,23.37,-25.8,19.65,19.75,1,5435
0.5,2614.289751,144.4,2.24,23.14,-25.8,19.52,18.75,1,5299
0.5,2614.299751,144.84,2.2,21.7,-25.84,19.37,18.25,1,5206
0.5,2614.309751,144.67,2.15,20.3,-25.87,19.21,18.5,1,6068
0.5,2614.319751,144.4,2.14,20.21,-25.87,19.02,18.75,1,5940
0.5,2614.329751,144.32,2.19,21.08,-25.84,18.82,18.75,1,5824
0.5,2614.339751,144.32,2.15,21.79,-25.84,18.6,18.75,1,5686
0.5,2614.349751,144.32,2.15,22.02,-25.84,18.36,18.75,1,5558
0.5,2614.359751,144.58,2.27,21.61,-25.82,18.1,18.5,1,5430
0.5,2614.369751,145.2,2.21,21.52,-25.84,17.82,17.75,1,5295
0.5,2614.379751,145.72,2.17,20.95,-25.86,17.53,17.25,1,5202
0.5,2614.389751,146.25,2.12,19.92,-25.89,17.21,16.75,1,6064
0.5,2614.399751,146.25,2.14,19.38,-25.89,16.89,16.75,1,5936
0.5,2614.409751,146.16,2.13,19.12,-25.92,16.54,17.25,1,5817
0.5,2614.419751,145.72,2.13,19.36,-25.92,16.18,17.5,1,5681
0.5,2614.429751,146.34,2.12,20.03,-25.89,15.8,16.75,1,5563
0.5,2614.439751,147.13,2.08,20.3,-25.88,15.41,15.75,1,5435
0.5,2614.449751,147.66,2.1,19.26,-25.91,15.0,15.25,1,5299
0.5,2614.459751,147.66,2.09,17.63,-25.95,14.58,15.25,1,5206
0.5,2614.469751,148.01,2.1,17.49,-25.94,14.14,15.0,1,6068
0.5,2614.479751,148.89,2.08,17.97,-25.94,13.69,14.0,1,5941
0.5,2614.489751,149.85,2.0,17.5,-25.99,13.23,13.0,1,5824
0.5,2614.499751,150.21,1.95,15.95,-26.02,12.75,12.75,1,5686
0.5,2614.509751,150.56,2.02,14.85,-26.04,12.26,12.5,1,5559
0.5,2614.519751,150.73,2.01,14.97,-26.03,11.76,12.25,1,5431
0.5,2614.529751,151.17,1.93,14.95,-26.05,11.24,11.75,1,5295
0.5,2614.539751,151.88,1.98,14.93,-26.05,10.72,11.25,1,5202
0.5,2614.549751,152.49,1.94,14.34,-26.08,10.18,10.75,1,6064
0.5,2614.559751,152.93,1.87,13.19,-26.12,9.64,10.25,1,5937
0.5,2614.569751,153.28,1.93,12.68,-26.11,9.08,9.75,1,5818
0.5,2614.579751,153.98,1.9,12.37,-26.11,8.52,9.25,1,5682
0.5,2614.589751,155.21,1.9,12.09,-26.11,7.94,7.75,1,5557
0.5,2614.599751,156.62,1.83,11.2,-26.14,7.36,6.5,1,5436
0.5,2614.609751,157.32,1.69,9.28,-26.21,6.77,5.5,1,5299
0.5,2614.619751,157.59,1.74,7.51,-26.25,6.18,5.5,1,5207
0.5,2614.629751,157.59,1.82,7.22,-26.25,5.58,5.75,1,6068
0.5,2614.639751,157.76,1.78,8.01,-26.21,4.97,5.25,1,5941
0.5,2614.649751,157.94,1.65,8.44,-26.2,4.36,5.0,1,5823
0.5,2614.659751,158.47,1.6,8.01,-26.24,3.75,4.75,1,5686
0.5,2614.669751,159.52,1.78,7.78,-26.24,3.13,3.5,1,5559
0.5,2614.679751,160.4,1.67,7.01,-26.25,2.51,2.5,1,5431
0.5,2614.689751,160.84,1.54,5.18,-26.29,1.88,2.25,1,5295
0.5,2614.699751,161.37,1.67,4.24,-26.32,1.26,1.75,1,6192
0.5,2614.709751,162.6,1.7,4.58,-26.3,0.63,0.5,1,6064
0.5,2614.719751,163.92,1.49,3.77,-26.3,-0.0,-0.75,1,5937
0.5,2614.729751,164.79,1.44,2.1,-26.35,-0.63,-1.75,1,5818
0.5,2614.739751,164.79,1.59,0.41,-26.38,-1.26,-1.75,1,5682
0.5,2614.749751,164.62,1.61,0.03,-26.39,-1.88,-1.5,1,5558
0.5,2614.759751,165.15,1.54,0.9,-26.35,-2.51,-2.0,1,5427
0.5,2614.769751,166.29,1.43,1.34,-26.33,-3.13,-3.25,1,5300
0.5,2614.779751,167.78,1.38,0.45,-26.36,-3.75,-4.75,1,6187
0.5,2614.789751,168.66,1.48,-1.65,-26.42,-4.36,-5.75,1,6060
0.5,2614.799751,168.75,1.44,-3.51,-26.46,-4.97,-5.5,1,5942
0.5,2614.809751,168.49,1.46,-3.9,-26.48,-5.58,-5.25,1,5824
0.5,2614.819751,169.01,1.47,-2.87,-26.44,-6.18,-6.0,1,5686
0.5,2614.829751,169.98,1.31,-2.43,-26.39,-6.77,-6.75,1,5562
0.5,2614.839751,170.68,1.22,-3.51,-26.44,-7.36,-7.75,1,5423
0.5,2614.849751,170.95,1.41,-4.92,-26.5,-7.94,-8.0,1,5296
0.5,2614.859751,171.04,1.41,-5.55,-26.5,-8.52,-7.75,1,6192
0.5,2614.869751,171.04,1.31,-5.5,-26.47,-9.08,-7.75,1,6065
0.5,2614.879751,171.74,1.33,-4.83,-26.45,-9.64,-8.75,1,5937
0.5,2614.889751,172.53,1.25,-5.06,-26.44,-10.18,-9.5,1,5822
0.5,2614.899751,172.79,1.22,-6.45,-26.48,-10.72,-9.75,1,5682
0.5,2614.909751,173.14,1.33,-7.4,-26.55,-11.24,-10.0,1,5555
0.5,2614.919751,174.11,1.34,-7.15,-26.53,-11.76,-11.0,1,5427
0.5,2614.929751,175.08,1.16,-7.69,-26.46,-12.26,-12.0,1,5300
0.5,2614.939751,175.43,1.13,-9.16,-26.53,-12.75,-12.25,1,6188
0.5,2614.949751,175.87,1.27,-10.11,-26.59,-13.23,-12.75,1,6061
0.5,2614.959751,176.92,1.3,-9.99,-26.55,-13.69,-13.75,1,5942
0.5,2614.969751,177.54,1.08,-10.67,-26.51,-14.14,-14.5,1,5823
0.5,2614.979751,177.8,1.07,-11.82,-26.56,-14.58,-14.75,1,5678
0.5,2614.989751,177.8,1.23,-12.32,-26.6,-15.0,-14.75,1,5559
0.5,2614.999751,177.63,1.2,-12.32,-26.58,-15.41,-14.25,1,5423
0.5,2615.009751,177.71,1.14,-11.64,-26.54,-15.8,-14.75,1,5296
0.5,2615.019751,178.15,1.1,-11.4,-26.52,-16.18,-15.25,1,6192
0.5,2615.029751,178.68,1.1,-11.7,-26.53,-16.54,-15.75,1,6065
0.5,2615.039751,179.03,1.1,-12.65,-26.57,-16.89,-16.0,1,5938
0.5,2615.049751,179.56,1.18,-13.19,-26.6,-17.21,-16.5,1,5822
0.5,2615.059751,180.44,1.11,-13.5,-26.57,-17.53,-17.25,1,5682
0.5,2615.069751,181.23,1.02,-14.26,-26.57,-17.82,-18.0,1,5555
0.5,2615.079751,181.67,1.03,-15.44,-26.6,-18.1,-18.75,1,5419
0.5,2615.089751,182.02,1.12,-16.05,-26.64,-18.36,-18.75,1,5300
0.5,2615.099751,181.93,1.05,-16.49,-26.61,-18.6,-18.5,1,6188
0.5,2615.109751,181.58,1.02,-16.35,-26.61,-18.82,-18.25,1,6061
0.5,2615.119751,181.49,1.04,-15.75,-26.59,-19.02,-18.25,1,5934
0.5,2615.129751,182.2,0.98,-15.25,-26.54,-19.21,-19.25,1,5823
0.5,2615.139751,183.34,1.0,-15.26,-26.56,-19.37,-20.25,1,5678
0.5,2615.149751,183.96,0.99,-16.89,-26.6,-19.52,-20.75,1,5563
0.5,2615.159751,183.78,1.02,-18.51,-26.67,-19.65,-20.5,1,5424
0.5,2615.169751,183.25,1.06,-18.57,-26.69,-19.75,-20.25,1,5296
0.5,2615.179751,183.6,1.04,-17.76,-26.63,-19.84,-20.5,1,6193
0.5,2615.189751,183.96,0.95,-17.12,-26.54,-19.91,-21.0,1,6065
0.5,2615.199751,183.96,0.9,-17.47,-26.56,-19.96,-20.5,1,5938
0.5,2615.209751,183.52,1.06,-18.35,-26.69,-19.99,-20.0,1,5822
0.5,2615.219751,183.52,1.08,-17.79,-26.64,-20.0,-20.0,1,5684
0.5,2615.229751,183.43,0.95,-17.48,-26.53,-19.99,-20.0,1,5556
0.5,2615.239751,183.16,0.93,-17.12,-26.55,-19.96,-20.0,1,5419
0.5,2615.249751,183.16,1.05,-17.02,-26.62,-19.91,-20.0,1,5292
0.5,2615.259751,183.25,1.01,-16.87,-26.58,-19.84,-20.0,1,6189
0.5,2615.269751,183.16,0.99,-16.98,-26.58,-19.75,-20.0,1,6061
0.5,2615.279751,183.16,1.0,-17.06,-26.59,-19.65,-20.0,1,5934
0.5,2615.289751,183.16,1.01,-17.08,-26.58,-19.52,-20.0,1,5824
0.5,2615.299751,183.25,1.0,-17.06,-26.59,-19.37,-19.75,1,5679
0.5,2615.309751,182.99,0.99,-17.05,-26.59,-19.21,-19.25,1,5552
0.5,2615.319751,182.37,1.02,-16.96,-26.61,-19.02,-18.5,1,5424
0.5,2615.329751,181.93,1.02,-16.53,-26.59,-18.82,-18.25,1,5299
0.5,2615.339752,181.85,0.97,-15.72,-26.53,-18.6,-18.75,1,6185
0.5,2615.349751,182.02,1.0,-15.35,-26.55,-18.36,-19.0,1,6057
0.5,2615.359751,182.02,1.0,-15.54,-26.57,-18.1,-18.75,1,5938
0.5,2615.369751,181.93,1.08,-15.87,-26.62,-17.82,-18.25,1,5823
0.5,2615.379751,181.41,1.06,-15.98,-26.61,-17.53,-17.75,1,5683
0.5,2615.389751,181.05,1.02,-15.62,-26.57,-17.21,-17.25,1,5556
0.5,2615.399751,180.79,0.98,-15.01,-26.54,-16.89,-17.0,1,5420
0.5,2615.409751,180.62,1.04,-14.41,-26.55,-16.54,-16.75,1,5292
0.5,2615.419751,180.53,1.06,-14.18,-26.55,-16.18,-16.75,1,6189
0.5,2615.429751,180.09,1.05,-14.15,-26.55,-15.8,-16.25,1,6061
0.5,2615.439751,179.38,1.06,-14.1,-26.56,-15.41,-15.75,1,5934
0.5,2615.449751,178.77,1.11,-13.47,-26.56,-15.0,-15.0,1,5815
0.5,2615.459751,178.33,1.14,-12.36,-26.54,-14.58,-14.5,1,5679
0.5,2615.469750,177.98,1.08,-11.82,-26.51,-14.14,-14.25,1,5555
0.5,2615.479750,177.71,1.13,-11.45,-26.52,-13.69,-13.75,1,5424
0.5,2615.489750,177.45,1.14,-11.25,-26.51,-13.23,-13.75,1,5297
0.5,2615.499751,176.92,1.13,-11.18,-26.51,-12.75,-13.25,1,6186
0.5,2615.509750,176.13,1.14,-10.92,-26.52,-12.26,-12.25,1,6057
0.5,2615.519750,175.43,1.21,-10.21,-26.51,-11.76,-11.5,1,5939
0.5,2615.529750,174.81,1.24,-8.99,-26.48,-11.24,-11.0,1,5823
0.5,2615.539750,174.29,1.16,-8.28,-26.46,-10.72,-10.5,1,5684
0.5,2615.549750,173.94,1.23,-7.79,-26.47,-10.18,-10.25,1,5556
0.5,2615.559750,173.76,1.24,-7.44,-26.46,-9.64,-9.75,1,5420
0.5,2615.569750,173.58,1.24,-7.3,-26.45,-9.08,-9.75,1,5292
0.5,2615.579750,173.06,1.26,-7.15,-26.45,-8.52,-9.25,1,6189
0.5,2615.589750,172.0,1.27,-7.01,-26.45,-7.94,-8.0,1,6062
0.5,2615.599750,170.51,1.31,-6.23,-26.45,-7.36,-6.5,1,5934
0.5,2615.609750,169.28,1.38,-4.27,-26.43,-6.77,-5.75,1,5816
0.5,2615.619750,168.84,1.34,-2.53,-26.37,-6.18,-5.75,1,5679
0.5,2615.629750,169.01,1.31,-1.63,-26.36,-5.58,-5.75,1,5552
0.5,2615.639750,168.84,1.35,-1.83,-26.39,-4.97,-5.25,1,5416
0.5,2615.649750,168.75,1.47,-2.68,-26.42,-4.36,-5.25,1,5297
0.5,2615.659751,168.57,1.48,-2.39,-26.38,-3.75,-4.75,1,6185
0.5,2615.669750,167.43,1.32,-2.27,-26.37,-3.13,-3.25,1,6058
0.5,2615.679750,166.03,1.43,-1.78,-26.39,-2.51,-2.0,1,5930
0.5,2615.689750,164.79,1.56,-0.07,-26.35,-1.88,-1.0,1,5820
0.5,2615.699750,164.18,1.47,1.99,-26.29,-1.26,-1.0,1,5675
0.5,2615.709750,164.71,1.43,3.0,-26.29,-0.63,-1.25,1,5556
1.0,2617.729751,164.09,1.56,1.81,-26.27,0.0,-0.25,1,6299
1.0,2617.739754,162.95,1.47,2.74,-26.25,1.26,0.75,1,6175
1.0,2617.749750,162.07,1.55,3.64,-26.25,2.51,1.75,1,6053
1.0,2617.759751,160.49,1.64,4.75,-26.21,3.75,3.5,1,5935
1.0,2617.769750,158.55,1.68,5.62,-26.2,4.97,5.25,1,5798
1.0,2617.779753,156.8,1.75,7.33,-26.17,6.18,7.0,1,5674
1.0,2617.789750,155.21,1.72,10.03,-26.11,7.36,8.25,1,5535
1.0,2617.799750,154.95,1.76,11.69,-26.07,8.52,8.25,1,5410
1.0,2617.809750,155.04,1.84,12.75,-26.04,9.64,8.25,1,6295
1.0,2617.819753,155.13,1.81,12.2,-26.05,10.72,8.25,1,6179
1.0,2617.829750,154.95,1.82,10.88,-26.11,11.76,9.25,1,6049
1.0,2617.839751,153.28,1.84,10.93,-26.12,12.75,10.75,1,5932
1.0,2617.849750,151.52,1.87,11.92,-26.07,13.69,12.5,1,5794
1.0,2617.859754,149.94,1.93,14.26,-26.0,14.58,13.75,1,5678
1.0,2617.869751,149.15,2.02,16.88,-25.92,15.41,14.25,1,5531
1.0,2617.879751,148.89,1.96,18.31,-25.9,16.18,15.0,1,5412
1.0,2617.889751,147.39,2.04,18.5,-25.89,16.89,16.5,1,6300
1.0,2617.899754,145.81,2.18,18.0,-25.89,17.53,17.75,1,6175
1.0,2617.909751,144.76,2.17,19.83,-25.86,18.1,18.5,1,6045
1.0,2617.919751,144.4,2.14,22.32,-25.78,18.6,18.75,1,5935
1.0,2617.929751,144.67,2.17,23.04,-25.74,19.02,18.75,1,5756
1.0,2617.939750,144.67,2.28,22.15,-25.74,19.37,18.5,1,5671
1.0,2617.949751,144.67,2.19,21.25,-25.81,19.65,18.75,1,5535
1.0,2617.959751,144.23,2.2,21.06,-25.82,19.84,19.75,1,5408
1.0,2617.969751,142.82,2.18,21.29,-25.82,19.96,20.75,1,6296
1.0,2617.979754,141.68,2.24,22.38,-25.78,20.0,21.75,1,6172
1.0,2617.989751,141.68,2.31,24.46,-25.71,19.96,21.5,1,6050
1.0,2617.999751,142.12,2.32,25.65,-25.65,19.84,21.0,1,5931
1.0,2618.009751,142.65,2.29,24.76,-25.68,19.65,20.5,1,5795
1.0,2618.019754,142.91,2.26,23.21,-25.74,19.37,20.25,1,5670
1.0,2618.029751,143.53,2.23,22.72,-25.74,19.02,19.75,1,5531
1.0,2618.039751,144.23,2.23,22.39,-25.73,18.6,18.75,1,5404
1.0,2618.049751,144.84,2.18,21.74,-25.76,18.1,18.25,1,6300
1.0,2618.059754,145.55,2.15,20.59,-25.81,17.53,17.5,1,6176
1.0,2618.069751,145.9,2.16,19.99,-25.81,16.89,17.0,1,6046
1.0,2618.079751,146.34,2.15,19.53,-25.83,16.18,16.75,1,5927
1.0,2618.089751,146.87,2.13,19.29,-25.85,15.41,16.25,1,5800
1.0,2618.099752,148.01,2.12,19.04,-25.86,14.58,15.0,1,5674
1.0,2618.109751,148.97,2.07,18.32,-25.9,13.69,14.0,1,5536
1.0,2618.119751,149.59,1.98,16.63,-25.96,12.75,13.25,1,5408
1.0,2618.129751,150.38,2.01,15.49,-25.97,11.76,12.75,1,6296
1.0,2618.139754,151.7,2.02,15.47,-25.95,10.72,11.25,1,6172
1.0,2618.149751,152.93,1.87,14.44,-26.02,9.64,10.0,1,6050
1.0,2618.159753,153.46,1.8,12.56,-26.08,8.52,9.5,1,5934
1.0,2618.169751,154.42,1.91,11.35,-26.08,7.36,8.75,1,5795
1.0,2618.179754,156.01,1.95,11.36,-26.07,6.18,7.25,1,5671
1.0,2618.189751,157.5,1.69,10.25,-26.12,4.97,5.5,1,5534
1.0,2618.199751,158.64,1.62,8.27,-26.18,3.75,4.25,1,5404
1.0,2618.209751,159.08,1.75,6.46,-26.21,2.51,4.0,1,6301
1.0,2618.219751,159.7,1.78,5.83,-26.22,1.26,3.25,1,6176
1.0,2618.229751,160.93,1.67,6.08,-26.2,0.0,2.25,1,6046
1.0,2618.239754,162.69,1.53,5.42,-26.23,-1.26,0.25,1,5930
1.0,2618.249751,164.44,1.51,3.61,-26.26,-2.51,-1.25,1,5791
1.0,2618.259752,165.41,1.55,1.15,-26.31,-3.75,-2.25,1,5673
1.0,2618.269751,166.55,1.56,-0.66,-26.35,-4.97,-3.5,1,5536
1.0,2618.279751,168.22,1.54,-0.98,-26.35,-6.18,-5.25,1,5409
1.0,2618.289751,169.63,1.3,-2.15,-26.36,-7.36,-6.75,1,6297
1.0,2618.299754,170.86,1.23,-4.27,-26.41,-8.52,-7.75,1,6172
1.0,2618.309751,171.65,1.44,-5.7,-26.46,-9.64,-8.75,1,6050
1.0,2618.319750,173.23,1.42,-6.04,-26.44,-10.72,-10.25,1,5932
1.0,2618.329751,174.73,1.11,-7.13,-26.41,-11.76,-11.75,1,5796
1.0,2618.339753,175.61,1.11,-9.19,-26.48,-12.75,-12.5,1,5671
1.0,2618.349751,176.13,1.31,-10.57,-26.54,-13.69,-13.25,1,5532
1.0,2618.359751,177.01,1.31,-10.67,-26.51,-14.58,-14.0,1,5408
1.0,2618.369751,178.33,1.08,-11.15,-26.46,-15.41,-15.25,1,6293
1.0,2618.379751,180.18,1.08,-12.16,-26.5,-16.18,-17.0,1,6175
1.0,2618.389751,181.32,1.02,-14.11,-26.53,-16.89,-18.25,1,6055
1.0,2618.399754,181.49,1.08,-16.15,-26.57,-17.53,-18.25,1,5930
1.0,2618.409751,181.41,1.17,-16.7,-26.6,-18.1,-18.25,1,5792
1.0,2618.419754,181.85,1.13,-15.96,-26.56,-18.6,-18.75,1,5667
1.0,2618.429751,182.11,0.96,-15.59,-26.49,-19.02,-19.0,1,5528
1.0,2618.439751,182.37,0.92,-16.17,-26.54,-19.37,-19.25,1,5409
1.0,2618.449751,182.37,1.06,-16.43,-26.6,-19.65,-19.25,1,6297
1.0,2618.459754,182.81,1.06,-16.59,-26.56,-19.84,-19.75,1,6173
1.0,2618.469751,183.34,1.02,-16.63,-26.54,-19.96,-20.25,1,6051
1.0,2618.479752,183.78,0.98,-17.11,-26.55,-20.0,-20.75,1,5934
1.0,2618.489751,183.6,0.96,-18.12,-26.57,-19.96,-20.25,1,5796
1.0,2618.499753,183.16,1.05,-18.12,-26.63,-19.84,-19.75,1,5671
1.0,2618.509751,182.72,1.03,-17.44,-26.56,-19.65,-19.75,1,5532
1.0,2618.519751,182.72,0.96,-16.93,-26.48,-19.37,-19.75,1,5407
1.0,2618.529751,182.64,0.94,-16.2,-26.49,-19.02,-19.25,1,6293
1.0,2618.539750,182.37,1.05,-16.08,-26.57,-18.6,-18.75,1,6166
1.0,2618.549751,181.67,1.04,-16.37,-26.55,-18.1,-18.0,1,6056
1.0,2618.559754,181.32,1.02,-15.86,-26.52,-17.53,-17.5,1,5931
1.0,2618.569751,180.88,0.98,-15.08,-26.49,-16.89,-17.25,1,5792
1.0,2618.579754,180.35,1.03,-14.51,-26.5,-16.18,-16.5,1,5668
1.0,2618.589751,179.47,1.05,-14.22,-26.5,-15.41,-15.75,1,5528
1.0,2618.599751,178.59,1.1,-13.35,-26.51,-14.58,-14.75,1,5411
1.0,2618.609750,177.89,1.15,-12.1,-26.49,-13.69,-14.25,1,6298
1.0,2618.619754,177.19,1.09,-11.37,-26.45,-12.75,-13.25,1,6173
1.0,2618.629750,175.96,1.14,-10.77,-26.47,-11.76,-12.25,1,6052
1.0,2618.639752,174.9,1.22,-9.8,-26.45,-10.72,-11.0,1,5934
1.0,2618.649750,174.2,1.24,-8.34,-26.41,-9.64,-10.25,1,5796
1.0,2618.659752,173.23,1.17,-7.38,-26.4,-8.52,-9.25,1,5671
1.0,2618.669750,171.56,1.24,-6.7,-26.4,-7.36,-7.75,1,5533
1.0,2618.679750,169.8,1.35,-5.5,-26.39,-6.18,-6.25,1,5416
1.0,2618.689750,168.66,1.42,-3.31,-26.36,-4.97,-5.25,1,6294
1.0,2618.699750,167.78,1.32,-1.43,-26.3,-3.75,-4.5,1,6166
1.0,2618.709750,167.08,1.33,-0.67,-26.31,-2.51,-3.75,1,6056
1.0,2618.719753,166.2,1.55,-0.2,-26.3,-1.26,-2.25,1,5932
1.0,2618.729751,164.36,1.49,0.03,-26.29,0.0,-0.25,1,5792
1.0,2618.739754,162.77,1.52,1.29,-26.26,1.26,1.25,1,5668
1.0,2618.749750,161.28,1.56,3.94,-26.21,2.51,2.5,1,5532
1.0,2618.759750,159.79,1.57,5.47,-26.19,3.75,3.5,1,5436
1.0,2618.769750,158.82,1.69,6.99,-26.15,4.97,4.5,1,6298
1.0,2618.779753,158.29,1.72,8.36,-26.12,6.18,5.75,1,6174
1.0,2618.789750,156.88,1.71,8.78,-26.12,7.36,7.0,1,6052
1.0,2618.799751,155.48,1.77,8.92,-26.12,8.52,8.25,1,5925
1.0,2618.809750,154.25,1.8,10.47,-26.09,9.64,9.25,1,5797
1.0,2618.819752,153.28,1.8,12.72,-26.03,10.72,10.25,1,5671
1.0,2618.829750,152.23,1.92,13.58,-25.99,11.76,11.75,1,5533
1.0,2618.839750,151.0,1.97,14.22,-25.96,12.75,13.0,1,5433
1.0,2618.849750,149.85,1.97,15.37,-25.94,13.69,14.0,1,6294
1.0,2618.859750,148.71,1.92,16.73,-25.92,14.58,15.0,1,6166
1.0,2618.869751,148.01,2.06,17.68,-25.88,15.41,15.25,1,6059
1.0,2618.879753,147.92,2.1,18.87,-25.84,16.18,15.25,1,5922
1.0,2618.889751,147.92,2.06,19.18,-25.85,16.89,15.5,1,5793
1.0,2618.899754,147.48,2.05,18.29,-25.88,17.53,16.25,1,5668
1.0,2618.909751,146.07,2.14,18.15,-25.85,18.1,17.75,1,5529
1.0,2618.919751,144.84,2.13,19.15,-25.84,18.6,18.25,1,5431
1.0,2618.929751,144.67,2.16,21.33,-25.78,19.02,18.5,1,6290
1.0,2618.939754,144.4,2.16,22.46,-25.74,19.37,18.75,1,6174
1.0,2618.949751,143.7,2.19,22.02,-25.76,19.65,20.0,1,6052
1.0,2618.959754,142.56,2.25,21.73,-25.75,19.84,21.0,1,5919
1.0,2618.969751,142.12,2.26,22.77,-25.75,19.96,21.25,1,5789
1.0,2618.979751,142.73,2.28,25.0,-25.68,20.0,20.5,1,5674
1.0,2618.989751,143.35,2.26,24.92,-25.67,19.96,19.75,1,5525
1.0,2618.999751,143.61,2.27,22.68,-25.72,19.84,19.5,1,5435
1.0,2619.009751,143.61,2.19,21.58,-25.75,19.65,19.75,1,6294
1.0,2619.019752,143.35,2.21,21.9,-25.74,19.37,20.25,1,6169
1.0,2619.029751,142.91,2.23,22.19,-25.73,19.02,20.25,1,6057
1.0,2619.039753,143.35,2.25,22.9,-25.72,18.6,19.75,1,5923
1.0,2619.049751,144.23,2.24,23.24,-25.72,18.1,18.75,1,5793
1.0,2619.059754,144.67,2.21,22.23,-25.75,17.53,18.25,1,5669
1.0,2619.069751,144.84,2.17,20.65,-25.78,16.89,18.25,1,5530
1.0,2619.079751,145.72,2.15,20.47,-25.76,16.18,17.25,1,5431
1.0,2619.089751,146.78,2.12,20.5,-25.8,15.41,16.25,1,6290
1.0,2619.099753,147.74,2.04,19.17,-25.88,14.58,15.25,1,6166
1.0,2619.109751,148.45,2.09,17.82,-25.87,13.69,14.5,1,6052
1.0,2619.119754,149.41,2.08,17.02,-25.87,12.75,13.5,1,5920
1.0,2619.129751,150.64,2.03,16.26,-25.93,11.76,12.25,1,5790
1.0,2619.139754,151.52,1.96,15.26,-25.96,10.72,11.25,1,5665
1.0,2619.149751,152.4,1.95,13.88,-26.0,9.64,10.75,1,5525
1.0,2619.159751,153.46,1.98,12.98,-26.02,8.52,9.5,1,5433
1.0,2619.169751,154.78,1.87,12.25,-26.03,7.36,8.25,1,6295
1.0,2619.179754,155.74,1.78,11.11,-26.08,6.18,7.25,1,6170
1.0,2619.189751,157.15,1.78,9.62,-26.12,4.97,6.0,1,6050
1.0,2619.199752,158.55,1.82,8.6,-26.13,3.75,4.5,1,5922
1.0,2619.209751,159.79,1.66,7.23,-26.17,2.51,3.25,1,5794
1.0,2619.219754,160.84,1.58,5.54,-26.21,1.26,2.25,1,5669
1.0,2619.229751,162.07,1.71,4.57,-26.22,0.0,1.0,1,5530
1.0,2619.239751,163.83,1.64,3.68,-26.23,-1.26,-0.75,1,5431
1.0,2619.249751,165.41,1.48,2.34,-26.26,-2.51,-2.25,1,6290
1.0,2619.259753,166.2,1.39,0.07,-26.31,-3.75,-3.25,1,6165
1.0,2619.269751,167.26,1.51,-1.51,-26.35,-4.97,-4.25,1,6053
1.0,2619.279754,169.01,1.54,-1.65,-26.36,-6.18,-6.0,1,5920
1.0,2619.289751,170.77,1.27,-2.91,-26.34,-7.36,-7.75,1,5790
1.0,2619.299754,172.0,1.24,-5.02,-26.4,-8.52,-9.0,1,5665
1.0,2619.309751,172.27,1.35,-6.93,-26.47,-9.64,-9.25,1,5526
1.0,2619.319751,172.35,1.35,-7.66,-26.47,-10.72,-9.25,1,5433
1.0,2619.329751,173.14,1.32,-6.96,-26.42,-11.76,-10.0,1,6295
1.0,2619.339754,174.55,1.23,-6.57,-26.39,-12.75,-11.5,1,6170
1.0,2619.349751,175.78,1.1,-7.89,-26.42,-13.69,-12.75,1,6049
1.0,2619.359754,176.66,1.21,-10.03,-26.48,-14.58,-13.5,1,5916
1.0,2619.369751,177.28,1.29,-11.43,-26.51,-15.41,-14.25,1,5794
1.0,2619.379754,178.68,1.25,-11.6,-26.5,-16.18,-15.75,1,5669
1.0,2619.389751,180.18,0.98,-12.56,-26.46,-16.89,-17.0,1,5533
1.0,2619.399751,180.97,0.95,-14.48,-26.51,-17.53,-17.75,1,5429
1.0,2619.409751,181.49,1.16,-15.75,-26.59,-18.1,-18.25,1,6291
1.0,2619.419753,181.85,1.17,-15.89,-26.56,-18.6,-18.75,1,6165
1.0,2619.429751,182.2,0.96,-16.22,-26.5,-19.02,-19.0,1,6053
1.0,2619.439754,182.37,1.0,-16.37,-26.54,-19.37,-19.25,1,5920
1.0,2619.449751,182.46,1.04,-16.47,-26.56,-19.65,-19.25,1,5791
1.0,2619.459754,182.81,1.04,-16.63,-26.54,-19.84,-19.75,1,5665
1.0,2619.469751,183.52,1.03,-16.65,-26.54,-19.96,-20.5,1,5529
1.0,2619.479751,183.78,0.99,-17.18,-26.52,-20.0,-20.75,1,5426
1.0,2619.489751,183.69,0.96,-18.18,-26.55,-19.96,-20.25,1,6296
1.0,2619.499754,183.16,1.05,-18.17,-26.61,-19.84,-19.75,1,6171
1.0,2619.509751,182.72,1.02,-17.44,-26.55,-19.65,-19.75,1,6049
1.0,2619.519754,182.72,0.95,-16.83,-26.45,-19.37,-19.75,1,5916
1.0,2619.529751,182.72,0.94,-16.2,-26.47,-19.02,-19.25,1,5786
1.0,2619.539751,182.46,1.05,-16.23,-26.56,-18.6,-18.75,1,5670
1.0,2619.549751,181.85,1.05,-16.42,-26.53,-18.1,-18.0,1,5522
1.0,2619.559751,181.41,1.01,-15.92,-26.5,-17.53,-17.75,1,5433
1.0,2619.569751,180.97,0.98,-15.1,-26.47,-16.89,-17.25,1,6292
1.0,2619.579754,180.26,1.03,-14.56,-26.48,-16.18,-16.75,1,6167
1.0,2619.589751,179.21,1.04,-14.34,-26.48,-15.41,-15.25,1,6048
1.0,2619.599754,177.63,1.1,-13.39,-26.49,-14.58,-13.75,1,5921
1.0,2619.609750,176.22,1.21,-11.43,-26.48,-13.69,-12.75,1,5791
1.0,2619.619753,175.87,1.17,-9.51,-26.41,-12.75,-12.75,1,5666
1.0,2619.629750,176.31,1.1,-8.44,-26.39,-11.76,-13.25,1,5529
1.0,2619.639750,176.4,1.14,-8.72,-26.42,-10.72,-13.25,1,5425
1.0,2619.649750,176.22,1.24,-10.34,-26.49,-9.64,-12.25,1,6287
1.0,2619.659754,174.73,1.26,-10.51,-26.49,-8.52,-10.75,1,6172
1.0,2619.669750,172.88,1.21,-9.49,-26.44,-7.36,-9.25,1,6050
1.0,2619.679754,171.3,1.23,-7.19,-26.39,-6.18,-7.75,1,5917
1.0,2619.689750,169.8,1.32,-4.55,-26.35,-4.97,-6.25,1,5789
1.0,2619.699750,168.75,1.32,-2.91,-26.33,-3.75,-5.25,1,5662
1.0,2619.709750,167.87,1.39,-1.69,-26.31,-2.51,-4.0,1,5523
1.0,2619.719750,166.29,1.42,-1.04,-26.29,-1.26,-2.25,1,6419
1.0,2619.729751,164.27,1.47,-0.29,-26.28,0.0,-0.75,1,6292
1.0,2619.739750,162.69,1.56,1.96,-26.24,1.26,0.25,1,6167
1.0,2619.749750,161.81,1.51,4.46,-26.19,2.51,1.75,1,6046
1.0,2619.759753,160.49,1.52,5.61,-26.19,3.75,3.0,1,5921
1.0,2619.769750,159.26,1.81,6.0,-26.15,4.97,4.25,1,5794
1.0,2619.779754,158.38,1.73,7.17,-26.12,6.18,5.25,1,5666
1.0,2619.789750,157.41,1.59,8.4,-26.13,7.36,6.5,1,5527
1.0,2619.799750,155.92,1.74,9.11,-26.1,8.52,8.0,1,6415
1.0,2619.809750,154.6,1.83,10.12,-26.08,9.64,8.75,1,6288
1.0,2619.819754,153.9,1.85,11.76,-26.04,10.72,9.5,1,6172
1.0,2619.829750,152.93,1.76,13.18,-26.01,11.76,10.75,1,6050
1.0,2619.839753,151.61,1.9,13.5,-25.98,12.75,12.25,1,5917
1.0,2619.849750,150.38,2.07,14.25,-25.93,13.69,13.25,1,5787
1.0,2619.859751,149.33,1.93,16.22,-25.92,14.58,13.75,1,5653
1.0,2619.869751,148.97,1.89,17.43,-25.91,15.41,14.25,1,5523
1.0,2619.879751,148.27,2.06,17.79,-25.86,16.18,15.75,1,6422
1.0,2619.889751,146.78,2.16,17.79,-25.85,16.89,16.75,1,6292
1.0,2619.899754,145.9,2.11,18.64,-25.85,17.53,17.25,1,6168
1.0,2619.909751,145.46,2.08,20.85,-25.79,18.1,17.75,1,6046
1.0,2619.919754,145.2,2.12,21.62,-25.76,18.6,18.0,1,5913
1.0,2619.929751,145.11,2.27,21.3,-25.72,19.02,18.75,1,5791
1.0,2619.939754,144.32,2.17,21.21,-25.77,19.37,19.75,1,5658
1.0,2619.949751,143.44,2.17,21.32,-25.77,19.65,20.0,1,5527
1.0,2619.959751,143.17,2.23,22.15,-25.74,19.84,20.0,1,6415
1.0,2619.969751,143.09,2.19,23.63,-25.71,19.96,20.0,1,6288
1.0,2619.979751,143.17,2.26,23.59,-25.7,20.0,20.0,1,6165
1.0,2619.989751,143.09,2.29,22.85,-25.71,19.96,20.0,1,6042
1.0,2619.999754,143.09,2.25,22.74,-25.72,19.84,20.0,1,5917
1.0,2620.009751,143.09,2.25,22.79,-25.72,19.65,20.0,1,5790
1.0,2620.019751,143.44,2.24,22.79,-25.72,19.37,19.75,1,5663
1.0,2620.029751,143.96,2.25,22.75,-25.71,19.02,19.25,1,5523
1.0,2620.039751,144.4,2.23,22.22,-25.74,18.6,18.75,1,6413
1.0,2620.049751,144.84,2.18,21.25,-25.76,18.1,18.25,1,6293
1.0,2620.059754,145.11,2.18,20.77,-25.76,17.53,18.0,1,6168
1.0,2620.069751,145.55,2.17,20.46,-25.78,16.89,17.5,1,6047
1.0,2620.079754,146.78,2.16,20.29,-25.78,16.18,16.25,1,5913
1.0,2620.089751,148.01,2.1,19.61,-25.81,15.41,15.0,1,5791
1.0,2620.099754,148.8,2.02,17.93,-25.88,14.58,14.25,1,5659
1.0,2620.109751,149.06,2.05,16.31,-25.91,13.69,14.0,1,5528
1.0,2620.119751,149.68,2.05,15.86,-25.9,12.75,13.5,1,6416
1.0,2620.129751,150.64,2.01,16.22,-25.91,11.76,12.25,1,6288
1.0,2620.139751,151.96,1.93,15.73,-25.95,10.72,11.0,1,6161
1.0,2620.149751,153.11,1.9,14.04,-25.99,9.64,9.75,1,6042
1.0,2620.159754,154.25,1.92,12.26,-26.03,8.52,8.75,1,5918
1.0,2620.169751,154.95,1.9,11.14,-26.04,7.36,8.0,1,5787
1.0,2620.179751,156.01,1.84,10.39,-26.07,6.18,7.0,1,5654
1.0,2620.189751,157.59,1.79,9.77,-26.1,4.97,5.5,1,5524
1.0,2620.199751,159.26,1.7,8.64,-26.13,3.75,3.75,1,6412
1.0,2620.209751,160.84,1.6,6.49,-26.17,2.51,2.25,1,6284
1.0,2620.219754,162.16,1.67,4.4,-26.21,1.26,1.0,1,6169
1.0,2620.229751,163.3,1.69,3.14,-26.24,-0.0,-0.25,1,6048
1.0,2620.239751,164.27,1.53,2.14,-26.25,-1.26,-1.25,1,5914
1.0,2620.249751,164.79,1.51,1.26,-26.28,-2.51,-1.75,1,5783
1.0,2620.259751,165.94,1.55,0.57,-26.29,-3.75,-2.75,1,5656
1.0,2620.269751,167.52,1.49,-0.1,-26.29,-4.97,-4.25,1,5520
1.0,2620.279751,169.19,1.41,-1.16,-26.3,-6.18,-6.25,1,6416
1.0,2620.289751,170.68,1.31,-3.34,-26.35,-7.36,-7.75,1,6289
1.0,2620.299751,171.74,1.39,-5.37,-26.41,-8.52,-8.75,1,6165
1.0,2620.309751,172.0,1.37,-6.59,-26.43,-9.64,-9.0,1,6042
1.0,2620.319754,172.53,1.29,-7.05,-26.42,-10.72,-9.5,1,5918
1.0,2620.329751,173.85,1.3,-6.64,-26.41,-11.76,-10.75,1,5788
1.0,2620.339754,175.34,1.18,-7.28,-26.39,-12.75,-12.25,1,5655
1.0,2620.349751,176.31,1.14,-9.29,-26.44,-13.69,-13.25,1,5524
1.0,2620.359751,176.66,1.24,-10.97,-26.5,-14.58,-13.5,1,6412
1.0,2620.369751,177.01,1.33,-11.51,-26.49,-15.41,-14.0,1,6285
1.0,2620.379754,178.15,1.17,-11.28,-26.46,-16.18,-15.25,1,6169
1.0,2620.389751,179.3,0.98,-11.8,-26.44,-16.89,-16.25,1,6047
1.0,2620.399751,179.91,1.02,-13.49,-26.48,-17.53,-16.75,1,5914
1.0,2620.409751,180.53,1.18,-14.65,-26.55,-18.1,-17.5,1,5783
1.0,2620.419751,181.58,1.18,-14.67,-26.53,-18.6,-18.5,1,5656
1.0,2620.429751,182.55,0.95,-15.59,-26.46,-19.02,-19.5,1,5520
1.0,2620.439751,182.9,0.98,-16.84,-26.53,-19.37,-19.75,1,6417
1.0,2620.449751,182.81,1.08,-17.51,-26.58,-19.65,-19.75,1,6289
1.0,2620.459751,182.64,1.07,-17.52,-26.54,-19.84,-19.75,1,6162
1.0,2620.469751,182.72,1.01,-16.76,-26.51,-19.96,-19.75,1,6043
1.0,2620.479754,182.72,0.97,-16.57,-26.49,-20.0,-19.75,1,5911
1.0,2620.489751,182.64,1.0,-16.54,-26.5,-19.96,-19.75,1,5788
1.0,2620.499751,182.72,1.0,-16.57,-26.51,-19.84,-19.75,1,5655
1.0,2620.509751,182.64,1.02,-16.61,-26.51,-19.65,-19.75,1,5525
1.0,2620.519751,182.72,1.01,-16.6,-26.51,-19.37,-19.75,1,6413
1.0,2620.529751,182.64,1.01,-16.6,-26.51,-19.02,-19.25,1,6285
1.0,2620.539754,182.37,1.0,-16.57,-26.51,-18.6,-18.5,1,6161
1.0,2620.549751,181.58,1.02,-16.48,-26.52,-18.1,-18.0,1,6047
1.0,2620.559751,181.41,1.03,-15.9,-26.5,-17.53,-17.5,1,5915
1.0,2620.569751,180.88,0.98,-14.87,-26.45,-16.89,-17.25,1,5784
1.0,2620.579754,180.35,1.04,-14.46,-26.47,-16.18,-16.5,1,5651
1.0,2620.589751,179.38,1.06,-14.24,-26.47,-15.41,-15.5,1,5530
1.0,2620.599751,178.59,1.1,-13.33,-26.47,-14.58,-14.75,1,6408
1.0,2620.609750,177.8,1.14,-12.06,-26.45,-13.69,-14.25,1,6290
1.0,2620.619750,177.1,1.09,-11.31,-26.42,-12.75,-13.25,1,6165
1.0,2620.629750,175.87,1.14,-10.73,-26.43,-11.76,-12.0,1,6043
1.0,2620.639754,174.81,1.22,-9.77,-26.42,-10.72,-11.0,1,5911
1.0,2620.649750,174.11,1.25,-8.3,-26.38,-9.64,-10.25,1,5789
1.0,2620.659753,173.14,1.18,-7.31,-26.37,-8.52,-9.25,1,5656
1.0,2620.669750,171.39,1.25,-6.66,-26.37,-7.36,-7.5,1,5525
1.0,2620.679750,169.63,1.35,-5.5,-26.36,-6.18,-5.75,1,6413
1.0,2620.689750,168.22,1.41,-3.29,-26.33,-4.97,-4.5,1,6286
1.0,2620.699750,166.99,1.37,-1.21,-26.27,-3.75,-3.75,1,6158
1.0,2620.709750,166.55,1.36,0.04,-26.26,-2.51,-3.25,1,6039
1.0,2620.719754,166.29,1.46,0.67,-26.26,-1.26,-2.75,1,5915
1.0,2620.729751,165.06,1.54,0.65,-26.25,-0.0,-1.25,1,5785
1.0,2620.739754,163.48,1.51,0.48,-26.24,1.26,0.5,1,5651
1.0,2620.749750,161.89,1.57,2.01,-26.23,2.51,1.75,1,5530
1.0,2620.759750,161.1,1.57,4.95,-26.17,3.75,2.25,1,6412
1.0,2620.769750,160.58,1.55,6.41,-26.14,4.97,3.0,1,6290
1.0,2620.779750,159.7,1.63,6.7,-26.14,6.18,4.25,1,6166
1.0,2620.789750,157.68,1.79,6.21,-26.14,7.36,6.25,1,6044
1.0,2620.799750,155.39,1.74,7.72,-26.11,8.52,8.25,1,5908
1.0,2620.809750,153.9,1.76,10.67,-26.05,9.64,9.25,1,5780
1.0,2620.819750,152.84,1.83,13.65,-25.99,10.72,10.75,1,5656
1.0,2620.829750,151.7,1.85,14.69,-25.95,11.76,12.25,1,5526
1.0,2620.839750,150.47,2.06,14.7,-25.9,12.75,13.25,1,6414
1.0,2620.849750,149.68,2.01,15.96,-25.89,13.69,13.75,1,6286
1.0,2620.859751,149.24,1.86,17.08,-25.91,14.58,14.0,1,6167
1.0,2620.869751,148.97,2.02,17.68,-25.86,15.41,14.5,1,6040
1.0,2620.879754,148.18,2.16,17.65,-25.82,16.18,15.75,1,5915
1.0,2620.889751,146.87,2.05,17.34,-25.85,16.89,16.75,1,5785
1.0,2620.899751,145.9,2.1,18.56,-25.82,17.53,17.25,1,5652
1.0,2620.909751,145.55,2.1,20.63,-25.78,18.1,17.75,1,5522
1.0,2620.919751,145.46,2.1,21.45,-25.76,18.6,18.0,1,6410
1.0,2620.929751,145.37,2.28,21.15,-25.71,19.02,18.5,1,6282
1.0,2620.939751,144.58,2.17,20.87,-25.76,19.37,19.25,1,6175
1.0,2620.949751,143.88,2.16,20.94,-25.76,19.65,20.0,1,6044
1.0,2620.959751,142.91,2.21,21.86,-25.73,19.84,20.25,1,5908
1.0,2620.969751,142.91,2.22,23.35,-25.69,19.96,20.25,1,5781
1.0,2620.979751,143.0,2.32,23.89,-25.66,20.0,20.25,1,5654
1.0,2620.989751,143.17,2.26,23.35,-25.69,19.96,20.25,1,5534
1.0,2620.999751,143.09,2.24,22.74,-25.7,19.84,20.25,1,6414
1.0,2621.009751,143.35,2.25,22.76,-25.7,19.65,19.75,1,6287
1.0,2621.019751,143.88,2.25,22.79,-25.69,19.37,19.25,1,6168
1.0,2621.029751,144.4,2.22,22.27,-25.71,19.02,18.75,1,6040
1.0,2621.039754,144.76,2.18,21.29,-25.74,18.6,18.25,1,5916
1.0,2621.049751,145.02,2.18,20.79,-25.74,18.1,18.0,1,5786
1.0,2621.059754,145.37,2.17,20.49,-25.76,17.53,17.75,1,5652
1.0,2621.069751,145.46,2.16,20.36,-25.76,16.89,17.75,1,5530
1.0,2621.079751,145.81,2.15,20.29,-25.76,16.18,17.25,1,6410
1.0,2621.089751,146.87,2.15,20.19,-25.77,15.41,16.25,1,6282
1.0,2621.099754,148.1,2.1,19.54,-25.8,14.58,14.75,1,6167
1.0,2621.109751,149.24,2.03,17.85,-25.87,13.69,13.75,1,6045
1.0,2621.119751,150.29,2.05,16.21,-25.89,12.75,12.75,1,5912
1.0,2621.129751,151.0,2.03,15.17,-25.9,11.76,12.0,1,5781
1.0,2621.139754,151.61,1.97,14.37,-25.96,10.72,11.25,1,5648
1.0,2621.149751,152.67,1.95,13.82,-25.98,9.64,10.5,1,5526
1.0,2621.159751,154.07,1.94,13.3,-25.98,8.52,9.0,1,6414
1.0,2621.169751,155.3,1.83,12.26,-26.02,7.36,7.75,1,6287
1.0,2621.179751,156.01,1.74,10.19,-26.08,6.18,7.0,1,6168
1.0,2621.189751,157.15,1.84,8.79,-26.11,4.97,6.0,1,6040
1.0,2621.199751,158.55,1.84,8.7,-26.11,3.75,4.5,1,5916
1.0,2621.209751,160.22,1.59,7.66,-26.13,2.51,2.75,1,5786
1.0,2621.219754,161.54,1.55,5.65,-26.18,1.26,1.25,1,5653
1.0,2621.229751,162.95,1.69,3.76,-26.21,0.0,0.25,1,5531
1.0,2621.239751,164.0,1.65,2.35,-26.24,-1.26,-1.0,1,6410
1.0,2621.249751,164.88,1.49,1.28,-26.26,-2.51,-1.75,1,6283
1.0,2621.259751,166.03,1.51,0.53,-26.28,-3.75,-2.75,1,6164
1.0,2621.269751,167.52,1.51,-0.14,-26.28,-4.97,-4.5,1,6036
1.0,2621.279751,169.01,1.41,-1.34,-26.29,-6.18,-6.0,1,5912
1.0,2621.289751,169.8,1.3,-3.54,-26.34,-7.36,-6.75,1,5782
1.0,2621.299751,170.77,1.44,-4.96,-26.4,-8.52,-7.75,1,5645
1.0,2621.309751,172.27,1.44,-5.07,-26.39,-9.64,-9.25,1,5553
1.0,2621.319751,173.85,1.14,-6.21,-26.36,-10.72,-10.75,1,6406
1.0,2621.329751,174.81,1.13,-8.25,-26.4,-11.76,-11.75,1,6279
1.0,2621.339751,175.43,1.35,-9.66,-26.48,-12.75,-12.25,1,6170
1.0,2621.349751,176.31,1.31,-9.96,-26.47,-13.69,-13.25,1,6032
1.0,2621.359751,177.36,1.11,-10.38,-26.42,-14.58,-14.25,1,5905
1.0,2621.369751,178.51,1.12,-11.3,-26.45,-15.41,-15.25,1,5778
1.0,2621.379751,179.3,1.12,-12.81,-26.48,-16.18,-16.25,1,5650
1.0,2621.389751,180.09,1.16,-13.74,-26.5,-16.89,-17.0,1,5549
1.0,2621.399751,180.62,1.09,-14.44,-26.48,-17.53,-17.5,1,6410
1.0,2621.409751,181.14,1.08,-14.97,-26.49,-18.1,-18.0,1,6283
1.0,2621.419751,181.49,1.1,-15.33,-26.5,-18.6,-18.25,1,6164
1.0,2621.429751,182.02,1.08,-15.63,-26.5,-19.02,-19.0,1,6028
1.0,2621.439751,182.9,1.05,-15.9,-26.5,-19.37,-19.75,1,5912
1.0,2621.449751,183.25,0.99,-16.69,-26.49,-19.65,-20.25,1,5782
1.0,2621.459751,183.25,0.95,-17.88,-26.53,-19.84,-19.75,1,5646
1.0,2621.469751,182.81,1.05,-17.83,-26.58,-19.96,-19.0,1,5544
1.0,2621.479751,182.02,1.04,-17.09,-26.53,-20.0,-18.75,1,6407
1.0,2621.489751,182.11,0.99,-16.33,-26.46,-19.96,-19.25,1,6279
1.0,2621.499751,182.9,0.94,-15.26,-26.41,-19.84,-19.75,1,6171
1.0,2621.509751,182.72,0.97,-15.86,-26.45,-19.65,-19.75,1,6033
1.0,2621.519751,182.72,1.09,-17.24,-26.58,-19.37,-19.75,1,5905
1.0,2621.529751,182.72,1.06,-16.73,-26.52,-19.02,-19.25,1,5778
1.0,2621.539751,182.37,0.95,-16.64,-26.46,-18.6,-18.75,1,5651
1.0,2621.549751,181.49,1.02,-16.47,-26.52,-18.1,-18.0,1,5549
1.0,2621.559751,180.97,1.05,-15.85,-26.49,-17.53,-17.5,1,6411
1.0,2621.569751,180.62,0.97,-14.69,-26.43,-16.89,-17.25,1,6283
1.0,2621.579751,180.35,1.05,-13.94,-26.45,-16.18,-16.5,1,6165
1.0,2621.589751,179.38,1.08,-13.97,-26.46,-15.41,-15.75,1,6028
1.0,2621.599751,178.59,1.09,-13.46,-26.46,-14.58,-14.75,1,5913
1.0,2621.609750,177.89,1.12,-12.2,-26.45,-13.69,-14.25,1,5782
1.0,2621.619750,177.1,1.1,-11.32,-26.4,-12.75,-13.25,1,5646
1.0,2621.629750,175.87,1.15,-10.78,-26.42,-11.76,-12.0,1,5545
1.0,2621.639750,174.81,1.21,-9.8,-26.41,-10.72,-11.0,1,6407
1.0,2621.649750,174.02,1.25,-8.28,-26.37,-9.64,-10.25,1,6279
1.0,2621.659750,173.14,1.18,-7.3,-26.35,-8.52,-9.25,1,6163
1.0,2621.669750,171.56,1.25,-6.68,-26.36,-7.36,-7.5,1,6033
1.0,2621.679750,169.63,1.35,-5.51,-26.35,-6.18,-5.75,1,5906
1.0,2621.689750,168.13,1.41,-3.31,-26.31,-4.97,-4.5,1,5778
1.0,2621.699750,167.08,1.38,-1.21,-26.25,-3.75,-3.75,1,5642
1.0,2621.709750,166.55,1.36,0.05,-26.24,-2.51,-3.25,1,5549
1.0,2621.719750,166.29,1.45,0.69,-26.25,-1.26,-2.75,1,6411
1.0,2621.729751,165.06,1.55,0.66,-26.24,0.0,-1.25,1,6284
1.0,2621.739750,163.48,1.51,0.5,-26.22,1.26,0.75,1,6165
1.0,2621.749750,161.89,1.57,2.01,-26.21,2.51,1.75,1,6029
1.0,2621.759750,160.75,1.58,4.94,-26.16,3.75,2.5,1,5913
1.0,2621.769750,159.7,1.55,6.4,-26.13,4.97,4.0,1,5783
1.0,2621.779750,158.2,1.69,7.25,-26.11,6.18,5.75,1,5647
1.0,2621.789750,157.06,1.88,7.74,-26.07,7.36,6.75,1,5545
1.0,2621.799750,155.92,1.68,9.28,-26.05,8.52,7.75,1,6407
1.0,2621.809750,154.78,1.64,10.97,-26.05,9.64,9.25,1,6280
1.0,2621.819750,153.28,1.9,11.82,-25.99,10.72,10.5,1,6162
1.0,2621.829750,152.23,2.03,13.03,-25.92,11.76,11.25,1,6033
1.0,2621.839750,151.35,1.8,14.47,-25.94,12.75,12.25,1,5906
1.0,2621.849750,150.56,1.81,15.55,-25.94,13.69,13.25,1,5778
1.0,2621.859751,149.5,2.13,16.04,-25.85,14.58,14.25,1,5643
1.0,2621.869754,148.71,2.04,16.69,-25.84,15.41,15.25,1,5553
1.0,2621.879751,147.66,1.93,17.69,-25.86,16.18,16.0,1,6403
1.0,2621.889751,146.69,2.11,18.73,-25.8,16.89,16.75,1,6284
1.0,2621.899751,146.34,2.15,19.56,-25.76,17.53,17.0,1,6165
1.0,2621.909751,146.07,2.13,20.25,-25.76,18.1,17.75,1,6029
1.0,2621.919751,145.2,2.16,20.55,-25.74,18.6,18.75,1,5902
1.0,2621.929751,144.14,2.18,20.65,-25.74,19.02,19.75,1,5783
1.0,2621.939751,143.17,2.18,21.62,-25.72,19.37,20.0,1,5647
1.0,2621.949751,143.26,2.21,23.26,-25.67,19.65,20.0,1,5546
1.0,2621.959751,143.17,2.31,23.65,-25.64,19.84,20.25,1,6408
1.0,2621.969751,142.91,2.25,23.32,-25.67,19.96,21.0,1,6280
1.0,2621.979751,142.38,2.26,22.95,-25.69,20.0,21.25,1,6162
1.0,2621.989751,142.65,2.26,23.33,-25.69,19.96,20.75,1,6025
1.0,2621.999751,143.09,2.25,23.99,-25.65,19.84,20.0,1,5907
1.0,2622.009751,143.26,2.24,23.52,-25.66,19.65,20.0,1,5779
1.0,2622.019751,143.53,2.24,22.09,-25.7,19.37,19.75,1,5643
1.0,2622.029750,144.05,2.23,22.43,-25.69,19.02,19.0,1,5549
1.0,2622.039751,144.58,2.21,22.0,-25.71,18.6,18.5,1,6403
1.0,2622.049751,145.02,2.16,21.16,-25.73,18.1,18.25,1,6276
1.0,2622.059751,145.28,2.18,20.7,-25.72,17.53,17.75,1,6169
1.0,2622.069751,145.46,2.17,20.36,-25.74,16.89,17.75,1,6029
1.0,2622.079751,145.99,2.16,20.24,-25.75,16.18,17.25,1,5902
1.0,2622.089751,147.04,2.16,20.14,-25.75,15.41,16.0,1,5775
1.0,2622.099751,147.92,2.1,19.41,-25.79,14.58,15.0,1,5648
1.0,2622.109751,148.27,2.02,17.71,-25.86,13.69,14.75,1,5546
1.0,2622.119751,149.15,2.07,16.7,-25.87,12.75,14.0,1,6408
1.0,2622.129751,150.38,2.06,16.82,-25.85,11.76,12.75,1,6280
1.0,2622.139751,151.7,1.91,16.02,-25.91,10.72,11.25,1,6162
1.0,2622.149751,152.49,1.87,14.3,-25.96,9.64,10.25,1,6025
1.0,2622.159751,153.28,1.98,12.5,-25.99,8.52,9.75,1,5907
1.0,2622.169751,154.51,1.96,11.89,-25.98,7.36,8.75,1,5780
1.0,2622.179751,156.27,1.81,11.68,-26.0,6.18,6.75,1,5643
1.0,2622.189752,157.85,1.64,9.94,-26.08,4.97,5.25,1,5543
1.0,2622.199751,158.82,1.71,7.66,-26.12,3.75,4.25,1,6404
1.0,2622.209751,160.05,1.78,6.06,-26.15,2.51,3.25,1,6276
1.0,2622.219751,161.54,1.72,5.62,-26.15,1.26,1.5,1,6169
1.0,2622.229751,163.39,1.49,4.55,-26.17,-0.0,-0.25,1,6030
1.0,2622.239751,165.06,1.45,2.44,-26.22,-1.26,-2.0,1,5906
1.0,2622.249751,166.11,1.57,0.34,-26.26,-2.51,-3.0,1,5775
1.0,2622.259751,166.46,1.58,-1.05,-26.29,-3.75,-3.25,1,5639
1.0,2622.269751,167.17,1.47,-1.62,-26.29,-4.97,-4.0,1,6536
1.0,2622.279751,168.4,1.47,-1.23,-26.29,-6.18,-5.25,1,6409
1.0,2622.289751,169.8,1.32,-1.93,-26.28,-7.36,-6.75,1,6281
1.0,2622.299751,171.12,1.26,-3.78,-26.32,-8.52,-8.0,1,6162
1.0,2622.309751,172.18,1.4,-5.57,-26.38,-9.64,-9.25,1,6026
1.0,2622.319751,173.14,1.37,-6.76,-26.39,-10.72,-10.0,1,5899
1.0,2622.329751,174.2,1.23,-7.61,-26.38,-11.76,-11.0,1,5780
1.0,2622.339751,175.69,1.25,-8.24,-26.39,-12.75,-12.75,1,5644
1.0,2622.349751,177.54,1.22,-9.38,-26.41,-13.69,-14.5,1,6533
1.0,2622.359751,178.86,1.07,-11.72,-26.43,-14.58,-15.75,1,6405
1.0,2622.369751,179.21,1.12,-13.84,-26.48,-15.41,-16.0,1,6277
1.0,2622.379751,179.12,1.22,-14.43,-26.51,-16.18,-16.0,1,6161
1.0,2622.389751,179.47,1.16,-13.8,-26.46,-16.89,-16.5,1,6030
1.0,2622.399751,180.26,1.0,-13.33,-26.41,-17.53,-17.25,1,5903
1.0,2622.409751,181.23,0.98,-13.91,-26.45,-18.1,-18.0,1,5767
1.0,2622.419751,182.02,1.08,-14.85,-26.5,-18.6,-19.0,1,5640
1.0,2622.429753,182.37,1.05,-16.27,-26.48,-19.02,-19.25,1,6539
1.0,2622.439751,182.29,1.06,-17.06,-26.52,-19.37,-19.0,1,6400
1.0,2622.449751,182.37,1.04,-16.91,-26.51,-19.65,-19.25,1,6282
1.0,2622.459751,182.9,1.02,-16.15,-26.47,-19.84,-19.75,1,6163
1.0,2622.469751,183.25,0.95,-16.37,-26.43,-19.96,-20.25,1,6026
1.0,2622.479751,183.25,1.0,-17.29,-26.51,-20.0,-20.25,1,5902
1.0,2622.489751,183.34,1.04,-17.59,-26.55,-19.96,-19.75,1,5772
1.0,2622.499751,182.9,1.02,-17.51,-26.51,-19.84,-19.25,1,5644
1.0,2622.509751,182.55,1.0,-16.97,-26.48,-19.65,-19.5,1,6533
1.0,2622.519751,182.99,0.98,-16.43,-26.44,-19.37,-20.0,1,6405
1.0,2622.529751,183.16,0.99,-16.2,-26.45,-19.02,-20.0,1,6277
1.0,2622.539751,182.99,1.0,-17.09,-26.5,-18.6,-19.25,1,6159
1.0,2622.549751,181.85,1.05,-17.23,-26.55,-18.1,-18.25,1,6022
1.0,2622.559751,181.05,1.03,-16.41,-26.49,-17.53,-17.25,1,5904
1.0,2622.569751,180.09,1.0,-14.97,-26.43,-16.89,-16.5,1,5767
1.0,2622.579751,179.12,1.01,-13.56,-26.41,-16.18,-15.75,1,5640
1.0,2622.589754,178.59,1.08,-12.8,-26.43,-15.41,-15.25,1,6540
1.0,2622.599751,178.24,1.09,-11.89,-26.42,-14.58,-14.75,1,6401
1.0,2622.609750,177.8,1.13,-11.33,-26.41,-13.69,-14.5,1,6282
1.0,2622.619750,177.63,1.14,-11.27,-26.4,-12.75,-13.75,1,6163
1.0,2622.629750,176.57,1.12,-11.2,-26.4,-11.76,-12.75,1,6027
1.0,2622.639750,174.64,1.18,-10.84,-26.42,-10.72,-10.75,1,5903
1.0,2622.649750,172.71,1.28,-9.26,-26.4,-9.64,-8.75,1,5772
1.0,2622.659750,170.86,1.28,-6.27,-26.33,-8.52,-7.25,1,5644
1.0,2622.669751,170.07,1.32,-3.94,-26.29,-7.36,-7.0,1,6532
1.0,2622.679750,169.98,1.28,-2.26,-26.26,-6.18,-6.75,1,6405
1.0,2622.689750,169.72,1.3,-2.26,-26.27,-4.97,-5.75,1,6278
1.0,2622.699750,168.22,1.4,-3.5,-26.33,-3.75,-4.25,1,6159
1.0,2622.709750,166.38,1.48,-2.75,-26.31,-2.51,-2.25,1,6022
1.0,2622.719750,164.71,1.43,-0.56,-26.24,-1.26,-0.75,1,5904
2.0,2624.739751,165.06,1.37,-1.2,-26.23,0.0,-1.5,1,5658
2.0,2624.749752,162.86,1.6,1.74,-26.17,2.51,0.5,1,6521
2.0,2624.759750,160.93,1.53,4.9,-26.09,4.97,3.0,1,6401
2.0,2624.769750,158.03,1.56,6.62,-26.08,7.36,6.0,1,6274
2.0,2624.779750,155.04,1.9,8.22,-26.02,9.64,8.75,1,6147
2.0,2624.789750,153.02,1.85,11.43,-25.95,11.76,10.25,1,6019
2.0,2624.799750,152.05,1.78,14.82,-25.89,13.69,11.5,1,5891
2.0,2624.809754,150.64,1.88,16.11,-25.85,15.41,13.25,1,5759
2.0,2624.819751,148.27,2.09,15.99,-25.81,16.89,15.75,1,6652
2.0,2624.829754,145.72,2.14,17.44,-25.77,18.1,17.75,1,6528
2.0,2624.839751,144.32,2.13,20.46,-25.72,19.02,19.0,1,6397
2.0,2624.849750,143.88,2.2,23.57,-25.62,19.65,19.25,1,6278
2.0,2624.859751,143.61,2.19,24.28,-25.6,19.96,20.0,1,6143
2.0,2624.869751,142.91,2.3,23.07,-25.61,19.96,21.0,1,6016
2.0,2624.879751,142.03,2.3,22.93,-25.64,19.65,21.5,1,5887
2.0,2624.889751,142.12,2.26,23.57,-25.62,19.02,21.25,1,5760
2.0,2624.899751,143.09,2.25,25.13,-25.56,18.1,20.25,1,6648
2.0,2624.909751,144.67,2.3,24.4,-25.57,16.89,18.5,1,6524
2.0,2624.919751,146.07,2.22,21.83,-25.65,15.41,17.0,1,6393
2.0,2624.929754,147.3,2.11,19.32,-25.73,13.69,15.75,1,6277
2.0,2624.939751,149.06,2.08,17.72,-25.78,11.76,14.0,1,6138
2.0,2624.949752,151.26,2.03,16.96,-25.79,9.64,11.75,1,6021
2.0,2624.959751,153.98,1.89,14.82,-25.9,7.36,9.25,1,5883
2.0,2624.969754,156.62,1.82,12.02,-25.95,4.97,6.25,1,5759
2.0,2624.979751,158.82,1.82,8.75,-26.03,2.51,4.25,1,6652
2.0,2624.989754,160.4,1.68,5.72,-26.1,-0.0,2.75,1,6529
2.0,2624.999751,162.6,1.7,4.3,-26.12,-2.51,0.5,1,6398
2.0,2625.009750,165.15,1.59,3.28,-26.13,-4.97,-2.25,1,6279
2.0,2625.019751,168.31,1.34,0.73,-26.19,-7.36,-5.25,1,6143
2.0,2625.029753,171.21,1.4,-2.43,-26.25,-9.64,-8.25,1,6018
2.0,2625.039751,173.67,1.39,-5.96,-26.31,-11.76,-10.5,1,5879
2.0,2625.049751,175.25,1.24,-9.23,-26.37,-13.69,-12.25,1,5752
2.0,2625.059751,176.92,1.23,-10.91,-26.4,-15.41,-13.75,1,6648
2.0,2625.069754,178.95,1.23,-11.49,-26.39,-16.89,-16.0,1,6524
2.0,2625.079751,181.14,1.0,-13.06,-26.37,-18.1,-18.0,1,6393
2.0,2625.089754,182.46,0.94,-15.71,-26.42,-19.02,-19.25,1,6278
2.0,2625.099751,183.34,1.14,-17.57,-26.5,-19.65,-20.25,1,6139
2.0,2625.109751,183.87,1.12,-18.15,-26.51,-19.96,-20.75,1,6012
2.0,2625.119751,183.87,0.88,-18.83,-26.43,-19.96,-20.5,1,5884
2.0,2625.129754,183.34,0.99,-18.62,-26.49,-19.65,-19.75,1,5759
2.0,2625.139751,182.81,1.03,-17.67,-26.48,-19.02,-19.25,1,6656
2.0,2625.149754,182.37,0.96,-16.95,-26.38,-18.1,-18.75,1,6529
2.0,2625.159751,181.93,0.94,-16.07,-26.39,-16.89,-18.0,1,6398
2.0,2625.169752,180.62,1.02,-15.42,-26.42,-15.41,-16.75,1,6281
2.0,2625.179750,178.77,1.06,-14.8,-26.41,-13.69,-14.75,1,6143
2.0,2625.189754,176.48,1.13,-13.2,-26.4,-11.76,-12.75,1,6018
2.0,2625.199750,174.73,1.18,-10.17,-26.35,-9.64,-11.0,1,5879
2.0,2625.209750,172.97,1.21,-7.68,-26.3,-7.36,-9.25,1,5752
2.0,2625.219750,170.68,1.2,-5.96,-26.27,-4.97,-6.75,1,6649
2.0,2625.229750,167.96,1.36,-4.18,-26.27,-2.51,-4.0,1,6525
2.0,2625.239751,165.15,1.5,-1.67,-26.22,-0.0,-1.0,1,6394
2.0,2625.249753,162.25,1.51,1.85,-26.14,2.51,1.25,1,6278
2.0,2625.259750,160.58,1.56,5.04,-26.09,4.97,3.0,1,6141
2.0,2625.269751,158.82,1.58,7.44,-26.05,7.36,5.25,1,6012
2.0,2625.279750,156.01,1.73,8.86,-26.01,9.64,8.0,1,5884
2.0,2625.289750,153.28,1.95,9.9,-25.97,11.76,10.75,1,5757
2.0,2625.299750,150.38,1.87,13.07,-25.91,13.69,13.0,1,6645
2.0,2625.309754,148.97,1.93,16.68,-25.82,15.41,14.25,1,6520
2.0,2625.319751,147.57,2.01,19.02,-25.74,16.89,15.75,1,6399
2.0,2625.329752,146.07,2.1,19.93,-25.7,18.1,17.75,1,6282
2.0,2625.339751,143.96,2.24,20.16,-25.69,19.02,19.75,1,6143
2.0,2625.349753,142.65,2.25,21.9,-25.64,19.65,20.75,1,6017
2.0,2625.359751,142.65,2.22,24.67,-25.57,19.96,20.75,1,5880
2.0,2625.369751,143.17,2.26,25.45,-25.56,19.96,20.0,1,5756
2.0,2625.379751,143.44,2.34,23.9,-25.55,19.65,19.75,1,6649
2.0,2625.389754,143.79,2.24,22.41,-25.61,19.02,19.25,1,6525
2.0,2625.399751,144.05,2.21,21.92,-25.63,18.1,19.25,1,6394
2.0,2625.409753,144.58,2.21,21.67,-25.64,16.89,18.75,1,6279
2.0,2625.419751,145.63,2.2,21.5,-25.64,15.41,17.25,1,6139
2.0,2625.429751,147.39,2.15,20.75,-25.68,13.69,15.75,1,6011
2.0,2625.439751,149.59,2.06,18.82,-25.76,11.76,13.25,1,5884
2.0,2625.449751,151.61,2.04,16.42,-25.82,9.64,11.25,1,5757
2.0,2625.459751,153.37,1.95,13.62,-25.9,7.36,9.75,1,6645
2.0,2625.469753,155.57,1.88,11.47,-25.94,4.97,7.5,1,6521
2.0,2625.479751,158.12,1.84,10.3,-25.96,2.51,5.0,1,6399
2.0,2625.489753,161.1,1.61,7.67,-26.06,0.0,2.0,1,6273
2.0,2625.499751,164.18,1.56,4.53,-26.11,-2.51,-1.25,1,6144
2.0,2625.509754,166.46,1.56,1.18,-26.17,-4.97,-3.25,1,6019
2.0,2625.519751,168.4,1.45,-2.14,-26.24,-7.36,-5.25,1,5881
2.0,2625.529751,170.77,1.46,-3.88,-26.27,-9.64,-7.75,1,5753
2.0,2625.539751,173.23,1.34,-4.99,-26.29,-11.76,-10.25,1,6649
2.0,2625.549751,175.43,1.08,-7.7,-26.31,-13.69,-12.25,1,6525
2.0,2625.559751,177.54,1.22,-10.28,-26.38,-15.41,-14.5,1,6395
2.0,2625.569753,179.65,1.3,-12.17,-26.42,-16.89,-16.5,1,6279
2.0,2625.579751,180.44,1.02,-14.47,-26.39,-18.1,-17.25,1,6141
2.0,2625.589754,181.05,0.95,-16.32,-26.45,-19.02,-18.0,1,6015
2.0,2625.599751,182.29,1.22,-15.95,-26.49,-19.65,-19.25,1,5876
2.0,2625.609751,183.43,1.05,-16.01,-26.39,-19.96,-20.25,1,5757
2.0,2625.619751,183.69,0.85,-17.68,-26.4,-19.96,-20.5,1,6645
2.0,2625.629751,183.34,1.04,-18.62,-26.53,-19.65,-19.75,1,6521
2.0,2625.639751,182.72,1.1,-17.91,-26.51,-19.02,-18.75,1,6391
2.0,2625.649754,181.76,1.0,-17.08,-26.41,-18.1,-18.0,1,6283
2.0,2625.659751,180.62,0.99,-15.98,-26.39,-16.89,-17.25,1,6136
2.0,2625.669752,179.82,1.0,-14.34,-26.36,-15.41,-16.5,1,6017
2.0,2625.679750,178.95,1.06,-13.15,-26.38,-13.69,-15.0,1,5881
2.0,2625.689750,176.75,1.14,-12.35,-26.39,-11.76,-13.0,1,5756
2.0,2625.699750,174.29,1.19,-11.12,-26.37,-9.64,-10.25,1,6650
2.0,2625.709754,171.3,1.22,-8.27,-26.3,-7.36,-8.0,1,6525
2.0,2625.719750,169.72,1.35,-4.83,-26.26,-4.97,-6.5,1,6395
2.0,2625.729752,168.4,1.34,-1.75,-26.19,-2.51,-4.75,1,6278
2.0,2625.739751,166.55,1.3,-0.53,-26.18,0.0,-2.5,1,6140
2.0,2625.749754,163.83,1.57,-0.24,-26.19,2.51,0.25,1,6015
2.0,2625.759750,160.75,1.63,2.17,-26.12,4.97,3.25,1,5876
2.0,2625.769750,157.32,1.6,5.68,-26.06,7.36,6.5,1,5758
2.0,2625.779750,154.25,1.76,9.57,-25.99,9.64,9.0,1,6645
2.0,2625.789750,152.75,1.88,13.37,-25.89,11.76,10.75,1,6521
2.0,2625.799750,151.35,1.85,15.71,-25.85,13.69,12.25,1,6391
2.0,2625.809754,149.24,1.95,16.11,-25.82,15.41,14.75,1,6275
2.0,2625.819751,146.87,2.14,16.85,-25.76,16.89,16.75,1,6137
2.0,2625.829754,145.11,2.15,19.07,-25.7,18.1,18.25,1,6011
2.0,2625.839751,143.96,2.09,22.24,-25.66,19.02,19.25,1,5881
2.0,2625.849751,143.0,2.19,23.52,-25.62,19.65,20.25,1,5756
2.0,2625.859751,142.38,2.38,23.75,-25.55,19.96,20.75,1,6641
2.0,2625.869754,142.82,2.31,24.27,-25.58,19.96,20.25,1,6525
2.0,2625.879751,143.17,2.27,24.22,-25.57,19.65,20.0,1,6395
2.0,2625.889753,143.17,2.24,23.17,-25.61,19.02,20.0,1,6279
2.0,2625.899751,143.44,2.24,22.28,-25.64,18.1,19.75,1,6140
2.0,2625.909754,144.32,2.24,22.69,-25.63,16.89,18.75,1,6016
2.0,2625.919751,145.81,2.21,22.22,-25.64,15.41,17.25,1,5878
2.0,2625.929751,147.92,2.14,20.73,-25.69,13.69,15.25,1,5749
2.0,2625.939751,149.94,2.08,18.39,-25.75,11.76,13.0,1,6646
2.0,2625.949753,151.7,1.97,15.63,-25.85,9.64,11.25,1,6521
2.0,2625.959751,153.98,1.95,13.27,-25.91,7.36,9.25,1,6400
2.0,2625.969754,156.45,1.93,11.4,-25.93,4.97,6.75,1,6276
2.0,2625.979751,159.17,1.71,9.37,-26.0,2.51,3.75,1,6137
2.0,2625.989751,161.81,1.58,6.56,-26.08,-0.0,1.25,1,6009
2.0,2625.999751,163.83,1.6,3.26,-26.13,-2.51,-0.75,1,5882
2.0,2626.009751,166.46,1.62,0.84,-26.18,-4.97,-3.25,1,5754
2.0,2626.019751,169.37,1.49,-0.71,-26.21,-7.36,-6.25,1,6642
2.0,2626.029751,172.0,1.18,-3.85,-26.25,-9.64,-9.0,1,6523
2.0,2626.039751,173.58,1.24,-7.07,-26.33,-11.76,-10.5,1,6361
2.0,2626.049752,174.81,1.35,-9.42,-26.39,-13.69,-11.75,1,6278
2.0,2626.059751,176.57,1.32,-9.95,-26.38,-15.41,-13.5,1,6141
2.0,2626.069754,178.95,1.08,-10.66,-26.32,-16.89,-15.75,1,6016
2.0,2626.079751,180.97,0.96,-12.77,-26.36,-18.1,-18.0,1,5877
2.0,2626.089751,182.55,1.08,-15.55,-26.44,-19.02,-19.25,1,5759
2.0,2626.099751,183.52,1.16,-17.76,-26.48,-19.65,-20.5,1,6646
2.0,2626.109753,184.04,1.09,-18.45,-26.47,-19.96,-21.0,1,6521
2.0,2626.119751,184.04,0.88,-19.13,-26.42,-19.96,-20.75,1,6400
2.0,2626.129754,183.6,0.99,-18.94,-26.48,-19.65,-20.0,1,6276
2.0,2626.139751,183.16,1.02,-17.92,-26.46,-19.02,-19.75,1,6137
2.0,2626.149754,183.16,0.96,-17.2,-26.36,-18.1,-19.75,1,6012
2.0,2626.159751,182.64,0.9,-16.6,-26.34,-16.89,-18.75,1,5882
2.0,2626.169751,180.97,1.02,-16.48,-26.41,-15.41,-17.25,1,5757
2.0,2626.179750,178.95,1.15,-15.57,-26.45,-13.69,-15.0,1,6642
2.0,2626.189751,176.48,1.07,-13.18,-26.35,-11.76,-13.25,1,6516
2.0,2626.199750,174.81,1.16,-10.16,-26.33,-9.64,-11.5,1,6405
2.0,2626.209752,173.41,1.2,-7.35,-26.27,-7.36,-9.5,1,6278
2.0,2626.219750,170.77,1.19,-5.86,-26.26,-4.97,-6.75,1,6141
2.0,2626.229754,168.22,1.47,-4.68,-26.28,-2.51,-4.25,1,6016
2.0,2626.239751,165.59,1.47,-1.78,-26.21,-0.0,-1.5,1,5878
2.0,2626.249750,162.51,1.41,1.48,-26.14,2.51,1.25,1,5759
2.0,2626.259750,159.7,1.57,4.3,-26.09,4.97,3.75,1,6647
2.0,2626.269752,157.59,1.75,7.62,-26.01,7.36,6.0,1,6521
2.0,2626.279750,155.21,1.7,10.2,-25.97,9.64,8.75,1,6400
2.0,2626.289754,152.4,1.84,11.73,-25.94,11.76,11.25,1,6276
2.0,2626.299750,150.38,2.0,14.04,-25.85,13.69,12.75,1,6138
2.0,2626.309754,149.33,1.93,17.38,-25.77,15.41,14.0,1,6012
2.0,2626.319751,148.18,1.93,18.61,-25.78,16.89,15.75,1,5874
2.0,2626.329751,146.07,2.17,18.5,-25.72,18.1,17.75,1,5755
2.0,2626.339751,144.23,2.21,19.78,-25.7,19.02,19.0,1,6643
2.0,2626.349754,143.61,2.15,22.21,-25.66,19.65,19.75,1,6518
2.0,2626.359751,143.0,2.22,24.06,-25.57,19.96,20.25,1,6396
2.0,2626.369754,142.73,2.31,23.88,-25.55,19.96,20.25,1,6280
2.0,2626.379751,143.09,2.32,23.81,-25.57,19.65,20.25,1,6133
2.0,2626.389754,143.61,2.26,23.5,-25.6,19.02,19.75,1,6017
2.0,2626.399751,144.67,2.22,22.66,-25.63,18.1,18.25,1,5878
2.0,2626.409751,146.07,2.21,21.81,-25.64,16.89,17.0,1,5776
2.0,2626.419751,147.22,2.1,19.9,-25.71,15.41,15.75,1,6647
2.0,2626.429754,148.62,2.08,18.1,-25.76,13.69,14.5,1,6523
2.0,2626.439751,150.56,2.11,17.01,-25.77,11.76,12.75,1,6401
2.0,2626.449754,152.84,1.98,15.62,-25.83,9.64,10.25,1,6276
2.0,2626.459751,154.95,1.82,13.19,-25.92,7.36,8.25,1,6140
2.0,2626.469751,156.62,1.83,10.31,-25.98,4.97,6.25,1,6013
2.0,2626.479751,158.99,1.83,8.18,-26.01,2.51,4.25,1,5874
2.0,2626.489751,161.54,1.7,6.84,-26.05,-0.0,1.5,1,5784
2.0,2626.499751,164.36,1.45,4.21,-26.11,-2.51,-1.25,1,6643
2.0,2626.509754,166.82,1.48,1.13,-26.17,-4.97,-3.75,1,6518
2.0,2626.519751,169.1,1.54,-1.69,-26.22,-7.36,-6.0,1,6398
2.0,2626.529754,171.91,1.44,-3.97,-26.26,-9.64,-8.75,1,6272
2.0,2626.539751,174.46,1.22,-6.25,-26.29,-11.76,-11.25,1,6136
2.0,2626.549753,175.78,1.15,-9.37,-26.33,-13.69,-12.75,1,6008
2.0,2626.559751,176.92,1.27,-11.59,-26.41,-15.41,-13.75,1,5878
2.0,2626.569751,178.51,1.33,-11.96,-26.42,-16.89,-15.5,1,5771
2.0,2626.579751,180.44,1.02,-12.58,-26.33,-18.1,-17.25,1,6639
2.0,2626.589752,181.76,0.89,-14.57,-26.37,-19.02,-18.75,1,6522
2.0,2626.599751,182.46,1.13,-16.63,-26.47,-19.65,-19.25,1,6404
2.0,2626.609754,183.34,1.17,-17.51,-26.47,-19.96,-20.25,1,6268
2.0,2626.619751,184.04,1.0,-17.59,-26.41,-19.96,-21.0,1,6138
2.0,2626.629754,184.04,0.9,-18.28,-26.4,-19.65,-20.75,1,6013
2.0,2626.639751,183.69,1.0,-18.77,-26.48,-19.02,-19.75,1,5876
2.0,2626.649751,182.37,1.07,-18.03,-26.49,-18.1,-19.0,1,5773
2.0,2626.659751,181.76,1.02,-17.0,-26.39,-16.89,-18.25,1,6644
2.0,2626.669754,181.14,0.96,-15.37,-26.34,-15.41,-17.25,1,6519
2.0,2626.679751,179.21,1.01,-14.36,-26.33,-13.69,-15.25,1,6397
2.0,2626.689754,177.1,1.18,-13.54,-26.41,-11.76,-13.25,1,6264
2.0,2626.699751,175.08,1.16,-11.02,-26.33,-9.64,-11.25,1,6137
2.0,2626.709753,172.62,1.15,-8.46,-26.29,-7.36,-8.75,1,6009
2.0,2626.719751,169.98,1.27,-6.17,-26.27,-4.97,-6.0,1,5879
2.0,2626.729751,167.61,1.45,-3.07,-26.22,-2.51,-3.75,1,5780
2.0,2626.739751,165.41,1.41,-0.15,-26.15,0.0,-1.25,1,6639
2.0,2626.749754,162.6,1.42,1.89,-26.12,2.51,1.25,1,6524
2.0,2626.759751,159.43,1.64,4.09,-26.09,4.97,4.75,1,6402
2.0,2626.769754,156.27,1.78,7.18,-26.01,7.36,7.75,1,6268
2.0,2626.779751,153.11,1.78,10.61,-25.95,9.64,10.25,1,6141
2.0,2626.789754,151.61,1.87,14.2,-25.86,11.76,11.75,1,6013
2.0,2626.799751,150.82,1.92,16.77,-25.78,13.69,12.25,1,5877
2.0,2626.809751,150.21,1.96,17.24,-25.77,15.41,13.25,1,5773
2.0,2626.819751,149.06,2.03,16.46,-25.78,16.89,15.0,1,6644
2.0,2626.829754,147.13,2.1,16.83,-25.75,18.1,16.75,1,6519
2.0,2626.839751,145.11,2.13,18.46,-25.72,19.02,18.0,1,6398
2.0,2626.849754,144.58,2.13,21.26,-25.66,19.65,18.75,1,6264
2.0,2626.859751,144.05,2.17,22.9,-25.61,19.96,19.25,1,6137
2.0,2626.869751,143.7,2.25,23.01,-25.58,19.96,19.75,1,6010
2.0,2626.879751,143.61,2.3,22.71,-25.58,19.65,20.0,1,5871
2.0,2626.889751,143.17,2.24,22.69,-25.6,19.02,20.0,1,5781
2.0,2626.899751,143.79,2.26,22.66,-25.6,18.1,19.25,1,6640
2.0,2626.909751,145.2,2.24,22.79,-25.6,16.89,18.0,1,6513
2.0,2626.919751,147.04,2.19,21.8,-25.63,15.41,16.0,1,6405
2.0,2626.929754,148.62,2.13,19.3,-25.7,13.69,14.25,1,6269
2.0,2626.939751,149.59,1.99,16.7,-25.8,11.76,13.25,1,6139
2.0,2626.949754,151.0,2.01,15.0,-25.83,9.64,12.25,1,6014
2.0,2626.959751,152.75,2.01,14.71,-25.81,7.36,10.25,1,5876
2.0,2626.969751,154.95,1.85,13.42,-25.9,4.97,8.0,1,5774
2.0,2626.979751,157.76,1.75,11.12,-25.96,2.51,5.25,1,6644
2.0,2626.989754,160.93,1.79,8.25,-26.0,0.0,2.25,1,6520
2.0,2626.999751,164.0,1.63,4.8,-26.08,-2.51,-1.0,1,6398
2.0,2627.009754,166.46,1.44,1.18,-26.15,-4.97,-3.25,1,6265
2.0,2627.019751,168.49,1.45,-2.11,-26.21,-7.36,-5.25,1,6138
2.0,2627.029751,170.86,1.52,-3.98,-26.25,-9.64,-7.75,1,6007
2.0,2627.039751,173.41,1.31,-5.22,-26.26,-11.76,-10.25,1,5871
2.0,2627.049751,175.69,1.06,-7.97,-26.29,-13.69,-12.5,1,5778
2.0,2627.059751,177.54,1.23,-10.57,-26.36,-15.41,-14.5,1,6640
2.0,2627.069754,179.21,1.29,-12.49,-26.4,-16.89,-16.25,1,6516
2.0,2627.079751,180.7,1.08,-14.16,-26.37,-18.1,-17.5,1,6402
2.0,2627.089751,181.85,1.03,-15.47,-26.4,-19.02,-18.75,1,6269
2.0,2627.099751,182.99,1.08,-16.5,-26.42,-19.65,-19.75,1,6132
2.0,2627.109754,183.69,1.05,-17.45,-26.42,-19.96,-20.5,1,6014
2.0,2627.119751,184.04,0.98,-18.2,-26.42,-19.96,-21.0,1,5876
2.0,2627.129751,184.04,1.01,-18.69,-26.44,-19.65,-20.5,1,5774
2.0,2627.139751,183.43,1.03,-18.55,-26.46,-19.02,-19.75,1,6644
2.0,2627.149754,182.55,1.01,-17.67,-26.43,-18.1,-19.0,1,6520
2.0,2627.159751,181.76,0.96,-16.83,-26.36,-16.89,-18.0,1,6398
2.0,2627.169754,180.44,0.96,-15.51,-26.36,-15.41,-16.5,1,6265
2.0,2627.179751,178.33,1.09,-14.38,-26.38,-13.69,-14.5,1,6138
2.0,2627.189751,176.04,1.18,-12.59,-26.37,-11.76,-12.25,1,6010
2.0,2627.199751,173.94,1.17,-9.55,-26.31,-9.64,-10.75,1,5871
2.0,2627.209751,172.62,1.23,-7.01,-26.25,-7.36,-9.5,1,5780
2.0,2627.219751,171.47,1.21,-5.16,-26.22,-4.97,-7.75,1,6640
2.0,2627.229754,169.1,1.32,-4.11,-26.24,-2.51,-5.25,1,6516
2.0,2627.239751,166.46,1.52,-3.31,-26.24,0.0,-2.25,1,6394
2.0,2627.249751,163.48,1.46,-0.42,-26.16,2.51,0.5,1,6261
2.0,2627.259751,160.58,1.53,3.37,-26.09,4.97,3.0,1,6131
2.0,2627.269754,157.94,1.67,6.72,-26.01,7.36,5.5,1,6006
2.0,2627.279751,155.48,1.7,9.45,-25.97,9.64,8.5,1,5875
2.0,2627.289751,152.49,1.86,11.9,-25.91,11.76,11.25,1,5774
2.0,2627.299751,150.56,2.02,14.17,-25.84,13.69,12.75,1,6636
2.0,2627.309754,149.59,1.92,16.93,-25.78,15.41,13.75,1,6520
2.0,2627.319751,148.27,1.92,18.46,-25.76,16.89,15.75,1,6399
2.0,2627.329754,146.07,2.18,18.35,-25.7,18.1,17.25,1,6265
2.0,2627.339751,145.11,2.21,19.67,-25.68,19.02,18.25,1,6137
2.0,2627.349751,144.14,2.09,22.02,-25.66,19.65,19.25,1,6010
2.0,2627.359751,143.79,2.18,23.12,-25.6,19.96,19.5,1,5871
2.0,2627.369751,143.96,2.38,22.88,-25.54,19.96,19.25,1,5773
2.0,2627.379751,143.79,2.21,22.98,-25.61,19.65,19.5,1,6640
2.0,2627.389754,143.61,2.18,22.2,-25.64,19.02,20.0,1,6516
2.0,2627.399751,143.09,2.3,22.2,-25.61,18.1,20.25,1,6395
2.0,2627.409751,143.53,2.23,22.55,-25.61,16.89,19.75,1,6261
2.0,2627.419751,144.84,2.19,23.09,-25.59,15.41,18.25,1,6131
2.0,2627.429751,146.69,2.23,22.45,-25.6,13.69,16.5,1,6003
2.0,2627.439751,148.8,2.17,19.84,-25.68,11.76,14.25,1,5867
2.0,2627.449751,151.61,2.01,17.24,-25.77,9.64,11.5,1,6764
2.0,2627.459751,153.98,1.97,14.36,-25.85,7.36,9.0,1,6636
2.0,2627.469754,155.65,1.84,11.07,-25.93,4.97,7.25,1,6521
2.0,2627.479751,157.59,1.79,8.63,-25.99,2.51,5.5,1,6399
2.0,2627.489754,159.87,1.83,7.75,-25.99,-0.0,3.25,1,6266
2.0,2627.499751,162.6,1.56,6.09,-26.06,-2.51,0.5,1,6135
2.0,2627.509754,165.76,1.47,3.39,-26.11,-4.97,-2.75,1,6002
2.0,2627.519751,168.66,1.57,0.16,-26.17,-7.36,-5.5,1,5872
2.0,2627.529751,170.6,1.41,-3.58,-26.24,-9.64,-7.5,1,6759
2.0,2627.539751,172.53,1.34,-6.33,-26.29,-11.76,-9.5,1,6632
2.0,2627.549754,174.99,1.39,-7.34,-26.31,-13.69,-12.0,1,6517
2.0,2627.559751,177.36,1.11,-9.24,-26.29,-15.41,-14.25,1,6395
2.0,2627.569754,178.51,1.03,-12.11,-26.34,-16.89,-15.25,1,6261
2.0,2627.579751,179.3,1.21,-14.04,-26.42,-18.1,-16.25,1,6131
2.0,2627.589751,180.53,1.26,-14.21,-26.41,-19.02,-17.75,1,5998
2.0,2627.599751,182.02,0.99,-14.6,-26.33,-19.65,-18.75,1,5868
2.0,2627.609751,182.81,0.92,-16.3,-26.36,-19.96,-19.5,1,6768
2.0,2627.619751,182.9,1.12,-17.52,-26.47,-19.96,-19.75,1,6638
2.0,2627.629754,183.08,1.13,-17.62,-26.44,-19.65,-19.5,1,6513
2.0,2627.639751,182.64,0.93,-17.44,-26.38,-19.02,-19.25,1,6399
2.0,2627.649754,182.29,1.02,-16.8,-26.4,-18.1,-19.25,1,6266
2.0,2627.659751,182.11,1.01,-16.27,-26.36,-16.89,-18.75,1,6135
2.0,2627.669751,181.49,1.0,-15.67,-26.36,-15.41,-17.75,1,6002
2.0,2627.679751,179.65,1.05,-15.64,-26.4,-13.69,-15.75,1,5872
2.0,2627.689751,177.71,1.12,-14.47,-26.37,-11.76,-13.75,1,6760
2.0,2627.699751,175.69,1.14,-11.52,-26.31,-9.64,-11.75,1,6633
2.0,2627.709754,173.23,1.17,-8.91,-26.29,-7.36,-9.25,1,6517
2.0,2627.719751,170.6,1.25,-6.75,-26.26,-4.97,-6.75,1,6395
2.0,2627.729751,168.13,1.43,-3.81,-26.21,-2.51,-4.25,1,6262
2.0,2627.739751,164.97,1.41,-0.96,-26.15,-0.0,-1.0,1,6131
2.0,2627.749751,161.63,1.46,1.61,-26.11,2.51,1.75,1,5998
2.0,2627.759751,159.7,1.71,5.2,-26.04,4.97,3.75,1,5868
2.0,2627.769751,157.94,1.66,8.45,-25.96,7.36,5.75,1,6768
2.0,2627.779751,155.83,1.62,9.88,-25.96,9.64,8.25,1,6637
2.0,2627.789751,153.28,1.95,10.69,-25.92,11.76,10.75,1,6513
2.0,2627.799751,150.91,1.98,13.13,-25.86,13.69,13.0,1,6391
2.0,2627.809751,148.45,1.9,15.89,-25.8,15.41,15.0,1,6255
2.0,2627.819751,146.78,2.0,18.51,-25.72,16.89,16.75,1,6127
2.0,2627.829754,145.72,2.21,20.65,-25.61,18.1,18.0,1,6002
2.0,2627.839751,144.67,2.23,22.07,-25.58,19.02,19.25,1,5872
2.0,2627.849751,143.53,2.21,22.15,-25.59,19.65,20.25,1,6760
2.0,2627.859751,142.29,2.24,22.72,-25.57,19.96,20.75,1,6633
2.0,2627.869754,142.73,2.32,23.92,-25.53,19.96,20.5,1,6517
2.0,2627.879751,143.44,2.32,24.74,-25.51,19.65,19.75,1,6395
2.0,2627.889754,143.96,2.25,23.61,-25.55,19.02,19.25,1,6262
2.0,2627.899751,144.4,2.23,21.87,-25.6,18.1,18.75,1,6132
2.0,2627.909751,145.11,2.2,21.21,-25.61,16.89,18.0,1,5998
2.0,2627.919751,146.43,2.2,20.73,-25.62,15.41,16.75,1,5868
2.0,2627.929751,148.18,2.13,19.93,-25.66,13.69,14.75,1,6765
2.0,2627.939751,150.29,2.04,17.99,-25.74,11.76,12.75,1,6637
2.0,2627.949751,151.88,2.01,15.55,-25.8,9.64,11.0,1,6510
2.0,2627.959751,153.9,1.97,13.2,-25.86,7.36,9.25,1,6391
2.0,2627.969751,156.18,1.91,11.51,-25.9,4.97,6.75,1,6255
2.0,2627.979751,159.08,1.72,9.6,-25.96,2.51,4.0,1,6128
2.0,2627.989754,161.81,1.6,6.88,-26.03,0.0,1.25,1,6003
2.0,2627.999751,164.27,1.61,3.58,-26.09,-2.51,-1.25,1,5873
2.0,2628.009751,166.82,1.57,0.56,-26.15,-4.97,-3.75,1,6761
2.0,2628.019751,169.63,1.5,-1.57,-26.18,-7.36,-6.5,1,6633
2.0,2628.029754,172.53,1.31,-4.01,-26.22,-9.64,-9.5,1,6517
2.0,2628.039751,174.99,1.18,-7.17,-26.27,-11.76,-12.0,1,6396
2.0,2628.049754,177.28,1.27,-10.13,-26.34,-13.69,-14.25,1,6263
2.0,2628.059751,178.77,1.28,-12.32,-26.36,-15.41,-15.75,1,6132
2.0,2628.069751,179.74,1.1,-14.14,-26.37,-16.89,-16.5,1,5999
2.0,2628.079751,180.62,1.09,-14.98,-26.4,-18.1,-17.75,1,5869
2.0,2628.089751,181.93,1.14,-15.02,-26.39,-19.02,-19.0,1,6757
2.0,2628.099751,183.25,0.96,-16.02,-26.34,-19.65,-20.0,1,6630
2.0,2628.109754,183.78,0.96,-17.62,-26.4,-19.96,-20.75,1,6514
2.0,2628.119751,183.78,1.07,-18.5,-26.47,-19.96,-20.25,1,6392
2.0,2628.129751,183.16,1.05,-18.61,-26.44,-19.65,-20.25,1,6259
2.0,2628.139751,183.16,1.02,-17.77,-26.41,-19.02,-20.0,1,6128
2.0,2628.149754,182.81,0.96,-17.0,-26.34,-18.1,-19.0,1,5995
2.0,2628.159751,181.49,0.98,-16.56,-26.35,-16.89,-17.75,1,5873
2.0,2628.169751,180.44,1.13,-15.94,-26.42,-15.41,-16.75,1,6761
2.0,2628.179751,179.3,1.04,-14.25,-26.32,-13.69,-15.5,1,6633
2.0,2628.189754,177.63,0.99,-12.75,-26.29,-11.76,-13.75,1,6509
2.0,2628.199751,175.25,1.2,-11.66,-26.33,-9.64,-11.25,1,6396
2.0,2628.209751,172.79,1.29,-9.11,-26.28,-7.36,-9.0,1,6263
2.0,2628.219751,170.51,1.28,-6.14,-26.23,-4.97,-6.5,1,6133
2.0,2628.229751,167.52,1.32,-3.36,-26.18,-2.51,-3.5,1,5996
2.0,2628.239751,164.36,1.41,-0.83,-26.15,-0.0,-1.0,1,5869
2.0,2628.249751,161.98,1.6,2.35,-26.08,2.51,1.25,1,6757
2.0,2628.259751,160.05,1.56,5.6,-26.01,4.97,3.75,1,6629
2.0,2628.269751,157.15,1.61,7.56,-26.0,7.36,7.0,1,6514
2.0,2628.279751,153.9,1.93,9.19,-25.92,9.64,9.75,1,6392
2.0,2628.289751,151.61,1.89,12.52,-25.85,11.76,11.75,1,6259
2.0,2628.299751,149.85,1.84,16.21,-25.79,13.69,13.25,1,6128
2.0,2628.309751,148.45,2.01,18.0,-25.72,15.41,15.25,1,5992
2.0,2628.319751,146.78,2.21,18.72,-25.64,16.89,17.0,1,5865
2.0,2628.329751,145.11,2.15,19.76,-25.63,18.1,18.75,1,6762
2.0,2628.339751,143.53,2.18,21.17,-25.61,19.02,19.75,1,6634
2.0,2628.349751,143.17,2.23,23.18,-25.56,19.65,20.0,1,6506
2.0,2628.359751,143.09,2.29,24.43,-25.5,19.96,20.25,1,6388
2.0,2628.369751,142.91,2.26,24.06,-25.53,19.96,20.75,1,6261
2.0,2628.379751,142.65,2.3,22.98,-25.57,19.65,20.75,1,6124
2.0,2628.389751,143.17,2.29,23.3,-25.57,19.02,20.0,1,5999
2.0,2628.399751,144.14,2.23,23.48,-25.56,18.1,19.0,1,5870
2.0,2628.409751,145.02,2.21,22.67,-25.57,16.89,18.25,1,6757
2.0,2628.419751,145.99,2.23,20.76,-25.61,15.41,17.25,1,6630
2.0,2628.429754,147.48,2.15,19.79,-25.63,13.69,15.5,1,6514
2.0,2628.439751,149.5,2.07,18.62,-25.7,11.76,13.5,1,6392
2.0,2628.449751,152.05,1.98,16.57,-25.78,9.64,10.75,1,6259
2.0,2628.459751,154.42,1.97,13.87,-25.83,7.36,8.5,1,6129
2.0,2628.469751,156.45,1.84,10.57,-25.92,4.97,6.75,1,5992
2.0,2628.479751,158.91,1.79,8.2,-25.97,2.51,4.25,1,5865
2.0,2628.489751,161.54,1.75,6.95,-26.0,0.0,1.5,1,6762
2.0,2628.499751,164.44,1.46,4.15,-26.07,-2.51,-1.25,1,6634
2.0,2628.509751,167.08,1.46,0.88,-26.13,-4.97,-3.75,1,6507
2.0,2628.519751,169.54,1.55,-2.03,-26.18,-7.36,-6.25,1,6388
2.0,2628.529751,172.0,1.45,-4.34,-26.22,-9.64,-9.0,1,6255
2.0,2628.539751,173.85,1.2,-6.7,-26.25,-11.76,-10.75,1,6133
2.0,2628.549751,175.43,1.19,-9.23,-26.3,-13.69,-12.25,1,5997
2.0,2628.559751,177.36,1.34,-10.46,-26.35,-15.41,-14.25,1,5870
2.0,2628.569751,179.56,1.18,-11.49,-26.33,-16.89,-16.75,1,6758
2.0,2628.579751,181.67,0.9,-13.96,-26.31,-18.1,-18.5,1,6630
2.0,2628.589754,182.81,1.08,-16.42,-26.4,-19.02,-19.75,1,6514
2.0,2628.599751,183.16,1.16,-17.91,-26.45,-19.65,-20.0,1,6394
2.0,2628.609751,183.16,1.01,-18.67,-26.41,-19.96,-20.0,1,6261
2.0,2628.619751,183.52,1.05,-17.89,-26.41,-19.96,-20.5,1,6130
2.0,2628.629751,183.6,1.0,-17.26,-26.36,-19.65,-20.5,1,5993
2.0,2628.639751,183.52,0.93,-17.79,-26.37,-19.02,-19.75,1,5866
2.0,2628.649751,182.37,1.04,-17.68,-26.45,-18.1,-18.75,1,6754
2.0,2628.659751,181.67,1.07,-16.96,-26.38,-16.89,-17.75,1,6635
2.0,2628.669751,180.62,1.0,-15.73,-26.32,-15.41,-16.75,1,6519
2.0,2628.679751,179.03,0.99,-14.24,-26.31,-13.69,-15.25,1,6388
2.0,2628.689754,176.75,1.12,-13.07,-26.34,-11.76,-12.75,1,6256
2.0,2628.699751,174.46,1.24,-10.68,-26.3,-9.64,-10.75,1,6134
2.0,2628.709751,172.71,1.26,-7.9,-26.24,-7.36,-9.25,1,5991
2.0,2628.719751,170.86,1.21,-5.45,-26.2,-4.97,-7.0,1,5870
2.0,2628.729751,168.4,1.27,-3.8,-26.2,-2.51,-4.25,1,6758
3.0,2630.759751,164.62,1.43,-1.55,-26.12,3.75,-0.75,1,6376
3.0,2630.769751,160.4,1.55,2.64,-26.04,7.36,3.75,1,6248
3.0,2630.779751,156.01,1.71,7.07,-25.94,10.72,7.75,1,6112
3.0,2630.789751,152.14,1.85,11.56,-25.83,13.69,11.25,1,5984
3.0,2630.799754,148.54,1.94,15.87,-25.73,16.18,14.5,1,6876
3.0,2630.809751,146.34,2.03,19.58,-25.63,18.1,17.0,1,6745
3.0,2630.819751,144.93,2.23,22.38,-25.51,19.37,18.25,1,6618
3.0,2630.829751,144.14,2.26,23.75,-25.47,19.96,19.25,1,6507
3.0,2630.839751,143.09,2.19,23.54,-25.52,19.84,20.25,1,6372
3.0,2630.849751,142.82,2.31,23.42,-25.51,19.02,20.25,1,6247
3.0,2630.859751,143.44,2.32,24.32,-25.51,17.53,19.75,1,6116
3.0,2630.869751,144.76,2.22,24.22,-25.55,15.41,18.25,1,5981
3.0,2630.879751,146.69,2.26,22.22,-25.57,12.75,16.25,1,6877
3.0,2630.889751,149.06,2.14,20.06,-25.64,9.64,14.0,1,6750
3.0,2630.899751,151.96,2.02,17.32,-25.73,6.18,11.0,1,6622
3.0,2630.909751,155.39,1.98,14.31,-25.81,2.51,7.75,1,6503
3.0,2630.919751,159.08,1.83,10.71,-25.9,-1.26,4.0,1,6376
3.0,2630.929751,163.04,1.65,6.75,-26.0,-4.97,0.25,1,6249
3.0,2630.939751,167.17,1.55,2.65,-26.09,-8.52,-4.0,1,6112
3.0,2630.949751,171.56,1.44,-1.67,-26.16,-11.76,-8.5,1,5987
3.0,2630.959754,175.69,1.31,-6.21,-26.24,-14.58,-12.5,1,6876
3.0,2630.969751,178.33,1.17,-11.08,-26.3,-16.89,-15.25,1,6745
3.0,2630.979751,180.18,1.17,-14.68,-26.36,-18.6,-17.0,1,6618
3.0,2630.989751,182.11,1.22,-16.05,-26.4,-19.65,-19.0,1,6508
3.0,2630.999751,183.96,0.99,-16.86,-26.35,-20.0,-20.75,1,6373
3.0,2631.009751,184.48,0.89,-18.4,-26.34,-19.65,-21.25,1,6247
3.0,2631.019751,184.22,1.04,-19.71,-26.43,-18.6,-20.75,1,6117
3.0,2631.029751,183.6,1.11,-19.11,-26.46,-16.89,-19.75,1,5983
3.0,2631.039754,181.93,0.99,-18.18,-26.35,-14.58,-18.0,1,6880
3.0,2631.049751,179.65,1.0,-16.64,-26.33,-11.76,-15.75,1,6750
3.0,2631.059751,176.92,1.06,-13.77,-26.31,-8.52,-13.0,1,6622
3.0,2631.069751,173.67,1.16,-10.46,-26.27,-4.97,-9.75,1,6503
3.0,2631.079751,170.24,1.29,-6.92,-26.23,-1.26,-6.25,1,6368
3.0,2631.089751,166.11,1.4,-3.15,-26.16,2.51,-2.25,1,6249
3.0,2631.099751,161.98,1.5,0.93,-26.09,6.18,2.0,1,6113
3.0,2631.109751,157.68,1.63,5.31,-26.01,9.64,6.25,1,5988
3.0,2631.119754,153.02,1.8,9.8,-25.9,12.75,10.75,1,6876
3.0,2631.129751,148.97,1.95,14.44,-25.79,15.41,14.25,1,6746
3.0,2631.139751,146.87,2.06,19.09,-25.67,17.53,16.25,1,6627
3.0,2631.149751,145.46,2.13,22.4,-25.56,19.02,18.25,1,6499
3.0,2631.159751,143.96,2.21,23.39,-25.52,19.84,19.75,1,6372
3.0,2631.169751,142.38,2.32,23.15,-25.51,19.96,20.75,1,6245
3.0,2631.179751,141.94,2.28,24.24,-25.53,19.37,21.25,1,6108
3.0,2631.189751,142.38,2.27,25.62,-25.51,18.1,20.75,1,5981
3.0,2631.199750,143.53,2.44,25.51,-25.43,16.18,19.75,1,6869
3.0,2631.209751,145.2,2.25,23.71,-25.55,13.69,17.75,1,6750
3.0,2631.219751,147.39,2.16,21.6,-25.61,10.72,15.75,1,6632
3.0,2631.229751,150.12,2.11,19.12,-25.67,7.36,12.75,1,6504
3.0,2631.239751,153.37,2.0,16.11,-25.77,3.75,9.75,1,6368
3.0,2631.249751,156.88,1.91,12.75,-25.87,-0.0,6.25,1,6250
3.0,2631.259751,160.93,1.77,8.95,-25.97,-3.75,2.25,1,6113
3.0,2631.269751,165.15,1.61,4.82,-26.05,-7.36,-2.0,1,5997
3.0,2631.279754,169.54,1.46,0.58,-26.13,-10.72,-6.25,1,6877
3.0,2631.289751,173.58,1.37,-3.99,-26.21,-13.69,-10.75,1,6746
3.0,2631.299751,177.19,1.25,-8.8,-26.29,-16.18,-14.0,1,6627
3.0,2631.309751,179.38,1.13,-13.0,-26.35,-18.1,-16.25,1,6500
3.0,2631.319751,180.7,1.18,-15.48,-26.4,-19.37,-17.5,1,6372
3.0,2631.329751,182.11,1.14,-16.31,-26.4,-19.96,-19.0,1,6245
3.0,2631.339751,183.43,1.01,-16.69,-26.36,-19.84,-20.25,1,6109
3.0,2631.349751,183.78,0.99,-17.63,-26.35,-19.02,-20.5,1,5990
3.0,2631.359754,183.52,1.05,-18.77,-26.42,-17.53,-20.0,1,6873
3.0,2631.369751,182.72,1.09,-18.12,-26.45,-15.41,-18.75,1,6742
3.0,2631.379751,180.88,1.02,-17.11,-26.35,-12.75,-17.0,1,6632
3.0,2631.389751,178.51,1.02,-15.47,-26.33,-9.64,-14.5,1,6504
3.0,2631.399751,175.61,1.11,-12.39,-26.31,-6.18,-11.75,1,6368
3.0,2631.409751,172.27,1.19,-9.03,-26.27,-2.51,-8.25,1,6241
3.0,2631.419751,168.57,1.32,-5.46,-26.22,1.26,-4.75,1,6113
3.0,2631.429751,164.53,1.43,-1.6,-26.16,4.97,-0.75,1,5997
3.0,2631.439754,160.31,1.55,2.65,-26.07,8.52,3.75,1,6877
3.0,2631.449751,155.92,1.71,7.11,-25.97,11.76,7.75,1,6746
3.0,2631.459751,152.14,1.85,11.62,-25.87,14.58,11.5,1,6628
3.0,2631.469751,148.8,1.94,15.92,-25.77,16.89,14.25,1,6500
3.0,2631.479751,146.87,2.03,19.46,-25.67,18.6,16.5,1,6373
3.0,2631.489751,145.02,2.17,21.92,-25.59,19.65,18.25,1,6245
3.0,2631.499751,143.79,2.24,22.95,-25.55,20.0,19.25,1,6110
3.0,2631.509751,143.53,2.33,23.61,-25.51,19.65,19.5,1,5990
3.0,2631.519754,143.79,2.27,24.22,-25.52,18.6,19.25,1,6873
3.0,2631.529751,144.32,2.2,23.26,-25.57,16.89,18.75,1,6742
3.0,2631.539751,145.72,2.26,22.27,-25.58,14.58,17.5,1,6632
3.0,2631.549751,147.3,2.2,21.21,-25.61,11.76,15.75,1,6505
3.0,2631.559751,149.77,2.05,19.16,-25.69,8.52,13.25,1,6369
3.0,2631.569751,152.67,2.02,16.68,-25.74,4.97,10.25,1,6241
3.0,2631.579751,156.01,1.98,13.67,-25.83,1.26,7.25,1,6106
3.0,2631.589751,159.52,1.81,10.04,-25.93,-2.51,3.5,1,6012
3.0,2631.599754,163.56,1.66,6.18,-26.02,-6.18,-0.5,1,6877
3.0,2631.609751,167.78,1.53,2.08,-26.1,-9.64,-4.75,1,6747
3.0,2631.619751,172.18,1.4,-2.35,-26.18,-12.75,-9.25,1,6628
3.0,2631.629751,176.22,1.28,-6.93,-26.25,-15.41,-13.25,1,6492
3.0,2631.639751,179.03,1.2,-11.61,-26.33,-17.53,-15.75,1,6373
3.0,2631.649751,180.79,1.16,-15.29,-26.38,-19.02,-17.75,1,6246
3.0,2631.659751,182.2,1.18,-16.74,-26.42,-19.84,-18.75,1,6111
3.0,2631.669751,182.72,1.01,-17.4,-26.37,-19.96,-19.5,1,6008
3.0,2631.679754,182.81,1.01,-17.77,-26.38,-19.37,-19.75,1,6873
3.0,2631.689751,182.81,1.08,-17.43,-26.42,-18.1,-18.75,1,6743
3.0,2631.699751,181.41,1.01,-17.02,-26.36,-16.18,-17.25,1,6633
3.0,2631.709751,179.3,1.03,-15.98,-26.37,-13.69,-15.25,1,6496
3.0,2631.719751,176.84,1.07,-13.85,-26.32,-10.72,-12.75,1,6369
3.0,2631.729751,173.94,1.16,-10.6,-26.27,-7.36,-10.0,1,6242
3.0,2631.739751,170.6,1.29,-7.35,-26.24,-3.75,-6.5,1,6105
3.0,2631.749751,166.82,1.37,-3.75,-26.18,0.0,-2.75,1,6012
3.0,2631.759753,162.86,1.48,0.16,-26.11,3.75,1.25,1,6869
3.0,2631.769751,158.64,1.61,4.34,-26.03,7.36,5.25,1,6747
3.0,2631.779751,154.16,1.76,8.7,-25.93,10.72,9.5,1,6628
3.0,2631.789751,150.38,1.9,13.24,-25.83,13.69,12.75,1,6492
3.0,2631.799751,147.92,2.0,17.67,-25.72,16.18,15.25,1,6365
3.0,2631.809751,145.63,2.07,20.94,-25.61,18.1,17.25,1,6246
3.0,2631.819751,144.05,2.21,22.47,-25.55,19.37,19.25,1,6112
3.0,2631.829751,142.65,2.33,23.35,-25.49,19.96,20.75,1,6009
3.0,2631.839754,141.5,2.3,24.63,-25.49,19.84,21.75,1,6873
3.0,2631.849751,141.5,2.36,25.69,-25.46,19.02,21.75,1,6743
3.0,2631.859752,142.12,2.37,26.27,-25.43,17.53,20.75,1,6626
3.0,2631.869751,143.61,2.3,25.13,-25.48,15.41,19.5,1,6488
3.0,2631.879751,145.55,2.28,23.37,-25.52,12.75,17.5,1,6369
3.0,2631.889751,148.01,2.17,21.1,-25.58,9.64,15.0,1,6242
3.0,2631.899751,151.0,2.06,18.29,-25.69,6.18,12.0,1,6105
3.0,2631.909751,154.42,1.96,15.16,-25.79,2.51,8.75,1,6012
3.0,2631.919753,158.2,1.86,11.63,-25.89,-1.26,5.0,1,6869
3.0,2631.929751,162.07,1.71,7.58,-25.99,-4.97,1.0,1,6747
3.0,2631.939751,166.55,1.56,3.39,-26.07,-8.52,-3.25,1,6629
3.0,2631.949751,171.04,1.45,-0.97,-26.14,-11.76,-7.75,1,6492
3.0,2631.959751,174.99,1.32,-5.63,-26.23,-14.58,-12.0,1,6365
3.0,2631.969751,177.8,1.14,-10.44,-26.29,-16.89,-14.75,1,6246
3.0,2631.979751,179.65,1.21,-14.08,-26.37,-18.6,-16.5,1,6111
3.0,2631.989751,181.58,1.27,-15.56,-26.41,-19.65,-18.25,1,6008
3.0,2631.999754,183.43,1.01,-16.37,-26.34,-20.0,-20.25,1,6875
3.0,2632.009751,184.31,0.94,-17.77,-26.34,-19.65,-21.25,1,6743
3.0,2632.019752,184.75,1.06,-19.16,-26.43,-18.6,-21.5,1,6626
3.0,2632.029751,184.83,1.06,-19.46,-26.43,-16.89,-21.25,1,6488
3.0,2632.039751,183.78,0.96,-19.3,-26.36,-14.58,-19.75,1,6369
3.0,2632.049751,181.85,1.01,-18.44,-26.4,-11.76,-18.0,1,6242
3.0,2632.059751,179.38,1.0,-16.73,-26.33,-8.52,-15.5,1,6106
3.0,2632.069751,176.48,1.07,-13.29,-26.28,-4.97,-12.5,1,6013
3.0,2632.079751,173.14,1.22,-9.95,-26.27,-1.26,-9.25,1,6866
3.0,2632.089751,169.37,1.3,-6.29,-26.21,2.51,-5.25,1,6739
3.0,2632.099751,165.32,1.4,-2.36,-26.15,6.18,-1.25,1,6629
3.0,2632.109751,160.93,1.52,1.95,-26.07,9.64,3.0,1,6493
3.0,2632.119751,156.36,1.68,6.47,-25.98,12.75,7.75,1,6365
3.0,2632.129751,151.61,1.83,11.1,-25.88,15.41,11.75,1,6238
3.0,2632.139751,148.54,2.0,15.91,-25.74,17.53,14.75,1,6113
3.0,2632.149751,146.78,2.06,20.53,-25.62,19.02,16.25,1,6009
3.0,2632.159754,145.9,2.08,22.74,-25.57,19.84,17.75,1,6875
3.0,2632.169751,144.84,2.26,22.24,-25.54,19.96,18.75,1,6745
3.0,2632.179752,144.14,2.27,21.98,-25.54,19.37,19.0,1,6626
3.0,2632.189751,144.58,2.22,22.85,-25.54,18.1,18.5,1,6488
3.0,2632.199751,145.72,2.13,23.27,-25.58,16.18,17.25,1,6370
3.0,2632.209751,147.57,2.24,21.57,-25.57,13.69,15.5,1,6242
3.0,2632.219751,149.94,2.14,19.19,-25.64,10.72,13.0,1,6109
3.0,2632.229751,152.84,1.97,16.52,-25.74,7.36,10.25,1,6004
3.0,2632.239754,156.09,1.94,13.59,-25.83,3.75,7.0,1,6870
3.0,2632.249751,159.7,1.85,10.05,-25.91,0.0,3.5,1,6739
3.0,2632.259751,163.56,1.66,6.22,-26.0,-3.75,-0.25,1,6629
3.0,2632.269751,167.78,1.51,2.17,-26.08,-7.36,-4.75,1,6493
3.0,2632.279751,171.39,1.41,-2.15,-26.16,-10.72,-8.25,1,6366
3.0,2632.289751,174.64,1.29,-6.55,-26.24,-13.69,-11.25,1,6238
3.0,2632.299751,177.89,1.32,-9.96,-26.32,-16.18,-14.75,1,6112
3.0,2632.309751,181.23,1.21,-12.39,-26.35,-18.1,-18.0,1,6009
3.0,2632.319754,183.43,0.94,-16.04,-26.32,-19.37,-20.25,1,6875
3.0,2632.329751,184.83,1.08,-18.86,-26.4,-19.96,-21.75,1,6745
3.0,2632.339751,185.62,1.11,-20.1,-26.45,-19.84,-22.25,1,6626
3.0,2632.349751,185.45,0.91,-20.95,-26.38,-19.02,-22.0,1,6489
3.0,2632.359751,184.83,1.02,-20.32,-26.42,-17.53,-21.0,1,6370
3.0,2632.369751,183.16,0.99,-19.24,-26.36,-15.41,-19.25,1,6243
3.0,2632.379751,180.97,0.95,-17.68,-26.31,-12.75,-17.0,1,6110
3.0,2632.389751,178.24,1.03,-15.03,-26.31,-9.64,-14.25,1,6005
3.0,2632.399751,175.08,1.15,-11.77,-26.29,-6.18,-11.25,1,6870
3.0,2632.409751,171.56,1.24,-8.24,-26.24,-2.51,-7.75,1,6740
3.0,2632.419750,167.78,1.33,-4.56,-26.18,1.26,-3.75,1,6621
3.0,2632.429751,163.48,1.46,-0.55,-26.11,4.97,0.25,1,6494
3.0,2632.439751,159.17,1.59,3.79,-26.03,8.52,4.75,1,6366
3.0,2632.449751,154.69,1.74,8.29,-25.93,11.76,9.25,1,6239
3.0,2632.459751,150.64,1.9,12.9,-25.82,14.58,12.5,1,6105
3.0,2632.469751,148.27,1.99,17.46,-25.71,16.89,15.25,1,6010
3.0,2632.479754,145.99,2.06,20.89,-25.6,18.6,17.25,1,6866
3.0,2632.489751,144.05,2.21,22.48,-25.53,19.65,19.25,1,6745
3.0,2632.499751,142.82,2.34,23.55,-25.48,20.0,20.5,1,6626
3.0,2632.509751,142.38,2.33,25.11,-25.46,19.65,20.75,1,6490
3.0,2632.519751,142.91,2.33,25.56,-25.46,18.6,20.25,1,6371
3.0,2632.529751,144.14,2.28,24.84,-25.48,16.89,19.0,1,6243
3.0,2632.539751,145.99,2.27,23.08,-25.52,14.58,17.0,1,6110
3.0,2632.549751,148.27,2.17,20.88,-25.58,11.76,14.75,1,6005
3.0,2632.559754,151.17,2.05,18.18,-25.68,8.52,11.75,1,6870
3.0,2632.569751,154.51,1.96,15.14,-25.77,4.97,8.75,1,6740
3.0,2632.579751,158.03,1.86,11.78,-25.87,1.26,5.0,1,6621
3.0,2632.589751,161.98,1.72,7.89,-25.97,-2.51,1.25,1,6494
3.0,2632.599751,166.2,1.57,3.8,-26.05,-6.18,-3.0,1,6367
3.0,2632.609751,170.24,1.46,-0.42,-26.12,-9.64,-7.0,1,6239
3.0,2632.619754,173.85,1.33,-4.95,-26.2,-12.75,-10.75,1,6106
3.0,2632.629751,176.57,1.24,-9.08,-26.28,-15.41,-13.25,1,6999
3.0,2632.639754,178.86,1.24,-12.14,-26.33,-17.53,-15.75,1,6866
3.0,2632.649751,181.23,1.17,-14.09,-26.33,-19.02,-18.0,1,6745
3.0,2632.659750,182.9,1.08,-15.51,-26.34,-19.84,-19.75,1,6626
3.0,2632.669751,183.96,0.94,-17.88,-26.34,-19.96,-20.75,1,6491
3.0,2632.679751,184.22,1.09,-18.87,-26.42,-19.37,-21.25,1,6362
3.0,2632.689751,184.22,1.08,-18.84,-26.39,-18.1,-20.75,1,6235
3.0,2632.699751,183.25,0.98,-18.69,-26.35,-16.18,-19.5,1,6108
3.0,2632.709751,181.58,1.01,-17.75,-26.38,-13.69,-17.75,1,6995
3.0,2632.719754,179.12,1.02,-16.2,-26.3,-10.72,-15.25,1,6871
3.0,2632.729751,176.22,1.1,-12.92,-26.27,-7.36,-12.25,1,6740
3.0,2632.739754,173.14,1.23,-9.67,-26.25,-3.75,-9.0,1,6625
3.0,2632.749751,169.45,1.28,-6.18,-26.19,0.0,-5.5,1,6486
3.0,2632.759751,165.5,1.39,-2.34,-26.14,3.75,-1.5,1,6368
3.0,2632.769751,161.19,1.51,1.83,-26.07,7.36,2.75,1,6231
3.0,2632.779754,156.62,1.67,6.2,-25.97,10.72,7.25,1,6107
3.0,2632.789751,152.23,1.82,10.76,-25.87,13.69,11.25,1,7000
3.0,2632.799751,149.15,1.99,15.46,-25.74,16.18,14.0,1,6867
3.0,2632.809751,147.22,2.03,19.99,-25.63,18.1,16.25,1,6736
3.0,2632.819753,145.28,2.05,22.08,-25.58,19.37,18.75,1,6629
3.0,2632.829751,142.91,2.3,22.22,-25.52,19.96,20.25,1,6491
3.0,2632.839751,142.03,2.34,23.89,-25.48,19.84,21.0,1,6364
3.0,2632.849751,142.21,2.25,25.93,-25.48,19.02,20.75,1,6235
3.0,2632.859751,143.26,2.33,26.32,-25.42,17.53,19.75,1,6108
3.0,2632.869751,144.93,2.36,24.17,-25.46,15.41,18.25,1,6995
3.0,2632.879751,147.04,2.19,21.99,-25.56,12.75,16.0,1,6872
3.0,2632.889751,149.77,2.11,19.55,-25.63,9.64,13.25,1,6741
3.0,2632.899754,152.84,2.03,16.67,-25.73,6.18,10.25,1,6625
3.0,2632.909751,156.45,1.92,13.36,-25.83,2.51,6.75,1,6486
3.0,2632.919751,160.31,1.8,9.7,-25.92,-1.26,3.0,1,6369
3.0,2632.929751,164.27,1.65,5.65,-26.01,-4.97,-1.25,1,6231
3.0,2632.939751,168.57,1.49,1.46,-26.09,-8.52,-5.5,1,6104
3.0,2632.949751,172.88,1.39,-3.06,-26.17,-11.76,-9.75,1,6991
3.0,2632.959751,176.22,1.26,-7.78,-26.24,-14.58,-13.0,1,6868
3.0,2632.969751,178.77,1.19,-11.84,-26.31,-16.89,-15.5,1,6737
3.0,2632.979752,180.7,1.23,-14.4,-26.35,-18.6,-17.75,1,6629
3.0,2632.989751,182.37,1.08,-15.85,-26.35,-19.65,-19.0,1,6492
3.0,2632.999753,183.08,0.94,-17.3,-26.34,-20.0,-19.75,1,6366
3.0,2633.009751,183.69,1.09,-17.99,-26.39,-19.65,-20.5,1,6228
3.0,2633.019751,183.78,1.07,-17.88,-26.37,-18.6,-20.75,1,6111
3.0,2633.029751,183.69,0.99,-18.08,-26.33,-16.89,-20.0,1,6996
3.0,2633.039754,182.64,1.05,-17.76,-26.39,-14.58,-18.75,1,6872
3.0,2633.049751,180.53,1.02,-16.92,-26.35,-11.76,-16.75,1,6742
3.0,2633.059753,178.07,1.04,-15.19,-26.29,-8.52,-14.25,1,6626
3.0,2633.069751,175.17,1.14,-11.69,-26.28,-4.97,-11.0,1,6487
3.0,2633.079751,171.56,1.23,-8.37,-26.23,-1.26,-7.75,1,6359
3.0,2633.089751,167.78,1.33,-4.66,-26.17,2.51,-3.75,1,6232
3.0,2633.099751,163.83,1.45,-0.74,-26.1,6.18,0.25,1,6104
3.0,2633.109751,159.35,1.58,3.57,-26.02,9.64,4.75,1,6992
3.0,2633.119751,154.95,1.73,8.08,-25.93,12.75,8.75,1,6868
3.0,2633.129751,150.82,1.89,12.67,-25.82,15.41,12.75,1,6737
3.0,2633.139751,147.66,1.97,17.23,-25.71,17.53,15.5,1,6620
3.0,2633.149751,145.9,2.11,21.02,-25.59,19.02,17.25,1,6491
3.0,2633.159752,144.84,2.25,23.32,-25.51,19.84,18.25,1,6366
3.0,2633.169751,143.96,2.2,23.63,-25.51,19.96,19.25,1,6228
3.0,2633.179751,143.53,2.26,23.38,-25.5,19.37,19.75,1,6103
3.0,2633.189751,143.88,2.33,23.65,-25.48,18.1,19.25,1,6997
3.0,2633.199754,145.02,2.26,23.57,-25.51,16.18,18.0,1,6872
3.0,2633.209751,146.78,2.2,22.21,-25.56,13.69,16.25,1,6742
3.0,2633.219753,148.97,2.15,20.21,-25.6,10.72,14.0,1,6625
3.0,2633.229751,151.88,2.02,17.61,-25.68,7.36,11.25,1,6487
3.0,2633.239751,155.04,1.97,14.65,-25.78,3.75,8.0,1,6361
3.0,2633.249751,158.55,1.84,11.24,-25.87,0.0,4.5,1,6232
3.0,2633.259751,162.51,1.68,7.39,-25.97,-3.75,0.75,1,6105
3.0,2633.269751,166.55,1.56,3.41,-26.05,-7.36,-3.5,1,6992
3.0,2633.279751,170.77,1.46,-0.81,-26.12,-10.72,-7.5,1,6865
3.0,2633.289751,174.2,1.33,-5.28,-26.21,-13.69,-11.0,1,6740
3.0,2633.299754,177.28,1.22,-9.41,-26.27,-16.18,-14.25,1,6622
3.0,2633.309751,179.65,1.23,-12.4,-26.33,-18.1,-16.5,1,6483
3.0,2633.319752,181.41,1.11,-14.99,-26.34,-19.37,-18.0,1,6365
3.0,2633.329751,182.55,1.08,-16.5,-26.36,-19.96,-19.25,1,6229
3.0,2633.339751,183.34,1.11,-17.1,-26.37,-19.84,-20.25,1,6104
3.0,2633.349751,183.34,1.0,-17.92,-26.34,-19.02,-20.0,1,6997
3.0,2633.359754,183.08,1.04,-17.99,-26.38,-17.53,-19.0,1,6864
3.0,2633.369751,181.32,1.06,-16.97,-26.37,-15.41,-17.25,1,6742
3.0,2633.379752,179.03,1.04,-15.77,-26.3,-12.75,-15.25,1,6626
3.0,2633.389751,176.4,1.08,-13.26,-26.29,-9.64,-12.5,1,6487
3.0,2633.399751,173.41,1.19,-9.85,-26.24,-6.18,-9.25,1,6360
3.0,2633.409751,169.98,1.29,-6.54,-26.19,-2.51,-6.0,1,6233
3.0,2633.419751,166.03,1.38,-2.81,-26.14,1.26,-2.25,1,6105
3.0,2633.429751,161.98,1.49,1.22,-26.07,4.97,2.0,1,6993
3.0,2633.439751,157.68,1.64,5.52,-25.98,8.52,6.0,1,6868
3.0,2633.449751,153.81,1.8,10.0,-25.88,11.76,9.75,1,6738
3.0,2633.459754,150.56,1.88,14.24,-25.78,14.58,12.75,1,6623
3.0,2633.469751,147.74,1.96,17.84,-25.69,16.89,15.75,1,6483
3.0,2633.479751,144.93,2.16,20.6,-25.58,18.6,18.25,1,6365
3.0,2633.489751,143.26,2.3,22.73,-25.5,19.65,19.75,1,6230
3.0,2633.499751,142.29,2.28,24.86,-25.45,20.0,20.75,1,6102
3.0,2633.509751,142.03,2.22,25.96,-25.46,19.65,21.25,1,6990
3.0,2633.519751,142.29,2.42,25.55,-25.42,18.6,20.75,1,6861
3.0,2633.529751,143.53,2.33,25.19,-25.46,16.89,19.5,1,6734
3.0,2633.539752,145.37,2.22,23.6,-25.53,14.58,17.75,1,6626
3.0,2633.549751,147.57,2.22,21.61,-25.56,11.76,15.5,1,6488
3.0,2633.559751,150.38,2.09,19.04,-25.63,8.52,12.75,1,6360
3.0,2633.569751,153.63,1.98,15.99,-25.74,4.97,9.5,1,6233
3.0,2633.579751,157.24,1.92,12.64,-25.84,1.26,5.75,1,6106
3.0,2633.589751,161.1,1.77,8.81,-25.93,-2.51,2.0,1,6993
3.0,2633.599751,165.23,1.59,4.75,-26.01,-6.18,-2.25,1,6869
3.0,2633.609751,169.63,1.46,0.53,-26.09,-9.63,-6.5,1,6739
3.0,2633.619754,173.94,1.37,-4.02,-26.18,-12.75,-10.75,1,6623
3.0,2633.629751,177.28,1.25,-8.79,-26.26,-15.41,-14.25,1,6485
3.0,2633.639754,179.56,1.13,-13.0,-26.32,-17.53,-16.25,1,6359
3.0,2633.649751,181.14,1.18,-15.54,-26.36,-19.02,-18.0,1,6229
3.0,2633.659751,183.08,1.13,-16.38,-26.36,-19.84,-19.75,1,6106
3.0,2633.669751,184.66,1.02,-17.32,-26.32,-19.96,-21.5,1,6990
3.0,2633.679754,185.71,1.0,-19.0,-26.35,-19.37,-22.5,1,6865
3.0,2633.689751,185.98,1.01,-20.29,-26.42,-18.1,-22.75,1,6743
3.0,2633.699754,185.8,0.99,-20.92,-26.38,-16.18,-21.75,1,6627
3.0,2633.709751,184.39,1.01,-20.16,-26.38,-13.69,-20.5,1,6489
3.0,2633.719754,182.37,0.97,-18.91,-26.33,-10.72,-18.25,1,6364
3.0,2633.729751,179.74,0.97,-16.74,-26.28,-7.36,-15.75,1,6225
3.0,2633.739751,176.48,1.08,-13.27,-26.26,-3.75,-12.5,1,6106
3.0,2633.749751,172.97,1.21,-9.81,-26.23,0.0,-9.0,1,6993
3.0,2633.759753,169.1,1.31,-6.07,-26.18,3.75,-5.25,1,6869
3.0,2633.769751,164.71,1.41,-1.92,-26.12,7.36,-0.75,1,6748
3.0,2633.779754,160.4,1.54,2.51,-26.04,10.72,3.75,1,6623
3.0,2633.789751,155.57,1.7,7.15,-25.94,13.69,8.25,1,6485
3.0,2633.799750,151.0,1.86,11.94,-25.83,16.18,12.5,1,6357
3.0,2633.809751,147.74,2.02,16.84,-25.69,18.1,15.5,1,6229
3.0,2633.819751,145.9,2.11,21.5,-25.56,19.37,17.25,1,6102
3.0,2633.829751,144.93,2.16,23.83,-25.51,19.96,18.25,1,6990
3.0,2633.839754,144.14,2.29,23.53,-25.47,19.84,19.0,1,6866
3.0,2633.849751,143.7,2.26,23.21,-25.49,19.02,19.25,1,6746
3.0,2633.859751,143.88,2.29,23.48,-25.49,17.53,19.25,1,6617
3.0,2633.869751,144.14,2.26,23.42,-25.5,15.41,18.75,1,6489
3.0,2633.879754,145.37,2.24,22.65,-25.53,12.75,17.75,1,6364
3.0,2633.889751,147.22,2.23,21.78,-25.55,9.64,15.75,1,6225
3.0,2633.899751,149.5,2.08,19.81,-25.62,6.18,13.5,1,6106
3.0,2633.909751,152.31,2.02,17.17,-25.68,2.51,10.75,1,6994
3.0,2633.919752,155.83,1.98,14.06,-25.78,-1.26,7.25,1,6869
3.0,2633.929751,159.52,1.81,10.51,-25.88,-4.97,3.75,1,6748
3.0,2633.939754,163.56,1.66,6.54,-25.98,-8.52,-0.5,1,6624
3.0,2633.949751,167.87,1.54,2.3,-26.06,-11.76,-4.75,1,6485
3.0,2633.959750,172.44,1.41,-2.2,-26.14,-14.58,-9.25,1,6357
3.0,2633.969751,176.57,1.28,-6.82,-26.21,-16.89,-13.25,1,6230
3.0,2633.979751,179.3,1.19,-11.6,-26.28,-18.6,-16.0,1,6111
3.0,2633.989751,180.88,1.15,-15.35,-26.34,-19.65,-17.75,1,6991
3.0,2633.999754,181.67,1.18,-16.87,-26.39,-20.0,-18.0,1,6867
3.0,2634.009751,181.58,1.04,-17.11,-26.34,-19.65,-18.25,1,6745
3.0,2634.019754,181.85,1.09,-16.42,-26.33,-18.6,-18.75,1,6620
3.0,2634.029751,181.85,1.08,-15.65,-26.3,-16.89,-18.5,1,6481
3.0,2634.039754,181.58,1.01,-15.5,-26.28,-14.58,-18.0,1,6365
3.0,2634.049751,180.62,1.08,-15.23,-26.33,-11.76,-16.75,1,6226
3.0,2634.059751,178.86,1.05,-14.87,-26.27,-8.52,-14.75,1,6107
3.0,2634.069751,176.31,1.1,-13.25,-26.28,-4.97,-12.25,1,6995
3.0,2634.079754,173.32,1.21,-10.05,-26.24,-1.26,-9.25,1,6871
3.0,2634.089751,170.07,1.28,-6.66,-26.19,2.51,-6.0,1,6749
3.0,2634.099754,166.2,1.39,-3.07,-26.13,6.18,-2.25,1,6624
3.0,2634.109751,162.16,1.49,0.88,-26.06,9.63,1.75,1,6488
3.0,2634.119753,157.76,1.63,5.2,-25.97,12.75,6.25,1,6360
3.0,2634.129751,153.37,1.8,9.75,-25.87,15.41,10.75,1,6230
3.0,2634.139751,149.41,1.94,14.41,-25.76,17.53,14.0,1,6129
3.0,2634.149751,146.95,2.05,18.85,-25.64,19.02,16.25,1,6947
3.0,2634.159754,145.63,2.11,22.29,-25.54,19.84,17.75,1,6868
3.0,2634.169751,144.84,2.21,23.63,-25.48,19.96,18.5,1,6746
3.0,2634.179754,144.76,2.31,23.09,-25.47,19.37,18.5,1,6620
3.0,2634.189751,145.37,2.23,23.18,-25.49,18.1,17.75,1,6481
3.0,2634.199754,146.69,2.17,22.26,-25.56,16.18,16.25,1,6365
3.0,2634.209751,148.18,2.18,20.5,-25.58,13.69,14.75,1,6226
3.0,2634.219751,150.03,2.07,18.34,-25.64,10.72,13.0,1,6125
3.0,2634.229751,152.23,2.03,16.22,-25.71,7.36,10.75,1,6995
3.0,2634.239751,155.04,1.99,14.36,-25.75,3.75,8.0,1,6869
3.0,2634.249751,158.29,1.82,11.52,-25.86,0.0,4.75,1,6752
3.0,2634.259754,161.72,1.7,8.07,-25.94,-3.75,1.25,1,6616
3.0,2634.269751,165.67,1.63,4.4,-26.01,-7.36,-2.5,1,6485
3.0,2634.279754,169.8,1.47,0.32,-26.08,-10.72,-6.75,1,6361
3.0,2634.289751,173.94,1.33,-3.99,-26.16,-13.69,-10.75,1,6225
3.0,2634.299751,177.28,1.23,-8.45,-26.23,-16.18,-14.0,1,6129
3.0,2634.309751,179.3,1.17,-12.58,-26.3,-18.1,-16.0,1,6991
3.0,2634.319754,180.79,1.19,-15.02,-26.34,-19.37,-17.5,1,6868
3.0,2634.329751,182.55,1.13,-15.67,-26.34,-19.96,-19.25,1,6746
3.0,2634.339754,183.69,1.02,-16.52,-26.29,-19.84,-20.5,1,6613
3.0,2634.349751,183.96,1.01,-18.16,-26.32,-19.02,-20.75,1,6484
3.0,2634.359753,183.6,1.09,-18.71,-26.41,-17.53,-20.0,1,6357
3.0,2634.369751,182.72,1.08,-17.94,-26.35,-15.41,-18.75,1,6227
3.0,2634.379751,180.62,1.02,-16.96,-26.3,-12.75,-16.75,1,6127
3.0,2634.389751,178.15,1.05,-15.11,-26.29,-9.64,-14.25,1,6987
3.0,2634.399754,175.25,1.1,-11.64,-26.24,-6.18,-11.25,1,6871
3.0,2634.409751,171.83,1.22,-8.42,-26.2,-2.51,-8.0,1,6744
3.0,2634.419754,168.13,1.33,-4.8,-26.15,1.26,-4.25,1,6617
3.0,2634.429751,164.09,1.44,-0.97,-26.09,4.97,-0.25,1,6486
3.0,2634.439754,159.79,1.57,3.28,-26.0,8.52,4.25,1,6362
3.0,2634.449751,155.48,1.72,7.72,-25.91,11.76,8.25,1,6225
3.0,2634.459751,151.61,1.88,12.24,-25.8,14.58,12.0,1,6130
3.0,2634.469751,148.27,1.96,16.65,-25.69,16.89,14.75,1,6991
3.0,2634.479754,146.34,2.06,20.28,-25.59,18.6,17.0,1,6867
3.0,2634.489751,144.84,2.2,22.58,-25.51,19.65,18.25,1,6746
3.0,2634.499754,143.96,2.24,23.47,-25.48,20.0,19.25,1,6613
3.0,2634.509751,143.61,2.29,23.75,-25.46,19.65,19.25,1,6486
3.0,2634.519754,144.14,2.25,23.79,-25.48,18.6,19.0,1,6357
3.0,2634.529751,145.37,2.31,23.37,-25.47,16.89,17.75,1,6227
3.0,2634.539751,147.13,2.21,21.97,-25.54,14.58,16.0,1,6128
3.0,2634.549751,149.33,2.11,19.9,-25.6,11.76,13.75,1,6987
3.0,2634.559754,152.14,2.03,17.3,-25.66,8.52,10.75,1,6863
3.0,2634.569751,155.39,1.96,14.3,-25.76,4.97,7.75,1,6741
3.0,2634.579754,158.91,1.82,10.94,-25.85,1.26,4.25,1,6608
3.0,2634.589751,162.86,1.7,7.15,-25.95,-2.51,0.25,1,6486
3.0,2634.599754,166.9,1.57,3.17,-26.03,-6.18,-3.75,1,6362
3.0,2634.609751,170.95,1.44,-1.03,-26.1,-9.63,-7.75,1,6226
3.0,2634.619751,174.46,1.32,-5.43,-26.18,-12.75,-11.25,1,6130
3.0,2634.629751,177.45,1.24,-9.53,-26.25,-15.41,-14.25,1,6992
3.0,2634.639754,180.18,1.22,-12.5,-26.3,-17.53,-17.0,1,6867
3.0,2634.649751,182.11,1.1,-15.06,-26.31,-19.02,-19.0,1,6746
3.0,2634.659754,183.34,1.02,-17.19,-26.32,-19.84,-20.25,1,6614
3.0,2634.669751,184.04,1.06,-18.44,-26.35,-19.96,-20.75,1,6485
3.0,2634.679754,184.04,1.05,-18.62,-26.34,-19.37,-20.75,1,6358
3.0,2634.689751,183.52,1.0,-18.5,-26.33,-18.1,-19.75,1,6219
3.0,2634.699751,181.93,1.05,-17.59,-26.34,-16.18,-18.0,1,6128
3.0,2634.709751,179.74,1.01,-16.33,-26.28,-13.69,-15.75,1,6988
3.0,2634.719754,177.19,1.05,-13.86,-26.25,-10.72,-13.25,1,6863
3.0,2634.729751,174.02,1.16,-10.53,-26.23,-7.36,-10.25,1,6741
3.0,2634.739751,170.68,1.26,-7.15,-26.19,-3.75,-6.75,1,6609
4.0,2636.769751,172.53,1.2,-9.42,-26.16,3.96,-8.75,1,6241
4.0,2636.779751,169.19,1.31,-5.85,-26.1,7.67,-5.25,1,7112
4.0,2636.789751,165.41,1.39,-2.25,-26.05,10.9,-1.5,1,6984
4.0,2636.799751,161.37,1.5,1.82,-25.98,13.44,2.75,1,6869
4.0,2636.809751,156.97,1.67,6.25,-25.88,15.14,7.0,1,6730
4.0,2636.819751,152.4,1.82,10.79,-25.79,15.89,10.75,1,6602
4.0,2636.829751,149.68,1.98,15.44,-25.67,15.64,13.5,1,6475
4.0,2636.839751,148.1,2.02,19.88,-25.55,14.4,15.0,1,6339
4.0,2636.849751,147.92,2.04,21.88,-25.49,12.27,15.25,1,6246
4.0,2636.859751,148.27,2.18,21.23,-25.48,9.36,14.75,1,7108
4.0,2636.869751,149.59,2.1,20.01,-25.53,5.86,13.25,1,6980
4.0,2636.879751,151.7,2.03,18.17,-25.6,2.0,11.25,1,6862
4.0,2636.889751,154.34,1.97,15.86,-25.65,-2.0,8.75,1,6734
4.0,2636.899754,157.24,1.85,12.89,-25.74,-5.86,5.75,1,6601
4.0,2636.909751,160.93,1.74,9.53,-25.84,-9.36,2.25,1,6479
4.0,2636.919751,164.79,1.65,5.81,-25.91,-12.27,-1.75,1,6344
4.0,2636.929751,168.93,1.51,1.77,-25.98,-14.4,-5.75,1,6242
4.0,2636.939751,173.06,1.39,-2.69,-26.07,-15.64,-10.0,1,7116
4.0,2636.949751,176.4,1.28,-7.38,-26.14,-15.89,-13.25,1,6986
4.0,2636.959751,178.33,1.17,-11.42,-26.2,-15.14,-15.0,1,6866
4.0,2636.969751,179.47,1.23,-13.8,-26.25,-13.44,-16.25,1,6730
4.0,2636.979751,180.0,1.16,-14.47,-26.25,-10.9,-16.75,1,6606
4.0,2636.989751,180.09,1.03,-14.42,-26.22,-7.67,-16.25,1,6475
4.0,2636.999751,179.03,1.06,-14.05,-26.24,-3.96,-15.25,1,6339
4.0,2637.009751,177.19,1.14,-13.23,-26.25,0.0,-13.25,1,6247
4.0,2637.019751,174.64,1.15,-11.59,-26.18,3.96,-10.75,1,7109
4.0,2637.029751,171.47,1.22,-8.07,-26.13,7.67,-7.5,1,6981
4.0,2637.039751,167.7,1.35,-4.53,-26.07,10.9,-3.75,1,6862
4.0,2637.049751,163.56,1.44,-0.55,-26.01,13.44,0.25,1,6735
4.0,2637.059751,159.35,1.57,3.78,-25.93,15.14,4.75,1,6599
4.0,2637.069751,154.95,1.73,8.37,-25.83,15.89,8.5,1,6471
4.0,2637.079751,152.05,1.9,13.0,-25.71,15.64,11.25,1,6344
4.0,2637.089751,150.38,1.92,17.4,-25.61,14.4,12.75,1,6242
4.0,2637.099751,150.21,1.93,19.65,-25.56,12.27,13.0,1,7116
4.0,2637.109751,150.56,2.08,19.03,-25.54,9.36,12.5,1,6985
4.0,2637.119751,151.79,2.04,17.86,-25.58,5.86,11.25,1,6869
4.0,2637.129751,153.9,1.96,16.05,-25.66,2.0,9.25,1,6731
4.0,2637.139751,156.36,1.89,13.75,-25.72,-2.0,6.75,1,6603
4.0,2637.149751,159.35,1.76,10.87,-25.79,-5.86,3.75,1,6476
4.0,2637.159751,162.77,1.69,7.65,-25.88,-9.36,0.25,1,6340
4.0,2637.169751,166.64,1.58,3.92,-25.94,-12.27,-3.5,1,6247
4.0,2637.179751,170.77,1.46,-0.07,-26.02,-14.4,-7.75,1,7109
4.0,2637.189751,174.46,1.33,-4.31,-26.09,-15.64,-11.25,1,6981
4.0,2637.199751,176.92,1.19,-8.9,-26.15,-15.89,-13.75,1,6866
4.0,2637.209751,178.24,1.22,-12.28,-26.23,-15.14,-14.75,1,6727
4.0,2637.219751,178.95,1.29,-13.49,-26.26,-13.44,-15.25,1,6599
4.0,2637.229751,178.15,1.1,-13.53,-26.21,-10.9,-14.25,1,6471
4.0,2637.239751,176.84,1.1,-12.87,-26.21,-7.67,-12.75,1,6344
4.0,2637.249751,174.73,1.17,-11.1,-26.19,-3.96,-10.75,1,6243
4.0,2637.259751,172.09,1.19,-8.22,-26.12,-0.0,-8.0,1,7108
4.0,2637.269751,168.84,1.33,-5.2,-26.08,3.96,-4.75,1,6985
4.0,2637.279751,165.23,1.41,-1.74,-26.02,7.67,-1.25,1,6867
4.0,2637.289751,161.28,1.51,2.13,-25.96,10.9,2.75,1,6731
4.0,2637.299751,157.06,1.66,6.37,-25.87,13.44,7.0,1,6607
4.0,2637.309751,152.58,1.81,10.76,-25.77,15.14,10.75,1,6476
4.0,2637.319751,149.77,1.97,15.31,-25.66,15.89,13.25,1,6340
4.0,2637.329751,148.36,2.02,19.77,-25.54,15.64,14.75,1,6239
4.0,2637.339751,148.01,2.03,21.78,-25.48,14.4,15.25,1,7109
4.0,2637.349751,148.45,2.17,21.13,-25.47,12.27,14.75,1,6981
4.0,2637.359751,149.68,2.1,20.0,-25.52,9.36,13.25,1,6865
4.0,2637.369751,151.61,2.03,18.21,-25.59,5.86,11.5,1,6727
4.0,2637.379751,154.07,1.97,15.99,-25.64,2.0,9.0,1,6600
4.0,2637.389751,157.06,1.86,13.21,-25.72,-2.0,6.0,1,6472
4.0,2637.399751,160.49,1.75,9.97,-25.82,-5.86,2.75,1,6336
4.0,2637.409751,164.27,1.67,6.36,-25.89,-9.36,-1.25,1,6243
4.0,2637.419751,168.4,1.53,2.43,-25.96,-12.27,-5.25,1,7105
4.0,2637.429751,172.71,1.4,-1.92,-26.04,-14.4,-9.5,1,6977
4.0,2637.439751,176.48,1.28,-6.5,-26.11,-15.64,-13.25,1,6869
4.0,2637.449751,179.12,1.16,-11.03,-26.18,-15.89,-15.75,1,6732
4.0,2637.459751,180.79,1.16,-14.66,-26.24,-15.14,-17.75,1,6604
4.0,2637.469751,181.93,1.2,-15.99,-26.28,-13.44,-18.75,1,6477
4.0,2637.479751,182.11,1.01,-16.48,-26.22,-10.9,-18.75,1,6340
4.0,2637.489751,181.85,1.01,-16.61,-26.24,-7.67,-17.75,1,6239
4.0,2637.499751,180.09,1.12,-15.65,-26.28,-3.96,-16.25,1,7109
4.0,2637.509751,177.8,1.07,-14.3,-26.2,-0.0,-13.75,1,6982
4.0,2637.519751,174.99,1.07,-11.8,-26.17,3.96,-11.0,1,6867
4.0,2637.529751,171.65,1.24,-8.09,-26.13,7.67,-7.75,1,6727
4.0,2637.539751,167.78,1.35,-4.46,-26.06,10.9,-3.75,1,6600
4.0,2637.549751,163.56,1.43,-0.44,-26.0,13.44,0.25,1,6473
4.0,2637.559751,159.17,1.58,4.04,-25.91,15.14,4.75,1,6336
4.0,2637.569751,154.6,1.75,8.7,-25.81,15.89,8.75,1,6244
4.0,2637.579751,151.61,1.91,13.41,-25.69,15.64,11.75,1,7105
4.0,2637.589751,150.03,1.94,17.93,-25.59,14.4,13.25,1,6978
4.0,2637.599751,149.59,1.97,20.18,-25.53,12.27,13.5,1,6868
4.0,2637.609751,149.94,2.11,19.6,-25.51,9.36,13.25,1,6732
4.0,2637.619751,151.08,2.06,18.52,-25.55,5.86,12.0,1,6607
4.0,2637.629751,153.02,1.98,16.81,-25.62,2.0,10.25,1,6477
4.0,2637.639751,155.48,1.92,14.61,-25.7,-2.0,7.75,1,6341
4.0,2637.649751,158.38,1.82,11.77,-25.76,-5.86,4.75,1,6240
4.0,2637.659751,161.81,1.74,8.51,-25.83,-9.36,1.25,1,7110
4.0,2637.669751,165.67,1.6,4.89,-25.91,-12.27,-2.5,1,6982
4.0,2637.679751,169.72,1.47,0.89,-25.98,-14.4,-6.75,1,6865
4.0,2637.689751,173.41,1.36,-3.42,-26.06,-15.64,-10.25,1,6729
4.0,2637.699751,175.87,1.24,-7.92,-26.14,-15.89,-12.75,1,6601
4.0,2637.709751,177.28,1.23,-11.36,-26.2,-15.14,-13.75,1,6473
4.0,2637.719751,177.8,1.29,-12.44,-26.22,-13.44,-14.25,1,6337
4.0,2637.729751,177.45,1.15,-12.54,-26.19,-10.9,-13.5,1,6244
4.0,2637.739751,176.04,1.13,-11.94,-26.2,-7.67,-12.25,1,7106
4.0,2637.749751,174.11,1.18,-10.26,-26.16,-3.96,-10.25,1,6978
4.0,2637.759751,171.56,1.2,-7.84,-26.1,0.0,-7.75,1,6860
4.0,2637.769751,168.4,1.34,-4.85,-26.06,3.96,-4.5,1,6732
4.0,2637.779751,164.79,1.44,-1.39,-26.0,7.67,-1.0,1,6599
4.0,2637.789751,161.1,1.52,2.37,-25.95,10.9,3.0,1,6477
4.0,2637.799751,156.8,1.65,6.51,-25.86,13.44,7.25,1,6341
4.0,2637.809752,152.4,1.8,10.84,-25.76,15.14,10.75,1,7230
4.0,2637.819751,149.77,1.97,15.37,-25.64,15.89,13.5,1,7102
4.0,2637.829751,148.27,2.03,19.72,-25.53,15.64,14.75,1,6983
4.0,2637.839751,147.92,2.04,21.72,-25.48,14.4,15.25,1,6867
4.0,2637.849751,148.45,2.17,21.09,-25.46,12.27,14.75,1,6728
4.0,2637.859751,149.77,2.1,19.91,-25.51,9.36,13.25,1,6600
4.0,2637.869751,151.7,2.03,18.09,-25.58,5.86,11.25,1,6465
4.0,2637.879751,154.25,1.97,15.85,-25.63,2.0,9.0,1,6337
4.0,2637.889751,157.15,1.86,13.05,-25.71,-2.0,6.0,1,7234
4.0,2637.899751,160.58,1.75,9.81,-25.81,-5.86,2.75,1,7106
4.0,2637.909751,164.27,1.67,6.25,-25.88,-9.36,-1.25,1,6978
4.0,2637.919751,168.4,1.53,2.34,-25.95,-12.27,-5.25,1,6863
4.0,2637.929751,172.71,1.4,-2.01,-26.03,-14.4,-9.75,1,6724
4.0,2637.939751,176.66,1.28,-6.6,-26.1,-15.64,-13.5,1,6597
4.0,2637.949751,179.21,1.16,-11.13,-26.17,-15.89,-16.0,1,6470
4.0,2637.959751,180.88,1.16,-14.75,-26.23,-15.14,-17.75,1,6342
4.0,2637.969751,181.93,1.2,-16.09,-26.28,-13.44,-18.75,1,7230
4.0,2637.979751,182.11,1.01,-16.58,-26.22,-10.9,-18.75,1,7102
4.0,2637.989751,181.85,1.0,-16.71,-26.23,-7.67,-17.75,1,6983
4.0,2637.999751,180.18,1.12,-15.76,-26.27,-3.96,-16.25,1,6865
4.0,2638.009751,177.71,1.07,-14.37,-26.19,0.0,-13.75,1,6729
4.0,2638.019751,174.99,1.07,-11.82,-26.15,3.96,-11.0,1,6604
4.0,2638.029751,171.65,1.24,-8.12,-26.12,7.67,-7.75,1,6465
4.0,2638.039751,167.78,1.35,-4.48,-26.05,10.9,-3.75,1,6337
4.0,2638.049751,163.56,1.43,-0.46,-25.99,13.44,0.5,1,7225
4.0,2638.059751,159.08,1.58,4.03,-25.9,15.14,5.0,1,7107
4.0,2638.069751,154.51,1.75,8.7,-25.8,15.89,9.0,1,6979
4.0,2638.079751,151.44,1.91,13.42,-25.68,15.64,11.75,1,6863
4.0,2638.089751,149.94,1.94,18.0,-25.57,14.4,13.25,1,6724
4.0,2638.099751,149.41,1.97,20.26,-25.51,12.27,13.75,1,6597
4.0,2638.109751,149.85,2.11,19.63,-25.5,9.36,13.25,1,6461
4.0,2638.119751,151.0,2.05,18.63,-25.54,5.86,12.0,1,6333
4.0,2638.129751,152.84,1.99,16.89,-25.61,2.0,10.25,1,7230
4.0,2638.139751,155.3,1.93,14.69,-25.68,-2.0,7.75,1,7105
4.0,2638.149751,158.29,1.82,11.86,-25.75,-5.86,4.75,1,6984
4.0,2638.159751,161.72,1.74,8.61,-25.82,-9.36,1.25,1,6865
4.0,2638.169751,165.59,1.61,4.97,-25.9,-12.27,-2.5,1,6729
4.0,2638.179751,169.72,1.46,0.98,-25.97,-14.4,-6.5,1,6601
4.0,2638.189751,173.32,1.36,-3.32,-26.05,-15.64,-10.25,1,6466
4.0,2638.199751,175.78,1.25,-7.83,-26.12,-15.89,-12.75,1,6341
4.0,2638.209753,177.1,1.23,-11.27,-26.19,-15.14,-13.75,1,7228
4.0,2638.219751,177.71,1.3,-12.32,-26.21,-13.44,-14.0,1,7098
4.0,2638.229751,177.28,1.16,-12.43,-26.18,-10.9,-13.25,1,6979
4.0,2638.239751,175.87,1.13,-11.82,-26.19,-7.67,-12.0,1,6861
4.0,2638.249751,173.94,1.18,-10.14,-26.15,-3.96,-10.0,1,6725
4.0,2638.259751,171.39,1.21,-7.67,-26.08,-0.0,-7.25,1,6597
4.0,2638.269751,168.22,1.35,-4.62,-26.05,3.96,-4.25,1,6461
4.0,2638.279751,164.71,1.44,-1.15,-25.99,7.67,-0.75,1,6334
4.0,2638.289751,160.58,1.52,2.63,-25.93,10.9,3.25,1,7231
4.0,2638.299751,156.45,1.67,6.78,-25.84,13.44,7.5,1,7103
4.0,2638.309751,151.96,1.83,11.17,-25.73,15.14,11.25,1,6975
4.0,2638.319751,149.24,1.98,15.77,-25.62,15.89,13.75,1,6865
4.0,2638.329751,147.92,2.03,20.21,-25.5,15.64,15.25,1,6729
4.0,2638.339751,147.57,2.04,22.16,-25.45,14.4,15.75,1,6605
4.0,2638.349751,148.01,2.2,21.41,-25.44,12.27,15.25,1,6466
4.0,2638.359751,149.24,2.13,20.39,-25.48,9.36,13.75,1,6339
4.0,2638.369751,151.17,2.05,18.69,-25.55,5.86,12.0,1,7227
4.0,2638.379751,153.54,1.98,16.53,-25.59,2.0,9.5,1,7099
4.0,2638.389751,156.53,1.9,13.67,-25.68,-2.0,6.75,1,6980
4.0,2638.399751,159.87,1.81,10.45,-25.78,-5.86,3.25,1,6864
4.0,2638.409751,163.56,1.66,6.83,-25.85,-9.36,-0.75,1,6725
4.0,2638.419751,167.78,1.53,2.87,-25.93,-12.27,-4.75,1,6598
4.0,2638.429751,172.18,1.41,-1.44,-26.01,-14.4,-9.0,1,6462
4.0,2638.439751,176.04,1.29,-5.92,-26.08,-15.64,-12.75,1,6335
4.0,2638.449751,178.68,1.21,-10.54,-26.15,-15.89,-15.25,1,7232
4.0,2638.459751,180.09,1.16,-14.22,-26.21,-15.14,-16.75,1,7103
4.0,2638.469751,180.53,1.2,-15.49,-26.25,-13.44,-17.0,1,6976
4.0,2638.479751,180.35,1.07,-15.48,-26.2,-10.9,-16.25,1,6857
4.0,2638.489751,178.86,1.09,-14.66,-26.2,-7.67,-14.75,1,6730
4.0,2638.499751,176.75,1.11,-13.07,-26.19,-3.96,-12.75,1,6596
4.0,2638.509751,174.2,1.11,-10.69,-26.12,0.0,-10.25,1,6466
4.0,2638.519751,170.95,1.27,-7.44,-26.08,3.96,-7.0,1,6339
4.0,2638.529752,167.34,1.39,-4.0,-26.03,7.67,-3.25,1,7228
4.0,2638.539751,163.3,1.45,-0.11,-25.96,10.9,0.75,1,7099
4.0,2638.549751,159.08,1.57,4.14,-25.88,13.44,5.0,1,6980
4.0,2638.559751,154.6,1.74,8.68,-25.78,15.14,9.25,1,6862
4.0,2638.569751,150.73,1.9,13.31,-25.67,15.89,12.5,1,6726
4.0,2638.579751,148.54,1.99,17.8,-25.56,15.64,14.75,1,6598
4.0,2638.589751,147.74,2.05,21.19,-25.46,14.4,15.5,1,6462
4.0,2638.599751,147.66,2.14,22.16,-25.42,12.27,15.5,1,6335
4.0,2638.609751,148.45,2.15,21.18,-25.45,9.36,14.75,1,7231
4.0,2638.619751,149.94,2.09,19.65,-25.51,5.86,13.0,1,7104
4.0,2638.629751,152.23,2.04,17.76,-25.56,2.0,10.75,1,6976
4.0,2638.639751,154.86,1.94,15.25,-25.62,-2.0,8.25,1,6857
4.0,2638.649751,158.12,1.86,12.15,-25.72,-5.86,5.0,1,6722
4.0,2638.659751,161.72,1.73,8.65,-25.81,-9.36,1.25,1,6596
4.0,2638.669751,165.94,1.59,4.84,-25.89,-12.27,-2.75,1,6466
4.0,2638.679751,170.16,1.45,0.64,-25.96,-14.4,-7.0,1,6339
4.0,2638.689751,173.94,1.34,-3.83,-26.04,-15.64,-10.75,1,7228
4.0,2638.699751,176.57,1.22,-8.46,-26.12,-15.89,-13.25,1,7101
4.0,2638.709751,178.07,1.22,-12.08,-26.19,-15.14,-14.75,1,6980
4.0,2638.719751,178.77,1.28,-13.39,-26.22,-13.44,-15.0,1,6865
4.0,2638.729751,178.33,1.12,-13.48,-26.17,-10.9,-14.25,1,6726
4.0,2638.739751,176.84,1.1,-12.88,-26.18,-7.67,-13.0,1,6599
4.0,2638.749751,174.81,1.17,-11.26,-26.16,-3.96,-11.0,1,6462
4.0,2638.759751,172.35,1.18,-8.56,-26.08,0.0,-8.25,1,6337
4.0,2638.769751,169.28,1.31,-5.56,-26.05,3.96,-5.25,1,7223
4.0,2638.779751,165.67,1.39,-2.14,-26.0,7.67,-1.75,1,7104
4.0,2638.789751,161.81,1.5,1.65,-25.93,10.9,2.25,1,6976
4.0,2638.799751,157.41,1.65,5.88,-25.84,13.44,6.5,1,6858
4.0,2638.809751,152.93,1.8,10.27,-25.75,15.14,10.25,1,6722
4.0,2638.819751,150.21,1.94,14.81,-25.63,15.89,13.0,1,6597
4.0,2638.829751,148.8,2.0,19.28,-25.52,15.64,14.25,1,6467
4.0,2638.839751,148.45,2.03,21.3,-25.46,14.4,14.75,1,6339
4.0,2638.849751,148.89,2.16,20.61,-25.45,12.27,14.25,1,7228
4.0,2638.859751,150.12,2.07,19.58,-25.5,9.36,13.0,1,7100
4.0,2638.869751,151.96,2.03,17.83,-25.55,5.86,11.25,1,6981
4.0,2638.879751,154.42,1.98,15.67,-25.61,2.0,8.75,1,6863
4.0,2638.889751,157.24,1.85,12.89,-25.7,-2.0,5.75,1,6726
4.0,2638.899751,160.75,1.73,9.63,-25.78,-5.86,2.5,1,6599
4.0,2638.909751,164.36,1.66,6.15,-25.86,-9.36,-1.25,1,6463
4.0,2638.919751,168.49,1.53,2.28,-25.93,-12.27,-5.25,1,6338
4.0,2638.929751,172.79,1.4,-2.05,-26.0,-14.4,-9.75,1,7223
4.0,2638.939751,176.66,1.29,-6.62,-26.07,-15.64,-13.5,1,7105
4.0,2638.949751,179.3,1.15,-11.13,-26.14,-15.89,-16.0,1,6978
4.0,2638.959751,180.88,1.15,-14.74,-26.2,-15.14,-17.75,1,6859
4.0,2638.969751,181.85,1.2,-16.07,-26.25,-13.44,-18.75,1,6722
4.0,2638.979751,182.02,1.02,-16.53,-26.19,-10.9,-18.75,1,6595
4.0,2638.989751,181.76,1.01,-16.63,-26.2,-7.67,-17.75,1,6458
4.0,2638.999751,180.09,1.12,-15.68,-26.24,-3.96,-16.25,1,6340
4.0,2639.009751,177.71,1.07,-14.31,-26.16,-0.0,-13.75,1,7228
4.0,2639.019751,174.9,1.07,-11.78,-26.13,3.96,-11.0,1,7100
4.0,2639.029751,171.47,1.24,-8.07,-26.09,7.67,-7.5,1,6981
4.0,2639.039751,167.78,1.35,-4.43,-26.02,10.9,-3.75,1,6865
4.0,2639.049751,163.56,1.44,-0.4,-25.96,13.44,0.5,1,6727
4.0,2639.059751,158.99,1.58,4.05,-25.87,15.14,5.0,1,6599
4.0,2639.069751,154.51,1.74,8.67,-25.77,15.89,9.0,1,6463
4.0,2639.079751,151.61,1.91,13.36,-25.65,15.64,11.75,1,6345
4.0,2639.089751,149.94,1.94,17.87,-25.55,14.4,13.25,1,7224
4.0,2639.099751,149.59,1.96,20.15,-25.5,12.27,13.5,1,7099
4.0,2639.109751,149.94,2.11,19.57,-25.48,9.36,13.25,1,6986
4.0,2639.119751,151.08,2.06,18.47,-25.51,5.86,12.0,1,6859
4.0,2639.129751,153.11,1.98,16.75,-25.59,2.0,10.0,1,6722
4.0,2639.139751,155.48,1.92,14.55,-25.66,-2.0,7.75,1,6595
4.0,2639.149751,158.47,1.82,11.7,-25.72,-5.86,4.75,1,6459
4.0,2639.159751,161.81,1.74,8.44,-25.8,-9.36,1.25,1,6340
4.0,2639.169751,165.76,1.6,4.84,-25.88,-12.27,-2.75,1,7228
4.0,2639.179751,169.98,1.46,0.82,-25.94,-14.4,-6.75,1,7101
4.0,2639.189751,173.58,1.36,-3.51,-26.02,-15.64,-10.25,1,6983
4.0,2639.199751,176.04,1.23,-8.03,-26.1,-15.89,-12.75,1,6867
4.0,2639.209751,177.28,1.23,-11.5,-26.16,-15.14,-14.0,1,6727
4.0,2639.219751,177.89,1.29,-12.63,-26.19,-13.44,-14.25,1,6599
4.0,2639.229751,177.63,1.15,-12.72,-26.16,-10.9,-13.75,1,6464
4.0,2639.239751,176.13,1.13,-12.11,-26.16,-7.67,-12.25,1,6348
4.0,2639.249751,174.29,1.17,-10.43,-26.13,-3.96,-10.25,1,7225
4.0,2639.259751,171.74,1.21,-8.0,-26.06,0.0,-7.75,1,7097
4.0,2639.269751,168.4,1.33,-5.0,-26.03,3.96,-4.75,1,6986
4.0,2639.279751,164.88,1.44,-1.54,-25.97,7.67,-1.0,1,6859
4.0,2639.289751,161.1,1.52,2.25,-25.91,10.9,3.0,1,6723
4.0,2639.299751,156.71,1.66,6.43,-25.82,13.44,7.25,1,6595
4.0,2639.309751,152.4,1.81,10.82,-25.72,15.14,11.0,1,6459
4.0,2639.319751,149.59,1.97,15.36,-25.6,15.89,13.5,1,6341
4.0,2639.329751,148.18,2.02,19.81,-25.48,15.64,15.0,1,7229
4.0,2639.339751,147.83,2.03,21.93,-25.43,14.4,15.25,1,7101
4.0,2639.349751,148.36,2.18,21.24,-25.41,12.27,14.75,1,6982
4.0,2639.359751,149.5,2.11,20.05,-25.46,9.36,13.5,1,6855
4.0,2639.369751,151.52,2.04,18.31,-25.53,5.86,11.75,1,6719
4.0,2639.379751,154.07,1.98,16.14,-25.58,2.0,9.25,1,6603
4.0,2639.389751,156.88,1.87,13.34,-25.66,-2.0,6.25,1,6464
4.0,2639.399751,160.49,1.77,10.14,-25.77,-5.86,2.75,1,6363
4.0,2639.409750,164.09,1.67,6.48,-25.83,-9.36,-1.0,1,7224
4.0,2639.419751,168.31,1.53,2.53,-25.91,-12.27,-5.0,1,7099
4.0,2639.429751,172.35,1.4,-1.79,-25.99,-14.4,-9.25,1,6987
4.0,2639.439751,176.48,1.28,-6.35,-26.06,-15.64,-13.25,1,6855
4.0,2639.449751,179.03,1.18,-10.9,-26.13,-15.89,-15.75,1,6724
4.0,2639.459751,180.62,1.16,-14.57,-26.19,-15.14,-17.5,1,6596
4.0,2639.469751,181.76,1.2,-15.91,-26.23,-13.44,-18.5,1,6460
4.0,2639.479751,181.93,1.02,-16.39,-26.17,-10.9,-18.75,1,6361
4.0,2639.489751,181.67,1.0,-16.54,-26.19,-7.67,-17.75,1,7220
4.0,2639.499751,180.09,1.12,-15.59,-26.22,-3.96,-16.25,1,7101
4.0,2639.509751,177.89,1.08,-14.3,-26.15,0.0,-13.75,1,6983
4.0,2639.519751,175.08,1.08,-11.9,-26.11,3.96,-11.0,1,6847
4.0,2639.529751,171.65,1.22,-8.15,-26.08,7.67,-7.75,1,6719
4.0,2639.539751,167.78,1.35,-4.53,-26.01,10.9,-3.75,1,6600
4.0,2639.549751,163.65,1.43,-0.54,-25.95,13.44,0.25,1,6456
4.0,2639.559751,159.17,1.58,3.93,-25.86,15.14,4.75,1,6366
4.0,2639.569754,154.69,1.74,8.59,-25.76,15.89,8.75,1,7228
4.0,2639.579751,151.61,1.91,13.29,-25.64,15.64,11.5,1,7097
4.0,2639.589751,150.12,1.94,17.79,-25.54,14.4,13.0,1,6987
4.0,2639.599751,149.59,1.96,20.08,-25.48,12.27,13.5,1,6851
4.0,2639.609751,149.94,2.1,19.49,-25.47,9.36,13.25,1,6724
4.0,2639.619751,151.17,2.06,18.44,-25.5,5.86,11.75,1,6596
4.0,2639.629751,153.11,1.98,16.71,-25.57,2.0,10.0,1,6460
4.0,2639.639751,155.57,1.92,14.51,-25.65,-2.0,7.5,1,6362
4.0,2639.649751,158.55,1.82,11.67,-25.71,-5.86,4.5,1,7221
4.0,2639.659751,161.89,1.73,8.4,-25.78,-9.36,1.25,1,7102
4.0,2639.669751,165.67,1.6,4.78,-25.86,-12.27,-2.75,1,6983
4.0,2639.679751,169.98,1.47,0.77,-25.93,-14.4,-6.75,1,6847
4.0,2639.689751,173.58,1.36,-3.54,-26.01,-15.64,-10.5,1,6721
4.0,2639.699751,175.96,1.23,-8.06,-26.08,-15.89,-12.75,1,6602
4.0,2639.709751,177.45,1.23,-11.53,-26.15,-15.14,-14.0,1,6456
4.0,2639.719751,177.98,1.29,-12.66,-26.17,-13.44,-14.25,1,6363
4.0,2639.729750,177.71,1.15,-12.75,-26.14,-10.9,-13.75,1,7224
4.0,2639.739751,176.31,1.13,-12.13,-26.15,-7.67,-12.25,1,7100
4.0,2639.749751,174.29,1.17,-10.48,-26.11,-3.96,-10.25,1,6987
4.0,2639.759751,171.74,1.2,-8.08,-26.05,-0.0,-7.75,1,6854
4.0,2639.769751,168.57,1.33,-5.08,-26.01,3.96,-4.75,1,6724
4.0,2639.779751,165.06,1.44,-1.64,-25.95,7.67,-1.25,1,6597
4.0,2639.789751,161.1,1.52,2.15,-25.9,10.9,2.75,1,6461
4.0,2639.799751,156.97,1.65,6.32,-25.81,13.44,7.0,1,6362
4.0,2639.809754,152.4,1.8,10.71,-25.71,15.14,10.75,1,7224
4.0,2639.819751,149.77,1.96,15.25,-25.59,15.89,13.5,1,7093
4.0,2639.829751,148.18,2.02,19.65,-25.48,15.64,14.75,1,6975
4.0,2639.839751,147.92,2.04,21.7,-25.42,14.4,15.25,1,6847
4.0,2639.849751,148.45,2.17,21.09,-25.41,12.27,14.75,1,6720
4.0,2639.859751,149.68,2.1,19.93,-25.45,9.36,13.25,1,6592
4.0,2639.869751,151.61,2.03,18.13,-25.52,5.86,11.5,1,6457
4.0,2639.879751,154.07,1.97,15.92,-25.57,2.0,9.0,1,6367
4.0,2639.889753,157.15,1.86,13.11,-25.66,-2.0,6.0,1,7228
4.0,2639.899751,160.66,1.75,9.87,-25.76,-5.86,2.75,1,7101
4.0,2639.909751,164.27,1.67,6.25,-25.83,-9.36,-1.25,1,6987
4.0,2639.919751,168.4,1.53,2.31,-25.9,-12.27,-5.25,1,6852
4.0,2639.929751,172.71,1.4,-2.05,-25.98,-14.4,-9.75,1,6725
4.0,2639.939751,176.66,1.28,-6.64,-26.05,-15.64,-13.5,1,6598
4.0,2639.949751,179.21,1.16,-11.18,-26.12,-15.89,-16.0,1,6462
4.0,2639.959751,180.88,1.15,-14.84,-26.18,-15.14,-17.75,1,6363
4.0,2639.969754,182.02,1.19,-16.22,-26.22,-13.44,-18.75,1,7225
4.0,2639.979751,182.2,1.01,-16.71,-26.16,-10.9,-18.75,1,7094
4.0,2639.989751,181.93,1.0,-16.85,-26.18,-7.67,-17.75,1,6983
4.0,2639.999751,180.26,1.11,-15.93,-26.22,-3.96,-16.25,1,6848
4.0,2640.009751,177.89,1.06,-14.5,-26.13,-0.0,-14.0,1,6721
4.0,2640.019751,174.9,1.06,-11.94,-26.1,3.96,-11.0,1,6593
4.0,2640.029751,171.56,1.24,-8.24,-26.07,7.67,-7.75,1,6457
4.0,2640.039751,167.7,1.35,-4.58,-26.0,10.9,-3.75,1,6364
4.0,2640.049751,163.48,1.43,-0.5,-25.93,13.44,0.5,1,7227
4.0,2640.059751,158.99,1.58,4.02,-25.85,15.14,5.0,1,7099
4.0,2640.069751,154.34,1.75,8.71,-25.74,15.89,9.25,1,6979
4.0,2640.079751,151.44,1.91,13.45,-25.63,15.64,11.75,1,6855
4.0,2640.089751,149.77,1.95,18.04,-25.52,14.4,13.25,1,6725
4.0,2640.099751,149.24,1.98,20.37,-25.46,12.27,13.75,1,6598
4.0,2640.109751,149.68,2.11,19.8,-25.44,9.36,13.5,1,6461
4.0,2640.119751,150.82,2.06,18.73,-25.48,5.86,12.25,1,6363
4.0,2640.129753,152.75,1.99,17.05,-25.55,2.0,10.25,1,7225
4.0,2640.139751,155.21,1.94,14.89,-25.61,-2.0,8.0,1,7097
4.0,2640.149751,158.12,1.84,12.08,-25.69,-5.86,5.0,1,6984
4.0,2640.159751,161.54,1.75,8.81,-25.77,-9.36,1.5,1,6848
4.0,2640.169751,165.5,1.61,5.09,-25.84,-12.27,-2.25,1,6721
4.0,2640.179751,169.54,1.45,1.07,-25.91,-14.4,-6.5,1,6593
4.0,2640.189751,173.32,1.36,-3.26,-25.99,-15.64,-10.25,1,6458
4.0,2640.199751,175.78,1.26,-7.81,-26.07,-15.89,-12.5,1,6365
4.0,2640.209752,177.1,1.23,-11.29,-26.13,-15.14,-13.75,1,7228
4.0,2640.219751,177.71,1.31,-12.35,-26.16,-13.44,-14.0,1,7099
4.0,2640.229751,177.19,1.16,-12.46,-26.13,-10.9,-13.25,1,6980
4.0,2640.239751,175.87,1.13,-11.8,-26.13,-7.67,-11.75,1,6844
4.0,2640.249751,173.85,1.18,-10.17,-26.09,-3.96,-9.75,1,6725
4.0,2640.259751,171.21,1.21,-7.67,-26.03,-0.0,-7.25,1,6598
4.0,2640.269751,168.13,1.35,-4.6,-25.99,3.96,-4.25,1,6453
4.0,2640.279751,164.62,1.44,-1.18,-25.93,7.67,-0.75,1,6363
4.0,2640.289753,160.58,1.52,2.61,-25.87,10.9,3.25,1,7224
4.0,2640.299751,156.36,1.67,6.73,-25.78,13.44,7.75,1,7098
4.0,2640.309751,151.96,1.82,11.12,-25.68,15.14,11.25,1,6984
4.0,2640.319751,149.15,1.98,15.74,-25.56,15.89,14.0,1,6848
4.0,2640.329751,147.92,2.03,20.19,-25.44,15.64,15.25,1,6721
4.0,2640.339751,147.39,2.04,22.13,-25.4,14.4,15.75,1,6594
4.0,2640.349751,147.92,2.2,21.39,-25.38,12.27,15.25,1,6458
4.0,2640.359751,149.06,2.13,20.39,-25.43,9.36,14.0,1,6356
4.0,2640.369751,151.08,2.05,18.69,-25.49,5.86,12.0,1,7218
4.0,2640.379751,153.46,1.98,16.56,-25.54,2.0,9.75,1,7099
4.0,2640.389751,156.45,1.9,13.7,-25.63,-2.0,6.75,1,6980
4.0,2640.399751,159.87,1.81,10.46,-25.72,-5.86,3.25,1,6844
4.0,2640.409751,163.56,1.66,6.88,-25.79,-9.36,-0.5,1,6717
4.0,2640.419751,167.7,1.53,2.92,-25.88,-12.27,-4.5,1,6598
4.0,2640.429754,171.91,1.41,-1.39,-25.95,-14.4,-8.75,1,6457
4.0,2640.439751,175.96,1.3,-5.83,-26.03,-15.64,-12.75,1,7352
4.0,2640.449752,178.51,1.2,-10.5,-26.09,-15.89,-15.25,1,7224
4.0,2640.459751,179.74,1.16,-14.15,-26.15,-15.14,-16.75,1,7098
4.0,2640.469751,180.35,1.21,-15.39,-26.19,-13.44,-16.75,1,6985
4.0,2640.479751,180.26,1.08,-15.37,-26.15,-10.9,-16.25,1,6849
4.0,2640.489751,178.86,1.09,-14.49,-26.15,-7.67,-14.75,1,6721
4.0,2640.499751,176.75,1.13,-13.06,-26.13,-3.96,-12.75,1,6594
4.0,2640.509751,174.11,1.13,-10.95,-26.07,-0.0,-10.25,1,6458
4.0,2640.519751,171.04,1.24,-7.63,-26.02,3.96,-7.25,1,7346
4.0,2640.529751,167.43,1.37,-4.22,-25.97,7.67,-3.5,1,7219
4.0,2640.539751,163.56,1.44,-0.36,-25.91,10.9,0.5,1,7100
4.0,2640.549751,159.26,1.56,3.87,-25.84,13.44,4.75,1,6980
4.0,2640.559751,154.86,1.73,8.39,-25.73,15.14,9.0,1,6845
4.0,2640.569751,150.91,1.89,13.0,-25.62,15.89,12.25,1,6717
4.0,2640.579751,148.89,1.98,17.46,-25.51,15.64,14.25,1,6590
4.0,2640.589754,147.74,2.04,20.89,-25.41,14.4,15.25,1,6457
4.0,2640.599751,147.92,2.13,21.89,-25.38,12.27,15.25,1,7352
4.0,2640.609752,148.8,2.14,20.81,-25.41,9.36,14.25,1,7225
4.0,2640.619751,150.29,2.07,19.36,-25.46,5.86,12.75,1,7096
4.0,2640.629751,152.58,2.04,17.4,-25.52,2.0,10.5,1,6976
4.0,2640.639751,155.39,1.93,14.8,-25.58,-2.0,7.75,1,6849
4.0,2640.649751,158.47,1.85,11.75,-25.68,-5.86,4.5,1,6722
4.0,2640.659751,162.25,1.74,8.23,-25.77,-9.36,1.0,1,6586
4.0,2640.669751,166.2,1.58,4.38,-25.84,-12.27,-3.0,1,6461
4.0,2640.679751,170.6,1.44,0.25,-25.91,-14.4,-7.25,1,7346
4.0,2640.689754,174.38,1.33,-4.21,-25.99,-15.64,-11.25,1,7223
4.0,2640.699751,176.92,1.19,-8.85,-26.07,-15.89,-13.75,1,7093
4.0,2640.709751,178.33,1.22,-12.43,-26.14,-15.14,-15.0,1,6981
4.0,2640.719751,179.03,1.28,-13.8,-26.17,-13.44,-15.75,1,6845
4.0,2640.729751,179.03,1.11,-13.87,-26.12,-10.9,-15.75,1,6717
4.0,2640.739751,179.03,1.05,-13.29,-26.11,-7.67,-15.0,1,6590
4.0,2640.749754,177.36,1.11,-12.44,-26.12,-3.96,-13.25,1,6457
5.0,2642.779751,171.56,1.23,-8.32,-26.01,3.93,-7.75,1,7099
5.0,2642.789751,169.1,1.29,-6.54,-25.97,7.48,-5.25,1,6960
5.0,2642.799751,166.11,1.35,-3.39,-25.89,10.3,-2.25,1,6842
5.0,2642.809752,162.69,1.49,0.15,-25.85,12.11,1.25,1,6715
5.0,2642.819754,158.82,1.6,3.97,-25.77,12.73,5.25,1,6582
5.0,2642.829751,154.69,1.7,8.05,-25.68,12.11,8.75,1,6485
5.0,2642.839751,152.4,1.86,12.27,-25.58,10.3,10.75,1,7338
5.0,2642.849751,151.52,1.89,16.27,-25.48,7.48,11.75,1,7211
5.0,2642.859751,151.44,1.89,17.96,-25.45,3.93,11.75,1,7101
5.0,2642.869750,152.49,2.01,16.81,-25.45,0.0,10.75,1,6964
5.0,2642.879751,154.07,1.93,15.36,-25.51,-3.93,9.0,1,6837
5.0,2642.889753,156.36,1.87,13.23,-25.58,-7.48,6.75,1,6713
5.0,2642.899754,159.26,1.8,10.55,-25.64,-10.3,3.75,1,6577
5.0,2642.909751,162.69,1.67,7.36,-25.72,-12.11,0.5,1,6481
5.0,2642.919751,166.38,1.55,3.67,-25.79,-12.73,-3.25,1,7344
5.0,2642.929751,169.8,1.47,-0.28,-25.87,-12.11,-6.75,1,7215
5.0,2642.939751,171.83,1.35,-4.44,-25.95,-10.3,-8.75,1,7100
5.0,2642.949751,172.79,1.31,-7.81,-26.01,-7.48,-9.5,1,6960
5.0,2642.959751,173.23,1.4,-8.63,-26.05,-3.93,-9.25,1,6842
5.0,2642.969751,172.18,1.28,-8.32,-26.01,0.0,-8.25,1,6715
5.0,2642.979751,170.24,1.28,-7.31,-25.99,3.93,-6.25,1,6581
5.0,2642.989751,167.78,1.32,-4.99,-25.95,7.48,-3.75,1,6477
5.0,2642.999751,164.62,1.37,-1.81,-25.87,10.3,-0.75,1,7339
5.0,2643.009754,161.19,1.52,1.59,-25.81,12.11,2.75,1,7214
5.0,2643.019751,157.32,1.64,5.37,-25.74,12.73,6.75,1,7095
5.0,2643.029753,153.28,1.77,9.42,-25.65,12.11,10.0,1,6968
5.0,2643.039751,151.08,1.92,13.76,-25.54,10.3,12.25,1,6838
5.0,2643.049753,150.03,1.94,17.7,-25.45,7.48,13.25,1,6713
5.0,2643.059751,150.12,1.93,19.3,-25.4,3.93,13.0,1,6574
5.0,2643.069751,151.08,2.08,18.28,-25.4,0.0,12.0,1,7474
5.0,2643.079751,152.84,2.0,16.6,-25.47,-3.93,10.25,1,7343
5.0,2643.089751,155.39,1.91,14.3,-25.56,-7.48,7.75,1,7216
5.0,2643.099751,158.38,1.82,11.5,-25.62,-10.3,4.75,1,7100
5.0,2643.109751,161.81,1.72,8.13,-25.7,-12.11,1.25,1,6960
5.0,2643.119751,165.67,1.59,4.39,-25.77,-12.73,-2.5,1,6843
5.0,2643.129751,169.19,1.46,0.36,-25.84,-12.11,-6.0,1,6716
5.0,2643.139751,171.3,1.35,-3.93,-25.93,-10.3,-8.0,1,6578
5.0,2643.149751,172.44,1.37,-7.19,-26.0,-7.48,-9.0,1,7466
5.0,2643.159751,172.79,1.42,-8.18,-26.04,-3.93,-8.75,1,7339
5.0,2643.169754,171.83,1.27,-7.96,-25.99,-0.0,-7.75,1,7214
5.0,2643.179751,169.98,1.26,-6.91,-25.97,3.93,-6.0,1,7093
5.0,2643.189752,167.52,1.33,-4.8,-25.94,7.48,-3.75,1,6966
5.0,2643.199751,164.53,1.38,-1.71,-25.86,10.3,-0.5,1,6841
5.0,2643.209752,161.19,1.53,1.63,-25.81,12.11,2.75,1,6704
5.0,2643.219751,157.24,1.63,5.42,-25.73,12.73,6.75,1,6575
5.0,2643.229751,153.11,1.78,9.47,-25.64,12.11,10.25,1,7473
5.0,2643.239751,150.91,1.93,13.81,-25.54,10.3,12.25,1,7335
5.0,2643.249750,149.94,1.94,17.73,-25.44,7.48,13.25,1,7216
5.0,2643.259751,150.21,1.93,19.29,-25.4,3.93,13.0,1,7100
5.0,2643.269753,151.17,2.08,18.24,-25.4,-0.0,12.0,1,6964
5.0,2643.279751,152.93,2.0,16.57,-25.47,-3.93,10.25,1,6834
5.0,2643.289751,155.39,1.9,14.27,-25.55,-7.48,7.75,1,6707
5.0,2643.299751,158.38,1.81,11.46,-25.62,-10.3,4.75,1,6579
5.0,2643.309751,161.81,1.72,8.09,-25.69,-12.11,1.25,1,7467
5.0,2643.319751,165.76,1.59,4.35,-25.77,-12.73,-2.75,1,7340
5.0,2643.329754,169.19,1.46,0.32,-25.84,-12.11,-6.0,1,7215
5.0,2643.339751,171.39,1.35,-3.98,-25.92,-10.3,-8.25,1,7093
5.0,2643.349752,172.44,1.37,-7.25,-26.0,-7.48,-9.0,1,6958
5.0,2643.359751,172.79,1.42,-8.27,-26.03,-3.93,-8.75,1,6838
5.0,2643.369752,171.74,1.27,-8.07,-25.99,-0.0,-7.75,1,6704
5.0,2643.379751,170.07,1.27,-7.01,-25.97,3.93,-6.0,1,6575
5.0,2643.389751,167.61,1.32,-4.86,-25.94,7.48,-3.75,1,7472
5.0,2643.399751,164.53,1.38,-1.76,-25.85,10.3,-0.75,1,7335
5.0,2643.409750,161.02,1.53,1.58,-25.8,12.11,2.75,1,7217
5.0,2643.419751,157.24,1.64,5.39,-25.73,12.73,6.75,1,7101
5.0,2643.429753,153.11,1.78,9.44,-25.64,12.11,10.25,1,6964
5.0,2643.439751,150.91,1.92,13.79,-25.53,10.3,12.25,1,6834
5.0,2643.449751,149.94,1.94,17.72,-25.44,7.48,13.25,1,6707
5.0,2643.459751,150.12,1.93,19.28,-25.39,3.93,13.0,1,6579
5.0,2643.469751,151.17,2.08,18.22,-25.39,-0.0,12.0,1,7467
5.0,2643.479751,152.84,2.0,16.59,-25.46,-3.93,10.25,1,7340
5.0,2643.489754,155.39,1.91,14.28,-25.55,-7.48,7.75,1,7215
5.0,2643.499751,158.47,1.82,11.49,-25.61,-10.3,4.75,1,7094
5.0,2643.509751,161.81,1.72,8.12,-25.69,-12.11,1.25,1,6958
5.0,2643.519751,165.76,1.59,4.37,-25.76,-12.73,-2.5,1,6840
5.0,2643.529752,169.19,1.46,0.34,-25.83,-12.11,-6.0,1,6703
5.0,2643.539751,171.21,1.35,-3.95,-25.91,-10.3,-8.0,1,6575
5.0,2643.549751,172.27,1.38,-7.21,-25.99,-7.48,-9.0,1,7473
5.0,2643.559751,172.71,1.42,-8.21,-26.03,-3.93,-8.75,1,7336
5.0,2643.569752,171.74,1.27,-7.98,-25.98,-0.0,-7.75,1,7219
5.0,2643.579751,169.98,1.26,-6.95,-25.96,3.93,-6.0,1,7101
5.0,2643.589754,167.52,1.33,-4.85,-25.93,7.48,-3.5,1,6965
5.0,2643.599751,164.53,1.38,-1.77,-25.85,10.3,-0.75,1,6834
5.0,2643.609751,161.1,1.53,1.55,-25.8,12.11,2.75,1,6707
5.0,2643.619751,157.41,1.63,5.33,-25.73,12.73,6.25,1,6580
5.0,2643.629751,154.34,1.77,9.32,-25.63,12.11,9.0,1,7467
5.0,2643.639751,152.84,1.87,13.34,-25.54,10.3,10.25,1,7340
5.0,2643.649754,151.88,1.86,16.05,-25.49,7.48,11.25,1,7216
5.0,2643.659751,151.7,1.91,16.33,-25.47,3.93,11.5,1,7094
5.0,2643.669754,152.31,2.0,15.72,-25.47,0.0,10.75,1,6961
5.0,2643.679751,153.98,1.94,15.23,-25.5,-3.93,9.25,1,6832
5.0,2643.689751,156.09,1.83,13.4,-25.56,-7.48,7.0,1,6704
5.0,2643.699751,158.91,1.82,10.87,-25.62,-10.3,4.25,1,6575
5.0,2643.709751,162.16,1.71,7.8,-25.69,-12.11,1.0,1,7464
5.0,2643.719751,165.76,1.57,4.12,-25.77,-12.73,-2.75,1,7337
5.0,2643.729752,169.01,1.48,0.24,-25.83,-12.11,-6.0,1,7210
5.0,2643.739751,171.21,1.38,-3.85,-25.91,-10.3,-8.0,1,7101
5.0,2643.749752,172.09,1.36,-7.05,-25.98,-7.48,-8.75,1,6964
5.0,2643.759751,172.27,1.42,-7.91,-26.01,-3.93,-8.5,1,6835
5.0,2643.769751,171.47,1.29,-7.51,-25.97,0.0,-7.5,1,6699
5.0,2643.779751,169.72,1.28,-6.58,-25.95,3.93,-5.75,1,6580
5.0,2643.789751,167.17,1.34,-4.74,-25.92,7.48,-3.25,1,7468
5.0,2643.799751,164.27,1.42,-1.45,-25.84,10.3,-0.25,1,7340
5.0,2643.809753,160.84,1.57,1.88,-25.78,12.11,3.25,1,7216
5.0,2643.819751,157.15,1.64,5.58,-25.71,12.73,6.75,1,7098
5.0,2643.829754,153.9,1.77,9.59,-25.62,12.11,9.25,1,6961
5.0,2643.839751,152.49,1.87,13.65,-25.53,10.3,10.75,1,6832
5.0,2643.849751,151.96,1.88,16.31,-25.47,7.48,11.25,1,6703
5.0,2643.859751,152.49,1.92,16.63,-25.45,3.93,10.75,1,6576
5.0,2643.869751,153.81,1.95,15.48,-25.48,0.0,9.25,1,7464
5.0,2643.879751,155.83,1.88,13.55,-25.54,-3.93,7.25,1,7336
5.0,2643.889754,158.38,1.83,11.14,-25.61,-7.48,4.75,1,7212
5.0,2643.899751,161.54,1.71,8.25,-25.68,-10.3,1.5,1,7092
5.0,2643.909754,165.15,1.59,4.81,-25.75,-12.11,-2.0,1,6965
5.0,2643.919751,168.93,1.48,1.06,-25.81,-12.73,-5.75,1,6836
5.0,2643.929751,172.62,1.39,-3.05,-25.89,-12.11,-9.25,1,6699
5.0,2643.939751,174.64,1.29,-7.43,-25.96,-10.3,-11.25,1,6580
5.0,2643.949751,175.61,1.25,-10.89,-26.03,-7.48,-12.25,1,7471
5.0,2643.959751,175.87,1.32,-11.7,-26.07,-3.93,-12.25,1,7332
5.0,2643.969753,175.25,1.22,-10.96,-26.01,-0.0,-11.25,1,7216
5.0,2643.979751,173.5,1.22,-10.16,-25.99,3.93,-9.5,1,7095
5.0,2643.989754,171.04,1.22,-8.39,-25.97,7.48,-7.0,1,6961
5.0,2643.999751,167.96,1.29,-5.49,-25.9,10.3,-4.0,1,6832
5.0,2644.009751,164.44,1.43,-1.92,-25.85,12.11,-0.5,1,6704
5.0,2644.019751,160.58,1.51,1.94,-25.79,12.73,3.25,1,6577
5.0,2644.029751,156.53,1.65,6.1,-25.7,12.11,6.75,1,7464
5.0,2644.039751,154.07,1.82,10.45,-25.59,10.3,9.0,1,7336
5.0,2644.049754,153.02,1.84,14.39,-25.5,7.48,10.0,1,7212
5.0,2644.059751,153.11,1.82,16.06,-25.47,3.93,10.0,1,7090
5.0,2644.069752,153.98,1.95,15.07,-25.47,0.0,9.25,1,6955
5.0,2644.079751,155.39,1.9,13.71,-25.52,-3.93,7.75,1,6838
5.0,2644.089751,157.76,1.83,11.62,-25.59,-7.48,5.25,1,6700
5.0,2644.099751,160.58,1.73,9.04,-25.66,-10.3,2.5,1,6581
5.0,2644.109751,163.92,1.61,5.87,-25.72,-12.11,-0.75,1,7469
5.0,2644.119751,167.7,1.51,2.4,-25.79,-12.73,-4.5,1,7342
5.0,2644.129752,170.95,1.42,-1.6,-25.86,-12.11,-7.75,1,7216
5.0,2644.139751,172.97,1.3,-5.91,-25.93,-10.3,-9.75,1,7095
5.0,2644.149754,173.94,1.32,-8.99,-26.01,-7.48,-10.75,1,6961
5.0,2644.159751,174.11,1.38,-9.77,-26.03,-3.93,-10.5,1,6831
5.0,2644.169754,173.41,1.26,-9.37,-25.97,-0.0,-9.5,1,6707
5.0,2644.179751,171.56,1.23,-8.48,-25.98,3.93,-7.75,1,6577
5.0,2644.189751,169.19,1.29,-6.71,-25.94,7.48,-5.25,1,7467
5.0,2644.199751,166.11,1.35,-3.56,-25.86,10.3,-2.25,1,7337
5.0,2644.209754,162.77,1.48,-0.04,-25.82,12.11,1.25,1,7221
5.0,2644.219751,158.82,1.6,3.78,-25.74,12.73,5.25,1,7092
5.0,2644.229751,154.78,1.7,7.86,-25.66,12.11,8.75,1,6955
5.0,2644.239751,152.49,1.86,12.08,-25.55,10.3,10.75,1,6836
5.0,2644.249754,151.52,1.89,16.11,-25.45,7.48,11.75,1,6703
5.0,2644.259751,151.52,1.89,17.83,-25.42,3.93,11.75,1,6572
5.0,2644.269751,152.31,2.0,16.66,-25.43,0.0,10.75,1,7470
5.0,2644.279751,153.98,1.93,15.19,-25.48,-3.93,9.25,1,7344
5.0,2644.289752,156.45,1.87,13.08,-25.55,-7.48,6.75,1,7225
5.0,2644.299751,159.26,1.8,10.43,-25.61,-10.3,3.75,1,7098
5.0,2644.309754,162.69,1.67,7.25,-25.69,-12.11,0.5,1,6962
5.0,2644.319751,166.38,1.55,3.56,-25.76,-12.73,-3.25,1,6832
5.0,2644.329751,169.8,1.47,-0.39,-25.84,-12.11,-6.5,1,6704
5.0,2644.339751,171.74,1.35,-4.54,-25.91,-10.3,-8.75,1,6585
5.0,2644.349751,172.88,1.31,-7.94,-25.98,-7.48,-9.5,1,7465
5.0,2644.359751,173.23,1.4,-8.76,-26.01,-3.93,-9.25,1,7337
5.0,2644.369754,172.0,1.28,-8.44,-25.97,0.0,-8.0,1,7222
5.0,2644.379751,170.16,1.27,-7.4,-25.95,3.93,-6.25,1,7091
5.0,2644.389754,167.7,1.31,-5.01,-25.91,7.48,-3.75,1,6958
5.0,2644.399751,164.62,1.38,-1.9,-25.84,10.3,-0.75,1,6830
5.0,2644.409751,161.1,1.52,1.46,-25.78,12.11,2.75,1,6700
5.0,2644.419751,157.32,1.64,5.22,-25.71,12.73,6.75,1,6582
5.0,2644.429751,153.19,1.77,9.26,-25.62,12.11,10.0,1,7461
5.0,2644.439751,151.08,1.92,13.6,-25.51,10.3,12.25,1,7342
5.0,2644.449752,149.94,1.94,17.55,-25.42,7.48,13.25,1,7215
5.0,2644.459751,150.03,1.94,19.15,-25.37,3.93,13.0,1,7098
5.0,2644.469754,151.08,2.07,18.1,-25.37,0.0,12.0,1,6963
5.0,2644.479751,152.84,1.99,16.47,-25.44,-3.93,10.25,1,6832
5.0,2644.489753,155.39,1.9,14.16,-25.53,-7.48,7.75,1,6699
5.0,2644.499751,158.38,1.81,11.37,-25.59,-10.3,4.75,1,6577
5.0,2644.509751,161.72,1.72,8.01,-25.67,-12.11,1.25,1,7467
5.0,2644.519751,165.76,1.59,4.27,-25.74,-12.73,-2.5,1,7339
5.0,2644.529754,169.19,1.46,0.26,-25.81,-12.11,-6.0,1,7223
5.0,2644.539751,171.21,1.36,-4.03,-25.89,-10.3,-8.0,1,7091
5.0,2644.549754,172.35,1.37,-7.3,-25.97,-7.48,-9.0,1,6958
5.0,2644.559751,172.62,1.42,-8.31,-26.01,-3.93,-8.75,1,6831
5.0,2644.569751,171.65,1.27,-8.1,-25.96,-0.0,-7.75,1,6700
5.0,2644.579751,169.98,1.26,-7.05,-25.94,3.93,-6.0,1,6582
5.0,2644.589751,167.52,1.33,-4.95,-25.91,7.48,-3.75,1,7464
5.0,2644.599751,164.53,1.38,-1.88,-25.83,10.3,-0.75,1,7333
5.0,2644.609752,161.1,1.53,1.45,-25.78,12.11,2.75,1,7216
5.0,2644.619751,157.32,1.63,5.24,-25.71,12.73,6.75,1,7100
5.0,2644.629754,153.11,1.78,9.28,-25.62,12.11,10.25,1,6962
5.0,2644.639751,150.91,1.92,13.62,-25.51,10.3,12.25,1,6832
5.0,2644.649751,149.94,1.94,17.55,-25.41,7.48,13.25,1,6696
5.0,2644.659751,150.12,1.93,19.14,-25.37,3.93,13.0,1,6604
5.0,2644.669751,151.08,2.08,18.06,-25.37,0.0,12.0,1,7466
5.0,2644.679751,152.84,2.0,16.42,-25.44,-3.93,10.25,1,7338
5.0,2644.689751,155.39,1.91,14.12,-25.53,-7.48,7.75,1,7222
5.0,2644.699751,158.38,1.82,11.31,-25.59,-10.3,4.75,1,7083
5.0,2644.709754,161.89,1.72,7.95,-25.66,-12.11,1.25,1,6959
5.0,2644.719751,165.85,1.59,4.21,-25.74,-12.73,-2.75,1,6832
5.0,2644.729751,169.28,1.46,0.18,-25.81,-12.11,-6.0,1,6701
5.0,2644.739751,171.39,1.36,-4.11,-25.89,-10.3,-8.25,1,6600
5.0,2644.749751,172.44,1.37,-7.39,-25.97,-7.48,-9.0,1,7464
5.0,2644.759751,172.79,1.42,-8.41,-26.0,-3.93,-8.75,1,7334
5.0,2644.769751,171.83,1.27,-8.21,-25.96,-0.0,-7.75,1,7216
5.0,2644.779751,170.07,1.27,-7.17,-25.94,3.93,-6.0,1,7079
5.0,2644.789754,167.61,1.33,-5.04,-25.91,7.48,-3.75,1,6955
5.0,2644.799751,164.62,1.38,-1.92,-25.83,10.3,-0.75,1,6833
5.0,2644.809751,161.1,1.52,1.42,-25.77,12.11,2.75,1,6697
5.0,2644.819751,157.24,1.64,5.22,-25.7,12.73,6.75,1,6596
5.0,2644.829751,153.11,1.78,9.28,-25.61,12.11,10.25,1,7466
5.0,2644.839751,151.0,1.92,13.61,-25.5,10.3,12.25,1,7341
5.0,2644.849751,149.94,1.94,17.56,-25.41,7.48,13.25,1,7223
5.0,2644.859751,150.03,1.93,19.16,-25.36,3.93,13.0,1,7083
5.0,2644.869754,151.08,2.08,18.1,-25.36,0.0,12.0,1,6960
5.0,2644.879751,152.93,2.0,16.44,-25.43,-3.93,10.25,1,6831
5.0,2644.889751,155.39,1.91,14.15,-25.52,-7.48,7.75,1,6701
5.0,2644.899751,158.38,1.82,11.35,-25.58,-10.3,4.75,1,6600
5.0,2644.909751,161.81,1.72,8.0,-25.66,-12.11,1.25,1,7464
5.0,2644.919751,165.76,1.59,4.25,-25.73,-12.73,-2.5,1,7335
5.0,2644.929751,169.1,1.46,0.23,-25.8,-12.11,-6.0,1,7216
5.0,2644.939751,171.39,1.36,-4.06,-25.89,-10.3,-8.0,1,7082
5.0,2644.949754,172.44,1.38,-7.35,-25.96,-7.48,-9.0,1,6963
5.0,2644.959751,172.79,1.42,-8.36,-26.0,-3.93,-8.75,1,6833
5.0,2644.969751,171.74,1.27,-8.15,-25.96,-0.0,-7.75,1,6697
5.0,2644.979751,169.98,1.26,-7.1,-25.93,3.93,-6.0,1,6604
5.0,2644.989751,167.52,1.33,-4.98,-25.9,7.48,-3.75,1,7466
5.0,2644.999751,164.62,1.38,-1.92,-25.82,10.3,-0.75,1,7342
5.0,2645.009751,161.1,1.53,1.42,-25.77,12.11,2.75,1,7224
5.0,2645.019751,157.41,1.64,5.21,-25.7,12.73,6.25,1,7085
5.0,2645.029751,154.25,1.78,9.25,-25.6,12.11,9.0,1,6960
5.0,2645.039751,152.67,1.87,13.32,-25.51,10.3,10.5,1,6832
5.0,2645.049751,151.79,1.87,16.07,-25.45,7.48,11.25,1,6701
5.0,2645.059751,151.52,1.91,16.39,-25.44,3.93,11.75,1,6600
5.0,2645.069751,152.23,2.01,15.79,-25.44,0.0,11.0,1,7462
5.0,2645.079751,153.54,1.95,15.25,-25.46,-3.93,9.5,1,7335
5.0,2645.089751,155.83,1.83,13.56,-25.52,-7.48,7.25,1,7216
5.0,2645.099751,158.47,1.82,11.13,-25.57,-10.3,4.75,1,7080
5.0,2645.109754,161.72,1.75,8.05,-25.64,-12.11,1.25,1,6955
5.0,2645.119751,165.41,1.59,4.43,-25.73,-12.73,-2.25,1,6835
5.0,2645.129751,168.66,1.47,0.58,-25.79,-12.11,-5.5,1,6698
5.0,2645.139751,170.77,1.39,-3.52,-25.87,-10.3,-7.5,1,6596
5.0,2645.149751,171.65,1.4,-6.68,-25.95,-7.48,-8.25,1,7466
5.0,2645.159751,171.91,1.42,-7.59,-25.97,-3.93,-8.25,1,7342
5.0,2645.169751,170.95,1.3,-7.28,-25.94,0.0,-7.0,1,7223
5.0,2645.179751,169.28,1.31,-6.3,-25.92,3.93,-5.25,1,7084
5.0,2645.189754,166.73,1.37,-4.3,-25.89,7.48,-2.75,1,6960
5.0,2645.199751,163.74,1.45,-1.02,-25.8,10.3,0.25,1,6829
5.0,2645.209751,160.31,1.57,2.34,-25.75,12.11,3.75,1,6694
5.0,2645.219751,156.71,1.67,5.99,-25.67,12.73,7.25,1,6601
5.0,2645.229751,153.46,1.79,10.0,-25.59,12.11,9.75,1,7464
5.0,2645.239751,151.88,1.88,14.01,-25.49,10.3,11.25,1,7335
5.0,2645.249751,151.61,1.9,16.7,-25.43,7.48,11.75,1,7216
5.0,2645.259751,152.05,1.94,17.01,-25.41,3.93,11.0,1,7080
5.0,2645.269751,153.46,1.95,15.72,-25.44,-0.0,9.75,1,6956
5.0,2645.279751,155.48,1.89,13.75,-25.5,-3.93,7.75,1,6825
5.0,2645.289751,158.2,1.83,11.38,-25.57,-7.48,5.0,1,6700
5.0,2645.299751,161.1,1.75,8.44,-25.64,-10.3,1.75,1,6553
5.0,2645.309751,164.79,1.6,5.01,-25.72,-12.11,-1.75,1,7459
5.0,2645.319751,168.66,1.48,1.31,-25.78,-12.73,-5.5,1,7340
5.0,2645.329751,172.27,1.4,-2.8,-25.85,-12.11,-9.0,1,7213
5.0,2645.339751,174.29,1.3,-7.19,-25.93,-10.3,-11.0,1,7084
5.0,2645.349754,175.43,1.26,-10.56,-26.01,-7.48,-12.0,1,6960
5.0,2645.359751,175.69,1.32,-11.55,-26.03,-3.93,-11.75,1,6830
5.0,2645.369751,174.81,1.24,-11.02,-25.97,-0.0,-10.75,1,6693
5.0,2645.379751,172.97,1.23,-10.14,-25.97,3.93,-9.0,1,6601
5.0,2645.389751,170.51,1.24,-8.11,-25.93,7.48,-6.5,1,7464
5.0,2645.399751,167.34,1.3,-4.88,-25.87,10.3,-3.25,1,7335
5.0,2645.409751,163.83,1.45,-1.42,-25.82,12.11,0.25,1,7218
5.0,2645.419751,160.05,1.55,2.39,-25.74,12.73,4.0,1,7081
5.0,2645.429751,155.92,1.68,6.56,-25.65,12.11,7.25,1,6957
5.0,2645.439751,153.54,1.84,10.88,-25.55,10.3,9.75,1,6826
5.0,2645.449751,152.58,1.85,14.9,-25.46,7.48,10.75,1,6698
5.0,2645.459751,152.67,1.85,16.58,-25.43,3.93,10.75,1,6597
5.0,2645.469751,153.54,1.99,15.49,-25.43,0.0,9.75,1,7458
5.0,2645.479751,155.13,1.91,14.05,-25.49,-3.93,8.0,1,7340
5.0,2645.489751,157.59,1.84,11.86,-25.56,-7.48,5.75,1,7215
5.0,2645.499751,160.4,1.76,9.2,-25.62,-10.3,2.75,1,7085
5.0,2645.509754,163.74,1.63,6.02,-25.69,-12.11,-0.75,1,6961
5.0,2645.519751,167.52,1.53,2.46,-25.76,-12.73,-4.25,1,6831
5.0,2645.529751,170.86,1.44,-1.59,-25.83,-12.11,-7.75,1,6695
5.0,2645.539751,172.88,1.3,-5.85,-25.9,-10.3,-9.75,1,6601
5.0,2645.549751,173.76,1.32,-8.94,-25.98,-7.48,-10.5,1,7464
5.0,2645.559751,173.85,1.38,-9.73,-26.0,-3.93,-10.25,1,7336
5.0,2645.569751,173.41,1.27,-9.3,-25.95,-0.0,-9.25,1,7217
5.0,2645.579751,171.56,1.25,-8.31,-25.94,3.93,-7.75,1,7080
5.0,2645.589754,169.1,1.29,-6.73,-25.91,7.48,-5.25,1,6956
5.0,2645.599751,166.29,1.34,-3.8,-25.84,10.3,-2.25,1,6826
5.0,2645.609751,162.77,1.48,-0.21,-25.8,12.11,1.25,1,6699
5.0,2645.619751,158.82,1.61,3.59,-25.71,12.73,5.0,1,6598
5.0,2645.629751,154.78,1.7,7.66,-25.63,12.11,8.5,1,7460
5.0,2645.639751,152.49,1.86,11.87,-25.53,10.3,10.75,1,7331
5.0,2645.649751,151.44,1.9,15.86,-25.43,7.48,11.75,1,7216
5.0,2645.659751,151.52,1.89,17.65,-25.4,3.93,11.75,1,7076
5.0,2645.669754,152.58,2.01,16.5,-25.4,-0.0,10.75,1,6960
5.0,2645.679751,154.07,1.93,15.08,-25.46,-3.93,9.0,1,6830
5.0,2645.689751,156.53,1.87,12.94,-25.53,-7.48,6.75,1,6694
5.0,2645.699751,159.43,1.81,10.25,-25.59,-10.3,3.75,1,7591
5.0,2645.709751,162.77,1.67,7.06,-25.67,-12.11,0.25,1,7464
5.0,2645.719751,166.46,1.54,3.38,-25.74,-12.73,-3.25,1,7337
5.0,2645.729751,169.89,1.47,-0.57,-25.81,-12.11,-6.75,1,7218
5.0,2645.739751,172.0,1.35,-4.73,-25.89,-10.3,-8.75,1,7081
5.0,2645.749751,172.97,1.31,-8.12,-25.95,-7.48,-9.5,1,6953
5.0,2645.759751,173.32,1.39,-8.96,-25.99,-3.93,-9.25,1,6820
5.0,2645.769751,172.27,1.28,-8.69,-25.95,0.0,-8.25,1,6699
5.0,2645.779751,170.51,1.29,-7.69,-25.93,3.93,-6.25,1,7587
5.0,2645.789751,167.96,1.32,-5.43,-25.9,7.48,-3.75,1,7462
5.0,2645.799751,164.88,1.37,-2.23,-25.82,10.3,-0.75,1,7332
5.0,2645.809751,161.37,1.53,1.18,-25.76,12.11,2.75,1,7214
5.0,2645.819751,157.5,1.63,4.92,-25.69,12.73,6.5,1,7078
5.0,2645.829751,153.46,1.76,8.97,-25.59,12.11,9.75,1,6950
5.0,2645.839751,151.17,1.91,13.3,-25.49,10.3,12.0,1,6822
5.0,2645.849751,150.12,1.93,17.31,-25.4,7.48,13.0,1,6694
5.0,2645.859751,150.29,1.93,18.95,-25.35,3.93,12.75,1,7582
5.0,2645.869751,151.35,2.07,17.82,-25.36,0.0,11.75,1,7464
5.0,2645.879751,153.19,1.99,16.23,-25.42,-3.93,10.0,1,7336
5.0,2645.889751,155.65,1.91,13.94,-25.51,-7.48,7.5,1,7217
5.0,2645.899751,158.55,1.82,11.07,-25.57,-10.3,4.5,1,7081
5.0,2645.909751,162.07,1.71,7.68,-25.64,-12.11,1.0,1,6956
5.0,2645.919751,165.94,1.58,3.99,-25.72,-12.73,-2.75,1,6819
5.0,2645.929751,169.45,1.47,-0.06,-25.79,-12.11,-6.25,1,6700
5.0,2645.939751,171.56,1.35,-4.36,-25.88,-10.3,-8.25,1,7587
5.0,2645.949751,172.71,1.35,-7.67,-25.95,-7.48,-9.25,1,7462
5.0,2645.959751,172.88,1.42,-8.64,-25.99,-3.93,-9.0,1,7332
5.0,2645.969751,171.83,1.28,-8.34,-25.94,-0.0,-8.0,1,7213
5.0,2645.979751,170.16,1.28,-7.37,-25.93,3.93,-6.25,1,7077
5.0,2645.989751,167.61,1.34,-5.34,-25.9,7.48,-3.75,1,6950
5.0,2645.999751,164.62,1.37,-2.03,-25.82,10.3,-0.75,1,6822
5.0,2646.009751,161.19,1.53,1.32,-25.76,12.11,2.75,1,6696
5.0,2646.019751,157.32,1.63,5.09,-25.68,12.73,6.75,1,7584
5.0,2646.029751,153.19,1.77,9.12,-25.59,12.11,10.0,1,7456
5.0,2646.039751,151.08,1.92,13.46,-25.49,10.3,12.25,1,7336
5.0,2646.049751,150.03,1.94,17.42,-25.39,7.48,13.0,1,7209
5.0,2646.059751,150.21,1.93,19.05,-25.34,3.93,13.0,1,7082
5.0,2646.069751,151.17,2.08,18.01,-25.34,0.0,11.75,1,6954
5.0,2646.079751,153.02,2.0,16.33,-25.41,-3.93,10.0,1,6821
5.0,2646.089751,155.57,1.91,14.0,-25.5,-7.48,7.75,1,6699
5.0,2646.099751,158.55,1.82,11.14,-25.56,-10.3,4.5,1,7587
5.0,2646.109751,161.98,1.72,7.79,-25.64,-12.11,1.0,1,7464
5.0,2646.119751,166.03,1.58,4.06,-25.72,-12.73,-2.75,1,7333
5.0,2646.129751,169.37,1.46,-0.03,-25.79,-12.11,-6.25,1,7214
5.0,2646.139751,171.65,1.36,-4.36,-25.87,-10.3,-8.25,1,7077
5.0,2646.149751,172.71,1.36,-7.69,-25.95,-7.48,-9.25,1,6950
5.0,2646.159751,172.97,1.42,-8.71,-25.98,-3.93,-9.25,1,6823
5.0,2646.169751,171.91,1.28,-8.43,-25.94,0.0,-8.0,1,6695
5.0,2646.179751,170.16,1.28,-7.46,-25.92,3.93,-6.25,1,7583
5.0,2646.189751,167.7,1.34,-5.38,-25.9,7.48,-3.75,1,7458
5.0,2646.199751,164.71,1.37,-2.07,-25.81,10.3,-0.75,1,7337
5.0,2646.209751,161.19,1.52,1.25,-25.75,12.11,2.75,1,7210
5.0,2646.219751,157.41,1.63,5.0,-25.68,12.73,6.5,1,7083
5.0,2646.229751,153.28,1.77,9.01,-25.59,12.11,9.75,1,6955
5.0,2646.239751,151.17,1.92,13.34,-25.48,10.3,12.0,1,6819
5.0,2646.249751,150.21,1.93,17.32,-25.39,7.48,13.0,1,6691
5.0,2646.259751,150.38,1.93,18.93,-25.34,3.93,12.75,1,7588
5.0,2646.269751,151.35,2.07,17.84,-25.35,-0.0,11.75,1,7464
5.0,2646.279751,153.11,1.99,16.22,-25.42,-3.93,10.0,1,7332
5.0,2646.289751,155.65,1.91,13.91,-25.5,-7.48,7.5,1,7214
5.0,2646.299751,158.55,1.82,11.04,-25.56,-10.3,4.5,1,7078
5.0,2646.309751,162.16,1.71,7.63,-25.64,-12.11,1.0,1,6952
5.0,2646.319751,166.03,1.58,3.94,-25.72,-12.73,-2.75,1,6815
5.0,2646.329751,169.63,1.47,-0.12,-25.79,-12.11,-6.25,1,6697
5.0,2646.339751,171.74,1.35,-4.43,-25.87,-10.3,-8.5,1,7584
5.0,2646.349751,172.71,1.35,-7.76,-25.94,-7.48,-9.25,1,7456
5.0,2646.359751,172.97,1.42,-8.73,-25.98,-3.93,-9.25,1,7328
5.0,2646.369751,172.09,1.28,-8.4,-25.94,-0.0,-8.0,1,7210
5.0,2646.379751,170.16,1.28,-7.45,-25.92,3.93,-6.25,1,7083
5.0,2646.389751,167.61,1.34,-5.32,-25.89,7.48,-3.75,1,6955
5.0,2646.399751,164.62,1.37,-2.0,-25.81,10.3,-0.75,1,6819
5.0,2646.409751,161.19,1.52,1.33,-25.75,12.11,2.75,1,6692
5.0,2646.419751,157.41,1.64,5.1,-25.68,12.73,6.25,1,7589
5.0,2646.429751,154.25,1.77,9.14,-25.58,12.11,9.0,1,7461
5.0,2646.439751,152.75,1.87,13.2,-25.49,10.3,10.5,1,7333
5.0,2646.449751,151.79,1.87,15.97,-25.43,7.48,11.25,1,7216
5.0,2646.459751,151.61,1.92,16.31,-25.41,3.93,11.75,1,7078
5.0,2646.469751,152.23,2.0,15.72,-25.42,0.0,11.0,1,6953
5.0,2646.479751,153.63,1.95,15.21,-25.44,-3.93,9.5,1,6815
5.0,2646.489751,155.83,1.83,13.48,-25.5,-7.48,7.25,1,6696
5.0,2646.499751,158.64,1.82,11.04,-25.55,-10.3,4.5,1,7584
5.0,2646.509751,161.72,1.75,7.98,-25.63,-12.11,1.25,1,7457
5.0,2646.519751,165.5,1.59,4.34,-25.71,-12.73,-2.25,1,7330
5.0,2646.529751,168.84,1.47,0.49,-25.77,-12.11,-5.75,1,7212
5.0,2646.539751,170.86,1.39,-3.61,-25.85,-10.3,-7.75,1,7074
5.0,2646.549751,171.83,1.39,-6.8,-25.93,-7.48,-8.25,1,6946
5.0,2646.559751,172.09,1.42,-7.72,-25.96,-3.93,-8.25,1,6819
5.0,2646.569751,170.95,1.3,-7.42,-25.92,-0.0,-7.0,1,6692
5.0,2646.579751,169.28,1.29,-6.4,-25.9,3.93,-5.25,1,7580
5.0,2646.589751,166.82,1.37,-4.34,-25.86,7.48,-2.75,1,7464
5.0,2646.599751,163.83,1.45,-1.15,-25.78,10.3,0.25,1,7333
5.0,2646.609751,160.4,1.57,2.2,-25.73,12.11,3.75,1,7215
5.0,2646.619751,156.71,1.67,5.83,-25.65,12.73,7.0,1,7080
5.0,2646.629751,153.46,1.79,9.86,-25.57,12.11,9.75,1,6952
5.0,2646.639751,151.96,1.88,13.88,-25.47,10.3,11.25,1,6815
5.0,2646.649751,151.61,1.9,16.59,-25.41,7.48,11.5,1,6687
5.0,2646.659751,152.23,1.94,16.95,-25.39,3.93,11.0,1,7584
5.0,2646.669751,153.54,1.95,15.7,-25.42,-0.0,9.75,1,7457
5.0,2646.679751,155.48,1.89,13.73,-25.48,-3.93,7.75,1,7329
5.0,2646.689751,158.12,1.84,11.34,-25.55,-7.48,5.0,1,7212
5.0,2646.699751,161.28,1.75,8.37,-25.62,-10.3,1.75,1,7074
5.0,2646.709751,164.97,1.6,4.91,-25.69,-12.11,-1.75,1,6948
5.0,2646.719751,168.66,1.48,1.19,-25.76,-12.73,-5.75,1,6820
5.0,2646.729751,172.44,1.4,-2.92,-25.83,-12.11,-9.0,1,6693
5.0,2646.739751,174.38,1.3,-7.32,-25.91,-10.3,-11.25,1,7580
5.0,2646.749751,175.43,1.26,-10.76,-25.99,-7.48,-12.0,1,7461
5.0,2646.759751,175.52,1.32,-11.62,-26.01,-3.93,-12.0,1,7334
6.0,2648.779751,169.45,1.52,-5.29,-25.88,0.0,-5.75,1,7071
6.0,2648.789751,168.4,1.41,-4.81,-25.84,3.91,-4.5,1,6935
6.0,2648.799751,166.38,1.38,-3.66,-25.82,7.26,-2.5,1,6808
6.0,2648.809751,164.0,1.45,-1.63,-25.79,9.6,-0.0,1,7704
6.0,2648.819751,160.84,1.52,1.8,-25.7,10.59,3.25,1,7577
6.0,2648.829751,157.41,1.65,5.04,-25.63,10.09,5.75,1,7449
6.0,2648.839751,155.74,1.77,8.82,-25.55,8.18,7.5,1,7339
6.0,2648.849751,155.21,1.77,12.44,-25.47,5.11,8.0,1,7204
6.0,2648.859751,155.57,1.74,13.73,-25.45,1.33,7.75,1,7075
6.0,2648.869751,156.62,1.87,12.23,-25.47,-2.64,6.5,1,6942
6.0,2648.879754,158.55,1.81,10.66,-25.52,-6.24,4.75,1,6815
6.0,2648.889751,161.02,1.72,8.4,-25.59,-8.96,2.0,1,7700
6.0,2648.899751,164.0,1.63,5.69,-25.64,-10.42,-1.0,1,7573
6.0,2648.909751,167.52,1.55,2.43,-25.7,-10.42,-4.25,1,7455
6.0,2648.919751,170.51,1.42,-1.35,-25.77,-8.96,-7.25,1,7335
6.0,2648.929751,172.18,1.31,-5.31,-25.84,-6.24,-9.0,1,7202
6.0,2648.939751,172.97,1.34,-8.19,-25.91,-2.64,-9.5,1,7071
6.0,2648.949751,172.88,1.38,-8.81,-25.94,1.33,-9.0,1,6935
6.0,2648.959751,171.39,1.3,-8.26,-25.89,5.11,-7.5,1,6807
6.0,2648.969751,169.28,1.3,-6.87,-25.87,8.18,-5.25,1,7704
6.0,2648.979751,166.55,1.33,-4.26,-25.82,10.09,-2.5,1,7577
6.0,2648.989751,163.21,1.44,-0.78,-25.74,10.59,0.75,1,7453
6.0,2648.999751,159.43,1.61,2.92,-25.68,9.6,3.75,1,7330
6.0,2649.009751,157.59,1.7,6.83,-25.59,7.26,5.75,1,7203
6.0,2649.019751,156.88,1.71,10.61,-25.51,3.91,6.25,1,7067
6.0,2649.029751,157.24,1.69,12.07,-25.49,0.0,6.0,1,6943
6.0,2649.039754,158.2,1.79,10.66,-25.52,-3.91,5.0,1,6815
6.0,2649.049751,160.05,1.74,9.22,-25.56,-7.26,3.25,1,7700
6.0,2649.059751,162.33,1.68,7.07,-25.61,-9.6,0.75,1,7572
6.0,2649.069751,165.32,1.6,4.47,-25.67,-10.59,-2.25,1,7455
6.0,2649.079751,168.05,1.5,1.28,-25.74,-10.09,-4.75,1,7335
6.0,2649.089751,169.28,1.42,-2.4,-25.8,-8.18,-6.25,1,7202
6.0,2649.099751,169.89,1.43,-5.17,-25.86,-5.11,-6.75,1,7072
6.0,2649.109751,169.98,1.48,-5.61,-25.89,-1.33,-6.25,1,6936
6.0,2649.119750,168.75,1.39,-4.88,-25.84,2.64,-4.75,1,6808
6.0,2649.129751,166.73,1.36,-3.94,-25.83,6.24,-2.75,1,7705
6.0,2649.139751,164.18,1.43,-1.98,-25.79,8.96,-0.25,1,7577
6.0,2649.149751,161.1,1.52,1.62,-25.69,10.42,3.0,1,7454
6.0,2649.159751,157.59,1.67,4.97,-25.63,10.42,5.75,1,7332
6.0,2649.169751,155.74,1.77,8.65,-25.55,8.96,7.5,1,7195
6.0,2649.179751,155.21,1.76,12.39,-25.47,6.24,8.0,1,7067
6.0,2649.189751,155.48,1.75,13.79,-25.45,2.64,7.75,1,6940
6.0,2649.199754,156.62,1.87,12.32,-25.47,-1.33,6.75,1,6816
6.0,2649.209751,158.29,1.82,10.85,-25.51,-5.11,4.75,1,7704
6.0,2649.219751,160.66,1.73,8.68,-25.58,-8.18,2.25,1,7573
6.0,2649.229751,163.56,1.64,6.04,-25.63,-10.09,-0.5,1,7457
6.0,2649.239751,167.17,1.55,2.8,-25.69,-10.59,-4.0,1,7337
6.0,2649.249751,170.07,1.42,-0.85,-25.76,-9.6,-7.0,1,7200
6.0,2649.259751,171.91,1.32,-4.8,-25.83,-7.26,-8.75,1,7072
6.0,2649.269751,172.79,1.35,-7.81,-25.9,-3.91,-9.25,1,6936
6.0,2649.279754,172.71,1.41,-8.48,-25.93,0.0,-8.75,1,6812
6.0,2649.289751,171.3,1.3,-8.02,-25.89,3.91,-7.5,1,7697
6.0,2649.299751,169.45,1.28,-6.83,-25.86,7.26,-5.25,1,7578
6.0,2649.309751,166.73,1.33,-4.3,-25.81,9.6,-2.75,1,7453
6.0,2649.319751,163.48,1.44,-1.0,-25.74,10.59,0.5,1,7332
6.0,2649.329751,159.96,1.6,2.61,-25.68,10.09,3.25,1,7196
6.0,2649.339751,157.94,1.7,6.4,-25.6,8.18,5.25,1,7068
6.0,2649.349751,157.41,1.69,10.08,-25.52,5.11,5.75,1,6943
6.0,2649.359754,157.68,1.66,11.61,-25.5,1.33,5.5,1,6816
6.0,2649.369751,158.82,1.77,10.16,-25.53,-2.64,4.25,1,7701
6.0,2649.379751,160.49,1.72,8.6,-25.57,-6.24,2.5,1,7574
6.0,2649.389751,162.95,1.67,6.51,-25.62,-8.96,0.25,1,7456
6.0,2649.399751,165.94,1.58,3.79,-25.68,-10.42,-2.75,1,7337
6.0,2649.409751,168.84,1.47,0.56,-25.73,-10.42,-5.75,1,7204
6.0,2649.419751,171.12,1.38,-3.04,-25.8,-8.96,-8.0,1,7073
6.0,2649.429751,172.18,1.35,-6.37,-25.86,-6.24,-9.0,1,6936
6.0,2649.439754,172.62,1.4,-8.08,-25.92,-2.64,-9.0,1,6812
6.0,2649.449751,171.83,1.34,-8.04,-25.91,1.33,-8.0,1,7697
6.0,2649.459751,170.24,1.29,-7.35,-25.86,5.11,-6.25,1,7578
6.0,2649.469751,167.78,1.34,-5.52,-25.84,8.18,-3.75,1,7454
6.0,2649.479751,164.88,1.38,-2.28,-25.76,10.09,-0.75,1,7332
6.0,2649.489751,161.54,1.52,1.02,-25.7,10.59,2.5,1,7197
6.0,2649.499751,157.94,1.63,4.72,-25.64,9.6,5.75,1,7069
6.0,2649.509751,155.74,1.76,8.61,-25.54,7.26,7.25,1,6932
6.0,2649.519753,154.69,1.78,12.46,-25.46,3.91,8.5,1,6808
6.0,2649.529751,154.25,1.75,14.02,-25.45,0.0,9.0,1,7701
6.0,2649.539751,154.69,1.93,13.26,-25.43,-3.91,8.5,1,7574
6.0,2649.549751,156.09,1.91,12.97,-25.43,-7.26,7.0,1,7455
6.0,2649.559751,158.29,1.73,11.14,-25.51,-9.6,4.75,1,7337
6.0,2649.569751,160.93,1.73,8.68,-25.58,-10.59,2.25,1,7203
6.0,2649.579751,164.09,1.7,5.73,-25.63,-10.09,-1.0,1,7073
6.0,2649.589751,166.99,1.5,2.15,-25.69,-8.18,-3.75,1,6937
6.0,2649.599754,168.75,1.39,-1.61,-25.77,-5.11,-5.25,1,6821
6.0,2649.609751,169.37,1.46,-4.45,-25.84,-1.33,-6.25,1,7699
6.0,2649.619751,169.98,1.53,-4.98,-25.87,2.64,-6.5,1,7570
6.0,2649.629751,169.8,1.34,-4.79,-25.83,6.24,-5.75,1,7463
6.0,2649.639751,168.31,1.28,-4.43,-25.83,8.96,-4.25,1,7333
6.0,2649.649751,166.11,1.41,-3.47,-25.83,10.42,-2.25,1,7197
6.0,2649.659751,163.39,1.46,-0.96,-25.76,10.42,0.75,1,7070
6.0,2649.669751,160.05,1.56,2.48,-25.68,8.96,3.25,1,6936
6.0,2649.679754,158.55,1.69,5.94,-25.6,6.24,4.5,1,6817
6.0,2649.689751,158.38,1.66,9.34,-25.52,2.64,4.75,1,7703
6.0,2649.699751,158.99,1.64,10.45,-25.51,-1.33,4.25,1,7574
6.0,2649.709751,160.31,1.76,8.82,-25.56,-5.11,2.75,1,7459
6.0,2649.719751,162.69,1.67,6.86,-25.61,-8.18,0.5,1,7337
6.0,2649.729751,165.23,1.58,4.34,-25.66,-10.09,-2.25,1,7201
6.0,2649.739751,168.4,1.51,1.44,-25.71,-10.59,-5.25,1,7074
6.0,2649.749751,171.12,1.42,-2.02,-25.78,-9.6,-8.0,1,6937
6.0,2649.759754,172.71,1.34,-5.78,-25.84,-7.26,-9.5,1,6822
6.0,2649.769751,173.23,1.33,-8.5,-25.92,-3.91,-10.0,1,7700
6.0,2649.779751,173.23,1.37,-9.03,-25.93,0.0,-9.5,1,7570
6.0,2649.789751,172.09,1.3,-8.31,-25.86,3.91,-8.25,1,7463
6.0,2649.799751,170.07,1.29,-7.29,-25.86,7.26,-6.25,1,7333
6.0,2649.809751,167.34,1.32,-5.4,-25.84,9.6,-3.25,1,7197
6.0,2649.819751,164.36,1.4,-1.75,-25.76,10.59,-0.25,1,7070
6.0,2649.829751,160.75,1.55,1.78,-25.69,10.09,3.25,1,6934
6.0,2649.839753,156.88,1.66,5.66,-25.61,8.18,6.5,1,6817
6.0,2649.849751,154.86,1.78,9.71,-25.52,5.11,8.5,1,7702
6.0,2649.859751,153.98,1.81,13.6,-25.43,1.33,9.25,1,7575
6.0,2649.869751,154.42,1.79,15.17,-25.4,-2.64,8.75,1,7456
6.0,2649.879751,155.65,1.89,13.65,-25.42,-6.24,7.5,1,7320
6.0,2649.889751,157.59,1.83,11.87,-25.48,-8.96,5.5,1,7204
6.0,2649.899751,160.31,1.75,9.37,-25.56,-10.42,3.0,1,7075
6.0,2649.909751,163.3,1.66,6.5,-25.62,-10.42,-0.25,1,6939
6.0,2649.919754,166.03,1.56,3.18,-25.68,-8.96,-3.0,1,6839
6.0,2649.929751,167.52,1.47,-0.61,-25.76,-6.24,-4.5,1,7699
6.0,2649.939751,168.4,1.47,-3.47,-25.81,-2.64,-5.0,1,7571
6.0,2649.949751,168.31,1.54,-4.0,-25.83,1.33,-4.25,1,7464
6.0,2649.959751,166.9,1.4,-3.56,-25.81,5.11,-3.0,1,7333
6.0,2649.969751,164.79,1.43,-2.35,-25.79,8.18,-1.0,1,7197
6.0,2649.979751,162.25,1.48,0.19,-25.72,10.09,1.75,1,7070
6.0,2649.989754,159.26,1.57,3.31,-25.65,10.59,4.75,1,6938
6.0,2649.999752,155.83,1.71,6.77,-25.58,9.6,7.75,1,6834
6.0,2650.009751,153.98,1.81,10.55,-25.49,7.26,9.25,1,7703
6.0,2650.019751,153.37,1.82,14.16,-25.41,3.91,9.75,1,7575
6.0,2650.029751,153.81,1.81,15.55,-25.38,0.0,9.25,1,7457
6.0,2650.039751,155.13,1.92,13.96,-25.41,-3.91,8.0,1,7321
6.0,2650.049751,157.06,1.86,12.3,-25.47,-7.26,6.0,1,7195
6.0,2650.059751,159.7,1.77,9.89,-25.55,-9.6,3.5,1,7074
6.0,2650.069750,162.77,1.67,7.01,-25.6,-10.59,0.25,1,6930
6.0,2650.079754,165.85,1.58,3.62,-25.67,-10.09,-2.75,1,6841
6.0,2650.089751,168.22,1.47,-0.08,-25.74,-8.18,-5.0,1,7700
6.0,2650.099751,169.45,1.43,-3.38,-25.8,-5.11,-6.25,1,7571
6.0,2650.109751,169.72,1.49,-5.37,-25.84,-1.33,-6.25,1,7461
6.0,2650.119751,169.54,1.44,-5.36,-25.85,2.64,-5.75,1,7325
6.0,2650.129751,167.96,1.37,-4.45,-25.81,6.24,-4.0,1,7198
6.0,2650.139751,165.76,1.39,-3.19,-25.79,8.96,-1.75,1,7070
6.0,2650.149754,163.12,1.43,-0.68,-25.74,10.42,1.0,1,6938
6.0,2650.159751,159.7,1.57,2.83,-25.66,10.42,4.25,1,6837
6.0,2650.169751,156.18,1.7,6.35,-25.59,8.96,7.25,1,7695
6.0,2650.179751,154.25,1.8,10.14,-25.5,6.24,8.75,1,7576
6.0,2650.189751,153.81,1.81,13.79,-25.41,2.64,9.25,1,7457
6.0,2650.199751,154.25,1.79,15.2,-25.39,-1.33,8.75,1,7321
6.0,2650.209751,155.65,1.9,13.6,-25.41,-5.11,7.5,1,7196
6.0,2650.219751,157.68,1.83,11.78,-25.48,-8.18,5.5,1,7075
6.0,2650.229750,160.4,1.75,9.28,-25.55,-10.09,2.75,1,6930
6.0,2650.239754,163.48,1.65,6.34,-25.61,-10.59,-0.25,1,6842
6.0,2650.249751,166.38,1.55,2.98,-25.68,-9.6,-3.25,1,7700
6.0,2650.259751,167.96,1.45,-0.85,-25.75,-7.26,-4.75,1,7572
6.0,2650.269751,168.75,1.46,-3.78,-25.81,-3.91,-5.25,1,7462
6.0,2650.279751,168.66,1.53,-4.46,-25.83,-0.0,-4.75,1,7325
6.0,2650.289751,167.34,1.39,-3.99,-25.81,3.91,-3.25,1,7198
6.0,2650.299751,165.41,1.42,-2.71,-25.79,7.26,-1.25,1,7071
6.0,2650.309754,162.69,1.47,-0.33,-25.73,9.6,1.25,1,6937
6.0,2650.319754,159.79,1.57,2.96,-25.65,10.59,4.25,1,6837
6.0,2650.329751,156.27,1.69,6.39,-25.58,10.09,7.25,1,7696
6.0,2650.339751,154.34,1.8,10.05,-25.49,8.18,8.75,1,7576
6.0,2650.349751,153.81,1.81,13.7,-25.42,5.11,9.25,1,7449
6.0,2650.359751,154.25,1.79,15.17,-25.39,1.33,9.0,1,7321
6.0,2650.369751,155.48,1.89,13.63,-25.41,-2.64,7.75,1,7194
6.0,2650.379751,157.32,1.84,11.9,-25.47,-6.24,5.75,1,7067
6.0,2650.389752,160.05,1.76,9.54,-25.55,-8.96,3.25,1,6932
6.0,2650.399754,163.04,1.66,6.72,-25.6,-10.42,-0.0,1,6842
6.0,2650.409751,166.55,1.58,3.43,-25.67,-10.42,-3.25,1,7701
6.0,2650.419751,169.63,1.48,-0.38,-25.74,-8.96,-6.5,1,7572
6.0,2650.429751,171.39,1.33,-4.38,-25.8,-6.24,-8.25,1,7454
6.0,2650.439751,172.27,1.35,-7.42,-25.87,-2.64,-8.75,1,7326
6.0,2650.449751,172.27,1.44,-8.13,-25.9,1.33,-8.25,1,7201
6.0,2650.459751,171.04,1.3,-7.78,-25.86,5.11,-7.25,1,7071
6.0,2650.469753,169.01,1.26,-6.53,-25.82,8.18,-5.0,1,6938
6.0,2650.479754,166.46,1.35,-4.08,-25.78,10.09,-2.25,1,6838
6.0,2650.489751,163.21,1.46,-0.73,-25.72,10.59,0.75,1,7699
6.0,2650.499751,159.61,1.59,2.86,-25.65,9.6,3.75,1,7569
6.0,2650.509751,157.85,1.7,6.64,-25.57,7.26,5.25,1,7458
6.0,2650.519751,157.24,1.7,10.36,-25.49,3.91,6.0,1,7322
6.0,2650.529751,157.59,1.67,11.79,-25.47,-0.0,5.75,1,7194
6.0,2650.539751,158.73,1.77,10.32,-25.5,-3.91,4.5,1,7067
6.0,2650.549752,160.4,1.73,8.78,-25.55,-7.26,2.75,1,6933
6.0,2650.559754,162.86,1.67,6.58,-25.6,-9.6,0.25,1,6842
6.0,2650.569751,166.03,1.58,3.81,-25.65,-10.59,-2.75,1,7703
6.0,2650.579751,168.66,1.46,0.53,-25.71,-10.09,-5.5,1,7574
6.0,2650.589751,170.16,1.37,-3.1,-25.78,-8.18,-7.0,1,7454
6.0,2650.599751,170.77,1.41,-5.87,-25.85,-5.11,-7.25,1,7327
6.0,2650.609751,170.77,1.48,-6.41,-25.88,-1.33,-6.75,1,7199
6.0,2650.619751,169.28,1.34,-5.96,-25.82,2.64,-5.25,1,7071
6.0,2650.629753,167.08,1.33,-4.71,-25.79,6.24,-3.25,1,6938
6.0,2650.639754,164.44,1.41,-2.06,-25.74,8.96,-0.5,1,6837
6.0,2650.649751,161.28,1.53,1.25,-25.68,10.42,2.75,1,7697
6.0,2650.659751,157.85,1.64,4.71,-25.62,10.42,5.75,1,7570
6.0,2650.669751,155.83,1.75,8.54,-25.53,8.96,7.25,1,7458
6.0,2650.679751,155.13,1.77,12.29,-25.44,6.24,8.0,1,7322
6.0,2650.689751,155.39,1.75,13.8,-25.43,2.64,7.75,1,7195
6.0,2650.699751,156.36,1.86,12.45,-25.44,-1.33,6.75,1,7067
6.0,2650.709751,158.03,1.82,11.0,-25.48,-5.11,5.0,1,6932
6.0,2650.719754,160.58,1.73,8.88,-25.55,-8.18,2.75,1,6841
6.0,2650.729751,163.39,1.64,6.27,-25.6,-10.09,-0.25,1,7701
6.0,2650.739751,166.82,1.55,3.06,-25.66,-10.59,-3.75,1,7574
6.0,2650.749751,169.72,1.43,-0.52,-25.73,-9.6,-6.75,1,7455
6.0,2650.759751,171.56,1.34,-4.49,-25.8,-7.26,-8.25,1,7318
6.0,2650.769751,172.35,1.36,-7.48,-25.87,-3.91,-9.0,1,7203
6.0,2650.779751,172.44,1.44,-8.1,-25.9,0.0,-8.5,1,7072
6.0,2650.789753,171.04,1.3,-7.65,-25.85,3.91,-7.25,1,6929
6.0,2650.799754,169.19,1.26,-6.61,-25.83,7.26,-5.25,1,6837
6.0,2650.809751,166.55,1.34,-4.24,-25.79,9.6,-2.5,1,7699
6.0,2650.819751,163.48,1.45,-0.87,-25.71,10.59,0.75,1,7570
6.0,2650.829751,159.79,1.6,2.71,-25.65,10.09,3.5,1,7460
6.0,2650.839751,157.94,1.69,6.47,-25.57,8.18,5.25,1,7323
6.0,2650.849751,157.32,1.69,10.17,-25.49,5.11,5.75,1,7195
6.0,2650.859751,157.59,1.67,11.66,-25.47,1.33,5.5,1,7068
6.0,2650.869754,158.73,1.77,10.22,-25.5,-2.64,4.5,1,6936
6.0,2650.879751,160.49,1.73,8.68,-25.54,-6.24,2.75,1,6833
6.0,2650.889751,162.95,1.67,6.6,-25.59,-8.96,0.25,1,7692
6.0,2650.899751,165.85,1.58,3.87,-25.65,-10.42,-2.75,1,7574
6.0,2650.909751,168.84,1.46,0.6,-25.71,-10.42,-5.75,1,7456
6.0,2650.919751,171.21,1.38,-3.02,-25.78,-8.96,-8.0,1,7319
6.0,2650.929751,172.18,1.35,-6.38,-25.84,-6.24,-9.0,1,7194
6.0,2650.939751,172.71,1.39,-8.11,-25.89,-2.64,-9.0,1,7072
6.0,2650.949751,172.09,1.34,-8.09,-25.89,1.33,-8.0,1,6928
6.0,2650.959754,170.33,1.29,-7.36,-25.84,5.11,-6.25,1,7827
6.0,2650.969751,167.78,1.33,-5.57,-25.81,8.18,-3.75,1,7700
6.0,2650.979751,164.97,1.37,-2.42,-25.74,10.09,-1.0,1,7570
6.0,2650.989751,161.54,1.52,0.93,-25.68,10.59,2.5,1,7460
6.0,2650.999751,157.94,1.63,4.62,-25.61,9.6,5.5,1,7324
6.0,2651.009751,155.92,1.75,8.49,-25.52,7.26,7.25,1,7196
6.0,2651.019751,154.78,1.77,12.37,-25.43,3.91,8.25,1,7068
6.0,2651.029751,154.34,1.75,13.92,-25.42,0.0,8.75,1,6933
6.0,2651.039751,154.86,1.92,13.13,-25.41,-3.91,8.25,1,7820
6.0,2651.049751,156.27,1.9,12.88,-25.41,-7.26,7.0,1,7695
6.0,2651.059751,158.2,1.73,11.13,-25.49,-9.6,5.0,1,7575
6.0,2651.069751,160.84,1.72,8.76,-25.56,-10.59,2.25,1,7456
6.0,2651.079751,163.92,1.69,5.87,-25.6,-10.09,-0.75,1,7320
6.0,2651.089751,166.82,1.5,2.33,-25.67,-8.18,-3.75,1,7192
6.0,2651.099751,168.4,1.39,-1.37,-25.74,-5.11,-5.25,1,7064
6.0,2651.109751,169.19,1.47,-4.2,-25.81,-1.33,-6.0,1,6928
6.0,2651.119754,169.8,1.54,-4.84,-25.84,2.64,-6.25,1,7828
6.0,2651.129751,169.63,1.36,-4.65,-25.8,6.24,-5.75,1,7701
6.0,2651.139751,168.13,1.28,-4.23,-25.8,8.96,-4.25,1,7570
6.0,2651.149751,165.94,1.41,-3.35,-25.81,10.42,-2.0,1,7461
6.0,2651.159751,163.3,1.45,-0.9,-25.73,10.42,0.75,1,7324
6.0,2651.169751,159.87,1.56,2.59,-25.65,8.96,3.25,1,7196
6.0,2651.179751,158.55,1.69,6.1,-25.57,6.24,4.75,1,7060
6.0,2651.189751,158.03,1.67,9.53,-25.5,2.64,5.0,1,6933
6.0,2651.199751,158.73,1.63,10.71,-25.48,-1.33,4.25,1,7824
6.0,2651.209751,160.22,1.75,9.11,-25.53,-5.11,3.0,1,7693
6.0,2651.219751,162.33,1.68,7.19,-25.58,-8.18,0.75,1,7575
6.0,2651.229751,164.88,1.6,4.73,-25.63,-10.09,-1.75,1,7457
6.0,2651.239751,168.13,1.52,1.83,-25.69,-10.59,-4.75,1,7320
6.0,2651.249751,170.86,1.43,-1.62,-25.75,-9.6,-7.75,1,7193
6.0,2651.259751,172.35,1.36,-5.38,-25.81,-7.26,-9.25,1,7065
6.0,2651.269751,172.88,1.34,-8.13,-25.89,-3.91,-9.5,1,6929
6.0,2651.279754,172.79,1.37,-8.66,-25.91,-0.0,-9.0,1,7828
6.0,2651.289751,171.3,1.3,-7.91,-25.85,3.91,-7.25,1,7700
6.0,2651.299751,169.19,1.31,-6.58,-25.84,7.26,-5.25,1,7570
6.0,2651.309751,166.38,1.34,-4.29,-25.8,9.6,-2.25,1,7453
6.0,2651.319751,163.12,1.43,-0.71,-25.71,10.59,0.75,1,7325
6.0,2651.329751,159.52,1.6,2.99,-25.64,10.09,4.25,1,7198
6.0,2651.339751,156.53,1.7,6.88,-25.56,8.18,6.75,1,7061
6.0,2651.349751,155.21,1.77,10.87,-25.48,5.11,8.0,1,6933
6.0,2651.359754,154.86,1.78,13.56,-25.42,1.33,8.25,1,7824
6.0,2651.369751,155.65,1.81,13.58,-25.42,-2.64,7.75,1,7694
6.0,2651.379751,156.97,1.86,12.21,-25.44,-6.24,6.25,1,7566
6.0,2651.389751,159.08,1.78,10.32,-25.5,-8.96,4.0,1,7456
6.0,2651.399751,161.72,1.7,7.84,-25.57,-10.42,1.25,1,7321
6.0,2651.409751,165.06,1.6,4.81,-25.63,-10.42,-1.75,1,7194
6.0,2651.419751,167.87,1.49,1.34,-25.7,-8.96,-4.75,1,7057
6.0,2651.429751,169.45,1.42,-2.37,-25.76,-6.24,-6.25,1,6929
6.0,2651.439754,170.33,1.43,-5.32,-25.83,-2.64,-7.25,1,7829
6.0,2651.449751,170.95,1.46,-5.89,-25.86,1.33,-7.25,1,7701
6.0,2651.459751,170.6,1.33,-5.68,-25.81,5.11,-6.75,1,7571
6.0,2651.469751,168.93,1.23,-5.77,-25.82,8.18,-5.0,1,7452
6.0,2651.479751,166.64,1.4,-4.42,-25.83,10.09,-2.75,1,7317
6.0,2651.489751,163.74,1.43,-1.31,-25.72,10.59,0.25,1,7198
6.0,2651.499751,160.4,1.53,2.06,-25.66,9.6,2.75,1,7062
6.0,2651.509751,158.91,1.69,5.75,-25.58,7.26,4.25,1,6933
6.0,2651.519754,158.29,1.66,9.17,-25.5,3.91,4.75,1,7824
6.0,2651.529751,158.99,1.61,10.54,-25.49,-0.0,4.25,1,7697
6.0,2651.539751,160.22,1.74,8.93,-25.52,-3.91,3.0,1,7567
6.0,2651.549751,162.16,1.67,7.15,-25.57,-7.26,1.0,1,7456
6.0,2651.559751,164.88,1.59,4.77,-25.63,-9.6,-1.75,1,7321
6.0,2651.569751,167.78,1.53,1.97,-25.68,-10.59,-4.75,1,7194
6.0,2651.579751,170.6,1.44,-1.43,-25.74,-10.09,-7.5,1,7058
6.0,2651.589751,172.18,1.36,-5.15,-25.81,-8.18,-9.0,1,6929
6.0,2651.599754,172.62,1.34,-7.87,-25.88,-5.11,-9.25,1,7820
6.0,2651.609751,172.62,1.37,-8.36,-25.9,-1.33,-8.75,1,7699
6.0,2651.619751,171.12,1.3,-7.66,-25.84,2.64,-7.25,1,7571
6.0,2651.629751,168.93,1.29,-6.37,-25.82,6.24,-5.0,1,7452
6.0,2651.639751,166.2,1.35,-4.02,-25.78,8.96,-2.25,1,7316
6.0,2651.649751,162.95,1.45,-0.53,-25.7,10.42,1.0,1,7199
6.0,2651.659751,159.35,1.6,3.16,-25.63,10.42,4.25,1,7063
6.0,2651.669751,156.45,1.7,7.03,-25.55,8.96,6.75,1,6934
6.0,2651.679754,154.95,1.77,10.95,-25.47,6.24,8.25,1,7825
6.0,2651.689751,154.78,1.79,13.64,-25.41,2.64,8.5,1,7697
6.0,2651.699751,155.39,1.82,13.85,-25.4,-1.33,7.75,1,7567
6.0,2651.709751,156.62,1.85,12.49,-25.43,-5.11,6.25,1,7448
6.0,2651.719751,158.91,1.78,10.53,-25.49,-8.18,4.25,1,7321
6.0,2651.729751,161.54,1.71,8.09,-25.56,-10.09,1.5,1,7194
6.0,2651.739751,164.79,1.62,5.15,-25.61,-10.59,-1.75,1,7059
6.0,2651.749751,167.43,1.5,1.72,-25.68,-9.6,-4.25,1,6931
6.0,2651.759754,169.19,1.42,-2.12,-25.75,-7.26,-6.0,1,7821
6.0,2651.769751,169.89,1.42,-5.07,-25.82,-3.91,-6.5,1,7700
6.0,2651.779751,170.07,1.47,-5.61,-25.84,0.0,-6.25,1,7571
6.0,2651.789751,168.84,1.39,-5.09,-25.8,3.91,-5.0,1,7453
6.0,2651.799751,166.99,1.34,-4.19,-25.79,7.26,-3.0,1,7317
6.0,2651.809751,164.27,1.43,-2.18,-25.75,9.6,-0.25,1,7190
6.0,2651.819751,161.28,1.51,1.32,-25.66,10.59,2.75,1,7063
6.0,2651.829751,158.03,1.66,4.69,-25.6,10.09,5.5,1,6936
6.0,2651.839751,156.01,1.74,8.33,-25.51,8.18,7.25,1,7826
6.0,2651.849751,155.48,1.75,12.02,-25.44,5.11,7.75,1,7698
6.0,2651.859752,156.01,1.74,13.44,-25.42,1.33,7.25,1,7569
6.0,2651.869751,157.06,1.83,11.94,-25.44,-2.64,6.25,1,7449
6.0,2651.879751,158.99,1.79,10.37,-25.48,-6.24,4.25,1,7322
6.0,2651.889751,161.46,1.7,8.08,-25.55,-8.96,1.75,1,7194
6.0,2651.899751,164.36,1.61,5.31,-25.61,-10.42,-1.25,1,7059
6.0,2651.909751,167.87,1.52,2.05,-25.67,-10.42,-4.75,1,6932
6.0,2651.919751,170.95,1.42,-1.68,-25.73,-8.96,-7.75,1,7821
6.0,2651.929751,172.71,1.34,-5.7,-25.8,-6.24,-9.5,1,7694
6.0,2651.939751,173.41,1.34,-8.64,-25.88,-2.64,-10.0,1,7572
6.0,2651.949751,173.58,1.36,-9.32,-25.9,1.33,-9.75,1,7453
6.0,2651.959751,172.35,1.28,-8.7,-25.84,5.11,-8.5,1,7317
6.0,2651.969751,170.42,1.27,-7.82,-25.83,8.18,-6.5,1,7190
6.0,2651.979751,167.7,1.31,-5.68,-25.81,10.09,-3.75,1,7063
6.0,2651.989751,164.71,1.39,-2.16,-25.73,10.59,-0.75,1,6927
6.0,2651.999754,161.28,1.54,1.4,-25.66,9.6,2.75,1,7827
6.0,2652.009751,158.2,1.64,5.2,-25.58,7.26,5.0,1,7698
6.0,2652.019751,156.88,1.71,8.96,-25.5,3.91,6.25,1,7568
6.0,2652.029751,156.8,1.72,11.62,-25.45,0.0,6.5,1,7450
6.0,2652.039751,157.41,1.75,11.89,-25.44,-3.91,5.75,1,7322
6.0,2652.049751,158.99,1.78,10.22,-25.49,-7.26,4.25,1,7195
6.0,2652.059751,161.1,1.72,8.31,-25.54,-9.6,2.0,1,7059
6.0,2652.069751,163.83,1.63,5.82,-25.6,-10.59,-0.75,1,6932
6.0,2652.079751,166.9,1.54,2.8,-25.66,-10.09,-3.75,1,7823
6.0,2652.089751,169.8,1.44,-0.61,-25.71,-8.18,-6.75,1,7691
6.0,2652.099751,171.39,1.33,-4.42,-25.78,-5.11,-8.25,1,7573
6.0,2652.109751,171.74,1.36,-7.15,-25.85,-1.33,-8.5,1,7454
6.0,2652.119763,171.74,1.45,-7.6,-25.87,2.64,-7.75,1,7331
6.0,2652.129763,170.33,1.32,-6.79,-25.82,6.24,-6.25,1,7203
6.0,2652.139764,167.96,1.3,-5.46,-25.8,8.96,-4.0,1,7077
6.0,2652.149764,165.23,1.4,-3.16,-25.76,10.42,-1.25,1,6941
6.0,2652.159766,161.98,1.48,0.51,-25.67,10.42,2.0,1,7839
6.0,2652.169763,158.47,1.62,4.14,-25.61,8.96,5.0,1,7709
6.0,2652.179764,156.45,1.73,7.94,-25.52,6.24,6.75,1,7591
6.0,2652.189764,155.92,1.74,11.75,-25.43,2.64,7.25,1,7464
6.0,2652.199763,156.36,1.73,13.21,-25.42,-1.33,6.75,1,7335
6.0,2652.209763,157.68,1.8,11.6,-25.44,-5.11,5.5,1,7211
6.0,2652.219764,159.7,1.77,9.87,-25.49,-8.18,3.5,1,7072
6.0,2652.229764,162.07,1.69,7.5,-25.55,-10.09,1.0,1,6945
6.0,2652.239766,165.23,1.61,4.59,-25.61,-10.59,-2.0,1,7835
6.0,2652.249763,168.05,1.49,1.19,-25.69,-9.6,-4.75,1,7707
6.0,2652.259764,169.45,1.39,-2.4,-25.75,-7.26,-6.25,1,7596
6.0,2652.269764,169.98,1.43,-5.29,-25.82,-3.91,-6.75,1,7468
6.0,2652.279767,170.16,1.47,-5.85,-25.85,-0.0,-6.25,1,7335
6.0,2652.289763,168.84,1.38,-5.17,-25.8,3.91,-5.0,1,7207
6.0,2652.299763,166.82,1.35,-4.15,-25.78,7.26,-2.75,1,7076
6.0,2652.309764,164.09,1.43,-2.04,-25.74,9.6,-0.25,1,6950
6.0,2652.319767,161.1,1.52,1.58,-25.65,10.59,3.0,1,7840
6.0,2652.329763,157.5,1.66,5.06,-25.59,10.09,6.0,1,7709
6.0,2652.339763,155.57,1.76,8.8,-25.5,8.18,7.75,1,7591
6.0,2652.349764,154.86,1.77,12.63,-25.42,5.11,8.25,1,7464
6.0,2652.359764,155.21,1.76,14.08,-25.39,1.33,8.0,1,7328
6.0,2652.369763,156.27,1.86,12.64,-25.41,-2.64,6.75,1,7211
6.0,2652.379763,158.03,1.81,11.13,-25.46,-6.24,5.0,1,7072
6.0,2652.389764,160.49,1.73,8.94,-25.53,-8.96,2.5,1,6954
6.0,2652.399767,163.48,1.65,6.24,-25.58,-10.42,-0.25,1,7836
6.0,2652.409763,166.82,1.53,2.98,-25.64,-10.42,-3.75,1,7705
6.0,2652.419763,169.8,1.43,-0.63,-25.71,-8.96,-6.75,1,7587
6.0,2652.429764,171.65,1.34,-4.59,-25.78,-6.24,-8.5,1,7472
6.0,2652.439764,172.35,1.34,-7.59,-25.85,-2.64,-9.0,1,7332
6.0,2652.449763,172.44,1.42,-8.18,-25.87,1.33,-8.5,1,7204
6.0,2652.459763,170.95,1.3,-7.64,-25.83,5.11,-7.0,1,7068
6.0,2652.469764,168.84,1.26,-6.49,-25.8,8.18,-5.0,1,6950
6.0,2652.479767,166.11,1.35,-4.04,-25.76,10.09,-2.25,1,7841
6.0,2652.489763,162.95,1.46,-0.52,-25.68,10.59,1.0,1,7710
6.0,2652.499763,159.26,1.59,3.14,-25.62,9.6,4.0,1,7591
6.0,2652.509764,157.32,1.7,6.99,-25.53,7.26,5.75,1,7465
6.0,2652.519764,156.71,1.71,10.8,-25.46,3.91,6.5,1,7328
6.0,2652.529766,157.06,1.69,12.29,-25.43,-0.0,6.25,1,7212
6.0,2652.539763,158.12,1.79,10.84,-25.46,-3.91,5.0,1,7073
6.0,2652.549763,160.05,1.75,9.36,-25.5,-7.26,3.25,1,6971
6.0,2652.559767,162.42,1.68,7.1,-25.56,-9.6,0.75,1,7837
6.0,2652.569764,165.32,1.6,4.46,-25.62,-10.59,-2.25,1,7707
6.0,2652.579763,168.05,1.5,1.23,-25.69,-10.09,-5.0,1,7587
6.0,2652.589763,169.54,1.41,-2.48,-25.75,-8.18,-6.25,1,7463
6.0,2652.599764,170.07,1.42,-5.28,-25.81,-5.11,-6.75,1,7333
6.0,2652.609764,170.07,1.48,-5.76,-25.84,-1.33,-6.25,1,7205
6.0,2652.619763,168.93,1.37,-5.15,-25.79,2.64,-5.0,1,7068
6.0,2652.629763,166.9,1.35,-4.15,-25.78,6.24,-3.0,1,6979
6.0,2652.639768,164.27,1.43,-2.11,-25.73,8.96,-0.25,1,7833
6.0,2652.649764,161.19,1.51,1.43,-25.65,10.42,2.75,1,7705
6.0,2652.659766,157.76,1.66,4.83,-25.59,10.42,6.0,1,7594
6.0,2652.669763,154.78,1.75,8.55,-25.5,8.96,8.5,1,7455
6.0,2652.679764,153.46,1.81,12.45,-25.42,6.24,9.75,1,7329
6.0,2652.689764,153.37,1.84,15.08,-25.36,2.64,10.0,1,7201
6.0,2652.699763,154.07,1.88,15.25,-25.34,-1.33,9.25,1,7073
6.0,2652.709763,155.48,1.89,13.77,-25.38,-5.11,7.75,1,6974
6.0,2652.719768,157.76,1.85,11.77,-25.45,-8.18,5.5,1,7837
6.0,2652.729764,160.58,1.74,9.22,-25.52,-10.09,2.75,1,7707
6.0,2652.739766,163.74,1.63,6.12,-25.58,-10.59,-0.75,1,7590
6.0,2652.749763,166.73,1.54,2.71,-25.65,-9.6,-3.5,1,7451
6.0,2652.759764,168.4,1.44,-1.22,-25.72,-7.26,-5.25,1,7334
6.0,2652.769764,169.28,1.43,-4.25,-25.78,-3.91,-5.75,1,7206
8.0,2654.789751,168.49,1.42,-1.85,-25.7,0.0,-5.25,1,7945
8.0,2654.799751,168.4,1.42,-4.08,-25.76,3.83,-5.25,1,7817
8.0,2654.809751,167.78,1.51,-3.96,-25.78,6.72,-4.0,1,7691
8.0,2654.819754,166.03,1.46,-2.73,-25.71,7.94,-2.0,1,7575
8.0,2654.829751,163.56,1.42,-1.09,-25.67,7.2,0.5,1,7438
8.0,2654.839754,161.02,1.51,1.55,-25.62,4.68,2.75,1,7310
8.0,2654.849751,159.35,1.64,5.22,-25.53,1.0,3.75,1,7180
8.0,2654.859751,159.26,1.66,8.12,-25.48,-2.93,4.0,1,7056
8.0,2654.869751,160.05,1.6,9.13,-25.46,-6.13,3.25,1,7941
8.0,2654.879754,161.46,1.69,8.1,-25.49,-7.82,1.5,1,7817
8.0,2654.889751,163.74,1.68,5.82,-25.55,-7.57,-0.75,1,7697
8.0,2654.899754,165.67,1.52,3.23,-25.61,-5.45,-2.75,1,7570
8.0,2654.909751,166.55,1.44,0.24,-25.67,-1.98,-3.25,1,7440
8.0,2654.919754,166.38,1.51,-1.93,-25.72,1.98,-3.25,1,7315
8.0,2654.929751,166.03,1.59,-1.94,-25.72,5.45,-2.0,1,7176
8.0,2654.939751,164.09,1.49,-0.76,-25.67,7.57,-0.25,1,7057
8.0,2654.949751,161.72,1.48,0.88,-25.63,7.82,2.25,1,7945
8.0,2654.959754,159.26,1.59,3.56,-25.6,6.13,4.75,1,7821
8.0,2654.969751,157.5,1.71,7.1,-25.49,2.93,5.75,1,7700
8.0,2654.979751,157.32,1.73,9.81,-25.43,-1.0,6.0,1,7574
8.0,2654.989751,158.03,1.64,10.86,-25.43,-4.68,5.25,1,7439
8.0,2654.999754,159.79,1.74,10.18,-25.45,-7.2,3.5,1,7311
8.0,2655.009751,161.72,1.73,7.78,-25.51,-7.94,1.25,1,7182
8.0,2655.019751,164.53,1.59,5.1,-25.56,-6.72,-1.25,1,7062
8.0,2655.029751,166.9,1.51,2.07,-25.64,-3.83,-3.75,1,7941
8.0,2655.039751,168.49,1.42,-1.27,-25.69,0.0,-5.25,1,7816
8.0,2655.049751,169.45,1.44,-3.81,-25.75,3.83,-6.25,1,7695
8.0,2655.059754,169.45,1.49,-4.53,-25.77,6.72,-6.0,1,7570
8.0,2655.069751,168.57,1.36,-4.71,-25.75,7.94,-4.75,1,7443
8.0,2655.079754,166.73,1.38,-3.75,-25.76,7.2,-2.75,1,7316
8.0,2655.089751,164.62,1.43,-1.99,-25.69,4.68,-0.75,1,7176
8.0,2655.099751,163.3,1.49,1.21,-25.6,1.0,-0.0,1,7058
8.0,2655.109751,163.39,1.54,3.94,-25.56,-2.93,-0.25,1,7946
8.0,2655.119754,164.27,1.47,4.73,-25.55,-6.13,-1.25,1,7821
8.0,2655.129751,165.94,1.54,3.85,-25.57,-7.82,-2.75,1,7701
8.0,2655.139754,168.13,1.55,1.32,-25.64,-7.57,-5.0,1,7575
8.0,2655.149751,170.07,1.39,-1.32,-25.68,-5.45,-7.0,1,7439
8.0,2655.159753,170.95,1.36,-4.22,-25.74,-1.98,-7.75,1,7311
8.0,2655.169751,170.95,1.38,-6.42,-25.8,1.98,-7.75,1,7181
8.0,2655.179751,170.16,1.41,-6.38,-25.81,5.45,-6.25,1,7065
8.0,2655.189751,168.4,1.35,-5.17,-25.75,7.57,-4.25,1,7942
8.0,2655.199754,165.85,1.34,-3.55,-25.7,7.82,-1.75,1,7818
8.0,2655.209751,163.3,1.46,-0.53,-25.65,6.13,0.5,1,7698
8.0,2655.219751,161.54,1.58,3.12,-25.58,2.93,1.75,1,7571
8.0,2655.229751,161.19,1.59,5.93,-25.51,-1.0,2.0,1,7432
8.0,2655.239754,161.89,1.53,7.11,-25.5,-4.68,1.25,1,7316
8.0,2655.249751,163.21,1.63,6.4,-25.52,-7.2,-0.25,1,7180
8.0,2655.259751,165.23,1.6,4.13,-25.58,-7.94,-2.25,1,7085
8.0,2655.269751,167.43,1.47,1.66,-25.64,-6.72,-4.25,1,7946
8.0,2655.279754,169.1,1.44,-1.21,-25.69,-3.83,-6.0,1,7822
8.0,2655.289751,169.54,1.41,-3.91,-25.74,-0.0,-6.25,1,7700
8.0,2655.299754,169.45,1.43,-5.05,-25.78,3.83,-6.0,1,7566
8.0,2655.309751,168.49,1.46,-4.45,-25.76,6.72,-4.75,1,7439
8.0,2655.319753,166.46,1.38,-3.37,-25.71,7.94,-2.5,1,7311
8.0,2655.329751,163.92,1.41,-1.68,-25.67,7.2,0.25,1,7181
8.0,2655.339751,161.1,1.52,1.59,-25.6,4.68,2.5,1,7082
8.0,2655.349751,159.26,1.64,5.18,-25.53,1.0,3.75,1,7942
8.0,2655.359751,159.35,1.67,8.12,-25.47,-2.93,4.0,1,7818
8.0,2655.369751,159.96,1.6,9.23,-25.46,-6.13,3.25,1,7696
8.0,2655.379751,161.46,1.7,8.19,-25.47,-7.82,1.75,1,7560
8.0,2655.389751,163.56,1.68,5.96,-25.54,-7.57,-0.5,1,7434
8.0,2655.399754,165.41,1.52,3.39,-25.61,-5.45,-2.25,1,7317
8.0,2655.409751,166.38,1.46,0.48,-25.66,-1.98,-3.25,1,7180
8.0,2655.419751,166.2,1.52,-1.71,-25.71,1.98,-3.0,1,7077
8.0,2655.429751,165.76,1.58,-1.74,-25.72,5.45,-1.75,1,7946
8.0,2655.439754,163.92,1.5,-0.5,-25.65,7.57,0.25,1,7823
8.0,2655.449751,161.46,1.49,1.11,-25.62,7.82,2.75,1,7700
8.0,2655.459754,159.08,1.59,3.69,-25.59,6.13,5.0,1,7567
8.0,2655.469751,157.24,1.72,7.31,-25.48,2.93,6.0,1,7440
8.0,2655.479753,157.06,1.74,10.06,-25.42,-1.0,6.25,1,7311
8.0,2655.489751,157.76,1.65,11.16,-25.42,-4.68,5.25,1,7182
8.0,2655.499751,159.35,1.75,10.44,-25.44,-7.2,3.75,1,7082
8.0,2655.509751,161.46,1.74,7.98,-25.49,-7.94,1.5,1,7943
8.0,2655.519754,164.18,1.59,5.35,-25.55,-6.72,-1.25,1,7818
8.0,2655.529751,166.55,1.51,2.37,-25.62,-3.83,-3.5,1,7696
8.0,2655.539751,167.78,1.43,-0.9,-25.68,-0.0,-4.75,1,7563
8.0,2655.549751,167.96,1.45,-3.51,-25.73,3.83,-4.75,1,7433
8.0,2655.559754,167.78,1.53,-3.61,-25.75,6.72,-3.75,1,7317
8.0,2655.569751,166.11,1.41,-2.66,-25.71,7.94,-2.25,1,7178
8.0,2655.579751,163.92,1.42,-1.3,-25.68,7.2,0.25,1,7076
8.0,2655.589751,161.63,1.53,1.12,-25.63,4.68,2.25,1,7938
8.0,2655.599751,160.05,1.63,4.69,-25.53,1.0,3.25,1,7822
8.0,2655.609751,160.14,1.63,7.25,-25.48,-2.93,3.25,1,7692
8.0,2655.619754,161.02,1.56,8.17,-25.47,-6.13,2.0,1,7568
8.0,2655.629751,162.69,1.65,7.29,-25.5,-7.82,0.25,1,7439
8.0,2655.639754,164.97,1.65,4.61,-25.57,-7.57,-2.0,1,7314
8.0,2655.649751,167.17,1.49,1.78,-25.62,-5.45,-4.0,1,7173
8.0,2655.659751,168.13,1.42,-1.28,-25.69,-1.98,-5.0,1,7082
8.0,2655.669751,168.05,1.47,-3.51,-25.75,1.98,-4.75,1,7942
8.0,2655.679754,167.78,1.5,-3.59,-25.75,5.45,-3.75,1,7818
8.0,2655.689751,166.11,1.41,-2.57,-25.69,7.57,-2.0,1,7696
8.0,2655.699754,163.56,1.43,-1.08,-25.67,7.82,0.25,1,7564
8.0,2655.709751,161.28,1.52,1.42,-25.62,6.13,2.75,1,7433
8.0,2655.719754,159.52,1.65,5.07,-25.52,2.93,3.75,1,7309
8.0,2655.729751,159.43,1.66,7.77,-25.47,-1.0,3.75,1,7181
8.0,2655.739751,160.14,1.58,8.91,-25.46,-4.68,3.0,1,7076
8.0,2655.749751,161.63,1.68,8.13,-25.48,-7.2,1.5,1,7938
8.0,2655.759754,163.74,1.68,5.74,-25.54,-7.94,-0.75,1,7823
8.0,2655.769751,166.2,1.52,3.2,-25.6,-6.72,-3.0,1,7701
8.0,2655.779754,167.7,1.43,0.15,-25.66,-3.83,-4.75,1,7568
8.0,2655.789751,168.31,1.45,-2.62,-25.71,0.0,-5.25,1,7440
8.0,2655.799754,168.13,1.48,-3.97,-25.75,3.83,-4.75,1,7313
8.0,2655.809751,167.26,1.44,-3.45,-25.74,6.72,-3.25,1,7174
8.0,2655.819751,165.06,1.44,-2.16,-25.68,7.94,-1.25,1,7082
8.0,2655.829751,162.51,1.45,-0.36,-25.63,7.2,1.5,1,7943
8.0,2655.839754,159.96,1.55,2.94,-25.57,4.68,4.0,1,7818
8.0,2655.849751,157.94,1.69,6.53,-25.5,1.0,5.25,1,7697
8.0,2655.859754,157.94,1.7,9.37,-25.43,-2.93,5.25,1,7564
8.0,2655.869751,158.82,1.63,10.51,-25.42,-6.13,4.25,1,7433
8.0,2655.879754,160.31,1.72,9.53,-25.45,-7.82,2.75,1,7310
8.0,2655.889751,162.69,1.69,6.93,-25.52,-7.57,0.5,1,7179
8.0,2655.899751,164.71,1.56,4.23,-25.57,-5.45,-1.75,1,7080
8.0,2655.909751,165.59,1.51,1.24,-25.63,-1.98,-2.5,1,7939
8.0,2655.919751,165.67,1.51,-1.04,-25.69,1.98,-2.25,1,7814
8.0,2655.929751,165.41,1.6,-1.19,-25.69,5.45,-1.5,1,7693
8.0,2655.939754,163.74,1.53,-0.03,-25.64,7.57,0.25,1,7570
8.0,2655.949751,161.46,1.5,1.26,-25.62,7.82,2.75,1,7439
8.0,2655.959754,159.26,1.6,3.48,-25.58,6.13,4.75,1,7313
8.0,2655.969751,157.76,1.7,7.13,-25.47,2.93,5.75,1,7174
8.0,2655.979751,157.32,1.73,9.75,-25.42,-1.0,5.75,1,7082
8.0,2655.989751,158.29,1.64,10.74,-25.42,-4.68,5.0,1,7944
8.0,2655.999754,159.7,1.74,10.03,-25.44,-7.2,3.25,1,7820
8.0,2656.009751,161.89,1.73,7.61,-25.5,-7.94,1.25,1,7698
8.0,2656.019754,164.71,1.59,4.97,-25.55,-6.72,-1.5,1,7564
8.0,2656.029751,167.08,1.5,1.96,-25.62,-3.83,-4.0,1,7437
8.0,2656.039754,168.66,1.43,-1.42,-25.68,0.0,-5.5,1,7309
8.0,2656.049751,169.54,1.44,-3.94,-25.74,3.83,-6.25,1,7179
8.0,2656.059751,169.54,1.47,-4.73,-25.76,6.72,-6.25,1,7080
8.0,2656.069751,168.75,1.35,-4.93,-25.74,7.94,-4.75,1,7939
8.0,2656.079751,166.9,1.38,-3.93,-25.75,7.2,-2.75,1,7821
8.0,2656.089751,164.71,1.43,-2.16,-25.68,4.68,-1.0,1,7693
8.0,2656.099751,163.3,1.49,1.08,-25.59,1.0,-0.25,1,7557
8.0,2656.109751,163.39,1.54,3.96,-25.55,-2.93,-0.25,1,7432
8.0,2656.119751,164.44,1.47,4.69,-25.53,-6.13,-1.25,1,7314
8.0,2656.129751,166.03,1.53,3.58,-25.56,-7.82,-3.0,1,7176
8.0,2656.139751,168.4,1.54,1.19,-25.63,-7.57,-5.25,1,7085
8.0,2656.149751,170.42,1.38,-1.58,-25.68,-5.45,-7.25,1,7944
8.0,2656.159754,171.21,1.33,-4.51,-25.73,-1.98,-8.25,1,7819
8.0,2656.169751,171.21,1.36,-6.73,-25.8,1.98,-8.0,1,7698
8.0,2656.179754,170.6,1.41,-6.72,-25.81,5.45,-6.75,1,7565
8.0,2656.189751,168.75,1.36,-5.5,-25.74,7.57,-4.75,1,7437
8.0,2656.199754,166.2,1.34,-3.97,-25.7,7.82,-2.25,1,7310
8.0,2656.209751,163.56,1.45,-1.15,-25.66,6.13,0.5,1,7179
8.0,2656.219751,161.19,1.55,2.65,-25.57,2.93,2.25,1,7081
8.0,2656.229751,159.96,1.63,5.79,-25.5,-1.0,3.25,1,7940
8.0,2656.239751,160.22,1.6,7.85,-25.47,-4.68,3.0,1,7815
8.0,2656.249751,161.37,1.62,8.36,-25.47,-7.2,1.75,1,7693
8.0,2656.259751,163.12,1.68,6.68,-25.51,-7.94,-0.0,1,7562
8.0,2656.269751,165.5,1.58,4.17,-25.57,-6.72,-2.25,1,7431
8.0,2656.279754,167.7,1.48,1.3,-25.63,-3.83,-4.5,1,7314
8.0,2656.289751,168.49,1.43,-1.9,-25.68,-0.0,-5.25,1,7175
8.0,2656.299751,168.4,1.41,-4.15,-25.74,3.83,-5.25,1,8063
8.0,2656.309751,168.05,1.5,-4.03,-25.76,6.72,-4.0,1,7936
8.0,2656.319754,166.03,1.47,-2.78,-25.69,7.94,-2.25,1,7821
8.0,2656.329751,163.65,1.42,-1.14,-25.65,7.2,0.25,1,7698
8.0,2656.339754,161.02,1.51,1.48,-25.6,4.68,2.75,1,7565
8.0,2656.349751,159.43,1.64,5.15,-25.51,1.0,3.75,1,7435
8.0,2656.359754,159.26,1.67,8.07,-25.46,-2.93,3.75,1,7301
8.0,2656.369751,160.05,1.6,9.07,-25.44,-6.13,3.0,1,7180
8.0,2656.379751,161.54,1.68,7.99,-25.47,-7.82,1.5,1,8071
8.0,2656.389751,163.83,1.68,5.73,-25.53,-7.57,-0.75,1,7940
8.0,2656.399754,165.76,1.52,3.15,-25.59,-5.45,-2.75,1,7816
8.0,2656.409751,166.64,1.44,0.15,-25.65,-1.98,-3.5,1,7694
8.0,2656.419751,166.55,1.5,-2.0,-25.7,1.98,-3.25,1,7561
8.0,2656.429751,166.03,1.59,-2.01,-25.7,5.45,-2.0,1,7431
8.0,2656.439751,164.18,1.48,-0.87,-25.65,7.57,-0.25,1,7306
8.0,2656.449751,161.63,1.48,0.78,-25.61,7.82,2.25,1,7175
8.0,2656.459751,159.17,1.59,3.53,-25.57,6.13,4.75,1,8063
8.0,2656.469751,157.59,1.7,7.11,-25.47,2.93,5.75,1,7936
8.0,2656.479754,157.24,1.73,9.84,-25.41,-1.0,6.0,1,7821
8.0,2656.489751,158.03,1.65,10.93,-25.4,-4.68,5.25,1,7699
8.0,2656.499751,159.61,1.74,10.27,-25.42,-7.2,3.75,1,7566
8.0,2656.509751,161.72,1.74,7.87,-25.48,-7.94,1.25,1,7436
8.0,2656.519751,164.0,1.59,5.2,-25.54,-6.72,-1.0,1,7302
8.0,2656.529751,165.67,1.5,2.21,-25.61,-3.83,-2.75,1,7171
8.0,2656.539751,166.29,1.48,-0.54,-25.66,0.0,-3.25,1,8071
8.0,2656.549751,166.03,1.56,-1.95,-25.69,3.83,-2.75,1,7941
8.0,2656.559754,165.23,1.56,-1.39,-25.67,6.72,-1.25,1,7816
8.0,2656.569751,163.3,1.48,-0.15,-25.62,7.94,0.75,1,7695
8.0,2656.579751,160.58,1.5,1.61,-25.58,7.2,3.5,1,7561
8.0,2656.589751,158.12,1.61,4.76,-25.53,4.68,5.75,1,7431
8.0,2656.599754,156.36,1.76,8.34,-25.45,1.0,6.75,1,7306
8.0,2656.609751,156.36,1.75,11.07,-25.39,-2.93,6.75,1,7176
8.0,2656.619751,157.32,1.68,12.01,-25.37,-6.13,6.0,1,8064
8.0,2656.629751,158.91,1.8,11.0,-25.38,-7.82,4.25,1,7938
8.0,2656.639751,161.19,1.75,8.49,-25.47,-7.57,2.0,1,7822
8.0,2656.649751,163.21,1.6,5.69,-25.53,-5.45,-0.25,1,7690
8.0,2656.659754,164.18,1.54,2.72,-25.59,-1.98,-1.25,1,7566
8.0,2656.669751,164.27,1.57,0.4,-25.64,1.98,-1.0,1,7435
8.0,2656.679751,164.0,1.62,0.17,-25.65,5.45,-0.0,1,7302
8.0,2656.689751,162.16,1.54,1.2,-25.61,7.57,1.75,1,7172
8.0,2656.699751,159.96,1.54,2.59,-25.57,7.82,4.0,1,8071
8.0,2656.709751,157.68,1.64,4.98,-25.53,6.13,6.25,1,7941
8.0,2656.719754,156.09,1.76,8.62,-25.43,2.93,7.75,1,7817
8.0,2656.729751,154.86,1.76,11.21,-25.38,-1.0,8.25,1,7695
8.0,2656.739751,155.13,1.73,12.39,-25.36,-4.68,8.25,1,7561
8.0,2656.749751,156.18,1.87,12.74,-25.32,-7.2,7.0,1,7431
8.0,2656.759754,158.03,1.8,11.77,-25.36,-7.94,5.0,1,7308
8.0,2656.769751,160.49,1.71,9.1,-25.46,-6.72,2.75,1,7176
8.0,2656.779751,162.6,1.66,6.36,-25.51,-3.83,0.25,1,8064
8.0,2656.789765,163.65,1.55,3.15,-25.57,0.0,-0.75,1,7952
8.0,2656.799766,163.83,1.54,0.82,-25.65,3.83,-0.75,1,7834
8.0,2656.809764,163.65,1.64,0.59,-25.65,6.72,0.25,1,7708
8.0,2656.819767,162.07,1.58,1.61,-25.59,7.94,2.0,1,7571
8.0,2656.829763,159.87,1.55,2.82,-25.57,7.2,4.25,1,7452
8.0,2656.839767,157.59,1.65,5.02,-25.53,4.68,6.25,1,7317
8.0,2656.849764,156.09,1.75,8.74,-25.43,1.0,7.25,1,7186
8.0,2656.859763,156.18,1.77,11.22,-25.37,-2.93,7.0,1,8082
8.0,2656.869764,157.41,1.68,12.03,-25.36,-6.13,5.75,1,7955
8.0,2656.879767,159.08,1.78,10.83,-25.38,-7.82,4.0,1,7831
8.0,2656.889763,161.54,1.75,8.18,-25.47,-7.57,1.5,1,7711
8.0,2656.899767,163.65,1.59,5.25,-25.54,-5.45,-0.75,1,7576
8.0,2656.909764,164.79,1.51,2.14,-25.6,-1.98,-1.75,1,7449
8.0,2656.919766,165.15,1.55,-0.15,-25.65,1.98,-2.0,1,7311
8.0,2656.929763,165.06,1.61,-0.43,-25.65,5.45,-1.75,1,7190
8.0,2656.939764,164.79,1.47,0.19,-25.62,7.57,-0.75,1,8082
8.0,2656.949763,163.04,1.45,0.73,-25.62,7.82,1.0,1,7950
8.0,2656.959766,161.1,1.57,1.89,-25.6,6.13,3.0,1,7826
8.0,2656.969764,159.43,1.62,4.26,-25.53,2.93,4.25,1,7708
8.0,2656.979766,158.55,1.66,7.25,-25.45,-1.0,4.75,1,7571
8.0,2656.989763,159.26,1.66,8.81,-25.42,-4.68,4.0,1,7440
8.0,2656.999767,160.66,1.64,8.97,-25.43,-7.2,2.5,1,7317
8.0,2657.009763,162.77,1.69,7.21,-25.48,-7.94,0.25,1,7186
8.0,2657.019766,165.15,1.62,4.24,-25.55,-6.72,-2.0,1,8085
8.0,2657.029764,166.64,1.47,1.28,-25.6,-3.83,-3.75,1,7959
8.0,2657.039770,167.61,1.47,-1.49,-25.67,-0.0,-4.5,1,7834
8.0,2657.049763,167.96,1.55,-2.82,-25.7,3.83,-4.75,1,7708
8.0,2657.059767,167.96,1.44,-2.97,-25.69,6.72,-4.25,1,7576
8.0,2657.069764,166.73,1.31,-2.69,-25.68,7.94,-2.75,1,7448
8.0,2657.079766,164.62,1.47,-1.72,-25.68,7.2,-0.5,1,7312
8.0,2657.089764,162.16,1.5,0.17,-25.63,4.68,1.5,1,7182
8.0,2657.099764,160.84,1.56,3.83,-25.52,1.0,2.25,1,8082
8.0,2657.109763,160.93,1.65,6.65,-25.47,-2.93,2.25,1,7950
8.0,2657.119767,161.89,1.55,7.49,-25.45,-6.13,1.25,1,7827
8.0,2657.129764,163.56,1.62,6.05,-25.49,-7.82,-0.25,1,7717
8.0,2657.139766,165.85,1.61,3.75,-25.56,-7.57,-2.75,1,7571
8.0,2657.149764,167.78,1.46,1.14,-25.61,-5.45,-4.75,1,7442
8.0,2657.159767,168.66,1.41,-1.9,-25.66,-1.98,-5.75,1,7317
8.0,2657.169763,168.75,1.43,-4.2,-25.72,1.98,-5.25,1,7186
8.0,2657.179763,168.22,1.48,-4.18,-25.75,5.45,-4.25,1,8077
8.0,2657.189764,166.38,1.45,-2.94,-25.68,7.57,-2.25,1,7956
8.0,2657.199766,163.92,1.42,-1.4,-25.64,7.82,0.25,1,7830
8.0,2657.209763,161.37,1.51,1.13,-25.6,6.13,2.25,1,7712
8.0,2657.219767,159.7,1.62,4.78,-25.5,2.93,3.5,1,7577
8.0,2657.229763,159.52,1.66,7.7,-25.44,-1.0,3.75,1,7445
8.0,2657.239766,160.22,1.59,8.85,-25.42,-4.68,2.75,1,7313
8.0,2657.249764,161.81,1.68,7.88,-25.45,-7.2,1.25,1,7183
8.0,2657.259763,163.83,1.67,5.6,-25.51,-7.94,-0.75,1,8082
8.0,2657.269763,166.55,1.52,3.04,-25.57,-6.72,-3.5,1,7951
8.0,2657.279767,169.01,1.43,-0.03,-25.62,-3.83,-5.75,1,7827
8.0,2657.289765,170.24,1.36,-3.36,-25.69,0.0,-7.0,1,7709
8.0,2657.299766,170.24,1.4,-5.81,-25.74,3.83,-7.0,1,7572
8.0,2657.309764,169.63,1.49,-5.96,-25.76,6.72,-5.75,1,7442
8.0,2657.319767,167.78,1.37,-4.88,-25.71,7.94,-3.75,1,7318
8.0,2657.329763,165.23,1.36,-3.11,-25.65,7.2,-1.25,1,7187
8.0,2657.339764,162.77,1.45,-0.09,-25.6,4.68,1.0,1,8075
8.0,2657.349764,161.02,1.58,3.64,-25.54,1.0,2.25,1,7951
8.0,2657.359766,160.93,1.62,6.37,-25.47,-2.93,2.25,1,7831
8.0,2657.369764,161.63,1.54,7.44,-25.45,-6.13,1.5,1,7710
8.0,2657.379767,162.95,1.64,6.72,-25.47,-7.82,0.25,1,7577
8.0,2657.389763,165.15,1.63,4.34,-25.53,-7.57,-2.0,1,7448
8.0,2657.399767,166.99,1.48,1.84,-25.59,-5.45,-4.0,1,7314
8.0,2657.409764,167.87,1.44,-1.06,-25.65,-1.98,-4.75,1,7183
8.0,2657.419763,167.87,1.48,-3.17,-25.7,1.98,-4.5,1,8082
8.0,2657.429763,167.43,1.51,-3.17,-25.71,5.45,-3.25,1,7952
8.0,2657.439767,165.5,1.4,-2.2,-25.65,7.57,-1.75,1,7828
8.0,2657.449763,163.21,1.43,-0.74,-25.62,7.82,0.75,1,7708
8.0,2657.459766,160.75,1.55,1.91,-25.58,6.13,3.25,1,7572
8.0,2657.469764,159.08,1.67,5.58,-25.49,2.93,4.25,1,7443
8.0,2657.479766,158.91,1.68,8.26,-25.42,-1.0,4.25,1,7317
8.0,2657.489763,159.7,1.6,9.48,-25.41,-4.68,3.5,1,7187
8.0,2657.499764,161.19,1.7,8.71,-25.43,-7.2,2.0,1,8076
8.0,2657.509763,163.39,1.69,6.15,-25.5,-7.94,-0.25,1,7947
8.0,2657.519766,165.67,1.54,3.59,-25.56,-6.72,-2.75,1,7840
8.0,2657.529764,167.26,1.48,0.72,-25.61,-3.83,-4.25,1,7712
8.0,2657.539769,167.96,1.47,-2.23,-25.66,0.0,-4.75,1,7579
8.0,2657.549763,167.96,1.48,-3.55,-25.7,3.83,-4.25,1,7449
8.0,2657.559767,167.08,1.44,-3.05,-25.7,6.72,-3.0,1,7314
8.0,2657.569764,165.06,1.4,-2.03,-25.64,7.94,-1.0,1,7184
8.0,2657.579763,162.51,1.46,-0.3,-25.6,7.2,1.5,1,8082
8.0,2657.589764,159.87,1.57,2.91,-25.53,4.68,3.75,1,7953
8.0,2657.599767,158.12,1.69,6.37,-25.47,1.0,5.0,1,7837
8.0,2657.609763,158.12,1.69,9.26,-25.4,-2.93,5.0,1,7709
8.0,2657.619767,158.99,1.63,10.34,-25.39,-6.13,4.25,1,7574
8.0,2657.629764,160.66,1.72,9.29,-25.41,-7.82,2.5,1,7443
8.0,2657.639766,162.95,1.68,6.67,-25.49,-7.57,0.25,1,7317
8.0,2657.649764,165.15,1.55,3.89,-25.54,-5.45,-2.0,1,7188
8.0,2657.659764,165.94,1.49,0.85,-25.6,-1.98,-3.0,1,8076
8.0,2657.669763,166.03,1.5,-1.45,-25.67,1.98,-2.75,1,7948
8.0,2657.679766,165.76,1.59,-1.56,-25.67,5.45,-1.75,1,7841
8.0,2657.689764,164.0,1.52,-0.48,-25.61,7.57,-0.0,1,7711
8.0,2657.699766,161.54,1.49,1.0,-25.59,7.82,2.5,1,7569
8.0,2657.709763,159.26,1.58,3.38,-25.55,6.13,4.75,1,7448
8.0,2657.719767,157.68,1.71,7.02,-25.45,2.93,5.75,1,7314
8.0,2657.729763,157.41,1.73,9.69,-25.38,-1.0,5.75,1,7192
8.0,2657.739763,158.12,1.64,10.69,-25.38,-4.68,5.0,1,8082
8.0,2657.749764,159.7,1.73,10.04,-25.41,-7.2,3.25,1,7953
8.0,2657.759766,161.89,1.73,7.63,-25.46,-7.94,1.25,1,7837
8.0,2657.769763,164.79,1.6,4.99,-25.52,-6.72,-1.5,1,7708
8.0,2657.779767,167.08,1.51,2.0,-25.59,-3.83,-4.0,1,7574
8.0,2657.789767,168.57,1.43,-1.37,-25.64,-0.0,-5.5,1,7448
8.0,2657.799766,169.54,1.44,-3.9,-25.7,3.83,-6.25,1,7309
8.0,2657.809764,169.54,1.47,-4.68,-25.73,6.72,-6.25,1,7188
8.0,2657.819764,168.75,1.36,-4.88,-25.71,7.94,-4.75,1,8076
8.0,2657.829763,166.82,1.38,-3.92,-25.71,7.2,-2.75,1,7951
8.0,2657.839767,164.71,1.43,-2.16,-25.65,4.68,-1.0,1,7834
8.0,2657.849764,163.21,1.49,1.04,-25.56,1.0,-0.25,1,7715
8.0,2657.859766,163.48,1.54,3.92,-25.52,-2.93,-0.25,1,7569
8.0,2657.869764,164.44,1.47,4.68,-25.5,-6.13,-1.25,1,7451
8.0,2657.879764,166.03,1.53,3.62,-25.53,-7.82,-3.0,1,7312
8.0,2657.889763,168.4,1.54,1.19,-25.59,-7.57,-5.25,1,7210
8.0,2657.899764,170.42,1.38,-1.56,-25.64,-5.45,-7.25,1,8084
8.0,2657.909764,171.21,1.34,-4.49,-25.7,-1.98,-8.25,1,7955
8.0,2657.919766,171.12,1.36,-6.72,-25.76,1.98,-8.0,1,7837
8.0,2657.929763,170.68,1.41,-6.75,-25.77,5.45,-6.75,1,7709
8.0,2657.939767,168.84,1.36,-5.52,-25.71,7.57,-4.75,1,7574
8.0,2657.949763,166.29,1.34,-3.99,-25.67,7.82,-2.25,1,7446
8.0,2657.959763,163.65,1.45,-1.2,-25.62,6.13,0.5,1,7306
8.0,2657.969764,161.19,1.55,2.61,-25.53,2.93,2.25,1,7215
8.0,2657.979763,160.14,1.63,5.75,-25.47,-1.0,3.25,1,8076
8.0,2657.989763,160.31,1.6,7.82,-25.43,-4.68,3.0,1,7952
8.0,2657.999767,161.37,1.62,8.35,-25.44,-7.2,1.75,1,7834
8.0,2658.009763,163.12,1.69,6.69,-25.47,-7.94,-0.0,1,7702
8.0,2658.019766,165.5,1.58,4.19,-25.53,-6.72,-2.25,1,7569
8.0,2658.029764,167.61,1.48,1.32,-25.59,-3.83,-4.5,1,7440
8.0,2658.039767,168.49,1.43,-1.87,-25.64,-0.0,-5.25,1,7315
8.0,2658.049763,168.49,1.42,-4.13,-25.7,3.83,-5.25,1,7210
8.0,2658.059764,168.05,1.5,-4.05,-25.72,6.72,-4.0,1,8076
8.0,2658.069764,166.11,1.47,-2.8,-25.66,7.94,-2.25,1,7954
8.0,2658.079766,163.74,1.42,-1.16,-25.62,7.2,0.25,1,7837
8.0,2658.089764,161.02,1.51,1.45,-25.57,4.68,2.75,1,7699
8.0,2658.099767,159.26,1.64,5.12,-25.48,1.0,3.75,1,7574
8.0,2658.109763,159.35,1.67,8.06,-25.42,-2.93,3.75,1,7446
8.0,2658.119764,160.22,1.6,9.09,-25.4,-6.13,3.0,1,7308
8.0,2658.129764,161.54,1.68,8.02,-25.43,-7.82,1.5,1,7207
8.0,2658.139763,163.74,1.68,5.77,-25.49,-7.57,-0.75,1,8076
8.0,2658.149764,165.67,1.52,3.21,-25.55,-5.45,-2.75,1,7951
8.0,2658.159767,166.55,1.44,0.22,-25.61,-1.98,-3.5,1,7834
8.0,2658.169763,166.55,1.51,-1.95,-25.66,1.98,-3.25,1,7697
8.0,2658.179766,166.11,1.59,-1.99,-25.67,5.45,-2.0,1,7569
8.0,2658.189764,164.0,1.49,-0.82,-25.61,7.57,-0.0,1,7440
8.0,2658.199763,161.63,1.48,0.83,-25.58,7.82,2.5,1,7312
8.0,2658.209763,159.08,1.6,3.56,-25.54,6.13,4.75,1,7210
8.0,2658.219764,157.41,1.71,7.12,-25.44,2.93,6.0,1,8073
8.0,2658.229763,157.15,1.73,9.88,-25.37,-1.0,6.0,1,7954
8.0,2658.239766,157.85,1.65,11.01,-25.37,-4.68,5.25,1,7837
8.0,2658.249764,159.35,1.74,10.35,-25.39,-7.2,3.75,1,7703
8.0,2658.259766,161.54,1.74,7.99,-25.44,-7.94,1.5,1,7574
8.0,2658.269763,164.18,1.6,5.38,-25.5,-6.72,-1.25,1,7446
8.0,2658.279764,166.46,1.51,2.44,-25.57,-3.83,-3.5,1,7308
8.0,2658.289767,167.78,1.43,-0.82,-25.63,-0.0,-4.75,1,7210
8.0,2658.299763,167.96,1.46,-3.43,-25.67,3.83,-4.75,1,8077
8.0,2658.309764,167.78,1.53,-3.54,-25.7,6.72,-3.75,1,7951
8.0,2658.319767,166.03,1.41,-2.6,-25.66,7.94,-2.25,1,7834
8.0,2658.329763,163.74,1.42,-1.28,-25.62,7.2,0.25,1,7697
8.0,2658.339767,161.63,1.53,1.13,-25.58,4.68,2.25,1,7571
8.0,2658.349764,159.87,1.63,4.72,-25.48,1.0,3.25,1,7440
8.0,2658.359763,160.05,1.63,7.3,-25.43,-2.93,3.25,1,7303
8.0,2658.369764,161.02,1.56,8.25,-25.42,-6.13,2.25,1,7211
8.0,2658.379764,162.69,1.65,7.32,-25.45,-7.82,0.5,1,8073
8.0,2658.389763,165.15,1.65,4.7,-25.52,-7.57,-1.75,1,7945
8.0,2658.399767,167.08,1.49,1.92,-25.57,-5.45,-4.0,1,7839
8.0,2658.409764,168.05,1.43,-1.11,-25.63,-1.98,-4.75,1,7700
8.0,2658.419766,167.96,1.48,-3.4,-25.69,1.98,-4.75,1,7574
8.0,2658.429763,167.61,1.5,-3.55,-25.7,5.45,-3.75,1,7447
8.0,2658.439764,165.94,1.4,-2.54,-25.64,7.57,-2.0,1,7309
8.0,2658.449763,163.48,1.42,-1.06,-25.62,7.82,0.5,1,7206
8.0,2658.459763,161.1,1.53,1.46,-25.57,6.13,2.75,1,8077
8.0,2658.469764,159.52,1.65,5.15,-25.47,2.93,3.75,1,7951
8.0,2658.479766,159.26,1.67,7.89,-25.41,-1.0,4.0,1,7834
8.0,2658.489763,159.96,1.59,9.06,-25.4,-4.68,3.25,1,7698
8.0,2658.499767,161.46,1.69,8.27,-25.42,-7.2,1.75,1,7571
8.0,2658.509763,163.56,1.69,5.98,-25.48,-7.94,-0.25,1,7440
8.0,2658.519763,166.29,1.53,3.5,-25.55,-6.72,-3.0,1,7304
8.0,2658.529764,168.49,1.46,0.57,-25.6,-3.83,-5.25,1,7212
8.0,2658.539767,169.63,1.42,-2.8,-25.65,-0.0,-6.5,1,8077
8.0,2658.549763,169.8,1.4,-5.3,-25.72,3.83,-6.5,1,7946
8.0,2658.559767,169.54,1.48,-5.45,-25.74,6.72,-5.25,1,7839
8.0,2658.569764,167.52,1.4,-4.4,-25.68,7.94,-3.75,1,7703
8.0,2658.579766,165.23,1.37,-2.8,-25.64,7.2,-1.25,1,7575
8.0,2658.589764,162.77,1.46,-0.15,-25.59,4.68,1.25,1,7445
8.0,2658.599764,161.1,1.58,3.55,-25.5,1.0,2.25,1,7310
8.0,2658.609763,160.84,1.6,6.27,-25.45,-2.93,2.25,1,7207
8.0,2658.619764,161.63,1.54,7.26,-25.43,-6.13,1.5,1,8082
8.0,2658.629764,163.12,1.64,6.74,-25.46,-7.82,-0.0,1,7951
8.0,2658.639766,165.23,1.63,4.34,-25.52,-7.57,-2.25,1,7834
8.0,2658.649764,167.17,1.48,1.76,-25.57,-5.45,-4.0,1,7699
8.0,2658.659767,167.96,1.43,-1.19,-25.63,-1.98,-4.75,1,7572
8.0,2658.669763,167.87,1.48,-3.3,-25.68,1.98,-4.75,1,7440
8.0,2658.679763,167.43,1.51,-3.31,-25.69,5.45,-3.5,1,7304
8.0,2658.689764,165.76,1.4,-2.34,-25.63,7.57,-1.75,1,7212
8.0,2658.699763,163.21,1.43,-0.83,-25.6,7.82,0.75,1,8073
8.0,2658.709763,160.84,1.54,1.85,-25.56,6.13,3.25,1,7949
8.0,2658.719767,158.91,1.67,5.59,-25.46,2.93,4.25,1,7831
8.0,2658.729763,158.82,1.69,8.32,-25.4,-1.0,4.5,1,7700
8.0,2658.739766,159.52,1.6,9.56,-25.38,-4.68,3.75,1,7567
8.0,2658.749764,160.93,1.7,8.79,-25.41,-7.2,2.0,1,7448
8.0,2658.759763,163.21,1.69,6.3,-25.48,-7.94,-0.0,1,7309
8.0,2658.769763,165.94,1.55,3.77,-25.54,-6.72,-2.75,1,7207
8.0,2658.779764,168.13,1.49,0.89,-25.59,-3.83,-5.25,1,8082
10.0,2660.809751,165.41,1.5,-0.84,-25.6,3.74,-2.25,1,7674
10.0,2660.819751,164.88,1.61,-0.69,-25.6,6.06,-1.0,1,7555
10.0,2660.829751,163.12,1.53,0.55,-25.54,6.06,1.0,1,7410
10.0,2660.839751,160.93,1.49,1.86,-25.51,3.74,2.75,1,7318
10.0,2660.849750,159.79,1.62,4.21,-25.47,0.0,3.25,1,8180
10.0,2660.859751,160.14,1.64,7.55,-25.38,-3.74,3.0,1,8054
10.0,2660.869751,161.37,1.59,8.18,-25.38,-6.06,1.75,1,7943
10.0,2660.879751,163.12,1.64,6.43,-25.43,-6.06,-0.25,1,7810
10.0,2660.889751,164.97,1.62,4.1,-25.48,-3.74,-1.75,1,7678
10.0,2660.899751,165.59,1.47,1.16,-25.54,-0.0,-2.5,1,7551
10.0,2660.909751,165.41,1.5,-0.93,-25.6,3.74,-2.25,1,7415
10.0,2660.919751,164.97,1.61,-0.78,-25.6,6.06,-1.0,1,7318
10.0,2660.929751,163.21,1.53,0.44,-25.54,6.06,0.75,1,8177
10.0,2660.939751,160.93,1.49,1.78,-25.51,3.74,2.5,1,8057
10.0,2660.949751,160.05,1.61,4.14,-25.47,0.0,3.25,1,7938
10.0,2660.959751,160.22,1.64,7.48,-25.38,-3.74,3.0,1,7802
10.0,2660.969751,161.46,1.59,8.12,-25.38,-6.06,1.75,1,7675
10.0,2660.979751,163.39,1.63,6.36,-25.43,-6.06,-0.25,1,7557
10.0,2660.989751,165.06,1.62,4.08,-25.48,-3.74,-1.75,1,7411
10.0,2660.999751,165.59,1.48,1.14,-25.54,0.0,-2.5,1,7318
10.0,2661.009752,165.32,1.5,-0.94,-25.6,3.74,-2.25,1,8181
10.0,2661.019751,164.97,1.61,-0.79,-25.6,6.06,-1.0,1,8054
10.0,2661.029751,163.12,1.53,0.44,-25.54,6.06,0.75,1,7935
10.0,2661.039751,160.93,1.49,1.79,-25.5,3.74,2.75,1,7810
10.0,2661.049751,159.96,1.61,4.16,-25.47,-0.0,3.25,1,7679
10.0,2661.059751,160.14,1.64,7.5,-25.38,-3.74,3.0,1,7552
10.0,2661.069751,161.46,1.59,8.14,-25.38,-6.06,1.75,1,7417
10.0,2661.079751,163.3,1.64,6.4,-25.43,-6.06,-0.25,1,7315
10.0,2661.089754,164.97,1.62,4.13,-25.48,-3.74,-1.75,1,8179
10.0,2661.099751,165.5,1.47,1.19,-25.54,-0.0,-2.5,1,8049
10.0,2661.109751,165.32,1.5,-0.9,-25.59,3.74,-2.25,1,7938
10.0,2661.119751,164.88,1.61,-0.74,-25.6,6.06,-1.0,1,7803
10.0,2661.129751,163.12,1.53,0.5,-25.54,6.06,0.75,1,7676
10.0,2661.139751,160.93,1.48,1.82,-25.5,3.74,2.75,1,7548
10.0,2661.149751,159.96,1.61,4.16,-25.47,0.0,3.25,1,7411
10.0,2661.159751,160.31,1.64,7.53,-25.38,-3.74,3.0,1,7318
10.0,2661.169752,161.28,1.59,8.17,-25.37,-6.06,1.75,1,8181
10.0,2661.179751,163.21,1.64,6.43,-25.43,-6.06,-0.0,1,8054
10.0,2661.189751,165.06,1.62,4.15,-25.48,-3.74,-1.75,1,7934
10.0,2661.199751,165.41,1.48,1.22,-25.53,-0.0,-2.5,1,7810
10.0,2661.209751,165.23,1.5,-0.89,-25.59,3.74,-2.25,1,7679
10.0,2661.219751,164.88,1.61,-0.75,-25.6,6.06,-1.0,1,7553
10.0,2661.229751,163.12,1.53,0.5,-25.54,6.06,0.75,1,7417
10.0,2661.239751,160.93,1.49,1.82,-25.5,3.74,2.75,1,7317
10.0,2661.249753,159.96,1.61,4.17,-25.47,-0.0,3.25,1,8179
10.0,2661.259751,160.22,1.64,7.54,-25.38,-3.74,3.0,1,8052
10.0,2661.269751,161.28,1.59,8.19,-25.37,-6.06,1.75,1,7940
10.0,2661.279751,163.21,1.63,6.44,-25.42,-6.06,-0.0,1,7804
10.0,2661.289751,165.06,1.62,4.17,-25.47,-3.74,-1.75,1,7675
10.0,2661.299751,165.5,1.48,1.24,-25.53,0.0,-2.25,1,7548
10.0,2661.309751,165.23,1.5,-0.88,-25.59,3.74,-2.25,1,7412
10.0,2661.319751,164.88,1.61,-0.73,-25.6,6.06,-1.0,1,7320
10.0,2661.329751,163.12,1.53,0.52,-25.53,6.06,0.75,1,8182
10.0,2661.339751,160.93,1.49,1.84,-25.5,3.74,2.75,1,8053
10.0,2661.349751,159.96,1.61,4.19,-25.47,0.0,3.25,1,7935
10.0,2661.359751,160.22,1.64,7.54,-25.37,-3.74,3.0,1,7807
10.0,2661.369751,161.28,1.59,8.2,-25.37,-6.06,1.75,1,7681
10.0,2661.379751,163.21,1.64,6.48,-25.42,-6.06,-0.0,1,7553
10.0,2661.389751,164.97,1.63,4.19,-25.47,-3.74,-1.75,1,7417
10.0,2661.399751,165.5,1.48,1.26,-25.53,-0.0,-2.25,1,7315
10.0,2661.409753,165.23,1.5,-0.86,-25.58,3.74,-2.25,1,8179
10.0,2661.419751,164.88,1.61,-0.71,-25.59,6.06,-1.0,1,8053
10.0,2661.429751,163.12,1.53,0.53,-25.53,6.06,0.75,1,7940
10.0,2661.439751,160.93,1.49,1.85,-25.49,3.74,2.75,1,7803
10.0,2661.449751,159.96,1.61,4.19,-25.46,0.0,3.25,1,7676
10.0,2661.459751,160.14,1.64,7.53,-25.37,-3.74,3.0,1,7548
10.0,2661.469751,161.46,1.59,8.2,-25.37,-6.06,1.75,1,7413
10.0,2661.479751,163.21,1.64,6.5,-25.42,-6.06,-0.0,1,7311
10.0,2661.489751,164.88,1.63,4.19,-25.47,-3.74,-1.75,1,8181
10.0,2661.499751,165.5,1.48,1.26,-25.52,0.0,-2.25,1,8054
10.0,2661.509751,165.32,1.5,-0.85,-25.58,3.74,-2.25,1,7935
10.0,2661.519751,164.97,1.61,-0.71,-25.59,6.06,-1.0,1,7758
10.0,2661.529751,163.12,1.53,0.54,-25.53,6.06,0.75,1,7681
10.0,2661.539751,161.02,1.49,1.85,-25.49,3.74,2.75,1,7553
10.0,2661.549751,159.96,1.61,4.18,-25.46,-0.0,3.25,1,7409
10.0,2661.559751,160.14,1.64,7.52,-25.37,-3.74,3.0,1,7318
10.0,2661.569752,161.37,1.59,8.19,-25.36,-6.06,1.75,1,8179
10.0,2661.579751,163.12,1.64,6.52,-25.42,-6.06,-0.0,1,8050
10.0,2661.589751,164.88,1.63,4.2,-25.47,-3.74,-1.75,1,7931
10.0,2661.599751,165.5,1.48,1.27,-25.52,-0.0,-2.25,1,7804
10.0,2661.609751,165.32,1.5,-0.85,-25.58,3.74,-2.25,1,7676
10.0,2661.619751,164.97,1.61,-0.71,-25.59,6.06,-1.0,1,7549
10.0,2661.629751,163.12,1.53,0.55,-25.53,6.06,0.75,1,7417
10.0,2661.639751,160.93,1.49,1.85,-25.49,3.74,2.75,1,8301
10.0,2661.649751,159.96,1.61,4.18,-25.46,0.0,3.25,1,8174
10.0,2661.659751,160.14,1.64,7.51,-25.37,-3.74,3.0,1,8054
10.0,2661.669751,161.37,1.59,8.19,-25.36,-6.06,1.75,1,7936
10.0,2661.679751,163.21,1.65,6.54,-25.41,-6.06,-0.0,1,7801
10.0,2661.689751,164.88,1.63,4.21,-25.47,-3.74,-1.75,1,7681
10.0,2661.699751,165.41,1.48,1.28,-25.52,-0.0,-2.25,1,7553
10.0,2661.709754,165.23,1.5,-0.85,-25.58,3.74,-2.25,1,7411
10.0,2661.719751,164.88,1.61,-0.7,-25.59,6.06,-1.0,1,8309
10.0,2661.729752,163.12,1.53,0.55,-25.53,6.06,0.75,1,8180
10.0,2661.739751,160.93,1.49,1.86,-25.49,3.74,2.75,1,8050
10.0,2661.749751,159.96,1.61,4.18,-25.45,-0.0,3.25,1,7931
10.0,2661.759751,160.22,1.64,7.49,-25.36,-3.74,3.0,1,7804
10.0,2661.769751,161.37,1.59,8.18,-25.36,-6.06,1.75,1,7678
10.0,2661.779751,163.12,1.64,6.55,-25.41,-6.06,-0.0,1,7541
10.0,2661.789751,164.88,1.63,4.21,-25.47,-3.74,-1.75,1,7416
10.0,2661.799751,165.5,1.48,1.27,-25.52,0.0,-2.25,1,8301
10.0,2661.809751,165.32,1.5,-0.85,-25.57,3.74,-2.25,1,8173
10.0,2661.819751,164.88,1.61,-0.71,-25.58,6.06,-1.0,1,8056
10.0,2661.829751,163.21,1.53,0.54,-25.52,6.06,0.75,1,7937
10.0,2661.839751,160.93,1.49,1.84,-25.49,3.74,2.75,1,7800
10.0,2661.849751,159.87,1.61,4.18,-25.45,0.0,3.25,1,7672
10.0,2661.859751,160.14,1.64,7.5,-25.36,-3.74,3.0,1,7545
10.0,2661.869754,161.19,1.59,8.18,-25.36,-6.06,1.75,1,7413
10.0,2661.879751,163.12,1.64,6.51,-25.41,-6.06,-0.0,1,8307
10.0,2661.889751,164.97,1.63,4.18,-25.46,-3.74,-1.75,1,8179
10.0,2661.899751,165.5,1.48,1.25,-25.52,-0.0,-2.25,1,8050
10.0,2661.909751,165.32,1.5,-0.86,-25.57,3.74,-2.25,1,7932
10.0,2661.919751,164.88,1.61,-0.73,-25.58,6.06,-1.0,1,7805
10.0,2661.929751,163.04,1.53,0.52,-25.52,6.06,0.75,1,7678
10.0,2661.939751,160.93,1.49,1.83,-25.48,3.74,2.75,1,7540
10.0,2661.949751,159.87,1.61,4.17,-25.45,0.0,3.25,1,7417
10.0,2661.959751,160.14,1.64,7.52,-25.36,-3.74,3.0,1,8301
10.0,2661.969751,161.46,1.59,8.18,-25.36,-6.06,1.75,1,8175
10.0,2661.979751,163.21,1.64,6.48,-25.41,-6.06,-0.0,1,8056
10.0,2661.989751,164.88,1.63,4.18,-25.46,-3.74,-1.75,1,7936
10.0,2661.999767,165.5,1.48,1.25,-25.51,-0.0,-2.25,1,7817
10.0,2662.009763,165.32,1.5,-0.86,-25.57,3.74,-2.25,1,7686
10.0,2662.019764,164.88,1.62,-0.73,-25.58,6.06,-1.0,1,7562
10.0,2662.029766,163.04,1.54,0.52,-25.52,6.06,0.75,1,7425
10.0,2662.039764,160.93,1.49,1.83,-25.48,3.74,2.75,1,8319
10.0,2662.049768,159.96,1.62,4.17,-25.45,0.0,3.25,1,8196
10.0,2662.059763,160.14,1.64,7.52,-25.36,-3.74,3.0,1,8064
10.0,2662.069764,161.37,1.59,8.19,-25.35,-6.06,1.75,1,7946
10.0,2662.079763,163.21,1.64,6.5,-25.41,-6.06,-0.0,1,7817
10.0,2662.089764,164.97,1.63,4.2,-25.46,-3.74,-1.75,1,7691
10.0,2662.099767,165.5,1.48,1.27,-25.51,-0.0,-2.25,1,7561
10.0,2662.109766,165.32,1.5,-0.86,-25.57,3.74,-2.25,1,7430
10.0,2662.119764,164.97,1.62,-0.72,-25.58,6.06,-1.0,1,8315
10.0,2662.129766,163.12,1.54,0.53,-25.52,6.06,0.75,1,8190
10.0,2662.139764,160.93,1.49,1.84,-25.48,3.74,2.75,1,8061
10.0,2662.149767,159.87,1.61,4.17,-25.45,0.0,3.25,1,7954
10.0,2662.159763,160.05,1.64,7.51,-25.36,-3.74,3.0,1,7813
10.0,2662.169764,161.37,1.59,8.19,-25.35,-6.06,1.75,1,7687
10.0,2662.179763,163.21,1.64,6.5,-25.4,-6.06,-0.0,1,7560
10.0,2662.189767,164.97,1.63,4.19,-25.46,-3.74,-1.75,1,7426
10.0,2662.199767,165.5,1.48,1.26,-25.51,-0.0,-2.25,1,8323
10.0,2662.209763,165.32,1.5,-0.87,-25.57,3.74,-2.25,1,8192
10.0,2662.219764,164.88,1.62,-0.73,-25.58,6.06,-1.0,1,8065
10.0,2662.229763,163.12,1.54,0.52,-25.52,6.06,0.75,1,7945
10.0,2662.239764,160.93,1.49,1.83,-25.48,3.74,2.75,1,7813
10.0,2662.249767,159.87,1.61,4.16,-25.44,0.0,3.25,1,7694
10.0,2662.259763,160.14,1.64,7.51,-25.35,-3.74,3.0,1,7554
10.0,2662.269767,161.28,1.59,8.19,-25.35,-6.06,1.75,1,7431
10.0,2662.279763,163.21,1.64,6.48,-25.4,-6.06,-0.0,1,8315
10.0,2662.289767,164.79,1.63,4.19,-25.45,-3.74,-1.75,1,8192
10.0,2662.299767,165.41,1.48,1.26,-25.51,-0.0,-2.25,1,8064
10.0,2662.309763,165.32,1.5,-0.87,-25.56,3.74,-2.25,1,7950
10.0,2662.319764,164.79,1.61,-0.74,-25.57,6.06,-1.0,1,7814
10.0,2662.329763,163.12,1.54,0.52,-25.51,6.06,0.75,1,7686
10.0,2662.339764,160.93,1.49,1.82,-25.47,3.74,2.75,1,7551
10.0,2662.349771,159.96,1.61,4.15,-25.44,0.0,3.25,1,7430
10.0,2662.359763,160.14,1.64,7.51,-25.35,-3.74,3.0,1,8311
10.0,2662.369764,161.37,1.59,8.18,-25.35,-6.06,1.75,1,8193
10.0,2662.379763,163.12,1.64,6.49,-25.4,-6.06,-0.0,1,8065
10.0,2662.389764,164.88,1.63,4.19,-25.45,-3.74,-1.75,1,7947
10.0,2662.399765,165.5,1.48,1.27,-25.51,0.0,-2.25,1,7814
10.0,2662.409763,165.32,1.5,-0.86,-25.56,3.74,-2.25,1,7691
10.0,2662.419764,164.79,1.62,-0.73,-25.57,6.06,-1.0,1,7556
10.0,2662.429766,163.12,1.54,0.53,-25.51,6.06,0.75,1,7430
10.0,2662.439764,160.93,1.49,1.83,-25.47,3.74,2.75,1,8316
10.0,2662.449770,159.87,1.61,4.16,-25.44,0.0,3.25,1,8195
10.0,2662.459763,160.22,1.64,7.5,-25.35,-3.74,3.0,1,8062
10.0,2662.469764,161.28,1.59,8.18,-25.35,-6.06,1.75,1,7943
10.0,2662.479763,163.21,1.64,6.52,-25.4,-6.06,-0.0,1,7814
10.0,2662.489764,164.88,1.63,4.21,-25.45,-3.74,-1.75,1,7688
10.0,2662.499767,165.59,1.48,1.28,-25.5,-0.0,-2.25,1,7554
10.0,2662.509766,165.32,1.5,-0.86,-25.56,3.74,-2.25,1,7426
10.0,2662.519764,164.88,1.61,-0.72,-25.57,6.06,-1.0,1,8312
10.0,2662.529763,163.12,1.54,0.54,-25.51,6.06,0.75,1,8191
10.0,2662.539764,161.02,1.49,1.84,-25.47,3.74,2.75,1,8066
10.0,2662.549768,159.87,1.61,4.16,-25.44,0.0,3.25,1,7950
10.0,2662.559763,160.14,1.64,7.48,-25.35,-3.74,3.0,1,7811
10.0,2662.569764,161.37,1.59,8.17,-25.34,-6.06,1.75,1,7684
10.0,2662.579763,163.04,1.64,6.53,-25.4,-6.06,-0.0,1,7555
10.0,2662.589767,164.88,1.63,4.21,-25.45,-3.74,-1.75,1,7431
10.0,2662.599767,165.5,1.48,1.28,-25.5,-0.0,-2.25,1,8319
10.0,2662.609766,165.23,1.5,-0.85,-25.56,3.74,-2.25,1,8191
10.0,2662.619764,164.88,1.61,-0.71,-25.57,6.06,-1.0,1,8065
10.0,2662.629763,163.12,1.54,0.54,-25.51,6.06,0.75,1,7942
10.0,2662.639764,160.93,1.49,1.84,-25.47,3.74,2.75,1,7815
10.0,2662.649767,159.96,1.61,4.16,-25.44,0.0,3.25,1,7691
10.0,2662.659763,160.22,1.64,7.46,-25.35,-3.74,3.0,1,7551
10.0,2662.669767,161.28,1.6,8.16,-25.34,-6.06,1.75,1,7427
10.0,2662.679763,163.21,1.65,6.55,-25.39,-6.06,-0.0,1,8311
10.0,2662.689763,164.88,1.63,4.21,-25.45,-3.74,-1.75,1,8184
10.0,2662.699767,165.59,1.48,1.28,-25.5,-0.0,-2.25,1,8069
10.0,2662.709763,165.23,1.5,-0.84,-25.56,3.74,-2.25,1,7946
10.0,2662.719764,164.79,1.62,-0.71,-25.57,6.06,-1.0,1,7811
10.0,2662.729763,163.04,1.54,0.53,-25.51,6.06,0.75,1,7683
10.0,2662.739764,160.93,1.49,1.83,-25.47,3.74,2.75,1,7557
10.0,2662.749770,159.87,1.61,4.15,-25.44,0.0,3.25,1,7435
10.0,2662.759763,160.14,1.64,7.47,-25.35,-3.74,3.0,1,8316
10.0,2662.769764,161.37,1.59,8.16,-25.34,-6.06,1.75,1,8189
10.0,2662.779763,163.12,1.64,6.54,-25.39,-6.06,-0.0,1,8072
10.0,2662.789764,164.88,1.63,4.2,-25.45,-3.74,-1.75,1,7943
10.0,2662.799767,165.5,1.48,1.28,-25.5,-0.0,-2.25,1,7822
10.0,2662.809763,165.32,1.5,-0.85,-25.56,3.74,-2.25,1,7687
10.0,2662.819764,164.79,1.62,-0.73,-25.56,6.06,-1.0,1,7552
10.0,2662.829766,163.04,1.54,0.53,-25.51,6.06,0.75,1,7427
10.0,2662.839764,160.93,1.49,1.83,-25.47,3.74,2.75,1,8313
10.0,2662.849767,159.96,1.61,4.15,-25.43,0.0,3.25,1,8188
10.0,2662.859763,160.22,1.64,7.48,-25.35,-3.74,3.0,1,8075
10.0,2662.869764,161.28,1.59,8.17,-25.34,-6.06,1.75,1,7948
10.0,2662.879763,163.12,1.64,6.53,-25.39,-6.06,-0.0,1,7814
10.0,2662.889764,164.88,1.63,4.21,-25.45,-3.74,-1.75,1,7684
10.0,2662.899770,165.5,1.48,1.27,-25.5,-0.0,-2.25,1,7563
10.0,2662.909766,165.32,1.5,-0.86,-25.55,3.74,-2.25,1,7440
10.0,2662.919764,164.88,1.62,-0.73,-25.56,6.06,-1.0,1,8317
10.0,2662.929763,163.12,1.54,0.53,-25.5,6.06,0.75,1,8189
10.0,2662.939764,160.93,1.49,1.83,-25.46,3.74,2.75,1,8071
10.0,2662.949766,159.96,1.61,4.15,-25.43,-0.0,3.25,1,7945
10.0,2662.959763,160.14,1.64,7.47,-25.34,-3.74,3.0,1,7815
10.0,2662.969764,161.28,1.59,8.16,-25.34,-6.06,1.75,1,7689
10.0,2662.979763,163.12,1.64,6.53,-25.39,-6.06,-0.0,1,7555
10.0,2662.989767,164.88,1.63,4.21,-25.44,-3.74,-1.75,1,7437
10.0,2662.999767,165.5,1.48,1.28,-25.5,-0.0,-2.25,1,8316
10.0,2663.009764,165.32,1.5,-0.86,-25.55,3.74,-2.25,1,8185
10.0,2663.019764,164.88,1.61,-0.73,-25.56,6.06,-1.0,1,8067
10.0,2663.029763,163.12,1.54,0.53,-25.5,6.06,0.75,1,7947
10.0,2663.039764,160.93,1.49,1.83,-25.46,3.74,2.75,1,7812
10.0,2663.049767,159.87,1.61,4.15,-25.43,0.0,3.25,1,7687
10.0,2663.059763,160.14,1.64,7.48,-25.34,-3.74,3.0,1,7548
10.0,2663.069767,161.37,1.59,8.16,-25.34,-6.06,1.75,1,7433
10.0,2663.079763,163.21,1.64,6.52,-25.39,-6.06,-0.0,1,8308
10.0,2663.089764,164.88,1.63,4.21,-25.44,-3.74,-1.75,1,8190
10.0,2663.099767,165.5,1.48,1.28,-25.49,-0.0,-2.25,1,8074
10.0,2663.109763,165.32,1.5,-0.85,-25.55,3.74,-2.25,1,7943
10.0,2663.119764,164.79,1.62,-0.73,-25.56,6.06,-1.0,1,7817
10.0,2663.129763,163.12,1.54,0.53,-25.5,6.06,0.75,1,7688
10.0,2663.139764,160.93,1.49,1.83,-25.46,3.74,2.75,1,7556
10.0,2663.149771,159.87,1.61,4.14,-25.43,0.0,3.25,1,7441
10.0,2663.159763,160.14,1.64,7.47,-25.34,-3.74,3.0,1,8312
10.0,2663.169766,161.37,1.59,8.16,-25.33,-6.06,1.75,1,8188
10.0,2663.179763,163.21,1.64,6.53,-25.39,-6.06,-0.0,1,8066
10.0,2663.189764,164.97,1.63,4.21,-25.44,-3.74,-1.75,1,7948
10.0,2663.199765,165.5,1.48,1.28,-25.49,0.0,-2.25,1,7814
10.0,2663.209763,165.32,1.5,-0.85,-25.55,3.74,-2.25,1,7684
10.0,2663.219766,164.79,1.61,-0.73,-25.56,6.06,-1.0,1,7551
10.0,2663.229766,163.04,1.53,0.53,-25.5,6.06,0.75,1,7458
10.0,2663.239764,160.93,1.49,1.83,-25.46,3.74,2.75,1,8318
10.0,2663.249767,160.05,1.61,4.14,-25.43,0.0,3.25,1,8193
10.0,2663.259763,160.14,1.64,7.47,-25.34,-3.74,3.0,1,8072
10.0,2663.269764,161.28,1.59,8.16,-25.33,-6.06,1.75,1,7944
10.0,2663.279763,163.12,1.64,6.52,-25.38,-6.06,-0.0,1,7807
10.0,2663.289764,164.88,1.63,4.2,-25.44,-3.74,-1.75,1,7689
10.0,2663.299769,165.59,1.48,1.27,-25.49,0.0,-2.25,1,7557
10.0,2663.309766,165.23,1.5,-0.86,-25.55,3.74,-2.25,1,7454
10.0,2663.319764,164.88,1.62,-0.74,-25.55,6.06,-1.0,1,8314
10.0,2663.329764,163.12,1.54,0.52,-25.5,6.06,0.75,1,8185
10.0,2663.339764,160.93,1.49,1.82,-25.46,3.74,2.75,1,8067
10.0,2663.349767,159.87,1.61,4.14,-25.42,0.0,3.25,1,7935
10.0,2663.359763,160.14,1.64,7.47,-25.34,-3.74,3.0,1,7812
10.0,2663.369764,161.37,1.59,8.16,-25.33,-6.06,1.75,1,7685
10.0,2663.379765,163.21,1.64,6.51,-25.38,-6.06,-0.0,1,7549
10.0,2663.389767,164.97,1.63,4.2,-25.44,-3.74,-1.75,1,7460
10.0,2663.399767,165.5,1.48,1.28,-25.49,-0.0,-2.25,1,8313
10.0,2663.409763,165.23,1.5,-0.86,-25.54,3.74,-2.25,1,8190
10.0,2663.419764,164.88,1.62,-0.74,-25.55,6.06,-1.0,1,8072
10.0,2663.429763,163.12,1.54,0.52,-25.49,6.06,0.75,1,7935
10.0,2663.439764,160.93,1.49,1.82,-25.45,3.74,2.75,1,7809
10.0,2663.449766,159.96,1.61,4.13,-25.42,-0.0,3.25,1,7691
10.0,2663.459766,160.14,1.64,7.47,-25.33,-3.74,3.0,1,7556
10.0,2663.469768,161.37,1.59,8.16,-25.33,-6.06,1.75,1,7455
10.0,2663.479763,163.21,1.64,6.51,-25.38,-6.06,-0.0,1,8313
10.0,2663.489764,164.79,1.63,4.2,-25.43,-3.74,-1.75,1,8187
10.0,2663.499767,165.5,1.48,1.28,-25.49,-0.0,-2.25,1,8071
10.0,2663.509763,165.32,1.5,-0.86,-25.54,3.74,-2.25,1,7931
10.0,2663.519764,164.88,1.62,-0.74,-25.55,6.06,-1.0,1,7813
10.0,2663.529763,163.12,1.54,0.53,-25.49,6.06,0.75,1,7685
10.0,2663.539765,160.93,1.49,1.82,-25.45,3.74,2.75,1,7551
10.0,2663.549771,159.87,1.61,4.13,-25.42,0.0,3.25,1,7464
10.0,2663.559763,160.22,1.64,7.48,-25.33,-3.74,3.0,1,8309
10.0,2663.569764,161.37,1.59,8.17,-25.33,-6.06,1.75,1,8191
10.0,2663.579763,163.04,1.64,6.53,-25.38,-6.06,-0.0,1,8072
10.0,2663.589764,164.88,1.63,4.22,-25.43,-3.74,-1.75,1,7936
10.0,2663.599767,165.5,1.48,1.3,-25.48,-0.0,-2.25,1,7812
10.0,2663.609763,165.23,1.5,-0.83,-25.54,3.74,-2.25,1,7680
10.0,2663.619767,164.88,1.62,-0.72,-25.55,6.06,-1.0,1,7557
10.0,2663.629766,163.12,1.54,0.54,-25.49,6.06,0.75,1,7455
10.0,2663.639764,161.02,1.49,1.84,-25.45,3.74,2.75,1,8315
10.0,2663.649767,159.87,1.61,4.14,-25.42,0.0,3.25,1,8190
10.0,2663.659763,160.22,1.64,7.44,-25.33,-3.74,3.0,1,8067
10.0,2663.669764,161.37,1.59,8.15,-25.32,-6.06,1.75,1,7932
10.0,2663.679763,163.12,1.65,6.57,-25.38,-6.06,-0.0,1,7812
10.0,2663.689764,164.88,1.63,4.23,-25.43,-3.74,-1.75,1,7686
10.0,2663.699769,165.5,1.48,1.3,-25.48,0.0,-2.25,1,7554
10.0,2663.709766,165.32,1.5,-0.83,-25.54,3.74,-2.25,1,7459
10.0,2663.719764,164.79,1.62,-0.7,-25.55,6.06,-1.0,1,8311
10.0,2663.729763,163.12,1.54,0.55,-25.49,6.06,1.0,1,8182
10.0,2663.739764,161.02,1.49,1.85,-25.45,3.74,2.75,1,8073
10.0,2663.749767,159.96,1.61,4.15,-25.42,0.0,3.25,1,7939
10.0,2663.759763,160.22,1.64,7.43,-25.33,-3.74,3.0,1,7808
10.0,2663.769764,161.37,1.59,8.11,-25.33,-6.06,1.75,1,7681
10.0,2663.779766,163.21,1.65,6.5,-25.38,-6.06,-0.25,1,7548
10.0,2663.789767,164.97,1.63,4.14,-25.43,-3.74,-1.75,1,7456
10.0,2663.799765,165.59,1.47,1.2,-25.48,0.0,-2.5,1,8316
10.0,2663.809763,165.41,1.5,-0.93,-25.54,3.74,-2.25,1,8186
10.0,2663.819764,164.97,1.62,-0.84,-25.55,6.06,-1.25,1,8069
10.0,2663.829763,163.21,1.54,0.37,-25.49,6.06,0.75,1,7931
10.0,2663.839764,161.02,1.49,1.68,-25.45,3.74,2.5,1,7814
10.0,2663.849767,159.96,1.61,4.01,-25.42,0.0,3.25,1,7690
10.0,2663.859766,160.31,1.64,7.4,-25.33,-3.74,2.75,1,7552
10.0,2663.869768,161.46,1.59,8.06,-25.32,-6.06,1.75,1,7452
10.0,2663.879763,163.3,1.63,6.29,-25.38,-6.06,-0.25,1,8310
10.0,2663.889764,165.23,1.62,3.97,-25.43,-3.74,-2.0,1,8183
10.0,2663.899767,165.76,1.47,1.07,-25.49,-0.0,-2.75,1,8079
10.0,2663.909763,165.59,1.5,-1.0,-25.55,3.74,-2.25,1,7936
10.0,2663.919764,165.06,1.62,-0.94,-25.55,6.06,-1.25,1,7811
10.0,2663.929764,163.21,1.54,0.28,-25.48,6.06,0.75,1,7682
10.0,2663.939767,161.02,1.49,1.68,-25.45,3.74,2.5,1,7549
10.0,2663.949769,159.96,1.62,4.1,-25.42,-0.0,3.25,1,7457
10.0,2663.959763,160.22,1.64,7.47,-25.33,-3.74,3.0,1,8314
10.0,2663.969764,161.37,1.58,8.14,-25.32,-6.06,1.75,1,8188
10.0,2663.979763,163.12,1.64,6.39,-25.37,-6.06,-0.25,1,8068
10.0,2663.989764,164.88,1.63,4.18,-25.42,-3.74,-1.75,1,7933
10.0,2663.999767,165.5,1.48,1.24,-25.48,-0.0,-2.5,1,7817
10.0,2664.009763,165.32,1.5,-0.88,-25.54,3.74,-2.25,1,7686
10.0,2664.019767,164.88,1.62,-0.79,-25.55,6.06,-1.0,1,7553
10.0,2664.029766,163.21,1.54,0.45,-25.49,6.06,0.75,1,7451
10.0,2664.039764,160.93,1.49,1.74,-25.45,3.74,2.5,1,8311
10.0,2664.049768,160.05,1.61,4.03,-25.42,0.0,3.25,1,8188
10.0,2664.059763,160.31,1.64,7.41,-25.33,-3.74,2.75,1,8064
10.0,2664.069764,161.37,1.59,8.07,-25.32,-6.06,1.75,1,7937
10.0,2664.079763,163.3,1.64,6.33,-25.37,-6.06,-0.25,1,7811
10.0,2664.089765,165.15,1.62,4.05,-25.42,-3.74,-2.0,1,7684
10.0,2664.099770,165.67,1.47,1.13,-25.48,-0.0,-2.5,1,7552
10.0,2664.109766,165.5,1.5,-0.98,-25.54,3.74,-2.25,1,7456
10.0,2664.119764,164.97,1.62,-0.9,-25.55,6.06,-1.25,1,8315
10.0,2664.129763,163.12,1.54,0.36,-25.48,6.06,0.75,1,8187
10.0,2664.139764,160.93,1.49,1.73,-25.45,3.74,2.5,1,8070
10.0,2664.149766,159.96,1.62,4.1,-25.42,-0.0,3.25,1,7934
10.0,2664.159763,160.22,1.64,7.49,-25.32,-3.74,3.0,1,7813
10.0,2664.169764,161.28,1.59,8.14,-25.32,-6.06,1.75,1,7687
10.0,2664.179766,163.21,1.63,6.4,-25.37,-6.06,-0.25,1,7553
10.0,2664.189767,164.88,1.63,4.19,-25.42,-3.74,-1.75,1,7453
10.0,2664.199765,165.5,1.48,1.25,-25.48,0.0,-2.5,1,8312
10.0,2664.209763,165.32,1.5,-0.89,-25.53,3.74,-2.25,1,8183
10.0,2664.219764,164.88,1.62,-0.79,-25.54,6.06,-1.0,1,8065
10.0,2664.229763,163.21,1.54,0.44,-25.48,6.06,0.75,1,7928
10.0,2664.239764,161.02,1.49,1.73,-25.44,3.74,2.5,1,7811
10.0,2664.249768,160.05,1.61,4.02,-25.41,0.0,3.25,1,7686
10.0,2664.259763,160.31,1.64,7.39,-25.32,-3.74,2.75,1,7545
10.0,2664.269767,161.37,1.59,8.05,-25.32,-6.06,1.75,1,8446
10.0,2664.279763,163.3,1.64,6.32,-25.37,-6.06,-0.25,1,8306
10.0,2664.289763,165.06,1.62,4.03,-25.42,-3.74,-2.0,1,8188
10.0,2664.299765,165.67,1.47,1.12,-25.48,0.0,-2.75,1,8071
10.0,2664.309766,165.5,1.5,-0.98,-25.54,3.74,-2.25,1,7934
10.0,2664.319764,164.97,1.62,-0.92,-25.54,6.06,-1.25,1,7806
10.0,2664.329763,163.12,1.54,0.33,-25.48,6.06,0.75,1,7686
10.0,2664.339764,160.93,1.49,1.7,-25.44,3.74,2.5,1,7554
10.0,2664.349771,160.05,1.62,4.08,-25.41,0.0,3.25,1,8445
10.0,2664.359763,160.22,1.64,7.48,-25.32,-3.74,3.0,1,8311
10.0,2664.369764,161.46,1.59,8.13,-25.31,-6.06,1.75,1,8184
10.0,2664.379763,163.21,1.63,6.39,-25.37,-6.06,-0.25,1,8065
10.0,2664.389764,164.88,1.63,4.19,-25.42,-3.74,-1.75,1,7929
10.0,2664.399767,165.5,1.48,1.24,-25.47,-0.0,-2.5,1,7813
10.0,2664.409763,165.32,1.5,-0.89,-25.53,3.74,-2.25,1,7674
10.0,2664.419764,164.97,1.62,-0.8,-25.54,6.06,-1.0,1,7547
10.0,2664.429766,163.3,1.54,0.44,-25.48,6.06,0.75,1,8446
10.0,2664.439764,161.02,1.49,1.72,-25.44,3.74,2.5,1,8308
10.0,2664.449767,159.96,1.61,4.0,-25.41,0.0,3.25,1,8192
10.0,2664.459763,160.31,1.64,7.37,-25.32,-3.74,2.75,1,8069
10.0,2664.469765,161.46,1.59,8.04,-25.32,-6.06,1.75,1,7935
10.0,2664.479763,163.3,1.64,6.31,-25.37,-6.06,-0.25,1,7805
10.0,2664.489764,165.15,1.62,4.01,-25.42,-3.74,-2.0,1,7679
10.0,2664.499767,165.76,1.47,1.1,-25.48,-0.0,-2.75,1,7554
10.0,2664.509766,165.5,1.5,-1.0,-25.53,3.74,-2.25,1,8441
10.0,2664.519764,164.97,1.62,-0.93,-25.54,6.06,-1.25,1,8312
10.0,2664.529763,163.21,1.54,0.3,-25.47,6.06,0.75,1,8183
10.0,2664.539764,160.93,1.49,1.69,-25.44,3.74,2.5,1,8066
10.0,2664.549768,160.05,1.62,4.07,-25.41,0.0,3.25,1,7932
10.0,2664.559763,160.14,1.64,7.47,-25.32,-3.74,3.0,1,7810
10.0,2664.569765,161.28,1.59,8.13,-25.31,-6.06,1.75,1,7676
10.0,2664.579763,163.12,1.63,6.39,-25.36,-6.06,-0.25,1,7549
10.0,2664.589767,165.06,1.63,4.19,-25.41,-3.74,-1.75,1,8438
10.0,2664.599767,165.5,1.48,1.25,-25.47,-0.0,-2.5,1,8311
10.0,2664.609763,165.41,1.5,-0.88,-25.53,3.74,-2.25,1,8188
10.0,2664.619764,164.97,1.62,-0.8,-25.53,6.06,-1.0,1,8070
10.0,2664.629764,163.21,1.54,0.44,-25.47,6.06,0.75,1,7934
10.0,2664.639764,160.93,1.49,1.73,-25.44,3.74,2.5,1,7810
10.0,2664.649766,160.05,1.61,4.0,-25.41,-0.0,3.25,1,7680
10.0,2664.659763,160.31,1.64,7.38,-25.32,-3.74,2.75,1,7552
10.0,2664.669767,161.46,1.59,8.05,-25.31,-6.06,1.75,1,8443
10.0,2664.679763,163.3,1.64,6.32,-25.36,-6.06,-0.25,1,8311
10.0,2664.689763,165.06,1.62,4.03,-25.41,-3.74,-2.0,1,8184
10.0,2664.699765,165.67,1.47,1.12,-25.47,0.0,-2.75,1,8067
10.0,2664.709766,165.5,1.5,-0.98,-25.53,3.74,-2.25,1,7931
10.0,2664.719764,165.06,1.62,-0.92,-25.54,6.06,-1.25,1,7803
10.0,2664.729763,163.21,1.54,0.33,-25.47,6.06,0.75,1,7674
10.0,2664.739764,161.1,1.49,1.68,-25.43,3.74,2.5,1,7551
10.0,2664.749771,160.05,1.62,4.01,-25.41,0.0,3.25,1,8443
10.0,2664.759763,160.31,1.64,7.4,-25.32,-3.74,2.75,1,8307
10.0,2664.769764,161.46,1.59,8.07,-25.31,-6.06,1.75,1,8181
10.0,2664.779763,163.39,1.64,6.29,-25.36,-6.06,-0.25,1,8069
10.0,2664.789765,165.23,1.63,3.99,-25.41,-3.74,-2.0,1,7935
